OBJECTID,UIDENTSTLA,ULAND,UREGBEZ,UKREIS,UGEMEINDE,UJAHR,UMONAT,USTUNDE,UWOCHENTAG,UKATEGORIE,UART,UTYP1,IstRad,IstPKW,IstFuss,IstKrad,IstSonstig,LICHT,STRZUSTAND,LINREFX,LINREFY,XGCSWGS84,YGCSWGS84
145397,6.17121E+18,6,4,36,6,2017,12,7,3,3,6,4,0,1,1,0,0,1,1,4.54243E+20,5.54039E+21,8.36135E+15,5.00141E+16
145398,6.17121E+18,6,4,35,10,2017,12,7,3,2,0,3,1,1,0,0,0,2,1,5.12266E+20,5.56149E+21,9.17188E+15,5.02055E+16
145399,6.17121E+18,6,4,32,18,2017,12,17,3,3,6,7,0,1,1,0,0,1,1,4.70803E+20,5.51757E+21,8.5942E+15,4.98098E+16
145400,6.17121E+18,6,4,31,13,2017,12,17,3,3,5,2,1,0,0,0,1,2,0,4.62919E+20,5.49417E+21,8.48685E+15,4.9599E+16
145401,6.17121E+18,6,4,33,10,2017,12,8,3,3,5,2,0,1,0,0,1,0,1,4.62907E+20,5.54253E+21,8.48206E+15,5.00339E+16
145402,6.17121E+18,6,4,35,14,2017,12,10,3,3,5,3,1,1,0,0,0,0,1,4.93663E+20,5.55337E+21,8.91133E+15,5.01325E+16
145403,6.1712E+18,6,4,35,17,2017,12,17,2,3,1,5,1,1,0,0,0,2,1,5.0291E+20,5.55838E+21,9.04076E+15,5.01776E+16
145404,6.1712E+18,6,6,34,9,2017,12,10,2,3,6,7,0,1,1,0,0,0,1,5.28107E+20,5.65348E+21,9.40084E+15,5.10322E+16
145405,6.1712E+18,6,6,32,2,2017,12,17,2,3,2,6,0,1,0,0,0,2,1,5.50625E+20,5.63507E+21,9.71938E+15,5.08651E+16
145406,6.1712E+18,6,5,33,9,2017,12,18,2,3,5,3,0,1,0,0,0,2,1,4.3291E+20,5.58232E+21,8.05621E+15,5.03891E+16
145407,6.1712E+18,6,4,13,0,2017,12,17,2,3,2,6,0,1,0,0,0,1,0,4.83115E+20,5.55042E+21,8.76388E+15,5.01058E+16
145408,6.1712E+18,6,4,12,0,2017,12,10,2,3,0,7,1,1,0,0,0,0,1,4.75114E+20,5.55467E+21,8.65172E+15,5.01437E+16
145409,6.1712E+18,6,4,12,0,2017,12,21,2,3,6,6,0,1,1,0,0,2,1,4.77839E+20,5.54829E+21,8.69022E+15,5.00865E+16
145410,6.1712E+18,6,4,12,0,2017,12,15,2,3,2,6,0,1,0,0,0,0,1,4.76237E+20,5.5512E+21,8.66765E+15,5.01125E+16
145411,6.1712E+18,6,4,12,0,2017,12,13,2,3,2,6,0,1,0,0,1,0,0,4.76529E+20,5.55129E+21,8.67173E+15,5.01134E+16
145412,6.1712E+18,6,4,32,23,2017,12,15,2,3,5,3,0,1,0,0,0,0,0,4.69958E+20,5.52778E+21,8.58166E+15,4.99016E+16
145413,6.1712E+18,6,4,37,6,2017,12,17,2,3,6,4,0,1,1,0,0,2,1,4.99326E+20,5.50088E+21,8.99066E+15,4.96605E+16
145414,6.1712E+18,6,4,11,0,2017,12,16,2,3,3,6,1,1,0,0,0,1,0,4.73812E+20,5.52524E+21,8.6355E+15,4.9879E+16
145415,6.1712E+18,6,6,32,3,2017,12,11,2,3,0,7,0,1,0,0,0,0,1,5.56921E+20,5.64537E+21,9.81046E+15,5.09571E+16
145416,6.1712E+18,6,6,35,11,2017,12,22,2,3,5,3,0,1,0,0,0,2,1,4.8476E+20,5.65654E+21,8.78253E+15,5.10602E+16
145417,6.1712E+18,6,4,34,7,2017,12,20,2,3,6,2,0,1,1,0,0,2,1,4.6482E+20,5.57213E+21,8.50604E+15,5.03002E+16
145418,6.1712E+18,6,4,34,8,2017,12,17,2,3,5,2,1,1,0,0,0,2,1,4.70614E+20,5.5608E+21,8.58826E+15,5.01987E+16
145419,6.1712E+18,6,4,40,3,2017,12,17,2,3,2,6,0,1,0,0,0,2,1,4.81272E+20,5.55912E+21,8.73768E+15,5.0184E+16
145420,6.1712E+18,6,4,38,1,2017,12,10,2,3,6,7,0,1,1,0,0,0,1,4.84354E+20,5.53953E+21,8.78165E+15,5.00079E+16
145421,6.1712E+18,6,4,32,18,2017,12,16,2,3,5,3,0,1,0,0,0,0,1,4.70598E+20,5.51736E+21,8.59136E+15,4.9808E+16
145422,6.1712E+18,6,4,32,19,2017,12,9,2,3,5,3,1,1,0,0,0,0,1,4.8804E+20,5.52002E+21,8.8337E+15,4.98325E+16
145423,6.1712E+18,6,4,32,8,2017,12,16,2,2,5,3,1,1,0,0,0,2,1,4.68418E+20,5.52343E+21,8.56058E+15,4.98625E+16
145424,6.1712E+18,6,4,33,10,2017,12,18,2,3,6,4,0,1,1,0,0,2,1,4.59493E+20,5.53978E+21,8.43469E+15,5.0009E+16
145425,6.1712E+18,6,4,33,6,2017,12,16,2,3,2,6,0,1,0,0,0,0,0,4.62118E+20,5.53013E+21,8.47226E+15,4.99223E+16
145426,6.1712E+18,6,4,33,6,2017,12,8,2,3,2,6,0,1,0,0,1,0,2,4.61887E+20,5.53073E+21,8.46899E+15,4.99277E+16
145427,6.1712E+18,6,4,33,3,2017,12,12,2,3,8,1,0,0,0,1,0,0,1,4.6445E+20,5.52813E+21,8.50494E+15,4.99045E+16
145428,6.1712E+18,6,6,31,9,2017,12,7,2,2,6,4,0,1,1,0,0,1,1,5.49219E+20,5.60146E+21,9.69493E+15,5.0563E+16
145429,6.1712E+18,6,6,31,9,2017,12,10,2,3,5,3,0,1,0,0,1,0,1,5.48235E+20,5.60009E+21,9.68085E+15,5.05507E+16
145430,6.1712E+18,6,4,35,14,2017,12,15,1,3,2,1,0,1,0,0,1,0,2,4.94763E+20,5.5546E+21,8.9267E+15,5.01436E+16
145431,6.1712E+18,6,4,13,0,2017,12,1,1,3,5,3,0,1,0,0,0,2,2,4.82181E+20,5.55071E+21,8.7508E+15,5.01083E+16
145432,6.1712E+18,6,4,13,0,2017,12,13,1,3,2,6,0,1,0,0,0,0,2,4.83489E+20,5.55039E+21,8.76912E+15,5.01055E+16
145433,6.1712E+18,6,4,12,0,2017,12,10,1,3,5,3,0,1,0,0,0,0,1,4.77085E+20,5.55018E+21,8.67957E+15,5.01034E+16
145434,6.1712E+18,6,4,37,6,2017,12,22,1,3,4,6,0,1,0,0,0,2,1,4.99912E+20,5.5019E+21,8.99878E+15,4.96696E+16
145435,6.1712E+18,6,4,31,17,2017,12,14,1,3,6,1,0,1,1,0,0,0,2,4.7973E+20,5.49598E+21,8.7194E+15,4.9616E+16
145436,6.1712E+18,6,5,35,1,2017,12,22,1,3,8,1,0,1,0,0,0,2,2,5.19655E+20,5.62249E+21,9.27863E+15,5.07538E+16
145437,6.1712E+18,6,6,31,2,2017,12,1,1,3,1,1,0,1,0,0,0,2,1,5.51143E+20,5.61633E+21,9.72414E+15,5.06965E+16
145438,6.1712E+18,6,5,32,21,2017,12,0,1,3,1,5,0,1,0,0,0,2,0,4.57439E+20,5.59918E+21,8.39934E+15,5.0543E+16
145439,6.1712E+18,6,5,31,5,2017,12,17,7,3,2,6,0,1,0,0,0,2,0,4.77534E+20,5.60382E+21,8.68265E+15,5.05859E+16
145440,6.1712E+18,6,4,14,0,2017,12,15,7,3,5,3,0,1,0,0,0,0,0,4.4855E+20,5.54808E+21,8.28087E+15,5.00827E+16
145441,6.1712E+18,6,4,12,0,2017,12,11,7,3,6,4,0,1,1,0,0,0,0,4.76041E+20,5.55413E+21,8.66473E+15,5.01389E+16
145442,6.1712E+18,6,4,12,0,2017,12,18,7,3,2,6,0,1,0,0,0,2,0,4.77271E+20,5.5498E+21,8.68219E+15,5.01E+16
145443,6.1712E+18,6,4,12,0,2017,12,4,7,3,5,3,0,1,0,0,0,2,1,4.78186E+20,5.55129E+21,8.6949E+15,5.01134E+16
145444,6.1712E+18,6,4,11,0,2017,12,12,7,3,2,6,0,1,0,0,0,0,0,4.74438E+20,5.52348E+21,8.64433E+15,4.98631E+16
145445,6.1712E+18,6,4,11,0,2017,12,2,7,3,1,1,0,1,0,0,0,2,0,4.74457E+20,5.52309E+21,8.64462E+15,4.98597E+16
145446,6.1712E+18,6,6,32,3,2017,12,15,7,3,5,1,0,1,0,0,0,0,0,5.55343E+20,5.64822E+21,9.78841E+15,5.09829E+16
145447,6.1712E+18,6,4,38,6,2017,12,17,7,3,6,2,0,1,1,0,0,2,0,4.76762E+20,5.53807E+21,8.67578E+15,4.99945E+16
145448,6.1712E+18,6,4,40,12,2017,12,12,7,3,5,3,1,1,0,0,0,0,0,4.7947E+20,5.56569E+21,8.71208E+15,5.0243E+16
145449,6.1712E+18,6,4,40,2,2017,12,18,7,3,5,3,0,1,0,0,0,2,0,4.80855E+20,5.57837E+21,8.73086E+15,5.03571E+16
145450,6.1712E+18,6,4,40,8,2017,12,15,7,3,8,1,0,1,0,0,0,0,1,4.8278E+20,5.5765E+21,8.75801E+15,5.03404E+16
145451,6.1712E+18,6,4,40,8,2017,12,11,7,3,0,7,0,1,0,1,0,0,0,4.82504E+20,5.57628E+21,8.75414E+15,5.03383E+16
145452,6.1712E+18,6,4,33,8,2017,12,9,7,2,5,3,1,1,0,0,0,0,0,4.68978E+20,5.5385E+21,8.56716E+15,4.9998E+16
145453,6.1712E+18,6,4,35,7,2017,12,17,6,2,0,1,0,0,0,1,0,2,1,4.99554E+20,5.55612E+21,8.99376E+15,5.01573E+16
145454,6.1712E+18,6,6,35,15,2017,12,18,6,3,6,4,0,1,1,0,0,2,1,4.90979E+20,5.68069E+21,8.87067E+15,5.12775E+16
145455,6.1712E+18,6,6,11,0,2017,12,7,6,3,4,6,0,1,0,1,0,2,1,5.36417E+20,5.68518E+21,9.52256E+15,5.13168E+16
145456,6.1712E+18,6,6,11,0,2017,12,22,6,3,6,4,0,1,1,0,0,2,1,5.33843E+20,5.68629E+21,9.48573E+15,5.13269E+16
145457,6.1712E+18,6,6,11,0,2017,12,16,6,3,5,3,0,1,0,0,0,1,1,5.35891E+20,5.68603E+21,9.51508E+15,5.13244E+16
145458,6.1712E+18,6,4,13,0,2017,12,9,6,2,3,6,1,0,0,0,1,0,0,4.82012E+20,5.55116E+21,8.74842E+15,5.01124E+16
145459,6.1712E+18,6,4,36,12,2017,12,19,6,3,5,3,0,1,0,0,0,2,0,4.65929E+20,5.55244E+21,8.52337E+15,5.01232E+16
145460,6.1712E+18,6,4,12,0,2017,12,19,6,3,0,6,1,0,0,0,1,2,0,4.75805E+20,5.55034E+21,8.66166E+15,5.01048E+16
145461,6.1712E+18,6,4,12,0,2017,12,1,6,3,0,1,0,1,0,0,0,2,0,4.73921E+20,5.55064E+21,8.63529E+15,5.01075E+16
145462,6.1712E+18,6,4,12,0,2017,12,15,6,2,1,5,1,1,0,0,0,0,0,4.7802E+20,5.55145E+21,8.69257E+15,5.01149E+16
145463,6.1712E+18,6,4,11,0,2017,12,14,6,3,5,3,0,1,0,1,0,0,0,4.72808E+20,5.5241E+21,8.62161E+15,4.98687E+16
145464,6.1712E+18,6,4,11,0,2017,12,11,6,3,2,6,0,1,0,0,0,0,0,4.76346E+20,5.52489E+21,8.67079E+15,4.98759E+16
145465,6.1712E+18,6,6,33,3,2017,12,14,6,3,4,1,0,1,0,0,1,0,1,5.31486E+20,5.6786E+21,9.45122E+15,5.12579E+16
145466,6.1712E+18,6,4,38,4,2017,12,15,6,3,5,3,1,1,0,0,0,0,0,4.97354E+20,5.54663E+21,8.96302E+15,5.0072E+16
145467,6.1712E+18,6,4,34,1,2017,12,12,6,3,6,4,0,1,1,0,0,0,0,4.75178E+20,5.56305E+21,8.65206E+15,5.02191E+16
145468,6.1712E+18,6,4,35,12,2017,12,11,6,3,5,3,0,1,0,0,0,0,1,5.09681E+20,5.56245E+21,9.13569E+15,5.02141E+16
145469,6.1712E+18,6,4,40,1,2017,12,9,6,2,5,3,0,1,0,1,0,0,1,4.96153E+20,5.57066E+21,8.94599E+15,5.02881E+16
145470,6.1712E+18,6,4,38,1,2017,12,7,6,3,6,4,0,0,1,0,1,2,1,4.84622E+20,5.54034E+21,8.78536E+15,5.00152E+16
145471,6.1712E+18,6,4,32,11,2017,12,21,6,3,1,7,0,1,0,0,0,2,0,4.8721E+20,5.52408E+21,8.82202E+15,4.9869E+16
145472,6.1712E+18,6,5,34,7,2017,12,23,6,3,7,1,0,1,0,0,0,2,2,4.66349E+20,5.62935E+21,8.52233E+15,5.08149E+16
145473,6.1712E+18,6,4,31,2,2017,12,12,6,3,2,6,0,1,0,0,1,0,1,4.71472E+20,5.50264E+21,8.60459E+15,4.96756E+16
145474,6.1712E+18,6,4,33,12,2017,12,8,6,3,5,3,1,1,0,0,0,0,1,4.59123E+20,5.5385E+21,8.42965E+15,4.99974E+16
145475,6.1712E+18,6,5,34,14,2017,12,22,6,2,7,1,1,0,0,0,0,2,2,4.84068E+20,5.63055E+21,8.77379E+15,5.08264E+16
145476,6.1712E+18,6,5,32,21,2017,12,18,6,3,2,6,0,1,0,0,0,2,0,4.5825E+20,5.59741E+21,8.41097E+15,5.05272E+16
145477,6.1712E+18,6,5,31,14,2017,12,12,6,3,6,4,0,1,1,0,0,0,1,4.80957E+20,5.59541E+21,8.73143E+15,5.05104E+16
145478,6.17113E+18,6,4,35,17,2017,11,7,5,3,5,2,0,1,0,0,0,2,1,5.03233E+20,5.55798E+21,9.04528E+15,5.0174E+16
145479,6.17113E+18,6,5,31,5,2017,11,19,5,3,5,3,1,1,0,0,0,2,1,4.77159E+20,5.60441E+21,8.67732E+15,5.05911E+16
145480,6.17113E+18,6,6,34,9,2017,11,16,5,3,6,6,0,0,1,0,1,1,1,5.28046E+20,5.65331E+21,9.39996E+15,5.10307E+16
145481,6.17113E+18,6,4,14,0,2017,11,23,5,3,5,3,0,1,0,0,0,2,1,4.41775E+20,5.54668E+21,8.18638E+15,5.00695E+16
145482,6.17113E+18,6,4,14,0,2017,11,8,5,3,5,7,0,1,0,0,0,0,1,4.43277E+20,5.54745E+21,8.20726E+15,5.00766E+16
145483,6.17113E+18,6,4,13,0,2017,11,15,5,3,2,6,0,1,0,0,0,0,0,4.82671E+20,5.55051E+21,8.75766E+15,5.01066E+16
145484,6.17113E+18,6,4,13,0,2017,11,14,5,3,1,5,0,1,0,0,0,0,1,4.82689E+20,5.54928E+21,8.75797E+15,5.00955E+16
145485,6.17113E+18,6,4,12,0,2017,11,14,5,3,5,3,0,1,0,0,0,0,1,4.67711E+20,5.55149E+21,8.54838E+15,5.01148E+16
145486,6.17113E+18,6,4,12,0,2017,11,19,5,3,0,4,1,0,1,0,0,2,1,4.76111E+20,5.5513E+21,8.66588E+15,5.01135E+16
145487,6.17113E+18,6,4,12,0,2017,11,11,5,3,5,2,1,1,0,0,0,0,0,4.75676E+20,5.55192E+21,8.65975E+15,5.0119E+16
145488,6.17113E+18,6,4,11,0,2017,11,22,5,3,9,1,0,1,0,0,0,2,1,4.7755E+20,5.52429E+21,8.68758E+15,4.98706E+16
145489,6.17113E+18,6,4,11,0,2017,11,7,5,3,6,2,0,1,1,0,0,0,0,4.74697E+20,5.52552E+21,8.64781E+15,4.98815E+16
145490,6.17113E+18,6,4,34,1,2017,11,19,5,3,6,2,0,1,1,0,0,2,1,4.73044E+20,5.56391E+21,8.6221E+15,5.02267E+16
145491,6.17113E+18,6,4,34,1,2017,11,8,5,3,6,4,0,0,1,0,1,0,0,4.72619E+20,5.56398E+21,8.61613E+15,5.02273E+16
145492,6.17113E+18,6,4,34,2,2017,11,17,5,3,6,4,0,1,1,0,0,2,1,4.74383E+20,5.567E+21,8.64065E+15,5.02546E+16
145493,6.17113E+18,6,4,34,1,2017,11,18,5,2,6,2,0,1,1,0,0,2,1,4.72056E+20,5.56477E+21,8.60817E+15,5.02345E+16
145494,6.17113E+18,6,4,36,7,2017,11,9,5,3,2,6,0,1,0,0,0,0,1,4.61571E+20,5.54879E+21,8.46278E+15,5.00901E+16
145495,6.17113E+18,6,5,32,12,2017,11,17,5,2,6,4,0,1,1,0,0,2,1,4.50844E+20,5.61485E+21,8.30419E+15,5.06834E+16
145496,6.17113E+18,6,4,32,18,2017,11,8,5,3,5,3,0,1,0,0,0,0,1,4.71926E+20,5.51616E+21,8.60991E+15,4.97973E+16
145497,6.17113E+18,6,5,34,14,2017,11,15,5,3,0,7,0,0,1,0,1,0,0,4.8405E+20,5.62967E+21,8.77358E+15,5.08186E+16
145498,6.17113E+18,6,5,34,6,2017,11,16,5,3,5,3,1,1,0,0,0,1,1,4.85066E+20,5.63325E+21,8.78785E+15,5.08508E+16
145499,6.17113E+18,6,5,32,23,2017,11,7,5,3,6,4,0,1,1,0,0,0,1,4.65034E+20,5.60031E+21,8.50641E+15,5.05537E+16
145500,6.17113E+18,6,6,35,21,2017,11,7,4,3,9,1,0,1,0,0,0,1,2,5.04823E+20,5.67269E+21,9.06905E+15,5.12056E+16
145501,6.17113E+18,6,5,33,9,2017,11,16,4,2,9,1,0,1,1,0,0,0,1,4.3308E+20,5.58079E+21,8.05888E+15,5.03754E+16
145502,6.17113E+18,6,4,14,0,2017,11,13,4,2,6,4,0,0,1,1,0,0,1,4.45872E+20,5.54786E+21,8.24347E+15,5.00806E+16
145503,6.17113E+18,6,4,14,0,2017,11,8,4,3,6,4,0,1,1,0,0,0,1,4.45538E+20,5.54856E+21,8.2387E+15,5.00868E+16
145504,6.17113E+18,6,4,12,0,2017,11,16,4,3,6,4,0,1,1,0,0,1,0,4.79913E+20,5.55435E+21,8.71889E+15,5.0141E+16
145505,6.17113E+18,6,4,12,0,2017,11,19,4,3,5,2,1,0,0,0,1,2,1,4.7453E+20,5.55055E+21,8.64382E+15,5.01067E+16
145506,6.17113E+18,6,4,12,0,2017,11,9,4,3,2,6,0,1,0,0,0,0,1,4.77424E+20,5.5518E+21,8.68421E+15,5.0118E+16
145507,6.17113E+18,6,4,32,23,2017,11,14,4,3,5,3,1,1,0,0,0,0,1,4.69357E+20,5.52916E+21,8.57318E+15,4.99141E+16
145508,6.17113E+18,6,4,11,0,2017,11,14,4,2,6,7,1,0,1,0,0,0,1,4.76095E+20,5.52326E+21,8.6674E+15,4.98613E+16
145509,6.17113E+18,6,4,11,0,2017,11,14,4,3,3,2,0,1,0,0,1,0,1,4.74875E+20,5.525E+21,8.65031E+15,4.98769E+16
145510,6.17113E+18,6,4,38,9,2017,11,17,4,3,6,2,0,1,1,0,0,2,1,4.77714E+20,5.54472E+21,8.68868E+15,5.00543E+16
145511,6.17113E+18,6,4,34,8,2017,11,19,4,3,5,3,0,1,0,0,1,1,1,4.68309E+20,5.56258E+21,8.55582E+15,5.02145E+16
145512,6.17113E+18,6,4,34,1,2017,11,18,4,3,2,6,0,1,0,0,0,2,1,4.71873E+20,5.56406E+21,8.60566E+15,5.0228E+16
145513,6.17113E+18,6,4,34,1,2017,11,17,4,2,6,4,0,1,1,0,0,2,1,4.72684E+20,5.56415E+21,8.61702E+15,5.02289E+16
145514,6.17113E+18,6,4,36,7,2017,11,13,4,2,1,5,0,1,0,0,1,0,1,4.59346E+20,5.54773E+21,8.43179E+15,5.00804E+16
145515,6.17113E+18,6,4,36,7,2017,11,17,4,2,8,1,0,1,0,0,0,1,1,4.56929E+20,5.55008E+21,8.39774E+15,5.01014E+16
145516,6.17113E+18,6,4,31,16,2017,11,17,4,3,5,3,1,1,0,0,0,2,1,4.68704E+20,5.50024E+21,8.56642E+15,4.96539E+16
145517,6.17113E+18,6,4,35,10,2017,11,18,4,3,6,4,0,1,1,0,0,2,0,5.13415E+20,5.56053E+21,9.18796E+15,5.01968E+16
145518,6.17113E+18,6,4,32,15,2017,11,13,4,3,0,4,0,1,1,0,0,0,0,4.89647E+20,5.52964E+21,8.85578E+15,4.99191E+16
145519,6.17113E+18,6,4,32,3,2017,11,15,4,3,5,3,1,1,0,0,0,0,0,4.71928E+20,5.51111E+21,8.61031E+15,4.97518E+16
145520,6.17113E+18,6,4,31,13,2017,11,21,4,3,5,3,0,1,0,0,0,2,1,4.61808E+20,5.49373E+21,8.47152E+15,4.95949E+16
145521,6.17113E+18,6,4,31,13,2017,11,21,4,1,6,4,0,1,1,0,0,2,0,4.62315E+20,5.49355E+21,8.47855E+15,4.95933E+16
145522,6.17113E+18,6,4,33,12,2017,11,17,4,3,2,6,0,1,0,0,0,2,1,4.58486E+20,5.53811E+21,8.42082E+15,4.99938E+16
145523,6.17113E+18,6,4,33,8,2017,11,7,4,3,0,7,1,0,0,0,0,2,1,4.69709E+20,5.53722E+21,8.57746E+15,4.99865E+16
145524,6.17113E+18,6,6,31,9,2017,11,20,4,2,0,7,0,1,0,0,0,2,2,5.46734E+20,5.60222E+21,9.65993E+15,5.057E+16
145525,6.17113E+18,6,4,35,14,2017,11,5,4,3,6,4,0,1,1,0,0,2,1,4.95599E+20,5.55221E+21,8.93843E+15,5.01221E+16
145526,6.17113E+18,6,5,31,5,2017,11,19,4,3,2,6,0,1,0,0,0,2,0,4.76578E+20,5.60331E+21,8.66918E+15,5.05812E+16
145527,6.17113E+18,6,5,33,9,2017,11,8,3,3,2,6,0,1,0,0,0,0,1,4.33147E+20,5.58202E+21,8.0596E+15,5.03865E+16
145528,6.17113E+18,6,6,33,20,2017,11,16,3,3,4,5,1,1,0,0,0,1,1,5.40009E+20,5.68413E+21,9.57397E+15,5.13071E+16
145529,6.17113E+18,6,4,14,0,2017,11,15,3,3,1,5,0,1,0,0,0,0,1,4.55271E+20,5.54757E+21,8.37485E+15,5.00787E+16
145530,6.17113E+18,6,4,14,0,2017,11,16,3,3,5,3,1,1,0,0,0,2,0,4.45821E+20,5.54715E+21,8.24284E+15,5.00742E+16
145531,6.17113E+18,6,4,14,0,2017,11,11,3,3,2,6,0,1,0,0,1,0,1,4.46635E+20,5.54718E+21,8.25422E+15,5.00745E+16
145532,6.17113E+18,6,4,36,3,2017,11,11,3,3,2,6,0,1,0,0,0,0,1,4.67904E+20,5.55581E+21,8.55071E+15,5.01536E+16
145533,6.17113E+18,6,4,12,0,2017,11,9,3,3,5,3,1,0,0,0,1,0,1,4.72071E+20,5.5528E+21,8.60926E+15,5.01268E+16
145534,6.17113E+18,6,4,12,0,2017,11,11,3,3,0,1,1,0,0,0,0,0,1,4.75558E+20,5.5502E+21,8.65822E+15,5.01035E+16
145535,6.17113E+18,6,4,11,0,2017,11,12,3,3,2,6,0,1,0,0,0,0,0,4.75635E+20,5.52668E+21,8.66079E+15,4.9892E+16
145536,6.17113E+18,6,4,11,0,2017,11,8,3,1,5,2,1,0,0,0,1,0,1,4.74384E+20,5.52481E+21,8.64349E+15,4.98751E+16
145537,6.17113E+18,6,6,35,2,2017,11,23,3,3,8,3,0,1,0,0,0,2,2,5.01497E+20,5.69206E+21,9.02152E+15,5.13797E+16
145538,6.17113E+18,6,6,11,0,2017,11,15,3,3,5,3,0,1,0,0,0,0,1,5.32749E+20,5.68767E+21,9.47015E+15,5.13394E+16
145539,6.17113E+18,6,6,11,0,2017,11,7,3,3,6,4,0,1,1,0,0,0,0,5.3114E+20,5.68446E+21,9.44678E+15,5.13106E+16
145540,6.17113E+18,6,4,39,13,2017,11,8,3,3,6,7,0,1,1,0,0,0,1,4.2306E+20,5.53692E+21,7.92686E+15,4.99797E+16
145541,6.17113E+18,6,4,38,2,2017,11,23,3,2,0,1,0,0,0,1,0,2,0,4.78172E+20,5.54134E+21,8.69528E+15,5.0024E+16
145542,6.17113E+18,6,4,38,2,2017,11,18,3,3,6,2,0,1,1,0,0,2,1,4.79138E+20,5.54165E+21,8.70874E+15,5.00268E+16
145543,6.17113E+18,6,4,38,6,2017,11,7,3,3,1,5,1,1,0,0,0,2,1,4.76394E+20,5.53756E+21,8.67068E+15,4.99899E+16
145544,6.17113E+18,6,4,38,2,2017,11,16,3,2,6,2,0,1,1,0,0,2,1,4.77957E+20,5.53949E+21,8.69238E+15,5.00073E+16
145545,6.17113E+18,6,4,38,10,2017,11,14,3,3,5,3,0,1,0,0,0,0,0,4.91075E+20,5.54748E+21,8.87526E+15,5.00796E+16
145546,6.17113E+18,6,4,40,5,2017,11,6,3,3,2,6,0,1,0,1,0,2,1,4.75903E+20,5.58749E+21,8.66067E+15,5.04389E+16
145547,6.17113E+18,6,4,40,4,2017,11,18,3,3,6,4,0,1,1,0,0,2,1,5.07986E+20,5.57093E+21,9.11211E+15,5.02905E+16
145548,6.17113E+18,6,5,32,11,2017,11,21,3,2,0,1,0,0,0,1,0,2,2,4.41269E+20,5.62028E+21,8.1678E+15,5.07314E+16
145549,6.17113E+18,6,4,32,11,2017,11,15,3,2,5,3,0,1,0,0,0,0,0,4.89233E+20,5.52409E+21,8.85017E+15,4.98691E+16
145550,6.17113E+18,6,4,32,8,2017,11,14,3,3,1,7,1,0,0,0,1,0,1,4.68297E+20,5.52285E+21,8.55893E+15,4.98572E+16
145551,6.17113E+18,6,5,34,11,2017,11,7,3,3,6,4,0,0,1,0,1,1,1,4.94223E+20,5.62997E+21,8.91799E+15,5.08214E+16
145552,6.17113E+18,6,6,31,4,2017,11,14,3,3,8,1,0,1,0,0,0,0,1,5.53909E+20,5.58635E+21,9.75896E+15,5.04267E+16
145553,6.17113E+18,6,4,35,14,2017,11,15,3,3,6,4,0,1,1,0,0,0,1,4.96047E+20,5.55041E+21,8.94472E+15,5.01059E+16
145554,6.17113E+18,6,6,32,2,2017,11,16,2,3,5,2,1,1,0,0,0,1,1,5.50451E+20,5.63512E+21,9.71692E+15,5.08656E+16
145555,6.17113E+18,6,4,14,0,2017,11,18,2,3,3,6,0,1,0,0,1,2,1,4.45831E+20,5.54703E+21,8.243E+15,5.0073E+16
145556,6.17113E+18,6,4,14,0,2017,11,8,2,3,2,6,0,1,0,0,1,0,1,4.46617E+20,5.54719E+21,8.25396E+15,5.00746E+16
145557,6.17113E+18,6,4,12,0,2017,11,8,2,2,0,5,0,1,0,1,0,0,0,4.75377E+20,5.55442E+21,8.65541E+15,5.01415E+16
145558,6.17113E+18,6,4,12,0,2017,11,9,2,3,0,1,1,0,0,0,1,0,0,4.77223E+20,5.54991E+21,8.68152E+15,5.0101E+16
145559,6.17113E+18,6,4,12,0,2017,11,7,2,3,1,5,1,1,0,0,0,1,0,4.78952E+20,5.55257E+21,8.70555E+15,5.0125E+16
145560,6.17113E+18,6,4,12,0,2017,11,9,2,3,2,6,1,0,0,0,1,0,0,4.7592E+20,5.55042E+21,8.66327E+15,5.01055E+16
145561,6.17113E+18,6,4,12,0,2017,11,12,2,3,2,2,0,1,0,0,0,0,1,4.76678E+20,5.55277E+21,8.67372E+15,5.01267E+16
145562,6.17113E+18,6,4,12,0,2017,11,9,2,3,5,5,0,1,0,0,0,0,1,4.77238E+20,5.55179E+21,8.68161E+15,5.01179E+16
145563,6.17113E+18,6,4,11,0,2017,11,20,2,3,5,3,0,1,0,0,0,2,1,4.74219E+20,5.52455E+21,8.64121E+15,4.98728E+16
145564,6.17113E+18,6,6,35,20,2017,11,18,2,3,5,3,1,1,0,0,0,2,1,5.08037E+20,5.69567E+21,9.11556E+15,5.14122E+16
145565,6.17113E+18,6,4,38,11,2017,11,7,2,3,6,4,0,1,1,0,0,0,0,4.92021E+20,5.54205E+21,8.88859E+15,5.00307E+16
145566,6.17113E+18,6,5,33,17,2017,11,17,2,2,6,2,0,1,1,0,0,2,1,4.47721E+20,5.59358E+21,8.26298E+15,5.04918E+16
145567,6.17113E+18,6,4,40,5,2017,11,7,2,3,6,4,0,1,1,0,0,0,0,4.75453E+20,5.58799E+21,8.65429E+15,5.04434E+16
145568,6.17113E+18,6,4,38,1,2017,11,21,2,2,2,6,1,1,0,0,0,2,0,4.84186E+20,5.53971E+21,8.77929E+15,5.00095E+16