OBJECTID,UIDENTSTLA,ULAND,UREGBEZ,UKREIS,UGEMEINDE,UJAHR,UMONAT,USTUNDE,UWOCHENTAG,UKATEGORIE,UART,UTYP1,IstRad,IstPKW,IstFuss,IstKrad,IstSonstig,LICHT,STRZUSTAND,LINREFX,LINREFY,XGCSWGS84,YGCSWGS84
145740,6.17122E+18,6,4,40,3,2017,12,18,7,3,5,3,1,1,0,0,0,2,1,4.81511E+20,5.55878E+21,8.74104E+15,5.01809E+16
145741,6.17122E+18,6,5,32,6,2017,12,23,7,3,6,4,0,1,1,0,0,2,1,4.50147E+20,5.62068E+21,8.29354E+15,5.07358E+16
145742,6.17122E+18,6,5,34,14,2017,12,6,7,2,6,2,0,1,1,0,0,2,1,4.84402E+20,5.62824E+21,8.77863E+15,5.08057E+16
145743,6.17122E+18,6,4,35,14,2017,12,14,7,3,5,2,0,1,0,0,0,0,0,4.93887E+20,5.55248E+21,8.91448E+15,5.01245E+16
145744,6.17122E+18,6,6,11,0,2017,12,22,6,3,0,1,0,1,0,1,0,2,0,5.3341E+20,5.68511E+21,9.47941E+15,5.13163E+16
145745,6.17122E+18,6,4,14,0,2017,12,9,6,3,5,3,0,1,0,0,0,0,1,4.47475E+20,5.55021E+21,8.26553E+15,5.01018E+16
145746,6.17122E+18,6,4,14,0,2017,12,8,6,2,6,4,0,1,1,0,0,0,1,4.4733E+20,5.55018E+21,8.26352E+15,5.01015E+16
145747,6.17122E+18,6,4,14,0,2017,12,7,6,3,6,4,0,0,1,0,1,1,1,4.44894E+20,5.54712E+21,8.22989E+15,5.00738E+16
145748,6.17122E+18,6,4,13,0,2017,12,8,6,3,3,6,1,1,0,0,0,0,1,4.82856E+20,5.54937E+21,8.76031E+15,5.00964E+16
145749,6.17122E+18,6,4,12,0,2017,12,14,6,3,0,1,0,1,0,0,0,0,1,4.67541E+20,5.55002E+21,8.54613E+15,5.01015E+16
145750,6.17122E+18,6,4,12,0,2017,12,8,6,3,6,2,0,1,1,0,0,0,1,4.78172E+20,5.55475E+21,8.6945E+15,5.01446E+16
145751,6.17122E+18,6,4,12,0,2017,12,19,6,3,2,6,1,1,0,0,0,2,1,4.79589E+20,5.55323E+21,8.71442E+15,5.0131E+16
145752,6.17122E+18,6,4,12,0,2017,12,22,6,3,3,2,0,1,0,0,0,2,1,4.81969E+20,5.55225E+21,8.74777E+15,5.01222E+16
145753,6.17122E+18,6,4,12,0,2017,12,19,6,3,1,5,1,0,0,0,1,0,0,4.77298E+20,5.55153E+21,8.68247E+15,5.01156E+16
145754,6.17122E+18,6,4,12,0,2017,12,10,6,3,3,6,0,1,0,0,0,0,1,4.76875E+20,5.55161E+21,8.67655E+15,5.01163E+16
145755,6.17122E+18,6,6,33,10,2017,12,9,6,3,5,3,0,1,0,0,0,0,0,5.28719E+20,5.7E+21,9.4133E+15,5.14505E+16
145756,6.17122E+18,6,6,11,0,2017,12,7,6,3,4,6,1,1,0,0,0,0,1,5.32946E+20,5.68374E+21,9.47262E+15,5.1304E+16
145757,6.17122E+18,6,4,38,13,2017,12,18,6,3,5,3,0,1,0,0,0,2,1,4.98682E+20,5.543E+21,8.9816E+15,5.00393E+16
145758,6.17122E+18,6,4,38,6,2017,12,16,6,2,5,3,1,1,0,0,0,2,1,4.75014E+20,5.53879E+21,8.65135E+15,5.00009E+16
145759,6.17122E+18,6,4,35,2,2017,12,17,6,3,6,4,0,1,1,0,0,2,1,5.25973E+20,5.57076E+21,9.3646E+15,5.02884E+16
145760,6.17122E+18,6,4,40,8,2017,12,23,6,3,6,7,0,1,1,0,0,2,1,4.8259E+20,5.57624E+21,8.75536E+15,5.0338E+16
145761,6.17122E+18,6,4,40,2,2017,12,7,6,3,1,5,0,1,0,0,0,2,1,4.82066E+20,5.57939E+21,8.74785E+15,5.03663E+16
145762,6.17122E+18,6,4,33,6,2017,12,21,6,3,5,3,1,0,0,0,1,2,1,4.63125E+20,5.5298E+21,8.48633E+15,4.99194E+16
145763,6.17122E+18,6,5,34,14,2017,12,7,6,2,6,3,0,1,1,0,0,2,1,4.82513E+20,5.62744E+21,8.75186E+15,5.07984E+16
145764,6.17122E+18,6,6,31,6,2017,12,5,6,3,5,3,0,1,0,0,1,2,1,5.51201E+20,5.59266E+21,9.72169E+15,5.04837E+16
145765,6.17122E+18,6,6,31,6,2017,12,2,6,3,9,1,0,1,0,0,1,2,1,5.48851E+20,5.59266E+21,9.68858E+15,5.04839E+16
145766,6.17122E+18,6,4,35,14,2017,12,11,6,3,5,2,1,1,0,0,0,0,1,4.91944E+20,5.55316E+21,8.88728E+15,5.01307E+16
145767,6.17122E+18,6,5,32,3,2017,12,23,6,3,5,3,0,1,0,0,0,2,1,4.57127E+20,5.59636E+21,8.39525E+15,5.05176E+16
145768,6.17122E+18,6,5,31,5,2017,12,13,6,3,5,3,0,1,0,0,0,0,1,4.75169E+20,5.60122E+21,8.64942E+15,5.05624E+16
145769,6.17122E+18,6,4,12,0,2017,12,8,6,3,3,6,0,1,0,0,1,0,0,4.71108E+20,5.55363E+21,8.59573E+15,5.01342E+16
145770,6.17121E+18,6,4,35,17,2017,12,13,5,3,6,4,0,1,1,0,0,0,0,5.036E+20,5.55866E+21,9.05041E+15,5.01801E+16
145771,6.17121E+18,6,6,32,2,2017,12,14,5,2,0,7,0,0,1,0,1,0,1,5.49875E+20,5.63525E+21,9.70875E+15,5.08668E+16
145772,6.17121E+18,6,4,36,12,2017,12,7,5,3,5,3,0,1,0,0,0,1,1,4.66456E+20,5.55389E+21,8.53061E+15,5.01363E+16
145773,6.17121E+18,6,4,12,0,2017,12,18,5,3,6,4,0,1,1,0,0,2,1,4.74601E+20,5.5523E+21,8.64469E+15,5.01224E+16
145774,6.17121E+18,6,4,38,2,2017,12,5,5,2,6,2,0,0,1,0,1,2,1,4.78393E+20,5.53921E+21,8.69847E+15,5.00048E+16
145775,6.17121E+18,6,4,38,11,2017,12,11,5,3,5,3,0,1,0,0,0,0,0,4.9219E+20,5.54102E+21,8.89097E+15,5.00214E+16
145776,6.17121E+18,6,4,38,11,2017,12,18,5,3,5,3,0,1,0,0,0,2,1,4.90454E+20,5.53743E+21,8.86683E+15,4.99891E+16
145777,6.17121E+18,6,4,34,8,2017,12,22,5,3,5,2,0,1,0,0,1,2,1,4.68585E+20,5.56252E+21,8.5597E+15,5.0214E+16
145778,6.17121E+18,6,4,36,9,2017,12,19,5,3,5,3,0,1,0,0,0,2,1,4.61671E+20,5.54831E+21,8.46422E+15,5.00858E+16
145779,6.17121E+18,6,4,31,16,2017,12,17,5,3,6,7,0,1,1,0,0,0,0,4.68605E+20,5.49985E+21,8.56508E+15,4.96504E+16
145780,6.17121E+18,6,5,32,12,2017,12,18,5,3,5,2,1,1,0,0,0,2,1,4.51023E+20,5.61662E+21,8.30649E+15,5.06993E+16
145781,6.17121E+18,6,5,32,12,2017,12,17,5,3,6,4,0,1,1,0,0,2,1,4.50833E+20,5.61485E+21,8.30403E+15,5.06834E+16
145782,6.17121E+18,6,4,38,1,2017,12,23,5,3,6,4,0,1,1,0,0,2,1,4.84415E+20,5.53998E+21,8.78249E+15,5.0012E+16
145783,6.17121E+18,6,4,40,2,2017,12,8,5,3,5,3,0,1,0,1,0,0,1,4.82007E+20,5.57981E+21,8.74699E+15,5.03701E+16
145784,6.17121E+18,6,6,31,9,2017,12,14,5,3,5,3,0,1,0,0,0,0,1,5.42538E+20,5.60108E+21,9.60056E+15,5.05601E+16
145785,6.17121E+18,6,4,35,14,2017,12,17,5,3,6,4,0,1,1,0,0,2,1,4.93487E+20,5.55483E+21,8.90885E+15,5.01456E+16
145786,6.17121E+18,6,5,32,23,2017,12,17,5,3,6,4,0,1,1,0,0,2,1,4.64126E+20,5.60016E+21,8.49361E+15,5.05522E+16
145787,6.17121E+18,6,5,32,23,2017,12,17,5,3,5,4,0,1,1,0,0,2,0,4.64414E+20,5.6022E+21,8.49748E+15,5.05707E+16
145788,6.17121E+18,6,4,35,14,2017,12,17,5,3,4,7,0,1,0,0,1,2,1,4.94824E+20,5.55141E+21,8.9276E+15,5.01149E+16
145789,6.17121E+18,6,4,35,14,2017,12,20,5,2,8,1,0,1,0,0,0,2,1,4.98687E+20,5.5526E+21,8.98164E+15,5.01256E+16
145790,6.17121E+18,6,6,34,9,2017,12,7,4,3,2,6,0,1,0,0,0,0,1,5.28164E+20,5.6536E+21,9.40166E+15,5.10333E+16
145791,6.17121E+18,6,6,32,2,2017,12,10,4,3,5,3,0,1,0,0,1,0,1,5.49966E+20,5.6346E+21,9.70996E+15,5.08609E+16
145792,6.17121E+18,6,4,13,0,2017,12,14,4,3,5,3,0,1,0,0,0,0,1,4.81937E+20,5.55081E+21,8.74738E+15,5.01092E+16
145793,6.17121E+18,6,4,36,1,2017,12,16,4,3,8,1,0,1,0,0,0,2,2,4.64494E+20,5.55478E+21,8.50308E+15,5.01442E+16
145794,6.17121E+18,6,4,12,0,2017,12,6,4,3,6,4,0,1,1,0,0,2,0,4.75626E+20,5.55975E+21,8.65855E+15,5.01895E+16
145795,6.17121E+18,6,4,12,0,2017,12,16,4,3,6,7,0,1,1,0,0,1,1,4.83708E+20,5.55216E+21,8.7721E+15,5.01214E+16
145796,6.17121E+18,6,4,12,0,2017,12,19,4,3,3,7,0,1,0,1,0,2,1,4.76987E+20,5.55194E+21,8.67809E+15,5.01193E+16
145797,6.17121E+18,6,4,11,0,2017,12,17,4,3,2,6,0,1,0,0,0,2,1,4.73041E+20,5.52694E+21,8.62465E+15,4.98943E+16
145798,6.17121E+18,6,4,12,0,2017,12,15,4,3,2,6,0,1,0,0,0,0,0,4.69622E+20,5.55035E+21,8.57519E+15,5.01046E+16
145799,6.17121E+18,6,6,35,8,2017,12,18,4,2,7,5,0,1,0,1,0,2,1,5.00957E+20,5.70273E+21,9.01379E+15,5.14758E+16
145800,6.17121E+18,6,6,33,3,2017,12,16,4,3,5,3,0,1,0,0,0,1,1,5.28538E+20,5.67831E+21,9.40895E+15,5.12555E+16
145801,6.17121E+18,6,6,32,18,2017,12,14,4,3,9,1,0,1,1,0,0,0,1,5.51425E+20,5.64991E+21,9.73285E+15,5.09985E+16
145802,6.17121E+18,6,4,38,8,2017,12,16,4,3,5,3,1,1,0,0,0,1,1,4.88279E+20,5.55241E+21,8.83603E+15,5.01238E+16
145803,6.17121E+18,6,4,35,19,2017,12,10,4,2,5,2,1,1,0,0,0,0,0,4.85543E+20,5.55505E+21,8.79766E+15,5.01475E+16
145804,6.17121E+18,6,4,40,8,2017,12,16,4,3,5,3,1,1,0,0,0,2,1,4.80212E+20,5.57566E+21,8.72197E+15,5.03327E+16
145805,6.17121E+18,6,5,34,18,2017,12,17,4,3,6,4,0,1,1,0,0,2,1,5.00894E+20,5.63065E+21,9.0127E+15,5.08276E+16
145806,6.17121E+18,6,6,35,15,2017,12,13,3,3,2,6,0,1,0,0,0,0,0,4.9134E+20,5.68024E+21,8.87585E+15,5.12734E+16
145807,6.17121E+18,6,4,12,0,2017,12,7,3,3,5,2,1,1,0,0,0,2,0,4.75677E+20,5.55159E+21,8.65979E+15,5.0116E+16
145808,6.17121E+18,6,4,12,0,2017,12,16,3,3,5,2,1,1,0,0,0,1,0,4.76702E+20,5.55421E+21,8.67397E+15,5.01397E+16
145809,6.17121E+18,6,4,12,0,2017,12,20,3,2,6,4,0,1,1,0,0,2,0,4.77198E+20,5.54926E+21,8.68121E+15,5.00952E+16
145810,6.17121E+18,6,4,12,0,2017,12,8,3,2,5,2,1,1,0,0,0,0,0,4.7656E+20,5.55332E+21,8.67204E+15,5.01316E+16
145811,6.17121E+18,6,4,11,0,2017,12,8,3,3,5,3,1,0,0,0,0,0,0,4.7482E+20,5.52573E+21,8.6495E+15,4.98834E+16
145812,6.17121E+18,6,6,36,16,2017,12,17,3,3,4,6,1,1,0,0,0,2,1,5.59471E+20,5.68811E+21,9.85381E+15,5.13411E+16
145813,6.17121E+18,6,4,34,1,2017,12,21,3,2,3,5,0,1,0,1,0,2,0,4.72594E+20,5.56368E+21,8.6158E+15,5.02247E+16
145814,6.17121E+18,6,4,34,1,2017,12,7,3,3,5,3,1,1,0,0,0,1,1,4.73341E+20,5.56427E+21,8.62622E+15,5.023E+16
145815,6.17121E+18,6,4,36,7,2017,12,11,3,3,6,6,0,1,1,0,0,0,0,4.60352E+20,5.5483E+21,8.44579E+15,5.00857E+16
145816,6.17121E+18,6,4,38,12,2017,12,16,3,3,5,2,0,1,0,0,0,1,0,4.85583E+20,5.5366E+21,8.79891E+15,4.99815E+16
145817,6.17121E+18,6,4,31,20,2017,12,13,3,3,5,3,1,0,0,0,1,0,0,4.70209E+20,5.4877E+21,8.58822E+15,4.95411E+16
145818,6.17121E+18,6,5,34,14,2017,12,21,3,3,8,1,0,1,0,0,0,2,0,4.84809E+20,5.62672E+21,8.78447E+15,5.0792E+16
145819,6.17121E+18,6,5,31,5,2017,12,16,3,3,5,3,1,1,0,0,0,1,0,4.79398E+20,5.60275E+21,8.70903E+15,5.05763E+16
145820,6.17121E+18,6,4,12,0,2017,12,17,3,3,2,6,0,1,0,0,0,2,1,4.70857E+20,5.55402E+21,8.59219E+15,5.01377E+16
145821,6.17121E+18,6,5,31,3,2017,12,17,2,3,5,3,0,1,0,0,0,2,1,4.85411E+20,5.60627E+21,8.79382E+15,5.06081E+16
145822,6.17121E+18,6,5,33,9,2017,12,14,2,3,2,6,0,1,0,0,0,0,1,4.33212E+20,5.58244E+21,8.06044E+15,5.03902E+16
145823,6.17121E+18,6,4,36,3,2017,12,10,2,3,5,3,0,1,0,0,0,0,1,4.69252E+20,5.55429E+21,8.56971E+15,5.01401E+16
145824,6.17121E+18,6,4,12,0,2017,12,16,2,3,5,3,1,1,0,0,0,2,0,4.72519E+20,5.55301E+21,8.61552E+15,5.01287E+16
145825,6.17121E+18,6,4,12,0,2017,12,17,2,3,5,3,1,0,0,0,1,2,0,4.77687E+20,5.55143E+21,8.68792E+15,5.01147E+16
145826,6.17121E+18,6,4,12,0,2017,12,10,2,3,0,3,1,0,0,0,1,0,1,4.77545E+20,5.55116E+21,8.68594E+15,5.01122E+16
145827,6.17121E+18,6,4,11,0,2017,12,17,2,3,2,6,0,1,0,0,0,2,1,4.76581E+20,5.52677E+21,8.67395E+15,4.98929E+16
145828,6.17121E+18,6,6,33,3,2017,12,9,2,3,5,3,0,1,0,0,0,0,1,5.27253E+20,5.67824E+21,9.39053E+15,5.12549E+16
145829,6.17121E+18,6,4,39,3,2017,12,15,2,3,5,2,0,1,0,0,0,0,1,4.36809E+20,5.54241E+21,8.1177E+15,5.00306E+16
145830,6.17121E+18,6,4,38,11,2017,12,4,2,3,0,7,0,1,0,0,0,2,1,4.91326E+20,5.53833E+21,8.87897E+15,4.99973E+16
145831,6.17121E+18,6,4,34,8,2017,12,17,2,2,6,4,0,1,1,0,0,2,1,4.70551E+20,5.55885E+21,8.58753E+15,5.01811E+16
145832,6.17121E+18,6,4,36,4,2017,12,9,2,3,0,7,0,0,0,0,1,0,1,4.58658E+20,5.54047E+21,8.42296E+15,5.00151E+16
145833,6.17121E+18,6,4,40,5,2017,12,8,2,3,1,2,0,1,0,0,0,0,1,4.77477E+20,5.58648E+21,8.68289E+15,5.04299E+16
145834,6.17121E+18,6,4,40,2,2017,12,9,2,3,0,5,0,1,0,0,1,0,0,4.81893E+20,5.57943E+21,8.7454E+15,5.03667E+16
145835,6.17121E+18,6,4,33,12,2017,12,7,2,3,6,4,0,1,1,0,0,2,1,4.55871E+20,5.53803E+21,8.38434E+15,4.9993E+16
145836,6.17121E+18,6,6,31,20,2017,12,12,2,3,2,6,0,1,0,0,0,0,1,5.50987E+20,5.60028E+21,9.71972E+15,5.05523E+16
145837,6.17121E+18,6,4,14,0,2017,12,1,1,2,6,4,0,1,1,0,0,2,0,4.45959E+20,5.54812E+21,8.24464E+15,5.00829E+16
145838,6.17121E+18,6,4,13,0,2017,12,14,1,3,2,6,0,1,0,0,0,0,2,4.81523E+20,5.55089E+21,8.7416E+15,5.01099E+16
145839,6.17121E+18,6,4,12,0,2017,12,12,1,3,4,1,0,1,0,0,0,0,2,4.74506E+20,5.55806E+21,8.64298E+15,5.01742E+16
145840,6.17121E+18,6,4,38,9,2017,12,14,1,3,1,1,0,1,0,0,0,0,2,4.78514E+20,5.54509E+21,8.69984E+15,5.00577E+16
145841,6.17121E+18,6,4,34,1,2017,12,6,1,3,2,6,0,1,0,0,1,2,1,4.72597E+20,5.56333E+21,8.61587E+15,5.02215E+16
145842,6.17121E+18,6,5,34,14,2017,12,13,1,3,4,1,0,1,0,0,0,0,1,4.82034E+20,5.62922E+21,8.74498E+15,5.08144E+16
145843,6.17121E+18,6,6,32,2,2017,12,12,7,3,4,1,0,1,0,0,0,0,2,5.49607E+20,5.63282E+21,9.70461E+15,5.08449E+16
145844,6.17121E+18,6,6,11,0,2017,12,16,7,3,6,2,0,1,1,0,0,0,0,5.36002E+20,5.68564E+21,9.51664E+15,5.1321E+16
145845,6.17121E+18,6,4,14,0,2017,12,22,7,3,1,7,0,1,0,0,0,2,0,4.52368E+20,5.54535E+21,8.33456E+15,5.00585E+16
145846,6.17121E+18,6,4,12,0,2017,12,17,7,3,0,7,0,1,1,0,0,2,1,4.72746E+20,5.5575E+21,8.61837E+15,5.01691E+16
145847,6.17121E+18,6,4,12,0,2017,12,2,7,2,7,1,0,1,0,0,0,2,2,4.81876E+20,5.55336E+21,8.74642E+15,5.01322E+16
145848,6.17121E+18,6,4,12,0,2017,12,1,7,3,4,3,1,1,0,0,0,2,1,4.77865E+20,5.55225E+21,8.69036E+15,5.01221E+16
145849,6.17121E+18,6,4,11,0,2017,12,1,7,3,0,1,0,1,0,0,0,2,2,4.7363E+20,5.52628E+21,8.63289E+15,4.98883E+16
145850,6.17121E+18,6,4,38,5,2017,12,22,7,3,8,7,0,1,0,0,0,2,0,4.86867E+20,5.54509E+21,8.81653E+15,5.00579E+16
145851,6.17121E+18,6,4,34,1,2017,12,17,7,3,3,6,0,1,0,0,1,2,1,4.72637E+20,5.56375E+21,8.6164E+15,5.02252E+16
145852,6.17121E+18,6,4,31,5,2017,12,21,7,2,6,4,0,0,1,0,1,2,0,4.60657E+20,5.49866E+21,8.45509E+15,4.96392E+16
145853,6.17121E+18,6,4,33,8,2017,12,0,7,3,5,7,0,1,0,0,0,2,0,4.68421E+20,5.53758E+21,8.55946E+15,4.99898E+16
145854,6.17121E+18,6,5,31,13,2017,12,9,6,3,8,7,0,0,0,1,1,0,1,4.79022E+20,5.61082E+21,8.70327E+15,5.06489E+16
145855,6.17121E+18,6,6,36,14,2017,12,10,6,3,5,3,0,1,0,0,0,0,0,5.70166E+20,5.66738E+21,1.00033E+16,5.11536E+16
145856,6.17121E+18,6,6,34,9,2017,12,12,6,3,4,1,0,1,0,0,0,0,2,5.28976E+20,5.65339E+21,9.41321E+15,5.10314E+16
145857,6.17121E+18,6,6,32,2,2017,12,13,6,3,0,7,0,1,0,0,0,0,0,5.50081E+20,5.63526E+21,9.71168E+15,5.08669E+16
145858,6.17121E+18,6,6,32,2,2017,12,12,6,3,0,7,0,1,0,1,0,0,1,5.4998E+20,5.63503E+21,9.71021E+15,5.08648E+16
145859,6.17121E+18,6,6,11,0,2017,12,7,6,3,5,3,1,1,0,0,0,2,1,5.33657E+20,5.68478E+21,9.48292E+15,5.13133E+16
145860,6.17121E+18,6,4,13,0,2017,12,20,6,3,6,4,0,1,1,0,0,2,1,4.82875E+20,5.54974E+21,8.76055E+15,5.00997E+16
145861,6.17121E+18,6,4,12,0,2017,12,13,6,3,6,4,0,1,1,0,0,0,0,4.68733E+20,5.55177E+21,8.56265E+15,5.01173E+16
145862,6.17121E+18,6,4,12,0,2017,12,20,6,3,1,5,0,1,0,0,0,2,1,4.71036E+20,5.54806E+21,8.59514E+15,5.00841E+16
145863,6.17121E+18,6,4,32,23,2017,12,15,6,3,5,3,1,1,0,0,0,0,0,4.70483E+20,5.52786E+21,8.58896E+15,4.99024E+16
145864,6.17121E+18,6,4,32,23,2017,12,8,6,3,5,3,0,1,0,0,0,0,1,4.72653E+20,5.53099E+21,8.61896E+15,4.99307E+16
145865,6.17121E+18,6,4,11,0,2017,12,18,6,3,5,2,0,1,0,1,0,2,1,4.72908E+20,5.52607E+21,8.62286E+15,4.98864E+16
145866,6.17121E+18,6,4,11,0,2017,12,16,6,3,5,2,1,0,0,0,1,2,0,4.72759E+20,5.52407E+21,8.62092E+15,4.98684E+16
145867,6.17121E+18,6,4,11,0,2017,12,7,6,3,6,2,0,1,1,0,0,2,1,4.73817E+20,5.52528E+21,8.63557E+15,4.98793E+16
145868,6.17121E+18,6,4,11,0,2017,12,2,6,2,1,5,1,1,0,0,0,2,1,4.75589E+20,5.52311E+21,8.66037E+15,4.98599E+16
145869,6.17121E+18,6,6,34,22,2017,12,12,6,3,6,4,0,1,1,0,0,0,0,5.16739E+20,5.64001E+21,9.2381E+15,5.09115E+16
145870,6.17121E+18,6,6,35,3,2017,12,10,6,3,6,4,0,1,1,0,0,0,1,5.08477E+20,5.6629E+21,9.12111E+15,5.11175E+16
145871,6.17121E+18,6,4,38,7,2017,12,18,6,3,2,6,0,1,0,0,0,2,1,4.99596E+20,5.5403E+21,8.99435E+15,5.0015E+16
145872,6.17121E+18,6,4,38,11,2017,12,9,6,3,2,6,0,1,0,0,0,0,1,4.91687E+20,5.54483E+21,8.88387E+15,5.00557E+16
145873,6.17121E+18,6,4,40,3,2017,12,5,6,2,6,4,0,1,1,0,0,2,1,4.81159E+20,5.55853E+21,8.73612E+15,5.01787E+16
145874,6.17121E+18,6,4,38,12,2017,12,0,6,3,0,7,1,0,0,0,0,2,1,4.85703E+20,5.53565E+21,8.80062E+15,4.9973E+16
145875,6.17121E+18,6,4,32,19,2017,12,17,6,2,6,2,0,1,1,0,0,2,0,4.8805E+20,5.52003E+21,8.83383E+15,4.98326E+16
145876,6.17121E+18,6,4,40,2,2017,12,23,6,3,8,1,0,1,0,0,0,2,2,4.81759E+20,5.57745E+21,8.74362E+15,5.03489E+16
145877,6.17121E+18,6,4,31,13,2017,12,15,6,3,2,6,0,1,0,0,0,0,0,4.58205E+20,5.50079E+21,8.4209E+15,4.96582E+16
145878,6.17121E+18,6,5,34,6,2017,12,15,6,3,9,6,0,0,0,1,1,0,1,4.89539E+20,5.63793E+21,8.85126E+15,5.08929E+16
145879,6.17121E+18,6,5,34,21,2017,12,8,6,3,0,7,0,1,0,0,1,0,0,4.81544E+20,5.63902E+21,8.73753E+15,5.09026E+16
145880,6.17121E+18,6,4,35,14,2017,12,5,6,3,6,4,0,0,1,0,1,2,1,4.95121E+20,5.55234E+21,8.93175E+15,5.01233E+16
145881,8.17011E+18,8,2,22,0,2017,1,12,5,3,5,3,1,1,0,0,0,0,0,4.61795E+20,5.48174E+21,8.4725E+15,4.94871E+16
145882,8.17011E+18,8,2,21,0,2017,1,13,5,3,5,3,0,1,0,1,0,0,1,4.74396E+20,5.47497E+21,8.64692E+15,4.94269E+16
145883,8.17011E+18,8,2,21,0,2017,1,14,5,3,4,6,0,1,0,0,0,0,0,4.77292E+20,5.47277E+21,8.68697E+15,4.94072E+16
145884,8.17011E+18,8,2,21,0,2017,1,8,5,3,5,3,1,1,0,0,0,1,1,4.75655E+20,5.47309E+21,8.66439E+15,4.941E+16
145885,8.17011E+18,8,2,15,9,2017,1,17,5,3,4,6,1,1,0,0,0,2,0,4.69409E+20,5.44081E+21,8.58076E+15,4.91194E+16
145886,8.17011E+18,8,2,12,0,2017,1,7,5,3,0,3,1,0,0,0,1,1,1,4.51319E+20,5.42839E+21,8.33434E+15,4.90065E+16
145887,8.17011E+18,8,2,12,0,2017,1,17,5,3,3,5,1,1,0,0,0,1,1,4.53256E+20,5.42891E+21,8.36077E+15,4.90113E+16
145888,8.17011E+18,8,2,12,0,2017,1,12,5,3,0,7,1,0,0,0,0,0,0,4.51323E+20,5.42839E+21,8.3344E+15,4.90065E+16
145889,8.17011E+18,8,1,27,14,2017,1,16,5,2,6,2,0,1,1,0,0,1,0,5.78065E+20,5.4434E+21,1.00703E+16,4.91384E+16
145890,8.17011E+18,8,1,21,0,2017,1,22,5,3,8,1,0,1,0,0,0,2,1,5.1612E+20,5.44303E+21,9.22101E+15,4.91399E+16
145891,8.17011E+18,8,1,19,8,2017,1,18,5,3,2,2,0,1,0,0,0,2,1,5.31525E+20,5.42262E+21,9.43063E+15,4.89557E+16
145892,8.17011E+18,8,1,18,73,2017,1,19,5,3,5,3,0,1,0,0,0,2,1,4.99208E+20,5.42475E+21,8.98917E+15,4.89757E+16
145893,8.17011E+18,8,1,17,26,2017,1,10,5,3,5,3,0,1,0,0,0,0,1,5.48602E+20,5.39528E+21,9.66064E+15,4.87087E+16
145894,8.17011E+18,8,1,17,26,2017,1,7,5,3,5,2,0,1,0,0,1,2,1,5.48672E+20,5.39458E+21,9.6615E+15,4.87024E+16
145895,8.17011E+18,8,1,35,20,2017,1,21,5,2,2,1,1,1,0,0,0,2,1,5.86881E+20,5.38681E+21,1.01791E+16,4.86283E+16
145896,8.17011E+18,8,1,17,24,2017,1,11,5,3,0,7,0,0,0,1,0,0,1,5.60044E+20,5.38604E+21,9.81481E+15,4.86245E+16
145897,8.17011E+18,8,1,16,77,2017,1,7,5,3,6,4,0,1,1,0,0,2,1,5.17381E+20,5.39107E+21,9.23609E+15,4.86724E+16
145898,8.17011E+18,8,1,16,19,2017,1,7,5,3,5,3,0,1,0,0,0,2,1,5.25818E+20,5.39663E+21,9.35103E+15,4.87222E+16
145899,8.17011E+18,8,1,15,3,2017,1,17,5,3,6,4,0,1,1,0,0,2,0,5.01523E+20,5.39262E+21,9.02069E+15,4.86866E+16
145900,8.17011E+18,8,1,11,0,2017,1,14,5,3,2,6,0,1,0,0,0,0,1,5.13438E+20,5.40329E+21,9.18293E+15,4.87824E+16
145901,8.17011E+18,8,1,11,0,2017,1,17,5,3,6,4,0,1,1,0,0,2,1,5.08983E+20,5.39679E+21,9.12214E+15,4.8724E+16
145902,8.17011E+18,8,1,11,0,2017,1,14,5,2,5,3,0,1,0,1,0,0,1,5.12709E+20,5.40839E+21,9.17316E+15,4.88284E+16
145903,8.17011E+18,8,1,11,0,2017,1,7,5,3,6,2,0,1,1,0,0,1,1,5.12643E+20,5.39867E+21,9.17197E+15,4.87409E+16
145904,8.17011E+18,8,4,36,55,2017,1,16,4,3,0,7,1,0,1,0,0,1,2,5.76204E+20,5.29678E+21,1.0018E+16,4.78198E+16
145905,8.17011E+18,8,4,37,104,2017,1,12,4,3,5,2,0,1,0,0,0,0,1,5.15868E+20,5.32623E+21,9.21309E+15,4.80892E+16
145906,8.17011E+18,8,4,15,61,2017,1,22,4,3,5,3,0,1,0,0,0,2,1,5.16549E+20,5.37063E+21,9.22397E+15,4.84886E+16
145907,8.17011E+18,8,4,15,48,2017,1,15,4,3,5,2,0,1,0,0,0,0,1,5.40476E+20,5.35817E+21,9.54658E+15,4.83754E+16
145908,8.17011E+18,8,3,35,63,2017,1,7,4,3,5,3,1,1,0,0,0,1,2,4.98054E+20,5.2872E+21,8.97404E+15,4.77381E+16
145909,8.17011E+18,8,3,17,122,2017,1,10,4,3,5,3,0,1,0,0,1,0,1,4.17712E+20,5.36807E+21,7.88692E+15,4.84604E+16
145910,8.17011E+18,8,3,17,65,2017,1,12,4,3,1,5,0,1,0,0,0,0,1,4.11876E+20,5.35676E+21,7.81038E+15,4.83579E+16
145911,8.17011E+18,8,3,17,57,2017,1,10,4,3,5,3,1,1,0,0,0,0,0,4.14168E+20,5.37772E+21,7.83702E+15,4.85467E+16