OBJECTID,UIDENTSTLA,ULAND,UREGBEZ,UKREIS,UGEMEINDE,UJAHR,UMONAT,USTUNDE,UWOCHENTAG,UKATEGORIE,UART,UTYP1,IstRad,IstPKW,IstFuss,IstKrad,IstSonstig,LICHT,STRZUSTAND,LINREFX,LINREFY,XGCSWGS84,YGCSWGS84
145912,8.17011E+18,8,3,36,91,2017,1,11,4,3,2,6,0,1,0,0,0,0,1,3.95558E+20,5.27192E+21,7.61078E+15,4.75923E+16
145913,8.17011E+18,8,3,36,84,2017,1,17,4,3,5,3,1,1,0,0,0,2,1,4.06338E+20,5.2772E+21,7.75301E+15,4.76414E+16
145914,8.17011E+18,8,3,11,0,2017,1,9,4,3,0,1,1,0,0,0,0,0,2,4.1493E+20,5.31878E+21,7.85921E+15,4.80166E+16
145915,8.17011E+18,8,2,12,0,2017,1,21,4,3,4,6,0,1,0,0,1,2,1,4.50279E+20,5.43176E+21,8.31971E+15,4.90367E+16
145916,8.17011E+18,8,2,26,80,2017,1,15,4,3,5,3,0,1,0,0,0,0,1,4.86057E+20,5.47818E+21,8.8076E+15,4.94561E+16
145917,8.17011E+18,8,2,25,14,2017,1,9,4,3,1,6,0,1,0,0,0,0,1,5.22802E+20,5.48435E+21,9.31498E+15,4.95114E+16
145918,8.17011E+18,8,2,22,0,2017,1,7,4,3,5,3,1,0,0,0,1,1,0,4.6163E+20,5.48358E+21,8.47004E+15,4.95037E+16
145919,8.17011E+18,8,2,15,7,2017,1,18,4,3,6,2,0,1,1,0,0,2,1,4.78366E+20,5.43101E+21,8.70403E+15,4.90316E+16
145920,8.17011E+18,8,2,15,7,2017,1,18,4,3,5,3,0,1,0,0,0,1,1,4.78994E+20,5.43162E+21,8.71259E+15,4.90371E+16
145921,8.17011E+18,8,2,12,0,2017,1,5,4,3,0,1,0,0,0,1,0,2,1,4.54024E+20,5.43476E+21,8.37061E+15,4.9064E+16
145922,8.17011E+18,8,1,36,65,2017,1,11,4,3,0,3,0,1,0,0,0,0,2,5.60752E+20,5.40477E+21,9.82718E+15,4.8793E+16
145923,8.17011E+18,8,1,27,76,2017,1,16,4,2,6,1,0,1,1,0,0,1,1,5.54832E+20,5.44056E+21,9.7514E+15,4.91154E+16
145924,8.17011E+18,8,1,19,91,2017,1,17,4,3,5,3,1,1,0,0,0,2,0,5.28315E+20,5.4067E+21,9.38568E+15,4.88126E+16
145925,8.17011E+18,8,1,18,48,2017,1,12,4,3,5,3,1,1,0,0,0,0,1,5.12928E+20,5.41662E+21,9.17641E+15,4.89024E+16
145926,8.17011E+18,8,1,18,79,2017,1,19,4,3,5,2,1,1,0,0,0,2,1,5.08449E+20,5.42121E+21,9.11538E+15,4.89438E+16
145927,8.17011E+18,8,1,18,3,2017,1,7,4,3,4,1,0,1,0,0,0,2,2,5.11887E+20,5.41601E+21,9.16218E+15,4.88969E+16
145928,8.17011E+18,8,1,16,19,2017,1,14,4,3,5,3,1,0,0,0,1,0,1,5.24198E+20,5.3978E+21,9.32908E+15,4.87328E+16
145929,8.17011E+18,8,1,15,3,2017,1,13,4,3,5,3,0,1,0,0,0,0,1,4.99879E+20,5.39231E+21,8.99835E+15,4.86839E+16
145930,8.17011E+18,8,1,11,0,2017,1,18,4,2,5,3,1,0,0,0,1,2,0,5.10893E+20,5.40052E+21,9.14821E+15,4.87576E+16
145931,8.17011E+18,8,1,11,0,2017,1,11,4,3,6,2,0,1,1,0,0,0,0,5.11567E+20,5.40322E+21,9.15746E+15,4.87819E+16
145932,8.17011E+18,8,4,35,35,2017,1,18,3,2,4,1,0,1,0,0,0,2,1,5.41991E+20,5.2819E+21,9.55956E+15,4.76891E+16
145933,8.17011E+18,8,4,26,21,2017,1,17,3,3,5,3,1,1,0,0,0,2,1,5.58824E+20,5.32862E+21,9.79023E+15,4.81081E+16
145934,8.17011E+18,8,4,21,0,2017,1,19,3,3,4,2,0,1,0,0,0,2,1,5.71387E+20,5.36077E+21,9.9644E+15,4.83961E+16
145935,8.17011E+18,8,4,16,41,2017,1,16,3,3,6,4,0,1,1,0,0,0,1,5.04457E+20,5.37463E+21,9.06036E+15,4.85247E+16
145936,8.17011E+18,8,4,15,59,2017,1,12,3,2,6,2,0,1,1,0,0,0,1,5.16946E+20,5.36966E+21,9.2293E+15,4.84799E+16
145937,8.17011E+18,8,3,35,75,2017,1,19,3,3,0,1,1,0,0,0,0,2,2,4.87927E+20,5.28907E+21,8.83892E+15,4.77549E+16
145938,8.17011E+18,8,3,17,145,2017,1,13,3,3,6,4,0,1,1,0,0,0,2,4.42255E+20,5.3492E+21,8.22147E+15,4.82934E+16
145939,8.17011E+18,8,3,36,50,2017,1,12,3,3,5,3,0,1,0,0,0,0,2,4.01538E+20,5.27631E+21,7.68932E+15,4.76327E+16
145940,8.17011E+18,8,2,35,80,2017,1,8,3,2,8,1,0,1,0,0,0,1,2,4.81233E+20,5.38591E+21,8.74532E+15,4.8626E+16
145941,8.17011E+18,8,2,31,0,2017,1,18,3,3,6,4,0,1,1,0,0,2,0,4.79037E+20,5.41584E+21,8.71399E+15,4.88951E+16
145942,8.17011E+18,8,2,31,0,2017,1,18,3,3,4,1,0,1,0,0,0,2,2,4.81691E+20,5.41233E+21,8.75036E+15,4.88637E+16
145943,8.17011E+18,8,2,16,15,2017,1,20,3,3,0,6,1,0,0,0,1,2,1,4.49469E+20,5.40629E+21,8.31178E+15,4.88076E+16
145944,8.17011E+18,8,2,16,24,2017,1,17,3,3,0,3,1,1,0,0,0,1,2,4.4495E+20,5.40881E+21,8.24991E+15,4.88298E+16
145945,8.17011E+18,8,2,12,0,2017,1,8,3,3,4,6,0,1,0,0,0,0,2,4.53633E+20,5.43052E+21,8.36574E+15,4.90259E+16
145946,8.17011E+18,8,1,19,20,2017,1,16,3,3,6,4,0,1,1,0,0,0,1,5.19346E+20,5.40982E+21,9.26366E+15,4.8841E+16
145947,8.17011E+18,8,1,19,20,2017,1,18,3,3,5,3,0,1,0,0,0,2,1,5.18707E+20,5.40959E+21,9.25494E+15,4.8839E+16
145948,8.17011E+18,8,1,17,26,2017,1,23,3,3,7,1,0,1,0,0,0,2,1,5.47986E+20,5.39499E+21,9.65223E+15,4.87061E+16
145949,8.17011E+18,8,1,16,77,2017,1,10,3,3,5,3,0,1,0,0,0,0,1,5.16245E+20,5.39219E+21,9.2207E+15,4.86826E+16
145950,8.17011E+18,8,1,16,77,2017,1,7,3,2,5,2,1,1,0,0,0,2,1,5.16112E+20,5.38947E+21,9.21878E+15,4.8658E+16
145951,8.17011E+18,8,1,15,3,2017,1,11,3,3,0,7,0,1,0,0,0,0,1,5.00689E+20,5.39221E+21,9.00936E+15,4.8683E+16
145952,8.17011E+18,8,1,11,0,2017,1,18,3,3,9,1,0,1,0,0,0,2,2,5.07595E+20,5.40316E+21,9.10339E+15,4.87814E+16
145953,8.17011E+18,8,1,11,0,2017,1,19,3,3,2,6,0,1,0,0,0,2,1,5.16497E+20,5.41031E+21,9.22485E+15,4.88455E+16
145954,8.17011E+18,8,4,37,88,2017,1,13,2,3,4,2,0,1,0,0,0,0,0,5.17984E+20,5.30892E+21,9.24078E+15,4.79333E+16
145955,8.17011E+18,8,4,26,70,2017,1,8,2,3,4,7,1,1,0,0,0,0,2,5.65721E+20,5.34119E+21,9.88481E+15,4.82205E+16
145956,8.17011E+18,8,4,16,41,2017,1,12,2,3,0,7,1,0,0,0,0,0,1,5.03567E+20,5.37436E+21,9.0483E+15,4.85223E+16
145957,8.17011E+18,8,3,37,96,2017,1,7,2,1,6,4,0,1,1,0,0,1,1,4.2066E+20,5.26718E+21,7.94547E+15,4.75532E+16
145958,8.17011E+18,8,4,36,4,2017,1,12,2,3,8,1,0,0,0,0,1,0,2,5.82613E+20,5.30977E+21,1.01061E+16,4.79359E+16
145959,8.17011E+18,8,3,26,74,2017,1,18,2,3,5,3,0,1,0,0,0,2,2,4.59406E+20,5.32257E+21,8.45523E+15,4.80551E+16
145960,8.17011E+18,8,3,17,57,2017,1,11,2,2,6,2,0,1,1,0,0,0,1,4.12586E+20,5.38056E+21,7.81499E+15,4.85721E+16
145961,8.17011E+18,8,3,11,0,2017,1,11,2,2,6,4,0,1,1,0,0,0,1,4.14408E+20,5.31668E+21,7.85263E+15,4.79977E+16
145962,8.17011E+18,8,2,12,0,2017,1,15,2,3,5,7,0,1,0,0,1,0,1,4.55374E+20,5.42877E+21,8.38974E+15,4.90102E+16
145963,8.17011E+18,8,2,31,0,2017,1,18,2,3,2,6,0,1,0,1,0,2,1,4.78263E+20,5.41516E+21,8.70347E+15,4.8889E+16
145964,8.17011E+18,8,2,31,0,2017,1,13,2,3,2,6,0,1,0,0,0,0,1,4.75609E+20,5.41546E+21,8.66725E+15,4.88916E+16
145965,8.17011E+18,8,2,22,0,2017,1,20,2,3,5,3,0,1,0,0,0,2,0,4.61666E+20,5.48182E+21,8.47071E+15,4.94878E+16
145966,8.17011E+18,8,2,22,0,2017,1,7,2,3,5,3,0,1,0,0,0,1,1,4.67608E+20,5.48426E+21,8.55256E+15,4.95101E+16
145967,8.17011E+18,8,2,26,85,2017,1,14,2,3,1,7,0,1,0,0,0,0,0,4.91101E+20,5.45531E+21,8.87772E+15,4.92505E+16
145968,8.17011E+18,8,2,12,0,2017,1,17,2,3,6,4,0,1,1,0,0,2,2,4.57256E+20,5.42774E+21,8.41559E+15,4.90011E+16
145969,8.17011E+18,8,1,28,7,2017,1,18,2,2,6,4,0,1,1,0,0,2,1,5.56083E+20,5.48266E+21,9.77446E+15,4.9494E+16
145970,8.17011E+18,8,1,21,0,2017,1,7,2,3,6,3,0,1,1,0,0,2,2,5.1654E+20,5.44243E+21,9.22675E+15,4.91345E+16
145971,8.17011E+18,8,1,17,60,2017,1,6,2,3,4,6,0,1,0,0,0,2,1,5.42642E+20,5.38831E+21,9.57891E+15,4.86464E+16
145972,8.17011E+18,8,1,16,19,2017,1,18,2,3,5,3,1,1,0,0,0,2,1,5.25251E+20,5.39665E+21,9.34333E+15,4.87224E+16
145973,8.17011E+18,8,1,11,0,2017,1,10,2,3,2,6,0,1,0,0,0,0,1,5.0975E+20,5.39915E+21,9.13263E+15,4.87453E+16
145974,8.17011E+18,8,1,11,0,2017,1,17,2,3,0,1,0,0,0,1,0,1,1,5.12796E+20,5.40335E+21,9.1742E+15,4.87831E+16
145975,8.17011E+18,8,4,15,92,2017,1,14,1,3,0,1,0,0,0,1,0,0,2,5.19092E+20,5.36465E+21,9.25812E+15,4.84347E+16
145976,8.17011E+18,8,3,11,0,2017,1,12,1,3,5,3,0,1,0,0,0,0,1,4.18218E+20,5.31439E+21,7.90414E+15,4.79776E+16
145977,8.17011E+18,8,1,16,49,2017,1,19,1,3,4,6,0,1,0,0,0,2,2,5.2526E+20,5.38379E+21,9.34266E+15,4.86067E+16
145978,8.17011E+18,8,4,37,78,2017,1,20,7,3,6,4,0,1,1,0,0,2,0,5.08296E+20,5.3157E+21,9.1112E+15,4.79945E+16
145979,8.17011E+18,8,4,36,3,2017,1,14,7,3,6,7,0,1,1,0,0,0,2,5.8052E+20,5.30496E+21,1.00772E+16,4.78929E+16
145980,8.17011E+18,8,3,37,126,2017,1,18,7,3,2,6,0,1,0,0,1,1,1,4.41409E+20,5.27465E+21,8.22021E+15,4.76226E+16
145981,8.17011E+18,8,3,37,123,2017,1,20,7,3,8,1,0,1,0,0,0,2,2,4.52679E+20,5.28045E+21,8.36957E+15,4.76757E+16
145982,8.17011E+18,8,3,36,50,2017,1,12,7,3,5,3,0,1,0,0,0,0,0,3.99354E+20,5.27345E+21,7.66091E+15,4.76066E+16
145983,8.17011E+18,8,3,17,56,2017,1,13,7,3,5,3,0,1,0,0,0,0,0,4.35073E+20,5.38224E+21,8.11953E+15,4.85899E+16
145984,8.17011E+18,8,3,15,47,2017,1,18,7,3,4,2,0,1,0,0,0,0,1,4.15348E+20,5.32104E+21,7.86436E+15,4.80371E+16
145985,8.17011E+18,8,2,31,0,2017,1,11,7,3,5,3,0,1,0,0,0,0,0,4.79928E+20,5.41423E+21,8.72623E+15,4.88807E+16
145986,8.17011E+18,8,2,26,37,2017,1,1,7,3,5,3,0,1,0,0,0,2,0,4.66151E+20,5.46824E+21,8.53379E+15,4.93659E+16
145987,8.17011E+18,8,2,15,108,2017,1,22,7,3,2,6,0,1,0,0,0,2,2,4.5053E+20,5.42573E+21,8.32389E+15,4.89825E+16
145988,8.17011E+18,8,2,15,17,2017,1,0,7,3,4,2,0,1,0,0,0,2,2,4.55922E+20,5.42155E+21,8.39802E+15,4.89453E+16
145989,8.17011E+18,8,1,18,80,2017,1,18,7,3,6,4,1,0,1,0,0,2,2,5.09444E+20,5.41063E+21,9.12872E+15,4.88486E+16
145990,8.17011E+18,8,1,11,0,2017,1,0,7,3,8,1,0,1,0,0,0,2,2,5.11375E+20,5.41079E+21,9.15505E+15,4.885E+16
145991,8.17011E+18,8,3,36,84,2017,1,13,6,3,5,3,0,1,0,0,0,0,2,4.05375E+20,5.27766E+21,7.74009E+15,4.76455E+16
145992,8.17011E+18,8,3,35,43,2017,1,16,6,3,0,1,1,0,0,0,0,1,2,5.12607E+20,5.27865E+21,9.16791E+15,4.76611E+16
145993,8.17011E+18,8,3,17,153,2017,1,18,6,3,0,7,0,0,0,1,0,2,0,4.17126E+20,5.38816E+21,7.87501E+15,4.8641E+16
145994,8.17011E+18,8,2,26,91,2017,1,18,6,1,0,7,0,1,0,0,1,2,0,4.93633E+20,5.46116E+21,8.91242E+15,4.93031E+16
145995,8.17011E+18,8,2,26,13,2017,1,14,6,3,4,6,0,1,0,0,0,0,0,4.9844E+20,5.47937E+21,8.97847E+15,4.9467E+16
145996,8.17011E+18,8,1,18,48,2017,1,1,6,3,6,6,0,0,1,0,1,2,0,5.11282E+20,5.41494E+21,9.1539E+15,4.88873E+16
145997,8.17011E+18,8,1,18,50,2017,1,13,6,3,0,1,1,0,0,0,0,0,2,5.05331E+20,5.41765E+21,9.07276E+15,4.89118E+16
145998,8.17011E+18,8,1,15,44,2017,1,7,6,3,8,1,0,1,0,0,0,2,0,5.03097E+20,5.3879E+21,9.04204E+15,4.86442E+16
145999,8.17011E+18,8,1,11,0,2017,1,15,6,3,2,2,0,1,0,0,0,0,0,5.12306E+20,5.40281E+21,9.16751E+15,4.87782E+16
146000,8.17011E+18,8,4,26,97,2017,1,13,5,3,5,3,0,1,0,0,0,0,2,5.35526E+20,5.33367E+21,9.47768E+15,4.81553E+16
146001,8.17011E+18,8,3,36,91,2017,1,13,5,3,2,6,0,1,0,0,0,0,1,3.96834E+20,5.27237E+21,7.62765E+15,4.75965E+16
146002,8.17011E+18,8,3,35,75,2017,1,10,5,2,8,1,0,1,0,0,0,0,2,4.9337E+20,5.28791E+21,8.91156E+15,4.77445E+16
146003,8.17011E+18,8,3,27,50,2017,1,18,5,3,5,3,0,1,0,0,0,2,2,4.87045E+20,5.31471E+21,8.82638E+15,4.79856E+16
146004,8.17011E+18,8,3,17,26,2017,1,16,5,3,4,6,0,1,0,0,1,1,2,4.13488E+20,5.34725E+21,7.83409E+15,4.82725E+16
146005,8.17011E+18,8,3,17,153,2017,1,5,5,2,4,1,0,1,0,0,0,2,2,4.17938E+20,5.39003E+21,7.88565E+15,4.8658E+16
146006,8.17011E+18,8,3,11,0,2017,1,15,5,3,5,1,1,1,0,0,0,0,2,4.1874E+20,5.31435E+21,7.91113E+15,4.79773E+16
146007,8.17011E+18,8,3,36,50,2017,1,9,5,3,5,3,0,1,0,0,0,0,1,3.99356E+20,5.27345E+21,7.66094E+15,4.76066E+16
146008,8.17011E+18,8,2,12,0,2017,1,5,5,3,5,3,0,1,0,0,0,2,2,4.54181E+20,5.42859E+21,8.37345E+15,4.90085E+16
146009,8.17011E+18,8,2,36,30,2017,1,14,5,3,4,5,0,1,0,0,0,0,2,4.75435E+20,5.41883E+21,8.66467E+15,4.89219E+16
146010,8.17011E+18,8,2,31,0,2017,1,8,5,3,1,6,0,1,0,0,1,0,2,4.75868E+20,5.41492E+21,8.67082E+15,4.88868E+16
146011,8.17011E+18,8,2,26,84,2017,1,13,5,3,5,3,0,1,0,0,0,0,0,4.69914E+20,5.46976E+21,8.5855E+15,4.93798E+16
146012,8.17011E+18,8,2,22,0,2017,1,20,5,3,1,5,1,1,0,0,0,2,0,4.63333E+20,5.47778E+21,8.4941E+15,4.94515E+16
146013,8.17011E+18,8,2,26,36,2017,1,0,5,3,6,2,0,1,1,0,0,2,0,4.68543E+20,5.47977E+21,8.56582E+15,4.94697E+16
146014,8.17011E+18,8,2,21,0,2017,1,7,5,3,0,7,1,0,0,0,0,0,2,4.71987E+20,5.46884E+21,8.61412E+15,4.93717E+16
146015,8.17011E+18,8,1,27,14,2017,1,9,5,3,2,1,0,1,0,0,0,0,2,5.78243E+20,5.4429E+21,1.00726E+16,4.9134E+16
146016,8.17011E+18,8,1,21,0,2017,1,7,5,2,5,3,0,1,0,0,1,2,2,5.13525E+20,5.44797E+21,9.1856E+15,4.91844E+16
146017,8.17011E+18,8,1,21,0,2017,1,8,5,2,4,1,0,1,0,0,0,0,2,5.15242E+20,5.44589E+21,9.20908E+15,4.91656E+16
146018,8.17011E+18,8,1,19,20,2017,1,23,5,3,5,3,0,1,0,1,0,2,1,5.20273E+20,5.40644E+21,9.27612E+15,4.88106E+16
146019,8.17011E+18,8,1,18,50,2017,1,18,5,3,6,4,0,1,1,0,0,2,1,5.0587E+20,5.41679E+21,9.0801E+15,4.8904E+16
146020,8.17011E+18,8,1,17,26,2017,1,10,5,2,6,4,0,1,1,0,0,0,1,5.45384E+20,5.39533E+21,9.6169E+15,4.87093E+16
146021,8.17011E+18,8,1,15,3,2017,1,12,5,3,6,2,0,1,1,0,0,0,1,5.01326E+20,5.39202E+21,9.01801E+15,4.86812E+16
146022,8.17011E+18,8,1,11,0,2017,1,18,5,3,0,1,1,0,0,0,0,2,2,5.1704E+20,5.40646E+21,9.23209E+15,4.88109E+16
146023,8.17011E+18,8,1,11,0,2017,1,17,5,3,6,2,0,1,1,0,0,2,0,5.08373E+20,5.40659E+21,9.11404E+15,4.88122E+16
146024,8.1701E+18,8,4,36,78,2017,1,7,4,2,0,7,0,1,0,1,0,0,2,5.57254E+20,5.29219E+21,9.7643E+15,4.77805E+16
146025,8.1701E+18,8,3,26,74,2017,1,16,4,3,1,6,0,1,0,0,0,1,2,4.59276E+20,5.32416E+21,8.45333E+15,4.80694E+16
146026,8.1701E+18,8,3,26,74,2017,1,16,4,3,5,3,0,1,0,0,0,0,1,4.5866E+20,5.32317E+21,8.44516E+15,4.80604E+16
146027,8.1701E+18,8,3,25,45,2017,1,16,4,3,4,1,0,1,0,0,1,1,2,4.68321E+20,5.34997E+21,8.57282E+15,4.83022E+16
146028,8.1701E+18,8,3,17,122,2017,1,2,4,3,8,1,0,1,0,0,0,2,2,4.17475E+20,5.36876E+21,7.88359E+15,4.84666E+16
146029,8.1701E+18,8,3,16,11,2017,1,17,4,3,5,3,1,1,0,0,0,2,2,4.12938E+20,5.33089E+21,7.83003E+15,4.81253E+16
146030,8.1701E+18,8,3,11,0,2017,1,15,4,2,0,1,1,0,0,0,0,0,1,4.1287E+20,5.31733E+21,7.83188E+15,4.80033E+16
146031,8.1701E+18,8,3,11,0,2017,1,14,4,3,5,3,0,1,0,0,1,0,1,4.11585E+20,5.32155E+21,7.8138E+15,4.80411E+16
146032,8.1701E+18,8,2,31,0,2017,1,18,4,3,1,6,0,1,0,0,0,2,1,4.75203E+20,5.41455E+21,8.66177E+15,4.88834E+16
146033,8.1701E+18,8,2,31,0,2017,1,10,4,3,2,6,0,1,0,0,1,0,1,4.77037E+20,5.41541E+21,8.68673E+15,4.88912E+16
146034,8.1701E+18,8,2,16,15,2017,1,18,4,3,6,7,0,1,1,0,0,2,1,4.50827E+20,5.40461E+21,8.33048E+15,4.87926E+16
146035,8.1701E+18,8,2,12,0,2017,1,7,4,3,5,3,0,1,0,0,0,0,0,4.59841E+20,5.42671E+21,8.45104E+15,4.8992E+16
146036,8.1701E+18,8,2,11,0,2017,1,10,4,2,8,7,0,1,0,0,0,0,1,4.41063E+20,5.40497E+21,8.19751E+15,4.87949E+16
146037,8.1701E+18,8,1,36,88,2017,1,14,4,3,5,3,0,1,0,0,0,0,2,5.80338E+20,5.40914E+21,1.00947E+16,4.883E+16
146038,8.1701E+18,8,1,16,78,2017,1,1,4,3,0,1,0,0,0,1,0,2,2,5.13472E+20,5.39112E+21,9.18299E+15,4.8673E+16
146039,8.1701E+18,8,1,11,0,2017,1,10,4,3,1,5,0,1,0,0,0,0,1,5.13582E+20,5.40882E+21,9.18507E+15,4.88322E+16
146040,8.1701E+18,8,1,11,0,2017,1,7,4,3,5,3,0,1,0,0,1,1,0,5.1215E+20,5.40319E+21,9.16539E+15,4.87816E+16
146041,8.1701E+18,8,1,11,0,2017,1,19,4,3,0,7,1,0,0,0,0,2,2,5.144E+20,5.40297E+21,9.19601E+15,4.87796E+16
146042,8.1701E+18,8,4,15,61,2017,1,0,3,3,5,3,0,1,0,0,0,2,2,5.16523E+20,5.37284E+21,9.22371E+15,4.85085E+16
146043,8.1701E+18,8,4,35,16,2017,1,18,3,2,5,3,1,1,0,0,0,2,1,5.37661E+20,5.27778E+21,9.50151E+15,4.76523E+16
146044,8.1701E+18,8,3,25,51,2017,1,9,3,3,4,1,0,1,0,0,0,0,2,4.49097E+20,5.34605E+21,8.31408E+15,4.82656E+16
146045,8.1701E+18,8,2,12,0,2017,1,17,3,3,5,2,1,1,0,0,0,2,1,4.58375E+20,5.43083E+21,8.43057E+15,4.9029E+16
146046,8.1701E+18,8,2,12,0,2017,1,17,3,2,1,5,1,1,0,0,0,2,0,4.55064E+20,5.42988E+21,8.38539E+15,4.90202E+16
146047,8.1701E+18,8,2,31,0,2017,1,11,3,3,4,6,0,1,0,0,1,0,0,4.76638E+20,5.41546E+21,8.68128E+15,4.88917E+16
146048,8.1701E+18,8,2,22,0,2017,1,19,3,3,6,7,0,1,1,0,0,2,0,4.63448E+20,5.48327E+21,8.49518E+15,4.9501E+16
146049,8.1701E+18,8,2,22,0,2017,1,18,3,3,5,3,1,1,0,0,0,2,0,4.63235E+20,5.47809E+21,8.49271E+15,4.94544E+16
146050,8.1701E+18,8,2,15,84,2017,1,21,3,3,8,7,0,1,0,0,0,2,0,4.70394E+20,5.44506E+21,8.59395E+15,4.91576E+16
146051,8.1701E+18,8,1,25,38,2017,1,16,3,3,6,4,0,1,1,0,0,2,1,5.00471E+20,5.43455E+21,9.00645E+15,4.90638E+16
146052,8.1701E+18,8,1,18,81,2017,1,13,3,3,6,4,0,1,1,0,0,0,1,5.18906E+20,5.41282E+21,9.25781E+15,4.88681E+16
146053,8.1701E+18,8,1,18,79,2017,1,14,3,3,2,6,0,1,0,0,0,0,1,5.10641E+20,5.42243E+21,9.14535E+15,4.89547E+16
146054,8.1701E+18,8,1,15,28,2017,1,15,3,3,2,6,0,1,0,0,0,0,1,5.01073E+20,5.40477E+21,9.01461E+15,4.8796E+16
146055,8.1701E+18,8,4,25,28,2017,1,16,2,3,8,1,0,1,0,0,0,1,2,5.79993E+20,5.34054E+21,1.00768E+16,4.82131E+16
146056,8.1701E+18,8,3,26,74,2017,1,11,2,2,5,3,0,1,0,0,0,0,1,4.66794E+20,5.32323E+21,8.55433E+15,4.80615E+16
146057,8.1701E+18,8,3,17,96,2017,1,6,2,3,0,3,1,0,0,0,0,2,0,4.22753E+20,5.3688E+21,7.95497E+15,4.84676E+16
146058,8.1701E+18,8,3,16,11,2017,1,16,2,3,4,2,0,1,0,0,0,0,2,4.14495E+20,5.32984E+21,7.85117E+15,4.8116E+16
146059,8.1701E+18,8,3,15,74,2017,1,15,2,3,6,7,0,0,1,0,1,0,1,3.974E+20,5.29555E+21,7.62972E+15,4.78052E+16
146060,8.1701E+18,8,3,11,0,2017,1,6,2,3,5,3,1,1,0,0,0,2,0,4.143E+20,5.31772E+21,7.85098E+15,4.8007E+16
146061,8.1701E+18,8,3,11,0,2017,1,7,2,3,4,2,1,1,0,0,0,2,0,4.11218E+20,5.3183E+21,7.80954E+15,4.80118E+16
146062,8.1701E+18,8,3,11,0,2017,1,15,2,3,5,3,0,1,0,0,1,0,1,4.13041E+20,5.32029E+21,7.83357E+15,4.803E+16
146063,8.1701E+18,8,3,11,0,2017,1,17,2,3,0,1,1,0,0,0,0,2,2,4.12406E+20,5.31814E+21,7.8255E+15,4.80105E+16
146064,8.1701E+18,8,2,12,0,2017,1,5,2,3,1,5,0,1,0,0,1,2,1,4.56843E+20,5.42847E+21,8.40987E+15,4.90076E+16
146065,8.1701E+18,8,2,12,0,2017,1,18,2,3,2,2,0,1,0,0,0,2,1,4.5384E+20,5.42889E+21,8.36876E+15,4.90112E+16
146066,8.1701E+18,8,2,31,0,2017,1,17,2,3,6,2,0,1,1,0,0,2,1,4.77805E+20,5.4156E+21,8.69719E+15,4.8893E+16
146067,8.1701E+18,8,2,31,0,2017,1,6,2,3,1,6,0,1,0,0,0,2,1,4.75982E+20,5.41549E+21,8.67233E+15,4.88919E+16
146068,8.1701E+18,8,2,26,103,2017,1,17,2,3,4,2,0,1,0,0,0,2,1,4.73337E+20,5.45642E+21,8.63355E+15,4.926E+16
146069,8.1701E+18,8,2,26,36,2017,1,9,2,3,5,3,0,1,0,0,0,0,2,4.68683E+20,5.48028E+21,8.56772E+15,4.94743E+16
146070,8.1701E+18,8,2,26,28,2017,1,15,2,3,5,3,1,1,0,0,0,0,1,4.71068E+20,5.48361E+21,8.6004E+15,4.95045E+16
146071,8.1701E+18,8,2,22,0,2017,1,16,2,3,6,7,0,1,1,0,0,0,0,4.61704E+20,5.48174E+21,8.47124E+15,4.94871E+16
146072,8.1701E+18,8,1,15,45,2017,1,6,2,3,3,6,0,1,0,0,1,2,1,5.04851E+20,5.39714E+21,9.06597E+15,4.87273E+16
146073,8.1701E+18,8,1,26,69,2017,1,12,2,3,4,6,0,1,0,0,1,0,2,5.38302E+20,5.44739E+21,9.52554E+15,4.91781E+16
146074,8.1701E+18,8,1,18,48,2017,1,15,2,3,5,3,0,1,0,0,0,0,1,5.14721E+20,5.41536E+21,9.20083E+15,4.8891E+16
146075,8.1701E+18,8,1,16,70,2017,1,11,2,3,4,6,0,1,0,1,0,0,2,5.38183E+20,5.38585E+21,9.51815E+15,4.86245E+16
146076,8.1701E+18,8,1,11,0,2017,1,23,2,3,1,5,0,1,0,0,1,2,1,5.11492E+20,5.40099E+21,9.15637E+15,4.87618E+16
146077,8.1701E+18,8,4,26,38,2017,1,16,1,3,4,6,0,1,0,1,0,0,0,5.58598E+20,5.31322E+21,9.78509E+15,4.79696E+16
146078,8.1701E+18,8,3,35,43,2017,1,4,1,3,0,1,1,0,0,0,0,2,1,5.12905E+20,5.28028E+21,9.17192E+15,4.76758E+16
146079,8.1701E+18,8,3,17,100,2017,1,18,1,3,5,7,1,1,0,0,0,2,0,4.23963E+20,5.36675E+21,7.97171E+15,4.84493E+16
146080,8.1701E+18,8,3,17,65,2017,1,17,1,3,0,1,0,0,0,1,0,2,2,4.15646E+20,5.355E+21,7.86162E+15,4.83425E+16
146081,8.1701E+18,8,3,11,0,2017,1,17,1,3,1,5,0,1,0,1,0,2,1,4.16251E+20,5.31547E+21,7.87756E+15,4.7987E+16
146082,8.1701E+18,8,2,26,82,2017,1,11,1,3,1,5,0,1,0,0,0,0,0,4.75715E+20,5.47994E+21,8.66479E+15,4.94716E+16
146083,8.1701E+18,8,1,36,65,2017,1,2,1,3,9,1,0,1,0,0,0,2,0,5.60538E+20,5.40485E+21,9.82428E+15,4.87937E+16
146084,8.1701E+18,8,1,21,0,2017,1,0,1,3,6,7,0,1,1,0,0,2,1,5.1571E+20,5.44331E+21,9.21541E+15,4.91425E+16