OBJECTID,UIDENTSTLA,ULAND,UREGBEZ,UKREIS,UGEMEINDE,UJAHR,UMONAT,USTUNDE,UWOCHENTAG,UKATEGORIE,UART,UTYP1,IstRad,IstPKW,IstFuss,IstKrad,IstSonstig,LICHT,STRZUSTAND,LINREFX,LINREFY,XGCSWGS84,YGCSWGS84
146085,8.1701E+18,8,4,25,33,2017,1,3,1,3,6,6,0,1,1,0,0,2,0,5.53861E+20,5.34805E+21,9.72603E+15,4.82834E+16
146086,6.17123E+18,6,4,13,0,2017,12,18,1,3,6,7,0,1,1,0,0,2,0,4.83296E+20,5.54959E+21,8.76645E+15,5.00983E+16
146087,6.17123E+18,6,4,34,1,2017,12,21,1,3,2,5,0,1,0,0,0,2,0,4.73019E+20,5.56391E+21,8.62175E+15,5.02268E+16
146088,6.17123E+18,6,6,31,9,2017,12,21,1,3,5,3,0,1,0,0,0,2,0,5.46552E+20,5.60285E+21,9.65745E+15,5.05757E+16
146089,6.17123E+18,6,5,32,23,2017,12,11,1,3,4,6,0,1,0,0,1,0,1,4.63365E+20,5.60101E+21,8.48279E+15,5.05599E+16
146090,6.17123E+18,6,4,13,0,2017,12,13,7,3,5,3,1,1,0,0,0,0,1,4.8257E+20,5.54936E+21,8.7563E+15,5.00962E+16
146091,6.17123E+18,6,4,12,0,2017,12,18,7,3,2,6,0,1,0,0,0,1,1,4.68071E+20,5.54803E+21,8.5537E+15,5.00837E+16
146092,6.17123E+18,6,4,12,0,2017,12,11,7,3,6,4,0,1,1,0,0,0,1,4.77142E+20,5.55005E+21,8.68038E+15,5.01023E+16
146093,6.17123E+18,6,4,12,0,2017,12,14,7,3,0,1,1,0,0,0,0,0,1,4.76622E+20,5.5499E+21,8.67312E+15,5.01009E+16
146094,6.17123E+18,6,4,12,0,2017,12,17,7,3,2,2,0,1,0,0,0,2,1,4.78014E+20,5.55083E+21,8.69252E+15,5.01093E+16
146095,6.17123E+18,6,4,34,8,2017,12,17,7,2,5,3,0,1,0,0,1,1,1,4.68583E+20,5.56251E+21,8.55967E+15,5.0214E+16
146096,6.17123E+18,6,4,40,2,2017,12,8,7,3,8,1,0,1,0,0,0,0,1,4.81354E+20,5.57911E+21,8.73784E+15,5.03638E+16
146097,6.17123E+18,6,4,40,8,2017,12,16,7,3,5,3,0,1,0,0,0,2,1,4.82895E+20,5.57606E+21,8.75964E+15,5.03364E+16
146098,6.17123E+18,6,4,40,8,2017,12,18,7,3,5,3,0,1,0,0,0,2,1,4.82684E+20,5.57685E+21,8.75664E+15,5.03435E+16
146099,6.17123E+18,6,4,35,14,2017,12,17,7,3,0,7,0,1,0,0,0,2,1,4.94995E+20,5.55168E+21,8.93E+15,5.01174E+16
146100,6.17123E+18,6,4,35,17,2017,12,23,7,2,0,1,0,1,0,0,0,2,1,5.01927E+20,5.55764E+21,9.02699E+15,5.0171E+16
146101,6.17123E+18,6,4,13,0,2017,12,19,6,3,6,3,0,1,1,0,0,2,1,4.83026E+20,5.55014E+21,8.76264E+15,5.01033E+16
146102,6.17123E+18,6,4,12,0,2017,12,15,6,3,3,4,0,1,1,0,0,0,0,4.77679E+20,5.55135E+21,8.68781E+15,5.0114E+16
146103,6.17123E+18,6,4,12,0,2017,12,9,6,3,6,4,0,0,1,0,1,0,0,4.77541E+20,5.55181E+21,8.68585E+15,5.01181E+16
146104,6.17123E+18,6,4,38,11,2017,12,17,6,3,5,3,1,1,0,0,0,2,1,4.91613E+20,5.53882E+21,8.88297E+15,5.00016E+16
146105,6.17123E+18,6,4,34,1,2017,12,22,6,2,4,1,0,1,0,0,0,2,2,4.72971E+20,5.56625E+21,8.6209E+15,5.02478E+16
146106,6.17123E+18,6,5,32,12,2017,12,17,6,3,2,6,0,1,0,0,0,2,2,4.51075E+20,5.6148E+21,8.30746E+15,5.0683E+16
146107,6.17123E+18,6,5,32,6,2017,12,11,6,3,3,2,0,1,0,0,0,0,0,4.49962E+20,5.62047E+21,8.29094E+15,5.07338E+16
146108,6.17123E+18,6,4,38,1,2017,12,17,6,1,6,4,0,1,1,0,0,2,2,4.84368E+20,5.54035E+21,8.78181E+15,5.00152E+16
146109,6.17123E+18,6,4,31,20,2017,12,19,6,2,6,4,0,1,1,0,0,2,1,4.68679E+20,5.48694E+21,8.56713E+15,4.95343E+16
146110,6.17123E+18,6,4,35,14,2017,12,14,6,2,6,4,0,1,1,0,0,0,0,4.93318E+20,5.551E+21,8.90654E+15,5.01112E+16
146111,6.17123E+18,6,4,13,0,2017,12,6,5,3,5,3,0,1,0,0,0,2,1,4.82161E+20,5.55025E+21,8.75054E+15,5.01042E+16
146112,6.17123E+18,6,4,13,0,2017,12,13,5,3,2,6,0,1,0,0,0,0,0,4.83219E+20,5.55039E+21,8.76534E+15,5.01055E+16
146113,6.17123E+18,6,4,12,0,2017,12,10,5,3,5,3,1,1,0,0,0,0,1,4.71148E+20,5.55012E+21,8.59656E+15,5.01026E+16
146114,6.17123E+18,6,4,12,0,2017,12,20,5,3,1,5,0,1,0,0,0,2,0,4.76143E+20,5.55485E+21,8.6661E+15,5.01454E+16
146115,6.17123E+18,6,4,12,0,2017,12,8,5,2,5,3,0,1,0,0,1,0,0,4.75725E+20,5.54943E+21,8.6606E+15,5.00966E+16
146116,6.17123E+18,6,4,12,0,2017,12,15,5,3,3,6,1,0,0,0,0,0,1,4.7741E+20,5.55329E+21,8.68393E+15,5.01314E+16
146117,6.17123E+18,6,4,32,23,2017,12,9,5,3,5,3,0,1,0,0,0,0,1,4.7197E+20,5.52743E+21,8.60971E+15,4.98986E+16
146118,6.17123E+18,6,4,38,13,2017,12,18,5,3,6,6,1,0,1,0,0,2,0,4.97557E+20,5.54274E+21,8.96588E+15,5.0037E+16
146119,6.17123E+18,6,5,32,8,2017,12,15,5,3,6,7,0,0,1,0,1,0,0,4.54134E+20,5.60766E+21,8.35165E+15,5.0619E+16
146120,6.17123E+18,6,4,31,2,2017,12,5,5,2,9,1,0,1,0,0,0,2,1,4.72322E+20,5.50348E+21,8.61631E+15,4.96832E+16
146121,6.17123E+18,6,6,31,9,2017,12,7,5,2,9,1,0,1,0,0,0,2,1,5.42793E+20,5.60142E+21,9.6042E+15,5.05631E+16
146122,6.17123E+18,6,5,35,7,2017,12,9,4,3,5,3,0,1,0,0,0,0,2,5.22527E+20,5.59275E+21,9.31754E+15,5.04863E+16
146123,6.17123E+18,6,6,11,0,2017,12,11,4,2,6,7,0,1,1,0,0,0,1,5.34738E+20,5.68522E+21,9.49847E+15,5.13172E+16
146124,6.17123E+18,6,4,12,0,2017,12,21,4,3,6,4,0,1,1,0,0,2,1,4.7591E+20,5.54997E+21,8.66315E+15,5.01015E+16
146125,6.17123E+18,6,4,11,0,2017,12,18,4,3,2,6,0,1,0,0,1,2,0,4.73597E+20,5.5248E+21,8.63255E+15,4.9875E+16
146126,6.17123E+18,6,4,33,12,2017,12,8,4,3,5,3,1,1,0,0,0,1,0,4.58105E+20,5.53762E+21,8.41554E+15,4.99894E+16
146127,6.17123E+18,6,4,12,0,2017,12,16,3,3,6,4,0,1,1,0,0,1,1,4.77387E+20,5.5506E+21,8.68377E+15,5.01072E+16
146128,6.17123E+18,6,4,12,0,2017,12,21,3,3,0,6,1,1,0,0,0,2,0,4.77905E+20,5.55248E+21,8.6909E+15,5.01242E+16
146129,6.17123E+18,6,4,38,2,2017,12,21,3,3,5,3,0,1,0,0,0,2,0,4.77605E+20,5.54135E+21,8.68736E+15,5.0024E+16
146130,6.17123E+18,6,4,38,10,2017,12,12,3,3,1,5,1,1,0,0,0,0,1,4.90317E+20,5.54709E+21,8.86467E+15,5.0076E+16
146131,6.17123E+18,6,4,32,21,2017,12,21,3,3,1,7,0,1,1,0,0,2,0,5.00023E+20,5.53008E+21,9.00032E+15,4.99231E+16
146132,6.17123E+18,6,4,31,3,2017,12,14,3,3,5,3,0,1,0,0,0,0,1,4.60789E+20,5.50414E+21,8.45638E+15,4.96885E+16
146133,6.17123E+18,6,6,36,1,2017,12,10,2,3,1,5,0,1,0,0,1,0,0,5.66915E+20,5.68067E+21,9.95927E+15,5.12734E+16
146134,6.17123E+18,6,4,12,0,2017,12,21,2,3,8,1,0,1,0,0,0,2,0,4.73162E+20,5.55066E+21,8.62468E+15,5.01076E+16
146135,8.17012E+18,8,2,35,7,2017,1,10,7,3,5,3,0,1,0,0,0,0,0,4.8451E+20,5.39633E+21,8.7894E+15,4.87198E+16
146136,8.17012E+18,8,2,31,0,2017,1,21,7,2,1,5,0,1,0,0,1,2,0,4.76752E+20,5.41561E+21,8.68283E+15,4.8893E+16
146137,8.17012E+18,8,2,31,0,2017,1,15,7,3,1,7,0,1,0,0,0,0,0,4.75902E+20,5.41478E+21,8.67129E+15,4.88855E+16
146138,8.17012E+18,8,2,26,76,2017,1,13,7,3,0,6,0,1,0,0,0,0,0,4.75429E+20,5.46614E+21,8.6617E+15,4.93475E+16
146139,8.17012E+18,8,2,26,95,2017,1,23,7,3,8,7,0,1,0,0,0,2,0,4.75093E+20,5.462E+21,8.65734E+15,4.93102E+16
146140,8.17012E+18,8,2,22,0,2017,1,10,7,3,5,3,0,1,0,0,0,0,0,4.61135E+20,5.48216E+21,8.46334E+15,4.94908E+16
146141,8.17012E+18,8,2,16,7,2017,1,13,7,3,0,7,1,0,0,0,0,0,0,4.36542E+20,5.39391E+21,8.13766E+15,4.8695E+16
146142,8.17012E+18,8,1,35,20,2017,1,18,7,2,5,3,0,1,0,1,0,2,0,5.86085E+20,5.38621E+21,1.01682E+16,4.86231E+16
146143,8.17012E+18,8,1,17,26,2017,1,16,7,2,0,7,0,0,0,0,1,0,2,5.46042E+20,5.39533E+21,9.62585E+15,4.87093E+16
146144,8.17012E+18,8,1,35,19,2017,1,15,7,3,2,6,0,1,0,0,0,0,0,5.85567E+20,5.39353E+21,1.01627E+16,4.86889E+16
146145,8.17012E+18,8,1,26,66,2017,1,14,7,3,4,6,0,1,0,0,0,0,0,5.32762E+20,5.45507E+21,9.45015E+15,4.92475E+16
146146,8.17012E+18,8,1,21,0,2017,1,11,7,3,5,3,0,1,0,0,1,0,0,5.15762E+20,5.44493E+21,9.21618E+15,4.9157E+16
146147,8.17012E+18,8,1,19,8,2017,1,15,7,3,6,4,0,1,1,0,0,0,0,5.31062E+20,5.42122E+21,9.42419E+15,4.89431E+16
146148,8.17012E+18,8,1,25,8,2017,1,14,7,2,9,1,0,0,0,1,0,0,2,5.29183E+20,5.43187E+21,9.39931E+15,4.90391E+16
146149,8.17012E+18,8,1,17,12,2017,1,17,7,3,1,6,0,1,0,0,0,2,0,5.45199E+20,5.38807E+21,9.6136E+15,4.8644E+16
146150,8.17012E+18,8,1,16,19,2017,1,9,7,3,2,6,0,1,0,0,0,0,0,5.22655E+20,5.39822E+21,9.30812E+15,4.87366E+16
146151,8.17012E+18,8,1,11,0,2017,1,9,7,2,4,6,0,1,0,0,0,0,1,5.1234E+20,5.40077E+21,9.16791E+15,4.87599E+16
146152,8.17012E+18,8,1,11,0,2017,1,14,7,3,2,6,0,1,0,0,1,0,0,5.14251E+20,5.40396E+21,9.19402E+15,4.87885E+16
146153,8.17012E+18,8,1,11,0,2017,1,15,7,3,2,6,0,1,0,0,0,0,0,5.18235E+20,5.40295E+21,9.24821E+15,4.87793E+16
146154,8.17012E+18,8,4,36,49,2017,1,18,6,2,6,4,0,1,1,0,0,2,1,5.77429E+20,5.28225E+21,1.00318E+16,4.7689E+16
146155,8.17012E+18,8,4,21,0,2017,1,16,6,3,5,3,0,1,0,0,1,1,1,5.72904E+20,5.36445E+21,9.98553E+15,4.8429E+16
146156,8.17012E+18,8,4,17,2,2017,1,10,6,3,1,6,0,1,0,0,0,0,0,4.8885E+20,5.34525E+21,8.84978E+15,4.82603E+16
146157,8.17012E+18,8,4,16,41,2017,1,18,6,3,6,4,0,1,1,0,0,2,0,5.04199E+20,5.37379E+21,9.05687E+15,4.85172E+16
146158,8.17012E+18,8,4,16,36,2017,1,4,6,2,6,1,0,0,1,0,1,2,0,4.96248E+20,5.36957E+21,8.94923E+15,4.84792E+16
146159,8.17012E+18,8,4,15,61,2017,1,18,6,3,6,7,0,1,1,0,0,2,0,5.15547E+20,5.37106E+21,9.21043E+15,4.84925E+16
146160,8.17012E+18,8,3,16,11,2017,1,7,6,3,2,6,0,1,0,0,0,2,0,4.13426E+20,5.3308E+21,7.83661E+15,4.81246E+16
146161,8.17012E+18,8,3,11,0,2017,1,7,6,3,5,3,1,0,0,0,1,0,0,4.14593E+20,5.31788E+21,7.85487E+15,4.80085E+16
146162,8.17012E+18,8,3,11,0,2017,1,22,6,3,2,6,0,1,0,0,0,2,0,4.12158E+20,5.31738E+21,7.82232E+15,4.80037E+16
146163,8.17012E+18,8,3,15,47,2017,1,17,6,3,5,2,1,1,0,0,0,1,0,4.15327E+20,5.32093E+21,7.8641E+15,4.80361E+16
146164,8.17012E+18,8,2,12,0,2017,1,6,6,3,7,7,1,0,0,0,0,2,1,4.58398E+20,5.42995E+21,8.43099E+15,4.9021E+16
146165,8.17012E+18,8,2,26,55,2017,1,17,6,3,9,7,0,1,0,0,0,2,1,5.00782E+20,5.45709E+21,9.01075E+15,4.92665E+16
146166,8.17012E+18,8,2,22,0,2017,1,8,6,3,2,6,0,1,0,0,0,0,0,4.63792E+20,5.47935E+21,8.50029E+15,4.94657E+16
146167,8.17012E+18,8,2,22,0,2017,1,14,6,3,2,6,0,1,0,0,0,0,1,4.64316E+20,5.48304E+21,8.50718E+15,4.9499E+16
146168,8.17012E+18,8,2,22,0,2017,1,7,6,3,5,3,0,1,0,0,0,1,0,4.6525E+20,5.48195E+21,8.52018E+15,4.94892E+16
146169,8.17012E+18,8,2,22,0,2017,1,17,6,2,6,2,0,1,1,0,0,2,0,4.65334E+20,5.47707E+21,8.52177E+15,4.94453E+16
146170,8.17012E+18,8,2,21,0,2017,1,13,6,3,6,2,0,1,1,0,0,0,0,4.76862E+20,5.47421E+21,8.68097E+15,4.94201E+16
146171,8.17012E+18,8,2,12,0,2017,1,19,6,3,0,4,0,0,1,0,1,2,0,4.60037E+20,5.43027E+21,8.45337E+15,4.9024E+16
146172,8.17012E+18,8,2,15,17,2017,1,13,6,3,6,7,0,1,1,0,0,0,0,4.56757E+20,5.42163E+21,8.40942E+15,4.89461E+16
146173,8.17012E+18,8,2,11,0,2017,1,10,6,3,6,2,0,1,1,0,0,0,0,4.43918E+20,5.40051E+21,8.23698E+15,4.8755E+16
146174,8.17012E+18,8,1,15,29,2017,1,13,6,3,0,6,0,1,0,0,1,0,0,4.97965E+20,5.39929E+21,8.97232E+15,4.87466E+16
146175,8.17012E+18,8,1,36,9,2017,1,6,6,3,4,1,0,1,0,0,0,2,0,5.67676E+20,5.408E+21,9.92197E+15,4.88213E+16
146176,8.17012E+18,8,1,36,9,2017,1,12,6,3,4,6,0,1,0,0,0,0,0,5.68555E+20,5.40809E+21,9.93396E+15,4.8822E+16
146177,8.17012E+18,8,1,21,0,2017,1,8,6,3,8,7,0,1,0,0,0,0,0,5.14551E+20,5.44575E+21,9.1996E+15,4.91644E+16
146178,8.17012E+18,8,1,19,85,2017,1,9,6,3,5,3,0,1,0,0,1,0,0,5.29006E+20,5.41379E+21,9.39559E+15,4.88763E+16
146179,8.17012E+18,8,1,19,86,2017,1,14,6,3,5,3,0,1,0,0,1,0,0,5.35587E+20,5.40496E+21,9.48458E+15,4.87966E+16
146180,8.17012E+18,8,1,18,48,2017,1,8,6,3,6,2,0,1,1,0,0,0,0,5.16421E+20,5.41559E+21,9.22403E+15,4.88931E+16
146181,8.17012E+18,8,1,18,46,2017,1,15,6,3,0,7,0,1,1,0,0,0,0,5.13337E+20,5.41242E+21,9.18185E+15,4.88646E+16
146182,8.17012E+18,8,1,16,33,2017,1,12,6,3,5,3,1,1,0,0,0,0,0,5.33122E+20,5.38895E+21,9.44972E+15,4.86527E+16
146183,8.17012E+18,8,1,16,14,2017,1,17,6,3,6,4,0,1,1,0,0,2,0,5.28175E+20,5.39553E+21,9.38301E+15,4.87121E+16
146184,8.17012E+18,8,1,15,42,2017,1,18,6,3,4,6,0,1,0,0,0,2,0,4.96627E+20,5.40651E+21,8.95406E+15,4.88115E+16
146185,8.17012E+18,8,1,15,3,2017,1,15,6,3,5,3,1,1,0,0,0,0,0,4.98454E+20,5.3928E+21,8.979E+15,4.86883E+16
146186,8.17012E+18,8,1,15,46,2017,1,17,6,3,7,4,0,1,1,0,0,2,0,5.09025E+20,5.39046E+21,9.12257E+15,4.86671E+16
146187,8.17012E+18,8,1,11,0,2017,1,0,6,2,6,4,0,0,1,0,1,2,0,5.12668E+20,5.40293E+21,9.17243E+15,4.87793E+16
146188,8.17012E+18,8,1,11,0,2017,1,8,6,3,0,1,1,0,0,0,0,0,0,5.12636E+20,5.4081E+21,9.17216E+15,4.88258E+16
146189,8.17012E+18,8,1,11,0,2017,1,7,6,3,6,4,0,1,1,0,0,1,0,5.14958E+20,5.40242E+21,9.20359E+15,4.87746E+16
146190,8.17012E+18,8,4,37,104,2017,1,11,5,3,2,6,0,1,0,0,0,0,1,5.16682E+20,5.32708E+21,9.22405E+15,4.80968E+16
146191,8.17012E+18,8,4,37,104,2017,1,7,5,3,5,2,0,1,0,0,0,1,0,5.16983E+20,5.32388E+21,9.22796E+15,4.8068E+16
146192,8.17012E+18,8,4,26,100,2017,1,17,5,3,0,5,0,1,0,0,0,2,2,5.77117E+20,5.31866E+21,1.00341E+16,4.80166E+16
146193,8.17012E+18,8,4,21,0,2017,1,18,5,3,4,2,0,1,0,0,0,2,1,5.69216E+20,5.36327E+21,9.93548E+15,4.84188E+16
146194,8.17012E+18,8,4,16,6,2017,1,12,5,3,5,3,0,1,0,0,0,0,0,4.97683E+20,5.35924E+21,8.96871E+15,4.83863E+16
146195,8.17012E+18,8,4,15,59,2017,1,10,5,3,2,6,0,1,0,0,0,0,0,5.16804E+20,5.36876E+21,9.22735E+15,4.84717E+16
146196,8.17012E+18,8,3,35,28,2017,1,7,5,3,0,1,1,0,0,0,0,1,0,4.8336E+20,5.28665E+21,8.77807E+15,4.7733E+16
146197,8.17012E+18,8,3,26,12,2017,1,16,5,3,2,6,0,1,0,0,0,0,0,4.627E+20,5.31093E+21,8.50045E+15,4.79506E+16
146198,8.17012E+18,8,3,17,47,2017,1,14,5,3,1,6,0,1,0,0,0,0,0,4.19801E+20,5.36465E+21,7.91584E+15,4.84299E+16
146199,8.17012E+18,8,3,17,57,2017,1,15,5,3,5,3,0,1,0,0,0,0,0,4.12578E+20,5.3801E+21,7.81497E+15,4.85679E+16
146200,8.17012E+18,8,3,17,57,2017,1,11,5,2,5,3,0,1,0,0,0,0,0,4.14014E+20,5.38417E+21,7.8336E+15,4.86047E+16
146201,8.17012E+18,8,3,17,141,2017,1,17,5,3,6,7,0,1,1,0,0,1,0,4.19035E+20,5.37689E+21,7.90312E+15,4.85399E+16
146202,8.17012E+18,8,3,16,11,2017,1,21,5,3,6,4,1,0,1,0,0,2,0,4.14417E+20,5.33019E+21,7.85004E+15,4.81192E+16
146203,8.17012E+18,8,3,15,48,2017,1,5,5,3,0,4,0,1,1,0,0,2,0,3.99034E+20,5.31011E+21,7.64814E+15,4.79363E+16
146204,8.17012E+18,8,3,11,0,2017,1,13,5,3,6,7,0,0,1,0,1,0,0,4.135E+20,5.31657E+21,7.84048E+15,4.79966E+16
146205,8.17012E+18,8,2,12,0,2017,1,8,5,2,9,1,0,1,0,0,0,0,0,4.56689E+20,5.4289E+21,8.40772E+15,4.90115E+16
146206,8.17012E+18,8,2,15,108,2017,1,10,5,3,5,3,0,1,0,0,1,0,0,4.49201E+20,5.42418E+21,8.30591E+15,4.89685E+16
146207,8.17012E+18,8,2,15,96,2017,1,18,5,3,6,4,0,1,1,0,0,2,0,4.63284E+20,5.41702E+21,8.49898E+15,4.8905E+16
146208,8.17012E+18,8,2,35,46,2017,1,16,5,3,4,6,0,1,0,0,0,0,2,4.80154E+20,5.37614E+21,8.73115E+15,4.85381E+16
146209,8.17012E+18,8,2,31,0,2017,1,19,5,3,5,3,0,1,0,0,0,2,0,4.77039E+20,5.41581E+21,8.68673E+15,4.88949E+16
146210,8.17012E+18,8,2,36,40,2017,1,14,5,2,5,3,1,1,0,0,0,0,0,4.88886E+20,5.42221E+21,8.8482E+15,4.89527E+16
146211,8.17012E+18,8,2,26,41,2017,1,16,5,3,6,2,0,1,1,0,0,0,0,4.76869E+20,5.46581E+21,8.68156E+15,4.93446E+16
146212,8.17012E+18,8,2,26,96,2017,1,16,5,3,2,6,0,1,0,0,0,0,0,4.74853E+20,5.48859E+21,8.65235E+15,4.95494E+16
146213,8.17012E+18,8,2,22,0,2017,1,15,5,3,5,3,0,1,0,0,0,0,0,4.6449E+20,5.48388E+21,8.50952E+15,4.95065E+16
146214,8.17012E+18,8,2,16,49,2017,1,6,5,2,5,3,1,1,0,0,0,2,0,4.38714E+20,5.40163E+21,8.16601E+15,4.87647E+16
146215,8.17012E+18,8,1,35,19,2017,1,12,5,3,5,3,0,1,0,0,0,0,0,5.84135E+20,5.3912E+21,1.01427E+16,4.86682E+16
146216,8.17012E+18,8,1,35,19,2017,1,14,5,3,1,7,0,1,0,0,0,0,0,5.85151E+20,5.39187E+21,1.01567E+16,4.8674E+16
146217,8.17012E+18,8,1,35,19,2017,1,11,5,3,1,7,0,1,0,0,1,0,0,5.85529E+20,5.39593E+21,1.01626E+16,4.87105E+16
146218,8.17012E+18,8,1,27,76,2017,1,9,5,3,5,3,0,1,0,0,0,0,2,5.56925E+20,5.44062E+21,9.78008E+15,4.91157E+16
146219,8.17012E+18,8,1,18,48,2017,1,16,5,3,6,4,0,1,1,0,0,1,2,5.1268E+20,5.41753E+21,9.17305E+15,4.89105E+16
146220,8.17012E+18,8,1,18,48,2017,1,9,5,3,6,4,0,1,1,0,0,0,0,5.13337E+20,5.41751E+21,9.18202E+15,4.89104E+16
146221,8.17012E+18,8,1,17,26,2017,1,16,5,3,1,5,0,1,0,0,0,2,0,5.48312E+20,5.39477E+21,9.65663E+15,4.87041E+16
146222,8.17012E+18,8,1,17,49,2017,1,15,5,2,6,4,0,1,1,0,0,0,0,5.56795E+20,5.3925E+21,9.77162E+15,4.8683E+16
146223,8.17012E+18,8,1,16,19,2017,1,11,5,3,6,7,0,0,1,0,1,0,0,5.22091E+20,5.39881E+21,9.30048E+15,4.87419E+16
146224,8.17012E+18,8,1,16,19,2017,1,15,5,3,5,3,0,1,0,0,0,0,0,5.21256E+20,5.3981E+21,9.28908E+15,4.87356E+16
146225,8.17012E+18,8,1,16,19,2017,1,7,5,3,2,6,0,1,0,0,0,1,0,5.21306E+20,5.39731E+21,9.28973E+15,4.87284E+16
146226,8.17012E+18,8,1,11,0,2017,1,18,5,3,5,2,1,1,0,0,0,2,0,5.11125E+20,5.40173E+21,9.1514E+15,4.87685E+16
146227,8.17012E+18,8,4,21,0,2017,1,17,4,3,6,2,0,0,1,0,1,2,1,5.72801E+20,5.36453E+21,9.98415E+15,4.84297E+16
146228,8.17012E+18,8,4,21,0,2017,1,12,4,3,2,6,0,1,0,0,0,0,0,5.72562E+20,5.36062E+21,9.98024E+15,4.83946E+16
146229,8.17012E+18,8,4,15,50,2017,1,15,4,3,2,6,0,1,0,0,0,0,0,5.20707E+20,5.37635E+21,9.28052E+15,4.85399E+16
146230,8.17012E+18,8,3,27,46,2017,1,13,4,2,0,1,1,0,0,0,0,0,1,4.80072E+20,5.32398E+21,8.73249E+15,4.80688E+16
146231,8.17012E+18,8,3,26,74,2017,1,19,4,3,1,6,0,1,0,0,0,2,1,4.61084E+20,5.32411E+21,8.47761E+15,4.80691E+16
146232,8.17012E+18,8,3,26,74,2017,1,19,4,3,2,6,0,1,0,0,0,2,1,4.62665E+20,5.32487E+21,8.49876E+15,4.8076E+16
146233,8.17012E+18,8,3,17,96,2017,1,22,4,3,8,7,0,0,0,1,0,2,2,4.23307E+20,5.36903E+21,7.96242E+15,4.84697E+16
146234,8.17012E+18,8,3,15,15,2017,1,9,4,3,1,7,0,1,0,0,1,0,0,3.95952E+20,5.31993E+21,7.6045E+15,4.80242E+16
146235,8.17012E+18,8,3,11,0,2017,1,17,4,2,0,1,1,0,0,0,0,2,2,4.11618E+20,5.31502E+21,7.81558E+15,4.79824E+16
146236,8.17012E+18,8,3,11,0,2017,1,13,4,3,6,4,0,0,1,0,1,0,0,4.11196E+20,5.32012E+21,7.80887E+15,4.80282E+16
146237,8.17012E+18,8,2,15,109,2017,1,14,4,3,9,7,0,1,0,0,0,0,0,4.63121E+20,5.43987E+21,8.49468E+15,4.91106E+16
146238,8.17012E+18,8,2,12,0,2017,1,10,4,3,0,7,0,0,0,0,1,0,0,4.55746E+20,5.42875E+21,8.39483E+15,4.901E+16
146239,8.17012E+18,8,2,31,0,2017,1,16,4,3,6,4,0,1,1,0,0,1,0,4.77313E+20,5.41551E+21,8.69049E+15,4.88922E+16
146240,8.17012E+18,8,2,22,0,2017,1,15,4,3,2,6,0,1,0,0,0,0,0,4.63516E+20,5.48426E+21,8.49603E+15,4.95098E+16
146241,8.17012E+18,8,2,21,0,2017,1,7,4,3,5,2,1,1,0,0,0,2,0,4.76911E+20,5.47474E+21,8.68161E+15,4.94249E+16
146242,8.17012E+18,8,1,25,65,2017,1,7,4,3,4,2,0,1,0,1,0,1,0,5.16105E+20,5.449E+21,9.22104E+15,4.91936E+16
146243,8.17012E+18,8,1,15,28,2017,1,10,4,3,5,2,0,1,0,0,1,0,0,5.01623E+20,5.40261E+21,9.02209E+15,4.87765E+16
146244,8.17012E+18,8,1,16,49,2017,1,6,4,3,3,2,0,1,0,0,0,1,0,5.24145E+20,5.38565E+21,9.32765E+15,4.86235E+16
146245,8.17012E+18,8,1,15,3,2017,1,6,4,3,5,3,0,1,0,0,0,1,0,5.00794E+20,5.39169E+21,9.01079E+15,4.86782E+16
146246,8.17012E+18,8,1,11,0,2017,1,17,4,2,4,6,0,1,0,0,1,2,0,5.10867E+20,5.4005E+21,9.14786E+15,4.87574E+16
146247,8.17012E+18,8,4,21,0,2017,1,20,3,3,1,6,0,1,0,0,0,2,1,5.71415E+20,5.36124E+21,9.96486E+15,4.84002E+16
146248,8.17012E+18,8,4,16,41,2017,1,14,3,2,0,7,0,0,1,0,1,0,0,5.041E+20,5.37231E+21,9.05551E+15,4.85039E+16
146249,8.17012E+18,8,4,16,41,2017,1,18,3,3,6,4,0,1,1,0,0,2,0,5.04225E+20,5.377E+21,9.05724E+15,4.8546E+16
146250,8.17012E+18,8,3,16,56,2017,1,7,3,2,0,1,1,0,0,0,0,0,2,4.22476E+20,5.32709E+21,7.95888E+15,4.80924E+16
146251,8.17012E+18,8,3,15,74,2017,1,16,3,3,5,3,0,1,0,0,0,0,0,3.95484E+20,5.29578E+21,7.60408E+15,4.78069E+16
146252,8.17012E+18,8,3,36,91,2017,1,7,3,3,5,3,1,1,0,0,0,2,1,3.96474E+20,5.27201E+21,7.62295E+15,4.75933E+16
146253,8.17012E+18,8,3,11,0,2017,1,9,3,2,6,7,0,1,1,0,0,0,0,4.14048E+20,5.31612E+21,7.84791E+15,4.79926E+16
146254,8.17012E+18,8,2,12,0,2017,1,20,3,2,5,3,0,1,0,0,0,2,0,4.53394E+20,5.43072E+21,8.36245E+15,4.90276E+16
146255,8.17012E+18,8,2,12,0,2017,1,10,3,3,5,3,1,1,0,0,0,0,0,4.6164E+20,5.42754E+21,8.47554E+15,4.89996E+16
146256,8.17012E+18,8,2,31,0,2017,1,16,3,3,5,3,0,1,0,0,0,1,0,4.77502E+20,5.41544E+21,8.69308E+15,4.88915E+16
146257,8.17012E+18,8,2,36,38,2017,1,9,3,3,6,7,0,0,1,0,1,0,0,4.863E+20,5.42733E+21,8.81269E+15,4.89987E+16