OBJECTID,UIDENTSTLA,ULAND,UREGBEZ,UKREIS,UGEMEINDE,UJAHR,UMONAT,USTUNDE,UWOCHENTAG,UKATEGORIE,UART,UTYP1,IstRad,IstPKW,IstFuss,IstKrad,IstSonstig,LICHT,STRZUSTAND,LINREFX,LINREFY,XGCSWGS84,YGCSWGS84
146603,8.17012E+18,8,2,21,0,2017,1,9,2,3,2,6,0,1,0,0,0,0,1,4.73572E+20,5.47513E+21,8.63554E+15,4.94283E+16
146604,8.17012E+18,8,2,25,58,2017,1,18,2,3,1,6,0,1,0,0,0,2,0,5.09436E+20,5.4655E+21,9.1299E+15,4.93421E+16
146605,8.17012E+18,8,2,22,0,2017,1,12,2,3,4,6,0,1,0,0,0,0,0,4.61551E+20,5.48882E+21,8.46844E+15,4.95508E+16
146606,8.17012E+18,8,2,22,0,2017,1,20,2,3,2,6,0,1,0,0,0,2,1,4.64481E+20,5.48488E+21,8.5093E+15,4.95155E+16
146607,8.17012E+18,8,2,21,0,2017,1,17,2,3,5,3,1,1,0,0,0,1,0,4.7697E+20,5.46906E+21,8.68275E+15,4.93738E+16
146608,8.17012E+18,8,2,15,9,2017,1,13,2,3,0,1,0,0,0,1,0,0,0,4.70478E+20,5.44123E+21,8.59538E+15,4.91232E+16
146609,8.17012E+18,8,2,15,97,2017,1,21,2,3,8,1,0,1,0,0,0,2,0,4.79703E+20,5.44222E+21,8.72177E+15,4.91325E+16
146610,8.17012E+18,8,2,12,0,2017,1,9,2,3,6,6,1,0,1,0,0,0,0,4.51406E+20,5.42691E+21,8.33572E+15,4.89932E+16
146611,8.17012E+18,8,2,12,0,2017,1,12,2,3,5,2,0,1,0,1,0,0,0,4.55219E+20,5.42981E+21,8.38751E+15,4.90195E+16
146612,8.17012E+18,8,2,12,0,2017,1,22,2,3,0,7,1,0,0,0,0,2,0,4.56817E+20,5.42866E+21,8.40949E+15,4.90094E+16
146613,8.17012E+18,8,2,12,0,2017,1,9,2,3,5,3,0,1,0,0,0,0,1,4.61213E+20,5.42724E+21,8.46973E+15,4.89968E+16
146614,8.17012E+18,8,1,36,88,2017,1,7,2,3,0,1,0,0,1,0,1,2,2,5.80122E+20,5.41003E+21,1.00919E+16,4.88381E+16
146615,8.17012E+18,8,1,27,76,2017,1,13,2,3,1,5,0,1,0,0,1,0,0,5.57094E+20,5.43945E+21,9.78224E+15,4.91052E+16
146616,8.17012E+18,8,1,21,0,2017,1,6,2,3,1,5,0,1,0,0,1,2,0,5.14345E+20,5.44408E+21,9.19671E+15,4.91494E+16
146617,8.17012E+18,8,1,21,0,2017,1,7,2,3,5,3,0,1,0,0,1,0,0,5.16213E+20,5.44322E+21,9.22229E+15,4.91416E+16
146618,8.17012E+18,8,1,16,49,2017,1,14,2,3,5,3,0,1,0,0,1,0,0,5.24824E+20,5.38623E+21,9.3369E+15,4.86286E+16
146619,8.17012E+18,8,1,16,77,2017,1,18,2,3,2,6,0,1,0,0,0,0,0,5.14139E+20,5.3917E+21,9.19207E+15,4.86782E+16
146620,8.17012E+18,8,1,16,78,2017,1,8,2,3,5,3,1,1,0,0,0,0,0,5.10449E+20,5.3949E+21,9.14203E+15,4.8707E+16
146621,8.17012E+18,8,1,16,49,2017,1,8,2,3,1,5,0,1,0,0,0,0,2,5.2557E+20,5.38785E+21,9.34712E+15,4.86432E+16
146622,8.17012E+18,8,1,16,80,2017,1,12,2,3,5,3,0,1,0,0,0,0,0,5.22624E+20,5.39515E+21,9.30753E+15,4.8709E+16
146623,8.17012E+18,8,1,11,0,2017,1,15,2,3,5,3,0,1,0,0,0,0,0,5.13818E+20,5.40951E+21,9.18832E+15,4.88384E+16
146624,8.17012E+18,8,1,11,0,2017,1,19,2,3,6,4,0,0,1,0,1,2,0,5.12341E+20,5.4028E+21,9.16798E+15,4.87781E+16
146625,8.17012E+18,8,1,11,0,2017,1,6,2,3,0,5,0,1,0,1,0,2,0,5.14981E+20,5.40233E+21,9.2039E+15,4.87738E+16
146626,8.17012E+18,8,1,11,0,2017,1,10,2,3,6,4,0,1,1,0,0,0,0,5.17137E+20,5.41009E+21,9.23357E+15,4.88435E+16
146627,8.17012E+18,8,4,21,0,2017,1,14,1,3,6,3,0,1,1,0,0,0,0,5.74303E+20,5.36392E+21,1.00043E+16,4.84241E+16
146628,8.17012E+18,8,4,37,114,2017,1,2,1,3,8,1,0,1,1,0,0,2,2,5.15726E+20,5.33687E+21,9.21158E+15,4.81849E+16
146629,8.17012E+18,8,3,26,74,2017,1,19,1,3,5,3,0,1,0,0,0,2,0,4.64041E+20,5.32232E+21,8.51745E+15,4.80532E+16
146630,8.17012E+18,8,3,26,3,2017,1,6,1,3,8,1,0,1,0,0,0,2,0,4.65794E+20,5.32171E+21,8.54103E+15,4.80477E+16
146631,8.17012E+18,8,3,16,51,2017,1,14,1,2,5,3,0,0,0,1,1,0,0,3.99234E+20,5.3352E+21,7.64491E+15,4.8162E+16
146632,8.17012E+18,8,2,12,0,2017,1,0,1,3,5,3,0,1,0,0,0,2,0,4.56127E+20,5.4289E+21,8.40003E+15,4.90114E+16
146633,8.17012E+18,8,2,25,113,2017,1,10,1,3,7,1,0,1,0,0,0,0,2,5.03206E+20,5.47314E+21,9.0442E+15,4.9411E+16
146634,8.17012E+18,8,2,22,0,2017,1,15,1,3,5,3,0,1,0,0,0,0,0,4.61689E+20,5.48028E+21,8.47118E+15,4.9474E+16
146635,8.17012E+18,8,2,21,0,2017,1,23,1,3,3,2,0,1,0,0,1,2,0,4.76709E+20,5.47285E+21,8.67894E+15,4.94079E+16
146636,8.17012E+18,8,2,15,17,2017,1,19,1,2,4,6,0,1,0,0,0,2,0,4.5546E+20,5.42279E+21,8.39158E+15,4.89564E+16
146637,8.17012E+18,8,1,19,8,2017,1,11,1,3,5,2,0,1,0,0,0,0,0,5.32992E+20,5.42238E+21,9.45065E+15,4.89535E+16
146638,8.17012E+18,8,4,17,2,2017,1,14,7,3,2,2,0,1,0,0,0,0,0,4.88706E+20,5.34563E+21,8.84782E+15,4.82638E+16
146639,8.17012E+18,8,3,37,96,2017,1,11,7,3,5,3,0,1,0,0,0,0,0,4.19312E+20,5.26685E+21,7.92761E+15,4.755E+16
146640,8.17012E+18,8,3,36,24,2017,1,1,7,3,1,5,0,1,0,0,0,2,0,3.94683E+20,5.27839E+21,7.59759E+15,4.76503E+16
146641,8.17012E+18,8,3,26,12,2017,1,12,7,3,5,3,0,1,0,0,0,0,0,4.62186E+20,5.31104E+21,8.49356E+15,4.79516E+16
146642,8.17012E+18,8,3,17,65,2017,1,17,7,3,2,6,0,0,0,1,0,1,0,4.12869E+20,5.35584E+21,7.82397E+15,4.83498E+16
146643,8.17012E+18,8,2,12,0,2017,1,13,7,3,0,4,0,0,1,0,1,0,0,4.53196E+20,5.42887E+21,8.35996E+15,4.90109E+16
146644,8.17012E+18,8,2,12,0,2017,1,8,7,3,4,2,1,1,0,0,0,0,0,4.5163E+20,5.43141E+21,8.33824E+15,4.90337E+16
146645,8.1702E+18,8,4,37,100,2017,2,7,4,3,5,3,0,1,0,0,0,0,1,5.36481E+20,5.31902E+21,9.48928E+15,4.80235E+16
146646,8.17021E+18,8,1,36,15,2017,2,13,1,3,1,5,1,1,0,0,0,0,0,5.57927E+20,5.41242E+21,9.7898E+15,4.8862E+16
146647,8.17021E+18,8,1,19,79,2017,2,9,1,3,3,5,0,1,0,0,0,0,0,5.22818E+20,5.40866E+21,9.31092E+15,4.88305E+16
146648,8.17021E+18,8,1,18,48,2017,2,10,1,3,6,4,0,1,1,0,0,0,0,5.13968E+20,5.41526E+21,9.19055E+15,4.88901E+16
146649,8.17021E+18,8,3,17,57,2017,2,16,1,3,6,4,0,0,1,0,1,0,0,4.12162E+20,5.38091E+21,7.80917E+15,4.85751E+16
146650,8.17021E+18,8,3,17,57,2017,2,21,1,2,6,4,0,1,1,0,0,2,0,4.12463E+20,5.38061E+21,7.81331E+15,4.85725E+16
146651,8.17021E+18,8,3,11,0,2017,2,19,1,3,6,4,1,0,1,0,0,2,0,4.16484E+20,5.31568E+21,7.88065E+15,4.79889E+16
146652,8.17021E+18,8,2,22,0,2017,2,19,1,2,5,3,0,1,0,0,0,2,0,4.64224E+20,5.48393E+21,8.50584E+15,4.9507E+16
146653,8.17021E+18,8,1,16,19,2017,2,15,1,3,5,3,0,1,0,0,0,0,0,5.24313E+20,5.39792E+21,9.33065E+15,4.87338E+16
146654,8.17021E+18,8,1,16,16,2017,2,13,1,3,5,3,0,1,0,1,0,0,0,5.3414E+20,5.38463E+21,9.46318E+15,4.86138E+16
146655,8.17021E+18,8,1,11,0,2017,2,21,1,3,2,6,0,1,0,0,0,2,0,5.14888E+20,5.40404E+21,9.20269E+15,4.87892E+16
146656,8.17021E+18,8,4,35,34,2017,2,12,7,3,5,3,0,1,0,0,0,0,0,5.2905E+20,5.28505E+21,9.38733E+15,4.77182E+16
146657,8.17021E+18,8,3,27,50,2017,2,12,7,3,2,6,0,1,0,0,1,0,0,4.86509E+20,5.31407E+21,8.81922E+15,4.79798E+16
146658,8.17021E+18,8,3,17,96,2017,2,17,7,3,2,6,0,1,0,0,0,2,1,4.21007E+20,5.369E+21,7.93131E+15,4.84692E+16
146659,8.17021E+18,8,3,17,65,2017,2,15,7,2,0,7,1,0,0,0,0,0,0,4.13506E+20,5.35338E+21,7.83308E+15,4.83277E+16
146660,8.17021E+18,8,3,11,0,2017,2,13,7,3,5,2,1,1,0,0,0,0,0,4.14095E+20,5.31805E+21,7.84816E+15,4.801E+16
146661,8.17021E+18,8,3,11,0,2017,2,14,7,3,6,4,0,0,1,0,1,0,0,4.13038E+20,5.31651E+21,7.83431E+15,4.7996E+16
146662,8.17021E+18,8,2,35,79,2017,2,7,7,3,9,1,0,1,0,0,0,2,1,4.66806E+20,5.3991E+21,8.54849E+15,4.8744E+16
146663,8.17021E+18,8,2,35,57,2017,2,10,7,2,0,7,1,0,0,0,1,0,0,4.89307E+20,5.39683E+21,8.8546E+15,4.87244E+16
146664,8.17021E+18,8,2,22,0,2017,2,12,7,3,5,3,1,1,0,0,0,0,0,4.62464E+20,5.47805E+21,8.48209E+15,4.94539E+16
146665,8.17021E+18,8,1,36,65,2017,2,23,7,3,9,1,0,1,0,0,0,2,0,5.64403E+20,5.40577E+21,9.87704E+15,4.88016E+16
146666,8.17021E+18,8,1,15,45,2017,2,11,7,3,8,7,0,1,0,0,0,0,0,5.00311E+20,5.3968E+21,9.00423E+15,4.87242E+16
146667,8.17021E+18,8,1,15,3,2017,2,14,7,3,5,3,0,1,0,0,0,0,0,5.02543E+20,5.39193E+21,9.03455E+15,4.86804E+16
146668,8.17021E+18,8,4,26,28,2017,2,12,6,3,0,7,0,1,0,0,0,0,0,5.69055E+20,5.34379E+21,9.93012E+15,4.82436E+16
146669,8.17021E+18,8,3,37,65,2017,2,9,6,3,5,3,0,1,0,0,0,0,0,4.4886E+20,5.27567E+21,8.31925E+15,4.76324E+16
146670,8.17021E+18,8,3,17,57,2017,2,12,6,3,5,3,1,1,0,0,0,0,0,4.12393E+20,5.38047E+21,7.8124E+15,4.85712E+16
146671,8.17021E+18,8,3,11,0,2017,2,14,6,3,1,6,0,1,0,0,0,0,1,4.15051E+20,5.32068E+21,7.86045E+15,4.80337E+16
146672,8.17021E+18,8,2,12,0,2017,2,10,6,2,6,7,0,0,1,0,1,0,0,4.5576E+20,5.42872E+21,8.39504E+15,4.90098E+16
146673,8.17021E+18,8,2,12,0,2017,2,16,6,2,0,4,0,0,1,0,1,0,0,4.61475E+20,5.42749E+21,8.4733E+15,4.89991E+16
146674,8.17021E+18,8,2,36,71,2017,2,7,6,3,1,6,0,1,0,1,0,0,0,4.69432E+20,5.42112E+21,8.58256E+15,4.89422E+16
146675,8.17021E+18,8,2,22,0,2017,2,11,6,3,5,3,0,1,0,1,0,0,0,4.63318E+20,5.48089E+21,8.4936E+15,4.94795E+16
146676,8.17021E+18,8,1,35,16,2017,2,6,6,1,0,7,0,1,0,0,0,2,0,5.90388E+20,5.38538E+21,1.02264E+16,4.8615E+16
146677,8.17021E+18,8,1,28,7,2017,2,18,6,3,5,3,1,1,0,0,0,2,0,5.55739E+20,5.48229E+21,9.76966E+15,4.94907E+16
146678,8.17021E+18,8,1,26,66,2017,2,15,6,3,0,7,0,0,0,0,1,0,0,5.35531E+20,5.45182E+21,9.48792E+15,4.92182E+16
146679,8.17021E+18,8,1,19,8,2017,2,23,6,3,6,7,0,1,1,0,0,2,0,5.31689E+20,5.42181E+21,9.4328E+15,4.89484E+16
146680,8.17021E+18,8,1,18,48,2017,2,13,6,3,4,7,0,1,0,0,0,0,0,5.14489E+20,5.41592E+21,9.19768E+15,4.88961E+16
146681,8.17021E+18,8,1,16,49,2017,2,17,6,3,5,3,0,1,0,0,0,1,0,5.25268E+20,5.38566E+21,9.34288E+15,4.86235E+16
146682,8.17021E+18,8,1,15,3,2017,2,19,6,3,5,3,1,1,0,0,0,2,0,4.99692E+20,5.39257E+21,8.99581E+15,4.86862E+16
146683,8.17021E+18,8,1,11,0,2017,2,14,6,3,6,7,0,1,1,0,0,0,0,5.13181E+20,5.40262E+21,9.1794E+15,4.87765E+16
146684,8.17021E+18,8,1,11,0,2017,2,16,6,3,5,3,0,1,0,0,0,0,0,5.10073E+20,5.40998E+21,9.13729E+15,4.88427E+16
146685,8.17021E+18,8,1,11,0,2017,2,8,6,3,5,3,1,1,0,0,0,0,0,5.11744E+20,5.40264E+21,9.15985E+15,4.87767E+16
146686,8.17021E+18,8,4,37,76,2017,2,10,5,3,5,3,0,1,0,0,1,0,0,5.24993E+20,5.32198E+21,9.33537E+15,4.80506E+16
146687,8.17021E+18,8,4,26,45,2017,2,16,5,3,5,3,0,1,0,0,0,0,0,5.34898E+20,5.32799E+21,9.46878E+15,4.81042E+16
146688,8.17021E+18,8,4,26,97,2017,2,10,5,2,6,7,0,0,1,0,1,0,0,5.35629E+20,5.33432E+21,9.47912E+15,4.81612E+16
146689,8.17021E+18,8,4,17,2,2017,2,12,5,3,5,3,0,1,0,0,0,0,0,4.89792E+20,5.34714E+21,8.86241E+15,4.82774E+16
146690,8.17021E+18,8,3,37,96,2017,2,8,5,3,6,4,0,1,1,0,0,0,0,4.20342E+20,5.26759E+21,7.94117E+15,4.75568E+16
146691,8.17021E+18,8,3,37,66,2017,2,18,5,3,5,2,0,1,0,1,0,2,0,4.3028E+20,5.26838E+21,8.07312E+15,4.75651E+16
146692,8.17021E+18,8,3,17,65,2017,2,15,5,3,2,2,0,1,0,0,0,0,0,4.13146E+20,5.35547E+21,7.82778E+15,4.83465E+16
146693,8.17021E+18,8,3,17,89,2017,2,11,5,2,6,7,0,1,1,0,0,0,0,4.32019E+20,5.37567E+21,8.07918E+15,4.85305E+16
146694,8.17021E+18,8,3,16,20,2017,2,17,5,3,3,6,0,1,0,0,0,1,0,4.08603E+20,5.33849E+21,7.77015E+15,4.8193E+16
146695,8.17021E+18,8,3,11,0,2017,2,16,5,3,2,1,0,1,0,0,1,0,0,4.10329E+20,5.31619E+21,7.79807E+15,4.79927E+16
146696,8.17021E+18,8,3,36,50,2017,2,11,5,3,6,4,0,1,1,0,0,0,0,3.99437E+20,5.2743E+21,7.66183E+15,4.76143E+16
146697,8.17021E+18,8,3,11,0,2017,2,18,5,3,4,2,1,1,0,0,0,2,0,4.13329E+20,5.31707E+21,7.83809E+15,4.80011E+16
146698,8.17021E+18,8,3,11,0,2017,2,8,5,3,5,3,0,1,0,0,1,0,0,4.1453E+20,5.31602E+21,7.8544E+15,4.79917E+16
146699,8.17021E+18,8,3,11,0,2017,2,15,5,3,4,2,0,1,0,1,0,0,0,4.13101E+20,5.31662E+21,7.83512E+15,4.7997E+16
146700,8.17021E+18,8,3,15,89,2017,2,15,5,3,0,7,0,1,0,0,0,0,0,4.06945E+20,5.30999E+21,7.75406E+15,4.79365E+16
146701,8.17021E+18,8,2,12,0,2017,2,16,5,3,0,5,0,1,0,0,1,0,0,4.55619E+20,5.42876E+21,8.39311E+15,4.90101E+16
146702,8.17021E+18,8,2,26,96,2017,2,20,5,2,0,7,1,0,0,0,0,2,0,4.74818E+20,5.48808E+21,8.6519E+15,4.95448E+16
146703,8.17021E+18,8,2,22,0,2017,2,7,5,3,5,2,1,1,0,0,0,0,0,4.62913E+20,5.48268E+21,8.48784E+15,4.94956E+16
146704,8.17021E+18,8,2,21,0,2017,2,18,5,3,2,6,0,1,0,0,0,2,0,4.77418E+20,5.4675E+21,8.68901E+15,4.93598E+16
146705,8.17021E+18,8,2,21,0,2017,2,7,5,3,0,5,1,0,0,0,1,0,0,4.76262E+20,5.47298E+21,8.67277E+15,4.9409E+16
146706,8.17021E+18,8,2,21,0,2017,2,18,5,3,2,4,0,1,1,0,0,2,0,4.78587E+20,5.47296E+21,8.70482E+15,4.94089E+16
146707,8.17021E+18,8,2,12,0,2017,2,14,5,3,5,3,1,0,0,0,1,0,0,4.55786E+20,5.42703E+21,8.39558E+15,4.89946E+16
146708,8.17021E+18,8,1,15,45,2017,2,13,5,2,0,1,1,0,0,0,0,0,0,4.97373E+20,5.39611E+21,8.96428E+15,4.8718E+16
146709,8.17021E+18,8,1,36,65,2017,2,7,5,3,5,3,0,1,0,0,0,0,0,5.56126E+20,5.40431E+21,9.76414E+15,4.87893E+16
146710,8.17021E+18,8,1,36,65,2017,2,12,5,3,0,1,1,0,0,0,0,0,0,5.58791E+20,5.4053E+21,9.80056E+15,4.87979E+16
146711,8.17021E+18,8,1,28,139,2017,2,7,5,3,1,1,0,1,0,0,1,0,0,5.51649E+20,5.49E+21,9.7142E+15,4.95604E+16
146712,8.17021E+18,8,1,19,85,2017,2,13,5,3,2,6,0,1,0,0,0,0,0,5.28717E+20,5.41357E+21,9.39163E+15,4.88745E+16
146713,8.17021E+18,8,1,18,81,2017,2,6,5,3,6,6,0,1,1,0,0,1,0,5.19008E+20,5.41266E+21,9.25918E+15,4.88666E+16
146714,8.17021E+18,8,1,18,81,2017,2,9,5,3,1,7,0,1,0,0,1,0,0,5.19263E+20,5.41257E+21,9.26266E+15,4.88658E+16
146715,8.17021E+18,8,1,18,48,2017,2,13,5,3,0,2,1,0,0,0,1,0,0,5.1592E+20,5.41553E+21,9.21719E+15,4.88925E+16
146716,8.17021E+18,8,1,15,28,2017,2,12,5,2,5,3,1,1,0,0,0,0,0,5.00569E+20,5.40454E+21,9.00774E+15,4.87939E+16
146717,8.17021E+18,8,1,15,21,2017,2,14,5,3,5,3,1,1,0,0,0,0,0,4.90067E+20,5.38211E+21,8.8653E+15,4.8592E+16
146718,8.17021E+18,8,1,11,0,2017,2,16,5,3,2,2,0,1,0,0,1,0,0,5.15848E+20,5.406E+21,9.21583E+15,4.88068E+16
146719,8.17021E+18,8,1,11,0,2017,2,12,5,3,5,3,0,1,0,0,0,0,0,5.19026E+20,5.40248E+21,9.25895E+15,4.8775E+16
146720,8.17021E+18,8,1,11,0,2017,2,6,5,2,6,4,0,0,1,0,1,1,0,5.12686E+20,5.40294E+21,9.17269E+15,4.87793E+16
146721,8.17021E+18,8,1,11,0,2017,2,11,5,3,6,4,0,1,1,0,0,0,0,5.15274E+20,5.40326E+21,9.20792E+15,4.87822E+16
146722,8.17021E+18,8,1,11,0,2017,2,11,5,2,0,5,1,1,0,0,0,0,0,5.14116E+20,5.40382E+21,9.19218E+15,4.87872E+16
146723,8.17021E+18,8,4,21,0,2017,2,9,4,3,4,2,0,1,0,0,0,0,0,5.73684E+20,5.36096E+21,9.99546E+15,4.83975E+16
146724,8.17021E+18,8,3,36,57,2017,2,9,4,3,5,3,0,1,0,0,0,0,0,4.09103E+20,5.27766E+21,7.78972E+15,4.76459E+16
146725,8.17021E+18,8,3,27,50,2017,2,15,4,3,6,4,0,1,1,0,0,0,1,4.85859E+20,5.31441E+21,8.8105E+15,4.79828E+16
146726,8.17021E+18,8,3,17,11,2017,2,20,4,3,1,5,0,1,0,0,0,2,0,4.28688E+20,5.35426E+21,8.03772E+15,4.83375E+16
146727,8.17021E+18,8,3,17,96,2017,2,13,4,3,4,2,1,1,0,0,0,0,0,4.22148E+20,5.37001E+21,7.94656E+15,4.84784E+16
146728,8.17021E+18,8,3,17,89,2017,2,17,4,3,0,1,0,0,0,1,0,0,0,4.31672E+20,5.37563E+21,8.07449E+15,4.85301E+16
146729,8.17021E+18,8,3,17,96,2017,2,19,4,2,0,7,1,0,0,0,0,2,0,4.23569E+20,5.37036E+21,7.96572E+15,4.84817E+16
146730,8.17021E+18,8,3,11,0,2017,2,18,4,3,5,3,1,1,0,0,0,2,0,4.14366E+20,5.32024E+21,7.85135E+15,4.80297E+16
146731,8.17021E+18,8,2,12,0,2017,2,15,4,3,0,4,0,0,1,0,1,0,0,4.5612E+20,5.42704E+21,8.40014E+15,4.89947E+16
146732,8.17021E+18,8,2,26,107,2017,2,16,4,3,0,7,0,1,0,0,0,0,0,4.75137E+20,5.48438E+21,8.65655E+15,4.95115E+16
146733,8.17021E+18,8,2,22,0,2017,2,17,4,3,5,3,1,1,0,0,0,0,0,4.62449E+20,5.47851E+21,8.48183E+15,4.94581E+16
146734,8.17021E+18,8,2,26,105,2017,2,12,4,3,5,3,1,1,0,0,0,0,0,4.70943E+20,5.47893E+21,8.59902E+15,4.94623E+16
146735,8.17021E+18,8,2,22,0,2017,2,13,4,3,5,3,0,1,0,1,0,0,0,4.63484E+20,5.48553E+21,8.49548E+15,4.95213E+16
146736,8.17021E+18,8,2,22,0,2017,2,7,4,3,6,4,0,1,1,0,0,0,0,4.6051E+20,5.48807E+21,8.45412E+15,4.9544E+16
146737,8.17021E+18,8,2,21,0,2017,2,18,4,3,5,2,1,1,0,0,0,2,0,4.77594E+20,5.47215E+21,8.69118E+15,4.94017E+16
146738,8.17021E+18,8,2,15,9,2017,2,19,4,3,2,6,0,1,0,0,0,2,0,4.68071E+20,5.44177E+21,8.56234E+15,4.91279E+16
146739,8.17021E+18,8,2,12,0,2017,2,16,4,3,4,6,1,0,0,0,0,0,0,4.59413E+20,5.42822E+21,8.44504E+15,4.90055E+16
146740,8.17021E+18,8,1,35,16,2017,2,10,4,3,5,3,0,1,0,0,0,0,0,5.92041E+20,5.3861E+21,1.0249E+16,4.86212E+16
146741,8.17021E+18,8,1,35,19,2017,2,12,4,2,6,4,0,1,1,0,0,0,0,5.83566E+20,5.39275E+21,1.01353E+16,4.86822E+16
146742,8.17021E+18,8,1,27,14,2017,2,16,4,3,6,7,0,0,1,0,1,0,0,5.77724E+20,5.44221E+21,1.00654E+16,4.91278E+16
146743,8.17021E+18,8,1,19,44,2017,2,20,4,3,2,6,0,1,0,0,0,2,0,5.46915E+20,5.42409E+21,9.641E+15,4.8968E+16
146744,8.17021E+18,8,1,18,81,2017,2,14,4,3,2,4,0,1,1,0,0,0,0,5.21712E+20,5.41616E+21,9.29624E+15,4.8898E+16
146745,8.17021E+18,8,1,16,19,2017,2,12,4,3,3,6,0,1,0,0,1,0,0,5.22249E+20,5.3984E+21,9.3026E+15,4.87383E+16
146746,8.17021E+18,8,1,15,3,2017,2,6,4,3,0,1,1,0,0,0,0,2,1,5.00711E+20,5.39318E+21,9.00966E+15,4.86917E+16
146747,8.17021E+18,8,1,15,3,2017,2,7,4,3,5,3,0,1,0,0,0,1,0,5.01275E+20,5.39212E+21,9.01733E+15,4.86821E+16
146748,8.17021E+18,8,1,11,0,2017,2,14,4,3,2,6,0,1,0,0,0,0,0,5.15865E+20,5.40598E+21,9.21608E+15,4.88066E+16
146749,8.17021E+18,8,1,11,0,2017,2,8,4,2,0,1,1,0,0,0,0,0,1,5.10368E+20,5.39788E+21,9.141E+15,4.87339E+16
146750,8.17021E+18,8,4,16,41,2017,2,11,3,3,0,7,1,0,0,0,0,0,0,5.05366E+20,5.37313E+21,9.07266E+15,4.85112E+16
146751,8.17021E+18,8,4,16,41,2017,2,1,3,3,0,7,1,1,0,0,0,2,0,5.03854E+20,5.37442E+21,9.05219E+15,4.85229E+16
146752,8.17021E+18,8,4,15,61,2017,2,15,3,3,8,7,0,1,0,0,0,0,0,5.13779E+20,5.37035E+21,9.18647E+15,4.84862E+16
146753,8.17021E+18,8,4,15,61,2017,2,17,3,3,1,5,0,1,0,0,0,2,0,5.16525E+20,5.37103E+21,9.22366E+15,4.84922E+16
146754,8.17021E+18,8,3,36,78,2017,2,7,3,3,4,6,0,1,0,0,1,0,0,3.93439E+20,5.29057E+21,7.57805E+15,4.77597E+16
146755,8.17021E+18,8,3,35,43,2017,2,10,3,3,5,2,1,1,0,0,0,0,0,5.13456E+20,5.27984E+21,9.17925E+15,4.76718E+16
146756,8.17021E+18,8,3,26,74,2017,2,19,3,3,6,4,0,1,1,0,0,0,0,4.60753E+20,5.31946E+21,8.47359E+15,4.80272E+16
146757,8.17021E+18,8,4,17,2,2017,2,19,3,2,6,4,0,1,1,0,0,2,1,4.88633E+20,5.34757E+21,8.84678E+15,4.82812E+16
146758,8.17021E+18,8,3,17,96,2017,2,15,3,2,5,3,0,1,0,0,0,0,1,4.20765E+20,5.36768E+21,7.92829E+15,4.84572E+16
146759,8.17021E+18,8,3,36,91,2017,2,10,3,3,5,3,0,1,0,0,0,0,0,3.9741E+20,5.2719E+21,7.63542E+15,4.75924E+16
146760,8.17021E+18,8,3,36,50,2017,2,14,3,3,2,6,1,0,0,0,0,0,1,3.99273E+20,5.27356E+21,7.65982E+15,4.76076E+16
146761,8.17021E+18,8,3,11,0,2017,2,8,3,3,5,3,1,1,0,0,0,0,0,4.04439E+20,5.31705E+21,7.71894E+15,4.79996E+16
146762,8.17021E+18,8,3,11,0,2017,2,17,3,3,5,3,1,1,0,0,1,2,0,4.12628E+20,5.31638E+21,7.82883E+15,4.79948E+16
146763,8.17021E+18,8,3,11,0,2017,2,20,3,2,5,3,1,1,0,0,0,2,1,4.14153E+20,5.31969E+21,7.84861E+15,4.80247E+16
146764,8.17021E+18,8,3,11,0,2017,2,10,3,3,5,3,1,1,0,0,0,0,0,4.14098E+20,5.31806E+21,7.8482E+15,4.801E+16
146765,8.17021E+18,8,2,12,0,2017,2,8,3,3,0,3,0,1,0,0,1,0,0,4.58372E+20,5.43084E+21,8.43053E+15,4.9029E+16
146766,8.17021E+18,8,2,31,0,2017,2,12,3,3,6,4,0,1,1,0,0,0,0,4.77502E+20,5.41544E+21,8.69308E+15,4.88915E+16
146767,8.17021E+18,8,2,36,71,2017,2,17,3,3,6,2,0,1,1,0,0,1,0,4.68464E+20,5.42293E+21,8.56919E+15,4.89585E+16
146768,8.17021E+18,8,2,26,82,2017,2,8,3,2,4,2,0,1,0,1,0,0,0,4.75667E+20,5.47932E+21,8.66418E+15,4.94661E+16
146769,8.17021E+18,8,2,26,91,2017,2,11,3,3,6,7,0,0,1,0,1,0,0,4.93598E+20,5.46111E+21,8.91194E+15,4.93027E+16
146770,8.17021E+18,8,2,25,14,2017,2,16,3,3,6,1,0,1,1,0,0,0,0,5.23393E+20,5.48545E+21,9.32322E+15,4.95212E+16
146771,8.17021E+18,8,2,25,58,2017,2,7,3,3,6,1,0,1,1,0,0,2,0,5.10698E+20,5.46667E+21,9.14731E+15,4.93526E+16
146772,8.17021E+18,8,2,15,9,2017,2,8,3,3,5,3,0,1,0,0,0,0,0,4.68817E+20,5.44089E+21,8.57264E+15,4.912E+16
146773,8.17021E+18,8,2,15,7,2017,2,10,3,2,9,1,0,0,0,0,1,0,0,4.78316E+20,5.43173E+21,8.70332E+15,4.9038E+16
146774,8.17021E+18,8,2,11,0,2017,2,7,3,3,5,2,0,1,0,1,0,0,0,4.41195E+20,5.40503E+21,8.19929E+15,4.87955E+16
146775,8.17021E+18,8,2,11,0,2017,2,18,3,2,6,4,0,1,1,0,0,2,1,4.40628E+20,5.40441E+21,8.19166E+15,4.87899E+16