OBJECTID,UIDENTSTLA,ULAND,UREGBEZ,UKREIS,UGEMEINDE,UJAHR,UMONAT,USTUNDE,UWOCHENTAG,UKATEGORIE,UART,UTYP1,IstRad,IstPKW,IstFuss,IstKrad,IstSonstig,LICHT,STRZUSTAND,LINREFX,LINREFY,XGCSWGS84,YGCSWGS84
146776,8.17021E+18,8,2,16,9,2017,2,15,3,2,0,7,1,0,0,0,0,0,1,4.47124E+20,5.42126E+21,8.27792E+15,4.8942E+16
146777,8.17021E+18,8,2,16,43,2017,2,18,3,2,6,4,0,1,1,0,0,2,1,4.41216E+20,5.41178E+21,8.19861E+15,4.88562E+16
146778,8.17021E+18,8,1,21,0,2017,2,10,3,3,5,3,0,1,0,0,0,0,0,5.13593E+20,5.4406E+21,9.18628E+15,4.91181E+16
146779,8.17021E+18,8,1,18,46,2017,2,10,3,3,5,3,1,1,0,0,0,0,0,5.14503E+20,5.41195E+21,9.19773E+15,4.88604E+16
146780,8.17021E+18,8,1,18,80,2017,2,9,3,2,0,7,0,1,1,0,0,0,0,5.08963E+20,5.40852E+21,9.12212E+15,4.88296E+16
146781,8.17021E+18,8,1,15,28,2017,2,16,3,3,2,6,0,1,0,0,0,0,0,4.99447E+20,5.40526E+21,8.99247E+15,4.88003E+16
146782,8.17021E+18,8,1,11,0,2017,2,20,3,3,2,6,0,1,0,0,0,2,0,5.1904E+20,5.4025E+21,9.25914E+15,4.87752E+16
146783,8.17021E+18,8,1,11,0,2017,2,8,3,3,5,3,0,1,0,0,0,0,0,5.08431E+20,5.40642E+21,9.11483E+15,4.88107E+16
146784,8.17021E+18,8,1,11,0,2017,2,11,3,3,5,3,0,1,0,1,0,0,0,5.11123E+20,5.40294E+21,9.1514E+15,4.87794E+16
146785,8.17021E+18,8,4,37,104,2017,2,11,2,3,6,7,0,1,1,0,0,0,1,5.15762E+20,5.32578E+21,9.21165E+15,4.80851E+16
146786,8.17021E+18,8,4,37,76,2017,2,13,2,3,0,3,1,1,0,0,0,0,0,5.2436E+20,5.32156E+21,9.32686E+15,4.80469E+16
146787,8.17021E+18,8,1,17,49,2017,2,23,2,2,5,3,0,1,0,0,1,2,0,5.5616E+20,5.3911E+21,9.7628E+15,4.86704E+16
146788,8.17021E+18,8,4,16,31,2017,2,17,2,3,5,3,0,1,0,0,1,2,0,5.02877E+20,5.36273E+21,9.03888E+15,4.84177E+16
146789,8.17021E+18,8,4,16,41,2017,2,17,2,3,6,7,0,1,1,0,0,0,0,4.99487E+20,5.37205E+21,8.99305E+15,4.85015E+16
146790,8.17021E+18,8,3,35,35,2017,2,15,2,3,2,6,0,1,0,0,0,0,0,4.8322E+20,5.29065E+21,8.77605E+15,4.7769E+16
146791,8.17021E+18,8,3,17,75,2017,2,10,2,2,5,3,1,1,0,0,0,0,1,4.09404E+20,5.36241E+21,7.77581E+15,4.84084E+16
146792,8.17021E+18,8,3,17,96,2017,2,10,2,3,5,3,0,1,0,0,0,0,1,4.2264E+20,5.36965E+21,7.95329E+15,4.84753E+16
146793,8.17021E+18,8,3,15,74,2017,2,7,2,3,5,3,0,1,0,0,0,1,0,3.95648E+20,5.29604E+21,7.60622E+15,4.78093E+16
146794,8.17021E+18,8,3,11,0,2017,2,19,2,3,5,2,1,1,0,0,0,2,0,4.12364E+20,5.31641E+21,7.82529E+15,4.79949E+16
146795,8.17021E+18,8,2,15,17,2017,2,10,2,3,8,7,0,1,0,0,0,0,1,4.55851E+20,5.42072E+21,8.39715E+15,4.89379E+16
146796,8.17021E+18,8,2,12,0,2017,2,11,2,3,2,4,0,1,1,1,0,0,0,4.53504E+20,5.42893E+21,8.36416E+15,4.90115E+16
146797,8.17021E+18,8,2,12,0,2017,2,14,2,3,1,5,0,1,0,0,1,0,0,4.56678E+20,5.42821E+21,8.40764E+15,4.90053E+16
146798,8.17021E+18,8,2,26,76,2017,2,16,2,3,6,6,0,1,1,0,0,0,0,4.75154E+20,5.46539E+21,8.65797E+15,4.93408E+16
146799,8.17021E+18,8,2,26,32,2017,2,18,2,3,0,3,0,1,0,0,0,2,0,4.66276E+20,5.46425E+21,8.53585E+15,4.933E+16
146800,8.17021E+18,8,2,25,1,2017,2,11,2,3,5,3,0,1,0,1,0,0,0,5.28464E+20,5.47281E+21,9.39237E+15,4.94073E+16
146801,8.17021E+18,8,2,21,0,2017,2,18,2,2,6,4,0,1,1,0,0,2,0,4.77648E+20,5.4736E+21,8.69184E+15,4.94147E+16
146802,8.17021E+18,8,2,15,7,2017,2,10,2,3,5,3,1,1,0,0,0,0,1,4.78283E+20,5.43199E+21,8.70285E+15,4.90404E+16
146803,8.17021E+18,8,1,28,7,2017,2,16,2,3,5,3,0,1,0,0,0,0,0,5.56456E+20,5.48287E+21,9.77963E+15,4.94959E+16
146804,8.17021E+18,8,1,21,0,2017,2,15,2,3,1,5,0,1,0,0,1,0,0,5.15642E+20,5.44226E+21,9.21442E+15,4.9133E+16
146805,8.17021E+18,8,1,18,48,2017,2,19,2,3,5,2,0,1,0,0,0,2,0,5.14505E+20,5.41593E+21,9.1979E+15,4.88961E+16
146806,8.17021E+18,8,1,11,0,2017,2,13,2,3,5,3,0,1,0,1,0,0,0,5.09832E+20,5.39916E+21,9.13374E+15,4.87453E+16
146807,8.17021E+18,8,1,11,0,2017,2,17,2,3,5,3,0,1,0,0,0,1,0,5.13031E+20,5.40743E+21,9.17752E+15,4.88197E+16
146808,8.17021E+18,8,1,11,0,2017,2,15,2,3,5,2,0,1,0,0,1,0,0,5.14486E+20,5.40406E+21,9.19723E+15,4.87894E+16
146809,8.17021E+18,8,1,11,0,2017,2,8,2,2,5,2,0,1,0,0,1,0,0,5.18261E+20,5.40179E+21,9.24851E+15,4.87688E+16
146810,8.17021E+18,8,4,17,79,2017,2,0,1,3,9,1,0,1,0,0,0,2,1,5.01102E+20,5.34565E+21,9.01485E+15,4.8264E+16
146811,8.17021E+18,8,3,35,43,2017,2,21,1,3,5,3,0,1,0,0,0,2,1,5.12384E+20,5.27846E+21,9.16493E+15,4.76594E+16
146812,8.17021E+18,8,3,11,0,2017,2,18,1,3,5,2,0,1,0,1,0,2,1,4.12577E+20,5.31834E+21,7.82775E+15,4.80124E+16
146813,8.17021E+18,8,2,12,0,2017,2,18,1,3,5,3,1,1,0,0,0,2,1,4.57434E+20,5.4295E+21,8.41784E+15,4.90169E+16
146814,8.17021E+18,8,2,26,98,2017,2,19,1,3,5,2,0,1,0,0,0,2,1,4.7796E+20,5.46042E+21,8.69687E+15,4.92961E+16
146815,8.17021E+18,8,2,16,33,2017,2,0,1,3,1,7,0,1,0,1,0,2,1,4.4708E+20,5.41372E+21,8.2783E+15,4.88742E+16
146816,8.17021E+18,8,2,16,9,2017,2,7,1,3,9,1,0,1,0,0,0,2,1,4.46577E+20,5.41932E+21,8.2707E+15,4.89245E+16
146817,8.17021E+18,8,1,35,19,2017,2,14,1,3,1,6,0,1,0,0,0,0,0,5.85582E+20,5.39356E+21,1.01629E+16,4.86893E+16
146818,8.17021E+18,8,1,19,68,2017,2,1,1,3,5,3,0,1,0,0,0,2,1,5.25958E+20,5.41345E+21,9.35399E+15,4.88735E+16
146819,8.1702E+18,8,4,21,0,2017,2,13,7,3,5,3,0,1,0,0,0,0,0,5.71725E+20,5.36135E+21,9.96907E+15,4.84012E+16
146820,8.1702E+18,8,4,16,41,2017,2,14,7,3,0,1,1,0,0,0,0,0,1,5.0336E+20,5.37511E+21,9.04551E+15,4.8529E+16
146821,8.1702E+18,8,3,36,103,2017,2,7,7,2,0,1,1,0,0,0,0,0,2,4.13851E+20,5.28449E+21,7.85158E+15,4.7708E+16
146822,8.1702E+18,8,3,36,4,2017,2,8,7,2,0,1,1,0,0,0,0,0,2,4.17615E+20,5.29481E+21,7.89979E+15,4.78014E+16
146823,8.1702E+18,8,3,35,43,2017,2,18,7,3,5,3,1,1,0,0,0,2,1,5.1289E+20,5.27896E+21,9.17168E+15,4.76639E+16
146824,8.1702E+18,8,3,35,63,2017,2,8,7,3,0,1,1,0,0,0,0,0,2,4.98616E+20,5.28703E+21,8.98154E+15,4.77366E+16
146825,8.1702E+18,8,3,26,3,2017,2,6,7,2,9,1,0,1,0,0,0,2,2,4.66303E+20,5.31921E+21,8.54805E+15,4.80252E+16
146826,8.1702E+18,8,2,12,0,2017,2,14,7,2,5,3,1,1,0,0,0,0,0,4.51537E+20,5.42817E+21,8.33736E+15,4.90045E+16
146827,8.1702E+18,8,2,37,4,2017,2,14,7,3,5,3,0,1,0,0,0,0,1,4.54085E+20,5.37166E+21,8.3785E+15,4.84964E+16
146828,8.1702E+18,8,2,37,28,2017,2,17,7,3,6,4,0,1,1,0,0,1,1,4.56396E+20,5.36837E+21,8.41011E+15,4.8467E+16
146829,8.1702E+18,8,2,37,28,2017,2,3,7,3,4,1,0,1,0,0,0,2,2,4.60505E+20,5.36834E+21,8.4657E+15,4.8467E+16
146830,8.1702E+18,8,2,25,58,2017,2,18,7,3,0,7,0,1,0,0,0,1,1,5.11013E+20,5.46668E+21,9.15164E+15,4.93527E+16
146831,8.1702E+18,8,2,22,0,2017,2,12,7,2,0,1,1,0,0,0,0,0,0,4.6405E+20,5.4767E+21,8.50409E+15,4.94419E+16
146832,8.1702E+18,8,2,21,0,2017,2,18,7,3,4,2,0,1,0,0,0,2,1,4.77176E+20,5.47167E+21,8.68545E+15,4.93973E+16
146833,8.1702E+18,8,1,15,3,2017,2,19,7,2,6,4,0,1,1,0,0,2,1,5.00795E+20,5.39168E+21,9.0108E+15,4.86782E+16
146834,8.1702E+18,8,1,25,74,2017,2,9,7,3,1,5,0,1,0,0,0,0,0,5.10183E+20,5.43978E+21,9.13953E+15,4.91108E+16
146835,8.1702E+18,8,1,18,48,2017,2,8,7,3,0,1,1,0,0,0,0,0,2,5.12675E+20,5.41623E+21,9.17294E+15,4.88988E+16
146836,8.1702E+18,8,1,18,48,2017,2,9,7,3,0,1,1,0,0,0,0,0,2,5.15592E+20,5.41606E+21,9.21274E+15,4.88973E+16
146837,8.1702E+18,8,1,18,79,2017,2,8,7,3,0,2,1,0,0,0,0,0,1,5.09606E+20,5.42165E+21,9.13119E+15,4.89477E+16
146838,8.1702E+18,8,1,16,73,2017,2,8,7,3,0,1,0,0,0,1,0,0,2,5.21417E+20,5.38847E+21,9.29077E+15,4.86489E+16
146839,8.1702E+18,8,1,16,80,2017,2,11,7,2,6,4,1,0,1,0,0,0,0,5.19004E+20,5.39744E+21,9.25843E+15,4.87297E+16
146840,8.1702E+18,8,1,11,0,2017,2,16,7,3,5,3,0,1,0,0,1,0,0,5.1746E+20,5.40541E+21,9.23777E+15,4.88015E+16
146841,8.1702E+18,8,4,26,70,2017,2,10,6,3,0,1,0,1,0,0,0,0,1,5.65724E+20,5.34226E+21,9.88503E+15,4.82302E+16
146842,8.1702E+18,8,4,26,108,2017,2,5,6,2,1,1,0,1,0,0,1,2,1,5.72056E+20,5.33608E+21,9.96922E+15,4.81739E+16
146843,8.1702E+18,8,4,21,0,2017,2,15,6,3,5,3,0,1,0,0,0,0,1,5.71831E+20,5.36055E+21,9.97036E+15,4.83941E+16
146844,8.1702E+18,8,3,27,46,2017,2,16,6,3,9,7,0,1,0,0,0,0,1,4.79987E+20,5.32574E+21,8.73128E+15,4.80846E+16
146845,8.1702E+18,8,3,26,74,2017,2,7,6,2,6,2,0,1,1,0,0,1,0,4.59431E+20,5.32247E+21,8.45558E+15,4.80542E+16
146846,8.1702E+18,8,3,17,96,2017,2,21,6,3,0,7,1,0,0,0,1,2,0,4.23269E+20,5.36837E+21,7.96203E+15,4.84638E+16
146847,8.1702E+18,8,3,17,65,2017,2,21,6,3,5,3,1,1,0,0,0,2,0,4.14709E+20,5.35464E+21,7.84905E+15,4.83392E+16
146848,8.1702E+18,8,3,17,127,2017,2,14,6,3,2,2,0,1,0,0,0,0,0,4.21401E+20,5.35151E+21,7.93992E+15,4.83119E+16
146849,8.1702E+18,8,3,16,9,2017,2,16,6,3,0,1,1,0,0,0,0,0,0,4.17004E+20,5.32465E+21,7.88588E+15,4.80698E+16
146850,8.1702E+18,8,3,15,64,2017,2,16,6,3,5,2,1,0,0,0,1,0,0,4.2152E+20,5.31286E+21,7.94865E+15,4.79642E+16
146851,8.1702E+18,8,3,36,43,2017,2,14,6,3,4,6,0,1,0,1,0,0,0,4.0167E+20,5.27144E+21,7.69217E+15,4.75889E+16
146852,8.1702E+18,8,3,36,50,2017,2,6,6,3,3,6,1,1,0,0,0,2,0,3.9943E+20,5.27343E+21,7.66193E+15,4.76065E+16
146853,8.1702E+18,8,3,11,0,2017,2,20,6,3,5,3,1,0,0,1,0,2,0,4.12004E+20,5.3189E+21,7.81995E+15,4.80173E+16
146854,8.1702E+18,8,2,12,0,2017,2,12,6,3,5,3,1,1,0,0,0,0,0,4.54343E+20,5.42976E+21,8.37554E+15,4.90191E+16
146855,8.1702E+18,8,2,37,45,2017,2,12,6,3,1,3,0,1,0,0,0,0,0,4.59192E+20,5.3626E+21,8.4485E+15,4.84152E+16
146856,8.1702E+18,8,2,21,0,2017,2,11,6,3,5,2,1,1,0,0,0,0,0,4.77094E+20,5.47279E+21,8.68424E+15,4.94073E+16
146857,8.1702E+18,8,2,15,9,2017,2,5,6,3,0,3,1,1,0,0,0,2,1,4.68357E+20,5.44211E+21,8.56624E+15,4.9131E+16
146858,8.1702E+18,8,2,15,17,2017,2,13,6,3,3,6,0,1,0,1,0,0,0,4.56524E+20,5.42303E+21,8.40608E+15,4.89587E+16
146859,8.1702E+18,8,2,12,0,2017,2,7,6,3,1,7,1,1,0,0,0,1,1,4.56907E+20,5.42437E+21,8.41118E+15,4.89707E+16
146860,8.1702E+18,8,2,16,49,2017,2,18,6,3,5,3,0,1,0,0,0,2,0,4.39343E+20,5.40275E+21,8.17441E+15,4.87748E+16
146861,8.1702E+18,8,1,36,19,2017,2,17,6,3,4,6,0,1,0,0,0,1,1,5.83981E+20,5.42379E+21,1.01473E+16,4.89613E+16
146862,8.1702E+18,8,1,35,19,2017,2,18,6,3,1,6,0,1,0,0,0,2,1,5.85582E+20,5.39356E+21,1.01629E+16,4.86893E+16
146863,8.1702E+18,8,1,28,7,2017,2,8,6,3,5,3,0,1,0,0,0,0,1,5.56335E+20,5.48184E+21,9.77782E+15,4.94866E+16
146864,8.1702E+18,8,1,25,86,2017,2,11,6,3,6,7,0,0,1,0,1,0,0,5.03644E+20,5.44368E+21,9.04997E+15,4.91459E+16
146865,8.1702E+18,8,1,25,34,2017,2,16,6,3,6,6,0,1,1,0,0,0,0,4.9728E+20,5.44346E+21,8.96271E+15,4.91439E+16
146866,8.1702E+18,8,4,25,71,2017,2,8,6,3,6,4,0,1,1,0,0,0,1,5.5182E+20,5.3713E+21,9.70138E+15,4.84927E+16
146867,8.1702E+18,8,1,11,0,2017,2,18,6,3,4,2,1,1,0,0,0,2,0,5.1189E+20,5.4027E+21,9.16184E+15,4.87772E+16
146868,8.1702E+18,8,1,11,0,2017,2,7,6,3,3,6,0,1,0,1,0,1,1,5.11957E+20,5.40181E+21,9.16273E+15,4.87692E+16
146869,8.1702E+18,8,1,11,0,2017,2,19,6,3,2,6,1,1,0,0,0,2,0,5.12677E+20,5.40241E+21,9.17254E+15,4.87746E+16
146870,8.1702E+18,8,4,25,33,2017,2,11,5,3,6,7,0,1,1,0,0,0,0,5.53561E+20,5.34837E+21,9.72203E+15,4.82863E+16
146871,8.1702E+18,8,4,21,0,2017,2,16,5,3,0,6,0,1,0,1,0,0,0,5.72858E+20,5.36119E+21,9.98434E+15,4.83997E+16
146872,8.1702E+18,8,4,16,26,2017,2,6,5,3,3,2,0,1,0,0,1,2,2,5.05576E+20,5.36408E+21,9.07538E+15,4.84298E+16
146873,8.1702E+18,8,4,15,61,2017,2,16,5,3,5,2,1,1,0,0,0,0,0,5.14335E+20,5.37022E+21,9.194E+15,4.8485E+16
146874,8.1702E+18,8,4,15,61,2017,2,16,5,3,5,3,0,1,0,0,1,0,1,5.1477E+20,5.37165E+21,9.19993E+15,4.84978E+16
146875,8.1702E+18,8,4,15,59,2017,2,6,5,3,6,2,0,1,1,0,0,2,0,5.16793E+20,5.36734E+21,9.22714E+15,4.84589E+16
146876,8.1702E+18,8,4,15,14,2017,2,13,5,3,5,3,0,1,0,0,0,0,0,5.25967E+20,5.37451E+21,9.35168E+15,4.85231E+16
146877,8.1702E+18,8,3,36,81,2017,2,8,5,3,0,1,0,0,0,1,0,0,2,4.10945E+20,5.27651E+21,7.81447E+15,4.76358E+16
146878,8.1702E+18,8,3,35,43,2017,2,18,5,3,0,5,1,1,0,0,0,2,1,5.12979E+20,5.27989E+21,9.17291E+15,4.76723E+16
146879,8.1702E+18,8,3,26,17,2017,2,7,5,3,5,1,0,1,0,0,0,0,2,4.41604E+20,5.32214E+21,8.21641E+15,4.80499E+16
146880,8.1702E+18,8,3,26,12,2017,2,18,5,3,0,3,0,1,0,1,0,1,0,4.61937E+20,5.31162E+21,8.49017E+15,4.79568E+16
146881,8.1702E+18,8,3,26,74,2017,2,5,5,2,5,3,0,1,0,0,0,2,1,4.58941E+20,5.32404E+21,8.44884E+15,4.80683E+16
146882,8.1702E+18,8,3,17,26,2017,2,14,5,2,0,6,0,1,0,1,0,0,0,4.11707E+20,5.34596E+21,7.81035E+15,4.82607E+16
146883,8.1702E+18,8,3,17,96,2017,2,9,5,2,5,3,0,1,0,0,0,0,1,4.22332E+20,5.36973E+21,7.9491E+15,4.84759E+16
146884,8.1702E+18,8,3,36,91,2017,2,6,5,2,5,3,1,1,0,0,0,2,1,3.94465E+20,5.27412E+21,7.59573E+15,4.76119E+16
146885,8.1702E+18,8,3,36,50,2017,2,14,5,3,5,3,0,1,0,0,1,0,0,4.00993E+20,5.2759E+21,7.68216E+15,4.76289E+16
146886,8.1702E+18,8,3,11,0,2017,2,9,5,3,2,6,0,1,0,0,0,0,0,4.14806E+20,5.31655E+21,7.85799E+15,4.79966E+16
146887,8.1702E+18,8,2,12,0,2017,2,8,5,3,0,1,0,0,0,1,0,0,2,4.53452E+20,5.43001E+21,8.36332E+15,4.90212E+16
146888,8.1702E+18,8,2,37,4,2017,2,7,5,3,6,7,0,1,1,0,0,1,1,4.53727E+20,5.3732E+21,8.37348E+15,4.85102E+16
146889,8.1702E+18,8,2,22,0,2017,2,16,5,3,5,3,0,1,0,1,0,0,0,4.60113E+20,5.48788E+21,8.44865E+15,4.95422E+16
146890,8.1702E+18,8,2,22,0,2017,2,5,5,3,5,3,0,1,0,0,1,2,1,4.62888E+20,5.48146E+21,8.48761E+15,4.94846E+16
146891,8.1702E+18,8,2,21,0,2017,2,14,5,3,5,3,0,1,0,0,0,0,0,4.73958E+20,5.4722E+21,8.64105E+15,4.9402E+16
146892,8.1702E+18,8,2,21,0,2017,2,20,5,3,5,3,1,1,0,0,0,2,0,4.73932E+20,5.47272E+21,8.64066E+15,4.94066E+16
146893,8.1702E+18,8,2,21,0,2017,2,14,5,3,2,6,0,1,0,0,0,0,0,4.76024E+20,5.47254E+21,8.66952E+15,4.94051E+16
146894,8.1702E+18,8,2,26,13,2017,2,10,5,3,6,7,0,1,1,0,0,0,0,4.99768E+20,5.47701E+21,8.9968E+15,4.94458E+16
146895,8.1702E+18,8,2,15,17,2017,2,15,5,3,2,6,0,1,0,0,0,0,0,4.56706E+20,5.42132E+21,8.40876E+15,4.89433E+16
146896,8.1702E+18,8,1,36,88,2017,2,11,5,3,2,6,1,1,0,0,0,0,0,5.80369E+20,5.41331E+21,1.00959E+16,4.88675E+16
146897,8.1702E+18,8,1,28,115,2017,2,16,5,3,5,3,0,1,0,0,0,0,0,5.49057E+20,5.49666E+21,9.67918E+15,4.96205E+16
146898,8.1702E+18,8,1,27,76,2017,2,8,5,2,9,1,0,1,0,0,0,0,1,5.5051E+20,5.44448E+21,9.69267E+15,4.91511E+16
146899,8.1702E+18,8,1,21,0,2017,2,15,5,3,3,2,1,1,0,0,0,0,0,5.16007E+20,5.44276E+21,9.21946E+15,4.91375E+16
146900,8.1702E+18,8,1,16,49,2017,2,7,5,3,0,2,1,1,0,0,0,1,2,5.2587E+20,5.38751E+21,9.35117E+15,4.86401E+16
146901,8.1702E+18,8,1,16,49,2017,2,9,5,3,0,1,0,0,0,1,0,0,0,5.25326E+20,5.38616E+21,9.34371E+15,4.8628E+16
146902,8.1702E+18,8,1,16,80,2017,2,15,5,2,8,1,0,1,0,1,0,0,0,5.22117E+20,5.39577E+21,9.30067E+15,4.87146E+16
146903,8.1702E+18,8,1,16,71,2017,2,15,5,3,2,6,0,1,0,0,0,0,1,5.27954E+20,5.39117E+21,9.3797E+15,4.86729E+16
146904,8.1702E+18,8,1,16,78,2017,2,12,5,2,5,3,0,1,0,0,1,0,1,5.12382E+20,5.39266E+21,9.16824E+15,4.86869E+16
146905,8.1702E+18,8,1,15,45,2017,2,10,5,3,6,7,0,0,1,0,1,0,0,5.00386E+20,5.39505E+21,9.00524E+15,4.87085E+16
146906,8.1702E+18,8,1,15,3,2017,2,15,5,3,2,6,0,1,0,0,0,0,0,5.0102E+20,5.3924E+21,9.01385E+15,4.86846E+16
146907,8.1702E+18,8,1,11,0,2017,2,18,5,3,2,6,0,1,0,0,1,2,1,5.1223E+20,5.40298E+21,9.16648E+15,4.87797E+16
146908,8.17021E+18,8,1,17,24,2017,2,16,1,3,5,3,0,1,0,0,0,0,0,5.6199E+20,5.38526E+21,9.84111E+15,4.86173E+16
146909,8.17022E+18,8,3,17,65,2017,2,16,3,3,5,3,0,1,0,1,0,0,1,4.13938E+20,5.35562E+21,7.83845E+15,4.83479E+16
146910,8.17022E+18,8,3,17,57,2017,2,12,3,3,2,2,0,1,0,0,0,0,1,4.12603E+20,5.3799E+21,7.81535E+15,4.85661E+16
146911,8.17022E+18,8,4,21,0,2017,2,14,3,3,4,2,1,1,0,0,0,0,1,5.70918E+20,5.36058E+21,9.95803E+15,4.83944E+16
146912,8.17022E+18,8,3,17,65,2017,2,17,3,2,5,3,0,1,0,1,0,0,1,4.14126E+20,5.3535E+21,7.84142E+15,4.83289E+16
146913,8.17022E+18,8,4,21,0,2017,2,11,3,3,5,3,0,1,0,1,0,0,1,5.72645E+20,5.36077E+21,9.98139E+15,4.83959E+16
146914,8.17022E+18,8,4,21,0,2017,2,19,3,3,5,3,0,1,0,0,0,2,1,5.72552E+20,5.36061E+21,9.9801E+15,4.83945E+16
146915,8.17022E+18,8,3,16,56,2017,2,7,3,3,5,3,0,1,0,0,1,1,1,4.22202E+20,5.32721E+21,7.95518E+15,4.80934E+16
146916,8.17022E+18,8,3,11,0,2017,2,17,3,3,5,2,1,1,0,0,0,2,1,4.15016E+20,5.31747E+21,7.86062E+15,4.80049E+16
146917,8.17022E+18,8,3,36,50,2017,2,18,3,3,6,2,0,1,1,0,0,2,0,4.01172E+20,5.27704E+21,7.68428E+15,4.76392E+16
146918,8.17022E+18,8,2,12,0,2017,2,15,3,3,3,5,0,1,0,1,0,0,0,4.55768E+20,5.42884E+21,8.39513E+15,4.90109E+16
146919,8.17022E+18,8,2,31,0,2017,2,22,3,2,9,1,0,1,0,0,0,2,1,4.81818E+20,5.41599E+21,8.75193E+15,4.88966E+16
146920,8.17022E+18,8,2,26,85,2017,2,19,3,3,4,2,0,1,0,1,0,2,0,4.91003E+20,5.45496E+21,8.87638E+15,4.92473E+16
146921,8.17022E+18,8,2,25,60,2017,2,6,3,3,5,3,0,1,0,1,0,2,0,5.14725E+20,5.48654E+21,9.2035E+15,4.95313E+16
146922,8.17022E+18,8,2,22,0,2017,2,17,3,3,0,7,1,0,0,0,0,1,1,4.61917E+20,5.48519E+21,8.47385E+15,4.95181E+16
146923,8.17022E+18,8,2,21,0,2017,2,6,3,3,6,2,0,1,1,0,0,2,0,4.76611E+20,5.47151E+21,8.67766E+15,4.93958E+16
146924,8.17022E+18,8,2,21,0,2017,2,7,3,3,1,5,1,0,0,0,1,2,0,4.77165E+20,5.47285E+21,8.68522E+15,4.94079E+16
146925,8.17022E+18,8,2,26,105,2017,2,17,3,3,0,7,1,0,0,0,0,2,1,4.70853E+20,5.47918E+21,8.59775E+15,4.94645E+16
146926,8.17022E+18,8,2,15,9,2017,2,7,3,3,2,6,0,1,0,0,0,0,1,4.68472E+20,5.44219E+21,8.56782E+15,4.91317E+16
146927,8.17022E+18,8,2,15,82,2017,2,14,3,3,5,3,0,1,0,1,0,0,1,4.90123E+20,5.43893E+21,8.86468E+15,4.91032E+16
146928,8.17022E+18,8,2,12,0,2017,2,12,3,3,0,2,0,1,0,0,0,0,0,4.54782E+20,5.42814E+21,8.38173E+15,4.90045E+16
146929,8.17022E+18,8,2,12,0,2017,2,7,3,3,0,1,1,0,0,0,0,0,1,4.61708E+20,5.42745E+21,8.47649E+15,4.89988E+16
146930,8.17022E+18,8,1,35,15,2017,2,12,3,3,5,3,0,1,0,0,0,0,1,5.75302E+20,5.38602E+21,1.00218E+16,4.86228E+16
146931,8.17022E+18,8,1,27,14,2017,2,12,3,3,5,3,1,1,0,0,0,0,1,5.79031E+20,5.44267E+21,1.00834E+16,4.91318E+16
146932,8.17022E+18,8,1,27,76,2017,2,15,3,3,5,3,0,1,0,0,0,0,1,5.51293E+20,5.43929E+21,9.70275E+15,4.91043E+16
146933,8.17022E+18,8,1,16,49,2017,2,22,3,3,4,6,0,1,0,0,0,2,1,5.25206E+20,5.38616E+21,9.34207E+15,4.8628E+16
146934,8.17022E+18,8,1,15,45,2017,2,13,3,3,1,1,0,0,0,1,1,0,1,5.0054E+20,5.39446E+21,9.00734E+15,4.87032E+16
146935,8.17022E+18,8,1,15,3,2017,2,15,3,3,5,2,0,1,0,0,1,0,0,4.98219E+20,5.39181E+21,8.97581E+15,4.86794E+16
146936,8.17022E+18,8,1,11,0,2017,2,8,3,3,6,4,0,1,1,0,0,0,0,5.14292E+20,5.40352E+21,9.19456E+15,4.87845E+16
146937,8.17022E+18,8,4,35,29,2017,2,16,2,3,5,3,0,1,0,0,0,0,0,5.4605E+20,5.27055E+21,9.61245E+15,4.75867E+16
146938,8.17022E+18,8,4,17,2,2017,2,9,2,3,6,4,0,1,1,0,0,0,0,4.89645E+20,5.34582E+21,8.86046E+15,4.82655E+16
146939,8.17022E+18,8,4,36,64,2017,2,12,2,2,6,6,1,0,1,0,0,0,0,5.46301E+20,5.29279E+21,9.61815E+15,4.77868E+16
146940,8.17022E+18,8,3,17,96,2017,2,16,2,3,2,6,0,1,0,0,0,0,0,4.22709E+20,5.36895E+21,7.95435E+15,4.84689E+16
146941,8.17022E+18,8,3,17,57,2017,2,15,2,3,0,7,1,0,0,0,0,0,0,4.13116E+20,5.37985E+21,7.82232E+15,4.85657E+16
146942,8.17022E+18,8,3,17,26,2017,2,19,2,3,5,3,0,1,0,0,1,2,1,4.11405E+20,5.34611E+21,7.80626E+15,4.8262E+16
146943,8.17022E+18,8,3,11,0,2017,2,14,2,3,0,7,1,0,0,0,0,0,0,4.11968E+20,5.3159E+21,7.82008E+15,4.79903E+16
146944,8.17022E+18,8,3,15,56,2017,2,6,2,3,6,7,0,1,1,0,0,2,0,4.1477E+20,5.30971E+21,7.85887E+15,4.7935E+16
146945,8.17022E+18,8,2,31,0,2017,2,15,2,3,0,7,0,0,1,0,1,0,0,4.7789E+20,5.41546E+21,8.69837E+15,4.88917E+16
146946,8.17022E+18,8,2,15,109,2017,2,11,2,3,6,7,0,1,1,0,0,0,0,4.61102E+20,5.43412E+21,8.46756E+15,4.90587E+16
146947,8.17022E+18,8,2,12,0,2017,2,8,2,2,5,3,1,1,0,0,0,0,0,4.56369E+20,5.42804E+21,8.40343E+15,4.90038E+16
146948,8.17022E+18,8,2,12,0,2017,2,19,2,3,5,3,1,1,0,0,0,2,1,4.57086E+20,5.42823E+21,8.41322E+15,4.90055E+16