OBJECTID,UIDENTSTLA,ULAND,UREGBEZ,UKREIS,UGEMEINDE,UJAHR,UMONAT,USTUNDE,UWOCHENTAG,UKATEGORIE,UART,UTYP1,IstRad,IstPKW,IstFuss,IstKrad,IstSonstig,LICHT,STRZUSTAND,LINREFX,LINREFY,XGCSWGS84,YGCSWGS84
146949,8.17022E+18,8,2,26,85,2017,2,16,2,3,0,7,1,1,0,0,0,0,0,4.91023E+20,5.45515E+21,8.87666E+15,4.9249E+16
146950,8.17022E+18,8,2,22,0,2017,2,18,2,3,2,6,0,1,0,0,0,1,1,4.64153E+20,5.47914E+21,8.50529E+15,4.94639E+16
146951,8.17022E+18,8,2,21,0,2017,2,7,2,3,5,3,1,1,0,0,0,0,0,4.74667E+20,5.47286E+21,8.65079E+15,4.94079E+16
146952,8.17022E+18,8,2,21,0,2017,2,18,2,3,5,3,0,1,0,0,0,2,1,4.73837E+20,5.47473E+21,8.63923E+15,4.94247E+16
146953,8.17022E+18,8,2,21,0,2017,2,11,2,3,0,2,1,0,0,0,1,0,0,4.76564E+20,5.47286E+21,8.67694E+15,4.9408E+16
146954,8.17022E+18,8,2,21,0,2017,2,19,2,3,6,4,1,0,1,0,0,2,1,4.77336E+20,5.47278E+21,8.68759E+15,4.94073E+16
146955,8.17022E+18,8,2,16,15,2017,2,20,2,3,1,3,0,1,0,0,0,2,0,4.49148E+20,5.40612E+21,8.30744E+15,4.8806E+16
146956,8.17022E+18,8,2,16,22,2017,2,7,2,3,5,3,1,1,0,0,0,1,0,4.34504E+20,5.40415E+21,8.10833E+15,4.87869E+16
146957,8.17022E+18,8,2,12,0,2017,2,8,2,3,2,7,0,1,0,1,0,0,0,4.54774E+20,5.42842E+21,8.38159E+15,4.9007E+16
146958,8.17022E+18,8,1,35,15,2017,2,13,2,2,5,3,0,1,0,0,0,0,0,5.75082E+20,5.3854E+21,1.00187E+16,4.86172E+16
146959,8.17022E+18,8,1,26,11,2017,2,16,2,3,6,4,0,1,1,0,0,0,0,5.31772E+20,5.44755E+21,9.43596E+15,4.91799E+16
146960,8.17022E+18,8,1,21,0,2017,2,21,2,3,5,3,0,1,0,0,1,2,1,5.14209E+20,5.44326E+21,9.19482E+15,4.9142E+16
146961,8.17022E+18,8,1,19,8,2017,2,10,2,3,6,7,0,1,1,0,0,0,0,5.31486E+20,5.42169E+21,9.43002E+15,4.89473E+16
146962,8.17022E+18,8,1,18,48,2017,2,8,2,3,5,3,1,1,0,0,0,0,0,5.1293E+20,5.41661E+21,9.17643E+15,4.89023E+16
146963,8.17022E+18,8,1,17,18,2017,2,14,2,2,5,3,1,1,0,0,0,0,0,5.39484E+20,5.39629E+21,9.5368E+15,4.87184E+16
146964,8.17022E+18,8,1,16,33,2017,2,10,2,3,0,1,1,0,0,0,0,0,0,5.33067E+20,5.38835E+21,9.44893E+15,4.86474E+16
146965,8.17022E+18,8,1,16,71,2017,2,16,2,3,8,1,0,1,0,0,0,0,0,5.28028E+20,5.39218E+21,9.38078E+15,4.86821E+16
146966,8.17022E+18,8,1,16,33,2017,2,11,2,2,8,1,0,1,0,0,0,0,0,5.33199E+20,5.38872E+21,9.45075E+15,4.86506E+16
146967,8.17022E+18,8,1,11,0,2017,2,15,2,3,5,3,0,1,0,0,1,0,0,5.15318E+20,5.40401E+21,9.20854E+15,4.87889E+16
146968,8.17022E+18,8,1,11,0,2017,2,12,2,2,6,4,0,1,1,0,0,0,0,5.13885E+20,5.39986E+21,9.1889E+15,4.87516E+16
146969,8.17022E+18,8,1,11,0,2017,2,18,2,2,6,4,0,1,1,0,0,2,1,5.10909E+20,5.39741E+21,9.14834E+15,4.87296E+16
146970,8.17022E+18,8,1,11,0,2017,2,20,2,3,2,6,0,1,0,0,0,2,1,5.17068E+20,5.40416E+21,9.23238E+15,4.87902E+16
146971,8.17022E+18,8,1,11,0,2017,2,13,2,2,0,7,0,0,0,1,0,0,0,5.15502E+20,5.40654E+21,9.21114E+15,4.88116E+16
146972,8.17022E+18,8,1,11,0,2017,2,10,2,2,6,4,0,1,1,0,0,0,0,5.11755E+20,5.40264E+21,9.16E+15,4.87766E+16
146973,8.17022E+18,8,4,26,21,2017,2,5,1,3,0,1,1,0,0,0,0,2,0,5.58622E+20,5.32745E+21,9.78735E+15,4.80977E+16
146974,8.17022E+18,8,3,26,74,2017,2,15,1,3,1,6,0,1,0,0,0,0,0,4.60287E+20,5.32243E+21,8.46706E+15,4.8054E+16
146975,8.17022E+18,8,3,17,1,2017,2,10,1,3,0,3,0,1,0,1,0,0,0,4.2632E+20,5.38564E+21,8.00025E+15,4.86195E+16
146976,8.17022E+18,8,3,11,0,2017,2,19,1,2,5,3,0,1,0,0,0,2,0,4.114E+20,5.31977E+21,7.81168E+15,4.80251E+16
146977,8.17022E+18,8,3,11,0,2017,2,3,1,2,6,4,0,1,1,0,0,2,0,4.1453E+20,5.31602E+21,7.85439E+15,4.79918E+16
146978,8.17022E+18,8,3,11,0,2017,2,2,1,2,0,1,1,0,0,0,0,2,0,4.12502E+20,5.31798E+21,7.82682E+15,4.80091E+16
146979,8.17022E+18,8,2,36,11,2017,2,14,1,3,0,1,0,0,0,1,0,0,1,4.7562E+20,5.42114E+21,8.66705E+15,4.89427E+16
146980,8.17022E+18,8,2,21,0,2017,2,16,1,3,0,7,0,0,0,1,0,0,0,4.76042E+20,5.47284E+21,8.66974E+15,4.94078E+16
146981,8.17022E+18,8,2,16,43,2017,2,10,1,3,5,3,0,1,0,0,0,0,0,4.41337E+20,5.412E+21,8.20023E+15,4.88582E+16
146982,8.17022E+18,8,1,36,65,2017,2,12,1,3,1,6,1,0,0,0,0,0,0,5.57912E+20,5.40572E+21,9.78865E+15,4.88018E+16
146983,8.17022E+18,8,1,19,20,2017,2,18,1,3,2,6,0,1,0,0,0,2,0,5.21061E+20,5.40777E+21,9.28693E+15,4.88225E+16
146984,8.17022E+18,8,1,18,48,2017,2,17,1,3,5,3,0,1,0,0,0,2,0,5.16661E+20,5.41564E+21,9.22731E+15,4.88935E+16
146985,8.17022E+18,8,1,18,48,2017,2,4,1,2,5,2,0,1,0,0,1,2,0,5.19366E+20,5.41762E+21,9.2643E+15,4.89112E+16
146986,8.17022E+18,8,1,11,0,2017,2,19,1,3,5,3,0,1,0,0,0,2,0,5.18704E+20,5.40198E+21,9.25455E+15,4.87706E+16
146987,8.17022E+18,8,1,11,0,2017,2,5,1,3,8,1,0,1,0,0,0,2,0,5.16879E+20,5.40995E+21,9.23004E+15,4.88423E+16
146988,8.17022E+18,8,4,36,64,2017,2,11,7,3,4,2,1,1,0,0,0,0,0,5.45232E+20,5.29073E+21,9.60366E+15,4.77683E+16
146989,8.17022E+18,8,4,16,49,2017,2,7,7,3,5,3,0,1,0,0,0,0,1,4.9118E+20,5.36983E+21,8.88065E+15,4.84816E+16
146990,8.17022E+18,8,4,16,41,2017,2,12,7,3,2,6,0,1,0,0,0,0,0,5.03561E+20,5.37446E+21,9.04823E+15,4.85232E+16
146991,8.17022E+18,8,3,36,91,2017,2,11,7,2,5,3,1,0,0,0,0,0,0,3.96881E+20,5.27162E+21,7.62846E+15,4.75898E+16
146992,8.17022E+18,8,3,26,52,2017,2,19,7,3,9,1,0,1,0,0,0,2,2,4.50911E+20,5.32846E+21,8.34055E+15,4.81075E+16
146993,8.17022E+18,8,3,26,74,2017,2,18,7,3,0,7,1,0,0,0,0,2,0,4.65179E+20,5.32312E+21,8.53265E+15,4.80604E+16
146994,8.17022E+18,8,3,15,64,2017,2,10,7,3,5,2,1,1,0,0,0,0,1,4.21521E+20,5.31286E+21,7.94865E+15,4.79642E+16
146995,8.17022E+18,8,3,11,0,2017,2,23,7,3,6,3,0,1,1,0,0,2,0,4.12567E+20,5.3175E+21,7.82779E+15,4.80048E+16
146996,8.17022E+18,8,2,15,108,2017,2,11,7,3,4,5,0,1,0,1,0,0,0,4.50723E+20,5.42537E+21,8.32657E+15,4.89793E+16
146997,8.17022E+18,8,2,12,0,2017,2,2,7,3,5,3,0,1,0,0,0,2,1,4.54988E+20,5.42905E+21,8.38444E+15,4.90127E+16
146998,8.17022E+18,8,2,12,0,2017,2,11,7,3,2,7,1,1,0,0,0,0,0,4.55151E+20,5.43093E+21,8.38647E+15,4.90296E+16
146999,8.17022E+18,8,2,26,96,2017,2,18,7,3,5,3,0,1,0,0,0,2,0,4.74327E+20,5.48617E+21,8.64524E+15,4.95276E+16
147000,8.17022E+18,8,2,22,0,2017,2,13,7,3,6,4,0,1,1,0,0,0,0,4.61561E+20,5.48299E+21,8.46914E+15,4.94983E+16
147001,8.17022E+18,8,2,16,7,2017,2,21,7,3,3,2,0,1,0,1,0,2,0,4.36363E+20,5.39417E+21,8.13519E+15,4.86974E+16
147002,8.17022E+18,8,1,17,24,2017,2,15,7,2,7,1,1,0,0,0,0,0,0,5.65365E+20,5.38829E+21,9.88737E+15,4.86443E+16
147003,8.17022E+18,8,1,27,104,2017,2,20,7,3,5,3,0,1,0,0,0,2,0,5.81762E+20,5.43733E+21,1.01197E+16,4.90834E+16
147004,8.17022E+18,8,1,18,48,2017,2,16,7,3,5,3,0,1,0,0,0,0,0,5.11899E+20,5.41709E+21,9.16238E+15,4.89067E+16
147005,8.17022E+18,8,1,11,0,2017,2,15,7,3,2,6,0,1,0,0,0,0,0,5.18918E+20,5.40342E+21,9.25753E+15,4.87835E+16
147006,8.17022E+18,8,1,11,0,2017,2,15,7,3,2,6,0,1,0,0,0,0,0,5.11531E+20,5.40646E+21,9.15706E+15,4.8811E+16
147007,8.17022E+18,8,1,11,0,2017,2,1,7,3,1,5,0,1,0,0,1,2,0,5.16067E+20,5.40512E+21,9.21878E+15,4.87989E+16
147008,8.17022E+18,8,1,11,0,2017,2,12,7,3,5,2,0,1,0,0,1,0,0,5.13349E+20,5.40334E+21,9.18171E+15,4.8783E+16
147009,8.17022E+18,8,4,37,100,2017,2,16,6,3,0,7,1,0,0,0,0,0,0,5.37105E+20,5.31846E+21,9.4976E+15,4.80184E+16
147010,8.17022E+18,8,4,16,41,2017,2,7,6,3,4,2,1,1,0,0,0,2,1,5.04048E+20,5.37265E+21,9.05481E+15,4.8507E+16
147011,8.17022E+18,8,3,35,43,2017,2,13,6,3,5,3,0,1,0,0,0,0,1,5.11415E+20,5.28009E+21,9.15207E+15,4.76741E+16
147012,8.17022E+18,8,4,35,16,2017,2,10,6,2,6,3,0,1,1,0,0,0,1,5.36967E+20,5.27982E+21,9.49245E+15,4.76707E+16
147013,8.17022E+18,8,3,26,74,2017,2,5,6,2,5,3,0,1,0,0,0,2,0,4.58951E+20,5.32404E+21,8.44898E+15,4.80683E+16
147014,8.17022E+18,8,3,17,89,2017,2,11,6,3,2,6,1,1,0,0,0,0,1,4.31727E+20,5.37519E+21,8.07532E+15,4.85261E+16
147015,8.17022E+18,8,3,16,10,2017,2,15,6,3,2,6,0,1,0,0,0,0,0,4.30627E+20,5.3357E+21,8.06692E+15,4.81708E+16
147016,8.17022E+18,8,3,11,0,2017,2,15,6,3,2,6,0,1,0,0,0,0,0,4.14144E+20,5.32075E+21,7.84828E+15,4.80342E+16
147017,8.17022E+18,8,3,11,0,2017,2,8,6,2,3,6,1,0,0,0,0,0,1,4.15116E+20,5.31598E+21,7.86226E+15,4.79915E+16
147018,8.17022E+18,8,3,11,0,2017,2,17,6,3,2,6,1,0,0,0,1,0,0,4.13551E+20,5.31731E+21,7.84102E+15,4.80032E+16
147019,8.17022E+18,8,3,11,0,2017,2,14,6,3,3,6,0,1,1,0,0,0,0,4.13185E+20,5.31834E+21,7.8359E+15,4.80124E+16
147020,8.17022E+18,8,2,12,0,2017,2,6,6,3,5,3,1,1,0,0,0,2,1,4.52526E+20,5.42774E+21,8.35093E+15,4.90007E+16
147021,8.17022E+18,8,2,35,79,2017,2,8,6,3,6,4,0,0,1,0,1,0,1,4.66926E+20,5.40052E+21,8.55E+15,4.87569E+16
147022,8.17022E+18,8,2,25,33,2017,2,12,6,3,2,6,0,1,0,0,0,0,0,5.109E+20,5.46099E+21,9.14993E+15,4.93016E+16
147023,8.17022E+18,8,2,22,0,2017,2,16,6,3,2,6,0,1,0,0,0,0,0,4.63806E+20,5.48333E+21,8.50012E+15,4.95015E+16
147024,8.17022E+18,8,2,26,38,2017,2,17,6,3,6,4,0,1,1,0,0,0,0,4.71577E+20,5.48036E+21,8.60766E+15,4.94752E+16
147025,8.17022E+18,8,1,36,88,2017,2,12,6,3,6,2,0,1,1,0,0,0,1,5.80257E+20,5.41027E+21,1.00938E+16,4.88402E+16
147026,8.17022E+18,8,1,35,19,2017,2,7,6,3,0,7,0,1,0,0,1,0,1,5.8401E+20,5.39311E+21,1.01414E+16,4.86854E+16
147027,8.17022E+18,8,1,18,50,2017,2,16,6,3,6,7,0,1,1,0,0,0,0,5.06171E+20,5.41681E+21,9.08421E+15,4.89042E+16
147028,8.17022E+18,8,1,17,24,2017,2,17,6,3,0,1,1,0,0,0,0,1,1,5.60246E+20,5.38563E+21,9.81749E+15,4.86208E+16
147029,8.17022E+18,8,4,25,71,2017,2,15,6,2,5,3,0,1,0,0,1,0,1,5.5478E+20,5.37139E+21,9.74145E+15,4.84933E+16
147030,8.17022E+18,8,1,16,19,2017,2,13,6,3,6,4,0,1,1,0,0,0,0,5.24494E+20,5.39772E+21,9.3331E+15,4.8732E+16
147031,8.17022E+18,8,1,16,20,2017,2,9,6,3,5,3,0,1,0,0,0,0,1,5.26847E+20,5.38224E+21,9.3641E+15,4.85927E+16
147032,8.17022E+18,8,1,15,3,2017,2,0,6,2,5,2,0,1,0,0,0,2,0,5.00794E+20,5.39169E+21,9.01078E+15,4.86783E+16
147033,8.17022E+18,8,1,15,3,2017,2,7,6,3,2,6,0,1,0,0,1,1,1,5.02429E+20,5.39228E+21,9.03299E+15,4.86835E+16
147034,8.17022E+18,8,1,15,3,2017,2,12,6,3,2,6,0,1,0,0,0,0,1,4.98702E+20,5.39201E+21,8.98237E+15,4.86811E+16
147035,8.17022E+18,8,1,11,0,2017,2,8,6,3,6,4,0,1,1,0,0,0,0,5.126E+20,5.4088E+21,9.17168E+15,4.88321E+16
147036,8.17022E+18,8,4,36,64,2017,2,21,5,2,0,1,0,0,0,1,0,2,0,5.40313E+20,5.28907E+21,9.53786E+15,4.77538E+16
147037,8.17022E+18,8,4,15,50,2017,2,16,5,3,0,1,1,0,0,0,0,0,0,5.2108E+20,5.37602E+21,9.28557E+15,4.85369E+16
147038,8.17022E+18,8,3,35,63,2017,2,11,5,3,5,3,1,1,0,0,0,0,0,4.97558E+20,5.28802E+21,8.96743E+15,4.77455E+16
147039,8.17022E+18,8,3,26,5,2017,2,18,5,3,5,3,1,0,0,1,0,2,0,4.64881E+20,5.29843E+21,8.53067E+15,4.78383E+16
147040,8.17022E+18,8,3,17,57,2017,2,17,5,3,8,7,1,0,0,0,0,0,0,4.13812E+20,5.38013E+21,7.83169E+15,4.85683E+16
147041,8.17022E+18,8,3,17,1,2017,2,8,5,3,0,7,1,0,0,0,0,0,0,4.32614E+20,5.38698E+21,8.08541E+15,4.86323E+16
147042,8.17022E+18,8,3,15,74,2017,2,17,5,3,4,2,1,1,0,0,0,0,0,3.97997E+20,5.29638E+21,7.63749E+15,4.78127E+16
147043,8.17022E+18,8,3,11,0,2017,2,18,5,3,2,6,0,1,0,0,0,1,0,4.10226E+20,5.31567E+21,7.7968E+15,4.79881E+16
147044,8.17022E+18,8,3,11,0,2017,2,10,5,3,5,2,1,1,0,0,0,0,0,4.14094E+20,5.31806E+21,7.84815E+15,4.801E+16
147045,8.17022E+18,8,2,12,0,2017,2,14,5,3,6,4,0,1,1,0,0,0,0,4.54738E+20,5.4279E+21,8.38115E+15,4.90023E+16
147046,8.17022E+18,8,2,12,0,2017,2,8,5,2,6,4,1,0,1,0,0,0,0,4.54988E+20,5.42928E+21,8.38442E+15,4.90148E+16
147047,8.17022E+18,8,2,12,0,2017,2,18,5,3,7,1,1,0,0,0,0,2,1,4.55976E+20,5.42821E+21,8.39805E+15,4.90053E+16
147048,8.17022E+18,8,2,31,0,2017,2,13,5,3,0,7,0,1,1,0,0,0,0,4.77034E+20,5.41556E+21,8.68668E+15,4.88926E+16
147049,8.17022E+18,8,2,36,71,2017,2,6,5,2,8,1,0,0,0,1,0,2,0,4.69032E+20,5.4225E+21,8.57699E+15,4.89547E+16
147050,8.17022E+18,8,2,36,70,2017,2,13,5,3,4,2,0,0,0,1,1,0,0,4.71616E+20,5.41543E+21,8.61278E+15,4.88912E+16
147051,8.17022E+18,8,2,26,98,2017,2,11,5,3,5,3,1,1,0,0,0,0,0,4.77964E+20,5.46073E+21,8.6969E+15,4.92989E+16
147052,8.17022E+18,8,2,26,96,2017,2,10,5,3,5,3,1,1,0,0,0,0,0,4.74457E+20,5.48795E+21,8.64691E+15,4.95437E+16
147053,8.17022E+18,8,2,26,84,2017,2,17,5,3,0,6,1,1,0,0,0,0,0,4.69339E+20,5.46973E+21,8.57758E+15,4.93795E+16
147054,8.17022E+18,8,2,26,32,2017,2,9,5,3,6,7,1,1,1,0,0,0,0,4.68271E+20,5.46291E+21,8.56342E+15,4.93181E+16
147055,8.17022E+18,8,2,22,0,2017,2,16,5,3,5,5,1,1,0,0,0,0,0,4.63944E+20,5.47853E+21,8.50246E+15,4.94583E+16
147056,8.17022E+18,8,2,21,0,2017,2,12,5,3,3,2,0,1,0,0,1,0,0,4.77342E+20,5.47289E+21,8.68766E+15,4.94083E+16
147057,8.17022E+18,8,2,16,7,2017,2,7,5,3,5,3,0,1,0,0,0,0,0,4.35857E+20,5.39467E+21,8.12823E+15,4.87017E+16
147058,8.17022E+18,8,2,16,43,2017,2,14,5,3,0,7,1,0,0,0,0,0,0,4.37761E+20,5.41494E+21,8.15103E+15,4.88843E+16
147059,8.17022E+18,8,2,16,9,2017,2,11,5,2,8,1,1,0,0,0,0,0,0,4.45554E+20,5.421E+21,8.25652E+15,4.89396E+16
147060,8.17022E+18,8,2,15,103,2017,2,14,5,3,5,3,0,1,0,0,0,0,0,4.65153E+20,5.44149E+21,8.52238E+15,4.91252E+16
147061,8.17022E+18,8,2,12,0,2017,2,21,5,3,1,5,0,1,0,0,0,2,0,4.5365E+20,5.43027E+21,8.36601E+15,4.90236E+16
147062,8.17022E+18,8,2,12,0,2017,2,10,5,3,6,4,1,0,1,0,0,0,0,4.54246E+20,5.42856E+21,8.37435E+15,4.90083E+16
147063,8.17022E+18,8,2,16,43,2017,2,2,5,2,5,3,0,1,0,0,0,2,0,4.40664E+20,5.41362E+21,8.19082E+15,4.88727E+16
147064,8.17022E+18,8,1,36,88,2017,2,18,5,3,1,6,0,1,0,0,0,2,0,5.79649E+20,5.40926E+21,1.00853E+16,4.88312E+16
147065,8.17022E+18,8,1,35,19,2017,2,9,5,3,6,4,0,1,1,0,0,0,0,5.83491E+20,5.39442E+21,1.01346E+16,4.86972E+16
147066,8.17022E+18,8,1,35,16,2017,2,6,5,2,6,4,0,0,1,0,1,1,0,5.90934E+20,5.38589E+21,1.02339E+16,4.86195E+16
147067,8.17022E+18,8,1,28,131,2017,2,13,5,3,4,1,0,1,0,0,0,0,0,5.35995E+20,5.5139E+21,9.49993E+15,4.97765E+16
147068,8.17022E+18,8,1,27,14,2017,2,18,5,3,6,4,0,1,1,0,0,2,0,5.77032E+20,5.443E+21,1.0056E+16,4.9135E+16
147069,8.17022E+18,8,1,27,75,2017,2,18,5,2,5,3,1,1,0,0,0,2,0,5.71608E+20,5.46624E+21,9.98585E+15,4.93447E+16
147070,8.17022E+18,8,1,21,0,2017,2,15,5,3,1,5,1,1,0,0,0,0,0,5.15391E+20,5.44278E+21,9.211E+15,4.91377E+16
147071,8.17022E+18,8,1,21,0,2017,2,7,5,3,6,2,0,1,1,0,0,1,0,5.16796E+20,5.44217E+21,9.23024E+15,4.91321E+16
147072,8.17022E+18,8,1,19,79,2017,2,18,5,3,6,4,0,0,1,0,1,2,0,5.22617E+20,5.40811E+21,9.30814E+15,4.88256E+16
147073,8.17022E+18,8,1,19,79,2017,2,7,5,3,4,6,0,1,0,0,1,0,0,5.21321E+20,5.40783E+21,9.29047E+15,4.88231E+16
147074,8.17022E+18,8,1,18,48,2017,2,16,5,2,5,2,0,1,0,1,0,0,0,5.13677E+20,5.41594E+21,9.1866E+15,4.88962E+16
147075,8.17022E+18,8,1,18,48,2017,2,8,5,3,5,3,0,1,0,0,0,0,0,5.13454E+20,5.41512E+21,9.18354E+15,4.88889E+16
147076,8.17022E+18,8,1,17,1,2017,2,11,5,3,1,7,0,1,0,0,1,0,0,5.44015E+20,5.40121E+21,9.59893E+15,4.87624E+16
147077,8.17022E+18,8,1,16,19,2017,2,14,5,3,6,7,0,1,1,0,0,0,0,5.22954E+20,5.39852E+21,9.3122E+15,4.87392E+16
147078,8.17022E+18,8,1,15,15,2017,2,7,5,3,5,3,0,1,0,0,0,0,0,4.92779E+20,5.38767E+21,8.90198E+15,4.86421E+16
147079,8.17022E+18,8,1,11,0,2017,2,16,5,2,6,4,0,1,1,0,0,0,0,5.11965E+20,5.39548E+21,9.16264E+15,4.87123E+16
147080,8.17022E+18,8,1,11,0,2017,2,15,5,3,5,2,1,1,0,0,0,0,0,5.1401E+20,5.40879E+21,9.1909E+15,4.88319E+16
147081,8.17022E+18,8,4,35,16,2017,2,8,4,3,0,1,1,0,0,0,0,0,2,5.34271E+20,5.27851E+21,9.45643E+15,4.7659E+16
147082,8.17022E+18,8,4,21,0,2017,2,11,4,3,2,6,0,1,0,0,0,0,0,5.70647E+20,5.36113E+21,9.95446E+15,4.83993E+16
147083,8.17022E+18,8,4,15,59,2017,2,12,4,3,6,6,0,1,1,0,0,0,0,5.16771E+20,5.36797E+21,9.22687E+15,4.84646E+16
147084,8.17022E+18,8,3,35,75,2017,2,8,4,3,0,1,0,0,0,1,0,0,2,4.90219E+20,5.28918E+21,8.8695E+15,4.77559E+16
147085,8.17022E+18,8,3,25,49,2017,2,9,4,2,5,3,0,1,0,0,0,0,0,4.73268E+20,5.33278E+21,8.64061E+15,4.81477E+16
147086,8.17022E+18,8,3,17,151,2017,2,7,4,3,2,6,0,1,0,0,0,1,0,4.11646E+20,5.36895E+21,7.80471E+15,4.84675E+16
147087,8.17022E+18,8,3,17,96,2017,2,16,4,3,5,3,0,1,0,0,0,0,0,4.22688E+20,5.36866E+21,7.95412E+15,4.84664E+16
147088,8.17022E+18,8,3,11,0,2017,2,11,4,3,5,2,0,1,0,0,1,0,0,4.11777E+20,5.32109E+21,7.81646E+15,4.8037E+16
147089,8.17022E+18,8,3,15,13,2017,2,13,4,3,1,6,0,0,0,1,1,0,0,4.05163E+20,5.3256E+21,7.72675E+15,4.80766E+16
147090,8.17022E+18,8,2,12,0,2017,2,18,4,3,5,3,0,1,0,0,0,2,0,4.62754E+20,5.42844E+21,8.49069E+15,4.90077E+16
147091,8.17022E+18,8,2,36,40,2017,2,17,4,3,6,4,0,1,1,0,0,0,0,4.88532E+20,5.42196E+21,8.84336E+15,4.89504E+16
147092,8.17022E+18,8,2,26,85,2017,2,15,4,3,6,2,0,0,1,0,1,0,0,4.90786E+20,5.45552E+21,8.87338E+15,4.92524E+16
147093,8.17022E+18,8,2,22,0,2017,2,21,4,2,6,4,0,1,1,0,0,2,0,4.62852E+20,5.48614E+21,8.48667E+15,4.95268E+16
147094,8.17022E+18,8,2,22,0,2017,2,7,4,3,5,3,1,1,0,0,0,1,0,4.6422E+20,5.48708E+21,8.5055E+15,4.95353E+16
147095,8.17022E+18,8,2,22,0,2017,2,8,4,3,4,2,1,1,0,0,0,0,0,4.62394E+20,5.47838E+21,8.4811E+15,4.94569E+16
147096,8.17022E+18,8,2,21,0,2017,2,15,4,3,5,3,1,1,0,0,0,0,0,4.76973E+20,5.47241E+21,8.6826E+15,4.9404E+16
147097,8.17022E+18,8,1,25,65,2017,2,11,4,3,5,3,1,1,0,0,0,0,0,5.166E+20,5.44911E+21,9.22784E+15,4.91945E+16
147098,8.17022E+18,8,1,18,67,2017,2,15,4,3,0,7,1,0,0,0,0,0,0,5.05545E+20,5.41438E+21,9.07564E+15,4.88823E+16
147099,8.17022E+18,8,1,18,71,2017,2,13,4,3,4,2,1,1,0,0,0,0,0,5.08949E+20,5.41888E+21,9.12216E+15,4.89227E+16
147100,8.17022E+18,8,1,18,27,2017,2,15,4,3,1,7,0,1,0,0,0,0,0,5.02238E+20,5.4125E+21,9.03051E+15,4.88655E+16
147101,8.17022E+18,8,1,16,14,2017,2,18,4,3,1,5,0,1,0,0,0,2,0,5.28015E+20,5.39568E+21,9.38084E+15,4.87135E+16
147102,8.17022E+18,8,1,16,19,2017,2,11,4,3,2,6,0,1,0,0,1,0,0,5.23457E+20,5.39818E+21,9.31903E+15,4.87362E+16
147103,8.17022E+18,8,1,15,28,2017,2,7,4,2,0,7,1,1,0,0,0,0,1,5.00735E+20,5.40486E+21,9.01001E+15,4.87968E+16
147104,8.17022E+18,8,1,15,28,2017,2,20,4,3,5,3,0,1,0,0,0,2,0,5.01283E+20,5.40416E+21,9.01746E+15,4.87904E+16
147105,8.17022E+18,8,1,15,3,2017,2,18,4,3,5,2,0,1,0,0,0,2,0,4.9822E+20,5.39181E+21,8.97582E+15,4.86793E+16
147106,8.17022E+18,8,1,11,0,2017,2,7,4,3,5,3,1,1,0,0,0,0,0,5.11092E+20,5.40201E+21,9.15096E+15,4.8771E+16
147107,8.17022E+18,8,1,11,0,2017,2,16,4,3,5,3,0,1,0,0,0,0,0,5.10859E+20,5.40251E+21,9.1478E+15,4.87755E+16
147108,8.17022E+18,8,1,11,0,2017,2,15,4,3,0,3,0,1,0,0,1,0,0,5.10749E+20,5.40046E+21,9.14626E+15,4.87571E+16
147109,8.17022E+18,8,1,11,0,2017,2,15,4,3,3,6,0,1,0,0,0,0,0,5.09657E+20,5.39642E+21,9.13129E+15,4.87207E+16
147110,8.17021E+18,8,4,36,49,2017,2,15,3,2,6,4,0,0,1,0,1,0,0,5.79641E+20,5.28409E+21,1.00616E+16,4.77053E+16
147111,8.17021E+18,8,4,21,0,2017,2,17,3,3,0,6,0,1,0,0,1,1,0,5.7325E+20,5.36141E+21,9.98968E+15,4.84016E+16
147112,8.17021E+18,8,4,16,41,2017,2,18,3,3,5,3,1,1,0,0,0,2,0,5.04889E+20,5.37524E+21,9.06623E+15,4.85303E+16
147113,8.17021E+18,8,3,36,105,2017,2,21,3,3,0,1,1,0,0,0,0,2,0,4.02185E+20,5.26697E+21,7.70002E+15,4.75488E+16
147114,8.17021E+18,8,3,36,69,2017,2,6,3,3,5,3,0,1,0,0,0,2,0,4.08258E+20,5.26794E+21,7.7805E+15,4.75584E+16
147115,8.17021E+18,8,3,35,79,2017,2,4,3,3,5,3,0,1,0,0,0,2,0,5.00834E+20,5.29959E+21,9.01114E+15,4.78496E+16
147116,8.17021E+18,8,3,35,43,2017,2,17,3,3,5,2,1,1,0,0,0,0,0,5.11138E+20,5.28152E+21,9.14842E+15,4.7687E+16
147117,8.17021E+18,8,3,26,74,2017,2,18,3,2,6,4,0,1,1,0,0,2,0,4.59628E+20,5.32382E+21,8.45809E+15,4.80663E+16
147118,8.17021E+18,8,3,17,96,2017,2,14,3,3,5,3,1,1,0,0,0,0,0,4.22101E+20,5.3699E+21,7.94594E+15,4.84774E+16
147119,8.17021E+18,8,3,17,57,2017,2,6,3,3,6,7,0,1,1,0,0,2,0,4.12144E+20,5.38108E+21,7.80889E+15,4.85766E+16
147120,8.17021E+18,8,3,15,113,2017,2,15,3,2,5,3,0,1,0,1,0,0,1,4.36161E+20,5.3057E+21,8.14582E+15,4.79015E+16
147121,8.17021E+18,8,3,15,76,2017,2,15,3,3,2,6,0,1,0,0,0,0,0,3.92674E+20,5.29624E+21,7.56645E+15,4.78106E+16