OBJECTID,UIDENTSTLA,ULAND,UREGBEZ,UKREIS,UGEMEINDE,UJAHR,UMONAT,USTUNDE,UWOCHENTAG,UKATEGORIE,UART,UTYP1,IstRad,IstPKW,IstFuss,IstKrad,IstSonstig,LICHT,STRZUSTAND,LINREFX,LINREFY,XGCSWGS84,YGCSWGS84
147122,8.17021E+18,8,3,11,0,2017,2,16,3,3,2,6,0,1,0,0,0,0,0,4.11307E+20,5.31961E+21,7.81046E+15,4.80236E+16
147123,8.17021E+18,8,3,11,0,2017,2,6,3,3,2,6,0,1,0,0,0,2,0,4.11295E+20,5.3238E+21,7.80944E+15,4.80613E+16
147124,8.17021E+18,8,3,11,0,2017,2,8,3,3,5,2,0,1,0,0,0,0,0,4.12873E+20,5.31671E+21,7.83205E+15,4.79978E+16
147125,8.17021E+18,8,3,15,64,2017,2,9,3,3,5,3,1,0,0,0,0,0,0,4.21915E+20,5.31307E+21,7.95389E+15,4.79662E+16
147126,8.17021E+18,8,3,11,0,2017,2,16,3,3,5,3,0,1,0,1,0,0,0,4.14191E+20,5.31933E+21,7.84919E+15,4.80215E+16
147127,8.17021E+18,8,3,11,0,2017,2,17,3,3,0,3,1,1,0,0,0,0,0,4.13383E+20,5.31617E+21,7.839E+15,4.7993E+16
147128,8.17021E+18,8,2,12,0,2017,2,7,3,3,5,3,1,1,0,0,0,1,0,4.58376E+20,5.43083E+21,8.43059E+15,4.9029E+16
147129,8.17021E+18,8,2,12,0,2017,2,7,3,3,4,2,0,1,0,0,0,0,0,4.59349E+20,5.42824E+21,8.44416E+15,4.90057E+16
147130,8.17021E+18,8,2,37,28,2017,2,10,3,3,1,6,0,1,0,0,1,0,0,4.58461E+20,5.3686E+21,8.43803E+15,4.84692E+16
147131,8.17021E+18,8,2,36,40,2017,2,7,3,3,6,4,0,0,1,0,1,1,0,4.88188E+20,5.42168E+21,8.83868E+15,4.89479E+16
147132,8.17021E+18,8,2,22,0,2017,2,12,3,3,6,5,0,0,1,0,1,0,0,4.63922E+20,5.48576E+21,8.50149E+15,4.95234E+16
147133,8.17021E+18,8,2,22,0,2017,2,19,3,3,5,3,1,1,0,0,0,2,0,4.62394E+20,5.47837E+21,8.48109E+15,4.94568E+16
147134,8.17021E+18,8,2,22,0,2017,2,19,3,3,6,7,0,0,1,0,1,2,0,4.61379E+20,5.48311E+21,8.46662E+15,4.94994E+16
147135,8.17021E+18,8,2,26,9,2017,2,13,3,2,5,2,0,1,0,0,0,0,0,4.66494E+20,5.47233E+21,8.53817E+15,4.94027E+16
147136,8.17021E+18,8,2,16,22,2017,2,14,3,3,2,6,0,1,0,0,0,0,0,4.33873E+20,5.40482E+21,8.09964E+15,4.87928E+16
147137,8.17021E+18,8,2,15,9,2017,2,5,3,3,0,1,1,0,0,0,0,2,0,4.745E+20,5.43877E+21,8.65065E+15,4.91013E+16
147138,8.17021E+18,8,2,15,7,2017,2,13,3,3,5,3,0,1,0,0,0,0,0,4.79622E+20,5.43217E+21,8.72116E+15,4.9042E+16
147139,8.17021E+18,8,1,28,7,2017,2,9,3,3,0,7,1,0,0,0,0,0,0,5.55781E+20,5.48151E+21,9.77012E+15,4.94836E+16
147140,8.17021E+18,8,1,28,115,2017,2,8,3,2,6,4,0,1,1,0,0,0,0,5.48448E+20,5.49731E+21,9.67083E+15,4.96264E+16
147141,8.17021E+18,8,1,21,0,2017,2,17,3,3,1,6,1,1,0,0,0,1,0,5.14791E+20,5.44138E+21,9.20272E+15,4.91251E+16
147142,8.17021E+18,8,1,21,0,2017,2,14,3,3,1,6,0,1,0,0,1,0,0,5.16136E+20,5.44272E+21,9.22122E+15,4.91371E+16
147143,8.17021E+18,8,1,19,68,2017,2,18,3,2,5,3,0,1,0,0,0,2,0,5.25687E+20,5.4137E+21,9.35032E+15,4.88757E+16
147144,8.17021E+18,8,1,18,48,2017,2,19,3,3,5,7,1,1,0,0,0,2,0,5.13455E+20,5.41532E+21,9.18356E+15,4.88907E+16
147145,8.17021E+18,8,1,16,19,2017,2,10,3,3,5,3,0,1,0,0,0,0,0,5.23388E+20,5.39783E+21,9.31806E+15,4.87331E+16
147146,8.17021E+18,8,1,15,3,2017,2,11,3,3,5,3,0,1,0,0,0,0,0,4.98554E+20,5.39209E+21,8.98035E+15,4.86818E+16
147147,8.17021E+18,8,1,11,0,2017,2,18,3,3,2,6,0,1,0,0,0,2,0,5.11735E+20,5.40043E+21,9.15966E+15,4.87568E+16
147148,8.17021E+18,8,1,11,0,2017,2,8,3,3,5,2,1,1,0,0,0,0,0,5.12404E+20,5.40202E+21,9.16882E+15,4.87711E+16
147149,8.17021E+18,8,4,35,57,2017,2,13,2,3,5,3,1,1,0,0,0,0,0,5.44481E+20,5.27884E+21,9.59243E+15,4.76615E+16
147150,8.17021E+18,8,4,21,0,2017,2,15,2,2,0,6,0,0,0,0,1,0,0,5.71415E+20,5.36124E+21,9.96486E+15,4.84003E+16
147151,8.17021E+18,8,3,37,126,2017,2,11,2,3,4,6,0,1,0,0,1,0,0,4.43112E+20,5.2764E+21,8.24265E+15,4.76385E+16
147152,8.17021E+18,8,3,36,50,2017,2,14,2,3,2,6,0,1,0,0,1,0,0,3.98981E+20,5.27237E+21,7.6562E+15,4.75969E+16
147153,8.17021E+18,8,3,11,0,2017,2,13,2,2,5,3,1,1,0,0,0,0,0,4.13777E+20,5.31704E+21,7.8441E+15,4.80008E+16
147154,8.17021E+18,8,2,26,28,2017,2,6,2,3,5,3,0,1,0,0,0,0,1,4.70838E+20,5.48391E+21,8.5972E+15,4.95072E+16
147155,8.17021E+18,8,2,22,0,2017,2,14,2,3,2,6,0,1,0,0,0,0,0,4.60851E+20,5.48232E+21,8.4594E+15,4.94923E+16
147156,8.17021E+18,8,2,22,0,2017,2,0,2,3,5,3,0,1,0,0,0,2,0,4.61234E+20,5.48243E+21,8.46469E+15,4.94933E+16
147157,8.17021E+18,8,2,22,0,2017,2,15,2,2,6,4,0,1,1,0,0,0,0,4.65764E+20,5.48379E+21,8.52712E+15,4.95057E+16
147158,8.17021E+18,8,2,26,18,2017,2,7,2,3,5,3,1,1,0,0,0,1,0,4.72734E+20,5.47241E+21,8.62418E+15,4.94038E+16
147159,8.17021E+18,8,2,16,43,2017,2,16,2,3,6,3,0,0,1,1,0,0,0,4.41433E+20,5.41234E+21,8.20149E+15,4.88613E+16
147160,8.17021E+18,8,2,16,23,2017,2,9,2,2,9,7,0,1,0,0,0,0,0,4.36804E+20,5.40807E+21,8.13903E+15,4.88224E+16
147161,8.17021E+18,8,2,12,0,2017,2,13,2,3,1,5,1,1,0,0,0,0,0,4.55432E+20,5.42844E+21,8.39058E+15,4.90072E+16
147162,8.17021E+18,8,2,12,0,2017,2,17,2,3,0,7,0,1,0,0,0,0,0,4.61501E+20,5.42718E+21,8.47368E+15,4.89963E+16
147163,8.17021E+18,8,2,12,0,2017,2,12,2,3,2,7,0,1,0,0,0,0,0,4.62856E+20,5.42831E+21,8.4921E+15,4.90066E+16
147164,8.17021E+18,8,1,28,7,2017,2,16,2,2,0,1,1,0,0,0,0,0,0,5.56288E+20,5.48204E+21,9.7772E+15,4.94884E+16
147165,8.17021E+18,8,1,21,0,2017,2,10,2,3,0,7,0,1,0,0,0,0,0,5.15555E+20,5.44235E+21,9.21325E+15,4.91338E+16
147166,8.17021E+18,8,1,21,0,2017,2,14,2,3,0,7,0,1,0,0,0,0,0,5.16953E+20,5.44226E+21,9.23239E+15,4.9133E+16
147167,8.17021E+18,8,1,19,68,2017,2,11,2,3,5,3,0,1,0,0,0,0,0,5.25982E+20,5.4133E+21,9.35432E+15,4.88721E+16
147168,8.17021E+18,8,1,16,77,2017,2,8,2,3,5,3,0,1,0,0,0,0,0,5.16246E+20,5.39219E+21,9.22072E+15,4.86825E+16
147169,8.17021E+18,8,1,16,19,2017,2,7,2,3,2,6,0,1,0,0,0,0,0,5.22315E+20,5.40009E+21,9.3036E+15,4.87534E+16
147170,8.17021E+18,8,1,11,0,2017,2,17,2,3,6,3,0,1,1,0,0,1,0,5.1146E+20,5.40253E+21,9.15598E+15,4.87757E+16
147171,8.17021E+18,8,1,11,0,2017,2,9,2,3,2,6,0,1,0,0,0,0,0,5.14472E+20,5.40794E+21,9.19717E+15,4.88243E+16
147172,8.17021E+18,8,1,11,0,2017,2,19,2,3,1,5,0,1,0,0,1,2,0,5.08067E+20,5.39771E+21,9.1097E+15,4.87324E+16
147173,8.17021E+18,8,4,36,4,2017,2,17,1,2,0,1,1,0,0,0,0,0,0,5.81058E+20,5.31029E+21,1.00854E+16,4.79408E+16
147174,8.1703E+18,8,1,21,0,2017,3,13,7,3,1,6,1,1,0,0,0,0,0,5.15987E+20,5.44339E+21,9.21921E+15,4.91431E+16
147175,8.1703E+18,8,1,35,16,2017,3,12,7,3,8,1,0,0,0,1,0,0,0,5.91846E+20,5.38823E+21,1.02468E+16,4.86404E+16
147176,8.1703E+18,8,1,28,115,2017,3,8,7,3,5,3,0,1,0,0,0,0,0,5.47714E+20,5.49671E+21,9.6606E+15,4.96211E+16
147177,8.1703E+18,8,1,27,14,2017,3,22,7,3,0,1,1,0,0,0,0,2,0,5.7915E+20,5.4421E+21,1.00849E+16,4.91266E+16
147178,8.1703E+18,8,1,19,85,2017,3,12,7,3,2,6,0,1,0,0,0,0,0,5.29429E+20,5.4139E+21,9.40137E+15,4.88774E+16
147179,8.1703E+18,8,1,17,30,2017,3,16,7,3,5,3,0,1,0,1,0,0,0,5.4708E+20,5.38992E+21,9.63935E+15,4.86606E+16
147180,8.1703E+18,8,1,16,19,2017,3,10,7,3,5,2,0,1,0,0,0,0,0,5.22956E+20,5.39971E+21,9.31229E+15,4.875E+16
147181,8.1703E+18,8,1,11,0,2017,3,18,7,3,2,2,0,1,0,0,0,2,0,5.12545E+20,5.40291E+21,9.17076E+15,4.87791E+16
147182,8.1703E+18,8,1,11,0,2017,3,1,7,3,3,6,1,1,0,0,0,2,0,5.14485E+20,5.40406E+21,9.1972E+15,4.87894E+16
147183,8.1703E+18,8,1,11,0,2017,3,20,7,3,5,2,0,1,0,0,0,2,0,5.14194E+20,5.40912E+21,9.19342E+15,4.88349E+16
147184,8.1703E+18,8,1,11,0,2017,3,13,7,3,2,6,0,1,0,0,0,0,0,5.12777E+20,5.40835E+21,9.17409E+15,4.8828E+16
147185,8.1703E+18,8,1,11,0,2017,3,2,7,3,8,7,0,0,0,0,1,2,0,5.15709E+20,5.40454E+21,9.21388E+15,4.87936E+16
147186,8.1703E+18,8,4,36,64,2017,3,13,6,3,5,7,0,1,0,0,0,0,0,5.42933E+20,5.29166E+21,9.57308E+15,4.77769E+16
147187,8.1703E+18,8,3,36,81,2017,3,16,6,2,1,5,1,1,0,0,0,0,0,4.11464E+20,5.27803E+21,7.82107E+15,4.76496E+16
147188,8.1703E+18,8,3,27,50,2017,3,6,6,3,5,2,1,1,0,0,0,2,0,4.8822E+20,5.31338E+21,8.84216E+15,4.79736E+16
147189,8.1703E+18,8,3,25,49,2017,3,14,6,2,5,3,0,1,0,1,0,0,0,4.72341E+20,5.33449E+21,8.62803E+15,4.81631E+16
147190,8.1703E+18,8,3,17,57,2017,3,9,6,2,8,6,0,1,0,0,0,0,1,4.16418E+20,5.37233E+21,7.86858E+15,4.84985E+16
147191,8.1703E+18,8,3,36,50,2017,3,9,6,2,0,1,0,0,0,1,0,0,0,3.99116E+20,5.27351E+21,7.65773E+15,4.76071E+16
147192,8.1703E+18,8,2,12,0,2017,3,19,6,2,5,3,1,1,0,0,0,2,0,4.53239E+20,5.4293E+21,8.3605E+15,4.90148E+16
147193,8.1703E+18,8,2,12,0,2017,3,16,6,3,4,6,0,1,0,0,1,0,0,4.53642E+20,5.42613E+21,8.36636E+15,4.89864E+16
147194,8.1703E+18,8,2,22,0,2017,3,11,6,3,5,5,0,1,0,0,0,0,0,4.64414E+20,5.48078E+21,8.50875E+15,4.94786E+16
147195,8.1703E+18,8,2,26,36,2017,3,16,6,3,5,3,0,1,0,0,0,0,0,4.67884E+20,5.48098E+21,8.55663E+15,4.94806E+16
147196,8.1703E+18,8,2,21,0,2017,3,8,6,3,3,5,1,1,0,0,0,0,0,4.77236E+20,5.47287E+21,8.6862E+15,4.94081E+16
147197,8.1703E+18,8,2,15,17,2017,3,17,6,3,1,5,0,1,0,0,0,0,0,4.56741E+20,5.42075E+21,8.4093E+15,4.89381E+16
147198,8.1703E+18,8,2,11,0,2017,3,9,6,3,5,3,0,1,0,0,0,0,0,4.40053E+20,5.40334E+21,8.18399E+15,4.87802E+16
147199,8.1703E+18,8,1,35,19,2017,3,12,6,3,2,6,0,1,0,0,0,0,0,5.8558E+20,5.39353E+21,1.01628E+16,4.86889E+16
147200,8.1703E+18,8,1,21,0,2017,3,12,6,3,6,6,0,0,1,1,0,0,0,5.13217E+20,5.44408E+21,9.18125E+15,4.91494E+16
147201,8.1703E+18,8,1,18,73,2017,3,11,6,2,0,7,0,0,0,1,0,0,0,4.95855E+20,5.42053E+21,8.9434E+15,4.89376E+16
147202,8.1703E+18,8,1,16,46,2017,3,8,6,2,5,3,1,1,0,0,0,0,0,5.27803E+20,5.37793E+21,9.37677E+15,4.85538E+16
147203,8.1703E+18,8,1,16,49,2017,3,12,6,3,5,3,1,1,0,0,0,0,0,5.25756E+20,5.38575E+21,9.34951E+15,4.86243E+16
147204,8.1703E+18,8,1,16,78,2017,3,11,6,2,6,4,0,0,1,0,1,0,0,5.10637E+20,5.39422E+21,9.14457E+15,4.87009E+16
147205,8.1703E+18,8,1,16,19,2017,3,15,6,2,6,4,0,1,1,0,0,0,0,5.21406E+20,5.39825E+21,9.29113E+15,4.87369E+16
147206,8.1703E+18,8,1,15,3,2017,3,8,6,3,5,2,0,1,0,0,0,0,0,4.99034E+20,5.39265E+21,8.98687E+15,4.86869E+16
147207,8.1703E+18,8,1,15,3,2017,3,17,6,3,5,3,1,1,0,0,0,0,0,5.01629E+20,5.39258E+21,9.02213E+15,4.86863E+16
147208,8.1703E+18,8,1,11,0,2017,3,13,6,3,1,5,0,1,0,0,0,0,0,5.09245E+20,5.39643E+21,9.1257E+15,4.87209E+16
147209,8.1703E+18,8,1,11,0,2017,3,8,6,3,6,3,0,1,1,0,0,0,0,5.16896E+20,5.40557E+21,9.23009E+15,4.88029E+16
147210,8.1703E+18,8,1,11,0,2017,3,7,6,3,2,6,0,1,0,0,0,0,0,5.09394E+20,5.39667E+21,9.12773E+15,4.8723E+16
147211,8.1703E+18,8,4,37,31,2017,3,21,5,3,4,6,0,1,0,0,0,2,0,5.17026E+20,5.34444E+21,9.22937E+15,4.82529E+16
147212,8.1703E+18,8,4,26,97,2017,3,11,5,3,5,3,1,1,0,0,0,0,0,5.35445E+20,5.33406E+21,9.47662E+15,4.81588E+16
147213,8.1703E+18,8,4,25,33,2017,3,12,5,3,5,3,0,1,0,1,0,0,0,5.53068E+20,5.34909E+21,9.71547E+15,4.82928E+16
147214,8.1703E+18,8,4,17,79,2017,3,14,5,3,5,3,0,1,0,0,0,0,0,5.00599E+20,5.33962E+21,9.00807E+15,4.82098E+16
147215,8.1703E+18,8,3,37,116,2017,3,6,5,3,5,3,0,1,0,1,0,2,1,4.17553E+20,5.2752E+21,7.90267E+15,4.76249E+16
147216,8.1703E+18,8,3,36,81,2017,3,9,5,3,2,6,0,1,0,0,0,0,0,4.10554E+20,5.27779E+21,7.809E+15,4.76474E+16
147217,8.1703E+18,8,3,35,22,2017,3,17,5,3,0,7,1,0,0,0,0,0,0,4.82379E+20,5.29714E+21,8.76456E+15,4.78274E+16
147218,8.1703E+18,8,3,35,63,2017,3,19,5,2,2,2,0,1,0,1,0,2,0,4.98609E+20,5.28791E+21,8.98145E+15,4.77446E+16
147219,8.1703E+18,8,3,27,50,2017,3,17,5,3,1,6,0,1,0,0,0,0,0,4.86616E+20,5.31382E+21,8.82066E+15,4.79775E+16
147220,8.1703E+18,8,3,26,12,2017,3,19,5,2,8,6,0,1,0,0,1,2,0,4.58629E+20,5.3141E+21,8.44562E+15,4.79789E+16
147221,8.1703E+18,8,3,17,129,2017,3,18,5,3,8,1,0,0,0,1,0,1,0,4.2841E+20,5.35038E+21,8.03463E+15,4.83025E+16
147222,8.1703E+18,8,3,17,96,2017,3,18,5,3,5,3,1,1,0,0,0,0,0,4.21432E+20,5.37052E+21,7.93677E+15,4.84829E+16
147223,8.1703E+18,8,3,16,43,2017,3,13,5,3,5,3,0,1,0,0,0,0,0,4.12081E+20,5.33098E+21,7.8185E+15,4.8126E+16
147224,8.1703E+18,8,3,15,74,2017,3,16,5,3,8,1,0,0,0,1,0,0,0,3.95131E+20,5.29912E+21,7.59857E+15,4.78369E+16
147225,8.1703E+18,8,3,11,0,2017,3,16,5,3,6,1,0,1,1,0,0,0,0,4.14357E+20,5.31621E+21,7.85203E+15,4.79935E+16
147226,8.1703E+18,8,3,11,0,2017,3,15,5,3,4,6,0,1,0,1,0,0,0,4.10402E+20,5.31647E+21,7.79898E+15,4.79952E+16
147227,8.1703E+18,8,3,11,0,2017,3,13,5,3,1,6,0,1,0,0,1,0,0,4.10403E+20,5.317E+21,7.79888E+15,4.8E+16
147228,8.1703E+18,8,2,26,95,2017,3,18,5,3,5,3,1,1,0,0,0,2,0,4.74142E+20,5.46165E+21,8.64427E+15,4.93071E+16
147229,8.1703E+18,8,2,26,105,2017,3,8,5,3,5,3,1,1,0,0,0,0,0,4.69875E+20,5.47761E+21,8.58437E+15,4.94504E+16
147230,8.1703E+18,8,2,22,0,2017,3,11,5,3,5,3,0,1,0,0,0,0,0,4.61712E+20,5.48214E+21,8.47132E+15,4.94907E+16
147231,8.1703E+18,8,2,22,0,2017,3,16,5,2,0,1,1,0,0,0,1,2,1,4.62301E+20,5.48098E+21,8.47956E+15,4.94803E+16
147232,8.1703E+18,8,2,12,0,2017,3,15,5,3,1,5,1,1,0,0,0,0,0,4.55631E+20,5.42875E+21,8.39327E+15,4.90101E+16
147233,8.1703E+18,8,2,15,17,2017,3,10,5,3,2,6,0,1,0,0,0,0,0,4.56839E+20,5.42125E+21,8.41058E+15,4.89426E+16
147234,8.1703E+18,8,1,27,14,2017,3,13,5,3,5,3,0,1,0,0,0,0,0,5.77287E+20,5.4433E+21,1.00596E+16,4.91377E+16
147235,8.1703E+18,8,1,21,0,2017,3,23,5,2,0,7,0,0,1,0,1,2,0,5.1614E+20,5.44279E+21,9.22127E+15,4.91377E+16
147236,8.1703E+18,8,1,19,93,2017,3,15,5,3,6,4,0,1,1,0,0,0,0,5.25217E+20,5.40445E+21,9.34335E+15,4.87925E+16
147237,8.1703E+18,8,1,16,33,2017,3,5,5,3,5,3,0,1,0,0,0,2,1,5.32798E+20,5.38819E+21,9.44526E+15,4.86459E+16
147238,8.1703E+18,8,1,16,78,2017,3,17,5,2,6,4,0,1,1,0,0,0,0,5.12002E+20,5.39368E+21,9.16311E+15,4.86961E+16
147239,8.1703E+18,8,1,15,45,2017,3,11,5,3,5,3,0,1,0,0,0,0,0,5.01374E+20,5.39464E+21,9.01867E+15,4.87048E+16
147240,8.1703E+18,8,1,11,0,2017,3,8,5,3,1,5,0,1,0,0,0,0,0,5.15356E+20,5.40347E+21,9.20904E+15,4.8784E+16
147241,8.1703E+18,8,1,11,0,2017,3,16,5,3,1,5,0,1,0,0,0,0,0,5.1081E+20,5.39716E+21,9.147E+15,4.87274E+16
147242,8.1703E+18,8,4,35,5,2017,3,19,4,3,6,4,0,1,1,0,0,2,1,5.25789E+20,5.28652E+21,9.34394E+15,4.77316E+16
147243,8.1703E+18,8,4,35,16,2017,3,20,4,3,0,7,0,0,0,1,0,2,1,5.36733E+20,5.28103E+21,9.48943E+15,4.76816E+16
147244,8.1703E+18,8,4,21,0,2017,3,6,4,3,5,3,0,1,0,0,1,2,0,5.72652E+20,5.36071E+21,9.98147E+15,4.83954E+16
147245,8.1703E+18,8,3,37,126,2017,3,17,4,3,3,6,0,1,0,0,0,1,0,4.45733E+20,5.27591E+21,8.27761E+15,4.76343E+16
147246,8.1703E+18,8,3,35,43,2017,3,23,4,3,5,3,1,1,0,0,0,2,1,5.13401E+20,5.27981E+21,9.17853E+15,4.76715E+16
147247,8.1703E+18,8,3,17,1,2017,3,17,4,3,5,3,1,1,0,0,0,0,1,4.32033E+20,5.38679E+21,8.07755E+15,4.86304E+16
147248,8.1703E+18,8,3,15,7,2017,3,17,4,2,6,4,0,0,1,0,1,0,1,4.00097E+20,5.2948E+21,7.6659E+15,4.77988E+16
147249,8.1703E+18,8,3,11,0,2017,3,16,4,3,5,3,0,1,0,0,1,0,0,4.141E+20,5.31806E+21,7.84822E+15,4.801E+16
147250,8.1703E+18,8,2,35,46,2017,3,20,4,2,4,1,0,1,0,0,0,2,1,4.79417E+20,5.37629E+21,8.72116E+15,4.85394E+16
147251,8.1703E+18,8,2,35,7,2017,3,8,4,3,5,3,1,0,0,0,1,0,1,4.84425E+20,5.39706E+21,8.78822E+15,4.87263E+16
147252,8.1703E+18,8,2,26,85,2017,3,7,4,3,5,3,0,1,0,0,0,0,1,4.90502E+20,5.45592E+21,8.86947E+15,4.9256E+16
147253,8.1703E+18,8,2,26,84,2017,3,18,4,3,4,2,0,1,0,1,0,1,1,4.68809E+20,5.47098E+21,8.57019E+15,4.93907E+16
147254,8.1703E+18,8,2,22,0,2017,3,9,4,3,6,4,0,1,1,0,0,0,1,4.62253E+20,5.48304E+21,8.47869E+15,4.94988E+16
147255,8.1703E+18,8,2,22,0,2017,3,16,4,3,5,5,0,1,0,1,0,0,1,4.64367E+20,5.48446E+21,8.50776E+15,4.95117E+16
147256,8.1703E+18,8,2,16,17,2017,3,13,4,3,5,3,0,1,0,0,0,0,0,4.51812E+20,5.40267E+21,8.34413E+15,4.87751E+16
147257,8.1703E+18,8,1,15,3,2017,3,20,4,2,6,2,0,1,1,0,0,2,1,5.00794E+20,5.39169E+21,9.01078E+15,4.86783E+16
147258,8.1703E+18,8,1,36,28,2017,3,18,4,3,5,3,1,1,0,0,0,0,0,5.68535E+20,5.4045E+21,9.93309E+15,4.87897E+16
147259,8.1703E+18,8,1,36,65,2017,3,17,4,3,5,3,0,1,0,0,0,0,1,5.5837E+20,5.40574E+21,9.79489E+15,4.88019E+16
147260,8.1703E+18,8,1,36,10,2017,3,16,4,2,6,4,0,1,1,0,0,0,1,5.98834E+20,5.41268E+21,1.03475E+16,4.88592E+16
147261,8.1703E+18,8,1,36,19,2017,3,16,4,3,6,7,0,1,1,0,0,0,1,5.83075E+20,5.42315E+21,1.01348E+16,4.89556E+16
147262,8.1703E+18,8,1,36,88,2017,3,22,4,3,4,6,1,1,0,0,0,2,1,5.80343E+20,5.41115E+21,1.00951E+16,4.88481E+16
147263,8.1703E+18,8,2,25,109,2017,3,13,4,3,5,3,0,1,0,0,1,0,0,5.21825E+20,5.49669E+21,9.30217E+15,4.96224E+16
147264,8.1703E+18,8,1,19,67,2017,3,7,4,3,0,6,1,0,0,0,0,0,0,5.37382E+20,5.40592E+21,9.50911E+15,4.88052E+16
147265,8.1703E+18,8,1,18,79,2017,3,12,4,3,5,3,1,1,0,0,0,0,1,5.09967E+20,5.4225E+21,9.13615E+15,4.89554E+16
147266,8.1703E+18,8,1,17,26,2017,3,12,4,3,8,7,0,1,0,0,0,0,0,5.4669E+20,5.39444E+21,9.63455E+15,4.87013E+16
147267,8.1703E+18,8,1,15,28,2017,3,17,4,2,2,1,1,1,0,0,0,0,1,5.0083E+20,5.40483E+21,9.0113E+15,4.87965E+16
147268,8.1703E+18,8,1,15,15,2017,3,13,4,3,6,6,0,1,1,0,0,0,0,4.92602E+20,5.38767E+21,8.89957E+15,4.8642E+16
147269,8.1703E+18,8,1,11,0,2017,3,11,4,3,2,6,0,1,0,0,0,0,0,5.16261E+20,5.4064E+21,9.22147E+15,4.88104E+16
147270,8.1703E+18,8,1,11,0,2017,3,9,4,3,5,3,0,1,0,0,1,0,0,5.12748E+20,5.40237E+21,9.1735E+15,4.87742E+16
147271,8.1703E+18,8,1,11,0,2017,3,11,4,3,2,6,0,1,0,0,0,0,0,5.11598E+20,5.4033E+21,9.15788E+15,4.87826E+16
147272,8.1703E+18,8,1,11,0,2017,3,13,4,3,5,2,1,1,0,0,0,0,0,5.12397E+20,5.40139E+21,9.1687E+15,4.87654E+16
147273,8.1703E+18,8,1,11,0,2017,3,18,4,3,2,6,0,1,0,0,0,2,1,5.12041E+20,5.40102E+21,9.16385E+15,4.8762E+16
147274,8.17023E+18,8,4,36,18,2017,2,18,3,3,6,6,0,1,1,0,0,2,1,5.51908E+20,5.28454E+21,9.69202E+15,4.77121E+16
147275,8.17023E+18,8,4,15,61,2017,2,8,3,3,6,7,0,1,1,0,0,0,0,5.14763E+20,5.36968E+21,9.19977E+15,4.84801E+16
147276,8.17023E+18,8,4,15,61,2017,2,15,3,3,6,4,0,1,1,0,0,0,1,5.15874E+20,5.37097E+21,9.21485E+15,4.84916E+16
147277,8.17023E+18,8,3,37,106,2017,2,19,3,3,6,4,0,1,1,0,0,2,1,4.58454E+20,5.28815E+21,8.44577E+15,4.77454E+16
147278,8.17023E+18,8,3,17,153,2017,2,11,3,3,1,5,1,1,0,0,0,0,0,4.21665E+20,5.39145E+21,7.93598E+15,4.86712E+16
147279,8.17023E+18,8,3,17,153,2017,2,19,3,3,8,1,0,1,0,0,0,2,1,4.17485E+20,5.38658E+21,7.8802E+15,4.86268E+16
147280,8.17023E+18,8,3,16,56,2017,2,14,3,3,1,6,0,1,0,0,0,0,1,4.21755E+20,5.3268E+21,7.94925E+15,4.80897E+16
147281,8.17023E+18,8,3,11,0,2017,2,9,3,3,5,3,0,0,0,1,1,0,1,4.11475E+20,5.31906E+21,7.81283E+15,4.80187E+16
147282,8.17023E+18,8,2,12,0,2017,2,13,3,3,1,5,1,1,0,0,0,0,1,4.55498E+20,5.42847E+21,8.39148E+15,4.90075E+16
147283,8.17023E+18,8,2,12,0,2017,2,15,3,3,6,7,0,0,1,0,1,0,1,4.57879E+20,5.42843E+21,8.42403E+15,4.90074E+16
147284,8.17023E+18,8,2,12,0,2017,2,6,3,3,5,3,1,1,0,0,0,2,0,4.51875E+20,5.42897E+21,8.34188E+15,4.90118E+16
147285,8.17023E+18,8,2,15,17,2017,2,18,3,2,6,4,0,1,1,0,0,2,1,4.56746E+20,5.4213E+21,8.40931E+15,4.89431E+16
147286,8.17023E+18,8,2,36,76,2017,2,17,3,3,0,6,0,0,0,1,1,1,0,4.71661E+20,5.42373E+21,8.61281E+15,4.89658E+16
147287,8.17023E+18,8,2,26,96,2017,2,14,3,3,2,6,0,1,0,0,0,0,0,4.74816E+20,5.48946E+21,8.65178E+15,4.95573E+16
147288,8.17023E+18,8,2,22,0,2017,2,8,3,2,5,3,1,1,0,0,0,0,0,4.62437E+20,5.48292E+21,8.48125E+15,4.94978E+16
147289,8.17023E+18,8,2,16,15,2017,2,19,3,3,4,7,1,1,0,0,0,2,1,4.50003E+20,5.4059E+21,8.31911E+15,4.88041E+16
147290,8.17023E+18,8,2,16,43,2017,2,19,3,3,5,3,1,1,0,0,0,2,1,4.42067E+20,5.41265E+21,8.21009E+15,4.88641E+16
147291,8.17023E+18,8,2,15,99,2017,2,13,3,3,3,6,0,1,0,0,0,0,0,4.64136E+20,5.44486E+21,8.50814E+15,4.91555E+16
147292,8.17023E+18,8,2,15,9,2017,2,19,3,3,6,4,0,1,1,0,0,2,1,4.71293E+20,5.44227E+21,8.60647E+15,4.91326E+16
147293,8.17023E+18,8,2,12,0,2017,2,21,3,3,0,1,0,0,0,1,0,2,1,4.59134E+20,5.43077E+21,8.44096E+15,4.90284E+16
147294,8.17023E+18,8,2,11,0,2017,2,11,3,2,0,7,0,0,0,0,1,0,0,4.40674E+20,5.40421E+21,8.19232E+15,4.8788E+16