OBJECTID,UIDENTSTLA,ULAND,UREGBEZ,UKREIS,UGEMEINDE,UJAHR,UMONAT,USTUNDE,UWOCHENTAG,UKATEGORIE,UART,UTYP1,IstRad,IstPKW,IstFuss,IstKrad,IstSonstig,LICHT,STRZUSTAND,LINREFX,LINREFY,XGCSWGS84,YGCSWGS84
147295,8.17023E+18,8,1,15,3,2017,2,19,3,2,4,2,0,1,0,0,0,2,1,5.00716E+20,5.393E+21,9.00972E+15,4.86901E+16
147296,8.17023E+18,8,1,36,19,2017,2,16,3,3,5,3,1,1,0,0,0,0,1,5.8611E+20,5.42352E+21,1.01763E+16,4.89586E+16
147297,8.17023E+18,8,1,35,25,2017,2,6,3,3,4,2,1,1,0,0,0,0,1,5.81722E+20,5.39951E+21,1.01116E+16,4.87433E+16
147298,8.17023E+18,8,1,18,73,2017,2,14,3,3,2,6,0,1,0,0,0,0,1,4.97394E+20,5.42081E+21,8.96441E+15,4.89402E+16
147299,8.17023E+18,8,1,18,3,2017,2,9,3,3,6,4,0,1,1,0,0,0,0,5.09797E+20,5.41713E+21,9.13369E+15,4.89071E+16
147300,8.17023E+18,8,1,17,26,2017,2,15,3,3,4,3,0,1,0,0,0,0,1,5.50108E+20,5.39528E+21,9.68111E+15,4.87086E+16
147301,8.17023E+18,8,1,17,10,2017,2,8,3,3,9,1,0,1,0,0,0,0,2,5.66704E+20,5.39327E+21,9.90634E+15,4.86889E+16
147302,8.17023E+18,8,1,17,24,2017,2,15,3,3,5,3,0,1,0,0,0,0,0,5.60803E+20,5.3858E+21,9.82507E+15,4.86223E+16
147303,8.17023E+18,8,1,16,77,2017,2,18,3,3,5,3,0,1,0,0,0,2,1,5.18133E+20,5.38877E+21,9.24621E+15,4.86517E+16
147304,8.17023E+18,8,1,11,0,2017,2,18,3,3,5,2,0,1,0,0,0,2,0,5.12881E+20,5.40519E+21,9.1754E+15,4.87995E+16
147305,8.17023E+18,8,1,11,0,2017,2,11,3,3,5,2,0,1,0,0,0,0,0,5.10508E+20,5.40194E+21,9.14301E+15,4.87704E+16
147306,8.17023E+18,8,4,36,64,2017,2,17,2,3,6,6,0,1,1,0,0,0,0,5.45732E+20,5.29236E+21,9.61051E+15,4.77829E+16
147307,8.17023E+18,8,4,35,16,2017,2,14,2,3,2,6,0,1,0,0,0,0,0,5.35722E+20,5.27917E+21,9.4758E+15,4.76649E+16
147308,8.17023E+18,8,4,21,0,2017,2,15,2,3,6,7,0,1,1,0,0,0,0,5.73175E+20,5.36117E+21,9.98862E+15,4.83995E+16
147309,8.17023E+18,8,3,35,28,2017,2,16,2,3,6,2,0,1,1,0,0,0,0,4.83728E+20,5.28677E+21,8.78298E+15,4.77341E+16
147310,8.17023E+18,8,3,35,43,2017,2,13,2,2,5,3,0,1,0,0,0,0,0,5.11413E+20,5.28009E+21,9.15204E+15,4.76741E+16
147311,8.17023E+18,8,3,17,96,2017,2,9,2,3,0,5,1,1,0,0,0,0,0,4.20568E+20,5.36781E+21,7.9256E+15,4.84584E+16
147312,8.17023E+18,8,3,15,74,2017,2,8,2,3,4,2,0,1,0,0,0,0,0,3.95286E+20,5.29586E+21,7.60142E+15,4.78076E+16
147313,8.17023E+18,8,2,12,0,2017,2,6,2,2,4,5,1,1,0,0,0,2,0,4.56242E+20,5.4271E+21,8.4018E+15,4.89953E+16
147314,8.17023E+18,8,2,26,95,2017,2,15,2,3,5,3,0,1,0,1,0,0,0,4.74594E+20,5.46158E+21,8.6505E+15,4.93064E+16
147315,8.17023E+18,8,2,22,0,2017,2,12,2,3,1,5,1,1,0,0,0,0,0,4.62894E+20,5.48271E+21,8.48758E+15,4.94959E+16
147316,8.17023E+18,8,2,22,0,2017,2,17,2,3,6,7,0,1,1,0,0,1,0,4.61447E+20,5.48213E+21,8.46766E+15,4.94906E+16
147317,8.17023E+18,8,2,21,0,2017,2,13,2,3,5,5,0,1,0,0,0,0,0,4.77183E+20,5.46967E+21,8.68565E+15,4.93793E+16
147318,8.17023E+18,8,2,16,43,2017,2,7,2,3,5,3,0,1,0,0,0,0,0,4.40994E+20,5.41323E+21,8.19537E+15,4.88692E+16
147319,8.17023E+18,8,1,25,27,2017,2,15,2,3,5,3,1,1,0,0,0,0,0,5.18951E+20,5.44657E+21,9.25999E+15,4.91717E+16
147320,8.17023E+18,8,1,19,20,2017,2,17,2,3,5,2,0,1,0,0,0,0,0,5.20686E+20,5.40694E+21,9.28177E+15,4.88151E+16
147321,8.17023E+18,8,1,18,46,2017,2,16,2,3,5,3,1,1,0,0,0,0,0,5.14842E+20,5.41205E+21,9.20236E+15,4.88612E+16
147322,8.17023E+18,8,1,18,73,2017,2,13,2,1,6,4,0,0,1,0,1,0,0,4.97499E+20,5.41955E+21,8.96586E+15,4.89289E+16
147323,8.17023E+18,8,1,15,10,2017,2,14,2,3,0,7,0,0,0,1,0,0,0,4.8764E+20,5.38874E+21,8.83219E+15,4.86516E+16
147324,8.17023E+18,8,4,37,104,2017,2,11,1,3,0,1,0,0,0,1,0,0,0,5.16256E+20,5.32591E+21,9.21829E+15,4.80862E+16
147325,8.17023E+18,8,4,25,71,2017,2,19,1,3,1,6,0,1,0,0,0,2,0,5.51505E+20,5.3717E+21,9.69718E+15,4.84963E+16
147326,8.17023E+18,8,4,15,78,2017,2,16,1,3,6,7,0,1,1,0,0,0,0,5.28249E+20,5.37186E+21,9.3824E+15,4.84993E+16
147327,8.17023E+18,8,3,26,74,2017,2,20,1,2,6,4,0,1,1,0,0,2,0,4.58141E+20,5.32332E+21,8.43819E+15,4.80618E+16
147328,8.17023E+18,8,3,17,96,2017,2,19,1,2,6,6,1,0,1,0,0,2,0,4.22333E+20,5.37299E+21,7.94851E+15,4.85052E+16
147329,8.17023E+18,8,3,15,132,2017,2,1,1,3,9,1,0,1,0,0,0,2,0,4.09591E+20,5.32226E+21,7.78689E+15,4.80472E+16
147330,8.17023E+18,8,3,11,0,2017,2,15,1,3,5,3,0,1,0,0,0,0,0,4.1289E+20,5.31805E+21,7.83201E+15,4.80098E+16
147331,8.17023E+18,8,3,15,72,2017,2,11,1,2,9,1,0,1,0,0,0,0,0,4.04187E+20,5.31902E+21,7.71513E+15,4.80173E+16
147332,8.17023E+18,8,2,31,0,2017,2,11,1,3,5,3,1,1,0,0,0,0,0,4.7702E+20,5.41519E+21,8.68651E+15,4.88892E+16
147333,8.17023E+18,8,2,16,17,2017,2,20,1,3,0,1,0,0,0,1,0,2,0,4.51327E+20,5.40152E+21,8.33766E+15,4.87647E+16
147334,8.17023E+18,8,2,16,28,2017,2,17,1,3,5,3,1,1,0,0,0,0,0,4.26276E+20,5.39569E+21,7.99785E+15,4.87099E+16
147335,8.17023E+18,8,1,25,6,2017,2,17,1,3,5,3,0,1,0,1,0,0,0,5.07811E+20,5.4543E+21,9.10731E+15,4.92415E+16
147336,8.17023E+18,8,1,19,67,2017,2,15,1,3,6,3,0,1,1,0,0,0,0,5.39207E+20,5.40613E+21,9.53398E+15,4.88069E+16
147337,8.17023E+18,8,1,18,48,2017,2,12,1,3,0,7,1,1,0,0,0,0,0,5.14805E+20,5.41592E+21,9.20199E+15,4.8896E+16
147338,8.17023E+18,8,1,11,0,2017,2,14,1,3,5,3,0,1,0,0,0,0,0,5.16268E+20,5.40904E+21,9.22168E+15,4.88341E+16
147339,8.17023E+18,8,4,35,16,2017,2,15,7,3,7,7,1,0,0,0,0,0,0,5.37339E+20,5.27776E+21,9.49722E+15,4.76522E+16
147340,8.17023E+18,8,4,21,0,2017,2,16,7,3,5,2,0,1,0,1,0,0,0,5.70744E+20,5.36123E+21,9.95578E+15,4.84003E+16
147341,8.17023E+18,8,3,37,2,2017,2,18,7,3,9,1,0,0,0,1,0,2,0,4.33242E+20,5.27052E+21,8.11216E+15,4.75846E+16
147342,8.17023E+18,8,3,17,96,2017,2,11,7,3,0,7,1,0,0,0,0,0,0,4.22278E+20,5.37071E+21,7.94818E+15,4.84847E+16
147343,8.17023E+18,8,3,17,21,2017,2,10,7,3,5,3,0,1,0,0,0,0,0,4.27387E+20,5.37175E+21,8.01714E+15,4.84947E+16
147344,8.17023E+18,8,3,11,0,2017,2,22,7,2,0,1,1,1,0,0,0,2,0,4.13643E+20,5.3164E+21,7.84243E+15,4.7995E+16
147345,8.17023E+18,8,3,11,0,2017,2,14,7,3,6,1,0,1,1,0,0,0,0,4.17102E+20,5.31536E+21,7.88899E+15,4.79862E+16
147346,8.17023E+18,8,3,11,0,2017,2,11,7,3,6,4,0,1,1,0,0,0,0,4.13654E+20,5.31711E+21,7.84244E+15,4.80015E+16
147347,8.17023E+18,8,2,26,32,2017,2,21,7,3,5,3,0,1,0,0,0,2,0,4.67047E+20,5.46362E+21,8.54651E+15,4.93245E+16
147348,8.17023E+18,8,2,21,0,2017,2,16,7,3,4,2,1,1,0,0,0,0,0,4.82812E+20,5.47388E+21,8.76302E+15,4.94173E+16
147349,8.17023E+18,8,2,21,0,2017,2,9,7,3,5,3,0,1,0,0,0,0,0,4.81259E+20,5.47355E+21,8.74163E+15,4.94143E+16
147350,8.17023E+18,8,2,21,0,2017,2,15,7,1,6,7,0,1,1,0,0,0,0,4.77705E+20,5.47298E+21,8.69265E+15,4.94091E+16
147351,8.17023E+18,8,2,12,0,2017,2,8,7,3,0,7,0,0,0,1,0,0,0,4.5369E+20,5.42649E+21,8.36699E+15,4.89895E+16
147352,8.17023E+18,8,2,12,0,2017,2,15,7,2,0,7,1,0,0,0,0,0,0,4.56908E+20,5.42848E+21,8.41076E+15,4.90077E+16
147353,8.17023E+18,8,1,19,8,2017,2,10,7,3,6,7,0,1,1,0,0,0,0,5.32674E+20,5.42205E+21,9.44627E+15,4.89505E+16
147354,8.17023E+18,8,1,18,21,2017,2,10,7,3,0,7,0,1,0,0,0,0,0,5.21527E+20,5.42732E+21,9.29431E+15,4.89984E+16
147355,8.17023E+18,8,1,18,48,2017,2,18,7,3,5,3,0,1,0,0,0,0,0,5.15029E+20,5.4162E+21,9.20506E+15,4.88986E+16
147356,8.17023E+18,8,1,17,26,2017,2,15,7,3,4,2,1,1,0,0,0,0,0,5.45524E+20,5.3955E+21,9.61883E+15,4.87109E+16
147357,8.17023E+18,8,1,17,26,2017,2,9,7,3,5,3,0,1,0,0,0,0,0,5.48441E+20,5.39441E+21,9.65835E+15,4.87008E+16
147358,8.17023E+18,8,1,16,19,2017,2,10,7,3,2,6,0,1,0,0,0,0,0,5.22249E+20,5.3984E+21,9.3026E+15,4.87383E+16
147359,8.17023E+18,8,1,15,45,2017,2,11,7,3,2,6,0,1,0,0,0,0,0,5.01942E+20,5.39482E+21,9.0264E+15,4.87064E+16
147360,8.17023E+18,8,1,11,0,2017,2,21,7,2,5,3,1,1,0,0,0,2,0,5.13952E+20,5.40616E+21,9.19003E+15,4.88082E+16
147361,8.17023E+18,8,1,11,0,2017,2,12,7,3,0,1,1,0,0,0,0,0,0,5.16953E+20,5.40514E+21,9.23086E+15,4.87991E+16
147362,8.17023E+18,8,1,11,0,2017,2,14,7,3,0,4,1,0,1,0,0,0,0,5.10613E+20,5.40035E+21,9.1444E+15,4.87561E+16
147363,8.17022E+18,8,4,36,64,2017,2,22,6,3,0,7,0,1,1,0,0,2,1,5.45329E+20,5.28551E+21,9.60442E+15,4.77213E+16
147364,8.17022E+18,8,3,17,96,2017,2,21,6,3,6,6,0,1,1,0,0,2,0,4.22076E+20,5.37101E+21,7.9454E+15,4.84874E+16
147365,8.17022E+18,8,3,17,121,2017,2,17,6,2,8,1,0,1,0,0,0,0,2,4.26585E+20,5.34368E+21,8.01118E+15,4.82421E+16
147366,8.17022E+18,8,3,17,96,2017,2,1,6,3,1,5,0,1,0,1,0,2,0,4.22473E+20,5.36418E+21,7.95204E+15,4.8426E+16
147367,8.17022E+18,8,3,11,0,2017,2,18,6,3,2,1,0,1,0,0,0,2,0,4.11129E+20,5.31853E+21,7.8083E+15,4.80139E+16
147368,8.17022E+18,8,3,15,76,2017,2,22,6,3,9,1,0,1,0,0,0,2,1,3.91896E+20,5.29681E+21,7.55592E+15,4.78156E+16
147369,8.17022E+18,8,3,11,0,2017,2,17,6,3,5,1,1,1,0,0,0,1,0,4.14685E+20,5.31838E+21,7.856E+15,4.8013E+16
147370,8.17022E+18,8,2,15,9,2017,2,16,6,3,6,4,0,1,1,0,0,0,0,4.7048E+20,5.4414E+21,8.59539E+15,4.91247E+16
147371,8.17022E+18,8,2,12,0,2017,2,19,6,2,2,6,0,1,0,0,0,2,0,4.53636E+20,5.42892E+21,8.36597E+15,4.90114E+16
147372,8.17022E+18,8,2,31,0,2017,2,11,6,3,1,6,0,1,0,0,1,0,0,4.78024E+20,5.41165E+21,8.7004E+15,4.88574E+16
147373,8.17022E+18,8,2,36,4,2017,2,9,6,3,5,3,0,1,0,0,1,0,1,4.73352E+20,5.41325E+21,8.6366E+15,4.88716E+16
147374,8.17022E+18,8,2,22,0,2017,2,16,6,3,2,6,1,1,0,0,0,0,0,4.64034E+20,5.4861E+21,8.50301E+15,4.95264E+16
147375,8.17022E+18,8,2,22,0,2017,2,17,6,3,4,6,0,1,0,0,0,0,0,4.6647E+20,5.48516E+21,8.53675E+15,4.95182E+16
147376,8.17022E+18,8,2,22,0,2017,2,7,6,2,5,2,0,1,0,0,0,0,0,4.62083E+20,5.48338E+21,8.47632E+15,4.95018E+16
147377,8.17022E+18,8,2,16,7,2017,2,23,6,3,5,3,1,1,0,0,0,2,0,4.35169E+20,5.39333E+21,8.1191E+15,4.86896E+16
147378,8.17022E+18,8,2,12,0,2017,2,9,6,3,2,7,0,1,0,0,0,0,0,4.62918E+20,5.42146E+21,8.49357E+15,4.89449E+16
147379,8.17022E+18,8,4,25,72,2017,2,16,6,3,0,3,1,1,0,0,0,0,0,5.82838E+20,5.37238E+21,1.01214E+16,4.84991E+16
147380,8.17022E+18,8,1,26,66,2017,2,10,6,3,1,6,0,1,0,0,0,0,0,5.36234E+20,5.44977E+21,9.49737E+15,4.91996E+16
147381,8.17022E+18,8,1,26,46,2017,2,8,6,2,6,4,0,1,1,0,0,0,0,5.49992E+20,5.45846E+21,9.68731E+15,4.92769E+16
147382,8.17022E+18,8,1,25,65,2017,2,17,6,3,0,1,0,0,0,1,0,0,0,5.17267E+20,5.44775E+21,9.23694E+15,4.91823E+16
147383,8.17022E+18,8,1,21,0,2017,2,16,6,3,3,6,1,0,0,0,1,0,0,5.11191E+20,5.44766E+21,9.15356E+15,4.91817E+16
147384,8.17022E+18,8,1,19,20,2017,2,8,6,3,5,3,0,1,0,0,0,0,0,5.20283E+20,5.40689E+21,9.27629E+15,4.88147E+16
147385,8.17022E+18,8,1,17,51,2017,2,17,6,3,3,7,1,1,0,0,0,0,1,5.43211E+20,5.39524E+21,9.58737E+15,4.87087E+16
147386,8.17022E+18,8,1,16,19,2017,2,8,6,2,6,4,0,1,1,0,0,0,0,5.22254E+20,5.39688E+21,9.30259E+15,4.87245E+16
147387,8.17022E+18,8,4,37,44,2017,2,16,5,3,5,2,0,1,0,1,0,0,0,5.32581E+20,5.32261E+21,9.43724E+15,4.80559E+16
147388,8.17022E+18,8,4,35,29,2017,2,11,5,3,1,5,1,1,0,0,0,0,0,5.44247E+20,5.27188E+21,9.58861E+15,4.75988E+16
147389,8.17022E+18,8,4,26,21,2017,2,15,5,1,6,4,0,1,1,0,0,0,0,5.58959E+20,5.32682E+21,9.79179E+15,4.80919E+16
147390,8.17022E+18,8,4,26,100,2017,2,16,5,2,6,7,0,0,1,0,1,0,0,5.77458E+20,5.3199E+21,1.00389E+16,4.80276E+16
147391,8.17022E+18,8,4,21,0,2017,2,19,5,3,6,2,0,1,1,0,0,2,0,5.72177E+20,5.36052E+21,9.97502E+15,4.83937E+16
147392,8.17022E+18,8,3,37,116,2017,2,16,5,3,2,6,0,1,0,0,0,0,0,4.17747E+20,5.27449E+21,7.90538E+15,4.76185E+16
147393,8.17022E+18,8,3,35,43,2017,2,23,5,3,6,7,0,1,1,0,0,2,0,5.13289E+20,5.27845E+21,9.17698E+15,4.76593E+16
147394,8.17022E+18,8,3,11,0,2017,2,8,5,3,2,6,0,1,0,0,0,0,0,4.175E+20,5.31518E+21,7.89435E+15,4.79846E+16
147395,8.17022E+18,8,3,11,0,2017,2,19,5,3,1,7,1,1,0,0,0,2,0,4.1372E+20,5.31626E+21,7.84349E+15,4.79938E+16
147396,8.17022E+18,8,2,35,33,2017,2,22,5,3,7,7,0,0,0,1,0,2,0,4.59066E+20,5.40428E+21,8.4427E+15,4.87902E+16
147397,8.17022E+18,8,2,35,85,2017,2,15,5,3,6,7,0,1,1,0,0,0,0,4.81289E+20,5.39581E+21,8.74563E+15,4.8715E+16
147398,8.17022E+18,8,2,31,0,2017,2,16,5,2,6,4,0,1,1,0,0,0,0,4.77704E+20,5.41561E+21,8.69583E+15,4.88931E+16
147399,8.17022E+18,8,2,31,0,2017,2,16,5,3,1,7,0,1,0,0,0,0,0,4.7518E+20,5.41456E+21,8.66146E+15,4.88835E+16
147400,8.17022E+18,8,2,21,0,2017,2,7,5,3,3,2,1,1,0,0,0,0,0,4.77203E+20,5.47125E+21,8.68584E+15,4.93935E+16
147401,8.17022E+18,8,2,15,9,2017,2,16,5,3,1,6,0,0,0,1,1,0,0,4.70726E+20,5.44113E+21,8.59878E+15,4.91223E+16
147402,8.17022E+18,8,2,15,46,2017,2,21,5,3,6,4,0,0,1,0,1,2,1,4.50578E+20,5.41473E+21,8.32587E+15,4.88836E+16
147403,8.17022E+18,8,3,17,1,2017,2,20,5,2,0,7,1,0,0,0,0,2,0,4.31339E+20,5.38677E+21,8.06815E+15,4.86302E+16
147404,8.17022E+18,8,1,19,79,2017,2,11,5,3,6,2,0,1,1,0,0,0,0,5.22546E+20,5.40857E+21,9.3072E+15,4.88297E+16
147405,8.17022E+18,8,1,19,67,2017,2,23,5,3,5,3,0,1,0,0,0,2,1,5.38177E+20,5.40594E+21,9.51993E+15,4.88053E+16
147406,8.17022E+18,8,1,19,20,2017,2,8,5,3,5,3,1,1,0,0,0,0,0,5.20418E+20,5.40547E+21,9.27805E+15,4.88019E+16
147407,8.17022E+18,8,1,18,80,2017,2,12,5,3,6,7,0,1,1,0,0,0,0,5.0868E+20,5.40852E+21,9.11827E+15,4.88296E+16
147408,8.17022E+18,8,1,15,3,2017,2,12,5,2,5,2,0,1,0,0,0,0,0,4.98221E+20,5.39181E+21,8.97583E+15,4.86793E+16
147409,8.17022E+18,8,1,17,26,2017,2,8,5,3,2,6,0,1,0,0,0,0,0,5.48251E+20,5.39535E+21,9.65588E+15,4.87093E+16
147410,8.17022E+18,8,1,16,49,2017,2,20,5,3,0,1,1,0,0,0,0,2,0,5.25282E+20,5.38602E+21,9.3431E+15,4.86268E+16
147411,8.17022E+18,8,1,16,19,2017,2,16,5,3,5,3,1,1,0,0,0,0,0,5.22994E+20,5.39815E+21,9.31272E+15,4.87359E+16
147412,8.17022E+18,8,1,15,44,2017,2,8,5,3,5,3,0,1,0,0,0,0,0,5.04282E+20,5.38991E+21,9.05814E+15,4.86622E+16
147413,8.17022E+18,8,1,11,0,2017,2,13,5,3,5,3,1,0,0,0,1,0,0,5.13943E+20,5.40448E+21,9.18984E+15,4.87931E+16
147414,8.17022E+18,8,1,11,0,2017,2,18,5,3,5,2,1,0,0,1,0,1,0,5.1248E+20,5.40154E+21,9.16983E+15,4.87668E+16
147415,8.17022E+18,8,4,36,52,2017,2,6,4,2,0,1,1,0,0,0,0,2,1,5.65713E+20,5.29332E+21,9.87737E+15,4.77899E+16
147416,8.17022E+18,8,4,36,49,2017,2,9,4,3,0,7,1,0,0,0,0,0,1,5.77565E+20,5.28336E+21,1.00338E+16,4.76989E+16
147417,8.17022E+18,8,4,25,141,2017,2,7,4,3,5,3,1,1,0,0,0,0,1,5.6825E+20,5.36232E+21,9.92227E+15,4.84103E+16
147418,8.17022E+18,8,4,21,0,2017,2,17,4,3,4,2,0,1,0,0,0,0,0,5.72394E+20,5.36007E+21,9.97788E+15,4.83896E+16
147419,8.17022E+18,8,3,37,22,2017,2,20,4,3,5,3,0,1,0,0,0,2,0,4.49767E+20,5.29613E+21,8.32898E+15,4.78166E+16
147420,8.17022E+18,8,3,35,43,2017,2,14,4,2,2,6,1,0,0,0,0,0,0,5.13428E+20,5.27926E+21,9.17886E+15,4.76666E+16
147421,8.17022E+18,8,2,37,28,2017,2,19,4,2,6,4,0,1,1,0,0,2,1,4.56941E+20,5.36789E+21,8.41753E+15,4.84627E+16
147422,8.17022E+18,8,3,17,100,2017,2,21,4,3,9,1,0,1,0,0,0,2,0,4.24339E+20,5.36738E+21,7.97667E+15,4.8455E+16
147423,8.17022E+18,8,3,16,9,2017,2,6,4,2,1,1,1,1,0,0,0,2,0,4.16358E+20,5.325E+21,7.87714E+15,4.80728E+16
147424,8.17022E+18,8,3,11,0,2017,2,18,4,3,8,1,0,0,0,1,0,2,0,4.11575E+20,5.32262E+21,7.81343E+15,4.80507E+16
147425,8.17022E+18,8,2,31,0,2017,2,8,4,3,5,3,1,1,0,0,0,0,0,4.77809E+20,5.41589E+21,8.69723E+15,4.88955E+16
147426,8.17022E+18,8,2,26,84,2017,2,9,4,2,6,4,0,1,1,0,0,0,0,4.69353E+20,5.47034E+21,8.57773E+15,4.9385E+16
147427,8.17022E+18,8,2,21,0,2017,2,18,4,3,5,3,0,1,0,0,0,1,0,4.78638E+20,5.46815E+21,8.70577E+15,4.93657E+16
147428,8.17022E+18,8,2,26,98,2017,2,19,4,2,4,2,0,1,0,0,0,2,0,4.76393E+20,5.46091E+21,8.67529E+15,4.93005E+16
147429,8.17022E+18,8,2,16,43,2017,2,19,4,3,6,4,0,1,1,0,0,2,0,4.43983E+20,5.4125E+21,8.23623E+15,4.88629E+16
147430,8.17022E+18,8,2,15,21,2017,2,17,4,3,0,7,1,0,0,0,0,0,0,4.68695E+20,5.44492E+21,8.57065E+15,4.91563E+16
147431,8.17022E+18,8,2,15,7,2017,2,19,4,2,5,3,0,1,0,0,0,2,0,4.78005E+20,5.43209E+21,8.69904E+15,4.90413E+16
147432,8.17022E+18,8,1,36,65,2017,2,7,4,3,5,3,0,1,0,0,0,0,1,5.56113E+20,5.4043E+21,9.76396E+15,4.87892E+16
147433,8.17022E+18,8,1,21,0,2017,2,19,4,2,2,2,1,1,0,0,0,2,0,5.16309E+20,5.44205E+21,9.22356E+15,4.9131E+16
147434,8.17022E+18,8,1,25,65,2017,2,22,4,3,5,3,0,0,0,1,1,2,0,5.16912E+20,5.44998E+21,9.23217E+15,4.92024E+16
147435,8.17022E+18,8,1,19,67,2017,2,19,4,3,5,3,0,1,0,1,0,1,1,5.38051E+20,5.40529E+21,9.51816E+15,4.87994E+16
147436,8.17022E+18,8,1,18,14,2017,2,21,4,3,6,4,0,1,1,0,0,2,0,5.21907E+20,5.42155E+21,9.29919E+15,4.89465E+16
147437,8.17022E+18,8,1,17,19,2017,2,12,4,3,2,6,1,1,0,0,0,0,0,5.52363E+20,5.39461E+21,9.71168E+15,4.87024E+16
147438,8.17022E+18,8,1,11,0,2017,2,9,4,3,1,5,0,1,0,0,0,0,0,5.13087E+20,5.40671E+21,9.17826E+15,4.88132E+16
147439,8.17022E+18,8,4,35,59,2017,2,10,3,3,2,6,0,1,0,0,0,0,1,5.12327E+20,5.29048E+21,9.16451E+15,4.77676E+16
147440,8.17022E+18,8,4,21,0,2017,2,19,3,3,5,2,0,1,0,0,0,2,1,5.70533E+20,5.35924E+21,9.9526E+15,4.83824E+16
147441,8.1703E+18,8,2,26,32,2017,3,9,7,3,5,2,0,1,0,0,0,0,0,4.66275E+20,5.46461E+21,8.53581E+15,4.93333E+16
147442,8.1703E+18,8,3,37,126,2017,3,11,7,3,4,2,0,1,0,0,0,0,0,4.44999E+20,5.27539E+21,8.26789E+15,4.76295E+16
147443,8.1703E+18,8,2,22,0,2017,3,14,7,3,2,6,0,1,0,0,0,0,0,4.61441E+20,5.48219E+21,8.46756E+15,4.94912E+16
147444,8.1703E+18,8,2,22,0,2017,3,18,7,3,6,4,0,1,1,0,0,2,0,4.61969E+20,5.48153E+21,8.47492E+15,4.94852E+16
147445,8.1703E+18,8,3,11,0,2017,3,17,7,3,5,3,0,1,0,0,0,0,1,4.12639E+20,5.31783E+21,7.82868E+15,4.80078E+16
147446,8.1703E+18,8,3,15,113,2017,3,15,7,2,6,7,0,1,1,0,0,0,0,4.40726E+20,5.30732E+21,8.20667E+15,4.79164E+16
147447,8.1703E+18,8,4,21,0,2017,3,10,7,3,1,5,1,1,0,0,0,0,0,5.72543E+20,5.36094E+21,9.98004E+15,4.83975E+16
147448,8.1703E+18,8,2,12,0,2017,3,8,7,3,0,6,0,1,0,0,1,0,0,4.60185E+20,5.4251E+21,8.4559E+15,4.89775E+16
147449,8.1703E+18,8,2,15,105,2017,3,20,7,3,5,3,0,1,0,0,1,2,1,4.57002E+20,5.44167E+21,8.41064E+15,4.91264E+16
147450,8.1703E+18,8,1,15,21,2017,3,13,7,2,0,7,0,0,0,1,0,0,0,4.91385E+20,5.38021E+21,8.88321E+15,4.8575E+16
147451,8.17031E+18,8,2,36,19,2017,3,6,2,3,6,2,0,1,1,0,0,1,0,4.882E+20,5.40889E+21,8.83921E+15,4.88329E+16
147452,8.17031E+18,8,2,26,98,2017,3,8,2,3,1,7,0,1,0,0,0,0,0,4.78165E+20,5.4601E+21,8.69971E+15,4.92932E+16
147453,8.17031E+18,8,2,26,98,2017,3,11,2,3,0,7,0,0,0,1,0,0,0,4.78484E+20,5.46049E+21,8.70408E+15,4.92968E+16
147454,8.17031E+18,8,2,26,85,2017,3,14,2,3,6,7,0,1,1,0,0,0,0,4.91136E+20,5.45511E+21,8.8782E+15,4.92487E+16
147455,8.17031E+18,8,2,25,116,2017,3,13,2,2,1,6,0,1,1,0,0,0,0,4.98922E+20,5.4689E+21,8.98515E+15,4.93728E+16
147456,8.17031E+18,8,2,22,0,2017,3,18,2,3,5,3,1,1,0,0,0,2,0,4.62721E+20,5.48583E+21,8.4849E+15,4.9524E+16
147457,8.17031E+18,8,2,22,0,2017,3,17,2,3,1,5,1,1,0,0,0,0,0,4.62752E+20,5.47823E+21,8.48604E+15,4.94556E+16
147458,8.17031E+18,8,2,22,0,2017,3,15,2,3,5,3,0,1,0,0,0,0,0,4.64321E+20,5.48373E+21,8.5072E+15,4.95052E+16
147459,8.17031E+18,8,2,15,103,2017,3,17,2,3,5,7,1,1,0,0,0,1,0,4.67429E+20,5.4432E+21,8.55343E+15,4.91408E+16
147460,8.17031E+18,8,2,15,17,2017,3,7,2,3,3,2,1,0,0,0,1,0,0,4.54734E+20,5.42136E+21,8.38182E+15,4.89435E+16
147461,8.17031E+18,8,2,12,0,2017,3,8,2,3,2,6,0,1,0,0,0,0,0,4.55068E+20,5.42928E+21,8.38551E+15,4.90148E+16
147462,8.17031E+18,8,1,36,2,2017,3,7,2,3,5,2,0,1,0,0,0,0,0,5.72999E+20,5.41555E+21,9.99582E+15,4.88886E+16
147463,8.17031E+18,8,1,35,25,2017,3,12,2,3,1,7,0,1,0,0,0,0,0,5.81485E+20,5.39965E+21,1.01084E+16,4.87445E+16
147464,8.17031E+18,8,1,21,0,2017,3,14,2,3,6,4,1,0,1,0,0,0,0,5.16245E+20,5.44502E+21,9.2228E+15,4.91578E+16
147465,8.17031E+18,8,1,21,0,2017,3,17,2,3,1,7,1,1,0,0,0,0,0,5.16476E+20,5.4435E+21,9.22592E+15,4.91441E+16
147466,8.17031E+18,8,1,21,0,2017,3,17,2,3,1,5,0,1,0,0,0,1,0,5.16536E+20,5.44424E+21,9.22676E+15,4.91507E+16
147467,8.17031E+18,8,1,21,0,2017,3,8,2,3,2,6,0,1,0,0,0,0,0,5.15432E+20,5.44098E+21,9.2115E+15,4.91215E+16