OBJECTID,UIDENTSTLA,ULAND,UREGBEZ,UKREIS,UGEMEINDE,UJAHR,UMONAT,USTUNDE,UWOCHENTAG,UKATEGORIE,UART,UTYP1,IstRad,IstPKW,IstFuss,IstKrad,IstSonstig,LICHT,STRZUSTAND,LINREFX,LINREFY,XGCSWGS84,YGCSWGS84
147468,8.17031E+18,8,1,19,85,2017,3,21,2,2,4,6,1,0,0,0,0,2,0,5.28619E+20,5.41219E+21,9.3902E+15,4.8862E+16
147469,8.17031E+18,8,1,18,73,2017,3,13,2,3,6,4,0,0,1,1,0,0,0,4.96905E+20,5.42002E+21,8.95774E+15,4.89331E+16
147470,8.17031E+18,8,1,17,19,2017,3,10,2,3,3,6,0,1,0,1,0,0,0,5.51998E+20,5.39394E+21,9.70663E+15,4.86963E+16
147471,8.17031E+18,8,1,16,80,2017,3,20,2,3,2,6,0,1,0,0,1,2,0,5.20439E+20,5.39697E+21,9.27791E+15,4.87254E+16
147472,8.17031E+18,8,1,15,41,2017,3,8,2,3,0,7,0,1,0,0,0,0,0,4.95331E+20,5.40126E+21,8.93647E+15,4.87643E+16
147473,8.17031E+18,8,1,11,0,2017,3,10,2,3,5,2,0,1,0,0,1,0,0,5.09251E+20,5.40684E+21,9.12601E+15,4.88145E+16
147474,8.17031E+18,8,1,11,0,2017,3,5,2,2,0,2,0,0,0,1,1,1,0,5.11542E+20,5.40961E+21,9.1573E+15,4.88393E+16
147475,8.17031E+18,8,1,11,0,2017,3,8,2,3,5,3,0,1,0,1,0,0,0,5.1196E+20,5.40182E+21,9.16277E+15,4.87693E+16
147476,8.17031E+18,8,1,11,0,2017,3,16,2,3,1,1,0,1,0,0,0,0,0,5.13185E+20,5.40842E+21,9.17965E+15,4.88286E+16
147477,8.17031E+18,8,1,11,0,2017,3,16,2,2,1,5,0,1,0,1,0,0,0,5.16764E+20,5.39875E+21,9.22802E+15,4.87416E+16
147478,8.17031E+18,8,4,26,35,2017,3,16,1,3,5,3,1,1,0,0,0,0,0,5.39899E+20,5.32899E+21,9.53604E+15,4.81129E+16
147479,8.17031E+18,8,4,16,36,2017,3,1,1,2,0,7,1,0,0,0,0,2,0,4.94053E+20,5.36623E+21,8.91957E+15,4.84492E+16
147480,8.17031E+18,8,4,15,61,2017,3,12,1,2,6,4,0,1,1,0,0,0,0,5.14157E+20,5.37277E+21,9.19167E+15,4.85079E+16
147481,8.17031E+18,8,3,35,75,2017,3,12,1,2,0,7,1,0,0,0,0,0,0,4.88169E+20,5.28868E+21,8.84216E+15,4.77514E+16
147482,8.17031E+18,8,3,26,74,2017,3,14,1,3,6,2,0,1,1,0,0,0,0,4.65211E+20,5.32345E+21,8.53305E+15,4.80633E+16
147483,8.17031E+18,8,3,25,57,2017,3,16,1,3,0,1,1,0,0,0,0,0,0,4.77409E+20,5.35859E+21,8.69491E+15,4.83801E+16
147484,8.17031E+18,8,3,11,0,2017,3,17,1,3,0,1,1,0,0,0,0,0,0,4.13844E+20,5.31704E+21,7.845E+15,4.80008E+16
147485,8.17031E+18,8,3,11,0,2017,3,13,1,2,6,4,0,1,1,0,1,0,0,4.12412E+20,5.3164E+21,7.82593E+15,4.79949E+16
147486,8.17031E+18,8,2,22,0,2017,3,12,1,3,3,5,0,1,0,1,0,0,0,4.60869E+20,5.4822E+21,8.45966E+15,4.94911E+16
147487,8.17031E+18,8,2,21,0,2017,3,22,1,3,3,6,0,1,0,0,0,2,0,4.77299E+20,5.46982E+21,8.68724E+15,4.93807E+16
147488,8.17031E+18,8,2,22,0,2017,3,19,1,2,2,6,0,1,0,0,0,2,0,4.62033E+20,5.48196E+21,8.47576E+15,4.94891E+16
147489,8.17031E+18,8,2,15,106,2017,3,16,1,2,0,7,1,0,0,0,0,0,0,4.64168E+20,5.45562E+21,8.50762E+15,4.92523E+16
147490,8.17031E+18,8,2,15,9,2017,3,11,1,3,2,6,0,1,0,1,0,0,0,4.70225E+20,5.44153E+21,8.59188E+15,4.91259E+16
147491,8.17031E+18,8,2,12,0,2017,3,18,1,3,5,2,1,0,0,0,1,1,0,4.56503E+20,5.42552E+21,8.40554E+15,4.8981E+16
147492,8.17031E+18,8,2,11,0,2017,3,11,1,3,1,5,0,1,0,0,0,0,0,4.44378E+20,5.40058E+21,8.24323E+15,4.87557E+16
147493,8.17031E+18,8,1,15,45,2017,3,19,1,3,2,6,0,1,0,0,0,2,0,5.04773E+20,5.39682E+21,9.0649E+15,4.87244E+16
147494,8.17031E+18,8,1,28,131,2017,3,12,1,3,6,6,0,1,1,0,0,0,0,5.37061E+20,5.51201E+21,9.51457E+15,4.97594E+16
147495,8.17031E+18,8,1,18,48,2017,3,9,1,3,5,3,0,1,0,0,0,0,0,5.16355E+20,5.41808E+21,9.22323E+15,4.89155E+16
147496,8.17031E+18,8,1,16,49,2017,3,2,1,3,0,7,0,0,0,0,1,2,0,5.27184E+20,5.3864E+21,9.36894E+15,4.86301E+16
147497,8.17031E+18,8,1,16,71,2017,3,20,1,2,4,6,0,1,0,0,0,2,0,5.28014E+20,5.39183E+21,9.38056E+15,4.86789E+16
147498,8.17031E+18,8,1,16,15,2017,3,13,1,3,9,1,0,1,0,0,0,0,0,5.2256E+20,5.39488E+21,9.30664E+15,4.87065E+16
147499,8.17031E+18,8,1,15,41,2017,3,12,1,3,0,1,1,0,0,0,0,0,0,4.92952E+20,5.4024E+21,8.90407E+15,4.87746E+16
147500,8.17031E+18,8,1,11,0,2017,3,15,1,3,5,2,0,1,0,1,0,0,0,5.1431E+20,5.40225E+21,9.19476E+15,4.87731E+16
147501,8.17031E+18,8,4,37,44,2017,3,18,7,3,5,3,0,1,0,0,0,1,0,5.3227E+20,5.32311E+21,9.43311E+15,4.80605E+16
147502,8.17031E+18,8,4,36,49,2017,3,10,7,3,5,3,1,1,0,0,0,0,0,5.77968E+20,5.28231E+21,1.0039E+16,4.76894E+16
147503,8.17031E+18,8,4,36,49,2017,3,14,7,3,4,6,0,1,0,0,0,0,0,5.81866E+20,5.27985E+21,1.00905E+16,4.76669E+16
147504,8.17031E+18,8,4,25,20,2017,3,7,7,2,6,4,0,1,1,0,0,0,0,5.54968E+20,5.36281E+21,9.74288E+15,4.8416E+16
147505,8.17031E+18,8,4,21,0,2017,3,17,7,3,3,6,0,1,0,0,0,1,0,5.72911E+20,5.36074E+21,9.98498E+15,4.83956E+16
147506,8.17031E+18,8,3,36,91,2017,3,0,7,3,4,6,0,1,0,0,0,2,0,3.96561E+20,5.27203E+21,7.62409E+15,4.75935E+16
147507,8.17031E+18,8,3,36,50,2017,3,9,7,3,3,2,0,1,0,1,0,0,0,4.00697E+20,5.27677E+21,7.67802E+15,4.76367E+16
147508,8.17031E+18,8,3,35,22,2017,3,19,7,3,9,1,0,1,0,0,0,2,0,4.82487E+20,5.2971E+21,8.76601E+15,4.7827E+16
147509,8.17031E+18,8,3,35,75,2017,3,11,7,3,6,4,0,1,1,0,0,0,0,4.88124E+20,5.28969E+21,8.84152E+15,4.77605E+16
147510,8.17031E+18,8,3,35,43,2017,3,15,7,3,0,7,0,0,0,1,0,0,0,5.12696E+20,5.27983E+21,9.16912E+15,4.76717E+16
147511,8.17031E+18,8,3,27,16,2017,3,13,7,3,0,7,1,0,0,0,1,0,0,4.95169E+20,5.31964E+21,8.9352E+15,4.803E+16
147512,8.17031E+18,8,3,17,145,2017,3,21,7,3,8,1,0,1,0,0,0,2,0,4.47459E+20,5.35251E+21,8.29121E+15,4.83236E+16
147513,8.17031E+18,8,3,11,0,2017,3,15,7,3,2,6,0,1,1,0,0,0,0,4.09884E+20,5.317E+21,7.79193E+15,4.79999E+16
147514,8.17031E+18,8,3,11,0,2017,3,19,7,3,0,1,1,0,0,0,0,2,0,4.11149E+20,5.3162E+21,7.80905E+15,4.7993E+16
147515,8.17031E+18,8,3,11,0,2017,3,10,7,3,5,2,1,1,0,0,0,0,0,4.10413E+20,5.3157E+21,7.79929E+15,4.79883E+16
147516,8.17031E+18,8,2,21,0,2017,3,17,7,3,1,5,1,1,0,0,0,0,0,4.77615E+20,5.47134E+21,8.69151E+15,4.93943E+16
147517,8.17031E+18,8,2,21,0,2017,3,18,7,3,3,2,0,1,0,0,0,1,0,4.75615E+20,5.46902E+21,8.66409E+15,4.93734E+16
147518,8.17031E+18,8,2,16,43,2017,3,8,7,3,5,3,1,1,0,0,0,0,0,4.42181E+20,5.41213E+21,8.21172E+15,4.88595E+16
147519,8.17031E+18,8,2,15,21,2017,3,20,7,3,0,7,0,1,0,0,0,2,0,4.69843E+20,5.44418E+21,8.58646E+15,4.91497E+16
147520,8.17031E+18,8,1,35,25,2017,3,10,7,2,6,7,0,0,1,0,1,0,0,5.8143E+20,5.39835E+21,1.01074E+16,4.87329E+16
147521,8.17031E+18,8,1,28,115,2017,3,4,7,3,9,1,0,1,0,0,0,2,0,5.47738E+20,5.49699E+21,9.66097E+15,4.96236E+16
147522,8.17031E+18,8,1,27,76,2017,3,12,7,3,5,3,0,1,0,1,0,0,0,5.55069E+20,5.44022E+21,9.7546E+15,4.91124E+16
147523,8.17031E+18,8,1,26,66,2017,3,16,7,3,5,3,0,1,0,0,0,0,0,5.36926E+20,5.44933E+21,9.50684E+15,4.91957E+16
147524,8.17031E+18,8,1,25,6,2017,3,13,7,2,6,4,0,0,1,0,1,0,0,5.02629E+20,5.45622E+21,9.03614E+15,4.92588E+16
147525,8.17031E+18,8,1,21,0,2017,3,3,7,3,5,3,0,1,0,0,0,2,1,5.15536E+20,5.44229E+21,9.21297E+15,4.91333E+16
147526,8.17031E+18,8,1,21,0,2017,3,6,7,3,6,7,0,1,1,0,0,1,0,5.14944E+20,5.44411E+21,9.20492E+15,4.91496E+16
147527,8.17031E+18,8,1,19,67,2017,3,12,7,3,0,6,1,1,0,0,0,0,0,5.38245E+20,5.40588E+21,9.52086E+15,4.88047E+16
147528,8.17031E+18,8,1,18,73,2017,3,10,7,2,0,7,0,0,0,1,0,0,0,4.97198E+20,5.42181E+21,8.96174E+15,4.89492E+16
147529,8.17031E+18,8,1,16,49,2017,3,8,7,3,5,3,0,1,0,0,0,0,0,5.25936E+20,5.38435E+21,9.35187E+15,4.86117E+16
147530,8.17031E+18,8,1,16,80,2017,3,12,7,2,0,7,0,0,0,1,0,0,1,5.2E+20,5.39515E+21,9.27186E+15,4.87091E+16
147531,8.17031E+18,8,1,16,19,2017,3,12,7,2,6,7,0,1,1,0,0,0,0,5.22198E+20,5.39867E+21,9.30192E+15,4.87407E+16
147532,8.17031E+18,8,1,15,42,2017,3,11,7,3,5,3,0,1,0,0,0,0,0,4.95826E+20,5.40657E+21,8.94314E+15,4.88121E+16
147533,8.17031E+18,8,1,15,42,2017,3,13,7,3,0,7,1,1,0,0,0,0,0,4.96355E+20,5.40573E+21,8.95036E+15,4.88046E+16
147534,8.17031E+18,8,1,11,0,2017,3,12,7,2,0,1,1,0,0,0,0,0,0,5.08151E+20,5.39892E+21,9.11088E+15,4.87433E+16
147535,8.17031E+18,8,4,36,64,2017,3,11,6,3,5,3,0,1,0,0,0,0,0,5.45639E+20,5.29289E+21,9.60933E+15,4.77878E+16
147536,8.17031E+18,8,4,25,39,2017,3,14,6,3,6,4,1,0,1,0,0,0,0,5.66882E+20,5.34897E+21,9.90167E+15,4.82904E+16
147537,8.17031E+18,8,4,16,25,2017,3,15,6,3,6,7,0,0,1,0,1,0,0,5.05272E+20,5.36167E+21,9.07124E+15,4.84082E+16
147538,8.17031E+18,8,4,16,41,2017,3,23,6,3,4,2,0,1,0,1,0,2,0,5.03564E+20,5.37348E+21,9.04826E+15,4.85144E+16
147539,8.17031E+18,8,4,15,59,2017,3,12,6,3,5,3,1,1,0,0,0,0,0,5.1634E+20,5.36866E+21,9.22107E+15,4.84709E+16
147540,8.17031E+18,8,3,37,126,2017,3,16,6,2,6,4,0,1,1,0,0,0,0,4.42421E+20,5.27413E+21,8.23375E+15,4.7618E+16
147541,8.17031E+18,8,3,37,126,2017,3,8,6,3,5,3,0,1,0,0,0,0,0,4.42917E+20,5.2739E+21,8.24038E+15,4.7616E+16
147542,8.17031E+18,8,3,35,75,2017,3,12,6,3,2,6,1,1,0,0,0,0,0,4.88634E+20,5.29011E+21,8.84832E+15,4.77642E+16
147543,8.17031E+18,8,4,35,34,2017,3,7,6,2,6,4,0,1,1,0,0,0,1,5.29544E+20,5.28459E+21,9.39388E+15,4.7714E+16
147544,8.17031E+18,8,3,25,49,2017,3,0,6,3,5,3,0,1,0,1,0,2,0,4.72548E+20,5.33412E+21,8.63085E+15,4.81597E+16
147545,8.17031E+18,8,3,17,96,2017,3,10,6,2,5,3,1,1,0,0,0,0,0,4.21903E+20,5.36935E+21,7.94337E+15,4.84725E+16
147546,8.17031E+18,8,3,17,57,2017,3,14,6,3,4,1,0,1,0,1,0,0,0,4.14235E+20,5.37912E+21,7.83764E+15,4.85593E+16
147547,8.17031E+18,8,3,16,12,2017,3,18,6,3,5,3,0,1,0,0,0,1,0,4.03169E+20,5.33357E+21,7.69818E+15,4.8148E+16
147548,8.17031E+18,8,3,11,0,2017,3,15,6,3,5,3,0,1,0,0,0,0,0,4.1419E+20,5.31788E+21,7.84947E+15,4.80085E+16
147549,8.17031E+18,8,3,15,47,2017,3,23,6,3,0,1,0,0,0,1,0,2,0,4.16145E+20,5.32193E+21,7.87489E+15,4.80451E+16
147550,8.17031E+18,8,3,36,69,2017,3,11,6,2,5,2,0,0,0,1,1,0,0,4.08671E+20,5.26885E+21,7.7858E+15,4.75666E+16
147551,8.17031E+18,8,3,15,47,2017,3,11,6,3,0,7,0,0,0,0,1,0,0,4.15518E+20,5.32166E+21,7.86653E+15,4.80426E+16
147552,8.17031E+18,8,3,11,0,2017,3,7,6,3,3,6,1,1,0,0,0,0,0,4.12096E+20,5.3153E+21,7.82192E+15,4.7985E+16
147553,8.17031E+18,8,3,11,0,2017,3,17,6,3,0,7,1,1,0,0,0,0,0,4.15425E+20,5.3159E+21,7.86641E+15,4.79908E+16
147554,8.17031E+18,8,3,11,0,2017,3,14,6,3,4,2,0,1,0,0,0,0,0,4.13657E+20,5.3171E+21,7.84248E+15,4.80014E+16
147555,8.17031E+18,8,3,15,47,2017,3,16,6,3,6,3,1,0,1,0,0,0,0,4.15384E+20,5.32113E+21,7.86483E+15,4.80378E+16
147556,8.17031E+18,8,2,12,0,2017,3,14,6,3,2,7,0,1,0,0,0,0,0,4.57114E+20,5.43003E+21,8.41341E+15,4.90217E+16
147557,8.17031E+18,8,2,12,0,2017,3,15,6,3,1,5,1,1,0,0,0,0,0,4.55507E+20,5.42825E+21,8.39162E+15,4.90055E+16
147558,8.17031E+18,8,2,31,0,2017,3,10,6,3,2,6,0,1,0,0,0,0,0,4.78014E+20,5.41529E+21,8.70007E+15,4.88901E+16
147559,8.17031E+18,8,2,26,98,2017,3,18,6,3,2,6,0,1,0,1,0,0,0,4.76193E+20,5.4599E+21,8.6726E+15,4.92914E+16
147560,8.17031E+18,8,2,22,0,2017,3,12,6,3,1,7,1,0,0,0,1,0,0,4.61372E+20,5.48241E+21,8.4666E+15,4.94931E+16
147561,8.17031E+18,8,2,22,0,2017,3,11,6,3,5,3,1,1,0,0,0,0,0,4.68091E+20,5.47919E+21,8.55963E+15,4.94645E+16
147562,8.17031E+18,8,2,26,18,2017,3,17,6,3,5,3,1,1,0,0,0,0,0,4.73162E+20,5.47285E+21,8.63004E+15,4.94077E+16
147563,8.17031E+18,8,2,26,18,2017,3,10,6,3,1,7,0,1,0,0,0,0,0,4.73204E+20,5.47275E+21,8.63062E+15,4.94068E+16
147564,8.17031E+18,8,2,21,0,2017,3,14,6,3,3,2,0,1,0,0,1,0,0,4.77344E+20,5.47289E+21,8.68768E+15,4.94083E+16
147565,8.17031E+18,8,2,26,98,2017,3,17,6,2,0,7,0,0,0,0,1,0,0,4.7795E+20,5.46111E+21,8.69669E+15,4.93023E+16
147566,8.17031E+18,8,2,15,106,2017,3,16,6,3,1,5,1,1,0,0,0,0,0,4.6505E+20,5.45235E+21,8.52002E+15,4.9223E+16
147567,8.17031E+18,8,2,15,9,2017,3,14,6,3,0,7,0,0,1,1,0,0,0,4.69987E+20,5.441E+21,8.58867E+15,4.91211E+16
147568,8.17031E+18,8,2,12,0,2017,3,14,6,1,0,7,0,1,0,0,0,0,0,4.51103E+20,5.42787E+21,8.33145E+15,4.90018E+16
147569,8.17031E+18,8,2,12,0,2017,3,18,6,3,5,3,1,1,0,0,0,0,0,4.5709E+20,5.42823E+21,8.41328E+15,4.90055E+16
147570,8.17031E+18,8,2,16,43,2017,3,16,6,2,5,3,1,1,0,0,0,0,0,4.4233E+20,5.41275E+21,8.21365E+15,4.8865E+16
147571,8.17031E+18,8,1,36,79,2017,3,16,6,3,2,6,0,1,0,0,0,0,0,5.59864E+20,5.40119E+21,9.81457E+15,4.87609E+16
147572,8.17031E+18,8,1,35,31,2017,3,9,6,2,3,2,1,1,0,0,0,0,0,5.95092E+20,5.37867E+21,1.02886E+16,4.85539E+16
147573,8.17031E+18,8,1,21,0,2017,3,13,6,3,3,2,1,1,0,0,0,0,0,5.16537E+20,5.44336E+21,9.22675E+15,4.91429E+16
147574,8.17031E+18,8,1,21,0,2017,3,17,6,3,6,4,0,1,1,0,0,0,0,5.17445E+20,5.44286E+21,9.23917E+15,4.91384E+16
147575,8.17031E+18,8,1,18,48,2017,3,12,6,3,1,6,0,1,0,0,0,0,0,5.15165E+20,5.41554E+21,9.20689E+15,4.88926E+16
147576,8.17031E+18,8,1,18,48,2017,3,15,6,3,5,3,0,1,0,1,0,0,0,5.1639E+20,5.41741E+21,9.22368E+15,4.89094E+16
147577,8.17031E+18,8,1,18,48,2017,3,12,6,3,6,3,0,1,1,0,0,0,0,5.1408E+20,5.41571E+21,9.19209E+15,4.88942E+16
147578,8.17031E+18,8,1,17,14,2017,3,2,6,3,8,7,0,1,0,0,0,2,0,5.53796E+20,5.38326E+21,9.72967E+15,4.86001E+16
147579,8.17031E+18,8,1,15,4,2017,3,16,6,3,5,2,1,1,0,0,0,0,0,4.87093E+20,5.37413E+21,8.82521E+15,4.85202E+16
147580,8.17031E+18,8,1,11,0,2017,3,6,6,2,5,2,0,1,0,0,0,1,0,5.13599E+20,5.40563E+21,9.18519E+15,4.88035E+16
147581,8.17031E+18,8,4,35,16,2017,3,16,5,3,4,2,1,0,0,0,1,0,1,5.34014E+20,5.27834E+21,9.45299E+15,4.76576E+16
147582,8.17031E+18,8,4,16,41,2017,3,20,5,3,3,5,1,1,0,0,0,2,0,5.03437E+20,5.37407E+21,9.04654E+15,4.85197E+16
147583,8.17031E+18,8,4,15,59,2017,3,15,5,3,4,1,0,1,0,0,1,0,1,5.18657E+20,5.3681E+21,9.25239E+15,4.84657E+16
147584,8.17031E+18,8,4,15,61,2017,3,6,5,3,1,5,1,1,0,0,0,1,1,5.13709E+20,5.37225E+21,9.18559E+15,4.85032E+16
147585,8.17031E+18,8,3,27,50,2017,3,13,5,3,3,6,0,1,0,0,0,0,0,4.85724E+20,5.31412E+21,8.8087E+15,4.79803E+16
147586,8.17031E+18,8,3,27,50,2017,3,19,5,3,3,2,1,1,0,0,0,1,1,4.86709E+20,5.31557E+21,8.82185E+15,4.79933E+16
147587,8.17031E+18,8,3,27,50,2017,3,9,5,3,6,7,0,1,1,0,0,0,1,4.86194E+20,5.31461E+21,8.81498E+15,4.79846E+16
147588,8.17031E+18,8,3,26,12,2017,3,16,5,3,5,3,0,1,0,0,1,0,0,4.62999E+20,5.31213E+21,8.50435E+15,4.79615E+16
147589,8.17031E+18,8,2,12,0,2017,3,17,5,3,5,3,1,1,0,0,0,0,1,4.55125E+20,5.42872E+21,8.38636E+15,4.90097E+16
147590,8.17031E+18,8,2,31,0,2017,3,15,5,3,1,6,0,1,0,0,1,0,1,4.76586E+20,5.41545E+21,8.68057E+15,4.88915E+16
147591,8.17031E+18,8,2,31,0,2017,3,17,5,3,0,5,0,1,0,0,0,0,0,4.78485E+20,5.41502E+21,8.70651E+15,4.88878E+16
147592,8.17031E+18,8,2,31,0,2017,3,18,5,3,1,6,0,1,0,0,0,2,0,4.75975E+20,5.41598E+21,8.67221E+15,4.88963E+16
147593,8.17031E+18,8,2,15,21,2017,3,11,5,3,5,3,1,1,0,0,0,0,1,4.69367E+20,5.44466E+21,8.57989E+15,4.9154E+16
147594,8.17031E+18,8,2,12,0,2017,3,10,5,3,2,7,0,1,0,0,0,0,1,4.56879E+20,5.4279E+21,8.41043E+15,4.90025E+16
147595,8.17031E+18,8,2,11,0,2017,3,13,5,3,2,6,0,1,0,1,0,0,1,4.45219E+20,5.39974E+21,8.25478E+15,4.87482E+16
147596,8.17031E+18,8,1,19,85,2017,3,19,5,3,4,2,0,1,0,1,0,2,1,5.29475E+20,5.41359E+21,9.40197E+15,4.88746E+16
147597,8.17031E+18,8,1,19,20,2017,3,12,5,3,5,3,0,1,0,0,0,0,1,5.18706E+20,5.40987E+21,9.25494E+15,4.88415E+16
147598,8.17031E+18,8,1,18,46,2017,3,12,5,3,5,3,1,1,0,0,0,0,1,5.14246E+20,5.41213E+21,9.19423E+15,4.8862E+16
147599,8.17031E+18,8,1,17,26,2017,3,16,5,3,2,6,0,1,0,0,0,0,1,5.48906E+20,5.39388E+21,9.66461E+15,4.8696E+16
147600,8.17031E+18,8,1,16,33,2017,3,11,5,2,6,2,0,1,1,0,0,0,1,5.32693E+20,5.3887E+21,9.44389E+15,4.86505E+16
147601,8.17031E+18,8,1,11,0,2017,3,6,5,3,6,7,0,1,1,0,0,1,1,5.11432E+20,5.4094E+21,9.15579E+15,4.88375E+16
147602,8.17031E+18,8,4,37,78,2017,3,14,4,3,6,6,0,1,1,0,0,0,1,5.08317E+20,5.31538E+21,9.11147E+15,4.79916E+16
147603,8.17031E+18,8,4,36,9,2017,3,6,4,3,5,3,0,1,0,1,0,1,1,5.56773E+20,5.30832E+21,9.75999E+15,4.79257E+16
147604,8.17031E+18,8,4,36,64,2017,3,17,4,3,5,3,0,1,0,0,0,1,1,5.45171E+20,5.29102E+21,9.60288E+15,4.77709E+16
147605,8.17031E+18,8,4,15,14,2017,3,21,4,3,5,3,1,1,0,0,0,2,1,5.26087E+20,5.37487E+21,9.35332E+15,4.85264E+16
147606,8.17031E+18,8,4,16,41,2017,3,14,4,3,3,5,1,1,0,0,0,0,0,5.03564E+20,5.37207E+21,9.04824E+15,4.85017E+16
147607,8.17031E+18,8,3,37,126,2017,3,7,4,3,4,2,0,1,0,1,0,1,0,4.4092E+20,5.2754E+21,8.21361E+15,4.76293E+16
147608,8.17031E+18,8,3,26,74,2017,3,20,4,2,6,4,0,1,1,0,0,2,1,4.65641E+20,5.32352E+21,8.53882E+15,4.8064E+16
147609,8.17031E+18,8,3,17,96,2017,3,19,4,3,4,6,1,0,0,0,0,2,1,4.20297E+20,5.36881E+21,7.92175E+15,4.84674E+16
147610,8.17031E+18,8,3,11,0,2017,3,12,4,3,5,2,1,1,0,0,0,0,0,4.12525E+20,5.31525E+21,7.82769E+15,4.79846E+16
147611,8.17031E+18,8,3,11,0,2017,3,7,4,3,5,4,0,0,1,0,1,1,0,4.13093E+20,5.31662E+21,7.83501E+15,4.7997E+16
147612,8.17031E+18,8,3,11,0,2017,3,9,4,2,0,1,1,0,0,0,0,0,0,4.13783E+20,5.31597E+21,7.8444E+15,4.79912E+16
147613,8.17031E+18,8,3,11,0,2017,3,6,4,3,5,2,1,1,0,0,0,1,0,4.12226E+20,5.31623E+21,7.82347E+15,4.79934E+16
147614,8.17031E+18,8,2,15,109,2017,3,7,4,3,5,3,0,1,0,0,1,0,0,4.61686E+20,5.43554E+21,8.47541E+15,4.90715E+16
147615,8.17031E+18,8,2,12,0,2017,3,17,4,3,7,7,1,0,0,0,1,0,1,4.56975E+20,5.42848E+21,8.41167E+15,4.90077E+16
147616,8.17031E+18,8,2,22,0,2017,3,18,4,3,8,7,0,1,0,0,0,2,1,4.6914E+20,5.47692E+21,8.57428E+15,4.94442E+16
147617,8.17031E+18,8,2,21,0,2017,3,17,4,3,5,7,0,1,0,0,0,2,1,4.76366E+20,5.46918E+21,8.67442E+15,4.93748E+16
147618,8.17031E+18,8,2,12,0,2017,3,19,4,3,0,5,1,1,0,0,0,2,1,4.56883E+20,5.42774E+21,8.41049E+15,4.9001E+16
147619,8.17031E+18,8,1,36,88,2017,3,19,4,2,5,2,0,1,0,1,0,2,1,5.81227E+20,5.40939E+21,1.01068E+16,4.88322E+16
147620,8.17031E+18,8,1,28,139,2017,3,16,4,3,5,3,1,1,0,0,0,1,1,5.51065E+20,5.4909E+21,9.70624E+15,4.95685E+16
147621,8.17031E+18,8,1,28,7,2017,3,13,4,2,8,1,0,1,0,0,0,0,0,5.55805E+20,5.48212E+21,9.77054E+15,4.94892E+16
147622,8.17031E+18,8,1,25,24,2017,3,16,4,3,5,3,0,1,0,0,1,0,1,5.23813E+20,5.44387E+21,9.32653E+15,4.91472E+16
147623,8.17031E+18,8,1,19,86,2017,3,19,4,2,8,1,0,1,0,0,0,2,1,5.35893E+20,5.40606E+21,9.48883E+15,4.88065E+16
147624,8.17031E+18,8,1,17,24,2017,3,9,4,3,1,6,0,1,0,0,0,0,0,5.61654E+20,5.38608E+21,9.83667E+15,4.86248E+16
147625,8.17031E+18,8,1,16,19,2017,3,8,4,3,5,3,1,1,0,0,0,0,1,5.22606E+20,5.39877E+21,9.30749E+15,4.87415E+16
147626,8.17031E+18,8,1,11,0,2017,3,15,4,3,5,3,0,1,0,0,1,0,1,5.11618E+20,5.40292E+21,9.15814E+15,4.87792E+16
147627,8.17031E+18,8,1,11,0,2017,3,19,4,3,5,3,1,1,0,0,0,2,1,5.12892E+20,5.39914E+21,9.17537E+15,4.87452E+16
147628,8.17031E+18,8,1,11,0,2017,3,9,4,3,2,6,0,1,0,0,0,0,0,5.11745E+20,5.40041E+21,9.15981E+15,4.87566E+16
147629,8.17031E+18,8,1,11,0,2017,3,15,4,3,5,3,1,0,0,0,0,0,1,5.08137E+20,5.39765E+21,9.11066E+15,4.87318E+16
147630,8.17031E+18,8,1,11,0,2017,3,9,4,3,1,5,1,1,0,0,0,0,0,5.1267E+20,5.40224E+21,9.17244E+15,4.87731E+16
147631,8.17031E+18,8,4,36,55,2017,3,11,3,3,5,3,1,0,0,0,1,0,0,5.75823E+20,5.29835E+21,1.00132E+16,4.78341E+16
147632,8.17031E+18,8,4,21,0,2017,3,6,3,2,3,6,0,1,0,0,1,1,1,5.72346E+20,5.36117E+21,9.97742E+15,4.83996E+16
147633,8.17031E+18,8,4,21,0,2017,3,18,3,3,6,7,0,1,1,0,0,0,0,5.72917E+20,5.36089E+21,9.98509E+15,4.83969E+16
147634,8.17031E+18,8,4,21,0,2017,3,11,3,3,6,7,0,1,1,0,0,0,0,5.73533E+20,5.36093E+21,9.99342E+15,4.83972E+16
147635,8.17031E+18,8,4,21,0,2017,3,8,3,3,4,2,0,1,0,1,0,0,1,5.74159E+20,5.36174E+21,1.0002E+16,4.84045E+16
147636,8.17031E+18,8,3,36,69,2017,3,18,3,3,1,6,0,1,0,0,0,1,0,4.09532E+20,5.26997E+21,7.79701E+15,4.75769E+16
147637,8.17031E+18,8,3,35,100,2017,3,11,3,1,6,7,0,1,1,0,0,0,0,4.88681E+20,5.28616E+21,8.84906E+15,4.77287E+16
147638,8.17031E+18,8,3,17,40,2017,3,16,3,3,5,3,1,1,0,0,0,0,1,4.327E+20,5.34738E+21,8.09295E+15,4.8276E+16
147639,8.17031E+18,8,3,17,57,2017,3,9,3,2,5,3,1,1,0,0,0,0,1,4.14014E+20,5.38417E+21,7.8336E+15,4.86047E+16