OBJECTID,UIDENTSTLA,ULAND,UREGBEZ,UKREIS,UGEMEINDE,UJAHR,UMONAT,USTUNDE,UWOCHENTAG,UKATEGORIE,UART,UTYP1,IstRad,IstPKW,IstFuss,IstKrad,IstSonstig,LICHT,STRZUSTAND,LINREFX,LINREFY,XGCSWGS84,YGCSWGS84
147640,8.17031E+18,8,3,15,6,2017,3,7,3,3,5,2,1,1,0,0,0,0,1,4.02541E+20,5.30743E+21,7.69568E+15,4.79128E+16
147641,8.17031E+18,8,3,36,50,2017,3,10,3,3,2,6,0,1,0,0,0,0,0,3.99312E+20,5.2737E+21,7.66029E+15,4.76089E+16
147642,8.17031E+18,8,3,11,0,2017,3,5,3,3,2,6,0,1,0,0,0,2,1,4.13158E+20,5.31562E+21,7.83609E+15,4.7988E+16
147643,8.17031E+18,8,2,15,102,2017,3,7,3,3,5,3,1,1,0,0,0,0,1,4.56151E+20,5.43646E+21,8.39955E+15,4.90794E+16
147644,8.17031E+18,8,2,26,49,2017,3,17,3,3,2,6,0,1,0,0,0,0,0,4.86995E+20,5.46318E+21,8.82104E+15,4.93212E+16
147645,8.17031E+18,8,2,21,0,2017,3,8,3,3,5,6,1,0,0,0,0,0,1,4.77462E+20,5.47433E+21,8.68923E+15,4.94213E+16
147646,8.17031E+18,8,2,15,9,2017,3,6,3,3,5,3,0,1,0,0,1,1,1,4.69306E+20,5.44088E+21,8.57934E+15,4.912E+16
147647,8.17031E+18,8,2,15,40,2017,3,21,3,3,0,7,1,0,0,0,0,2,0,4.88471E+20,5.43617E+21,8.84213E+15,4.90782E+16
147648,8.17031E+18,8,2,12,0,2017,3,19,3,3,1,5,1,1,0,0,0,2,0,4.5827E+20,5.42872E+21,8.42936E+15,4.90099E+16
147649,8.17031E+18,8,2,11,0,2017,3,12,3,3,7,1,0,1,0,0,0,0,1,4.40769E+20,5.40673E+21,8.19325E+15,4.88107E+16
147650,8.17031E+18,8,1,25,6,2017,3,16,3,3,5,3,0,1,0,0,0,0,0,5.06741E+20,5.45414E+21,9.09261E+15,4.924E+16
147651,8.17031E+18,8,1,19,68,2017,3,18,3,3,2,6,0,1,0,0,0,2,1,5.25555E+20,5.41363E+21,9.34851E+15,4.88751E+16
147652,8.17031E+18,8,1,19,79,2017,3,12,3,2,6,1,0,0,1,0,1,0,0,5.22256E+20,5.40821E+21,9.30323E+15,4.88265E+16
147653,8.17031E+18,8,1,19,79,2017,3,17,3,2,6,7,0,1,1,0,0,0,1,5.2317E+20,5.40859E+21,9.31571E+15,4.88299E+16
147654,8.17031E+18,8,1,18,80,2017,3,9,3,3,2,6,0,1,0,0,0,0,0,5.091E+20,5.40864E+21,9.124E+15,4.88306E+16
147655,8.17031E+18,8,1,11,0,2017,3,14,3,2,6,2,0,0,1,0,1,0,0,5.12069E+20,5.40883E+21,9.16445E+15,4.88324E+16
147656,8.17031E+18,8,4,26,21,2017,3,19,2,3,4,2,0,1,0,0,0,2,1,5.59051E+20,5.32704E+21,9.79306E+15,4.80939E+16
147657,8.17031E+18,8,4,15,88,2017,3,17,2,3,1,7,0,1,0,0,0,1,0,5.37394E+20,5.37177E+21,9.50618E+15,4.8498E+16
147658,8.17031E+18,8,3,37,126,2017,3,12,2,3,1,1,0,1,0,0,1,0,0,4.45076E+20,5.27604E+21,8.26885E+15,4.76354E+16
147659,8.17031E+18,8,3,36,50,2017,3,18,2,3,5,3,0,1,0,1,0,2,1,3.99206E+20,5.27299E+21,7.65906E+15,4.76025E+16
147660,8.17031E+18,8,3,11,0,2017,3,19,2,3,5,3,1,1,0,0,0,2,1,4.14074E+20,5.31797E+21,7.84789E+15,4.80093E+16
147661,8.17031E+18,8,2,12,0,2017,3,9,2,3,4,7,0,1,0,0,1,0,1,4.54215E+20,5.43516E+21,8.37318E+15,4.90676E+16
147662,8.17031E+18,8,2,22,0,2017,3,16,2,3,1,5,1,1,0,0,0,0,1,4.61295E+20,5.48188E+21,8.46558E+15,4.94883E+16
147663,8.17031E+18,8,2,26,105,2017,3,19,2,3,5,2,0,1,0,0,0,2,0,4.70057E+20,5.47791E+21,8.58686E+15,4.94531E+16
147664,8.17031E+18,8,2,22,0,2017,3,17,2,3,4,2,1,0,0,0,0,0,0,4.6131E+20,5.48216E+21,8.46576E+15,4.94908E+16
147665,8.17031E+18,8,2,22,0,2017,3,15,2,3,5,3,0,1,0,0,0,0,0,4.62633E+20,5.48295E+21,8.48395E+15,4.94981E+16
147666,8.17031E+18,8,2,21,0,2017,3,18,2,3,1,6,0,1,0,0,0,2,1,4.76699E+20,5.47246E+21,8.67882E+15,4.94043E+16
147667,8.17031E+18,8,2,16,22,2017,3,6,2,3,5,3,0,1,0,0,0,0,0,4.33947E+20,5.40494E+21,8.10063E+15,4.8794E+16
147668,8.17031E+18,8,2,12,0,2017,3,8,2,3,0,7,1,0,0,0,1,0,1,4.57306E+20,5.42861E+21,8.41619E+15,4.90089E+16
147669,8.17031E+18,8,1,36,82,2017,3,18,2,3,5,3,0,1,0,0,0,1,0,5.86396E+20,5.41509E+21,1.01784E+16,4.88827E+16
147670,8.17031E+18,8,1,36,9,2017,3,21,2,2,8,1,0,0,0,1,0,2,1,5.68358E+20,5.40942E+21,9.93151E+15,4.8834E+16
147671,8.17031E+18,8,1,21,0,2017,3,7,2,2,1,7,1,1,0,0,1,0,1,5.15428E+20,5.44097E+21,9.21144E+15,4.91214E+16
147672,8.17031E+18,8,1,21,0,2017,3,16,2,3,5,2,0,1,0,0,0,0,0,5.16436E+20,5.44373E+21,9.22537E+15,4.91462E+16
147673,8.17031E+18,8,1,18,48,2017,3,14,2,3,5,3,1,1,0,0,0,0,0,5.13191E+20,5.4159E+21,9.17997E+15,4.88959E+16
147674,8.17031E+18,8,1,11,0,2017,3,10,2,3,5,3,0,1,0,0,0,0,0,5.10517E+20,5.40194E+21,9.14313E+15,4.87704E+16
147675,8.17031E+18,8,1,11,0,2017,3,8,2,3,5,3,0,1,0,0,0,0,0,5.13965E+20,5.40359E+21,9.19011E+15,4.87852E+16
147676,8.17031E+18,8,1,11,0,2017,3,14,2,3,5,3,1,1,0,0,0,0,0,5.12812E+20,5.40876E+21,9.17458E+15,4.88317E+16
147677,8.17031E+18,8,1,11,0,2017,3,14,2,3,0,3,1,1,0,0,0,0,0,5.1166E+20,5.40283E+21,9.15871E+15,4.87784E+16
147678,8.17031E+18,8,3,17,57,2017,3,14,1,3,1,5,1,1,0,0,0,0,0,4.13658E+20,5.37939E+21,7.82977E+15,4.85616E+16
147679,8.17031E+18,8,2,22,0,2017,3,21,1,3,5,3,0,1,0,0,0,2,1,4.64543E+20,5.48504E+21,8.51014E+15,4.9517E+16
147680,8.17031E+18,8,2,12,0,2017,3,15,1,3,5,3,1,1,0,0,0,0,0,4.55996E+20,5.42894E+21,8.39824E+15,4.90118E+16
147681,8.17031E+18,8,1,21,0,2017,3,15,1,2,5,2,0,1,0,1,0,0,0,5.1224E+20,5.44793E+21,9.16796E+15,4.9184E+16
147682,8.17031E+18,8,1,18,14,2017,3,18,1,3,5,3,0,1,0,0,0,2,1,5.2273E+20,5.42064E+21,9.31038E+15,4.89383E+16
147683,8.17031E+18,8,1,18,74,2017,3,15,1,3,6,2,0,1,1,0,0,0,0,5.11153E+20,5.42869E+21,9.15252E+15,4.9011E+16
147684,8.17031E+18,8,1,11,0,2017,3,13,1,3,2,6,0,1,0,0,0,0,1,5.16902E+20,5.40667E+21,9.23022E+15,4.88128E+16
147685,8.1703E+18,8,2,36,40,2017,3,12,7,3,5,3,0,1,0,0,0,0,0,4.92085E+20,5.42065E+21,8.89192E+15,4.89387E+16
147686,8.1703E+18,8,4,15,61,2017,3,15,7,3,5,3,0,1,0,0,0,0,0,5.15362E+20,5.37307E+21,9.208E+15,4.85106E+16
147687,8.1703E+18,8,3,15,6,2017,3,9,7,3,0,2,1,0,0,0,1,0,0,4.02172E+20,5.30816E+21,7.69059E+15,4.79193E+16
147688,8.1703E+18,8,1,18,49,2017,3,14,7,2,0,7,0,0,0,1,0,0,0,5.16893E+20,5.41928E+21,9.23061E+15,4.89262E+16
147689,8.1703E+18,8,4,37,44,2017,3,16,7,2,0,7,1,0,0,0,0,0,0,5.32217E+20,5.32326E+21,9.43241E+15,4.80618E+16
147690,8.1703E+18,8,3,16,11,2017,3,18,7,3,4,3,1,1,0,0,0,2,1,4.14643E+20,5.32944E+21,7.85324E+15,4.81125E+16
147691,8.17032E+18,8,1,18,67,2017,3,6,3,3,0,1,0,0,0,1,0,0,0,5.05837E+20,5.41431E+21,9.07961E+15,4.88817E+16
147692,8.17032E+18,8,1,18,48,2017,3,19,3,3,4,3,1,1,0,0,0,2,1,5.13158E+20,5.41604E+21,9.17952E+15,4.88972E+16
147693,8.17032E+18,8,1,16,19,2017,3,16,3,3,3,6,1,1,0,0,0,0,0,5.24477E+20,5.3975E+21,9.33285E+15,4.873E+16
147694,8.17032E+18,8,1,15,45,2017,3,20,3,3,5,3,1,1,0,0,0,2,1,4.99973E+20,5.3946E+21,8.99963E+15,4.87045E+16
147695,8.17032E+18,8,1,15,45,2017,3,19,3,3,5,2,0,1,0,0,0,2,1,4.9867E+20,5.39569E+21,8.98192E+15,4.87143E+16
147696,8.17032E+18,8,1,15,54,2017,3,14,3,3,0,7,0,1,0,0,1,0,0,4.93616E+20,5.39542E+21,8.91322E+15,4.87118E+16
147697,8.17032E+18,8,1,15,28,2017,3,22,3,3,5,2,0,1,0,0,0,2,1,5.01398E+20,5.40355E+21,9.01903E+15,4.87849E+16
147698,8.17032E+18,8,1,11,0,2017,3,11,3,3,1,5,1,1,0,0,0,0,0,5.13099E+20,5.403E+21,9.1783E+15,4.87798E+16
147699,8.17032E+18,8,4,35,16,2017,3,17,2,2,0,1,1,0,0,0,0,0,0,5.36717E+20,5.28039E+21,9.48916E+15,4.76758E+16
147700,8.17032E+18,8,4,26,31,2017,3,7,2,2,8,6,0,1,0,0,0,0,0,5.84037E+20,5.32926E+21,1.0129E+16,4.8111E+16
147701,8.17032E+18,8,1,28,7,2017,3,11,3,3,3,2,0,1,0,1,0,0,0,5.54523E+20,5.48313E+21,9.75298E+15,4.94984E+16
147702,8.17032E+18,8,1,21,0,2017,3,19,3,3,2,6,0,1,0,0,0,2,1,5.16092E+20,5.44242E+21,9.2206E+15,4.91344E+16
147703,8.17032E+18,8,1,19,79,2017,3,12,3,3,5,3,0,1,0,0,0,0,0,5.22322E+20,5.40797E+21,9.30411E+15,4.88243E+16
147704,8.17032E+18,8,1,19,67,2017,3,15,3,3,0,1,1,0,0,0,0,0,0,5.38735E+20,5.40713E+21,9.52764E+15,4.88159E+16
147705,8.17032E+18,8,1,19,20,2017,3,20,3,2,5,2,1,1,0,0,0,2,1,5.21041E+20,5.40619E+21,9.28657E+15,4.88084E+16
147706,8.17032E+18,8,4,25,138,2017,3,19,2,2,0,1,1,0,0,0,0,2,0,5.74482E+20,5.35092E+21,1.00045E+16,4.83071E+16
147707,8.17032E+18,8,4,25,33,2017,3,13,2,2,5,2,0,1,0,1,0,0,0,5.5215E+20,5.34803E+21,9.70297E+15,4.82833E+16
147708,8.17032E+18,8,4,25,33,2017,3,8,2,3,6,4,0,1,1,0,0,0,0,5.53459E+20,5.34764E+21,9.72056E+15,4.82797E+16
147709,8.17032E+18,8,4,17,54,2017,3,21,2,3,6,2,0,1,1,0,0,2,0,4.79633E+20,5.34826E+21,8.72544E+15,4.82872E+16
147710,8.17032E+18,8,4,15,61,2017,3,15,2,3,6,6,0,1,1,0,0,0,0,5.14819E+20,5.37364E+21,9.20066E+15,4.85157E+16
147711,8.17032E+18,8,4,15,61,2017,3,14,2,3,0,1,1,0,0,0,0,0,0,5.1624E+20,5.3714E+21,9.21982E+15,4.84955E+16
147712,8.17032E+18,8,4,15,50,2017,3,16,2,2,0,1,1,0,0,0,0,0,0,5.21827E+20,5.37564E+21,9.29567E+15,4.85335E+16
147713,8.17032E+18,8,3,37,96,2017,3,6,2,3,2,6,1,1,0,0,0,0,0,4.20449E+20,5.26748E+21,7.94261E+15,4.75559E+16
147714,8.17032E+18,8,3,36,57,2017,3,17,2,3,2,6,0,1,0,0,0,0,0,4.08629E+20,5.27782E+21,7.78337E+15,4.76473E+16
147715,8.17032E+18,8,3,17,73,2017,3,20,2,3,5,3,1,1,0,0,0,2,0,4.09978E+20,5.34762E+21,7.78672E+15,4.82754E+16
147716,8.17032E+18,8,3,11,0,2017,3,13,2,3,5,3,1,1,0,0,0,0,0,4.11922E+20,5.31517E+21,7.81963E+15,4.79838E+16
147717,8.17032E+18,8,2,36,43,2017,3,16,2,3,3,7,1,0,0,0,1,0,0,4.68118E+20,5.41222E+21,8.56531E+15,4.88621E+16
147718,8.17032E+18,8,2,22,0,2017,3,5,2,3,0,3,0,1,0,1,0,1,0,4.63135E+20,5.48492E+21,8.4907E+15,4.95158E+16
147719,8.17032E+18,8,2,22,0,2017,3,10,2,3,0,7,1,0,0,0,1,0,0,4.64442E+20,5.48155E+21,8.50906E+15,4.94856E+16
147720,8.17032E+18,8,2,22,0,2017,3,5,2,2,2,6,0,1,0,0,0,1,0,4.61168E+20,5.48522E+21,8.4635E+15,4.95184E+16
147721,8.17032E+18,8,2,22,0,2017,3,0,2,3,0,6,0,1,0,0,0,2,0,4.65068E+20,5.47934E+21,8.5179E+15,4.94657E+16
147722,8.17032E+18,8,1,36,19,2017,3,15,2,3,5,3,1,1,0,0,0,0,0,5.81164E+20,5.42486E+21,1.0109E+16,4.89713E+16
147723,8.17032E+18,8,1,36,88,2017,3,7,2,3,0,3,0,0,0,0,1,0,0,5.77383E+20,5.40906E+21,1.00544E+16,4.88297E+16
147724,8.17032E+18,8,1,28,7,2017,3,13,2,3,6,4,0,1,1,0,0,0,0,5.55851E+20,5.48255E+21,9.77124E+15,4.9493E+16
147725,8.17032E+18,8,1,19,79,2017,3,16,2,3,5,3,1,1,0,0,0,0,0,5.22722E+20,5.4081E+21,9.30957E+15,4.88254E+16
147726,8.17032E+18,8,1,17,26,2017,3,16,2,3,0,1,1,0,0,0,0,0,0,5.47867E+20,5.39541E+21,9.65066E+15,4.87099E+16
147727,8.17032E+18,8,1,16,77,2017,3,19,2,3,1,5,0,1,0,0,0,2,0,5.17705E+20,5.39065E+21,9.24047E+15,4.86686E+16
147728,8.17032E+18,8,1,16,19,2017,3,16,2,3,5,3,0,1,0,0,0,0,0,5.23279E+20,5.39844E+21,9.31662E+15,4.87385E+16
147729,8.17032E+18,8,1,16,80,2017,3,18,2,3,2,7,1,1,0,0,0,0,0,5.21319E+20,5.39586E+21,9.28982E+15,4.87154E+16
147730,8.17032E+18,8,1,11,0,2017,3,16,2,3,5,3,0,1,0,0,0,0,0,5.17782E+20,5.39989E+21,9.24191E+15,4.87518E+16
147731,8.17032E+18,8,1,11,0,2017,3,7,2,3,5,3,1,1,0,0,0,0,0,5.17506E+20,5.40258E+21,9.23827E+15,4.87759E+16
147732,8.17032E+18,8,1,11,0,2017,3,21,2,3,1,1,0,1,0,0,0,2,0,5.10279E+20,5.40252E+21,9.1399E+15,4.87756E+16
147733,8.17032E+18,8,4,36,64,2017,3,13,1,3,5,3,1,1,0,0,0,0,0,5.43957E+20,5.29197E+21,9.58678E+15,4.77796E+16
147734,8.17032E+18,8,4,35,16,2017,3,16,1,3,0,5,1,1,0,0,0,0,0,5.3596E+20,5.27843E+21,9.47892E+15,4.76583E+16
147735,8.17032E+18,8,4,35,59,2017,3,13,1,2,6,6,1,0,1,0,0,0,0,5.16413E+20,5.29416E+21,9.21918E+15,4.78006E+16
147736,8.17032E+18,8,3,17,96,2017,3,2,1,3,0,1,1,0,0,0,0,2,1,4.20895E+20,5.36805E+21,7.92998E+15,4.84606E+16
147737,8.17032E+18,8,2,22,0,2017,3,11,1,2,3,6,0,1,0,1,0,0,0,4.62926E+20,5.48082E+21,8.48821E+15,4.94789E+16
147738,8.17032E+18,8,2,15,21,2017,3,19,1,3,5,3,0,1,0,1,0,2,0,4.69982E+20,5.44376E+21,8.58839E+15,4.91459E+16
147739,8.17032E+18,8,2,15,105,2017,3,14,1,3,0,7,1,0,0,0,0,0,0,4.57127E+20,5.44182E+21,8.41234E+15,4.91277E+16
147740,8.17032E+18,8,1,36,89,2017,3,15,1,2,8,1,1,0,0,0,0,0,0,5.82504E+20,5.42057E+21,1.01265E+16,4.89325E+16
147741,8.17032E+18,8,1,27,76,2017,3,7,1,2,9,7,0,1,0,0,0,0,0,5.53092E+20,5.43982E+21,9.72745E+15,4.91089E+16
147742,8.17032E+18,8,1,18,76,2017,3,21,1,3,5,3,0,1,0,0,0,2,1,5.05448E+20,5.42333E+21,9.07443E+15,4.89629E+16
147743,8.17032E+18,8,1,11,0,2017,3,11,1,3,2,6,0,1,0,0,0,0,0,5.13003E+20,5.40705E+21,9.17713E+15,4.88163E+16
147744,8.17032E+18,8,1,11,0,2017,3,13,1,3,5,3,0,1,0,0,0,0,0,5.1545E+20,5.40616E+21,9.21043E+15,4.88083E+16
147745,8.17032E+18,8,1,11,0,2017,3,4,1,3,5,3,0,1,0,0,0,2,1,5.07871E+20,5.39773E+21,9.10703E+15,4.87325E+16
147746,8.17032E+18,8,4,35,57,2017,3,13,7,3,5,3,0,1,0,0,0,0,0,5.48187E+20,5.28103E+21,9.64203E+15,4.76808E+16
147747,8.17032E+18,8,4,35,16,2017,3,1,7,2,5,3,0,1,0,1,0,2,0,5.34811E+20,5.27777E+21,9.46357E+15,4.76524E+16
147748,8.17032E+18,8,4,21,0,2017,3,15,7,3,0,4,0,0,1,0,1,0,1,5.73083E+20,5.36093E+21,9.98734E+15,4.83973E+16
147749,8.17032E+18,8,4,15,87,2017,3,21,7,3,8,1,0,1,0,1,0,2,1,5.13444E+20,5.38165E+21,9.18231E+15,4.85878E+16
147750,8.17032E+18,8,3,36,91,2017,3,12,7,3,0,7,1,0,0,0,0,0,0,3.97418E+20,5.2718E+21,7.63555E+15,4.75915E+16
147751,8.17032E+18,8,3,27,50,2017,3,21,7,3,5,3,0,1,0,0,0,2,1,4.88049E+20,5.31444E+21,8.83985E+15,4.79832E+16
147752,8.17032E+18,8,3,17,1,2017,3,10,7,3,5,3,1,1,0,0,0,0,1,4.31528E+20,5.3869E+21,8.07068E+15,4.86314E+16
147753,8.17032E+18,8,2,12,0,2017,3,8,7,3,0,3,0,1,0,1,0,0,1,4.57818E+20,5.42891E+21,8.42316E+15,4.90116E+16
147754,8.17032E+18,8,2,12,0,2017,3,10,7,3,6,4,0,1,1,0,0,0,1,4.55484E+20,5.42823E+21,8.39132E+15,4.90053E+16
147755,8.17032E+18,8,2,26,85,2017,3,18,7,3,2,2,0,1,0,0,0,1,1,4.91547E+20,5.45477E+21,8.88386E+15,4.92456E+16
147756,8.17032E+18,8,2,26,37,2017,3,6,7,3,6,7,0,0,1,0,1,2,1,4.65718E+20,5.4672E+21,8.52792E+15,4.93565E+16
147757,8.17032E+18,8,2,22,0,2017,3,0,7,3,5,3,1,1,0,0,0,2,0,4.61408E+20,5.48166E+21,8.46716E+15,4.94864E+16
147758,8.17032E+18,8,2,12,0,2017,3,14,7,3,5,3,1,1,0,0,0,0,1,4.54022E+20,5.42845E+21,8.3713E+15,4.90072E+16
147759,8.17032E+18,8,2,12,0,2017,3,15,7,3,0,3,1,0,0,0,1,0,1,4.55339E+20,5.42774E+21,8.38939E+15,4.9001E+16
147760,8.17032E+18,8,1,15,45,2017,3,14,7,3,2,6,0,1,0,0,0,0,1,5.04488E+20,5.39662E+21,9.06102E+15,4.87226E+16
147761,8.17032E+18,8,1,35,15,2017,3,21,7,3,5,3,0,1,0,0,0,2,1,5.75749E+20,5.38623E+21,1.00279E+16,4.86245E+16
147762,8.17032E+18,8,1,21,0,2017,3,6,7,3,0,1,0,1,0,0,0,1,1,5.16291E+20,5.44368E+21,9.22338E+15,4.91457E+16
147763,8.17032E+18,8,1,19,20,2017,3,20,7,3,5,3,1,1,0,0,0,2,0,5.19742E+20,5.40673E+21,9.2689E+15,4.88133E+16
147764,8.17032E+18,8,1,18,67,2017,3,17,7,3,1,7,0,1,0,0,0,0,0,5.05031E+20,5.41388E+21,9.06861E+15,4.88778E+16
147765,8.17032E+18,8,1,18,48,2017,3,13,7,3,5,3,0,1,0,0,0,0,0,5.12547E+20,5.41696E+21,9.17122E+15,4.89055E+16
147766,8.17032E+18,8,1,17,51,2017,3,22,7,3,6,7,0,1,1,0,0,2,0,5.44363E+20,5.39482E+21,9.60298E+15,4.87049E+16
147767,8.17032E+18,8,1,16,71,2017,3,11,7,3,5,2,0,1,0,0,0,0,1,5.28083E+20,5.39132E+21,9.38147E+15,4.86743E+16
147768,8.17032E+18,8,4,36,82,2017,3,12,6,3,5,3,1,1,0,0,0,0,0,5.4781E+20,5.29485E+21,9.63853E+15,4.78052E+16
147769,8.17032E+18,8,4,36,83,2017,3,17,6,3,8,7,1,0,0,0,0,0,0,5.33156E+20,5.30125E+21,9.44331E+15,4.78637E+16
147770,8.17032E+18,8,4,21,0,2017,3,7,6,3,5,3,1,1,0,0,0,0,0,5.72733E+20,5.36586E+21,9.98346E+15,4.84417E+16
147771,8.17032E+18,8,4,17,2,2017,3,20,6,2,9,1,1,0,0,0,0,2,0,4.89612E+20,5.34441E+21,8.86006E+15,4.82528E+16
147772,8.17032E+18,8,4,16,41,2017,3,11,6,3,0,2,1,1,0,0,0,0,0,5.04402E+20,5.37454E+21,9.05962E+15,4.85239E+16
147773,8.17032E+18,8,4,16,41,2017,3,14,6,3,0,7,1,0,0,0,0,0,0,5.04363E+20,5.3748E+21,9.05909E+15,4.85263E+16
147774,8.17032E+18,8,4,16,41,2017,3,10,6,3,5,3,0,0,0,0,1,0,0,5.04376E+20,5.37479E+21,9.05926E+15,4.85262E+16
147775,8.17032E+18,8,4,16,41,2017,3,13,6,3,0,7,0,1,0,0,1,0,0,5.0495E+20,5.37417E+21,9.06704E+15,4.85207E+16
147776,8.17032E+18,8,3,36,91,2017,3,16,6,3,5,2,1,0,0,0,1,0,0,3.96691E+20,5.27206E+21,7.62582E+15,4.75937E+16
147777,8.17032E+18,8,3,36,75,2017,3,19,6,3,9,7,0,1,0,0,0,2,0,3.97456E+20,5.27897E+21,7.63437E+15,4.7656E+16
147778,8.17032E+18,8,3,35,43,2017,3,1,6,3,0,1,1,0,0,0,0,2,0,5.11788E+20,5.28045E+21,9.15705E+15,4.76773E+16
147779,8.17032E+18,8,3,26,3,2017,3,20,6,3,8,1,0,1,0,0,0,2,0,4.67546E+20,5.31738E+21,8.56486E+15,4.80089E+16
147780,8.17032E+18,8,3,26,74,2017,3,16,6,2,3,6,0,1,0,1,0,0,0,4.60522E+20,5.32464E+21,8.47001E+15,4.80738E+16
147781,8.17032E+18,8,3,17,57,2017,3,7,6,3,5,2,0,1,0,0,0,0,0,4.12924E+20,5.38109E+21,7.81946E+15,4.85768E+16
147782,8.17032E+18,8,3,17,1,2017,3,13,6,3,3,6,1,0,0,0,0,0,0,4.32004E+20,5.38714E+21,8.07711E+15,4.86336E+16
147783,8.17032E+18,8,3,15,6,2017,3,8,6,3,5,2,0,1,0,1,0,0,0,4.03089E+20,5.30805E+21,7.70288E+15,4.79184E+16
147784,8.17032E+18,8,3,11,0,2017,3,8,6,3,5,2,1,1,0,0,0,0,0,4.16642E+20,5.31544E+21,7.88281E+15,4.79868E+16
147785,8.17032E+18,8,2,31,0,2017,3,15,6,3,6,4,0,1,1,0,0,0,0,4.77794E+20,5.4156E+21,8.69704E+15,4.88929E+16
147786,8.17032E+18,8,2,26,84,2017,3,14,6,3,5,3,1,0,0,0,0,0,0,4.69328E+20,5.47033E+21,8.57739E+15,4.93849E+16
147787,8.17032E+18,8,2,22,0,2017,3,8,6,3,5,3,0,1,0,0,0,0,0,4.62745E+20,5.48124E+21,8.48566E+15,4.94827E+16
147788,8.17032E+18,8,2,26,9,2017,3,19,6,3,2,6,0,1,0,0,0,2,0,4.66656E+20,5.47297E+21,8.54036E+15,4.94085E+16
147789,8.17032E+18,8,2,22,0,2017,3,14,6,3,6,4,1,0,1,0,0,0,0,4.61496E+20,5.48105E+21,8.46844E+15,4.94809E+16
147790,8.17032E+18,8,2,16,43,2017,3,16,6,3,6,7,0,1,1,0,0,0,0,4.41378E+20,5.41202E+21,8.20079E+15,4.88584E+16
147791,8.17032E+18,8,2,12,0,2017,3,0,6,3,0,7,0,0,0,1,0,2,0,4.6319E+20,5.42835E+21,8.49666E+15,4.90069E+16
147792,8.17032E+18,8,1,18,48,2017,3,9,6,2,6,4,0,1,1,0,0,0,0,5.13893E+20,5.4157E+21,9.18955E+15,4.88941E+16
147793,8.17032E+18,8,1,36,19,2017,3,7,6,3,5,2,1,1,0,0,0,0,0,5.81995E+20,5.42471E+21,1.01204E+16,4.89698E+16
147794,8.17032E+18,8,1,25,102,2017,3,17,6,3,1,2,0,1,0,0,0,0,0,5.2065E+20,5.44421E+21,9.28318E+15,4.91504E+16
147795,8.17032E+18,8,1,25,65,2017,3,5,6,3,5,3,1,1,0,0,0,2,0,5.16494E+20,5.44901E+21,9.22638E+15,4.91936E+16
147796,8.17032E+18,8,1,25,58,2017,3,17,6,3,5,3,0,1,0,0,0,0,0,5.07275E+20,5.44393E+21,9.09977E+15,4.91482E+16
147797,8.17032E+18,8,1,18,46,2017,3,15,6,3,3,6,1,1,0,0,0,0,0,5.14226E+20,5.41201E+21,9.19395E+15,4.88609E+16
147798,8.17032E+18,8,1,16,49,2017,3,5,6,3,1,6,0,1,0,0,0,1,0,5.25236E+20,5.38462E+21,9.34239E+15,4.86142E+16
147799,8.17032E+18,8,1,15,45,2017,3,8,6,3,2,6,0,1,0,0,0,0,0,4.9899E+20,5.39502E+21,8.98627E+15,4.87082E+16
147800,8.17032E+18,8,1,15,50,2017,3,10,6,3,6,7,0,1,1,0,0,0,0,4.91026E+20,5.40083E+21,8.8779E+15,4.87604E+16
147801,8.17032E+18,8,1,15,24,2017,3,18,6,3,3,7,0,1,0,1,0,2,1,5.00914E+20,5.38769E+21,9.0124E+15,4.86423E+16
147802,8.17032E+18,8,1,11,0,2017,3,11,6,3,5,3,0,1,0,1,0,0,0,5.17141E+20,5.4041E+21,9.23336E+15,4.87896E+16
147803,8.17032E+18,8,1,11,0,2017,3,7,6,3,5,3,0,1,0,1,0,0,0,5.08189E+20,5.398E+21,9.11138E+15,4.87349E+16
147804,8.17032E+18,8,1,11,0,2017,3,11,6,3,2,6,0,1,0,0,0,0,0,5.16187E+20,5.40526E+21,9.22043E+15,4.88002E+16
147805,8.17032E+18,8,1,11,0,2017,3,12,6,3,6,4,0,1,1,0,0,0,0,5.14933E+20,5.40239E+21,9.20325E+15,4.87744E+16
147806,8.17032E+18,8,4,37,65,2017,3,15,5,3,8,3,1,1,0,0,0,0,0,5.14562E+20,5.31691E+21,9.19524E+15,4.80053E+16
147807,8.17032E+18,8,4,35,36,2017,3,10,5,3,6,7,0,0,1,0,1,0,0,5.20446E+20,5.28235E+21,9.27248E+15,4.76942E+16
147808,8.17032E+18,8,4,35,52,2017,3,7,5,3,0,7,1,0,0,0,0,0,0,5.23555E+20,5.28961E+21,9.31431E+15,4.77594E+16
147809,8.17032E+18,8,4,25,28,2017,3,17,5,3,6,2,0,1,1,0,0,0,0,5.79566E+20,5.34022E+21,1.0071E+16,4.82102E+16
147810,8.17032E+18,8,4,17,10,2017,3,13,5,3,8,1,0,1,0,0,0,0,0,5.04531E+20,5.3444E+21,9.06104E+15,4.82528E+16
147811,8.17032E+18,8,4,36,64,2017,3,7,5,3,5,3,1,1,0,0,0,0,0,5.42803E+20,5.29202E+21,9.57138E+15,4.77802E+16
147812,8.17032E+18,8,3,27,50,2017,3,15,5,3,6,4,0,1,1,0,0,0,0,4.86611E+20,5.31472E+21,8.82057E+15,4.79857E+16