OBJECTID,UIDENTSTLA,ULAND,UREGBEZ,UKREIS,UGEMEINDE,UJAHR,UMONAT,USTUNDE,UWOCHENTAG,UKATEGORIE,UART,UTYP1,IstRad,IstPKW,IstFuss,IstKrad,IstSonstig,LICHT,STRZUSTAND,LINREFX,LINREFY,XGCSWGS84,YGCSWGS84
147813,8.17032E+18,8,3,25,53,2017,3,13,5,3,5,3,1,1,0,0,0,0,0,4.54297E+20,5.34136E+21,8.38466E+15,4.82238E+16
147814,8.17032E+18,8,3,25,51,2017,3,7,5,3,5,3,0,1,0,1,0,0,0,4.52265E+20,5.34918E+21,8.35642E+15,4.8294E+16
147815,8.17032E+18,8,3,17,57,2017,3,17,5,3,7,7,1,0,0,0,1,0,0,4.14187E+20,5.3795E+21,7.8369E+15,4.85627E+16
147816,8.17032E+18,8,3,17,89,2017,3,13,5,3,0,7,0,1,0,0,0,0,0,4.32359E+20,5.37565E+21,8.08379E+15,4.85303E+16
147817,8.17032E+18,8,3,15,98,2017,3,15,5,3,5,2,1,0,0,0,1,0,0,4.06768E+20,5.31215E+21,7.75122E+15,4.79558E+16
147818,8.17032E+18,8,2,12,0,2017,3,13,5,2,5,3,0,1,0,0,1,0,0,4.53637E+20,5.42574E+21,8.36634E+15,4.89829E+16
147819,8.17032E+18,8,2,12,0,2017,3,16,5,3,5,3,1,1,0,0,0,0,0,4.55044E+20,5.42989E+21,8.38511E+15,4.90203E+16
147820,8.17032E+18,8,2,12,0,2017,3,14,5,3,5,3,1,1,0,0,0,0,0,4.56408E+20,5.42797E+21,8.40398E+15,4.90031E+16
147821,8.17032E+18,8,2,31,0,2017,3,10,5,3,2,6,0,1,0,0,1,0,0,4.79251E+20,5.41537E+21,8.71693E+15,4.88909E+16
147822,8.17032E+18,8,2,31,0,2017,3,7,5,2,2,6,1,1,0,0,0,0,0,4.75846E+20,5.41288E+21,8.67064E+15,4.88684E+16
147823,8.17032E+18,8,2,26,96,2017,3,0,5,3,2,6,1,1,0,0,0,2,0,4.73863E+20,5.48806E+21,8.63871E+15,4.95445E+16
147824,8.17032E+18,8,2,26,32,2017,3,18,5,3,6,6,0,1,1,0,0,2,0,4.67899E+20,5.46209E+21,8.55836E+15,4.93107E+16
147825,8.17032E+18,8,2,26,32,2017,3,7,5,2,3,6,0,1,0,1,0,0,0,4.66276E+20,5.46461E+21,8.53583E+15,4.93332E+16
147826,8.17032E+18,8,2,22,0,2017,3,10,5,2,5,3,1,1,0,0,0,0,0,4.62725E+20,5.48582E+21,8.48496E+15,4.95239E+16
147827,8.17032E+18,8,2,22,0,2017,3,19,5,3,6,4,0,1,1,0,0,2,0,4.61566E+20,5.482E+21,8.46932E+15,4.94894E+16
147828,8.17032E+18,8,2,15,9,2017,3,12,5,3,1,6,0,1,0,0,0,0,0,4.68018E+20,5.44099E+21,8.56169E+15,4.91209E+16
147829,8.17032E+18,8,2,11,0,2017,3,14,5,3,2,6,0,1,0,0,1,0,0,4.447E+20,5.40024E+21,8.24766E+15,4.87527E+16
147830,8.17032E+18,8,1,36,88,2017,3,12,5,2,6,4,0,1,1,0,0,0,0,5.81142E+20,5.41321E+21,1.01064E+16,4.88665E+16
147831,8.17032E+18,8,1,35,19,2017,3,8,5,3,0,5,0,1,0,0,0,0,0,5.84586E+20,5.3925E+21,1.01491E+16,4.86798E+16
147832,8.17032E+18,8,1,35,19,2017,3,7,5,3,2,6,0,1,0,0,0,0,0,5.84176E+20,5.38998E+21,1.0143E+16,4.86572E+16
147833,8.17032E+18,8,1,35,16,2017,3,11,5,3,6,7,0,1,1,0,0,0,0,5.92203E+20,5.38605E+21,1.02511E+16,4.86208E+16
147834,8.17032E+18,8,1,27,8,2017,3,17,5,1,5,2,0,0,0,1,1,0,0,5.74489E+20,5.46101E+21,1.00245E+16,4.92973E+16
147835,8.17032E+18,8,1,19,85,2017,3,15,5,2,5,3,0,1,0,1,0,0,0,5.28823E+20,5.41365E+21,9.39308E+15,4.88751E+16
147836,8.17032E+18,8,1,19,20,2017,3,16,5,3,0,7,0,0,1,0,1,0,0,5.20342E+20,5.40628E+21,9.27705E+15,4.88092E+16
147837,8.17032E+18,8,1,19,87,2017,3,18,5,3,0,1,0,0,0,1,0,2,0,5.2889E+20,5.42622E+21,9.39489E+15,4.89882E+16
147838,8.17032E+18,8,1,18,81,2017,3,10,5,3,5,3,0,1,0,0,0,0,0,5.17905E+20,5.41208E+21,9.24412E+15,4.88614E+16
147839,8.17032E+18,8,1,18,80,2017,3,17,5,3,4,6,0,1,0,0,0,0,0,5.08823E+20,5.41112E+21,9.12027E+15,4.8853E+16
147840,8.17032E+18,8,1,17,18,2017,3,13,5,3,0,1,1,0,0,0,0,0,0,5.38322E+20,5.39468E+21,9.52086E+15,4.8704E+16
147841,8.17032E+18,8,1,17,24,2017,3,17,5,3,5,3,0,1,0,0,0,0,0,5.62E+20,5.38495E+21,9.84119E+15,4.86145E+16
147842,8.17032E+18,8,1,17,19,2017,3,9,5,3,2,6,0,1,0,0,0,0,0,5.51985E+20,5.39404E+21,9.70647E+15,4.86973E+16
147843,8.17032E+18,8,1,16,49,2017,3,13,5,3,1,6,0,1,0,0,0,0,0,5.25206E+20,5.38616E+21,9.34207E+15,4.8628E+16
147844,8.17032E+18,8,1,16,49,2017,3,15,5,3,4,2,1,1,0,0,0,0,0,5.25694E+20,5.38408E+21,9.34857E+15,4.86093E+16
147845,8.17032E+18,8,1,16,33,2017,3,12,5,3,5,3,0,1,0,0,1,0,0,5.3306E+20,5.38817E+21,9.44882E+15,4.86457E+16
147846,8.17032E+18,8,1,15,24,2017,3,14,5,2,2,6,1,0,0,0,0,0,0,5.00366E+20,5.3877E+21,9.00497E+15,4.86424E+16
147847,8.17032E+18,8,1,11,0,2017,3,8,5,3,5,2,1,1,0,0,0,0,0,5.08301E+20,5.40691E+21,9.11307E+15,4.88151E+16
147848,8.17032E+18,8,1,11,0,2017,3,15,5,3,1,5,1,1,0,0,0,0,0,5.11693E+20,5.40627E+21,9.15925E+15,4.88093E+16
147849,8.17032E+18,8,1,15,28,2017,3,14,5,3,5,2,0,1,0,0,0,0,0,5.04375E+20,5.3994E+21,9.05952E+15,4.87476E+16
147850,8.17032E+18,8,4,25,36,2017,3,17,4,3,5,3,0,1,0,0,1,0,0,5.48851E+20,5.34046E+21,9.65762E+15,4.82155E+16
147851,8.17032E+18,8,4,25,33,2017,3,16,4,3,0,1,1,0,0,0,0,0,0,5.53607E+20,5.34765E+21,9.72255E+15,4.82798E+16
147852,8.17032E+18,8,4,15,61,2017,3,17,4,3,2,6,0,1,0,0,0,0,0,5.14655E+20,5.37169E+21,9.19838E+15,4.84981E+16
147853,8.17032E+18,8,4,15,78,2017,3,17,4,3,5,3,0,1,0,0,0,0,0,5.27851E+20,5.37204E+21,9.37702E+15,4.85009E+16
147854,8.17032E+18,8,4,15,78,2017,3,15,4,3,0,7,1,0,0,0,0,0,0,5.29293E+20,5.37137E+21,9.39649E+15,4.84948E+16
147855,8.17032E+18,8,3,36,106,2017,3,22,4,2,8,7,0,1,0,0,0,2,0,4.1887E+20,5.29005E+21,7.91744E+15,4.77587E+16
147856,8.17032E+18,8,3,36,50,2017,3,12,4,3,6,7,0,0,1,0,1,0,0,3.99759E+20,5.27445E+21,7.66607E+15,4.76157E+16
147857,8.17032E+18,8,3,26,74,2017,3,13,4,3,5,3,0,1,0,0,0,0,0,4.64817E+20,5.3234E+21,8.52778E+15,4.80629E+16
147858,8.17032E+18,8,3,17,96,2017,3,17,4,3,5,3,1,1,0,0,0,0,0,4.22682E+20,5.36866E+21,7.95403E+15,4.84663E+16
147859,8.17032E+18,8,3,15,74,2017,3,14,4,3,5,2,0,1,0,0,1,0,0,3.95481E+20,5.29578E+21,7.60405E+15,4.78069E+16
147860,8.17032E+18,8,3,36,91,2017,3,16,4,3,5,3,1,1,0,0,0,0,0,3.96677E+20,5.27254E+21,7.62552E+15,4.7598E+16
147861,8.17032E+18,8,3,11,0,2017,3,8,4,3,1,6,1,1,0,0,0,0,0,4.13708E+20,5.31627E+21,7.84332E+15,4.79939E+16
147862,8.17032E+18,8,2,12,0,2017,3,17,4,3,5,2,0,1,0,1,0,0,0,4.54222E+20,5.42518E+21,8.3744E+15,4.89778E+16
147863,8.17032E+18,8,2,12,0,2017,3,16,4,3,6,4,0,1,1,0,0,0,0,4.55424E+20,5.42909E+21,8.3904E+15,4.90131E+16
147864,8.17032E+18,8,2,37,28,2017,3,13,4,3,8,1,0,0,0,1,0,0,0,4.57065E+20,5.36688E+21,8.41932E+15,4.84536E+16
147865,8.17032E+18,8,2,35,8,2017,3,17,4,3,0,7,1,0,0,0,0,0,0,4.80363E+20,5.40316E+21,8.7327E+15,4.87811E+16
147866,8.17032E+18,8,2,31,0,2017,3,18,4,2,5,3,1,1,0,0,0,0,0,4.75533E+20,5.41658E+21,8.66614E+15,4.89017E+16
147867,8.17032E+18,8,2,21,0,2017,3,22,4,3,5,3,1,1,0,0,0,2,0,4.73951E+20,5.4731E+21,8.6409E+15,4.94101E+16
147868,8.17032E+18,8,2,21,0,2017,3,16,4,2,2,2,0,1,0,0,0,0,0,4.76131E+20,5.47268E+21,8.67098E+15,4.94064E+16
147869,8.17032E+18,8,2,21,0,2017,3,16,4,3,4,2,1,1,0,0,0,0,0,4.77845E+20,5.47326E+21,8.69457E+15,4.94116E+16
147870,8.17032E+18,8,2,16,17,2017,3,6,4,3,5,2,0,1,0,0,0,0,0,4.51729E+20,5.40219E+21,8.34305E+15,4.87708E+16
147871,8.17032E+18,8,2,16,43,2017,3,19,4,3,0,2,0,1,0,1,0,2,0,4.42609E+20,5.41261E+21,8.21749E+15,4.88638E+16
147872,8.17032E+18,8,2,12,0,2017,3,11,4,3,6,7,0,1,1,0,0,0,0,4.55442E+20,5.4276E+21,8.39081E+15,4.89997E+16
147873,8.17032E+18,8,4,25,72,2017,3,18,4,1,6,3,0,1,1,0,0,2,0,5.82655E+20,5.37164E+21,1.01187E+16,4.84924E+16
147874,8.17032E+18,8,1,19,85,2017,3,6,4,2,5,3,1,1,0,0,0,0,0,5.28468E+20,5.41203E+21,9.38813E+15,4.88606E+16
147875,8.17032E+18,8,1,19,79,2017,3,15,4,3,5,6,1,1,0,0,0,0,0,5.23674E+20,5.40895E+21,9.32259E+15,4.88331E+16
147876,8.17032E+18,8,1,19,20,2017,3,13,4,3,1,5,1,1,0,0,0,0,0,5.20132E+20,5.40605E+21,9.27418E+15,4.88071E+16
147877,8.17032E+18,8,1,19,20,2017,3,14,4,2,5,3,0,1,0,1,0,0,0,5.20357E+20,5.40644E+21,9.27726E+15,4.88106E+16
147878,8.17032E+18,8,1,18,48,2017,3,19,4,3,5,3,1,1,0,0,0,2,0,5.15368E+20,5.41515E+21,9.20964E+15,4.88891E+16
147879,8.17032E+18,8,1,16,63,2017,3,16,4,3,5,3,1,1,0,0,0,0,0,5.16386E+20,5.38372E+21,9.22228E+15,4.86063E+16
147880,8.17032E+18,8,1,16,58,2017,3,16,4,3,6,7,0,1,1,0,0,0,0,5.34201E+20,5.39516E+21,9.46488E+15,4.87086E+16
147881,8.17032E+18,8,1,15,45,2017,3,16,4,3,5,3,1,1,0,0,0,0,0,5.00775E+20,5.3951E+21,9.01054E+15,4.87089E+16
147882,8.17032E+18,8,1,15,15,2017,3,15,4,3,7,1,1,0,0,0,0,0,0,4.94282E+20,5.38595E+21,8.92241E+15,4.86266E+16
147883,8.17032E+18,8,1,11,0,2017,3,13,4,3,5,3,0,1,0,0,0,0,0,5.14002E+20,5.40956E+21,9.19082E+15,4.88388E+16
147884,8.17032E+18,8,1,11,0,2017,3,17,4,3,3,7,1,1,0,0,0,1,0,5.08023E+20,5.39763E+21,9.1091E+15,4.87316E+16
147885,8.17031E+18,8,4,37,104,2017,3,14,3,3,5,3,0,1,0,0,0,0,0,5.15874E+20,5.32623E+21,9.21317E+15,4.80891E+16
147886,8.17031E+18,8,4,36,49,2017,3,17,3,2,3,2,1,1,0,0,0,0,0,5.78099E+20,5.28158E+21,1.00406E+16,4.76829E+16
147887,8.17031E+18,8,4,35,16,2017,3,13,3,3,4,2,1,1,0,0,0,0,0,5.34854E+20,5.27824E+21,9.46417E+15,4.76566E+16
147888,8.17031E+18,8,4,37,31,2017,3,14,3,3,5,2,1,1,0,0,0,0,0,5.15724E+20,5.34715E+21,9.21193E+15,4.82773E+16
147889,8.17031E+18,8,4,26,87,2017,3,15,3,2,0,1,1,0,0,0,0,0,0,5.70366E+20,5.32447E+21,9.94458E+15,4.80696E+16
147890,8.17031E+18,8,4,25,14,2017,3,14,3,3,5,3,0,1,0,0,1,0,0,5.7275E+20,5.37029E+21,9.98446E+15,4.84815E+16
147891,8.17031E+18,8,4,16,41,2017,3,15,3,3,0,7,0,0,0,1,0,0,0,5.06285E+20,5.37403E+21,9.08511E+15,4.85193E+16
147892,8.17031E+18,8,3,36,69,2017,3,14,3,3,5,3,0,1,0,0,0,0,0,4.09041E+20,5.26842E+21,7.7908E+15,4.75628E+16
147893,8.17031E+18,8,3,16,12,2017,3,17,3,3,0,5,1,1,0,0,1,0,0,4.03553E+20,5.33341E+21,7.70338E+15,4.81466E+16
147894,8.17031E+18,8,3,15,15,2017,3,17,3,3,5,2,1,1,0,0,0,0,0,3.94177E+20,5.32038E+21,7.58059E+15,4.8028E+16
147895,8.17031E+18,8,3,36,91,2017,3,17,3,3,5,3,1,1,0,0,0,0,0,3.96837E+20,5.27162E+21,7.62786E+15,4.75898E+16
147896,8.17031E+18,8,3,36,50,2017,3,17,3,2,2,6,0,1,0,0,0,0,0,3.99634E+20,5.27421E+21,7.66447E+15,4.76135E+16
147897,8.17031E+18,8,3,11,0,2017,3,12,3,3,5,2,0,1,1,0,0,0,0,4.13065E+20,5.31539E+21,7.83489E+15,4.79859E+16
147898,8.17031E+18,8,2,12,0,2017,3,19,3,3,5,3,1,1,0,0,0,2,0,4.53145E+20,5.4302E+21,8.35911E+15,4.90229E+16
147899,8.17031E+18,8,2,31,0,2017,3,13,3,3,3,6,0,1,0,1,0,0,0,4.76117E+20,5.41632E+21,8.67413E+15,4.88993E+16
147900,8.17031E+18,8,2,36,46,2017,3,15,3,3,0,7,0,1,0,0,0,0,0,4.85676E+20,5.41698E+21,8.80453E+15,4.89056E+16
147901,8.17031E+18,8,2,26,32,2017,3,20,3,3,0,3,0,1,0,1,0,2,0,4.68176E+20,5.46236E+21,8.56215E+15,4.93132E+16
147902,8.17031E+18,8,2,22,0,2017,3,13,3,3,2,6,0,1,0,0,0,0,0,4.60568E+20,5.48763E+21,8.45497E+15,4.954E+16
147903,8.17031E+18,8,2,22,0,2017,3,17,3,2,5,2,1,1,0,0,0,0,0,4.62024E+20,5.48023E+21,8.4758E+15,4.94735E+16
147904,8.17031E+18,8,2,21,0,2017,3,15,3,3,5,3,0,1,0,0,0,0,0,4.77111E+20,5.47279E+21,8.68448E+15,4.94074E+16
147905,8.17031E+18,8,2,16,39,2017,3,7,3,3,5,3,1,1,0,0,0,0,0,4.4558E+20,5.41658E+21,8.25746E+15,4.88998E+16
147906,8.17031E+18,8,2,15,106,2017,3,17,3,3,5,3,0,1,0,0,0,0,0,4.66343E+20,5.45495E+21,8.53756E+15,4.92464E+16
147907,8.17031E+18,8,2,15,17,2017,3,9,3,3,0,7,0,0,0,1,0,0,0,4.56639E+20,5.42137E+21,8.40784E+15,4.89437E+16
147908,8.17031E+18,8,2,15,17,2017,3,9,3,3,2,6,0,1,0,0,0,0,0,4.53802E+20,5.42145E+21,8.36909E+15,4.89442E+16
147909,8.17031E+18,8,1,27,14,2017,3,15,3,3,5,3,1,1,0,0,0,0,0,5.79033E+20,5.44267E+21,1.00834E+16,4.91318E+16
147910,8.17031E+18,8,1,27,14,2017,3,15,3,3,2,6,0,1,0,0,0,0,0,5.79028E+20,5.44267E+21,1.00833E+16,4.91318E+16
147911,8.17031E+18,8,1,26,46,2017,3,19,3,3,4,6,0,1,0,0,0,2,0,5.51069E+20,5.45837E+21,9.7021E+15,4.92759E+16
147912,8.17031E+18,8,1,21,0,2017,3,12,3,3,2,6,0,1,0,0,0,0,0,5.15435E+20,5.44098E+21,9.21154E+15,4.91215E+16
147913,8.17031E+18,8,1,18,48,2017,3,15,3,3,5,3,0,1,0,0,0,0,0,5.12645E+20,5.41557E+21,9.17251E+15,4.8893E+16
147914,8.17031E+18,8,4,25,71,2017,3,15,3,2,6,4,0,0,1,0,1,0,0,5.50888E+20,5.37128E+21,9.68876E+15,4.84926E+16
147915,8.17031E+18,8,1,16,42,2017,3,20,3,3,1,1,0,0,0,0,1,2,0,5.17644E+20,5.38245E+21,9.23929E+15,4.85949E+16
147916,8.17031E+18,8,1,16,33,2017,3,15,3,3,1,7,0,1,0,0,0,0,0,5.33546E+20,5.38828E+21,9.45543E+15,4.86467E+16
147917,8.17031E+18,8,1,16,33,2017,3,16,3,3,1,6,0,1,0,1,0,0,0,5.33888E+20,5.38747E+21,9.46001E+15,4.86394E+16
147918,8.17031E+18,8,1,16,77,2017,3,17,3,3,5,3,0,1,0,0,0,0,0,5.15903E+20,5.38907E+21,9.21593E+15,4.86545E+16
147919,8.17031E+18,8,1,15,24,2017,3,18,3,3,0,1,0,0,0,1,0,0,0,5.00937E+20,5.38808E+21,9.01273E+15,4.86458E+16
147920,8.17031E+18,8,1,15,3,2017,3,15,3,3,5,2,0,1,0,1,0,0,0,4.98219E+20,5.39181E+21,8.97581E+15,4.86794E+16
147921,8.17031E+18,8,1,11,0,2017,3,15,3,3,5,3,0,1,0,0,0,0,0,5.12392E+20,5.40705E+21,9.1688E+15,4.88163E+16
147922,8.17031E+18,8,1,11,0,2017,3,14,3,3,5,3,0,0,0,0,1,0,0,5.19375E+20,5.39972E+21,9.26357E+15,4.87502E+16
147923,8.17031E+18,8,1,11,0,2017,3,19,3,3,5,3,1,1,0,0,0,2,0,5.15168E+20,5.40355E+21,9.20649E+15,4.87847E+16
147924,8.17031E+18,8,4,26,128,2017,3,5,2,2,8,6,0,1,0,0,0,2,0,5.59087E+20,5.32992E+21,9.79394E+15,4.81198E+16
147925,8.17031E+18,8,4,21,0,2017,3,20,2,2,0,2,1,1,0,0,0,2,0,5.72204E+20,5.36039E+21,9.97537E+15,4.83926E+16
147926,8.17031E+18,8,4,21,0,2017,3,16,2,3,1,7,0,1,0,1,0,0,0,5.71332E+20,5.36031E+21,9.96358E+15,4.83919E+16
147927,8.17031E+18,8,4,16,23,2017,3,8,2,3,1,6,1,1,0,0,0,0,0,5.10853E+20,5.37124E+21,9.1469E+15,4.84942E+16
147928,8.17031E+18,8,4,15,61,2017,3,20,2,3,6,4,0,1,1,0,0,2,0,5.16678E+20,5.37051E+21,9.22571E+15,4.84875E+16
147929,8.17031E+18,8,3,35,100,2017,3,17,2,3,0,3,0,1,0,1,0,0,0,4.88504E+20,5.28637E+21,8.84668E+15,4.77306E+16
147930,8.17031E+18,8,3,35,75,2017,3,19,2,3,0,7,0,0,0,1,0,2,0,4.89027E+20,5.28926E+21,8.85359E+15,4.77566E+16
147931,8.17031E+18,8,4,35,16,2017,3,8,2,2,6,4,1,0,1,0,0,0,0,5.3601E+20,5.27792E+21,9.47954E+15,4.76536E+16
147932,8.17031E+18,8,3,27,50,2017,3,7,2,3,6,4,0,1,1,0,0,0,0,4.86786E+20,5.31458E+21,8.82292E+15,4.79844E+16
147933,8.17031E+18,8,3,25,51,2017,3,19,2,3,2,6,0,1,0,0,0,1,0,4.51182E+20,5.34876E+21,8.34186E+15,4.82902E+16
147934,8.17031E+18,8,3,25,57,2017,3,18,2,2,0,1,1,0,0,0,0,1,0,4.76289E+20,5.35933E+21,8.67973E+15,4.83867E+16
147935,8.17031E+18,8,3,17,96,2017,3,12,2,3,5,3,0,1,0,1,0,0,0,4.2299E+20,5.37005E+21,7.95795E+15,4.84789E+16
147936,8.17031E+18,8,3,16,56,2017,3,8,2,3,2,6,0,1,0,1,0,0,0,4.23016E+20,5.32771E+21,7.96601E+15,4.8098E+16
147937,8.17031E+18,8,3,16,11,2017,3,17,2,2,0,7,1,0,0,0,1,0,0,4.14106E+20,5.33068E+21,7.84577E+15,4.81236E+16
147938,8.17031E+18,8,3,15,74,2017,3,15,2,3,2,1,0,1,0,1,0,0,0,3.97221E+20,5.29562E+21,7.62731E+15,4.78057E+16
147939,8.17031E+18,8,3,36,50,2017,3,16,2,3,5,3,1,1,0,0,0,0,0,3.99435E+20,5.2737E+21,7.66194E+15,4.76089E+16
147940,8.17031E+18,8,3,36,91,2017,3,19,2,3,8,1,0,1,0,0,1,2,0,3.95859E+20,5.27105E+21,7.61499E+15,4.75845E+16
147941,8.17031E+18,8,3,36,50,2017,3,13,2,3,5,2,1,1,0,0,0,0,0,3.99313E+20,5.27295E+21,7.66049E+15,4.76021E+16
147942,8.17031E+18,8,2,31,0,2017,3,8,2,3,5,3,0,1,0,0,0,0,0,4.78662E+20,5.41502E+21,8.70892E+15,4.88878E+16
147943,8.17031E+18,8,2,31,0,2017,3,13,2,3,5,3,0,0,0,1,1,0,0,4.79101E+20,5.41617E+21,8.71485E+15,4.88981E+16
147944,8.17031E+18,8,2,36,70,2017,3,16,2,3,4,1,0,1,0,1,0,0,0,4.68196E+20,5.41742E+21,8.56596E+15,4.89089E+16
147945,8.17033E+18,8,4,37,88,2017,3,10,3,2,2,6,0,1,0,1,0,0,0,5.18188E+20,5.30828E+21,9.24348E+15,4.79276E+16
147946,8.17033E+18,8,4,37,104,2017,3,15,3,3,8,1,0,1,0,0,0,0,0,5.12904E+20,5.32763E+21,9.17333E+15,4.81018E+16
147947,8.17033E+18,8,4,21,0,2017,3,12,3,3,5,2,0,1,0,0,1,0,0,5.72659E+20,5.36071E+21,9.98156E+15,4.83953E+16
147948,8.17033E+18,8,4,21,0,2017,3,12,3,3,0,1,0,0,0,1,0,0,0,5.70784E+20,5.35964E+21,9.95607E+15,4.83859E+16
147949,8.17033E+18,8,4,21,0,2017,3,16,3,2,5,3,1,0,0,0,0,0,0,5.72392E+20,5.36119E+21,9.97805E+15,4.83997E+16
147950,8.17033E+18,8,4,25,72,2017,3,17,3,3,5,3,0,1,0,0,0,0,0,5.82288E+20,5.37211E+21,1.01139E+16,4.84967E+16
147951,8.17033E+18,8,4,15,59,2017,3,12,3,3,5,3,0,1,0,1,0,0,0,5.16906E+20,5.36882E+21,9.22873E+15,4.84723E+16
147952,8.17033E+18,8,3,36,105,2017,3,8,3,3,5,3,1,1,0,0,0,0,0,4.00034E+20,5.26701E+21,7.67143E+15,4.75488E+16
147953,8.17033E+18,8,3,26,74,2017,3,19,3,3,1,5,0,1,0,0,0,0,0,4.5983E+20,5.32371E+21,8.46082E+15,4.80654E+16
147954,8.17033E+18,8,3,17,146,2017,3,13,3,3,5,3,0,1,0,0,0,0,0,4.31235E+20,5.35534E+21,8.07191E+15,4.83475E+16
147955,8.17033E+18,8,1,11,0,2017,3,10,4,3,5,2,0,1,0,0,0,0,0,5.11391E+20,5.40393E+21,9.15508E+15,4.87882E+16
147956,8.17033E+18,8,4,36,9,2017,3,9,3,2,5,3,0,1,0,0,1,0,0,5.56432E+20,5.30699E+21,9.75525E+15,4.79137E+16
147957,8.17033E+18,8,4,35,59,2017,3,13,3,3,5,2,0,1,0,1,0,0,0,5.1499E+20,5.29144E+21,9.20008E+15,4.77762E+16
147958,8.17033E+18,8,3,17,145,2017,3,13,3,2,8,1,0,0,0,1,0,0,0,4.45255E+20,5.35456E+21,8.26121E+15,4.83418E+16
147959,8.17033E+18,8,3,17,114,2017,3,10,3,3,8,1,0,1,0,0,0,0,0,4.04791E+20,5.34686E+21,7.71699E+15,4.82678E+16
147960,8.17033E+18,8,3,17,141,2017,3,18,3,3,6,4,0,1,1,0,0,0,0,4.20364E+20,5.38004E+21,7.92051E+15,4.85684E+16
147961,8.17033E+18,8,3,16,56,2017,3,16,3,2,6,4,1,0,1,0,0,0,0,4.22564E+20,5.32732E+21,7.96002E+15,4.80945E+16
147962,8.17033E+18,8,3,36,50,2017,3,12,3,2,6,4,0,1,1,0,0,0,0,3.99602E+20,5.2738E+21,7.66412E+15,4.76099E+16
147963,8.17033E+18,8,3,36,50,2017,3,14,3,3,2,6,0,1,0,0,0,0,0,4.00508E+20,5.27529E+21,7.67584E+15,4.76233E+16
147964,8.17033E+18,8,3,11,0,2017,3,17,3,3,2,6,0,1,0,0,0,0,0,4.13601E+20,5.32049E+21,7.84104E+15,4.80319E+16
147965,8.17033E+18,8,3,11,0,2017,3,17,3,3,5,3,1,1,0,0,0,0,0,4.14052E+20,5.31734E+21,7.84772E+15,4.80036E+16
147966,8.17033E+18,8,2,12,0,2017,3,14,3,2,2,6,0,1,0,1,0,0,0,4.56882E+20,5.42778E+21,8.41047E+15,4.90014E+16
147967,8.17033E+18,8,2,12,0,2017,3,10,3,3,2,6,0,1,0,0,1,0,0,4.54867E+20,5.42929E+21,8.38276E+15,4.90149E+16
147968,8.17033E+18,8,2,12,0,2017,3,11,3,3,5,3,0,1,0,1,0,0,0,4.55766E+20,5.42896E+21,8.39509E+15,4.9012E+16
147969,8.17033E+18,8,2,12,0,2017,3,14,3,3,6,6,0,1,1,0,0,0,0,4.55959E+20,5.4286E+21,8.39777E+15,4.90087E+16
147970,8.17033E+18,8,2,37,4,2017,3,11,3,3,0,7,0,1,1,0,0,0,0,4.50342E+20,5.37378E+21,8.32759E+15,4.85152E+16
147971,8.17033E+18,8,2,31,0,2017,3,16,3,2,6,4,0,1,1,0,0,0,0,4.785E+20,5.41503E+21,8.70671E+15,4.88878E+16
147972,8.17033E+18,8,2,31,0,2017,3,18,3,3,2,6,0,1,0,0,0,0,0,4.78703E+20,5.4151E+21,8.70948E+15,4.88885E+16
147973,8.17033E+18,8,2,36,11,2017,3,13,3,3,5,3,0,1,0,0,1,0,0,4.75832E+20,5.42176E+21,8.66991E+15,4.89483E+16
147974,8.17033E+18,8,2,26,82,2017,3,10,3,2,6,7,1,0,1,0,0,0,0,4.74746E+20,5.47974E+21,8.65144E+15,4.94698E+16
147975,8.17033E+18,8,2,22,0,2017,3,15,3,2,0,1,0,0,0,1,0,0,0,4.646E+20,5.47727E+21,8.51163E+15,4.94471E+16
147976,8.17033E+18,8,2,22,0,2017,3,12,3,3,2,6,0,1,0,0,0,0,0,4.65157E+20,5.48271E+21,8.51883E+15,4.94961E+16
147977,8.17033E+18,8,2,21,0,2017,3,9,3,3,6,6,0,1,1,0,0,0,0,4.78433E+20,5.47321E+21,8.70268E+15,4.94112E+16
147978,8.17033E+18,8,2,26,95,2017,3,15,3,2,2,6,0,1,0,1,0,0,0,4.75314E+20,5.46001E+21,8.6605E+15,4.92923E+16
147979,8.17033E+18,8,2,12,0,2017,3,18,3,3,5,3,0,1,0,0,0,0,0,4.60395E+20,5.43083E+21,8.45821E+15,4.90291E+16
147980,8.17033E+18,8,2,12,0,2017,3,19,3,3,2,2,1,1,0,0,0,0,0,4.55694E+20,5.42853E+21,8.39415E+15,4.90081E+16
147981,8.17033E+18,8,1,18,51,2017,3,0,3,2,1,1,0,1,0,0,1,2,0,5.10395E+20,5.41537E+21,9.14182E+15,4.88912E+16
147982,8.17033E+18,8,1,36,88,2017,3,17,3,3,2,6,0,1,0,0,1,0,0,5.80035E+20,5.4096E+21,1.00906E+16,4.88342E+16
147983,8.17033E+18,8,1,28,139,2017,3,15,3,3,0,5,1,1,0,0,0,0,0,5.50802E+20,5.49132E+21,9.70266E+15,4.95723E+16
147984,8.17033E+18,8,1,28,6,2017,3,15,3,2,6,7,0,1,1,0,0,0,0,5.49361E+20,5.47509E+21,9.68069E+15,4.94265E+16