OBJECTID,UIDENTSTLA,ULAND,UREGBEZ,UKREIS,UGEMEINDE,UJAHR,UMONAT,USTUNDE,UWOCHENTAG,UKATEGORIE,UART,UTYP1,IstRad,IstPKW,IstFuss,IstKrad,IstSonstig,LICHT,STRZUSTAND,LINREFX,LINREFY,XGCSWGS84,YGCSWGS84
147985,8.17033E+18,8,1,27,43,2017,3,11,3,3,0,1,0,0,0,0,1,0,0,5.69133E+20,5.44721E+21,9.94849E+15,4.91738E+16
147986,8.17033E+18,8,1,26,46,2017,3,20,3,3,6,7,0,1,1,0,0,2,0,5.49776E+20,5.45852E+21,9.68434E+15,4.92774E+16
147987,8.17033E+18,8,1,21,0,2017,3,18,3,3,0,7,0,0,0,0,1,0,0,5.14015E+20,5.44262E+21,9.19213E+15,4.91362E+16
147988,8.17033E+18,8,1,19,91,2017,3,17,3,3,6,4,0,1,1,0,0,0,0,5.28401E+20,5.40633E+21,9.38683E+15,4.88093E+16
147989,8.17033E+18,8,1,18,49,2017,3,9,3,3,0,7,0,0,1,0,1,0,0,5.19375E+20,5.42119E+21,9.26459E+15,4.89434E+16
147990,8.17033E+18,8,1,18,79,2017,3,15,3,3,3,6,0,1,0,1,0,0,0,5.07924E+20,5.42144E+21,9.10821E+15,4.89458E+16
147991,8.17033E+18,8,1,18,79,2017,3,15,3,3,5,3,1,0,0,0,1,0,0,5.10161E+20,5.4214E+21,9.13877E+15,4.89455E+16
147992,8.17033E+18,8,1,15,41,2017,3,16,3,3,2,6,0,1,0,0,0,0,0,4.94929E+20,5.4031E+21,8.93097E+15,4.87809E+16
147993,8.17033E+18,8,1,11,0,2017,3,8,3,3,2,6,0,1,0,0,0,0,0,5.12806E+20,5.40518E+21,9.17438E+15,4.87994E+16
147994,8.17033E+18,8,1,11,0,2017,3,8,3,3,2,6,1,1,0,0,0,0,0,5.09226E+20,5.39753E+21,9.12546E+15,4.87307E+16
147995,8.17033E+18,8,4,21,0,2017,3,7,2,2,5,3,1,1,0,0,0,0,0,5.72878E+20,5.35684E+21,9.98386E+15,4.83605E+16
147996,8.17033E+18,8,4,15,61,2017,3,7,2,3,5,3,0,1,0,0,0,0,0,5.1525E+20,5.37522E+21,9.20657E+15,4.85299E+16
147997,8.17033E+18,8,3,35,75,2017,3,16,2,3,6,2,0,0,1,0,1,0,0,4.91157E+20,5.28878E+21,8.88202E+15,4.77523E+16
147998,8.17033E+18,8,3,26,12,2017,3,15,2,3,0,1,1,0,0,0,0,0,0,4.6305E+20,5.30978E+21,8.50523E+15,4.79403E+16
147999,8.17033E+18,8,3,25,49,2017,3,14,2,3,5,3,0,1,0,0,0,0,0,4.73885E+20,5.33214E+21,8.64894E+15,4.8142E+16
148000,8.17033E+18,8,4,17,31,2017,3,14,2,2,6,4,0,1,1,0,0,0,0,4.97387E+20,5.35498E+21,8.96473E+15,4.8348E+16
148001,8.17033E+18,8,3,17,57,2017,3,8,2,3,5,5,0,1,0,1,0,0,0,4.12784E+20,5.37995E+21,7.81781E+15,4.85666E+16
148002,8.17033E+18,8,3,15,6,2017,3,8,2,3,4,2,0,1,0,1,0,0,0,4.03532E+20,5.30679E+21,7.70909E+15,4.79072E+16
148003,8.17033E+18,8,2,15,9,2017,3,17,2,2,0,6,1,1,0,0,0,0,0,4.71837E+20,5.44084E+21,8.61403E+15,4.91198E+16
148004,8.17033E+18,8,2,12,0,2017,3,12,2,3,5,2,1,0,0,0,1,0,0,4.54954E+20,5.43085E+21,8.38378E+15,4.90289E+16
148005,8.17033E+18,8,2,12,0,2017,3,21,2,3,5,3,1,0,0,0,1,2,0,4.55318E+20,5.42882E+21,8.38897E+15,4.90106E+16
148006,8.17033E+18,8,2,36,76,2017,3,5,2,3,1,6,0,1,0,0,0,2,0,4.7302E+20,5.42318E+21,8.63141E+15,4.8961E+16
148007,8.17033E+18,8,2,36,46,2017,3,17,2,2,5,3,0,1,0,1,0,0,0,4.84342E+20,5.41722E+21,8.78632E+15,4.89077E+16
148008,8.17033E+18,8,2,26,95,2017,3,16,2,2,5,3,0,1,0,1,0,0,0,4.7432E+20,5.46116E+21,8.64676E+15,4.93027E+16
148009,8.17033E+18,8,2,26,96,2017,3,7,2,3,6,2,0,1,1,0,0,1,0,4.76118E+20,5.48962E+21,8.66978E+15,4.95587E+16
148010,8.17033E+18,8,2,26,85,2017,3,16,2,3,2,6,0,1,0,0,1,0,0,4.94082E+20,5.45193E+21,8.91874E+15,4.92201E+16
148011,8.17033E+18,8,2,25,109,2017,3,7,2,3,0,3,1,1,0,0,0,0,0,5.25864E+20,5.49235E+21,9.35781E+15,4.95832E+16
148012,8.17033E+18,8,2,22,0,2017,3,10,2,3,5,3,1,1,0,0,0,0,0,4.61805E+20,5.48318E+21,8.4725E+15,4.95001E+16
148013,8.17033E+18,8,2,22,0,2017,3,15,2,3,0,7,1,0,0,0,0,0,0,4.67547E+20,5.4797E+21,8.55208E+15,4.9469E+16
148014,8.17033E+18,8,2,22,0,2017,3,7,2,3,6,4,0,1,1,0,0,0,0,4.63449E+20,5.48688E+21,8.49486E+15,4.95334E+16
148015,8.17033E+18,8,2,26,18,2017,3,8,2,3,4,2,0,1,0,0,0,0,0,4.73374E+20,5.47165E+21,8.63304E+15,4.9397E+16
148016,8.17033E+18,8,2,21,0,2017,3,18,2,3,5,3,0,1,0,0,0,0,0,4.75672E+20,5.47232E+21,8.66467E+15,4.9403E+16
148017,8.17033E+18,8,2,21,0,2017,3,7,2,3,0,7,1,0,0,0,0,1,0,4.79102E+20,5.47336E+21,8.7119E+15,4.94126E+16
148018,8.17033E+18,8,2,15,21,2017,3,17,2,3,0,6,1,0,0,1,0,0,0,4.69257E+20,5.4442E+21,8.57841E+15,4.91498E+16
148019,8.17033E+18,8,2,15,109,2017,3,17,2,3,0,6,1,0,0,0,1,0,0,4.61698E+20,5.43508E+21,8.47562E+15,4.90673E+16
148020,8.17033E+18,8,2,11,0,2017,3,6,2,3,5,3,0,1,0,1,0,2,0,4.40791E+20,5.40411E+21,8.19392E+15,4.87872E+16
148021,8.17033E+18,8,1,36,19,2017,3,11,2,3,0,3,1,1,0,0,0,0,0,5.87571E+20,5.42306E+21,1.01962E+16,4.89542E+16
148022,8.17033E+18,8,1,36,88,2017,3,17,2,3,0,1,1,0,0,0,0,0,0,5.80163E+20,5.41097E+21,1.00926E+16,4.88466E+16
148023,8.17033E+18,8,1,25,30,2017,3,17,2,2,6,4,1,0,1,0,0,0,0,5.16322E+20,5.4387E+21,9.2236E+15,4.91009E+16
148024,8.17033E+18,8,1,25,102,2017,3,16,2,3,6,4,0,0,1,0,1,0,0,5.22346E+20,5.44407E+21,9.30643E+15,4.9149E+16
148025,8.17033E+18,8,1,25,56,2017,3,16,2,3,6,2,0,1,1,0,0,0,0,5.10775E+20,5.43592E+21,9.14753E+15,4.90761E+16
148026,8.17033E+18,8,1,19,76,2017,3,9,2,3,0,7,0,0,1,0,1,0,0,5.42258E+20,5.40726E+21,9.57564E+15,4.88169E+16
148027,8.17033E+18,8,1,19,20,2017,3,17,2,3,2,2,0,1,0,0,0,0,0,5.1995E+20,5.40749E+21,9.27178E+15,4.88201E+16
148028,8.17033E+18,8,1,18,68,2017,3,9,2,3,5,3,0,1,0,0,0,0,0,5.01358E+20,5.42236E+21,9.01855E+15,4.89542E+16
148029,8.17033E+18,8,1,18,48,2017,3,7,2,3,5,3,0,1,0,0,0,0,0,5.16086E+20,5.41827E+21,9.21956E+15,4.89171E+16
148030,8.17033E+18,8,1,17,26,2017,3,14,2,3,5,3,0,1,0,1,0,0,0,5.48441E+20,5.39441E+21,9.65835E+15,4.87008E+16
148031,8.17033E+18,8,1,15,44,2017,3,10,2,3,0,1,1,0,0,0,0,0,0,5.04625E+20,5.38946E+21,9.06281E+15,4.86581E+16
148032,8.17033E+18,8,1,11,0,2017,3,13,2,3,2,2,0,1,0,0,0,0,0,5.1262E+20,5.40714E+21,9.17191E+15,4.88171E+16
148033,8.17033E+18,8,1,11,0,2017,3,7,2,3,5,2,1,1,0,0,0,0,0,5.13382E+20,5.40564E+21,9.18225E+15,4.88036E+16
148034,8.17033E+18,8,4,16,41,2017,3,17,1,3,0,7,1,0,0,0,0,0,0,5.04448E+20,5.37185E+21,9.06021E+15,4.84998E+16
148035,8.17033E+18,8,3,27,11,2017,3,17,1,3,8,1,0,0,0,1,0,0,0,4.8496E+20,5.32244E+21,8.79816E+15,4.8055E+16
148036,8.17033E+18,8,2,37,19,2017,3,11,1,1,5,3,0,1,0,0,1,0,0,4.61821E+20,5.36902E+21,8.48344E+15,4.84732E+16
148037,8.17033E+18,8,3,17,89,2017,3,10,1,3,2,6,0,1,0,0,0,0,0,4.30771E+20,5.37562E+21,8.06229E+15,4.85299E+16
148038,8.17033E+18,8,3,11,0,2017,3,13,1,2,2,6,0,0,0,1,1,0,0,4.13162E+20,5.31562E+21,7.83615E+15,4.7988E+16
148039,8.17033E+18,8,3,11,0,2017,3,14,1,3,0,1,1,0,0,0,0,0,0,4.12907E+20,5.31624E+21,7.8326E+15,4.79935E+16
148040,8.17033E+18,8,2,31,0,2017,3,10,1,3,5,3,1,0,0,0,1,0,0,4.78264E+20,5.41515E+21,8.70349E+15,4.88889E+16
148041,8.17033E+18,8,2,26,32,2017,3,8,1,2,0,7,1,1,0,0,0,0,0,4.67954E+20,5.46398E+21,8.55897E+15,4.93277E+16
148042,8.17033E+18,8,2,22,0,2017,3,14,1,2,6,7,0,0,1,0,1,0,0,4.63354E+20,5.48167E+21,8.49402E+15,4.94866E+16
148043,8.17033E+18,8,2,22,0,2017,3,19,1,2,0,7,1,0,0,0,0,0,0,4.66188E+20,5.47479E+21,8.53375E+15,4.94249E+16
148044,8.17033E+18,8,2,16,9,2017,3,4,1,3,6,7,0,1,1,0,0,2,0,4.46303E+20,5.41981E+21,8.26689E+15,4.89289E+16
148045,8.17033E+18,8,2,16,43,2017,3,13,1,3,5,3,1,1,0,0,0,0,0,4.41682E+20,5.41361E+21,8.2047E+15,4.88727E+16
148046,8.17033E+18,8,1,25,21,2017,3,20,1,3,6,7,0,1,1,0,0,2,0,5.25229E+20,5.44742E+21,9.34617E+15,4.91791E+16
148047,8.17033E+18,8,1,21,0,2017,3,10,1,3,0,1,0,1,1,0,0,0,0,5.16562E+20,5.44292E+21,9.22707E+15,4.91389E+16
148048,8.17033E+18,8,1,19,1,2017,3,8,1,2,8,1,0,1,0,0,0,0,0,5.55186E+20,5.41035E+21,9.75215E+15,4.88436E+16
148049,8.17033E+18,8,1,18,48,2017,3,17,1,3,6,7,0,1,1,0,0,0,0,5.14035E+20,5.41616E+21,9.1915E+15,4.88983E+16
148050,8.17033E+18,8,1,18,48,2017,3,1,1,3,1,5,0,1,0,1,0,2,0,5.14005E+20,5.41593E+21,9.19108E+15,4.88962E+16
148051,8.17033E+18,8,1,16,33,2017,3,16,1,3,5,3,1,1,0,0,0,0,0,5.35642E+20,5.38754E+21,9.48382E+15,4.86399E+16
148052,8.17033E+18,8,1,11,0,2017,3,18,1,3,5,3,0,1,0,0,0,0,0,5.17365E+20,5.40533E+21,9.23647E+15,4.88007E+16
148053,8.17033E+18,8,4,36,10,2017,3,15,7,2,5,3,0,1,0,1,0,0,0,5.66737E+20,5.30636E+21,9.89306E+15,4.79071E+16
148054,8.17033E+18,8,4,35,24,2017,3,13,7,3,5,3,0,1,0,0,0,0,0,5.26315E+20,5.27987E+21,9.35055E+15,4.76717E+16
148055,8.17033E+18,8,4,25,31,2017,3,14,7,3,8,1,0,1,0,0,0,0,0,5.70532E+20,5.36738E+21,9.95397E+15,4.84556E+16
148056,8.17033E+18,8,4,17,79,2017,3,14,7,3,5,3,1,1,0,0,0,0,0,5.03163E+20,5.3392E+21,9.04257E+15,4.8206E+16
148057,8.17033E+18,8,3,37,62,2017,3,10,7,2,8,1,0,0,0,1,0,0,0,4.55722E+20,5.278E+21,8.41036E+15,4.76539E+16
148058,8.17033E+18,8,3,36,50,2017,3,20,7,3,5,3,0,1,0,0,0,2,0,3.99355E+20,5.27345E+21,7.66093E+15,4.76066E+16
148059,8.17033E+18,8,3,35,43,2017,3,2,7,3,0,7,1,0,0,0,0,2,0,5.12298E+20,5.28066E+21,9.16385E+15,4.76792E+16
148060,8.17033E+18,8,3,26,12,2017,3,16,7,3,9,1,0,0,0,1,0,0,0,4.62817E+20,5.31061E+21,8.50204E+15,4.79477E+16
148061,8.17033E+18,8,3,17,102,2017,3,12,7,3,8,1,1,0,0,0,0,0,0,4.35656E+20,5.3794E+21,8.12786E+15,4.85644E+16
148062,8.17033E+18,8,3,17,75,2017,3,10,7,2,0,7,0,0,0,0,1,0,0,4.09586E+20,5.36341E+21,7.77804E+15,4.84173E+16
148063,8.17033E+18,8,3,15,6,2017,3,12,7,3,0,3,1,1,0,0,0,0,0,4.03503E+20,5.30855E+21,7.7083E+15,4.7923E+16
148064,8.17033E+18,8,3,11,0,2017,3,8,7,3,5,3,0,1,0,0,1,0,0,4.14858E+20,5.31941E+21,7.85811E+15,4.80223E+16
148065,8.17033E+18,8,2,31,0,2017,3,12,7,2,5,3,1,0,0,1,0,0,0,4.78124E+20,5.41528E+21,8.70157E+15,4.88901E+16
148066,8.17033E+18,8,2,26,76,2017,3,9,7,3,5,3,1,1,0,0,0,0,0,4.75211E+20,5.4656E+21,8.65874E+15,4.93426E+16
148067,8.17033E+18,8,2,26,95,2017,3,10,7,3,3,6,1,0,0,0,0,0,0,4.74066E+20,5.46108E+21,8.64327E+15,4.93019E+16
148068,8.17033E+18,8,2,26,85,2017,3,8,7,3,2,6,0,1,0,0,0,0,0,4.91848E+20,5.45457E+21,8.888E+15,4.92438E+16
148069,8.17033E+18,8,2,22,0,2017,3,14,7,3,4,6,1,0,0,0,0,0,0,4.61724E+20,5.48246E+21,8.47145E+15,4.94936E+16
148070,8.17033E+18,8,2,12,0,2017,3,19,7,3,1,5,1,1,0,0,0,2,0,4.59074E+20,5.42871E+21,8.44034E+15,4.90099E+16
148071,8.17033E+18,8,1,35,19,2017,3,16,7,2,5,2,0,1,0,0,0,0,0,5.85326E+20,5.3944E+21,1.01596E+16,4.86968E+16
148072,8.17033E+18,8,1,26,58,2017,3,14,7,3,5,3,0,1,0,1,0,0,0,5.42827E+20,5.45119E+21,9.58804E+15,4.9212E+16
148073,8.17033E+18,8,1,25,65,2017,3,9,7,3,5,3,0,1,0,0,0,0,0,5.16247E+20,5.44834E+21,9.22296E+15,4.91876E+16
148074,8.17033E+18,8,1,21,0,2017,3,11,7,3,5,3,1,1,0,0,0,0,0,5.14314E+20,5.44061E+21,9.19616E+15,4.91181E+16
148075,8.17033E+18,8,1,19,84,2017,3,16,7,3,5,3,0,1,0,0,0,0,0,5.46202E+20,5.41315E+21,9.63003E+15,4.88696E+16
148076,8.17033E+18,8,1,19,20,2017,3,12,7,3,2,6,0,1,0,0,0,0,0,5.20638E+20,5.40698E+21,9.28113E+15,4.88154E+16
148077,8.17033E+18,8,1,18,48,2017,3,17,7,3,0,7,1,0,0,0,0,0,0,5.14356E+20,5.41561E+21,9.19586E+15,4.88933E+16
148078,8.17033E+18,8,1,18,11,2017,3,22,7,3,9,1,0,1,1,0,0,2,0,5.02561E+20,5.40942E+21,9.03491E+15,4.88378E+16
148079,8.17033E+18,8,1,18,11,2017,3,7,7,3,5,3,1,1,0,0,0,0,0,5.05446E+20,5.40826E+21,9.0742E+15,4.88273E+16
148080,8.17033E+18,8,1,17,24,2017,3,13,7,3,5,3,0,1,0,0,0,0,0,5.60805E+20,5.3858E+21,9.82511E+15,4.86223E+16
148081,8.17033E+18,8,1,16,49,2017,3,11,7,3,2,6,0,1,0,0,0,0,0,5.2427E+20,5.38738E+21,9.32945E+15,4.8639E+16
148082,8.17033E+18,8,1,16,49,2017,3,17,7,3,2,6,0,1,0,1,0,0,0,5.24594E+20,5.38613E+21,9.33377E+15,4.86278E+16
148083,8.17033E+18,8,1,16,33,2017,3,11,7,3,0,7,1,0,0,0,0,0,0,5.3313E+20,5.38778E+21,9.44973E+15,4.86422E+16
148084,8.17033E+18,8,1,16,15,2017,3,13,7,3,5,3,0,1,0,0,0,0,0,5.2357E+20,5.39387E+21,9.32031E+15,4.86974E+16
148085,8.17033E+18,8,1,15,3,2017,3,12,7,3,5,3,1,1,0,0,0,0,0,5.0037E+20,5.39043E+21,9.00503E+15,4.86669E+16
148086,8.17033E+18,8,1,15,24,2017,3,10,7,3,2,6,0,1,0,0,0,0,0,5.0069E+20,5.38816E+21,9.00937E+15,4.86465E+16
148087,8.17033E+18,8,1,11,0,2017,3,19,7,2,5,2,0,1,0,0,1,2,0,5.14958E+20,5.40459E+21,9.20366E+15,4.87941E+16
148088,8.17033E+18,8,1,11,0,2017,3,21,7,3,6,4,0,1,1,0,0,2,0,5.1282E+20,5.40252E+21,9.1745E+15,4.87756E+16
148089,8.17032E+18,8,4,36,82,2017,3,16,6,3,6,7,0,1,1,0,0,0,0,5.48133E+20,5.29538E+21,9.6429E+15,4.781E+16
148090,8.17032E+18,8,4,35,52,2017,3,12,6,2,0,7,1,0,0,0,0,0,0,5.25742E+20,5.29442E+21,9.34377E+15,4.78026E+16
148091,8.17032E+18,8,4,26,13,2017,3,16,6,3,5,2,0,0,0,1,1,0,0,5.44962E+20,5.32331E+21,9.60346E+15,4.80615E+16
148092,8.17032E+18,8,1,35,15,2017,3,22,6,2,8,1,0,1,0,0,0,2,0,5.76242E+20,5.38485E+21,1.00344E+16,4.86121E+16
148093,8.17032E+18,8,3,35,43,2017,3,15,6,3,6,4,0,1,1,0,0,0,0,5.1268E+20,5.28013E+21,9.16892E+15,4.76744E+16
148094,8.17032E+18,8,3,35,75,2017,3,14,6,3,5,3,0,1,0,0,0,0,0,4.88849E+20,5.2893E+21,8.85121E+15,4.77569E+16
148095,8.17032E+18,8,3,17,34,2017,3,12,6,3,6,6,1,0,1,0,0,0,0,4.27171E+20,5.36182E+21,8.01594E+15,4.84054E+16
148096,8.17032E+18,8,3,17,26,2017,3,8,6,3,6,7,0,0,1,0,1,0,0,4.11848E+20,5.34573E+21,7.81231E+15,4.82587E+16
148097,8.17032E+18,8,3,17,56,2017,3,20,6,2,5,3,0,1,0,1,0,2,0,4.3479E+20,5.38279E+21,8.1156E+15,4.85948E+16
148098,8.17032E+18,8,3,17,57,2017,3,19,6,2,5,5,1,1,0,0,0,2,0,4.13418E+20,5.373E+21,7.82783E+15,4.85042E+16
148099,8.17032E+18,8,2,35,46,2017,3,11,6,3,0,1,0,0,0,1,0,0,0,4.79577E+20,5.37503E+21,8.72338E+15,4.8528E+16
148100,8.17032E+18,8,2,26,95,2017,3,13,6,3,5,3,1,0,0,0,0,0,0,4.7383E+20,5.46121E+21,8.64001E+15,4.93031E+16
148101,8.17032E+18,8,2,22,0,2017,3,10,6,3,4,3,1,0,0,0,0,0,0,4.61956E+20,5.48275E+21,8.47463E+15,4.94962E+16
148102,8.17032E+18,8,2,16,43,2017,3,14,6,3,5,2,0,1,0,0,0,0,0,4.4123E+20,5.41239E+21,8.19871E+15,4.88617E+16
148103,8.17032E+18,8,2,16,43,2017,3,9,6,3,5,3,0,1,0,0,0,0,0,4.42589E+20,5.4104E+21,8.21751E+15,4.88439E+16
148104,8.17032E+18,8,2,15,7,2017,3,19,6,3,5,3,0,1,0,0,0,2,0,4.77238E+20,5.43193E+21,8.68855E+15,4.90398E+16
148105,8.17032E+18,8,2,15,17,2017,3,13,6,3,0,1,1,0,0,0,0,0,0,4.57258E+20,5.42089E+21,8.41634E+15,4.89395E+16
148106,8.17032E+18,8,2,12,0,2017,3,9,6,3,1,6,0,1,0,0,0,0,0,4.5687E+20,5.4286E+21,8.41023E+15,4.90088E+16
148107,8.17032E+18,8,2,12,0,2017,3,11,6,3,2,2,0,1,0,0,1,0,0,4.55073E+20,5.42749E+21,8.38577E+15,4.89987E+16
148108,8.17032E+18,8,2,16,15,2017,3,17,6,3,5,3,0,1,0,1,0,0,0,4.49859E+20,5.40583E+21,8.31716E+15,4.88035E+16
148109,8.17032E+18,8,1,18,81,2017,3,18,6,2,0,7,0,0,0,1,1,1,1,5.19125E+20,5.41301E+21,9.26079E+15,4.88697E+16
148110,8.17032E+18,8,1,25,46,2017,3,14,6,3,5,3,1,1,0,0,0,0,0,5.19608E+20,5.43332E+21,9.26837E+15,4.90524E+16
148111,8.17032E+18,8,1,19,86,2017,3,13,6,3,1,2,1,1,0,0,0,0,0,5.35109E+20,5.40526E+21,9.47809E+15,4.87993E+16
148112,8.17032E+18,8,1,19,8,2017,3,13,6,3,5,3,0,1,0,1,0,0,0,5.32478E+20,5.42032E+21,9.44347E+15,4.89349E+16
148113,8.17032E+18,8,1,17,26,2017,3,12,6,3,0,1,1,0,0,0,0,0,0,5.48109E+20,5.39431E+21,9.65382E+15,4.87E+16
148114,8.17032E+18,8,1,17,24,2017,3,14,6,3,5,3,1,1,0,0,0,0,0,5.60209E+20,5.38533E+21,9.81696E+15,4.86181E+16
148115,8.17032E+18,8,1,16,79,2017,3,16,6,3,0,7,0,0,0,1,0,0,0,5.36205E+20,5.37469E+21,9.49033E+15,4.85243E+16
148116,8.17032E+18,8,1,16,77,2017,3,11,6,3,5,3,0,1,0,0,0,0,0,5.18442E+20,5.3888E+21,9.2504E+15,4.8652E+16
148117,8.17032E+18,8,1,16,58,2017,3,12,6,3,5,3,0,1,0,0,0,0,0,5.33685E+20,5.39515E+21,9.45787E+15,4.87084E+16
148118,8.17032E+18,8,1,15,45,2017,3,14,6,3,2,6,0,1,0,0,0,0,0,4.99953E+20,5.39639E+21,8.99936E+15,4.87206E+16
148119,8.17032E+18,8,1,15,28,2017,3,15,6,3,2,3,0,1,0,0,0,0,0,5.01816E+20,5.40373E+21,9.02473E+15,4.87866E+16
148120,8.17032E+18,8,1,11,0,2017,3,19,6,3,3,6,0,1,0,1,0,2,0,5.12556E+20,5.40727E+21,9.17105E+15,4.88183E+16
148121,8.17032E+18,8,1,11,0,2017,3,7,6,3,5,3,0,1,0,0,0,0,0,5.09421E+20,5.39865E+21,9.12814E+15,4.87408E+16
148122,8.17032E+18,8,1,11,0,2017,3,12,6,3,6,4,0,1,1,0,0,0,0,5.12419E+20,5.40284E+21,9.16904E+15,4.87784E+16
148123,8.17032E+18,8,4,37,104,2017,3,15,5,3,5,3,0,1,0,1,0,0,0,5.15918E+20,5.32646E+21,9.21376E+15,4.80912E+16
148124,8.17032E+18,8,4,26,70,2017,3,18,5,3,6,4,0,0,1,0,1,0,0,5.6657E+20,5.34335E+21,9.89658E+15,4.82398E+16
148125,8.17032E+18,8,4,21,0,2017,3,16,5,3,6,4,0,1,1,0,0,0,0,5.73279E+20,5.3617E+21,9.99012E+15,4.84042E+16
148126,8.17032E+18,8,4,21,0,2017,3,17,5,3,0,6,1,1,0,0,0,0,0,5.73771E+20,5.36119E+21,9.99668E+15,4.83996E+16
148127,8.17032E+18,8,4,16,41,2017,3,14,5,3,5,3,1,1,0,0,0,0,0,5.03692E+20,5.37496E+21,9.05E+15,4.85278E+16
148128,8.17032E+18,8,4,15,29,2017,3,10,5,3,0,1,1,0,0,0,0,0,0,5.22661E+20,5.37896E+21,9.30714E+15,4.85633E+16
148129,8.17032E+18,8,3,37,126,2017,3,10,5,3,0,7,0,1,0,0,0,0,0,4.41241E+20,5.2745E+21,8.218E+15,4.76212E+16
148130,8.17032E+18,8,3,35,75,2017,3,18,5,3,9,6,0,1,0,1,0,0,0,4.88394E+20,5.28874E+21,8.84515E+15,4.7752E+16
148131,8.17032E+18,8,3,27,36,2017,3,17,5,3,1,5,1,1,0,0,0,0,0,4.90742E+20,5.31884E+21,8.87584E+15,4.80228E+16
148132,8.17032E+18,8,3,26,17,2017,3,17,5,3,2,6,0,1,0,0,0,0,0,4.39735E+20,5.32164E+21,8.1914E+15,4.80452E+16
148133,8.17032E+18,8,3,17,145,2017,3,13,5,3,0,1,1,0,0,0,0,0,0,4.46045E+20,5.34883E+21,8.27261E+15,4.82904E+16
148134,8.17032E+18,8,3,11,0,2017,3,17,5,3,3,2,1,1,0,0,0,0,0,4.1453E+20,5.31602E+21,7.8544E+15,4.79918E+16
148135,8.17032E+18,8,3,15,15,2017,3,8,5,3,5,3,0,1,0,1,0,0,0,3.94838E+20,5.3203E+21,7.58947E+15,4.80274E+16
148136,8.17032E+18,8,3,11,0,2017,3,16,5,3,5,3,0,1,0,0,1,0,0,4.14113E+20,5.31795E+21,7.84842E+15,4.8009E+16
148137,8.17032E+18,8,3,15,47,2017,3,16,5,3,0,2,1,1,0,0,0,0,0,4.15709E+20,5.32174E+21,7.86907E+15,4.80434E+16
148138,8.17032E+18,8,3,11,0,2017,3,16,5,3,2,6,0,1,0,0,0,0,0,4.12625E+20,5.31572E+21,7.82893E+15,4.79888E+16
148139,8.17032E+18,8,2,12,0,2017,3,13,5,3,0,3,0,1,0,1,0,0,0,4.5982E+20,5.42709E+21,8.45071E+15,4.89954E+16
148140,8.17032E+18,8,2,31,0,2017,3,12,5,3,5,3,0,1,0,0,0,0,0,4.75073E+20,5.41446E+21,8.66E+15,4.88826E+16
148141,8.17032E+18,8,2,31,0,2017,3,14,5,3,2,6,0,1,0,0,0,0,0,4.79055E+20,5.41565E+21,8.71425E+15,4.88935E+16
148142,8.17032E+18,8,2,26,32,2017,3,12,5,3,2,6,0,1,0,0,0,0,0,4.67161E+20,5.46286E+21,8.54815E+15,4.93176E+16
148143,8.17032E+18,8,2,22,0,2017,3,15,5,3,0,2,1,0,0,0,0,0,0,4.6217E+20,5.48056E+21,8.47779E+15,4.94766E+16
148144,8.17032E+18,8,2,22,0,2017,3,23,5,3,4,2,0,1,0,0,0,2,0,4.64598E+20,5.47807E+21,8.51153E+15,4.94542E+16
148145,8.17032E+18,8,2,26,38,2017,3,10,5,3,0,5,0,1,0,0,1,0,0,4.71754E+20,5.47949E+21,8.61016E+15,4.94674E+16
148146,8.17032E+18,8,2,16,17,2017,3,12,5,3,1,7,0,1,0,0,1,0,0,4.51659E+20,5.40255E+21,8.34205E+15,4.8774E+16
148147,8.17032E+18,8,2,15,90,2017,3,8,5,3,2,6,0,1,0,0,0,0,0,4.65046E+20,5.43388E+21,8.52157E+15,4.90568E+16
148148,8.17032E+18,8,1,21,0,2017,3,7,5,3,6,4,0,0,1,1,0,0,0,5.13207E+20,5.44368E+21,9.18109E+15,4.91458E+16
148149,8.17032E+18,8,1,19,90,2017,3,5,5,2,0,1,1,0,0,0,0,1,0,5.30689E+20,5.40648E+21,9.418E+15,4.88105E+16
148150,8.17032E+18,8,1,19,44,2017,3,16,5,3,6,7,0,1,1,0,0,0,0,5.42262E+20,5.42568E+21,9.5776E+15,4.89825E+16
148151,8.17032E+18,8,1,18,3,2017,3,13,5,3,5,2,0,1,0,0,0,0,0,5.10293E+20,5.41708E+21,9.14046E+15,4.89066E+16
148152,8.17032E+18,8,1,18,18,2017,3,14,5,3,5,3,1,1,0,0,0,0,0,5.11339E+20,5.43107E+21,9.15513E+15,4.90324E+16
148153,8.17032E+18,8,1,16,33,2017,3,12,5,3,5,3,1,1,0,0,0,0,0,5.32436E+20,5.38822E+21,9.44035E+15,4.86462E+16
148154,8.17032E+18,8,1,16,46,2017,3,15,5,3,0,7,1,1,0,0,0,0,0,5.27182E+20,5.37902E+21,9.36842E+15,4.85637E+16
148155,8.17032E+18,8,1,16,78,2017,3,16,5,3,3,6,1,0,0,0,0,0,0,5.12022E+20,5.39262E+21,9.16334E+15,4.86865E+16
148156,8.17032E+18,8,1,15,41,2017,3,6,5,3,5,3,1,1,0,0,0,0,0,4.95531E+20,5.4024E+21,8.93918E+15,4.87746E+16