OBJECTID,UIDENTSTLA,ULAND,UREGBEZ,UKREIS,UGEMEINDE,UJAHR,UMONAT,USTUNDE,UWOCHENTAG,UKATEGORIE,UART,UTYP1,IstRad,IstPKW,IstFuss,IstKrad,IstSonstig,LICHT,STRZUSTAND,LINREFX,LINREFY,XGCSWGS84,YGCSWGS84
148157,8.17032E+18,8,1,11,0,2017,3,7,5,2,5,3,1,0,0,1,0,0,0,5.15829E+20,5.40523E+21,9.21555E+15,4.87998E+16
148158,8.17032E+18,8,1,11,0,2017,3,8,5,3,6,4,0,0,1,0,1,0,0,5.18318E+20,5.40155E+21,9.24929E+15,4.87667E+16
148159,8.17032E+18,8,4,35,57,2017,3,8,4,3,6,7,0,1,1,0,0,0,0,5.44279E+20,5.28018E+21,9.58988E+15,4.76735E+16
148160,8.17032E+18,8,4,21,0,2017,3,7,4,3,5,2,1,0,0,0,1,0,1,5.70637E+20,5.35786E+21,9.95378E+15,4.837E+16
148161,8.17032E+18,8,4,21,0,2017,3,8,4,3,0,2,0,0,0,1,1,0,1,5.74539E+20,5.36204E+21,1.00072E+16,4.84071E+16
148162,8.17032E+18,8,3,17,96,2017,3,8,4,3,5,3,0,1,0,0,0,0,1,4.22618E+20,5.3694E+21,7.95303E+15,4.8473E+16
148163,8.17032E+18,8,2,12,0,2017,3,8,4,3,1,5,0,0,0,0,1,0,0,4.51913E+20,5.42774E+21,8.34255E+15,4.90006E+16
148164,8.17032E+18,8,2,12,0,2017,3,13,4,3,5,2,0,1,0,1,0,0,0,4.57348E+20,5.42857E+21,8.41677E+15,4.90085E+16
148165,8.17032E+18,8,2,31,0,2017,3,7,4,3,2,6,0,1,0,0,0,0,1,4.7886E+20,5.41576E+21,8.71159E+15,4.88944E+16
148166,8.17032E+18,8,2,26,98,2017,3,7,4,3,4,6,0,1,0,0,0,0,1,4.76625E+20,5.46074E+21,8.67849E+15,4.92989E+16
148167,8.17032E+18,8,2,26,96,2017,3,7,4,3,1,6,0,1,0,0,0,0,0,4.76254E+20,5.48867E+21,8.67172E+15,4.95502E+16
148168,8.17032E+18,8,2,21,0,2017,3,7,4,3,5,2,1,1,0,0,0,0,1,4.75695E+20,5.47362E+21,8.66492E+15,4.94148E+16
148169,8.17032E+18,8,2,12,0,2017,3,17,4,3,2,6,0,1,0,0,0,0,0,4.55792E+20,5.42897E+21,8.39545E+15,4.90121E+16
148170,8.17032E+18,8,1,36,65,2017,3,7,4,2,6,4,0,0,1,0,1,0,1,5.62198E+20,5.40792E+21,9.84734E+15,4.88211E+16
148171,8.17032E+18,8,1,19,8,2017,3,13,4,3,5,2,1,1,0,0,0,0,0,5.31811E+20,5.42093E+21,9.43441E+15,4.89405E+16
148172,8.17032E+18,8,1,18,63,2017,3,16,4,3,2,6,0,1,0,0,0,0,0,5.15708E+20,5.42296E+21,9.21458E+15,4.89594E+16
148173,8.17032E+18,8,1,17,26,2017,3,17,4,2,5,3,0,1,0,1,0,0,0,5.48841E+20,5.39512E+21,9.66387E+15,4.87072E+16
148174,8.17032E+18,8,1,17,19,2017,3,8,4,3,1,7,0,1,0,0,0,0,1,5.51628E+20,5.39353E+21,9.70155E+15,4.86927E+16
148175,8.17032E+18,8,1,15,28,2017,3,7,4,3,2,6,0,1,0,0,1,0,1,5.01099E+20,5.40477E+21,9.01497E+15,4.87959E+16
148176,8.17032E+18,8,4,35,16,2017,3,12,3,3,5,2,0,1,0,0,0,0,0,5.33791E+20,5.27866E+21,9.45005E+15,4.76605E+16
148177,8.17032E+18,8,4,37,76,2017,3,16,3,2,5,3,1,1,0,0,0,0,0,5.24031E+20,5.32152E+21,9.32245E+15,4.80465E+16
148178,8.17032E+18,8,4,17,13,2017,3,14,3,3,6,6,0,0,1,1,0,0,0,5.08323E+20,5.34872E+21,9.11221E+15,4.82917E+16
148179,8.17032E+18,8,3,37,126,2017,3,15,3,2,5,2,0,1,0,1,0,0,0,4.41167E+20,5.27493E+21,8.21696E+15,4.76251E+16
148180,8.17032E+18,8,3,37,125,2017,3,7,3,2,5,3,0,1,0,1,0,0,0,4.48632E+20,5.27167E+21,8.31669E+15,4.75964E+16
148181,8.17032E+18,8,3,35,75,2017,3,21,3,3,5,3,1,1,0,0,0,2,0,4.88089E+20,5.29015E+21,8.84105E+15,4.77646E+16
148182,8.17032E+18,8,3,35,75,2017,3,13,3,3,0,4,0,0,1,0,1,0,0,4.87987E+20,5.29138E+21,8.83965E+15,4.77757E+16
148183,8.17032E+18,8,3,15,74,2017,3,9,3,3,5,3,0,1,0,0,1,0,0,3.95544E+20,5.29584E+21,7.60487E+15,4.78075E+16
148184,8.17032E+18,8,3,11,0,2017,3,8,3,3,6,1,0,0,1,0,1,0,0,4.04232E+20,5.3171E+21,7.71616E+15,4.8E+16
148185,8.17032E+18,8,3,11,0,2017,3,17,3,3,5,3,1,1,0,0,0,0,1,4.04306E+20,5.31621E+21,7.71734E+15,4.7992E+16
148186,8.17032E+18,8,3,11,0,2017,3,15,3,3,0,1,1,0,0,0,0,0,1,4.1411E+20,5.31618E+21,7.84873E+15,4.79931E+16
148187,8.17032E+18,8,2,15,9,2017,3,6,3,3,3,6,0,1,0,0,0,1,0,4.68014E+20,5.44137E+21,8.5616E+15,4.91243E+16
148188,8.17032E+18,8,2,12,0,2017,3,9,3,3,0,3,1,0,0,0,1,0,0,4.58074E+20,5.4284E+21,8.4267E+15,4.90071E+16
148189,8.17032E+18,8,2,12,0,2017,3,16,3,3,0,1,1,0,0,0,0,0,1,4.56503E+20,5.42806E+21,8.40527E+15,4.90039E+16
148190,8.17032E+18,8,2,22,0,2017,3,17,3,3,5,3,0,1,0,0,0,0,1,4.61296E+20,5.48147E+21,8.46564E+15,4.94846E+16
148191,8.17032E+18,8,2,22,0,2017,3,7,3,3,1,2,0,1,0,0,0,0,0,4.62081E+20,5.4841E+21,8.47622E+15,4.95083E+16
148192,8.17032E+18,8,2,22,0,2017,3,6,3,3,5,3,1,0,0,0,1,2,0,4.64667E+20,5.48575E+21,8.5118E+15,4.95233E+16
148193,8.17032E+18,8,2,22,0,2017,3,16,3,3,5,3,1,0,0,0,1,0,1,4.62246E+20,5.48205E+21,8.4787E+15,4.94899E+16
148194,8.17032E+18,8,2,26,98,2017,3,14,3,2,6,4,0,1,1,0,0,0,1,4.78573E+20,5.46048E+21,8.7053E+15,4.92967E+16
148195,8.17032E+18,8,2,16,43,2017,3,14,3,2,8,7,0,1,0,0,0,0,1,4.42336E+20,5.41274E+21,8.21374E+15,4.8865E+16
148196,8.17032E+18,8,2,15,106,2017,3,18,3,3,2,6,0,1,0,0,0,1,1,4.6529E+20,5.45113E+21,8.52341E+15,4.9212E+16
148197,8.17032E+18,8,2,12,0,2017,3,9,3,3,2,2,1,1,0,0,0,0,0,4.5391E+20,5.42949E+21,8.36965E+15,4.90165E+16
148198,8.17032E+18,8,2,11,0,2017,3,13,3,2,6,4,0,1,1,0,0,0,0,4.44321E+20,5.40121E+21,8.24238E+15,4.87614E+16
148199,8.17032E+18,8,1,36,65,2017,3,17,3,3,2,6,0,1,0,0,0,0,1,5.58352E+20,5.40516E+21,9.79456E+15,4.87967E+16
148200,8.17032E+18,8,1,36,88,2017,3,7,3,3,5,2,1,1,0,0,0,0,0,5.79837E+20,5.41001E+21,1.0088E+16,4.88379E+16
148201,8.1704E+18,8,2,26,32,2017,4,13,2,3,0,2,0,1,0,1,0,0,0,4.66741E+20,5.46346E+21,8.54231E+15,4.93229E+16
148202,8.1704E+18,8,2,22,0,2017,4,14,2,3,2,4,0,1,1,0,1,0,0,4.62577E+20,5.48468E+21,8.48301E+15,4.95136E+16
148203,8.1704E+18,8,2,16,7,2017,4,7,2,3,0,1,1,0,0,0,0,0,0,4.36154E+20,5.39389E+21,8.13239E+15,4.86948E+16
148204,8.1704E+18,8,2,16,43,2017,4,17,2,3,2,6,0,1,0,0,1,0,0,4.41589E+20,5.41149E+21,8.20374E+15,4.88536E+16
148205,8.1704E+18,8,2,15,17,2017,4,13,2,3,5,3,1,1,0,0,0,0,0,4.56392E+20,5.42102E+21,8.4045E+15,4.89406E+16
148206,8.1704E+18,8,1,36,88,2017,4,13,2,3,6,7,0,1,1,0,0,0,0,5.80061E+20,5.41003E+21,1.00911E+16,4.88381E+16
148207,8.1704E+18,8,1,36,88,2017,4,8,2,3,5,3,0,1,0,0,1,0,0,5.77753E+20,5.40918E+21,1.00595E+16,4.88307E+16
148208,8.1704E+18,8,3,11,0,2017,4,7,2,3,0,7,1,1,0,0,0,0,0,4.13415E+20,5.3155E+21,7.83955E+15,4.7987E+16
148209,8.1704E+18,8,3,11,0,2017,4,8,2,3,5,3,1,1,0,0,0,0,0,4.17206E+20,5.31571E+21,7.89032E+15,4.79894E+16
148210,8.1704E+18,8,1,35,19,2017,4,7,2,3,4,2,1,1,0,0,0,0,0,5.83835E+20,5.39251E+21,1.01389E+16,4.868E+16
148211,8.1704E+18,8,1,35,20,2017,4,7,2,3,5,2,1,1,0,0,0,0,0,5.86421E+20,5.38629E+21,1.01727E+16,4.86237E+16
148212,8.1704E+18,8,1,27,14,2017,4,16,2,3,5,3,0,1,0,0,0,0,0,5.7928E+20,5.44142E+21,1.00865E+16,4.91205E+16
148213,8.1704E+18,8,2,12,0,2017,4,12,2,3,3,6,0,1,0,0,1,0,0,4.56864E+20,5.42832E+21,8.41017E+15,4.90062E+16
148214,8.1704E+18,8,2,36,31,2017,4,9,2,3,0,7,0,1,1,0,0,0,0,4.8169E+20,5.42022E+21,8.75E+15,4.89347E+16
148215,8.1704E+18,8,2,26,91,2017,4,7,2,2,6,4,0,1,1,0,0,0,0,4.90965E+20,5.46038E+21,8.87573E+15,4.92961E+16
148216,8.1704E+18,8,1,21,0,2017,4,10,2,2,6,4,0,1,1,0,0,0,0,5.15624E+20,5.44334E+21,9.21422E+15,4.91427E+16
148217,8.1704E+18,8,1,21,0,2017,4,14,2,2,5,3,1,1,0,0,0,0,0,5.17053E+20,5.44332E+21,9.23382E+15,4.91424E+16
148218,8.1704E+18,8,1,25,1,2017,4,16,2,2,5,3,1,1,0,0,0,0,0,5.215E+20,5.43518E+21,9.29435E+15,4.90691E+16
148219,8.1704E+18,8,1,21,0,2017,4,11,2,3,5,3,0,1,0,0,0,0,0,5.16579E+20,5.44292E+21,9.22731E+15,4.91389E+16
148220,8.1704E+18,8,1,17,26,2017,4,17,2,3,2,6,0,1,0,0,0,0,0,5.49758E+20,5.3945E+21,9.67626E+15,4.87016E+16
148221,8.1704E+18,8,1,16,71,2017,4,7,2,3,5,3,1,1,0,0,0,0,0,5.27458E+20,5.39052E+21,9.37292E+15,4.86671E+16
148222,8.1704E+18,8,1,11,0,2017,4,6,2,2,5,3,1,1,0,0,0,0,0,5.13721E+20,5.40713E+21,9.18692E+15,4.8817E+16
148223,8.1704E+18,8,1,11,0,2017,4,15,2,3,5,3,0,1,0,0,0,0,0,5.14984E+20,5.40241E+21,9.20394E+15,4.87745E+16
148224,8.1704E+18,8,1,11,0,2017,4,0,2,3,5,3,1,1,0,0,0,2,0,5.0821E+20,5.39833E+21,9.11166E+15,4.87379E+16
148225,8.1704E+18,8,1,11,0,2017,4,18,2,3,1,1,1,1,0,0,0,0,0,5.12166E+20,5.40105E+21,9.16555E+15,4.87624E+16
148226,8.1704E+18,8,4,26,31,2017,4,17,1,2,0,7,0,1,1,0,0,0,0,5.82579E+20,5.32892E+21,1.01093E+16,4.81082E+16
148227,8.1704E+18,8,4,25,33,2017,4,11,1,3,5,3,0,1,0,0,0,0,0,5.53697E+20,5.34777E+21,9.72378E+15,4.82808E+16
148228,8.1704E+18,8,4,15,61,2017,4,14,1,3,2,6,0,1,0,0,0,0,0,5.16061E+20,5.37055E+21,9.21737E+15,4.84879E+16
148229,8.1704E+18,8,4,15,50,2017,4,18,1,3,9,1,1,0,0,0,0,0,0,5.22661E+20,5.37492E+21,9.30693E+15,4.8527E+16
148230,8.1704E+18,8,3,35,43,2017,4,13,1,3,8,1,0,0,0,1,0,0,0,5.10203E+20,5.28224E+21,9.13597E+15,4.76935E+16
148231,8.1704E+18,8,3,26,74,2017,4,15,1,2,4,6,1,1,0,0,0,0,0,4.64753E+20,5.32413E+21,8.52686E+15,4.80694E+16
148232,8.1704E+18,8,3,17,96,2017,4,14,1,3,7,7,1,0,0,0,0,0,0,4.20796E+20,5.37335E+21,7.92764E+15,4.85083E+16
148233,8.1704E+18,8,3,17,96,2017,4,20,1,3,9,1,0,1,0,0,0,2,0,4.20643E+20,5.37008E+21,7.92619E+15,4.84788E+16
148234,8.1704E+18,8,3,11,0,2017,4,17,1,3,0,1,1,0,0,0,0,0,0,4.14786E+20,5.31655E+21,7.85772E+15,4.79966E+16
148235,8.1704E+18,8,3,11,0,2017,4,8,1,3,5,3,1,0,0,0,1,0,0,4.10428E+20,5.31648E+21,7.79933E+15,4.79953E+16
148236,8.1704E+18,8,3,11,0,2017,4,22,1,3,3,6,0,1,0,0,0,2,0,4.14799E+20,5.31655E+21,7.8579E+15,4.79966E+16
148237,8.1704E+18,8,2,12,0,2017,4,22,1,2,4,6,0,1,0,0,1,2,0,4.56851E+20,5.42695E+21,8.41014E+15,4.8994E+16
148238,8.1704E+18,8,2,12,0,2017,4,7,1,3,0,1,1,0,0,0,0,0,1,4.57108E+20,5.42841E+21,8.41349E+15,4.90071E+16
148239,8.1704E+18,8,2,26,95,2017,4,14,1,3,5,3,1,1,0,0,0,0,0,4.7421E+20,5.46089E+21,8.64527E+15,4.93002E+16
148240,8.1704E+18,8,2,26,106,2017,4,18,1,3,8,7,0,1,0,0,0,0,0,4.98187E+20,5.4631E+21,8.97505E+15,4.93206E+16
148241,8.1704E+18,8,2,22,0,2017,4,13,1,3,1,5,1,1,0,0,0,0,0,4.61787E+20,5.48164E+21,8.4724E+15,4.94862E+16
148242,8.1704E+18,8,2,22,0,2017,4,4,1,3,5,3,0,1,0,1,0,2,0,4.61265E+20,5.48196E+21,8.46516E+15,4.9489E+16
148243,8.1704E+18,8,2,22,0,2017,4,14,1,3,6,4,0,1,1,0,0,0,0,4.61368E+20,5.48214E+21,8.46656E+15,4.94906E+16
148244,8.1704E+18,8,2,21,0,2017,4,21,1,3,6,4,0,1,1,0,0,2,0,4.77762E+20,5.47351E+21,8.69342E+15,4.94139E+16
148245,8.1704E+18,8,2,26,95,2017,4,2,1,2,5,3,0,1,0,0,0,2,0,4.74156E+20,5.46165E+21,8.64447E+15,4.93071E+16
148246,8.1704E+18,8,1,21,0,2017,4,23,1,2,5,3,0,1,0,0,0,2,0,5.16244E+20,5.4434E+21,9.22272E+15,4.91433E+16
148247,8.1704E+18,8,1,25,24,2017,4,19,1,3,3,7,0,1,0,1,0,0,0,5.23217E+20,5.44412E+21,9.31838E+15,4.91494E+16
148248,8.1704E+18,8,1,21,0,2017,4,21,1,2,0,7,0,1,0,0,0,2,0,5.13829E+20,5.44255E+21,9.18958E+15,4.91356E+16
148249,8.1704E+18,8,1,18,21,2017,4,17,1,2,6,4,0,1,1,0,0,0,0,5.20994E+20,5.42768E+21,9.28704E+15,4.90017E+16
148250,8.1704E+18,8,1,18,79,2017,4,15,1,3,0,7,1,0,0,0,0,0,0,5.10377E+20,5.42288E+21,9.14176E+15,4.89587E+16
148251,8.1704E+18,8,1,16,27,2017,4,17,1,3,4,3,1,1,0,0,0,0,0,5.34599E+20,5.39334E+21,9.47014E+15,4.86921E+16
148252,8.1704E+18,8,1,15,29,2017,4,16,1,3,5,3,0,1,0,1,0,0,0,4.97749E+20,5.39869E+21,8.96938E+15,4.87412E+16
148253,8.1704E+18,8,4,37,104,2017,4,19,7,3,2,2,0,1,0,0,0,0,0,5.16038E+20,5.32588E+21,9.21536E+15,4.8086E+16
148254,8.1704E+18,8,4,25,39,2017,4,5,7,3,4,2,1,1,0,0,0,2,0,5.66169E+20,5.35297E+21,9.89269E+15,4.83264E+16
148255,8.1704E+18,8,4,17,54,2017,4,2,7,3,1,1,0,1,0,0,1,2,0,4.78597E+20,5.34796E+21,8.71148E+15,4.82844E+16
148256,8.1704E+18,8,4,16,41,2017,4,12,7,3,0,7,0,0,1,0,1,0,0,5.04128E+20,5.37443E+21,9.05591E+15,4.8523E+16
148257,8.1704E+18,8,4,15,61,2017,4,20,7,3,2,6,1,1,0,0,0,2,0,5.14592E+20,5.3717E+21,9.19753E+15,4.84983E+16
148258,8.1704E+18,8,3,36,91,2017,4,11,7,3,5,3,1,1,0,0,0,0,0,3.95838E+20,5.27444E+21,7.61391E+15,4.7615E+16
148259,8.1704E+18,8,3,35,43,2017,4,18,7,3,0,7,1,0,1,0,0,0,0,5.12727E+20,5.27816E+21,9.16949E+15,4.76567E+16
148260,8.1704E+18,8,3,26,74,2017,4,16,7,3,0,6,0,1,0,1,0,0,0,4.65458E+20,5.32161E+21,8.53652E+15,4.80469E+16
148261,8.1704E+18,8,4,17,79,2017,4,19,7,2,8,1,0,0,0,1,0,0,0,5.00759E+20,5.34684E+21,9.01024E+15,4.82748E+16
148262,8.1704E+18,8,3,17,85,2017,4,11,7,3,0,1,0,0,0,1,0,0,0,4.31762E+20,5.36015E+21,8.07824E+15,4.83908E+16
148263,8.1704E+18,8,3,17,11,2017,4,0,7,3,1,5,0,1,0,0,0,2,0,4.2871E+20,5.35466E+21,8.03795E+15,4.83411E+16
148264,8.1704E+18,8,3,17,96,2017,4,19,7,3,0,4,1,0,1,0,0,0,0,4.22101E+20,5.37138E+21,7.94567E+15,4.84908E+16
148265,8.1704E+18,8,3,17,96,2017,4,14,7,3,5,3,0,1,0,0,0,0,0,4.21002E+20,5.36602E+21,7.9318E+15,4.84424E+16
148266,8.1704E+18,8,3,17,96,2017,4,15,7,2,6,4,0,0,1,1,0,0,0,4.22375E+20,5.36412E+21,7.95073E+15,4.84254E+16
148267,8.1704E+18,8,3,11,0,2017,4,16,7,3,5,3,1,1,0,0,0,0,0,4.108E+20,5.32064E+21,7.80345E+15,4.80328E+16
148268,8.1704E+18,8,3,11,0,2017,4,15,7,2,6,4,1,0,1,0,0,0,0,4.12635E+20,5.31342E+21,7.82953E+15,4.79681E+16
148269,8.1704E+18,8,3,15,56,2017,4,7,7,3,4,3,0,0,0,0,1,0,0,4.14685E+20,5.31011E+21,7.85765E+15,4.79386E+16
148270,8.1704E+18,8,2,26,85,2017,4,16,7,3,5,3,0,1,0,0,0,0,0,4.9075E+20,5.45612E+21,8.87288E+15,4.92578E+16
148271,8.1704E+18,8,2,12,0,2017,4,15,7,3,5,3,1,1,0,0,0,0,0,4.53102E+20,5.42882E+21,8.35868E+15,4.90105E+16
148272,8.1704E+18,8,2,12,0,2017,4,15,7,3,0,6,0,1,0,1,0,0,0,4.55282E+20,5.43325E+21,8.388E+15,4.90505E+16
148273,8.1704E+18,8,2,36,76,2017,4,20,7,3,5,3,0,1,0,0,0,2,0,4.71243E+20,5.42379E+21,8.6071E+15,4.89663E+16
148274,8.1704E+18,8,2,26,38,2017,4,12,7,3,1,5,1,1,0,0,0,0,0,4.71572E+20,5.47991E+21,8.60762E+15,4.94712E+16
148275,8.1704E+18,8,2,22,0,2017,4,11,7,3,5,3,0,1,0,0,0,0,0,4.6183E+20,5.48496E+21,8.47267E+15,4.9516E+16
148276,8.1704E+18,8,2,21,0,2017,4,13,7,3,2,6,1,1,0,0,0,0,0,4.77993E+20,5.47296E+21,8.69663E+15,4.94089E+16
148277,8.1704E+18,8,2,21,0,2017,4,13,7,3,0,7,0,1,0,0,1,0,0,4.77346E+20,5.47289E+21,8.68771E+15,4.94083E+16
148278,8.1704E+18,8,2,21,0,2017,4,11,7,2,8,1,0,0,0,1,0,0,0,4.74758E+20,5.47283E+21,8.65204E+15,4.94076E+16
148279,8.1704E+18,8,2,16,9,2017,4,22,7,3,5,3,1,1,0,0,0,2,0,4.46394E+20,5.42001E+21,8.26812E+15,4.89307E+16
148280,8.1704E+18,8,2,15,9,2017,4,14,7,3,2,6,0,1,0,0,0,0,0,4.71075E+20,5.4411E+21,8.60357E+15,4.91221E+16
148281,8.1704E+18,8,2,12,0,2017,4,17,7,3,1,7,0,1,0,0,0,0,0,4.51247E+20,5.42824E+21,8.33338E+15,4.90051E+16
148282,8.1704E+18,8,2,12,0,2017,4,14,7,2,1,5,1,1,0,0,0,0,0,4.54025E+20,5.42836E+21,8.37135E+15,4.90064E+16
148283,8.1704E+18,8,2,12,0,2017,4,14,7,3,0,7,1,0,0,0,0,0,0,4.55104E+20,5.42853E+21,8.38609E+15,4.9008E+16
148284,8.1704E+18,8,2,11,0,2017,4,11,7,3,5,3,1,1,0,0,0,0,0,4.40674E+20,5.40372E+21,8.19239E+15,4.87836E+16
148285,8.1704E+18,8,1,15,45,2017,4,13,7,3,2,6,0,1,0,0,0,0,0,5.04528E+20,5.39665E+21,9.06157E+15,4.87229E+16
148286,8.1704E+18,8,1,36,88,2017,4,9,7,3,4,1,1,1,0,0,0,0,0,5.7908E+20,5.40924E+21,1.00775E+16,4.88311E+16
148287,8.1704E+18,8,4,25,72,2017,4,0,7,2,1,1,0,1,0,1,0,2,0,5.78626E+20,5.3708E+21,1.00641E+16,4.84854E+16
148288,8.1704E+18,8,1,28,6,2017,4,20,7,3,6,1,0,0,1,0,1,1,0,5.49992E+20,5.47511E+21,9.6894E+15,4.94266E+16
148289,8.1704E+18,8,1,21,0,2017,4,18,7,3,3,2,0,1,0,1,0,0,0,5.14895E+20,5.44276E+21,9.20421E+15,4.91375E+16
148290,8.1704E+18,8,1,19,68,2017,4,14,7,3,5,3,1,1,0,0,0,0,0,5.25588E+20,5.41363E+21,9.34896E+15,4.88751E+16
148291,8.1704E+18,8,1,19,85,2017,4,15,7,3,0,1,1,0,0,0,0,0,0,5.29632E+20,5.4133E+21,9.40409E+15,4.8872E+16
148292,8.1704E+18,8,1,19,20,2017,4,0,7,3,1,1,0,1,0,0,0,2,0,5.20638E+20,5.40647E+21,9.2811E+15,4.88109E+16
148293,8.1704E+18,8,1,18,80,2017,4,7,7,3,7,7,0,0,0,1,0,1,0,5.06875E+20,5.41076E+21,9.09371E+15,4.88498E+16
148294,8.1704E+18,8,1,18,79,2017,4,16,7,2,5,3,1,1,0,0,0,0,0,5.10342E+20,5.42248E+21,9.14127E+15,4.89551E+16
148295,8.1704E+18,8,1,17,60,2017,4,15,7,3,4,6,1,0,0,0,0,0,0,5.42944E+20,5.38793E+21,9.58297E+15,4.86429E+16
148296,8.1704E+18,8,1,16,20,2017,4,11,7,3,5,3,0,1,0,0,0,0,0,5.27155E+20,5.3811E+21,9.36819E+15,4.85824E+16
148297,8.1704E+18,8,1,16,19,2017,4,21,7,3,5,2,0,1,0,0,0,2,0,5.21736E+20,5.3988E+21,9.29565E+15,4.87419E+16
148298,8.1704E+18,8,1,15,21,2017,4,15,7,2,0,7,0,0,0,1,0,0,0,4.87664E+20,5.38578E+21,8.8326E+15,4.8625E+16
148299,8.1704E+18,8,1,15,48,2017,4,10,7,3,6,7,0,1,1,0,0,0,0,5.09043E+20,5.38733E+21,9.12276E+15,4.86389E+16
148300,8.1704E+18,8,1,11,0,2017,4,10,7,3,5,2,0,1,0,0,1,0,0,5.18203E+20,5.40176E+21,9.24772E+15,4.87686E+16
148301,8.1704E+18,8,1,11,0,2017,4,9,7,2,1,5,1,1,0,0,0,0,0,5.13254E+20,5.40238E+21,9.1804E+15,4.87743E+16
148302,8.17033E+18,8,4,37,104,2017,3,12,6,3,2,6,0,1,0,1,0,0,0,5.16501E+20,5.3266E+21,9.2216E+15,4.80925E+16
148303,8.17033E+18,8,4,35,16,2017,3,18,6,3,2,6,0,1,0,0,1,0,0,5.34578E+20,5.27821E+21,9.4605E+15,4.76563E+16
148304,8.17033E+18,8,4,21,0,2017,3,16,6,3,2,6,0,1,0,0,0,0,0,5.73721E+20,5.36097E+21,9.99595E+15,4.83976E+16
148305,8.17033E+18,8,4,16,41,2017,3,18,6,3,0,7,1,0,0,0,0,0,0,4.99115E+20,5.37486E+21,8.98802E+15,4.85268E+16
148306,8.17033E+18,8,3,35,28,2017,3,14,6,3,4,6,0,1,0,0,1,0,0,4.80439E+20,5.28731E+21,8.73909E+15,4.77389E+16
148307,8.17033E+18,8,3,35,43,2017,3,15,6,3,6,4,0,1,1,0,0,0,0,5.12935E+20,5.27911E+21,9.17229E+15,4.76652E+16
148308,8.17033E+18,8,3,35,43,2017,3,11,6,3,0,1,1,0,0,0,0,0,0,5.13104E+20,5.27831E+21,9.17452E+15,4.7658E+16
148309,8.17033E+18,8,3,35,75,2017,3,9,6,2,5,3,0,1,0,0,1,0,0,4.90442E+20,5.28893E+21,8.87247E+15,4.77537E+16
148310,8.17033E+18,8,3,27,50,2017,3,8,6,3,5,3,0,1,0,0,0,0,0,4.86434E+20,5.31408E+21,8.81821E+15,4.79799E+16
148311,8.17033E+18,8,3,17,96,2017,3,14,6,3,0,1,1,0,0,0,0,0,0,4.26083E+20,5.36889E+21,8E+15,4.84688E+16
148312,8.17033E+18,8,3,17,96,2017,3,14,6,3,2,6,0,1,0,0,0,0,0,4.20102E+20,5.37072E+21,7.91875E+15,4.84845E+16
148313,8.17033E+18,8,3,15,76,2017,3,10,6,3,5,3,1,1,0,0,0,0,0,3.92574E+20,5.29649E+21,7.56506E+15,4.78128E+16
148314,8.17033E+18,8,3,15,132,2017,3,13,6,3,0,1,0,0,0,1,0,0,0,4.09774E+20,5.32184E+21,7.78944E+15,4.80435E+16
148315,8.17033E+18,8,3,11,0,2017,3,10,6,3,0,7,0,1,1,0,0,0,0,4.10426E+20,5.3157E+21,7.79946E+15,4.79883E+16
148316,8.17033E+18,8,3,11,0,2017,3,14,6,2,5,3,1,1,0,0,0,0,0,4.14774E+20,5.31761E+21,7.85735E+15,4.80061E+16
148317,8.17033E+18,8,2,12,0,2017,3,5,6,3,0,7,1,0,0,0,0,2,0,4.57088E+20,5.42857E+21,8.4132E+15,4.90085E+16
148318,8.17033E+18,8,2,36,50,2017,3,6,6,2,8,1,0,1,0,0,0,1,0,4.85692E+20,5.42347E+21,8.80452E+15,4.8964E+16
148319,8.17033E+18,8,2,31,0,2017,3,14,6,2,5,3,0,1,0,1,0,0,0,4.75643E+20,5.41311E+21,8.66785E+15,4.88705E+16
148320,8.17033E+18,8,2,26,98,2017,3,0,6,3,5,3,0,1,0,1,0,2,0,4.75765E+20,5.45988E+21,8.66672E+15,4.92912E+16
148321,8.17033E+18,8,2,22,0,2017,3,20,6,3,4,2,0,1,0,1,0,2,0,4.64237E+20,5.48399E+21,8.50601E+15,4.95075E+16
148322,8.17033E+18,8,2,21,0,2017,3,18,6,2,5,3,1,1,0,0,0,0,0,4.76208E+20,5.47005E+21,8.6722E+15,4.93827E+16
148323,8.17033E+18,8,2,12,0,2017,3,13,6,3,5,2,1,1,0,0,0,0,0,4.53167E+20,5.42882E+21,8.35957E+15,4.90105E+16
148324,8.17033E+18,8,2,11,0,2017,3,18,6,2,5,3,1,1,0,0,0,0,0,4.37793E+20,5.39723E+21,8.15415E+15,4.8725E+16
148325,8.17033E+18,8,1,28,131,2017,3,7,6,3,2,6,0,1,0,0,0,0,0,5.35967E+20,5.51111E+21,9.49929E+15,4.97514E+16
148326,8.17033E+18,8,1,21,0,2017,3,18,6,3,5,3,1,1,0,0,0,0,0,5.15321E+20,5.44177E+21,9.21001E+15,4.91286E+16
148327,8.17033E+18,8,1,21,0,2017,3,14,6,3,7,7,0,1,0,0,0,0,0,5.15001E+20,5.44313E+21,9.20567E+15,4.91408E+16
148328,8.17033E+18,8,1,19,91,2017,3,7,6,3,5,3,0,1,0,0,0,0,0,5.26937E+20,5.40679E+21,9.36691E+15,4.88135E+16
148329,8.17033E+18,8,1,19,67,2017,3,14,6,3,0,6,1,1,0,0,0,0,0,5.38443E+20,5.40526E+21,9.52349E+15,4.87992E+16
148330,8.17033E+18,8,1,19,6,2017,3,22,6,3,5,3,0,1,0,0,0,2,0,5.37156E+20,5.42085E+21,9.50738E+15,4.89395E+16