OBJECTID,UIDENTSTLA,ULAND,UREGBEZ,UKREIS,UGEMEINDE,UJAHR,UMONAT,USTUNDE,UWOCHENTAG,UKATEGORIE,UART,UTYP1,IstRad,IstPKW,IstFuss,IstKrad,IstSonstig,LICHT,STRZUSTAND,LINREFX,LINREFY,XGCSWGS84,YGCSWGS84
148849,8.17041E+18,8,2,15,84,2017,4,16,4,3,5,3,1,1,0,0,0,0,0,4.74397E+20,5.44788E+21,8.64867E+15,4.91832E+16
148850,8.17041E+18,8,1,36,42,2017,4,22,4,3,7,1,1,0,0,0,0,2,0,5.53092E+20,5.40382E+21,9.72276E+15,4.87851E+16
148851,8.17041E+18,8,1,36,88,2017,4,5,4,2,0,1,1,0,0,0,0,2,0,5.81403E+20,5.41287E+21,1.01099E+16,4.88634E+16
148852,8.17041E+18,8,1,36,88,2017,4,9,4,3,0,1,0,0,0,0,1,0,0,5.78929E+20,5.40932E+21,1.00755E+16,4.88319E+16
148853,8.17041E+18,8,1,28,115,2017,4,17,4,3,5,3,0,1,0,0,0,0,0,5.49944E+20,5.49475E+21,9.69122E+15,4.96033E+16
148854,8.17041E+18,8,1,28,6,2017,4,12,4,3,5,5,0,1,0,0,0,0,0,5.50861E+20,5.47516E+21,9.70138E+15,4.9427E+16
148855,8.17041E+18,8,1,27,76,2017,4,10,4,3,4,7,0,1,0,0,1,0,0,5.53583E+20,5.44079E+21,9.73431E+15,4.91176E+16
148856,8.17041E+18,8,1,19,20,2017,4,14,4,3,0,1,1,0,0,0,0,0,0,5.20189E+20,5.40628E+21,9.27497E+15,4.88092E+16
148857,8.17041E+18,8,1,18,79,2017,4,10,4,3,5,3,0,1,0,0,1,0,0,5.0707E+20,5.42148E+21,9.09656E+15,4.89462E+16
148858,8.17041E+18,8,1,18,81,2017,4,17,4,3,0,7,1,0,1,0,0,0,0,5.20641E+20,5.41271E+21,9.28146E+15,4.8867E+16
148859,8.17041E+18,8,1,17,49,2017,4,11,4,2,1,7,1,1,0,0,0,0,0,5.5518E+20,5.3923E+21,9.74965E+15,4.86813E+16
148860,8.17041E+18,8,1,16,33,2017,4,16,4,3,3,6,0,1,0,1,0,0,0,5.34589E+20,5.38667E+21,9.46945E+15,4.86322E+16
148861,8.17041E+18,8,1,11,0,2017,4,17,4,3,1,5,0,1,0,1,0,0,0,5.07891E+20,5.40576E+21,9.10747E+15,4.88048E+16
148862,8.17041E+18,8,1,11,0,2017,4,17,4,2,6,4,0,1,1,0,0,0,0,5.18515E+20,5.40136E+21,9.25196E+15,4.8765E+16
148863,8.17041E+18,8,1,11,0,2017,4,0,4,3,5,2,0,1,0,0,0,2,0,5.1752E+20,5.40713E+21,9.23865E+15,4.88169E+16
148864,8.17041E+18,8,1,11,0,2017,4,18,4,3,2,7,0,1,0,1,0,0,0,5.15349E+20,5.40371E+21,9.20896E+15,4.87862E+16
148865,8.17041E+18,8,4,35,35,2017,4,13,3,3,5,3,1,0,0,0,0,0,0,5.42583E+20,5.28236E+21,9.56749E+15,4.76933E+16
148866,8.17041E+18,8,4,21,0,2017,4,7,3,3,0,7,0,1,0,0,1,0,0,5.7354E+20,5.36147E+21,9.9936E+15,4.84021E+16
148867,8.17041E+18,8,4,16,15,2017,4,8,3,3,5,3,0,1,0,1,0,0,0,5.07223E+20,5.36703E+21,9.0977E+15,4.84563E+16
148868,8.17041E+18,8,4,15,59,2017,4,15,3,3,2,6,0,1,0,0,0,0,0,5.16512E+20,5.36926E+21,9.22342E+15,4.84762E+16
148869,8.17041E+18,8,3,36,57,2017,4,13,3,3,6,7,0,1,1,0,0,0,0,4.07471E+20,5.27758E+21,7.768E+15,4.7645E+16
148870,8.17041E+18,8,3,27,38,2017,4,16,3,3,5,3,0,1,0,0,0,0,0,4.9433E+20,5.31293E+21,8.92404E+15,4.79696E+16
148871,8.17041E+18,8,3,17,41,2017,4,21,3,3,5,3,1,1,0,0,0,2,0,4.37683E+20,5.34802E+21,8.16E+15,4.82823E+16
148872,8.17041E+18,8,3,17,5,2017,4,15,3,3,5,3,0,1,0,1,0,0,0,4.24352E+20,5.37624E+21,7.97525E+15,4.85347E+16
148873,8.17041E+18,8,3,16,17,2017,4,8,3,3,1,7,0,1,0,0,0,0,0,4.09442E+20,5.34094E+21,7.78092E+15,4.82152E+16
148874,8.17041E+18,8,3,16,11,2017,4,7,3,3,5,3,1,1,0,0,0,0,0,4.15192E+20,5.33009E+21,7.86048E+15,4.81184E+16
148875,8.17041E+18,8,2,26,32,2017,4,13,3,3,4,2,0,1,0,1,0,0,0,4.66416E+20,5.4641E+21,8.53779E+15,4.93287E+16
148876,8.17041E+18,8,2,26,32,2017,4,17,3,3,1,6,0,1,0,0,0,0,0,4.6628E+20,5.46459E+21,8.53587E+15,4.93331E+16
148877,8.17041E+18,8,2,22,0,2017,4,13,3,3,5,3,1,0,0,1,0,0,0,4.61752E+20,5.48118E+21,8.47195E+15,4.94821E+16
148878,8.17041E+18,8,2,22,0,2017,4,19,3,3,5,3,0,1,0,1,0,0,0,4.61375E+20,5.48147E+21,8.46672E+15,4.94847E+16
148879,8.17041E+18,8,2,22,0,2017,4,16,3,3,3,2,1,1,0,0,0,0,0,4.61595E+20,5.48209E+21,8.4697E+15,4.94903E+16
148880,8.17041E+18,8,2,26,82,2017,4,18,3,3,5,3,0,1,0,0,0,0,0,4.75559E+20,5.48008E+21,8.66264E+15,4.94728E+16
148881,8.17041E+18,8,2,21,0,2017,4,18,3,3,3,6,1,0,0,1,0,0,0,4.7455E+20,5.47466E+21,8.64906E+15,4.94241E+16
148882,8.17041E+18,8,2,21,0,2017,4,9,3,3,6,2,0,1,1,0,0,0,0,4.76562E+20,5.47338E+21,8.67687E+15,4.94126E+16
148883,8.17041E+18,8,2,21,0,2017,4,23,3,3,5,2,0,1,0,0,0,2,0,4.77176E+20,5.47167E+21,8.68545E+15,4.93973E+16
148884,8.17041E+18,8,2,16,7,2017,4,13,3,3,5,7,1,1,0,0,0,0,0,4.36185E+20,5.3941E+21,8.13278E+15,4.86967E+16
148885,8.17041E+18,8,2,16,43,2017,4,18,3,3,0,3,1,0,0,1,0,0,0,4.42055E+20,5.4114E+21,8.2101E+15,4.88529E+16
148886,8.17041E+18,8,2,15,105,2017,4,18,3,3,5,3,0,1,0,0,0,0,0,4.5715E+20,5.44175E+21,8.41266E+15,4.91271E+16
148887,8.17041E+18,8,2,12,0,2017,4,15,3,3,0,1,1,0,0,0,0,0,0,4.55953E+20,5.42789E+21,8.39776E+15,4.90023E+16
148888,8.17041E+18,8,2,15,101,2017,4,14,3,2,5,3,1,1,0,0,0,0,0,4.64428E+20,5.42806E+21,8.51362E+15,4.90044E+16
148889,8.17041E+18,8,2,12,0,2017,4,16,3,3,2,2,0,1,0,0,0,0,0,4.60878E+20,5.42748E+21,8.46513E+15,4.8999E+16
148890,8.17041E+18,8,1,36,65,2017,4,8,3,3,6,2,0,1,1,0,0,0,0,5.5836E+20,5.40517E+21,9.79467E+15,4.87968E+16
148891,8.17041E+18,8,1,36,88,2017,4,18,3,3,2,2,0,1,0,1,0,0,0,5.79083E+20,5.41009E+21,1.00778E+16,4.88388E+16
148892,8.17041E+18,8,1,21,0,2017,4,15,3,3,5,3,1,1,0,0,0,0,0,5.13865E+20,5.43941E+21,9.18998E+15,4.91074E+16
148893,8.17041E+18,8,1,25,102,2017,4,17,3,2,6,4,0,1,1,0,0,0,0,5.20649E+20,5.44403E+21,9.28316E+15,4.91488E+16
148894,8.17041E+18,8,1,25,26,2017,4,18,3,3,4,6,1,1,0,0,0,0,0,4.92193E+20,5.44585E+21,8.89291E+15,4.91654E+16
148895,8.17041E+18,8,1,19,8,2017,4,18,3,3,5,3,1,1,0,0,0,0,0,5.32441E+20,5.4202E+21,9.44295E+15,4.89339E+16
148896,8.17041E+18,8,1,18,48,2017,4,14,3,3,6,4,0,1,1,0,0,0,0,5.14067E+20,5.4164E+21,9.19194E+15,4.89004E+16
148897,8.17041E+18,8,1,18,80,2017,4,10,3,3,5,3,1,1,0,0,0,0,0,5.08284E+20,5.41109E+21,9.11293E+15,4.88527E+16
148898,8.17041E+18,8,1,15,3,2017,4,11,3,2,9,1,1,0,0,0,0,0,0,4.98469E+20,5.39306E+21,8.9792E+15,4.86905E+16
148899,8.17041E+18,8,1,16,49,2017,4,14,3,3,5,3,0,1,0,0,0,0,0,5.25337E+20,5.38501E+21,9.34379E+15,4.86176E+16
148900,8.17041E+18,8,1,16,33,2017,4,11,3,3,5,2,1,1,0,0,0,0,0,5.33347E+20,5.38677E+21,9.4526E+15,4.86331E+16
148901,8.17041E+18,8,1,16,77,2017,4,17,3,3,5,3,0,1,0,0,0,0,0,5.14447E+20,5.38945E+21,9.19618E+15,4.86579E+16
148902,8.17041E+18,8,1,11,0,2017,4,12,3,3,6,2,0,1,1,0,0,0,0,5.15851E+20,5.406E+21,9.21588E+15,4.88068E+16
148903,8.17041E+18,8,4,37,78,2017,4,12,2,3,5,3,1,1,0,0,0,0,0,5.08505E+20,5.31573E+21,9.11401E+15,4.79948E+16
148904,8.17041E+18,8,4,37,88,2017,4,17,2,3,2,2,0,1,0,0,0,0,0,5.19596E+20,5.3091E+21,9.26237E+15,4.79349E+16
148905,8.17041E+18,8,4,35,57,2017,4,14,2,3,2,6,0,1,0,0,0,0,0,5.44431E+20,5.28002E+21,9.59189E+15,4.7672E+16
148906,8.17041E+18,8,3,35,96,2017,4,16,2,2,8,1,0,1,0,0,0,0,0,5.04345E+20,5.30403E+21,9.05813E+15,4.78895E+16
148907,8.17041E+18,8,4,21,0,2017,4,11,2,2,3,2,1,0,0,0,1,0,0,5.73078E+20,5.36136E+21,9.98733E+15,4.84011E+16
148908,8.17041E+18,8,4,21,0,2017,4,7,2,3,0,1,1,0,0,0,0,0,0,5.7376E+20,5.36151E+21,9.99658E+15,4.84024E+16
148909,8.17041E+18,8,4,16,15,2017,4,21,2,3,8,7,0,1,0,0,0,1,0,5.07908E+20,5.36499E+21,9.10693E+15,4.8438E+16
148910,8.17041E+18,8,4,16,18,2017,4,18,2,3,3,6,0,1,1,0,0,0,0,4.91416E+20,5.36176E+21,8.88401E+15,4.8409E+16
148911,8.17041E+18,8,4,16,41,2017,4,13,2,3,5,3,1,1,0,0,0,0,0,5.03537E+20,5.37332E+21,9.04789E+15,4.8513E+16
148912,8.17041E+18,8,4,15,61,2017,4,18,2,3,5,3,1,1,0,0,0,1,1,5.16112E+20,5.37103E+21,9.21808E+15,4.84921E+16
148913,8.17041E+18,8,3,37,60,2017,4,15,2,3,7,7,0,0,0,1,0,0,0,4.67946E+20,5.27762E+21,8.57317E+15,4.76511E+16
148914,8.17041E+18,8,3,37,2,2017,4,15,2,3,0,1,1,0,0,0,0,0,0,4.33034E+20,5.27038E+21,8.10942E+15,4.75834E+16
148915,8.17041E+18,8,3,36,81,2017,4,13,2,3,5,3,0,1,0,0,0,0,0,4.11278E+20,5.27753E+21,7.81869E+15,4.76451E+16
148916,8.17041E+18,8,3,35,75,2017,4,13,2,3,5,2,1,1,0,0,0,0,0,4.88836E+20,5.28777E+21,8.85108E+15,4.77432E+16
148917,8.17041E+18,8,3,35,43,2017,4,7,2,3,3,6,1,0,0,1,0,0,0,5.13204E+20,5.27964E+21,9.17589E+15,4.767E+16
148918,8.17041E+18,8,3,35,63,2017,4,15,2,2,0,1,1,0,0,0,0,0,0,4.98457E+20,5.29329E+21,8.97939E+15,4.7793E+16
148919,8.17041E+18,8,3,26,74,2017,4,17,2,3,0,1,1,0,0,0,0,0,0,4.59634E+20,5.32232E+21,8.45832E+15,4.80529E+16
148920,8.17041E+18,8,3,26,3,2017,4,12,2,3,2,6,0,1,0,0,0,0,0,4.64877E+20,5.31996E+21,8.52886E+15,4.8032E+16
148921,8.17041E+18,8,3,26,74,2017,4,11,2,3,5,3,0,1,0,0,0,0,0,4.64819E+20,5.3234E+21,8.5278E+15,4.80629E+16
148922,8.17041E+18,8,3,26,74,2017,4,11,2,3,5,3,0,1,0,0,0,0,0,4.6478E+20,5.32365E+21,8.52726E+15,4.80651E+16
148923,8.17041E+18,8,3,17,65,2017,4,18,2,3,2,6,0,1,0,0,0,0,0,4.14756E+20,5.35401E+21,7.8498E+15,4.83335E+16
148924,8.17041E+18,8,3,15,6,2017,4,20,2,3,5,2,0,1,0,0,0,2,0,4.02963E+20,5.30863E+21,7.70106E+15,4.79237E+16
148925,8.17041E+18,8,3,36,50,2017,4,10,2,3,2,6,0,1,0,0,0,0,0,3.9913E+20,5.27346E+21,7.65793E+15,4.76067E+16
148926,8.17041E+18,8,3,36,69,2017,4,17,2,3,6,4,0,1,1,0,0,0,0,4.0737E+20,5.26772E+21,7.76874E+15,4.75563E+16
148927,8.17041E+18,8,3,11,0,2017,4,14,2,3,0,7,1,0,1,0,0,0,0,4.14218E+20,5.31786E+21,7.84984E+15,4.80082E+16
148928,8.17041E+18,8,3,11,0,2017,4,10,2,3,2,6,0,1,0,0,1,0,0,4.13655E+20,5.3171E+21,7.84245E+15,4.80014E+16
148929,8.17041E+18,8,3,11,0,2017,4,15,2,3,5,3,1,0,0,1,0,0,0,4.1456E+20,5.31819E+21,7.85436E+15,4.80113E+16
148930,8.17041E+18,8,2,12,0,2017,4,9,2,3,5,3,1,1,0,0,0,0,0,4.55417E+20,5.43238E+21,8.38994E+15,4.90427E+16
148931,8.17041E+18,8,2,12,0,2017,4,17,2,3,2,6,0,1,0,0,1,0,0,4.56882E+20,5.42779E+21,8.41047E+15,4.90015E+16
148932,8.17041E+18,8,2,37,40,2017,4,18,2,3,1,5,0,1,0,1,0,0,0,4.76952E+20,5.36548E+21,8.68835E+15,4.84421E+16
148933,8.17041E+18,8,2,31,0,2017,4,14,2,2,4,2,0,1,0,0,0,0,0,4.7647E+20,5.4153E+21,8.67901E+15,4.88902E+16
148934,8.17041E+18,8,2,36,43,2017,4,17,2,3,2,2,0,1,0,0,0,0,0,4.69021E+20,5.41109E+21,8.57771E+15,4.8852E+16
148935,8.17041E+18,8,2,36,46,2017,4,8,2,3,5,3,0,1,0,0,0,0,0,4.8447E+20,5.41857E+21,8.78801E+15,4.89199E+16
148936,8.17041E+18,8,2,26,37,2017,4,18,2,3,5,2,0,1,0,1,0,0,0,4.66147E+20,5.46922E+21,8.53365E+15,4.93747E+16
148937,8.17041E+18,8,2,25,58,2017,4,18,2,3,1,6,0,1,0,0,0,0,0,5.07622E+20,5.46598E+21,9.10494E+15,4.93465E+16
148938,8.17041E+18,8,2,22,0,2017,4,6,2,2,5,3,1,0,0,0,1,1,0,4.64558E+20,5.48626E+21,8.51024E+15,4.95279E+16
148939,8.17041E+18,8,2,21,0,2017,4,18,2,3,4,2,1,1,0,0,0,0,0,4.76562E+20,5.47338E+21,8.67687E+15,4.94126E+16
148940,8.17041E+18,8,2,15,106,2017,4,12,2,3,0,3,1,1,0,0,0,0,0,4.64731E+20,5.45553E+21,8.51535E+15,4.92515E+16
148941,8.17041E+18,8,2,15,102,2017,4,19,2,3,5,3,0,1,0,0,0,0,0,4.55565E+20,5.43643E+21,8.39152E+15,4.90791E+16
148942,8.17041E+18,8,2,15,108,2017,4,17,2,3,2,6,0,1,0,0,0,0,0,4.47435E+20,5.42371E+21,8.28185E+15,4.89641E+16
148943,8.17041E+18,8,2,12,0,2017,4,6,2,3,0,7,1,0,0,0,1,0,0,4.53561E+20,5.43137E+21,8.36466E+15,4.90334E+16
148944,8.17041E+18,8,2,12,0,2017,4,16,2,3,5,3,0,1,0,0,0,0,0,4.60433E+20,5.42748E+21,8.45906E+15,4.8999E+16
148945,8.17041E+18,8,2,11,0,2017,4,16,2,3,0,3,0,1,0,1,0,0,0,4.40791E+20,5.40411E+21,8.19392E+15,4.87872E+16
148946,8.17041E+18,8,1,36,15,2017,4,15,2,2,4,6,1,1,0,0,0,0,0,5.59951E+20,5.41256E+21,9.81741E+15,4.88631E+16
148947,8.17041E+18,8,1,35,25,2017,4,17,2,2,9,1,0,0,0,1,0,0,0,5.84174E+20,5.39792E+21,1.01446E+16,4.87286E+16
148948,8.17041E+18,8,1,27,73,2017,4,16,2,3,5,3,1,1,0,0,0,0,0,5.7894E+20,5.44649E+21,1.00829E+16,4.91662E+16
148949,8.17041E+18,8,1,26,11,2017,4,12,2,3,6,3,0,1,1,0,0,0,0,5.2972E+20,5.44566E+21,9.40766E+15,4.91631E+16
148950,8.17041E+18,8,1,26,66,2017,4,17,2,3,1,6,0,1,0,0,0,0,0,5.36133E+20,5.44868E+21,9.4959E+15,4.91898E+16
148951,8.17041E+18,8,1,25,81,2017,4,19,2,2,5,3,0,1,0,1,0,0,0,4.96286E+20,5.43406E+21,8.94916E+15,4.90594E+16
148952,8.17041E+18,8,1,19,79,2017,4,15,2,3,6,7,0,1,1,0,0,0,0,5.23171E+20,5.40859E+21,9.31572E+15,4.88299E+16
148953,8.17041E+18,8,1,19,44,2017,4,13,2,3,5,3,0,1,0,0,0,0,0,5.41821E+20,5.42546E+21,9.57155E+15,4.89807E+16
148954,8.17041E+18,8,1,19,8,2017,4,12,2,3,0,3,0,1,0,0,1,0,0,5.31518E+20,5.42277E+21,9.43054E+15,4.8957E+16
148955,8.17041E+18,8,1,19,8,2017,4,8,2,3,5,2,0,1,0,0,1,0,0,5.32248E+20,5.42126E+21,9.44039E+15,4.89434E+16
148956,8.17041E+18,8,1,18,48,2017,4,14,2,3,0,7,0,0,0,0,1,0,0,5.13657E+20,5.41546E+21,9.18631E+15,4.88919E+16
148957,8.17041E+18,8,1,16,49,2017,4,13,2,3,0,1,0,1,0,0,0,0,0,5.24959E+20,5.38582E+21,9.3387E+15,4.8625E+16
148958,8.17041E+18,8,1,16,35,2017,4,20,2,3,0,7,1,1,0,0,0,1,0,5.26976E+20,5.39189E+21,9.36646E+15,4.86795E+16
148959,8.17041E+18,8,1,16,15,2017,4,17,2,3,0,1,1,0,0,0,0,0,0,5.22578E+20,5.39498E+21,9.30689E+15,4.87075E+16
148960,8.17041E+18,8,1,16,54,2017,4,19,2,2,5,3,1,1,0,0,0,0,0,5.32996E+20,5.38098E+21,9.44738E+15,4.85811E+16
148961,8.17041E+18,8,1,15,29,2017,4,11,2,3,4,6,0,1,0,0,1,0,0,4.96708E+20,5.40015E+21,8.95521E+15,4.87543E+16
148962,8.17041E+18,8,1,11,0,2017,4,21,2,2,6,4,0,1,1,0,0,2,0,5.13832E+20,5.40403E+21,9.18832E+15,4.87891E+16
148963,8.17041E+18,8,1,11,0,2017,4,15,2,3,0,3,0,1,0,0,1,0,0,5.1322E+20,5.40343E+21,9.17996E+15,4.87837E+16
148964,8.17041E+18,8,1,11,0,2017,4,18,2,3,2,6,0,1,0,0,0,0,0,5.12085E+20,5.40651E+21,9.16461E+15,4.88114E+16
148965,8.17041E+18,8,4,17,79,2017,4,14,1,3,0,1,1,0,0,0,0,0,0,5.0204E+20,5.34128E+21,9.02747E+15,4.82248E+16
148966,8.17041E+18,8,4,16,41,2017,4,0,1,3,1,6,0,1,0,0,0,2,0,5.06633E+20,5.37499E+21,9.08984E+15,4.8528E+16
148967,8.17041E+18,8,4,15,61,2017,4,14,1,3,2,2,0,1,0,0,0,0,0,5.14819E+20,5.36999E+21,9.20053E+15,4.84829E+16
148968,8.17041E+18,8,4,15,61,2017,4,18,1,3,2,6,0,1,0,0,0,0,0,5.16712E+20,5.37054E+21,9.22617E+15,4.84878E+16
148969,8.17041E+18,8,3,37,96,2017,4,21,1,3,2,6,0,1,0,1,0,2,0,4.20676E+20,5.26727E+21,7.94566E+15,4.7554E+16
148970,8.17041E+18,8,3,35,75,2017,4,13,1,3,0,3,0,1,0,0,1,0,1,4.8797E+20,5.28949E+21,8.83948E+15,4.77586E+16
148971,8.17041E+18,8,3,35,43,2017,4,14,1,3,5,3,1,1,0,0,0,0,0,5.11073E+20,5.28126E+21,9.14754E+15,4.76847E+16
148972,8.17041E+18,8,3,35,43,2017,4,11,1,2,0,7,1,0,0,0,0,0,0,5.09981E+20,5.2881E+21,9.13315E+15,4.77462E+16
148973,8.17041E+18,8,3,35,97,2017,4,15,1,2,0,1,1,0,0,0,0,0,0,4.85048E+20,5.29561E+21,8.80027E+15,4.78137E+16
148974,8.17041E+18,8,3,15,76,2017,4,15,1,3,0,1,1,0,0,0,0,0,0,3.92299E+20,5.29596E+21,7.56151E+15,4.7808E+16
148975,8.17041E+18,8,3,15,6,2017,4,14,1,3,5,3,0,0,0,1,1,0,0,4.02866E+20,5.30841E+21,7.69981E+15,4.79216E+16
148976,8.17041E+18,8,3,15,15,2017,4,18,1,2,6,4,0,1,1,0,0,0,0,3.94298E+20,5.32041E+21,7.58221E+15,4.80282E+16
148977,8.17041E+18,8,3,15,20,2017,4,15,1,3,2,6,0,1,0,1,0,0,0,4.25295E+20,5.3107E+21,7.99959E+15,4.79453E+16
148978,8.17041E+18,8,2,12,0,2017,4,9,1,2,5,7,1,1,0,0,0,0,0,4.54284E+20,5.42886E+21,8.37484E+15,4.90109E+16
148979,8.17041E+18,8,2,35,73,2017,4,18,1,2,0,7,0,0,0,1,0,0,0,4.77244E+20,5.40592E+21,8.69009E+15,4.88059E+16
148980,8.17041E+18,8,2,35,85,2017,4,14,1,2,7,7,1,0,0,0,0,0,0,4.80454E+20,5.39982E+21,8.73409E+15,4.87511E+16
148981,8.17041E+18,8,2,22,0,2017,4,11,1,3,5,3,1,1,0,0,0,0,0,4.62927E+20,5.48614E+21,8.48771E+15,4.95267E+16
148982,8.17041E+18,8,2,22,0,2017,4,13,1,3,5,3,0,1,0,0,0,0,0,4.61097E+20,5.48158E+21,8.46288E+15,4.94856E+16
148983,8.17041E+18,8,2,22,0,2017,4,9,1,2,2,6,0,1,0,0,0,0,0,4.64452E+20,5.47688E+21,8.50963E+15,4.94436E+16
148984,8.17041E+18,8,2,26,32,2017,4,20,1,3,5,3,0,1,0,0,0,1,0,4.66619E+20,5.46373E+21,8.54061E+15,4.93254E+16
148985,8.17041E+18,8,2,21,0,2017,4,12,1,3,5,3,1,1,0,0,0,0,0,4.73231E+20,5.46695E+21,8.63139E+15,4.93547E+16
148986,8.17041E+18,8,1,36,65,2017,4,21,1,3,6,1,1,0,1,0,0,2,0,5.58535E+20,5.40565E+21,9.79712E+15,4.88011E+16
148987,8.17043E+18,8,4,16,41,2017,4,19,4,3,0,7,1,0,1,0,0,0,1,5.04856E+20,5.37332E+21,9.06575E+15,4.85129E+16
148988,8.17043E+18,8,4,15,59,2017,4,13,4,3,6,7,0,0,1,0,1,0,0,5.16797E+20,5.36794E+21,9.22722E+15,4.84643E+16
148989,8.17043E+18,8,3,35,43,2017,4,18,4,3,0,1,1,0,0,0,0,0,1,5.13408E+20,5.27923E+21,9.1786E+15,4.76663E+16
148990,8.17043E+18,8,3,35,75,2017,4,7,4,3,2,6,1,0,0,0,0,0,1,4.88652E+20,5.28882E+21,8.8486E+15,4.77527E+16
148991,8.17043E+18,8,3,17,1,2017,4,12,4,3,5,2,0,1,0,0,0,0,0,4.3079E+20,5.3864E+21,8.06076E+15,4.86269E+16
148992,8.17043E+18,8,3,11,0,2017,4,7,4,2,0,1,0,0,0,1,0,0,1,4.12937E+20,5.32026E+21,7.83218E+15,4.80297E+16
148993,8.17043E+18,8,3,11,0,2017,4,3,4,3,7,1,1,0,0,0,0,2,1,4.13576E+20,5.31735E+21,7.84134E+15,4.80036E+16
148994,8.17043E+18,8,2,35,79,2017,4,13,4,3,2,6,0,1,0,0,0,0,0,4.68964E+20,5.40264E+21,8.57756E+15,4.8776E+16
148995,8.17043E+18,8,2,26,96,2017,4,15,4,3,0,7,0,0,1,0,1,0,0,4.76374E+20,5.48826E+21,8.6734E+15,4.95465E+16
148996,8.17043E+18,8,2,21,0,2017,4,16,4,2,6,4,0,1,1,0,0,0,0,4.75588E+20,5.46914E+21,8.66371E+15,4.93745E+16
148997,8.17043E+18,8,2,15,7,2017,4,16,4,3,2,2,0,1,0,0,1,0,0,4.77931E+20,5.43168E+21,8.69805E+15,4.90376E+16
148998,8.17043E+18,8,1,28,115,2017,4,16,4,3,6,4,0,1,1,0,0,0,0,5.47638E+20,5.49677E+21,9.65955E+15,4.96216E+16
148999,8.17043E+18,8,1,25,5,2017,4,15,4,3,5,3,0,1,0,1,0,0,1,5.15799E+20,5.45246E+21,9.21698E+15,4.92247E+16
149000,8.17043E+18,8,1,21,0,2017,4,13,4,3,6,7,1,0,1,0,0,0,0,5.16086E+20,5.44335E+21,9.22056E+15,4.91428E+16
149001,8.17043E+18,8,1,18,48,2017,4,10,4,3,3,6,0,1,0,0,1,0,1,5.1198E+20,5.4153E+21,9.16343E+15,4.88905E+16
149002,8.17043E+18,8,4,21,0,2017,4,21,4,3,0,1,1,0,0,0,0,2,1,5.73298E+20,5.3621E+21,9.99044E+15,4.84077E+16
149003,8.17043E+18,8,1,16,77,2017,4,0,4,2,0,7,0,1,0,0,0,2,0,5.17559E+20,5.39121E+21,9.23851E+15,4.86737E+16
149004,8.17043E+18,8,1,16,19,2017,4,14,4,3,2,6,0,1,0,0,0,0,1,5.22054E+20,5.40061E+21,9.30007E+15,4.87581E+16
149005,8.17043E+18,8,1,16,58,2017,4,7,4,3,0,7,0,0,0,0,1,0,1,5.32969E+20,5.39557E+21,9.44817E+15,4.87123E+16
149006,8.17043E+18,8,1,16,19,2017,4,13,4,3,5,3,0,1,0,0,1,0,1,5.25164E+20,5.39644E+21,9.34213E+15,4.87205E+16
149007,8.17043E+18,8,1,11,0,2017,4,7,4,3,0,3,1,1,0,0,0,1,1,5.12987E+20,5.40267E+21,9.17678E+15,4.87769E+16
149008,8.17043E+18,8,4,25,137,2017,4,15,3,3,5,3,0,1,0,0,0,0,1,5.75461E+20,5.35278E+21,1.0018E+16,4.83237E+16
149009,8.17043E+18,8,4,15,61,2017,4,17,3,3,5,2,1,1,0,0,0,0,1,5.12931E+20,5.37157E+21,9.17504E+15,4.84971E+16
149010,8.17043E+18,8,4,16,36,2017,4,8,3,2,6,7,0,1,1,0,0,0,0,4.95037E+20,5.36924E+21,8.93285E+15,4.84763E+16
149011,8.17043E+18,8,4,16,36,2017,4,12,3,3,6,4,0,1,1,0,0,0,0,4.85492E+20,5.37102E+21,8.80364E+15,4.84921E+16
149012,8.17043E+18,8,3,36,91,2017,4,7,3,3,1,5,1,1,0,0,0,0,0,3.97156E+20,5.2722E+21,7.63197E+15,4.7595E+16
149013,8.17043E+18,8,3,35,75,2017,4,12,3,3,5,3,1,1,0,0,0,0,0,4.88404E+20,5.28876E+21,8.84529E+15,4.77521E+16
149014,8.17043E+18,8,3,35,43,2017,4,8,3,3,6,4,0,1,1,0,0,0,1,5.13843E+20,5.27956E+21,9.1844E+15,4.76693E+16
149015,8.17043E+18,8,3,35,43,2017,4,14,3,2,5,3,0,1,0,1,0,0,1,5.12267E+20,5.27883E+21,9.16338E+15,4.76628E+16
149016,8.17043E+18,8,4,36,64,2017,4,7,3,3,4,6,0,1,0,1,0,0,1,5.46806E+20,5.2935E+21,9.62497E+15,4.77932E+16
149017,8.17043E+18,8,3,17,51,2017,4,11,3,3,8,1,0,1,0,0,0,0,0,4.47576E+20,5.34049E+21,8.29428E+15,4.82155E+16
149018,8.17043E+18,8,3,17,65,2017,4,14,3,3,4,6,0,1,0,0,0,0,0,4.11941E+20,5.35521E+21,7.81159E+15,4.83439E+16
149019,8.17043E+18,8,3,17,65,2017,4,10,3,3,5,3,0,1,0,0,0,0,1,4.17054E+20,5.35485E+21,7.88064E+15,4.83414E+16
149020,8.17043E+18,8,3,17,5,2017,4,18,3,3,2,2,0,1,0,0,0,0,1,4.23946E+20,5.37636E+21,7.96972E+15,4.85357E+16