OBJECTID,UIDENTSTLA,ULAND,UREGBEZ,UKREIS,UGEMEINDE,UJAHR,UMONAT,USTUNDE,UWOCHENTAG,UKATEGORIE,UART,UTYP1,IstRad,IstPKW,IstFuss,IstKrad,IstSonstig,LICHT,STRZUSTAND,LINREFX,LINREFY,XGCSWGS84,YGCSWGS84
149021,8.17043E+18,8,3,16,2,2017,4,11,3,3,5,3,1,0,0,0,1,0,0,4.06549E+20,5.33069E+21,7.74424E+15,4.81226E+16
149022,8.17043E+18,8,3,36,50,2017,4,13,3,3,6,4,1,0,1,0,0,0,0,3.9882E+20,5.27236E+21,7.65406E+15,4.75968E+16
149023,8.17043E+18,8,3,11,0,2017,4,12,3,3,5,2,0,1,0,0,0,0,0,4.14128E+20,5.3197E+21,7.84828E+15,4.80248E+16
149024,8.17043E+18,8,3,11,0,2017,4,11,3,2,0,1,1,0,0,0,0,0,0,4.14627E+20,5.31687E+21,7.85552E+15,4.79995E+16
149025,8.17043E+18,8,3,11,0,2017,4,14,3,3,1,1,1,1,0,0,0,0,1,4.13731E+20,5.3156E+21,7.84377E+15,4.79878E+16
149026,8.17043E+18,8,3,11,0,2017,4,13,3,3,5,3,0,1,0,0,0,0,0,4.09356E+20,5.31539E+21,7.78519E+15,4.79854E+16
149027,8.17043E+18,8,2,12,0,2017,4,12,3,3,5,2,0,0,0,1,1,0,0,4.52739E+20,5.42883E+21,8.35372E+15,4.90106E+16
149028,8.17043E+18,8,2,15,103,2017,4,3,3,2,5,3,0,1,0,0,1,2,0,4.65052E+20,5.44141E+21,8.521E+15,4.91245E+16
149029,8.17043E+18,8,2,37,74,2017,4,16,3,2,5,6,0,1,0,0,0,0,0,4.68523E+20,5.36892E+21,8.57413E+15,4.84726E+16
149030,8.17043E+18,8,2,31,0,2017,4,10,3,3,2,6,0,1,0,0,0,0,0,4.77478E+20,5.41592E+21,8.69272E+15,4.88958E+16
149031,8.17043E+18,8,2,31,0,2017,4,16,3,3,2,6,0,1,0,0,0,0,1,4.77058E+20,5.4157E+21,8.68701E+15,4.88938E+16
149032,8.17043E+18,8,2,26,103,2017,4,6,3,3,5,3,0,1,0,0,0,0,0,4.72588E+20,5.4574E+21,8.62319E+15,4.92687E+16
149033,8.17043E+18,8,2,26,32,2017,4,18,3,3,5,3,1,1,0,0,0,0,0,4.68064E+20,5.46247E+21,8.5606E+15,4.93141E+16
149034,8.17043E+18,8,2,21,0,2017,4,15,3,3,5,3,1,1,0,0,0,0,0,4.7744E+20,5.47444E+21,8.68892E+15,4.94222E+16
149035,8.17043E+18,8,2,12,0,2017,4,15,3,3,2,2,0,1,0,0,0,0,0,4.58389E+20,5.43145E+21,8.43071E+15,4.90345E+16
149036,8.17043E+18,8,2,12,0,2017,4,19,3,3,2,6,0,1,0,0,0,0,1,4.6054E+20,5.42772E+21,8.46049E+15,4.90012E+16
149037,8.17043E+18,8,1,21,0,2017,4,8,3,3,1,5,0,1,0,0,1,0,0,5.13194E+20,5.44363E+21,9.18091E+15,4.91454E+16
149038,8.17043E+18,8,1,19,86,2017,4,17,3,3,5,3,1,1,0,0,0,0,1,5.35621E+20,5.40543E+21,9.48507E+15,4.88008E+16
149039,8.17043E+18,8,1,18,48,2017,4,16,3,3,6,4,0,1,1,0,0,0,1,5.11725E+20,5.41444E+21,9.15992E+15,4.88828E+16
149040,8.17043E+18,8,1,18,3,2017,4,15,3,3,0,1,1,0,0,0,0,0,0,5.10794E+20,5.41684E+21,9.1473E+15,4.89044E+16
149041,8.17043E+18,8,1,16,35,2017,4,15,3,3,5,2,1,0,0,1,0,0,0,5.26769E+20,5.3926E+21,9.3637E+15,4.86858E+16
149042,8.17043E+18,8,1,15,45,2017,4,22,3,3,1,7,0,1,0,1,0,2,1,5.0086E+20,5.39702E+21,9.0117E+15,4.87262E+16
149043,8.17043E+18,8,1,11,0,2017,4,20,3,3,6,2,0,1,1,0,0,1,1,5.12544E+20,5.40291E+21,9.17074E+15,4.87791E+16
149044,8.17042E+18,8,4,36,82,2017,4,15,2,3,0,3,0,1,0,1,0,0,0,5.47194E+20,5.29586E+21,9.63041E+15,4.78143E+16
149045,8.17042E+18,8,4,36,49,2017,4,18,2,3,2,1,0,1,0,0,0,0,0,5.77704E+20,5.28273E+21,1.00356E+16,4.76933E+16
149046,8.17042E+18,8,4,36,64,2017,4,15,2,3,9,1,0,1,0,0,0,0,0,5.46917E+20,5.28916E+21,9.62598E+15,4.77541E+16
149047,8.17042E+18,8,4,36,64,2017,4,13,2,3,3,2,1,1,0,0,0,0,0,5.45846E+20,5.2918E+21,9.61197E+15,4.7778E+16
149048,8.17042E+18,8,4,35,59,2017,4,7,2,3,5,3,1,1,0,0,0,0,0,5.14852E+20,5.2901E+21,9.1982E+15,4.77641E+16
149049,8.17042E+18,8,4,21,0,2017,4,16,2,3,2,2,0,1,0,1,0,0,0,5.70853E+20,5.36173E+21,9.95735E+15,4.84047E+16
149050,8.17042E+18,8,4,16,9,2017,4,6,2,3,5,3,1,1,0,0,0,0,0,5.08092E+20,5.38398E+21,9.10978E+15,4.86088E+16
149051,8.17042E+18,8,4,16,41,2017,4,17,2,3,1,5,1,1,0,0,0,0,0,5.06656E+20,5.3748E+21,9.09015E+15,4.85263E+16
149052,8.17042E+18,8,4,15,61,2017,4,13,2,2,6,4,0,1,1,0,0,0,0,5.15154E+20,5.37281E+21,9.20517E+15,4.85083E+16
149053,8.17042E+18,8,4,15,61,2017,4,15,2,3,5,2,0,1,0,1,0,0,0,5.16868E+20,5.37313E+21,9.22839E+15,4.85111E+16
149054,8.17042E+18,8,4,15,19,2017,4,17,2,3,5,3,0,1,0,1,0,0,0,5.19002E+20,5.36916E+21,9.2571E+15,4.84753E+16
149055,8.17042E+18,8,3,36,91,2017,4,17,2,3,5,3,1,1,0,0,0,0,0,3.9497E+20,5.27408E+21,7.60246E+15,4.76116E+16
149056,8.17042E+18,8,3,36,91,2017,4,10,2,3,6,7,0,1,1,0,0,0,0,3.95677E+20,5.27202E+21,7.61235E+15,4.75932E+16
149057,8.17042E+18,8,3,36,81,2017,4,11,2,3,6,7,0,1,1,0,0,0,0,4.11234E+20,5.27777E+21,7.81806E+15,4.76472E+16
149058,8.17042E+18,8,3,35,43,2017,4,17,2,3,0,6,1,0,0,0,1,0,0,5.13873E+20,5.28003E+21,9.18482E+15,4.76735E+16
149059,8.17042E+18,8,3,35,43,2017,4,9,2,3,6,6,1,0,1,0,0,0,0,5.13238E+20,5.27864E+21,9.17632E+15,4.7661E+16
149060,8.17042E+18,8,3,35,81,2017,4,19,2,3,2,3,1,1,0,0,0,0,0,4.90062E+20,5.2963E+21,8.86723E+15,4.78199E+16
149061,8.17042E+18,8,3,26,74,2017,4,9,2,3,0,1,1,0,0,0,0,0,0,4.60011E+20,5.32383E+21,8.46323E+15,4.80665E+16
149062,8.17042E+18,8,4,17,79,2017,4,17,2,2,4,3,1,1,0,0,0,0,0,5.02143E+20,5.34016E+21,9.02885E+15,4.82147E+16
149063,8.17042E+18,8,3,17,96,2017,4,10,2,3,6,4,0,1,1,0,0,0,0,4.21906E+20,5.36933E+21,7.94341E+15,4.84722E+16
149064,8.17042E+18,8,3,17,96,2017,4,13,2,3,2,2,0,1,0,1,0,0,0,4.20949E+20,5.36957E+21,7.93042E+15,4.84743E+16
149065,8.17042E+18,8,3,15,50,2017,4,15,2,3,4,3,1,1,0,0,0,0,0,4.01594E+20,5.30432E+21,7.68372E+15,4.78847E+16
149066,8.17042E+18,8,3,36,50,2017,4,7,2,3,3,6,1,0,0,0,0,0,0,4.00433E+20,5.27499E+21,7.67491E+15,4.76207E+16
149067,8.17042E+18,8,3,36,50,2017,4,6,2,3,5,3,0,1,0,1,0,0,0,3.98918E+20,5.27308E+21,7.6552E+15,4.76032E+16
149068,8.17042E+18,8,3,36,50,2017,4,11,2,2,5,3,1,1,0,0,0,0,0,4.00539E+20,5.27653E+21,7.67598E+15,4.76345E+16
149069,8.17042E+18,8,3,11,0,2017,4,8,2,3,1,5,0,1,0,1,0,0,0,4.13225E+20,5.31526E+21,7.83706E+15,4.79848E+16
149070,8.17042E+18,8,3,11,0,2017,4,12,2,3,2,6,0,1,0,0,0,0,0,4.13436E+20,5.31725E+21,7.83948E+15,4.80027E+16
149071,8.17042E+18,8,3,11,0,2017,4,12,2,3,5,2,1,1,0,0,0,0,0,4.13902E+20,5.31714E+21,7.84576E+15,4.80017E+16
149072,8.17042E+18,8,2,12,0,2017,4,16,2,3,5,7,0,0,0,0,1,0,0,4.5371E+20,5.42569E+21,8.36734E+15,4.89824E+16
149073,8.17042E+18,8,2,12,0,2017,4,8,2,3,1,5,1,1,0,0,0,0,0,4.55621E+20,5.42691E+21,8.39334E+15,4.89935E+16
149074,8.17042E+18,8,2,12,0,2017,4,6,2,3,0,3,0,1,0,1,0,0,0,4.52048E+20,5.42698E+21,8.34449E+15,4.89938E+16
149075,8.17042E+18,8,2,12,0,2017,4,12,2,2,5,3,0,1,0,1,0,0,0,4.53774E+20,5.42857E+21,8.3679E+15,4.90083E+16
149076,8.17042E+18,8,2,31,0,2017,4,18,2,3,0,7,0,1,0,0,1,0,0,4.78038E+20,5.41529E+21,8.70039E+15,4.88901E+16
149077,8.17042E+18,8,2,36,46,2017,4,5,2,3,5,3,0,1,0,0,0,1,0,4.83413E+20,5.41801E+21,8.7736E+15,4.89149E+16
149078,8.17042E+18,8,2,22,0,2017,4,14,2,3,0,7,0,0,0,1,0,0,0,4.62556E+20,5.4781E+21,8.48335E+15,4.94544E+16
149079,8.17042E+18,8,2,26,38,2017,4,15,2,3,5,3,1,1,0,0,0,0,0,4.7148E+20,5.48037E+21,8.60632E+15,4.94753E+16
149080,8.17042E+18,8,2,22,0,2017,4,8,2,3,2,6,0,1,0,0,0,0,0,4.66049E+20,5.48092E+21,8.5313E+15,4.948E+16
149081,8.17042E+18,8,2,22,0,2017,4,7,2,3,5,2,1,1,0,0,0,0,0,4.64201E+20,5.48563E+21,8.50537E+15,4.95223E+16
149082,8.17042E+18,8,2,21,0,2017,4,15,2,3,4,3,0,1,0,0,0,0,0,4.82806E+20,5.47388E+21,8.76293E+15,4.94174E+16
149083,8.17042E+18,8,2,16,43,2017,4,18,2,3,5,2,1,1,0,0,0,0,0,4.41215E+20,5.41199E+21,8.19857E+15,4.88581E+16
149084,8.17042E+18,8,2,15,17,2017,4,11,2,3,2,6,0,1,0,0,0,0,0,4.54543E+20,5.4219E+21,8.37916E+15,4.89483E+16
149085,8.17042E+18,8,2,12,0,2017,4,15,2,2,5,3,1,1,0,0,0,0,0,4.52232E+20,5.42915E+21,8.34674E+15,4.90134E+16
149086,8.17042E+18,8,2,15,101,2017,4,11,2,3,0,7,1,0,0,0,0,0,0,4.6536E+20,5.42825E+21,8.52635E+15,4.90062E+16
149087,8.17042E+18,8,2,16,63,2017,4,17,2,1,1,1,0,0,0,1,1,0,0,4.32406E+20,5.40209E+21,8.08011E+15,4.87681E+16
149088,8.17042E+18,8,1,15,45,2017,4,16,2,3,2,6,0,1,0,0,1,0,0,5.05066E+20,5.39719E+21,9.06889E+15,4.87277E+16
149089,8.17042E+18,8,1,15,48,2017,4,21,2,3,9,7,0,1,0,0,0,2,0,5.10693E+20,5.38724E+21,9.14515E+15,4.86381E+16
149090,8.17042E+18,8,1,36,88,2017,4,9,2,2,6,4,0,1,1,0,0,0,0,5.8091E+20,5.41283E+21,1.01032E+16,4.88632E+16
149091,8.17042E+18,8,1,36,65,2017,4,16,2,2,5,3,0,1,0,1,0,0,0,5.56874E+20,5.40479E+21,9.77438E+15,4.87935E+16
149092,8.17042E+18,8,1,28,115,2017,4,15,2,3,6,4,0,1,1,0,0,0,0,5.4804E+20,5.49714E+21,9.66516E+15,4.9625E+16
149093,8.17042E+18,8,1,26,69,2017,4,14,2,2,2,6,0,1,0,1,0,0,0,5.33597E+20,5.44682E+21,9.46094E+15,4.91732E+16
149094,8.17042E+18,8,1,25,69,2017,4,16,2,2,0,7,1,0,1,0,0,0,0,5.22695E+20,5.45455E+21,9.31181E+15,4.92433E+16
149095,8.17042E+18,8,1,18,78,2017,4,16,2,2,6,4,0,1,1,0,0,0,0,5.14955E+20,5.42064E+21,9.20422E+15,4.89385E+16
149096,8.17042E+18,8,1,18,79,2017,4,7,2,3,0,3,1,0,0,0,1,0,0,5.07459E+20,5.42114E+21,9.10186E+15,4.89431E+16
149097,8.17042E+18,8,1,16,70,2017,4,16,2,2,0,1,1,0,0,0,0,0,0,5.38829E+20,5.38555E+21,9.52689E+15,4.86218E+16
149098,8.17042E+18,8,1,16,77,2017,4,8,2,3,5,3,0,1,0,0,0,0,0,5.1633E+20,5.3916E+21,9.22183E+15,4.86772E+16
149099,8.17042E+18,8,1,16,49,2017,4,12,2,3,6,3,0,1,1,0,0,0,0,5.25488E+20,5.38622E+21,9.3459E+15,4.86286E+16
149100,8.17042E+18,8,1,11,0,2017,4,18,2,2,5,3,0,1,0,1,0,0,0,5.19213E+20,5.40433E+21,9.26159E+15,4.87917E+16
149101,8.17042E+18,8,1,11,0,2017,4,16,2,3,2,6,0,1,0,0,0,0,0,5.13111E+20,5.40158E+21,9.17843E+15,4.87671E+16
149102,8.17042E+18,8,1,11,0,2017,4,9,2,2,6,4,0,0,1,0,1,0,0,5.1253E+20,5.4029E+21,9.17056E+15,4.87789E+16
149103,8.17042E+18,8,1,11,0,2017,4,15,2,3,5,3,0,1,0,1,0,0,0,5.18279E+20,5.4064E+21,9.24897E+15,4.88103E+16
149104,8.17042E+18,8,1,11,0,2017,4,16,2,3,5,3,1,1,0,0,0,0,0,5.1862E+20,5.40282E+21,9.25344E+15,4.87781E+16
149105,8.17042E+18,8,1,11,0,2017,4,17,2,3,2,6,0,1,0,0,0,0,0,5.10046E+20,5.40235E+21,9.13673E+15,4.87741E+16
149106,8.17042E+18,8,1,11,0,2017,4,13,2,3,0,2,0,1,0,1,0,0,0,5.10517E+20,5.40194E+21,9.14314E+15,4.87704E+16
149107,8.17042E+18,8,1,11,0,2017,4,21,2,3,0,6,0,1,0,0,1,2,0,5.1337E+20,5.40332E+21,9.182E+15,4.87827E+16
149108,8.17042E+18,8,4,15,92,2017,4,20,1,2,6,4,0,1,1,0,0,1,0,5.1889E+20,5.36548E+21,9.25542E+15,4.84422E+16
149109,8.17042E+18,8,4,15,87,2017,4,20,1,2,0,7,1,0,0,0,0,1,0,5.13253E+20,5.38157E+21,9.17972E+15,4.85871E+16
149110,8.17042E+18,8,4,15,61,2017,4,15,1,3,4,6,0,1,0,1,0,0,0,5.16486E+20,5.3709E+21,9.22313E+15,4.8491E+16
149111,8.17042E+18,8,3,35,22,2017,4,11,1,3,0,7,0,0,0,1,0,0,0,4.82571E+20,5.29696E+21,8.76714E+15,4.78257E+16
149112,8.17042E+18,8,3,11,0,2017,4,15,1,3,5,3,0,1,1,0,0,0,0,4.1696E+20,5.3154E+21,7.88707E+15,4.79865E+16
149113,8.17042E+18,8,3,11,0,2017,4,11,1,3,0,1,1,1,0,0,0,0,0,4.18623E+20,5.31433E+21,7.90957E+15,4.79771E+16
149114,8.17042E+18,8,2,22,0,2017,4,21,1,2,3,2,0,1,0,0,1,2,0,4.62917E+20,5.47913E+21,8.48824E+15,4.94637E+16
149115,8.17042E+18,8,2,21,0,2017,4,18,1,3,5,3,1,1,0,0,0,0,0,4.76546E+20,5.47337E+21,8.67666E+15,4.94126E+16
149116,8.17042E+18,8,2,26,18,2017,4,14,1,3,6,7,0,1,1,0,0,0,0,4.73086E+20,5.4728E+21,8.629E+15,4.94073E+16
149117,8.17042E+18,8,2,15,21,2017,4,18,1,3,0,7,0,1,0,0,0,0,0,4.69594E+20,5.44448E+21,8.58301E+15,4.91523E+16
149118,8.17042E+18,8,1,36,19,2017,4,11,1,2,0,1,0,0,0,1,0,0,0,5.88866E+20,5.42214E+21,1.02137E+16,4.89458E+16
149119,8.17042E+18,8,1,25,63,2017,4,2,1,3,9,1,0,1,0,0,0,2,0,5.25148E+20,5.46355E+21,9.34608E+15,4.93241E+16
149120,8.17042E+18,8,1,21,0,2017,4,16,1,3,5,3,0,1,0,0,0,0,0,5.1288E+20,5.44061E+21,9.17652E+15,4.91182E+16
149121,8.17042E+18,8,4,25,79,2017,4,3,1,2,6,4,0,1,1,0,0,2,1,5.55659E+20,5.37301E+21,9.75357E+15,4.85078E+16
149122,8.17042E+18,8,4,25,71,2017,4,2,1,3,8,1,0,1,0,0,0,2,1,5.45976E+20,5.36949E+21,9.6221E+15,4.84768E+16
149123,8.17042E+18,8,1,16,19,2017,4,15,1,3,5,3,1,1,0,0,0,0,0,5.21499E+20,5.39823E+21,9.29239E+15,4.87368E+16
149124,8.17042E+18,8,1,11,0,2017,4,14,1,3,3,7,0,1,0,1,0,0,0,5.1346E+20,5.40932E+21,9.18343E+15,4.88367E+16
149125,8.17042E+18,8,3,36,69,2017,4,17,7,3,5,3,0,1,0,0,0,0,0,4.08258E+20,5.26794E+21,7.7805E+15,4.75584E+16
149126,8.17042E+18,8,3,35,43,2017,4,10,7,3,5,3,1,0,0,0,0,0,0,5.13169E+20,5.27992E+21,9.17543E+15,4.76726E+16
149127,8.17042E+18,8,3,35,43,2017,4,18,7,3,6,7,1,0,1,0,0,0,0,5.13337E+20,5.27859E+21,9.17763E+15,4.76606E+16
149128,8.17042E+18,8,3,16,11,2017,4,13,7,3,0,1,1,0,0,0,0,0,0,4.13014E+20,5.33084E+21,7.83106E+15,4.81249E+16
149129,8.17042E+18,8,3,11,0,2017,4,14,7,3,0,7,1,1,0,0,0,0,0,4.14753E+20,5.31741E+21,7.85711E+15,4.80043E+16
149130,8.17042E+18,8,3,11,0,2017,4,0,7,3,5,7,0,1,0,0,0,2,0,4.14574E+20,5.31822E+21,7.85455E+15,4.80115E+16
149131,8.17042E+18,8,3,11,0,2017,4,10,7,3,5,3,1,1,0,0,0,0,0,4.14519E+20,5.31564E+21,7.85432E+15,4.79884E+16
149132,8.17042E+18,8,2,26,98,2017,4,15,7,3,5,3,1,1,0,0,0,0,0,4.76634E+20,5.45977E+21,8.67868E+15,4.92902E+16
149133,8.17042E+18,8,2,26,37,2017,4,18,7,3,5,3,0,1,0,0,0,0,0,4.66049E+20,5.46818E+21,8.5324E+15,4.93654E+16
149134,8.17042E+18,8,2,22,0,2017,4,10,7,2,5,3,0,1,0,0,0,0,0,4.64725E+20,5.47807E+21,8.51328E+15,4.94542E+16
149135,8.17042E+18,8,2,16,5,2017,4,18,7,3,5,3,1,1,0,0,0,0,1,4.4536E+20,5.41769E+21,8.25431E+15,4.89097E+16
149136,8.17042E+18,8,1,21,0,2017,4,14,7,3,5,2,0,1,0,0,0,0,1,5.15274E+20,5.44631E+21,9.20954E+15,4.91695E+16
149137,8.17042E+18,8,1,17,19,2017,4,15,7,3,6,4,0,1,1,0,0,0,1,5.51708E+20,5.39363E+21,9.70265E+15,4.86936E+16
149138,8.17042E+18,8,1,16,49,2017,4,19,7,3,5,3,0,1,0,0,0,1,0,5.25451E+20,5.38467E+21,9.34531E+15,4.86146E+16
149139,8.17042E+18,8,1,16,42,2017,4,17,7,3,6,4,0,1,1,0,0,0,0,5.18049E+20,5.38155E+21,9.24475E+15,4.85868E+16
149140,8.17042E+18,8,1,11,0,2017,4,16,7,3,0,1,0,0,0,1,0,0,1,5.11185E+20,5.39986E+21,9.15217E+15,4.87517E+16
149141,8.17042E+18,8,4,37,104,2017,4,18,6,3,5,2,0,1,0,0,0,0,0,5.17441E+20,5.3253E+21,9.23417E+15,4.80807E+16
149142,8.17042E+18,8,4,26,70,2017,4,11,6,2,5,3,0,1,0,1,0,0,0,5.6559E+20,5.34175E+21,9.88314E+15,4.82256E+16
149143,8.17042E+18,8,4,25,72,2017,4,13,6,3,5,2,1,1,0,0,0,0,0,5.8378E+20,5.37293E+21,1.01342E+16,4.85039E+16
149144,8.17042E+18,8,4,21,0,2017,4,19,6,2,2,2,1,0,0,0,0,1,0,5.73594E+20,5.36185E+21,9.99439E+15,4.84055E+16
149145,8.17042E+18,8,4,25,20,2017,4,15,6,3,5,3,1,1,0,0,0,0,0,5.58062E+20,5.36125E+21,9.78447E+15,4.84018E+16
149146,8.17042E+18,8,4,17,2,2017,4,12,6,3,6,4,0,1,1,0,0,0,0,4.88847E+20,5.3465E+21,8.84969E+15,4.82716E+16
149147,8.17042E+18,8,4,16,41,2017,4,13,6,3,5,3,0,1,0,1,0,0,0,5.06265E+20,5.37409E+21,9.08484E+15,4.85198E+16
149148,8.17042E+18,8,4,16,41,2017,4,12,6,3,5,3,0,1,0,0,1,0,0,5.0434E+20,5.37271E+21,9.05876E+15,4.85075E+16
149149,8.17042E+18,8,3,35,43,2017,4,9,6,2,5,3,0,1,0,1,0,0,0,5.12014E+20,5.28034E+21,9.16006E+15,4.76763E+16
149150,8.17042E+18,8,3,17,65,2017,4,10,6,3,0,7,1,0,0,0,0,0,0,4.13854E+20,5.35518E+21,7.8374E+15,4.83439E+16
149151,8.17042E+18,8,3,17,57,2017,4,14,6,3,2,6,0,1,0,0,0,0,0,4.12685E+20,5.38099E+21,7.81624E+15,4.85759E+16
149152,8.17042E+18,8,3,36,105,2017,4,19,6,3,8,1,0,0,0,1,0,0,0,4.00515E+20,5.26672E+21,7.67788E+15,4.75463E+16
149153,8.17042E+18,8,3,36,91,2017,4,16,6,3,1,5,1,1,0,0,0,0,0,3.97309E+20,5.27189E+21,7.63408E+15,4.75923E+16
149154,8.17042E+18,8,3,11,0,2017,4,8,6,3,4,3,0,1,0,0,0,0,0,4.09476E+20,5.31542E+21,7.78679E+15,4.79857E+16
149155,8.17042E+18,8,3,11,0,2017,4,15,6,3,0,6,0,1,0,1,0,0,0,4.14708E+20,5.31818E+21,7.85635E+15,4.80112E+16
149156,8.17042E+18,8,3,11,0,2017,4,15,6,3,1,5,1,1,0,0,0,0,0,4.12476E+20,5.31445E+21,7.82719E+15,4.79774E+16
149157,8.17042E+18,8,3,11,0,2017,4,13,6,3,2,1,0,1,0,0,0,0,0,4.10447E+20,5.31568E+21,7.79975E+15,4.79881E+16
149158,8.17042E+18,8,2,12,0,2017,4,12,6,3,1,7,1,1,0,0,0,0,0,4.56246E+20,5.42711E+21,8.40186E+15,4.89953E+16
149159,8.17042E+18,8,2,26,95,2017,4,9,6,3,6,6,0,1,1,0,0,0,0,4.74803E+20,5.46113E+21,8.65341E+15,4.93024E+16
149160,8.17042E+18,8,2,26,59,2017,4,17,6,2,5,3,0,1,0,1,0,0,0,4.65036E+20,5.46024E+21,8.51913E+15,4.92939E+16
149161,8.17042E+18,8,2,21,0,2017,4,11,6,3,6,4,0,0,1,0,1,0,0,4.75752E+20,5.46947E+21,8.66595E+15,4.93774E+16
149162,8.17042E+18,8,2,16,43,2017,4,22,6,3,8,1,0,1,0,0,0,2,0,4.42997E+20,5.41276E+21,8.22276E+15,4.88651E+16
149163,8.17042E+18,8,2,15,9,2017,4,5,6,3,2,6,0,1,0,0,1,2,0,4.6923E+20,5.44142E+21,8.57826E+15,4.91248E+16
149164,8.17042E+18,8,2,11,0,2017,4,16,6,3,1,5,1,1,0,0,0,0,0,4.44864E+20,5.3999E+21,8.24993E+15,4.87497E+16
149165,8.17042E+18,8,2,11,0,2017,4,18,6,2,4,2,0,1,0,0,0,0,0,4.44426E+20,5.40048E+21,8.24389E+15,4.87549E+16
149166,8.17042E+18,8,1,36,65,2017,4,13,6,3,0,1,1,0,1,0,0,0,0,5.55572E+20,5.40428E+21,9.75659E+15,4.87891E+16
149167,8.17042E+18,8,1,36,88,2017,4,8,6,2,4,6,0,1,0,0,0,0,0,5.7868E+20,5.40931E+21,1.00721E+16,4.88318E+16
149168,8.17042E+18,8,1,28,7,2017,4,6,6,3,5,3,0,1,0,0,0,1,0,5.60462E+20,5.4805E+21,9.83459E+15,4.94742E+16
149169,8.17042E+18,8,1,27,14,2017,4,15,6,3,2,6,0,1,0,0,0,0,0,5.77192E+20,5.44263E+21,1.00582E+16,4.91317E+16
149170,8.17042E+18,8,1,21,0,2017,4,11,6,3,6,4,0,1,1,0,0,0,0,5.1466E+20,5.44223E+21,9.20096E+15,4.91327E+16
149171,8.17042E+18,8,1,21,0,2017,4,16,6,3,2,2,0,1,0,0,0,0,0,5.13486E+20,5.43978E+21,9.18479E+15,4.91108E+16
149172,8.17042E+18,8,1,19,67,2017,4,19,6,3,5,3,1,1,0,0,0,0,0,5.38179E+20,5.40593E+21,9.51996E+15,4.88052E+16
149173,8.17042E+18,8,1,19,20,2017,4,12,6,3,6,4,0,1,1,0,0,0,0,5.19878E+20,5.40747E+21,9.2708E+15,4.88199E+16
149174,8.17042E+18,8,1,19,44,2017,4,14,6,3,5,3,1,1,0,0,0,0,0,5.41826E+20,5.42558E+21,9.57163E+15,4.89817E+16
149175,8.17042E+18,8,1,18,19,2017,4,11,6,3,6,4,0,1,1,0,0,0,0,5.04714E+20,5.40518E+21,9.06419E+15,4.87996E+16
149176,8.17042E+18,8,1,17,18,2017,4,18,6,3,5,3,0,1,0,1,0,0,0,5.37356E+20,5.39368E+21,9.50763E+15,4.8695E+16
149177,8.17042E+18,8,1,16,19,2017,4,14,6,3,1,5,0,1,0,0,1,0,0,5.24445E+20,5.39814E+21,9.33245E+15,4.87358E+16
149178,8.17042E+18,8,1,11,0,2017,4,16,6,3,5,3,0,1,0,0,1,0,0,5.10751E+20,5.40048E+21,9.14628E+15,4.87572E+16
149179,8.17042E+18,8,1,11,0,2017,4,16,6,3,5,2,0,1,0,0,1,0,0,5.16714E+20,5.40319E+21,9.22752E+15,4.87815E+16
149180,8.17042E+18,8,4,35,13,2017,4,15,5,3,4,6,1,0,0,0,0,0,0,5.39478E+20,5.27535E+21,9.52549E+15,4.76304E+16
149181,8.17042E+18,8,4,17,79,2017,4,16,5,3,5,3,0,1,0,0,0,0,0,5.00868E+20,5.3396E+21,9.01168E+15,4.82096E+16
149182,8.17042E+18,8,4,15,61,2017,4,16,5,3,0,1,0,1,1,0,0,0,0,5.15299E+20,5.37215E+21,9.20711E+15,4.85022E+16
149183,8.17042E+18,8,3,36,69,2017,4,6,5,3,3,2,1,1,0,0,0,0,0,4.08733E+20,5.26783E+21,7.78683E+15,4.75575E+16
149184,8.17042E+18,8,3,35,43,2017,4,17,5,3,8,1,0,0,0,1,0,0,0,5.13279E+20,5.27825E+21,9.17684E+15,4.76575E+16
149185,8.17042E+18,8,3,26,74,2017,4,14,5,3,2,6,0,1,0,0,1,0,0,4.60067E+20,5.32256E+21,8.4641E+15,4.80551E+16
149186,8.17042E+18,8,3,16,11,2017,4,15,5,3,6,4,0,1,1,0,0,0,0,4.15015E+20,5.32903E+21,7.85831E+15,4.81089E+16
149187,8.17042E+18,8,3,11,0,2017,4,19,5,3,5,3,0,1,0,1,0,0,0,4.1433E+20,5.31939E+21,7.85104E+15,4.8022E+16
149188,8.17042E+18,8,3,11,0,2017,4,12,5,3,8,1,0,1,0,0,0,0,0,4.14434E+20,5.318E+21,7.85271E+15,4.80096E+16
149189,8.17042E+18,8,2,12,0,2017,4,20,5,3,3,2,0,1,0,0,0,1,0,4.55601E+20,5.42891E+21,8.39284E+15,4.90115E+16
149190,8.17042E+18,8,2,35,85,2017,4,6,5,3,0,7,0,1,0,0,0,1,0,4.83154E+20,5.3937E+21,8.77107E+15,4.86961E+16
149191,8.17042E+18,8,2,35,85,2017,4,15,5,3,5,3,0,1,0,0,0,0,0,4.81772E+20,5.39546E+21,8.75221E+15,4.87119E+16
149192,8.17042E+18,8,2,26,76,2017,4,6,5,3,5,3,1,1,0,0,0,1,0,4.74784E+20,5.46547E+21,8.65288E+15,4.93415E+16