OBJECTID,UIDENTSTLA,ULAND,UREGBEZ,UKREIS,UGEMEINDE,UJAHR,UMONAT,USTUNDE,UWOCHENTAG,UKATEGORIE,UART,UTYP1,IstRad,IstPKW,IstFuss,IstKrad,IstSonstig,LICHT,STRZUSTAND,LINREFX,LINREFY,XGCSWGS84,YGCSWGS84
149193,8.17042E+18,8,2,26,41,2017,4,17,5,3,5,3,1,1,0,0,0,0,0,4.76824E+20,5.46606E+21,8.68092E+15,4.93468E+16
149194,8.17042E+18,8,2,22,0,2017,4,5,5,3,4,2,0,1,0,0,0,1,0,4.62518E+20,5.48454E+21,8.48222E+15,4.95123E+16
149195,8.17042E+18,8,2,22,0,2017,4,16,5,3,1,6,0,1,0,0,0,0,0,4.62343E+20,5.48417E+21,8.47984E+15,4.9509E+16
149196,8.17042E+18,8,2,15,106,2017,4,22,5,3,3,6,0,1,0,1,0,2,0,4.64966E+20,5.45264E+21,8.51884E+15,4.92255E+16
149197,8.17042E+18,8,2,15,100,2017,4,19,5,3,4,2,1,1,0,0,0,0,0,4.74554E+20,5.45235E+21,8.65054E+15,4.92234E+16
149198,8.17042E+18,8,2,15,102,2017,4,19,5,3,5,3,0,1,0,1,0,0,0,4.56434E+20,5.43711E+21,8.40335E+15,4.90853E+16
149199,8.17042E+18,8,2,12,0,2017,4,9,5,3,2,3,1,1,0,0,0,0,0,4.59102E+20,5.42981E+21,8.44063E+15,4.90198E+16
149200,8.17042E+18,8,1,18,50,2017,4,12,5,3,0,7,0,1,0,0,1,0,0,5.07051E+20,5.41658E+21,9.09622E+15,4.89022E+16
149201,8.17042E+18,8,1,18,80,2017,4,10,5,1,6,7,0,0,1,0,1,0,0,5.09164E+20,5.40809E+21,9.12486E+15,4.88257E+16
149202,8.17042E+18,8,1,16,80,2017,4,18,5,3,8,1,0,0,0,1,0,0,0,5.22109E+20,5.39624E+21,9.30058E+15,4.87188E+16
149203,8.17042E+18,8,1,11,0,2017,4,17,5,3,5,3,0,1,0,0,1,0,0,5.16267E+20,5.40606E+21,9.22155E+15,4.88073E+16
149204,8.17042E+18,8,1,11,0,2017,4,15,5,3,6,4,0,0,1,0,1,0,0,5.09107E+20,5.39712E+21,9.12384E+15,4.8727E+16
149205,8.17042E+18,8,1,11,0,2017,4,17,5,3,5,2,1,1,0,0,0,0,0,5.16186E+20,5.40527E+21,9.22042E+15,4.88002E+16
149206,8.17042E+18,8,1,11,0,2017,4,16,5,3,5,3,0,1,0,0,0,0,0,5.18448E+20,5.40333E+21,9.25113E+15,4.87827E+16
149207,8.17042E+18,8,4,15,61,2017,4,19,4,3,0,1,1,0,0,0,0,0,1,5.15857E+20,5.37037E+21,9.2146E+15,4.84862E+16
149208,8.17042E+18,8,3,36,50,2017,4,17,4,3,2,6,0,1,0,0,0,0,1,3.99282E+20,5.27367E+21,7.65991E+15,4.76086E+16
149209,8.17042E+18,8,3,27,50,2017,4,10,4,2,5,3,1,1,0,0,0,0,1,4.8756E+20,5.31429E+21,8.83329E+15,4.79818E+16
149210,8.17042E+18,8,3,17,122,2017,4,7,4,3,5,3,0,1,0,0,0,0,0,4.17358E+20,5.36898E+21,7.88196E+15,4.84685E+16
149211,8.17042E+18,8,3,15,6,2017,4,10,4,3,1,1,0,1,0,0,1,0,0,4.03512E+20,5.30748E+21,7.70867E+15,4.79134E+16
149212,8.17042E+18,8,3,11,0,2017,4,10,4,3,5,3,0,1,0,1,0,0,1,4.14296E+20,5.31701E+21,7.85107E+15,4.80006E+16
149213,8.17042E+18,8,3,36,50,2017,4,7,4,1,0,7,0,1,0,0,0,0,0,3.98645E+20,5.27425E+21,7.6513E+15,4.76138E+16
149214,8.17042E+18,8,3,11,0,2017,4,20,4,3,5,3,1,1,0,0,0,1,0,4.10535E+20,5.31475E+21,7.80112E+15,4.79798E+16
149215,8.17042E+18,8,2,12,0,2017,4,15,4,3,2,6,0,1,0,0,1,0,0,4.51634E+20,5.43009E+21,8.33845E+15,4.90218E+16
149216,8.17042E+18,8,2,15,106,2017,4,13,4,3,5,3,1,0,0,0,1,0,0,4.66009E+20,5.4549E+21,8.53298E+15,4.92459E+16
149217,8.17042E+18,8,2,35,66,2017,4,5,4,3,8,1,0,1,0,0,0,0,1,4.66696E+20,5.38867E+21,8.54783E+15,4.86502E+16
149218,8.17042E+18,8,2,26,96,2017,4,16,4,3,5,3,1,1,0,0,0,0,0,4.74589E+20,5.48617E+21,8.64886E+15,4.95276E+16
149219,8.17042E+18,8,2,22,0,2017,4,11,4,3,5,3,0,1,0,0,0,0,0,4.65281E+20,5.48256E+21,8.52056E+15,4.94947E+16
149220,8.17042E+18,8,2,21,0,2017,4,17,4,3,0,5,1,1,0,0,0,0,0,4.77124E+20,5.47243E+21,8.68468E+15,4.94041E+16
149221,8.17042E+18,8,2,15,46,2017,4,14,4,3,4,6,0,1,0,0,0,0,0,4.49164E+20,5.4154E+21,8.30651E+15,4.88895E+16
149222,8.17042E+18,8,1,15,28,2017,4,17,4,2,6,4,0,1,1,0,0,0,0,4.99482E+20,5.40114E+21,8.99296E+15,4.87633E+16
149223,8.17042E+18,8,4,25,71,2017,4,14,4,3,8,1,1,0,0,0,1,0,1,5.51008E+20,5.3711E+21,9.69037E+15,4.84909E+16
149224,8.17042E+18,8,1,11,0,2017,4,15,4,3,5,2,0,1,0,0,0,0,0,5.08502E+20,5.39743E+21,9.11561E+15,4.87298E+16
149225,8.17042E+18,8,4,15,59,2017,4,11,3,3,2,2,0,1,0,0,0,0,1,5.16697E+20,5.36819E+21,9.22588E+15,4.84666E+16
149226,8.17042E+18,8,3,37,32,2017,4,15,3,3,0,7,0,1,1,0,0,0,0,4.37693E+20,5.2736E+21,8.17092E+15,4.76128E+16
149227,8.17042E+18,8,3,35,79,2017,4,19,3,3,5,7,1,1,0,0,0,0,0,5.00911E+20,5.3E+21,9.01217E+15,4.78534E+16
149228,8.17042E+18,8,3,35,63,2017,4,16,3,3,0,7,1,0,0,0,0,0,0,4.97621E+20,5.28732E+21,8.96827E+15,4.77392E+16
149229,8.17042E+18,8,3,27,50,2017,4,11,3,3,2,6,0,1,0,0,0,0,1,4.84832E+20,5.3135E+21,8.79676E+15,4.79746E+16
149230,8.17042E+18,8,3,17,122,2017,4,20,3,3,0,7,1,0,0,0,0,0,0,4.17749E+20,5.36728E+21,7.88759E+15,4.84533E+16
149231,8.17042E+18,8,3,16,20,2017,4,16,3,3,2,6,0,1,0,0,0,0,0,4.07915E+20,5.33976E+21,7.76063E+15,4.82044E+16
149232,8.17042E+18,8,3,36,69,2017,4,19,3,3,6,4,0,0,1,1,0,0,0,4.09093E+20,5.26869E+21,7.79145E+15,4.75652E+16
149233,8.17042E+18,8,3,36,50,2017,4,11,3,3,6,4,0,1,1,0,0,0,0,3.99659E+20,5.2744E+21,7.66475E+15,4.76152E+16
149234,8.17042E+18,8,3,11,0,2017,4,14,3,3,2,6,0,1,0,0,0,0,0,4.14108E+20,5.31974E+21,7.84799E+15,4.80252E+16
149235,8.17042E+18,8,3,11,0,2017,4,18,3,2,6,4,0,1,1,0,0,0,0,4.09641E+20,5.31716E+21,7.78864E+15,4.80014E+16
149236,8.17042E+18,8,2,12,0,2017,4,17,3,3,3,2,1,1,0,0,0,0,0,4.55022E+20,5.42958E+21,8.38484E+15,4.90175E+16
149237,8.17042E+18,8,2,31,0,2017,4,9,3,3,5,3,0,1,0,0,0,0,1,4.78345E+20,5.41543E+21,8.70457E+15,4.88915E+16
149238,8.17042E+18,8,2,25,109,2017,4,5,3,2,5,3,0,1,0,0,0,1,1,5.25476E+20,5.49221E+21,9.35243E+15,4.9582E+16
149239,8.17042E+18,8,2,26,38,2017,4,21,3,2,5,3,1,1,0,0,0,2,0,4.72037E+20,5.48024E+21,8.61401E+15,4.94741E+16
149240,8.17042E+18,8,2,21,0,2017,4,17,3,3,6,4,0,1,1,0,0,0,0,4.75711E+20,5.46924E+21,8.6654E+15,4.93754E+16
149241,8.17042E+18,8,2,21,0,2017,4,17,3,3,1,5,1,1,0,0,0,0,1,4.77521E+20,5.47294E+21,8.69012E+15,4.94087E+16
149242,8.17042E+18,8,2,16,33,2017,4,15,3,3,1,7,0,1,0,0,0,0,0,4.47022E+20,5.41311E+21,8.27759E+15,4.88687E+16
149243,8.17042E+18,8,2,15,102,2017,4,20,3,3,5,3,0,1,0,0,0,1,1,4.56352E+20,5.43594E+21,8.40234E+15,4.90748E+16
149244,8.17042E+18,8,1,26,28,2017,4,6,3,3,0,6,0,0,0,1,1,1,1,5.42367E+20,5.46004E+21,9.58264E+15,4.92917E+16
149245,8.17042E+18,8,1,19,20,2017,4,13,3,3,6,6,0,0,0,0,1,0,0,5.19561E+20,5.40838E+21,9.26652E+15,4.88281E+16
149246,8.17042E+18,8,1,18,48,2017,4,10,3,3,4,2,0,1,0,0,0,0,1,5.15077E+20,5.41536E+21,9.20569E+15,4.8891E+16
149247,8.17042E+18,8,1,18,81,2017,4,12,3,3,6,7,0,1,1,0,0,0,0,5.1902E+20,5.41293E+21,9.25936E+15,4.8869E+16
149248,8.17042E+18,8,1,16,33,2017,4,9,3,3,5,3,0,1,0,0,0,0,1,5.33432E+20,5.38832E+21,9.45388E+15,4.8647E+16
149249,8.17042E+18,8,1,11,0,2017,4,15,3,3,5,3,0,0,0,1,1,0,0,5.16322E+20,5.40375E+21,9.22221E+15,4.87865E+16
149250,8.17042E+18,8,4,15,78,2017,4,17,2,3,6,4,0,1,1,0,0,0,1,5.28836E+20,5.37139E+21,9.39031E+15,4.84949E+16
149251,8.1705E+18,8,3,17,122,2017,5,16,5,3,5,3,1,1,0,0,0,0,0,4.17715E+20,5.36807E+21,7.88698E+15,4.84603E+16
149252,8.1705E+18,8,3,16,2,2017,5,16,5,3,1,6,0,1,0,0,1,0,0,4.05957E+20,5.33078E+21,7.73627E+15,4.81233E+16
149253,8.1705E+18,8,3,36,50,2017,5,10,5,2,0,7,0,1,0,0,0,0,0,3.99121E+20,5.27362E+21,7.65778E+15,4.76081E+16
149254,8.1705E+18,8,3,11,0,2017,5,20,5,2,6,7,0,1,1,0,0,2,1,4.18057E+20,5.31482E+21,7.9019E+15,4.79814E+16
149255,8.1705E+18,8,3,11,0,2017,5,20,5,2,3,6,1,1,0,0,0,0,0,4.14902E+20,5.31712E+21,7.85916E+15,4.80017E+16
149256,8.1705E+18,8,3,15,98,2017,5,18,5,3,2,2,0,1,0,0,1,0,0,4.07201E+20,5.31223E+21,7.757E+15,4.79567E+16
149257,8.1705E+18,8,2,26,3,2017,5,19,5,3,5,3,0,1,0,0,0,0,1,4.63261E+20,5.4616E+21,8.4946E+15,4.93061E+16
149258,8.1705E+18,8,2,22,0,2017,5,17,5,3,5,3,0,1,0,0,0,0,0,4.60247E+20,5.48872E+21,8.45042E+15,4.95498E+16
149259,8.1705E+18,8,2,22,0,2017,5,12,5,3,5,3,0,1,0,0,0,0,0,4.6298E+20,5.48136E+21,8.48889E+15,4.94837E+16
149260,8.1705E+18,8,2,22,0,2017,5,10,5,3,5,3,1,0,0,0,0,0,0,4.6172E+20,5.48203E+21,8.47143E+15,4.94897E+16
149261,8.1705E+18,8,2,22,0,2017,5,17,5,3,5,3,0,1,0,0,0,0,0,4.6085E+20,5.48173E+21,8.45945E+15,4.94869E+16
149262,8.1705E+18,8,2,22,0,2017,5,8,5,3,5,3,1,0,0,0,1,0,0,4.63242E+20,5.48676E+21,8.49201E+15,4.95323E+16
149263,8.1705E+18,8,2,21,0,2017,5,17,5,3,1,5,1,1,0,0,0,0,0,4.76717E+20,5.47266E+21,8.67906E+15,4.94061E+16
149264,8.1705E+18,8,2,21,0,2017,5,8,5,3,5,3,0,1,0,0,0,0,0,4.77934E+20,5.47284E+21,8.69583E+15,4.94078E+16
149265,8.1705E+18,8,2,21,0,2017,5,16,5,3,2,6,0,1,0,0,0,0,0,4.77701E+20,5.47279E+21,8.69262E+15,4.94074E+16
149266,8.1705E+18,8,2,15,84,2017,5,11,5,3,5,3,0,1,0,0,0,0,0,4.72023E+20,5.44721E+21,8.61613E+15,4.91771E+16
149267,8.1705E+18,8,2,15,90,2017,5,21,5,3,0,1,1,0,0,0,0,2,0,4.65016E+20,5.43405E+21,8.52114E+15,4.90583E+16
149268,8.1705E+18,8,2,12,0,2017,5,12,5,3,5,3,1,0,0,0,1,0,0,4.5677E+20,5.42692E+21,8.40904E+15,4.89936E+16
149269,8.1705E+18,8,2,12,0,2017,5,14,5,3,3,6,1,0,0,0,0,0,0,4.61097E+20,5.42855E+21,8.46803E+15,4.90086E+16
149270,8.1705E+18,8,1,35,15,2017,5,12,5,3,5,3,0,1,0,0,0,0,1,5.75801E+20,5.38601E+21,1.00286E+16,4.86225E+16
149271,8.1705E+18,8,1,28,115,2017,5,15,5,2,5,2,1,0,0,0,0,0,1,5.48877E+20,5.49547E+21,9.67654E+15,4.96099E+16
149272,8.1705E+18,8,1,28,115,2017,5,7,5,3,0,1,0,0,0,1,0,0,1,5.47649E+20,5.49657E+21,9.65967E+15,4.96198E+16
149273,8.1705E+18,8,1,27,73,2017,5,18,5,3,8,1,0,1,0,0,0,0,0,5.79056E+20,5.4466E+21,1.00845E+16,4.91671E+16
149274,8.1705E+18,8,1,21,0,2017,5,17,5,3,0,7,0,0,0,1,0,0,0,5.12088E+20,5.44562E+21,9.16581E+15,4.91633E+16
149275,8.1705E+18,8,1,18,48,2017,5,11,5,3,0,3,0,1,0,1,0,0,0,5.13352E+20,5.41604E+21,9.18217E+15,4.88972E+16
149276,8.1705E+18,8,1,17,26,2017,5,15,5,3,8,1,0,0,0,1,0,0,1,5.46431E+20,5.39515E+21,9.63112E+15,4.87076E+16
149277,8.1705E+18,8,1,17,26,2017,5,10,5,3,6,7,0,1,1,0,0,0,0,5.48031E+20,5.39447E+21,9.65278E+15,4.87014E+16
149278,8.1705E+18,8,1,16,19,2017,5,19,5,3,2,6,1,1,0,0,0,0,0,5.22415E+20,5.39953E+21,9.30493E+15,4.87484E+16
149279,8.1705E+18,8,1,11,0,2017,5,21,5,3,5,3,1,1,0,0,0,2,1,5.13691E+20,5.4062E+21,9.18647E+15,4.88086E+16
149280,8.1705E+18,8,4,37,86,2017,5,6,4,3,0,3,0,1,0,1,0,1,1,5.26148E+20,5.30559E+21,9.34987E+15,4.79031E+16
149281,8.1705E+18,8,4,35,16,2017,5,14,4,3,6,7,0,1,1,0,0,0,0,5.35393E+20,5.28128E+21,9.47159E+15,4.76839E+16
149282,8.1705E+18,8,4,25,20,2017,5,13,4,3,3,2,1,1,0,0,0,0,0,5.58003E+20,5.36252E+21,9.78385E+15,4.84132E+16
149283,8.1705E+18,8,4,16,41,2017,5,20,4,3,0,7,1,0,0,0,0,1,0,5.05047E+20,5.37525E+21,9.06836E+15,4.85304E+16
149284,8.1705E+18,8,4,15,59,2017,5,17,4,3,3,6,0,1,0,1,0,0,0,5.17867E+20,5.36583E+21,9.2416E+15,4.84454E+16
149285,8.1705E+18,8,3,37,124,2017,5,5,4,3,2,6,0,1,0,0,1,1,1,4.54233E+20,5.28196E+21,8.39012E+15,4.76894E+16
149286,8.1705E+18,8,3,36,19,2017,5,17,4,3,0,7,0,1,1,0,0,0,0,3.95431E+20,5.27561E+21,7.60821E+15,4.76255E+16
149287,8.1705E+18,8,3,35,28,2017,5,15,4,3,0,1,1,0,0,0,0,0,0,4.83992E+20,5.28646E+21,8.78651E+15,4.77313E+16
149288,8.1705E+18,8,3,17,1,2017,5,13,4,3,5,3,1,0,0,1,0,0,0,4.31634E+20,5.38697E+21,8.07212E+15,4.86321E+16
149289,8.1705E+18,8,3,16,12,2017,5,7,4,3,5,3,0,1,0,0,0,0,0,4.02652E+20,5.33382E+21,7.69117E+15,4.81502E+16
149290,8.1705E+18,8,3,15,74,2017,5,8,4,3,0,1,1,0,0,0,0,0,0,3.95441E+20,5.29615E+21,7.60342E+15,4.78102E+16
149291,8.1705E+18,8,2,15,108,2017,5,13,4,2,0,7,1,0,0,0,0,0,0,4.48046E+20,5.42376E+21,8.29019E+15,4.89646E+16
149292,8.1705E+18,8,2,12,0,2017,5,8,4,3,5,3,0,1,0,0,0,0,0,4.54632E+20,5.42866E+21,8.37961E+15,4.90092E+16
149293,8.1705E+18,8,2,12,0,2017,5,12,4,3,1,7,1,1,0,0,0,0,0,4.53376E+20,5.42893E+21,8.36241E+15,4.90115E+16
149294,8.1705E+18,8,2,12,0,2017,5,13,4,3,3,5,1,1,0,0,0,0,0,4.56595E+20,5.42878E+21,8.40645E+15,4.90104E+16
149295,8.1705E+18,8,2,37,28,2017,5,18,4,3,3,2,1,1,0,0,0,0,0,4.57093E+20,5.36784E+21,8.4196E+15,4.84622E+16
149296,8.1705E+18,8,2,31,0,2017,5,15,4,3,2,6,0,1,0,0,0,0,0,4.76469E+20,5.4153E+21,8.679E+15,4.88902E+16
149297,8.1705E+18,8,2,26,98,2017,5,12,4,3,5,3,0,1,0,0,0,0,0,4.77781E+20,5.46005E+21,8.69442E+15,4.92928E+16
149298,8.1705E+18,8,2,22,0,2017,5,7,4,3,2,6,0,1,0,0,0,0,0,4.65923E+20,5.48039E+21,8.5296E+15,4.94752E+16
149299,8.1705E+18,8,2,22,0,2017,5,7,4,3,5,3,1,1,0,0,0,0,0,4.61799E+20,5.47966E+21,8.47276E+15,4.94684E+16
149300,8.1705E+18,8,2,22,0,2017,5,19,4,3,5,2,0,1,0,0,0,0,0,4.62614E+20,5.47967E+21,8.48401E+15,4.94685E+16
149301,8.1705E+18,8,2,26,18,2017,5,14,4,2,5,3,1,1,0,0,0,0,0,4.72994E+20,5.47216E+21,8.62777E+15,4.94015E+16
149302,8.1705E+18,8,2,26,18,2017,5,17,4,3,1,5,1,1,0,0,0,0,0,4.73076E+20,5.47252E+21,8.62888E+15,4.94048E+16
149303,8.1705E+18,8,2,21,0,2017,5,11,4,2,3,6,1,0,0,0,0,0,0,4.78453E+20,5.47302E+21,8.70297E+15,4.94095E+16
149304,8.1705E+18,8,2,16,63,2017,5,11,4,3,5,3,0,1,0,1,0,0,0,4.27055E+20,5.4005E+21,8.00758E+15,4.87532E+16
149305,8.1705E+18,8,2,11,0,2017,5,16,4,3,6,2,0,1,1,0,0,0,1,4.4505E+20,5.39989E+21,8.25246E+15,4.87496E+16
149306,8.1705E+18,8,2,11,0,2017,5,16,4,3,5,3,0,1,1,0,0,0,0,4.40334E+20,5.40326E+21,8.18783E+15,4.87795E+16
149307,8.1705E+18,8,1,28,115,2017,5,16,4,3,2,6,0,0,0,1,0,0,1,5.48764E+20,5.49649E+21,9.6751E+15,4.9619E+16
149308,8.1705E+18,8,1,19,55,2017,5,21,4,3,0,1,0,0,0,1,0,2,0,5.43427E+20,5.40522E+21,9.59136E+15,4.87984E+16
149309,8.1705E+18,8,1,19,67,2017,5,7,4,3,2,6,0,1,0,0,1,1,1,5.40009E+20,5.40771E+21,9.54505E+15,4.88211E+16
149310,8.1705E+18,8,1,19,20,2017,5,14,4,3,5,3,0,1,0,0,0,0,0,5.2034E+20,5.40793E+21,9.27711E+15,4.8824E+16
149311,8.1705E+18,8,1,19,20,2017,5,7,4,3,5,3,1,1,0,0,0,0,0,5.20515E+20,5.40614E+21,9.2794E+15,4.88079E+16
149312,8.1705E+18,8,1,17,24,2017,5,11,4,3,6,4,0,1,1,0,0,0,0,5.61986E+20,5.38565E+21,9.8411E+15,4.86208E+16
149313,8.1705E+18,8,1,16,19,2017,5,8,4,3,2,6,0,1,0,0,0,0,1,5.22284E+20,5.39889E+21,9.30311E+15,4.87426E+16
149314,8.1705E+18,8,1,15,45,2017,5,17,4,3,0,7,0,0,0,1,0,0,0,5.00582E+20,5.39659E+21,9.00791E+15,4.87224E+16
149315,8.1705E+18,8,1,15,45,2017,5,17,4,3,1,2,1,1,0,0,0,0,0,4.99904E+20,5.39536E+21,8.99869E+15,4.87113E+16
149316,8.1705E+18,8,1,11,0,2017,5,16,4,3,2,6,0,1,0,0,0,0,0,5.09549E+20,5.39739E+21,9.12986E+15,4.87295E+16
149317,8.1705E+18,8,4,36,49,2017,5,17,3,3,6,3,1,0,1,0,0,0,0,5.77842E+20,5.28251E+21,1.00374E+16,4.76913E+16
149318,8.1705E+18,8,4,36,64,2017,5,22,3,3,0,1,1,0,0,0,0,2,0,5.44757E+20,5.29038E+21,9.59729E+15,4.77653E+16
149319,8.1705E+18,8,4,35,59,2017,5,7,3,3,0,7,1,0,0,0,0,0,1,5.12812E+20,5.29005E+21,9.17097E+15,4.77637E+16
149320,8.1705E+18,8,4,35,16,2017,5,13,3,3,5,2,0,1,0,0,1,0,0,5.36009E+20,5.28005E+21,9.4797E+15,4.76728E+16
149321,8.1705E+18,8,4,16,36,2017,5,16,3,3,0,7,0,1,0,0,0,0,0,4.96666E+20,5.3692E+21,8.95489E+15,4.8476E+16
149322,8.1705E+18,8,4,15,61,2017,5,8,3,3,6,4,0,1,1,0,0,0,1,5.15233E+20,5.36989E+21,9.20614E+15,4.84819E+16
149323,8.1705E+18,8,4,16,23,2017,5,13,3,3,5,3,0,0,0,1,1,0,0,5.08607E+20,5.37445E+21,9.11657E+15,4.85231E+16
149324,8.1705E+18,8,4,15,61,2017,5,10,3,2,5,3,0,1,0,1,1,0,0,5.14945E+20,5.3709E+21,9.20227E+15,4.8491E+16
149325,8.1705E+18,8,3,36,91,2017,5,11,3,3,3,2,1,0,0,1,0,0,0,3.95628E+20,5.27188E+21,7.61173E+15,4.75919E+16
149326,8.1705E+18,8,3,35,75,2017,5,17,3,3,5,3,0,1,0,0,0,0,0,4.88964E+20,5.28808E+21,8.85278E+15,4.7746E+16
149327,8.1705E+18,8,3,35,43,2017,5,11,3,3,0,1,1,0,0,0,0,0,0,5.11792E+20,5.28164E+21,9.15714E+15,4.76881E+16
149328,8.1705E+18,8,3,35,43,2017,5,13,3,3,6,7,0,1,1,0,0,0,0,5.1418E+20,5.28049E+21,9.18892E+15,4.76776E+16
149329,8.1705E+18,8,3,35,43,2017,5,16,3,3,2,6,0,1,0,1,0,0,0,5.11619E+20,5.28052E+21,9.1548E+15,4.7678E+16
149330,8.1705E+18,8,4,35,16,2017,5,16,3,3,5,3,1,1,0,0,0,0,0,5.3507E+20,5.27808E+21,9.46704E+15,4.76552E+16
149331,8.1705E+18,8,3,26,74,2017,5,13,3,3,0,1,0,0,0,0,1,0,0,4.5945E+20,5.32583E+21,8.45551E+15,4.80845E+16
149332,8.1705E+18,8,3,26,74,2017,5,19,3,3,5,3,1,1,0,0,0,0,0,4.64795E+20,5.32415E+21,8.52741E+15,4.80696E+16
149333,8.1705E+18,8,3,17,96,2017,5,12,3,3,5,3,1,0,0,0,0,0,0,4.2271E+20,5.36916E+21,7.95432E+15,4.84708E+16
149334,8.1705E+18,8,3,17,47,2017,5,8,3,2,6,7,0,1,1,0,0,0,0,4.1893E+20,5.36414E+21,7.90417E+15,4.84252E+16
149335,8.1705E+18,8,3,16,20,2017,5,5,3,3,5,3,0,1,0,0,0,1,0,4.08233E+20,5.33769E+21,7.76536E+15,4.81858E+16
149336,8.1705E+18,8,3,15,64,2017,5,12,3,3,5,3,0,1,0,0,1,0,0,4.22069E+20,5.31352E+21,7.95588E+15,4.79702E+16
149337,8.1705E+18,8,3,11,0,2017,5,8,3,3,1,6,1,1,0,0,0,0,0,4.13506E+20,5.31525E+21,7.84082E+15,4.79847E+16
149338,8.1705E+18,8,2,15,59,2017,5,15,3,2,6,4,0,1,1,0,0,0,0,4.85405E+20,5.43455E+21,8.8002E+15,4.90637E+16
149339,8.1705E+18,8,2,12,0,2017,5,8,3,3,5,2,1,1,0,0,0,0,0,4.55438E+20,5.42969E+21,8.39052E+15,4.90185E+16
149340,8.1705E+18,8,2,12,0,2017,5,16,3,3,5,2,1,1,0,0,0,0,0,4.60958E+20,5.42742E+21,8.46624E+15,4.89985E+16
149341,8.1705E+18,8,2,12,0,2017,5,19,3,3,5,7,0,1,0,0,0,0,0,4.55324E+20,5.42748E+21,8.38921E+15,4.89986E+16
149342,8.1705E+18,8,2,25,58,2017,5,12,3,3,1,6,0,1,0,1,0,0,1,5.09698E+20,5.46604E+21,9.13352E+15,4.9347E+16
149343,8.1705E+18,8,2,22,0,2017,5,16,3,3,5,3,0,1,0,0,0,0,0,4.63444E+20,5.48524E+21,8.49494E+15,4.95186E+16
149344,8.1705E+18,8,2,22,0,2017,5,15,3,3,2,6,0,1,0,0,0,0,0,4.62012E+20,5.48021E+21,8.47564E+15,4.94734E+16
149345,8.1705E+18,8,2,22,0,2017,5,22,3,3,6,7,0,0,1,0,1,2,0,4.61072E+20,5.48197E+21,8.46249E+15,4.94892E+16
149346,8.1705E+18,8,2,26,32,2017,5,10,3,2,0,7,0,0,0,0,1,0,0,4.6831E+20,5.463E+21,8.56395E+15,4.93189E+16
149347,8.1705E+18,8,2,22,0,2017,5,9,3,2,5,3,1,1,0,0,0,0,1,4.63244E+20,5.48077E+21,8.49259E+15,4.94785E+16
149348,8.1705E+18,8,2,22,0,2017,5,7,3,3,1,5,1,1,0,0,0,0,1,4.61364E+20,5.48055E+21,8.46667E+15,4.94764E+16
149349,8.1705E+18,8,2,21,0,2017,5,16,3,3,5,3,1,0,0,0,0,0,1,4.76431E+20,5.47387E+21,8.67504E+15,4.9417E+16
149350,8.1705E+18,8,2,21,0,2017,5,4,3,3,5,3,0,1,0,0,0,2,1,4.77514E+20,5.47235E+21,8.69006E+15,4.94034E+16
149351,8.1705E+18,8,2,16,39,2017,5,15,3,3,5,3,1,1,0,0,0,0,0,4.44346E+20,5.41582E+21,8.24072E+15,4.88929E+16
149352,8.1705E+18,8,1,35,19,2017,5,17,3,3,5,3,0,1,0,0,0,0,1,5.84436E+20,5.39303E+21,1.01472E+16,4.86846E+16
149353,8.1705E+18,8,1,27,14,2017,5,18,3,3,2,6,0,1,0,0,0,0,0,5.78324E+20,5.44303E+21,1.00738E+16,4.91351E+16
149354,8.1705E+18,8,1,27,25,2017,5,14,3,3,6,2,0,0,1,0,1,0,0,5.56164E+20,5.4276E+21,9.76785E+15,4.89988E+16
149355,8.1705E+18,8,1,25,65,2017,5,13,3,3,6,2,0,0,1,0,1,0,0,5.16388E+20,5.44795E+21,9.22489E+15,4.91842E+16
149356,8.1705E+18,8,1,21,0,2017,5,10,3,3,5,3,1,1,0,0,0,0,1,5.15689E+20,5.44274E+21,9.2151E+15,4.91373E+16
149357,8.1705E+18,8,1,21,0,2017,5,7,3,3,1,6,0,1,0,0,0,0,1,5.1612E+20,5.44263E+21,9.22099E+15,4.91362E+16
149358,8.1705E+18,8,1,19,84,2017,5,18,3,3,6,4,0,1,1,0,0,0,0,5.45857E+20,5.41177E+21,9.62517E+15,4.88572E+16
149359,8.1705E+18,8,1,18,21,2017,5,18,3,3,1,6,0,1,0,0,0,0,0,5.21002E+20,5.42779E+21,9.28715E+15,4.90026E+16
149360,8.1705E+18,8,1,18,80,2017,5,18,3,3,2,6,0,1,0,1,0,0,1,5.08711E+20,5.41118E+21,9.11875E+15,4.88535E+16
149361,8.1705E+18,8,1,17,17,2017,5,13,3,3,4,3,1,1,0,0,0,0,0,5.46644E+20,5.38775E+21,9.63317E+15,4.8641E+16
149362,8.1705E+18,8,1,16,33,2017,5,16,3,2,0,7,1,0,0,0,0,0,0,5.31597E+20,5.38946E+21,9.42905E+15,4.86574E+16
149363,8.1705E+18,8,1,15,3,2017,5,12,3,3,5,3,1,1,0,0,0,0,0,5.00187E+20,5.39254E+21,9.00254E+15,4.86859E+16
149364,8.1705E+18,8,1,11,0,2017,5,13,3,3,6,7,0,1,1,0,0,0,0,5.16056E+20,5.40584E+21,9.21867E+15,4.88054E+16
149365,8.1705E+18,8,1,11,0,2017,5,13,3,3,5,3,0,1,0,0,0,0,0,5.12845E+20,5.40685E+21,9.17497E+15,4.88145E+16
149366,8.1705E+18,8,4,36,18,2017,5,15,2,3,4,1,0,1,0,0,0,0,1,5.51513E+20,5.28255E+21,9.68652E+15,4.76943E+16