OBJECTID,UIDENTSTLA,ULAND,UREGBEZ,UKREIS,UGEMEINDE,UJAHR,UMONAT,USTUNDE,UWOCHENTAG,UKATEGORIE,UART,UTYP1,IstRad,IstPKW,IstFuss,IstKrad,IstSonstig,LICHT,STRZUSTAND,LINREFX,LINREFY,XGCSWGS84,YGCSWGS84
149367,8.1705E+18,8,3,36,81,2017,5,15,2,3,5,3,1,1,0,0,0,0,0,4.11897E+20,5.27797E+21,7.82686E+15,4.76491E+16
149368,8.1705E+18,8,3,27,50,2017,5,19,2,2,5,3,1,1,0,0,0,0,1,4.84759E+20,5.31423E+21,8.79576E+15,4.79812E+16
149369,8.1705E+18,8,3,26,74,2017,5,20,2,3,5,3,0,1,0,0,0,0,1,4.64782E+20,5.32364E+21,8.52729E+15,4.80651E+16
149370,8.1705E+18,8,3,17,96,2017,5,12,2,3,5,3,0,1,0,0,0,0,1,4.22682E+20,5.36866E+21,7.95403E+15,4.84663E+16
149371,8.1705E+18,8,3,17,57,2017,5,22,2,3,1,5,1,1,0,0,0,2,0,4.13197E+20,5.38051E+21,7.82328E+15,4.85717E+16
149372,8.1705E+18,8,2,15,66,2017,5,14,2,2,4,2,0,1,0,0,0,0,1,4.60981E+20,5.45337E+21,8.46404E+15,4.92319E+16
149373,8.1705E+18,8,2,37,24,2017,5,8,2,2,0,1,0,0,0,1,0,2,0,4.78144E+20,5.35948E+21,8.70479E+15,4.83881E+16
149374,8.1705E+18,8,2,26,98,2017,5,10,2,3,1,7,0,1,0,0,0,0,1,4.77663E+20,5.46042E+21,8.69279E+15,4.92962E+16
149375,8.1705E+18,8,2,26,96,2017,5,17,2,3,1,5,1,1,0,0,0,0,1,4.75318E+20,5.48825E+21,8.65881E+15,4.95464E+16
149376,8.1705E+18,8,2,22,0,2017,5,11,2,3,9,1,0,1,0,0,0,0,1,4.61306E+20,5.48107E+21,8.46582E+15,4.94811E+16
149377,8.1705E+18,8,2,22,0,2017,5,19,2,3,0,6,0,1,0,0,0,0,1,4.61024E+20,5.4826E+21,8.46177E+15,4.94948E+16
149378,8.1705E+18,8,1,21,0,2017,5,18,2,3,5,2,1,1,0,0,0,0,1,5.14236E+20,5.44354E+21,9.1952E+15,4.91445E+16
149379,8.1705E+18,8,1,11,0,2017,5,1,2,3,5,3,0,1,0,0,0,2,0,5.18499E+20,5.40325E+21,9.25182E+15,4.8782E+16
149380,8.17043E+18,8,4,36,5,2017,4,13,1,3,0,7,1,0,0,0,0,0,0,5.42884E+20,5.30668E+21,9.57391E+15,4.79121E+16
149381,8.17043E+18,8,4,35,45,2017,4,21,1,3,0,7,1,0,0,0,0,2,0,5.3539E+20,5.28589E+21,9.47192E+15,4.77254E+16
149382,8.17043E+18,8,4,16,41,2017,4,15,1,3,0,7,1,0,0,0,0,0,0,5.06368E+20,5.37482E+21,9.08625E+15,4.85265E+16
149383,8.17043E+18,8,4,16,41,2017,4,16,1,3,1,7,1,1,0,0,0,0,0,5.04288E+20,5.37371E+21,9.05806E+15,4.85165E+16
149384,8.17043E+18,8,4,15,78,2017,4,17,1,3,4,6,0,1,0,0,0,0,0,5.27916E+20,5.37238E+21,9.37793E+15,4.85039E+16
149385,8.17043E+18,8,3,35,75,2017,4,15,1,3,0,7,0,0,0,0,1,0,0,4.87768E+20,5.28989E+21,8.83677E+15,4.77623E+16
149386,8.17043E+18,8,3,35,43,2017,4,0,1,3,0,2,1,0,0,0,1,2,0,5.12043E+20,5.28033E+21,9.16044E+15,4.76762E+16
149387,8.17043E+18,8,3,27,54,2017,4,17,1,3,4,6,0,1,0,1,0,0,0,4.85369E+20,5.31891E+21,8.80377E+15,4.80233E+16
149388,8.17043E+18,8,3,26,52,2017,4,16,1,3,5,3,0,1,0,1,0,0,0,4.50541E+20,5.33049E+21,8.33536E+15,4.81257E+16
149389,8.17043E+18,8,3,17,96,2017,4,14,1,3,0,2,0,1,0,1,0,0,0,4.22938E+20,5.37111E+21,7.95705E+15,4.84883E+16
149390,8.17043E+18,8,3,16,12,2017,4,13,1,2,3,6,1,1,0,0,0,0,0,4.0312E+20,5.33301E+21,7.69765E+15,4.8143E+16
149391,8.17043E+18,8,3,11,0,2017,4,15,1,3,5,3,1,1,0,0,0,0,0,4.09721E+20,5.31679E+21,7.78979E+15,4.7998E+16
149392,8.17043E+18,8,3,11,0,2017,4,1,1,2,5,3,0,1,0,0,0,2,0,4.13656E+20,5.3205E+21,7.84178E+15,4.80319E+16
149393,8.17043E+18,8,2,12,0,2017,4,19,1,3,0,1,1,0,0,0,0,0,0,4.62903E+20,5.42779E+21,8.4928E+15,4.90019E+16
149394,8.17043E+18,8,2,12,0,2017,4,19,1,2,0,1,1,0,0,0,0,0,0,4.62903E+20,5.42779E+21,8.4928E+15,4.90019E+16
149395,8.17043E+18,8,2,25,58,2017,4,9,1,3,5,3,0,1,0,0,0,0,0,5.07924E+20,5.46621E+21,9.1091E+15,4.93486E+16
149396,8.17043E+18,8,2,22,0,2017,4,14,1,3,1,6,0,1,0,0,0,0,0,4.61431E+20,5.48185E+21,8.46746E+15,4.94881E+16
149397,8.17043E+18,8,2,22,0,2017,4,12,1,3,0,5,1,1,0,0,0,0,0,4.62922E+20,5.48345E+21,8.4879E+15,4.95026E+16
149398,8.17043E+18,8,2,21,0,2017,4,18,1,3,1,5,1,1,0,0,0,0,0,4.75279E+20,5.47005E+21,8.6594E+15,4.93827E+16
149399,8.17043E+18,8,2,16,43,2017,4,1,1,3,1,7,0,1,0,0,0,2,0,4.41023E+20,5.41249E+21,8.19588E+15,4.88626E+16
149400,8.17043E+18,8,1,25,94,2017,4,15,1,2,8,1,0,0,1,1,0,0,0,5.13826E+20,5.43897E+21,9.18942E+15,4.91035E+16
149401,8.17043E+18,8,1,25,65,2017,4,14,1,3,4,2,1,1,0,0,0,0,0,5.1871E+20,5.4509E+21,9.25689E+15,4.92106E+16
149402,8.17043E+18,8,1,21,0,2017,4,18,1,3,2,6,0,1,0,0,0,0,0,5.14883E+20,5.44371E+21,9.20407E+15,4.9146E+16
149403,8.17043E+18,8,1,21,0,2017,4,18,1,3,5,3,0,1,0,0,0,0,0,5.1689E+20,5.44333E+21,9.23158E+15,4.91426E+16
149404,8.17043E+18,8,1,16,6,2017,4,9,1,3,0,1,1,0,0,0,0,0,0,5.15984E+20,5.38162E+21,9.21675E+15,4.85875E+16
149405,8.17043E+18,8,1,11,0,2017,4,14,1,3,5,3,0,1,0,1,0,0,0,5.18259E+20,5.40394E+21,9.24858E+15,4.87882E+16
149406,8.17043E+18,8,1,11,0,2017,4,15,1,3,4,6,1,0,0,0,0,0,0,5.06337E+20,5.39897E+21,9.0862E+15,4.87437E+16
149407,8.17043E+18,8,1,11,0,2017,4,20,1,3,4,6,0,1,0,1,0,1,0,5.12962E+20,5.40224E+21,9.17641E+15,4.8773E+16
149408,8.17043E+18,8,4,36,64,2017,4,16,7,3,5,3,1,1,0,0,0,0,0,5.45355E+20,5.29311E+21,9.60556E+15,4.77898E+16
149409,8.17043E+18,8,3,35,43,2017,4,18,7,2,6,4,1,0,1,0,0,0,0,5.12131E+20,5.28147E+21,9.16165E+15,4.76865E+16
149410,8.17043E+18,8,3,37,96,2017,4,13,7,3,5,3,0,1,0,0,0,0,0,4.19687E+20,5.26707E+21,7.93255E+15,4.75521E+16
149411,8.17043E+18,8,3,36,82,2017,4,13,7,3,0,1,1,0,0,0,0,0,0,4.13956E+20,5.27405E+21,7.85503E+15,4.76141E+16
149412,8.17043E+18,8,3,36,50,2017,4,20,7,3,5,3,0,1,0,0,0,1,0,3.98629E+20,5.27253E+21,7.65148E+15,4.75982E+16
149413,8.17043E+18,8,3,17,96,2017,4,22,7,3,8,1,0,1,0,0,0,2,0,4.2235E+20,5.3707E+21,7.94917E+15,4.84846E+16
149414,8.17043E+18,8,3,17,65,2017,4,16,7,3,6,7,0,1,1,0,0,0,0,4.14465E+20,5.35475E+21,7.84573E+15,4.83401E+16
149415,8.17043E+18,8,3,17,1,2017,4,20,7,3,5,3,0,1,0,0,0,1,0,4.31329E+20,5.38676E+21,8.06801E+15,4.86301E+16
149416,8.17043E+18,8,3,17,96,2017,4,4,7,2,5,3,0,1,0,0,0,2,0,4.22183E+20,5.36922E+21,7.94718E+15,4.84713E+16
149417,8.17043E+18,8,3,16,9,2017,4,15,7,3,5,3,0,1,0,0,0,0,0,4.18115E+20,5.32422E+21,7.90087E+15,4.8066E+16
149418,8.17043E+18,8,3,15,74,2017,4,14,7,3,2,6,0,0,0,1,1,0,0,3.96927E+20,5.29599E+21,7.6233E+15,4.7809E+16
149419,8.17043E+18,8,3,11,0,2017,4,11,7,3,0,1,1,0,0,0,0,0,0,4.13499E+20,5.31563E+21,7.84065E+15,4.79881E+16
149420,8.17043E+18,8,3,15,131,2017,4,15,7,3,5,2,0,1,0,1,0,0,0,4.05953E+20,5.30869E+21,7.74106E+15,4.79246E+16
149421,8.17043E+18,8,3,15,47,2017,4,12,7,3,5,3,0,1,0,0,0,0,0,4.15116E+20,5.32137E+21,7.86119E+15,4.804E+16
149422,8.17043E+18,8,2,35,46,2017,4,17,7,3,0,7,0,1,0,0,0,0,0,4.79426E+20,5.37726E+21,8.72123E+15,4.85481E+16
149423,8.17043E+18,8,2,26,96,2017,4,8,7,3,0,7,1,0,0,0,0,0,0,4.75687E+20,5.48807E+21,8.66391E+15,4.95447E+16
149424,8.17043E+18,8,2,25,58,2017,4,13,7,3,3,1,1,1,0,0,0,0,0,5.09009E+20,5.46506E+21,9.12402E+15,4.93382E+16
149425,8.17043E+18,8,2,22,0,2017,4,13,7,3,5,3,1,1,0,0,0,0,0,4.65064E+20,5.47892E+21,8.51788E+15,4.94619E+16
149426,8.17043E+18,8,2,22,0,2017,4,13,7,3,0,3,0,1,0,0,1,0,0,4.61417E+20,5.48436E+21,8.46702E+15,4.95106E+16
149427,8.17043E+18,8,2,22,0,2017,4,1,7,3,5,3,0,1,0,0,1,2,0,4.60211E+20,5.48772E+21,8.45003E+15,4.95407E+16
149428,8.17043E+18,8,2,21,0,2017,4,15,7,2,6,4,0,1,1,0,0,0,0,4.78494E+20,5.46918E+21,8.70375E+15,4.9375E+16
149429,8.17043E+18,8,2,12,0,2017,4,10,7,3,0,7,1,0,0,0,0,0,1,4.59819E+20,5.4271E+21,8.4507E+15,4.89955E+16
149430,8.17043E+18,8,2,12,0,2017,4,11,7,3,2,6,0,1,0,0,0,0,0,4.60107E+20,5.4272E+21,8.45462E+15,4.89964E+16
149431,8.17043E+18,8,3,17,1,2017,4,17,7,2,5,2,1,1,0,0,0,0,0,4.313E+20,5.38658E+21,8.06765E+15,4.86285E+16
149432,8.17043E+18,8,1,36,88,2017,4,12,7,3,5,3,1,1,0,0,0,0,0,5.80228E+20,5.41153E+21,1.00936E+16,4.88515E+16
149433,8.17043E+18,8,1,36,33,2017,4,14,7,3,1,1,0,1,0,0,0,0,0,5.80283E+20,5.41587E+21,1.00952E+16,4.88906E+16
149434,8.17043E+18,8,1,36,21,2017,4,7,7,2,8,7,0,0,0,1,0,0,0,5.75192E+20,5.4083E+21,1.00244E+16,4.88231E+16
149435,8.17043E+18,8,1,28,7,2017,4,18,7,3,0,5,1,1,0,0,0,0,0,5.55366E+20,5.48219E+21,9.76449E+15,4.94899E+16
149436,8.17043E+18,8,1,26,39,2017,4,19,7,3,9,1,0,0,0,1,0,0,0,5.4635E+20,5.45979E+21,9.63739E+15,4.92891E+16
149437,8.17043E+18,8,1,25,6,2017,4,12,7,2,6,4,0,1,1,0,0,0,0,5.0386E+20,5.45265E+21,9.05301E+15,4.92267E+16
149438,8.17043E+18,8,1,21,0,2017,4,19,7,3,4,6,1,1,0,0,0,0,0,5.16274E+20,5.44262E+21,9.22311E+15,4.91362E+16
149439,8.17043E+18,8,1,18,67,2017,4,19,7,3,4,5,0,1,0,1,0,0,0,5.05926E+20,5.41296E+21,9.08081E+15,4.88695E+16
149440,8.17043E+18,8,1,18,48,2017,4,15,7,3,2,6,0,1,0,0,0,0,0,5.14204E+20,5.41593E+21,9.19379E+15,4.88961E+16
149441,8.17043E+18,8,1,18,48,2017,4,12,7,3,1,6,0,1,0,0,0,0,0,5.12774E+20,5.41558E+21,9.17427E+15,4.88931E+16
149442,8.17043E+18,8,1,18,48,2017,4,11,7,3,0,7,0,1,0,1,0,0,0,5.13941E+20,5.41621E+21,9.19021E+15,4.88986E+16
149443,8.17043E+18,8,1,18,81,2017,4,18,7,3,2,6,0,1,0,0,0,0,0,5.21545E+20,5.41611E+21,9.29396E+15,4.88976E+16
149444,8.17043E+18,8,1,15,3,2017,4,19,7,3,2,6,0,1,0,1,0,0,0,5.01139E+20,5.3925E+21,9.01548E+15,4.86856E+16
149445,8.17043E+18,8,1,15,3,2017,4,16,7,3,5,3,0,1,0,0,0,0,0,4.98601E+20,5.39197E+21,8.98099E+15,4.86808E+16
149446,8.17043E+18,8,1,11,0,2017,4,18,7,3,5,3,1,1,0,0,0,0,0,5.1167E+20,5.40595E+21,9.15894E+15,4.88065E+16
149447,8.17043E+18,8,4,36,81,2017,4,14,6,3,2,6,0,1,0,0,0,0,0,5.62982E+20,5.28116E+21,9.83915E+15,4.76807E+16
149448,8.17043E+18,8,4,35,59,2017,4,10,6,3,6,4,0,1,1,0,0,0,1,5.12329E+20,5.29049E+21,9.16454E+15,4.77677E+16
149449,8.17043E+18,8,4,37,100,2017,4,10,6,2,6,4,0,1,1,0,0,0,1,5.37311E+20,5.31805E+21,9.50032E+15,4.80146E+16
149450,8.17043E+18,8,4,15,80,2017,4,23,6,2,1,5,0,1,0,1,0,2,0,5.11328E+20,5.37326E+21,9.15339E+15,4.85123E+16
149451,8.17043E+18,8,3,35,75,2017,4,15,6,3,5,3,0,1,0,0,0,0,1,4.87801E+20,5.29123E+21,8.83717E+15,4.77743E+16
149452,8.17043E+18,8,3,35,43,2017,4,9,6,3,0,6,0,1,0,0,1,0,1,5.13222E+20,5.27986E+21,9.17613E+15,4.7672E+16
149453,8.17043E+18,8,3,27,2,2017,4,15,6,2,5,3,0,1,0,0,0,0,0,4.76925E+20,5.32686E+21,8.6901E+15,4.80946E+16
149454,8.17043E+18,8,3,17,65,2017,4,15,6,3,3,6,0,0,0,1,1,0,0,4.1257E+20,5.35876E+21,7.81933E+15,4.8376E+16
149455,8.17043E+18,8,3,15,6,2017,4,11,6,3,5,3,1,1,0,0,0,0,0,4.03236E+20,5.30822E+21,7.7048E+15,4.792E+16
149456,8.17043E+18,8,3,36,50,2017,4,11,6,3,5,3,0,1,0,0,0,0,0,3.99328E+20,5.27465E+21,7.66029E+15,4.76174E+16
149457,8.17043E+18,8,3,11,0,2017,4,14,6,3,2,1,1,0,0,0,0,0,0,4.14103E+20,5.31676E+21,7.84852E+15,4.79983E+16
149458,8.17043E+18,8,3,11,0,2017,4,14,6,3,5,3,0,1,0,0,1,0,0,4.104E+20,5.31568E+21,7.79912E+15,4.79881E+16
149459,8.17043E+18,8,3,11,0,2017,4,16,6,3,2,6,0,1,0,0,0,0,0,4.12513E+20,5.31534E+21,7.82751E+15,4.79853E+16
149460,8.17043E+18,8,3,15,47,2017,4,13,6,3,5,3,1,1,0,0,0,0,0,4.15348E+20,5.32104E+21,7.86436E+15,4.80371E+16
149461,8.17043E+18,8,3,15,64,2017,4,9,6,3,0,1,0,0,0,1,0,0,1,4.21488E+20,5.31395E+21,7.94802E+15,4.7974E+16
149462,8.17043E+18,8,3,11,0,2017,4,7,6,3,5,2,1,1,0,0,0,0,0,4.14075E+20,5.31798E+21,7.8479E+15,4.80093E+16
149463,8.17043E+18,8,2,12,0,2017,4,9,6,3,5,3,1,1,0,0,0,0,0,4.58376E+20,5.43083E+21,8.43059E+15,4.9029E+16
149464,8.17043E+18,8,2,35,79,2017,4,7,6,3,0,7,1,0,0,0,0,0,0,4.66914E+20,5.39934E+21,8.54993E+15,4.87462E+16
149465,8.17043E+18,8,2,31,0,2017,4,11,6,3,2,6,0,1,0,0,0,0,0,4.77714E+20,5.4144E+21,8.69603E+15,4.88821E+16
149466,8.17043E+18,8,2,36,4,2017,4,7,6,3,4,6,0,0,0,0,1,0,0,4.73122E+20,5.41269E+21,8.6335E+15,4.88666E+16
149467,8.17043E+18,8,2,26,96,2017,4,16,6,3,5,7,0,0,1,0,1,0,0,4.76465E+20,5.48821E+21,8.67466E+15,4.9546E+16
149468,8.17043E+18,8,2,22,0,2017,4,18,6,3,1,5,1,1,0,0,0,0,0,4.618E+20,5.48141E+21,8.4726E+15,4.94842E+16
149469,8.17043E+18,8,2,22,0,2017,4,13,6,3,5,3,1,1,0,0,0,0,0,4.67715E+20,5.47944E+21,8.55442E+15,4.94668E+16
149470,8.17043E+18,8,2,22,0,2017,4,15,6,3,0,6,0,0,0,1,0,0,0,4.62441E+20,5.48268E+21,8.48133E+15,4.94956E+16
149471,8.17043E+18,8,2,26,18,2017,4,7,6,3,5,2,1,0,0,0,1,0,0,4.73403E+20,5.4719E+21,8.63343E+15,4.93992E+16
149472,8.17043E+18,8,2,15,17,2017,4,13,6,3,5,3,0,1,0,1,0,0,1,4.547E+20,5.4211E+21,8.38138E+15,4.89412E+16
149473,8.17043E+18,8,2,12,0,2017,4,15,6,3,2,6,0,1,0,0,0,0,0,4.57764E+20,5.42884E+21,8.42242E+15,4.9011E+16
149474,8.17043E+18,8,1,36,88,2017,4,6,6,3,5,3,0,1,0,0,0,0,1,5.80231E+20,5.41114E+21,1.00936E+16,4.88481E+16
149475,8.17043E+18,8,1,35,31,2017,4,11,6,3,5,3,0,1,0,0,0,0,1,5.96154E+20,5.37919E+21,1.03031E+16,4.85584E+16
149476,8.17043E+18,8,1,28,115,2017,4,12,6,3,6,7,0,0,1,0,1,0,0,5.48035E+20,5.49694E+21,9.66508E+15,4.96232E+16
149477,8.17043E+18,8,1,25,46,2017,4,19,6,3,8,1,0,0,0,1,0,0,0,5.14891E+20,5.43548E+21,9.20388E+15,4.9072E+16
149478,8.17043E+18,8,1,18,48,2017,4,17,6,3,2,6,0,1,0,0,0,0,0,5.15252E+20,5.41568E+21,9.20809E+15,4.88939E+16
149479,8.17043E+18,8,1,17,26,2017,4,19,6,3,5,3,1,1,0,0,0,0,0,5.4538E+20,5.39527E+21,9.61684E+15,4.87088E+16
149480,8.17043E+18,8,1,15,21,2017,4,14,6,3,5,3,1,1,0,0,0,0,0,4.90295E+20,5.38211E+21,8.86838E+15,4.8592E+16
149481,8.17043E+18,8,4,36,82,2017,4,7,5,3,5,3,1,1,0,0,0,0,0,5.47193E+20,5.29586E+21,9.63039E+15,4.78143E+16
149482,8.17043E+18,8,4,35,59,2017,4,16,5,3,6,4,0,1,1,0,0,0,0,5.12662E+20,5.29065E+21,9.169E+15,4.77691E+16
149483,8.17043E+18,8,4,26,21,2017,4,9,5,3,2,6,0,1,0,0,0,0,1,5.59007E+20,5.32732E+21,9.79251E+15,4.80964E+16
149484,8.17043E+18,8,3,36,91,2017,4,10,5,3,5,3,0,1,0,0,0,0,1,3.95594E+20,5.27427E+21,7.61071E+15,4.76134E+16
149485,8.17043E+18,8,3,27,49,2017,4,15,5,3,5,3,0,1,0,0,0,0,1,4.72429E+20,5.32512E+21,8.62984E+15,4.80787E+16
149486,8.17043E+18,8,3,26,74,2017,4,17,5,3,5,3,0,1,0,0,0,0,0,4.62726E+20,5.32388E+21,8.49967E+15,4.80671E+16
149487,8.17043E+18,8,3,26,74,2017,4,10,5,3,0,1,0,1,0,0,1,0,1,4.60638E+20,5.32269E+21,8.47175E+15,4.80563E+16
149488,8.17043E+18,8,3,17,1,2017,4,22,5,3,5,3,0,1,0,0,0,2,0,4.32358E+20,5.38476E+21,8.0823E+15,4.86123E+16
149489,8.17043E+18,8,3,17,116,2017,4,7,5,3,0,7,1,0,0,0,0,0,1,4.32956E+20,5.38795E+21,8.08989E+15,4.8641E+16
149490,8.17043E+18,8,3,11,0,2017,4,8,5,3,5,3,1,1,0,0,0,0,1,4.11676E+20,5.31457E+21,7.81644E+15,4.79783E+16
149491,8.17043E+18,8,3,11,0,2017,4,16,5,3,1,6,1,1,0,0,0,0,0,4.1435E+20,5.31779E+21,7.85163E+15,4.80077E+16
149492,8.17043E+18,8,2,12,0,2017,4,8,5,3,5,2,0,1,0,0,0,0,1,4.59351E+20,5.42824E+21,8.44418E+15,4.90057E+16
149493,8.17043E+18,8,2,37,24,2017,4,6,5,3,5,3,0,1,0,0,1,1,1,4.80766E+20,5.36165E+21,8.7401E+15,4.84077E+16
149494,8.17043E+18,8,2,31,0,2017,4,11,5,3,8,1,0,1,0,0,0,0,0,4.76615E+20,5.41261E+21,8.68113E+15,4.8866E+16
149495,8.17043E+18,8,2,31,0,2017,4,6,5,3,1,6,1,1,0,0,0,0,1,4.80552E+20,5.41198E+21,8.73485E+15,4.88605E+16
149496,8.17043E+18,8,2,26,95,2017,4,9,5,3,2,6,0,1,0,0,0,0,0,4.74427E+20,5.46117E+21,8.64823E+15,4.93027E+16
149497,8.17043E+18,8,2,22,0,2017,4,9,5,3,1,6,0,1,0,0,1,0,0,4.67053E+20,5.48022E+21,8.54522E+15,4.94738E+16
149498,8.17043E+18,8,2,22,0,2017,4,7,5,2,3,7,0,1,0,0,0,0,0,4.61809E+20,5.48024E+21,8.47284E+15,4.94736E+16
149499,8.17043E+18,8,2,26,105,2017,4,15,5,3,5,3,1,1,0,0,0,0,0,4.7122E+20,5.47906E+21,8.60282E+15,4.94635E+16
149500,8.17043E+18,8,2,21,0,2017,4,14,5,3,5,5,1,1,0,0,0,0,0,4.78968E+20,5.47367E+21,8.71003E+15,4.94153E+16
149501,8.17043E+18,8,2,12,0,2017,4,12,5,3,5,3,1,1,0,0,0,0,1,4.54473E+20,5.43302E+21,8.37695E+15,4.90484E+16
149502,8.17043E+18,8,2,12,0,2017,4,17,5,3,0,1,1,0,0,0,0,0,1,4.54614E+20,5.42854E+21,8.37938E+15,4.90081E+16
149503,8.17043E+18,8,2,12,0,2017,4,15,5,3,6,2,0,0,1,0,1,0,1,4.53588E+20,5.42865E+21,8.36534E+15,4.9009E+16
149504,8.17043E+18,8,2,11,0,2017,4,12,5,2,0,1,1,0,0,0,0,0,1,4.44043E+20,5.40106E+21,8.23861E+15,4.876E+16
149505,8.17043E+18,8,1,36,65,2017,4,5,5,3,5,3,1,1,0,0,0,2,1,5.58824E+20,5.40512E+21,9.80098E+15,4.87963E+16
149506,8.17043E+18,8,1,19,76,2017,4,5,5,3,1,6,0,1,0,1,0,2,1,5.41477E+20,5.40655E+21,9.56493E+15,4.88106E+16
149507,8.17043E+18,8,1,18,48,2017,4,19,5,2,3,7,0,1,0,1,0,0,0,5.13855E+20,5.41594E+21,9.18903E+15,4.88962E+16
149508,8.17043E+18,8,1,18,48,2017,4,16,5,3,5,2,0,1,0,1,0,0,0,5.14964E+20,5.41592E+21,9.20417E+15,4.8896E+16
149509,8.17043E+18,8,1,16,77,2017,4,18,5,3,1,7,0,1,0,0,0,0,0,5.15734E+20,5.392E+21,9.21375E+15,4.86808E+16
149510,8.17043E+18,8,1,16,72,2017,4,17,5,3,5,3,1,1,0,0,0,0,0,5.30791E+20,5.39316E+21,9.41838E+15,4.86907E+16
149511,8.17043E+18,8,1,15,41,2017,4,7,5,3,0,1,1,0,0,0,0,0,1,4.95398E+20,5.40194E+21,8.93736E+15,4.87705E+16
149512,8.17043E+18,8,1,15,3,2017,4,13,5,3,5,3,0,1,0,0,0,0,0,4.99137E+20,5.39218E+21,8.98827E+15,4.86827E+16
149513,8.17043E+18,8,1,15,3,2017,4,15,5,3,5,7,1,1,0,0,0,0,0,4.97606E+20,5.39185E+21,8.96748E+15,4.86797E+16
149514,8.17043E+18,8,1,11,0,2017,4,12,5,3,5,3,0,1,0,0,0,0,1,5.11446E+20,5.40937E+21,9.15598E+15,4.88372E+16
149515,8.17043E+18,8,1,11,0,2017,4,6,5,3,5,3,0,1,0,0,0,0,1,5.06847E+20,5.39842E+21,9.09313E+15,4.87388E+16
149516,8.17043E+18,8,4,37,31,2017,4,17,4,3,4,1,1,1,0,0,0,0,1,5.16433E+20,5.34406E+21,9.22137E+15,4.82495E+16
149517,8.17051E+18,8,4,15,59,2017,5,16,5,3,5,3,0,1,0,1,0,0,0,5.1662E+20,5.36953E+21,9.22489E+15,4.84787E+16
149518,8.17051E+18,8,4,25,72,2017,5,22,5,2,2,6,1,1,0,0,0,2,0,5.86483E+20,5.37333E+21,1.01709E+16,4.85071E+16
149519,8.17051E+18,8,4,25,33,2017,5,12,5,3,3,2,1,0,0,0,1,0,0,5.52584E+20,5.34846E+21,9.70887E+15,4.82872E+16
149520,8.17051E+18,8,4,15,61,2017,5,14,5,3,3,6,1,1,0,0,0,0,0,5.14603E+20,5.3717E+21,9.19767E+15,4.84982E+16
149521,8.17051E+18,8,3,36,69,2017,5,17,5,3,7,7,1,0,0,0,0,0,0,4.07032E+20,5.26762E+21,7.76427E+15,4.75553E+16
149522,8.17051E+18,8,3,35,21,2017,5,14,5,2,6,6,1,0,1,0,0,0,0,4.92075E+20,5.30086E+21,8.89405E+15,4.7861E+16
149523,8.17051E+18,8,3,26,74,2017,5,18,5,3,2,6,0,1,0,1,0,0,0,4.60638E+20,5.32269E+21,8.47175E+15,4.80563E+16
149524,8.17051E+18,8,3,26,52,2017,5,14,5,3,6,7,1,0,1,0,0,0,0,4.50031E+20,5.33049E+21,8.32851E+15,4.81257E+16
149525,8.17051E+18,8,3,17,96,2017,5,13,5,3,6,3,1,0,1,0,0,0,1,4.2272E+20,5.36893E+21,7.95449E+15,4.84688E+16
149526,8.17051E+18,8,3,17,114,2017,5,7,5,3,5,3,0,1,0,0,0,0,0,4.05773E+20,5.3471E+21,7.73018E+15,4.82701E+16
149527,8.17051E+18,8,3,15,50,2017,5,8,5,3,5,3,0,1,0,0,1,0,0,3.98559E+20,5.3029E+21,7.64347E+15,4.78714E+16
149528,8.17051E+18,8,3,36,50,2017,5,12,5,3,5,3,1,1,0,0,0,0,0,4.00034E+20,5.27514E+21,7.66957E+15,4.7622E+16
149529,8.17051E+18,8,2,15,7,2017,5,17,5,2,9,1,0,1,0,0,0,0,0,4.78329E+20,5.43179E+21,8.70349E+15,4.90386E+16
149530,8.17051E+18,8,2,12,0,2017,5,15,5,3,5,2,1,1,0,0,0,0,0,4.59823E+20,5.4287E+21,8.4506E+15,4.90099E+16
149531,8.17051E+18,8,2,12,0,2017,5,12,5,3,6,4,0,1,1,0,0,0,0,4.53209E+20,5.42889E+21,8.36013E+15,4.90111E+16
149532,8.17051E+18,8,2,31,0,2017,5,5,5,3,2,6,0,1,0,0,0,0,0,4.7827E+20,5.41563E+21,8.70354E+15,4.88932E+16
149533,8.17051E+18,8,2,31,0,2017,5,15,5,3,6,4,1,0,1,0,0,0,0,4.77999E+20,5.41544E+21,8.69985E+15,4.88915E+16
149534,8.17051E+18,8,2,31,0,2017,5,12,5,2,6,4,0,1,1,0,0,0,0,4.78635E+20,5.41534E+21,8.70854E+15,4.88906E+16
149535,8.17051E+18,8,2,22,0,2017,5,10,5,3,6,5,0,0,1,0,1,0,0,4.63074E+20,5.4871E+21,8.48966E+15,4.95354E+16
149536,8.17051E+18,8,2,22,0,2017,5,21,5,3,5,3,0,1,0,0,0,2,0,4.63189E+20,5.48071E+21,8.49185E+15,4.94779E+16
149537,8.17051E+18,8,2,22,0,2017,5,10,5,3,0,7,0,0,0,1,0,0,1,4.61815E+20,5.48312E+21,8.47265E+15,4.94995E+16
149538,8.17051E+18,8,2,21,0,2017,5,2,5,3,0,7,1,0,0,0,0,2,1,4.77175E+20,5.47132E+21,8.68545E+15,4.93941E+16