OBJECTID,UIDENTSTLA,ULAND,UREGBEZ,UKREIS,UGEMEINDE,UJAHR,UMONAT,USTUNDE,UWOCHENTAG,UKATEGORIE,UART,UTYP1,IstRad,IstPKW,IstFuss,IstKrad,IstSonstig,LICHT,STRZUSTAND,LINREFX,LINREFY,XGCSWGS84,YGCSWGS84
149539,8.17051E+18,8,2,21,0,2017,5,17,5,3,1,6,1,1,0,0,0,0,0,4.77263E+20,5.47504E+21,8.68644E+15,4.94276E+16
149540,8.17051E+18,8,2,16,17,2017,5,10,5,3,4,2,1,1,0,0,0,0,0,4.55292E+20,5.39772E+21,8.39202E+15,4.87309E+16
149541,8.17051E+18,8,2,16,7,2017,5,14,5,3,4,5,1,1,0,0,0,0,0,4.32788E+20,5.39702E+21,8.08614E+15,4.87226E+16
149542,8.17051E+18,8,2,15,106,2017,5,17,5,3,0,5,1,1,0,0,0,0,0,4.66864E+20,5.45456E+21,8.54474E+15,4.92429E+16
149543,8.17051E+18,8,2,15,9,2017,5,12,5,3,1,6,0,1,0,0,0,0,0,4.69479E+20,5.4411E+21,8.58169E+15,4.9122E+16
149544,8.17051E+18,8,2,15,7,2017,5,18,5,3,0,1,0,0,0,1,0,0,1,4.78169E+20,5.43114E+21,8.70133E+15,4.90328E+16
149545,8.17051E+18,8,2,12,0,2017,5,7,5,3,5,3,1,1,0,0,0,0,0,4.54938E+20,5.42716E+21,8.38397E+15,4.89957E+16
149546,8.17051E+18,8,2,12,0,2017,5,16,5,3,0,1,1,0,0,0,0,0,1,4.55756E+20,5.42629E+21,8.39525E+15,4.89879E+16
149547,8.17051E+18,8,1,36,65,2017,5,10,5,3,5,3,1,1,0,0,0,0,0,5.58968E+20,5.40564E+21,9.80301E+15,4.8801E+16
149548,8.17051E+18,8,1,36,65,2017,5,14,5,3,0,3,0,1,0,1,0,0,0,5.59022E+20,5.40563E+21,9.80375E+15,4.88008E+16
149549,8.17051E+18,8,1,36,21,2017,5,7,5,2,5,3,1,1,0,0,0,0,0,5.75886E+20,5.40677E+21,1.00336E+16,4.88093E+16
149550,8.17051E+18,8,1,35,19,2017,5,11,5,2,0,7,1,0,0,0,1,0,0,5.85243E+20,5.39155E+21,1.01578E+16,4.86712E+16
149551,8.17051E+18,8,1,25,65,2017,5,20,5,3,5,3,0,1,0,0,0,1,1,5.16707E+20,5.44841E+21,9.22928E+15,4.91882E+16
149552,8.17051E+18,8,1,16,19,2017,5,12,5,3,2,6,0,1,0,0,0,0,0,5.23082E+20,5.39799E+21,9.31391E+15,4.87345E+16
149553,8.17051E+18,8,1,15,3,2017,5,11,5,3,0,7,1,0,0,0,0,0,0,5.00814E+20,5.39158E+21,9.01106E+15,4.86772E+16
149554,8.17051E+18,8,1,11,0,2017,5,5,5,3,5,3,0,1,0,1,0,0,0,5.17542E+20,5.40408E+21,9.23882E+15,4.87895E+16
149555,8.17051E+18,8,1,11,0,2017,5,7,5,3,5,3,1,1,0,0,0,0,0,5.12661E+20,5.40188E+21,9.17231E+15,4.87698E+16
149556,8.17051E+18,8,1,11,0,2017,5,9,5,3,3,7,0,1,0,0,0,0,0,5.19115E+20,5.40428E+21,9.26026E+15,4.87912E+16
149557,8.17051E+18,8,4,37,104,2017,5,13,4,3,2,6,0,0,0,1,1,0,0,5.16499E+20,5.32607E+21,9.22155E+15,4.80877E+16
149558,8.17051E+18,8,4,36,81,2017,5,12,4,2,0,7,1,0,0,1,0,0,0,5.63291E+20,5.28097E+21,9.84324E+15,4.7679E+16
149559,8.17051E+18,8,4,26,70,2017,5,8,4,3,5,3,0,1,0,0,0,0,0,5.65283E+20,5.34266E+21,9.87914E+15,4.82338E+16
149560,8.17051E+18,8,4,21,0,2017,5,10,4,3,6,4,0,0,1,0,1,0,0,5.73411E+20,5.36245E+21,9.99203E+15,4.84109E+16
149561,8.17051E+18,8,4,17,79,2017,5,13,4,2,0,1,1,0,0,0,0,0,0,5.00123E+20,5.34472E+21,9.00166E+15,4.82557E+16
149562,8.17051E+18,8,4,16,41,2017,5,15,4,3,0,7,1,0,0,0,0,0,0,5.03807E+20,5.37295E+21,9.05155E+15,4.85097E+16
149563,8.17051E+18,8,4,15,61,2017,5,18,4,3,4,6,0,1,0,0,0,0,0,5.12757E+20,5.37118E+21,9.17266E+15,4.84936E+16
149564,8.17051E+18,8,4,15,19,2017,5,17,4,3,2,6,0,1,0,0,0,0,0,5.17228E+20,5.36999E+21,9.23314E+15,4.84828E+16
149565,8.17051E+18,8,4,15,53,2017,5,19,4,3,5,3,0,1,0,1,0,0,0,5.36963E+20,5.36195E+21,9.49948E+15,4.84096E+16
149566,8.17051E+18,8,3,37,126,2017,5,8,4,3,5,3,0,1,0,1,0,0,0,4.4063E+20,5.2747E+21,8.20985E+15,4.7623E+16
149567,8.17051E+18,8,3,35,97,2017,5,18,4,3,5,3,1,1,0,0,0,0,0,4.86391E+20,5.29524E+21,8.81823E+15,4.78104E+16
149568,8.17051E+18,8,3,35,43,2017,5,20,4,3,0,7,1,0,0,0,0,2,0,5.1401E+20,5.28029E+21,9.18665E+15,4.76759E+16
149569,8.17051E+18,8,3,35,63,2017,5,9,4,2,6,7,0,1,1,0,0,0,0,4.98399E+20,5.28768E+21,8.97865E+15,4.77425E+16
149570,8.17051E+18,8,4,36,39,2017,5,16,4,3,8,7,1,0,0,0,0,0,0,5.49275E+20,5.28617E+21,9.6571E+15,4.7727E+16
149571,8.17051E+18,8,3,26,74,2017,5,17,4,3,7,3,1,1,0,0,0,0,0,4.59453E+20,5.32494E+21,8.45564E+15,4.80764E+16
149572,8.17051E+18,8,3,25,49,2017,5,14,4,3,5,3,0,1,0,0,0,0,0,4.73368E+20,5.33303E+21,8.64195E+15,4.81499E+16
149573,8.17051E+18,8,3,25,15,2017,5,12,4,2,5,3,1,1,0,0,0,0,0,4.72395E+20,5.34525E+21,8.62807E+15,4.82599E+16
149574,8.17051E+18,8,3,17,65,2017,5,14,4,3,1,5,0,1,0,1,0,0,0,4.13643E+20,5.3542E+21,7.83475E+15,4.83351E+16
149575,8.17051E+18,8,3,17,57,2017,5,17,4,3,6,4,0,1,1,0,0,0,0,4.12006E+20,5.38092E+21,7.80706E+15,4.85752E+16
149576,8.17051E+18,8,3,17,96,2017,5,18,4,3,0,7,1,0,0,0,0,0,0,4.22234E+20,5.36908E+21,7.94789E+15,4.847E+16
149577,8.17051E+18,8,3,17,5,2017,5,16,4,3,0,2,0,0,0,1,1,0,0,4.23706E+20,5.37923E+21,7.96595E+15,4.85615E+16
149578,8.17051E+18,8,3,17,1,2017,5,19,4,2,0,1,1,0,0,0,0,0,0,4.29111E+20,5.38404E+21,8.03838E+15,4.86054E+16
149579,8.17051E+18,8,3,15,6,2017,5,7,4,3,0,3,1,1,0,0,0,0,0,4.03354E+20,5.30859E+21,7.70631E+15,4.79234E+16
149580,8.17051E+18,8,3,36,91,2017,5,16,4,3,6,4,1,0,1,0,0,0,0,3.95739E+20,5.27193E+21,7.61319E+15,4.75924E+16
149581,8.17051E+18,8,3,11,0,2017,5,16,4,3,1,1,0,1,0,1,0,0,0,4.13563E+20,5.31655E+21,7.84134E+15,4.79964E+16
149582,8.17051E+18,8,3,11,0,2017,5,8,4,3,0,1,1,1,0,0,0,0,0,4.14038E+20,5.31568E+21,7.84787E+15,4.79887E+16
149583,8.17051E+18,8,2,12,0,2017,5,17,4,3,2,2,0,0,0,1,1,0,0,4.56526E+20,5.42807E+21,8.40557E+15,4.9004E+16
149584,8.17051E+18,8,2,12,0,2017,5,12,4,3,5,3,1,1,0,0,0,0,0,4.53147E+20,5.4302E+21,8.35913E+15,4.90229E+16
149585,8.17051E+18,8,2,26,32,2017,5,14,4,3,5,5,1,1,0,0,0,0,0,4.67411E+20,5.46255E+21,8.55161E+15,4.93148E+16
149586,8.17051E+18,8,2,22,0,2017,5,20,4,3,5,3,0,1,0,1,0,0,0,4.62096E+20,5.48084E+21,8.47674E+15,4.94791E+16
149587,8.17051E+18,8,2,26,38,2017,5,7,4,3,5,2,0,1,0,1,0,0,0,4.71494E+20,5.4798E+21,8.60656E+15,4.94702E+16
149588,8.17051E+18,8,2,22,0,2017,5,15,4,3,3,2,1,1,0,0,0,0,0,4.6152E+20,5.48159E+21,8.46871E+15,4.94858E+16
149589,8.17051E+18,8,2,22,0,2017,5,9,4,2,1,6,0,1,0,1,0,0,0,4.61734E+20,5.48236E+21,8.4716E+15,4.94927E+16
149590,8.17051E+18,8,2,22,0,2017,5,14,4,2,4,6,0,1,0,0,0,0,0,4.61354E+20,5.48314E+21,8.46627E+15,4.94996E+16
149591,8.17051E+18,8,2,21,0,2017,5,11,4,3,5,3,1,1,0,0,0,0,0,4.73926E+20,5.47272E+21,8.64059E+15,4.94066E+16
149592,8.17051E+18,8,2,21,0,2017,5,20,4,2,4,2,1,1,0,0,0,0,0,4.78901E+20,5.47138E+21,8.70923E+15,4.93947E+16
149593,8.17051E+18,8,1,18,67,2017,5,21,4,2,6,4,0,1,1,0,0,2,0,5.05277E+20,5.41374E+21,9.07197E+15,4.88766E+16
149594,8.17051E+18,8,1,36,19,2017,5,9,4,3,0,2,0,1,0,1,0,0,0,5.8268E+20,5.42458E+21,1.01297E+16,4.89686E+16
149595,8.17051E+18,8,1,36,50,2017,5,15,4,3,2,2,1,0,0,0,0,0,0,5.82505E+20,5.40491E+21,1.01233E+16,4.87917E+16
149596,8.17051E+18,8,1,36,27,2017,5,7,4,2,0,1,1,0,0,0,0,1,0,5.54229E+20,5.4207E+21,9.74048E+15,4.89368E+16
149597,8.17051E+18,8,1,27,14,2017,5,15,4,3,5,3,1,1,0,0,0,0,0,5.79035E+20,5.44266E+21,1.00834E+16,4.91317E+16
149598,8.17051E+18,8,1,27,76,2017,5,7,4,2,6,2,0,1,1,0,0,0,0,5.54524E+20,5.44017E+21,9.74713E+15,4.91119E+16
149599,8.17051E+18,8,1,25,7,2017,5,12,4,3,2,6,0,1,0,0,0,0,0,5.11583E+20,5.45337E+21,9.15911E+15,4.9233E+16
149600,8.17051E+18,8,1,19,79,2017,5,6,4,3,5,3,1,1,0,0,0,0,0,5.2533E+20,5.40743E+21,9.34506E+15,4.88193E+16
149601,8.17051E+18,8,1,19,67,2017,5,7,4,3,3,2,1,0,0,0,1,0,0,5.38702E+20,5.40635E+21,9.52711E+15,4.8809E+16
149602,8.17051E+18,8,1,18,19,2017,5,14,4,3,6,7,0,1,0,0,1,0,0,5.03052E+20,5.405E+21,9.04156E+15,4.8798E+16
149603,8.17051E+18,8,1,18,78,2017,5,18,4,2,4,2,0,1,0,1,0,0,0,5.14805E+20,5.41983E+21,9.20214E+15,4.89312E+16
149604,8.17051E+18,8,1,16,49,2017,5,13,4,3,5,3,1,1,0,0,0,0,0,5.25705E+20,5.38571E+21,9.34881E+15,4.86239E+16
149605,8.17051E+18,8,1,16,49,2017,5,10,4,3,5,3,0,1,0,0,1,0,0,5.26249E+20,5.38468E+21,9.35614E+15,4.86147E+16
149606,8.17051E+18,8,1,15,3,2017,5,17,4,2,0,7,0,0,0,1,0,0,0,5.0132E+20,5.39332E+21,9.01794E+15,4.86929E+16
149607,8.17051E+18,8,1,11,0,2017,5,22,4,2,5,3,0,1,0,1,0,2,0,5.11409E+20,5.40652E+21,9.15539E+15,4.88116E+16
149608,8.17051E+18,8,1,11,0,2017,5,8,4,3,6,4,0,1,1,0,0,0,0,5.13911E+20,5.40613E+21,9.18946E+15,4.8808E+16
149609,8.17051E+18,8,1,11,0,2017,5,6,4,3,2,6,0,1,0,0,0,0,0,5.13732E+20,5.40422E+21,9.18697E+15,4.87908E+16
149610,8.17051E+18,8,1,11,0,2017,5,9,4,3,0,5,0,1,0,1,0,0,0,5.12254E+20,5.40875E+21,9.16697E+15,4.88316E+16
149611,8.17051E+18,8,1,11,0,2017,5,14,4,3,0,3,0,1,0,0,1,0,0,5.1076E+20,5.40046E+21,9.14639E+15,4.8757E+16
149612,8.17051E+18,8,1,11,0,2017,5,8,4,3,5,3,0,1,0,0,0,0,0,5.12459E+20,5.40348E+21,9.16961E+15,4.87842E+16
149613,8.17051E+18,8,4,36,8,2017,5,6,3,3,5,3,0,1,0,0,0,1,0,5.4833E+20,5.30982E+21,9.64714E+15,4.79399E+16
149614,8.17051E+18,8,4,36,8,2017,5,10,3,3,5,3,0,0,0,1,0,0,0,5.47718E+20,5.31131E+21,9.63912E+15,4.79533E+16
149615,8.17051E+18,8,4,36,64,2017,5,8,3,3,5,3,1,1,0,0,0,0,0,5.43919E+20,5.29196E+21,9.58627E+15,4.77795E+16
149616,8.17051E+18,8,4,26,21,2017,5,21,3,3,0,7,0,1,0,0,0,2,0,5.61366E+20,5.32486E+21,9.82384E+15,4.80741E+16
149617,8.17051E+18,8,4,21,0,2017,5,8,3,3,6,4,1,0,1,0,0,0,0,5.72555E+20,5.36062E+21,9.98015E+15,4.83945E+16
149618,8.17051E+18,8,4,21,0,2017,5,14,3,3,0,7,0,1,0,0,1,0,0,5.6947E+20,5.36133E+21,9.9386E+15,4.84013E+16
149619,8.17051E+18,8,4,17,16,2017,5,9,3,2,1,6,0,1,0,0,0,0,0,4.84821E+20,5.3423E+21,8.79559E+15,4.82338E+16
149620,8.17051E+18,8,4,16,41,2017,5,16,3,3,5,3,0,1,0,0,0,0,0,5.04654E+20,5.37609E+21,9.06304E+15,4.85379E+16
149621,8.17051E+18,8,4,16,11,2017,5,18,3,3,5,3,0,1,0,0,0,0,0,5.04421E+20,5.36629E+21,9.05979E+15,4.84497E+16
149622,8.17051E+18,8,3,35,75,2017,5,21,3,3,5,3,0,1,0,0,0,2,0,4.878E+20,5.29122E+21,8.83717E+15,4.77743E+16
149623,8.17051E+18,8,4,36,94,2017,5,16,3,2,6,4,0,1,1,0,0,0,0,5.6785E+20,5.28113E+21,9.904E+15,4.768E+16
149624,8.17051E+18,8,3,27,49,2017,5,17,3,3,2,6,0,1,0,0,0,0,0,4.72088E+20,5.32448E+21,8.6253E+15,4.8073E+16
149625,8.17051E+18,8,3,11,0,2017,5,16,3,3,1,7,0,1,0,0,0,0,0,4.13364E+20,5.31715E+21,7.83854E+15,4.80018E+16
149626,8.17051E+18,8,3,11,0,2017,5,12,3,3,5,2,1,1,0,0,0,0,0,4.12366E+20,5.31641E+21,7.82531E+15,4.79949E+16
149627,8.17051E+18,8,2,12,0,2017,5,12,3,3,0,3,1,0,0,1,0,0,0,4.57433E+20,5.4284E+21,8.41794E+15,4.9007E+16
149628,8.17051E+18,8,2,12,0,2017,5,11,3,3,5,3,0,1,0,1,0,0,0,4.55767E+20,5.42883E+21,8.39512E+15,4.90108E+16
149629,8.17051E+18,8,2,26,106,2017,5,7,3,3,5,3,0,1,0,0,0,0,1,4.98035E+20,5.46373E+21,8.97296E+15,4.93263E+16
149630,8.17051E+18,8,2,22,0,2017,5,9,3,3,2,6,0,1,0,0,0,0,0,4.6483E+20,5.47881E+21,8.51467E+15,4.94609E+16
149631,8.17051E+18,8,2,26,96,2017,5,18,3,2,6,4,0,1,1,0,0,0,0,4.75249E+20,5.48857E+21,8.65782E+15,4.95492E+16
149632,8.17051E+18,8,2,22,0,2017,5,14,3,2,5,3,0,1,0,0,0,0,0,4.65072E+20,5.48377E+21,8.51757E+15,4.95055E+16
149633,8.17051E+18,8,2,26,31,2017,5,11,3,2,0,7,0,0,0,0,1,0,0,4.75261E+20,5.49317E+21,8.6577E+15,4.95906E+16
149634,8.17051E+18,8,2,21,0,2017,5,16,3,3,5,5,0,1,0,1,0,0,0,4.76349E+20,5.46994E+21,8.67414E+15,4.93817E+16
149635,8.17051E+18,8,2,26,76,2017,5,7,3,2,5,3,0,1,0,1,1,0,0,4.74504E+20,5.4652E+21,8.64904E+15,4.9339E+16
149636,8.17051E+18,8,2,16,15,2017,5,19,3,2,6,4,0,1,1,0,0,0,0,4.50447E+20,5.40568E+21,8.32518E+15,4.88022E+16
149637,8.17051E+18,8,2,16,33,2017,5,14,3,3,1,5,1,1,0,0,0,0,0,4.46867E+20,5.41421E+21,8.27532E+15,4.88786E+16
149638,8.17051E+18,8,2,16,43,2017,5,15,3,3,0,2,1,1,0,0,0,0,0,4.411E+20,5.41334E+21,8.1968E+15,4.88702E+16
149639,8.17051E+18,8,2,15,7,2017,5,16,3,3,5,3,0,1,0,0,0,0,0,4.77412E+20,5.43178E+21,8.69094E+15,4.90385E+16
149640,8.17051E+18,8,2,15,17,2017,5,21,3,3,5,3,0,1,0,0,0,1,0,4.55908E+20,5.42135E+21,8.39786E+15,4.89435E+16
149641,8.17051E+18,8,1,36,65,2017,5,8,3,3,1,1,0,1,0,0,0,0,0,5.58091E+20,5.40628E+21,9.79117E+15,4.88068E+16
149642,8.17051E+18,8,1,26,58,2017,5,15,3,3,5,3,0,1,0,1,0,0,0,5.4234E+20,5.45039E+21,9.58126E+15,4.92049E+16
149643,8.17051E+18,8,1,25,46,2017,5,17,3,3,5,3,0,1,0,0,0,0,0,5.19641E+20,5.43474E+21,9.26888E+15,4.90652E+16
149644,8.17051E+18,8,1,21,0,2017,5,16,3,3,6,4,0,0,1,0,1,0,0,5.14115E+20,5.44196E+21,9.19348E+15,4.91303E+16
149645,8.17051E+18,8,1,18,48,2017,5,15,3,3,2,6,0,1,0,0,0,0,0,5.15818E+20,5.41581E+21,9.2158E+15,4.88951E+16
149646,8.17051E+18,8,1,15,28,2017,5,17,3,3,2,6,0,1,0,0,0,0,0,5.00389E+20,5.40494E+21,9.00529E+15,4.87975E+16
149647,8.17051E+18,8,1,15,41,2017,5,14,3,3,5,3,0,1,0,0,0,0,0,4.95363E+20,5.40164E+21,8.9369E+15,4.87677E+16
149648,8.17051E+18,8,1,11,0,2017,5,18,3,3,2,7,0,1,0,0,0,0,0,5.15306E+20,5.40674E+21,9.20849E+15,4.88135E+16
149649,8.17051E+18,8,1,11,0,2017,5,8,3,3,1,1,0,1,0,0,0,0,0,5.14064E+20,5.40263E+21,9.19143E+15,4.87765E+16
149650,8.17051E+18,8,1,11,0,2017,5,6,3,3,3,6,0,1,0,0,1,0,0,5.13816E+20,5.40404E+21,9.1881E+15,4.87892E+16
149651,8.17051E+18,8,1,11,0,2017,5,16,3,3,6,7,0,1,1,0,0,0,0,5.13159E+20,5.40328E+21,9.17913E+15,4.87824E+16
149652,8.17051E+18,8,1,11,0,2017,5,16,3,3,2,7,0,1,0,1,0,0,0,5.12373E+20,5.40854E+21,9.16859E+15,4.88297E+16
149653,8.17051E+18,8,4,35,59,2017,5,15,2,3,6,6,0,0,1,0,1,0,1,5.1222E+20,5.2902E+21,9.16307E+15,4.7765E+16
149654,8.17051E+18,8,4,16,41,2017,5,18,2,3,5,3,0,1,0,0,0,0,1,5.05065E+20,5.37359E+21,9.06858E+15,4.85154E+16
149655,8.17051E+18,8,3,25,49,2017,5,13,2,3,5,3,1,1,0,0,0,0,0,4.70925E+20,5.33507E+21,8.60895E+15,4.81682E+16
149656,8.17051E+18,8,3,17,96,2017,5,17,2,3,5,3,0,1,0,0,0,0,0,4.22237E+20,5.36874E+21,7.948E+15,4.8467E+16
149657,8.17051E+18,8,3,17,57,2017,5,12,2,3,1,5,0,1,0,0,0,0,0,4.12592E+20,5.38081E+21,7.81502E+15,4.85743E+16
149658,8.17051E+18,8,3,17,57,2017,5,6,2,3,2,6,0,1,0,1,0,1,0,4.12081E+20,5.38101E+21,7.80805E+15,4.8576E+16
149659,8.17051E+18,8,3,15,74,2017,5,17,2,3,5,3,0,0,0,1,1,0,0,4.00486E+20,5.2982E+21,7.67031E+15,4.78295E+16
149660,8.17051E+18,8,3,11,0,2017,5,18,2,3,1,6,0,1,0,0,0,0,0,4.13633E+20,5.32048E+21,7.84147E+15,4.80318E+16
149661,8.17051E+18,8,2,31,0,2017,5,4,2,3,7,1,0,1,0,0,0,2,1,4.76333E+20,5.41475E+21,8.67717E+15,4.88852E+16
149662,8.17051E+18,8,2,36,44,2017,5,13,2,3,5,3,1,1,0,0,0,0,1,4.83283E+20,5.40739E+21,8.77227E+15,4.88192E+16
149663,8.17051E+18,8,2,22,0,2017,5,8,2,3,5,3,1,1,0,0,0,0,1,4.61972E+20,5.48111E+21,8.47501E+15,4.94814E+16
149664,8.17051E+18,8,2,22,0,2017,5,18,2,3,1,5,1,0,0,0,1,0,0,4.63378E+20,5.47778E+21,8.49473E+15,4.94516E+16
149665,8.17051E+18,8,2,15,103,2017,5,16,2,3,6,4,0,1,1,0,0,0,0,4.6494E+20,5.44149E+21,8.51946E+15,4.91253E+16
149666,8.17051E+18,8,2,15,17,2017,5,6,2,3,5,3,0,1,0,0,0,1,1,4.56089E+20,5.42113E+21,8.40035E+15,4.89415E+16
149667,8.17051E+18,8,2,12,0,2017,5,19,2,3,1,7,1,1,0,0,0,0,1,4.56356E+20,5.42789E+21,8.40328E+15,4.90023E+16
149668,8.17051E+18,8,2,12,0,2017,5,15,2,3,2,6,0,1,0,1,0,0,1,4.56803E+20,5.42877E+21,8.40928E+15,4.90103E+16
149669,8.17051E+18,8,2,11,0,2017,5,22,2,3,0,3,0,1,0,0,1,2,0,4.43613E+20,5.40191E+21,8.23263E+15,4.87676E+16
149670,8.17051E+18,8,1,35,19,2017,5,20,2,3,0,1,1,0,0,0,0,1,0,5.84975E+20,5.39314E+21,1.01545E+16,4.86855E+16
149671,8.17051E+18,8,1,25,56,2017,5,19,2,3,6,4,0,0,1,0,1,0,0,5.10823E+20,5.43593E+21,9.1482E+15,4.90761E+16
149672,8.17051E+18,8,1,21,0,2017,5,15,2,2,5,3,0,1,0,1,0,0,0,5.135E+20,5.44377E+21,9.18511E+15,4.91466E+16
149673,8.17051E+18,8,1,18,76,2017,5,13,2,3,1,1,0,1,0,0,0,0,1,5.01979E+20,5.42731E+21,9.02706E+15,4.89986E+16
149674,8.17051E+18,8,1,18,46,2017,5,15,2,3,2,6,0,1,0,0,0,0,0,5.13505E+20,5.41226E+21,9.18414E+15,4.88631E+16
149675,8.17051E+18,8,1,17,44,2017,5,13,2,3,5,2,0,1,0,0,0,0,1,5.38862E+20,5.39167E+21,9.52791E+15,4.86769E+16
149676,8.17051E+18,8,1,16,19,2017,5,14,2,3,5,3,1,1,0,0,0,0,1,5.22814E+20,5.39872E+21,9.31031E+15,4.87411E+16
149677,8.17051E+18,8,1,11,0,2017,5,9,2,3,5,2,0,1,0,0,0,0,1,5.1142E+20,5.40579E+21,9.15553E+15,4.8805E+16
149678,8.17051E+18,8,1,11,0,2017,5,17,2,3,6,2,0,1,1,0,0,0,1,5.06368E+20,5.39892E+21,9.08662E+15,4.87433E+16
149679,8.17051E+18,8,1,11,0,2017,5,15,2,3,5,3,0,1,0,0,0,0,1,5.12977E+20,5.40628E+21,9.17675E+15,4.88094E+16
149680,8.17051E+18,8,1,11,0,2017,5,16,2,3,5,3,0,1,0,0,0,0,0,5.15917E+20,5.40584E+21,9.21677E+15,4.88054E+16
149681,8.17051E+18,8,4,36,6,2017,5,12,1,2,9,1,1,0,0,0,0,0,1,5.54847E+20,5.28225E+21,9.73091E+15,4.76913E+16
149682,8.17051E+18,8,4,25,33,2017,5,13,1,3,0,3,0,1,0,1,0,0,1,5.53202E+20,5.34813E+21,9.71715E+15,4.82841E+16
149683,8.17051E+18,8,4,21,0,2017,5,14,1,3,4,2,1,1,0,0,0,0,1,5.72282E+20,5.36086E+21,9.9765E+15,4.83968E+16
149684,8.17051E+18,8,3,37,96,2017,5,16,1,3,6,7,0,1,1,0,0,0,1,4.20499E+20,5.26673E+21,7.9434E+15,4.75491E+16
149685,8.17051E+18,8,3,37,27,2017,5,2,1,3,0,1,0,1,0,0,0,2,1,4.32572E+20,5.28668E+21,8.10077E+15,4.773E+16
149686,8.17051E+18,8,3,35,75,2017,5,0,1,3,1,5,0,1,0,0,0,2,1,4.91567E+20,5.28889E+21,8.88748E+15,4.77534E+16
149687,8.17051E+18,8,3,27,2,2017,5,0,1,2,1,1,0,1,0,0,1,2,1,4.78776E+20,5.32666E+21,8.71497E+15,4.80928E+16
149688,8.17051E+18,8,3,17,65,2017,5,17,1,3,7,7,1,0,1,0,0,0,0,4.15642E+20,5.35467E+21,7.86163E+15,4.83396E+16
149689,8.17051E+18,8,3,11,0,2017,5,14,1,3,9,1,0,0,0,1,0,0,0,4.13304E+20,5.31896E+21,7.83738E+15,4.8018E+16
149690,8.17051E+18,8,2,12,0,2017,5,12,1,3,5,2,1,1,0,0,0,0,1,4.58461E+20,5.42862E+21,8.43198E+15,4.90091E+16
149691,8.17051E+18,8,2,26,96,2017,5,18,1,3,4,2,0,1,0,0,0,0,1,4.74632E+20,5.48808E+21,8.64933E+15,4.95448E+16
149692,8.17051E+18,8,2,26,85,2017,5,23,1,3,0,7,1,0,0,0,0,2,1,4.90574E+20,5.45542E+21,8.87048E+15,4.92514E+16
149693,8.17051E+18,8,2,22,0,2017,5,17,1,3,6,2,0,0,1,0,1,0,1,4.61285E+20,5.48173E+21,8.46546E+15,4.94869E+16
149694,8.17051E+18,8,2,22,0,2017,5,1,1,3,3,6,1,1,0,0,0,2,0,4.61192E+20,5.48185E+21,8.46416E+15,4.9488E+16
149695,8.17051E+18,8,2,21,0,2017,5,21,1,3,0,7,1,0,0,0,0,2,1,4.76033E+20,5.47266E+21,8.66962E+15,4.94062E+16
149696,8.17051E+18,8,2,16,41,2017,5,14,1,3,5,3,0,1,0,0,0,0,1,4.34358E+20,5.39128E+21,8.1084E+15,4.86711E+16
149697,8.17051E+18,8,2,15,39,2017,5,11,1,3,5,3,1,0,0,0,1,0,1,4.72954E+20,5.45148E+21,8.62863E+15,4.92155E+16
149698,8.17051E+18,8,2,12,0,2017,5,21,1,3,1,5,0,1,0,1,0,2,1,4.56697E+20,5.42808E+21,8.40792E+15,4.90041E+16
149699,8.17051E+18,8,1,36,65,2017,5,1,1,3,5,3,1,1,0,0,0,2,1,5.58653E+20,5.40506E+21,9.79865E+15,4.87958E+16
149700,8.17051E+18,8,1,25,86,2017,5,1,1,3,5,3,0,1,0,0,0,2,1,5.04317E+20,5.44347E+21,9.05919E+15,4.9144E+16
149701,8.17051E+18,8,1,21,0,2017,5,13,1,3,1,5,0,1,0,0,0,0,1,5.14274E+20,5.44082E+21,9.19562E+15,4.91201E+16
149702,8.17051E+18,8,1,21,0,2017,5,22,1,3,6,2,0,1,1,0,0,2,1,5.16432E+20,5.44373E+21,9.22532E+15,4.91462E+16
149703,8.17051E+18,8,1,19,79,2017,5,20,1,2,8,1,0,1,0,0,0,0,1,5.22293E+20,5.40795E+21,9.30372E+15,4.88242E+16
149704,8.17051E+18,8,1,16,33,2017,5,10,1,2,0,1,0,0,0,1,0,0,1,5.33432E+20,5.3883E+21,9.45388E+15,4.86469E+16
149705,8.17051E+18,8,1,16,19,2017,5,0,1,3,5,3,0,1,0,0,0,2,1,5.24314E+20,5.39792E+21,9.33066E+15,4.87338E+16
149706,8.17051E+18,8,1,11,0,2017,5,16,1,3,0,1,0,0,0,1,0,0,1,5.14126E+20,5.40301E+21,9.19229E+15,4.87799E+16
149707,8.17051E+18,8,1,11,0,2017,5,12,1,3,6,4,0,1,1,0,0,0,1,5.17374E+20,5.40885E+21,9.23675E+15,4.88324E+16
149708,8.17051E+18,8,1,11,0,2017,5,10,1,3,0,3,1,1,0,0,0,0,1,5.11084E+20,5.39762E+21,9.15073E+15,4.87315E+16
149709,8.17051E+18,8,4,36,64,2017,5,6,7,2,8,1,0,1,0,0,0,0,0,5.45082E+20,5.29081E+21,9.60168E+15,4.77691E+16
149710,8.17051E+18,8,4,26,117,2017,5,18,7,3,5,3,0,1,0,0,0,0,1,5.81726E+20,5.31666E+21,1.00955E+16,4.7998E+16
149711,8.17051E+18,8,4,26,66,2017,5,15,7,2,5,2,0,0,0,1,1,0,0,5.83987E+20,5.32327E+21,1.01272E+16,4.80572E+16