OBJECTID,UIDENTSTLA,ULAND,UREGBEZ,UKREIS,UGEMEINDE,UJAHR,UMONAT,USTUNDE,UWOCHENTAG,UKATEGORIE,UART,UTYP1,IstRad,IstPKW,IstFuss,IstKrad,IstSonstig,LICHT,STRZUSTAND,LINREFX,LINREFY,XGCSWGS84,YGCSWGS84
149712,8.17051E+18,8,4,15,59,2017,5,11,7,3,6,7,0,1,1,0,0,0,0,5.16699E+20,5.36822E+21,9.2259E+15,4.84669E+16
149713,8.17051E+18,8,3,26,74,2017,5,19,7,3,4,2,0,1,0,0,0,0,0,4.60207E+20,5.32251E+21,8.46599E+15,4.80546E+16
149714,8.17051E+18,8,3,26,74,2017,5,13,7,3,3,6,0,1,0,0,1,0,1,4.65046E+20,5.32329E+21,8.53086E+15,4.80619E+16
149715,8.17051E+18,8,3,17,40,2017,5,5,7,3,6,2,0,1,1,0,0,2,0,4.31593E+20,5.34715E+21,8.07806E+15,4.82739E+16
149716,8.17051E+18,8,2,15,64,2017,5,11,7,2,5,3,1,1,0,0,0,0,0,4.79984E+20,5.45288E+21,8.72508E+15,4.92283E+16
149717,8.17051E+18,8,2,31,0,2017,5,16,7,2,0,1,1,0,0,0,0,0,1,4.81876E+20,5.41579E+21,8.75273E+15,4.88948E+16
149718,8.17051E+18,8,2,26,84,2017,5,15,7,3,6,7,1,0,1,0,0,0,0,4.6864E+20,5.46983E+21,8.56794E+15,4.93804E+16
149719,8.17051E+18,8,2,26,84,2017,5,13,7,3,2,6,0,1,0,0,0,0,0,4.6855E+20,5.46981E+21,8.56671E+15,4.93802E+16
149720,8.17051E+18,8,2,22,0,2017,5,11,7,3,5,2,0,1,0,1,0,0,0,4.61542E+20,5.48834E+21,8.46836E+15,4.95465E+16
149721,8.17051E+18,8,2,22,0,2017,5,10,7,3,3,6,0,1,0,0,1,0,0,4.62896E+20,5.48258E+21,8.48763E+15,4.94947E+16
149722,8.17051E+18,8,2,26,12,2017,5,16,7,3,0,6,1,1,0,0,0,0,0,4.76343E+20,5.47766E+21,8.6736E+15,4.94511E+16
149723,8.17051E+18,8,2,15,46,2017,5,12,7,2,0,5,1,1,0,0,0,0,0,4.51106E+20,5.41496E+21,8.33305E+15,4.88857E+16
149724,8.17051E+18,8,1,36,88,2017,5,18,7,2,0,1,1,0,0,0,0,0,0,5.77582E+20,5.41557E+21,1.00583E+16,4.88883E+16
149725,8.17051E+18,8,1,27,14,2017,5,15,7,3,8,1,0,0,0,1,0,0,0,5.82115E+20,5.44335E+21,1.01258E+16,4.91375E+16
149726,8.17051E+18,8,1,27,14,2017,5,11,7,3,5,3,1,1,0,0,0,0,0,5.77438E+20,5.4437E+21,1.00617E+16,4.91412E+16
149727,8.17051E+18,8,1,17,19,2017,5,7,7,3,5,3,0,1,0,0,0,0,0,5.52475E+20,5.39417E+21,9.71314E+15,4.86984E+16
149728,8.17051E+18,8,4,21,0,2017,5,19,7,2,5,3,1,1,0,0,0,0,0,5.72313E+20,5.35641E+21,9.97616E+15,4.83567E+16
149729,8.17051E+18,8,1,15,41,2017,5,14,7,3,5,3,0,1,0,0,0,0,0,4.9534E+20,5.40138E+21,8.93658E+15,4.87654E+16
149730,8.17051E+18,8,1,11,0,2017,5,11,7,3,4,6,1,1,0,0,0,0,0,5.10803E+20,5.40233E+21,9.14704E+15,4.87739E+16
149731,8.17051E+18,8,1,11,0,2017,5,10,7,3,6,7,0,1,1,0,0,0,0,5.13149E+20,5.40209E+21,9.17896E+15,4.87717E+16
149732,8.17051E+18,8,4,35,42,2017,5,16,6,3,8,1,0,0,0,1,0,0,0,5.5004E+20,5.27791E+21,9.66636E+15,4.76526E+16
149733,8.17051E+18,8,4,36,14,2017,5,17,6,3,5,3,1,1,0,0,0,0,0,5.5513E+20,5.30189E+21,9.73717E+15,4.78679E+16
149734,8.17051E+18,8,4,35,16,2017,5,12,6,3,5,3,1,1,0,0,0,0,0,5.34808E+20,5.27778E+21,9.46351E+15,4.76524E+16
149735,8.17051E+18,8,4,21,0,2017,5,18,6,3,3,6,0,1,0,1,0,0,0,5.74119E+20,5.36115E+21,1.00014E+16,4.83991E+16
149736,8.17051E+18,8,3,35,79,2017,5,17,6,3,6,4,0,1,1,0,0,0,0,5.00568E+20,5.29992E+21,9.00759E+15,4.78526E+16
149737,8.17051E+18,8,3,35,79,2017,5,14,6,3,0,6,0,1,0,1,0,0,0,5.01643E+20,5.3002E+21,9.02196E+15,4.78551E+16
149738,8.17051E+18,8,3,35,63,2017,5,18,6,3,5,2,0,1,0,1,0,0,0,4.96514E+20,5.28806E+21,8.95349E+15,4.77459E+16
149739,8.17051E+18,8,3,35,43,2017,5,7,6,3,2,6,1,1,0,0,0,0,0,5.12236E+20,5.28132E+21,9.16304E+15,4.76852E+16
149740,8.17051E+18,8,3,35,43,2017,5,17,6,3,4,6,1,0,0,0,0,0,0,5.13357E+20,5.27914E+21,9.17792E+15,4.76656E+16
149741,8.17051E+18,8,3,25,70,2017,5,20,6,3,1,5,0,1,0,1,0,0,0,4.62816E+20,5.34787E+21,8.49877E+15,4.82829E+16
149742,8.17051E+18,8,3,17,57,2017,5,7,6,3,4,6,1,0,0,0,0,0,0,4.12353E+20,5.38107E+21,7.81173E+15,4.85766E+16
149743,8.17051E+18,8,3,17,98,2017,5,13,6,2,7,7,1,0,0,0,0,0,0,4.40217E+20,5.36755E+21,8.19138E+15,4.84582E+16
149744,8.17051E+18,8,3,17,96,2017,5,11,6,2,5,3,1,0,0,0,0,0,0,4.22618E+20,5.3694E+21,7.95303E+15,4.84729E+16
149745,8.17051E+18,8,3,15,108,2017,5,17,6,3,6,2,0,1,1,0,0,0,0,4.05115E+20,5.304E+21,7.73088E+15,4.78823E+16
149746,8.17051E+18,8,3,36,50,2017,5,15,6,3,5,3,1,0,0,1,0,0,0,3.9857E+20,5.2724E+21,7.65072E+15,4.75971E+16
149747,8.17051E+18,8,3,36,91,2017,5,12,6,2,6,4,0,1,1,0,0,0,0,3.96562E+20,5.27203E+21,7.62411E+15,4.75935E+16
149748,8.17051E+18,8,3,11,0,2017,5,10,6,3,2,6,0,1,0,0,1,0,0,4.11367E+20,5.31893E+21,7.81141E+15,4.80175E+16
149749,8.17051E+18,8,3,11,0,2017,5,17,6,2,2,2,1,0,0,0,1,0,0,4.10446E+20,5.31568E+21,7.79974E+15,4.79882E+16
149750,8.17051E+18,8,3,11,0,2017,5,17,6,2,5,3,1,1,0,0,0,0,0,4.14098E+20,5.31806E+21,7.8482E+15,4.801E+16
149751,8.17051E+18,8,3,11,0,2017,5,10,6,3,3,2,0,1,0,0,1,0,0,4.14627E+20,5.31863E+21,7.85517E+15,4.80153E+16
149752,8.17051E+18,8,2,12,0,2017,5,11,6,2,3,2,1,0,0,0,0,0,0,4.52453E+20,5.42707E+21,8.35E+15,4.89947E+16
149753,8.17051E+18,8,2,12,0,2017,5,6,6,2,0,7,1,0,0,0,0,1,0,4.56503E+20,5.42875E+21,8.40519E+15,4.90101E+16
149754,8.17051E+18,8,2,37,40,2017,5,18,6,3,6,7,0,0,1,0,1,0,0,4.76805E+20,5.36591E+21,8.68635E+15,4.84459E+16
149755,8.17051E+18,8,2,22,0,2017,5,14,6,3,2,6,0,1,0,0,0,0,0,4.6263E+20,5.48104E+21,8.48409E+15,4.94809E+16
149756,8.17051E+18,8,2,21,0,2017,5,16,6,3,6,4,1,0,1,0,0,0,0,4.78265E+20,5.47301E+21,8.70038E+15,4.94094E+16
149757,8.17051E+18,8,2,21,0,2017,5,7,6,3,3,2,1,0,0,0,1,0,0,4.76542E+20,5.47386E+21,8.67658E+15,4.9417E+16
149758,8.17051E+18,8,2,16,63,2017,5,14,6,2,0,7,1,0,0,0,0,0,0,4.27042E+20,5.40048E+21,8.00741E+15,4.87531E+16
149759,8.17051E+18,8,2,15,106,2017,5,16,6,3,2,6,0,1,0,0,0,0,0,4.65176E+20,5.45243E+21,8.52175E+15,4.92237E+16
149760,8.17051E+18,8,2,12,0,2017,5,23,6,3,4,6,1,0,0,0,0,2,0,4.55701E+20,5.42875E+21,8.39422E+15,4.901E+16
149761,8.17051E+18,8,2,12,0,2017,5,7,6,3,5,2,1,1,0,0,0,0,0,4.54731E+20,5.4278E+21,8.38107E+15,4.90014E+16
149762,8.17051E+18,8,2,12,0,2017,5,15,6,3,0,7,1,0,0,0,0,0,0,4.5503E+20,5.43071E+21,8.38483E+15,4.90276E+16
149763,8.17051E+18,8,1,36,88,2017,5,10,6,3,0,7,0,0,0,0,1,0,0,5.80601E+20,5.41328E+21,1.00991E+16,4.88672E+16
149764,8.17051E+18,8,1,36,88,2017,5,9,6,3,2,6,0,1,0,0,1,0,0,5.80348E+20,5.41082E+21,1.00951E+16,4.88451E+16
149765,8.17051E+18,8,1,36,45,2017,5,15,6,2,0,7,0,1,0,0,0,0,0,5.96412E+20,5.40571E+21,1.03128E+16,4.87969E+16
149766,8.17051E+18,8,1,26,66,2017,5,9,6,3,0,6,0,0,0,0,1,0,0,5.37477E+20,5.45079E+21,9.51454E+15,4.92088E+16
149767,8.17051E+18,8,1,21,0,2017,5,13,6,3,1,6,0,1,0,0,1,0,0,5.14591E+20,5.44626E+21,9.20017E+15,4.9169E+16
149768,8.17051E+18,8,1,19,20,2017,5,16,6,3,0,7,1,0,0,0,0,0,0,5.19936E+20,5.40758E+21,9.27159E+15,4.88209E+16
149769,8.17051E+18,8,1,19,8,2017,5,19,6,2,4,6,0,1,0,1,0,0,0,5.31725E+20,5.42203E+21,9.43332E+15,4.89504E+16
149770,8.17051E+18,8,1,19,83,2017,5,18,6,2,8,1,1,0,0,0,0,0,0,5.34717E+20,5.42061E+21,9.47405E+15,4.89374E+16
149771,8.17051E+18,8,1,15,3,2017,5,13,6,3,0,7,0,0,0,0,1,0,0,5.00481E+20,5.39238E+21,9.00653E+15,4.86844E+16
149772,8.17051E+18,8,1,17,26,2017,5,13,6,3,5,3,0,1,0,0,0,0,0,5.46939E+20,5.39485E+21,9.63799E+15,4.87049E+16
149773,8.17051E+18,8,1,16,14,2017,5,13,6,2,5,3,1,1,0,0,0,0,0,5.28086E+20,5.39515E+21,9.38177E+15,4.87087E+16
149774,8.17051E+18,8,1,15,42,2017,5,8,6,3,5,3,0,1,0,0,0,0,1,4.93076E+20,5.40678E+21,8.90568E+15,4.8814E+16
149775,8.17051E+18,8,1,15,21,2017,5,12,6,3,0,7,1,0,0,0,0,0,0,4.906E+20,5.38291E+21,8.87251E+15,4.85992E+16
149776,8.17051E+18,8,1,11,0,2017,5,20,6,2,6,4,0,1,1,0,0,0,0,5.1439E+20,5.40895E+21,9.19609E+15,4.88334E+16
149777,8.17051E+18,8,1,11,0,2017,5,0,6,2,1,7,0,1,0,1,0,2,0,5.13975E+20,5.4038E+21,9.19025E+15,4.87871E+16
149778,8.17051E+18,8,1,11,0,2017,5,7,6,3,5,2,1,0,0,0,1,0,1,5.08981E+20,5.39679E+21,9.12212E+15,4.87241E+16
149779,8.17051E+18,8,1,11,0,2017,5,17,6,3,2,6,0,1,0,0,0,0,0,5.13046E+20,5.40348E+21,9.1776E+15,4.87842E+16
149780,8.1705E+18,8,4,36,55,2017,5,15,5,3,5,2,1,1,0,0,0,0,1,5.7534E+20,5.29726E+21,1.00066E+16,4.78243E+16
149781,8.1705E+18,8,4,21,0,2017,5,15,5,3,6,4,0,1,1,0,0,0,1,5.70745E+20,5.36208E+21,9.95595E+15,4.84079E+16
149782,8.1705E+18,8,4,16,36,2017,5,13,5,3,6,7,0,1,1,0,0,0,0,4.95547E+20,5.3697E+21,8.93975E+15,4.84804E+16
149783,8.1705E+18,8,4,15,61,2017,5,19,5,3,0,3,1,1,0,0,0,1,0,5.16219E+20,5.37148E+21,9.21954E+15,4.84962E+16
149784,8.1705E+18,8,3,37,126,2017,5,14,5,2,6,4,0,0,1,0,1,0,0,4.41228E+20,5.27479E+21,8.21779E+15,4.76238E+16
149785,8.1705E+18,8,3,35,43,2017,5,6,5,3,5,2,1,1,0,0,0,0,1,5.13418E+20,5.27981E+21,9.17874E+15,4.76716E+16
149786,8.17051E+18,8,4,16,41,2017,5,17,5,3,5,3,1,1,0,0,0,0,0,5.05211E+20,5.37327E+21,9.07055E+15,4.85126E+16
149787,8.17051E+18,8,4,15,61,2017,5,13,6,3,5,3,1,1,0,0,0,0,0,5.12809E+20,5.37422E+21,9.17346E+15,4.85209E+16
149788,8.17051E+18,8,1,18,48,2017,5,6,6,3,5,3,0,1,0,1,0,0,1,5.165E+20,5.41575E+21,9.22511E+15,4.88945E+16
149789,8.17051E+18,8,1,19,20,2017,5,7,6,2,5,3,1,1,0,0,0,0,1,5.20789E+20,5.40594E+21,9.28313E+15,4.88061E+16
149790,8.17051E+18,8,1,36,42,2017,5,20,6,3,5,3,0,1,0,0,0,0,0,5.50973E+20,5.40518E+21,9.6941E+15,4.87975E+16
149791,8.17051E+18,8,1,18,71,2017,5,18,6,2,0,1,1,0,0,0,0,0,0,5.08889E+20,5.41922E+21,9.12135E+15,4.89259E+16
149792,8.17051E+18,8,1,11,0,2017,5,8,6,2,8,1,0,0,0,1,0,0,1,5.14893E+20,5.4073E+21,9.20288E+15,4.88185E+16
149793,8.17051E+18,8,1,28,115,2017,5,17,6,3,5,3,1,1,0,0,0,0,1,5.47548E+20,5.49688E+21,9.65832E+15,4.96226E+16
149794,8.17051E+18,8,1,35,19,2017,5,11,6,3,2,6,0,1,0,0,1,0,0,5.85601E+20,5.38986E+21,1.01624E+16,4.86559E+16
149795,8.17051E+18,8,1,17,26,2017,5,7,6,3,5,3,0,1,0,0,0,0,0,5.48143E+20,5.39525E+21,9.65439E+15,4.87084E+16
149796,8.17051E+18,8,1,19,79,2017,5,13,6,3,6,4,0,0,1,1,0,0,0,5.22484E+20,5.40786E+21,9.30632E+15,4.88233E+16
149797,8.17051E+18,8,1,11,0,2017,5,16,6,3,5,3,1,1,0,0,0,0,0,5.07544E+20,5.40781E+21,9.10278E+15,4.88233E+16
149798,8.17051E+18,8,1,16,70,2017,5,17,6,3,0,7,0,1,1,0,0,0,0,5.38569E+20,5.38589E+21,9.52339E+15,4.86249E+16
149799,8.17051E+18,8,4,26,97,2017,5,12,5,3,6,7,0,0,1,0,1,0,0,5.3568E+20,5.33436E+21,9.47982E+15,4.81615E+16
149800,8.17051E+18,8,1,11,0,2017,5,8,6,3,0,1,1,0,0,0,0,0,0,5.13557E+20,5.4025E+21,9.18452E+15,4.87754E+16
149801,8.17051E+18,8,1,18,46,2017,5,15,6,3,5,3,1,1,0,0,0,0,0,5.16383E+20,5.41387E+21,9.22344E+15,4.88775E+16
149802,8.17051E+18,8,1,15,3,2017,5,19,6,3,5,2,0,1,0,0,0,0,1,4.99335E+20,5.3925E+21,8.99097E+15,4.86856E+16
149803,8.17052E+18,8,1,25,24,2017,5,13,4,3,5,3,1,1,0,0,0,0,0,5.23337E+20,5.44422E+21,9.32003E+15,4.91503E+16
149804,8.17052E+18,8,1,19,91,2017,5,20,4,3,0,2,1,0,0,1,0,0,0,5.28392E+20,5.40648E+21,9.38671E+15,4.88106E+16
149805,8.17052E+18,8,1,16,50,2017,5,11,4,3,9,1,0,0,0,1,0,0,0,5.26616E+20,5.38744E+21,9.36129E+15,4.86394E+16
149806,8.17052E+18,8,1,16,4,2017,5,22,4,3,5,3,0,1,0,1,0,2,0,5.28103E+20,5.39662E+21,9.3821E+15,4.87219E+16
149807,8.17052E+18,8,1,16,77,2017,5,14,4,3,5,3,0,1,0,0,0,0,0,5.1766E+20,5.39157E+21,9.2399E+15,4.86769E+16
149808,8.17052E+18,8,1,16,19,2017,5,16,4,2,5,3,1,0,0,0,1,0,0,5.232E+20,5.39639E+21,9.31543E+15,4.87201E+16
149809,8.17052E+18,8,1,15,45,2017,5,4,4,3,5,2,0,1,0,0,0,2,0,4.98437E+20,5.39345E+21,8.97876E+15,4.86941E+16
149810,8.17052E+18,8,1,11,0,2017,5,18,4,3,5,3,1,1,0,0,0,0,0,5.16154E+20,5.40539E+21,9.21998E+15,4.88013E+16
149811,8.17052E+18,8,1,11,0,2017,5,20,4,3,0,4,1,0,1,0,0,1,0,5.12982E+20,5.40224E+21,9.17669E+15,4.8773E+16
149812,8.17052E+18,8,1,11,0,2017,5,8,4,3,2,6,0,1,0,1,0,0,0,5.09093E+20,5.40701E+21,9.12386E+15,4.8816E+16
149813,8.17052E+18,8,1,11,0,2017,5,18,4,3,5,3,1,1,0,0,0,0,0,5.08684E+20,5.40631E+21,9.11828E+15,4.88097E+16
149814,8.17052E+18,8,4,36,64,2017,5,7,3,3,0,3,1,1,0,0,0,0,0,5.46194E+20,5.29221E+21,9.61667E+15,4.77816E+16
149815,8.17052E+18,8,4,35,36,2017,5,18,3,3,0,7,1,0,0,0,0,0,0,5.20184E+20,5.28231E+21,9.26899E+15,4.76939E+16
149816,8.17052E+18,8,4,21,0,2017,5,17,3,3,4,6,1,0,0,0,0,0,0,5.71157E+20,5.36059E+21,9.96126E+15,4.83945E+16
149817,8.17052E+18,8,4,25,81,2017,5,18,3,3,0,1,1,0,0,0,0,0,0,5.47654E+20,5.34267E+21,9.64176E+15,4.82354E+16
149818,8.17052E+18,8,4,25,33,2017,5,19,3,2,1,3,1,1,0,0,0,0,0,5.5436E+20,5.34783E+21,9.73273E+15,4.82814E+16
149819,8.17052E+18,8,4,17,36,2017,5,16,3,3,0,1,0,1,0,1,0,0,0,5.02946E+20,5.35253E+21,9.03975E+15,4.8326E+16
149820,8.17052E+18,8,4,16,36,2017,5,13,3,3,0,7,1,0,0,0,1,0,0,4.95207E+20,5.36948E+21,8.93515E+15,4.84784E+16
149821,8.17052E+18,8,4,15,61,2017,5,10,3,3,6,2,0,1,1,0,0,0,0,5.15789E+20,5.37106E+21,9.2137E+15,4.84925E+16
149822,8.17052E+18,8,4,15,61,2017,5,20,3,3,5,3,1,1,0,0,0,0,0,5.14301E+20,5.37048E+21,9.19354E+15,4.84873E+16
149823,8.17052E+18,8,3,35,63,2017,5,17,3,3,9,5,1,1,0,0,0,0,0,4.98759E+20,5.28793E+21,8.98344E+15,4.77448E+16
149824,8.17052E+18,8,3,35,43,2017,5,16,3,3,5,3,1,1,0,0,0,0,0,5.12885E+20,5.27928E+21,9.17163E+15,4.76667E+16
149825,8.17052E+18,8,3,35,43,2017,5,13,3,3,0,1,1,0,0,0,0,0,0,5.1288E+20,5.27936E+21,9.17156E+15,4.76675E+16
149826,8.17052E+18,8,4,36,82,2017,5,8,3,2,4,2,1,0,0,0,0,0,0,5.48414E+20,5.29503E+21,9.64661E+15,4.78068E+16
149827,8.17052E+18,8,3,27,49,2017,5,19,3,3,0,1,0,0,0,1,0,0,0,4.72879E+20,5.32273E+21,8.63602E+15,4.80573E+16
149828,8.17052E+18,8,3,27,50,2017,5,8,3,3,3,2,1,0,0,0,0,0,0,4.85747E+20,5.31389E+21,8.809E+15,4.79782E+16
149829,8.17052E+18,8,3,26,74,2017,5,15,3,3,5,3,1,1,0,0,0,0,0,4.64718E+20,5.32322E+21,8.52646E+15,4.80613E+16
149830,8.17052E+18,8,3,25,51,2017,5,16,3,3,4,6,0,1,0,0,0,0,0,4.53758E+20,5.34583E+21,8.37691E+15,4.8264E+16
149831,8.17052E+18,8,2,37,40,2017,5,6,3,2,6,4,0,1,1,0,0,0,0,4.6941E+20,5.36585E+21,8.58635E+15,4.84451E+16
149832,8.17052E+18,8,3,17,65,2017,5,8,3,3,5,3,1,1,0,0,0,0,0,4.15543E+20,5.35441E+21,7.86035E+15,4.83372E+16
149833,8.17052E+18,8,3,17,57,2017,5,7,3,3,5,3,0,1,0,0,0,0,0,4.13807E+20,5.37415E+21,7.83287E+15,4.85145E+16
149834,8.17052E+18,8,3,16,20,2017,5,17,3,3,4,2,1,1,0,0,0,0,0,4.08273E+20,5.33804E+21,7.76581E+15,4.81889E+16
149835,8.17052E+18,8,3,16,54,2017,5,19,3,2,8,1,0,1,0,1,0,0,0,4.17006E+20,5.33678E+21,7.88353E+15,4.81789E+16
149836,8.17052E+18,8,3,15,68,2017,5,7,3,3,1,3,1,1,0,0,0,0,0,4.40366E+20,5.30228E+21,8.20255E+15,4.78711E+16
149837,8.17052E+18,8,3,15,133,2017,5,18,3,3,5,3,0,1,0,0,0,0,0,3.97555E+20,5.32742E+21,7.6242E+15,4.80918E+16
149838,8.17052E+18,8,3,11,0,2017,5,14,3,3,5,2,1,0,0,0,1,0,0,4.09928E+20,5.31617E+21,7.79269E+15,4.79925E+16
149839,8.17052E+18,8,2,15,9,2017,5,15,3,2,4,2,0,1,0,1,0,0,0,4.69773E+20,5.4417E+21,8.58568E+15,4.91274E+16
149840,8.17052E+18,8,2,37,28,2017,5,17,3,3,5,3,0,1,0,0,0,0,0,4.56319E+20,5.36862E+21,8.40905E+15,4.84692E+16
149841,8.17052E+18,8,2,31,0,2017,5,20,3,2,4,6,0,1,0,0,0,1,0,4.78913E+20,5.41621E+21,8.71228E+15,4.88985E+16
149842,8.17052E+18,8,2,31,0,2017,5,17,3,3,1,7,1,1,0,0,0,0,0,4.74843E+20,5.41427E+21,8.65687E+15,4.88809E+16
149843,8.17052E+18,8,2,26,95,2017,5,18,3,3,5,3,0,0,0,0,1,0,0,4.74428E+20,5.46116E+21,8.64825E+15,4.93027E+16
149844,8.17052E+18,8,2,26,96,2017,5,11,3,3,1,5,0,1,0,0,1,0,0,4.73085E+20,5.48817E+21,8.62794E+15,4.95455E+16
149845,8.17052E+18,8,2,26,84,2017,5,18,3,3,4,6,1,0,0,0,0,0,0,4.69529E+20,5.46958E+21,8.58022E+15,4.93782E+16
149846,8.17052E+18,8,2,26,32,2017,5,20,3,3,4,2,1,1,0,0,0,0,0,4.67104E+20,5.46302E+21,8.54735E+15,4.9319E+16
149847,8.17052E+18,8,2,22,0,2017,5,18,3,3,1,7,0,1,1,0,0,0,0,4.63777E+20,5.48551E+21,8.49952E+15,4.95211E+16
149848,8.17052E+18,8,2,22,0,2017,5,19,3,3,5,3,1,1,0,0,0,0,0,4.62906E+20,5.48089E+21,8.48792E+15,4.94795E+16
149849,8.17052E+18,8,2,22,0,2017,5,16,3,2,5,3,1,1,0,0,0,0,0,4.63562E+20,5.47799E+21,8.49724E+15,4.94535E+16
149850,8.17052E+18,8,2,22,0,2017,5,7,3,3,2,6,1,0,0,0,0,0,0,4.60725E+20,5.48228E+21,8.45767E+15,4.94919E+16
149851,8.17052E+18,8,2,22,0,2017,5,16,3,3,5,3,0,1,0,0,0,0,0,4.61048E+20,5.48174E+21,8.46218E+15,4.9487E+16
149852,8.17052E+18,8,2,21,0,2017,5,17,3,3,4,3,1,1,0,0,0,0,0,4.75798E+20,5.47031E+21,8.66653E+15,4.9385E+16
149853,8.17052E+18,8,2,21,0,2017,5,8,3,3,5,3,1,1,0,0,0,0,0,4.76836E+20,5.46957E+21,8.68088E+15,4.93784E+16
149854,8.17052E+18,8,2,15,66,2017,5,18,3,2,6,7,1,0,1,0,0,0,0,4.59176E+20,5.45621E+21,8.43896E+15,4.92573E+16
149855,8.17052E+18,8,2,15,17,2017,5,14,3,3,4,6,0,1,0,0,0,0,0,4.55688E+20,5.42181E+21,8.39481E+15,4.89476E+16
149856,8.17052E+18,8,2,12,0,2017,5,7,3,3,5,2,1,1,0,0,0,0,0,4.53864E+20,5.42955E+21,8.36902E+15,4.90171E+16
149857,8.17052E+18,8,2,12,0,2017,5,16,3,3,5,3,1,0,0,0,1,0,0,4.52803E+20,5.42875E+21,8.3546E+15,4.90099E+16
149858,8.17052E+18,8,1,18,79,2017,5,11,3,2,7,1,1,0,0,0,0,0,0,5.09646E+20,5.42288E+21,9.13177E+15,4.89588E+16
149859,8.17052E+18,8,1,36,65,2017,5,20,3,3,0,1,1,0,0,0,0,1,0,5.56062E+20,5.40431E+21,9.76327E+15,4.87892E+16
149860,8.17052E+18,8,1,28,139,2017,5,16,3,3,5,7,0,1,0,0,1,0,0,5.57795E+20,5.48684E+21,9.79871E+15,4.95314E+16
149861,8.17052E+18,8,1,27,14,2017,5,17,3,2,5,3,1,1,0,0,0,0,0,5.77131E+20,5.44393E+21,1.00576E+16,4.91434E+16
149862,8.17052E+18,8,1,26,66,2017,5,18,3,3,4,2,0,1,0,0,0,0,0,5.37223E+20,5.44925E+21,9.51091E+15,4.91949E+16
149863,8.17052E+18,8,1,25,65,2017,5,7,3,3,2,6,0,1,0,0,0,0,0,5.14591E+20,5.44835E+21,9.20024E+15,4.91878E+16
149864,8.17052E+18,8,1,25,26,2017,5,15,3,3,4,6,1,0,0,0,1,0,0,4.92872E+20,5.44247E+21,8.90228E+15,4.9135E+16
149865,8.17052E+18,8,1,25,6,2017,5,11,3,3,5,3,0,1,0,0,0,0,0,5.08618E+20,5.45531E+21,9.11843E+15,4.92505E+16
149866,8.17052E+18,8,1,19,8,2017,5,13,3,3,2,6,0,1,0,0,1,0,0,5.31446E+20,5.4229E+21,9.42956E+15,4.89582E+16
149867,8.17052E+18,8,1,17,19,2017,5,9,3,2,6,4,0,1,1,0,0,0,0,5.5242E+20,5.39392E+21,9.71236E+15,4.86961E+16
149868,8.17052E+18,8,1,17,26,2017,5,13,3,3,6,4,0,1,1,0,0,0,0,5.47148E+20,5.39495E+21,9.64084E+15,4.87058E+16
149869,8.17052E+18,8,1,16,78,2017,5,8,3,3,5,2,0,0,0,1,1,0,0,5.10528E+20,5.39387E+21,9.14308E+15,4.86978E+16
149870,8.17052E+18,8,1,16,77,2017,5,17,3,3,0,6,1,0,0,0,1,0,0,5.1468E+20,5.3895E+21,9.19935E+15,4.86584E+16
149871,8.17052E+18,8,1,16,70,2017,5,17,3,3,5,7,0,1,1,0,0,0,0,5.39968E+20,5.38502E+21,9.5423E+15,4.8617E+16
149872,8.17052E+18,8,1,15,29,2017,5,15,3,3,6,4,1,0,1,0,0,0,0,4.97612E+20,5.3986E+21,8.96752E+15,4.87404E+16
149873,8.17052E+18,8,1,15,24,2017,5,14,3,3,2,2,0,1,0,0,1,0,0,5.02088E+20,5.38631E+21,9.02834E+15,4.86299E+16
149874,8.17052E+18,8,1,11,0,2017,5,17,3,2,2,6,0,1,0,1,0,0,0,5.07448E+20,5.39784E+21,9.1013E+15,4.87335E+16
149875,8.17052E+18,8,1,11,0,2017,5,22,3,3,2,7,0,1,0,0,0,2,0,5.12629E+20,5.40233E+21,9.17188E+15,4.87739E+16
149876,8.17052E+18,8,1,11,0,2017,5,6,3,3,8,7,0,1,0,0,0,0,0,5.11809E+20,5.40089E+21,9.16069E+15,4.87609E+16
149877,8.17052E+18,8,1,11,0,2017,5,16,3,2,5,3,1,1,0,0,0,0,0,5.16451E+20,5.40678E+21,9.22408E+15,4.88137E+16
149878,8.17052E+18,8,4,37,104,2017,5,7,2,3,5,3,0,1,0,0,1,0,0,5.15093E+20,5.32599E+21,9.20268E+15,4.8087E+16
149879,8.17052E+18,8,4,36,64,2017,5,15,2,3,4,6,1,1,0,0,0,0,0,5.46166E+20,5.29268E+21,9.61634E+15,4.77858E+16
149880,8.17052E+18,8,4,36,64,2017,5,13,2,3,0,7,0,0,0,1,0,0,0,5.45438E+20,5.29214E+21,9.60656E+15,4.77811E+16
149881,8.17052E+18,8,4,36,64,2017,5,17,2,3,2,2,0,1,0,0,1,0,0,5.45362E+20,5.29314E+21,9.60565E+15,4.779E+16
149882,8.17052E+18,8,4,35,16,2017,5,14,2,3,0,7,1,0,0,0,0,0,0,5.30016E+20,5.28224E+21,9.40002E+15,4.76928E+16
149883,8.17052E+18,8,4,35,16,2017,5,6,2,3,5,3,0,1,0,0,0,0,0,5.3612E+20,5.27882E+21,9.48108E+15,4.76618E+16