OBJECTID,UIDENTSTLA,ULAND,UREGBEZ,UKREIS,UGEMEINDE,UJAHR,UMONAT,USTUNDE,UWOCHENTAG,UKATEGORIE,UART,UTYP1,IstRad,IstPKW,IstFuss,IstKrad,IstSonstig,LICHT,STRZUSTAND,LINREFX,LINREFY,XGCSWGS84,YGCSWGS84
150402,8.17052E+18,8,3,35,75,2017,5,14,4,3,5,3,1,1,0,0,0,0,0,4.89253E+20,5.28865E+21,8.85661E+15,4.77511E+16
150403,8.17052E+18,8,3,35,43,2017,5,19,4,3,6,6,1,0,1,0,0,0,0,5.10464E+20,5.28128E+21,9.13943E+15,4.76848E+16
150404,8.17052E+18,8,3,27,38,2017,5,17,4,3,4,2,0,1,0,0,0,0,0,4.92953E+20,5.314E+21,8.90557E+15,4.79793E+16
150405,8.17052E+18,8,3,26,74,2017,5,10,4,3,2,2,0,1,0,0,0,0,0,4.58649E+20,5.32293E+21,8.44504E+15,4.80583E+16
150406,8.17052E+18,8,3,25,49,2017,5,15,4,3,5,3,1,1,0,0,0,0,0,4.7088E+20,5.33526E+21,8.60834E+15,4.81699E+16
150407,8.17052E+18,8,3,27,50,2017,5,8,4,3,0,5,1,1,0,0,0,0,0,4.87257E+20,5.31344E+21,8.82926E+15,4.79741E+16
150408,8.17052E+18,8,3,17,40,2017,5,12,4,3,6,7,0,1,1,0,0,0,0,4.32333E+20,5.34751E+21,8.08797E+15,4.82772E+16
150409,8.17052E+18,8,3,17,150,2017,5,12,4,3,5,3,1,1,0,0,0,0,0,4.0938E+20,5.35714E+21,7.77662E+15,4.83609E+16
150410,8.17052E+18,8,3,17,57,2017,5,14,4,3,0,7,0,0,0,1,0,0,0,4.14592E+20,5.38352E+21,7.84158E+15,4.8599E+16
150411,8.17052E+18,8,3,16,17,2017,5,17,4,3,5,3,0,1,0,0,0,0,0,4.0757E+20,5.34231E+21,7.75542E+15,4.82272E+16
150412,8.17052E+18,8,3,15,22,2017,5,12,4,3,5,2,0,1,0,0,1,0,0,4.01351E+20,5.30059E+21,7.68132E+15,4.7851E+16
150413,8.17052E+18,8,3,11,0,2017,5,10,4,3,2,6,1,1,0,0,0,0,0,4.14819E+20,5.31687E+21,7.8581E+15,4.79995E+16
150414,8.17052E+18,8,3,11,0,2017,5,12,4,3,2,6,0,1,0,0,0,0,0,4.1038E+20,5.31645E+21,7.79869E+15,4.79951E+16
150415,8.17052E+18,8,3,15,98,2017,5,17,4,3,5,3,1,1,0,0,0,0,0,4.07448E+20,5.31254E+21,7.76024E+15,4.79595E+16
150416,8.17052E+18,8,3,15,84,2017,5,11,4,3,5,3,0,1,0,0,0,0,0,4.1767E+20,5.3059E+21,7.89841E+15,4.79012E+16
150417,8.17052E+18,8,3,11,0,2017,5,13,4,3,5,2,1,0,0,0,1,0,0,4.14518E+20,5.31564E+21,7.85431E+15,4.79884E+16
150418,8.17052E+18,8,2,37,28,2017,5,14,4,3,5,3,0,1,0,0,0,0,0,4.56174E+20,5.36905E+21,8.40704E+15,4.84731E+16
150419,8.17052E+18,8,2,37,28,2017,5,19,4,3,6,7,0,0,1,0,1,0,0,4.56504E+20,5.36834E+21,8.41158E+15,4.84667E+16
150420,8.17052E+18,8,2,35,79,2017,5,19,4,3,6,3,0,1,1,0,0,0,0,4.66497E+20,5.39885E+21,8.5443E+15,4.87417E+16
150421,8.17052E+18,8,2,31,0,2017,5,17,4,3,6,4,0,1,1,0,0,0,0,4.78105E+20,5.41529E+21,8.7013E+15,4.88901E+16
150422,8.17052E+18,8,2,31,0,2017,5,12,4,3,1,5,0,1,0,0,0,0,0,4.77505E+20,5.41519E+21,8.69313E+15,4.88892E+16
150423,8.17052E+18,8,2,31,0,2017,5,14,4,3,0,1,0,0,0,1,0,0,0,4.78324E+20,5.41531E+21,8.70429E+15,4.88904E+16
150424,8.17052E+18,8,2,22,0,2017,5,9,4,3,5,3,1,1,0,0,0,0,0,4.64232E+20,5.48073E+21,8.50624E+15,4.94782E+16
150425,8.17052E+18,8,2,22,0,2017,5,12,4,2,0,7,0,0,0,1,0,0,0,4.6213E+20,5.48361E+21,8.47694E+15,4.9504E+16
150426,8.17052E+18,8,2,21,0,2017,5,10,4,2,5,3,1,1,0,0,0,0,0,4.74891E+20,5.47206E+21,8.65393E+15,4.94007E+16
150427,8.17052E+18,8,2,21,0,2017,5,19,4,3,6,4,0,1,1,0,0,0,0,4.82275E+20,5.47395E+21,8.75561E+15,4.9418E+16
150428,8.17052E+18,8,2,21,0,2017,5,7,4,2,5,3,1,1,0,0,0,0,0,4.74925E+20,5.4719E+21,8.65441E+15,4.93993E+16
150429,8.17052E+18,8,2,16,43,2017,5,8,4,3,4,1,1,1,0,0,0,0,0,4.41529E+20,5.41002E+21,8.20313E+15,4.88404E+16
150430,8.17052E+18,8,2,15,7,2017,5,20,4,3,0,7,0,1,0,0,0,0,0,4.79435E+20,5.4318E+21,8.71862E+15,4.90387E+16
150431,8.17052E+18,8,2,12,0,2017,5,12,4,3,0,7,1,0,0,0,0,0,0,4.53276E+20,5.43007E+21,8.36091E+15,4.90217E+16
150432,8.17052E+18,8,2,11,0,2017,5,11,4,3,5,3,1,1,0,0,0,0,0,4.45336E+20,5.39948E+21,8.25641E+15,4.8746E+16
150433,8.17052E+18,8,2,11,0,2017,5,11,4,3,5,3,1,1,0,0,0,0,0,4.41796E+20,5.4032E+21,8.20773E+15,4.87791E+16
150434,8.17052E+18,8,1,36,88,2017,5,19,4,3,0,1,1,0,0,0,0,1,0,5.79456E+20,5.4094E+21,1.00827E+16,4.88325E+16
150435,8.17052E+18,8,1,36,88,2017,5,16,4,3,6,7,0,1,1,0,0,0,0,5.80228E+20,5.41087E+21,1.00935E+16,4.88456E+16
150436,8.17052E+18,8,1,35,19,2017,5,17,4,3,6,1,0,1,1,0,0,0,0,5.83591E+20,5.39446E+21,1.0136E+16,4.86976E+16
150437,8.17052E+18,8,1,26,45,2017,5,17,4,2,5,3,1,1,0,0,0,0,0,5.44364E+20,5.47325E+21,9.61158E+15,4.94103E+16
150438,8.17052E+18,8,1,27,14,2017,5,6,4,3,2,6,0,1,0,0,0,0,0,5.77138E+20,5.44301E+21,1.00575E+16,4.91351E+16
150439,8.17052E+18,8,1,19,8,2017,5,11,4,3,5,2,0,1,0,0,0,0,0,5.31636E+20,5.4235E+21,9.43221E+15,4.89636E+16
150440,8.17052E+18,8,1,19,67,2017,5,17,4,2,6,4,0,1,1,0,0,0,0,5.39203E+20,5.40549E+21,9.53386E+15,4.88012E+16
150441,8.17052E+18,8,1,18,48,2017,5,17,4,3,5,3,1,1,0,0,0,0,0,5.14218E+20,5.41571E+21,9.19398E+15,4.88942E+16
150442,8.17052E+18,8,1,18,79,2017,5,11,4,3,5,3,1,1,0,0,0,0,0,5.10825E+20,5.42228E+21,9.14786E+15,4.89533E+16
150443,8.17052E+18,8,1,15,45,2017,5,13,4,2,5,3,0,1,0,1,0,0,0,5.00033E+20,5.39356E+21,9.00045E+15,4.86951E+16
150444,8.17052E+18,8,1,18,7,2017,5,11,4,3,0,7,1,0,0,0,0,0,0,5.10244E+20,5.42723E+21,9.14005E+15,4.89979E+16
150445,8.17052E+18,8,1,17,26,2017,5,10,4,3,5,3,0,1,0,0,1,0,0,5.47784E+20,5.39453E+21,9.64944E+15,4.87019E+16
150446,8.17052E+18,8,1,16,47,2017,5,15,4,3,5,3,1,1,0,0,0,0,0,5.20173E+20,5.39214E+21,9.27407E+15,4.8682E+16
150447,8.17052E+18,8,1,16,19,2017,5,8,4,2,7,7,1,0,0,0,0,0,0,5.22506E+20,5.39866E+21,9.30611E+15,4.87405E+16
150448,8.17052E+18,8,1,16,19,2017,5,23,4,3,0,1,1,0,0,0,0,2,1,5.22478E+20,5.399E+21,9.30575E+15,4.87436E+16
150449,8.17052E+18,8,1,15,1,2017,5,11,4,3,5,3,0,1,0,0,1,0,0,4.93139E+20,5.39171E+21,8.90679E+15,4.86784E+16
150450,8.17052E+18,8,1,15,16,2017,5,7,4,3,5,3,1,1,0,0,0,0,0,4.88865E+20,5.37896E+21,8.84908E+15,4.85636E+16
150451,8.17052E+18,8,1,15,21,2017,5,18,4,3,0,2,1,0,0,0,0,0,0,4.89528E+20,5.3826E+21,8.85797E+15,4.85964E+16
150452,8.17052E+18,8,1,15,3,2017,5,11,4,3,1,5,0,1,0,0,0,0,0,4.99927E+20,5.39195E+21,8.999E+15,4.86806E+16
150453,8.17052E+18,8,1,11,0,2017,5,15,4,3,5,3,1,0,0,1,0,0,0,5.12096E+20,5.40923E+21,9.16484E+15,4.8836E+16
150454,8.17052E+18,8,1,11,0,2017,5,11,4,3,3,6,1,0,0,0,1,0,0,5.10663E+20,5.39784E+21,9.14501E+15,4.87335E+16
150455,8.17052E+18,8,1,11,0,2017,5,8,4,3,5,7,1,1,0,0,0,0,0,5.11557E+20,5.40319E+21,9.15731E+15,4.87816E+16
150456,8.17052E+18,8,1,11,0,2017,5,15,4,3,3,6,0,1,0,0,1,0,0,5.13353E+20,5.40334E+21,9.18177E+15,4.87829E+16
150457,8.17052E+18,8,1,11,0,2017,5,15,4,3,2,6,0,1,0,0,0,0,0,5.11667E+20,5.41004E+21,9.15901E+15,4.88432E+16
150458,8.17052E+18,8,1,11,0,2017,5,13,4,3,5,3,0,1,0,0,1,0,0,5.17088E+20,5.4068E+21,9.23276E+15,4.88139E+16
150459,8.17052E+18,8,4,37,104,2017,5,14,3,3,2,6,0,1,0,0,0,0,0,5.17876E+20,5.32696E+21,9.24008E+15,4.80956E+16
150460,8.17052E+18,8,4,36,64,2017,5,13,3,3,5,3,1,1,0,0,0,0,0,5.46244E+20,5.29271E+21,9.61738E+15,4.77861E+16
150461,8.17052E+18,8,4,36,64,2017,5,11,3,3,4,2,0,1,0,0,0,0,0,5.46231E+20,5.29349E+21,9.6173E+15,4.77931E+16
150462,8.17052E+18,8,4,36,55,2017,5,9,3,3,2,2,0,1,0,0,1,0,0,5.75748E+20,5.29783E+21,1.00121E+16,4.78293E+16
150463,8.17052E+18,8,4,25,20,2017,5,17,3,3,4,3,1,1,0,0,0,0,0,5.60234E+20,5.36558E+21,9.81443E+15,4.84405E+16
150464,8.17052E+18,8,4,25,33,2017,5,12,3,3,5,2,0,1,0,1,0,0,0,5.52098E+20,5.34829E+21,9.7023E+15,4.82857E+16
150465,8.17052E+18,8,4,17,31,2017,5,16,3,3,5,3,1,1,0,0,0,0,0,4.97427E+20,5.35614E+21,8.96527E+15,4.83584E+16
150466,8.17052E+18,8,4,17,79,2017,5,9,3,3,5,3,0,0,0,1,0,0,0,5.02108E+20,5.34015E+21,9.02838E+15,4.82146E+16
150467,8.17052E+18,8,4,16,41,2017,5,11,3,3,5,3,1,1,0,0,0,0,0,5.04629E+20,5.37491E+21,9.06269E+15,4.85273E+16
150468,8.17052E+18,8,4,15,61,2017,5,8,3,3,3,2,0,1,0,1,0,0,0,5.15698E+20,5.37141E+21,9.21248E+15,4.84956E+16
150469,8.17052E+18,8,4,15,59,2017,5,14,3,3,6,2,0,1,1,0,0,0,0,5.16706E+20,5.36783E+21,9.22599E+15,4.84634E+16
150470,8.17052E+18,8,4,15,14,2017,5,18,3,3,2,6,0,1,0,0,0,0,0,5.27018E+20,5.37296E+21,9.36581E+15,4.85092E+16
150471,8.17052E+18,8,3,37,126,2017,5,12,3,3,3,7,1,1,0,0,0,0,0,4.41236E+20,5.27475E+21,8.2179E+15,4.76235E+16
150472,8.17052E+18,8,3,37,126,2017,5,7,3,3,6,4,0,0,1,0,1,0,0,4.4216E+20,5.27419E+21,8.23028E+15,4.76185E+16
150473,8.17052E+18,8,3,36,69,2017,5,8,3,3,2,6,0,1,0,0,0,0,0,4.07959E+20,5.26875E+21,7.77636E+15,4.75656E+16
150474,8.17052E+18,8,4,36,49,2017,5,12,3,2,5,3,1,1,0,0,0,0,0,5.7878E+20,5.28374E+21,1.00501E+16,4.77022E+16
150475,8.17052E+18,8,3,27,50,2017,5,18,3,3,5,3,1,1,0,0,0,0,0,4.87823E+20,5.3134E+21,8.83685E+15,4.79738E+16
150476,8.17052E+18,8,3,26,74,2017,5,9,3,3,0,1,1,0,0,0,0,0,0,4.60064E+20,5.32472E+21,8.46386E+15,4.80745E+16
150477,8.17052E+18,8,3,26,74,2017,5,14,3,3,4,6,0,1,0,0,0,0,0,4.59051E+20,5.32305E+21,8.45042E+15,4.80594E+16
150478,8.17052E+18,8,4,17,13,2017,5,16,3,2,3,2,1,0,0,0,1,0,0,5.13537E+20,5.35308E+21,9.18264E+15,4.83308E+16
150479,8.17052E+18,8,3,17,65,2017,5,14,3,3,4,2,0,1,0,0,1,0,0,4.13544E+20,5.35296E+21,7.83368E+15,4.83239E+16
150480,8.17052E+18,8,3,17,1,2017,5,14,3,3,0,6,1,0,0,0,1,0,0,4.31825E+20,5.38649E+21,8.07479E+15,4.86278E+16
150481,8.17052E+18,8,3,17,1,2017,5,18,3,3,5,3,1,1,0,0,0,0,0,4.31017E+20,5.38661E+21,8.06381E+15,4.86287E+16
150482,8.17052E+18,8,3,17,1,2017,5,14,3,3,0,2,1,1,0,0,0,0,0,4.31089E+20,5.3866E+21,8.06478E+15,4.86287E+16
150483,8.17052E+18,8,3,16,56,2017,5,7,3,3,1,1,0,1,0,1,0,0,0,4.22724E+20,5.32731E+21,7.96216E+15,4.80944E+16
150484,8.17052E+18,8,3,11,0,2017,5,19,3,3,0,7,1,0,1,0,0,0,0,4.13268E+20,5.31653E+21,7.83738E+15,4.79962E+16
150485,8.17052E+18,8,3,36,91,2017,5,7,3,2,5,3,1,0,0,0,0,0,0,3.96815E+20,5.27152E+21,7.6276E+15,4.75889E+16
150486,8.17052E+18,8,3,36,50,2017,5,7,3,3,5,3,1,1,0,0,0,0,0,4.00341E+20,5.27505E+21,7.67368E+15,4.76212E+16
150487,8.17052E+18,8,3,11,0,2017,5,14,3,3,5,3,1,1,0,0,0,0,0,4.13081E+20,5.32028E+21,7.83412E+15,4.80299E+16
150488,8.17052E+18,8,3,11,0,2017,5,14,3,3,7,1,0,1,0,0,0,0,0,4.11639E+20,5.31877E+21,7.81508E+15,4.80161E+16
150489,8.17052E+18,8,2,12,0,2017,5,11,3,3,4,5,1,0,0,1,0,0,0,4.58167E+20,5.42869E+21,8.42795E+15,4.90097E+16
150490,8.17052E+18,8,2,15,108,2017,5,7,3,3,5,3,1,1,0,0,0,0,0,4.49384E+20,5.42498E+21,8.30832E+15,4.89756E+16
150491,8.17052E+18,8,2,31,0,2017,5,13,3,3,6,4,0,1,1,0,0,0,0,4.78105E+20,5.41528E+21,8.7013E+15,4.88901E+16
150492,8.17052E+18,8,2,26,41,2017,5,10,3,3,3,6,1,1,0,0,0,0,0,4.7583E+20,5.46619E+21,8.66722E+15,4.93479E+16
150493,8.17052E+18,8,2,26,107,2017,5,7,3,3,5,3,0,1,0,0,1,0,0,4.75442E+20,5.48297E+21,8.66084E+15,4.94988E+16
150494,8.17052E+18,8,2,26,85,2017,5,21,3,3,1,7,0,1,0,0,0,1,0,4.92194E+20,5.4544E+21,8.89275E+15,4.92423E+16
150495,8.17052E+18,8,2,26,84,2017,5,9,3,3,4,6,1,1,0,0,0,0,0,4.68916E+20,5.47069E+21,8.57168E+15,4.93881E+16
150496,8.17052E+18,8,2,22,0,2017,5,13,3,3,5,3,1,1,0,0,0,0,0,4.61462E+20,5.48148E+21,8.46793E+15,4.94847E+16
150497,8.17052E+18,8,2,22,0,2017,5,7,3,3,4,6,1,0,0,0,1,0,0,4.66324E+20,5.48187E+21,8.53501E+15,4.94885E+16
150498,8.17052E+18,8,2,26,18,2017,5,12,3,3,5,3,1,1,0,0,0,0,0,4.7351E+20,5.47199E+21,8.6349E+15,4.94E+16
150499,8.17052E+18,8,2,26,18,2017,5,17,3,3,6,4,0,1,1,0,0,0,0,4.73112E+20,5.47236E+21,8.62939E+15,4.94034E+16
150500,8.17052E+18,8,2,15,90,2017,5,12,3,3,2,6,0,1,0,0,1,0,0,4.64484E+20,5.43336E+21,8.51392E+15,4.90521E+16
150501,8.17052E+18,8,2,12,0,2017,5,12,3,3,5,2,1,0,0,0,1,0,0,4.54316E+20,5.42932E+21,8.37521E+15,4.90151E+16
150502,8.17052E+18,8,2,12,0,2017,5,8,3,3,5,2,1,1,0,0,0,0,0,4.54815E+20,5.42751E+21,8.38225E+15,4.89988E+16
150503,8.17052E+18,8,1,36,88,2017,5,7,3,3,5,3,0,1,0,1,0,0,0,5.80837E+20,5.40969E+21,1.01016E+16,4.88349E+16
150504,8.17052E+18,8,1,35,15,2017,5,18,3,3,5,3,1,1,0,0,0,0,0,5.74324E+20,5.38612E+21,1.00086E+16,4.86238E+16
150505,8.17052E+18,8,1,26,66,2017,5,0,3,2,9,1,0,0,0,1,0,2,0,5.338E+20,5.44776E+21,9.4638E+15,4.91817E+16
150506,8.17052E+18,8,1,19,85,2017,5,12,3,3,3,6,1,0,0,0,0,0,0,5.29429E+20,5.41399E+21,9.40137E+15,4.88782E+16
150507,8.17052E+18,8,1,19,85,2017,5,9,3,3,2,6,0,1,0,0,0,0,0,5.28586E+20,5.41283E+21,9.38979E+15,4.88677E+16
150508,8.17052E+18,8,1,19,85,2017,5,7,3,3,3,6,1,0,0,0,0,0,0,5.28748E+20,5.41325E+21,9.39204E+15,4.88716E+16
150509,8.17052E+18,8,1,19,79,2017,5,16,3,3,2,6,0,1,0,0,0,0,0,5.22161E+20,5.40786E+21,9.30191E+15,4.88233E+16
150510,8.17052E+18,8,1,19,91,2017,5,5,3,3,5,3,1,1,0,0,0,0,0,5.28392E+20,5.40648E+21,9.38672E+15,4.88107E+16
150511,8.17052E+18,8,1,19,55,2017,5,13,3,3,5,3,0,1,0,0,0,0,0,5.4396E+20,5.40462E+21,9.59855E+15,4.8793E+16
150512,8.17052E+18,8,1,18,10,2017,5,7,3,3,0,1,1,0,0,0,0,0,0,5.07265E+20,5.43189E+21,9.09941E+15,4.90398E+16
150513,8.17052E+18,8,4,25,71,2017,5,7,3,3,5,3,1,1,0,0,0,0,0,5.50562E+20,5.37102E+21,9.68433E+15,4.84903E+16
150514,8.17052E+18,8,1,16,71,2017,5,15,3,2,6,7,0,1,1,0,0,0,0,5.28589E+20,5.39072E+21,9.38831E+15,4.86689E+16
150515,8.17052E+18,8,1,15,28,2017,5,12,3,3,5,3,0,1,0,0,0,0,0,5.00598E+20,5.40512E+21,9.00814E+15,4.87991E+16
150516,8.17052E+18,8,1,15,24,2017,5,19,3,3,5,2,1,1,0,0,0,0,0,5.00508E+20,5.38812E+21,9.00689E+15,4.86461E+16
150517,8.17052E+18,8,1,11,0,2017,5,19,3,3,6,7,0,1,1,0,0,0,0,5.08231E+20,5.4068E+21,9.11211E+15,4.88142E+16
150518,8.17052E+18,8,1,11,0,2017,5,13,3,3,3,6,0,1,0,0,0,0,0,5.19408E+20,5.40096E+21,9.26409E+15,4.87614E+16
150519,8.17052E+18,8,4,37,104,2017,5,8,2,3,0,7,0,0,0,0,1,0,0,5.17522E+20,5.32728E+21,9.23535E+15,4.80985E+16
150520,8.17052E+18,8,4,36,12,2017,5,22,2,2,6,4,1,0,1,0,0,1,0,5.49735E+20,5.29891E+21,9.6647E+15,4.78416E+16
150521,8.17052E+18,8,4,36,9,2017,5,19,2,2,0,7,0,0,0,1,0,0,0,5.56225E+20,5.30694E+21,9.75248E+15,4.79133E+16
150522,8.17052E+18,8,4,36,81,2017,5,16,2,2,0,7,1,0,0,0,0,0,0,5.6175E+20,5.28274E+21,9.82297E+15,4.76951E+16
150523,8.17052E+18,8,4,35,59,2017,5,15,2,3,5,2,1,1,0,0,0,0,0,5.1195E+20,5.29059E+21,9.15948E+15,4.77685E+16
150524,8.17052E+18,8,4,35,30,2017,5,21,2,3,0,7,1,0,0,0,0,1,0,5.41073E+20,5.27112E+21,9.54631E+15,4.75922E+16
150525,8.17052E+18,8,4,36,8,2017,5,7,2,3,5,3,1,1,0,0,0,0,0,5.48305E+20,5.31014E+21,9.64685E+15,4.79427E+16
150526,8.17052E+18,8,4,37,114,2017,5,17,2,2,5,3,0,1,0,1,0,0,0,5.13392E+20,5.34021E+21,9.18027E+15,4.8215E+16
150527,8.17052E+18,8,4,26,73,2017,5,16,2,3,5,3,0,1,0,1,0,0,0,5.67236E+20,5.3371E+21,9.90457E+15,4.81836E+16
150528,8.17052E+18,8,4,21,0,2017,5,8,2,3,5,3,1,1,0,0,0,0,0,5.73767E+20,5.36143E+21,9.99666E+15,4.84017E+16
150529,8.17052E+18,8,4,17,2,2017,5,16,2,3,5,3,0,1,0,0,0,0,0,4.88799E+20,5.34594E+21,8.84907E+15,4.82666E+16
150530,8.17052E+18,8,4,17,10,2017,5,15,2,3,5,3,1,1,0,0,0,0,0,5.06639E+20,5.34362E+21,9.08943E+15,4.82457E+16
150531,8.17052E+18,8,3,35,75,2017,5,16,2,3,2,2,0,1,0,0,0,0,0,4.89103E+20,5.29015E+21,8.85458E+15,4.77646E+16
150532,8.17052E+18,8,3,35,43,2017,5,12,2,3,5,2,1,1,0,0,0,0,0,5.1199E+20,5.28036E+21,9.15973E+15,4.76765E+16
150533,8.17052E+18,8,3,27,50,2017,5,9,2,2,9,1,0,1,0,0,0,0,0,4.87167E+20,5.31446E+21,8.82802E+15,4.79833E+16
150534,8.17052E+18,8,3,27,50,2017,5,14,2,3,0,7,0,0,0,0,1,0,0,4.84294E+20,5.31276E+21,8.78958E+15,4.79679E+16
150535,8.17052E+18,8,3,26,74,2017,5,16,2,3,3,2,1,1,0,0,0,0,0,4.62817E+20,5.32343E+21,8.50093E+15,4.8063E+16
150536,8.17052E+18,8,3,26,74,2017,5,18,2,3,2,2,0,1,0,0,0,0,0,4.5924E+20,5.32334E+21,8.45293E+15,4.8062E+16
150537,8.17052E+18,8,3,26,31,2017,5,16,2,3,0,1,1,0,0,0,0,0,0,4.59661E+20,5.33554E+21,8.45742E+15,4.81718E+16
150538,8.17052E+18,8,3,15,6,2017,5,15,2,3,5,3,1,1,0,0,0,0,0,4.03164E+20,5.30814E+21,7.70386E+15,4.79192E+16
150539,8.17052E+18,8,3,15,115,2017,5,19,2,3,2,6,0,1,0,0,0,0,0,4.08194E+20,5.32193E+21,7.76823E+15,4.80441E+16
150540,8.17052E+18,8,3,36,50,2017,5,9,2,3,6,2,0,1,1,0,0,0,0,3.99317E+20,5.27294E+21,7.66053E+15,4.76021E+16
150541,8.17052E+18,8,3,11,0,2017,5,15,2,3,0,7,1,0,0,0,0,0,0,4.15058E+20,5.32006E+21,7.86067E+15,4.80282E+16
150542,8.17052E+18,8,3,11,0,2017,5,17,2,3,2,1,0,1,0,0,0,0,0,4.1178E+20,5.32113E+21,7.81649E+15,4.80374E+16
150543,8.17052E+18,8,2,12,0,2017,5,14,2,3,3,5,0,1,0,1,0,0,0,4.53529E+20,5.42891E+21,8.36451E+15,4.90113E+16
150544,8.17052E+18,8,2,12,0,2017,5,22,2,3,5,3,1,0,0,1,0,2,0,4.56537E+20,5.43031E+21,8.40548E+15,4.90242E+16
150545,8.17052E+18,8,2,15,103,2017,5,9,2,1,4,2,0,1,0,1,0,0,0,4.66843E+20,5.44415E+21,8.54532E+15,4.91493E+16
150546,8.17052E+18,8,2,26,98,2017,5,18,2,3,6,4,0,1,1,0,0,0,0,4.76637E+20,5.4599E+21,8.6787E+15,4.92914E+16
150547,8.17052E+18,8,2,26,37,2017,5,14,2,3,1,6,0,1,0,1,0,0,0,4.6597E+20,5.46841E+21,8.53129E+15,4.93675E+16
150548,8.17052E+18,8,2,22,0,2017,5,9,2,3,1,5,1,1,0,0,0,0,0,4.64709E+20,5.48561E+21,8.51239E+15,4.95221E+16
150549,8.17052E+18,8,2,22,0,2017,5,15,2,3,5,3,0,1,0,0,0,0,0,4.64345E+20,5.48434E+21,8.50747E+15,4.95106E+16
150550,8.1706E+18,8,1,11,0,2017,6,15,5,3,5,3,1,1,0,0,0,0,0,5.15525E+20,5.39904E+21,9.21118E+15,4.87442E+16
150551,8.1706E+18,8,1,11,0,2017,6,8,5,3,5,2,1,1,0,0,0,0,0,5.08578E+20,5.39688E+21,9.11663E+15,4.87249E+16
150552,8.17053E+18,8,4,36,64,2017,5,9,4,3,2,6,0,1,0,0,0,0,0,5.43336E+20,5.29173E+21,9.57847E+15,4.77774E+16
150553,8.17053E+18,8,4,36,82,2017,5,13,4,3,5,3,0,1,0,0,0,0,0,5.46801E+20,5.29508E+21,9.62508E+15,4.78074E+16
150554,8.17053E+18,8,4,35,29,2017,5,7,4,3,5,2,1,1,0,0,0,0,0,5.45605E+20,5.27085E+21,9.60657E+15,4.75894E+16
150555,8.17053E+18,8,4,25,72,2017,5,13,4,3,4,6,1,0,0,0,0,0,0,5.83033E+20,5.37165E+21,1.01239E+16,4.84925E+16
150556,8.17053E+18,8,4,21,0,2017,5,9,4,3,4,2,1,1,0,0,0,0,0,5.72725E+20,5.36057E+21,9.98244E+15,4.83941E+16
150557,8.17053E+18,8,4,25,33,2017,5,17,4,3,5,3,1,1,0,0,0,0,0,5.53486E+20,5.34728E+21,9.72088E+15,4.82764E+16
150558,8.17053E+18,8,4,17,79,2017,5,13,4,3,0,6,0,0,0,1,0,0,0,5.03243E+20,5.33954E+21,9.04366E+15,4.82091E+16
150559,8.17053E+18,8,4,16,48,2017,5,10,4,3,5,3,1,1,0,0,0,0,0,4.9738E+20,5.37515E+21,8.96452E+15,4.85295E+16
150560,8.17053E+18,8,4,16,23,2017,5,20,4,3,0,7,1,0,0,0,0,0,0,5.07151E+20,5.37007E+21,9.09677E+15,4.84837E+16
150561,8.1706E+18,8,1,11,0,2017,6,13,5,3,6,2,0,1,1,0,0,0,0,5.15325E+20,5.40402E+21,9.20864E+15,4.8789E+16
150562,8.1706E+18,8,1,11,0,2017,6,20,5,3,4,6,0,1,0,0,0,1,0,5.152E+20,5.4047E+21,9.20697E+15,4.87951E+16
150563,8.17053E+18,8,4,15,59,2017,5,16,4,3,5,3,0,1,0,0,0,0,0,5.16741E+20,5.36845E+21,9.22648E+15,4.8469E+16
150564,8.17053E+18,8,3,37,66,2017,5,18,4,3,6,4,1,0,1,0,0,0,0,4.28564E+20,5.26785E+21,8.0504E+15,4.75602E+16
150565,8.17053E+18,8,3,25,64,2017,5,11,4,3,0,1,1,0,0,0,0,0,0,4.78003E+20,5.33318E+21,8.70426E+15,4.81515E+16
150566,8.17053E+18,8,3,25,49,2017,5,5,4,3,5,3,0,1,0,0,0,0,0,4.73267E+20,5.33278E+21,8.6406E+15,4.81477E+16
150567,8.17053E+18,8,4,17,13,2017,5,17,4,3,5,3,1,1,0,0,0,0,0,5.0466E+20,5.35018E+21,9.06284E+15,4.83048E+16
150568,8.17053E+18,8,3,17,96,2017,5,7,4,3,2,6,0,1,0,0,0,0,0,4.21957E+20,5.36795E+21,7.94436E+15,4.84598E+16
150569,8.17053E+18,8,3,17,96,2017,5,22,4,3,5,3,0,1,0,0,0,2,0,4.20762E+20,5.3701E+21,7.92779E+15,4.84791E+16
150570,8.17053E+18,8,3,17,96,2017,5,12,4,3,0,7,1,0,0,0,0,0,0,4.2237E+20,5.36886E+21,7.94977E+15,4.84681E+16
150571,8.17053E+18,8,3,16,43,2017,5,15,4,3,0,7,1,0,0,0,1,0,0,4.12055E+20,5.33048E+21,7.81825E+15,4.81215E+16
150572,8.17053E+18,8,3,16,11,2017,5,17,4,3,5,7,1,1,0,0,0,0,0,4.13949E+20,5.33049E+21,7.8437E+15,4.81219E+16
150573,8.17053E+18,8,3,11,0,2017,5,7,4,3,5,3,1,1,0,0,0,0,0,4.1242E+20,5.31433E+21,7.82646E+15,4.79763E+16