OBJECTID,UIDENTSTLA,ULAND,UREGBEZ,UKREIS,UGEMEINDE,UJAHR,UMONAT,USTUNDE,UWOCHENTAG,UKATEGORIE,UART,UTYP1,IstRad,IstPKW,IstFuss,IstKrad,IstSonstig,LICHT,STRZUSTAND,LINREFX,LINREFY,XGCSWGS84,YGCSWGS84
150747,8.17053E+18,8,1,35,20,2017,5,18,1,3,0,7,0,1,0,0,0,0,0,5.86404E+20,5.38677E+21,1.01726E+16,4.86281E+16
150748,8.17053E+18,8,1,28,7,2017,5,12,1,2,0,1,1,0,0,0,0,0,0,5.55217E+20,5.48191E+21,9.76239E+15,4.94873E+16
150749,8.17053E+18,8,1,18,73,2017,5,16,1,3,8,1,0,0,0,1,0,0,0,4.96578E+20,5.42011E+21,8.95327E+15,4.89339E+16
150750,8.17053E+18,8,1,16,80,2017,5,13,1,3,8,1,0,1,0,0,0,0,0,5.21423E+20,5.39551E+21,9.29121E+15,4.87122E+16
150751,8.17053E+18,8,1,16,58,2017,5,13,1,3,0,7,0,0,0,1,0,0,0,5.34168E+20,5.39545E+21,9.46446E+15,4.87112E+16
150752,8.17053E+18,8,1,16,49,2017,5,12,1,2,2,6,0,1,0,0,0,0,0,5.2445E+20,5.38474E+21,9.33173E+15,4.86152E+16
150753,8.17053E+18,8,1,15,3,2017,5,0,1,3,8,7,0,1,0,0,0,2,0,4.99814E+20,5.39304E+21,8.99747E+15,4.86904E+16
150754,8.17053E+18,8,1,11,0,2017,5,18,1,2,5,2,1,1,0,0,0,0,0,5.13817E+20,5.40846E+21,9.18826E+15,4.8829E+16
150755,8.17053E+18,8,4,36,64,2017,5,4,7,2,9,1,0,1,0,0,0,1,0,5.46919E+20,5.2892E+21,9.62601E+15,4.77545E+16
150756,8.17053E+18,8,4,36,52,2017,5,15,7,3,5,3,1,1,0,0,0,0,0,5.66139E+20,5.29315E+21,9.88303E+15,4.77883E+16
150757,8.17053E+18,8,4,21,0,2017,5,14,7,3,3,6,0,1,0,1,0,0,0,5.73779E+20,5.36125E+21,9.99679E+15,4.84001E+16
150758,8.17053E+18,8,4,21,0,2017,5,11,7,3,0,7,0,0,0,1,1,0,0,5.73717E+20,5.36083E+21,9.99588E+15,4.83963E+16
150759,8.17053E+18,8,4,21,0,2017,5,14,7,3,3,6,0,1,0,0,0,0,0,5.72922E+20,5.36084E+21,9.98514E+15,4.83965E+16
150760,8.17053E+18,8,4,16,41,2017,5,16,7,3,0,7,1,0,0,0,0,0,0,5.05699E+20,5.37292E+21,9.07716E+15,4.85094E+16
150761,8.17053E+18,8,3,36,91,2017,5,22,7,3,1,5,1,1,0,0,0,2,0,3.96102E+20,5.27465E+21,7.61737E+15,4.76169E+16
150762,8.17053E+18,8,3,35,15,2017,5,19,7,3,5,5,0,1,0,0,0,0,0,4.76453E+20,5.28251E+21,8.68618E+15,4.76955E+16
150763,8.17053E+18,8,3,35,100,2017,5,1,7,3,8,1,0,1,0,0,0,2,0,4.89184E+20,5.28655E+21,8.85575E+15,4.77322E+16
150764,8.17053E+18,8,3,25,49,2017,5,11,7,3,2,6,0,1,0,0,0,0,0,4.72282E+20,5.33415E+21,8.62726E+15,4.816E+16
150765,8.17053E+18,8,3,17,96,2017,5,17,7,3,3,6,0,1,0,1,0,0,0,4.21063E+20,5.36895E+21,7.93209E+15,4.84687E+16
150766,8.17053E+18,8,3,17,96,2017,5,15,7,3,0,3,0,1,0,1,0,0,0,4.22022E+20,5.36855E+21,7.94513E+15,4.84652E+16
150767,8.17053E+18,8,3,16,9,2017,5,17,7,2,5,3,0,1,0,1,0,0,0,4.17975E+20,5.32507E+21,7.89882E+15,4.80736E+16
150768,8.17053E+18,8,3,15,7,2017,5,18,7,3,6,4,0,1,1,0,0,0,0,4.01101E+20,5.29595E+21,7.67904E+15,4.78093E+16
150769,8.17053E+18,8,3,11,0,2017,5,16,7,3,0,1,1,0,0,0,0,0,0,4.14589E+20,5.31657E+21,7.85508E+15,4.79968E+16
150770,8.17053E+18,8,3,11,0,2017,5,9,7,3,5,2,1,1,0,0,0,0,0,4.1366E+20,5.3174E+21,7.84246E+15,4.80041E+16
150771,8.17053E+18,8,2,12,0,2017,5,14,7,3,0,7,1,0,0,0,0,0,0,4.51782E+20,5.4275E+21,8.34079E+15,4.89985E+16
150772,8.17053E+18,8,2,35,79,2017,5,12,7,3,0,7,1,0,0,0,0,0,0,4.67068E+20,5.40047E+21,8.55194E+15,4.87564E+16
150773,8.17053E+18,8,2,31,0,2017,5,15,7,3,4,2,0,1,0,0,0,0,0,4.77349E+20,5.41552E+21,8.69098E+15,4.88922E+16
150774,8.17053E+18,8,2,26,103,2017,5,18,7,3,5,3,1,1,0,0,0,0,0,4.73076E+20,5.45698E+21,8.62993E+15,4.9265E+16
150775,8.17053E+18,8,2,26,63,2017,5,9,7,3,5,3,1,1,0,0,0,0,0,4.69992E+20,5.47093E+21,8.5865E+15,4.93903E+16
150776,8.17053E+18,8,2,26,32,2017,5,14,7,2,0,1,1,0,0,0,0,0,0,4.66252E+20,5.46271E+21,8.53565E+15,4.93162E+16
150777,8.17053E+18,8,2,22,0,2017,5,16,7,3,0,7,1,0,0,0,0,0,0,4.61872E+20,5.48138E+21,8.47359E+15,4.94838E+16
150778,8.17053E+18,8,2,22,0,2017,5,19,7,3,2,6,0,1,0,0,0,0,0,4.6469E+20,5.47729E+21,8.51287E+15,4.94472E+16
150779,8.17053E+18,8,2,22,0,2017,5,19,7,2,6,4,0,0,1,0,1,0,0,4.61678E+20,5.48415E+21,8.47065E+15,4.95088E+16
150780,8.17053E+18,8,2,22,0,2017,5,18,7,3,3,6,1,1,0,0,0,0,0,4.61934E+20,5.48155E+21,8.47444E+15,4.94854E+16
150781,8.17053E+18,8,2,15,9,2017,5,19,7,3,2,6,0,1,0,1,0,0,0,4.66949E+20,5.43741E+21,8.54733E+15,4.90887E+16
150782,8.17053E+18,8,2,12,0,2017,5,14,7,3,5,3,1,1,0,0,0,0,0,4.56079E+20,5.42487E+21,8.39981E+15,4.89752E+16
150783,8.17053E+18,8,2,12,0,2017,5,5,7,3,5,3,1,0,0,0,0,0,0,4.56417E+20,5.42862E+21,8.40403E+15,4.90089E+16
150784,8.17053E+18,8,1,36,65,2017,5,12,7,3,6,4,0,1,1,0,0,0,0,5.60199E+20,5.40551E+21,9.81976E+15,4.87997E+16
150785,8.17053E+18,8,1,36,44,2017,5,14,7,3,5,3,0,1,0,0,0,0,0,5.58111E+20,5.40799E+21,9.79168E+15,4.88221E+16
150786,8.17053E+18,8,1,35,19,2017,5,12,7,3,5,3,1,1,0,0,0,0,0,5.87071E+20,5.39106E+21,1.01826E+16,4.86666E+16
150787,8.17053E+18,8,1,25,24,2017,5,20,7,3,6,4,0,1,1,0,0,0,0,5.23302E+20,5.44416E+21,9.31954E+15,4.91499E+16
150788,8.17053E+18,8,1,21,0,2017,5,15,7,3,0,7,0,0,0,1,0,0,0,5.1393E+20,5.4427E+21,9.19097E+15,4.9137E+16
150789,8.17053E+18,8,1,21,0,2017,5,10,7,2,1,6,0,1,0,0,0,0,0,5.14933E+20,5.44151E+21,9.20468E+15,4.91263E+16
150790,8.17053E+18,8,1,25,26,2017,5,16,7,3,4,2,0,1,0,1,0,0,0,4.93596E+20,5.4424E+21,8.9122E+15,4.91344E+16
150791,8.17053E+18,8,1,19,85,2017,5,9,7,3,0,2,1,1,0,0,0,0,0,5.2927E+20,5.41364E+21,9.39918E+15,4.8875E+16
150792,8.17053E+18,8,1,19,8,2017,5,11,7,3,4,6,0,1,0,0,0,0,0,5.31817E+20,5.42268E+21,9.43462E+15,4.89562E+16
150793,8.17053E+18,8,1,18,48,2017,5,13,7,3,6,6,0,0,1,0,1,0,0,5.13935E+20,5.41593E+21,9.19012E+15,4.88962E+16
150794,8.17053E+18,8,1,16,49,2017,5,20,7,3,5,3,1,1,0,0,0,0,0,5.24848E+20,5.38633E+21,9.33722E+15,4.86296E+16
150795,8.17053E+18,8,1,16,58,2017,5,10,7,3,6,7,0,1,1,0,0,0,0,5.34027E+20,5.39527E+21,9.46253E+15,4.87096E+16
150796,8.17053E+18,8,1,16,33,2017,5,13,7,3,5,3,1,1,0,0,0,0,0,5.31344E+20,5.38922E+21,9.42561E+15,4.86553E+16
150797,8.17053E+18,8,1,15,45,2017,5,13,7,3,5,3,1,1,0,0,0,0,0,4.99796E+20,5.39489E+21,8.99722E+15,4.8707E+16
150798,8.17053E+18,8,1,15,21,2017,5,19,7,3,0,7,1,0,0,0,0,0,0,4.91204E+20,5.38228E+21,8.88071E+15,4.85936E+16
150799,8.17053E+18,8,1,11,0,2017,5,13,7,2,5,3,0,1,0,1,0,0,0,5.12644E+20,5.40893E+21,9.17229E+15,4.88332E+16
150800,8.17053E+18,8,1,11,0,2017,5,17,7,2,6,2,0,0,1,0,1,0,0,5.13047E+20,5.40901E+21,9.17778E+15,4.8834E+16
150801,8.17053E+18,8,1,11,0,2017,5,8,7,3,4,6,1,1,0,0,0,0,0,5.18401E+20,5.39995E+21,9.25034E+15,4.87523E+16
150802,8.17053E+18,8,1,11,0,2017,5,21,7,3,2,6,0,1,0,1,0,2,0,5.11755E+20,5.40928E+21,9.16019E+15,4.88364E+16
150803,8.17053E+18,8,1,11,0,2017,5,14,7,3,0,3,0,1,0,1,0,0,0,5.1406E+20,5.403E+21,9.19138E+15,4.87798E+16
150804,8.17053E+18,8,4,37,88,2017,5,9,6,3,5,2,0,1,0,0,0,0,0,5.2013E+20,5.30869E+21,9.2695E+15,4.79312E+16
150805,8.17053E+18,8,4,36,64,2017,5,15,6,3,4,2,1,1,0,0,0,0,0,5.43293E+20,5.29234E+21,9.57796E+15,4.7783E+16
150806,8.17053E+18,8,4,35,59,2017,5,19,6,3,0,1,1,0,0,0,0,0,0,5.1227E+20,5.29046E+21,9.16375E+15,4.77674E+16
150807,8.17053E+18,8,4,26,21,2017,5,14,6,3,5,3,1,1,0,0,0,0,0,5.59822E+20,5.32672E+21,9.80337E+15,4.80909E+16
150808,8.17053E+18,8,4,26,21,2017,5,18,6,3,0,1,1,0,0,0,0,0,0,5.58738E+20,5.32814E+21,9.78901E+15,4.81038E+16
150809,8.17061E+18,8,3,36,50,2017,6,0,4,2,0,1,1,0,0,0,0,2,0,4.00971E+20,5.2759E+21,7.68187E+15,4.76289E+16
150810,8.17061E+18,8,3,35,63,2017,6,19,4,3,5,2,0,1,0,1,0,0,0,4.96992E+20,5.28739E+21,8.95988E+15,4.77399E+16
150811,8.17061E+18,8,3,35,35,2017,6,15,4,2,5,4,0,1,1,0,0,0,0,4.82581E+20,5.29367E+21,8.7674E+15,4.77962E+16
150812,8.17061E+18,8,3,27,50,2017,6,16,4,3,5,3,0,1,0,0,0,0,0,4.87229E+20,5.31545E+21,8.82882E+15,4.79922E+16
150813,8.17061E+18,8,3,26,74,2017,6,18,4,3,3,2,0,1,0,1,0,0,0,4.64196E+20,5.32339E+21,8.51944E+15,4.80628E+16
150814,8.17061E+18,8,3,16,36,2017,6,15,4,3,0,6,1,1,0,0,0,0,0,4.11413E+20,5.32594E+21,7.81057E+15,4.80806E+16
150815,8.17061E+18,8,3,11,0,2017,6,16,4,3,1,6,0,1,0,0,0,0,0,4.10432E+20,5.31647E+21,7.79939E+15,4.79953E+16
150816,8.17061E+18,8,2,12,0,2017,6,18,4,3,5,3,1,1,0,0,0,0,0,4.53145E+20,5.4302E+21,8.3591E+15,4.90229E+16
150817,8.17061E+18,8,2,12,0,2017,6,23,4,3,0,7,1,0,0,0,0,2,0,4.56383E+20,5.42834E+21,8.40359E+15,4.90064E+16
150818,8.17061E+18,8,2,12,0,2017,6,19,4,3,5,3,1,1,0,0,0,0,0,4.51518E+20,5.42698E+21,8.33723E+15,4.89938E+16
150819,8.17061E+18,8,2,16,7,2017,6,19,4,3,0,7,1,0,0,0,0,0,0,4.35966E+20,5.39407E+21,8.12981E+15,4.86963E+16
150820,8.17061E+18,8,4,16,41,2017,6,2,4,3,0,7,1,0,0,0,0,2,1,5.04796E+20,5.37518E+21,9.06496E+15,4.85297E+16
150821,8.17061E+18,8,2,12,0,2017,6,16,4,3,6,2,0,1,1,0,0,0,0,4.58555E+20,5.42826E+21,8.4333E+15,4.90058E+16
150822,8.17061E+18,8,1,36,88,2017,6,17,4,3,2,6,0,1,0,0,0,0,1,5.81129E+20,5.41322E+21,1.01063E+16,4.88666E+16
150823,8.17061E+18,8,1,36,88,2017,6,13,4,3,4,2,0,1,0,1,0,0,0,5.80643E+20,5.40989E+21,1.0099E+16,4.88368E+16
150824,8.17061E+18,8,1,25,5,2017,6,11,4,3,1,5,0,1,0,0,0,0,0,5.157E+20,5.45214E+21,9.21561E+15,4.92219E+16
150825,8.17061E+18,8,1,18,48,2017,6,6,4,3,6,4,0,1,1,0,0,0,0,5.13102E+20,5.41724E+21,9.1788E+15,4.8908E+16
150826,8.17061E+18,8,1,18,46,2017,6,18,4,3,6,4,0,1,1,0,0,0,0,5.13251E+20,5.41216E+21,9.18067E+15,4.88623E+16
150827,8.17061E+18,8,1,18,78,2017,6,17,4,2,6,7,0,0,1,0,1,0,0,5.13866E+20,5.42047E+21,9.18933E+15,4.8937E+16
150828,8.17061E+18,8,1,17,51,2017,6,16,4,3,3,1,1,1,0,0,0,0,1,5.43188E+20,5.39649E+21,9.58717E+15,4.87199E+16
150829,8.17061E+18,8,1,16,78,2017,6,8,4,3,4,2,0,1,0,0,1,0,0,5.10543E+20,5.39472E+21,9.14329E+15,4.87054E+16
150830,8.17061E+18,8,1,16,19,2017,6,17,4,3,5,2,1,0,0,0,1,0,0,5.23207E+20,5.40031E+21,9.31574E+15,4.87554E+16
150831,8.17061E+18,8,1,11,0,2017,6,10,4,3,5,3,0,1,0,0,0,0,0,5.12502E+20,5.40351E+21,9.17019E+15,4.87845E+16
150832,8.17061E+18,8,1,11,0,2017,6,13,4,3,5,3,1,1,0,0,0,0,0,5.0864E+20,5.39754E+21,9.11749E+15,4.87308E+16
150833,8.17061E+18,8,1,11,0,2017,6,6,4,3,4,6,1,1,0,0,0,0,0,5.11831E+20,5.39709E+21,9.16087E+15,4.87267E+16
150834,8.17061E+18,8,4,35,24,2017,6,12,3,3,0,1,1,0,0,0,0,0,1,5.27546E+20,5.27921E+21,9.36691E+15,4.76657E+16
150835,8.17061E+18,8,4,21,0,2017,6,17,3,3,0,6,1,0,0,0,1,0,0,5.73717E+20,5.36083E+21,9.99588E+15,4.83963E+16
150836,8.17061E+18,8,4,21,0,2017,6,16,3,3,4,2,0,1,0,0,0,0,0,5.73682E+20,5.36096E+21,9.99543E+15,4.83975E+16
150837,8.17061E+18,8,4,16,41,2017,6,14,3,3,0,7,0,0,0,1,0,0,1,5.0404E+20,5.37658E+21,9.05473E+15,4.85423E+16
150838,8.17061E+18,8,4,15,92,2017,6,15,3,3,5,3,0,1,0,0,0,0,0,5.18902E+20,5.36505E+21,9.25557E+15,4.84383E+16
150839,8.17061E+18,8,3,36,69,2017,6,16,3,3,5,2,0,1,0,0,0,0,0,4.08718E+20,5.26849E+21,7.7865E+15,4.75634E+16
150840,8.17061E+18,8,3,36,69,2017,6,14,3,3,0,7,1,0,0,0,0,0,0,4.04647E+20,5.26782E+21,7.73255E+15,4.75568E+16
150841,8.17061E+18,8,3,35,43,2017,6,12,3,3,6,7,0,1,1,0,0,0,0,5.1559E+20,5.28146E+21,9.20773E+15,4.76863E+16
150842,8.17061E+18,8,3,26,74,2017,6,16,3,3,2,6,0,1,0,0,1,0,1,4.61542E+20,5.32444E+21,8.48372E+15,4.80721E+16
150843,8.17061E+18,8,3,17,153,2017,6,12,3,3,0,1,0,0,0,1,0,0,0,4.21488E+20,5.39237E+21,7.93341E+15,4.86795E+16
150844,8.17061E+18,8,3,11,0,2017,6,8,3,3,1,7,1,1,0,0,0,0,0,4.12047E+20,5.31476E+21,7.82138E+15,4.79801E+16
150845,8.17061E+18,8,3,11,0,2017,6,16,3,3,9,1,0,1,0,0,1,0,1,4.11543E+20,5.31912E+21,7.81373E+15,4.80192E+16
150846,8.17061E+18,8,3,11,0,2017,6,11,3,3,5,2,0,1,0,0,0,0,1,4.12902E+20,5.31731E+21,7.83232E+15,4.80031E+16
150847,8.17061E+18,8,3,11,0,2017,6,16,3,3,2,6,0,1,0,0,0,0,0,4.10637E+20,5.31784E+21,7.80184E+15,4.80076E+16
150848,8.17061E+18,8,2,12,0,2017,6,10,3,3,5,3,0,1,0,0,1,0,1,4.55717E+20,5.42823E+21,8.39449E+15,4.90053E+16
150849,8.17061E+18,8,2,15,97,2017,6,14,3,2,5,3,1,1,0,0,0,0,1,4.83471E+20,5.4428E+21,8.77339E+15,4.91378E+16
150850,8.17061E+18,8,2,31,0,2017,6,23,3,3,5,3,0,1,0,0,0,2,0,4.76441E+20,5.41542E+21,8.67861E+15,4.88913E+16
150851,8.17061E+18,8,2,31,0,2017,6,10,3,3,0,1,0,0,0,1,0,0,1,4.75961E+20,5.4165E+21,8.67199E+15,4.89009E+16
150852,8.17061E+18,8,2,31,0,2017,6,14,3,2,4,7,0,1,0,1,0,0,1,4.78702E+20,5.41553E+21,8.70944E+15,4.88924E+16
150853,8.17061E+18,8,2,26,32,2017,6,13,3,2,0,1,0,0,0,1,0,0,1,4.67631E+20,5.46234E+21,8.55465E+15,4.93129E+16
150854,8.17061E+18,8,2,21,0,2017,6,18,3,3,5,3,1,1,0,0,0,0,0,4.75489E+20,5.47052E+21,8.66227E+15,4.93869E+16
150855,8.17061E+18,8,2,16,7,2017,6,8,3,3,0,1,1,0,0,0,0,0,0,4.38391E+20,5.39469E+21,8.16267E+15,4.87022E+16
150856,8.17061E+18,8,2,16,43,2017,6,11,3,3,2,6,0,1,0,0,0,0,0,4.4423E+20,5.41237E+21,8.23962E+15,4.88618E+16
150857,8.17061E+18,8,2,15,106,2017,6,10,3,3,6,4,0,1,1,0,0,0,0,4.64975E+20,5.45263E+21,8.51897E+15,4.92255E+16
150858,8.17061E+18,8,2,15,97,2017,6,16,3,3,2,6,0,1,0,1,0,0,0,4.77461E+20,5.4438E+21,8.69094E+15,4.91466E+16
150859,8.17061E+18,8,2,12,0,2017,6,7,3,3,3,6,0,1,0,0,1,0,0,4.54868E+20,5.42826E+21,8.38288E+15,4.90055E+16
150860,8.17061E+18,8,1,18,60,2017,6,20,3,2,4,5,0,1,0,1,0,1,0,5.24554E+20,5.43098E+21,9.33591E+15,4.90312E+16
150861,8.17061E+18,8,1,19,20,2017,6,19,3,3,4,6,1,1,0,0,0,0,0,5.21044E+20,5.4051E+21,9.28656E+15,4.87985E+16
150862,8.17061E+18,8,1,18,49,2017,6,19,3,2,0,1,1,0,0,0,0,0,0,5.17087E+20,5.41946E+21,9.23327E+15,4.89279E+16
150863,8.17061E+18,8,1,17,51,2017,6,12,3,3,6,7,0,0,1,0,1,0,1,5.42884E+20,5.39657E+21,9.58306E+15,4.87207E+16
150864,8.17061E+18,8,1,16,78,2017,6,15,3,3,5,3,0,1,0,1,0,0,0,5.1281E+20,5.39348E+21,9.17407E+15,4.86943E+16
150865,8.17061E+18,8,1,16,80,2017,6,8,3,3,5,3,1,1,0,0,0,0,0,5.19957E+20,5.39654E+21,9.27135E+15,4.87215E+16
150866,8.17061E+18,8,1,15,45,2017,6,13,3,3,5,2,0,1,0,0,1,0,0,5.02146E+20,5.39473E+21,9.02917E+15,4.87056E+16
150867,8.17061E+18,8,1,15,3,2017,6,18,3,3,2,6,0,1,0,0,0,0,0,5.01434E+20,5.39176E+21,9.01948E+15,4.86789E+16
150868,8.17061E+18,8,1,11,0,2017,6,15,3,2,5,3,1,1,0,0,0,0,0,5.09395E+20,5.40339E+21,9.12789E+15,4.87834E+16
150869,8.17061E+18,8,1,11,0,2017,6,22,3,3,0,1,1,0,0,0,0,2,0,5.14099E+20,5.40301E+21,9.19192E+15,4.87799E+16
150870,8.17061E+18,8,4,36,64,2017,6,3,2,3,4,1,1,0,0,0,1,2,0,5.45943E+20,5.28805E+21,9.61287E+15,4.77442E+16
150871,8.17061E+18,8,4,35,34,2017,6,3,2,3,6,6,1,0,1,0,0,2,0,5.30415E+20,5.28399E+21,9.40545E+15,4.77086E+16
150872,8.17061E+18,8,3,15,108,2017,6,5,2,3,9,1,0,1,0,0,0,1,0,4.05282E+20,5.30278E+21,7.73339E+15,4.78713E+16
150873,8.17061E+18,8,2,12,0,2017,6,15,2,2,5,3,1,1,0,0,0,0,0,4.56985E+20,5.42832E+21,8.41183E+15,4.90062E+16
150874,8.17061E+18,8,2,22,0,2017,6,16,2,3,4,2,0,1,0,0,0,0,0,4.61036E+20,5.48506E+21,8.4617E+15,4.95169E+16
150875,8.17061E+18,8,2,26,96,2017,6,19,2,3,0,1,1,0,0,0,0,0,0,4.72767E+20,5.48948E+21,8.62345E+15,4.95573E+16
150876,8.17061E+18,8,2,16,43,2017,6,14,2,3,0,7,1,0,0,0,0,0,0,4.42434E+20,5.41039E+21,8.2154E+15,4.88439E+16
150877,8.17061E+18,8,2,15,106,2017,6,18,2,3,5,3,0,1,0,0,0,0,0,4.667E+20,5.45502E+21,8.54246E+15,4.92471E+16
150878,8.17061E+18,8,2,12,0,2017,6,19,2,3,3,2,1,1,0,0,0,0,0,4.543E+20,5.42836E+21,8.37512E+15,4.90064E+16
150879,8.17061E+18,8,2,11,0,2017,6,14,2,2,5,3,1,0,0,1,0,0,0,4.37789E+20,5.39721E+21,8.15411E+15,4.87248E+16
150880,8.17061E+18,8,1,28,7,2017,6,13,2,3,0,1,1,1,0,0,0,0,1,5.55901E+20,5.48235E+21,9.7719E+15,4.94912E+16
150881,8.17061E+18,8,1,19,67,2017,6,12,2,3,5,3,1,0,0,1,0,0,0,5.38971E+20,5.40568E+21,9.53072E+15,4.88029E+16
150882,8.17061E+18,8,1,19,24,2017,6,22,2,3,9,7,0,1,0,0,0,2,1,5.43665E+20,5.43198E+21,9.59746E+15,4.90392E+16
150883,8.17061E+18,8,1,18,48,2017,6,7,2,3,5,3,1,1,0,0,0,0,0,5.12544E+20,5.41703E+21,9.17118E+15,4.89061E+16
150884,8.17061E+18,8,1,17,26,2017,6,17,2,2,6,4,0,1,1,0,0,0,0,5.47439E+20,5.39448E+21,9.64474E+15,4.87016E+16
150885,8.17061E+18,8,1,16,33,2017,6,5,2,3,8,1,0,1,0,0,0,0,0,5.33894E+20,5.38911E+21,9.46021E+15,4.86541E+16
150886,8.17061E+18,8,1,15,50,2017,6,8,2,3,8,7,0,1,0,0,0,0,1,4.90669E+20,5.39935E+21,8.87307E+15,4.87471E+16
150887,8.17061E+18,8,1,15,21,2017,6,20,2,3,5,3,0,1,0,0,0,0,0,4.90264E+20,5.38199E+21,8.86796E+15,4.85909E+16
150888,8.17061E+18,8,1,15,3,2017,6,18,2,3,6,4,0,1,1,0,0,0,0,5.0107E+20,5.3924E+21,9.01453E+15,4.86846E+16
150889,8.17061E+18,8,1,11,0,2017,6,5,2,2,0,1,1,0,0,0,0,1,0,5.13094E+20,5.40262E+21,9.17822E+15,4.87764E+16
150890,8.1706E+18,8,4,35,29,2017,6,19,1,3,0,7,1,0,0,0,0,0,0,5.44921E+20,5.27154E+21,9.59754E+15,4.75957E+16
150891,8.1706E+18,8,4,35,30,2017,6,14,1,3,0,7,1,0,0,0,0,0,0,5.40984E+20,5.27122E+21,9.54514E+15,4.75931E+16
150892,8.1706E+18,8,4,37,31,2017,6,18,1,2,8,1,0,0,0,0,1,0,0,5.14859E+20,5.34651E+21,9.20024E+15,4.82717E+16
150893,8.1706E+18,8,4,16,41,2017,6,13,1,3,0,7,1,0,0,0,0,0,0,5.04316E+20,5.37361E+21,9.05845E+15,4.85156E+16
150894,8.1706E+18,8,4,16,36,2017,6,20,1,3,5,3,1,1,0,0,0,0,0,4.95336E+20,5.36895E+21,8.93689E+15,4.84737E+16
150895,8.1706E+18,8,3,36,81,2017,6,17,1,2,5,3,1,1,0,0,0,0,0,4.11674E+20,5.27794E+21,7.82389E+15,4.76488E+16
150896,8.1706E+18,8,3,17,65,2017,6,20,1,3,6,4,0,1,1,0,0,0,0,4.14611E+20,5.3542E+21,7.84782E+15,4.83352E+16
150897,8.1706E+18,8,3,17,89,2017,6,23,1,3,3,6,1,0,0,0,0,2,0,4.30967E+20,5.37869E+21,8.06444E+15,4.85575E+16
150898,8.1706E+18,8,3,15,113,2017,6,14,1,2,0,7,0,0,0,1,0,0,0,4.35727E+20,5.30492E+21,8.14013E+15,4.78944E+16
150899,8.1706E+18,8,3,11,0,2017,6,0,1,3,8,1,0,1,0,0,0,2,1,4.14688E+20,5.31662E+21,7.85639E+15,4.79972E+16
150900,8.1706E+18,8,2,15,7,2017,6,23,1,3,8,6,0,1,0,0,1,2,0,4.79497E+20,5.43357E+21,8.71937E+15,4.90547E+16
150901,8.1706E+18,8,2,12,0,2017,6,20,1,3,0,7,1,0,0,0,0,0,0,4.53231E+20,5.42929E+21,8.36039E+15,4.90147E+16
150902,8.1706E+18,8,1,35,19,2017,6,19,1,3,5,3,0,1,0,0,0,0,0,5.8311E+20,5.39337E+21,1.01292E+16,4.86878E+16
150903,8.1706E+18,8,4,25,134,2017,6,19,1,3,8,1,0,1,0,0,0,0,0,5.45571E+20,5.37308E+21,9.617E+15,4.85092E+16
150904,8.1706E+18,8,1,19,79,2017,6,18,1,3,8,3,1,0,0,1,0,0,0,5.26621E+20,5.40839E+21,9.36271E+15,4.88279E+16
150905,8.1706E+18,8,1,36,65,2017,6,11,1,3,0,6,0,0,0,1,0,0,0,5.58837E+20,5.40582E+21,9.80125E+15,4.88026E+16
150906,8.1706E+18,8,1,18,19,2017,6,19,1,3,0,7,1,0,0,0,0,0,0,5.04695E+20,5.40344E+21,9.06391E+15,4.87839E+16
150907,8.1706E+18,8,1,15,45,2017,6,17,1,3,5,1,1,1,0,0,0,0,1,5.01145E+20,5.39411E+21,9.01555E+15,4.87E+16
150908,8.1706E+18,8,1,15,3,2017,6,4,1,2,9,1,0,1,0,0,0,2,1,5.00613E+20,5.39034E+21,9.00833E+15,4.86661E+16
150909,8.1706E+18,8,4,36,81,2017,6,18,7,3,3,6,1,1,0,0,0,0,0,5.63201E+20,5.28324E+21,9.84237E+15,4.76994E+16
150910,8.1706E+18,8,4,35,52,2017,6,18,7,3,8,6,0,1,0,1,0,0,0,5.24195E+20,5.28955E+21,9.32285E+15,4.77589E+16
150911,8.1706E+18,8,4,35,66,2017,6,6,7,3,0,1,1,0,0,0,0,0,0,5.19589E+20,5.28734E+21,9.26128E+15,4.77391E+16
150912,8.1706E+18,8,4,15,59,2017,6,3,7,3,0,1,1,0,0,0,0,2,0,5.165E+20,5.36799E+21,9.2232E+15,4.84648E+16
150913,8.1706E+18,8,4,15,50,2017,6,17,7,3,2,6,0,1,0,0,0,0,0,5.2044E+20,5.37728E+21,9.27696E+15,4.85483E+16
150914,8.1706E+18,8,4,15,14,2017,6,14,7,3,5,3,1,1,0,0,0,0,0,5.26084E+20,5.37487E+21,9.35328E+15,4.85264E+16
150915,8.1706E+18,8,3,36,84,2017,6,21,7,3,5,3,0,1,0,1,0,2,1,4.05537E+20,5.27728E+21,7.74234E+15,4.7642E+16
150916,8.1706E+18,8,3,35,75,2017,6,8,7,3,5,3,0,1,0,0,0,0,0,4.8989E+20,5.28919E+21,8.8651E+15,4.7756E+16
150917,8.1706E+18,8,3,35,43,2017,6,14,7,3,5,7,0,1,0,0,1,0,0,5.11113E+20,5.28037E+21,9.14805E+15,4.76766E+16
150918,8.1706E+18,8,3,35,43,2017,6,17,7,3,2,6,0,1,0,1,0,0,0,5.14929E+20,5.27931E+21,9.19886E+15,4.7667E+16