OBJECTID,UIDENTSTLA,ULAND,UREGBEZ,UKREIS,UGEMEINDE,UJAHR,UMONAT,USTUNDE,UWOCHENTAG,UKATEGORIE,UART,UTYP1,IstRad,IstPKW,IstFuss,IstKrad,IstSonstig,LICHT,STRZUSTAND,LINREFX,LINREFY,XGCSWGS84,YGCSWGS84
151610,8.17062E+18,8,3,17,96,2017,6,21,7,3,2,7,1,0,0,0,0,0,0,4.23484E+20,5.36902E+21,7.96481E+15,4.84697E+16
151611,8.17062E+18,8,4,35,29,2017,6,8,7,3,5,7,0,1,0,1,0,0,0,5.44425E+20,5.27225E+21,9.59102E+15,4.76022E+16
151612,8.17062E+18,8,3,17,153,2017,6,19,7,3,5,3,0,1,0,0,0,0,0,4.17815E+20,5.3868E+21,7.88462E+15,4.86289E+16
151613,8.17062E+18,8,3,17,153,2017,6,11,7,3,5,3,0,1,0,0,0,0,0,4.2172E+20,5.39265E+21,7.93651E+15,4.8682E+16
151614,8.17062E+18,8,3,11,0,2017,6,20,7,3,5,3,0,1,0,0,1,0,0,4.15054E+20,5.32006E+21,7.86061E+15,4.80282E+16
151615,8.17062E+18,8,2,15,7,2017,6,12,7,2,5,2,1,1,0,0,0,0,0,4.77925E+20,5.43168E+21,8.69796E+15,4.90376E+16
151616,8.17062E+18,8,2,31,0,2017,6,0,7,3,0,1,1,0,0,0,0,2,0,4.77554E+20,5.41483E+21,8.69381E+15,4.88861E+16
151617,8.17062E+18,8,2,26,96,2017,6,0,7,3,0,7,0,0,0,1,0,2,0,4.75823E+20,5.48896E+21,8.66574E+15,4.95528E+16
151618,8.17062E+18,8,2,26,84,2017,6,11,7,3,5,2,0,1,0,0,0,0,0,4.67136E+20,5.47345E+21,8.54693E+15,4.94129E+16
151619,8.17062E+18,8,2,26,59,2017,6,12,7,3,4,2,1,1,0,0,0,0,0,4.65136E+20,5.45923E+21,8.5206E+15,4.92848E+16
151620,8.17062E+18,8,2,26,68,2017,6,17,7,3,5,3,0,1,0,1,0,0,0,4.68606E+20,5.46083E+21,8.56819E+15,4.92994E+16
151621,8.17062E+18,8,2,26,59,2017,6,11,7,3,0,3,1,1,0,0,0,0,0,4.6536E+20,5.46018E+21,8.5236E+15,4.92934E+16
151622,8.17062E+18,8,2,22,0,2017,6,20,7,3,0,7,1,0,0,0,1,0,0,4.61383E+20,5.47974E+21,8.467E+15,4.94691E+16
151623,8.17062E+18,8,2,22,0,2017,6,13,7,3,0,7,0,0,1,0,1,0,0,4.61799E+20,5.48117E+21,8.47261E+15,4.9482E+16
151624,8.17062E+18,8,2,22,0,2017,6,14,7,2,5,3,0,1,0,0,1,0,0,4.60175E+20,5.48771E+21,8.44953E+15,4.95407E+16
151625,8.17062E+18,8,2,21,0,2017,6,21,7,3,3,2,1,0,0,0,1,1,0,4.77443E+20,5.47292E+21,8.68905E+15,4.94085E+16
151626,8.17062E+18,8,2,15,21,2017,6,19,7,2,0,7,1,0,0,0,0,0,0,4.69249E+20,5.44455E+21,8.57828E+15,4.9153E+16
151627,8.17062E+18,8,1,18,19,2017,6,11,7,2,6,7,1,0,1,0,0,0,0,5.04846E+20,5.40526E+21,9.06599E+15,4.88003E+16
151628,8.17062E+18,8,1,27,76,2017,6,20,7,3,4,6,0,1,0,0,0,0,0,5.55948E+20,5.43952E+21,9.76655E+15,4.91059E+16
151629,8.17062E+18,8,1,27,76,2017,6,17,7,2,5,3,0,1,0,0,0,0,0,5.51357E+20,5.43931E+21,9.70363E+15,4.91044E+16
151630,8.17062E+18,8,1,27,76,2017,6,10,7,3,5,3,0,1,0,0,0,0,0,5.51642E+20,5.43937E+21,9.70753E+15,4.9105E+16
151631,8.17062E+18,8,1,26,60,2017,6,19,7,3,5,3,0,1,0,1,0,0,0,5.4517E+20,5.45932E+21,9.62111E+15,4.9285E+16
151632,8.17062E+18,8,1,21,0,2017,6,0,7,2,3,2,0,1,0,1,0,2,0,5.15982E+20,5.44262E+21,9.2191E+15,4.91362E+16
151633,8.17062E+18,8,1,19,76,2017,6,19,7,3,4,2,1,1,0,0,0,0,0,5.42168E+20,5.40671E+21,9.57436E+15,4.8812E+16
151634,8.17062E+18,8,1,18,73,2017,6,15,7,3,5,3,0,1,0,1,0,0,0,4.95923E+20,5.42665E+21,8.94427E+15,4.89927E+16
151635,8.17062E+18,8,1,15,21,2017,6,2,7,3,5,3,0,1,0,0,1,2,0,4.89758E+20,5.3819E+21,8.86111E+15,4.85901E+16
151636,8.17062E+18,8,1,15,10,2017,6,16,7,3,0,7,1,1,0,0,0,0,0,4.87134E+20,5.38877E+21,8.8253E+15,4.86519E+16
151637,8.17062E+18,8,1,15,3,2017,6,19,7,2,0,7,1,0,0,0,0,0,0,5.01284E+20,5.39129E+21,9.01744E+15,4.86746E+16
151638,8.17062E+18,8,1,11,0,2017,6,21,7,3,5,3,0,1,0,1,0,1,0,5.09425E+20,5.39865E+21,9.1282E+15,4.87408E+16
151639,8.17062E+18,8,1,11,0,2017,6,22,7,3,4,6,0,1,0,0,0,2,0,5.09558E+20,5.39779E+21,9.12998E+15,4.87331E+16
151640,8.17062E+18,8,1,11,0,2017,6,9,7,3,5,2,0,1,0,1,0,0,0,5.1193E+20,5.4026E+21,9.16238E+15,4.87763E+16
151641,8.17062E+18,8,1,11,0,2017,6,16,7,3,4,6,0,1,0,1,0,0,0,5.1619E+20,5.40523E+21,9.22047E+15,4.87999E+16
151642,8.17062E+18,8,4,36,49,2017,6,17,6,3,0,1,0,0,0,1,0,0,0,5.78226E+20,5.28309E+21,1.00426E+16,4.76964E+16
151643,8.17062E+18,8,4,36,64,2017,6,7,6,3,4,6,1,0,0,0,0,0,0,5.47245E+20,5.29362E+21,9.63084E+15,4.77942E+16
151644,8.17062E+18,8,4,35,59,2017,6,18,6,3,2,6,0,1,0,0,0,0,0,5.14557E+20,5.28885E+21,9.19421E+15,4.77528E+16
151645,8.17062E+18,8,4,35,16,2017,6,14,6,3,6,4,1,0,1,0,0,0,0,5.36115E+20,5.27831E+21,9.48097E+15,4.76572E+16
151646,8.17062E+18,8,4,26,43,2017,6,8,6,3,0,1,0,0,0,1,0,0,0,5.72107E+20,5.32205E+21,9.96753E+15,4.80477E+16
151647,8.17062E+18,8,4,15,61,2017,6,18,6,3,4,1,0,1,0,1,0,0,0,5.14489E+20,5.37169E+21,9.19614E+15,4.84982E+16
151648,8.17062E+18,8,3,36,91,2017,6,12,6,3,3,2,0,1,0,1,0,0,0,3.96965E+20,5.27212E+21,7.62944E+15,4.75943E+16
151649,8.17062E+18,8,3,36,50,2017,6,8,6,3,5,3,1,1,0,0,0,0,0,3.98921E+20,5.27308E+21,7.65524E+15,4.76032E+16
151650,8.17062E+18,8,3,35,75,2017,6,18,6,3,4,1,0,1,0,1,0,0,0,4.88038E+20,5.28903E+21,8.8404E+15,4.77546E+16
151651,8.17062E+18,8,3,35,75,2017,6,7,6,3,2,2,0,1,0,0,0,0,1,4.89088E+20,5.28927E+21,8.8544E+15,4.77567E+16
151652,8.17062E+18,8,3,35,75,2017,6,7,6,3,0,7,1,0,0,0,0,0,0,4.87562E+20,5.28958E+21,8.83403E+15,4.77594E+16
151653,8.17062E+18,8,3,35,2,2017,6,12,6,3,5,2,0,1,0,1,0,0,0,5.05485E+20,5.28555E+21,9.07314E+15,4.77233E+16
151654,8.17062E+18,8,3,35,66,2017,6,14,6,3,0,1,1,0,0,0,0,0,0,5.09604E+20,5.28235E+21,9.12799E+15,4.76944E+16
151655,8.17062E+18,8,3,35,43,2017,6,18,6,3,7,7,1,0,0,0,0,0,0,5.12713E+20,5.27951E+21,9.16935E+15,4.76688E+16
151656,8.17062E+18,8,3,35,43,2017,6,16,6,2,5,2,1,0,0,0,0,0,0,5.12552E+20,5.27877E+21,9.16718E+15,4.76622E+16
151657,8.17062E+18,8,3,35,43,2017,6,7,6,3,2,7,1,1,0,0,0,0,0,5.12956E+20,5.27927E+21,9.17257E+15,4.76667E+16
151658,8.17062E+18,8,3,35,43,2017,6,11,6,3,0,1,1,0,0,0,0,0,0,5.15469E+20,5.2802E+21,9.20609E+15,4.7675E+16
151659,8.17062E+18,8,3,35,43,2017,6,22,6,2,7,1,1,0,0,0,0,1,0,5.12729E+20,5.2795E+21,9.16956E+15,4.76688E+16
151660,8.17062E+18,8,3,27,51,2017,6,22,6,3,8,1,1,0,0,0,0,2,0,4.84573E+20,5.33273E+21,8.79259E+15,4.81477E+16
151661,8.17062E+18,8,3,25,14,2017,6,12,6,3,4,2,1,1,0,0,0,0,0,4.63162E+20,5.33979E+21,8.50414E+15,4.82102E+16
151662,8.17062E+18,8,3,17,73,2017,6,8,6,3,4,6,1,1,0,0,0,0,0,4.12067E+20,5.3479E+21,7.8148E+15,4.82782E+16
151663,8.17062E+18,8,3,17,57,2017,6,18,6,3,5,2,1,1,0,0,0,0,0,4.1301E+20,5.3803E+21,7.82079E+15,4.85698E+16
151664,8.17062E+18,8,3,11,0,2017,6,18,6,3,5,3,1,1,0,0,0,0,0,4.13066E+20,5.31539E+21,7.8349E+15,4.79859E+16
151665,8.17062E+18,8,3,11,0,2017,6,7,6,3,5,3,1,1,0,0,0,0,0,4.12398E+20,5.3145E+21,7.82613E+15,4.79778E+16
151666,8.17062E+18,8,3,11,0,2017,6,8,6,3,1,7,1,1,0,0,0,0,0,4.1523E+20,5.31589E+21,7.86381E+15,4.79907E+16
151667,8.17062E+18,8,3,11,0,2017,6,13,6,3,5,3,0,1,0,1,0,0,0,4.11122E+20,5.31509E+21,7.80892E+15,4.79829E+16
151668,8.17062E+18,8,3,11,0,2017,6,14,6,3,5,2,1,1,0,0,0,0,0,4.15457E+20,5.31552E+21,7.86692E+15,4.79874E+16
151669,8.17062E+18,8,2,12,0,2017,6,23,6,2,8,1,0,1,0,0,0,2,0,4.59552E+20,5.42823E+21,8.44693E+15,4.90056E+16
151670,8.17062E+18,8,2,31,0,2017,6,12,6,3,2,7,0,1,0,0,0,0,0,4.75768E+20,5.41532E+21,8.66942E+15,4.88903E+16
151671,8.17062E+18,8,2,26,98,2017,6,13,6,3,2,7,0,1,0,1,1,0,1,4.76635E+20,5.46079E+21,8.67863E+15,4.92994E+16
151672,8.17062E+18,8,2,26,98,2017,6,13,6,3,2,7,0,1,0,1,0,0,1,4.76641E+20,5.46078E+21,8.67871E+15,4.92993E+16
151673,8.17062E+18,8,2,26,32,2017,6,12,6,3,0,7,1,1,0,0,0,0,0,4.67599E+20,5.46301E+21,8.55416E+15,4.93189E+16
151674,8.17062E+18,8,2,22,0,2017,6,17,6,3,5,3,1,1,0,0,0,0,0,4.63315E+20,5.48559E+21,8.49312E+15,4.95218E+16
151675,8.17062E+18,8,2,22,0,2017,6,9,6,3,5,3,0,1,0,1,0,0,0,4.60767E+20,5.48367E+21,8.45812E+15,4.95044E+16
151676,8.17062E+18,8,2,22,0,2017,6,9,6,3,4,2,1,1,0,0,0,0,0,4.62529E+20,5.47983E+21,8.48282E+15,4.947E+16
151677,8.17062E+18,8,2,22,0,2017,6,20,6,3,4,2,0,1,0,0,0,1,0,4.65772E+20,5.4737E+21,8.5281E+15,4.9415E+16
151678,8.17062E+18,8,2,22,0,2017,6,13,6,3,5,3,0,1,0,0,0,0,0,4.62555E+20,5.4804E+21,8.48312E+15,4.94751E+16
151679,8.17062E+18,8,2,26,84,2017,6,9,6,2,1,5,0,1,0,1,0,0,0,4.69987E+20,5.46951E+21,8.58653E+15,4.93776E+16
151680,8.17062E+18,8,2,21,0,2017,6,21,6,3,1,5,0,1,0,0,0,0,0,4.81991E+20,5.47504E+21,8.75165E+15,4.94278E+16
151681,8.17062E+18,8,2,16,28,2017,6,11,6,3,5,7,0,1,0,0,1,0,0,4.27048E+20,5.39745E+21,8.00803E+15,4.87258E+16
151682,8.17062E+18,8,2,16,63,2017,6,10,6,3,0,7,1,0,0,0,0,0,0,4.29139E+20,5.39991E+21,8.03604E+15,4.87481E+16
151683,8.17062E+18,8,2,16,43,2017,6,17,6,3,6,4,1,0,1,0,0,0,0,4.41184E+20,5.41139E+21,8.19823E+15,4.88527E+16
151684,8.17062E+18,8,2,12,0,2017,6,12,6,3,6,2,1,0,1,0,0,0,0,4.5574E+20,5.42849E+21,8.39478E+15,4.90077E+16
151685,8.17062E+18,8,1,36,24,2017,6,19,6,3,7,7,0,1,0,0,1,0,0,5.67479E+20,5.41162E+21,9.91988E+15,4.88539E+16
151686,8.17062E+18,8,1,36,65,2017,6,18,6,3,4,2,1,1,0,0,0,0,0,5.59217E+20,5.40486E+21,9.8063E+15,4.87939E+16
151687,8.17062E+18,8,1,19,79,2017,6,15,6,2,0,1,1,0,0,0,0,0,0,5.23151E+20,5.40847E+21,9.31545E+15,4.88288E+16
151688,8.17062E+18,8,1,18,48,2017,6,5,6,3,7,7,1,0,0,0,0,0,0,5.13509E+20,5.4157E+21,9.1843E+15,4.88941E+16
151689,8.17062E+18,8,1,18,81,2017,6,17,6,3,0,1,1,0,0,0,0,0,0,5.19934E+20,5.41517E+21,9.27193E+15,4.88892E+16
151690,8.17062E+18,8,1,17,24,2017,6,7,6,3,0,1,0,0,0,1,0,0,1,5.61952E+20,5.38515E+21,9.84057E+15,4.86163E+16
151691,8.17062E+18,8,1,17,49,2017,6,6,6,2,1,5,1,1,0,0,0,0,0,5.55798E+20,5.39258E+21,9.75808E+15,4.86838E+16
151692,8.17062E+18,8,1,16,33,2017,6,12,6,2,0,1,1,0,0,0,0,0,0,5.31088E+20,5.38932E+21,9.42213E+15,4.86561E+16
151693,8.17062E+18,8,1,16,78,2017,6,14,6,3,4,6,1,0,0,0,0,0,0,5.09328E+20,5.39445E+21,9.12678E+15,4.8703E+16
151694,8.17062E+18,8,1,16,19,2017,6,15,6,3,5,3,1,0,0,0,1,0,0,5.23014E+20,5.39815E+21,9.31299E+15,4.8736E+16
151695,8.17062E+18,8,1,15,45,2017,6,18,6,3,5,3,0,1,0,0,0,0,0,5.01782E+20,5.39508E+21,9.02422E+15,4.87088E+16
151696,8.17062E+18,8,1,11,0,2017,6,9,6,3,1,5,0,1,0,1,0,0,0,5.13817E+20,5.403E+21,9.18808E+15,4.87798E+16
151697,8.17062E+18,8,1,11,0,2017,6,19,6,3,2,6,0,1,0,1,0,0,0,5.13429E+20,5.40329E+21,9.1828E+15,4.87825E+16
151698,8.17062E+18,8,1,11,0,2017,6,7,6,3,5,3,1,1,0,0,0,0,0,5.17173E+20,5.40679E+21,9.23392E+15,4.88138E+16
151699,8.17062E+18,8,1,11,0,2017,6,14,6,3,6,4,0,1,1,0,0,0,0,5.10802E+20,5.39719E+21,9.14688E+15,4.87277E+16
151700,8.17062E+18,8,4,36,64,2017,6,17,5,2,9,1,0,0,0,1,0,0,0,5.46193E+20,5.29155E+21,9.61658E+15,4.77756E+16
151701,8.17062E+18,8,4,35,24,2017,6,0,5,3,6,6,1,0,1,0,0,2,0,5.27461E+20,5.27918E+21,9.36578E+15,4.76654E+16
151702,8.17062E+18,8,4,26,21,2017,6,18,5,3,0,3,1,1,0,0,0,0,0,5.6004E+20,5.32809E+21,9.80649E+15,4.81033E+16
151703,8.17062E+18,8,4,26,21,2017,6,11,5,2,0,7,1,0,0,0,1,0,0,5.58815E+20,5.32722E+21,9.78992E+15,4.80955E+16
151704,8.17062E+18,8,4,21,0,2017,6,8,5,3,6,4,0,1,1,0,0,0,0,5.7384E+20,5.36119E+21,9.99761E+15,4.83996E+16
151705,8.17062E+18,8,4,15,61,2017,6,23,5,3,1,5,0,1,0,1,0,2,0,5.16176E+20,5.37083E+21,9.21893E+15,4.84904E+16
151706,8.17062E+18,8,4,16,41,2017,6,12,5,3,5,3,1,1,0,0,0,0,0,5.04713E+20,5.3751E+21,9.06384E+15,4.8529E+16
151707,8.17062E+18,8,3,37,38,2017,6,7,5,2,9,1,0,0,0,1,0,0,0,4.29033E+20,5.27778E+21,8.05502E+15,4.76495E+16
151708,8.17062E+18,8,3,36,105,2017,6,7,5,2,5,3,1,0,0,1,0,0,0,3.97807E+20,5.26827E+21,7.64155E+15,4.75598E+16
151709,8.17062E+18,8,3,35,2,2017,6,16,5,2,5,3,1,1,0,0,0,0,0,5.05423E+20,5.28552E+21,9.07231E+15,4.7723E+16
151710,8.17062E+18,8,3,35,43,2017,6,7,5,3,5,3,1,1,0,0,0,0,0,5.12853E+20,5.28007E+21,9.17123E+15,4.76739E+16
151711,8.17062E+18,8,3,27,50,2017,6,23,5,3,5,3,0,1,0,0,0,2,0,4.86501E+20,5.31431E+21,8.8191E+15,4.7982E+16
151712,8.17062E+18,8,3,26,74,2017,6,7,5,3,5,3,0,1,0,1,0,0,0,4.6064E+20,5.32333E+21,8.47171E+15,4.80621E+16
151713,8.17062E+18,8,3,25,57,2017,6,16,5,3,2,6,0,1,0,0,0,0,0,4.76108E+20,5.35915E+21,8.6773E+15,4.83851E+16
151714,8.17062E+18,8,3,25,61,2017,6,16,5,3,3,6,1,0,0,1,0,0,0,4.74964E+20,5.35258E+21,8.66224E+15,4.83259E+16
151715,8.17062E+18,8,3,17,11,2017,6,14,5,3,9,1,0,0,0,1,0,0,0,4.27675E+20,5.35358E+21,8.02417E+15,4.83313E+16
151716,8.17062E+18,8,3,17,96,2017,6,16,5,3,5,3,1,1,0,0,0,0,0,4.21869E+20,5.36828E+21,7.94311E+15,4.84628E+16
151717,8.17062E+18,8,3,17,65,2017,6,16,5,3,0,7,1,1,0,0,0,0,0,4.16849E+20,5.35489E+21,7.87787E+15,4.83417E+16
151718,8.17062E+18,8,3,16,56,2017,6,16,5,3,5,3,1,1,0,0,0,0,0,4.22271E+20,5.32725E+21,7.95609E+15,4.80938E+16
151719,8.17062E+18,8,3,16,11,2017,6,11,5,3,2,6,1,1,0,0,0,0,0,4.1383E+20,5.33055E+21,7.84208E+15,4.81224E+16
151720,8.17062E+18,8,3,15,6,2017,6,8,5,3,3,6,1,1,0,0,0,0,0,4.02783E+20,5.30747E+21,7.69891E+15,4.79132E+16
151721,8.17062E+18,8,3,11,0,2017,6,18,5,3,2,6,0,1,0,0,0,0,0,4.13905E+20,5.31714E+21,7.84579E+15,4.80017E+16
151722,8.17062E+18,8,3,11,0,2017,6,18,5,3,5,2,1,1,0,0,0,0,0,4.14806E+20,5.31655E+21,7.85798E+15,4.79966E+16
151723,8.17062E+18,8,3,11,0,2017,6,15,5,3,8,7,1,1,0,0,0,0,0,4.14322E+20,5.31938E+21,7.85093E+15,4.8022E+16
151724,8.17062E+18,8,3,11,0,2017,6,22,5,3,6,4,0,0,1,1,0,2,0,4.11898E+20,5.31773E+21,7.81877E+15,4.80068E+16
151725,8.17062E+18,8,3,15,47,2017,6,21,5,3,5,3,1,1,0,0,0,1,0,4.15348E+20,5.32104E+21,7.86436E+15,4.80371E+16
151726,8.17062E+18,8,2,15,99,2017,6,7,5,2,5,3,0,1,0,1,0,0,0,4.62259E+20,5.44503E+21,8.48239E+15,4.91569E+16
151727,8.17062E+18,8,2,12,0,2017,6,18,5,3,0,1,0,0,0,1,0,0,0,4.52172E+20,5.42936E+21,8.3459E+15,4.90153E+16
151728,8.17062E+18,8,2,26,62,2017,6,9,5,3,3,6,1,0,0,0,1,0,0,4.70279E+20,5.4696E+21,8.59054E+15,4.93784E+16
151729,8.17062E+18,8,2,25,39,2017,6,7,5,3,5,3,0,1,0,0,0,0,0,5.30992E+20,5.49405E+21,9.42888E+15,4.95983E+16
151730,8.17062E+18,8,2,22,0,2017,6,16,5,3,3,5,1,1,0,0,0,0,0,4.61211E+20,5.48228E+21,8.46438E+15,4.94919E+16
151731,8.17062E+18,8,2,22,0,2017,6,15,5,3,5,2,0,0,0,0,1,0,0,4.61632E+20,5.48369E+21,8.47006E+15,4.95046E+16
151732,8.17062E+18,8,2,21,0,2017,6,7,5,3,2,1,0,1,0,1,0,0,0,4.74634E+20,5.474E+21,8.65026E+15,4.94182E+16
151733,8.17062E+18,8,2,16,15,2017,6,8,5,3,5,3,1,0,0,0,1,0,0,4.50383E+20,5.40556E+21,8.32432E+15,4.88011E+16
151734,8.17062E+18,8,2,15,105,2017,6,19,5,3,0,7,1,0,0,0,0,0,0,4.56797E+20,5.44218E+21,8.40777E+15,4.91309E+16
151735,8.17062E+18,8,2,15,17,2017,6,13,5,3,1,7,0,1,0,1,0,0,0,4.56572E+20,5.42072E+21,8.407E+15,4.89379E+16
151736,8.17062E+18,8,2,12,0,2017,6,21,5,3,5,3,0,1,0,1,0,1,0,4.53952E+20,5.42876E+21,8.37031E+15,4.901E+16
151737,8.17062E+18,8,1,36,28,2017,6,16,5,3,8,1,0,1,0,0,0,0,0,5.67861E+20,5.40565E+21,9.92411E+15,4.88001E+16
151738,8.17062E+18,8,1,36,65,2017,6,16,5,3,5,3,0,1,0,0,0,0,0,5.5882E+20,5.40541E+21,9.80096E+15,4.87989E+16
151739,8.17062E+18,8,1,28,139,2017,6,16,5,3,0,3,1,1,0,0,0,0,0,5.50632E+20,5.49122E+21,9.70028E+15,4.95715E+16
151740,8.17062E+18,8,1,21,0,2017,6,14,5,3,5,3,0,1,0,0,0,0,0,5.15982E+20,5.44519E+21,9.21921E+15,4.91594E+16
151741,8.17062E+18,8,1,19,68,2017,6,9,5,3,1,6,1,1,0,0,0,0,0,5.25891E+20,5.41329E+21,9.35308E+15,4.88721E+16
151742,8.17062E+18,8,1,19,20,2017,6,12,5,3,5,3,1,1,0,0,0,0,0,5.20846E+20,5.40692E+21,9.28396E+15,4.88149E+16
151743,8.17062E+18,8,1,18,48,2017,6,16,5,3,5,2,1,1,0,0,0,0,0,5.13074E+20,5.41562E+21,9.17837E+15,4.88934E+16
151744,8.17062E+18,8,1,16,19,2017,6,17,5,3,5,2,0,1,0,1,0,2,0,5.24081E+20,5.39876E+21,9.32755E+15,4.87414E+16
151745,8.17062E+18,8,1,16,58,2017,6,18,5,3,5,2,1,1,0,0,0,0,0,5.34163E+20,5.39525E+21,9.46437E+15,4.87094E+16
151746,8.17062E+18,8,1,15,45,2017,6,12,5,3,0,7,0,1,0,0,0,0,0,4.97424E+20,5.39689E+21,8.96497E+15,4.8725E+16
151747,8.17062E+18,8,1,15,28,2017,6,19,5,3,6,4,0,1,1,0,0,0,0,5.01548E+20,5.40563E+21,9.02108E+15,4.88037E+16
151748,8.17062E+18,8,1,15,48,2017,6,22,5,3,8,1,0,1,0,0,0,2,0,5.10805E+20,5.38719E+21,9.14666E+15,4.86377E+16
151749,8.17062E+18,8,1,11,0,2017,6,7,5,3,5,2,1,1,0,0,0,0,0,5.12474E+20,5.40206E+21,9.16976E+15,4.87714E+16
151750,8.17062E+18,8,4,37,82,2017,6,14,4,3,0,1,1,0,0,0,0,0,0,5.13256E+20,5.34405E+21,9.17857E+15,4.82496E+16
151751,8.17062E+18,8,4,36,95,2017,6,7,4,3,4,6,0,1,0,1,0,0,0,5.3518E+20,5.29534E+21,9.46989E+15,4.78105E+16
151752,8.17062E+18,8,4,35,16,2017,6,19,4,3,1,1,1,1,0,0,0,0,0,5.35861E+20,5.27841E+21,9.47759E+15,4.76581E+16
151753,8.17062E+18,8,4,26,21,2017,6,13,4,3,3,3,1,1,0,0,0,0,0,5.59632E+20,5.32501E+21,9.80058E+15,4.80756E+16
151754,8.17062E+18,8,4,17,75,2017,6,13,4,3,5,3,0,1,0,0,1,0,0,5.10613E+20,5.3351E+21,9.14274E+15,4.8169E+16
151755,8.17062E+18,8,4,15,61,2017,6,16,4,2,0,7,1,0,0,0,0,0,0,5.15571E+20,5.3722E+21,9.21079E+15,4.85027E+16
151756,8.17062E+18,8,4,15,61,2017,6,8,4,3,0,1,0,0,0,1,0,0,0,5.15421E+20,5.37259E+21,9.20878E+15,4.85062E+16
151757,8.17062E+18,8,4,15,50,2017,6,12,4,3,1,5,1,0,0,0,1,0,0,5.21273E+20,5.37656E+21,9.28821E+15,4.85418E+16
151758,8.17062E+18,8,3,35,75,2017,6,11,4,3,0,7,1,0,0,0,0,0,0,4.88245E+20,5.29083E+21,8.84312E+15,4.77707E+16
151759,8.17062E+18,8,3,35,43,2017,6,23,4,3,0,1,1,0,0,0,0,2,0,5.12913E+20,5.27902E+21,9.17199E+15,4.76644E+16
151760,8.17062E+18,8,3,35,26,2017,6,17,4,2,5,2,0,1,0,1,0,0,0,4.82057E+20,5.28182E+21,8.7609E+15,4.76895E+16
151761,8.17062E+18,8,4,35,57,2017,6,16,4,3,5,3,0,0,0,1,0,0,0,5.44281E+20,5.27938E+21,9.58982E+15,4.76663E+16
151762,8.17062E+18,8,3,25,49,2017,6,17,4,3,6,4,1,0,1,0,0,0,0,4.72255E+20,5.33415E+21,8.6269E+15,4.816E+16
151763,8.17062E+18,8,3,17,96,2017,6,22,4,3,9,7,0,0,0,1,0,2,0,4.23363E+20,5.36777E+21,7.96341E+15,4.84584E+16
151764,8.17062E+18,8,3,17,65,2017,6,7,4,3,0,7,1,0,0,0,0,0,0,4.16004E+20,5.35451E+21,7.86655E+15,4.83382E+16
151765,8.17062E+18,8,3,17,57,2017,6,8,4,3,0,7,1,0,0,0,0,0,0,4.1253E+20,5.38058E+21,7.81422E+15,4.85722E+16
151766,8.17062E+18,8,3,17,96,2017,6,16,4,3,9,7,0,0,0,1,0,0,0,4.21922E+20,5.36827E+21,7.94383E+15,4.84627E+16
151767,8.17062E+18,8,3,36,50,2017,6,8,4,3,1,5,1,1,0,0,0,0,0,3.99495E+20,5.27342E+21,7.6628E+15,4.76063E+16
151768,8.17062E+18,8,3,11,0,2017,6,14,4,2,5,2,1,1,0,0,0,0,0,4.141E+20,5.31679E+21,7.84847E+15,4.79986E+16
151769,8.17062E+18,8,3,11,0,2017,6,14,4,2,5,2,0,1,1,0,0,0,0,4.13213E+20,5.31521E+21,7.83691E+15,4.79843E+16
151770,8.17062E+18,8,3,15,109,2017,6,17,4,3,1,5,1,0,0,0,1,0,0,4.2264E+20,5.31429E+21,7.96339E+15,4.79772E+16
151771,8.17062E+18,8,3,11,0,2017,6,5,4,3,5,2,0,1,0,0,0,0,0,4.15161E+20,5.32092E+21,7.86188E+15,4.8036E+16
151772,8.17062E+18,8,3,11,0,2017,6,7,4,3,5,1,1,1,0,0,0,0,0,4.11384E+20,5.31632E+21,7.81218E+15,4.7994E+16
151773,8.17062E+18,8,2,12,0,2017,6,16,4,3,9,1,0,1,0,0,0,0,0,4.54295E+20,5.43464E+21,8.37434E+15,4.9063E+16
151774,8.17062E+18,8,2,12,0,2017,6,12,4,2,0,7,1,0,0,0,0,0,0,4.53086E+20,5.4301E+21,8.35831E+15,4.9022E+16
151775,8.17062E+18,8,2,12,0,2017,6,19,4,2,0,1,1,0,0,0,0,0,0,4.5688E+20,5.42787E+21,8.41044E+15,4.90022E+16
151776,8.17062E+18,8,2,31,0,2017,6,7,4,2,0,7,0,1,0,1,0,0,0,4.75886E+20,5.41302E+21,8.67118E+15,4.88697E+16
151777,8.17062E+18,8,2,31,0,2017,6,16,4,3,6,7,0,1,1,0,0,0,0,4.81071E+20,5.41661E+21,8.74172E+15,4.89021E+16
151778,8.17062E+18,8,2,31,0,2017,6,7,4,3,3,2,1,1,0,0,0,0,0,4.81573E+20,5.41503E+21,8.74864E+15,4.8888E+16
151779,8.17062E+18,8,2,36,43,2017,6,10,4,3,0,7,0,1,1,0,1,0,0,4.69147E+20,5.41101E+21,8.57943E+15,4.88513E+16
151780,8.17062E+18,8,2,26,41,2017,6,7,4,3,5,3,1,1,0,0,0,0,0,4.75882E+20,5.46555E+21,8.66798E+15,4.93422E+16
151781,8.17062E+18,8,2,26,41,2017,6,18,4,3,0,1,1,1,0,0,0,0,0,4.76224E+20,5.46574E+21,8.67267E+15,4.93439E+16
151782,8.17062E+18,8,2,26,96,2017,6,14,4,3,8,1,0,0,0,1,0,0,0,4.76084E+20,5.48519E+21,8.66958E+15,4.95188E+16