OBJECTID,UIDENTSTLA,ULAND,UREGBEZ,UKREIS,UGEMEINDE,UJAHR,UMONAT,USTUNDE,UWOCHENTAG,UKATEGORIE,UART,UTYP1,IstRad,IstPKW,IstFuss,IstKrad,IstSonstig,LICHT,STRZUSTAND,LINREFX,LINREFY,XGCSWGS84,YGCSWGS84
152301,8.1707E+18,8,1,15,45,2017,7,18,2,3,5,3,1,1,0,0,0,0,0,4.99435E+20,5.39493E+21,8.99231E+15,4.87074E+16
152302,8.1707E+18,8,1,15,3,2017,7,17,2,3,6,4,0,1,1,0,0,0,0,5.01339E+20,5.392E+21,9.0182E+15,4.8681E+16
152303,8.1707E+18,8,1,15,24,2017,7,17,2,3,5,3,1,1,0,0,0,0,0,5.01192E+20,5.38801E+21,9.01618E+15,4.86451E+16
152304,8.1707E+18,8,1,11,0,2017,7,16,2,3,6,2,0,1,1,0,0,0,0,5.12811E+20,5.40457E+21,9.17443E+15,4.8794E+16
152305,8.1707E+18,8,4,16,41,2017,7,17,1,3,4,7,1,0,1,0,0,0,0,5.04684E+20,5.37691E+21,9.06347E+15,4.85453E+16
152306,8.1707E+18,8,3,17,31,2017,7,4,1,3,8,1,0,1,0,0,0,2,0,4.16941E+20,5.35666E+21,7.87875E+15,4.83577E+16
152307,8.1707E+18,8,3,11,0,2017,7,13,1,3,5,2,1,0,0,0,0,0,0,4.14735E+20,5.31567E+21,7.85721E+15,4.79886E+16
152308,8.1707E+18,8,2,35,6,2017,7,12,1,3,5,3,0,1,0,0,0,0,0,4.70822E+20,5.38203E+21,8.60431E+15,4.85907E+16
152309,8.1707E+18,8,1,36,88,2017,7,15,1,3,4,6,1,0,0,0,0,0,0,5.79496E+20,5.40943E+21,1.00832E+16,4.88327E+16
152310,8.1707E+18,8,1,17,10,2017,7,15,1,2,5,3,0,1,0,0,1,0,0,5.67602E+20,5.38801E+21,9.91768E+15,4.86415E+16
152311,8.1707E+18,8,1,11,0,2017,7,14,1,3,6,4,0,0,1,1,0,0,0,5.15482E+20,5.40343E+21,9.21076E+15,4.87837E+16
152312,8.1707E+18,8,1,11,0,2017,7,16,1,3,2,6,0,1,1,0,0,0,0,5.10135E+20,5.39786E+21,9.13782E+15,4.87337E+16
152313,8.1707E+18,8,4,36,96,2017,7,23,7,2,5,3,0,1,0,1,0,2,0,5.44258E+20,5.30121E+21,9.59174E+15,4.78627E+16
152314,8.1707E+18,8,4,35,59,2017,7,19,7,3,0,1,1,0,0,0,0,0,0,5.10798E+20,5.29398E+21,9.1442E+15,4.77991E+16
152315,8.1707E+18,8,4,21,0,2017,7,22,7,3,3,6,1,0,0,1,0,2,0,5.71771E+20,5.36208E+21,9.96981E+15,4.84078E+16
152316,8.1707E+18,8,4,16,41,2017,7,12,7,3,0,7,1,0,0,0,1,0,0,4.98099E+20,5.37492E+21,8.97426E+15,4.85274E+16
152317,8.1707E+18,8,4,16,41,2017,7,20,7,3,0,7,1,0,0,0,0,0,1,5.06177E+20,5.37512E+21,9.08367E+15,4.85292E+16
152318,8.1707E+18,8,4,15,80,2017,7,9,7,3,0,1,1,0,0,0,0,0,0,5.11186E+20,5.37337E+21,9.15146E+15,4.85133E+16
152319,8.1707E+18,8,3,36,105,2017,7,19,7,3,5,3,0,1,0,0,0,0,0,4.00515E+20,5.26672E+21,7.67788E+15,4.75463E+16
152320,8.1707E+18,8,3,35,28,2017,7,14,7,3,5,3,1,1,0,0,0,0,0,4.83327E+20,5.28688E+21,8.77763E+15,4.77351E+16
152321,8.1707E+18,8,3,35,75,2017,7,13,7,3,0,2,1,1,0,0,0,0,0,4.91482E+20,5.28864E+21,8.88636E+15,4.7751E+16
152322,8.1707E+18,8,3,35,15,2017,7,11,7,3,4,1,0,1,0,0,0,0,0,4.75898E+20,5.28266E+21,8.67877E+15,4.76969E+16
152323,8.1707E+18,8,3,35,63,2017,7,18,7,3,5,2,1,1,0,0,0,0,0,4.96644E+20,5.28755E+21,8.95524E+15,4.77413E+16
152324,8.1707E+18,8,3,35,43,2017,7,2,7,3,5,3,0,1,0,0,0,2,0,5.11068E+20,5.28126E+21,9.14748E+15,4.76847E+16
152325,8.1707E+18,8,3,35,43,2017,7,14,7,3,0,4,0,0,1,1,0,0,0,5.12979E+20,5.27893E+21,9.17288E+15,4.76637E+16
152326,8.1707E+18,8,4,35,30,2017,7,23,7,2,0,1,1,0,0,0,0,2,0,5.41231E+20,5.27134E+21,9.54844E+15,4.75941E+16
152327,8.1707E+18,8,3,17,65,2017,7,22,7,2,5,2,1,1,0,0,0,2,1,4.15334E+20,5.35408E+21,7.85759E+15,4.83342E+16
152328,8.1707E+18,8,3,17,68,2017,7,4,7,2,0,7,0,1,0,0,0,2,1,4.37055E+20,5.38794E+21,8.14554E+15,4.86414E+16
152329,8.1707E+18,8,3,11,0,2017,7,23,7,3,0,1,1,0,0,0,0,2,1,4.13965E+20,5.31565E+21,7.84689E+15,4.79884E+16
152330,8.1707E+18,8,3,15,41,2017,7,13,7,3,2,6,0,1,0,0,0,0,0,4.21166E+20,5.32233E+21,7.94217E+15,4.80494E+16
152331,8.1707E+18,8,3,11,0,2017,7,11,7,3,5,3,1,1,0,0,0,0,0,4.12626E+20,5.31786E+21,7.82851E+15,4.80081E+16
152332,8.1707E+18,8,3,11,0,2017,7,12,7,3,3,6,1,0,0,0,0,0,0,4.04833E+20,5.31967E+21,7.72365E+15,4.80232E+16
152333,8.1707E+18,8,3,11,0,2017,7,20,7,3,2,2,0,1,0,1,0,0,0,4.14034E+20,5.3157E+21,7.84781E+15,4.79888E+16
152334,8.1707E+18,8,2,12,0,2017,7,23,7,2,0,1,1,0,0,0,0,2,1,4.5586E+20,5.42788E+21,8.39649E+15,4.90022E+16
152335,8.1707E+18,8,2,12,0,2017,7,16,7,3,5,3,0,1,0,1,0,0,0,4.59641E+20,5.42819E+21,8.44816E+15,4.90053E+16
152336,8.1707E+18,8,2,26,37,2017,7,15,7,3,0,7,1,0,0,0,0,0,1,4.66391E+20,5.46882E+21,8.53705E+15,4.93712E+16
152337,8.1707E+18,8,2,22,0,2017,7,8,7,3,0,4,1,0,1,0,0,0,0,4.61543E+20,5.483E+21,8.4689E+15,4.94984E+16
152338,8.1707E+18,8,2,22,0,2017,7,13,7,3,2,6,0,1,0,0,0,0,0,4.61886E+20,5.48282E+21,8.47365E+15,4.94968E+16
152339,8.1707E+18,8,2,16,43,2017,7,10,7,3,3,6,1,1,0,0,0,0,1,4.41954E+20,5.41226E+21,8.2086E+15,4.88606E+16
152340,8.1707E+18,8,2,15,110,2017,7,4,7,3,9,1,0,1,0,0,0,1,1,4.6113E+20,5.41806E+21,8.46948E+15,4.89142E+16
152341,8.1707E+18,8,1,19,20,2017,7,8,7,3,0,7,1,0,0,0,0,0,0,5.20362E+20,5.40658E+21,9.27735E+15,4.88119E+16
152342,8.1707E+18,8,1,18,79,2017,7,1,7,3,8,7,1,0,0,0,0,2,0,5.0876E+20,5.42094E+21,9.11962E+15,4.89413E+16
152343,8.1707E+18,8,1,17,26,2017,7,12,7,3,5,3,0,1,0,0,0,0,0,5.4844E+20,5.39441E+21,9.65834E+15,4.87008E+16
152344,8.1707E+18,8,1,16,33,2017,7,2,7,2,5,3,0,1,0,0,0,2,0,5.33366E+20,5.38772E+21,9.45294E+15,4.86416E+16
152345,8.1707E+18,8,1,11,0,2017,7,16,7,3,0,3,0,1,0,1,0,0,0,5.13168E+20,5.40168E+21,9.1792E+15,4.8768E+16
152346,8.17063E+18,8,4,37,31,2017,6,17,6,3,5,3,1,1,0,0,0,0,0,5.16638E+20,5.34455E+21,9.22415E+15,4.8254E+16
152347,8.17063E+18,8,4,37,78,2017,6,17,6,3,2,6,1,1,0,0,0,0,0,5.0842E+20,5.31567E+21,9.11287E+15,4.79943E+16
152348,8.17063E+18,8,4,37,100,2017,6,9,6,3,5,3,1,1,0,0,0,0,0,5.37703E+20,5.31808E+21,9.50558E+15,4.80149E+16
152349,8.17063E+18,8,4,36,9,2017,6,10,6,2,6,7,0,1,1,0,0,0,0,5.56427E+20,5.3076E+21,9.75527E+15,4.79193E+16
152350,8.17063E+18,8,4,35,59,2017,6,11,6,3,6,7,1,0,1,0,0,0,0,5.12372E+20,5.29017E+21,9.16511E+15,4.77648E+16
152351,8.17063E+18,8,4,35,59,2017,6,12,6,3,5,2,1,0,0,1,0,0,0,5.12124E+20,5.29084E+21,9.16181E+15,4.77708E+16
152352,8.17063E+18,8,4,35,16,2017,6,19,6,3,2,6,0,1,0,0,0,0,0,5.35417E+20,5.28138E+21,9.47192E+15,4.76848E+16
152353,8.17063E+18,8,4,15,61,2017,6,21,6,3,6,4,0,0,1,0,1,0,0,5.16266E+20,5.3722E+21,9.2202E+15,4.85027E+16
152354,8.17063E+18,8,4,16,41,2017,6,14,6,3,6,1,0,1,1,0,0,0,0,5.03598E+20,5.37418E+21,9.04872E+15,4.85207E+16
152355,8.17063E+18,8,4,15,59,2017,6,14,6,3,3,6,0,1,0,1,0,0,0,5.16747E+20,5.3679E+21,9.22654E+15,4.8464E+16
152356,8.17063E+18,8,4,15,59,2017,6,20,6,3,0,1,1,0,0,0,0,0,0,5.17018E+20,5.36924E+21,9.23027E+15,4.8476E+16
152357,8.17063E+18,8,3,37,65,2017,6,15,6,3,6,7,0,1,1,0,0,0,0,4.47387E+20,5.27547E+21,8.29967E+15,4.76305E+16
152358,8.17063E+18,8,3,35,75,2017,6,16,6,3,5,3,0,1,0,0,0,0,0,4.90431E+20,5.28885E+21,8.87233E+15,4.77529E+16
152359,8.17063E+18,8,3,35,63,2017,6,16,6,3,3,7,1,0,0,0,0,0,0,4.97612E+20,5.28802E+21,8.96815E+15,4.77456E+16
152360,8.17063E+18,8,3,35,43,2017,6,15,6,3,5,3,1,1,0,0,0,0,0,5.11829E+20,5.27982E+21,9.15758E+15,4.76716E+16
152361,8.17063E+18,8,3,27,50,2017,6,7,6,3,0,1,1,0,0,0,0,0,0,4.86823E+20,5.3156E+21,8.82337E+15,4.79935E+16
152362,8.17063E+18,8,3,17,96,2017,6,22,6,3,1,1,0,1,0,0,1,2,0,4.22281E+20,5.36812E+21,7.94871E+15,4.84614E+16
152363,8.17063E+18,8,3,17,89,2017,6,10,6,3,0,7,1,0,0,0,0,0,0,4.31836E+20,5.37571E+21,8.0767E+15,4.85308E+16
152364,8.17063E+18,8,3,17,68,2017,6,16,6,2,0,1,1,0,0,0,0,0,0,4.36165E+20,5.38904E+21,8.13329E+15,4.86512E+16
152365,8.17063E+18,8,3,17,89,2017,6,14,6,3,0,1,1,0,0,0,0,0,0,4.2884E+20,5.37874E+21,8.03561E+15,4.85577E+16
152366,8.17063E+18,8,3,11,0,2017,6,7,6,3,4,6,0,1,0,0,0,0,0,4.15011E+20,5.31845E+21,7.86035E+15,4.80137E+16
152367,8.17063E+18,8,3,11,0,2017,6,8,6,3,5,3,0,0,0,1,1,0,0,4.11769E+20,5.32112E+21,7.81635E+15,4.80372E+16
152368,8.17063E+18,8,3,11,0,2017,6,16,6,3,4,2,0,1,0,1,0,0,0,4.14361E+20,5.31723E+21,7.85189E+15,4.80026E+16
152369,8.17063E+18,8,1,11,0,2017,6,15,6,3,1,5,1,1,0,0,0,0,0,5.12478E+20,5.40871E+21,9.17003E+15,4.88313E+16
152370,8.17063E+18,8,1,16,49,2017,6,12,6,3,0,1,1,0,0,0,0,0,0,5.24743E+20,5.3854E+21,9.33575E+15,4.86212E+16
152371,8.17063E+18,8,2,22,0,2017,6,19,6,3,0,7,1,1,0,0,0,0,0,4.61585E+20,5.48128E+21,8.46964E+15,4.9483E+16
152372,8.17063E+18,8,4,36,64,2017,6,15,5,3,2,6,0,1,0,0,1,0,0,5.46153E+20,5.29256E+21,9.61615E+15,4.77848E+16
152373,8.17063E+18,8,1,15,45,2017,6,7,6,3,1,5,1,1,0,0,0,0,0,4.97632E+20,5.39644E+21,8.9678E+15,4.8721E+16
152374,8.17063E+18,8,2,16,43,2017,6,13,6,3,0,7,1,1,0,0,0,0,0,4.42383E+20,5.41267E+21,8.21439E+15,4.88643E+16
152375,8.17063E+18,8,2,31,0,2017,6,14,6,3,0,7,1,1,0,0,0,0,0,4.80862E+20,5.4173E+21,8.73883E+15,4.89084E+16
152376,8.17063E+18,8,2,12,0,2017,6,17,6,3,5,7,1,1,0,0,0,0,0,4.55637E+20,5.43096E+21,8.39311E+15,4.90299E+16
152377,8.17071E+18,8,3,11,0,2017,7,13,2,3,0,7,1,0,0,0,0,0,0,4.12693E+20,5.3149E+21,7.83001E+15,4.79815E+16
152378,8.17071E+18,8,3,11,0,2017,7,22,2,3,5,3,1,1,0,0,0,2,1,4.14033E+20,5.31794E+21,7.84735E+15,4.8009E+16
152379,8.17071E+18,8,3,11,0,2017,7,20,2,3,4,6,1,1,0,0,0,0,0,4.13289E+20,5.31652E+21,7.83767E+15,4.79961E+16
152380,8.17071E+18,8,3,11,0,2017,7,8,2,3,6,4,0,0,1,0,1,0,0,4.1046E+20,5.31504E+21,7.80006E+15,4.79824E+16
152381,8.17071E+18,8,3,11,0,2017,7,16,2,3,5,1,0,1,0,0,0,0,1,4.10585E+20,5.31774E+21,7.80116E+15,4.80067E+16
152382,8.17071E+18,8,3,36,50,2017,7,17,2,3,5,3,0,1,0,1,0,0,0,3.99354E+20,5.27345E+21,7.66091E+15,4.76066E+16
152383,8.17071E+18,8,2,35,33,2017,7,8,2,3,5,3,0,1,0,0,0,0,0,4.55519E+20,5.40896E+21,8.3939E+15,4.8832E+16
152384,8.17071E+18,8,2,15,17,2017,7,14,2,3,5,2,1,1,0,0,0,0,0,4.54786E+20,5.42155E+21,8.38252E+15,4.89452E+16
152385,8.17071E+18,8,2,36,71,2017,7,8,2,3,0,7,0,1,0,0,0,0,1,4.68777E+20,5.42272E+21,8.57349E+15,4.89566E+16
152386,8.17071E+18,8,2,26,58,2017,7,10,2,3,5,3,0,1,0,0,0,0,1,4.91896E+20,5.46254E+21,8.88849E+15,4.93155E+16
152387,8.17071E+18,8,2,22,0,2017,7,16,2,3,1,7,1,1,0,0,0,0,1,4.62439E+20,5.48961E+21,8.48064E+15,4.95579E+16
152388,8.17071E+18,8,2,22,0,2017,7,5,2,3,5,2,0,1,0,0,0,0,0,4.63189E+20,5.48071E+21,8.49185E+15,4.94779E+16
152389,8.17071E+18,8,2,22,0,2017,7,10,2,2,5,3,1,1,0,0,0,0,0,4.61924E+20,5.48014E+21,8.47444E+15,4.94728E+16
152390,8.17071E+18,8,2,21,0,2017,7,10,2,2,5,3,0,1,0,0,0,0,0,4.74984E+20,5.47357E+21,8.65511E+15,4.94143E+16
152391,8.17071E+18,8,2,26,49,2017,7,12,2,2,0,7,1,0,0,0,1,0,0,4.86527E+20,5.46312E+21,8.81461E+15,4.93207E+16
152392,8.17071E+18,8,2,16,41,2017,7,12,2,3,2,6,0,1,0,0,0,0,0,4.34276E+20,5.39127E+21,8.10728E+15,4.86711E+16
152393,8.17071E+18,8,1,36,44,2017,7,13,2,3,5,3,0,1,0,0,0,0,0,5.58301E+20,5.40769E+21,9.79423E+15,4.88194E+16
152394,8.17071E+18,8,1,36,88,2017,7,19,2,3,0,1,1,0,0,0,0,0,0,5.7868E+20,5.40931E+21,1.00721E+16,4.88318E+16
152395,8.17071E+18,8,1,36,88,2017,7,14,2,3,6,4,0,1,1,0,0,0,0,5.80022E+20,5.41004E+21,1.00905E+16,4.88381E+16
152396,8.17071E+18,8,1,36,42,2017,7,23,2,2,0,1,0,0,0,1,0,2,0,5.49918E+20,5.40495E+21,9.6797E+15,4.87956E+16
152397,8.17071E+18,8,1,28,131,2017,7,14,2,2,2,6,0,0,0,0,1,0,1,5.3648E+20,5.51122E+21,9.50643E+15,4.97524E+16
152398,8.17071E+18,8,1,26,66,2017,7,17,2,3,5,3,0,1,0,0,0,0,0,5.34987E+20,5.44843E+21,9.48014E+15,4.91877E+16
152399,8.17071E+18,8,1,21,0,2017,7,11,2,2,9,1,0,1,0,0,0,0,1,5.20796E+20,5.44072E+21,9.28501E+15,4.9119E+16
152400,8.17071E+18,8,3,17,96,2017,7,13,2,2,5,2,0,1,0,1,0,0,0,4.22958E+20,5.37016E+21,7.95749E+15,4.84798E+16
152401,8.17071E+18,8,1,25,5,2017,7,17,2,3,3,1,0,0,0,1,0,0,0,5.1549E+20,5.45415E+21,9.2128E+15,4.92399E+16
152402,8.17071E+18,8,3,11,0,2017,7,14,2,3,1,5,1,1,0,0,0,0,1,4.13355E+20,5.31651E+21,7.83854E+15,4.7996E+16
152403,8.17071E+18,8,3,11,0,2017,7,10,2,2,0,2,1,1,0,0,0,0,0,4.14632E+20,5.31689E+21,7.85559E+15,4.79996E+16
152404,8.17071E+18,8,1,21,0,2017,7,15,2,3,6,7,0,1,1,0,0,0,0,5.16206E+20,5.44397E+21,9.22223E+15,4.91483E+16
152405,8.17071E+18,8,1,17,30,2017,7,18,2,3,1,5,0,1,0,0,0,0,0,5.47414E+20,5.38984E+21,9.64387E+15,4.86598E+16
152406,8.17071E+18,8,1,17,24,2017,7,17,2,3,0,3,1,1,0,0,0,0,0,5.61102E+20,5.38582E+21,9.82914E+15,4.86224E+16
152407,8.17071E+18,8,1,16,19,2017,7,6,2,3,4,6,0,1,0,0,0,0,1,5.20736E+20,5.39785E+21,9.282E+15,4.87333E+16
152408,8.17071E+18,8,1,16,77,2017,7,18,2,3,6,4,0,1,1,0,0,0,0,5.1817E+20,5.38835E+21,9.24669E+15,4.8648E+16
152409,8.17071E+18,8,1,15,2,2017,7,14,2,3,0,1,1,0,0,0,0,0,0,4.99592E+20,5.38672E+21,8.99446E+15,4.86335E+16
152410,8.17071E+18,8,1,11,0,2017,7,18,2,3,5,3,1,1,0,0,0,0,0,5.13628E+20,5.40942E+21,9.18572E+15,4.88376E+16
152411,8.17071E+18,8,1,11,0,2017,7,16,2,3,2,6,0,1,0,0,0,0,0,5.14396E+20,5.40804E+21,9.19613E+15,4.88251E+16
152412,8.17071E+18,8,1,11,0,2017,7,10,2,3,5,3,1,1,0,0,0,0,0,5.12802E+20,5.40875E+21,9.17444E+15,4.88316E+16
152413,8.17071E+18,8,4,36,64,2017,7,12,1,2,0,1,1,0,0,0,0,0,1,5.46198E+20,5.29146E+21,9.61664E+15,4.77749E+16
152414,8.17071E+18,8,4,35,57,2017,7,15,1,2,0,1,1,1,0,0,0,0,0,5.47931E+20,5.28311E+21,9.63884E+15,4.76996E+16
152415,8.17071E+18,8,4,15,61,2017,7,12,1,3,3,6,1,1,0,0,0,0,0,5.10172E+20,5.36922E+21,9.13763E+15,4.8476E+16
152416,8.17071E+18,8,3,36,91,2017,7,18,1,3,5,3,0,1,0,0,0,0,0,3.95856E+20,5.27218E+21,7.61469E+15,4.75946E+16
152417,8.17071E+18,8,3,36,50,2017,7,10,1,3,3,5,1,1,0,0,0,0,1,4.00441E+20,5.27499E+21,7.67502E+15,4.76207E+16
152418,8.17071E+18,8,3,35,43,2017,7,17,1,3,3,2,1,1,0,0,0,0,1,5.1333E+20,5.27877E+21,9.17754E+15,4.76622E+16
152419,8.17071E+18,8,3,35,43,2017,7,23,1,3,0,1,1,0,0,0,0,2,1,5.12295E+20,5.27956E+21,9.16378E+15,4.76693E+16
152420,8.17071E+18,8,3,35,43,2017,7,4,1,3,9,7,1,0,0,0,0,2,0,5.12948E+20,5.27865E+21,9.17245E+15,4.76611E+16
152421,8.17071E+18,8,3,27,50,2017,7,17,1,3,0,7,0,1,0,0,1,0,0,4.86113E+20,5.31433E+21,8.8139E+15,4.79822E+16
152422,8.17071E+18,8,3,17,57,2017,7,15,1,3,1,5,1,1,0,0,0,0,0,4.13642E+20,5.37926E+21,7.82957E+15,4.85605E+16
152423,8.17071E+18,8,3,16,12,2017,7,19,1,2,6,4,0,1,1,0,0,0,0,4.00065E+20,5.33103E+21,7.65706E+15,4.81246E+16
152424,8.17071E+18,8,2,12,0,2017,7,13,1,2,5,3,1,0,0,0,0,0,0,4.55244E+20,5.42813E+21,8.38804E+15,4.90044E+16
152425,8.17071E+18,8,2,36,76,2017,7,2,1,2,8,1,0,0,0,1,0,2,0,4.73838E+20,5.42355E+21,8.64258E+15,4.89643E+16
152426,8.17071E+18,8,2,22,0,2017,7,11,1,2,3,6,1,1,0,0,1,0,0,4.66269E+20,5.47744E+21,8.53463E+15,4.94487E+16
152427,8.17071E+18,8,2,15,97,2017,7,14,1,3,5,3,0,1,0,1,0,0,0,4.83591E+20,5.44218E+21,8.77506E+15,4.91323E+16
152428,8.17071E+18,8,2,15,105,2017,7,1,1,3,1,5,1,1,0,0,0,2,0,4.57285E+20,5.44261E+21,8.41443E+15,4.91348E+16
152429,8.17071E+18,8,2,15,17,2017,7,11,1,3,8,1,0,0,0,0,1,0,0,4.5485E+20,5.42182E+21,8.38336E+15,4.89476E+16
152430,8.17071E+18,8,2,25,58,2017,7,17,1,2,4,2,0,1,0,1,0,0,0,5.08388E+20,5.46697E+21,9.11551E+15,4.93554E+16
152431,8.17071E+18,8,1,17,24,2017,7,20,1,2,5,3,1,1,0,0,0,1,0,5.61971E+20,5.38601E+21,9.84096E+15,4.8624E+16
152432,8.17071E+18,8,1,16,35,2017,7,7,1,3,1,7,0,1,0,0,0,0,0,5.2713E+20,5.3926E+21,9.36861E+15,4.86858E+16
152433,8.17071E+18,8,1,16,36,2017,7,17,1,3,5,3,1,1,0,0,0,0,1,5.2452E+20,5.37835E+21,9.33231E+15,4.85578E+16
152434,8.17071E+18,8,1,15,28,2017,7,8,1,3,5,3,1,1,0,0,0,0,1,5.00714E+20,5.40732E+21,9.00972E+15,4.88188E+16
152435,8.17071E+18,8,1,15,3,2017,7,17,1,3,5,3,0,1,0,1,0,0,0,5.00761E+20,5.39289E+21,9.01034E+15,4.8689E+16
152436,8.17071E+18,8,1,11,0,2017,7,13,1,3,5,3,0,1,0,1,0,0,0,5.12533E+20,5.40123E+21,9.17055E+15,4.8764E+16
152437,8.17071E+18,8,1,11,0,2017,7,15,1,3,2,6,1,1,0,0,0,0,0,5.16199E+20,5.40815E+21,9.22071E+15,4.88261E+16
152438,8.17071E+18,8,1,11,0,2017,7,13,1,2,0,1,1,0,0,0,0,0,0,5.15533E+20,5.40357E+21,9.21146E+15,4.8785E+16
152439,8.17071E+18,8,4,35,29,2017,7,7,7,2,5,3,1,1,0,0,0,0,0,5.45061E+20,5.27072E+21,9.59932E+15,4.75883E+16
152440,8.17071E+18,8,4,36,64,2017,7,12,7,3,1,5,1,1,0,0,0,0,0,5.45879E+20,5.29289E+21,9.61253E+15,4.77878E+16
152441,8.17071E+18,8,4,21,0,2017,7,20,7,3,6,4,0,1,1,0,0,1,0,5.71095E+20,5.35963E+21,9.96026E+15,4.83858E+16
152442,8.17071E+18,8,3,37,126,2017,7,5,7,2,0,7,1,0,0,0,0,0,0,4.38098E+20,5.27408E+21,8.17624E+15,4.76172E+16
152443,8.17071E+18,8,3,36,50,2017,7,22,7,3,8,1,0,1,0,0,0,2,0,3.97902E+20,5.27257E+21,7.64181E+15,4.75985E+16
152444,8.17071E+18,8,3,35,25,2017,7,12,7,3,0,7,1,0,0,0,0,0,0,4.9999E+20,5.28194E+21,8.99987E+15,4.76908E+16
152445,8.17071E+18,8,3,35,43,2017,7,19,7,3,1,5,1,1,0,0,0,0,1,5.1134E+20,5.28066E+21,9.15108E+15,4.76793E+16
152446,8.17071E+18,8,3,17,39,2017,7,20,7,2,8,7,1,0,0,0,0,1,0,4.41586E+20,5.34481E+21,8.21306E+15,4.82538E+16
152447,8.17071E+18,8,3,11,0,2017,7,0,7,2,5,3,0,1,0,0,0,2,0,4.11907E+20,5.31522E+21,7.8194E+15,4.79842E+16
152448,8.17071E+18,8,3,11,0,2017,7,14,7,3,6,7,0,1,1,0,0,0,0,4.15373E+20,5.31555E+21,7.86579E+15,4.79876E+16
152449,8.17071E+18,8,3,15,47,2017,7,11,7,3,5,3,0,1,0,0,0,0,0,4.15311E+20,5.3209E+21,7.86389E+15,4.80358E+16
152450,8.17071E+18,8,2,35,79,2017,7,9,7,3,4,2,0,1,0,0,0,0,0,4.67062E+20,5.40037E+21,8.55187E+15,4.87555E+16
152451,8.17071E+18,8,2,26,85,2017,7,22,7,3,5,2,0,1,0,0,0,2,0,4.91983E+20,5.45449E+21,8.88986E+15,4.92431E+16
152452,8.17071E+18,8,2,22,0,2017,7,17,7,2,6,4,0,1,1,0,0,0,0,4.61529E+20,5.48115E+21,8.46889E+15,4.94818E+16
152453,8.17071E+18,8,2,22,0,2017,7,22,7,3,0,7,0,0,0,1,0,2,0,4.61715E+20,5.48147E+21,8.47142E+15,4.94846E+16
152454,8.17071E+18,8,2,26,18,2017,7,7,7,3,5,3,1,1,0,0,0,0,0,4.73292E+20,5.47194E+21,8.63189E+15,4.93995E+16
152455,8.17071E+18,8,2,16,43,2017,7,2,7,2,3,7,1,0,0,0,0,2,0,4.38039E+20,5.41515E+21,8.15479E+15,4.88862E+16
152456,8.17071E+18,8,2,15,89,2017,7,21,7,3,5,3,0,1,0,1,0,2,0,4.70744E+20,5.43238E+21,8.59966E+15,4.90436E+16
152457,8.17071E+18,8,2,15,47,2017,7,9,7,2,6,7,0,1,1,0,0,0,0,4.60522E+20,5.41214E+21,8.46175E+15,4.8861E+16
152458,8.17071E+18,8,2,12,0,2017,7,11,7,3,2,2,1,1,0,0,0,0,0,4.53127E+20,5.42913E+21,8.35898E+15,4.90133E+16
152459,8.17071E+18,8,1,36,7,2017,7,18,7,3,9,1,0,1,0,0,0,0,0,5.72792E+20,5.40077E+21,9.99038E+15,4.87557E+16
152460,8.17071E+18,8,1,36,19,2017,7,1,7,3,6,7,0,1,1,0,0,2,0,5.83113E+20,5.42259E+21,1.01352E+16,4.89507E+16
152461,8.17071E+18,8,1,21,0,2017,7,16,7,3,5,3,0,1,0,1,0,0,0,5.1599E+20,5.44095E+21,9.21915E+15,4.91212E+16
152462,8.17071E+18,8,1,17,28,2017,7,7,7,3,0,1,1,0,0,0,0,0,0,5.47205E+20,5.38267E+21,9.64022E+15,4.85953E+16
152463,8.17071E+18,8,1,16,33,2017,7,23,7,3,0,5,1,0,0,0,0,2,0,5.33445E+20,5.3887E+21,9.45409E+15,4.86505E+16
152464,8.17071E+18,8,1,15,29,2017,7,2,7,3,2,6,1,0,0,0,1,2,0,4.98015E+20,5.3985E+21,8.97301E+15,4.87395E+16
152465,8.17071E+18,8,1,11,0,2017,7,14,7,2,5,3,1,1,0,0,0,0,0,5.10372E+20,5.40208E+21,9.14116E+15,4.87716E+16
152466,8.17071E+18,8,1,11,0,2017,7,14,7,3,2,6,0,1,0,0,0,0,0,5.09578E+20,5.39662E+21,9.13023E+15,4.87225E+16
152467,8.17071E+18,8,1,11,0,2017,7,15,7,3,7,7,1,0,0,0,0,0,0,5.10225E+20,5.39764E+21,9.13905E+15,4.87317E+16
152468,8.17071E+18,8,1,11,0,2017,7,16,7,3,5,2,0,1,0,0,1,0,0,5.13349E+20,5.40334E+21,9.18171E+15,4.8783E+16
152469,8.17071E+18,8,4,35,59,2017,7,10,6,3,5,2,1,1,0,0,0,0,0,5.12727E+20,5.28993E+21,9.16983E+15,4.77626E+16
152470,8.17071E+18,8,4,35,16,2017,7,12,6,3,5,3,1,1,0,0,0,0,0,5.36891E+20,5.27807E+21,9.49128E+15,4.7655E+16
152471,8.17071E+18,8,4,26,70,2017,7,10,6,3,0,7,0,1,0,0,1,0,0,5.64858E+20,5.34283E+21,9.87345E+15,4.82354E+16
152472,8.17071E+18,8,4,25,39,2017,7,7,6,3,5,3,1,1,0,0,0,0,0,5.67004E+20,5.35076E+21,9.9036E+15,4.83064E+16
152473,8.17071E+18,8,4,17,79,2017,7,17,6,3,0,2,0,1,0,1,0,0,0,4.97288E+20,5.34485E+21,8.96347E+15,4.82568E+16