OBJECTID,UIDENTSTLA,ULAND,UREGBEZ,UKREIS,UGEMEINDE,UJAHR,UMONAT,USTUNDE,UWOCHENTAG,UKATEGORIE,UART,UTYP1,IstRad,IstPKW,IstFuss,IstKrad,IstSonstig,LICHT,STRZUSTAND,LINREFX,LINREFY,XGCSWGS84,YGCSWGS84
152646,8.17071E+18,8,3,36,50,2017,7,17,6,3,2,6,0,1,0,0,1,0,0,3.98712E+20,5.27314E+21,7.65244E+15,4.76037E+16
152647,8.17071E+18,8,3,36,50,2017,7,7,6,2,0,1,0,0,0,1,0,0,0,3.98628E+20,5.27453E+21,7.65101E+15,4.76162E+16
152648,8.17071E+18,8,2,12,0,2017,7,10,6,3,5,2,0,1,0,0,0,0,0,4.57103E+20,5.43003E+21,8.41327E+15,4.90216E+16
152649,8.17071E+18,8,2,37,40,2017,7,11,6,3,0,1,1,0,0,0,0,0,1,4.7789E+20,5.36488E+21,8.70107E+15,4.84367E+16
152650,8.17071E+18,8,4,35,57,2017,7,16,6,3,0,1,1,0,0,0,0,0,0,5.44076E+20,5.28075E+21,9.58723E+15,4.76786E+16
152651,8.17071E+18,8,2,35,85,2017,7,9,6,3,2,6,0,1,0,0,0,0,0,4.82287E+20,5.39498E+21,8.75924E+15,4.87076E+16
152652,8.17071E+18,8,4,35,30,2017,7,12,6,3,0,1,1,0,0,0,0,0,1,5.40494E+20,5.27203E+21,9.53871E+15,4.76004E+16
152653,8.17071E+18,8,4,26,21,2017,7,15,6,2,6,7,0,1,1,0,0,0,0,5.58527E+20,5.32727E+21,9.78605E+15,4.8096E+16
152654,8.17071E+18,8,4,17,31,2017,7,13,6,3,0,1,0,0,0,1,0,0,1,4.97091E+20,5.35524E+21,8.96074E+15,4.83504E+16
152655,8.17071E+18,8,2,31,0,2017,7,15,6,2,4,7,1,0,0,0,0,0,0,4.80914E+20,5.41696E+21,8.73955E+15,4.89053E+16
152656,8.17071E+18,8,2,31,0,2017,7,15,6,3,1,6,0,1,0,0,0,0,0,4.75073E+20,5.41446E+21,8.66E+15,4.88826E+16
152657,8.17071E+18,8,2,26,40,2017,7,17,6,3,5,3,1,1,0,0,0,0,0,4.75001E+20,5.4956E+21,8.65395E+15,4.96124E+16
152658,8.17071E+18,8,2,22,0,2017,7,18,6,3,1,6,0,1,0,0,0,0,0,4.62563E+20,5.47812E+21,8.48345E+15,4.94546E+16
152659,8.17071E+18,8,4,17,79,2017,7,12,6,3,2,2,0,1,0,1,0,0,0,5.02088E+20,5.34105E+21,9.02811E+15,4.82227E+16
152660,8.17071E+18,8,2,22,0,2017,7,11,6,3,6,4,0,1,1,0,0,0,0,4.60992E+20,5.48191E+21,8.46139E+15,4.94886E+16
152661,8.17071E+18,8,2,21,0,2017,7,20,6,3,4,6,1,1,0,0,0,0,0,4.77481E+20,5.4697E+21,8.68976E+15,4.93796E+16
152662,8.17071E+18,8,2,21,0,2017,7,16,6,2,5,3,1,1,0,0,0,0,0,4.77022E+20,5.47245E+21,8.68328E+15,4.94043E+16
152663,8.17071E+18,8,2,21,0,2017,7,13,6,3,5,3,0,1,0,0,0,0,0,4.77177E+20,5.47167E+21,8.68545E+15,4.93973E+16
152664,8.17071E+18,8,2,26,81,2017,7,14,6,2,0,6,0,1,0,1,0,0,0,4.9817E+20,5.47182E+21,8.97477E+15,4.93991E+16
152665,8.17071E+18,8,2,15,9,2017,7,20,6,2,0,1,0,0,0,1,0,0,0,4.70662E+20,5.44093E+21,8.59792E+15,4.91205E+16
152666,8.17071E+18,8,2,15,97,2017,7,21,6,3,5,3,0,1,0,0,0,1,1,4.81216E+20,5.4395E+21,8.74263E+15,4.91081E+16
152667,8.17071E+18,8,2,12,0,2017,7,15,6,3,5,3,0,1,0,0,0,0,0,4.58372E+20,5.43083E+21,8.43053E+15,4.9029E+16
152668,8.17071E+18,8,2,12,0,2017,7,17,6,3,5,3,1,1,0,0,0,0,0,4.53504E+20,5.42893E+21,8.36416E+15,4.90115E+16
152669,8.17071E+18,8,2,12,0,2017,7,12,6,2,3,6,1,0,0,0,0,0,0,4.55789E+20,5.4264E+21,8.39568E+15,4.89889E+16
152670,8.17071E+18,8,2,12,0,2017,7,7,6,3,5,2,1,1,0,0,0,0,0,4.54982E+20,5.42656E+21,8.38463E+15,4.89903E+16
152671,8.17071E+18,8,1,35,19,2017,7,16,6,3,6,4,0,1,1,0,0,0,0,5.8408E+20,5.39203E+21,1.01421E+16,4.86756E+16
152672,8.17071E+18,8,1,28,131,2017,7,8,6,3,5,3,0,1,0,0,1,0,0,5.40763E+20,5.51442E+21,9.56622E+15,4.97809E+16
152673,8.17071E+18,8,1,19,91,2017,7,6,6,3,5,3,1,1,0,0,0,0,0,5.28462E+20,5.40586E+21,9.38762E+15,4.8805E+16
152674,8.17071E+18,8,1,19,84,2017,7,9,6,3,1,3,1,1,0,0,0,0,0,5.46197E+20,5.41326E+21,9.62997E+15,4.88706E+16
152675,8.17071E+18,8,1,19,55,2017,7,14,6,3,5,3,1,0,0,0,0,0,0,5.43491E+20,5.40463E+21,9.59216E+15,4.87931E+16
152676,8.17071E+18,8,1,19,20,2017,7,15,6,3,6,4,0,1,1,0,0,0,0,5.19856E+20,5.40676E+21,9.27046E+15,4.88135E+16
152677,8.17071E+18,8,1,19,69,2017,7,16,6,3,8,1,0,0,0,1,0,0,0,5.30209E+20,5.43129E+21,9.41329E+15,4.90337E+16
152678,8.17071E+18,8,1,18,50,2017,7,22,6,2,0,7,1,0,0,0,0,2,0,5.07253E+20,5.41685E+21,9.09897E+15,4.89046E+16
152679,8.17071E+18,8,1,18,79,2017,7,22,6,3,5,3,0,1,0,0,0,2,1,5.10079E+20,5.42253E+21,9.13767E+15,4.89556E+16
152680,8.17071E+18,8,1,17,37,2017,7,0,6,2,0,1,1,0,0,0,0,2,0,5.54732E+20,5.39768E+21,9.74427E+15,4.87298E+16
152681,8.17071E+18,8,1,17,19,2017,7,15,6,3,5,3,0,0,0,1,1,0,0,5.52762E+20,5.39431E+21,9.71706E+15,4.86996E+16
152682,8.17071E+18,8,1,16,49,2017,7,18,6,3,3,6,0,1,0,1,0,0,1,5.24746E+20,5.38589E+21,9.33581E+15,4.86256E+16
152683,8.17071E+18,8,1,16,80,2017,7,13,6,3,5,3,0,1,0,0,1,0,0,5.21664E+20,5.39562E+21,9.29451E+15,4.87132E+16
152684,8.17071E+18,8,1,16,80,2017,7,12,6,3,0,7,1,0,0,0,0,0,0,5.22168E+20,5.39649E+21,9.30139E+15,4.8721E+16
152685,8.17071E+18,8,1,16,47,2017,7,16,6,3,5,2,0,1,0,0,1,0,0,5.19407E+20,5.39236E+21,9.26367E+15,4.86839E+16
152686,8.17071E+18,8,1,11,0,2017,7,12,6,3,5,2,1,1,0,0,0,0,0,5.1092E+20,5.39742E+21,9.1485E+15,4.87297E+16
152687,8.17071E+18,8,1,11,0,2017,7,15,6,3,5,3,0,1,0,1,0,0,0,5.1612E+20,5.40626E+21,9.21955E+15,4.88091E+16
152688,8.17071E+18,8,1,11,0,2017,7,20,6,3,8,1,0,1,0,0,0,0,0,5.15499E+20,5.40766E+21,9.21115E+15,4.88217E+16
152689,8.17071E+18,8,1,11,0,2017,7,18,6,3,5,2,1,1,0,0,0,0,0,5.1263E+20,5.40103E+21,9.17186E+15,4.87622E+16
152690,8.17071E+18,8,1,11,0,2017,7,17,6,3,5,3,0,1,0,1,0,0,1,5.1573E+20,5.40688E+21,9.21427E+15,4.88147E+16
152691,8.17071E+18,8,1,11,0,2017,7,7,6,2,0,1,1,0,0,0,0,0,0,5.12734E+20,5.3996E+21,9.17324E+15,4.87493E+16
152692,8.17071E+18,8,4,36,82,2017,7,14,5,3,5,3,1,1,0,0,0,0,0,5.48412E+20,5.29503E+21,9.64659E+15,4.78068E+16
152693,8.17071E+18,8,4,37,76,2017,7,17,5,3,5,3,1,0,0,0,0,0,0,5.24541E+20,5.32192E+21,9.3293E+15,4.80501E+16
152694,8.17071E+18,8,4,21,0,2017,7,10,5,3,1,6,0,1,0,1,0,0,0,5.72568E+20,5.36194E+21,9.98056E+15,4.84065E+16
152695,8.17071E+18,8,4,16,41,2017,7,16,5,3,3,6,1,1,0,0,0,0,0,5.0403E+20,5.37444E+21,9.05458E+15,4.85231E+16
152696,8.17071E+18,8,4,16,31,2017,7,6,5,1,4,6,0,1,0,0,0,0,0,5.03168E+20,5.36214E+21,9.04281E+15,4.84124E+16
152697,8.17071E+18,8,4,16,41,2017,7,9,5,3,6,4,0,1,1,0,0,0,0,5.04137E+20,5.37233E+21,9.056E+15,4.85041E+16
152698,8.17071E+18,8,4,15,61,2017,7,6,5,3,8,1,0,0,0,1,0,1,0,5.14069E+20,5.374E+21,9.19052E+15,4.8519E+16
152699,8.17071E+18,8,3,36,81,2017,7,17,5,3,3,6,1,0,0,0,1,0,0,4.10823E+20,5.27781E+21,7.81258E+15,4.76475E+16
152700,8.17071E+18,8,3,35,66,2017,7,17,5,3,5,2,1,0,0,0,0,0,0,5.05864E+20,5.28158E+21,9.07813E+15,4.76876E+16
152701,8.17071E+18,8,3,35,43,2017,7,13,5,3,5,2,1,1,0,1,0,0,0,5.13447E+20,5.27984E+21,9.17913E+15,4.76718E+16
152702,8.17071E+18,8,3,26,3,2017,7,18,5,3,5,3,0,1,0,1,0,0,0,4.65212E+20,5.32011E+21,8.53335E+15,4.80333E+16
152703,8.17071E+18,8,3,26,12,2017,7,10,5,3,5,3,0,1,0,0,0,0,0,4.62638E+20,5.30948E+21,8.49975E+15,4.79376E+16
152704,8.17071E+18,8,3,16,37,2017,7,19,5,2,0,3,1,1,0,0,0,0,0,4.07169E+20,5.33389E+21,7.75187E+15,4.81515E+16
152705,8.17071E+18,8,3,11,0,2017,7,18,5,3,2,6,0,1,0,0,0,0,0,4.14202E+20,5.31568E+21,7.85006E+15,4.79887E+16
152706,8.17071E+18,8,3,11,0,2017,7,8,5,3,3,6,1,1,0,0,0,0,0,4.12912E+20,5.31446E+21,7.83303E+15,4.79775E+16
152707,8.17071E+18,8,3,11,0,2017,7,12,5,3,2,6,0,1,0,0,0,0,0,4.13096E+20,5.31825E+21,7.83473E+15,4.80116E+16
152708,8.17071E+18,8,3,11,0,2017,7,17,5,3,5,2,1,1,0,0,0,0,0,4.14924E+20,5.31683E+21,7.85951E+15,4.79991E+16
152709,8.17071E+18,8,3,11,0,2017,7,9,5,3,4,1,1,0,0,0,0,0,0,4.13278E+20,5.31766E+21,7.83729E+15,4.80064E+16
152710,8.17071E+18,8,3,11,0,2017,7,7,5,2,5,2,1,0,0,0,1,0,0,4.12608E+20,5.31556E+21,7.82873E+15,4.79874E+16
152711,8.17071E+18,8,3,15,47,2017,7,9,5,2,0,1,1,0,0,0,0,0,0,4.15415E+20,5.32133E+21,7.8652E+15,4.80397E+16
152712,8.17071E+18,8,2,12,0,2017,7,7,5,3,3,6,1,0,0,0,0,0,0,4.5555E+20,5.42654E+21,8.3924E+15,4.89902E+16
152713,8.17071E+18,8,2,12,0,2017,7,10,5,3,1,5,1,1,0,0,0,0,0,4.56424E+20,5.42734E+21,8.40426E+15,4.89975E+16
152714,8.17071E+18,8,2,26,96,2017,7,16,5,3,0,3,1,1,0,0,0,0,0,4.74861E+20,5.48754E+21,8.65253E+15,4.95399E+16
152715,8.17071E+18,8,2,26,85,2017,7,12,5,2,4,3,1,1,0,0,0,0,0,4.91549E+20,5.4555E+21,8.88387E+15,4.92522E+16
152716,8.17071E+18,8,2,26,85,2017,7,13,5,3,5,3,0,1,0,0,0,0,0,4.90613E+20,5.45576E+21,8.871E+15,4.92546E+16
152717,8.17071E+18,8,2,26,37,2017,7,8,5,3,0,1,1,0,0,0,0,0,0,4.66627E+20,5.46875E+21,8.54031E+15,4.93706E+16
152718,8.17071E+18,8,2,26,49,2017,7,7,5,3,3,3,0,1,0,1,0,0,0,4.86776E+20,5.46337E+21,8.81802E+15,4.93229E+16
152719,8.17071E+18,8,2,22,0,2017,7,0,5,3,6,4,1,0,1,0,0,2,0,4.62866E+20,5.48276E+21,8.4872E+15,4.94963E+16
152720,8.17071E+18,8,2,22,0,2017,7,15,5,3,1,3,1,1,0,0,0,0,0,4.6127E+20,5.48322E+21,8.4651E+15,4.95004E+16
152721,8.17071E+18,8,2,22,0,2017,7,15,5,3,5,3,1,1,0,0,0,0,0,4.6221E+20,5.47876E+21,8.47851E+15,4.94603E+16
152722,8.17071E+18,8,2,21,0,2017,7,15,5,3,5,7,1,1,0,0,0,0,0,4.75391E+20,5.47399E+21,8.66069E+15,4.94181E+16
152723,8.17071E+18,8,2,21,0,2017,7,16,5,3,5,2,0,1,0,0,0,0,0,4.77176E+20,5.47167E+21,8.68545E+15,4.93973E+16
152724,8.17071E+18,8,2,26,13,2017,7,17,5,2,6,3,0,1,1,0,0,0,0,4.98834E+20,5.47917E+21,8.9839E+15,4.94651E+16
152725,8.17071E+18,8,2,16,9,2017,7,19,5,3,2,6,0,1,0,0,0,0,0,4.46161E+20,5.42041E+21,8.26488E+15,4.89343E+16
152726,8.17071E+18,8,2,16,43,2017,7,16,5,3,5,3,0,1,0,0,0,0,0,4.42263E+20,5.41277E+21,8.21275E+15,4.88652E+16
152727,8.17071E+18,8,2,15,111,2017,7,19,5,2,5,3,1,1,0,0,0,0,0,4.57906E+20,5.44842E+21,8.42232E+15,4.91872E+16
152728,8.17071E+18,8,2,15,21,2017,7,14,5,3,5,3,0,1,0,1,0,0,0,4.69585E+20,5.44402E+21,8.58293E+15,4.91482E+16
152729,8.17071E+18,8,2,15,9,2017,7,8,5,3,2,6,0,1,0,1,0,0,0,4.69905E+20,5.44093E+21,8.58755E+15,4.91205E+16
152730,8.17071E+18,8,2,15,9,2017,7,17,5,2,2,6,1,0,0,0,0,0,0,4.69426E+20,5.4408E+21,8.581E+15,4.91192E+16
152731,8.17071E+18,8,2,15,84,2017,7,0,5,3,5,3,0,1,0,0,0,2,0,4.72363E+20,5.44786E+21,8.62075E+15,4.9183E+16
152732,8.17071E+18,8,2,15,17,2017,7,13,5,3,5,3,0,1,0,0,1,0,0,4.56386E+20,5.42083E+21,8.40444E+15,4.89389E+16
152733,8.17071E+18,8,2,12,0,2017,7,17,5,3,2,6,1,1,0,0,0,0,0,4.53278E+20,5.42891E+21,8.36108E+15,4.90114E+16
152734,8.17071E+18,8,2,12,0,2017,7,8,5,3,1,5,1,0,0,0,1,0,0,4.55488E+20,5.42834E+21,8.39136E+15,4.90064E+16
152735,8.17071E+18,8,2,12,0,2017,7,18,5,2,5,3,1,1,0,0,0,0,0,4.57896E+20,5.42801E+21,8.42431E+15,4.90036E+16
152736,8.17071E+18,8,2,16,49,2017,7,14,5,2,2,6,1,0,0,0,0,0,0,4.37695E+20,5.40226E+21,8.15206E+15,4.87702E+16
152737,8.17071E+18,8,1,15,1,2017,7,20,5,2,0,7,1,0,0,0,0,1,0,4.9207E+20,5.3906E+21,8.89229E+15,4.86684E+16
152738,8.17071E+18,8,1,35,19,2017,7,8,5,3,2,2,1,1,0,0,0,0,0,5.84754E+20,5.39193E+21,1.01513E+16,4.86746E+16
152739,8.17071E+18,8,1,26,66,2017,7,16,5,3,5,3,0,1,0,0,0,0,0,5.34464E+20,5.4485E+21,9.47297E+15,4.91883E+16
152740,8.17071E+18,8,1,21,0,2017,7,16,5,2,5,3,1,1,0,0,0,0,0,5.16065E+20,5.44227E+21,9.22022E+15,4.91331E+16
152741,8.17071E+18,8,1,19,86,2017,7,16,5,3,4,2,0,1,0,1,0,0,0,5.35121E+20,5.40604E+21,9.47832E+15,4.88064E+16
152742,8.17071E+18,8,1,19,67,2017,7,7,5,3,6,4,0,1,1,0,0,0,0,5.3874E+20,5.40534E+21,9.52754E+15,4.87998E+16
152743,8.17071E+18,8,1,19,20,2017,7,6,5,3,0,1,0,0,0,1,0,0,0,5.19019E+20,5.41004E+21,9.25921E+15,4.88431E+16
152744,8.17071E+18,8,1,18,48,2017,7,13,5,3,3,6,1,1,0,0,0,0,0,5.17562E+20,5.41504E+21,9.23958E+15,4.88881E+16
152745,8.17071E+18,8,1,18,3,2017,7,9,5,2,0,3,1,1,0,0,0,0,0,5.10438E+20,5.41695E+21,9.14243E+15,4.89054E+16
152746,8.17071E+18,8,1,18,51,2017,7,5,5,3,5,3,1,1,0,0,0,0,0,5.10557E+20,5.41526E+21,9.14401E+15,4.88902E+16
152747,8.17071E+18,8,1,18,81,2017,7,16,5,3,6,4,0,1,1,0,0,0,0,5.19132E+20,5.41322E+21,9.2609E+15,4.88717E+16
152748,8.17071E+18,8,1,18,7,2017,7,20,5,3,4,1,1,1,0,0,0,0,0,5.10338E+20,5.42732E+21,9.14133E+15,4.89987E+16
152749,8.17071E+18,8,1,17,24,2017,7,16,5,3,6,4,0,1,1,0,0,0,0,5.60829E+20,5.38631E+21,9.8255E+15,4.86269E+16
152750,8.17071E+18,8,1,16,19,2017,7,15,5,3,2,6,0,1,0,0,0,0,0,5.20481E+20,5.39848E+21,9.27856E+15,4.8739E+16
152751,8.17071E+18,8,1,15,45,2017,7,11,5,3,0,1,1,0,0,0,0,0,0,5.00246E+20,5.39508E+21,9.00335E+15,4.87088E+16
152752,8.17071E+18,8,1,15,28,2017,7,8,5,3,8,1,1,0,0,0,0,0,0,5.00733E+20,5.40487E+21,9.00998E+15,4.87968E+16
152753,8.17071E+18,8,1,15,15,2017,7,16,5,3,5,3,0,1,0,1,0,0,0,4.92691E+20,5.38767E+21,8.90079E+15,4.8642E+16
152754,8.17071E+18,8,1,11,0,2017,7,11,5,3,5,7,1,1,0,0,0,0,0,5.06141E+20,5.40699E+21,9.08365E+15,4.88158E+16
152755,8.17071E+18,8,1,11,0,2017,7,8,5,3,6,6,1,0,1,0,0,0,0,5.17054E+20,5.39905E+21,9.23198E+15,4.87443E+16
152756,8.17071E+18,8,1,11,0,2017,7,16,5,2,6,4,0,1,1,0,0,0,0,5.11738E+20,5.40418E+21,9.15982E+15,4.87905E+16
152757,8.17071E+18,8,1,11,0,2017,7,16,5,2,2,2,0,1,0,1,0,0,0,5.11509E+20,5.40921E+21,9.15684E+15,4.88358E+16
152758,8.17071E+18,8,1,11,0,2017,7,15,5,3,5,3,1,1,0,0,0,0,0,5.16538E+20,5.40309E+21,9.22512E+15,4.87806E+16
152759,8.17071E+18,8,1,11,0,2017,7,14,5,3,2,6,0,1,0,0,0,0,0,5.13495E+20,5.40326E+21,9.18371E+15,4.87822E+16
152760,8.17071E+18,8,1,11,0,2017,7,0,5,3,2,6,0,1,0,0,0,2,0,5.10274E+20,5.39532E+21,9.13966E+15,4.87108E+16
152761,8.17071E+18,8,1,11,0,2017,7,15,5,2,0,1,1,0,0,0,0,0,0,5.1616E+20,5.40038E+21,9.21986E+15,4.87562E+16
152762,8.17071E+18,8,1,11,0,2017,7,16,5,3,1,5,1,1,0,0,0,0,0,5.12016E+20,5.40119E+21,9.16351E+15,4.87636E+16
152763,8.17071E+18,8,4,36,81,2017,7,7,4,3,0,1,1,0,0,0,0,0,1,5.6286E+20,5.28212E+21,9.83767E+15,4.76894E+16
152764,8.17071E+18,8,4,36,64,2017,7,20,4,3,0,7,0,0,0,1,0,0,0,5.47314E+20,5.29336E+21,9.63174E+15,4.77918E+16
152765,8.17071E+18,8,4,26,14,2017,7,9,4,3,6,7,0,1,1,0,0,0,0,5.48773E+20,5.31701E+21,9.65389E+15,4.80045E+16
152766,8.17071E+18,8,4,26,97,2017,7,12,4,3,3,2,1,0,0,0,1,0,0,5.35279E+20,5.33405E+21,9.47439E+15,4.81587E+16
152767,8.17071E+18,8,4,16,41,2017,7,8,4,2,8,7,0,1,0,1,0,0,0,5.0605E+20,5.37317E+21,9.08191E+15,4.85116E+16
152768,8.17071E+18,8,4,16,41,2017,7,16,4,3,5,3,1,1,0,0,0,0,1,4.99161E+20,5.37146E+21,8.98865E+15,4.84963E+16
152769,8.17071E+18,8,4,15,39,2017,7,6,4,3,5,3,0,1,0,0,0,0,0,5.2987E+20,5.37419E+21,9.4045E+15,4.85201E+16
152770,8.17071E+18,8,3,36,50,2017,7,7,4,3,5,2,1,0,0,0,1,0,0,3.99922E+20,5.27434E+21,7.66827E+15,4.76147E+16
152771,8.17071E+18,8,3,35,63,2017,7,15,4,3,6,2,0,0,1,0,1,0,0,4.97306E+20,5.28716E+21,8.96406E+15,4.77379E+16
152772,8.17071E+18,8,3,35,43,2017,7,13,4,3,1,5,1,0,0,0,1,0,0,5.11209E+20,5.28137E+21,9.14936E+15,4.76856E+16
152773,8.17071E+18,8,3,35,43,2017,7,17,4,3,1,6,1,1,0,0,0,0,0,5.13803E+20,5.28017E+21,9.18389E+15,4.76748E+16
152774,8.17071E+18,8,4,36,64,2017,7,7,4,3,5,3,1,1,0,0,0,0,1,5.40153E+20,5.28844E+21,9.53567E+15,4.77481E+16
152775,8.17071E+18,8,3,27,46,2017,7,7,4,3,3,7,1,1,0,0,0,0,0,4.80069E+20,5.32397E+21,8.73246E+15,4.80687E+16
152776,8.17071E+18,8,3,27,50,2017,7,8,4,3,5,3,1,1,0,0,0,0,0,4.86078E+20,5.31392E+21,8.81344E+15,4.79784E+16
152777,8.17071E+18,8,3,17,96,2017,7,15,4,3,2,6,0,1,0,0,1,0,1,4.21318E+20,5.37029E+21,7.93529E+15,4.84808E+16
152778,8.17071E+18,8,3,17,89,2017,7,17,4,3,5,3,0,1,0,0,0,0,0,4.27121E+20,5.37706E+21,8.01261E+15,4.85424E+16
152779,8.17071E+18,8,3,17,1,2017,7,13,4,3,2,6,0,0,0,1,0,0,0,4.32371E+20,5.38739E+21,8.08204E+15,4.86359E+16
152780,8.17071E+18,8,3,11,0,2017,7,18,4,2,5,3,1,0,0,0,1,0,0,4.13622E+20,5.31557E+21,7.84232E+15,4.79876E+16
152781,8.17071E+18,8,3,36,50,2017,7,13,4,3,3,6,1,1,0,0,0,0,0,3.98859E+20,5.27284E+21,7.65447E+15,4.76011E+16
152782,8.17071E+18,8,3,36,105,2017,7,11,4,3,6,4,0,1,1,0,0,0,0,4.01526E+20,5.26663E+21,7.69133E+15,4.75457E+16
152783,8.17071E+18,8,3,11,0,2017,7,12,4,3,6,7,0,0,1,0,1,0,0,4.1298E+20,5.31689E+21,7.83344E+15,4.79994E+16
152784,8.17071E+18,8,3,11,0,2017,7,17,4,3,3,6,1,1,0,0,0,0,0,4.13716E+20,5.31626E+21,7.84344E+15,4.79938E+16
152785,8.17071E+18,8,2,31,0,2017,7,18,4,3,6,4,0,1,1,0,0,0,1,4.75805E+20,5.41503E+21,8.66995E+15,4.88877E+16
152786,8.17071E+18,8,2,36,76,2017,7,5,4,3,5,3,0,1,0,1,0,0,0,4.73933E+20,5.42344E+21,8.64388E+15,4.89633E+16
152787,8.17071E+18,8,2,36,40,2017,7,12,4,3,2,6,0,1,0,0,0,0,0,4.8897E+20,5.42226E+21,8.84934E+15,4.89532E+16
152788,8.17071E+18,8,2,26,96,2017,7,13,4,3,0,4,0,0,1,1,0,0,1,4.76226E+20,5.48869E+21,8.67132E+15,4.95503E+16
152789,8.17071E+18,8,2,26,96,2017,7,19,4,2,5,3,0,1,0,1,0,0,0,4.74125E+20,5.48653E+21,8.64242E+15,4.95309E+16
152790,8.17071E+18,8,2,22,0,2017,7,15,4,3,5,3,0,1,0,1,0,0,1,4.62957E+20,5.47792E+21,8.4889E+15,4.94528E+16
152791,8.17071E+18,8,2,22,0,2017,7,13,4,3,2,6,0,1,0,0,0,0,0,4.60996E+20,5.48153E+21,8.46149E+15,4.94851E+16
152792,8.17071E+18,8,2,26,18,2017,7,21,4,3,5,3,0,1,0,1,0,1,0,4.72959E+20,5.47274E+21,8.62725E+15,4.94067E+16
152793,8.17071E+18,8,2,21,0,2017,7,19,4,3,6,4,1,0,1,0,0,0,0,4.76515E+20,5.47387E+21,8.67621E+15,4.94171E+16
152794,8.17071E+18,8,2,15,17,2017,7,11,4,3,0,1,1,0,0,0,0,0,0,4.56087E+20,5.42113E+21,8.40033E+15,4.89415E+16
152795,8.17071E+18,8,2,15,96,2017,7,22,4,3,5,3,1,1,0,0,0,1,0,4.63268E+20,5.41803E+21,8.49866E+15,4.89141E+16
152796,8.17071E+18,8,1,36,34,2017,7,11,4,3,8,1,0,1,0,0,0,0,0,5.65629E+20,5.40821E+21,9.89412E+15,4.88234E+16
152797,8.17071E+18,8,1,35,16,2017,7,18,4,3,2,6,0,1,0,0,0,0,1,5.90884E+20,5.38582E+21,1.02332E+16,4.86188E+16
152798,8.17071E+18,8,1,27,14,2017,7,12,4,3,0,1,1,0,0,0,0,0,0,5.78749E+20,5.44339E+21,1.00797E+16,4.91383E+16
152799,8.17071E+18,8,1,27,76,2017,7,17,4,3,2,6,0,1,0,0,0,0,0,5.5607E+20,5.44105E+21,9.76844E+15,4.91197E+16
152800,8.17071E+18,8,1,21,0,2017,7,17,4,3,0,7,1,0,0,0,0,0,1,5.15734E+20,5.44509E+21,9.21579E+15,4.91585E+16
152801,8.17071E+18,8,1,21,0,2017,7,18,4,3,3,6,0,1,0,1,0,0,1,5.16068E+20,5.44291E+21,9.2203E+15,4.91388E+16
152802,8.17071E+18,8,1,19,91,2017,7,7,4,2,0,1,1,0,0,0,0,0,0,5.28596E+20,5.40699E+21,9.38953E+15,4.88153E+16
152803,8.17071E+18,8,1,19,20,2017,7,17,4,3,2,6,0,1,0,0,1,0,0,5.20006E+20,5.40627E+21,9.27248E+15,4.88091E+16
152804,8.17071E+18,8,1,18,19,2017,7,17,4,3,0,7,0,1,0,0,0,0,0,5.05618E+20,5.40528E+21,9.0765E+15,4.88005E+16
152805,8.17071E+18,8,1,18,79,2017,7,17,4,3,5,3,1,1,0,0,0,0,1,5.10198E+20,5.42251E+21,9.1393E+15,4.89555E+16
152806,8.17071E+18,8,1,18,79,2017,7,14,4,3,0,7,1,0,0,0,0,0,1,5.09163E+20,5.42333E+21,9.12519E+15,4.89628E+16
152807,8.17071E+18,8,1,16,71,2017,7,14,4,3,5,3,0,1,0,1,0,0,0,5.2858E+20,5.39178E+21,9.38826E+15,4.86784E+16
152808,8.17071E+18,8,1,16,77,2017,7,11,4,3,5,2,0,0,0,1,1,0,0,5.16613E+20,5.39163E+21,9.22567E+15,4.86775E+16
152809,8.17071E+18,8,1,15,45,2017,7,17,4,3,5,3,1,1,0,0,0,0,1,5.00645E+20,5.39356E+21,9.00877E+15,4.86951E+16
152810,8.17071E+18,8,1,15,45,2017,7,13,4,3,2,6,1,1,0,0,0,0,0,5.00366E+20,5.39529E+21,9.00497E+15,4.87106E+16
152811,8.17071E+18,8,1,15,28,2017,7,10,4,3,6,4,0,1,1,0,0,0,0,5.01103E+20,5.40477E+21,9.01502E+15,4.87959E+16
152812,8.17071E+18,8,1,11,0,2017,7,19,4,3,5,2,0,1,0,0,1,0,1,5.12079E+20,5.40268E+21,9.16441E+15,4.8777E+16
152813,8.17071E+18,8,1,11,0,2017,7,15,4,2,5,3,0,1,0,1,0,0,1,5.12245E+20,5.40633E+21,9.16678E+15,4.88099E+16
152814,8.17071E+18,8,1,11,0,2017,7,15,4,3,5,2,1,0,0,0,1,0,0,5.15296E+20,5.40674E+21,9.20834E+15,4.88135E+16
152815,8.17071E+18,8,4,35,16,2017,7,10,3,3,4,2,1,0,0,0,1,0,0,5.34014E+20,5.27834E+21,9.45299E+15,4.76576E+16
152816,8.17071E+18,8,4,35,16,2017,7,16,3,3,5,3,1,0,0,1,0,0,0,5.36685E+20,5.27915E+21,9.48863E+15,4.76647E+16
152817,8.17071E+18,8,4,25,33,2017,7,14,3,3,5,3,1,1,0,0,0,0,0,5.54216E+20,5.34831E+21,9.73085E+15,4.82857E+16
152818,8.17071E+18,8,4,15,61,2017,7,9,3,3,6,4,1,0,1,0,0,0,0,5.12756E+20,5.37169E+21,9.17267E+15,4.84982E+16