OBJECTID,UIDENTSTLA,ULAND,UREGBEZ,UKREIS,UGEMEINDE,UJAHR,UMONAT,USTUNDE,UWOCHENTAG,UKATEGORIE,UART,UTYP1,IstRad,IstPKW,IstFuss,IstKrad,IstSonstig,LICHT,STRZUSTAND,LINREFX,LINREFY,XGCSWGS84,YGCSWGS84
152819,8.17071E+18,8,4,15,50,2017,7,10,3,3,0,1,1,0,0,0,0,0,0,5.21835E+20,5.37589E+21,9.29579E+15,4.85357E+16
152820,8.17071E+18,8,3,36,91,2017,7,16,3,3,5,3,0,1,0,0,0,0,1,3.95699E+20,5.27521E+21,7.61187E+15,4.76219E+16
152821,8.17071E+18,8,3,36,69,2017,7,11,3,3,5,3,0,1,0,0,0,0,0,4.08671E+20,5.26885E+21,7.7858E+15,4.75666E+16
152822,8.17071E+18,8,3,35,75,2017,7,11,3,3,0,7,1,0,0,0,0,0,0,4.88433E+20,5.2899E+21,8.84564E+15,4.77624E+16
152823,8.17071E+18,8,3,35,43,2017,7,9,3,3,2,6,0,1,0,1,0,0,0,5.12134E+20,5.27872E+21,9.16162E+15,4.76618E+16
152824,8.17071E+18,8,3,35,43,2017,7,8,3,3,0,3,0,1,0,1,0,0,0,5.12016E+20,5.28034E+21,9.16008E+15,4.76764E+16
152825,8.17071E+18,8,3,17,96,2017,7,13,3,3,5,3,0,1,0,0,1,0,0,4.21074E+20,5.36899E+21,7.93223E+15,4.84691E+16
152826,8.17071E+18,8,3,17,121,2017,7,19,3,2,4,1,0,1,0,1,0,0,0,4.24144E+20,5.34839E+21,7.97747E+15,4.82842E+16
152827,8.17071E+18,8,3,17,1,2017,7,11,3,3,9,7,0,1,0,0,0,0,1,4.27961E+20,5.3847E+21,8.02266E+15,4.86112E+16
152828,8.17071E+18,8,3,17,1,2017,7,11,3,3,5,3,1,1,0,0,0,0,0,4.31583E+20,5.3864E+21,8.07152E+15,4.86269E+16
152829,8.17071E+18,8,3,17,96,2017,7,8,3,2,5,3,1,1,0,0,0,0,0,4.23337E+20,5.36903E+21,7.96283E+15,4.84697E+16
152830,8.17071E+18,8,3,16,56,2017,7,18,3,3,5,3,1,1,0,0,1,0,0,4.21031E+20,5.32665E+21,7.93955E+15,4.80882E+16
152831,8.17071E+18,8,3,11,0,2017,7,20,3,3,5,1,1,1,0,0,0,0,0,4.11048E+20,5.32221E+21,7.80646E+15,4.8047E+16
152832,8.17071E+18,8,3,11,0,2017,7,14,3,3,0,6,0,0,0,1,1,0,0,4.15333E+20,5.31567E+21,7.86523E+15,4.79887E+16
152833,8.17071E+18,8,3,36,69,2017,7,14,3,3,5,3,0,1,0,1,0,0,1,4.0788E+20,5.26916E+21,7.77522E+15,4.75693E+16
152834,8.17071E+18,8,2,12,0,2017,7,11,3,3,0,7,0,0,0,0,1,0,0,4.55044E+20,5.43014E+21,8.38509E+15,4.90225E+16
152835,8.17071E+18,8,2,12,0,2017,7,8,3,2,5,2,0,1,0,1,0,0,0,4.54091E+20,5.42937E+21,8.37214E+15,4.90155E+16
152836,8.17071E+18,8,2,12,0,2017,7,20,3,2,6,7,0,1,1,0,0,0,1,4.55602E+20,5.43105E+21,8.39262E+15,4.90307E+16
152837,8.17071E+18,8,2,35,20,2017,7,16,3,3,4,2,0,1,0,0,0,0,0,4.76508E+20,5.38238E+21,8.6814E+15,4.8594E+16
152838,8.17071E+18,8,2,35,8,2017,7,14,3,3,0,1,1,0,0,0,0,0,0,4.80286E+20,5.40354E+21,8.73163E+15,4.87845E+16
152839,8.17071E+18,8,2,31,0,2017,7,17,3,3,5,2,0,0,0,0,1,0,0,4.76561E+20,5.41544E+21,8.68023E+15,4.88915E+16
152840,8.17071E+18,8,2,26,85,2017,7,13,3,3,5,7,0,1,1,0,0,0,0,4.90627E+20,5.45508E+21,8.87121E+15,4.92484E+16
152841,8.17071E+18,8,2,26,84,2017,7,17,3,3,5,3,1,1,0,0,0,0,0,4.69258E+20,5.46968E+21,8.57648E+15,4.9379E+16
152842,8.17071E+18,8,2,22,0,2017,7,12,3,3,5,6,0,0,0,1,1,0,0,4.68504E+20,5.47927E+21,8.56532E+15,4.94652E+16
152843,8.17071E+18,8,2,26,9,2017,7,15,3,3,1,3,1,1,0,0,0,0,0,4.66255E+20,5.47173E+21,8.53492E+15,4.93974E+16
152844,8.17071E+18,8,2,21,0,2017,7,21,3,3,6,7,1,0,1,0,0,2,1,4.78134E+20,5.47315E+21,8.69856E+15,4.94106E+16
152845,8.17071E+18,8,2,12,0,2017,7,7,3,3,0,6,1,1,0,0,0,0,0,4.5405E+20,5.4329E+21,8.37118E+15,4.90472E+16
152846,8.17071E+18,8,2,15,102,2017,7,19,3,2,4,6,1,1,0,0,0,0,0,4.56599E+20,5.43789E+21,8.40552E+15,4.90923E+16
152847,8.17071E+18,8,2,15,108,2017,7,13,3,3,5,3,0,1,0,1,0,0,1,4.48599E+20,5.42346E+21,8.29778E+15,4.89619E+16
152848,8.17071E+18,8,2,12,0,2017,7,22,3,3,5,3,0,1,0,0,0,2,1,4.52224E+20,5.42739E+21,8.34684E+15,4.89975E+16
152849,8.17071E+18,8,1,36,10,2017,7,15,3,3,0,1,1,0,0,0,0,0,0,5.99167E+20,5.41254E+21,1.0352E+16,4.88579E+16
152850,8.17071E+18,8,1,26,39,2017,7,9,3,3,8,1,0,0,0,1,0,0,0,5.48745E+20,5.46469E+21,9.67093E+15,4.9333E+16
152851,8.17071E+18,8,1,25,65,2017,7,16,3,3,5,3,1,1,0,0,0,0,0,5.17218E+20,5.44771E+21,9.23626E+15,4.91819E+16
152852,8.17071E+18,8,1,21,0,2017,7,16,3,3,1,6,0,1,0,1,0,0,0,5.16329E+20,5.44126E+21,9.2238E+15,4.9124E+16
152853,8.17071E+18,8,1,21,0,2017,7,13,3,3,6,4,0,1,1,0,0,0,0,5.15599E+20,5.44249E+21,9.21385E+15,4.91351E+16
152854,8.17071E+18,8,1,19,79,2017,7,9,3,2,5,3,0,1,0,0,0,0,0,5.23847E+20,5.40748E+21,9.32487E+15,4.88199E+16
152855,8.17071E+18,8,1,19,67,2017,7,15,3,2,0,1,0,0,0,0,1,0,0,5.39128E+20,5.4062E+21,9.53291E+15,4.88076E+16
152856,8.17071E+18,8,1,19,67,2017,7,19,3,3,5,3,0,1,0,0,0,0,0,5.38448E+20,5.40592E+21,9.52362E+15,4.88051E+16
152857,8.17071E+18,8,1,18,48,2017,7,16,3,2,2,6,0,1,0,0,0,0,0,5.14736E+20,5.41592E+21,9.20106E+15,4.8896E+16
152858,8.17071E+18,8,1,18,11,2017,7,12,3,2,6,2,0,1,1,0,0,0,0,5.05219E+20,5.40841E+21,9.0711E+15,4.88286E+16
152859,8.17071E+18,8,1,18,79,2017,7,14,3,3,0,3,1,1,0,0,0,0,0,5.10747E+20,5.42105E+21,9.14676E+15,4.89423E+16
152860,8.17071E+18,8,1,17,26,2017,7,6,3,3,5,3,1,1,0,0,0,0,1,5.5063E+20,5.39313E+21,9.68794E+15,4.86891E+16
152861,8.17071E+18,8,1,16,76,2017,7,16,3,2,6,7,0,1,1,0,0,0,0,5.28641E+20,5.40278E+21,9.38984E+15,4.87773E+16
152862,8.17071E+18,8,1,11,0,2017,7,6,3,3,5,3,0,1,0,0,1,0,1,5.12992E+20,5.40697E+21,9.17697E+15,4.88156E+16
152863,8.17071E+18,8,1,11,0,2017,7,14,3,3,6,4,0,1,1,0,0,0,0,5.1527E+20,5.40366E+21,9.20787E+15,4.87858E+16
152864,8.17071E+18,8,1,11,0,2017,7,18,3,3,6,4,0,1,1,0,0,0,0,5.16731E+20,5.40569E+21,9.22786E+15,4.8804E+16
152865,8.17071E+18,8,1,11,0,2017,7,9,3,3,1,5,1,1,0,0,0,0,1,5.08753E+20,5.40674E+21,9.11923E+15,4.88135E+16
152866,8.17071E+18,8,1,11,0,2017,7,7,3,3,2,6,0,1,0,0,0,0,0,5.11273E+20,5.40301E+21,9.15345E+15,4.878E+16
152867,8.17071E+18,8,4,37,78,2017,7,7,2,3,0,1,1,0,0,0,0,0,1,5.07456E+20,5.31864E+21,9.1E+15,4.8021E+16
152868,8.17071E+18,8,4,37,100,2017,7,17,2,3,9,7,0,1,0,0,0,0,0,5.38195E+20,5.31752E+21,9.51213E+15,4.80099E+16
152869,8.17071E+18,8,4,35,57,2017,7,9,2,3,2,7,0,1,0,1,0,0,0,5.44232E+20,5.27972E+21,9.58921E+15,4.76693E+16
152870,8.17071E+18,8,4,26,97,2017,7,16,2,3,0,1,1,0,0,0,0,0,0,5.35662E+20,5.33326E+21,9.47948E+15,4.81516E+16
152871,8.17071E+18,8,4,26,21,2017,7,17,2,3,1,6,0,1,0,0,0,0,0,5.59851E+20,5.32924E+21,9.80411E+15,4.81137E+16
152872,8.17071E+18,8,4,21,0,2017,7,17,2,3,5,3,0,1,1,0,0,0,0,5.71123E+20,5.3602E+21,9.96074E+15,4.83909E+16
152873,8.17071E+18,8,4,25,39,2017,7,11,2,3,1,5,0,1,0,0,0,0,0,5.66099E+20,5.35282E+21,9.89172E+15,4.83251E+16
152874,8.17071E+18,8,4,25,141,2017,7,17,2,3,5,3,1,1,0,0,0,0,0,5.6799E+20,5.36275E+21,9.91883E+15,4.84143E+16
152875,8.17071E+18,8,4,17,25,2017,7,8,2,3,4,6,1,1,0,0,0,0,0,4.85766E+20,5.35904E+21,8.80776E+15,4.83844E+16
152876,8.17071E+18,8,4,16,22,2017,7,17,2,3,5,3,1,0,0,0,0,0,0,5.11852E+20,5.37507E+21,9.16053E+15,4.85287E+16
152877,8.17071E+18,8,4,16,41,2017,7,4,2,3,0,7,1,0,0,0,0,2,0,5.00206E+20,5.37212E+21,9.00279E+15,4.85022E+16
152878,8.17071E+18,8,4,15,61,2017,7,7,2,3,8,1,1,0,0,0,0,0,1,5.15644E+20,5.37115E+21,9.21174E+15,4.84933E+16
152879,8.17071E+18,8,3,35,22,2017,7,12,2,3,1,5,0,1,0,0,1,0,0,4.83012E+20,5.30014E+21,8.77291E+15,4.78543E+16
152880,8.17071E+18,8,3,35,100,2017,7,18,2,3,5,3,0,1,0,1,0,0,0,4.893E+20,5.28621E+21,8.8573E+15,4.77292E+16
152881,8.17071E+18,8,3,35,43,2017,7,9,2,3,5,3,1,1,0,0,0,0,1,5.11244E+20,5.28103E+21,9.14982E+15,4.76825E+16
152882,8.17071E+18,8,3,35,43,2017,7,11,2,3,0,7,1,1,0,0,0,0,0,5.13025E+20,5.27933E+21,9.17349E+15,4.76672E+16
152883,8.17071E+18,8,3,26,74,2017,7,8,2,3,0,7,1,0,0,0,0,0,0,4.59742E+20,5.32315E+21,8.45968E+15,4.80603E+16
152884,8.17071E+18,8,3,26,74,2017,7,10,2,3,5,3,0,1,0,0,0,0,0,4.64614E+20,5.32353E+21,8.52504E+15,4.80641E+16
152885,8.17071E+18,8,3,25,69,2017,7,17,2,3,5,3,1,1,0,0,0,0,1,4.69615E+20,5.33499E+21,8.59134E+15,4.81675E+16
152886,8.17071E+18,8,3,17,39,2017,7,11,2,3,6,4,0,1,1,0,0,0,0,4.41433E+20,5.34426E+21,8.21106E+15,4.82488E+16
152887,8.17071E+18,8,3,17,96,2017,7,7,2,3,5,3,1,1,0,0,0,0,0,4.2403E+20,5.37024E+21,7.97199E+15,4.84807E+16
152888,8.17071E+18,8,3,17,96,2017,7,17,2,3,0,1,0,0,0,1,0,0,0,4.21188E+20,5.36643E+21,7.93425E+15,4.84461E+16
152889,8.17071E+18,8,3,17,96,2017,7,18,2,3,0,1,1,0,0,0,0,0,0,4.21819E+20,5.3679E+21,7.9425E+15,4.84594E+16
152890,8.17071E+18,8,3,17,57,2017,7,13,2,3,5,3,1,1,0,0,0,0,0,4.12548E+20,5.38048E+21,7.81449E+15,4.85713E+16
152891,8.17072E+18,8,1,11,0,2017,7,16,5,3,0,6,0,1,0,0,1,0,0,5.13345E+20,5.40335E+21,9.18167E+15,4.8783E+16
152892,8.17072E+18,8,1,11,0,2017,7,13,5,3,5,3,0,1,0,0,0,0,1,5.07768E+20,5.3977E+21,9.10564E+15,4.87322E+16
152893,8.17072E+18,8,1,11,0,2017,7,19,5,3,0,3,0,1,0,1,0,0,1,5.15248E+20,5.403E+21,9.20755E+15,4.87798E+16
152894,8.17072E+18,8,1,11,0,2017,7,17,5,3,2,6,0,1,0,0,0,0,1,5.187E+20,5.40081E+21,9.25445E+15,4.876E+16
152895,8.17072E+18,8,1,11,0,2017,7,11,5,2,6,4,0,1,1,0,0,0,1,5.121E+20,5.40659E+21,9.16481E+15,4.88122E+16
152896,8.17072E+18,8,1,11,0,2017,7,8,5,3,2,6,0,1,0,0,0,0,0,5.11501E+20,5.40923E+21,9.15673E+15,4.88359E+16
152897,8.17072E+18,8,1,11,0,2017,7,17,5,2,0,1,1,0,0,0,0,0,1,5.0919E+20,5.39909E+21,9.125E+15,4.87448E+16
152898,8.17072E+18,8,1,11,0,2017,7,19,5,3,4,7,0,1,0,1,0,0,1,5.11703E+20,5.40052E+21,9.15923E+15,4.87575E+16
152899,8.17072E+18,8,1,11,0,2017,7,19,5,3,3,6,0,1,0,1,0,0,1,5.12439E+20,5.40193E+21,9.16929E+15,4.87703E+16
152900,8.17072E+18,8,4,36,9,2017,7,7,4,3,5,3,0,1,0,0,0,0,0,5.53761E+20,5.30355E+21,9.71907E+15,4.7883E+16
152901,8.17072E+18,8,4,36,87,2017,7,6,4,3,2,2,0,1,0,1,0,0,0,5.47449E+20,5.30276E+21,9.63457E+15,4.78764E+16
152902,8.17072E+18,8,4,36,55,2017,7,19,4,3,5,3,0,1,0,0,0,0,0,5.76207E+20,5.29746E+21,1.00182E+16,4.7826E+16
152903,8.17072E+18,8,4,35,66,2017,7,20,4,3,0,7,1,0,0,0,0,1,1,5.19575E+20,5.28736E+21,9.26111E+15,4.77393E+16
152904,8.17072E+18,8,4,35,57,2017,7,13,4,3,0,1,1,0,0,0,0,0,0,5.44477E+20,5.27993E+21,9.59249E+15,4.76712E+16
152905,8.17072E+18,8,4,21,0,2017,7,17,4,3,0,3,0,1,0,0,1,0,0,5.7205E+20,5.36052E+21,9.97331E+15,4.83938E+16
152906,8.17072E+18,8,4,21,0,2017,7,11,4,3,2,6,0,1,0,0,0,0,0,5.7093E+20,5.36061E+21,9.9582E+15,4.83946E+16
152907,8.17072E+18,8,4,25,33,2017,7,16,4,3,8,1,0,1,0,0,0,0,0,5.56352E+20,5.34756E+21,9.75954E+15,4.82787E+16
152908,8.17072E+18,8,4,25,33,2017,7,15,4,3,5,3,0,1,0,1,0,0,0,5.50633E+20,5.34549E+21,9.68221E+15,4.82606E+16
152909,8.17072E+18,8,4,16,48,2017,7,14,4,3,0,7,1,0,0,0,0,0,0,4.96034E+20,5.37623E+21,8.94627E+15,4.85392E+16
152910,8.17072E+18,8,4,16,41,2017,7,17,4,3,4,7,1,1,0,0,0,0,0,5.04274E+20,5.37415E+21,9.05787E+15,4.85204E+16
152911,8.17072E+18,8,4,16,41,2017,7,14,4,2,5,3,1,1,0,0,0,0,0,5.06187E+20,5.37513E+21,9.0838E+15,4.85292E+16
152912,8.17072E+18,8,4,16,22,2017,7,11,4,3,5,3,0,1,0,1,0,0,0,5.11196E+20,5.37553E+21,9.15165E+15,4.85328E+16
152913,8.17072E+18,8,3,37,96,2017,7,17,4,3,6,7,0,1,1,0,0,0,0,4.2079E+20,5.26752E+21,7.94713E+15,4.75563E+16
152914,8.17072E+18,8,3,37,96,2017,7,12,4,3,6,6,1,0,1,0,0,0,0,4.20466E+20,5.26706E+21,7.94291E+15,4.75521E+16
152915,8.17072E+18,8,3,37,2,2017,7,16,4,3,0,1,0,0,0,1,0,0,0,4.32453E+20,5.27395E+21,8.10115E+15,4.76155E+16
152916,8.17072E+18,8,3,35,75,2017,7,14,4,2,0,2,1,1,0,0,0,0,0,4.8878E+20,5.28972E+21,8.85028E+15,4.77607E+16
152917,8.17072E+18,8,3,25,57,2017,7,11,4,3,5,3,0,1,0,0,0,0,0,4.73312E+20,5.35721E+21,8.63966E+15,4.83675E+16
152918,8.17072E+18,8,3,17,96,2017,7,7,4,3,5,7,1,1,0,0,0,0,0,4.23421E+20,5.37412E+21,7.96303E+15,4.85155E+16
152919,8.17072E+18,8,3,17,65,2017,7,8,4,3,1,5,1,0,0,0,0,0,0,4.17337E+20,5.35469E+21,7.8845E+15,4.83399E+16
152920,8.17072E+18,8,3,11,0,2017,7,10,4,2,5,7,1,1,0,0,0,0,0,4.13066E+20,5.31539E+21,7.83491E+15,4.79859E+16
152921,8.17072E+18,8,3,11,0,2017,7,8,4,3,1,6,0,1,0,0,0,0,0,4.13639E+20,5.32049E+21,7.84156E+15,4.80319E+16
152922,8.17072E+18,8,3,15,131,2017,7,12,4,3,5,2,0,1,0,1,0,0,0,4.04986E+20,5.30855E+21,7.72816E+15,4.79232E+16
152923,8.17072E+18,8,3,11,0,2017,7,7,4,3,2,1,0,1,0,0,0,0,0,4.12626E+20,5.31784E+21,7.82851E+15,4.80079E+16
152924,8.17072E+18,8,3,11,0,2017,7,17,4,3,5,3,1,0,0,0,1,0,0,4.12674E+20,5.31538E+21,7.82966E+15,4.79858E+16
152925,8.17072E+18,8,2,12,0,2017,7,11,4,3,2,6,0,1,0,0,0,0,0,4.56874E+20,5.42864E+21,8.41027E+15,4.90092E+16
152926,8.17072E+18,8,2,12,0,2017,7,19,4,3,0,7,1,0,0,0,0,0,0,4.58295E+20,5.42856E+21,8.42971E+15,4.90085E+16
152927,8.17072E+18,8,2,12,0,2017,7,16,4,2,5,2,1,0,0,0,1,0,0,4.57795E+20,5.4291E+21,8.42282E+15,4.90133E+16
152928,8.17072E+18,8,2,31,0,2017,7,7,4,2,8,7,1,0,0,0,0,0,0,4.77947E+20,5.41588E+21,8.69912E+15,4.88955E+16
152929,8.17072E+18,8,2,31,0,2017,7,17,4,2,3,6,0,1,0,1,0,0,0,4.77947E+20,5.41529E+21,8.69915E+15,4.88902E+16
152930,8.17072E+18,8,2,31,0,2017,7,13,4,3,1,6,0,1,0,0,0,0,0,4.74935E+20,5.41625E+21,8.658E+15,4.88987E+16
152931,8.17072E+18,8,2,26,38,2017,7,17,4,3,5,2,1,1,0,0,0,0,1,4.71472E+20,5.47957E+21,8.60626E+15,4.94681E+16
152932,8.17072E+18,8,2,22,0,2017,7,17,4,3,2,6,0,1,0,0,0,0,0,4.60761E+20,5.48118E+21,8.45828E+15,4.9482E+16
152933,8.17072E+18,8,2,15,106,2017,7,7,4,3,0,1,1,0,0,0,0,0,0,4.64756E+20,5.45351E+21,8.51588E+15,4.92334E+16
152934,8.17072E+18,8,2,15,66,2017,7,9,4,3,1,7,0,1,0,0,0,0,0,4.60283E+20,5.4539E+21,8.45441E+15,4.92366E+16
152935,8.17072E+18,8,2,15,102,2017,7,19,4,3,4,2,1,1,0,0,0,0,0,4.56779E+20,5.43887E+21,8.40789E+15,4.91011E+16
152936,8.17072E+18,8,2,15,17,2017,7,6,4,3,5,3,1,1,0,0,0,0,0,4.54865E+20,5.42183E+21,8.38355E+15,4.89478E+16
152937,8.17072E+18,8,2,12,0,2017,7,18,4,3,5,3,1,1,0,0,0,0,0,4.53792E+20,5.42822E+21,8.36818E+15,4.90052E+16
152938,8.17072E+18,8,2,11,0,2017,7,9,4,2,2,6,0,1,0,1,0,0,0,4.44693E+20,5.40024E+21,8.24756E+15,4.87527E+16
152939,8.17072E+18,8,2,11,0,2017,7,11,4,2,5,2,1,1,0,0,0,0,0,4.43707E+20,5.4018E+21,8.23394E+15,4.87667E+16
152940,8.17072E+18,8,1,36,79,2017,7,14,4,2,0,1,1,0,0,0,0,0,0,5.60052E+20,5.40142E+21,9.81716E+15,4.87629E+16
152941,8.17072E+18,8,1,28,115,2017,7,6,4,2,5,2,1,1,0,0,0,0,0,5.4865E+20,5.49756E+21,9.67366E+15,4.96286E+16
152942,8.17072E+18,8,1,26,66,2017,7,16,4,3,1,6,0,1,0,0,0,0,0,5.36274E+20,5.44967E+21,9.49792E+15,4.91988E+16
152943,8.17072E+18,8,1,21,0,2017,7,19,4,3,0,7,0,1,0,0,0,0,0,5.15236E+20,5.44066E+21,9.20881E+15,4.91186E+16
152944,8.17072E+18,8,1,18,48,2017,7,8,4,3,2,6,0,1,0,0,0,0,0,5.13181E+20,5.41605E+21,9.17984E+15,4.88972E+16
152945,8.17072E+18,8,1,18,48,2017,7,15,4,3,6,4,0,1,1,0,0,0,0,5.14227E+20,5.41482E+21,9.19407E+15,4.88861E+16
152946,8.17072E+18,8,1,18,81,2017,7,17,4,3,6,4,0,1,1,0,0,0,0,5.18484E+20,5.4123E+21,9.25202E+15,4.88634E+16
152947,8.17072E+18,8,1,18,48,2017,7,16,4,3,6,4,1,0,1,0,0,0,0,5.13376E+20,5.41505E+21,9.18247E+15,4.88883E+16
152948,8.17072E+18,8,1,17,26,2017,7,11,4,3,6,7,0,0,1,0,1,0,0,5.48053E+20,5.39457E+21,9.6531E+15,4.87023E+16
152949,8.17072E+18,8,1,15,15,2017,7,22,4,3,1,7,1,1,0,0,0,2,1,4.92342E+20,5.38707E+21,8.89605E+15,4.86367E+16
152950,8.17072E+18,8,1,15,3,2017,7,7,4,3,5,3,1,1,0,0,0,0,0,4.99628E+20,5.39268E+21,8.99495E+15,4.86872E+16
152951,8.17072E+18,8,1,11,0,2017,7,17,4,3,6,7,0,1,1,0,0,0,0,5.19509E+20,5.40149E+21,9.26549E+15,4.87661E+16
152952,8.17072E+18,8,1,11,0,2017,7,8,4,2,0,1,0,0,0,1,0,0,0,5.10551E+20,5.40908E+21,9.14377E+15,4.88347E+16
152953,8.17072E+18,8,1,11,0,2017,7,13,4,3,6,7,1,0,0,0,1,0,0,5.10558E+20,5.39774E+21,9.14358E+15,4.87326E+16
152954,8.17072E+18,8,1,11,0,2017,7,6,4,3,0,7,1,0,0,0,0,1,0,5.1129E+20,5.40205E+21,9.15366E+15,4.87714E+16
152955,8.17072E+18,8,4,36,49,2017,7,7,3,3,5,3,1,1,0,0,0,0,0,5.77994E+20,5.28278E+21,1.00394E+16,4.76937E+16
152956,8.17072E+18,8,4,35,5,2017,7,5,3,3,4,2,1,1,0,0,0,1,0,5.25425E+20,5.28683E+21,9.3391E+15,4.77343E+16
152957,8.17072E+18,8,4,26,21,2017,7,16,3,3,2,6,0,1,0,0,0,0,0,5.59404E+20,5.32794E+21,9.79793E+15,4.8102E+16
152958,8.17072E+18,8,4,26,21,2017,7,8,3,3,0,1,1,1,0,0,0,0,0,5.5982E+20,5.32912E+21,9.80368E+15,4.81125E+16
152959,8.17072E+18,8,4,26,11,2017,7,20,3,3,5,3,0,1,0,0,0,0,0,5.51365E+20,5.33378E+21,9.69066E+15,4.81552E+16
152960,8.17072E+18,8,4,21,0,2017,7,14,3,3,0,7,0,1,0,0,1,0,0,5.735E+20,5.36645E+21,9.99394E+15,4.84469E+16
152961,8.17072E+18,8,4,17,2,2017,7,7,3,3,0,1,1,0,0,0,0,0,0,4.88854E+20,5.34744E+21,8.84976E+15,4.82801E+16
152962,8.17072E+18,8,4,16,41,2017,7,17,3,3,3,6,0,1,0,1,0,0,0,5.04084E+20,5.37444E+21,9.05531E+15,4.85231E+16
152963,8.17072E+18,8,4,15,61,2017,7,16,3,2,5,3,1,1,0,0,0,0,0,5.16075E+20,5.37327E+21,9.21766E+15,4.85124E+16
152964,8.17072E+18,8,4,16,36,2017,7,12,3,3,4,7,0,0,0,0,1,0,0,4.94931E+20,5.36872E+21,8.93143E+15,4.84716E+16
152965,8.17072E+18,8,4,15,61,2017,7,7,3,3,6,6,0,1,0,0,1,0,0,5.15707E+20,5.37255E+21,9.21266E+15,4.85059E+16
152966,8.17072E+18,8,4,15,61,2017,7,8,3,3,5,2,1,1,0,0,0,0,0,5.16281E+20,5.37081E+21,9.22035E+15,4.84902E+16
152967,8.17072E+18,8,4,15,61,2017,7,6,3,3,0,1,1,0,0,0,0,0,0,5.16104E+20,5.37124E+21,9.21798E+15,4.84941E+16
152968,8.17072E+18,8,4,15,53,2017,7,12,3,3,8,1,0,1,0,0,0,0,0,5.36349E+20,5.3624E+21,9.49122E+15,4.84137E+16
152969,8.17072E+18,8,3,36,105,2017,7,8,3,2,5,3,0,1,0,0,0,0,0,4.00592E+20,5.26578E+21,7.67912E+15,4.75378E+16
152970,8.17072E+18,8,3,35,43,2017,7,11,3,3,6,4,0,0,1,0,1,0,0,5.14002E+20,5.27995E+21,9.18653E+15,4.76728E+16
152971,8.17072E+18,8,3,35,75,2017,7,6,3,3,2,6,0,1,0,0,0,0,0,4.89032E+20,5.28984E+21,8.85363E+15,4.77618E+16
152972,8.17072E+18,8,3,17,51,2017,7,7,3,3,2,6,0,1,0,0,0,0,0,4.42284E+20,5.3412E+21,8.22295E+15,4.82214E+16
152973,8.17072E+18,8,3,17,1,2017,7,20,3,3,0,7,1,0,0,0,0,0,0,4.31614E+20,5.3859E+21,8.07202E+15,4.86224E+16
152974,8.17072E+18,8,3,16,56,2017,7,18,3,3,4,2,1,1,0,0,0,0,0,4.22875E+20,5.3272E+21,7.96422E+15,4.80934E+16
152975,8.17072E+18,8,3,15,15,2017,7,9,3,2,0,7,0,0,0,1,0,0,0,3.95031E+20,5.3201E+21,7.59211E+15,4.80256E+16
152976,8.17072E+18,8,3,11,0,2017,7,19,3,3,1,7,1,1,0,0,0,0,0,4.13308E+20,5.31709E+21,7.83781E+15,4.80012E+16
152977,8.17072E+18,8,3,11,0,2017,7,11,3,3,5,3,1,1,0,0,0,0,0,4.18737E+20,5.31435E+21,7.91109E+15,4.79773E+16
152978,8.17072E+18,8,3,36,50,2017,7,8,3,3,5,3,0,1,0,0,0,0,0,3.9943E+20,5.27343E+21,7.66193E+15,4.76065E+16
152979,8.17072E+18,8,2,12,0,2017,7,8,3,3,5,3,1,1,0,0,0,0,0,4.56895E+20,5.42779E+21,8.41065E+15,4.90015E+16
152980,8.17072E+18,8,2,12,0,2017,7,10,3,3,6,4,0,0,1,0,1,0,0,4.56214E+20,5.42871E+21,8.40124E+15,4.90097E+16
152981,8.17072E+18,8,2,12,0,2017,7,9,3,3,2,6,0,1,0,0,1,0,0,4.58144E+20,5.42906E+21,8.4276E+15,4.9013E+16
152982,8.17072E+18,8,2,31,0,2017,7,7,3,3,5,3,0,1,0,0,0,0,0,4.74919E+20,5.41633E+21,8.65778E+15,4.88994E+16
152983,8.17072E+18,8,2,26,98,2017,7,15,3,3,5,3,0,1,0,0,0,0,0,4.76612E+20,5.45938E+21,8.67838E+15,4.92867E+16
152984,8.17072E+18,8,2,26,62,2017,7,14,3,3,5,3,0,1,0,1,0,0,0,4.70121E+20,5.46893E+21,8.58842E+15,4.93724E+16
152985,8.17072E+18,8,2,26,32,2017,7,19,3,3,4,7,1,1,0,0,0,0,0,4.6694E+20,5.46296E+21,8.5451E+15,4.93185E+16
152986,8.17072E+18,8,2,26,32,2017,7,12,3,3,3,2,0,0,0,0,1,0,0,4.66114E+20,5.46522E+21,8.53355E+15,4.93387E+16
152987,8.17072E+18,8,2,25,58,2017,7,11,3,3,6,4,0,0,1,0,1,0,0,5.09564E+20,5.46635E+21,9.13168E+15,4.93498E+16
152988,8.17072E+18,8,2,25,58,2017,7,13,3,3,6,4,0,0,1,0,1,0,0,5.09708E+20,5.46851E+21,9.13371E+15,4.93692E+16
152989,8.17072E+18,8,2,22,0,2017,7,15,3,3,5,3,1,1,0,0,0,0,0,4.6321E+20,5.47824E+21,8.49237E+15,4.94557E+16
152990,8.17072E+18,8,2,22,0,2017,7,10,3,3,6,4,0,0,1,0,1,0,0,4.61139E+20,5.48149E+21,8.46347E+15,4.94848E+16