OBJECTID,UIDENTSTLA,ULAND,UREGBEZ,UKREIS,UGEMEINDE,UJAHR,UMONAT,USTUNDE,UWOCHENTAG,UKATEGORIE,UART,UTYP1,IstRad,IstPKW,IstFuss,IstKrad,IstSonstig,LICHT,STRZUSTAND,LINREFX,LINREFY,XGCSWGS84,YGCSWGS84
153164,8.17073E+18,8,2,15,21,2017,7,19,3,3,0,3,1,1,0,0,0,0,1,4.69478E+20,5.44387E+21,8.58147E+15,4.91469E+16
153165,8.17073E+18,8,1,11,0,2017,7,19,4,2,0,7,0,0,0,1,0,0,0,5.13959E+20,5.4034E+21,9.19002E+15,4.87835E+16
153166,8.17073E+18,8,1,11,0,2017,7,20,4,2,5,2,0,1,0,1,0,0,0,5.13586E+20,5.40233E+21,9.18491E+15,4.87739E+16
153167,8.17073E+18,8,2,12,0,2017,7,17,3,3,0,3,0,1,0,1,0,0,1,4.56525E+20,5.42853E+21,8.40552E+15,4.90081E+16
153168,8.17073E+18,8,2,12,0,2017,7,16,3,2,2,7,0,1,0,1,0,0,1,4.54181E+20,5.4284E+21,8.37348E+15,4.90068E+16
153169,8.17073E+18,8,2,12,0,2017,7,9,3,3,5,3,1,1,0,0,0,0,0,4.53774E+20,5.42858E+21,8.36789E+15,4.90083E+16
153170,8.17073E+18,8,4,37,104,2017,7,7,3,3,5,3,0,1,0,0,0,0,1,5.16275E+20,5.32551E+21,9.21852E+15,4.80827E+16
153171,8.17073E+18,8,4,35,16,2017,7,14,3,3,2,6,0,1,0,0,0,0,1,5.36632E+20,5.27923E+21,9.48793E+15,4.76654E+16
153172,8.17073E+18,8,4,16,41,2017,7,15,3,3,5,6,1,1,0,0,0,0,1,5.03652E+20,5.3747E+21,9.04946E+15,4.85254E+16
153173,8.17073E+18,8,3,35,43,2017,7,19,3,3,5,3,1,1,0,0,0,0,1,5.09846E+20,5.28197E+21,9.13121E+15,4.76911E+16
153174,8.17073E+18,8,1,15,45,2017,7,21,3,3,3,1,0,1,0,0,1,0,1,5.0508E+20,5.39709E+21,9.06908E+15,4.87268E+16
153175,8.17073E+18,8,1,36,88,2017,7,15,3,3,5,3,0,0,0,1,1,0,1,5.80906E+20,5.41212E+21,1.0103E+16,4.88568E+16
153176,8.17073E+18,8,1,28,7,2017,7,7,3,3,5,3,0,1,0,0,0,0,0,5.55767E+20,5.48141E+21,9.76991E+15,4.94828E+16
153177,8.17073E+18,8,1,27,14,2017,7,16,3,3,2,6,0,1,0,0,0,0,1,5.77191E+20,5.44268E+21,1.00582E+16,4.91321E+16
153178,8.17073E+18,8,1,21,0,2017,7,10,3,3,3,6,0,1,0,0,0,0,0,5.15726E+20,5.44092E+21,9.21552E+15,4.91209E+16
153179,8.17073E+18,8,1,21,0,2017,7,17,3,3,3,2,0,1,0,0,1,0,1,5.16176E+20,5.44313E+21,9.22178E+15,4.91408E+16
153180,8.17073E+18,8,1,25,26,2017,7,13,3,3,5,3,1,1,0,0,0,0,1,4.93596E+20,5.44242E+21,8.91221E+15,4.91346E+16
153181,8.17073E+18,8,1,19,55,2017,7,4,3,2,0,1,1,0,0,0,0,2,1,5.43051E+20,5.40525E+21,9.58623E+15,4.87988E+16
153182,8.17073E+18,8,1,19,67,2017,7,18,3,3,5,3,1,1,0,0,0,0,1,5.39581E+20,5.40627E+21,9.53908E+15,4.88082E+16
153183,8.17073E+18,8,1,18,48,2017,7,16,3,3,1,7,0,0,0,1,1,0,1,5.12474E+20,5.41533E+21,9.17018E+15,4.88908E+16
153184,8.17073E+18,8,1,16,35,2017,7,0,3,3,9,7,0,0,0,0,1,2,0,5.27218E+20,5.39235E+21,9.36979E+15,4.86836E+16
153185,8.17073E+18,8,1,16,49,2017,7,12,3,3,5,3,1,1,0,0,0,0,1,5.25105E+20,5.38556E+21,9.34067E+15,4.86226E+16
153186,8.17073E+18,8,1,16,19,2017,7,17,3,3,2,6,0,1,0,0,1,0,1,5.24273E+20,5.39799E+21,9.33011E+15,4.87344E+16
153187,8.17073E+18,8,1,16,68,2017,7,11,3,3,5,3,0,1,0,0,0,0,1,5.2619E+20,5.38912E+21,9.35562E+15,4.86546E+16
153188,8.17073E+18,8,1,16,80,2017,7,17,3,3,5,3,1,1,0,0,0,0,1,5.22624E+20,5.39515E+21,9.30753E+15,4.8709E+16
153189,8.17073E+18,8,1,15,3,2017,7,18,3,3,5,3,0,1,0,1,0,0,1,5.00449E+20,5.39046E+21,9.0061E+15,4.86672E+16
153190,8.17073E+18,8,1,11,0,2017,7,15,3,3,5,2,0,1,0,0,1,0,1,5.11543E+20,5.40961E+21,9.15732E+15,4.88393E+16
153191,8.17073E+18,8,1,11,0,2017,7,18,3,3,0,1,1,0,0,0,0,1,1,5.06829E+20,5.39842E+21,9.09288E+15,4.87388E+16
153192,8.17073E+18,8,1,11,0,2017,7,19,3,2,5,3,1,1,0,0,0,0,0,5.12195E+20,5.40206E+21,9.16597E+15,4.87714E+16
153193,8.17072E+18,8,4,37,78,2017,7,17,2,3,5,3,0,1,0,1,0,0,0,5.08695E+20,5.31627E+21,9.11657E+15,4.79996E+16
153194,8.17072E+18,8,4,37,104,2017,7,16,2,3,8,1,1,0,0,0,0,0,0,5.15595E+20,5.32599E+21,9.20941E+15,4.8087E+16
153195,8.17072E+18,8,4,25,33,2017,7,11,2,2,4,1,0,1,0,0,0,0,1,5.54079E+20,5.34859E+21,9.72903E+15,4.82882E+16
153196,8.17072E+18,8,4,21,0,2017,7,16,2,3,3,6,0,1,0,1,0,0,0,5.74155E+20,5.36116E+21,1.00019E+16,4.83993E+16
153197,8.17072E+18,8,4,25,33,2017,7,19,2,3,1,6,0,1,0,0,0,0,1,5.54241E+20,5.34678E+21,9.73098E+15,4.82719E+16
153198,8.17072E+18,8,4,16,41,2017,7,12,2,3,4,2,1,1,0,0,0,0,0,5.04566E+20,5.37481E+21,9.06184E+15,4.85264E+16
153199,8.17072E+18,8,4,15,50,2017,7,17,2,3,5,3,0,1,0,1,0,0,1,5.21024E+20,5.37645E+21,9.28483E+15,4.85408E+16
153200,8.17072E+18,8,3,37,96,2017,7,20,2,3,9,1,0,1,0,0,0,0,0,4.19298E+20,5.26671E+21,7.92746E+15,4.75488E+16
153201,8.17072E+18,8,3,37,96,2017,7,14,2,3,6,4,0,0,1,0,1,0,0,4.20298E+20,5.26826E+21,7.94046E+15,4.75628E+16
153202,8.17072E+18,8,3,35,75,2017,7,0,2,3,0,7,1,0,0,0,0,2,0,4.88821E+20,5.28765E+21,8.85089E+15,4.77421E+16
153203,8.17072E+18,8,3,35,75,2017,7,16,2,3,5,3,1,1,0,0,0,0,1,4.87809E+20,5.2901E+21,8.83731E+15,4.77641E+16
153204,8.17072E+18,8,3,25,53,2017,7,14,2,3,5,3,0,1,0,0,0,0,1,4.56542E+20,5.34177E+21,8.41484E+15,4.82277E+16
153205,8.17072E+18,8,3,17,96,2017,7,16,2,3,2,2,0,1,0,0,0,0,0,4.2073E+20,5.36575E+21,7.92819E+15,4.84399E+16
153206,8.17072E+18,8,3,17,57,2017,7,15,2,3,1,5,0,1,0,1,0,0,0,4.12603E+20,5.38022E+21,7.81529E+15,4.85689E+16
153207,8.17072E+18,8,3,17,5,2017,7,8,2,3,0,7,1,0,0,0,0,0,0,4.2406E+20,5.37967E+21,7.97067E+15,4.85656E+16
153208,8.17072E+18,8,3,17,1,2017,7,14,2,3,5,3,0,1,0,0,0,0,0,4.311E+20,5.3873E+21,8.06481E+15,4.8635E+16
153209,8.17072E+18,8,3,15,131,2017,7,7,2,3,7,7,1,0,0,0,0,0,1,4.06256E+20,5.30903E+21,7.74505E+15,4.79277E+16
153210,8.17072E+18,8,3,11,0,2017,7,20,2,3,5,3,0,1,0,0,0,0,1,4.12279E+20,5.31865E+21,7.82369E+15,4.80151E+16
153211,8.17072E+18,8,3,11,0,2017,7,20,2,3,3,6,1,1,0,0,0,1,1,4.09653E+20,5.31648E+21,7.78894E+15,4.79952E+16
153212,8.17072E+18,8,3,11,0,2017,7,20,2,3,5,3,0,1,0,0,0,0,1,4.12898E+20,5.31624E+21,7.83249E+15,4.79935E+16
153213,8.17072E+18,8,3,11,0,2017,7,18,2,3,0,1,1,0,0,0,0,0,1,4.13708E+20,5.31558E+21,7.84346E+15,4.79877E+16
153214,8.17072E+18,8,3,11,0,2017,7,17,2,3,5,2,0,1,0,1,0,0,1,4.14659E+20,5.31871E+21,7.85559E+15,4.8016E+16
153215,8.17072E+18,8,3,36,91,2017,7,11,2,2,7,7,0,0,0,1,0,0,0,3.94677E+20,5.27237E+21,7.59896E+15,4.75961E+16
153216,8.17072E+18,8,3,36,50,2017,7,16,2,3,5,3,0,1,0,0,0,0,0,3.99759E+20,5.27507E+21,7.66593E+15,4.76213E+16
153217,8.17072E+18,8,2,35,79,2017,7,11,2,2,6,7,0,1,1,0,0,0,1,4.66908E+20,5.40004E+21,8.5498E+15,4.87525E+16
153218,8.17072E+18,8,2,31,0,2017,7,10,2,2,6,4,0,1,1,0,0,0,0,4.75817E+20,5.41309E+21,8.67022E+15,4.88703E+16
153219,8.17072E+18,8,2,26,98,2017,7,21,2,3,0,1,1,0,0,0,0,1,1,4.78569E+20,5.46052E+21,8.70524E+15,4.92971E+16
153220,8.17072E+18,8,2,26,99,2017,7,15,2,3,1,5,0,1,0,0,0,0,1,4.82208E+20,5.48031E+21,8.7544E+15,4.94752E+16
153221,8.17072E+18,8,2,26,56,2017,7,12,2,3,0,3,0,1,0,1,0,0,1,4.85448E+20,5.47193E+21,8.79944E+15,4.93999E+16
153222,8.17072E+18,8,2,22,0,2017,7,11,2,3,3,6,0,0,0,1,1,0,1,4.60591E+20,5.48165E+21,8.45589E+15,4.94862E+16
153223,8.17072E+18,8,2,21,0,2017,7,14,2,3,0,7,0,0,0,1,0,0,0,4.76549E+20,5.47318E+21,8.67671E+15,4.94109E+16
153224,8.17072E+18,8,2,11,0,2017,7,17,2,3,2,6,0,1,0,0,0,0,1,4.37864E+20,5.39756E+21,8.15507E+15,4.8728E+16
153225,8.17072E+18,8,2,12,0,2017,7,8,2,3,5,3,1,1,0,0,0,0,1,4.5443E+20,5.42853E+21,8.37687E+15,4.9008E+16
153226,8.17072E+18,8,2,12,0,2017,7,12,2,3,1,5,1,1,0,0,0,0,0,4.57838E+20,5.42964E+21,8.42335E+15,4.90182E+16
153227,8.17072E+18,8,1,36,88,2017,7,19,2,3,6,7,0,1,1,0,0,0,0,5.80074E+20,5.41186E+21,1.00916E+16,4.88545E+16
153228,8.17072E+18,8,1,26,69,2017,7,16,2,2,6,4,0,1,1,0,0,0,0,5.38858E+20,5.44767E+21,9.53319E+15,4.91806E+16
153229,8.17072E+18,8,1,19,91,2017,7,10,2,3,5,3,0,0,0,1,1,0,1,5.28642E+20,5.40528E+21,9.39004E+15,4.87999E+16
153230,8.17072E+18,8,1,18,73,2017,7,12,2,3,5,2,1,1,0,0,0,0,0,4.9688E+20,5.41998E+21,8.95741E+15,4.89328E+16
153231,8.17072E+18,8,1,18,50,2017,7,15,2,3,3,5,1,1,0,0,0,0,0,5.06369E+20,5.41684E+21,9.08691E+15,4.89045E+16
153232,8.17072E+18,8,1,16,49,2017,7,23,2,3,0,1,1,0,0,0,0,2,0,5.2539E+20,5.38402E+21,9.34444E+15,4.86088E+16
153233,8.17072E+18,8,1,15,28,2017,7,15,2,3,5,3,0,1,0,1,0,0,0,5.00051E+20,5.405E+21,9.00069E+15,4.8798E+16
153234,8.17072E+18,8,1,15,15,2017,7,11,2,3,5,3,0,1,0,0,0,0,0,4.92946E+20,5.38751E+21,8.90425E+15,4.86406E+16
153235,8.17072E+18,8,1,11,0,2017,7,10,2,2,5,2,0,1,0,1,0,0,1,5.16272E+20,5.40381E+21,9.22152E+15,4.8787E+16
153236,8.17072E+18,8,1,11,0,2017,7,10,2,3,0,1,0,0,0,1,0,0,0,5.12712E+20,5.4081E+21,9.1732E+15,4.88257E+16
153237,8.17072E+18,8,4,16,41,2017,7,3,1,3,0,7,1,0,0,0,0,2,1,5.04812E+20,5.37339E+21,9.06516E+15,4.85136E+16
153238,8.17072E+18,8,3,35,75,2017,7,12,1,3,0,1,1,0,0,0,0,0,0,4.87297E+20,5.2888E+21,8.83052E+15,4.77524E+16
153239,8.17072E+18,8,3,26,74,2017,7,3,1,3,1,5,0,1,0,0,0,2,1,4.66096E+20,5.32331E+21,8.54495E+15,4.80621E+16
153240,8.17072E+18,8,4,17,25,2017,7,17,1,3,5,3,0,1,0,1,0,0,0,4.8374E+20,5.35757E+21,8.78044E+15,4.83711E+16
153241,8.17072E+18,8,3,11,0,2017,7,5,1,3,0,1,1,1,0,0,0,1,1,4.12426E+20,5.31498E+21,7.82641E+15,4.79821E+16
153242,8.17072E+18,8,2,12,0,2017,7,22,1,3,5,7,1,0,1,0,0,2,0,4.55038E+20,5.42984E+21,8.38503E+15,4.90198E+16
153243,8.17072E+18,8,2,12,0,2017,7,23,1,2,2,6,1,0,0,0,1,2,0,4.54603E+20,5.4285E+21,8.37924E+15,4.90078E+16
153244,8.17072E+18,8,2,31,0,2017,7,19,1,3,5,3,1,1,0,0,0,0,0,4.79101E+20,5.41617E+21,8.71485E+15,4.88981E+16
153245,8.17072E+18,8,2,26,84,2017,7,2,1,3,5,3,1,1,0,0,0,2,0,4.69016E+20,5.47075E+21,8.57306E+15,4.93887E+16
153246,8.17072E+18,8,2,26,32,2017,7,20,1,3,5,3,1,1,0,0,0,0,0,4.67461E+20,5.46289E+21,8.55227E+15,4.93179E+16
153247,8.17072E+18,8,2,16,43,2017,7,12,1,2,0,7,1,0,0,0,0,0,0,4.40536E+20,5.41296E+21,8.18916E+15,4.88667E+16
153248,8.17072E+18,8,2,12,0,2017,7,19,1,3,2,6,0,1,0,0,0,0,0,4.54299E+20,5.42887E+21,8.37504E+15,4.9011E+16
153249,8.17072E+18,8,2,12,0,2017,7,4,1,3,6,4,0,0,1,0,1,2,1,4.56882E+20,5.42779E+21,8.41047E+15,4.90015E+16
153250,8.17072E+18,8,1,18,79,2017,7,8,1,2,6,6,0,1,1,0,0,0,0,5.11305E+20,5.42133E+21,9.1544E+15,4.89448E+16
153251,8.17072E+18,8,1,21,0,2017,7,14,1,3,0,7,0,0,0,0,1,0,0,5.13946E+20,5.44308E+21,9.19121E+15,4.91404E+16
153252,8.17072E+18,8,1,19,44,2017,7,1,1,3,1,1,1,1,0,0,0,2,1,5.41757E+20,5.42556E+21,9.57068E+15,4.89815E+16
153253,8.17072E+18,8,1,18,48,2017,7,19,1,3,2,6,0,1,0,0,0,0,0,5.14246E+20,5.41593E+21,9.19437E+15,4.88961E+16
153254,8.17072E+18,8,1,18,18,2017,7,12,1,3,8,7,0,1,0,0,0,0,0,5.13123E+20,5.43024E+21,9.1795E+15,4.90249E+16
153255,8.17072E+18,8,1,16,4,2017,7,13,1,3,5,3,1,1,0,0,0,0,0,5.28413E+20,5.39654E+21,9.38631E+15,4.87213E+16
153256,8.17072E+18,8,1,15,42,2017,7,10,1,3,1,6,1,1,0,0,0,0,0,4.95987E+20,5.40623E+21,8.94535E+15,4.88091E+16
153257,8.17072E+18,8,1,15,28,2017,7,12,1,3,0,3,1,1,0,0,0,0,0,5.00717E+20,5.40487E+21,9.00977E+15,4.87968E+16
153258,8.17072E+18,8,1,15,21,2017,7,1,1,3,1,7,0,1,0,0,0,2,0,4.9537E+20,5.38082E+21,8.93722E+15,4.85805E+16
153259,8.17072E+18,8,1,11,0,2017,7,16,1,3,2,6,1,1,0,0,0,0,0,5.11842E+20,5.4022E+21,9.16116E+15,4.87727E+16
153260,8.17072E+18,8,1,11,0,2017,7,15,1,3,2,6,0,1,0,0,0,0,0,5.16935E+20,5.40301E+21,9.23053E+15,4.87798E+16
153261,8.17072E+18,8,4,37,76,2017,7,17,7,3,1,7,1,1,0,0,0,0,0,5.25472E+20,5.32181E+21,9.3418E+15,4.80491E+16
153262,8.17072E+18,8,4,36,55,2017,7,14,7,2,4,6,0,1,0,1,0,0,0,5.71437E+20,5.30146E+21,9.95513E+15,4.78625E+16
153263,8.17072E+18,8,4,35,59,2017,7,16,7,3,0,3,1,1,0,0,0,0,0,5.11855E+20,5.29097E+21,9.15823E+15,4.7772E+16
153264,8.17072E+18,8,4,26,45,2017,7,15,7,3,8,6,1,1,0,0,0,0,0,5.34669E+20,5.3282E+21,9.46572E+15,4.81061E+16
153265,8.17072E+18,8,4,21,0,2017,7,14,7,2,0,7,0,1,0,0,1,0,0,5.70765E+20,5.362E+21,9.9562E+15,4.84071E+16
153266,8.17072E+18,8,4,26,21,2017,7,9,7,2,8,1,0,0,0,1,0,0,0,5.60941E+20,5.33034E+21,9.81891E+15,4.81234E+16
153267,8.17072E+18,8,4,16,36,2017,7,17,7,3,4,2,0,1,0,1,0,0,0,4.95455E+20,5.36896E+21,8.93851E+15,4.84738E+16
153268,8.17072E+18,8,4,15,19,2017,7,11,7,3,8,7,0,1,0,0,0,0,0,5.18979E+20,5.36971E+21,9.25682E+15,4.84802E+16
153269,8.17072E+18,8,3,37,96,2017,7,2,7,2,1,6,0,0,0,1,1,2,1,4.1933E+20,5.26719E+21,7.92779E+15,4.75531E+16
153270,8.17072E+18,8,3,37,116,2017,7,10,7,3,5,2,0,1,0,0,0,0,0,4.17802E+20,5.27536E+21,7.90595E+15,4.76264E+16
153271,8.17072E+18,8,3,36,8,2017,7,10,7,3,5,3,1,1,0,0,0,0,0,3.95885E+20,5.2764E+21,7.61407E+15,4.76326E+16
153272,8.17072E+18,8,3,35,63,2017,7,8,7,3,0,7,1,1,0,0,0,0,0,4.97364E+20,5.28741E+21,8.96483E+15,4.77401E+16
153273,8.17072E+18,8,3,35,43,2017,7,19,7,3,0,4,0,0,1,0,1,0,0,5.1106E+20,5.28106E+21,9.14737E+15,4.76828E+16
153274,8.17072E+18,8,3,35,25,2017,7,11,7,2,5,3,1,1,0,0,1,0,0,4.99526E+20,5.28173E+21,8.99368E+15,4.7689E+16
153275,8.17072E+18,8,3,26,6,2017,7,8,7,3,5,3,0,1,0,0,1,0,0,4.58435E+20,5.30903E+21,8.44351E+15,4.79333E+16
153276,8.17072E+18,8,3,27,17,2017,7,9,7,2,6,7,0,1,1,0,0,0,0,4.78238E+20,5.33057E+21,8.70755E+15,4.8128E+16
153277,8.17072E+18,8,3,17,65,2017,7,7,7,3,5,3,1,1,0,0,0,0,0,4.1405E+20,5.35464E+21,7.84015E+15,4.8339E+16
153278,8.17072E+18,8,3,17,26,2017,7,11,7,3,6,6,0,1,1,0,0,0,0,4.11861E+20,5.34525E+21,7.81258E+15,4.82544E+16
153279,8.17072E+18,8,3,17,65,2017,7,6,7,3,5,3,0,1,0,0,0,0,0,4.15327E+20,5.35408E+21,7.85749E+15,4.83342E+16
153280,8.17072E+18,8,3,11,0,2017,7,14,7,3,6,2,0,0,1,0,1,0,0,4.15071E+20,5.31566E+21,7.86172E+15,4.79886E+16
153281,8.17072E+18,8,2,15,102,2017,7,18,7,3,6,4,1,0,1,0,0,0,0,4.5581E+20,5.43834E+21,8.39466E+15,4.90964E+16
153282,8.17072E+18,8,2,36,73,2017,7,10,7,3,8,1,1,1,0,0,0,0,0,4.78509E+20,5.42322E+21,8.70641E+15,4.89615E+16
153283,8.17072E+18,8,2,26,96,2017,7,1,7,3,0,6,1,0,0,0,0,2,1,4.74925E+20,5.48837E+21,8.65336E+15,4.95474E+16
153284,8.17072E+18,8,2,26,96,2017,7,1,7,2,0,1,1,0,0,0,0,2,1,4.74925E+20,5.48836E+21,8.65337E+15,4.95473E+16
153285,8.17072E+18,8,2,22,0,2017,7,3,7,3,8,1,0,1,0,0,0,2,1,4.64476E+20,5.4853E+21,8.5092E+15,4.95193E+16
153286,8.17072E+18,8,2,16,43,2017,7,12,7,3,0,1,1,0,0,0,0,0,0,4.41491E+20,5.4125E+21,8.20225E+15,4.88627E+16
153287,8.17072E+18,8,2,15,7,2017,7,14,7,3,1,6,0,1,0,0,0,0,1,4.78362E+20,5.4308E+21,8.70399E+15,4.90297E+16
153288,8.17072E+18,8,2,15,105,2017,7,11,7,2,0,3,1,0,0,0,0,0,0,4.5705E+20,5.44196E+21,8.41127E+15,4.9129E+16
153289,8.17072E+18,8,2,12,0,2017,7,12,7,3,1,1,1,1,0,0,0,0,0,4.5939E+20,5.43136E+21,8.4444E+15,4.90337E+16
153290,8.17072E+18,8,2,12,0,2017,7,17,7,3,4,6,0,1,0,1,0,0,0,4.62086E+20,5.42145E+21,8.48222E+15,4.89448E+16
153291,8.17072E+18,8,2,11,0,2017,7,15,7,3,6,6,0,1,1,0,0,0,0,4.40738E+20,5.40371E+21,8.19325E+15,4.87836E+16
153292,8.17072E+18,8,2,11,0,2017,7,11,7,3,0,2,0,1,0,1,0,0,0,4.44232E+20,5.40088E+21,8.24121E+15,4.87584E+16
153293,8.17072E+18,8,1,35,15,2017,7,3,7,2,7,1,1,0,0,0,0,2,1,5.81488E+20,5.38275E+21,1.01051E+16,4.85926E+16
153294,8.17072E+18,8,4,25,36,2017,7,2,7,2,6,6,1,0,1,0,0,2,1,5.48298E+20,5.33968E+21,9.6501E+15,4.82085E+16
153295,8.17072E+18,8,1,19,86,2017,7,18,7,3,6,3,0,0,1,0,1,0,0,5.35268E+20,5.40509E+21,9.48024E+15,4.87978E+16
153296,8.17072E+18,8,1,18,48,2017,7,6,7,3,5,3,0,1,0,0,1,0,0,5.1534E+20,5.41592E+21,9.20929E+15,4.8896E+16
153297,8.17072E+18,8,1,16,42,2017,7,17,7,3,1,6,1,1,0,0,0,0,0,5.16737E+20,5.38144E+21,9.22695E+15,4.85858E+16
153298,8.17072E+18,8,1,16,19,2017,7,11,7,2,0,1,0,0,0,1,0,0,0,5.22338E+20,5.39991E+21,9.30389E+15,4.87518E+16
153299,8.17072E+18,8,1,11,0,2017,7,17,7,3,0,7,0,0,0,1,0,0,1,5.16345E+20,5.40533E+21,9.22259E+15,4.88007E+16
153300,8.17072E+18,8,1,11,0,2017,7,13,7,3,5,3,0,1,0,1,0,0,0,5.10657E+20,5.39749E+21,9.14492E+15,4.87303E+16
153301,8.17072E+18,8,1,11,0,2017,7,21,7,3,4,7,1,1,0,0,0,2,0,5.15741E+20,5.40424E+21,9.21431E+15,4.87909E+16
153302,8.17072E+18,8,1,11,0,2017,7,19,7,2,5,2,1,1,0,0,0,0,0,5.13113E+20,5.40317E+21,9.1785E+15,4.87814E+16
153303,8.17072E+18,8,4,35,59,2017,7,15,6,3,8,7,1,0,0,0,0,0,0,5.14655E+20,5.28884E+21,9.19553E+15,4.77528E+16
153304,8.17072E+18,8,4,26,65,2017,7,13,6,2,5,3,1,1,0,0,0,0,0,5.81774E+20,5.33116E+21,1.0099E+16,4.81285E+16
153305,8.17072E+18,8,4,25,31,2017,7,7,6,2,2,6,0,1,0,1,0,0,0,5.68593E+20,5.36944E+21,9.92807E+15,4.84743E+16
153306,8.17072E+18,8,4,21,0,2017,7,14,6,3,1,6,0,1,0,0,0,0,0,5.73476E+20,5.36093E+21,9.99264E+15,4.83972E+16
153307,8.17072E+18,8,4,25,20,2017,7,14,6,3,6,4,0,1,1,0,0,0,0,5.58222E+20,5.36206E+21,9.78674E+15,4.8409E+16
153308,8.17072E+18,8,4,17,79,2017,7,12,6,3,4,6,0,1,0,0,0,0,0,4.97543E+20,5.3402E+21,8.96692E+15,4.8215E+16
153309,8.17072E+18,8,4,15,59,2017,7,13,6,3,5,3,0,1,0,0,0,0,0,5.17201E+20,5.36798E+21,9.23269E+15,4.84647E+16
153310,8.17072E+18,8,3,35,100,2017,7,19,6,3,0,1,1,0,0,0,0,1,1,4.87808E+20,5.28649E+21,8.8374E+15,4.77317E+16
153311,8.17072E+18,8,3,35,43,2017,7,9,6,2,1,5,1,1,0,0,0,0,0,5.13912E+20,5.27979E+21,9.18532E+15,4.76714E+16
153312,8.17072E+18,8,3,35,43,2017,7,8,6,2,5,3,1,0,0,0,1,0,0,5.12978E+20,5.27893E+21,9.17285E+15,4.76637E+16
153313,8.17072E+18,8,4,35,35,2017,7,11,6,2,4,6,1,0,0,0,1,0,0,5.41581E+20,5.28151E+21,9.55406E+15,4.76856E+16
153314,8.17072E+18,8,3,26,3,2017,7,13,6,3,5,3,0,1,0,0,0,0,0,4.69303E+20,5.31641E+21,8.58849E+15,4.80003E+16
153315,8.17072E+18,8,3,26,12,2017,7,14,6,3,9,1,1,0,0,0,0,0,0,4.57187E+20,5.31321E+21,8.42639E+15,4.79708E+16
153316,8.17072E+18,8,3,25,49,2017,7,21,6,2,0,1,0,0,0,1,0,1,1,4.66804E+20,5.33864E+21,8.55325E+15,4.82001E+16
153317,8.17072E+18,8,3,17,96,2017,7,16,6,3,2,6,0,1,0,0,0,0,0,4.21054E+20,5.36617E+21,7.93248E+15,4.84437E+16
153318,8.17072E+18,8,3,17,65,2017,7,16,6,3,1,5,0,1,0,0,0,0,0,4.13626E+20,5.35531E+21,7.83429E+15,4.83451E+16
153319,8.17072E+18,8,3,17,57,2017,7,17,6,3,5,3,0,1,0,1,0,0,0,4.13884E+20,5.37919E+21,7.83287E+15,4.85599E+16
153320,8.17072E+18,8,3,17,1,2017,7,12,6,2,0,7,1,0,0,0,0,0,0,4.32674E+20,5.38628E+21,8.08634E+15,4.8626E+16
153321,8.17072E+18,8,3,16,56,2017,7,10,6,2,2,6,0,1,0,1,0,0,0,4.23508E+20,5.32839E+21,7.9725E+15,4.81041E+16
153322,8.17072E+18,8,3,11,0,2017,7,11,6,3,5,2,1,1,0,0,0,0,0,4.12899E+20,5.31731E+21,7.83227E+15,4.80031E+16
153323,8.17072E+18,8,3,11,0,2017,7,10,6,3,1,5,1,1,0,0,0,0,0,4.15028E+20,5.31752E+21,7.86078E+15,4.80053E+16
153324,8.17072E+18,8,3,11,0,2017,7,11,6,3,1,6,0,1,0,0,0,0,0,4.14585E+20,5.31732E+21,7.85488E+15,4.80035E+16
153325,8.17072E+18,8,3,11,0,2017,7,14,6,3,6,4,0,1,1,0,0,0,0,4.1103E+20,5.31672E+21,7.80735E+15,4.79976E+16
153326,8.17072E+18,8,3,11,0,2017,7,10,6,2,0,1,1,0,0,0,0,0,0,4.17527E+20,5.31476E+21,7.8948E+15,4.79808E+16
153327,8.17072E+18,8,2,12,0,2017,7,14,6,3,5,3,1,1,0,0,0,0,0,4.57866E+20,5.43038E+21,8.42366E+15,4.90249E+16
153328,8.17072E+18,8,2,37,4,2017,7,15,6,3,0,7,1,1,0,0,0,0,0,4.53558E+20,5.37275E+21,8.37124E+15,4.85061E+16
153329,8.17072E+18,8,2,35,85,2017,7,15,6,2,0,1,1,0,0,0,0,0,0,4.80901E+20,5.39786E+21,8.74026E+15,4.87335E+16
153330,8.17072E+18,8,2,31,0,2017,7,9,6,3,6,7,0,1,1,0,0,0,0,4.80927E+20,5.41189E+21,8.73997E+15,4.88597E+16
153331,8.17072E+18,8,2,26,98,2017,7,8,6,3,0,7,0,0,0,1,1,0,1,4.75759E+20,5.45987E+21,8.66663E+15,4.92911E+16
153332,8.17072E+18,8,2,26,37,2017,7,10,6,3,5,3,1,1,0,0,0,0,0,4.66231E+20,5.46788E+21,8.53492E+15,4.93627E+16
153333,8.17072E+18,8,2,22,0,2017,7,15,6,3,5,2,1,1,0,0,0,0,0,4.61991E+20,5.48278E+21,8.47511E+15,4.94965E+16
153334,8.17072E+18,8,2,22,0,2017,7,23,6,3,0,3,0,0,0,1,1,2,1,4.61634E+20,5.48243E+21,8.47021E+15,4.94933E+16
153335,8.17072E+18,8,2,22,0,2017,7,17,6,3,5,3,0,1,0,0,0,0,0,4.61526E+20,5.48226E+21,8.46874E+15,4.94917E+16