OBJECTID,UIDENTSTLA,ULAND,UREGBEZ,UKREIS,UGEMEINDE,UJAHR,UMONAT,USTUNDE,UWOCHENTAG,UKATEGORIE,UART,UTYP1,IstRad,IstPKW,IstFuss,IstKrad,IstSonstig,LICHT,STRZUSTAND,LINREFX,LINREFY,XGCSWGS84,YGCSWGS84
153336,8.17072E+18,8,2,22,0,2017,7,14,6,3,5,3,1,1,0,0,0,0,0,4.60984E+20,5.48164E+21,8.46132E+15,4.94862E+16
153337,8.17072E+18,8,2,21,0,2017,7,13,6,3,0,2,1,1,0,0,0,0,0,4.76714E+20,5.47387E+21,8.67895E+15,4.9417E+16
153338,8.17072E+18,8,2,21,0,2017,7,14,6,3,1,6,0,1,0,0,0,0,0,4.77762E+20,5.47351E+21,8.69342E+15,4.94138E+16
153339,8.17072E+18,8,2,16,17,2017,7,17,6,3,5,3,0,1,0,0,0,0,0,4.51761E+20,5.40223E+21,8.34348E+15,4.87712E+16
153340,8.17072E+18,8,2,11,0,2017,7,23,6,3,6,7,0,1,1,0,0,2,0,4.39815E+20,5.39909E+21,8.18137E+15,4.87419E+16
153341,8.17072E+18,8,1,36,19,2017,7,7,6,3,5,3,1,1,0,0,0,0,0,5.82895E+20,5.42395E+21,1.01325E+16,4.89629E+16
153342,8.17072E+18,8,1,36,21,2017,7,15,6,3,2,6,0,1,0,0,0,0,0,5.75443E+20,5.40679E+21,1.00275E+16,4.88095E+16
153343,8.17072E+18,8,1,25,65,2017,7,12,6,3,2,6,0,1,0,0,0,0,0,5.16851E+20,5.44918E+21,9.23129E+15,4.91952E+16
153344,8.17072E+18,8,1,21,0,2017,7,17,6,3,6,4,0,1,1,0,0,0,0,5.1598E+20,5.44346E+21,9.21911E+15,4.91437E+16
153345,8.17072E+18,8,1,21,0,2017,7,8,6,3,1,5,1,1,0,0,0,0,0,5.17298E+20,5.44235E+21,9.23714E+15,4.91337E+16
153346,8.17072E+18,8,1,19,90,2017,7,19,6,2,6,4,0,1,1,0,0,0,0,5.30427E+20,5.40653E+21,9.41443E+15,4.8811E+16
153347,8.17072E+18,8,1,18,67,2017,7,15,6,3,1,7,1,1,0,0,0,0,0,5.0523E+20,5.41329E+21,9.07132E+15,4.88725E+16
153348,8.17072E+18,8,1,18,79,2017,7,11,6,3,5,3,1,1,0,0,0,0,0,5.10689E+20,5.42146E+21,9.14599E+15,4.8946E+16
153349,8.17072E+18,8,1,17,53,2017,7,7,6,3,5,3,1,1,0,0,0,0,0,5.50391E+20,5.40134E+21,9.6857E+15,4.8763E+16
153350,8.17072E+18,8,1,16,19,2017,7,15,6,3,2,6,0,1,0,0,0,0,0,5.24322E+20,5.39752E+21,9.33075E+15,4.87303E+16
153351,8.17072E+18,8,1,16,56,2017,7,14,6,3,8,1,0,1,0,0,0,0,0,5.31865E+20,5.39608E+21,9.43321E+15,4.87169E+16
153352,8.17072E+18,8,1,15,3,2017,7,9,6,3,5,2,1,1,0,0,0,0,0,5.00827E+20,5.39094E+21,9.01124E+15,4.86715E+16
153353,8.17072E+18,8,1,11,0,2017,7,21,6,3,3,6,0,1,0,0,0,1,1,5.1144E+20,5.40245E+21,9.1557E+15,4.8775E+16
153354,8.17072E+18,8,1,11,0,2017,7,17,6,3,5,2,1,1,0,0,0,0,0,5.06828E+20,5.39842E+21,9.09287E+15,4.87388E+16
153355,8.17072E+18,8,1,11,0,2017,7,14,6,3,5,2,0,1,0,1,0,0,0,5.12279E+20,5.4029E+21,9.16714E+15,4.8779E+16
153356,8.17072E+18,8,1,11,0,2017,7,16,6,3,5,2,0,1,0,1,0,0,0,5.14064E+20,5.40326E+21,9.19145E+15,4.87822E+16
153357,8.17072E+18,8,1,11,0,2017,7,13,6,3,5,2,1,1,0,0,0,0,0,5.13263E+20,5.40899E+21,9.18072E+15,4.88337E+16
153358,8.17072E+18,8,1,11,0,2017,7,8,6,3,2,6,0,1,0,0,0,0,0,5.1577E+20,5.39852E+21,9.2145E+15,4.87395E+16
153359,8.17072E+18,8,1,11,0,2017,7,17,6,3,5,3,1,1,0,0,0,0,0,5.11746E+20,5.3965E+21,9.1597E+15,4.87214E+16
153360,8.17072E+18,8,1,11,0,2017,7,13,6,3,2,6,0,1,0,0,0,0,0,5.139E+20,5.40585E+21,9.1893E+15,4.88055E+16
153361,8.17072E+18,8,4,26,13,2017,7,15,5,3,5,3,1,1,0,0,0,0,0,5.45019E+20,5.32333E+21,9.60423E+15,4.80617E+16
153362,8.17072E+18,8,4,21,0,2017,7,14,5,3,5,3,0,1,0,0,1,0,1,5.71868E+20,5.36089E+21,9.97092E+15,4.83971E+16
153363,8.17072E+18,8,4,21,0,2017,7,7,5,3,0,4,0,0,1,0,1,0,0,5.73443E+20,5.36093E+21,9.9922E+15,4.83972E+16
153364,8.17072E+18,8,4,25,33,2017,7,13,5,3,5,3,1,1,0,0,0,0,1,5.53697E+20,5.34777E+21,9.72378E+15,4.82808E+16
153365,8.17072E+18,8,4,17,13,2017,7,12,5,3,0,1,1,0,0,0,0,0,1,5.07759E+20,5.34876E+21,9.1046E+15,4.82919E+16
153366,8.17072E+18,8,4,16,41,2017,7,11,5,3,0,1,1,0,0,0,0,0,1,5.04283E+20,5.37392E+21,9.058E+15,4.85184E+16
153367,8.17072E+18,8,4,16,41,2017,7,20,5,3,1,5,1,1,0,0,0,0,0,5.04638E+20,5.3738E+21,9.0628E+15,4.85173E+16
153368,8.17072E+18,8,4,16,41,2017,7,15,5,3,0,7,1,0,0,0,0,0,0,5.05824E+20,5.37551E+21,9.07889E+15,4.85327E+16
153369,8.17072E+18,8,4,15,61,2017,7,2,5,2,0,5,0,1,0,1,0,2,0,5.15023E+20,5.37489E+21,9.20347E+15,4.85269E+16
153370,8.17072E+18,8,4,15,61,2017,7,9,5,3,5,3,0,1,0,0,0,0,0,5.14699E+20,5.37262E+21,9.19901E+15,4.85065E+16
153371,8.17072E+18,8,3,37,125,2017,7,14,5,2,5,2,1,1,0,0,0,0,0,4.47452E+20,5.27126E+21,8.30105E+15,4.75926E+16
153372,8.17072E+18,8,3,36,91,2017,7,11,5,3,8,1,0,1,0,0,0,0,1,3.95044E+20,5.27367E+21,7.60353E+15,4.76079E+16
153373,8.17072E+18,8,3,36,84,2017,7,16,5,3,5,3,0,1,0,1,0,0,0,4.05128E+20,5.27747E+21,7.73684E+15,4.76437E+16
153374,8.17072E+18,8,3,35,79,2017,7,14,5,3,5,3,0,1,0,0,1,0,0,5.00301E+20,5.29955E+21,9.00403E+15,4.78493E+16
153375,8.17072E+18,8,3,35,75,2017,7,7,5,3,0,3,0,1,0,1,0,0,1,4.88885E+20,5.28806E+21,8.85172E+15,4.77458E+16
153376,8.17072E+18,8,3,35,75,2017,7,14,5,2,1,5,0,1,0,1,0,0,0,4.88443E+20,5.28988E+21,8.84578E+15,4.77621E+16
153377,8.17072E+18,8,3,35,63,2017,7,20,5,3,0,1,1,0,0,0,0,1,0,4.97581E+20,5.2888E+21,8.96773E+15,4.77525E+16
153378,8.17072E+18,8,3,26,12,2017,7,21,5,3,9,7,0,1,0,0,0,2,0,4.63695E+20,5.31358E+21,8.51354E+15,4.79745E+16
153379,8.17072E+18,8,3,17,96,2017,7,20,5,2,0,7,1,0,0,0,0,1,0,4.21899E+20,5.36817E+21,7.94353E+15,4.84618E+16
153380,8.17072E+18,8,3,17,122,2017,7,17,5,2,2,6,1,0,0,1,0,0,0,4.1727E+20,5.36737E+21,7.8811E+15,4.8454E+16
153381,8.17072E+18,8,3,17,57,2017,7,14,5,2,5,3,1,1,0,0,0,0,0,4.13839E+20,5.37945E+21,7.8322E+15,4.85622E+16
153382,8.17072E+18,8,3,11,0,2017,7,23,5,3,0,1,1,0,0,0,0,2,0,4.1316E+20,5.31543E+21,7.83615E+15,4.79862E+16
153383,8.17072E+18,8,3,11,0,2017,7,10,5,3,0,7,1,0,0,0,0,0,0,4.14471E+20,5.31925E+21,7.85296E+15,4.80208E+16
153384,8.17072E+18,8,3,36,91,2017,7,16,5,3,2,6,0,1,0,0,1,0,0,3.94784E+20,5.27291E+21,7.60026E+15,4.76011E+16
153385,8.17072E+18,8,2,31,0,2017,7,13,5,3,1,6,0,1,0,0,0,0,0,4.78871E+20,5.41573E+21,8.71174E+15,4.88941E+16
153386,8.17072E+18,8,2,15,108,2017,7,8,5,2,6,4,0,1,1,0,0,0,0,4.47718E+20,5.42357E+21,8.28573E+15,4.89628E+16
153387,8.17072E+18,8,2,37,40,2017,7,8,5,2,0,1,1,0,0,0,0,0,0,4.76124E+20,5.36542E+21,8.67717E+15,4.84414E+16
153388,8.17072E+18,8,2,35,65,2017,7,19,5,2,5,3,1,1,0,0,0,0,0,4.73835E+20,5.40394E+21,8.64379E+15,4.87879E+16
153389,8.17072E+18,8,2,26,98,2017,7,12,5,3,5,3,1,1,0,0,0,0,1,4.76644E+20,5.45976E+21,8.6788E+15,4.92901E+16
153390,8.17072E+18,8,2,26,84,2017,7,13,5,3,5,3,1,1,0,0,0,0,0,4.69856E+20,5.46969E+21,8.58471E+15,4.93792E+16
153391,8.17072E+18,8,2,26,84,2017,7,18,5,3,2,6,0,1,0,0,0,0,0,4.69123E+20,5.46992E+21,8.5746E+15,4.93812E+16
153392,8.17072E+18,8,2,25,14,2017,7,14,5,3,0,1,0,0,0,1,0,0,1,5.24003E+20,5.48636E+21,9.3317E+15,4.95294E+16
153393,8.17072E+18,8,2,26,105,2017,7,11,5,3,5,3,1,1,0,0,0,0,0,4.7052E+20,5.47976E+21,8.59311E+15,4.94698E+16
153394,8.17072E+18,8,2,26,38,2017,7,17,5,2,5,2,0,1,0,1,0,0,0,4.70854E+20,5.48065E+21,8.59765E+15,4.94778E+16
153395,8.17072E+18,8,2,22,0,2017,7,18,5,2,0,7,0,0,0,1,0,0,1,4.65371E+20,5.48486E+21,8.52161E+15,4.95153E+16
153396,8.17072E+18,8,2,22,0,2017,7,18,5,3,5,2,1,1,0,0,0,0,0,4.62002E+20,5.48216E+21,8.47532E+15,4.94909E+16
153397,8.17072E+18,8,2,21,0,2017,7,13,5,3,5,3,1,1,0,0,0,0,0,4.75535E+20,5.47021E+21,8.66292E+15,4.93841E+16
153398,8.17072E+18,8,2,21,0,2017,7,12,5,2,1,6,0,1,0,0,0,0,1,4.77335E+20,5.46907E+21,8.68779E+15,4.9374E+16
153399,8.17072E+18,8,2,12,0,2017,7,12,5,3,5,3,1,1,0,0,0,0,0,4.55135E+20,5.42927E+21,8.38642E+15,4.90147E+16
153400,8.17072E+18,8,2,12,0,2017,7,17,5,3,0,1,1,0,0,0,0,0,1,4.56333E+20,5.42877E+21,8.40286E+15,4.90103E+16
153401,8.17072E+18,8,2,15,17,2017,7,8,5,3,4,6,0,1,0,0,1,0,0,4.54829E+20,5.41974E+21,8.3833E+15,4.89289E+16
153402,8.17072E+18,8,1,18,48,2017,7,21,5,2,5,3,0,1,0,1,0,2,0,5.13806E+20,5.41581E+21,9.18835E+15,4.88951E+16
153403,8.17072E+18,8,1,35,19,2017,7,10,5,3,1,6,0,1,0,0,0,0,0,5.84801E+20,5.39256E+21,1.0152E+16,4.86803E+16
153404,8.17072E+18,8,1,27,14,2017,7,18,5,3,6,4,0,0,1,0,1,0,0,5.7902E+20,5.44267E+21,1.00832E+16,4.91317E+16
153405,8.17072E+18,8,1,25,58,2017,7,15,5,2,5,3,0,1,0,1,0,0,0,5.09512E+20,5.4443E+21,9.13045E+15,4.91514E+16
153406,8.17072E+18,8,1,25,65,2017,7,12,5,3,4,2,1,1,0,0,0,0,1,5.16048E+20,5.44736E+21,9.2202E+15,4.91788E+16
153407,8.17072E+18,8,1,19,55,2017,7,9,5,2,0,7,0,1,0,0,0,0,0,5.44462E+20,5.40513E+21,9.60544E+15,4.87976E+16
153408,8.17072E+18,8,1,19,20,2017,7,16,5,3,2,6,0,1,0,0,0,0,0,5.18989E+20,5.40724E+21,9.25868E+15,4.88179E+16
153409,8.17072E+18,8,1,18,48,2017,7,12,5,3,0,3,0,1,0,0,1,0,1,5.14619E+20,5.41535E+21,9.19944E+15,4.8891E+16
153410,8.17072E+18,8,1,18,48,2017,7,13,5,3,0,7,0,0,0,0,1,0,1,5.13642E+20,5.41547E+21,9.18612E+15,4.88921E+16
153411,8.17072E+18,8,1,16,33,2017,7,20,5,3,5,3,0,1,0,0,0,0,1,5.34058E+20,5.38775E+21,9.46233E+15,4.86419E+16
153412,8.17072E+18,8,1,16,33,2017,7,14,5,3,2,6,0,1,0,0,0,0,1,5.33543E+20,5.38728E+21,9.45531E+15,4.86377E+16
153413,8.17072E+18,8,1,16,77,2017,7,7,5,3,0,1,1,0,0,0,0,0,0,5.16561E+20,5.39179E+21,9.22498E+15,4.86789E+16
153414,8.17073E+18,8,4,35,16,2017,7,14,3,3,5,3,1,1,0,0,0,0,1,5.37056E+20,5.2781E+21,9.49348E+15,4.76552E+16
153415,8.1708E+18,8,2,15,9,2017,8,16,3,3,5,3,1,0,0,0,0,0,0,4.69509E+20,5.44144E+21,8.58208E+15,4.91251E+16
153416,8.1708E+18,8,2,12,0,2017,8,7,3,3,5,3,1,1,0,0,0,0,0,4.597E+20,5.43046E+21,8.44873E+15,4.90257E+16
153417,8.1708E+18,8,2,11,0,2017,8,17,3,3,5,3,1,1,0,0,0,0,0,4.40497E+20,5.40467E+21,8.18985E+15,4.87921E+16
153418,8.1708E+18,8,1,36,49,2017,8,10,3,3,6,1,0,0,0,0,1,0,0,5.66474E+20,5.41777E+21,9.90719E+15,4.89093E+16
153419,8.1708E+18,8,1,36,88,2017,8,17,3,3,5,3,0,1,0,0,0,0,0,5.78848E+20,5.40985E+21,1.00745E+16,4.88366E+16
153420,8.1708E+18,8,1,35,19,2017,8,19,3,3,9,1,0,1,0,1,0,0,0,5.85505E+20,5.39247E+21,1.01616E+16,4.86794E+16
153421,8.1708E+18,8,4,25,72,2017,8,19,3,2,8,1,0,1,0,0,0,0,0,5.81958E+20,5.37285E+21,1.01095E+16,4.85034E+16
153422,8.1708E+18,8,1,21,0,2017,8,16,3,3,6,7,1,0,1,0,0,0,0,5.1613E+20,5.4443E+21,9.22121E+15,4.91513E+16
153423,8.1708E+18,8,1,19,8,2017,8,13,3,3,0,2,1,0,0,0,0,0,0,5.32047E+20,5.42111E+21,9.43764E+15,4.8942E+16
153424,8.1708E+18,8,1,18,7,2017,8,10,3,3,6,2,1,0,1,0,0,0,0,5.10151E+20,5.42719E+21,9.13878E+15,4.89975E+16
153425,8.1708E+18,8,1,15,45,2017,8,7,3,3,0,7,0,0,0,0,1,0,0,5.00588E+20,5.39345E+21,9.00799E+15,4.86941E+16
153426,8.1708E+18,8,1,17,12,2017,8,14,3,3,4,7,0,1,0,0,1,0,0,5.45361E+20,5.38751E+21,9.61574E+15,4.8639E+16
153427,8.1708E+18,8,1,16,47,2017,8,13,3,2,1,7,0,0,1,0,1,0,0,5.20496E+20,5.3921E+21,9.27844E+15,4.86816E+16
153428,8.1708E+18,8,1,15,3,2017,8,7,3,3,5,2,1,1,0,0,0,0,0,4.99776E+20,5.39249E+21,8.99696E+15,4.86854E+16
153429,8.1708E+18,8,1,15,3,2017,8,15,3,3,5,3,1,1,0,0,0,0,0,5.01835E+20,5.39208E+21,9.02493E+15,4.86818E+16
153430,8.1708E+18,8,1,11,0,2017,8,17,3,3,0,7,0,1,0,1,0,0,0,5.14919E+20,5.40948E+21,9.20332E+15,4.88381E+16
153431,8.1708E+18,8,1,11,0,2017,8,6,3,3,5,3,1,1,0,0,0,0,0,5.12053E+20,5.4106E+21,9.16429E+15,4.88482E+16
153432,8.1708E+18,8,1,11,0,2017,8,11,3,3,5,3,1,0,0,0,1,0,0,5.11582E+20,5.39768E+21,9.1575E+15,4.8732E+16
153433,8.1708E+18,8,1,11,0,2017,8,20,3,3,0,3,0,1,0,1,0,1,1,5.07185E+20,5.39756E+21,9.0977E+15,4.87311E+16
153434,8.17073E+18,8,4,37,44,2017,7,19,2,3,4,6,1,0,0,0,0,0,0,5.31927E+20,5.32331E+21,9.42852E+15,4.80623E+16
153435,8.17073E+18,8,4,36,52,2017,7,16,2,2,4,2,0,1,0,1,0,0,0,5.65921E+20,5.29371E+21,9.88021E+15,4.77933E+16
153436,8.17073E+18,8,4,36,82,2017,7,16,2,3,5,3,1,1,0,0,0,0,0,5.47808E+20,5.29485E+21,9.6385E+15,4.78052E+16
153437,8.17073E+18,8,4,35,16,2017,7,8,2,3,0,1,1,0,0,0,0,0,0,5.358E+20,5.27852E+21,9.47679E+15,4.76591E+16
153438,8.17073E+18,8,4,25,39,2017,7,17,2,3,5,3,1,1,0,0,0,0,0,5.66204E+20,5.35292E+21,9.89316E+15,4.8326E+16
153439,8.17073E+18,8,4,25,28,2017,7,17,2,3,4,2,1,1,0,0,0,0,0,5.7969E+20,5.33952E+21,1.00725E+16,4.82039E+16
153440,8.17073E+18,8,4,21,0,2017,7,17,2,3,2,6,0,1,0,0,0,0,0,5.72459E+20,5.36067E+21,9.97886E+15,4.8395E+16
153441,8.17073E+18,8,4,21,0,2017,7,18,2,3,4,2,1,1,0,0,0,0,0,5.73106E+20,5.36092E+21,9.98764E+15,4.83972E+16
153442,8.17073E+18,8,4,16,41,2017,7,18,2,3,1,5,1,1,0,0,0,0,0,5.04009E+20,5.37206E+21,9.05428E+15,4.85016E+16
153443,8.17073E+18,8,4,16,25,2017,7,14,2,2,5,3,1,1,0,0,0,0,0,5.02525E+20,5.36121E+21,9.03412E+15,4.84041E+16
153444,8.17073E+18,8,4,15,53,2017,7,13,2,3,3,2,1,1,0,0,0,0,0,5.38259E+20,5.36222E+21,9.51702E+15,4.84119E+16
153445,8.17073E+18,8,3,37,96,2017,7,21,2,3,6,7,0,1,1,0,0,1,0,4.18487E+20,5.26828E+21,7.91638E+15,4.75628E+16
153446,8.17073E+18,8,3,37,96,2017,7,17,2,3,0,1,1,0,0,0,1,0,0,4.22122E+20,5.26781E+21,7.96479E+15,4.75591E+16
153447,8.17073E+18,8,3,35,75,2017,7,16,2,3,2,2,0,1,0,0,0,0,0,4.88572E+20,5.29002E+21,8.84749E+15,4.77635E+16
153448,8.17073E+18,8,3,35,75,2017,7,12,2,3,5,3,1,1,0,0,0,0,0,4.87786E+20,5.2897E+21,8.83701E+15,4.77606E+16
153449,8.17073E+18,8,3,35,61,2017,7,19,2,3,5,3,0,1,0,0,0,0,0,4.91808E+20,5.27845E+21,8.89089E+15,4.76594E+16
153450,8.17073E+18,8,3,35,63,2017,7,8,2,3,5,3,1,1,0,0,0,0,0,4.98086E+20,5.28756E+21,8.97447E+15,4.77414E+16
153451,8.17073E+18,8,3,35,63,2017,7,12,2,3,8,7,1,0,0,0,0,0,0,4.9712E+20,5.28769E+21,8.96158E+15,4.77425E+16
153452,8.17073E+18,8,3,25,53,2017,7,15,2,3,6,4,0,1,1,0,0,0,0,4.56099E+20,5.34143E+21,8.4089E+15,4.82245E+16
153453,8.17073E+18,8,3,25,70,2017,7,21,2,2,5,3,1,1,0,0,0,2,0,4.6237E+20,5.34831E+21,8.49273E+15,4.82869E+16
153454,8.17073E+18,8,3,17,96,2017,7,16,2,3,4,6,1,0,0,0,0,0,0,4.21888E+20,5.36793E+21,7.94344E+15,4.84596E+16
153455,8.17073E+18,8,3,17,96,2017,7,10,2,3,2,6,0,1,0,0,0,0,0,4.23476E+20,5.36902E+21,7.96471E+15,4.84697E+16
153456,8.17073E+18,8,3,17,75,2017,7,10,2,3,5,3,1,1,0,0,0,0,0,4.09093E+20,5.36263E+21,7.77156E+15,4.84102E+16
153457,8.17073E+18,8,3,17,57,2017,7,11,2,2,5,3,0,1,0,1,0,0,0,4.13917E+20,5.37317E+21,7.83455E+15,4.85057E+16
153458,8.17073E+18,8,3,16,56,2017,7,12,2,3,4,6,0,0,0,1,1,0,0,4.2355E+20,5.32687E+21,7.97334E+15,4.80905E+16
153459,8.17073E+18,8,3,16,11,2017,7,11,2,3,8,1,0,1,0,0,0,0,0,4.14637E+20,5.33007E+21,7.85303E+15,4.81181E+16
153460,8.17073E+18,8,3,11,0,2017,7,22,2,2,4,6,1,0,0,0,0,2,0,4.10532E+20,5.31843E+21,7.80032E+15,4.80129E+16
153461,8.17073E+18,8,3,11,0,2017,7,22,2,3,0,3,0,1,0,1,0,2,0,4.13583E+20,5.31904E+21,7.8411E+15,4.80188E+16
153462,8.17073E+18,8,3,11,0,2017,7,10,2,2,5,3,1,0,1,0,0,0,0,4.12145E+20,5.31877E+21,7.82187E+15,4.80162E+16
153463,8.17073E+18,8,3,11,0,2017,7,22,2,3,2,6,0,1,0,1,0,2,0,4.12124E+20,5.31631E+21,7.82209E+15,4.7994E+16
153464,8.17073E+18,8,2,12,0,2017,7,10,2,2,5,3,0,1,0,0,0,0,0,4.54266E+20,5.42886E+21,8.37459E+15,4.90109E+16
153465,8.17073E+18,8,2,12,0,2017,7,9,2,3,5,2,1,1,0,0,0,0,0,4.57342E+20,5.42857E+21,8.41668E+15,4.90085E+16
153466,8.17073E+18,8,2,31,0,2017,7,21,2,3,1,1,0,1,0,1,0,1,0,4.78202E+20,5.41552E+21,8.70262E+15,4.88922E+16
153467,8.17073E+18,8,2,31,0,2017,7,16,2,3,3,6,1,1,0,0,0,0,0,4.7615E+20,5.4154E+21,8.67463E+15,4.88911E+16
153468,8.17073E+18,8,2,26,98,2017,7,16,2,3,5,3,0,1,0,1,0,0,0,4.76258E+20,5.46097E+21,8.67343E+15,4.9301E+16
153469,8.17073E+18,8,2,26,41,2017,7,18,2,3,5,3,1,1,0,0,0,0,0,4.77426E+20,5.46678E+21,8.68916E+15,4.93533E+16
153470,8.17073E+18,8,2,22,0,2017,7,13,2,3,6,6,0,1,1,0,0,0,0,4.60082E+20,5.48793E+21,8.44823E+15,4.95427E+16
153471,8.17073E+18,8,2,22,0,2017,7,18,2,3,1,5,0,1,0,1,0,0,0,4.63032E+20,5.4779E+21,8.48994E+15,4.94526E+16
153472,8.17073E+18,8,2,21,0,2017,7,14,2,3,3,6,1,0,0,0,0,0,0,4.76536E+20,5.47346E+21,8.67652E+15,4.94134E+16
153473,8.17073E+18,8,2,21,0,2017,7,13,2,3,0,4,0,0,1,0,1,0,1,4.76714E+20,5.47284E+21,8.67901E+15,4.94078E+16
153474,8.17073E+18,8,2,16,41,2017,7,12,2,3,5,5,0,1,0,1,0,0,0,4.34716E+20,5.39193E+21,8.11316E+15,4.8677E+16
153475,8.17073E+18,8,2,12,0,2017,7,17,2,3,4,6,1,0,0,0,0,0,0,4.55676E+20,5.42401E+21,8.39439E+15,4.89674E+16
153476,8.17073E+18,8,1,36,19,2017,7,18,2,3,0,7,0,0,0,0,1,0,0,5.8273E+20,5.42406E+21,1.01303E+16,4.8964E+16
153477,8.17073E+18,8,1,25,65,2017,7,13,2,3,5,3,1,1,0,0,0,0,0,5.16073E+20,5.44724E+21,9.22054E+15,4.91778E+16
153478,8.17073E+18,8,1,25,87,2017,7,7,2,3,9,1,0,1,0,0,1,0,0,5.06533E+20,5.45722E+21,9.08981E+15,4.92677E+16
153479,8.17073E+18,8,1,19,79,2017,7,19,2,3,2,7,0,1,0,1,0,0,0,5.21982E+20,5.40714E+21,9.29944E+15,4.88169E+16
153480,8.17073E+18,8,1,19,8,2017,7,10,2,3,0,7,1,0,0,0,0,0,0,5.31534E+20,5.42171E+21,9.43068E+15,4.89475E+16
153481,8.17073E+18,8,1,18,48,2017,7,10,2,3,6,7,0,1,1,0,0,0,0,5.13465E+20,5.4154E+21,9.18369E+15,4.88914E+16
153482,8.17073E+18,8,1,35,19,2017,7,22,2,3,0,1,1,0,0,0,0,2,0,5.84781E+20,5.3925E+21,1.01518E+16,4.86798E+16
153483,8.17073E+18,8,1,16,19,2017,7,12,2,3,0,6,0,0,0,0,1,0,0,5.22379E+20,5.39835E+21,9.30437E+15,4.87378E+16
153484,8.17073E+18,8,1,15,45,2017,7,10,2,3,5,3,0,1,0,0,0,0,0,5.00592E+20,5.39734E+21,9.00805E+15,4.87291E+16
153485,8.17073E+18,8,1,15,3,2017,7,21,2,3,8,1,0,1,0,0,0,1,0,4.99101E+20,5.39284E+21,8.98779E+15,4.86886E+16
153486,8.17073E+18,8,1,11,0,2017,7,17,2,3,2,7,0,1,0,0,0,0,0,5.13482E+20,5.40524E+21,9.18359E+15,4.88E+16
153487,8.17073E+18,8,1,11,0,2017,7,13,2,3,5,3,0,1,0,1,0,0,0,5.07876E+20,5.40783E+21,9.1073E+15,4.88234E+16
153488,8.17073E+18,8,1,11,0,2017,7,18,2,3,2,6,0,1,0,1,0,0,0,5.1199E+20,5.40638E+21,9.16331E+15,4.88103E+16
153489,8.17073E+18,8,1,11,0,2017,7,15,2,2,0,7,0,0,1,0,1,0,0,5.14445E+20,5.40406E+21,9.19667E+15,4.87894E+16
153490,8.17073E+18,8,4,26,70,2017,7,21,1,2,0,1,1,0,0,0,0,2,1,5.66302E+20,5.34332E+21,9.89297E+15,4.82397E+16
153491,8.17073E+18,8,4,25,20,2017,7,20,1,3,0,7,1,0,0,0,1,0,0,5.59044E+20,5.36336E+21,9.79803E+15,4.84206E+16
153492,8.17073E+18,8,4,15,61,2017,7,5,1,3,6,7,0,1,1,0,0,1,0,5.1543E+20,5.37135E+21,9.20886E+15,4.84951E+16
153493,8.17073E+18,8,4,15,61,2017,7,1,1,3,5,3,0,1,0,0,0,2,0,5.16549E+20,5.37063E+21,9.22397E+15,4.84886E+16
153494,8.17073E+18,8,4,15,93,2017,7,20,1,2,0,5,0,1,0,1,0,1,1,5.25947E+20,5.36764E+21,9.35098E+15,4.84613E+16
153495,8.17073E+18,8,3,37,2,2017,7,20,1,3,0,1,0,0,0,1,0,0,1,4.35522E+20,5.27284E+21,8.14214E+15,4.76057E+16
153496,8.17073E+18,8,3,35,43,2017,7,16,1,3,0,3,1,1,0,0,0,0,0,5.11017E+20,5.28081E+21,9.14679E+15,4.76806E+16
153497,8.17073E+18,8,3,27,50,2017,7,9,1,3,5,3,0,1,0,1,0,0,0,4.8564E+20,5.31411E+21,8.80757E+15,4.79801E+16
153498,8.17073E+18,8,3,26,12,2017,7,16,1,3,1,5,1,1,0,0,0,0,0,4.61977E+20,5.31099E+21,8.49076E+15,4.79511E+16
153499,8.17073E+18,8,4,17,54,2017,7,10,1,2,0,7,1,0,0,0,1,0,0,4.79787E+20,5.34336E+21,8.72775E+15,4.82431E+16
153500,8.17073E+18,8,3,17,96,2017,7,13,1,3,2,6,0,1,0,0,0,0,0,4.21075E+20,5.36781E+21,7.93247E+15,4.84584E+16
153501,8.17073E+18,8,3,17,96,2017,7,14,1,3,2,6,0,1,0,0,0,0,1,4.231E+20,5.372E+21,7.95908E+15,4.84964E+16
153502,8.17073E+18,8,3,17,116,2017,7,1,1,3,8,1,0,0,0,1,0,2,0,4.35238E+20,5.38718E+21,8.12099E+15,4.86343E+16
153503,8.17073E+18,8,3,11,0,2017,7,21,1,3,8,1,1,0,0,0,0,2,1,4.12609E+20,5.31567E+21,7.82872E+15,4.79883E+16
153504,8.17073E+18,8,2,31,0,2017,7,14,1,3,6,7,0,1,1,0,0,0,0,4.80432E+20,5.41174E+21,8.73323E+15,4.88583E+16
153505,8.17073E+18,8,2,26,91,2017,7,23,1,3,8,1,0,1,0,1,0,2,0,4.94158E+20,5.46072E+21,8.91964E+15,4.92992E+16
153506,8.17073E+18,8,2,26,62,2017,7,23,1,2,1,5,0,1,0,1,0,2,0,4.69672E+20,5.46831E+21,8.58228E+15,4.93668E+16
153507,8.17073E+18,8,2,26,84,2017,7,13,1,2,1,7,0,1,0,0,0,0,0,4.68785E+20,5.47048E+21,8.5699E+15,4.93862E+16
153508,8.17073E+18,8,2,16,43,2017,7,12,1,3,5,2,0,1,0,1,0,0,0,4.41219E+20,5.41249E+21,8.19855E+15,4.88625E+16