OBJECTID,UIDENTSTLA,ULAND,UREGBEZ,UKREIS,UGEMEINDE,UJAHR,UMONAT,USTUNDE,UWOCHENTAG,UKATEGORIE,UART,UTYP1,IstRad,IstPKW,IstFuss,IstKrad,IstSonstig,LICHT,STRZUSTAND,LINREFX,LINREFY,XGCSWGS84,YGCSWGS84
153509,8.17073E+18,8,2,15,39,2017,7,5,1,3,8,1,0,1,0,0,0,0,0,4.73014E+20,5.45114E+21,8.62947E+15,4.92124E+16
153510,8.17073E+18,8,2,15,102,2017,7,20,1,3,8,1,0,0,0,1,0,1,0,4.56146E+20,5.43563E+21,8.39956E+15,4.9072E+16
153511,8.17073E+18,8,2,15,46,2017,7,18,1,3,5,3,0,1,0,0,0,0,0,4.55226E+20,5.41321E+21,8.38944E+15,4.88702E+16
153512,8.17073E+18,8,3,17,57,2017,7,8,1,2,9,1,0,1,0,0,0,0,0,4.14719E+20,5.37971E+21,7.84407E+15,4.85646E+16
153513,8.17073E+18,8,4,21,0,2017,7,1,1,3,5,1,0,1,0,0,0,2,0,5.73074E+20,5.36092E+21,9.98721E+15,4.83972E+16
153514,8.17073E+18,8,1,28,39,2017,7,17,1,2,0,1,0,0,0,1,0,0,0,5.23324E+20,5.511E+21,9.32378E+15,4.97511E+16
153515,8.17073E+18,8,1,19,37,2017,7,17,1,3,5,3,1,0,0,0,0,0,0,5.46884E+20,5.41975E+21,9.64009E+15,4.89289E+16
153516,8.17073E+18,8,1,18,48,2017,7,13,1,3,0,5,1,0,0,0,1,0,0,5.16003E+20,5.41788E+21,9.21841E+15,4.89137E+16
153517,8.17073E+18,8,1,18,48,2017,7,13,1,3,0,7,0,1,0,0,1,0,0,5.16064E+20,5.41822E+21,9.21927E+15,4.89167E+16
153518,8.17073E+18,8,1,18,48,2017,7,22,1,3,5,7,0,1,0,0,0,2,0,5.14199E+20,5.41593E+21,9.19373E+15,4.88961E+16
153519,8.17073E+18,8,1,16,49,2017,7,18,1,3,8,1,0,1,0,0,0,0,0,5.2549E+20,5.38579E+21,9.34591E+15,4.86247E+16
153520,8.17073E+18,8,1,16,78,2017,7,17,1,3,1,5,0,1,0,0,0,0,0,5.09683E+20,5.39427E+21,9.1316E+15,4.87014E+16
153521,8.17073E+18,8,1,16,15,2017,7,0,1,2,5,3,0,1,0,1,0,2,0,5.23419E+20,5.39387E+21,9.31825E+15,4.86975E+16
153522,8.17073E+18,8,1,11,0,2017,7,18,1,3,3,6,0,1,0,1,0,0,0,5.13518E+20,5.40861E+21,9.1842E+15,4.88303E+16
153523,8.17073E+18,8,4,36,9,2017,7,13,7,3,6,6,0,1,1,0,0,0,0,5.56465E+20,5.3077E+21,9.75578E+15,4.79202E+16
153524,8.17073E+18,8,4,36,64,2017,7,18,7,3,0,7,1,0,0,0,0,0,0,5.45415E+20,5.29221E+21,9.60626E+15,4.77816E+16
153525,8.17073E+18,8,4,26,28,2017,7,19,7,2,9,1,1,0,0,0,0,0,0,5.69159E+20,5.34163E+21,9.93117E+15,4.82241E+16
153526,8.17073E+18,8,4,16,36,2017,7,12,7,3,0,7,1,0,0,0,0,0,0,4.96015E+20,5.36889E+21,8.94608E+15,4.84731E+16
153527,8.17073E+18,8,4,15,61,2017,7,11,7,3,5,3,0,1,0,1,0,0,0,5.14661E+20,5.37168E+21,9.19846E+15,4.84981E+16
153528,8.17073E+18,8,3,37,66,2017,7,15,7,3,8,1,0,1,0,0,0,0,0,4.30228E+20,5.26971E+21,8.07221E+15,4.75771E+16
153529,8.17073E+18,8,3,26,74,2017,7,17,7,3,1,7,1,1,0,0,0,0,0,4.66676E+20,5.32353E+21,8.55272E+15,4.80641E+16
153530,8.17073E+18,8,3,17,57,2017,7,9,7,3,5,3,1,1,0,0,0,0,0,4.12762E+20,5.38119E+21,7.81724E+15,4.85777E+16
153531,8.17073E+18,8,3,17,1,2017,7,11,7,3,5,3,0,1,0,1,0,0,0,4.3158E+20,5.38639E+21,8.07148E+15,4.86268E+16
153532,8.17073E+18,8,3,16,12,2017,7,19,7,3,5,3,1,0,0,0,0,0,0,4.03225E+20,5.33317E+21,7.69902E+15,4.81444E+16
153533,8.17073E+18,8,3,11,0,2017,7,13,7,3,5,7,1,1,0,0,0,0,0,4.11969E+20,5.31591E+21,7.82009E+15,4.79904E+16
153534,8.17073E+18,8,3,15,64,2017,7,8,7,3,5,2,0,1,0,1,0,0,0,4.22406E+20,5.31326E+21,7.96045E+15,4.79679E+16
153535,8.17073E+18,8,2,12,0,2017,7,20,7,3,6,1,1,0,1,0,0,0,0,4.56235E+20,5.42846E+21,8.40156E+15,4.90075E+16
153536,8.17073E+18,8,2,36,62,2017,7,19,7,3,4,1,0,1,0,1,0,0,0,4.86537E+20,5.40457E+21,8.81669E+15,4.8794E+16
153537,8.17073E+18,8,2,36,40,2017,7,12,7,3,6,4,1,0,1,0,0,0,0,4.85388E+20,5.41993E+21,8.8005E+15,4.89321E+16
153538,8.17073E+18,8,2,26,96,2017,7,12,7,3,3,2,0,1,0,1,0,0,0,4.76086E+20,5.48817E+21,8.66942E+15,4.95456E+16
153539,8.17073E+18,8,2,22,0,2017,7,22,7,3,5,3,1,1,0,0,0,2,0,4.62487E+20,5.4826E+21,8.48197E+15,4.94949E+16
153540,8.17073E+18,8,2,22,0,2017,7,22,7,3,4,2,1,1,0,0,0,2,0,4.65544E+20,5.48419E+21,8.52404E+15,4.95094E+16
153541,8.17073E+18,8,2,22,0,2017,7,5,7,2,5,3,0,1,0,0,0,1,0,4.62364E+20,5.48262E+21,8.48027E+15,4.9495E+16
153542,8.17073E+18,8,2,16,5,2017,7,14,7,3,5,3,0,1,0,1,0,0,0,4.45975E+20,5.41784E+21,8.26268E+15,4.89112E+16
153543,8.17073E+18,8,1,36,19,2017,7,19,7,3,5,2,0,1,0,1,0,0,0,5.85867E+20,5.42646E+21,1.01736E+16,4.89851E+16
153544,8.17073E+18,8,1,36,88,2017,7,6,7,3,3,6,0,1,0,0,1,0,0,5.80024E+20,5.40959E+21,1.00905E+16,4.88341E+16
153545,8.17073E+18,8,1,35,19,2017,7,13,7,3,0,1,1,0,0,0,0,0,0,5.85689E+20,5.39551E+21,1.01647E+16,4.87067E+16
153546,8.17073E+18,8,1,15,45,2017,7,11,7,3,5,3,0,1,0,0,0,0,0,5.00935E+20,5.39646E+21,9.01272E+15,4.87212E+16
153547,8.17073E+18,8,1,11,0,2017,7,2,7,3,5,2,0,1,0,1,0,2,0,5.12532E+20,5.40164E+21,9.17055E+15,4.87676E+16
153548,8.17073E+18,8,1,11,0,2017,7,16,7,3,2,6,0,1,0,0,0,0,0,5.16578E+20,5.40653E+21,9.2258E+15,4.88116E+16
153549,8.17073E+18,8,1,11,0,2017,7,9,7,3,2,6,0,1,0,0,0,0,0,5.08091E+20,5.39957E+21,9.11007E+15,4.87491E+16
153550,8.17073E+18,8,1,11,0,2017,7,10,7,2,0,7,1,1,0,0,0,0,0,5.13692E+20,5.40443E+21,9.18642E+15,4.87927E+16
153551,8.17073E+18,8,4,37,76,2017,7,15,6,3,0,7,1,0,0,0,0,0,0,5.25173E+20,5.32197E+21,9.33779E+15,4.80506E+16
153552,8.17073E+18,8,4,35,57,2017,7,16,6,3,5,2,0,1,0,1,0,0,0,5.44403E+20,5.28008E+21,9.59152E+15,4.76726E+16
153553,8.17073E+18,8,4,21,0,2017,7,20,6,3,1,5,1,1,0,0,0,0,0,5.72254E+20,5.3552E+21,9.97515E+15,4.83458E+16
153554,8.17073E+18,8,4,26,21,2017,7,6,6,2,2,1,0,0,0,1,1,0,1,5.5718E+20,5.32763E+21,9.76801E+15,4.80994E+16
153555,8.17073E+18,8,4,21,0,2017,7,18,6,3,5,2,1,1,0,0,0,0,0,5.71197E+20,5.36083E+21,9.96184E+15,4.83966E+16
153556,8.17073E+18,8,4,25,72,2017,7,18,6,3,1,6,0,1,0,1,0,0,0,5.81524E+20,5.37224E+21,1.01036E+16,4.8498E+16
153557,8.17073E+18,8,4,17,79,2017,7,20,6,3,0,1,1,0,0,0,0,0,0,4.98239E+20,5.34085E+21,8.9763E+15,4.82209E+16
153558,8.17073E+18,8,4,16,41,2017,7,20,6,3,2,6,1,0,0,0,0,0,0,5.04225E+20,5.3739E+21,9.05721E+15,4.85182E+16
153559,8.17073E+18,8,3,35,22,2017,7,16,6,3,0,1,1,0,0,0,0,0,0,4.83088E+20,5.30029E+21,8.77392E+15,4.78557E+16
153560,8.17073E+18,8,3,26,74,2017,7,0,6,3,5,3,0,1,0,0,0,2,1,4.58942E+20,5.32404E+21,8.44886E+15,4.80683E+16
153561,8.17073E+18,8,3,26,52,2017,7,20,6,3,2,6,0,1,0,0,0,0,0,4.50429E+20,5.3283E+21,8.3341E+15,4.8106E+16
153562,8.17073E+18,8,3,25,49,2017,7,9,6,3,6,7,0,0,1,0,1,0,0,4.72629E+20,5.33433E+21,8.63192E+15,4.81617E+16
153563,8.17073E+18,8,3,16,20,2017,7,10,6,3,1,5,1,1,0,0,0,0,0,4.08583E+20,5.33823E+21,7.76995E+15,4.81907E+16
153564,8.17073E+18,8,3,16,51,2017,7,5,6,3,5,3,0,1,0,0,0,0,0,3.99461E+20,5.33513E+21,7.64797E+15,4.81615E+16
153565,8.17073E+18,8,3,36,91,2017,7,16,6,3,5,3,1,1,0,0,0,0,0,3.9578E+20,5.27438E+21,7.61316E+15,4.76144E+16
153566,8.17073E+18,8,2,12,0,2017,7,7,6,3,5,3,1,1,0,0,0,0,0,4.59202E+20,5.42851E+21,8.44212E+15,4.90081E+16
153567,8.17073E+18,8,2,15,9,2017,7,10,6,3,5,3,1,1,0,0,0,0,0,4.69293E+20,5.44089E+21,8.57916E+15,4.91201E+16
153568,8.17073E+18,8,2,31,0,2017,7,13,6,2,6,4,0,0,1,1,0,0,0,4.77906E+20,5.41526E+21,8.69859E+15,4.88899E+16
153569,8.17073E+18,8,2,36,38,2017,7,11,6,3,5,3,0,1,0,1,0,0,0,4.8966E+20,5.42823E+21,8.85861E+15,4.90069E+16
153570,8.17073E+18,8,2,25,116,2017,7,12,6,3,8,1,0,0,0,1,0,0,0,4.98001E+20,5.46916E+21,8.97246E+15,4.93751E+16
153571,8.17073E+18,8,2,22,0,2017,7,17,6,3,5,2,1,1,0,0,0,0,0,4.60925E+20,5.48195E+21,8.46047E+15,4.9489E+16
153572,8.17073E+18,8,2,22,0,2017,7,16,6,3,6,4,0,1,1,0,0,0,0,4.61537E+20,5.48131E+21,8.46898E+15,4.94832E+16
153573,8.17073E+18,8,2,22,0,2017,7,12,6,3,5,3,0,1,0,0,0,0,0,4.61416E+20,5.48329E+21,8.46711E+15,4.9501E+16
153574,8.17073E+18,8,2,22,0,2017,7,8,6,2,6,5,0,1,1,0,0,0,0,4.60172E+20,5.48809E+21,8.44945E+15,4.95441E+16
153575,8.17073E+18,8,2,21,0,2017,7,8,6,3,3,6,0,1,0,1,0,0,0,4.76319E+20,5.4696E+21,8.67375E+15,4.93787E+16
153576,8.17073E+18,8,2,26,76,2017,7,13,6,2,2,2,0,1,0,1,0,0,0,4.74813E+20,5.46494E+21,8.65331E+15,4.93366E+16
153577,8.17073E+18,8,2,12,0,2017,7,8,6,3,1,6,0,1,0,0,1,0,0,4.60354E+20,5.42989E+21,8.45773E+15,4.90206E+16
153578,8.17073E+18,8,2,12,0,2017,7,16,6,3,2,5,1,1,0,0,0,0,0,4.54148E+20,5.42886E+21,8.37298E+15,4.90109E+16
153579,8.17073E+18,8,1,18,48,2017,7,9,6,2,0,1,1,0,0,0,1,0,0,5.12252E+20,5.41674E+21,9.16719E+15,4.89035E+16
153580,8.17073E+18,8,1,36,68,2017,7,10,6,2,8,1,0,0,0,1,0,0,0,5.98699E+20,5.42631E+21,1.03489E+16,4.89818E+16
153581,8.17073E+18,8,1,35,16,2017,7,7,6,3,0,1,0,0,0,1,0,0,0,5.91232E+20,5.38628E+21,1.0238E+16,4.8623E+16
153582,8.17073E+18,8,4,25,72,2017,7,11,6,2,5,3,0,1,0,0,0,0,0,5.83098E+20,5.3719E+21,1.01248E+16,4.84947E+16
153583,8.17073E+18,8,1,28,115,2017,7,20,6,3,8,1,1,0,0,0,0,0,0,5.47639E+20,5.49658E+21,9.65955E+15,4.96199E+16
153584,8.17073E+18,8,2,25,58,2017,7,18,6,2,5,3,0,1,0,0,1,0,0,5.12407E+20,5.46921E+21,9.17092E+15,4.93755E+16
153585,8.17073E+18,8,1,18,48,2017,7,12,6,3,2,7,0,1,0,0,0,0,0,5.14103E+20,5.41534E+21,9.1924E+15,4.88908E+16
153586,8.17073E+18,8,1,18,7,2017,7,20,6,3,6,4,1,0,1,0,0,0,0,5.10293E+20,5.42744E+21,9.14073E+15,4.89998E+16
153587,8.17073E+18,8,1,18,79,2017,7,9,6,3,2,2,0,1,0,0,1,0,0,5.09422E+20,5.42078E+21,9.12866E+15,4.89399E+16
153588,8.17073E+18,8,1,17,3,2017,7,14,6,3,5,3,0,1,0,0,1,0,0,5.40947E+20,5.39292E+21,9.55635E+15,4.8688E+16
153589,8.17073E+18,8,1,16,33,2017,7,18,6,3,5,3,0,1,0,0,0,0,0,5.33667E+20,5.38869E+21,9.45711E+15,4.86503E+16
153590,8.17073E+18,8,1,16,78,2017,7,16,6,2,0,1,1,0,0,0,0,0,0,5.09334E+20,5.39445E+21,9.12686E+15,4.8703E+16
153591,8.17073E+18,8,1,16,19,2017,7,9,6,3,5,2,0,1,0,0,0,0,0,5.23044E+20,5.39791E+21,9.31339E+15,4.87338E+16
153592,8.17073E+18,8,1,11,0,2017,7,7,6,3,5,2,0,1,0,1,0,0,0,5.12244E+20,5.4074E+21,9.1668E+15,4.88195E+16
153593,8.17073E+18,8,1,11,0,2017,7,20,6,3,5,3,0,1,0,0,0,0,0,5.15269E+20,5.40332E+21,9.20786E+15,4.87827E+16
153594,8.17073E+18,8,1,11,0,2017,7,14,6,2,0,1,0,0,0,1,0,0,0,5.11399E+20,5.40044E+21,9.1551E+15,4.87569E+16
153595,8.17073E+18,8,4,36,64,2017,7,13,5,3,2,6,0,1,0,0,0,0,1,5.43104E+20,5.29164E+21,9.57536E+15,4.77766E+16
153596,8.17073E+18,8,4,35,59,2017,7,11,5,3,0,1,1,0,0,0,0,0,1,5.1228E+20,5.29023E+21,9.16387E+15,4.77653E+16
153597,8.17073E+18,8,4,35,34,2017,7,11,5,3,2,6,0,1,0,0,0,0,1,5.29229E+20,5.2854E+21,9.38974E+15,4.77213E+16
153598,8.17073E+18,8,4,35,16,2017,7,16,5,3,6,7,1,0,1,0,0,0,0,5.35981E+20,5.27771E+21,9.47913E+15,4.76518E+16
153599,8.17073E+18,8,4,26,20,2017,7,7,5,3,4,2,0,1,0,0,0,0,1,5.42118E+20,5.3296E+21,9.56592E+15,4.81183E+16
153600,8.17073E+18,8,4,25,33,2017,7,5,5,2,9,1,0,1,0,0,0,0,0,5.54198E+20,5.34954E+21,9.73076E+15,4.82967E+16
153601,8.17073E+18,8,4,25,72,2017,7,16,5,2,0,2,0,0,0,1,0,0,0,5.83406E+20,5.37217E+21,1.0129E+16,4.84971E+16
153602,8.17073E+18,8,4,17,13,2017,7,20,5,3,0,1,0,0,0,1,0,1,0,5.07979E+20,5.3493E+21,9.10758E+15,4.82968E+16
153603,8.17073E+18,8,3,17,40,2017,7,21,5,3,8,7,1,0,0,0,0,2,0,4.32197E+20,5.34752E+21,8.08615E+15,4.82772E+16
153604,8.17073E+18,8,3,17,39,2017,7,17,5,3,0,7,1,0,0,0,0,0,0,4.40367E+20,5.34715E+21,8.1963E+15,4.82748E+16
153605,8.17073E+18,8,3,17,152,2017,7,13,5,3,8,7,1,0,0,0,0,0,0,4.08761E+20,5.34653E+21,7.77056E+15,4.82654E+16
153606,8.17073E+18,8,3,17,96,2017,7,10,5,2,5,3,1,1,0,0,0,0,1,4.20775E+20,5.36841E+21,7.92829E+15,4.84638E+16
153607,8.17073E+18,8,3,11,0,2017,7,18,5,3,5,3,0,1,0,0,1,0,0,4.12149E+20,5.31462E+21,7.82277E+15,4.79789E+16
153608,8.17073E+18,8,3,11,0,2017,7,10,5,3,8,1,0,1,0,0,1,0,1,4.10768E+20,5.31798E+21,7.80357E+15,4.80089E+16
153609,8.17073E+18,8,3,11,0,2017,7,17,5,3,5,3,1,1,0,0,0,0,0,4.14078E+20,5.31798E+21,7.84795E+15,4.80094E+16
153610,8.17073E+18,8,3,11,0,2017,7,13,5,2,3,6,1,0,0,0,0,0,0,4.14738E+20,5.31728E+21,7.85694E+15,4.80031E+16
153611,8.17073E+18,8,2,15,103,2017,7,15,5,2,5,3,1,0,0,1,0,0,0,4.65523E+20,5.44148E+21,8.52745E+15,4.91252E+16
153612,8.17073E+18,8,2,12,0,2017,7,5,5,3,5,3,0,1,0,0,0,1,0,4.52432E+20,5.42763E+21,8.34966E+15,4.89997E+16
153613,8.17073E+18,8,2,12,0,2017,7,22,5,3,3,6,0,1,0,1,0,2,1,4.53307E+20,5.42799E+21,8.36157E+15,4.9003E+16
153614,8.17073E+18,8,2,31,0,2017,7,23,5,2,8,1,0,1,0,0,0,2,1,4.80452E+20,5.41601E+21,8.73329E+15,4.88968E+16
153615,8.17073E+18,8,2,26,95,2017,7,5,5,3,0,3,1,0,0,1,0,1,1,4.74814E+20,5.45987E+21,8.65364E+15,4.92911E+16
153616,8.17073E+18,8,2,26,82,2017,7,9,5,3,5,3,1,1,0,0,0,0,1,4.75706E+20,5.48009E+21,8.66466E+15,4.9473E+16
153617,8.17073E+18,8,2,26,85,2017,7,16,5,3,5,2,0,1,0,0,0,0,0,4.91199E+20,5.45562E+21,8.87906E+15,4.92533E+16
153618,8.17073E+18,8,2,26,37,2017,7,14,5,3,5,3,0,1,0,0,0,0,0,4.66284E+20,5.46804E+21,8.53565E+15,4.93641E+16
153619,8.17073E+18,8,2,25,14,2017,7,7,5,2,5,3,0,1,0,0,0,0,1,5.23062E+20,5.48546E+21,9.31865E+15,4.95214E+16
153620,8.17073E+18,8,2,21,0,2017,7,21,5,3,5,3,1,1,0,0,0,2,1,4.7547E+20,5.47264E+21,8.66187E+15,4.94059E+16
153621,8.17073E+18,8,2,21,0,2017,7,9,5,3,5,3,1,1,0,0,0,0,1,4.79029E+20,5.47345E+21,8.71088E+15,4.94133E+16
153622,8.17073E+18,8,2,15,66,2017,7,18,5,3,0,1,0,1,0,0,1,0,0,4.60217E+20,5.45383E+21,8.4535E+15,4.92359E+16
153623,8.17073E+18,8,2,15,9,2017,7,9,5,3,2,6,0,1,0,0,0,0,1,4.70179E+20,5.44143E+21,8.59127E+15,4.9125E+16
153624,8.17073E+18,8,2,15,96,2017,7,3,5,3,9,1,0,1,0,0,0,2,1,4.61093E+20,5.41612E+21,8.46917E+15,4.88968E+16
153625,8.17073E+18,8,1,36,65,2017,7,13,5,3,5,2,1,1,0,0,0,0,0,5.61495E+20,5.40436E+21,9.83724E+15,4.87892E+16
153626,8.17073E+18,8,1,35,27,2017,7,14,5,3,5,3,1,0,0,0,0,0,0,5.91131E+20,5.37703E+21,1.02346E+16,4.85398E+16
153627,8.17073E+18,8,1,25,102,2017,7,13,5,3,5,3,1,0,0,0,1,0,0,5.2251E+20,5.44561E+21,9.30876E+15,4.91629E+16
153628,8.17073E+18,8,1,19,67,2017,7,12,5,3,0,1,1,0,0,0,0,0,0,5.37381E+20,5.4056E+21,9.50907E+15,4.88023E+16
153629,8.17073E+18,8,1,18,68,2017,7,7,5,3,5,3,0,1,0,0,1,0,0,5.00205E+20,5.42262E+21,9.0028E+15,4.89565E+16
153630,8.17073E+18,8,1,18,60,2017,7,11,5,3,5,3,0,1,0,0,1,0,1,5.24554E+20,5.43095E+21,9.33591E+15,4.90309E+16
153631,8.17073E+18,8,1,17,19,2017,7,21,5,3,5,3,1,1,0,0,0,2,0,5.52773E+20,5.39431E+21,9.71721E+15,4.86996E+16
153632,8.17073E+18,8,1,15,45,2017,7,19,5,3,5,3,0,1,0,1,0,0,0,5.02766E+20,5.39496E+21,9.03759E+15,4.87077E+16
153633,8.17073E+18,8,1,15,24,2017,7,11,5,3,6,2,0,1,1,0,0,0,0,5.00782E+20,5.38709E+21,9.01061E+15,4.86369E+16
153634,8.17073E+18,8,1,15,3,2017,7,11,5,3,5,2,1,1,0,0,0,0,0,5.00794E+20,5.39169E+21,9.01078E+15,4.86783E+16
153635,8.17073E+18,8,1,11,0,2017,7,10,5,3,0,7,0,0,0,1,0,0,1,5.12877E+20,5.40214E+21,9.17526E+15,4.87721E+16
153636,8.17073E+18,8,1,11,0,2017,7,16,5,2,3,6,0,1,0,0,1,0,0,5.13411E+20,5.4033E+21,9.18256E+15,4.87826E+16
153637,8.17073E+18,8,4,37,104,2017,7,14,4,2,6,7,0,1,1,0,0,0,0,5.17164E+20,5.32619E+21,9.23049E+15,4.80888E+16
153638,8.17073E+18,8,4,35,16,2017,7,14,4,3,3,6,1,1,0,0,0,0,0,5.36771E+20,5.27805E+21,9.48968E+15,4.76548E+16
153639,8.17073E+18,8,4,35,16,2017,7,14,4,3,8,1,1,0,0,0,0,0,0,5.3602E+20,5.27771E+21,9.47965E+15,4.76518E+16
153640,8.17073E+18,8,4,17,79,2017,7,7,4,3,5,3,0,1,0,0,0,0,1,5.01501E+20,5.33981E+21,9.0202E+15,4.82115E+16
153641,8.17073E+18,8,4,16,36,2017,7,16,4,3,5,3,1,1,0,0,0,0,0,4.87182E+20,5.37233E+21,8.82647E+15,4.85039E+16
153642,8.17073E+18,8,3,36,69,2017,7,23,4,2,8,1,0,0,0,1,0,2,1,4.09566E+20,5.26988E+21,7.79748E+15,4.7576E+16
153643,8.17073E+18,8,3,26,31,2017,7,12,4,3,6,7,0,1,1,0,0,0,0,4.56069E+20,5.33197E+21,8.40948E+15,4.81394E+16
153644,8.17073E+18,8,3,25,61,2017,7,7,4,3,1,5,0,0,0,0,1,0,1,4.74749E+20,5.35397E+21,8.65926E+15,4.83384E+16
153645,8.17073E+18,8,3,25,9,2017,7,7,4,2,6,7,0,0,1,0,1,0,0,4.6901E+20,5.34104E+21,8.58277E+15,4.82218E+16
153646,8.17073E+18,8,3,17,26,2017,7,6,4,3,5,2,1,1,0,0,0,0,1,4.10259E+20,5.34687E+21,7.79066E+15,4.82687E+16
153647,8.17073E+18,8,3,17,65,2017,7,16,4,3,0,7,1,1,0,0,0,0,0,4.15571E+20,5.35417E+21,7.86077E+15,4.83351E+16
153648,8.17073E+18,8,3,17,57,2017,7,19,4,3,5,3,1,1,0,0,0,0,0,4.13141E+20,5.37994E+21,7.82264E+15,4.85666E+16
153649,8.17073E+18,8,3,16,56,2017,7,9,4,3,6,4,0,1,1,0,0,0,1,4.23521E+20,5.32814E+21,7.97272E+15,4.81019E+16
153650,8.17073E+18,8,3,11,0,2017,7,9,4,3,5,3,1,1,0,0,0,0,1,4.14304E+20,5.3178E+21,7.85101E+15,4.80077E+16
153651,8.17073E+18,8,3,11,0,2017,7,9,4,3,5,3,0,1,0,0,0,0,1,4.1441E+20,5.3174E+21,7.85251E+15,4.80041E+16
153652,8.17073E+18,8,2,37,28,2017,7,15,4,3,1,6,0,1,0,0,0,0,0,4.56555E+20,5.36887E+21,8.41222E+15,4.84714E+16
153653,8.17073E+18,8,2,26,85,2017,7,7,4,3,6,7,0,0,1,0,1,0,1,4.90712E+20,5.45587E+21,8.87236E+15,4.92556E+16
153654,8.17073E+18,8,2,22,0,2017,7,14,4,3,5,3,0,1,0,0,0,0,0,4.63924E+20,5.48253E+21,8.50182E+15,4.94943E+16
153655,8.17073E+18,8,2,26,9,2017,7,9,4,2,0,3,1,0,0,0,1,0,1,4.66804E+20,5.47292E+21,8.54239E+15,4.9408E+16
153656,8.17073E+18,8,2,22,0,2017,7,15,4,2,6,4,0,1,1,0,0,0,0,4.62205E+20,5.48849E+21,8.47751E+15,4.95478E+16
153657,8.17073E+18,8,2,21,0,2017,7,23,4,3,5,3,0,1,0,0,0,2,1,4.73915E+20,5.47289E+21,8.64042E+15,4.94081E+16
153658,8.17073E+18,8,2,21,0,2017,7,8,4,3,0,2,1,1,0,0,0,0,1,4.77673E+20,5.47361E+21,8.69218E+15,4.94147E+16
153659,8.17073E+18,8,2,16,43,2017,7,16,4,3,5,3,0,1,0,0,1,0,0,4.41338E+20,5.412E+21,8.20024E+15,4.88582E+16
153660,8.17073E+18,8,2,15,107,2017,7,10,4,3,5,3,0,1,0,0,0,0,1,4.62329E+20,5.45621E+21,8.48229E+15,4.92575E+16
153661,8.17073E+18,8,2,12,0,2017,7,13,4,3,1,5,0,1,0,0,0,0,0,4.55636E+20,5.43355E+21,8.39281E+15,4.90532E+16
153662,8.17073E+18,8,2,15,109,2017,7,17,4,3,5,3,0,1,0,0,1,0,0,4.64207E+20,5.44037E+21,8.5095E+15,4.91151E+16
153663,8.17073E+18,8,2,15,96,2017,7,17,4,3,2,6,0,1,0,0,0,0,0,4.64222E+20,5.41361E+21,8.51207E+15,4.88744E+16
153664,8.17073E+18,8,2,12,0,2017,7,11,4,3,0,7,0,0,0,0,1,0,0,4.5504E+20,5.42673E+21,8.38541E+15,4.89918E+16
153665,8.17073E+18,8,1,36,65,2017,7,11,4,3,2,6,0,1,0,0,0,0,1,5.5874E+20,5.40562E+21,9.7999E+15,4.88008E+16
153666,8.17073E+18,8,1,19,85,2017,7,9,4,3,6,6,0,1,1,0,0,0,0,5.31074E+20,5.41495E+21,9.42388E+15,4.88867E+16
153667,8.17073E+18,8,1,18,67,2017,7,17,4,2,6,4,0,1,1,0,0,0,0,5.06063E+20,5.41348E+21,9.08268E+15,4.88743E+16
153668,8.17073E+18,8,1,16,49,2017,7,20,4,3,5,7,0,1,0,0,0,1,1,5.25357E+20,5.38677E+21,9.34417E+15,4.86335E+16
153669,8.17073E+18,8,1,16,19,2017,7,17,4,3,2,1,0,1,0,0,0,0,0,5.24634E+20,5.39617E+21,9.3349E+15,4.8718E+16
153670,8.17073E+18,8,1,16,33,2017,7,7,4,3,4,6,0,1,0,1,0,0,1,5.32881E+20,5.38766E+21,9.44635E+15,4.86411E+16
153671,8.17073E+18,8,1,15,45,2017,7,15,4,3,6,6,0,1,1,0,0,0,1,5.01228E+20,5.39463E+21,9.01669E+15,4.87047E+16
153672,8.17073E+18,8,1,15,3,2017,7,8,4,2,5,2,1,1,0,0,0,0,1,5.00688E+20,5.39221E+21,9.00935E+15,4.8683E+16
153673,8.17073E+18,8,1,11,0,2017,7,17,4,3,2,6,0,1,0,0,1,0,0,5.12422E+20,5.40833E+21,9.16925E+15,4.88279E+16
153674,8.17081E+18,8,4,17,79,2017,8,20,2,3,0,1,1,0,0,0,0,1,0,5.01422E+20,5.3401E+21,9.01914E+15,4.82142E+16
153675,8.17081E+18,8,4,15,92,2017,8,12,2,2,5,3,0,1,0,1,0,0,0,5.18873E+20,5.36391E+21,9.25513E+15,4.84281E+16
153676,8.17081E+18,8,1,11,0,2017,8,15,3,3,6,2,0,1,1,0,0,0,0,5.13167E+20,5.40327E+21,9.17924E+15,4.87823E+16
153677,8.17081E+18,8,4,36,64,2017,8,20,2,3,1,1,1,1,0,0,0,1,0,5.42937E+20,5.29237E+21,9.5732E+15,4.77832E+16
153678,8.17081E+18,8,4,35,36,2017,8,17,2,3,0,1,1,0,0,0,0,0,0,5.20141E+20,5.28233E+21,9.26842E+15,4.7694E+16
153679,8.17081E+18,8,4,15,80,2017,8,16,2,3,0,1,1,0,0,0,0,0,0,5.10863E+20,5.3736E+21,9.1471E+15,4.85154E+16
153680,8.17081E+18,8,4,15,59,2017,8,18,2,3,5,3,1,1,0,0,0,0,0,5.16991E+20,5.36986E+21,9.22993E+15,4.84816E+16