OBJECTID,UIDENTSTLA,ULAND,UREGBEZ,UKREIS,UGEMEINDE,UJAHR,UMONAT,USTUNDE,UWOCHENTAG,UKATEGORIE,UART,UTYP1,IstRad,IstPKW,IstFuss,IstKrad,IstSonstig,LICHT,STRZUSTAND,LINREFX,LINREFY,XGCSWGS84,YGCSWGS84
153854,8.1708E+18,8,1,21,0,2017,8,9,5,3,1,7,1,0,0,0,1,0,0,5.1631E+20,5.44259E+21,9.22359E+15,4.9136E+16
153855,8.1708E+18,8,1,19,67,2017,8,18,5,3,0,3,1,0,0,0,1,0,0,5.39257E+20,5.40616E+21,9.53466E+15,4.88072E+16
153856,8.1708E+18,8,1,15,45,2017,8,20,5,3,6,4,0,1,1,0,0,0,0,4.98719E+20,5.39724E+21,8.98258E+15,4.87282E+16
153857,8.1708E+18,8,1,11,0,2017,8,14,5,2,5,3,1,1,0,0,0,0,0,5.06371E+20,5.40643E+21,9.08678E+15,4.88108E+16
153858,8.1708E+18,8,1,11,0,2017,8,12,5,3,6,7,0,1,1,0,0,0,0,5.16052E+20,5.40554E+21,9.2186E+15,4.88026E+16
153859,8.1708E+18,8,1,11,0,2017,8,13,5,3,2,2,0,1,0,1,0,0,0,5.14228E+20,5.40731E+21,9.19382E+15,4.88186E+16
153860,8.1708E+18,8,4,37,100,2017,8,19,4,3,5,3,1,1,0,0,0,0,0,5.37297E+20,5.31822E+21,9.50015E+15,4.80162E+16
153861,8.1708E+18,8,4,36,55,2017,8,10,4,2,9,1,1,0,0,0,0,0,0,5.72618E+20,5.29317E+21,9.96953E+15,4.77878E+16
153862,8.1708E+18,8,4,36,49,2017,8,15,4,3,6,4,0,1,1,0,0,0,0,5.78114E+20,5.28259E+21,1.0041E+16,4.7692E+16
153863,8.1708E+18,8,4,35,34,2017,8,20,4,3,9,1,0,0,0,1,0,0,0,5.30134E+20,5.28434E+21,9.40173E+15,4.77118E+16
153864,8.1708E+18,8,4,35,53,2017,8,12,4,3,0,1,0,0,0,0,1,0,0,5.08476E+20,5.29298E+21,9.11317E+15,4.77901E+16
153865,8.1708E+18,8,4,36,53,2017,8,16,4,2,3,6,0,0,0,1,0,0,0,5.30405E+20,5.3095E+21,9.40711E+15,4.79381E+16
153866,8.1708E+18,8,4,26,100,2017,8,15,4,3,0,1,1,0,0,0,0,0,0,5.76928E+20,5.31813E+21,1.00315E+16,4.80118E+16
153867,8.1708E+18,8,4,26,97,2017,8,17,4,3,4,6,0,1,0,0,0,0,0,5.35564E+20,5.33393E+21,9.47822E+15,4.81577E+16
153868,8.1708E+18,8,4,16,41,2017,8,18,4,3,0,7,1,0,0,0,0,0,0,5.05218E+20,5.37523E+21,9.07068E+15,4.85302E+16
153869,8.1708E+18,8,4,16,15,2017,8,16,4,3,7,1,0,1,0,0,0,0,0,5.07719E+20,5.36688E+21,9.1044E+15,4.8455E+16
153870,8.1708E+18,8,4,15,61,2017,8,17,4,3,9,1,1,0,0,0,0,0,0,5.14113E+20,5.37346E+21,9.1911E+15,4.85141E+16
153871,8.1708E+18,8,3,37,96,2017,8,16,4,3,3,2,0,1,0,1,0,0,0,4.20776E+20,5.26729E+21,7.94699E+15,4.75542E+16
153872,8.1708E+18,8,3,37,126,2017,8,16,4,3,5,3,0,1,0,0,1,0,0,4.43519E+20,5.27416E+21,8.24837E+15,4.76184E+16
153873,8.1708E+18,8,3,35,79,2017,8,14,4,3,5,3,0,1,0,1,0,0,0,5.00449E+20,5.29954E+21,9.006E+15,4.78492E+16
153874,8.1708E+18,8,3,35,75,2017,8,20,4,3,5,7,1,1,0,0,0,0,0,4.87603E+20,5.28916E+21,8.83459E+15,4.77557E+16
153875,8.1708E+18,8,3,35,63,2017,8,18,4,3,0,3,0,1,0,0,1,0,0,4.97532E+20,5.28877E+21,8.96707E+15,4.77523E+16
153876,8.1708E+18,8,3,27,36,2017,8,22,4,2,0,1,1,0,0,0,0,2,0,4.9171E+20,5.31891E+21,8.88882E+15,4.80234E+16
153877,8.1708E+18,8,3,26,74,2017,8,11,4,3,5,3,0,1,0,0,0,0,0,4.59401E+20,5.32257E+21,8.45516E+15,4.80552E+16
153878,8.1708E+18,8,3,26,74,2017,8,11,4,3,5,3,0,1,0,0,1,0,0,4.58005E+20,5.32344E+21,8.43634E+15,4.80629E+16
153879,8.1708E+18,8,3,17,65,2017,8,15,4,3,2,6,0,1,0,0,0,0,0,4.1655E+20,5.35447E+21,7.87392E+15,4.83379E+16
153880,8.1708E+18,8,3,17,57,2017,8,15,4,3,0,7,1,0,0,0,0,0,0,4.13284E+20,5.38299E+21,7.82394E+15,4.8594E+16
153881,8.1708E+18,8,3,15,6,2017,8,16,4,3,6,4,0,1,1,0,0,0,0,4.02756E+20,5.30821E+21,7.69839E+15,4.79198E+16
153882,8.1708E+18,8,3,11,0,2017,8,19,4,3,2,1,0,1,0,0,0,0,0,4.13022E+20,5.3203E+21,7.83332E+15,4.803E+16
153883,8.1708E+18,8,3,36,84,2017,8,12,4,3,0,1,0,0,0,1,0,0,0,4.05486E+20,5.27682E+21,7.74176E+15,4.76379E+16
153884,8.1708E+18,8,3,11,0,2017,8,13,4,3,5,3,1,0,0,0,1,0,0,4.13237E+20,5.31545E+21,7.83718E+15,4.79865E+16
153885,8.1708E+18,8,3,36,50,2017,8,17,4,3,5,2,0,1,0,1,0,0,0,3.99244E+20,5.27297E+21,7.65956E+15,4.76023E+16
153886,8.1708E+18,8,3,15,95,2017,8,14,4,2,0,1,1,0,0,0,0,0,0,4.27839E+20,5.31889E+21,8.03227E+15,4.80193E+16
153887,8.1708E+18,8,3,36,50,2017,8,16,4,3,5,3,1,0,0,0,1,0,0,3.99721E+20,5.27404E+21,7.66565E+15,4.7612E+16
153888,8.1708E+18,8,2,12,0,2017,8,12,4,3,4,6,1,1,0,0,0,0,0,4.57586E+20,5.42889E+21,8.41999E+15,4.90114E+16
153889,8.1708E+18,8,2,12,0,2017,8,17,4,2,5,3,1,1,0,0,0,0,0,4.58686E+20,5.43132E+21,8.43478E+15,4.90334E+16
153890,8.1708E+18,8,2,12,0,2017,8,11,4,3,0,6,0,1,0,1,0,0,0,4.54871E+20,5.42642E+21,8.38314E+15,4.89891E+16
153891,8.1708E+18,8,2,36,71,2017,8,16,4,2,0,1,1,0,0,0,0,0,0,4.69001E+20,5.42248E+21,8.57657E+15,4.89545E+16
153892,8.1708E+18,8,2,31,0,2017,8,14,4,3,6,4,1,0,1,0,0,0,0,4.75424E+20,5.41523E+21,8.66474E+15,4.88895E+16
153893,8.1708E+18,8,2,26,31,2017,8,13,4,3,3,6,1,1,0,0,0,0,0,4.75024E+20,5.49315E+21,8.65443E+15,4.95904E+16
153894,8.1708E+18,8,2,21,0,2017,8,18,4,3,5,3,0,1,0,0,0,0,0,4.74665E+20,5.47288E+21,8.65076E+15,4.9408E+16
153895,8.1708E+18,8,2,12,0,2017,8,12,4,3,4,2,1,1,0,0,0,0,0,4.54303E+20,5.42836E+21,8.37515E+15,4.90065E+16
153896,8.1708E+18,8,1,36,19,2017,8,0,4,2,2,6,1,1,0,0,0,2,1,5.85443E+20,5.42309E+21,1.01671E+16,4.89548E+16
153897,8.1708E+18,8,1,35,19,2017,8,16,4,3,0,1,1,0,0,0,0,0,0,5.85545E+20,5.39525E+21,1.01627E+16,4.87044E+16
153898,8.1708E+18,8,1,28,131,2017,8,9,4,2,8,1,0,1,0,0,0,0,0,5.45136E+20,5.51378E+21,9.62687E+15,4.97748E+16
153899,8.1708E+18,8,1,28,14,2017,8,17,4,3,2,6,0,1,0,0,1,0,0,5.48793E+20,5.48256E+21,9.67378E+15,4.94937E+16
153900,8.1708E+18,8,1,28,7,2017,8,13,4,3,5,3,1,1,0,0,0,0,0,5.56244E+20,5.48222E+21,9.77662E+15,4.949E+16
153901,8.1708E+18,8,2,25,82,2017,8,21,4,2,0,7,0,0,0,1,0,2,0,5.3148E+20,5.47959E+21,9.43448E+15,4.94682E+16
153902,8.1708E+18,8,1,19,84,2017,8,23,4,3,9,1,0,0,0,1,0,2,0,5.46173E+20,5.41248E+21,9.62956E+15,4.88636E+16
153903,8.1708E+18,8,1,19,20,2017,8,10,4,3,1,5,0,1,0,1,0,0,0,5.19393E+20,5.4101E+21,9.26431E+15,4.88435E+16
153904,8.1708E+18,8,1,16,46,2017,8,19,4,3,6,2,0,1,1,0,0,0,0,5.27744E+20,5.37815E+21,9.37598E+15,4.85558E+16
153905,8.1708E+18,8,1,11,0,2017,8,19,4,3,2,6,0,1,0,0,0,0,0,5.15465E+20,5.40195E+21,9.21046E+15,4.87704E+16
153906,8.1708E+18,8,1,11,0,2017,8,13,4,3,0,1,1,0,0,0,0,0,0,5.12881E+20,5.40646E+21,9.17544E+15,4.8811E+16
153907,8.1708E+18,8,1,11,0,2017,8,17,4,3,1,5,1,1,0,0,0,0,0,5.12695E+20,5.40878E+21,9.17298E+15,4.88319E+16
153908,8.1708E+18,8,1,11,0,2017,8,7,4,3,6,4,0,0,1,1,0,0,0,5.15464E+20,5.40637E+21,9.21062E+15,4.88101E+16
153909,8.1708E+18,8,1,11,0,2017,8,10,4,3,3,6,1,0,0,0,1,0,0,5.19551E+20,5.40142E+21,9.26606E+15,4.87655E+16
153910,8.1708E+18,8,1,11,0,2017,8,23,4,3,1,5,1,1,0,0,0,2,0,5.12498E+20,5.40158E+21,9.17008E+15,4.87671E+16
153911,8.1708E+18,8,4,37,104,2017,8,18,3,2,0,1,1,0,0,0,0,0,0,5.16309E+20,5.32572E+21,9.21899E+15,4.80846E+16
153912,8.1708E+18,8,4,36,52,2017,8,14,3,2,8,1,1,0,0,0,0,0,0,5.65752E+20,5.2954E+21,9.87821E+15,4.78086E+16
153913,8.1708E+18,8,4,36,8,2017,8,18,3,3,4,6,1,1,0,0,0,0,0,5.47617E+20,5.31057E+21,9.63768E+15,4.79467E+16
153914,8.1708E+18,8,4,25,33,2017,8,6,3,2,1,1,0,1,0,0,0,0,0,5.55312E+20,5.34785E+21,9.74557E+15,4.82814E+16
153915,8.1708E+18,8,4,25,33,2017,8,11,3,3,0,7,0,1,0,1,0,0,0,5.46657E+20,5.34696E+21,9.62881E+15,4.82741E+16
153916,8.1708E+18,8,4,17,79,2017,8,7,3,3,1,3,1,1,0,0,0,0,0,5.01355E+20,5.34422E+21,9.01826E+15,4.82512E+16
153917,8.1708E+18,8,4,16,41,2017,8,21,3,3,0,7,1,0,0,0,0,2,1,5.05593E+20,5.3731E+21,9.07573E+15,4.8511E+16
153918,8.1708E+18,8,4,15,14,2017,8,12,3,3,0,1,0,0,0,1,0,0,0,5.25872E+20,5.3746E+21,9.35039E+15,4.8524E+16
153919,8.1708E+18,8,3,37,53,2017,8,22,3,3,6,7,0,1,1,0,0,2,0,4.57023E+20,5.26871E+21,8.4286E+15,4.75704E+16
153920,8.1708E+18,8,3,35,43,2017,8,17,3,3,0,7,1,0,0,0,0,0,0,5.13356E+20,5.27816E+21,9.17786E+15,4.76567E+16
153921,8.1708E+18,8,3,35,43,2017,8,15,3,3,5,2,1,0,0,1,0,0,0,5.12631E+20,5.27876E+21,9.16823E+15,4.76621E+16
153922,8.1708E+18,8,4,36,64,2017,8,10,3,2,5,3,1,1,0,0,0,0,0,5.46724E+20,5.29348E+21,9.62387E+15,4.7793E+16
153923,8.1708E+18,8,3,26,74,2017,8,17,3,3,2,6,0,1,0,1,0,0,1,4.5871E+20,5.32279E+21,8.44586E+15,4.80571E+16
153924,8.1708E+18,8,3,17,96,2017,8,16,3,3,0,7,0,1,0,0,0,0,0,4.2125E+20,5.3692E+21,7.93456E+15,4.8471E+16
153925,8.1708E+18,8,3,16,11,2017,8,8,3,3,5,3,1,1,0,0,0,0,0,4.15707E+20,5.32913E+21,7.86758E+15,4.81099E+16
153926,8.1708E+18,8,3,11,0,2017,8,13,3,3,0,2,1,0,0,0,1,0,0,4.13334E+20,5.31707E+21,7.83815E+15,4.8001E+16
153927,8.1708E+18,8,3,11,0,2017,8,17,3,3,6,4,0,0,1,0,1,0,0,4.14193E+20,5.31636E+21,7.84981E+15,4.79948E+16
153928,8.1708E+18,8,3,11,0,2017,8,17,3,3,4,6,0,1,0,1,0,0,1,4.11866E+20,5.31663E+21,7.81857E+15,4.79969E+16
153929,8.1708E+18,8,3,36,91,2017,8,14,3,3,3,2,1,1,0,0,0,0,0,3.95762E+20,5.27193E+21,7.6135E+15,4.75924E+16
153930,8.1708E+18,8,3,15,73,2017,8,13,3,3,1,5,0,1,0,1,0,0,0,4.12181E+20,5.31288E+21,7.82355E+15,4.79632E+16
153931,8.1708E+18,8,2,12,0,2017,8,17,3,2,8,1,1,0,0,0,0,0,1,4.62886E+20,5.42776E+21,8.49256E+15,4.90016E+16
153932,8.1708E+18,8,2,15,64,2017,8,16,3,2,5,3,0,1,0,1,0,0,0,4.79466E+20,5.45245E+21,8.71799E+15,4.92245E+16
153933,8.1708E+18,8,2,12,0,2017,8,14,3,3,1,5,1,1,0,0,0,0,0,4.56543E+20,5.42876E+21,8.40573E+15,4.90102E+16
153934,8.1708E+18,8,2,37,4,2017,8,19,3,3,4,6,1,0,0,0,0,0,0,4.53671E+20,5.3732E+21,8.37271E+15,4.85102E+16
153935,8.1708E+18,8,2,35,79,2017,8,18,3,3,5,3,0,1,0,1,0,0,0,4.67075E+20,5.40038E+21,8.55204E+15,4.87556E+16
153936,8.1708E+18,8,2,26,84,2017,8,10,3,3,8,1,0,1,0,0,0,0,0,4.68566E+20,5.46982E+21,8.56693E+15,4.93802E+16
153937,8.1708E+18,8,2,22,0,2017,8,8,3,3,2,6,0,1,0,0,1,0,0,4.66344E+20,5.47742E+21,8.53568E+15,4.94485E+16
153938,8.1708E+18,8,2,21,0,2017,8,13,3,2,4,6,1,1,0,0,0,0,0,4.74955E+20,5.4758E+21,8.65457E+15,4.94343E+16
153939,8.17082E+18,8,1,36,88,2017,8,8,4,3,0,2,1,1,0,0,0,0,0,5.81209E+20,5.40989E+21,1.01067E+16,4.88366E+16
153940,8.17082E+18,8,1,19,79,2017,8,23,4,3,7,1,0,0,0,1,0,2,0,5.26411E+20,5.4088E+21,9.35988E+15,4.88317E+16
153941,8.17082E+18,8,2,21,0,2017,8,14,4,3,2,6,0,1,0,0,0,0,0,4.76017E+20,5.47256E+21,8.66941E+15,4.94053E+16
153942,8.17082E+18,8,2,21,0,2017,8,7,4,2,5,3,1,0,0,0,1,0,0,4.76679E+20,5.47503E+21,8.67839E+15,4.94275E+16
153943,8.17082E+18,8,2,21,0,2017,8,10,4,3,8,7,0,1,0,0,0,0,0,4.77625E+20,5.47309E+21,8.69155E+15,4.94101E+16
153944,8.17082E+18,8,2,21,0,2017,8,17,4,3,1,5,1,1,0,0,0,0,0,4.76515E+20,5.47265E+21,8.67627E+15,4.94061E+16
153945,8.17082E+18,8,2,15,96,2017,8,17,4,3,5,3,1,1,0,0,0,0,0,4.63839E+20,5.41804E+21,8.50645E+15,4.89143E+16
153946,8.17082E+18,8,2,15,17,2017,8,8,4,3,5,3,1,1,0,0,0,0,0,4.55113E+20,5.42027E+21,8.38712E+15,4.89338E+16
153947,8.17082E+18,8,2,12,0,2017,8,17,4,3,5,3,1,0,0,0,0,0,0,4.52941E+20,5.42746E+21,8.35664E+15,4.89982E+16
153948,8.17082E+18,8,2,12,0,2017,8,11,4,3,1,5,1,1,0,0,0,0,0,4.53995E+20,5.42844E+21,8.37093E+15,4.90072E+16
153949,8.17082E+18,8,2,11,0,2017,8,17,4,3,1,6,0,1,0,0,0,0,0,4.43562E+20,5.40197E+21,8.23194E+15,4.87681E+16
153950,8.17082E+18,8,1,19,67,2017,8,11,4,3,0,1,1,0,0,0,0,0,0,5.39777E+20,5.4061E+21,9.54174E+15,4.88066E+16
153951,8.17082E+18,8,1,18,67,2017,8,3,4,3,5,3,0,1,0,1,0,2,1,5.05527E+20,5.41455E+21,9.07539E+15,4.88839E+16
153952,8.17082E+18,8,1,18,80,2017,8,12,4,3,4,6,0,1,0,1,0,0,0,5.09609E+20,5.41064E+21,9.13098E+15,4.88487E+16
153953,8.17082E+18,8,1,18,7,2017,8,8,4,3,1,5,1,0,0,0,1,0,0,5.11329E+20,5.42747E+21,9.15489E+15,4.9E+16
153954,8.17082E+18,8,1,18,79,2017,8,18,4,3,4,5,0,1,0,0,0,0,0,5.10983E+20,5.42084E+21,9.14998E+15,4.89404E+16
153955,8.17082E+18,8,1,17,26,2017,8,10,4,3,6,4,0,1,1,0,0,0,0,5.48116E+20,5.39494E+21,9.65399E+15,4.87056E+16
153956,8.17082E+18,8,1,16,19,2017,8,17,4,2,5,2,1,1,0,0,0,0,0,5.20517E+20,5.39924E+21,9.27908E+15,4.87459E+16
153957,8.17082E+18,8,1,15,45,2017,8,22,4,3,5,2,0,1,0,1,0,2,0,5.00518E+20,5.3945E+21,9.00705E+15,4.87036E+16
153958,8.17082E+18,8,1,11,0,2017,8,6,4,2,5,3,0,1,0,0,0,0,1,5.12404E+20,5.40202E+21,9.16881E+15,4.87711E+16
153959,8.17082E+18,8,1,11,0,2017,8,16,4,3,2,2,0,1,0,0,0,0,0,5.19255E+20,5.40214E+21,9.26206E+15,4.8772E+16
153960,8.17082E+18,8,1,11,0,2017,8,13,4,3,3,6,0,0,0,1,1,0,0,5.12202E+20,5.40702E+21,9.16622E+15,4.8816E+16
153961,8.17082E+18,8,4,36,83,2017,8,21,3,2,0,1,0,0,0,1,0,2,1,5.31872E+20,5.30133E+21,9.42615E+15,4.78645E+16
153962,8.17082E+18,8,4,36,49,2017,8,10,3,3,0,1,1,0,0,0,0,0,0,5.7823E+20,5.28321E+21,1.00426E+16,4.76975E+16
153963,8.17082E+18,8,4,35,59,2017,8,13,3,3,5,2,1,1,0,0,0,0,0,5.12764E+20,5.29021E+21,9.17034E+15,4.77651E+16
153964,8.17082E+18,8,4,35,57,2017,8,11,3,3,3,1,1,1,0,0,0,0,0,5.4481E+20,5.27639E+21,9.59656E+15,4.76394E+16
153965,8.17082E+18,8,4,35,35,2017,8,20,3,3,5,3,0,1,0,0,0,0,0,5.41976E+20,5.28294E+21,9.55946E+15,4.76985E+16
153966,8.17082E+18,8,4,35,16,2017,8,12,3,3,0,7,1,0,0,0,0,0,0,5.35061E+20,5.27749E+21,9.46687E+15,4.76499E+16
153967,8.17082E+18,8,4,25,73,2017,8,14,3,3,0,1,1,0,0,0,0,0,0,5.41749E+20,5.34544E+21,9.56252E+15,4.82608E+16
153968,8.17082E+18,8,4,16,41,2017,8,9,3,3,5,3,1,1,0,0,0,0,0,5.0636E+20,5.37484E+21,9.08614E+15,4.85267E+16
153969,8.17082E+18,8,4,15,61,2017,8,23,3,3,0,1,1,0,0,0,0,2,1,5.11649E+20,5.3713E+21,9.15768E+15,4.84947E+16
153970,8.17082E+18,8,3,37,65,2017,8,11,3,3,0,1,0,0,0,1,0,0,0,4.4842E+20,5.27501E+21,8.31348E+15,4.76264E+16
153971,8.17082E+18,8,3,36,91,2017,8,14,3,3,5,3,0,1,0,1,0,0,0,3.96477E+20,5.27201E+21,7.62298E+15,4.75933E+16
153972,8.17082E+18,8,3,35,63,2017,8,16,3,3,0,1,1,0,0,0,0,0,0,4.97935E+20,5.28797E+21,8.97245E+15,4.77451E+16
153973,8.17082E+18,8,3,26,12,2017,8,19,3,3,5,2,1,1,0,0,0,0,0,4.66866E+20,5.30985E+21,8.55632E+15,4.79411E+16
153974,8.17082E+18,8,3,27,50,2017,8,6,3,2,6,4,0,1,1,0,0,0,0,4.87498E+20,5.31433E+21,8.83247E+15,4.79822E+16
153975,8.17082E+18,8,3,17,96,2017,8,23,3,3,1,5,1,1,0,0,0,2,1,4.21982E+20,5.37112E+21,7.94411E+15,4.84884E+16
153976,8.17082E+18,8,3,16,11,2017,8,6,3,3,5,3,1,1,0,0,0,0,0,4.14701E+20,5.32907E+21,7.85409E+15,4.81091E+16
153977,8.17082E+18,8,3,15,113,2017,8,17,3,2,0,1,1,0,0,0,0,0,0,4.40889E+20,5.30703E+21,8.20889E+15,4.79139E+16
153978,8.17082E+18,8,3,11,0,2017,8,15,3,3,0,1,1,0,0,0,0,0,0,4.14538E+20,5.31317E+21,7.85507E+15,4.79661E+16
153979,8.17082E+18,8,2,31,0,2017,8,13,3,3,6,2,0,0,1,0,1,0,0,4.78888E+20,5.41568E+21,8.71197E+15,4.88937E+16
153980,8.17082E+18,8,2,36,40,2017,8,16,3,3,6,7,1,0,1,0,0,0,0,4.88301E+20,5.42159E+21,8.84022E+15,4.89471E+16
153981,8.17082E+18,8,2,26,96,2017,8,0,3,3,0,6,1,0,0,0,0,2,0,4.76375E+20,5.48958E+21,8.67333E+15,4.95583E+16
153982,8.17082E+18,8,2,22,0,2017,8,11,3,3,1,7,0,1,0,0,0,0,0,4.61593E+20,5.47988E+21,8.46988E+15,4.94704E+16
153983,8.17082E+18,8,2,22,0,2017,8,23,3,3,5,3,1,1,0,0,0,2,0,4.60692E+20,5.4826E+21,8.45719E+15,4.94947E+16
153984,8.17082E+18,8,2,21,0,2017,8,18,3,3,5,3,0,1,0,1,0,0,0,4.7736E+20,5.47469E+21,8.6878E+15,4.94245E+16
153985,8.17082E+18,8,2,15,109,2017,8,19,3,3,5,3,1,1,0,0,0,0,0,4.63897E+20,5.44055E+21,8.50525E+15,4.91167E+16
153986,8.17082E+18,8,2,12,0,2017,8,16,3,3,1,5,1,1,0,0,0,0,0,4.54262E+20,5.42884E+21,8.37454E+15,4.90108E+16
153987,8.17082E+18,8,2,16,24,2017,8,15,3,2,5,7,1,1,0,0,0,0,0,4.45229E+20,5.4084E+21,8.25377E+15,4.88262E+16
153988,8.17082E+18,8,1,28,131,2017,8,13,3,2,4,1,0,1,0,0,0,0,0,5.36487E+20,5.51151E+21,9.50655E+15,4.9755E+16
153989,8.17082E+18,8,1,27,102,2017,8,8,3,2,0,6,0,0,0,1,1,0,0,5.89536E+20,5.43569E+21,1.02258E+16,4.90676E+16
153990,8.17082E+18,8,1,19,67,2017,8,8,3,3,0,1,1,0,0,0,0,0,0,5.38772E+20,5.40636E+21,9.52807E+15,4.8809E+16
153991,8.17082E+18,8,1,19,20,2017,8,15,3,3,5,3,1,1,0,0,0,0,0,5.20061E+20,5.40713E+21,9.27327E+15,4.88168E+16
153992,8.17082E+18,8,1,17,18,2017,8,15,3,3,5,3,0,1,0,1,0,0,0,5.39119E+20,5.39606E+21,9.53182E+15,4.87164E+16
153993,8.17082E+18,8,1,17,26,2017,8,22,3,3,6,7,0,1,1,0,0,2,1,5.48064E+20,5.39405E+21,9.65319E+15,4.86977E+16
153994,8.17082E+18,8,1,16,78,2017,8,16,3,3,5,3,0,1,0,0,1,0,0,5.1086E+20,5.3941E+21,9.14759E+15,4.86999E+16
153995,8.17082E+18,8,1,15,45,2017,8,12,3,2,5,3,1,1,0,0,0,0,0,5.0033E+20,5.3952E+21,9.00449E+15,4.87099E+16
153996,8.17082E+18,8,1,15,45,2017,8,12,3,3,0,7,1,0,0,0,0,0,0,5.00143E+20,5.39502E+21,9.00194E+15,4.87082E+16
153997,8.17082E+18,8,1,15,28,2017,8,17,3,3,5,2,1,1,0,0,0,0,0,5.0128E+20,5.40414E+21,9.01742E+15,4.87903E+16
153998,8.17082E+18,8,1,15,28,2017,8,7,3,3,5,2,0,1,0,0,0,0,0,4.99319E+20,5.4041E+21,8.99073E+15,4.87899E+16
153999,8.17082E+18,8,1,11,0,2017,8,12,3,3,5,3,1,0,0,0,1,0,0,5.16298E+20,5.40378E+21,9.22189E+15,4.87868E+16
154000,8.17081E+18,8,4,35,36,2017,8,16,2,3,0,1,1,0,0,0,0,0,0,5.21311E+20,5.28158E+21,9.28397E+15,4.76873E+16
154001,8.17081E+18,8,4,26,11,2017,8,19,2,2,0,1,0,0,0,1,0,1,0,5.51512E+20,5.33365E+21,9.69261E+15,4.8154E+16
154002,8.17081E+18,8,4,21,0,2017,8,12,2,2,5,3,1,1,0,0,0,0,0,5.73793E+20,5.36197E+21,9.99711E+15,4.84066E+16
154003,8.17081E+18,8,4,26,21,2017,8,8,2,2,6,3,0,1,1,0,0,0,0,5.58971E+20,5.32742E+21,9.79204E+15,4.80973E+16
154004,8.17081E+18,8,4,21,0,2017,8,22,2,2,0,1,1,0,0,0,0,2,0,5.70546E+20,5.36073E+21,9.95302E+15,4.83958E+16
154005,8.17081E+18,8,4,16,26,2017,8,16,2,3,5,3,1,0,0,0,1,0,0,5.05177E+20,5.3636E+21,9.06998E+15,4.84255E+16
154006,8.17081E+18,8,3,37,65,2017,8,23,2,3,9,1,0,1,0,0,0,2,0,4.46947E+20,5.27527E+21,8.29385E+15,4.76287E+16
154007,8.17081E+18,8,3,37,65,2017,8,12,2,3,5,3,0,1,0,0,0,0,0,4.48693E+20,5.27471E+21,8.31714E+15,4.76238E+16
154008,8.17081E+18,8,3,35,63,2017,8,15,2,3,6,7,0,1,1,0,0,0,0,4.98032E+20,5.28703E+21,8.97375E+15,4.77366E+16
154009,8.17081E+18,8,3,35,43,2017,8,16,2,3,0,7,1,0,0,0,0,0,0,5.125E+20,5.27955E+21,9.1665E+15,4.76692E+16
154010,8.17081E+18,8,3,35,43,2017,8,18,2,3,0,1,1,0,0,0,0,0,0,5.12157E+20,5.27887E+21,9.16192E+15,4.76631E+16
154011,8.17081E+18,8,3,35,75,2017,8,16,2,2,5,3,1,1,0,0,0,0,0,4.87715E+20,5.2904E+21,8.83605E+15,4.77669E+16
154012,8.17081E+18,8,3,17,96,2017,8,13,2,3,6,4,0,0,1,0,1,0,0,4.22043E+20,5.36973E+21,7.9452E+15,4.84759E+16
154013,8.17081E+18,8,3,17,141,2017,8,20,2,2,5,3,1,1,0,0,0,0,0,4.20367E+20,5.37642E+21,7.92124E+15,4.85358E+16
154014,8.17081E+18,8,3,17,141,2017,8,15,2,3,0,1,1,0,0,0,0,0,0,4.20334E+20,5.37725E+21,7.92064E+15,4.85433E+16
154015,8.17081E+18,8,3,15,6,2017,8,9,2,3,6,4,0,1,1,0,0,0,0,4.02732E+20,5.30806E+21,7.6981E+15,4.79185E+16
154016,8.17081E+18,8,3,11,0,2017,8,6,2,3,5,3,0,1,0,0,1,0,0,4.12897E+20,5.31732E+21,7.83225E+15,4.80032E+16
154017,8.17081E+18,8,2,31,0,2017,8,9,2,2,8,1,1,0,0,0,0,0,1,4.81387E+20,5.41148E+21,8.74625E+15,4.8856E+16
154018,8.17081E+18,8,2,36,74,2017,8,18,2,3,5,3,1,1,0,0,0,0,0,4.72821E+20,5.42125E+21,8.62883E+15,4.89435E+16
154019,8.17081E+18,8,2,31,0,2017,8,7,2,3,4,7,1,1,0,0,0,0,0,4.79002E+20,5.41665E+21,8.71347E+15,4.89024E+16
154020,8.17081E+18,8,2,26,76,2017,8,17,2,3,0,3,1,0,0,0,1,0,0,4.75279E+20,5.4649E+21,8.65971E+15,4.93363E+16
154021,8.17081E+18,8,2,22,0,2017,8,0,2,2,9,1,0,1,0,0,0,2,0,4.59966E+20,5.4887E+21,8.44654E+15,4.95496E+16
154022,8.17081E+18,8,2,22,0,2017,8,13,2,3,2,6,0,1,0,0,0,0,0,4.61559E+20,5.47926E+21,8.46948E+15,4.94648E+16
154023,8.17081E+18,8,2,22,0,2017,8,19,2,3,1,2,1,1,0,0,0,0,0,4.6463E+20,5.48293E+21,8.51153E+15,4.9498E+16
154024,8.17081E+18,8,2,21,0,2017,8,17,2,2,6,4,0,1,1,0,0,0,0,4.76338E+20,5.47257E+21,8.67384E+15,4.94053E+16
154025,8.17081E+18,8,2,22,0,2017,8,20,2,2,0,1,1,0,0,0,0,0,0,4.60012E+20,5.48293E+21,8.44777E+15,4.94977E+16
154026,8.17081E+18,8,2,11,0,2017,8,12,2,2,0,7,0,0,0,0,1,0,0,4.40815E+20,5.4041E+21,8.19426E+15,4.87871E+16