OBJECTID,UIDENTSTLA,ULAND,UREGBEZ,UKREIS,UGEMEINDE,UJAHR,UMONAT,USTUNDE,UWOCHENTAG,UKATEGORIE,UART,UTYP1,IstRad,IstPKW,IstFuss,IstKrad,IstSonstig,LICHT,STRZUSTAND,LINREFX,LINREFY,XGCSWGS84,YGCSWGS84
154372,8.17082E+18,8,1,11,0,2017,8,12,1,3,0,1,1,0,0,0,0,0,0,5.13989E+20,5.40342E+21,9.19043E+15,4.87836E+16
154373,8.17082E+18,8,4,36,64,2017,8,18,7,3,2,6,1,1,0,0,0,0,0,5.46217E+20,5.29317E+21,9.61707E+15,4.77902E+16
154374,8.17082E+18,8,1,16,49,2017,8,3,7,2,9,1,0,1,0,0,0,2,0,5.25348E+20,5.38566E+21,9.34397E+15,4.86235E+16
154375,8.17082E+18,8,3,35,43,2017,8,3,7,3,1,5,0,1,0,0,0,2,0,5.12561E+20,5.28048E+21,9.16735E+15,4.76776E+16
154376,8.17082E+18,8,3,27,50,2017,8,17,7,2,5,3,1,1,0,0,0,0,0,4.86503E+20,5.3143E+21,8.81913E+15,4.79819E+16
154377,8.17082E+18,8,3,26,74,2017,8,19,7,2,6,7,1,0,1,0,0,0,0,4.59914E+20,5.32305E+21,8.462E+15,4.80595E+16
154378,8.17082E+18,8,3,11,0,2017,8,7,7,3,0,7,1,0,0,0,0,0,0,4.11969E+20,5.31591E+21,7.82009E+15,4.79904E+16
154379,8.17082E+18,8,2,12,0,2017,8,12,7,3,6,6,1,0,1,0,0,0,0,4.55961E+20,5.42757E+21,8.3979E+15,4.89995E+16
154380,8.17082E+18,8,2,31,0,2017,8,12,7,3,8,2,0,1,0,0,0,0,0,4.81888E+20,5.41501E+21,8.75293E+15,4.88878E+16
154381,8.17082E+18,8,2,26,102,2017,8,20,7,3,5,3,0,1,0,0,0,1,0,4.84311E+20,5.45232E+21,8.78453E+15,4.92234E+16
154382,8.17082E+18,8,2,26,9,2017,8,12,7,3,5,3,0,1,0,0,0,0,0,4.66832E+20,5.47311E+21,8.54277E+15,4.94098E+16
154383,8.17082E+18,8,2,22,0,2017,8,20,7,3,5,3,0,1,0,1,0,2,0,4.6215E+20,5.48278E+21,8.47729E+15,4.94965E+16
154384,8.17082E+18,8,2,21,0,2017,8,5,7,3,5,3,1,1,0,0,0,2,1,4.7747E+20,5.47434E+21,8.68935E+15,4.94213E+16
154385,8.17082E+18,8,2,16,9,2017,8,11,7,3,0,1,1,0,0,0,0,0,0,4.4544E+20,5.42124E+21,8.25493E+15,4.89417E+16
154386,8.17082E+18,8,2,12,0,2017,8,21,7,3,2,2,0,1,0,1,0,2,0,4.58398E+20,5.43121E+21,8.43085E+15,4.90324E+16
154387,8.17082E+18,8,2,15,109,2017,8,18,7,3,5,3,1,1,0,0,0,0,0,4.60615E+20,5.43286E+21,8.46101E+15,4.90474E+16
154388,8.17082E+18,8,1,28,7,2017,8,18,7,2,5,3,1,1,0,0,0,0,0,5.54435E+20,5.48504E+21,9.75202E+15,4.95155E+16
154389,8.17082E+18,8,1,21,0,2017,8,21,7,2,5,2,0,1,0,1,0,2,0,5.16285E+20,5.44374E+21,9.2233E+15,4.91462E+16
154390,8.17082E+18,8,1,16,77,2017,8,11,7,3,6,7,0,1,1,0,0,0,0,5.1792E+20,5.39058E+21,9.24339E+15,4.8668E+16
154391,8.17082E+18,8,1,16,19,2017,8,18,7,3,2,6,0,1,0,0,0,0,0,5.24176E+20,5.3982E+21,9.3288E+15,4.87363E+16
154392,8.17082E+18,8,1,16,19,2017,8,14,7,3,3,6,0,1,0,0,0,0,0,5.20701E+20,5.39832E+21,9.28155E+15,4.87376E+16
154393,8.17082E+18,8,1,11,0,2017,8,16,7,2,4,6,0,1,1,0,0,0,0,5.13299E+20,5.40158E+21,9.18098E+15,4.87671E+16
154394,8.17082E+18,8,1,11,0,2017,8,14,7,3,2,6,0,1,0,0,0,0,0,5.16123E+20,5.40563E+21,9.21957E+15,4.88034E+16
154395,8.17082E+18,8,1,11,0,2017,8,20,7,2,0,7,1,0,0,0,0,0,0,5.15439E+20,5.40361E+21,9.21018E+15,4.87853E+16
154396,8.17082E+18,8,4,36,8,2017,8,17,6,2,0,1,0,0,0,0,1,0,0,5.47363E+20,5.31033E+21,9.63425E+15,4.79445E+16
154397,8.17082E+18,8,4,17,2,2017,8,15,6,3,0,1,0,0,0,1,0,0,0,4.9169E+20,5.34766E+21,8.88798E+15,4.82821E+16
154398,8.17082E+18,8,4,16,41,2017,8,21,6,3,8,1,0,1,0,0,0,2,1,5.04422E+20,5.37657E+21,9.05991E+15,4.85422E+16
154399,8.17082E+18,8,4,15,91,2017,8,0,6,3,9,1,0,0,0,1,0,2,0,5.14658E+20,5.35498E+21,9.19783E+15,4.83478E+16
154400,8.17082E+18,8,4,16,41,2017,8,2,6,3,5,3,0,1,0,0,0,2,0,5.03495E+20,5.37417E+21,9.04733E+15,4.85207E+16
154401,8.17082E+18,8,4,15,61,2017,8,16,6,3,5,3,0,1,0,0,0,0,0,5.13268E+20,5.37159E+21,9.17959E+15,4.84973E+16
154402,8.17082E+18,8,3,35,63,2017,8,16,6,3,1,5,1,1,0,0,0,0,0,4.98614E+20,5.2878E+21,8.98151E+15,4.77435E+16
154403,8.17082E+18,8,3,35,75,2017,8,19,6,3,6,4,0,1,1,0,0,1,1,4.87882E+20,5.28958E+21,8.8383E+15,4.77595E+16
154404,8.17082E+18,8,3,35,2,2017,8,18,6,3,5,3,1,0,0,1,0,0,0,5.074E+20,5.28383E+21,9.09864E+15,4.77078E+16
154405,8.17082E+18,8,3,27,57,2017,8,18,6,2,4,6,0,1,0,1,0,0,1,4.89164E+20,5.30441E+21,8.85504E+15,4.78929E+16
154406,8.17082E+18,8,3,15,70,2017,8,7,6,3,5,3,0,1,0,1,0,0,0,4.50949E+20,5.30343E+21,8.34393E+15,4.78824E+16
154407,8.17082E+18,8,3,15,15,2017,8,10,6,3,0,1,1,0,0,0,0,0,0,3.93839E+20,5.32059E+21,7.57601E+15,4.80298E+16
154408,8.17082E+18,8,3,11,0,2017,8,17,6,3,6,6,1,0,1,0,0,0,1,4.13178E+20,5.31677E+21,7.83613E+15,4.79983E+16
154409,8.17082E+18,8,2,12,0,2017,8,13,6,3,1,5,1,1,0,0,0,0,0,4.61019E+20,5.42754E+21,8.46706E+15,4.89995E+16
154410,8.17082E+18,8,2,12,0,2017,8,13,6,3,5,3,1,1,0,0,0,0,0,4.6075E+20,5.42773E+21,8.46336E+15,4.90012E+16
154411,8.17082E+18,8,2,31,0,2017,8,22,6,3,6,4,0,0,1,1,0,2,0,4.77352E+20,5.41527E+21,8.69104E+15,4.88899E+16
154412,8.17082E+18,8,2,26,68,2017,8,23,6,2,0,1,0,1,0,0,0,2,0,4.66E+20,5.4615E+21,8.53228E+15,4.93053E+16
154413,8.17082E+18,8,2,22,0,2017,8,19,6,3,5,3,1,1,0,0,0,0,1,4.61243E+20,5.48208E+21,8.46484E+15,4.94902E+16
154414,8.17082E+18,8,2,22,0,2017,8,3,6,3,3,6,0,1,0,1,0,2,0,4.68289E+20,5.48443E+21,8.56195E+15,4.95117E+16
154415,8.17082E+18,8,2,21,0,2017,8,14,6,3,5,3,1,0,0,0,0,0,0,4.77908E+20,5.47295E+21,8.69546E+15,4.94088E+16
154416,8.17082E+18,8,2,16,7,2017,8,9,6,3,2,6,0,1,0,0,1,0,0,4.36706E+20,5.39467E+21,8.13977E+15,4.87019E+16
154417,8.17082E+18,8,2,15,17,2017,8,12,6,3,0,1,1,0,0,0,0,0,0,4.56011E+20,5.4215E+21,8.39925E+15,4.89449E+16
154418,8.17082E+18,8,1,15,28,2017,8,23,6,3,9,1,0,1,0,0,0,2,1,5.01281E+20,5.40415E+21,9.01744E+15,4.87904E+16
154419,8.17082E+18,8,1,36,29,2017,8,16,6,2,0,1,1,0,0,0,0,0,0,5.69115E+20,5.4114E+21,9.94215E+15,4.88517E+16
154420,8.17082E+18,8,1,36,50,2017,8,17,6,3,5,3,0,1,0,0,0,0,0,5.81009E+20,5.40422E+21,1.01028E+16,4.87857E+16
154421,8.17082E+18,8,1,28,7,2017,8,13,6,3,4,6,0,1,0,1,0,0,0,5.57083E+20,5.48382E+21,9.78843E+15,4.95043E+16
154422,8.17082E+18,8,1,25,102,2017,8,17,6,3,6,4,0,1,1,0,0,0,0,5.21354E+20,5.44436E+21,9.29284E+15,4.91517E+16
154423,8.17082E+18,8,1,18,79,2017,8,18,6,3,0,3,0,0,0,1,1,0,0,5.08492E+20,5.42326E+21,9.11602E+15,4.89622E+16
154424,8.17082E+18,8,1,15,48,2017,8,9,6,2,5,3,1,1,0,0,0,0,0,5.10935E+20,5.38694E+21,9.14842E+15,4.86354E+16
154425,8.17082E+18,8,1,18,6,2017,8,12,6,2,9,1,0,1,1,0,1,0,0,5.17699E+20,5.42132E+21,9.24171E+15,4.89445E+16
154426,8.17082E+18,8,1,16,11,2017,8,11,6,3,0,1,1,0,0,0,0,0,0,5.30143E+20,5.37943E+21,9.40858E+15,4.85672E+16
154427,8.17082E+18,8,1,16,49,2017,8,7,6,3,5,3,0,1,0,0,1,0,0,5.25341E+20,5.38371E+21,9.34376E+15,4.8606E+16
154428,8.17082E+18,8,1,15,45,2017,8,18,6,3,6,4,0,1,1,0,0,0,0,5.00473E+20,5.39659E+21,9.00643E+15,4.87224E+16
154429,8.17082E+18,8,1,15,3,2017,8,13,6,3,0,5,0,1,0,1,0,0,0,5.01143E+20,5.39259E+21,9.01553E+15,4.86863E+16
154430,8.17082E+18,8,4,36,55,2017,8,10,5,3,5,3,1,0,0,0,1,0,0,5.75399E+20,5.29759E+21,1.00074E+16,4.78273E+16
154431,8.17082E+18,8,4,35,35,2017,8,23,5,3,0,1,1,0,0,0,0,2,0,5.41935E+20,5.28309E+21,9.55893E+15,4.76999E+16
154432,8.17082E+18,8,4,36,81,2017,8,11,5,3,0,6,1,1,0,0,0,0,0,5.60488E+20,5.29118E+21,9.80732E+15,4.77712E+16
154433,8.17082E+18,8,4,35,16,2017,8,11,5,3,0,1,1,0,0,0,0,0,0,5.34723E+20,5.27772E+21,9.46239E+15,4.76519E+16
154434,8.17082E+18,8,4,26,21,2017,8,17,5,3,0,1,1,0,0,0,0,0,0,5.58905E+20,5.32776E+21,9.7912E+15,4.81004E+16
154435,8.17082E+18,8,4,21,0,2017,8,7,5,3,6,4,1,0,1,0,0,0,0,5.73306E+20,5.36142E+21,9.99043E+15,4.84017E+16
154436,8.17082E+18,8,4,25,71,2017,8,11,5,3,5,3,1,1,0,0,0,0,0,5.52529E+20,5.37153E+21,9.71101E+15,4.84947E+16
154437,8.17082E+18,8,4,17,79,2017,8,6,5,3,5,3,0,1,0,0,0,0,0,5.03203E+20,5.3395E+21,9.04311E+15,4.82087E+16
154438,8.17082E+18,8,3,36,105,2017,8,11,5,3,0,7,0,0,0,0,1,0,0,3.99278E+20,5.26747E+21,7.66128E+15,4.75528E+16
154439,8.17082E+18,8,3,35,75,2017,8,15,5,3,2,3,0,1,1,0,0,0,0,4.88627E+20,5.28993E+21,8.84823E+15,4.77627E+16
154440,8.17082E+18,8,3,35,75,2017,8,17,5,3,5,2,1,1,0,0,0,0,0,4.8904E+20,5.28835E+21,8.85379E+15,4.77485E+16
154441,8.17082E+18,8,4,35,34,2017,8,16,5,2,6,4,0,1,1,0,0,0,0,5.30741E+20,5.28484E+21,9.40987E+15,4.77162E+16
154442,8.17082E+18,8,3,17,96,2017,8,11,5,3,0,7,0,0,0,1,0,0,0,4.22617E+20,5.36927E+21,7.95304E+15,4.84718E+16
154443,8.17082E+18,8,3,17,59,2017,8,19,5,3,0,7,0,0,0,1,0,0,0,4.12228E+20,5.34956E+21,7.81664E+15,4.82931E+16
154444,8.17082E+18,8,3,17,146,2017,8,20,5,2,0,1,1,0,0,0,0,1,0,4.30495E+20,5.35497E+21,8.06198E+15,4.83441E+16
154445,8.17082E+18,8,3,16,20,2017,8,9,5,2,3,7,1,0,0,0,0,0,0,4.08264E+20,5.33856E+21,7.76559E+15,4.81936E+16
154446,8.17082E+18,8,3,15,6,2017,8,12,5,3,2,1,0,1,0,0,0,0,0,4.03479E+20,5.30786E+21,7.70814E+15,4.79168E+16
154447,8.17082E+18,8,3,11,0,2017,8,10,5,3,5,3,0,1,0,0,0,0,0,4.10403E+20,5.31648E+21,7.799E+15,4.79953E+16
154448,8.17082E+18,8,3,11,0,2017,8,10,5,3,3,6,1,0,0,0,0,0,0,4.14177E+20,5.31704E+21,7.84947E+15,4.80009E+16
154449,8.17082E+18,8,2,12,0,2017,8,12,5,3,8,1,0,0,0,1,0,0,0,4.61268E+20,5.4275E+21,8.47047E+15,4.89991E+16
154450,8.17082E+18,8,2,36,25,2017,8,16,5,3,5,7,0,1,0,1,0,0,0,4.90556E+20,5.40596E+21,8.87139E+15,4.88066E+16
154451,8.17082E+18,8,2,15,59,2017,8,18,5,3,1,7,0,1,0,0,0,0,0,4.84896E+20,5.43373E+21,8.79326E+15,4.90563E+16
154452,8.17082E+18,8,1,35,19,2017,8,18,5,2,5,3,1,0,0,0,0,0,0,5.8558E+20,5.39031E+21,1.01622E+16,4.866E+16
154453,8.17082E+18,8,1,25,26,2017,8,13,5,3,6,4,0,1,1,0,0,0,0,4.9338E+20,5.44276E+21,8.90924E+15,4.91376E+16
154454,8.17082E+18,8,1,19,20,2017,8,13,5,3,2,6,0,1,0,0,0,0,0,5.18849E+20,5.40781E+21,9.25679E+15,4.88229E+16
154455,8.17082E+18,8,1,16,71,2017,8,15,5,2,0,1,0,0,0,1,0,0,0,5.28276E+20,5.39137E+21,9.38409E+15,4.86747E+16
154456,8.17082E+18,8,1,11,0,2017,8,7,5,2,5,3,0,1,0,0,1,0,0,5.08567E+20,5.39732E+21,9.11649E+15,4.87289E+16
154457,8.17082E+18,8,1,11,0,2017,8,17,5,3,6,7,0,1,1,0,0,0,0,5.18414E+20,5.40056E+21,9.25054E+15,4.87578E+16
154458,8.17082E+18,8,1,11,0,2017,8,19,5,3,2,6,0,1,0,0,0,0,0,5.12677E+20,5.40126E+21,9.17251E+15,4.87642E+16
154459,8.17082E+18,8,4,26,21,2017,8,18,4,2,0,1,1,0,0,0,0,0,0,5.59583E+20,5.32786E+21,9.80032E+15,4.81012E+16
154460,8.17082E+18,8,4,25,28,2017,8,12,4,3,5,3,1,1,0,0,0,0,0,5.78936E+20,5.34352E+21,1.00631E+16,4.824E+16
154461,8.17082E+18,8,4,21,0,2017,8,9,4,3,3,6,0,1,0,0,1,0,0,5.71415E+20,5.36124E+21,9.96486E+15,4.84002E+16
154462,8.17082E+18,8,4,21,0,2017,8,20,4,3,5,2,1,1,0,0,0,1,0,5.73136E+20,5.36172E+21,9.98818E+15,4.84044E+16
154463,8.17082E+18,8,4,25,33,2017,8,15,4,2,0,1,1,0,0,0,0,0,0,5.54194E+20,5.34831E+21,9.73055E+15,4.82857E+16
154464,8.17082E+18,8,4,16,36,2017,8,10,4,3,0,7,1,0,0,0,0,0,0,4.95964E+20,5.36891E+21,8.94539E+15,4.84733E+16
154465,8.17082E+18,8,3,37,96,2017,8,5,4,3,5,3,1,1,0,0,0,1,0,4.20442E+20,5.26702E+21,7.94259E+15,4.75517E+16
154466,8.17082E+18,8,3,37,49,2017,8,12,4,3,9,1,0,0,0,1,0,0,0,4.2479E+20,5.27864E+21,7.99838E+15,4.76568E+16
154467,8.17082E+18,8,3,36,50,2017,8,14,4,3,5,3,0,1,0,1,0,0,0,4.01949E+20,5.27747E+21,7.69453E+15,4.76432E+16
154468,8.17082E+18,8,3,35,75,2017,8,7,4,3,5,7,0,1,0,0,0,0,1,4.90472E+20,5.28954E+21,8.87286E+15,4.77591E+16
154469,8.17082E+18,8,4,36,85,2017,8,11,4,2,5,3,0,1,0,0,1,0,0,5.59772E+20,5.30091E+21,9.79911E+15,4.78588E+16
154470,8.17082E+18,8,3,27,50,2017,8,10,4,2,1,7,0,1,0,1,0,0,0,4.86969E+20,5.31573E+21,8.82533E+15,4.79947E+16
154471,8.17082E+18,8,3,17,121,2017,8,9,4,3,9,1,0,1,0,0,0,0,0,4.26214E+20,5.3428E+21,8.00634E+15,4.82341E+16
154472,8.17082E+18,8,3,11,0,2017,8,13,4,3,5,2,1,1,0,0,0,0,0,4.14772E+20,5.31905E+21,7.85703E+15,4.80191E+16
154473,8.17082E+18,8,3,11,0,2017,8,20,4,3,5,2,1,1,0,0,0,0,0,4.14585E+20,5.31732E+21,7.85487E+15,4.80035E+16
154474,8.17082E+18,8,3,15,98,2017,8,12,4,3,2,6,0,1,0,0,1,0,1,4.07093E+20,5.31236E+21,7.75552E+15,4.79578E+16
154475,8.17082E+18,8,2,12,0,2017,8,11,4,3,5,2,0,1,0,1,0,0,0,4.57349E+20,5.42857E+21,8.41677E+15,4.90086E+16
154476,8.17082E+18,8,2,12,0,2017,8,15,4,3,1,6,0,1,0,0,1,0,0,4.59248E+20,5.42817E+21,8.44278E+15,4.90051E+16
154477,8.17082E+18,8,2,35,79,2017,8,17,4,3,0,7,0,0,0,1,0,0,0,4.67107E+20,5.40037E+21,8.55248E+15,4.87555E+16
154478,8.17082E+18,8,2,35,47,2017,8,19,4,3,5,3,1,1,0,0,0,0,0,4.76801E+20,5.38924E+21,8.68499E+15,4.86558E+16
154479,8.17082E+18,8,2,26,60,2017,8,10,4,3,6,7,0,1,1,0,0,0,0,4.78038E+20,5.46335E+21,8.69777E+15,4.93225E+16
154480,8.17082E+18,8,2,26,65,2017,8,18,4,3,5,3,1,1,0,0,0,0,0,4.78491E+20,5.45758E+21,8.70432E+15,4.92706E+16
154481,8.17082E+18,8,2,22,0,2017,8,9,4,3,5,3,1,1,0,0,0,0,0,4.65518E+20,5.47648E+21,8.52436E+15,4.944E+16
154482,8.17083E+18,8,2,12,0,2017,8,17,6,3,2,6,1,0,0,0,0,0,0,4.57489E+20,5.42869E+21,8.41867E+15,4.90097E+16
154483,8.17082E+18,8,4,37,104,2017,8,12,5,2,5,3,1,1,0,0,0,0,0,5.15852E+20,5.32586E+21,9.21286E+15,4.80858E+16
154484,8.17082E+18,8,4,37,104,2017,8,18,5,3,4,6,0,1,0,0,0,0,0,5.17572E+20,5.32727E+21,9.23601E+15,4.80984E+16
154485,8.17083E+18,8,2,31,0,2017,8,9,6,3,1,6,1,1,0,0,0,0,0,4.77025E+20,5.41519E+21,8.68659E+15,4.88893E+16
154486,8.17083E+18,8,2,37,28,2017,8,7,6,3,3,2,1,1,0,0,0,0,0,4.58239E+20,5.36818E+21,8.43506E+15,4.84654E+16
154487,8.17082E+18,8,4,35,16,2017,8,18,5,2,5,2,1,1,0,0,0,1,1,5.34012E+20,5.27834E+21,9.45297E+15,4.76576E+16
154488,8.17083E+18,8,3,11,0,2017,8,22,6,3,0,1,0,0,0,1,0,2,0,4.13335E+20,5.31706E+21,7.83817E+15,4.80009E+16
154489,8.17082E+18,8,3,35,75,2017,8,16,5,3,5,3,1,1,0,0,0,0,0,4.87755E+20,5.29055E+21,8.83658E+15,4.77682E+16
154490,8.17083E+18,8,2,16,17,2017,8,10,6,3,5,3,1,1,0,0,0,0,0,4.51911E+20,5.40273E+21,8.34546E+15,4.87757E+16
154491,8.17083E+18,8,2,26,56,2017,8,12,6,3,1,1,1,1,0,0,0,0,0,4.85827E+20,5.47068E+21,8.8047E+15,4.93886E+16
154492,8.17082E+18,8,4,26,58,2017,8,17,5,2,9,1,0,0,0,0,1,0,0,5.57584E+20,5.31755E+21,9.77209E+15,4.80087E+16
154493,8.17082E+18,8,4,26,97,2017,8,17,5,3,1,7,0,0,0,1,1,0,0,5.3594E+20,5.33287E+21,9.48319E+15,4.8148E+16
154494,8.17083E+18,8,1,11,0,2017,8,16,6,2,4,1,0,1,0,1,0,0,0,5.12913E+20,5.40474E+21,9.17583E+15,4.87955E+16
154495,8.17083E+18,8,1,35,16,2017,8,14,6,3,5,3,0,1,0,0,1,0,0,5.9163E+20,5.38622E+21,1.02434E+16,4.86223E+16
154496,8.17082E+18,8,4,17,2,2017,8,18,5,3,2,6,0,1,0,0,0,0,0,4.88784E+20,5.34685E+21,8.84884E+15,4.82748E+16
154497,8.17082E+18,8,4,25,104,2017,8,11,5,3,6,7,0,1,1,0,0,0,0,5.51009E+20,5.34251E+21,9.68692E+15,4.82337E+16
154498,8.17082E+18,8,4,25,31,2017,8,18,5,3,0,6,1,1,0,0,0,0,0,5.68589E+20,5.36944E+21,9.92802E+15,4.84743E+16
154499,8.17083E+18,8,1,16,7,2017,8,13,6,3,0,3,1,0,0,0,1,0,0,5.33307E+20,5.40088E+21,9.4532E+15,4.87601E+16
154500,8.17083E+18,8,1,16,19,2017,8,18,6,3,6,4,1,0,1,0,0,0,0,5.22339E+20,5.39885E+21,9.30386E+15,4.87423E+16
154501,8.17083E+18,8,1,18,79,2017,8,8,6,3,0,7,1,0,0,0,0,0,0,5.09077E+20,5.42112E+21,9.12396E+15,4.89429E+16
154502,8.17083E+18,8,2,12,0,2017,8,7,6,3,5,3,1,1,0,0,0,0,0,4.51642E+20,5.42885E+21,8.33871E+15,4.90106E+16
154503,8.17083E+18,8,2,12,0,2017,8,9,6,3,5,3,0,1,0,0,1,0,0,4.50219E+20,5.42959E+21,8.31916E+15,4.90172E+16
154504,8.17083E+18,8,1,19,67,2017,8,13,6,3,5,3,1,1,0,0,0,0,0,5.39452E+20,5.41054E+21,9.53774E+15,4.88466E+16
154505,8.17083E+18,8,2,15,106,2017,8,17,5,3,6,7,0,0,1,0,1,0,0,4.65161E+20,5.45255E+21,8.52153E+15,4.92248E+16
154506,8.17083E+18,8,2,31,0,2017,8,16,5,3,6,4,0,1,1,0,0,0,1,4.75836E+20,5.41523E+21,8.67036E+15,4.88896E+16
154507,8.17083E+18,8,2,26,95,2017,8,17,5,3,0,2,1,1,0,0,0,0,0,4.75177E+20,5.46006E+21,8.65861E+15,4.92928E+16
154508,8.17083E+18,8,2,26,96,2017,8,14,5,3,2,6,0,1,0,0,0,0,0,4.76215E+20,5.48837E+21,8.6712E+15,4.95475E+16
154509,8.17083E+18,8,2,26,13,2017,8,11,5,2,0,7,1,0,0,0,0,0,1,4.99422E+20,5.47907E+21,8.99203E+15,4.94643E+16
154510,8.17083E+18,8,2,22,0,2017,8,15,5,3,5,3,1,1,0,0,0,0,0,4.61885E+20,5.48469E+21,8.47345E+15,4.95137E+16
154511,8.17083E+18,8,2,22,0,2017,8,18,5,2,5,2,0,1,1,0,0,0,0,4.61559E+20,5.4819E+21,8.46922E+15,4.94885E+16
154512,8.17083E+18,8,2,16,43,2017,8,9,5,3,5,3,1,1,0,0,0,0,1,4.41193E+20,5.41177E+21,8.1983E+15,4.88561E+16
154513,8.17083E+18,8,2,15,9,2017,8,16,5,3,5,3,0,1,0,0,0,0,0,4.703E+20,5.44135E+21,8.59293E+15,4.91242E+16
154514,8.17083E+18,8,2,15,9,2017,8,7,5,3,5,3,0,1,0,1,0,0,1,4.73979E+20,5.4385E+21,8.64353E+15,4.90988E+16
154515,8.17083E+18,8,2,12,0,2017,8,12,5,3,5,3,1,0,0,0,1,0,0,4.5398E+20,5.43059E+21,8.37049E+15,4.90265E+16
154516,8.17083E+18,8,2,12,0,2017,8,5,5,3,9,7,0,0,0,1,0,2,1,4.56244E+20,5.42528E+21,8.40202E+15,4.89788E+16
154517,8.17083E+18,8,1,36,65,2017,8,18,5,3,8,1,0,1,0,0,0,0,1,5.60216E+20,5.40761E+21,9.8203E+15,4.88185E+16
154518,8.17083E+18,8,1,35,19,2017,8,11,5,3,0,1,0,0,0,1,0,0,1,5.85205E+20,5.3917E+21,1.01574E+16,4.86725E+16
154519,8.17083E+18,8,1,28,45,2017,8,17,5,2,5,7,1,1,0,0,0,0,0,5.53093E+20,5.50178E+21,9.73575E+15,4.96662E+16
154520,8.17083E+18,8,1,21,0,2017,8,9,5,3,5,3,0,1,0,0,1,0,1,5.15922E+20,5.44201E+21,9.21826E+15,4.91307E+16
154521,8.17083E+18,8,1,19,8,2017,8,16,5,3,5,2,0,1,0,1,0,0,1,5.3152E+20,5.42274E+21,9.43057E+15,4.89568E+16
154522,8.17083E+18,8,1,18,68,2017,8,11,5,1,2,6,0,1,0,1,1,0,1,5.02783E+20,5.42191E+21,9.03801E+15,4.89501E+16
154523,8.17083E+18,8,1,17,24,2017,8,3,5,3,5,3,1,1,0,0,0,2,1,5.61657E+20,5.38608E+21,9.83671E+15,4.86248E+16
154524,8.17083E+18,8,1,16,49,2017,8,23,5,3,8,1,0,1,0,0,0,2,1,5.25062E+20,5.38624E+21,9.34012E+15,4.86287E+16
154525,8.17083E+18,8,1,16,49,2017,8,16,5,3,5,3,0,1,0,1,0,0,1,5.25459E+20,5.38468E+21,9.34541E+15,4.86147E+16
154526,8.17083E+18,8,1,11,0,2017,8,11,5,3,5,3,1,0,0,0,1,0,1,5.19831E+20,5.40104E+21,9.26985E+15,4.8762E+16
154527,8.17083E+18,8,4,36,82,2017,8,13,4,3,0,1,0,0,0,0,1,0,0,5.46937E+20,5.2963E+21,9.62702E+15,4.78183E+16
154528,8.17083E+18,8,4,21,0,2017,8,16,4,2,2,6,0,1,0,0,1,0,0,5.70702E+20,5.36119E+21,9.95522E+15,4.83999E+16
154529,8.17083E+18,8,4,17,79,2017,8,11,4,3,6,2,0,1,1,0,0,0,0,5.02051E+20,5.33981E+21,9.02761E+15,4.82116E+16
154530,8.17083E+18,8,4,15,59,2017,8,11,4,3,1,5,1,1,0,0,0,0,0,5.16661E+20,5.36831E+21,9.2254E+15,4.84677E+16
154531,8.17083E+18,8,3,36,69,2017,8,17,4,2,5,3,1,1,0,0,0,0,0,4.08718E+20,5.26849E+21,7.7865E+15,4.75634E+16
154532,8.17083E+18,8,3,35,75,2017,8,4,4,3,0,1,0,0,0,1,0,2,0,4.87839E+20,5.28939E+21,8.83773E+15,4.77578E+16
154533,8.17083E+18,8,3,35,63,2017,8,15,4,3,2,2,0,1,0,0,0,0,0,4.96564E+20,5.28816E+21,8.95416E+15,4.77468E+16
154534,8.17083E+18,8,3,35,63,2017,8,16,4,3,0,1,1,0,0,0,0,0,0,4.9809E+20,5.28694E+21,8.97452E+15,4.77359E+16
154535,8.17083E+18,8,3,35,63,2017,8,17,4,3,0,1,1,0,0,0,0,0,0,4.98326E+20,5.28755E+21,8.97767E+15,4.77413E+16
154536,8.17083E+18,8,3,35,63,2017,8,15,4,3,2,6,0,1,0,1,0,0,0,4.98603E+20,5.2879E+21,8.98137E+15,4.77445E+16
154537,8.17083E+18,8,3,35,43,2017,8,18,4,3,6,4,1,0,1,0,0,0,0,5.13492E+20,5.28092E+21,9.17976E+15,4.76815E+16
154538,8.17083E+18,8,3,25,11,2017,8,17,4,2,0,1,1,0,0,0,0,0,0,4.73826E+20,5.33926E+21,8.64771E+15,4.8206E+16
154539,8.17083E+18,8,3,25,57,2017,8,19,4,3,0,1,1,0,0,0,0,0,0,4.74366E+20,5.35715E+21,8.6539E+15,4.8367E+16
154540,8.17083E+18,8,3,17,1,2017,8,12,4,3,5,3,0,1,0,0,0,0,0,4.30919E+20,5.3866E+21,8.06248E+15,4.86286E+16
154541,8.17083E+18,8,3,36,84,2017,8,17,4,2,5,3,1,0,0,0,0,0,0,4.06755E+20,5.27747E+21,7.75851E+15,4.76439E+16
154542,8.17083E+18,8,2,15,9,2017,8,12,4,2,5,3,1,1,0,0,0,0,0,4.69765E+20,5.44134E+21,8.5856E+15,4.91242E+16
154543,8.17083E+18,8,2,35,20,2017,8,21,4,2,6,7,0,1,1,0,0,2,0,4.74952E+20,5.38335E+21,8.66025E+15,4.86028E+16