OBJECTID,UIDENTSTLA,ULAND,UREGBEZ,UKREIS,UGEMEINDE,UJAHR,UMONAT,USTUNDE,UWOCHENTAG,UKATEGORIE,UART,UTYP1,IstRad,IstPKW,IstFuss,IstKrad,IstSonstig,LICHT,STRZUSTAND,LINREFX,LINREFY,XGCSWGS84,YGCSWGS84
154544,8.17083E+18,8,2,35,85,2017,8,14,4,3,1,7,1,1,0,0,0,0,0,4.80913E+20,5.39532E+21,8.74054E+15,4.87106E+16
154545,8.17083E+18,8,2,31,0,2017,8,11,4,3,2,6,0,1,0,0,0,0,0,4.75712E+20,5.41657E+21,8.66859E+15,4.89016E+16
154546,8.17083E+18,8,2,26,84,2017,8,9,4,3,5,3,0,1,0,0,0,0,0,4.68057E+20,5.47231E+21,8.55971E+15,4.94027E+16
154547,8.17083E+18,8,2,22,0,2017,8,13,4,3,2,6,0,1,0,0,1,0,0,4.64038E+20,5.48351E+21,8.50331E+15,4.95032E+16
154548,8.17083E+18,8,2,22,0,2017,8,12,4,3,5,3,1,1,0,0,0,0,0,4.61094E+20,5.48195E+21,8.4628E+15,4.9489E+16
154549,8.17083E+18,8,2,16,15,2017,8,14,4,3,5,3,0,1,0,1,0,0,0,4.52846E+20,5.40745E+21,8.35765E+15,4.88182E+16
154550,8.17083E+18,8,2,16,22,2017,8,23,4,3,0,7,1,0,0,0,0,2,1,4.34622E+20,5.40481E+21,8.10984E+15,4.87928E+16
154551,8.17083E+18,8,2,16,43,2017,8,16,4,3,5,5,1,1,0,0,0,0,0,4.37687E+20,5.41374E+21,8.15021E+15,4.88735E+16
154552,8.17083E+18,8,2,12,0,2017,8,16,4,3,5,3,1,0,0,0,0,0,0,4.6066E+20,5.43101E+21,8.46181E+15,4.90307E+16
154553,8.17083E+18,8,1,28,7,2017,8,16,4,2,5,3,1,1,0,0,0,0,0,5.573E+20,5.48228E+21,9.79121E+15,4.94904E+16
154554,8.17083E+18,8,2,25,58,2017,8,16,4,2,6,4,0,1,1,0,0,0,0,5.11225E+20,5.46806E+21,9.1546E+15,4.93652E+16
154555,8.17083E+18,8,1,17,20,2017,8,7,4,3,5,3,1,1,0,0,0,0,0,5.49329E+20,5.38979E+21,9.66987E+15,4.86592E+16
154556,8.17083E+18,8,1,16,19,2017,8,18,4,3,0,7,0,1,1,0,0,0,0,5.24544E+20,5.39762E+21,9.33377E+15,4.87311E+16
154557,8.17083E+18,8,1,16,49,2017,8,12,4,3,2,6,0,1,0,0,0,0,0,5.24488E+20,5.38614E+21,9.33233E+15,4.86278E+16
154558,8.17083E+18,8,1,11,0,2017,8,17,4,3,4,7,0,1,0,1,0,0,0,5.1515E+20,5.40275E+21,9.20621E+15,4.87776E+16
154559,8.17083E+18,8,1,11,0,2017,8,7,4,2,6,4,0,1,1,0,0,0,0,5.11754E+20,5.40298E+21,9.15999E+15,4.87798E+16
154560,8.17083E+18,8,1,11,0,2017,8,18,4,3,5,2,1,1,0,0,0,0,0,5.10891E+20,5.41078E+21,9.14845E+15,4.88499E+16
154561,8.17083E+18,8,1,11,0,2017,8,18,4,3,1,5,0,1,0,1,0,0,0,5.12949E+20,5.40871E+21,9.17644E+15,4.88312E+16
154562,8.17083E+18,8,4,36,55,2017,8,21,3,3,8,1,0,1,0,0,0,2,0,5.82026E+20,5.29979E+21,1.00964E+16,4.78462E+16
154563,8.17083E+18,8,4,36,49,2017,8,19,3,3,5,3,1,1,0,0,0,0,0,5.78052E+20,5.28306E+21,1.00403E+16,4.76963E+16
154564,8.17083E+18,8,4,36,69,2017,8,19,3,3,0,6,0,1,0,0,1,0,0,5.51105E+20,5.29206E+21,9.6822E+15,4.77799E+16
154565,8.17083E+18,8,4,26,70,2017,8,18,3,3,3,6,1,0,0,1,0,0,0,5.65479E+20,5.34198E+21,9.88168E+15,4.82277E+16
154566,8.17083E+18,8,4,26,21,2017,8,18,3,3,5,3,1,0,0,0,0,0,0,5.58822E+20,5.32731E+21,9.79001E+15,4.80963E+16
154567,8.17083E+18,8,4,21,0,2017,8,20,3,3,5,3,1,1,0,0,0,1,0,5.72096E+20,5.35592E+21,9.97314E+15,4.83523E+16
154568,8.17083E+18,8,4,25,33,2017,8,17,3,3,2,6,0,1,0,0,0,0,0,5.53168E+20,5.34791E+21,9.71667E+15,4.82821E+16
154569,8.17083E+18,8,3,15,47,2017,8,0,3,3,9,1,0,0,0,1,0,2,0,4.15388E+20,5.32172E+21,7.86477E+15,4.80432E+16
154570,8.17083E+18,8,3,35,43,2017,8,23,3,3,8,1,1,0,0,0,0,2,0,5.12291E+20,5.28168E+21,9.16378E+15,4.76884E+16
154571,8.17083E+18,8,3,35,43,2017,8,9,3,3,2,7,0,1,0,1,0,0,0,5.15401E+20,5.27918E+21,9.20514E+15,4.76658E+16
154572,8.17083E+18,8,3,26,74,2017,8,16,3,3,4,3,0,1,0,1,0,0,0,4.65187E+20,5.32311E+21,8.53276E+15,4.80604E+16
154573,8.17083E+18,8,3,25,70,2017,8,18,3,3,5,3,1,1,0,0,0,0,0,4.574E+20,5.3485E+21,8.42571E+15,4.82883E+16
154574,8.17083E+18,8,4,17,79,2017,8,11,3,2,6,4,0,1,1,0,0,0,0,5.01016E+20,5.34469E+21,9.01369E+15,4.82554E+16
154575,8.17083E+18,8,3,15,113,2017,8,18,3,3,2,6,0,1,0,0,0,0,0,4.3896E+20,5.30803E+21,8.18293E+15,4.79227E+16
154576,8.17083E+18,8,3,11,0,2017,8,15,3,3,1,7,0,1,0,0,0,0,0,4.10235E+20,5.31581E+21,7.79688E+15,4.79893E+16
154577,8.17083E+18,8,3,11,0,2017,8,17,3,3,5,3,1,1,0,0,0,0,0,4.14295E+20,5.31701E+21,7.85105E+15,4.80006E+16
154578,8.17083E+18,8,3,11,0,2017,8,14,3,3,4,3,1,1,0,0,0,0,0,4.13876E+20,5.31773E+21,7.84529E+15,4.8007E+16
154579,8.17083E+18,8,2,12,0,2017,8,9,3,3,6,6,1,0,1,0,0,0,0,4.60736E+20,5.42691E+21,8.46325E+15,4.89939E+16
154580,8.17083E+18,8,2,15,110,2017,8,16,3,2,1,7,0,1,0,0,0,0,0,4.61173E+20,5.4198E+21,8.4699E+15,4.893E+16
154581,8.17083E+18,8,2,31,0,2017,8,19,3,3,4,6,0,1,0,1,0,0,0,4.77495E+20,5.41519E+21,8.69299E+15,4.88893E+16
154582,8.17083E+18,8,2,26,84,2017,8,12,3,3,5,3,1,1,0,0,0,0,0,4.69142E+20,5.46993E+21,8.57485E+15,4.93813E+16
154583,8.17083E+18,8,2,26,84,2017,8,15,3,3,0,3,1,1,0,0,0,0,0,4.68478E+20,5.47148E+21,8.56558E+15,4.93952E+16
154584,8.17083E+18,8,2,22,0,2017,8,13,3,3,5,3,1,0,0,0,1,0,0,4.63291E+20,5.48396E+21,8.49295E+15,4.95072E+16
154585,8.17083E+18,8,2,26,28,2017,8,14,3,3,0,7,1,1,0,0,0,0,0,4.7067E+20,5.48399E+21,8.59487E+15,4.95078E+16
154586,8.17083E+18,8,2,26,98,2017,8,17,3,2,0,7,1,0,0,0,0,0,0,4.77888E+20,5.46046E+21,8.69587E+15,4.92965E+16
154587,8.17083E+18,8,2,16,15,2017,8,8,3,3,5,3,0,1,0,1,0,0,0,4.49834E+20,5.40621E+21,8.31677E+15,4.88069E+16
154588,8.17083E+18,8,2,15,17,2017,8,17,3,3,6,4,0,1,1,0,0,0,0,4.54523E+20,5.42188E+21,8.37888E+15,4.89482E+16
154589,8.17083E+18,8,2,12,0,2017,8,18,3,3,2,6,0,1,0,1,0,0,0,4.55996E+20,5.42825E+21,8.39831E+15,4.90056E+16
154590,8.17083E+18,8,2,11,0,2017,8,21,3,3,0,3,0,1,0,0,1,2,0,4.43896E+20,5.40153E+21,8.23655E+15,4.87642E+16
154591,8.17083E+18,8,1,36,88,2017,8,15,3,3,5,2,1,1,0,0,0,0,0,5.80524E+20,5.41032E+21,1.00974E+16,4.88406E+16
154592,8.17083E+18,8,1,19,38,2017,8,1,3,3,5,3,0,1,0,0,1,2,0,5.25366E+20,5.42113E+21,9.3464E+15,4.89426E+16
154593,8.17083E+18,8,1,19,61,2017,8,16,3,3,4,6,0,1,0,0,0,0,0,5.38998E+20,5.41499E+21,9.53197E+15,4.88867E+16
154594,8.17083E+18,8,1,18,74,2017,8,18,3,3,5,2,0,1,0,0,0,0,0,5.10812E+20,5.42849E+21,9.14785E+15,4.90092E+16
154595,8.17083E+18,8,1,15,45,2017,8,13,3,3,5,3,0,1,0,0,1,0,0,5.01035E+20,5.39537E+21,9.01406E+15,4.87114E+16
154596,8.17083E+18,8,1,15,3,2017,8,20,3,3,5,3,0,1,0,0,0,1,0,4.98601E+20,5.39197E+21,8.981E+15,4.86808E+16
154597,8.17083E+18,8,1,11,0,2017,8,9,3,3,5,2,0,1,0,0,1,0,0,5.1221E+20,5.40306E+21,9.1662E+15,4.87804E+16
154598,8.17083E+18,8,1,11,0,2017,8,17,3,3,5,3,1,1,0,0,0,0,0,5.11198E+20,5.40238E+21,9.15241E+15,4.87744E+16
154599,8.17083E+18,8,1,11,0,2017,8,22,3,1,6,4,0,0,1,0,1,2,0,5.1702E+20,5.40294E+21,9.23167E+15,4.87792E+16
154600,8.17083E+18,8,1,11,0,2017,8,8,3,3,6,3,0,1,1,0,0,0,0,5.165E+20,5.40934E+21,9.22485E+15,4.88368E+16
154601,8.17083E+18,8,4,35,24,2017,8,20,2,3,2,6,1,1,0,0,0,1,0,5.27352E+20,5.27916E+21,9.36433E+15,4.76653E+16
154602,8.17083E+18,8,4,26,97,2017,8,19,2,3,5,3,0,1,0,0,0,0,0,5.36333E+20,5.33322E+21,9.4885E+15,4.81512E+16
154603,8.17083E+18,8,4,26,87,2017,8,12,2,3,0,1,0,0,0,1,0,0,0,5.70601E+20,5.32481E+21,9.94778E+15,4.80726E+16
154604,8.17083E+18,8,4,26,21,2017,8,19,2,3,0,7,1,0,0,0,1,0,0,5.58631E+20,5.32746E+21,9.78748E+15,4.80977E+16
154605,8.17083E+18,8,4,26,120,2017,8,7,2,3,0,1,0,0,0,1,0,0,0,5.61897E+20,5.32406E+21,9.83084E+15,4.80668E+16
154606,8.17083E+18,8,4,21,0,2017,8,8,2,3,6,7,0,1,1,0,0,0,0,5.7263E+20,5.36105E+21,9.98123E+15,4.83984E+16
154607,8.17083E+18,8,4,15,78,2017,8,14,2,3,3,2,1,1,0,0,0,0,0,5.29482E+20,5.37093E+21,9.39903E+15,4.84908E+16
154608,8.17083E+18,8,3,37,96,2017,8,13,2,3,8,6,1,0,0,0,1,0,0,4.21642E+20,5.26783E+21,7.9584E+15,4.75592E+16
154609,8.17083E+18,8,3,35,79,2017,8,18,2,3,9,1,1,0,0,0,0,0,1,4.97271E+20,5.29567E+21,8.96354E+15,4.78144E+16
154610,8.17083E+18,8,3,35,63,2017,8,16,2,3,0,1,1,0,0,0,0,0,1,4.98E+20,5.28836E+21,8.97332E+15,4.77486E+16
154611,8.17083E+18,8,3,27,46,2017,8,21,2,3,7,7,1,0,0,0,0,2,0,4.79797E+20,5.32425E+21,8.72879E+15,4.80712E+16
154612,8.17083E+18,8,3,16,56,2017,8,19,2,3,5,2,1,1,0,0,0,0,0,4.22791E+20,5.32713E+21,7.96309E+15,4.80927E+16
154613,8.17083E+18,8,3,15,47,2017,8,15,2,3,5,2,0,1,0,0,0,0,0,4.15627E+20,5.32191E+21,7.86793E+15,4.80449E+16
154614,8.17083E+18,8,3,11,0,2017,8,15,2,2,5,3,1,0,0,0,1,0,0,4.11359E+20,5.31701E+21,7.8117E+15,4.80002E+16
154615,8.17083E+18,8,3,11,0,2017,8,17,2,3,0,1,1,0,0,0,0,0,0,4.13124E+20,5.31827E+21,7.83509E+15,4.80118E+16
154616,8.17083E+18,8,2,12,0,2017,8,6,2,3,5,3,0,1,0,1,0,1,0,4.59637E+20,5.42963E+21,8.44796E+15,4.90182E+16
154617,8.17083E+18,8,2,36,19,2017,8,18,2,3,4,6,1,1,0,0,0,0,0,4.87819E+20,5.4093E+21,8.83401E+15,4.88365E+16
154618,8.17083E+18,8,2,26,96,2017,8,8,2,2,9,7,0,0,0,0,1,0,0,4.75954E+20,5.48628E+21,8.66772E+15,4.95287E+16
154619,8.17083E+18,8,2,26,96,2017,8,9,2,3,4,2,0,1,0,1,0,0,0,4.75064E+20,5.48856E+21,8.65527E+15,4.95491E+16
154620,8.17083E+18,8,2,26,62,2017,8,21,2,3,5,3,1,1,0,0,0,2,0,4.6973E+20,5.46864E+21,8.58306E+15,4.93697E+16
154621,8.17083E+18,8,2,26,13,2017,8,19,2,3,1,5,1,0,0,1,0,0,0,4.98244E+20,5.47882E+21,8.97577E+15,4.94621E+16
154622,8.17083E+18,8,2,25,58,2017,8,21,2,2,1,1,1,1,0,0,0,2,0,5.0831E+20,5.46587E+21,9.1144E+15,4.93455E+16
154623,8.17083E+18,8,2,22,0,2017,8,13,2,3,0,7,1,1,0,0,0,0,0,4.62398E+20,5.48292E+21,8.48071E+15,4.94977E+16
154624,8.17083E+18,8,2,22,0,2017,8,9,2,3,5,2,0,1,0,0,0,0,0,4.62576E+20,5.48468E+21,8.48301E+15,4.95136E+16
154625,8.17083E+18,8,2,21,0,2017,8,11,2,3,2,6,0,1,0,0,1,0,0,4.77315E+20,5.46943E+21,8.68749E+15,4.93772E+16
154626,8.17083E+18,8,2,21,0,2017,8,15,2,3,0,2,1,0,0,1,0,0,0,4.76693E+20,5.47574E+21,8.67854E+15,4.94339E+16
154627,8.17083E+18,8,2,21,0,2017,8,9,2,2,4,6,0,0,0,0,1,0,0,4.79416E+20,5.47017E+21,8.71639E+15,4.93839E+16
154628,8.17083E+18,8,2,15,17,2017,8,17,2,3,8,1,1,0,0,0,0,0,0,4.54023E+20,5.41961E+21,8.37231E+15,4.89277E+16
154629,8.17083E+18,8,2,12,0,2017,8,19,2,3,5,2,1,1,0,0,0,0,0,4.61845E+20,5.42806E+21,8.47831E+15,4.90042E+16
154630,8.17083E+18,8,2,12,0,2017,8,17,2,3,6,4,0,1,1,0,0,0,0,4.55487E+20,5.42825E+21,8.39135E+15,4.90055E+16
154631,8.17083E+18,8,1,36,79,2017,8,7,2,3,4,6,0,1,0,0,0,0,0,5.61789E+20,5.39924E+21,9.84046E+15,4.87431E+16
154632,8.17083E+18,8,1,35,19,2017,8,10,2,3,5,6,0,1,0,1,0,0,0,5.81575E+20,5.39245E+21,1.01082E+16,4.86797E+16
154633,8.17083E+18,8,1,21,0,2017,8,22,2,2,2,6,0,1,0,1,0,2,0,5.15958E+20,5.44244E+21,9.21877E+15,4.91346E+16
154634,8.17083E+18,8,1,19,61,2017,8,10,2,3,3,6,1,1,0,0,0,0,0,5.3848E+20,5.41519E+21,9.52493E+15,4.88885E+16
154635,8.17083E+18,8,1,19,93,2017,8,16,2,2,5,3,1,1,0,0,0,0,0,5.24815E+20,5.40443E+21,9.33786E+15,4.87924E+16
154636,8.17083E+18,8,1,18,73,2017,8,12,2,3,4,6,1,1,0,0,0,0,0,4.97142E+20,5.41921E+21,8.96099E+15,4.89258E+16
154637,8.17083E+18,8,1,18,51,2017,8,18,2,3,1,5,1,1,0,0,0,0,0,5.09668E+20,5.41539E+21,9.13189E+15,4.88914E+16
154638,8.17083E+18,8,1,18,40,2017,8,18,2,3,2,6,0,1,0,0,0,0,0,5.10997E+20,5.43166E+21,9.15046E+15,4.90378E+16
154639,8.17083E+18,8,1,18,79,2017,8,18,2,3,4,7,1,1,0,0,0,0,0,5.1048E+20,5.42245E+21,9.14316E+15,4.89549E+16
154640,8.17083E+18,8,1,15,45,2017,8,11,2,2,4,6,1,1,0,0,0,0,0,4.99681E+20,5.39477E+21,8.99566E+15,4.87059E+16
154641,8.17083E+18,8,1,17,24,2017,8,17,2,2,6,4,1,0,1,0,0,0,0,5.6146E+20,5.38534E+21,9.83392E+15,4.86181E+16
154642,8.17083E+18,8,1,16,49,2017,8,17,2,3,0,7,1,0,0,1,0,0,0,5.24589E+20,5.38613E+21,9.33371E+15,4.86278E+16
154643,8.17083E+18,8,1,16,78,2017,8,16,2,3,2,6,0,1,0,0,0,0,0,5.10972E+20,5.39497E+21,9.14914E+15,4.87077E+16
154644,8.17083E+18,8,1,16,19,2017,8,9,2,3,6,4,0,1,1,0,0,0,0,5.2161E+20,5.40077E+21,9.29404E+15,4.87595E+16
154645,8.17083E+18,8,1,16,78,2017,8,15,2,2,5,3,0,1,0,1,0,0,0,5.1385E+20,5.39298E+21,9.18819E+15,4.86897E+16
154646,8.17083E+18,8,1,15,54,2017,8,13,2,3,5,3,1,1,0,0,0,0,0,4.92297E+20,5.39576E+21,8.89528E+15,4.87148E+16
154647,8.17083E+18,8,1,11,0,2017,8,11,2,3,2,6,0,1,0,1,0,0,0,5.13627E+20,5.40621E+21,9.18559E+15,4.88088E+16
154648,8.17083E+18,8,1,11,0,2017,8,10,2,2,2,7,0,1,0,0,1,0,0,5.11734E+20,5.40085E+21,9.15967E+15,4.87606E+16
154649,8.17083E+18,8,1,11,0,2017,8,13,2,3,0,3,1,1,0,0,0,0,0,5.13051E+20,5.40695E+21,9.17777E+15,4.88154E+16
154650,8.17083E+18,8,1,11,0,2017,8,8,2,3,6,4,0,1,1,0,0,0,0,5.18724E+20,5.4038E+21,9.25491E+15,4.87869E+16
154651,8.17083E+18,8,4,37,88,2017,8,12,1,3,5,2,1,1,0,0,0,0,0,5.19099E+20,5.30448E+21,9.25551E+15,4.78934E+16
154652,8.17083E+18,8,4,36,49,2017,8,16,1,3,5,2,0,1,0,1,0,0,0,5.77769E+20,5.28241E+21,1.00364E+16,4.76904E+16
154653,8.17083E+18,8,4,36,8,2017,8,18,1,3,5,3,1,1,0,0,0,0,0,5.47749E+20,5.31145E+21,9.63954E+15,4.79546E+16
154654,8.17083E+18,8,4,26,97,2017,8,5,1,3,1,1,0,1,0,0,1,2,0,5.35226E+20,5.33439E+21,9.47371E+15,4.81618E+16
154655,8.17083E+18,8,4,26,21,2017,8,1,1,3,8,1,1,0,0,0,0,2,0,5.58484E+20,5.32596E+21,9.7853E+15,4.80842E+16
154656,8.17083E+18,8,4,16,36,2017,8,16,1,3,0,7,1,0,0,0,0,0,0,4.95302E+20,5.36996E+21,8.93643E+15,4.84827E+16
154657,8.17083E+18,8,4,15,61,2017,8,19,1,2,2,6,0,1,0,1,0,0,0,5.16986E+20,5.37217E+21,9.22995E+15,4.85024E+16
154658,8.17083E+18,8,4,15,61,2017,8,20,1,3,5,3,0,1,0,0,0,2,0,5.14854E+20,5.37012E+21,9.20101E+15,4.8484E+16
154659,8.17083E+18,8,3,35,25,2017,8,14,1,2,5,3,1,1,0,0,0,0,0,4.99526E+20,5.28173E+21,8.99368E+15,4.7689E+16
154660,8.17083E+18,8,4,36,10,2017,8,18,1,2,4,6,1,1,0,0,0,0,0,5.65318E+20,5.31143E+21,9.87483E+15,4.79528E+16
154661,8.17083E+18,8,3,26,74,2017,8,0,1,3,5,3,0,1,0,0,0,2,0,4.59569E+20,5.32384E+21,8.4573E+15,4.80666E+16
154662,8.17083E+18,8,3,17,1,2017,8,16,1,3,5,3,0,1,0,1,0,0,0,4.31597E+20,5.38674E+21,8.07164E+15,4.863E+16
154663,8.17083E+18,8,3,11,0,2017,8,17,1,3,5,3,1,1,0,0,0,0,0,4.14585E+20,5.31602E+21,7.85513E+15,4.79918E+16
154664,8.17083E+18,8,3,11,0,2017,8,18,1,2,5,3,1,1,0,0,0,0,0,4.14585E+20,5.31837E+21,7.85467E+15,4.80129E+16
154665,8.17083E+18,8,2,36,43,2017,8,16,1,3,6,6,0,1,1,0,0,0,0,4.69061E+20,5.40745E+21,8.57853E+15,4.88192E+16
154666,8.17083E+18,8,2,26,63,2017,8,17,1,3,8,2,0,1,0,0,0,0,0,4.70556E+20,5.46997E+21,8.59433E+15,4.93817E+16
154667,8.17083E+18,8,2,22,0,2017,8,16,1,3,4,6,0,1,0,0,0,0,0,4.64271E+20,5.47697E+21,8.50712E+15,4.94444E+16
154668,8.17083E+18,8,2,22,0,2017,8,15,1,3,2,6,0,1,0,0,0,0,0,4.66858E+20,5.48309E+21,8.54228E+15,4.94996E+16
154669,8.17083E+18,8,2,15,108,2017,8,20,1,3,5,6,0,0,0,1,0,0,0,4.48835E+20,5.42312E+21,8.30105E+15,4.89589E+16
154670,8.17083E+18,8,2,16,22,2017,8,10,1,2,9,1,1,0,0,0,0,0,0,4.34699E+20,5.4045E+21,8.11094E+15,4.87901E+16
154671,8.17083E+18,8,4,21,0,2017,8,1,1,2,8,1,0,1,0,0,0,2,0,5.70767E+20,5.36155E+21,9.95615E+15,4.84031E+16
154672,8.17083E+18,8,1,19,75,2017,8,20,1,2,0,1,1,0,0,0,0,0,0,5.36416E+20,5.42797E+21,9.49791E+15,4.90035E+16
154673,8.17083E+18,8,1,18,79,2017,8,16,1,3,5,3,0,0,0,1,0,0,0,5.10094E+20,5.42105E+21,9.13784E+15,4.89423E+16
154674,8.17083E+18,8,1,16,80,2017,8,16,1,3,2,6,1,1,0,0,0,0,0,5.19982E+20,5.39644E+21,9.27167E+15,4.87207E+16
154675,8.17083E+18,8,1,11,0,2017,8,15,1,3,6,6,0,1,1,0,0,0,0,5.19251E+20,5.40389E+21,9.26208E+15,4.87877E+16
154676,8.17083E+18,8,1,11,0,2017,8,20,1,3,5,3,0,1,0,0,0,1,0,5.08266E+20,5.39825E+21,9.11242E+15,4.87372E+16
154677,8.17083E+18,8,1,11,0,2017,8,18,1,3,0,5,1,1,0,0,0,0,0,5.1406E+20,5.40361E+21,9.19141E+15,4.87853E+16
154678,8.17083E+18,8,4,37,100,2017,8,2,7,2,7,7,1,0,0,0,0,2,0,5.38496E+20,5.32123E+21,9.51649E+15,4.80432E+16
154679,8.17083E+18,8,4,15,87,2017,8,14,7,3,5,3,0,1,0,0,0,0,0,5.14065E+20,5.38261E+21,9.19076E+15,4.85964E+16
154680,8.17083E+18,8,4,15,93,2017,8,10,7,2,0,2,1,1,0,0,0,0,0,5.27631E+20,5.36532E+21,9.3736E+15,4.84404E+16
154681,8.17083E+18,8,3,37,13,2017,8,12,7,3,8,7,0,1,0,0,0,0,0,4.30301E+20,5.29378E+21,8.06935E+15,4.77936E+16
154682,8.17083E+18,8,3,36,50,2017,8,15,7,3,4,2,1,1,0,0,0,0,0,3.98822E+20,5.27311E+21,7.65392E+15,4.76035E+16
154683,8.17083E+18,8,3,35,75,2017,8,20,7,3,2,2,0,1,0,0,0,1,0,4.87745E+20,5.28934E+21,8.83648E+15,4.77573E+16
154684,8.17083E+18,8,3,35,75,2017,8,13,7,3,5,3,1,1,0,0,0,0,0,4.87139E+20,5.29149E+21,8.82833E+15,4.77766E+16
154685,8.17083E+18,8,3,35,43,2017,8,14,7,3,0,6,0,1,0,0,1,0,0,5.12951E+20,5.27834E+21,9.17248E+15,4.76583E+16
154686,8.17083E+18,8,3,35,63,2017,8,15,7,2,0,1,1,0,0,0,0,0,0,4.98757E+20,5.29072E+21,8.98341E+15,4.77699E+16
154687,8.17083E+18,8,3,27,50,2017,8,17,7,3,5,3,0,1,0,0,1,0,0,4.86026E+20,5.31421E+21,8.81273E+15,4.7981E+16
154688,8.17083E+18,8,3,26,55,2017,8,14,7,3,2,1,0,0,0,1,1,0,0,4.41362E+20,5.33198E+21,8.21181E+15,4.81384E+16
154689,8.17083E+18,8,3,26,17,2017,8,14,7,2,9,1,0,0,0,1,0,0,0,4.38051E+20,5.32459E+21,8.16838E+15,4.80716E+16
154690,8.17083E+18,8,3,17,65,2017,8,0,7,3,0,7,0,0,0,1,0,2,0,4.13952E+20,5.3535E+21,7.83907E+15,4.83288E+16
154691,8.17083E+18,8,3,17,57,2017,8,10,7,3,2,1,0,1,0,1,0,0,0,4.15207E+20,5.37995E+21,7.85064E+15,4.85669E+16
154692,8.17083E+18,8,3,15,76,2017,8,17,7,2,3,6,1,0,0,0,1,0,0,3.9282E+20,5.29641E+21,7.56836E+15,4.78121E+16
154693,8.17083E+18,8,3,15,56,2017,8,10,7,3,5,3,1,1,0,0,0,0,0,4.1455E+20,5.31069E+21,7.85572E+15,4.79438E+16
154694,8.17083E+18,8,3,15,47,2017,8,12,7,3,0,7,1,1,0,0,0,0,0,4.15629E+20,5.32169E+21,7.86801E+15,4.80429E+16
154695,8.17083E+18,8,2,12,0,2017,8,10,7,2,6,4,0,0,1,1,0,0,0,4.54183E+20,5.43181E+21,8.37313E+15,4.90375E+16
154696,8.17083E+18,8,2,12,0,2017,8,14,7,3,5,3,1,0,0,1,0,0,0,4.55672E+20,5.42681E+21,8.39403E+15,4.89926E+16
154697,8.17083E+18,8,2,31,0,2017,8,15,7,3,0,1,1,0,0,0,0,0,0,4.78321E+20,5.41617E+21,8.70421E+15,4.88981E+16
154698,8.17083E+18,8,2,36,76,2017,8,8,7,3,0,3,1,1,0,0,0,0,0,4.72265E+20,5.42325E+21,8.6211E+15,4.89616E+16
154699,8.17083E+18,8,2,36,28,2017,8,8,7,3,5,3,1,1,0,0,0,0,0,4.94988E+20,5.42248E+21,8.93153E+15,4.89552E+16
154700,8.17083E+18,8,2,26,96,2017,8,18,7,3,4,6,1,1,0,0,0,0,0,4.75651E+20,5.48857E+21,8.66338E+15,4.95493E+16
154701,8.17083E+18,8,2,25,91,2017,8,9,7,3,4,2,0,0,0,1,1,0,0,5.21056E+20,5.47646E+21,9.29045E+15,4.94404E+16
154702,8.17083E+18,8,2,22,0,2017,8,11,7,3,1,7,0,1,0,0,0,0,0,4.63766E+20,5.48271E+21,8.49963E+15,4.94959E+16
154703,8.17083E+18,8,2,22,0,2017,8,16,7,3,5,3,0,1,0,0,0,0,0,4.64536E+20,5.48428E+21,8.51012E+15,4.95101E+16
154704,8.17083E+18,8,2,16,17,2017,8,7,7,2,0,1,1,0,0,0,0,1,0,4.54008E+20,5.40082E+21,8.37422E+15,4.87587E+16
154705,8.17083E+18,8,2,16,13,2017,8,9,7,3,0,7,0,0,0,1,0,0,0,4.52959E+20,5.39218E+21,8.36093E+15,4.86809E+16
154706,8.17083E+18,8,2,12,0,2017,8,6,7,3,0,1,1,0,0,0,0,1,1,4.56608E+20,5.42868E+21,8.40663E+15,4.90095E+16
154707,8.17083E+18,8,1,36,28,2017,8,23,7,3,6,4,0,1,1,0,0,2,0,5.68849E+20,5.40426E+21,9.93732E+15,4.87875E+16
154708,8.17083E+18,8,1,26,46,2017,8,12,7,3,6,7,0,1,1,0,0,0,0,5.50658E+20,5.45892E+21,9.69652E+15,4.9281E+16
154709,8.17083E+18,8,1,25,63,2017,8,20,7,3,6,1,0,1,1,0,0,1,0,5.25355E+20,5.46353E+21,9.34891E+15,4.9324E+16
154710,8.17083E+18,8,1,25,6,2017,8,10,7,3,5,3,1,1,0,0,0,0,0,5.07066E+20,5.45373E+21,9.09707E+15,4.92363E+16
154711,8.17083E+18,8,1,17,38,2017,8,9,7,3,5,3,0,1,0,0,0,0,0,5.47528E+20,5.39795E+21,9.64635E+15,4.87328E+16
154712,8.17083E+18,8,1,17,26,2017,8,12,7,2,3,3,1,1,0,0,0,0,0,5.47487E+20,5.3942E+21,9.64536E+15,4.8699E+16
154713,8.17083E+18,8,1,16,77,2017,8,14,7,3,5,3,1,1,0,0,0,0,0,5.16037E+20,5.39234E+21,9.21788E+15,4.86839E+16
154714,8.17083E+18,8,1,16,19,2017,8,12,7,3,5,7,1,1,0,0,0,0,0,5.25208E+20,5.39606E+21,9.3427E+15,4.87171E+16
154715,8.17083E+18,8,1,11,0,2017,8,18,7,3,5,4,0,1,1,0,0,0,0,5.08678E+20,5.39628E+21,9.11798E+15,4.87195E+16
154716,8.17083E+18,8,1,11,0,2017,8,20,7,2,4,7,0,1,0,1,0,1,0,5.11406E+20,5.40078E+21,9.1552E+15,4.87599E+16