OBJECTID,UIDENTSTLA,ULAND,UREGBEZ,UKREIS,UGEMEINDE,UJAHR,UMONAT,USTUNDE,UWOCHENTAG,UKATEGORIE,UART,UTYP1,IstRad,IstPKW,IstFuss,IstKrad,IstSonstig,LICHT,STRZUSTAND,LINREFX,LINREFY,XGCSWGS84,YGCSWGS84
154717,8.17083E+18,8,1,11,0,2017,8,16,7,3,3,2,0,1,0,1,0,0,0,5.13467E+20,5.40932E+21,9.18352E+15,4.88368E+16
154718,8.17083E+18,8,1,11,0,2017,8,13,7,3,2,6,0,1,0,1,0,0,0,5.16919E+20,5.40992E+21,9.23059E+15,4.8842E+16
154719,8.17083E+18,8,1,11,0,2017,8,20,7,3,1,1,1,1,0,0,0,1,0,5.15639E+20,5.403E+21,9.21287E+15,4.87798E+16
154720,8.17083E+18,8,4,21,0,2017,8,23,6,3,7,1,0,0,0,1,0,2,0,5.73276E+20,5.35706E+21,9.98927E+15,4.83625E+16
154721,8.17083E+18,8,4,17,2,2017,8,15,6,3,0,3,0,0,0,1,1,0,0,4.88215E+20,5.34778E+21,8.84114E+15,4.82832E+16
154722,8.17083E+18,8,3,37,51,2017,8,5,6,3,9,7,0,0,0,0,1,2,0,4.39768E+20,5.28353E+21,8.19715E+15,4.77023E+16
154723,8.17083E+18,8,4,35,29,2017,8,14,6,2,4,6,0,0,0,1,1,0,0,5.42498E+20,5.27112E+21,9.56528E+15,4.75921E+16
154724,8.17083E+18,8,3,26,74,2017,8,18,6,3,4,2,0,1,0,0,0,0,0,4.58865E+20,5.32466E+21,8.44776E+15,4.80739E+16
154725,8.17083E+18,8,1,35,19,2017,8,15,6,2,5,3,1,1,0,0,0,0,0,5.85101E+20,5.39214E+21,1.0156E+16,4.86765E+16
154726,8.17083E+18,8,3,17,152,2017,8,11,6,3,1,7,0,1,0,0,0,0,0,4.06639E+20,5.34976E+21,7.74125E+15,4.82941E+16
154727,8.17083E+18,8,3,17,57,2017,8,14,6,3,1,5,0,1,0,0,0,0,0,4.13251E+20,5.37974E+21,7.82418E+15,4.85647E+16
154728,8.17082E+18,8,3,36,91,2017,8,18,5,3,1,5,1,1,0,0,0,0,0,3.96123E+20,5.27474E+21,7.61763E+15,4.76177E+16
154729,8.17082E+18,8,3,35,43,2017,8,16,5,2,6,4,0,0,1,1,1,0,0,5.1334E+20,5.27868E+21,9.17768E+15,4.76614E+16
154730,8.17083E+18,8,1,15,50,2017,8,19,6,3,0,7,1,0,0,0,0,0,0,4.92084E+20,5.39704E+21,8.89236E+15,4.87264E+16
154731,8.17083E+18,8,1,18,79,2017,8,21,6,2,1,7,0,1,0,1,0,2,0,5.11158E+20,5.42087E+21,9.15236E+15,4.89406E+16
154732,8.17082E+18,8,4,25,33,2017,8,19,5,3,5,3,0,1,0,1,0,0,0,5.53883E+20,5.34813E+21,9.72634E+15,4.8284E+16
154733,8.17083E+18,8,1,19,1,2017,8,19,6,3,5,3,0,1,0,0,0,0,0,5.52884E+20,5.41072E+21,9.72083E+15,4.88472E+16
154734,8.17091E+18,8,1,16,19,2017,9,17,6,3,5,3,0,1,0,1,0,0,0,5.22141E+20,5.39869E+21,9.30115E+15,4.87409E+16
154735,8.17091E+18,8,1,15,15,2017,9,8,6,3,5,7,0,1,0,1,0,0,0,4.93464E+20,5.38752E+21,8.91128E+15,4.86407E+16
154736,8.17091E+18,8,1,11,0,2017,9,14,6,3,5,3,0,0,0,1,1,0,0,5.1917E+20,5.40149E+21,9.26087E+15,4.87662E+16
154737,8.17091E+18,8,1,11,0,2017,9,12,6,2,0,1,1,0,0,0,0,0,0,5.11774E+20,5.40952E+21,9.16045E+15,4.88385E+16
154738,8.17091E+18,8,1,11,0,2017,9,4,6,3,1,1,1,1,0,0,0,2,0,5.15537E+20,5.4029E+21,9.21149E+15,4.87789E+16
154739,8.17091E+18,8,1,11,0,2017,9,23,6,3,0,6,1,1,0,0,0,2,0,5.12672E+20,5.39942E+21,9.17239E+15,4.87477E+16
154740,8.17091E+18,8,1,11,0,2017,9,7,6,3,5,2,1,1,0,0,0,0,0,5.12047E+20,5.40274E+21,9.16397E+15,4.87776E+16
154741,8.17091E+18,8,4,36,64,2017,9,15,5,3,5,3,1,1,0,0,0,0,0,5.45539E+20,5.29183E+21,9.60788E+15,4.77782E+16
154742,8.17091E+18,8,4,35,59,2017,9,16,5,3,0,1,1,0,0,0,0,0,0,5.1263E+20,5.29E+21,9.16855E+15,4.77632E+16
154743,8.17091E+18,8,4,35,16,2017,9,19,5,3,5,3,0,1,0,0,0,0,0,5.36448E+20,5.27795E+21,9.48537E+15,4.76539E+16
154744,8.17091E+18,8,4,26,13,2017,9,12,5,3,0,3,1,0,0,0,1,0,0,5.45074E+20,5.32337E+21,9.60497E+15,4.8062E+16
154745,8.17091E+18,8,4,26,70,2017,9,8,5,2,4,6,1,0,0,0,0,0,0,5.65538E+20,5.34302E+21,9.88263E+15,4.8237E+16
154746,8.17091E+18,8,4,25,140,2017,9,16,5,3,5,3,0,1,0,0,0,0,0,5.80145E+20,5.33669E+21,1.00781E+16,4.81784E+16
154747,8.17091E+18,8,4,16,41,2017,9,8,5,3,0,1,1,0,0,0,0,0,1,5.04347E+20,5.37483E+21,9.05888E+15,4.85266E+16
154748,8.17091E+18,8,3,35,63,2017,9,7,5,3,6,6,0,1,1,0,0,0,0,4.95162E+20,5.28882E+21,8.93545E+15,4.77528E+16
154749,8.17091E+18,8,3,26,74,2017,9,18,5,3,2,1,0,1,0,0,0,0,0,4.61346E+20,5.32429E+21,8.4811E+15,4.80708E+16
154750,8.17091E+18,8,3,17,89,2017,9,17,5,2,0,3,0,1,0,1,0,0,0,4.27614E+20,5.37756E+21,8.01921E+15,4.85469E+16
154751,8.17091E+18,8,3,16,49,2017,9,8,5,3,0,1,0,0,0,1,0,0,1,4.01651E+20,5.33891E+21,7.67654E+15,4.81958E+16
154752,8.17091E+18,8,3,15,33,2017,9,10,5,3,5,3,0,1,0,0,1,0,0,3.9684E+20,5.30578E+21,7.61981E+15,4.78971E+16
154753,8.17091E+18,8,3,11,0,2017,9,10,5,3,2,1,0,1,0,0,0,0,0,4.13156E+20,5.31543E+21,7.8361E+15,4.79862E+16
154754,8.17091E+18,8,1,19,67,2017,9,15,6,3,0,1,1,0,0,0,0,0,0,5.38495E+20,5.40603E+21,9.52428E+15,4.88061E+16
154755,8.17091E+18,8,1,19,6,2017,9,10,6,3,4,6,1,1,0,0,0,0,0,5.3664E+20,5.4216E+21,9.5004E+15,4.89463E+16
154756,8.17091E+18,8,2,12,0,2017,9,13,5,3,2,2,0,1,0,1,0,0,0,4.56752E+20,5.43025E+21,8.40843E+15,4.90237E+16
154757,8.17091E+18,8,2,22,0,2017,9,11,5,3,2,6,0,1,0,0,0,0,0,4.62215E+20,5.47938E+21,8.47852E+15,4.94659E+16
154758,8.17091E+18,8,2,22,0,2017,9,14,5,3,5,3,0,1,0,0,0,0,0,4.64143E+20,5.48329E+21,8.50478E+15,4.95011E+16
154759,8.17091E+18,8,2,21,0,2017,9,14,5,3,3,5,1,1,0,0,0,0,0,4.74772E+20,5.47334E+21,8.6522E+15,4.94122E+16
154760,8.17091E+18,8,2,26,32,2017,9,12,5,3,2,6,0,1,0,0,0,0,0,4.66955E+20,5.46319E+21,8.54528E+15,4.93206E+16
154761,8.17091E+18,8,2,15,9,2017,9,9,5,3,1,6,0,1,0,0,0,0,1,4.70001E+20,5.44103E+21,8.58885E+15,4.91214E+16
154762,8.17091E+18,8,2,15,7,2017,9,12,5,3,1,5,1,1,0,0,0,0,0,4.78468E+20,5.4313E+21,8.70542E+15,4.90342E+16
154763,8.17091E+18,8,2,15,17,2017,9,6,5,3,5,2,1,1,0,0,0,2,0,4.54693E+20,5.42112E+21,8.38129E+15,4.89413E+16
154764,8.17091E+18,8,2,12,0,2017,9,17,5,3,5,3,1,1,0,0,0,0,0,4.54046E+20,5.42859E+21,8.37161E+15,4.90085E+16
154765,8.17091E+18,8,2,12,0,2017,9,7,5,3,6,7,0,1,1,0,0,0,0,4.60259E+20,5.42724E+21,8.4567E+15,4.89968E+16
154766,8.17091E+18,8,1,28,131,2017,9,11,5,3,0,6,1,0,0,0,1,0,0,5.36083E+20,5.51137E+21,9.50093E+15,4.97537E+16
154767,8.17091E+18,8,1,28,7,2017,9,18,5,3,5,3,0,1,0,1,0,0,0,5.56341E+20,5.48227E+21,9.77796E+15,4.94904E+16
154768,8.17091E+18,8,1,21,0,2017,9,18,5,3,3,6,0,1,0,0,0,0,0,5.15347E+20,5.44428E+21,9.21046E+15,4.91511E+16
154769,8.17091E+18,8,1,25,26,2017,9,17,5,3,0,7,1,1,0,0,0,0,0,4.93144E+20,5.44237E+21,8.90602E+15,4.91341E+16
154770,8.17091E+18,8,1,18,48,2017,9,8,5,3,5,2,0,1,0,0,1,0,0,5.14065E+20,5.4164E+21,9.19192E+15,4.89004E+16
154771,8.17091E+18,8,1,18,48,2017,9,20,5,3,0,7,1,0,0,0,0,2,0,5.137E+20,5.41559E+21,9.18691E+15,4.88931E+16
154772,8.17091E+18,8,1,18,3,2017,9,14,5,3,6,4,0,0,1,1,0,0,0,5.11161E+20,5.41724E+21,9.15231E+15,4.8908E+16
154773,8.17091E+18,8,1,18,80,2017,9,16,5,2,5,2,1,1,0,0,0,0,0,5.09003E+20,5.40839E+21,9.12267E+15,4.88284E+16
154774,8.17091E+18,8,1,16,19,2017,9,17,5,3,5,3,0,0,0,1,1,0,0,5.22172E+20,5.39844E+21,9.30155E+15,4.87386E+16
154775,8.17091E+18,8,1,15,45,2017,9,16,5,3,1,7,0,1,0,0,0,0,0,5.0025E+20,5.39637E+21,9.00339E+15,4.87204E+16
154776,8.17091E+18,8,1,15,3,2017,9,19,5,3,5,3,0,1,0,0,0,0,0,5.00758E+20,5.39289E+21,9.01031E+15,4.86891E+16
154777,8.17091E+18,8,1,11,0,2017,9,0,5,3,0,7,0,0,1,0,1,2,0,5.11834E+20,5.40162E+21,9.16105E+15,4.87675E+16
154778,8.17091E+18,8,4,21,0,2017,9,17,4,3,5,3,1,1,0,0,0,0,0,5.72151E+20,5.36075E+21,9.97471E+15,4.83957E+16
154779,8.17091E+18,8,4,16,6,2017,9,16,4,3,5,3,0,1,0,0,0,0,0,4.97679E+20,5.35924E+21,8.96865E+15,4.83863E+16
154780,8.17091E+18,8,3,35,63,2017,9,11,4,3,5,3,1,1,0,0,0,0,0,4.97225E+20,5.28777E+21,8.96298E+15,4.77433E+16
154781,8.17091E+18,8,3,35,43,2017,9,15,4,3,2,6,0,1,0,1,1,0,0,5.13325E+20,5.27875E+21,9.17747E+15,4.7662E+16
154782,8.17091E+18,8,3,27,50,2017,9,17,4,3,5,3,1,1,0,0,0,0,1,4.86297E+20,5.31555E+21,8.81632E+15,4.79931E+16
154783,8.17091E+18,8,3,26,74,2017,9,17,4,3,5,3,0,1,0,0,0,0,0,4.6051E+20,5.32259E+21,8.47004E+15,4.80554E+16
154784,8.17091E+18,8,3,26,60,2017,9,11,4,2,4,1,0,1,0,0,0,0,0,4.4545E+20,5.32959E+21,8.26706E+15,4.81173E+16
154785,8.17091E+18,8,3,17,57,2017,9,11,4,3,2,7,1,0,0,0,1,0,0,4.12468E+20,5.38062E+21,7.81337E+15,4.85725E+16
154786,8.17091E+18,8,3,17,57,2017,9,14,4,3,5,2,1,1,0,0,0,0,0,4.12327E+20,5.38114E+21,7.81136E+15,4.85772E+16
154787,8.17091E+18,8,3,16,24,2017,9,16,4,3,1,5,1,1,0,0,0,0,0,4.09038E+20,5.33501E+21,7.77676E+15,4.81618E+16
154788,8.17091E+18,8,3,15,74,2017,9,11,4,3,1,5,0,1,0,0,0,0,0,3.96978E+20,5.29526E+21,7.62415E+15,4.78024E+16
154789,8.17091E+18,8,3,36,91,2017,9,16,4,2,4,6,1,1,0,0,0,0,0,3.95683E+20,5.27233E+21,7.61236E+15,4.7596E+16
154790,8.17091E+18,8,3,36,91,2017,9,17,4,3,5,3,1,1,0,0,0,0,0,3.95744E+20,5.27464E+21,7.61262E+15,4.76168E+16
154791,8.17091E+18,8,3,11,0,2017,9,15,4,3,5,2,1,0,0,0,1,0,1,4.13298E+20,5.31597E+21,7.83789E+15,4.79911E+16
154792,8.17091E+18,8,3,11,0,2017,9,7,4,3,1,5,1,1,0,0,0,0,0,4.14528E+20,5.31889E+21,7.8538E+15,4.80176E+16
154793,8.17091E+18,8,3,11,0,2017,9,8,4,2,5,3,1,0,0,0,1,0,0,4.13595E+20,5.31891E+21,7.84128E+15,4.80176E+16
154794,8.17091E+18,8,2,36,4,2017,9,9,4,3,0,3,0,1,0,1,0,0,0,4.72566E+20,5.4131E+21,8.6259E+15,4.88703E+16
154795,8.17091E+18,8,2,22,0,2017,9,15,4,2,3,2,0,1,0,0,1,0,0,4.61736E+20,5.48446E+21,8.47142E+15,4.95115E+16
154796,8.17091E+18,8,2,26,18,2017,9,18,4,3,5,3,0,1,0,0,1,0,0,4.73039E+20,5.47218E+21,8.62839E+15,4.94017E+16
154797,8.17091E+18,8,2,12,0,2017,9,9,4,3,2,6,0,1,0,1,0,0,0,4.55078E+20,5.42712E+21,8.38589E+15,4.89953E+16
154798,8.17091E+18,8,1,36,65,2017,9,12,4,3,2,6,0,1,0,0,0,0,0,5.58728E+20,5.40577E+21,9.79977E+15,4.88021E+16
154799,8.17091E+18,8,1,28,126,2017,9,7,4,3,4,6,0,1,0,1,0,0,0,5.68776E+20,5.48047E+21,9.94933E+15,4.9473E+16
154800,8.17091E+18,8,1,19,91,2017,9,19,4,3,2,6,1,0,0,0,1,0,0,5.28323E+20,5.4061E+21,9.38574E+15,4.88072E+16
154801,8.17091E+18,8,1,18,73,2017,9,9,4,3,2,2,0,1,0,0,1,0,0,4.97382E+20,5.42081E+21,8.96425E+15,4.89402E+16
154802,8.17091E+18,8,1,18,48,2017,9,20,4,3,0,7,1,1,0,0,0,0,0,5.15732E+20,5.41557E+21,9.21463E+15,4.88929E+16
154803,8.17091E+18,8,1,18,51,2017,9,13,4,3,5,2,1,1,0,0,0,0,1,5.09036E+20,5.41535E+21,9.12328E+15,4.8891E+16
154804,8.17091E+18,8,1,17,26,2017,9,18,4,3,6,4,0,1,1,0,0,0,0,5.45282E+20,5.39508E+21,9.6155E+15,4.87071E+16
154805,8.17091E+18,8,1,16,56,2017,9,17,4,3,0,1,1,0,0,0,0,0,0,5.30885E+20,5.39527E+21,9.41982E+15,4.87097E+16
154806,8.17091E+18,8,1,15,29,2017,9,17,4,3,4,6,1,0,0,0,0,0,0,4.97339E+20,5.39886E+21,8.9638E+15,4.87427E+16
154807,8.17091E+18,8,1,15,24,2017,9,10,4,3,5,3,0,1,0,0,0,0,0,5.01226E+20,5.3865E+21,9.01664E+15,4.86316E+16
154808,8.17091E+18,8,1,11,0,2017,9,10,4,2,5,1,0,0,0,1,0,0,0,5.10805E+20,5.39707E+21,9.14692E+15,4.87266E+16
154809,8.17091E+18,8,1,11,0,2017,9,21,4,3,0,3,0,1,0,1,0,2,0,5.1858E+20,5.40342E+21,9.25293E+15,4.87835E+16
154810,8.17091E+18,8,1,11,0,2017,9,8,4,3,1,5,0,1,0,0,0,0,1,5.11361E+20,5.40267E+21,9.15464E+15,4.87769E+16
154811,8.17091E+18,8,1,11,0,2017,9,8,4,3,0,1,0,0,0,1,0,0,0,5.17042E+20,5.40293E+21,9.23197E+15,4.87792E+16
154812,8.17091E+18,8,4,37,104,2017,9,16,3,3,8,1,0,1,0,0,0,0,0,5.16853E+20,5.32474E+21,9.22626E+15,4.80757E+16
154813,8.17091E+18,8,4,37,88,2017,9,16,3,3,5,3,0,1,0,1,0,0,0,5.17504E+20,5.30794E+21,9.23431E+15,4.79246E+16
154814,8.17091E+18,8,4,15,61,2017,9,14,3,3,0,1,1,0,0,0,0,0,0,5.14816E+20,5.37195E+21,9.20057E+15,4.85005E+16
154815,8.17091E+18,8,3,36,91,2017,9,5,3,3,1,5,0,1,0,0,0,2,0,3.96848E+20,5.2721E+21,7.6279E+15,4.75941E+16
154816,8.17091E+18,8,3,26,17,2017,9,16,3,3,0,6,1,0,0,0,1,0,0,4.40876E+20,5.32599E+21,8.20611E+15,4.80844E+16
154817,8.17091E+18,8,3,17,11,2017,9,22,3,3,5,3,1,1,0,0,0,2,0,4.28788E+20,5.35403E+21,8.0391E+15,4.83355E+16
154818,8.17091E+18,8,3,17,89,2017,9,19,3,2,0,7,0,0,0,1,0,0,0,4.27619E+20,5.37738E+21,8.0193E+15,4.85453E+16
154819,8.17091E+18,8,3,16,2,2017,9,17,3,2,0,1,0,0,0,1,0,0,0,4.06866E+20,5.33089E+21,7.74846E+15,4.81244E+16
154820,8.17091E+18,8,3,11,0,2017,9,13,3,2,5,3,0,1,0,1,0,0,0,4.12441E+20,5.31797E+21,7.82601E+15,4.8009E+16
154821,8.17091E+18,8,3,11,0,2017,9,16,3,3,5,3,0,1,1,0,0,0,0,4.12819E+20,5.31618E+21,7.83143E+15,4.7993E+16
154822,8.17091E+18,8,3,11,0,2017,9,20,3,3,0,1,1,0,0,0,0,0,0,4.14533E+20,5.31891E+21,7.85385E+15,4.80178E+16
154823,8.17091E+18,8,3,36,8,2017,9,9,3,3,6,4,0,1,1,0,0,0,0,3.96664E+20,5.27625E+21,7.62447E+15,4.76314E+16
154824,8.17091E+18,8,2,22,0,2017,9,15,3,3,0,1,0,0,0,1,0,0,0,4.62148E+20,5.4789E+21,8.47765E+15,4.94616E+16
154825,8.17091E+18,8,2,26,38,2017,9,15,3,1,0,1,0,0,0,1,0,0,0,4.70949E+20,5.48086E+21,8.59894E+15,4.94797E+16
154826,8.17091E+18,8,2,22,0,2017,9,4,3,3,9,7,0,0,0,0,1,2,1,4.60542E+20,5.48582E+21,8.45479E+15,4.95237E+16
154827,8.17091E+18,8,2,21,0,2017,9,19,3,3,5,3,1,1,0,0,0,0,0,4.74271E+20,5.47531E+21,8.64517E+15,4.94299E+16
154828,8.17091E+18,8,2,21,0,2017,9,10,3,3,5,3,1,1,0,0,0,0,0,4.76411E+20,5.47386E+21,8.67477E+15,4.9417E+16
154829,8.17091E+18,8,2,12,0,2017,9,3,3,3,0,7,0,1,0,0,0,2,0,4.62836E+20,5.43089E+21,8.49159E+15,4.90298E+16
154830,8.17091E+18,8,2,16,43,2017,9,19,3,2,5,3,0,1,0,1,0,0,0,4.40416E+20,5.41365E+21,8.18744E+15,4.8873E+16
154831,8.17091E+18,8,1,36,10,2017,9,16,3,3,6,4,0,1,1,0,0,0,0,5.99165E+20,5.41227E+21,1.03519E+16,4.88555E+16
154832,8.17091E+18,8,1,28,131,2017,9,16,3,3,2,6,0,1,0,0,0,0,0,5.35919E+20,5.51201E+21,9.49871E+15,4.97595E+16
154833,8.17091E+18,8,1,27,86,2017,9,8,3,2,0,7,0,0,0,0,1,0,0,5.5325E+20,5.44443E+21,9.73024E+15,4.91504E+16
154834,8.17091E+18,8,1,25,66,2017,9,11,3,3,0,7,0,1,0,0,0,0,0,5.13627E+20,5.43261E+21,9.18648E+15,4.90462E+16
154835,8.17091E+18,8,1,21,0,2017,9,10,3,3,4,3,1,1,0,0,0,0,0,5.16294E+20,5.4437E+21,9.22343E+15,4.91459E+16
154836,8.17091E+18,8,1,18,79,2017,9,19,3,3,1,5,1,1,0,0,0,0,0,5.10344E+20,5.42362E+21,9.14133E+15,4.89654E+16
154837,8.17091E+18,8,1,16,49,2017,9,13,3,3,5,3,1,1,0,0,0,0,0,5.24943E+20,5.38621E+21,9.33851E+15,4.86284E+16
154838,8.17091E+18,8,1,16,33,2017,9,17,3,3,2,6,0,1,0,0,0,0,0,5.3174E+20,5.38858E+21,9.43093E+15,4.86494E+16
154839,8.17091E+18,8,1,15,45,2017,9,11,3,3,5,3,1,1,0,0,0,0,0,4.99796E+20,5.39489E+21,8.99722E+15,4.8707E+16
154840,8.17091E+18,8,1,11,0,2017,9,12,3,3,5,3,0,1,0,1,0,0,0,5.08053E+20,5.39758E+21,9.10951E+15,4.87312E+16
154841,8.17091E+18,8,1,11,0,2017,9,7,3,3,5,3,0,1,0,0,0,0,0,5.10763E+20,5.4019E+21,9.14648E+15,4.877E+16
154842,8.17091E+18,8,1,11,0,2017,9,13,3,3,1,5,1,1,0,0,0,0,0,5.11575E+20,5.41E+21,9.15776E+15,4.88429E+16
154843,8.1709E+18,8,4,37,76,2017,9,5,2,3,0,3,1,1,0,0,0,1,0,5.24459E+20,5.32171E+21,9.3282E+15,4.80482E+16
154844,8.1709E+18,8,4,21,0,2017,9,14,2,3,0,1,1,0,0,0,0,0,0,5.71678E+20,5.36213E+21,9.96856E+15,4.84082E+16
154845,8.1709E+18,8,4,17,79,2017,9,13,2,3,6,7,1,0,1,0,0,0,0,5.01883E+20,5.33996E+21,9.02535E+15,4.82129E+16
154846,8.1709E+18,8,3,36,105,2017,9,7,2,3,4,1,1,1,0,0,0,0,0,3.9916E+20,5.26775E+21,7.65964E+15,4.75554E+16
154847,8.1709E+18,8,3,36,50,2017,9,14,2,3,5,3,1,1,0,0,0,0,0,3.99545E+20,5.27516E+21,7.66307E+15,4.7622E+16
154848,8.1709E+18,8,3,35,75,2017,9,16,2,3,2,6,0,1,0,0,0,0,0,4.89488E+20,5.28889E+21,8.85974E+15,4.77533E+16
154849,8.1709E+18,8,3,26,74,2017,9,20,2,3,0,1,1,0,0,0,0,2,0,4.6404E+20,5.32232E+21,8.51744E+15,4.80532E+16
154850,8.1709E+18,8,3,26,12,2017,9,15,2,1,6,7,0,1,1,0,1,0,0,4.62651E+20,5.31093E+21,8.49979E+15,4.79506E+16
154851,8.1709E+18,8,4,17,79,2017,9,12,2,2,1,5,1,1,0,0,0,0,0,5.00903E+20,5.34549E+21,9.01217E+15,4.82626E+16
154852,8.1709E+18,8,3,25,9,2017,9,18,2,2,9,1,0,1,0,0,0,0,0,4.67977E+20,5.3416E+21,8.56881E+15,4.82268E+16
154853,8.1709E+18,8,3,17,9,2017,9,17,2,2,5,3,1,1,0,0,0,0,0,4.25236E+20,5.36289E+21,7.98961E+15,4.84148E+16
154854,8.1709E+18,8,3,17,89,2017,9,19,2,3,0,7,1,0,0,0,0,0,0,4.31431E+20,5.3764E+21,8.0711E+15,4.85369E+16
154855,8.1709E+18,8,3,17,110,2017,9,12,2,2,5,3,1,1,0,0,0,0,0,4.27148E+20,5.38124E+21,8.01224E+15,4.858E+16
154856,8.1709E+18,8,3,16,56,2017,9,17,2,3,0,1,1,0,0,0,0,0,0,4.21668E+20,5.32668E+21,7.9481E+15,4.80886E+16
154857,8.1709E+18,8,3,16,56,2017,9,8,2,3,5,3,1,1,0,0,0,0,0,4.19766E+20,5.32614E+21,7.92267E+15,4.80835E+16
154858,8.1709E+18,8,3,15,74,2017,9,15,2,3,0,1,0,1,0,0,0,0,0,4.00286E+20,5.29821E+21,7.66764E+15,4.78295E+16
154859,8.1709E+18,8,3,11,0,2017,9,12,2,3,1,1,1,1,0,0,0,0,0,4.14897E+20,5.3171E+21,7.8591E+15,4.80015E+16
154860,8.1709E+18,8,2,12,0,2017,9,18,2,3,0,1,1,0,0,0,0,0,1,4.57313E+20,5.42857E+21,8.41629E+15,4.90085E+16
154861,8.1709E+18,8,2,12,0,2017,9,9,2,3,6,2,0,1,1,0,0,0,0,4.55095E+20,5.42749E+21,8.38608E+15,4.89987E+16
154862,8.1709E+18,8,2,31,0,2017,9,18,2,3,0,7,1,0,1,0,0,0,0,4.78574E+20,5.41659E+21,8.70765E+15,4.89019E+16
154863,8.1709E+18,8,2,26,98,2017,9,11,2,3,0,7,0,1,0,0,0,0,0,4.77754E+20,5.45944E+21,8.6941E+15,4.92873E+16
154864,8.1709E+18,8,2,25,58,2017,9,11,2,3,2,6,0,1,0,0,0,0,0,5.10736E+20,5.46682E+21,9.14784E+15,4.9354E+16
154865,8.1709E+18,8,2,22,0,2017,9,16,2,3,5,3,1,1,0,0,0,0,0,4.63886E+20,5.48585E+21,8.50099E+15,4.95242E+16
154866,8.1709E+18,8,2,22,0,2017,9,20,2,2,1,5,1,1,0,0,0,2,0,4.62953E+20,5.4862E+21,8.48807E+15,4.95273E+16
154867,8.1709E+18,8,2,22,0,2017,9,17,2,3,5,2,0,1,0,0,0,0,0,4.62018E+20,5.48023E+21,8.47572E+15,4.94735E+16
154868,8.1709E+18,8,2,22,0,2017,9,21,2,2,9,1,0,1,0,1,1,2,0,4.59848E+20,5.48329E+21,8.44546E+15,4.95009E+16
154869,8.1709E+18,8,2,22,0,2017,9,12,2,2,6,4,0,1,1,0,0,0,0,4.61135E+20,5.48271E+21,8.46329E+15,4.94958E+16
154870,8.1709E+18,8,2,15,96,2017,9,10,2,3,5,3,0,1,0,1,0,0,0,4.63667E+20,5.41885E+21,8.50404E+15,4.89215E+16
154871,8.1709E+18,8,2,16,49,2017,9,17,2,3,5,3,1,1,0,0,0,0,0,4.38601E+20,5.40131E+21,8.16453E+15,4.87618E+16
154872,8.1709E+18,8,2,11,0,2017,9,8,2,2,5,3,0,1,0,1,0,0,0,4.4371E+20,5.40179E+21,8.23398E+15,4.87666E+16
154873,8.1709E+18,8,1,36,65,2017,9,11,2,3,2,2,0,1,0,0,0,0,0,5.5872E+20,5.40577E+21,9.79966E+15,4.88021E+16
154874,8.1709E+18,8,1,36,65,2017,9,23,2,3,4,1,0,1,0,0,0,2,0,5.56195E+20,5.40437E+21,9.76508E+15,4.87898E+16
154875,8.1709E+18,8,1,35,19,2017,9,15,2,3,0,1,1,0,0,0,0,0,0,5.84625E+20,5.3915E+21,1.01494E+16,4.86708E+16
154876,8.1709E+18,8,1,28,115,2017,9,12,2,3,2,6,0,1,0,0,0,0,0,5.47474E+20,5.49788E+21,9.65742E+15,4.96316E+16
154877,8.1709E+18,8,1,25,5,2017,9,17,2,3,4,6,1,0,0,0,0,0,0,5.1388E+20,5.45395E+21,9.19068E+15,4.92381E+16
154878,8.1709E+18,8,1,17,26,2017,9,16,2,3,1,1,1,1,0,0,0,0,0,5.46874E+20,5.3939E+21,9.637E+15,4.86964E+16
154879,8.1709E+18,8,1,16,49,2017,9,17,2,3,2,6,0,1,0,0,0,0,0,5.25362E+20,5.3856E+21,9.34416E+15,4.8623E+16
154880,8.1709E+18,8,1,16,33,2017,9,6,2,3,5,3,0,1,0,0,0,0,0,5.33538E+20,5.38728E+21,9.45524E+15,4.86377E+16
154881,8.1709E+18,8,1,16,78,2017,9,15,2,3,5,3,0,1,0,0,0,0,0,5.13003E+20,5.39271E+21,9.17668E+15,4.86873E+16
154882,8.1709E+18,8,1,16,19,2017,9,9,2,3,2,6,0,1,0,0,0,0,0,5.2344E+20,5.39781E+21,9.31877E+15,4.87328E+16
154883,8.1709E+18,8,1,16,19,2017,9,7,2,3,5,2,0,1,0,0,0,0,0,5.23948E+20,5.39751E+21,9.32566E+15,4.87301E+16
154884,8.1709E+18,8,1,15,45,2017,9,5,2,3,2,6,0,1,0,0,0,2,0,4.98499E+20,5.39516E+21,8.9796E+15,4.87095E+16
154885,8.1709E+18,8,1,15,28,2017,9,17,2,3,2,6,0,1,0,0,0,0,0,5.00254E+20,5.40497E+21,9.00346E+15,4.87977E+16
154886,8.1709E+18,8,1,11,0,2017,9,16,2,3,4,6,0,1,0,0,0,0,0,5.11469E+20,5.40231E+21,9.1561E+15,4.87737E+16
154887,8.1709E+18,8,1,11,0,2017,9,7,2,2,5,2,0,1,0,0,1,0,0,5.12551E+20,5.4029E+21,9.17084E+15,4.8779E+16
154888,8.1709E+18,8,4,35,30,2017,9,20,1,2,8,7,1,0,0,0,0,0,0,5.39832E+20,5.27237E+21,9.52992E+15,4.76036E+16
154889,8.1709E+18,8,4,37,31,2017,9,14,1,2,5,2,0,0,0,1,1,0,0,5.17708E+20,5.34534E+21,9.23859E+15,4.8261E+16