OBJECTID,UIDENTSTLA,ULAND,UREGBEZ,UKREIS,UGEMEINDE,UJAHR,UMONAT,USTUNDE,UWOCHENTAG,UKATEGORIE,UART,UTYP1,IstRad,IstPKW,IstFuss,IstKrad,IstSonstig,LICHT,STRZUSTAND,LINREFX,LINREFY,XGCSWGS84,YGCSWGS84
154890,8.1709E+18,8,4,16,36,2017,9,11,1,3,0,7,1,0,0,0,0,0,0,4.94919E+20,5.36917E+21,8.93125E+15,4.84756E+16
154891,8.1709E+18,8,4,15,78,2017,9,17,1,3,1,5,1,1,0,0,0,0,0,5.29787E+20,5.37121E+21,9.40318E+15,4.84933E+16
154892,8.1709E+18,8,3,36,91,2017,9,1,1,3,5,3,0,1,0,0,0,2,0,3.97054E+20,5.27195E+21,7.63067E+15,4.75928E+16
154893,8.1709E+18,8,3,25,53,2017,9,17,1,3,5,3,1,1,0,0,0,0,0,4.54508E+20,5.34091E+21,8.38755E+15,4.82197E+16
154894,8.1709E+18,8,3,25,49,2017,9,19,1,3,5,3,0,1,0,1,0,0,0,4.72568E+20,5.33411E+21,8.63112E+15,4.81596E+16
154895,8.1709E+18,8,3,17,141,2017,9,12,1,3,0,7,1,0,0,0,0,0,0,4.17293E+20,5.37775E+21,7.87935E+15,4.85474E+16
154896,8.1709E+18,8,3,15,89,2017,9,23,1,3,8,1,1,0,0,0,0,2,0,4.07118E+20,5.31055E+21,7.75625E+15,4.79416E+16
154897,8.1709E+18,8,2,12,0,2017,9,4,1,3,0,7,1,0,0,0,0,2,0,4.55701E+20,5.42875E+21,8.39422E+15,4.901E+16
154898,8.1709E+18,8,2,26,95,2017,9,12,1,3,5,3,1,1,0,0,0,0,0,4.74031E+20,5.4607E+21,8.64282E+15,4.92985E+16
154899,8.1709E+18,8,2,26,32,2017,9,17,1,3,2,6,0,1,0,0,0,0,0,4.65571E+20,5.46483E+21,8.5261E+15,4.93352E+16
154900,8.1709E+18,8,2,22,0,2017,9,17,1,3,0,7,1,0,0,0,0,0,0,4.62172E+20,5.47874E+21,8.47799E+15,4.94601E+16
154901,8.1709E+18,8,2,16,43,2017,9,1,1,3,0,1,0,0,0,1,0,2,1,4.43318E+20,5.41269E+21,8.22714E+15,4.88646E+16
154902,8.1709E+18,8,2,15,99,2017,9,19,1,3,0,3,1,1,0,0,0,1,0,4.63003E+20,5.4457E+21,8.49252E+15,4.9163E+16
154903,8.1709E+18,8,2,11,0,2017,9,17,1,3,6,7,0,1,1,0,0,0,0,4.42791E+20,5.40265E+21,8.22135E+15,4.87742E+16
154904,8.1709E+18,8,1,36,88,2017,9,20,1,2,8,1,0,0,0,1,0,2,0,5.86888E+20,5.40564E+21,1.01831E+16,4.87977E+16
154905,8.1709E+18,8,1,35,32,2017,9,16,1,3,5,3,0,1,0,0,0,0,0,5.73436E+20,5.39185E+21,9.99755E+15,4.86754E+16
154906,8.1709E+18,8,1,35,31,2017,9,18,1,3,5,3,1,1,0,0,0,0,0,5.95795E+20,5.3788E+21,1.02982E+16,4.8555E+16
154907,8.1709E+18,8,1,18,50,2017,9,19,1,3,0,7,1,0,0,0,0,0,0,5.05752E+20,5.41661E+21,9.07849E+15,4.89024E+16
154908,8.1709E+18,8,1,18,21,2017,9,2,1,3,0,7,1,0,0,0,0,2,0,5.22123E+20,5.42818E+21,9.30251E+15,4.90061E+16
154909,8.1709E+18,8,1,18,48,2017,9,9,1,3,0,6,1,0,0,0,0,0,0,5.15255E+20,5.41433E+21,9.20807E+15,4.88818E+16
154910,8.1709E+18,8,1,11,0,2017,9,15,1,3,4,7,0,1,0,1,0,0,0,5.1345E+20,5.40329E+21,9.1831E+15,4.87825E+16
154911,8.1709E+18,8,1,11,0,2017,9,13,1,3,0,1,1,0,0,0,0,0,0,5.16436E+20,5.40647E+21,9.22386E+15,4.8811E+16
154912,8.1709E+18,8,1,11,0,2017,9,17,1,3,2,6,0,0,0,1,0,0,0,5.15286E+20,5.40336E+21,9.20808E+15,4.87831E+16
154913,8.1709E+18,8,4,35,45,2017,9,19,7,3,0,6,0,1,0,1,0,0,0,5.34401E+20,5.28491E+21,9.45866E+15,4.77166E+16
154914,8.1709E+18,8,4,17,2,2017,9,18,7,3,0,1,1,0,0,0,0,0,0,4.88022E+20,5.34501E+21,8.83862E+15,4.82582E+16
154915,8.1709E+18,8,3,35,75,2017,9,12,7,2,6,4,0,1,1,0,0,0,0,4.88262E+20,5.29018E+21,8.84336E+15,4.77649E+16
154916,8.1709E+18,8,3,17,96,2017,9,15,7,3,1,5,1,1,0,0,0,0,0,4.21945E+20,5.36945E+21,7.94392E+15,4.84733E+16
154917,8.1709E+18,8,3,17,65,2017,9,14,7,3,5,3,1,1,0,0,0,0,0,4.13568E+20,5.35432E+21,7.83371E+15,4.83361E+16
154918,8.1709E+18,8,3,17,1,2017,9,13,7,3,0,7,1,0,0,0,0,0,0,4.31546E+20,5.38691E+21,8.07093E+15,4.86315E+16
154919,8.1709E+18,8,3,15,130,2017,9,17,7,3,0,7,1,0,0,0,1,0,0,4.11462E+20,5.29921E+21,7.81673E+15,4.78401E+16
154920,8.1709E+18,8,3,11,0,2017,9,17,7,3,9,3,0,1,0,0,0,0,0,4.14136E+20,5.31968E+21,7.84838E+15,4.80247E+16
154921,8.1709E+18,8,2,12,0,2017,9,10,7,2,5,3,0,1,0,1,0,0,1,4.53781E+20,5.42841E+21,8.368E+15,4.90068E+16
154922,8.1709E+18,8,2,21,0,2017,9,9,7,3,5,3,1,1,0,0,0,0,1,4.77311E+20,5.47414E+21,8.68717E+15,4.94195E+16
154923,8.1709E+18,8,2,12,0,2017,9,0,7,3,5,3,1,1,0,0,0,2,0,4.54395E+20,5.42869E+21,8.37638E+15,4.90094E+16
154924,8.1709E+18,8,1,35,15,2017,9,17,7,3,0,7,0,0,0,1,0,0,0,5.74673E+20,5.38623E+21,1.00133E+16,4.86247E+16
154925,8.1709E+18,8,1,28,7,2017,9,15,7,3,5,5,1,1,0,0,0,0,0,5.55565E+20,5.48261E+21,9.7673E+15,4.94936E+16
154926,8.1709E+18,8,1,25,113,2017,9,17,7,2,6,3,0,1,1,0,0,0,0,5.27912E+20,5.45268E+21,9.38335E+15,4.92263E+16
154927,8.1709E+18,8,1,21,0,2017,9,18,7,2,0,7,0,1,0,0,1,0,0,5.11741E+20,5.44337E+21,9.16098E+15,4.91431E+16
154928,8.1709E+18,8,1,25,68,2017,9,19,7,3,5,3,1,1,0,0,0,0,0,5.18461E+20,5.45867E+21,9.25383E+15,4.92805E+16
154929,8.1709E+18,8,1,17,26,2017,9,17,7,3,5,3,0,1,0,0,0,0,0,5.48973E+20,5.39419E+21,9.66555E+15,4.86988E+16
154930,8.1709E+18,8,1,16,33,2017,9,19,7,3,0,1,1,0,0,0,0,0,0,5.33083E+20,5.38782E+21,9.44911E+15,4.86426E+16
154931,8.1709E+18,8,1,16,33,2017,9,12,7,3,6,7,1,0,1,0,0,0,0,5.33246E+20,5.38848E+21,9.45137E+15,4.86485E+16
154932,8.1709E+18,8,1,11,0,2017,9,18,7,3,1,5,0,1,0,0,0,0,0,5.15995E+20,5.40545E+21,9.21782E+15,4.88019E+16
154933,8.1709E+18,8,1,11,0,2017,9,14,7,3,0,3,1,1,0,0,0,0,1,5.16149E+20,5.40547E+21,9.21992E+15,4.8802E+16
154934,8.1709E+18,8,4,36,64,2017,9,15,6,3,4,2,0,1,0,0,0,0,0,5.45872E+20,5.29319E+21,9.61247E+15,4.77905E+16
154935,8.1709E+18,8,4,21,0,2017,9,17,6,3,6,4,0,1,1,0,0,1,0,5.75289E+20,5.3646E+21,1.00178E+16,4.843E+16
154936,8.1709E+18,8,4,16,23,2017,9,14,6,3,5,3,0,1,0,0,0,0,0,5.10932E+20,5.37149E+21,9.14798E+15,4.84964E+16
154937,8.1709E+18,8,3,37,96,2017,9,6,6,3,5,3,0,1,0,0,0,0,1,4.2044E+20,5.26702E+21,7.94257E+15,4.75517E+16
154938,8.1709E+18,8,3,35,75,2017,9,22,6,3,5,3,0,1,0,1,0,2,1,4.88728E+20,5.28865E+21,8.84961E+15,4.77512E+16
154939,8.1709E+18,8,3,27,50,2017,9,14,6,3,8,1,0,1,0,0,0,0,1,4.85369E+20,5.31891E+21,8.80378E+15,4.80233E+16
154940,8.1709E+18,8,3,26,74,2017,9,22,6,3,0,1,1,0,0,0,0,2,0,4.59451E+20,5.32424E+21,8.45568E+15,4.80702E+16
154941,8.1709E+18,8,3,26,3,2017,9,23,6,3,0,1,0,0,0,1,0,2,0,4.64979E+20,5.32001E+21,8.53023E+15,4.80324E+16
154942,8.1709E+18,8,3,26,74,2017,9,8,6,2,8,1,0,0,0,1,0,0,1,4.62895E+20,5.3194E+21,8.50232E+15,4.80268E+16
154943,8.1709E+18,8,3,17,34,2017,9,13,6,2,8,7,1,0,0,0,0,0,0,4.28445E+20,5.36256E+21,8.03302E+15,4.84121E+16
154944,8.1709E+18,8,3,11,0,2017,9,22,6,3,5,2,1,0,0,0,1,2,0,4.12368E+20,5.31641E+21,7.82535E+15,4.7995E+16
154945,8.1709E+18,8,3,11,0,2017,9,19,6,3,2,6,0,1,0,0,0,0,0,4.14758E+20,5.31906E+21,7.85685E+15,4.80191E+16
154946,8.1709E+18,8,2,12,0,2017,9,15,6,3,5,3,1,1,0,0,0,0,0,4.52417E+20,5.43152E+21,8.349E+15,4.90347E+16
154947,8.1709E+18,8,2,12,0,2017,9,17,6,3,6,4,0,1,1,0,0,0,0,4.55762E+20,5.42874E+21,8.39506E+15,4.901E+16
154948,8.1709E+18,8,2,12,0,2017,9,14,6,3,2,6,0,1,0,1,0,0,0,4.55991E+20,5.42921E+21,8.39814E+15,4.90142E+16
154949,8.1709E+18,8,2,31,0,2017,9,22,6,3,3,6,0,1,0,0,0,2,0,4.78339E+20,5.41545E+21,8.70449E+15,4.88916E+16
154950,8.1709E+18,8,2,36,76,2017,9,22,6,3,5,3,0,1,0,1,0,2,0,4.71524E+20,5.42386E+21,8.61093E+15,4.8967E+16
154951,8.1709E+18,8,2,26,107,2017,9,9,6,3,5,3,0,1,0,0,1,0,0,4.74873E+20,5.48442E+21,8.65289E+15,4.95118E+16
154952,8.1709E+18,8,2,26,96,2017,9,19,6,3,0,6,1,1,0,0,0,0,0,4.76375E+20,5.48858E+21,8.67339E+15,4.95494E+16
154953,8.1709E+18,8,2,26,20,2017,9,21,6,3,6,7,1,0,1,0,0,2,0,4.90403E+20,5.46348E+21,8.86794E+15,4.9324E+16
154954,8.1709E+18,8,2,21,0,2017,9,11,6,3,5,3,0,1,0,0,0,0,0,4.73843E+20,5.47472E+21,8.63931E+15,4.94246E+16
154955,8.1709E+18,8,2,16,43,2017,9,17,6,3,5,7,0,1,0,0,0,0,0,4.40546E+20,5.41294E+21,8.1893E+15,4.88666E+16
154956,8.1709E+18,8,2,15,40,2017,9,10,6,2,5,3,0,1,0,0,0,0,0,4.88296E+20,5.43607E+21,8.83973E+15,4.90774E+16
154957,8.1709E+18,8,2,12,0,2017,9,13,6,3,0,1,1,0,0,0,0,0,0,4.56317E+20,5.42806E+21,8.40272E+15,4.90039E+16
154958,8.1709E+18,8,2,12,0,2017,9,16,6,3,0,7,1,0,0,0,0,0,0,4.56611E+20,5.42716E+21,8.40684E+15,4.89958E+16
154959,8.1709E+18,8,1,28,7,2017,9,9,6,2,0,2,1,1,0,0,0,0,0,5.5607E+20,5.48278E+21,9.77429E+15,4.94951E+16
154960,8.1709E+18,8,1,19,67,2017,9,15,6,3,5,1,1,1,0,0,0,0,0,5.38015E+20,5.40652E+21,9.51777E+15,4.88105E+16
154961,8.1709E+18,8,1,19,55,2017,9,8,6,3,5,2,0,1,0,0,0,0,1,5.43431E+20,5.40528E+21,9.59141E+15,4.8799E+16
154962,8.1709E+18,8,1,18,81,2017,9,15,6,3,5,3,0,1,0,0,0,0,1,5.18392E+20,5.41208E+21,9.25076E+15,4.88614E+16
154963,8.1709E+18,8,1,18,79,2017,9,17,6,3,6,4,0,0,1,0,1,0,0,5.10662E+20,5.42246E+21,9.14564E+15,4.8955E+16
154964,8.1709E+18,8,1,17,26,2017,9,1,6,3,2,6,0,1,0,0,0,2,1,5.45457E+20,5.39519E+21,9.61788E+15,4.87081E+16
154965,8.1709E+18,8,1,16,49,2017,9,18,6,3,5,3,0,1,0,0,0,0,1,5.25463E+20,5.38467E+21,9.34548E+15,4.86146E+16
154966,8.1709E+18,8,1,16,78,2017,9,17,6,3,0,7,0,0,0,1,1,0,0,5.14556E+20,5.39335E+21,9.19779E+15,4.8693E+16
154967,8.1709E+18,8,1,15,15,2017,9,8,6,3,5,3,0,1,0,0,0,0,1,4.92687E+20,5.38745E+21,8.90073E+15,4.86401E+16
154968,8.17083E+18,8,4,21,0,2017,8,14,5,3,4,2,0,1,0,0,0,0,1,5.74217E+20,5.3618E+21,1.00028E+16,4.84049E+16
154969,8.17083E+18,8,4,21,0,2017,8,10,5,3,0,1,0,0,0,1,0,0,1,5.70892E+20,5.36155E+21,9.95784E+15,4.84031E+16
154970,8.17083E+18,8,2,37,24,2017,8,18,5,3,0,6,1,0,0,0,0,0,1,4.79446E+20,5.35933E+21,8.72238E+15,4.83868E+16
154971,8.17083E+18,8,3,35,100,2017,8,13,5,3,2,6,0,1,0,1,0,0,1,4.8815E+20,5.28584E+21,8.84199E+15,4.77258E+16
154972,8.17083E+18,8,3,35,75,2017,8,21,5,3,5,3,1,0,0,0,1,2,1,4.90301E+20,5.28918E+21,8.87059E+15,4.77559E+16
154973,8.17083E+18,8,3,27,38,2017,8,19,5,3,6,1,0,1,1,0,0,1,1,4.95147E+20,5.31346E+21,8.93497E+15,4.79745E+16
154974,8.17083E+18,8,3,27,54,2017,8,9,5,3,5,3,0,1,0,1,0,0,1,4.82994E+20,5.31674E+21,8.772E+15,4.80037E+16
154975,8.17083E+18,8,3,26,74,2017,8,15,5,3,2,6,0,1,0,0,0,0,1,4.62781E+20,5.32508E+21,8.5003E+15,4.80779E+16
154976,8.17083E+18,8,3,26,74,2017,8,12,5,3,4,2,0,1,0,0,0,0,1,4.59851E+20,5.32372E+21,8.4611E+15,4.80655E+16
154977,8.17083E+18,8,4,17,79,2017,8,10,5,2,3,7,0,0,0,1,1,0,1,4.99396E+20,5.34827E+21,8.99186E+15,4.82877E+16
154978,8.17083E+18,8,3,17,65,2017,8,19,5,3,2,6,0,1,0,0,0,0,0,4.16553E+20,5.35481E+21,7.87389E+15,4.8341E+16
154979,8.17083E+18,8,3,17,96,2017,8,6,5,2,5,1,1,1,0,0,0,1,1,4.2172E+20,5.36931E+21,7.94091E+15,4.8472E+16
154980,8.17083E+18,8,3,11,0,2017,8,20,5,3,1,1,1,1,0,0,0,2,1,4.15432E+20,5.31581E+21,7.86653E+15,4.799E+16
154981,8.17083E+18,8,3,11,0,2017,8,18,5,3,2,1,0,1,0,0,1,0,1,4.15014E+20,5.32069E+21,7.85996E+15,4.80339E+16
154982,8.17083E+18,8,3,11,0,2017,8,9,5,3,4,2,1,1,0,0,0,0,0,4.1304E+20,5.31651E+21,7.83433E+15,4.79959E+16
154983,8.17083E+18,8,3,11,0,2017,8,17,5,3,3,2,1,1,0,0,0,0,0,4.1262E+20,5.3163E+21,7.82874E+15,4.7994E+16
154984,8.17083E+18,8,3,36,19,2017,8,10,5,3,5,3,0,1,0,1,0,0,0,3.94177E+20,5.27685E+21,7.59123E+15,4.76364E+16
154985,8.17083E+18,8,3,11,0,2017,8,12,5,3,0,7,1,0,0,0,0,0,1,4.14614E+20,5.31776E+21,7.85517E+15,4.80075E+16
154986,8.17083E+18,8,3,36,91,2017,8,11,5,3,5,3,1,1,0,0,0,0,0,3.97604E+20,5.27181E+21,7.63802E+15,4.75916E+16
154987,8.17092E+18,8,1,16,49,2017,9,17,6,3,6,4,0,1,1,0,0,0,0,5.25334E+20,5.38589E+21,9.3438E+15,4.86255E+16
154988,8.17092E+18,8,1,16,50,2017,9,18,6,3,0,1,1,0,0,0,0,0,0,5.26979E+20,5.38807E+21,9.36626E+15,4.86452E+16
154989,8.17092E+18,8,1,16,33,2017,9,14,6,3,6,4,1,0,1,0,0,0,0,5.33256E+20,5.38818E+21,9.45148E+15,4.86458E+16
154990,8.17092E+18,8,1,16,77,2017,9,12,6,3,0,7,0,1,0,0,0,0,0,5.14535E+20,5.39158E+21,9.19745E+15,4.86771E+16
154991,8.17092E+18,8,1,16,19,2017,9,11,6,3,6,4,0,1,1,0,0,0,0,5.26431E+20,5.39734E+21,9.35942E+15,4.87285E+16
154992,8.17092E+18,8,1,15,24,2017,9,18,6,3,6,6,1,0,1,0,0,0,0,5.00463E+20,5.38738E+21,9.00629E+15,4.86395E+16
154993,8.17092E+18,8,1,11,0,2017,9,14,6,2,0,1,1,0,0,0,0,0,0,5.15799E+20,5.39808E+21,9.21486E+15,4.87356E+16
154994,8.17091E+18,8,4,36,64,2017,9,17,5,3,2,6,0,1,0,1,0,0,0,5.46717E+20,5.29178E+21,9.62359E+15,4.77777E+16
154995,8.17091E+18,8,4,26,21,2017,9,12,5,3,6,4,0,1,1,0,0,0,1,5.58652E+20,5.32611E+21,9.78758E+15,4.80855E+16
154996,8.17091E+18,8,3,37,96,2017,9,0,5,3,5,3,0,1,0,0,0,2,0,4.20442E+20,5.26702E+21,7.94259E+15,4.75517E+16
154997,8.17091E+18,8,3,35,75,2017,9,21,5,3,6,4,1,1,1,0,0,2,1,4.88076E+20,5.29054E+21,8.84086E+15,4.77681E+16
154998,8.17091E+18,8,3,17,26,2017,9,16,5,3,5,3,0,1,0,0,0,0,0,4.11415E+20,5.3461E+21,7.80639E+15,4.82619E+16
154999,8.17091E+18,8,3,36,50,2017,9,15,5,3,4,6,1,1,0,0,0,0,1,3.98821E+20,5.27539E+21,7.65338E+15,4.7624E+16
155000,8.17091E+18,8,3,15,47,2017,9,15,5,3,0,1,0,0,0,1,0,0,1,4.15693E+20,5.32174E+21,7.86886E+15,4.80433E+16
155001,8.17091E+18,8,2,31,0,2017,9,17,5,3,4,2,0,1,0,0,0,0,1,4.75585E+20,5.41406E+21,8.66701E+15,4.8879E+16
155002,8.17092E+18,8,1,28,20,2017,9,8,6,3,9,1,0,1,0,0,0,0,0,5.76901E+20,5.47351E+21,1.00601E+16,4.94094E+16
155003,8.17092E+18,8,1,26,58,2017,9,6,6,3,3,1,0,1,0,1,1,0,0,5.42807E+20,5.45117E+21,9.58776E+15,4.92118E+16
155004,8.17092E+18,8,1,21,0,2017,9,17,6,3,5,3,0,1,0,0,0,0,0,5.16343E+20,5.44189E+21,9.22402E+15,4.91296E+16
155005,8.17092E+18,8,1,19,67,2017,9,17,6,3,2,6,0,1,0,0,0,0,0,5.38349E+20,5.40575E+21,9.52226E+15,4.88036E+16
155006,8.17092E+18,8,1,19,20,2017,9,16,6,3,2,6,0,1,0,0,0,0,0,5.20117E+20,5.40684E+21,9.27402E+15,4.88142E+16
155007,8.17092E+18,8,1,18,80,2017,9,17,6,3,0,7,1,0,0,0,0,0,0,5.06772E+20,5.41158E+21,9.09232E+15,4.88571E+16
155008,8.17092E+18,8,1,18,46,2017,9,17,6,2,2,6,0,1,0,1,0,0,0,5.14995E+20,5.41158E+21,9.20443E+15,4.8857E+16
155009,8.17092E+18,8,1,15,45,2017,9,7,6,2,4,6,1,1,0,0,0,0,0,4.99652E+20,5.39603E+21,8.99527E+15,4.87173E+16
155010,8.17092E+18,8,1,17,33,2017,9,7,6,3,7,1,1,0,0,0,0,0,0,5.59153E+20,5.38708E+21,9.80287E+15,4.86339E+16
155011,8.17091E+18,8,2,31,0,2017,9,18,5,3,2,6,0,1,0,0,0,0,1,4.77304E+20,5.41631E+21,8.69033E+15,4.88993E+16
155012,8.17091E+18,8,2,26,84,2017,9,7,5,3,6,7,0,1,1,0,0,1,1,4.69682E+20,5.47026E+21,8.58227E+15,4.93843E+16
155013,8.17091E+18,8,2,22,0,2017,9,16,5,3,1,1,0,1,0,1,0,0,1,4.65625E+20,5.47595E+21,8.52588E+15,4.94353E+16
155014,8.17091E+18,8,2,22,0,2017,9,14,5,3,1,6,0,1,0,0,1,0,0,4.6339E+20,5.47802E+21,8.49487E+15,4.94538E+16
155015,8.17091E+18,8,2,22,0,2017,9,11,5,2,5,3,0,1,0,0,1,0,1,4.64278E+20,5.48312E+21,8.50666E+15,4.94996E+16
155016,8.17091E+18,8,2,12,0,2017,9,8,5,3,5,3,1,1,0,0,0,0,1,4.57083E+20,5.4288E+21,8.41311E+15,4.90106E+16
155017,8.17091E+18,8,2,12,0,2017,9,16,5,3,6,3,1,0,1,0,0,0,0,4.55377E+20,5.42877E+21,8.3898E+15,4.90102E+16
155018,8.17091E+18,8,1,36,65,2017,9,17,5,3,5,3,1,1,0,0,0,0,0,5.61749E+20,5.408E+21,9.84124E+15,4.88219E+16
155019,8.17091E+18,8,1,36,65,2017,9,7,5,3,6,4,0,0,1,0,1,0,0,5.58617E+20,5.40575E+21,9.79826E+15,4.88019E+16
155020,8.17091E+18,8,1,35,19,2017,9,9,5,3,6,4,0,1,1,0,0,0,1,5.84943E+20,5.3926E+21,1.0154E+16,4.86807E+16
155021,8.17091E+18,8,1,28,45,2017,9,21,5,3,9,1,0,0,0,1,0,2,0,5.56889E+20,5.50509E+21,9.78883E+15,4.96957E+16
155022,8.17091E+18,8,1,28,139,2017,9,12,5,3,5,3,0,1,0,0,0,0,1,5.50678E+20,5.49059E+21,9.70085E+15,4.95658E+16
155023,8.17091E+18,8,1,28,7,2017,9,17,5,3,0,1,0,0,0,1,0,0,1,5.55451E+20,5.48212E+21,9.76566E+15,4.94892E+16
155024,8.17091E+18,8,1,26,58,2017,9,16,5,3,9,1,0,1,0,0,0,0,0,5.41735E+20,5.45136E+21,9.57305E+15,4.92136E+16
155025,8.17091E+18,8,1,21,0,2017,9,16,5,3,6,7,0,1,1,0,0,0,0,5.15238E+20,5.44283E+21,9.20891E+15,4.91381E+16
155026,8.17091E+18,8,1,19,20,2017,9,15,5,3,2,6,0,1,0,0,1,0,0,5.18851E+20,5.40781E+21,9.25682E+15,4.8823E+16
155027,8.17091E+18,8,1,18,46,2017,9,17,5,3,5,3,0,1,0,0,0,0,1,5.14071E+20,5.41167E+21,9.19183E+15,4.88578E+16
155028,8.17091E+18,8,1,17,38,2017,9,17,5,3,0,1,0,1,0,1,0,0,0,5.46651E+20,5.39768E+21,9.6344E+15,4.87304E+16
155029,8.17091E+18,8,1,17,24,2017,9,15,5,3,5,3,1,1,0,0,0,0,0,5.6211E+20,5.38489E+21,9.84268E+15,4.8614E+16
155030,8.17091E+18,8,1,17,19,2017,9,8,5,3,6,4,1,0,1,0,0,0,1,5.52008E+20,5.39425E+21,9.70681E+15,4.86991E+16
155031,8.17091E+18,8,1,16,16,2017,9,19,5,3,5,7,1,1,0,0,0,0,0,5.33327E+20,5.38487E+21,9.45217E+15,4.8616E+16
155032,8.17091E+18,8,1,15,28,2017,9,17,5,3,5,3,1,1,0,0,0,0,0,5.02008E+20,5.40702E+21,9.02735E+15,4.88161E+16
155033,8.17091E+18,8,1,15,3,2017,9,15,5,3,5,3,0,1,0,0,0,0,0,4.97198E+20,5.39362E+21,8.96193E+15,4.86956E+16
155034,8.17091E+18,8,1,11,0,2017,9,19,5,2,5,2,0,1,0,1,0,0,0,5.08264E+20,5.40685E+21,9.11257E+15,4.88146E+16
155035,8.17091E+18,8,1,11,0,2017,9,16,5,3,2,6,0,1,0,0,1,0,0,5.13377E+20,5.40926E+21,9.18229E+15,4.88362E+16
155036,8.17091E+18,8,1,11,0,2017,9,6,5,3,5,3,0,1,0,0,0,2,0,5.12612E+20,5.4088E+21,9.17186E+15,4.8832E+16
155037,8.17091E+18,8,1,11,0,2017,9,8,5,3,5,2,0,1,0,0,0,0,1,5.1847E+20,5.40706E+21,9.25159E+15,4.88162E+16
155038,8.17091E+18,8,1,11,0,2017,9,7,5,3,5,3,1,1,0,0,0,1,1,5.15434E+20,5.40614E+21,9.21021E+15,4.88081E+16
155039,8.17091E+18,8,4,37,76,2017,9,15,4,3,8,1,0,0,0,1,0,0,0,5.25739E+20,5.32208E+21,9.3454E+15,4.80515E+16
155040,8.17091E+18,8,4,36,64,2017,9,7,4,3,4,2,1,1,0,0,0,0,0,5.46259E+20,5.29273E+21,9.61759E+15,4.77863E+16
155041,8.17091E+18,8,4,21,0,2017,9,21,4,3,5,6,1,1,0,0,0,2,0,5.72649E+20,5.36073E+21,9.98144E+15,4.83955E+16
155042,8.17091E+18,8,4,21,0,2017,9,13,4,3,2,6,0,1,0,0,0,0,1,5.70784E+20,5.36427E+21,9.95685E+15,4.84276E+16
155043,8.17091E+18,8,4,17,31,2017,9,17,4,3,0,1,1,0,0,0,0,0,1,4.97853E+20,5.35552E+21,8.97102E+15,4.83528E+16
155044,8.17091E+18,8,4,16,36,2017,9,9,4,3,0,7,0,0,1,0,1,0,0,4.95287E+20,5.3682E+21,8.93624E+15,4.84669E+16
155045,8.17091E+18,8,4,15,61,2017,9,18,4,3,4,2,0,1,0,0,0,0,0,5.15465E+20,5.37025E+21,9.20929E+15,4.84852E+16
155046,8.17091E+18,8,4,15,14,2017,9,3,4,3,1,5,0,1,0,1,0,2,0,5.26056E+20,5.37493E+21,9.35291E+15,4.85269E+16
155047,8.17091E+18,8,4,15,14,2017,9,3,4,3,0,7,0,0,0,1,0,2,0,5.26012E+20,5.37503E+21,9.35232E+15,4.85278E+16
155048,8.17091E+18,8,3,35,43,2017,9,12,4,3,0,1,1,0,0,0,0,0,0,5.12839E+20,5.27826E+21,9.17099E+15,4.76576E+16
155049,8.17091E+18,8,4,36,64,2017,9,12,4,3,4,2,1,1,0,0,0,0,1,5.45863E+20,5.29185E+21,9.61221E+15,4.77784E+16
155050,8.17091E+18,8,3,27,50,2017,9,10,4,3,5,3,0,1,0,0,1,0,1,4.86504E+20,5.31431E+21,8.81913E+15,4.7982E+16
155051,8.17091E+18,8,3,17,1,2017,9,7,4,3,4,6,1,0,0,0,0,1,0,4.32195E+20,5.38726E+21,8.07968E+15,4.86347E+16
155052,8.17091E+18,8,3,16,11,2017,9,11,4,3,5,7,1,1,0,0,0,0,0,4.14696E+20,5.32906E+21,7.85401E+15,4.8109E+16
155053,8.17091E+18,8,3,36,50,2017,9,17,4,3,2,6,0,1,0,1,0,0,0,3.99436E+20,5.27369E+21,7.66195E+15,4.76088E+16
155054,8.17091E+18,8,2,12,0,2017,9,17,4,3,5,3,1,1,0,0,0,0,1,4.60432E+20,5.42729E+21,8.45906E+15,4.89972E+16
155055,8.17091E+18,8,2,12,0,2017,9,8,4,3,5,3,1,1,0,0,0,0,0,4.55292E+20,5.42676E+21,8.38885E+15,4.89921E+16
155056,8.17091E+18,8,2,35,46,2017,9,12,4,3,8,1,0,1,0,0,0,0,0,4.79863E+20,5.37693E+21,8.72716E+15,4.85451E+16
155057,8.17091E+18,8,2,31,0,2017,9,17,4,3,4,2,1,1,0,0,0,1,1,4.76631E+20,5.41546E+21,8.68119E+15,4.88916E+16
155058,8.17091E+18,8,2,36,30,2017,9,14,4,3,6,4,1,0,1,0,0,0,0,4.75435E+20,5.41829E+21,8.6647E+15,4.89171E+16
155059,8.17091E+18,8,2,22,0,2017,9,11,4,3,2,6,0,1,0,0,0,0,0,4.6191E+20,5.48274E+21,8.474E+15,4.94961E+16
155060,8.17091E+18,8,2,21,0,2017,9,16,4,2,6,7,1,0,1,0,0,0,0,4.81683E+20,5.47389E+21,8.74746E+15,4.94174E+16
155061,8.17091E+18,8,2,26,85,2017,9,11,4,2,3,6,1,0,0,0,1,0,0,4.91196E+20,5.45507E+21,8.87903E+15,4.92483E+16
155062,8.17091E+18,8,2,16,7,2017,9,14,4,3,5,3,0,1,0,0,0,0,0,4.34599E+20,5.39725E+21,8.11073E+15,4.87249E+16