OBJECTID,UIDENTSTLA,ULAND,UREGBEZ,UKREIS,UGEMEINDE,UJAHR,UMONAT,USTUNDE,UWOCHENTAG,UKATEGORIE,UART,UTYP1,IstRad,IstPKW,IstFuss,IstKrad,IstSonstig,LICHT,STRZUSTAND,LINREFX,LINREFY,XGCSWGS84,YGCSWGS84
155063,8.17091E+18,8,2,15,106,2017,9,18,4,3,0,7,1,0,0,0,0,0,1,4.65659E+20,5.45262E+21,8.52836E+15,4.92254E+16
155064,8.17091E+18,8,1,36,65,2017,9,14,4,3,2,2,0,1,0,0,0,0,0,5.56862E+20,5.40478E+21,9.77422E+15,4.87934E+16
155065,8.17091E+18,8,1,36,65,2017,9,7,4,3,2,6,0,1,0,0,1,0,0,5.58207E+20,5.40506E+21,9.79257E+15,4.87958E+16
155066,8.17091E+18,8,1,26,69,2017,9,7,4,2,5,3,1,1,0,0,0,0,0,5.37911E+20,5.44774E+21,9.52021E+15,4.91813E+16
155067,8.17091E+18,8,1,25,56,2017,9,9,4,2,0,6,1,1,0,0,1,0,0,5.11144E+20,5.43571E+21,9.15259E+15,4.90741E+16
155068,8.17091E+18,8,1,21,0,2017,9,11,4,3,5,3,1,1,0,0,0,0,0,5.16481E+20,5.44328E+21,9.22596E+15,4.91421E+16
155069,8.17091E+18,8,1,21,0,2017,9,13,4,3,5,3,1,0,0,0,1,0,0,5.14633E+20,5.44565E+21,9.20072E+15,4.91635E+16
155070,8.17091E+18,8,1,21,0,2017,9,12,4,3,2,6,0,1,0,0,1,0,0,5.16619E+20,5.44237E+21,9.22782E+15,4.91339E+16
155071,8.17091E+18,8,1,21,0,2017,9,7,4,3,2,6,0,1,0,0,0,0,0,5.15275E+20,5.44652E+21,9.20956E+15,4.91713E+16
155072,8.17091E+18,8,1,19,76,2017,9,15,4,3,4,3,0,0,0,1,0,0,0,5.42539E+20,5.40752E+21,9.57949E+15,4.88192E+16
155073,8.17091E+18,8,1,18,46,2017,9,19,4,3,2,6,0,1,0,0,0,2,1,5.13471E+20,5.41209E+21,9.18366E+15,4.88616E+16
155074,8.17091E+18,8,1,11,0,2017,9,7,4,3,3,6,1,1,0,0,0,0,0,5.18063E+20,5.40201E+21,9.24584E+15,4.87708E+16
155075,8.17091E+18,8,1,11,0,2017,9,20,4,3,5,7,0,1,0,1,0,2,1,5.14105E+20,5.40334E+21,9.19201E+15,4.87829E+16
155076,8.17091E+18,8,1,11,0,2017,9,14,4,3,2,6,0,1,0,0,0,0,0,5.1031E+20,5.39537E+21,9.14015E+15,4.87113E+16
155077,8.17091E+18,8,4,37,100,2017,9,15,3,3,5,3,0,1,0,0,1,0,0,5.41528E+20,5.31638E+21,9.55671E+15,4.79994E+16
155078,8.17091E+18,8,4,36,64,2017,9,13,3,3,5,3,1,1,0,0,0,0,0,5.45379E+20,5.29215E+21,9.60578E+15,4.77811E+16
155079,8.17091E+18,8,4,35,59,2017,9,16,3,3,0,2,1,0,0,0,0,0,0,5.11913E+20,5.2907E+21,9.15899E+15,4.77695E+16
155080,8.17091E+18,8,4,15,50,2017,9,11,3,3,0,1,1,0,0,0,0,0,1,5.2079E+20,5.37665E+21,9.28167E+15,4.85426E+16
155081,8.17091E+18,8,3,37,13,2017,9,15,3,3,9,7,0,0,0,0,1,0,1,4.2913E+20,5.29403E+21,8.05367E+15,4.77957E+16
155082,8.17091E+18,8,3,37,96,2017,9,9,3,3,0,7,1,0,0,0,0,0,1,4.22414E+20,5.26794E+21,7.96864E+15,4.75602E+16
155083,8.17091E+18,8,3,37,65,2017,9,11,3,2,6,7,0,1,1,0,0,0,0,4.47898E+20,5.275E+21,8.30654E+15,4.76263E+16
155084,8.17091E+18,8,3,35,75,2017,9,7,3,2,4,1,0,1,0,0,0,0,0,4.9097E+20,5.29206E+21,8.87945E+15,4.77818E+16
155085,8.17091E+18,8,3,35,75,2017,9,8,3,2,2,2,0,1,0,1,0,0,0,4.8852E+20,5.29025E+21,8.84679E+15,4.77656E+16
155086,8.17091E+18,8,3,26,74,2017,9,16,3,3,0,2,1,1,0,0,0,0,0,4.62813E+20,5.32345E+21,8.50087E+15,4.80632E+16
155087,8.17091E+18,8,3,26,74,2017,9,12,3,3,0,1,0,0,0,1,0,0,0,4.65503E+20,5.32416E+21,8.53692E+15,4.80697E+16
155088,8.17091E+18,8,3,26,3,2017,9,18,3,3,5,3,0,1,0,0,0,0,0,4.64979E+20,5.32001E+21,8.53023E+15,4.80324E+16
155089,8.17091E+18,8,3,25,49,2017,9,8,3,3,0,7,1,0,0,0,0,0,0,4.71733E+20,5.33466E+21,8.61985E+15,4.81646E+16
155090,8.17091E+18,8,3,16,20,2017,9,17,3,3,2,6,0,1,0,0,1,0,0,4.07912E+20,5.33976E+21,7.76059E+15,4.82044E+16
155091,8.17091E+18,8,3,11,0,2017,9,17,3,3,0,7,0,0,1,0,1,0,0,4.13862E+20,5.31645E+21,7.84536E+15,4.79955E+16
155092,8.17091E+18,8,2,12,0,2017,9,7,3,3,5,3,0,1,0,0,0,0,1,4.52224E+20,5.42739E+21,8.34684E+15,4.89975E+16
155093,8.17091E+18,8,2,35,22,2017,9,12,3,3,0,7,0,1,0,0,1,0,0,4.72126E+20,5.37937E+21,8.62217E+15,4.85668E+16
155094,8.17091E+18,8,2,31,0,2017,9,22,3,3,9,7,0,1,0,0,0,2,0,4.81571E+20,5.41587E+21,8.74856E+15,4.88955E+16
155095,8.17091E+18,8,2,31,0,2017,9,17,3,3,0,1,1,0,0,0,0,0,1,4.77682E+20,5.41445E+21,8.69559E+15,4.88826E+16
155096,8.17091E+18,8,2,26,76,2017,9,12,3,3,5,3,0,1,0,0,1,0,0,4.75046E+20,5.46663E+21,8.65641E+15,4.93519E+16
155097,8.17091E+18,8,2,26,84,2017,9,7,3,3,3,5,1,0,0,0,1,0,0,4.69782E+20,5.4698E+21,8.58369E+15,4.93802E+16
155098,8.17091E+18,8,2,22,0,2017,9,11,3,3,0,7,1,0,0,0,0,0,0,4.66381E+20,5.48034E+21,8.53593E+15,4.94748E+16
155099,8.17091E+18,8,2,26,9,2017,9,7,3,3,2,6,0,1,0,0,0,0,0,4.65485E+20,5.47294E+21,8.52422E+15,4.94081E+16
155100,8.17091E+18,8,2,22,0,2017,9,15,3,3,1,6,0,1,0,0,0,0,0,4.65721E+20,5.47686E+21,8.52712E+15,4.94434E+16
155101,8.17091E+18,8,2,22,0,2017,9,10,3,3,0,7,0,0,0,0,1,0,0,4.60534E+20,5.48153E+21,8.45511E+15,4.94851E+16
155102,8.17091E+18,8,2,21,0,2017,9,12,3,3,5,5,1,1,0,0,0,0,0,4.77253E+20,5.47036E+21,8.68658E+15,4.93855E+16
155103,8.17091E+18,8,2,12,0,2017,9,15,3,3,0,7,1,0,0,0,0,0,1,4.56362E+20,5.4255E+21,8.40362E+15,4.89808E+16
155104,8.17091E+18,8,2,12,0,2017,9,12,3,3,5,3,1,1,0,0,0,0,0,4.57489E+20,5.42869E+21,8.41868E+15,4.90097E+16
155105,8.17091E+18,8,2,16,49,2017,9,11,3,2,0,1,1,0,0,0,0,0,0,4.39049E+20,5.40089E+21,8.17068E+15,4.87581E+16
155106,8.17091E+18,8,1,28,115,2017,9,5,3,3,5,3,0,1,0,0,1,2,0,5.48053E+20,5.49787E+21,9.66543E+15,4.96315E+16
155107,8.17091E+18,8,1,26,45,2017,9,8,3,3,5,3,0,1,0,0,0,0,0,5.44569E+20,5.47349E+21,9.61444E+15,4.94124E+16
155108,8.17091E+18,8,1,25,56,2017,9,10,3,2,6,7,0,1,1,0,0,0,0,5.10711E+20,5.4359E+21,9.14666E+15,4.90759E+16
155109,8.17091E+18,8,1,21,0,2017,9,2,3,3,8,7,0,1,0,0,0,2,0,5.15237E+20,5.44584E+21,9.20901E+15,4.91652E+16
155110,8.17091E+18,8,1,25,26,2017,9,18,3,3,5,3,1,1,0,0,0,0,0,4.92771E+20,5.44313E+21,8.90089E+15,4.9141E+16
155111,8.17091E+18,8,1,19,20,2017,9,8,3,3,5,3,1,0,0,0,1,0,0,5.201E+20,5.40655E+21,9.27378E+15,4.88116E+16
155112,8.17091E+18,8,1,18,48,2017,9,8,3,3,2,6,0,1,0,0,0,0,0,5.13461E+20,5.41594E+21,9.18365E+15,4.88963E+16
155113,8.17091E+18,8,1,18,71,2017,9,17,3,3,5,3,0,1,0,0,0,0,0,5.08824E+20,5.41878E+21,9.12045E+15,4.89219E+16
155114,8.17091E+18,8,1,17,24,2017,9,12,3,3,5,2,1,1,0,0,0,0,0,5.61654E+20,5.38608E+21,9.83667E+15,4.86248E+16
155115,8.17091E+18,8,1,16,35,2017,9,7,3,3,5,3,0,1,0,0,0,0,1,5.26809E+20,5.39144E+21,9.36418E+15,4.86754E+16
155116,8.17091E+18,8,1,16,77,2017,9,17,3,3,2,6,0,1,0,0,0,0,0,5.15242E+20,5.38912E+21,9.20697E+15,4.8655E+16
155117,8.17091E+18,8,1,16,19,2017,9,7,3,3,0,7,0,0,0,1,0,0,0,5.2113E+20,5.39985E+21,9.28746E+15,4.87513E+16
155118,8.17091E+18,8,1,16,19,2017,9,13,3,3,5,2,0,1,0,0,0,0,1,5.21972E+20,5.39854E+21,9.29885E+15,4.87395E+16
155119,8.17091E+18,8,1,15,29,2017,9,17,3,3,5,3,0,1,0,0,0,0,0,4.97494E+20,5.39837E+21,8.96591E+15,4.87383E+16
155120,8.17091E+18,8,1,15,3,2017,9,7,3,3,0,3,1,1,0,0,0,0,1,5.00823E+20,5.39101E+21,9.01118E+15,4.86722E+16
155121,8.17091E+18,8,1,15,3,2017,9,18,3,3,5,3,0,1,0,0,0,0,1,5.01349E+20,5.39231E+21,9.01832E+15,4.86838E+16
155122,8.17091E+18,8,1,11,0,2017,9,17,3,3,5,3,1,0,0,0,0,0,0,5.1466E+20,5.40966E+21,9.19979E+15,4.88397E+16
155123,8.17091E+18,8,1,11,0,2017,9,14,3,3,2,6,0,1,0,0,0,0,1,5.1399E+20,5.40447E+21,9.19048E+15,4.87931E+16
155124,8.17091E+18,8,1,11,0,2017,9,15,3,3,2,6,0,1,0,0,0,0,1,5.18268E+20,5.40179E+21,9.24861E+15,4.87689E+16
155125,8.17091E+18,8,1,11,0,2017,9,17,3,2,0,1,0,1,0,1,0,0,0,5.19938E+20,5.40093E+21,9.27129E+15,4.8761E+16
155126,8.17091E+18,8,1,11,0,2017,9,16,3,3,2,6,0,1,0,0,1,0,0,5.11763E+20,5.40953E+21,9.16031E+15,4.88386E+16
155127,8.17091E+18,8,4,26,120,2017,9,18,2,3,6,4,1,0,1,0,0,0,0,5.61844E+20,5.3238E+21,9.8301E+15,4.80645E+16
155128,8.17091E+18,8,4,15,61,2017,9,17,2,3,3,6,0,1,0,0,0,0,0,5.11806E+20,5.37115E+21,9.15979E+15,4.84934E+16
155129,8.17091E+18,8,4,15,61,2017,9,12,2,3,0,1,1,0,0,0,0,0,0,5.13748E+20,5.37101E+21,9.18607E+15,4.84921E+16
155130,8.17091E+18,8,3,35,43,2017,9,11,2,3,1,7,0,1,0,0,1,0,0,5.11752E+20,5.28047E+21,9.15657E+15,4.76775E+16
155131,8.17091E+18,8,3,17,96,2017,9,12,2,3,4,1,0,1,0,0,0,0,0,4.21918E+20,5.37651E+21,7.94224E+15,4.85368E+16
155132,8.17091E+18,8,3,17,96,2017,9,16,2,3,5,3,1,0,0,0,0,0,0,4.22938E+20,5.37111E+21,7.95704E+15,4.84884E+16
155133,8.17091E+18,8,3,17,57,2017,9,16,2,3,3,2,1,0,0,0,0,0,0,4.12091E+20,5.38085E+21,7.80822E+15,4.85746E+16
155134,8.17091E+18,8,3,17,141,2017,9,16,2,2,9,1,0,0,0,0,1,0,0,4.21884E+20,5.37879E+21,7.94135E+15,4.85573E+16
155135,8.17091E+18,8,3,11,0,2017,9,19,2,3,0,1,0,0,0,1,0,1,0,4.14808E+20,5.31949E+21,7.85743E+15,4.8023E+16
155136,8.17091E+18,8,3,11,0,2017,9,11,2,2,9,1,0,0,0,1,0,0,0,4.13269E+20,5.3189E+21,7.83692E+15,4.80175E+16
155137,8.17091E+18,8,3,11,0,2017,9,16,2,3,5,2,1,0,0,1,0,0,0,4.1333E+20,5.31707E+21,7.8381E+15,4.80011E+16
155138,8.17091E+18,8,3,11,0,2017,9,18,2,3,5,2,1,1,0,0,0,0,0,4.15225E+20,5.32033E+21,7.86286E+15,4.80306E+16
155139,8.17091E+18,8,2,12,0,2017,9,12,2,2,5,2,1,0,0,0,1,0,1,4.56369E+20,5.42805E+21,8.40343E+15,4.90038E+16
155140,8.17091E+18,8,2,12,0,2017,9,7,2,3,5,7,1,1,0,0,0,0,0,4.55169E+20,5.43014E+21,8.38679E+15,4.90225E+16
155141,8.17091E+18,8,2,31,0,2017,9,11,2,3,6,4,0,1,1,0,0,0,1,4.75779E+20,5.41529E+21,8.66958E+15,4.88901E+16
155142,8.17091E+18,8,2,31,0,2017,9,14,2,2,5,3,0,1,0,0,0,0,1,4.77485E+20,5.41569E+21,8.69282E+15,4.88938E+16
155143,8.17091E+18,8,2,31,0,2017,9,14,2,3,0,7,0,1,0,0,0,0,1,4.791E+20,5.41521E+21,8.71489E+15,4.88895E+16
155144,8.17091E+18,8,2,26,103,2017,9,15,2,3,1,7,0,1,0,0,0,0,0,4.73886E+20,5.45472E+21,8.64121E+15,4.92447E+16
155145,8.17091E+18,8,2,22,0,2017,9,15,2,3,5,3,0,1,0,0,0,0,1,4.63714E+20,5.48708E+21,8.49851E+15,4.95353E+16
155146,8.17091E+18,8,2,22,0,2017,9,16,2,3,2,6,0,1,0,1,0,0,1,4.64282E+20,5.48415E+21,8.50662E+15,4.95089E+16
155147,8.17091E+18,8,2,21,0,2017,9,17,2,3,4,2,1,1,0,0,0,0,0,4.74723E+20,5.47285E+21,8.65157E+15,4.94078E+16
155148,8.17091E+18,8,2,26,76,2017,9,20,2,2,8,1,0,1,0,0,0,2,0,4.74788E+20,5.46483E+21,8.65296E+15,4.93357E+16
155149,8.17091E+18,8,2,16,43,2017,9,17,2,3,5,3,1,1,0,0,0,0,0,4.41448E+20,5.4123E+21,8.2017E+15,4.88609E+16
155150,8.17091E+18,8,2,15,106,2017,9,15,2,3,5,3,0,1,0,0,0,0,1,4.65128E+20,5.45247E+21,8.52108E+15,4.9224E+16
155151,8.17091E+18,8,2,15,9,2017,9,13,2,3,5,3,0,1,0,0,0,0,1,4.70216E+20,5.44118E+21,8.59179E+15,4.91227E+16
155152,8.17091E+18,8,2,15,17,2017,9,12,2,3,0,1,0,0,0,1,0,0,1,4.56382E+20,5.42202E+21,8.40426E+15,4.89496E+16
155153,8.17091E+18,8,2,12,0,2017,9,7,2,3,0,3,1,0,0,0,1,0,1,4.62595E+20,5.42849E+21,8.48852E+15,4.90082E+16
155154,8.17091E+18,8,1,36,65,2017,9,14,2,3,5,3,1,1,0,0,0,0,1,5.59468E+20,5.40476E+21,9.80969E+15,4.8793E+16
155155,8.17091E+18,8,1,35,25,2017,9,16,2,2,5,1,1,1,0,0,0,0,0,5.78893E+20,5.3979E+21,1.00728E+16,4.87292E+16
155156,8.17091E+18,8,1,35,19,2017,9,13,2,2,2,6,0,1,0,1,0,0,0,5.8474E+20,5.39275E+21,1.01513E+16,4.8682E+16
155157,8.17091E+18,8,1,25,86,2017,9,17,2,2,9,1,0,0,0,1,0,0,0,5.00095E+20,5.44188E+21,9.0013E+15,4.91298E+16
155158,8.17091E+18,8,1,21,0,2017,9,14,2,3,5,3,1,1,0,0,0,0,1,5.15643E+20,5.44633E+21,9.2146E+15,4.91696E+16
155159,8.17091E+18,8,1,21,0,2017,9,23,2,3,6,7,0,1,1,0,0,2,0,5.15926E+20,5.44315E+21,9.21836E+15,4.9141E+16
155160,8.17091E+18,8,1,21,0,2017,9,17,2,3,2,6,0,1,0,0,0,0,0,5.16662E+20,5.44232E+21,9.22842E+15,4.91335E+16
155161,8.17091E+18,8,1,19,41,2017,9,13,2,3,6,2,0,0,1,0,1,0,1,5.26827E+20,5.40923E+21,9.36557E+15,4.88355E+16
155162,8.17091E+18,8,1,19,67,2017,9,11,2,3,2,6,0,1,0,0,0,0,0,5.38602E+20,5.40574E+21,9.5257E+15,4.88034E+16
155163,8.17091E+18,8,1,19,1,2017,9,16,2,2,0,1,1,0,0,0,0,0,1,5.54493E+20,5.40845E+21,9.74246E+15,4.88266E+16
155164,8.17091E+18,8,1,19,44,2017,9,14,2,3,5,3,1,0,0,1,0,0,1,5.4252E+20,5.42552E+21,9.58112E+15,4.89811E+16
155165,8.17091E+18,8,1,18,73,2017,9,18,2,3,0,7,1,0,0,0,0,0,0,4.98983E+20,5.41801E+21,8.98612E+15,4.89151E+16
155166,8.17091E+18,8,1,18,51,2017,9,17,2,3,0,7,1,0,0,0,0,0,0,5.08992E+20,5.41519E+21,9.12267E+15,4.88896E+16
155167,8.17091E+18,8,1,16,49,2017,9,10,2,3,3,6,1,1,0,0,0,0,0,5.24634E+20,5.38613E+21,9.33431E+15,4.86278E+16
155168,8.17091E+18,8,1,16,49,2017,9,10,2,3,5,3,1,1,0,0,0,0,0,5.25777E+20,5.38759E+21,9.34991E+15,4.86408E+16
155169,8.17091E+18,8,1,15,3,2017,9,17,2,3,1,3,1,1,0,0,0,0,0,4.99419E+20,5.3923E+21,8.9921E+15,4.86837E+16
155170,8.17091E+18,8,1,15,3,2017,9,9,2,3,5,2,0,1,0,0,0,0,0,5.00319E+20,5.39229E+21,9.00433E+15,4.86836E+16
155171,8.17091E+18,8,1,15,3,2017,9,9,2,3,5,3,1,1,0,0,0,0,0,4.99422E+20,5.3923E+21,8.99215E+15,4.86837E+16
155172,8.17091E+18,8,1,15,3,2017,9,7,2,3,0,3,0,1,0,1,0,0,0,5.0119E+20,5.39162E+21,9.01616E+15,4.86776E+16
155173,8.17091E+18,8,1,11,0,2017,9,16,2,3,6,4,0,1,1,0,0,0,0,5.12675E+20,5.40879E+21,9.17272E+15,4.88319E+16
155174,8.17091E+18,8,1,11,0,2017,9,9,2,3,5,3,0,1,0,0,0,0,0,5.10439E+20,5.39764E+21,9.14197E+15,4.87317E+16
155175,8.17091E+18,8,1,11,0,2017,9,18,2,3,1,5,1,1,0,0,0,0,0,5.16345E+20,5.40579E+21,9.22261E+15,4.88048E+16
155176,8.17091E+18,8,1,11,0,2017,9,12,2,3,0,7,1,0,0,0,0,0,0,5.12327E+20,5.40234E+21,9.16778E+15,4.87739E+16
155177,8.17091E+18,8,4,37,104,2017,9,17,1,3,0,1,0,0,0,1,0,0,0,5.13857E+20,5.32409E+21,9.18601E+15,4.80699E+16
155178,8.17091E+18,8,3,36,91,2017,9,17,1,3,5,3,0,1,0,1,0,0,0,3.96853E+20,5.27185E+21,7.62802E+15,4.75919E+16
155179,8.17091E+18,8,3,36,84,2017,9,10,1,3,6,7,0,1,1,0,0,0,0,4.05377E+20,5.27767E+21,7.74012E+15,4.76455E+16
155180,8.17091E+18,8,3,17,89,2017,9,12,1,3,6,7,0,1,1,0,0,0,0,4.28523E+20,5.37525E+21,8.03192E+15,4.85263E+16
155181,8.17091E+18,8,3,16,56,2017,9,16,1,3,5,3,0,1,0,0,0,0,0,4.22152E+20,5.32698E+21,7.95455E+15,4.80913E+16
155182,8.17091E+18,8,3,15,50,2017,9,17,1,3,3,1,1,0,0,0,0,0,0,4.00154E+20,5.30179E+21,7.66505E+15,4.78617E+16
155183,8.17091E+18,8,3,15,74,2017,9,14,1,3,3,6,1,0,0,1,0,0,0,3.9449E+20,5.29624E+21,7.5907E+15,4.78108E+16
155184,8.17091E+18,8,3,11,0,2017,9,23,1,2,9,7,1,0,0,0,0,2,0,4.12012E+20,5.31767E+21,7.82031E+15,4.80062E+16
155185,8.17091E+18,8,3,15,98,2017,9,16,1,3,0,1,1,0,0,0,0,0,0,4.07108E+20,5.31236E+21,7.75573E+15,4.79578E+16
155186,8.17091E+18,8,2,15,103,2017,9,18,1,2,5,3,1,1,0,0,0,1,0,4.66491E+20,5.44259E+21,8.54062E+15,4.91353E+16
155187,8.17091E+18,8,2,36,46,2017,9,0,1,3,6,7,0,1,1,0,0,2,0,4.82689E+20,5.41849E+21,8.76371E+15,4.89191E+16
155188,8.17091E+18,8,2,25,58,2017,9,15,1,3,5,3,1,0,0,0,0,0,0,5.08659E+20,5.46566E+21,9.1192E+15,4.93436E+16
155189,8.17091E+18,8,2,22,0,2017,9,4,1,3,1,7,0,1,0,0,0,2,0,4.61049E+20,5.48249E+21,8.46213E+15,4.94938E+16
155190,8.17091E+18,8,2,16,7,2017,9,3,1,3,6,1,0,0,1,1,0,2,0,4.36065E+20,5.39424E+21,8.13113E+15,4.8698E+16
155191,8.17091E+18,8,2,15,7,2017,9,15,1,3,5,3,1,1,0,0,0,0,0,4.76993E+20,5.4314E+21,8.68523E+15,4.9035E+16
155192,8.17091E+18,8,1,15,28,2017,9,19,1,2,1,5,1,0,0,0,1,1,0,5.00046E+20,5.40486E+21,9.00063E+15,4.87967E+16
155193,8.17091E+18,8,1,36,65,2017,9,16,1,3,5,3,0,1,0,0,0,0,0,5.5903E+20,5.40564E+21,9.80386E+15,4.8801E+16
155194,8.17091E+18,8,1,17,38,2017,9,12,1,2,0,7,0,1,0,0,0,0,0,5.47198E+20,5.39789E+21,9.64185E+15,4.87323E+16
155195,8.17091E+18,8,1,17,61,2017,9,6,1,3,5,3,1,1,0,0,0,2,0,5.6319E+20,5.39545E+21,9.85894E+15,4.87089E+16
155196,8.17091E+18,8,1,17,19,2017,9,18,1,3,6,4,0,1,1,0,0,0,0,5.5153E+20,5.39368E+21,9.70023E+15,4.86941E+16
155197,8.17091E+18,8,1,16,33,2017,9,19,1,3,5,3,1,1,0,0,0,1,0,5.31854E+20,5.38909E+21,9.43252E+15,4.86541E+16
155198,8.17091E+18,8,1,16,72,2017,9,12,1,3,5,3,1,1,0,0,0,0,0,5.30479E+20,5.3935E+21,9.41417E+15,4.86938E+16
155199,8.17091E+18,8,1,15,45,2017,9,14,1,3,0,7,0,0,0,0,1,0,0,5.0029E+20,5.39707E+21,9.00394E+15,4.87266E+16
155200,8.17091E+18,8,1,11,0,2017,9,18,1,3,5,3,1,1,0,0,0,0,0,5.19464E+20,5.40165E+21,9.26488E+15,4.87675E+16
155201,8.17091E+18,8,4,26,14,2017,9,13,7,3,5,3,1,1,0,0,0,0,1,5.48987E+20,5.31711E+21,9.65677E+15,4.80054E+16
155202,8.17091E+18,8,4,21,0,2017,9,3,7,3,8,1,0,1,0,0,0,2,0,5.72437E+20,5.36007E+21,9.97846E+15,4.83896E+16
155203,8.17091E+18,8,3,37,125,2017,9,11,7,3,6,7,0,1,1,0,0,0,0,4.47926E+20,5.27108E+21,8.30737E+15,4.7591E+16
155204,8.17091E+18,8,3,35,75,2017,9,19,7,3,5,3,0,1,0,0,0,1,1,4.90301E+20,5.28918E+21,8.87059E+15,4.77559E+16
155205,8.17091E+18,8,3,27,50,2017,9,13,7,3,3,6,0,1,0,0,0,0,1,4.85475E+20,5.31415E+21,8.80536E+15,4.79804E+16
155206,8.17091E+18,8,3,17,57,2017,9,9,7,3,5,3,0,1,0,0,0,0,1,4.13994E+20,5.37929E+21,7.83434E+15,4.85608E+16
155207,8.17091E+18,8,3,11,0,2017,9,17,7,3,0,1,1,0,0,0,0,0,1,4.14074E+20,5.3159E+21,7.84831E+15,4.79906E+16
155208,8.17091E+18,8,2,22,0,2017,9,21,7,3,8,6,0,1,0,1,0,2,1,4.61617E+20,5.48153E+21,8.47006E+15,4.94852E+16
155209,8.17091E+18,8,2,22,0,2017,9,14,7,3,1,5,1,1,0,0,0,0,0,4.61581E+20,5.48194E+21,8.46952E+15,4.94889E+16
155210,8.17091E+18,8,2,21,0,2017,9,20,7,3,3,6,1,1,0,0,0,2,0,4.76437E+20,5.47286E+21,8.67519E+15,4.94079E+16
155211,8.17091E+18,8,2,21,0,2017,9,19,7,3,0,7,0,0,1,0,1,2,1,4.76703E+20,5.47246E+21,8.67887E+15,4.94044E+16
155212,8.17091E+18,8,2,12,0,2017,9,2,7,3,0,1,1,0,0,0,0,2,0,4.5687E+20,5.42812E+21,8.41028E+15,4.90044E+16
155213,8.17091E+18,8,1,36,65,2017,9,10,7,3,1,7,0,1,0,0,0,0,1,5.58658E+20,5.40541E+21,9.79876E+15,4.87989E+16
155214,8.17091E+18,8,1,36,2,2017,9,16,7,3,0,1,1,0,0,0,0,0,1,5.65771E+20,5.41894E+21,9.89778E+15,4.89199E+16
155215,8.17091E+18,8,1,25,56,2017,9,22,7,3,5,3,0,1,0,1,0,2,1,5.09764E+20,5.43524E+21,9.13369E+15,4.90699E+16
155216,8.17091E+18,8,1,21,0,2017,9,16,7,3,3,2,1,1,0,0,0,0,0,5.16058E+20,5.44183E+21,9.22011E+15,4.91291E+16
155217,8.17091E+18,8,1,21,0,2017,9,19,7,3,5,3,0,1,0,0,0,2,1,5.15773E+20,5.44596E+21,9.21637E+15,4.91663E+16
155218,8.17091E+18,8,1,16,49,2017,9,16,7,3,5,3,1,1,0,0,0,0,0,5.25592E+20,5.38492E+21,9.34723E+15,4.86168E+16
155219,8.17091E+18,8,1,16,71,2017,9,10,7,3,5,3,0,1,0,0,0,0,1,5.28358E+20,5.39142E+21,9.38521E+15,4.86752E+16
155220,8.17091E+18,8,1,15,41,2017,9,14,7,3,5,2,0,1,0,0,1,0,0,4.94919E+20,5.40295E+21,8.93083E+15,4.87795E+16
155221,8.17091E+18,8,1,11,0,2017,9,11,7,3,5,3,0,1,0,1,0,0,0,5.11656E+20,5.40926E+21,9.15884E+15,4.88362E+16
155222,8.17091E+18,8,1,11,0,2017,9,23,7,3,0,1,0,1,0,0,0,2,1,5.16269E+20,5.40639E+21,9.22159E+15,4.88103E+16
155223,8.17091E+18,8,4,36,81,2017,9,13,6,3,3,6,1,1,0,0,0,0,0,5.62837E+20,5.28205E+21,9.83735E+15,4.76888E+16
155224,8.17091E+18,8,4,25,33,2017,9,18,6,2,5,3,1,1,0,0,0,0,0,5.54123E+20,5.34748E+21,9.72948E+15,4.82782E+16
155225,8.17091E+18,8,4,21,0,2017,9,15,6,3,5,3,1,1,0,0,0,0,0,5.74275E+20,5.36209E+21,1.00036E+16,4.84076E+16
155226,8.17091E+18,8,4,16,41,2017,9,11,6,3,6,7,0,1,1,0,0,0,0,5.04449E+20,5.37387E+21,9.06025E+15,4.8518E+16
155227,8.17091E+18,8,4,16,36,2017,9,11,6,3,6,4,1,0,1,0,0,0,0,4.94955E+20,5.36899E+21,8.93174E+15,4.8474E+16
155228,8.17091E+18,8,4,15,61,2017,9,23,6,3,8,1,0,1,0,0,0,2,0,5.13337E+20,5.37216E+21,9.18056E+15,4.85024E+16
155229,8.17091E+18,8,3,37,96,2017,9,19,6,2,0,1,1,0,0,0,0,1,0,4.20815E+20,5.26746E+21,7.94748E+15,4.75557E+16
155230,8.17091E+18,8,3,37,96,2017,9,8,6,3,3,2,1,1,0,0,0,0,0,4.19683E+20,5.26707E+21,7.9325E+15,4.75521E+16
155231,8.17091E+18,8,3,35,79,2017,9,13,6,3,2,6,0,1,0,0,0,0,0,5.00155E+20,5.29923E+21,9.00207E+15,4.78464E+16
155232,8.17091E+18,8,3,35,43,2017,9,13,6,3,2,6,0,1,0,0,0,0,0,5.12769E+20,5.27999E+21,9.17011E+15,4.76731E+16
155233,8.17091E+18,8,4,36,39,2017,9,13,6,2,5,3,0,0,0,0,1,0,0,5.50113E+20,5.28663E+21,9.66834E+15,4.77311E+16
155234,8.17091E+18,8,3,27,50,2017,9,14,6,3,2,6,0,1,0,0,0,0,0,4.86563E+20,5.31477E+21,8.81992E+15,4.79861E+16