OBJECTID,UIDENTSTLA,ULAND,UREGBEZ,UKREIS,UGEMEINDE,UJAHR,UMONAT,USTUNDE,UWOCHENTAG,UKATEGORIE,UART,UTYP1,IstRad,IstPKW,IstFuss,IstKrad,IstSonstig,LICHT,STRZUSTAND,LINREFX,LINREFY,XGCSWGS84,YGCSWGS84
155235,8.17091E+18,8,3,26,3,2017,9,13,6,3,5,3,0,1,0,0,0,0,0,4.6498E+20,5.32001E+21,8.53025E+15,4.80324E+16
155236,8.17091E+18,8,3,17,65,2017,9,6,6,3,5,2,1,0,0,1,0,0,0,4.14796E+20,5.355E+21,7.85014E+15,4.83424E+16
155237,8.17091E+18,8,3,17,65,2017,9,17,6,3,3,6,1,0,0,0,1,0,0,4.15744E+20,5.35483E+21,7.86297E+15,4.8341E+16
155238,8.17091E+18,8,3,11,0,2017,9,12,6,3,0,5,1,1,0,0,0,0,0,4.14048E+20,5.31524E+21,7.8481E+15,4.79846E+16
155239,8.17091E+18,8,3,11,0,2017,9,18,6,3,1,6,0,1,0,0,0,0,0,4.10013E+20,5.31646E+21,7.79377E+15,4.79951E+16
155240,8.17091E+18,8,3,11,0,2017,9,20,6,3,0,1,1,0,0,0,0,1,0,4.12935E+20,5.3163E+21,7.83296E+15,4.7994E+16
155241,8.17091E+18,8,2,31,0,2017,9,11,6,2,5,3,0,1,0,0,0,0,0,4.76591E+20,5.41556E+21,8.68064E+15,4.88925E+16
155242,8.17091E+18,8,2,26,96,2017,9,9,6,3,5,3,0,1,0,0,0,0,0,4.75949E+20,5.48964E+21,8.66744E+15,4.95589E+16
155243,8.17091E+18,8,2,15,59,2017,9,10,6,3,5,3,0,1,0,0,0,0,0,4.83026E+20,5.43681E+21,8.76754E+15,4.90839E+16
155244,8.17091E+18,8,2,12,0,2017,9,18,6,2,8,1,0,0,0,1,0,0,0,4.62654E+20,5.42834E+21,8.48934E+15,4.90069E+16
155245,8.17091E+18,8,2,16,7,2017,9,20,6,3,0,5,1,1,0,0,0,2,0,4.36343E+20,5.39463E+21,8.13483E+15,4.87015E+16
155246,8.17091E+18,8,1,35,25,2017,9,12,6,3,0,3,1,1,0,0,0,0,0,5.81699E+20,5.39936E+21,1.01113E+16,4.87419E+16
155247,8.17091E+18,8,1,28,7,2017,9,13,6,3,1,1,1,1,0,0,0,0,0,5.55532E+20,5.48171E+21,9.76672E+15,4.94855E+16
155248,8.17092E+18,8,2,15,109,2017,9,18,6,3,5,3,1,0,0,0,0,1,0,4.64122E+20,5.4407E+21,8.50831E+15,4.91181E+16
155249,8.17092E+18,8,2,15,90,2017,9,15,6,3,5,3,1,1,0,0,0,0,0,4.65434E+20,5.43351E+21,8.52691E+15,4.90535E+16
155250,8.17092E+18,8,2,12,0,2017,9,16,6,3,0,5,0,1,0,1,0,0,0,4.60518E+20,5.42763E+21,8.4602E+15,4.90003E+16
155251,8.17092E+18,8,1,36,88,2017,9,17,6,3,5,3,1,1,0,0,0,0,0,5.79054E+20,5.40933E+21,1.00772E+16,4.88319E+16
155252,8.17092E+18,8,1,36,45,2017,9,17,6,2,0,1,0,0,0,1,0,0,0,5.99195E+20,5.40305E+21,1.03501E+16,4.87726E+16
155253,8.17092E+18,8,1,35,16,2017,9,21,6,2,0,1,1,0,0,0,0,2,0,5.91384E+20,5.38695E+21,1.02402E+16,4.8629E+16
155254,8.17092E+18,8,1,25,59,2017,9,12,6,1,0,7,0,0,0,0,1,0,0,5.26575E+20,5.44001E+21,9.36415E+15,4.91124E+16
155255,8.17092E+18,8,1,21,0,2017,9,18,6,2,0,2,0,1,0,0,1,0,0,5.16268E+20,5.44353E+21,9.22306E+15,4.91444E+16
155256,8.17092E+18,8,1,19,79,2017,9,17,6,3,2,6,0,1,0,0,0,0,0,5.23204E+20,5.4086E+21,9.31616E+15,4.88299E+16
155257,8.17092E+18,8,1,19,79,2017,9,19,6,2,8,1,1,0,0,0,0,1,0,5.25789E+20,5.40787E+21,9.35135E+15,4.88232E+16
155258,8.17092E+18,8,1,19,20,2017,9,16,6,2,5,2,1,1,0,0,0,0,1,5.20171E+20,5.40675E+21,9.27475E+15,4.88134E+16
155259,8.17092E+18,8,1,36,44,2017,9,9,6,2,5,3,1,1,0,0,0,0,0,5.5816E+20,5.40788E+21,9.79233E+15,4.88212E+16
155260,8.17092E+18,8,1,19,79,2017,9,12,6,2,6,4,0,1,1,0,0,0,0,5.22614E+20,5.40809E+21,9.3081E+15,4.88254E+16
155261,8.17092E+18,8,1,18,73,2017,9,17,6,3,6,4,0,1,1,0,0,0,0,4.97008E+20,5.42143E+21,8.95914E+15,4.89458E+16
155262,8.17092E+18,8,1,18,48,2017,9,14,6,3,0,3,0,1,0,1,0,0,0,5.14959E+20,5.41592E+21,9.2041E+15,4.8896E+16
155263,8.17092E+18,8,1,18,11,2017,9,16,6,3,5,3,0,1,0,1,0,0,0,5.05039E+20,5.40777E+21,9.06865E+15,4.88229E+16
155264,8.17092E+18,8,1,18,80,2017,9,11,6,3,1,5,1,1,0,0,0,0,0,5.08942E+20,5.4086E+21,9.12185E+15,4.88303E+16
155265,8.17092E+18,8,1,18,74,2017,9,14,6,2,8,1,1,1,0,0,0,0,0,5.10786E+20,5.4285E+21,9.14749E+15,4.90093E+16
155266,8.17092E+18,8,1,17,14,2017,9,8,6,3,5,3,0,1,0,0,0,0,0,5.53747E+20,5.38304E+21,9.72898E+15,4.85982E+16
155267,8.17092E+18,8,1,16,56,2017,9,16,6,3,5,2,0,1,0,1,0,0,0,5.30496E+20,5.39561E+21,9.41456E+15,4.87128E+16
155268,8.17092E+18,8,1,15,28,2017,9,11,6,3,0,7,0,1,0,0,0,0,0,5.01073E+20,5.40408E+21,9.01461E+15,4.87898E+16
155269,8.17092E+18,8,1,11,0,2017,9,12,6,3,5,2,1,1,0,0,0,0,0,5.1632E+20,5.40533E+21,9.22224E+15,4.88008E+16
155270,8.17092E+18,8,4,35,16,2017,9,16,5,3,0,2,1,1,0,0,0,0,0,5.35185E+20,5.27825E+21,9.46858E+15,4.76567E+16
155271,8.17092E+18,8,4,35,16,2017,9,18,5,3,9,1,1,0,0,0,0,0,0,5.37659E+20,5.27779E+21,9.50149E+15,4.76524E+16
155272,8.17092E+18,8,4,26,21,2017,9,13,5,3,6,4,0,1,1,0,0,0,0,5.58887E+20,5.32736E+21,9.7909E+15,4.80968E+16
155273,8.17092E+18,8,4,16,36,2017,9,14,5,3,6,6,1,0,1,0,0,0,0,4.95832E+20,5.36898E+21,8.9436E+15,4.8474E+16
155274,8.17092E+18,8,4,15,73,2017,9,5,5,2,5,2,1,1,0,0,0,2,0,5.17685E+20,5.35052E+21,9.2385E+15,4.83076E+16
155275,8.17092E+18,8,4,15,59,2017,9,21,5,3,5,3,0,1,0,0,0,2,0,5.16741E+20,5.36845E+21,9.22649E+15,4.8469E+16
155276,8.17092E+18,8,4,15,61,2017,9,15,5,3,0,7,1,0,0,0,0,0,0,5.1699E+20,5.37038E+21,9.22993E+15,4.84863E+16
155277,8.17092E+18,8,3,35,75,2017,9,15,5,3,2,6,0,1,0,0,1,0,0,4.86488E+20,5.289E+21,8.81972E+15,4.77542E+16
155278,8.17092E+18,8,3,35,75,2017,9,14,5,3,2,2,0,1,0,0,0,0,0,4.88695E+20,5.28987E+21,8.84914E+15,4.77621E+16
155279,8.17092E+18,8,3,35,43,2017,9,18,5,3,0,1,1,0,0,0,0,1,0,5.12804E+20,5.27871E+21,9.17054E+15,4.76616E+16
155280,8.17092E+18,8,3,17,96,2017,9,16,5,3,0,7,1,0,0,0,0,0,0,4.22342E+20,5.36799E+21,7.94956E+15,4.84603E+16
155281,8.17092E+18,8,3,17,152,2017,9,7,5,3,0,7,0,1,0,1,0,0,1,4.07747E+20,5.35027E+21,7.75607E+15,4.82989E+16
155282,8.17092E+18,8,3,11,0,2017,9,17,5,3,2,6,0,1,0,0,1,0,0,4.13737E+20,5.32055E+21,7.84286E+15,4.80324E+16
155283,8.17092E+18,8,3,16,17,2017,9,15,5,2,5,3,0,1,0,1,0,0,0,4.07493E+20,5.34188E+21,7.75449E+15,4.82234E+16
155284,8.17092E+18,8,3,16,43,2017,9,16,5,3,5,3,1,1,0,0,0,0,0,4.09398E+20,5.32871E+21,7.78294E+15,4.81052E+16
155285,8.17092E+18,8,3,11,0,2017,9,13,5,3,5,3,0,1,0,0,0,0,0,4.14747E+20,5.31729E+21,7.85705E+15,4.80032E+16
155286,8.17092E+18,8,3,36,50,2017,9,8,5,2,5,3,1,1,0,0,0,0,0,3.99242E+20,5.27262E+21,7.65961E+15,4.75992E+16
155287,8.17092E+18,8,2,15,105,2017,9,23,5,2,9,1,0,0,0,1,0,2,0,4.57215E+20,5.4418E+21,8.41354E+15,4.91275E+16
155288,8.17092E+18,8,2,15,100,2017,9,9,5,2,5,3,1,0,0,0,0,0,0,4.75514E+20,5.45188E+21,8.66375E+15,4.92192E+16
155289,8.17092E+18,8,2,12,0,2017,9,10,5,2,0,7,0,0,0,0,1,0,0,4.54083E+20,5.42886E+21,8.37209E+15,4.90109E+16
155290,8.17092E+18,8,2,12,0,2017,9,16,5,3,6,4,0,1,1,0,0,0,0,4.61843E+20,5.4276E+21,8.47832E+15,4.90001E+16
155291,8.17092E+18,8,2,31,0,2017,9,17,5,2,2,6,0,1,0,1,0,0,0,4.77229E+20,5.41544E+21,8.68935E+15,4.88915E+16
155292,8.17092E+18,8,2,26,84,2017,9,17,5,3,4,1,1,1,0,0,0,0,0,4.68657E+20,5.47092E+21,8.5681E+15,4.93902E+16
155293,8.17092E+18,8,2,26,84,2017,9,16,5,3,1,6,0,1,0,0,0,0,0,4.67382E+20,5.46776E+21,8.55079E+15,4.93616E+16
155294,8.17092E+18,8,2,26,84,2017,9,7,5,3,1,5,1,1,0,0,0,1,0,4.6931E+20,5.47062E+21,8.57712E+15,4.93875E+16
155295,8.17092E+18,8,2,22,0,2017,9,16,5,3,2,1,1,1,0,0,0,0,0,4.6212E+20,5.48125E+21,8.47704E+15,4.94827E+16
155296,8.17092E+18,8,2,22,0,2017,9,15,5,3,3,6,0,1,0,1,0,0,0,4.64303E+20,5.48376E+21,8.50695E+15,4.95054E+16
155297,8.17092E+18,8,2,21,0,2017,9,10,5,3,4,2,1,1,0,0,0,0,0,4.75659E+20,5.47259E+21,8.66448E+15,4.94055E+16
155298,8.17092E+18,8,2,21,0,2017,9,12,5,3,3,6,0,1,0,0,1,0,0,4.77042E+20,5.47189E+21,8.68358E+15,4.93992E+16
155299,8.17092E+18,8,2,15,106,2017,9,11,5,3,0,3,1,1,0,0,0,0,0,4.6547E+20,5.45219E+21,8.5258E+15,4.92215E+16
155300,8.17092E+18,8,2,15,7,2017,9,20,5,3,5,3,0,1,0,0,0,2,0,4.78777E+20,5.43083E+21,8.70967E+15,4.903E+16
155301,8.17092E+18,8,1,21,0,2017,9,15,5,3,6,1,0,0,1,0,1,0,0,5.13655E+20,5.44455E+21,9.18726E+15,4.91536E+16
155302,8.17092E+18,8,1,21,0,2017,9,15,5,3,3,2,0,1,0,0,0,0,0,5.16006E+20,5.44276E+21,9.21944E+15,4.91375E+16
155303,8.17092E+18,8,1,19,67,2017,9,13,5,3,9,1,1,0,0,0,0,0,0,5.38588E+20,5.40673E+21,9.52561E+15,4.88124E+16
155304,8.17092E+18,8,1,19,8,2017,9,12,5,3,6,3,0,0,1,0,1,0,0,5.3171E+20,5.42134E+21,9.43305E+15,4.89442E+16
155305,8.17092E+18,8,1,19,91,2017,9,7,5,2,3,6,1,0,0,0,0,0,0,5.28047E+20,5.40593E+21,9.38197E+15,4.88057E+16
155306,8.17092E+18,8,1,19,8,2017,9,10,5,2,6,4,0,0,1,0,1,0,0,5.31889E+20,5.42159E+21,9.43552E+15,4.89464E+16
155307,8.17092E+18,8,1,18,73,2017,9,16,5,3,5,3,1,1,0,0,0,0,0,4.93643E+20,5.42025E+21,8.9132E+15,4.89352E+16
155308,8.17092E+18,8,1,18,73,2017,9,17,5,3,5,3,1,1,0,0,0,0,0,4.97929E+20,5.41905E+21,8.97173E+15,4.89244E+16
155309,8.17092E+18,8,1,18,3,2017,9,13,5,3,5,3,1,1,0,0,0,0,0,5.09751E+20,5.4163E+21,9.13305E+15,4.88996E+16
155310,8.17092E+18,8,1,16,49,2017,9,18,5,3,4,6,0,1,0,1,0,0,0,5.24079E+20,5.38676E+21,9.32681E+15,4.86334E+16
155311,8.17092E+18,8,1,16,80,2017,9,17,5,3,3,6,1,0,0,0,1,0,0,5.18352E+20,5.39556E+21,9.24947E+15,4.87128E+16
155312,8.17092E+18,8,1,16,78,2017,9,17,5,3,5,2,1,1,0,0,0,0,0,5.1232E+20,5.3934E+21,9.16742E+15,4.86935E+16
155313,8.17092E+18,8,1,16,19,2017,9,11,5,3,2,6,0,1,0,0,0,0,0,5.23271E+20,5.39789E+21,9.31647E+15,4.87336E+16
155314,8.17092E+18,8,1,16,19,2017,9,20,5,3,0,7,0,1,0,0,1,2,0,5.21814E+20,5.39786E+21,9.29665E+15,4.87333E+16
155315,8.17092E+18,8,1,16,80,2017,9,17,5,3,6,4,0,1,1,0,0,0,0,5.16916E+20,5.3961E+21,9.22998E+15,4.87177E+16
155316,8.17092E+18,8,1,15,29,2017,9,17,5,3,5,3,0,1,0,1,0,0,0,4.96284E+20,5.39909E+21,8.94945E+15,4.87448E+16
155317,8.17092E+18,8,1,15,28,2017,9,16,5,2,5,3,0,1,0,0,0,0,0,5.01396E+20,5.40355E+21,9.019E+15,4.87849E+16
155318,8.17092E+18,8,1,11,0,2017,9,15,5,3,2,6,0,1,0,0,0,0,0,5.17252E+20,5.40401E+21,9.23487E+15,4.87888E+16
155319,8.17092E+18,8,1,11,0,2017,9,7,5,3,6,2,0,1,1,0,0,0,0,5.11411E+20,5.40652E+21,9.15542E+15,4.88116E+16
155320,8.17092E+18,8,1,11,0,2017,9,14,5,2,0,1,0,0,0,1,0,0,0,5.11693E+20,5.40113E+21,9.15911E+15,4.87631E+16
155321,8.17092E+18,8,1,11,0,2017,9,8,5,3,5,3,1,1,0,0,0,0,0,5.13959E+20,5.4034E+21,9.19002E+15,4.87835E+16
155322,8.17092E+18,8,1,11,0,2017,9,8,5,2,5,2,1,0,0,0,0,0,0,5.1317E+20,5.40296E+21,9.17928E+15,4.87795E+16
155323,8.17092E+18,8,4,15,61,2017,9,17,4,3,5,3,1,1,0,0,0,0,1,5.17539E+20,5.37351E+21,9.23749E+15,4.85144E+16
155324,8.17092E+18,8,4,15,61,2017,9,16,4,3,1,6,0,1,0,0,0,0,0,5.15856E+20,5.37253E+21,9.21466E+15,4.85057E+16
155325,8.17092E+18,8,3,36,105,2017,9,6,4,3,0,7,1,0,0,0,1,2,0,3.99213E+20,5.26723E+21,7.66047E+15,4.75507E+16
155326,8.17092E+18,8,3,35,75,2017,9,7,4,3,5,3,1,1,0,0,0,0,0,4.88871E+20,5.28854E+21,8.85152E+15,4.77502E+16
155327,8.17092E+18,8,3,26,74,2017,9,6,4,3,4,6,0,1,0,0,0,2,0,4.58777E+20,5.32456E+21,8.4466E+15,4.8073E+16
155328,8.17092E+18,8,3,17,40,2017,9,16,4,3,0,3,1,1,0,0,0,0,0,4.31712E+20,5.34766E+21,8.07958E+15,4.82784E+16
155329,8.17092E+18,8,3,16,56,2017,9,13,4,3,2,6,0,1,0,0,0,0,0,4.22386E+20,5.3272E+21,7.95765E+15,4.80934E+16
155330,8.17092E+18,8,3,16,11,2017,9,14,4,3,1,7,1,0,0,0,0,0,0,4.15412E+20,5.32879E+21,7.86369E+15,4.81068E+16
155331,8.17092E+18,8,3,11,0,2017,9,18,4,2,0,1,1,0,0,0,0,0,0,4.12364E+20,5.31901E+21,7.82476E+15,4.80184E+16
155332,8.17092E+18,8,3,15,47,2017,9,16,4,3,1,3,0,1,0,1,0,0,0,4.15805E+20,5.32198E+21,7.87031E+15,4.80455E+16
155333,8.17092E+18,8,2,12,0,2017,9,16,4,2,5,3,1,0,0,0,0,0,0,4.56121E+20,5.42808E+21,8.40003E+15,4.90041E+16
155334,8.17092E+18,8,2,12,0,2017,9,17,4,3,5,2,1,1,0,0,0,0,0,4.57838E+20,5.42889E+21,8.42343E+15,4.90115E+16
155335,8.17092E+18,8,2,31,0,2017,9,18,4,3,2,6,0,1,0,0,0,0,0,4.77919E+20,5.41529E+21,8.69878E+15,4.88902E+16
155336,8.17092E+18,8,2,25,116,2017,9,6,4,3,4,2,1,1,0,0,0,1,0,4.98868E+20,5.46958E+21,8.98441E+15,4.93789E+16
155337,8.17092E+18,8,2,22,0,2017,9,17,4,3,5,3,1,1,0,0,0,0,0,4.63905E+20,5.48365E+21,8.50145E+15,4.95044E+16
155338,8.17092E+18,8,2,22,0,2017,9,7,4,3,5,3,1,1,0,0,0,0,0,4.62451E+20,5.47851E+21,8.48187E+15,4.94581E+16
155339,8.17092E+18,8,2,22,0,2017,9,11,4,3,3,3,1,1,0,0,0,0,0,4.62209E+20,5.47876E+21,8.4785E+15,4.94603E+16
155340,8.17092E+18,8,2,21,0,2017,9,18,4,3,6,6,0,1,1,0,0,0,0,4.74524E+20,5.47161E+21,8.6489E+15,4.93966E+16
155341,8.17092E+18,8,2,12,0,2017,9,8,4,3,5,3,1,1,0,0,0,0,0,4.54076E+20,5.42569E+21,8.37235E+15,4.89824E+16
155342,8.17092E+18,8,1,36,65,2017,9,16,4,3,2,6,0,1,0,0,0,0,0,5.58846E+20,5.40527E+21,9.8013E+15,4.87976E+16
155343,8.17092E+18,8,1,36,44,2017,9,12,4,3,5,3,1,1,0,0,0,0,0,5.57752E+20,5.4078E+21,9.78677E+15,4.88205E+16
155344,8.17092E+18,8,1,36,88,2017,9,15,4,3,4,6,0,1,0,1,0,0,0,5.81145E+20,5.40949E+21,1.01057E+16,4.8833E+16
155345,8.17092E+18,8,1,28,7,2017,9,13,4,3,6,4,0,1,1,0,0,0,0,5.56405E+20,5.4821E+21,9.77882E+15,4.9489E+16
155346,8.17092E+18,8,1,18,73,2017,9,18,4,3,5,3,1,0,0,0,1,0,0,4.99171E+20,5.41847E+21,8.98869E+15,4.89191E+16
155347,8.17092E+18,8,1,18,70,2017,9,18,4,3,2,6,0,1,0,0,0,0,0,5.19884E+20,5.42411E+21,9.27169E+15,4.89696E+16
155348,8.17092E+18,8,1,18,48,2017,9,15,4,3,5,3,1,1,0,0,0,0,0,5.1259E+20,5.41673E+21,9.1718E+15,4.89034E+16
155349,8.17092E+18,8,1,18,48,2017,9,10,4,3,5,2,1,1,0,0,0,0,0,5.13817E+20,5.4156E+21,9.1885E+15,4.88932E+16
155350,8.17092E+18,8,1,17,26,2017,9,14,4,3,3,7,0,1,0,1,0,0,0,5.48466E+20,5.39456E+21,9.65871E+15,4.87022E+16
155351,8.17092E+18,8,1,16,19,2017,9,14,4,2,5,3,1,1,0,0,0,0,0,5.21851E+20,5.39869E+21,9.2972E+15,4.87408E+16
155352,8.17092E+18,8,1,16,19,2017,9,15,4,3,6,4,0,1,1,0,0,0,0,5.23208E+20,5.39868E+21,9.31567E+15,4.87407E+16
155353,8.17092E+18,8,1,15,41,2017,9,19,4,3,5,3,0,1,0,0,0,1,0,4.95364E+20,5.40164E+21,8.9369E+15,4.87677E+16
155354,8.17092E+18,8,1,11,0,2017,9,17,4,3,5,3,1,1,0,0,0,0,0,5.13392E+20,5.40622E+21,9.1824E+15,4.88088E+16
155355,8.17092E+18,8,4,35,16,2017,9,7,3,3,1,7,0,1,0,0,0,0,0,5.37924E+20,5.27823E+21,9.50505E+15,4.76563E+16
155356,8.17092E+18,8,4,16,41,2017,9,8,3,3,1,6,1,1,0,0,0,0,0,5.0609E+20,5.37433E+21,9.08248E+15,4.8522E+16
155357,8.17092E+18,8,4,15,60,2017,9,17,3,3,0,7,1,0,0,0,0,0,0,5.13179E+20,5.38041E+21,9.17867E+15,4.85766E+16
155358,8.17092E+18,8,3,37,96,2017,9,13,3,2,6,4,0,1,1,0,0,0,0,4.20646E+20,5.2666E+21,7.94539E+15,4.75479E+16
155359,8.17092E+18,8,3,26,74,2017,9,17,3,3,0,6,0,1,0,1,0,0,1,4.6504E+20,5.324E+21,8.53072E+15,4.80683E+16
155360,8.17092E+18,8,3,25,49,2017,9,16,3,3,6,4,0,1,1,0,0,0,0,4.72644E+20,5.33437E+21,8.63212E+15,4.81619E+16
155361,8.17092E+18,8,3,25,57,2017,9,11,3,3,6,7,0,1,1,0,0,0,0,4.72399E+20,5.35655E+21,8.62738E+15,4.83615E+16
155362,8.17092E+18,8,3,17,57,2017,9,10,3,3,5,3,0,1,0,0,0,0,1,4.12704E+20,5.38119E+21,7.81646E+15,4.85777E+16
155363,8.17092E+18,8,3,17,26,2017,9,16,3,2,5,3,1,0,0,0,1,0,0,4.15001E+20,5.34426E+21,7.85507E+15,4.82459E+16
155364,8.17092E+18,8,3,11,0,2017,9,19,3,3,5,3,1,1,0,0,0,2,1,4.13789E+20,5.31626E+21,7.84442E+15,4.79938E+16
155365,8.17092E+18,8,3,15,30,2017,9,9,3,3,5,3,0,1,0,0,0,0,1,4.06778E+20,5.32751E+21,7.74802E+15,4.8094E+16
155366,8.17092E+18,8,3,11,0,2017,9,8,3,3,2,6,0,1,0,0,0,0,1,4.14153E+20,5.32076E+21,7.8484E+15,4.80344E+16
155367,8.17092E+18,8,3,11,0,2017,9,17,3,3,0,7,1,1,0,0,0,0,0,4.10378E+20,5.31473E+21,7.79903E+15,4.79796E+16
155368,8.17092E+18,8,2,12,0,2017,9,18,3,3,3,6,1,1,0,0,0,0,1,4.55013E+20,5.42958E+21,8.38473E+15,4.90175E+16
155369,8.17092E+18,8,2,35,79,2017,9,15,3,3,3,6,1,1,0,0,0,0,0,4.66546E+20,5.3935E+21,8.54539E+15,4.86936E+16
155370,8.17092E+18,8,2,26,96,2017,9,12,3,3,3,6,0,1,0,0,0,0,0,4.76029E+20,5.4888E+21,8.66859E+15,4.95513E+16
155371,8.17092E+18,8,2,26,37,2017,9,18,3,3,2,6,0,1,1,0,0,0,0,4.66661E+20,5.46866E+21,8.54079E+15,4.93697E+16
155372,8.17092E+18,8,2,25,14,2017,9,11,3,3,0,7,0,1,1,0,0,0,0,5.22803E+20,5.48524E+21,9.31505E+15,4.95193E+16
155373,8.17092E+18,8,2,22,0,2017,9,20,3,3,1,7,1,1,0,0,0,0,0,4.62661E+20,5.48072E+21,8.48455E+15,4.9478E+16
155374,8.17092E+18,8,2,22,0,2017,9,16,3,3,1,6,0,1,0,0,0,0,1,4.61687E+20,5.48415E+21,8.47078E+15,4.95088E+16
155375,8.17092E+18,8,2,26,105,2017,9,7,3,3,2,6,0,1,0,0,0,0,0,4.71391E+20,5.47761E+21,8.60529E+15,4.94505E+16
155376,8.17092E+18,8,2,21,0,2017,9,8,3,3,5,5,1,1,0,0,0,0,1,4.746E+20,5.474E+21,8.6498E+15,4.94181E+16
155377,8.17092E+18,8,2,16,33,2017,9,18,3,3,4,6,0,1,0,0,0,1,1,4.47659E+20,5.41444E+21,8.2861E+15,4.88807E+16
155378,8.17092E+18,8,2,16,43,2017,9,17,3,3,2,6,0,1,0,0,0,0,0,4.43784E+20,5.41147E+21,8.23366E+15,4.88536E+16
155379,8.17092E+18,8,2,15,9,2017,9,16,3,3,4,6,1,0,0,0,0,0,0,4.6991E+20,5.44219E+21,8.58752E+15,4.91318E+16
155380,8.17092E+18,8,2,12,0,2017,9,16,3,3,5,2,1,1,0,0,0,0,0,4.52325E+20,5.42934E+21,8.34799E+15,4.90151E+16
155381,8.17092E+18,8,2,12,0,2017,9,18,3,2,0,1,1,0,0,0,0,0,1,4.56868E+20,5.42812E+21,8.41025E+15,4.90044E+16
155382,8.17092E+18,8,2,12,0,2017,9,13,3,3,1,5,1,1,0,0,0,0,1,4.56797E+20,5.42811E+21,8.40928E+15,4.90043E+16
155383,8.17092E+18,8,2,16,43,2017,9,12,3,3,5,3,1,1,0,0,0,0,1,4.41385E+20,5.41202E+21,8.20087E+15,4.88584E+16
155384,8.17092E+18,8,1,35,19,2017,9,16,3,3,5,3,1,1,0,0,0,1,0,5.84276E+20,5.39239E+21,1.01449E+16,4.86789E+16
155385,8.17092E+18,8,1,28,115,2017,9,6,3,3,5,2,0,1,0,0,0,0,0,5.47289E+20,5.49781E+21,9.65485E+15,4.9631E+16
155386,8.17092E+18,8,1,28,7,2017,9,8,3,3,0,1,0,0,0,1,0,0,0,5.5585E+20,5.48283E+21,9.77126E+15,4.94955E+16
155387,8.17092E+18,8,1,27,46,2017,9,15,3,2,6,4,0,0,1,1,0,0,0,5.71691E+20,5.4497E+21,9.98403E+15,4.91959E+16
155388,8.17092E+18,8,1,21,0,2017,9,8,3,3,5,3,0,1,0,0,0,0,1,5.16499E+20,5.4444E+21,9.22626E+15,4.91522E+16
155389,8.17092E+18,8,1,25,65,2017,9,7,3,3,5,3,0,1,0,0,0,0,0,5.14487E+20,5.44883E+21,9.19883E+15,4.91921E+16
155390,8.17092E+18,8,1,25,38,2017,9,13,3,3,5,3,0,1,0,0,0,0,1,5.00469E+20,5.43446E+21,9.00642E+15,4.9063E+16
155391,8.17092E+18,8,1,21,0,2017,9,7,3,3,5,3,1,0,0,0,1,1,1,5.16723E+20,5.44225E+21,9.22925E+15,4.91329E+16
155392,8.17092E+18,8,1,19,67,2017,9,15,3,3,0,1,0,0,0,1,0,0,1,5.40749E+20,5.40885E+21,9.55525E+15,4.88313E+16
155393,8.17092E+18,8,1,16,19,2017,9,13,3,2,2,6,0,1,0,0,1,0,0,5.23571E+20,5.39774E+21,9.32055E+15,4.87323E+16
155394,8.17092E+18,8,1,16,77,2017,9,12,3,3,5,3,1,0,0,1,0,0,1,5.16319E+20,5.39167E+21,9.22168E+15,4.86778E+16
155395,8.17092E+18,8,1,15,3,2017,9,8,3,3,3,6,1,1,0,0,0,0,1,5.00219E+20,5.39277E+21,9.00298E+15,4.8688E+16
155396,8.17092E+18,8,1,15,3,2017,9,21,3,3,5,3,0,1,0,0,0,2,0,4.99024E+20,5.39245E+21,8.98674E+15,4.86851E+16
155397,8.17092E+18,8,1,11,0,2017,9,9,3,3,2,6,0,1,0,0,0,0,1,5.14683E+20,5.40302E+21,9.19987E+15,4.878E+16
155398,8.17092E+18,8,4,26,14,2017,9,13,2,3,1,6,0,1,0,0,1,0,1,5.48986E+20,5.31712E+21,9.65676E+15,4.80055E+16
155399,8.17092E+18,8,4,21,0,2017,9,17,2,3,3,6,0,1,0,0,1,0,0,5.72415E+20,5.36055E+21,9.97824E+15,4.8394E+16
155400,8.17092E+18,8,4,17,2,2017,9,16,2,3,5,3,1,1,0,0,0,0,0,4.89229E+20,5.34739E+21,8.85482E+15,4.82797E+16
155401,8.17092E+18,8,4,15,50,2017,9,20,2,3,0,2,0,0,0,1,1,2,0,5.22803E+20,5.3745E+21,9.30882E+15,4.85232E+16
155402,8.17092E+18,8,3,37,126,2017,9,9,2,3,2,6,0,1,0,0,0,0,1,4.45089E+20,5.2757E+21,8.26906E+15,4.76324E+16
155403,8.17092E+18,8,3,36,91,2017,9,15,2,3,4,6,0,1,0,0,0,0,0,3.96734E+20,5.27207E+21,7.62639E+15,4.75939E+16
155404,8.17092E+18,8,3,35,43,2017,9,11,2,3,0,6,0,0,0,1,1,0,0,5.1336E+20,5.27915E+21,9.17795E+15,4.76656E+16
155405,8.17092E+18,8,3,35,43,2017,9,9,2,3,1,3,0,1,0,0,1,0,0,5.14659E+20,5.27993E+21,9.19529E+15,4.76726E+16
155406,8.17092E+18,8,3,35,43,2017,9,13,2,2,5,3,0,1,0,1,1,0,0,5.13273E+20,5.27969E+21,9.17681E+15,4.76705E+16
155407,8.17092E+18,8,3,27,54,2017,9,15,2,3,5,3,1,0,0,0,1,0,0,4.83457E+20,5.31626E+21,8.77823E+15,4.79994E+16