OBJECTID,UIDENTSTLA,ULAND,UREGBEZ,UKREIS,UGEMEINDE,UJAHR,UMONAT,USTUNDE,UWOCHENTAG,UKATEGORIE,UART,UTYP1,IstRad,IstPKW,IstFuss,IstKrad,IstSonstig,LICHT,STRZUSTAND,LINREFX,LINREFY,XGCSWGS84,YGCSWGS84
155408,8.17092E+18,8,3,17,31,2017,9,11,2,3,5,2,1,1,0,0,0,0,0,4.18701E+20,5.36096E+21,7.90168E+15,4.83966E+16
155409,8.17092E+18,8,3,17,65,2017,9,13,2,3,1,5,0,1,0,1,0,0,0,4.13766E+20,5.35479E+21,7.8363E+15,4.83404E+16
155410,8.17092E+18,8,3,17,73,2017,9,6,2,3,5,3,1,1,0,0,0,2,1,4.10617E+20,5.34787E+21,7.79527E+15,4.82777E+16
155411,8.17092E+18,8,3,17,96,2017,9,23,2,2,0,7,0,1,0,0,0,2,0,4.22703E+20,5.36859E+21,7.95434E+15,4.84657E+16
155412,8.17092E+18,8,3,16,17,2017,9,18,2,3,0,1,1,0,0,0,0,0,0,4.09271E+20,5.34143E+21,7.77852E+15,4.82196E+16
155413,8.17092E+18,8,3,16,43,2017,9,15,2,3,5,3,0,1,0,0,0,0,0,4.11582E+20,5.33122E+21,7.81175E+15,4.81281E+16
155414,8.17092E+18,8,3,15,6,2017,9,21,2,3,1,1,0,1,0,0,0,2,0,4.0337E+20,5.30837E+21,7.70657E+15,4.79214E+16
155415,8.17092E+18,8,3,11,0,2017,9,20,2,3,5,2,0,1,0,1,0,2,0,4.14952E+20,5.3169E+21,7.85988E+15,4.79997E+16
155416,8.17092E+18,8,2,12,0,2017,9,7,2,3,5,3,0,1,0,1,0,0,0,4.5999E+20,5.4248E+21,8.45326E+15,4.89748E+16
155417,8.17092E+18,8,2,12,0,2017,9,22,2,3,1,6,0,1,0,1,0,2,0,4.54345E+20,5.42885E+21,8.37567E+15,4.90108E+16
155418,8.17092E+18,8,2,31,0,2017,9,16,2,3,5,3,0,1,0,1,0,0,0,4.77476E+20,5.41624E+21,8.69268E+15,4.88987E+16
155419,8.17092E+18,8,2,22,0,2017,9,9,2,3,5,2,1,1,0,0,0,0,0,4.64223E+20,5.48389E+21,8.50583E+15,4.95066E+16
155420,8.17092E+18,8,2,26,32,2017,9,15,2,2,6,3,0,1,1,0,0,0,0,4.66426E+20,5.4641E+21,8.53793E+15,4.93287E+16
155421,8.17092E+18,8,2,21,0,2017,9,8,2,3,1,5,1,1,0,0,0,0,0,4.75747E+20,5.47258E+21,8.66569E+15,4.94054E+16
155422,8.17092E+18,8,2,12,0,2017,9,7,2,3,5,3,0,1,0,0,0,0,0,4.55194E+20,5.43097E+21,8.38705E+15,4.903E+16
155423,8.17092E+18,8,2,11,0,2017,9,13,2,3,6,2,0,1,1,0,0,0,0,4.44068E+20,5.40122E+21,8.23893E+15,4.87615E+16
155424,8.17092E+18,8,1,36,10,2017,9,13,2,3,6,7,0,0,0,0,1,0,0,5.99055E+20,5.41277E+21,1.03505E+16,4.88599E+16
155425,8.17092E+18,8,1,35,16,2017,9,14,2,3,0,1,1,0,0,0,0,0,1,5.91507E+20,5.38634E+21,1.02418E+16,4.86234E+16
155426,8.17092E+18,8,1,28,7,2017,9,10,2,3,6,2,0,1,1,0,0,0,0,5.55628E+20,5.48222E+21,9.7681E+15,4.94901E+16
155427,8.17092E+18,8,1,26,46,2017,9,7,2,3,4,2,0,1,0,1,0,1,0,5.49925E+20,5.45885E+21,9.68644E+15,4.92804E+16
155428,8.17092E+18,8,1,25,74,2017,9,15,2,2,5,3,1,1,0,0,0,0,0,5.09713E+20,5.43945E+21,9.13309E+15,4.91078E+16
155429,8.17092E+18,8,1,21,0,2017,9,9,2,2,0,7,1,0,0,0,0,0,1,5.13581E+20,5.44207E+21,9.18617E+15,4.91313E+16
155430,8.17092E+18,8,1,21,0,2017,9,16,2,3,5,3,1,0,0,0,1,0,0,5.16796E+20,5.44415E+21,9.23033E+15,4.915E+16
155431,8.17092E+18,8,1,21,0,2017,9,7,2,3,3,2,1,0,0,0,1,1,0,5.1656E+20,5.44336E+21,9.22705E+15,4.91428E+16
155432,8.17092E+18,8,1,21,0,2017,9,16,2,3,2,6,0,1,0,0,1,0,1,5.15962E+20,5.44247E+21,9.21882E+15,4.91349E+16
155433,8.17092E+18,8,1,17,26,2017,9,10,2,3,5,3,0,1,0,0,0,0,1,5.47238E+20,5.3947E+21,9.64203E+15,4.87036E+16
155434,8.17092E+18,8,1,16,33,2017,9,13,2,3,0,1,0,0,0,1,0,0,0,5.33444E+20,5.38748E+21,9.45397E+15,4.86395E+16
155435,8.17092E+18,8,1,16,33,2017,9,20,2,3,2,6,0,1,0,0,0,2,0,5.3271E+20,5.38809E+21,9.44406E+15,4.8645E+16
155436,8.17092E+18,8,1,16,78,2017,9,17,2,3,2,6,0,1,0,0,0,0,0,5.10354E+20,5.39436E+21,9.14073E+15,4.87022E+16
155437,8.17092E+18,8,1,15,45,2017,9,14,2,3,5,3,1,1,0,0,0,0,0,4.97628E+20,5.39687E+21,8.96775E+15,4.87249E+16
155438,8.17092E+18,8,1,15,3,2017,9,7,2,3,0,7,1,0,0,0,0,0,1,5.01869E+20,5.39285E+21,9.0254E+15,4.86887E+16
155439,8.17092E+18,8,1,11,0,2017,9,11,2,3,5,7,1,1,0,0,0,0,0,5.16193E+20,5.40521E+21,9.2205E+15,4.87996E+16
155440,8.17092E+18,8,1,11,0,2017,9,15,2,3,5,3,1,1,0,0,0,0,1,5.17163E+20,5.4059E+21,9.23374E+15,4.88059E+16
155441,8.17092E+18,8,4,36,64,2017,9,19,1,3,5,3,1,1,0,0,0,1,0,5.46129E+20,5.29205E+21,9.61577E+15,4.77802E+16
155442,8.17092E+18,8,4,26,14,2017,9,13,1,3,2,6,0,1,0,0,0,0,0,5.48927E+20,5.31787E+21,9.65605E+15,4.80123E+16
155443,8.17092E+18,8,4,26,73,2017,9,15,1,3,1,6,0,1,0,1,0,0,0,5.6705E+20,5.33731E+21,9.90209E+15,4.81855E+16
155444,8.17092E+18,8,3,26,74,2017,9,11,1,3,4,2,0,1,0,0,0,0,0,4.64405E+20,5.32342E+21,8.52224E+15,4.80631E+16
155445,8.17092E+18,8,3,17,57,2017,9,17,1,3,5,3,0,1,0,0,0,0,0,4.13725E+20,5.37991E+21,7.83056E+15,4.85663E+16
155446,8.17092E+18,8,2,15,7,2017,9,15,1,2,6,4,0,1,1,0,0,0,0,4.78411E+20,5.4317E+21,8.70461E+15,4.90378E+16
155447,8.17092E+18,8,2,26,41,2017,9,16,1,2,8,2,0,0,0,1,0,0,0,4.76265E+20,5.46557E+21,8.67324E+15,4.93424E+16
155448,8.17092E+18,8,2,15,9,2017,9,13,1,3,0,1,0,0,0,1,0,0,0,4.6964E+20,5.44135E+21,8.58388E+15,4.91242E+16
155449,8.17092E+18,8,2,15,7,2017,9,4,1,2,8,1,0,1,1,0,0,2,0,4.79212E+20,5.4311E+21,8.7156E+15,4.90324E+16
155450,8.17092E+18,8,2,12,0,2017,9,3,1,3,1,7,0,1,0,0,0,2,0,4.51994E+20,5.43121E+21,8.34324E+15,4.90319E+16
155451,8.17092E+18,8,2,12,0,2017,9,13,1,3,5,3,0,1,0,0,0,0,0,4.60465E+20,5.42718E+21,8.45952E+15,4.89963E+16
155452,8.17092E+18,8,1,18,40,2017,9,18,1,2,6,4,0,1,1,0,0,0,0,5.10742E+20,5.43148E+21,9.14697E+15,4.90361E+16
155453,8.17092E+18,8,1,36,19,2017,9,9,1,3,5,3,0,1,0,0,0,0,1,5.82671E+20,5.42458E+21,1.01296E+16,4.89686E+16
155454,8.17092E+18,8,1,21,0,2017,9,16,1,2,2,6,1,0,0,0,0,0,0,5.13355E+20,5.44243E+21,9.18309E+15,4.91346E+16
155455,8.17092E+18,8,1,19,20,2017,9,20,1,3,6,4,0,1,1,0,0,2,1,5.19898E+20,5.40677E+21,9.27104E+15,4.88136E+16
155456,8.17092E+18,8,4,25,141,2017,9,10,1,2,5,3,1,1,0,0,0,0,0,5.63462E+20,5.36877E+21,9.85856E+15,4.84688E+16
155457,8.17092E+18,8,1,16,70,2017,9,17,1,3,8,1,1,0,0,0,0,0,0,5.39122E+20,5.38458E+21,9.53077E+15,4.8613E+16
155458,8.17092E+18,8,1,11,0,2017,9,12,1,3,2,6,0,1,0,0,0,0,0,5.12866E+20,5.40518E+21,9.1752E+15,4.87995E+16
155459,8.17092E+18,8,4,37,104,2017,9,18,7,3,6,4,0,1,1,0,0,0,1,5.16862E+20,5.32637E+21,9.22644E+15,4.80904E+16
155460,8.17092E+18,8,4,37,104,2017,9,11,7,3,5,3,0,1,0,0,0,0,0,5.17821E+20,5.32538E+21,9.23928E+15,4.80815E+16
155461,8.17092E+18,8,4,36,82,2017,9,12,7,3,5,3,1,1,0,0,0,0,0,5.48166E+20,5.29614E+21,9.64342E+15,4.78168E+16
155462,8.17092E+18,8,4,36,64,2017,9,10,7,3,3,6,1,1,0,0,0,0,0,5.45494E+20,5.291E+21,9.60719E+15,4.77707E+16
155463,8.17092E+18,8,4,26,97,2017,9,2,7,3,1,7,0,1,0,0,0,2,0,5.35964E+20,5.33336E+21,9.48355E+15,4.81525E+16
155464,8.17092E+18,8,4,21,0,2017,9,13,7,3,0,1,0,0,0,1,0,0,0,5.71084E+20,5.36232E+21,9.96057E+15,4.841E+16
155465,8.17092E+18,8,4,17,54,2017,9,0,7,2,9,1,0,0,0,1,0,2,1,4.76839E+20,5.34821E+21,8.68778E+15,4.82867E+16
155466,8.17092E+18,8,4,15,61,2017,9,3,7,3,1,6,0,1,0,1,0,2,0,5.16148E+20,5.37249E+21,9.21862E+15,4.85053E+16
155467,8.17092E+18,8,4,15,61,2017,9,10,7,3,2,6,1,1,0,0,0,0,0,5.13891E+20,5.37064E+21,9.188E+15,4.84888E+16
155468,8.17092E+18,8,3,36,50,2017,9,14,7,3,2,6,0,1,0,0,0,0,1,3.98981E+20,5.27237E+21,7.65619E+15,4.75969E+16
155469,8.17092E+18,8,3,27,50,2017,9,9,7,3,5,3,1,1,0,0,0,0,0,4.86691E+20,5.31443E+21,8.82164E+15,4.7983E+16
155470,8.17092E+18,8,3,26,74,2017,9,10,7,3,5,3,0,1,0,0,0,0,0,4.59242E+20,5.32334E+21,8.45296E+15,4.8062E+16
155471,8.17092E+18,8,3,26,31,2017,9,10,7,2,6,7,0,1,1,0,0,0,0,4.55873E+20,5.33286E+21,8.40675E+15,4.81475E+16
155472,8.17092E+18,8,3,11,0,2017,9,18,7,3,1,5,1,1,0,0,0,0,0,4.09911E+20,5.31688E+21,7.79231E+15,4.79989E+16
155473,8.17092E+18,8,2,35,85,2017,9,23,7,3,8,1,0,1,0,0,0,2,1,4.771E+20,5.39581E+21,8.68868E+15,4.87149E+16
155474,8.17092E+18,8,2,31,0,2017,9,16,7,3,5,3,1,1,0,0,0,0,0,4.79043E+20,5.41584E+21,8.71408E+15,4.88951E+16
155475,8.17092E+18,8,2,26,85,2017,9,17,7,3,1,6,0,1,0,0,1,0,0,4.90663E+20,5.45538E+21,8.8717E+15,4.92511E+16
155476,8.17092E+18,8,2,26,37,2017,9,15,7,3,1,5,1,1,0,0,0,0,0,4.66198E+20,5.46876E+21,8.5344E+15,4.93706E+16
155477,8.17092E+18,8,2,22,0,2017,9,9,7,3,6,2,0,1,1,0,0,0,0,4.61408E+20,5.48308E+21,8.46702E+15,4.94991E+16
155478,8.17092E+18,8,2,16,43,2017,9,7,7,3,5,3,1,0,0,0,0,0,0,4.41553E+20,5.41212E+21,8.20316E+15,4.88593E+16
155479,8.17092E+18,8,2,15,103,2017,9,21,7,3,9,1,0,1,0,0,0,2,0,4.66587E+20,5.44313E+21,8.54189E+15,4.914E+16
155480,8.17092E+18,8,1,36,9,2017,9,14,7,3,0,2,0,1,0,1,0,0,0,5.67977E+20,5.40803E+21,9.92608E+15,4.88215E+16
155481,8.17092E+18,8,1,35,19,2017,9,15,7,3,1,5,1,1,0,0,0,0,1,5.84868E+20,5.39331E+21,1.01531E+16,4.86871E+16
155482,8.17092E+18,8,1,19,20,2017,9,15,7,3,5,3,1,1,0,0,0,0,0,5.20875E+20,5.40685E+21,9.28435E+15,4.88142E+16
155483,8.17092E+18,8,1,16,71,2017,9,12,7,3,3,6,1,1,0,0,0,0,0,5.26807E+20,5.39104E+21,9.36411E+15,4.86718E+16
155484,8.17092E+18,8,4,25,71,2017,9,15,6,3,0,1,1,0,0,0,0,0,0,5.51213E+20,5.37113E+21,9.69316E+15,4.84912E+16
155485,8.17092E+18,8,4,16,41,2017,9,18,6,3,5,3,0,1,0,0,0,0,0,5.04185E+20,5.37369E+21,9.05667E+15,4.85164E+16
155486,8.17092E+18,8,4,15,61,2017,9,10,6,3,0,7,0,1,1,0,0,0,0,5.14301E+20,5.3721E+21,9.1936E+15,4.85019E+16
155487,8.17092E+18,8,3,35,28,2017,9,15,6,3,2,6,0,1,0,0,0,0,0,4.80525E+20,5.28732E+21,8.74024E+15,4.77389E+16
155488,8.17092E+18,8,3,35,97,2017,9,17,6,3,0,2,0,1,0,1,0,0,0,4.85444E+20,5.29711E+21,8.80552E+15,4.78271E+16
155489,8.17092E+18,8,3,35,66,2017,9,8,6,3,4,6,0,1,0,0,0,0,0,5.09611E+20,5.28205E+21,9.12808E+15,4.76918E+16
155490,8.17092E+18,8,3,35,63,2017,9,17,6,3,3,6,1,0,0,0,1,0,0,4.97236E+20,5.28792E+21,8.96313E+15,4.77446E+16
155491,8.17092E+18,8,3,27,50,2017,9,11,6,3,6,2,0,1,1,0,0,0,0,4.86637E+20,5.31464E+21,8.82091E+15,4.79849E+16
155492,8.17092E+18,8,3,11,0,2017,9,16,6,3,5,2,1,0,0,0,0,0,0,4.14049E+20,5.31669E+21,7.84782E+15,4.79977E+16
155493,8.17092E+18,8,3,36,50,2017,9,11,6,3,1,6,0,1,0,0,1,0,0,3.98709E+20,5.27314E+21,7.6524E+15,4.76038E+16
155494,8.17092E+18,8,3,11,0,2017,9,19,6,3,5,3,0,1,0,1,0,0,1,4.10839E+20,5.31753E+21,7.80462E+15,4.80048E+16
155495,8.17092E+18,8,2,12,0,2017,9,14,6,3,5,3,1,1,0,0,0,0,0,4.54613E+20,5.42853E+21,8.37937E+15,4.9008E+16
155496,8.17092E+18,8,2,12,0,2017,9,17,6,2,5,3,1,1,0,0,0,0,0,4.547E+20,5.42818E+21,8.3806E+15,4.90049E+16
155497,8.17092E+18,8,2,12,0,2017,9,15,6,3,6,4,0,0,1,0,1,0,0,4.55377E+20,5.42708E+21,8.38997E+15,4.8995E+16
155498,8.17092E+18,8,2,12,0,2017,9,11,6,3,2,6,0,1,0,0,1,0,0,4.5689E+20,5.42757E+21,8.4106E+15,4.89995E+16
155499,8.17092E+18,8,2,37,28,2017,9,16,6,3,4,2,1,1,0,0,0,0,0,4.58052E+20,5.36818E+21,8.43254E+15,4.84653E+16
155500,8.17092E+18,8,2,26,81,2017,9,10,6,3,4,2,0,1,0,0,1,0,1,4.95235E+20,5.47116E+21,8.93434E+15,4.93931E+16
155501,8.17092E+18,8,2,25,39,2017,9,16,6,3,0,1,0,0,0,1,0,0,0,5.30534E+20,5.49326E+21,9.42248E+15,4.95912E+16
155502,8.17092E+18,8,2,25,14,2017,9,7,6,3,6,3,0,1,1,0,0,0,0,5.23585E+20,5.48544E+21,9.32586E+15,4.95211E+16
155503,8.17092E+18,8,2,22,0,2017,9,14,6,3,3,2,0,1,0,0,0,0,1,4.63087E+20,5.48077E+21,8.49042E+15,4.94785E+16
155504,8.17092E+18,8,2,22,0,2017,9,18,6,3,5,3,1,1,0,0,0,0,1,4.64479E+20,5.47915E+21,8.50979E+15,4.94639E+16
155505,8.17092E+18,8,2,21,0,2017,9,18,6,3,4,3,1,1,0,0,0,0,0,4.77165E+20,5.47506E+21,8.68509E+15,4.94278E+16
155506,8.17092E+18,8,2,15,99,2017,9,12,6,3,5,3,0,1,0,0,0,0,0,4.63632E+20,5.44668E+21,8.50106E+15,4.91719E+16
155507,8.17093E+18,8,1,11,0,2017,9,15,6,3,5,2,0,1,0,0,0,0,0,5.1847E+20,5.40188E+21,9.25137E+15,4.87697E+16
155508,8.17093E+18,8,4,36,49,2017,9,14,5,2,6,4,0,1,1,0,0,0,0,5.83296E+20,5.28045E+21,1.01096E+16,4.7672E+16
155509,8.17093E+18,8,4,35,59,2017,9,7,5,3,5,2,0,1,0,1,0,0,0,5.11587E+20,5.29149E+21,9.15467E+15,4.77767E+16
155510,8.17093E+18,8,4,21,0,2017,9,16,5,2,0,1,1,0,0,0,0,0,0,5.7105E+20,5.35981E+21,9.95969E+15,4.83875E+16
155511,8.17093E+18,8,4,21,0,2017,9,15,5,3,4,2,0,1,0,1,0,0,0,5.71376E+20,5.36059E+21,9.96421E+15,4.83945E+16
155512,8.17093E+18,8,4,21,0,2017,9,15,5,3,5,3,0,1,0,0,1,0,0,5.719E+20,5.35991E+21,9.97119E+15,4.83883E+16
155513,8.17093E+18,8,4,21,0,2017,9,14,5,3,8,1,0,0,0,1,0,0,0,5.74333E+20,5.36354E+21,1.00047E+16,4.84207E+16
155514,8.17093E+18,8,4,25,33,2017,9,21,5,3,1,7,0,1,0,0,0,2,0,5.55525E+20,5.34772E+21,9.74842E+15,4.82802E+16
155515,8.17093E+18,8,4,15,61,2017,9,0,5,3,9,7,0,1,0,0,0,2,0,5.16338E+20,5.37242E+21,9.22119E+15,4.85047E+16
155516,8.17093E+18,8,3,36,69,2017,9,11,5,3,5,3,1,1,0,0,0,0,0,4.08875E+20,5.26824E+21,7.78864E+15,4.75612E+16
155517,8.17093E+18,8,3,35,43,2017,9,17,5,3,0,1,1,0,0,0,0,0,0,5.07879E+20,5.28712E+21,9.1051E+15,4.77374E+16
155518,8.17093E+18,8,3,35,43,2017,9,19,5,3,2,6,0,1,0,1,0,1,0,5.1052E+20,5.28283E+21,9.14022E+15,4.76987E+16
155519,8.17093E+18,8,4,36,82,2017,9,6,5,3,4,2,1,1,0,0,0,1,0,5.48345E+20,5.29571E+21,9.64577E+15,4.78129E+16
155520,8.17093E+18,8,1,18,15,2017,9,19,6,2,1,7,0,1,0,0,0,2,0,5.07065E+20,5.4293E+21,9.09663E+15,4.90165E+16
155521,8.17093E+18,8,1,17,18,2017,9,16,6,3,1,6,0,1,0,0,0,0,0,5.37617E+20,5.39576E+21,9.51137E+15,4.87137E+16
155522,8.17093E+18,8,1,16,19,2017,9,18,6,3,5,2,0,1,0,0,1,0,0,5.21047E+20,5.39717E+21,9.28619E+15,4.87272E+16
155523,8.17093E+18,8,3,27,49,2017,9,14,5,3,5,3,1,1,0,0,0,0,0,4.72506E+20,5.32488E+21,8.63088E+15,4.80766E+16
155524,8.17093E+18,8,1,15,28,2017,9,13,6,3,2,2,1,1,0,0,0,0,0,5.0009E+20,5.40501E+21,9.00122E+15,4.87981E+16
155525,8.17093E+18,8,1,15,21,2017,9,13,6,3,5,3,0,1,0,0,0,0,0,4.92095E+20,5.38093E+21,8.89282E+15,4.85814E+16
155526,8.17093E+18,8,1,11,0,2017,9,7,6,3,4,7,0,1,0,1,0,0,1,5.16053E+20,5.40618E+21,9.21864E+15,4.88084E+16
155527,8.17093E+18,8,1,11,0,2017,9,16,6,3,2,6,0,1,0,0,0,0,0,5.13216E+20,5.40899E+21,9.18009E+15,4.88337E+16
155528,8.17093E+18,8,1,11,0,2017,9,12,6,3,6,7,1,0,1,0,0,0,0,5.13171E+20,5.40206E+21,9.17925E+15,4.87714E+16
155529,8.17093E+18,8,3,27,18,2017,9,16,5,3,5,3,1,1,0,0,0,0,0,4.7374E+20,5.30775E+21,8.6485E+15,4.79226E+16
155530,8.17093E+18,8,3,26,12,2017,9,16,5,3,6,4,0,1,1,0,0,0,0,4.61824E+20,5.31115E+21,8.48869E+15,4.79526E+16
155531,8.17093E+18,8,3,25,53,2017,9,22,5,3,8,1,0,1,0,0,0,2,0,4.53814E+20,5.34268E+21,8.37801E+15,4.82356E+16
155532,8.17093E+18,8,3,25,49,2017,9,10,5,3,4,2,0,1,0,0,1,0,0,4.73131E+20,5.33236E+21,8.6388E+15,4.81439E+16
155533,8.17093E+18,8,3,17,65,2017,9,13,5,3,2,6,1,0,0,0,0,0,0,4.17931E+20,5.35442E+21,7.89256E+15,4.83376E+16
155534,8.17093E+18,8,3,15,74,2017,9,13,5,3,5,2,1,1,0,0,0,0,0,3.9721E+20,5.29533E+21,7.62724E+15,4.78031E+16
155535,8.17093E+18,8,3,15,7,2017,9,18,5,3,6,4,0,1,1,0,0,0,0,4.00994E+20,5.29534E+21,7.67776E+15,4.78038E+16
155536,8.17093E+18,8,3,36,50,2017,9,15,5,3,1,7,0,0,1,0,1,0,0,4.00702E+20,5.27656E+21,7.67814E+15,4.76348E+16
155537,8.17093E+18,8,2,12,0,2017,9,13,5,3,6,4,0,1,1,0,0,0,0,4.53032E+20,5.42854E+21,8.35775E+15,4.90079E+16
155538,8.17093E+18,8,2,12,0,2017,9,16,5,3,2,7,0,1,0,1,0,0,0,4.56895E+20,5.42739E+21,8.4107E+15,4.89979E+16
155539,8.17093E+18,8,2,12,0,2017,9,17,5,3,6,2,0,1,1,0,0,0,0,4.58405E+20,5.42831E+21,8.43124E+15,4.90063E+16
155540,8.17093E+18,8,2,35,33,2017,9,13,5,3,0,7,1,0,0,0,0,0,0,4.59492E+20,5.40326E+21,8.44859E+15,4.8781E+16
155541,8.17093E+18,8,2,26,60,2017,9,16,5,3,0,5,1,1,0,0,0,0,0,4.77543E+20,5.46369E+21,8.69096E+15,4.93256E+16
155542,8.17093E+18,8,2,22,0,2017,9,5,5,3,8,6,1,0,0,0,1,2,0,4.61132E+20,5.48183E+21,8.46333E+15,4.94878E+16
155543,8.17093E+18,8,2,26,28,2017,9,7,5,3,6,4,0,1,1,0,0,0,0,4.71194E+20,5.48378E+21,8.60212E+15,4.9506E+16
155544,8.17093E+18,8,2,26,98,2017,9,13,5,2,5,3,0,1,0,1,0,0,0,4.76391E+20,5.46091E+21,8.67526E+15,4.93005E+16
155545,8.17093E+18,8,2,16,8,2017,9,13,5,3,1,5,0,1,0,0,0,0,0,4.40349E+20,5.39247E+21,8.1896E+15,4.86824E+16
155546,8.17093E+18,8,2,15,7,2017,9,12,5,3,6,4,0,0,1,0,1,0,0,4.79352E+20,5.43141E+21,8.71751E+15,4.90353E+16
155547,8.17093E+18,8,2,15,96,2017,9,10,5,3,5,3,0,1,0,0,1,0,0,4.64064E+20,5.41398E+21,8.50988E+15,4.88777E+16
155548,8.17093E+18,8,1,35,16,2017,9,16,5,2,5,3,1,1,0,0,0,0,0,5.90988E+20,5.38536E+21,1.02345E+16,4.86147E+16
155549,8.17093E+18,8,1,27,14,2017,9,16,5,3,5,3,1,1,0,0,0,0,0,5.79199E+20,5.44278E+21,1.00857E+16,4.91327E+16
155550,8.17093E+18,8,1,25,65,2017,9,14,5,3,0,1,0,0,0,1,0,0,0,5.1693E+20,5.4486E+21,9.23235E+15,4.919E+16
155551,8.17093E+18,8,1,25,65,2017,9,23,5,3,4,6,0,1,0,0,1,2,0,5.16534E+20,5.4502E+21,9.22698E+15,4.92044E+16
155552,8.17093E+18,8,1,21,0,2017,9,18,5,3,4,2,1,1,0,0,0,0,0,5.16798E+20,5.44415E+21,9.23035E+15,4.915E+16
155553,8.17093E+18,8,1,25,6,2017,9,8,5,3,5,3,1,1,0,0,0,0,0,5.07071E+20,5.45375E+21,9.09714E+15,4.92365E+16
155554,8.17093E+18,8,1,18,67,2017,9,10,5,3,0,5,1,1,0,0,0,0,0,5.0554E+20,5.41418E+21,9.07556E+15,4.88806E+16
155555,8.17093E+18,8,1,18,21,2017,9,13,5,3,5,3,1,1,0,0,0,0,0,5.21205E+20,5.42747E+21,9.28991E+15,4.89997E+16
155556,8.17093E+18,8,1,18,48,2017,9,7,5,3,5,2,0,1,0,1,0,0,0,5.12498E+20,5.41447E+21,9.17047E+15,4.8883E+16
155557,8.17093E+18,8,1,16,80,2017,9,16,5,3,2,6,0,1,0,1,0,0,0,5.21409E+20,5.39554E+21,9.29104E+15,4.87125E+16
155558,8.17093E+18,8,1,16,47,2017,9,17,5,2,4,2,1,1,0,0,0,0,0,5.20177E+20,5.39215E+21,9.27411E+15,4.8682E+16
155559,8.17093E+18,8,1,15,10,2017,9,18,5,2,4,6,1,0,0,0,0,0,0,4.88273E+20,5.38883E+21,8.84078E+15,4.86524E+16
155560,8.17093E+18,8,1,15,3,2017,9,13,5,3,5,3,1,1,0,0,0,0,0,4.99629E+20,5.39268E+21,8.99496E+15,4.86871E+16
155561,8.17093E+18,8,1,11,0,2017,9,13,5,3,4,7,0,1,0,1,0,0,0,5.12217E+20,5.40157E+21,9.16625E+15,4.8767E+16
155562,8.17093E+18,8,1,11,0,2017,9,14,5,3,6,6,0,0,1,0,1,0,0,5.16357E+20,5.40437E+21,9.2227E+15,4.87921E+16
155563,8.17093E+18,8,4,36,82,2017,9,15,4,3,2,7,1,1,0,0,0,0,0,5.47473E+20,5.29591E+21,9.63414E+15,4.78148E+16
155564,8.17093E+18,8,4,35,16,2017,9,12,4,3,4,6,0,1,0,0,0,0,0,5.37159E+20,5.27812E+21,9.49486E+15,4.76554E+16
155565,8.17093E+18,8,4,26,14,2017,9,13,4,2,5,2,1,1,0,0,0,0,0,5.49124E+20,5.31686E+21,9.65859E+15,4.80032E+16
155566,8.17093E+18,8,4,21,0,2017,9,14,4,3,2,6,1,0,0,0,0,0,0,5.70811E+20,5.35691E+21,9.95597E+15,4.83614E+16
155567,8.17093E+18,8,4,21,0,2017,9,19,4,3,3,2,1,1,0,0,0,2,0,5.74274E+20,5.36209E+21,1.00036E+16,4.84076E+16
155568,8.17093E+18,8,4,15,50,2017,9,15,4,3,5,3,1,0,0,1,0,0,0,5.21207E+20,5.37799E+21,9.28739E+15,4.85547E+16
155569,8.17093E+18,8,3,35,63,2017,9,7,4,3,3,3,1,1,0,0,0,0,0,4.97095E+20,5.28786E+21,8.96124E+15,4.77441E+16
155570,8.17093E+18,8,3,35,43,2017,9,13,4,3,5,3,1,0,0,0,0,0,0,5.13353E+20,5.27914E+21,9.17786E+15,4.76655E+16
155571,8.17093E+18,8,3,27,50,2017,9,14,4,3,6,7,0,0,1,0,1,0,0,4.86274E+20,5.31428E+21,8.81606E+15,4.79817E+16
155572,8.17093E+18,8,3,26,3,2017,9,13,4,3,5,3,0,1,0,0,0,0,0,4.67442E+20,5.31698E+21,8.5635E+15,4.80053E+16
155573,8.17093E+18,8,3,25,53,2017,9,11,4,3,5,3,1,1,0,0,0,0,0,4.54074E+20,5.34219E+21,8.38156E+15,4.82313E+16
155574,8.17093E+18,8,3,25,49,2017,9,16,4,3,0,7,1,0,0,0,0,0,0,4.71324E+20,5.33401E+21,8.61439E+15,4.81586E+16
155575,8.17093E+18,8,2,37,54,2017,9,20,4,2,4,2,0,1,0,1,0,2,0,4.68118E+20,5.37586E+21,8.56812E+15,4.8535E+16
155576,8.17093E+18,8,3,17,57,2017,9,15,4,3,1,5,1,1,0,0,0,0,0,4.13313E+20,5.37291E+21,7.82644E+15,4.85033E+16
155577,8.17093E+18,8,3,11,0,2017,9,17,4,3,5,2,1,1,0,0,0,0,0,4.14734E+20,5.31568E+21,7.8572E+15,4.79887E+16
155578,8.17093E+18,8,3,11,0,2017,9,13,4,3,8,7,1,0,0,0,0,0,0,4.14886E+20,5.31705E+21,7.85896E+15,4.80011E+16
155579,8.17093E+18,8,2,26,105,2017,9,18,4,2,5,3,1,0,0,0,1,0,0,4.71798E+20,5.47729E+21,8.61092E+15,4.94476E+16