OBJECTID,UIDENTSTLA,ULAND,UREGBEZ,UKREIS,UGEMEINDE,UJAHR,UMONAT,USTUNDE,UWOCHENTAG,UKATEGORIE,UART,UTYP1,IstRad,IstPKW,IstFuss,IstKrad,IstSonstig,LICHT,STRZUSTAND,LINREFX,LINREFY,XGCSWGS84,YGCSWGS84
155580,8.17093E+18,8,2,12,0,2017,9,8,4,3,0,6,0,0,0,1,0,0,0,4.53937E+20,5.43193E+21,8.36974E+15,4.90385E+16
155581,8.17093E+18,8,2,37,40,2017,9,12,4,3,2,6,0,1,0,0,0,0,0,4.75778E+20,5.36812E+21,8.67233E+15,4.84658E+16
155582,8.17093E+18,8,2,26,96,2017,9,7,4,3,5,3,1,1,0,0,0,1,0,4.74477E+20,5.48849E+21,8.64715E+15,4.95485E+16
155583,8.17093E+18,8,2,26,85,2017,9,17,4,3,0,1,1,0,0,0,0,0,0,4.98837E+20,5.45451E+21,8.98402E+15,4.92434E+16
155584,8.17093E+18,8,2,26,49,2017,9,19,4,3,1,5,1,1,0,0,0,0,0,4.85036E+20,5.46291E+21,8.79409E+15,4.93188E+16
155585,8.17093E+18,8,2,22,0,2017,9,12,4,3,3,6,1,1,0,0,0,0,0,4.64438E+20,5.48474E+21,8.50872E+15,4.95142E+16
155586,8.17093E+18,8,2,22,0,2017,9,12,4,3,6,7,1,0,1,0,0,0,0,4.61714E+20,5.48159E+21,8.47139E+15,4.94857E+16
155587,8.17093E+18,8,2,22,0,2017,9,9,4,3,5,5,0,1,0,0,0,0,0,4.63115E+20,5.47881E+21,8.491E+15,4.94608E+16
155588,8.17093E+18,8,2,22,0,2017,9,17,4,2,6,4,1,0,1,0,0,0,0,4.6159E+20,5.48098E+21,8.46975E+15,4.94802E+16
155589,8.17093E+18,8,2,26,96,2017,9,13,4,3,0,5,1,1,0,0,0,0,0,4.75919E+20,5.48972E+21,8.66702E+15,4.95596E+16
155590,8.17093E+18,8,2,16,15,2017,9,12,4,2,0,7,1,0,0,0,0,0,0,4.49252E+20,5.40633E+21,8.30882E+15,4.88079E+16
155591,8.17093E+18,8,2,16,28,2017,9,15,4,2,0,7,1,0,0,0,0,0,0,4.26101E+20,5.39535E+21,7.99553E+15,4.87068E+16
155592,8.17093E+18,8,2,15,9,2017,9,7,4,3,5,3,1,1,0,0,0,1,0,4.70292E+20,5.44135E+21,8.59283E+15,4.91243E+16
155593,8.17093E+18,8,2,15,109,2017,9,17,4,3,8,1,1,0,0,0,0,0,0,4.6034E+20,5.43586E+21,8.45696E+15,4.90743E+16
155594,8.17093E+18,8,2,15,108,2017,9,20,4,2,0,1,1,0,0,0,0,2,0,4.49831E+20,5.42509E+21,8.31442E+15,4.89767E+16
155595,8.17093E+18,8,2,16,49,2017,9,10,4,3,1,7,0,1,0,0,1,0,0,4.39298E+20,5.40143E+21,8.17399E+15,4.87629E+16
155596,8.17093E+18,8,1,18,48,2017,9,7,4,3,5,3,0,1,0,0,0,0,0,5.14773E+20,5.41536E+21,9.20154E+15,4.8891E+16
155597,8.17093E+18,8,1,36,19,2017,9,16,4,3,5,3,1,1,0,0,0,0,0,5.83191E+20,5.42271E+21,1.01363E+16,4.89517E+16
155598,8.17093E+18,8,1,28,131,2017,9,11,4,3,0,7,0,0,0,0,1,0,0,5.38289E+20,5.51203E+21,9.53162E+15,4.97595E+16
155599,8.17093E+18,8,1,21,0,2017,9,16,4,3,5,3,1,1,0,0,0,0,0,5.14259E+20,5.44084E+21,9.19542E+15,4.91202E+16
155600,8.17093E+18,8,1,21,0,2017,9,14,4,3,1,6,0,1,0,0,1,0,0,5.16122E+20,5.44294E+21,9.22104E+15,4.91391E+16
155601,8.17093E+18,8,1,19,91,2017,9,17,4,3,2,7,0,1,0,0,1,0,0,5.28376E+20,5.40642E+21,9.38649E+15,4.88101E+16
155602,8.17093E+18,8,1,18,46,2017,9,14,4,3,6,4,0,0,1,0,1,0,0,5.15193E+20,5.41218E+21,9.20715E+15,4.88624E+16
155603,8.17093E+18,8,1,18,50,2017,9,7,4,2,5,3,1,1,0,0,0,1,0,5.06273E+20,5.4172E+21,9.08561E+15,4.89077E+16
155604,8.17093E+18,8,1,17,19,2017,9,13,4,3,5,3,0,1,0,0,0,0,0,5.51531E+20,5.39369E+21,9.70025E+15,4.86941E+16
155605,8.17093E+18,8,1,16,71,2017,9,15,4,3,0,6,1,1,0,0,0,0,0,5.28209E+20,5.39174E+21,9.38321E+15,4.8678E+16
155606,8.17093E+18,8,1,15,45,2017,9,17,4,3,5,3,1,1,0,0,0,0,0,5.00645E+20,5.39356E+21,9.00877E+15,4.86951E+16
155607,8.17093E+18,8,1,11,0,2017,9,19,4,3,6,7,0,1,1,0,0,2,0,5.12727E+20,5.402E+21,9.17321E+15,4.87709E+16
155608,8.17093E+18,8,1,11,0,2017,9,6,4,3,0,7,1,0,0,0,0,1,1,5.18747E+20,5.39982E+21,9.25505E+15,4.87511E+16
155609,8.17093E+18,8,4,36,64,2017,9,13,3,3,6,4,0,1,1,0,0,0,0,5.46189E+20,5.29345E+21,9.61673E+15,4.77928E+16
155610,8.17093E+18,8,4,36,49,2017,9,19,3,3,8,1,1,0,0,0,0,1,0,5.77565E+20,5.28336E+21,1.00338E+16,4.76989E+16
155611,8.17093E+18,8,4,36,64,2017,9,8,3,3,5,3,1,1,0,0,0,0,0,5.42797E+20,5.29203E+21,9.5713E+15,4.77802E+16
155612,8.17093E+18,8,4,26,128,2017,9,18,3,3,5,3,0,1,0,0,0,0,0,5.59742E+20,5.33109E+21,9.80291E+15,4.81303E+16
155613,8.17093E+18,8,4,26,21,2017,9,17,3,3,5,2,1,1,0,0,0,0,0,5.52464E+20,5.32707E+21,9.70461E+15,4.80947E+16
155614,8.17093E+18,8,4,26,21,2017,9,16,3,3,5,3,1,1,0,0,0,0,0,5.59699E+20,5.32926E+21,9.80208E+15,4.81138E+16
155615,8.17093E+18,8,4,26,28,2017,9,23,3,3,0,7,1,0,1,0,0,2,0,5.69548E+20,5.34316E+21,9.93666E+15,4.82378E+16
155616,8.17093E+18,8,4,21,0,2017,9,12,3,3,2,6,0,1,0,0,0,0,0,5.7288E+20,5.35684E+21,9.98388E+15,4.83605E+16
155617,8.17093E+18,8,4,16,41,2017,9,17,3,3,6,4,0,1,1,0,0,1,1,5.04212E+20,5.3737E+21,9.05703E+15,4.85164E+16
155618,8.17093E+18,8,3,36,94,2017,9,18,3,3,8,7,0,1,0,0,0,0,0,4.16481E+20,5.29128E+21,7.88532E+15,4.77695E+16
155619,8.17093E+18,8,3,35,75,2017,9,7,3,3,1,7,1,1,0,0,0,0,0,4.87674E+20,5.29052E+21,8.8355E+15,4.77679E+16
155620,8.17093E+18,8,4,35,16,2017,9,11,3,2,3,2,1,0,0,0,0,0,0,5.35403E+20,5.27821E+21,9.47147E+15,4.76563E+16
155621,8.17093E+18,8,3,35,28,2017,9,15,3,2,6,2,0,1,1,0,0,0,0,4.83131E+20,5.28711E+21,8.77501E+15,4.77371E+16
155622,8.17093E+18,8,3,27,50,2017,9,17,3,3,5,3,0,1,0,0,0,0,0,4.86162E+20,5.3141E+21,8.81457E+15,4.798E+16
155623,8.17093E+18,8,3,17,152,2017,9,11,3,2,5,3,0,1,0,1,0,0,0,4.08607E+20,5.34834E+21,7.76809E+15,4.82816E+16
155624,8.17093E+18,8,3,17,1,2017,9,15,3,3,5,3,1,1,0,0,0,0,0,4.31392E+20,5.38681E+21,8.06886E+15,4.86306E+16
155625,8.17093E+18,8,3,17,57,2017,9,16,3,2,6,2,1,0,1,0,0,0,0,4.13133E+20,5.38019E+21,7.82249E+15,4.85687E+16
155626,8.17093E+18,8,3,11,0,2017,9,15,3,3,5,3,1,1,0,0,0,0,0,4.14763E+20,5.31748E+21,7.85722E+15,4.80049E+16
155627,8.17093E+18,8,3,11,0,2017,9,17,3,3,5,2,1,1,0,0,0,0,0,4.13212E+20,5.31521E+21,7.83689E+15,4.79843E+16
155628,8.17093E+18,8,3,11,0,2017,9,15,3,3,5,3,1,1,0,0,0,0,0,4.13876E+20,5.31773E+21,7.84529E+15,4.8007E+16
155629,8.17093E+18,8,2,12,0,2017,9,20,3,3,0,7,1,1,0,0,0,2,0,4.55464E+20,5.42807E+21,8.39106E+15,4.90039E+16
155630,8.17093E+18,8,2,12,0,2017,9,20,3,3,5,3,1,0,0,1,0,2,0,4.55028E+20,5.4285E+21,8.38505E+15,4.90077E+16
155631,8.17093E+18,8,2,15,21,2017,9,15,3,2,3,6,1,1,0,0,0,0,0,4.69755E+20,5.44479E+21,8.58521E+15,4.91552E+16
155632,8.17093E+18,8,2,15,17,2017,9,7,3,2,5,3,1,1,0,0,0,0,0,4.56631E+20,5.42134E+21,8.40774E+15,4.89434E+16
155633,8.17093E+18,8,2,37,2,2017,9,12,3,3,5,3,0,1,0,1,0,0,0,4.55351E+20,5.3546E+21,8.39744E+15,4.8343E+16
155634,8.17093E+18,8,2,26,56,2017,9,16,3,3,0,3,1,0,0,0,0,0,0,4.86039E+20,5.47047E+21,8.80764E+15,4.93867E+16
155635,8.17093E+18,8,2,26,56,2017,9,17,3,3,0,6,1,0,0,0,0,0,1,4.85557E+20,5.47165E+21,8.80095E+15,4.93974E+16
155636,8.17093E+18,8,2,21,0,2017,9,9,3,3,3,2,1,0,0,0,0,0,0,4.76851E+20,5.47422E+21,8.68082E+15,4.94202E+16
155637,8.17093E+18,8,2,12,0,2017,9,11,3,3,5,3,1,1,0,0,0,0,0,4.5958E+20,5.43101E+21,8.44704E+15,4.90306E+16
155638,8.17093E+18,8,2,15,108,2017,9,16,3,3,5,3,1,1,0,0,0,0,0,4.50647E+20,5.42569E+21,8.32549E+15,4.89822E+16
155639,8.17093E+18,8,2,15,17,2017,9,6,3,3,5,3,0,1,0,0,1,0,0,4.54452E+20,5.42232E+21,8.37787E+15,4.89522E+16
155640,8.17093E+18,8,2,12,0,2017,9,17,3,3,5,2,1,0,0,0,1,0,0,4.55171E+20,5.43097E+21,8.38673E+15,4.903E+16
155641,8.17093E+18,8,1,21,0,2017,9,12,3,3,5,2,0,1,0,0,0,0,0,5.13166E+20,5.44785E+21,9.18067E+15,4.91834E+16
155642,8.17093E+18,8,1,16,77,2017,9,14,3,3,2,6,0,1,0,0,1,0,0,5.16174E+20,5.39111E+21,9.2197E+15,4.86728E+16
155643,8.17093E+18,8,1,15,28,2017,9,14,3,3,1,7,1,1,0,0,0,0,0,4.99464E+20,5.40404E+21,8.9927E+15,4.87894E+16
155644,8.17093E+18,8,1,15,3,2017,9,14,3,3,1,5,1,1,0,0,0,0,0,5.0102E+20,5.39257E+21,9.01386E+15,4.86862E+16
155645,8.17093E+18,8,1,11,0,2017,9,13,3,3,5,4,0,1,1,0,0,0,0,5.17913E+20,5.40227E+21,9.2438E+15,4.87732E+16
155646,8.17093E+18,8,1,11,0,2017,9,22,3,3,5,2,0,1,0,0,0,2,0,5.13045E+20,5.40901E+21,9.17776E+15,4.8834E+16
155647,8.17093E+18,8,1,11,0,2017,9,0,3,2,5,2,0,0,0,1,1,2,0,5.19224E+20,5.40364E+21,9.26171E+15,4.87854E+16
155648,8.17093E+18,8,4,36,64,2017,9,15,2,3,5,3,1,1,0,0,0,0,0,5.45782E+20,5.29322E+21,9.61127E+15,4.77907E+16
155649,8.17093E+18,8,4,37,104,2017,9,8,2,3,0,1,0,0,0,1,0,0,0,5.15938E+20,5.32648E+21,9.21404E+15,4.80914E+16
155650,8.17093E+18,8,4,21,0,2017,9,14,2,2,6,2,0,1,1,0,0,0,0,5.73849E+20,5.36114E+21,9.99772E+15,4.83991E+16
155651,8.17093E+18,8,4,26,21,2017,9,13,2,3,5,3,0,1,0,1,0,0,0,5.59153E+20,5.32678E+21,9.7944E+15,4.80916E+16
155652,8.17093E+18,8,4,16,41,2017,9,17,2,3,5,3,0,1,0,1,0,0,0,5.03847E+20,5.37481E+21,9.05211E+15,4.85264E+16
155653,8.17093E+18,8,4,15,14,2017,9,13,2,3,3,2,1,1,0,0,0,0,0,5.26172E+20,5.37472E+21,9.35447E+15,4.85251E+16
155654,8.17093E+18,8,4,15,61,2017,9,6,2,3,3,6,1,1,0,0,0,2,0,5.14579E+20,5.37229E+21,9.19737E+15,4.85036E+16
155655,8.17093E+18,8,4,15,61,2017,9,19,2,3,9,1,0,1,0,0,0,0,0,5.13787E+20,5.37455E+21,9.18672E+15,4.85239E+16
155656,8.17093E+18,8,4,15,61,2017,9,18,2,3,5,3,0,1,0,0,0,0,0,5.1723E+20,5.37374E+21,9.23332E+15,4.85165E+16
155657,8.17093E+18,8,3,35,98,2017,9,17,2,2,5,3,1,1,0,0,0,0,0,5.02178E+20,5.29434E+21,9.02909E+15,4.78024E+16
155658,8.17093E+18,8,4,36,82,2017,9,15,2,3,1,7,1,1,0,0,0,0,0,5.47845E+20,5.29514E+21,9.63903E+15,4.78078E+16
155659,8.17093E+18,8,3,27,50,2017,9,7,2,3,0,3,0,1,0,1,0,0,1,4.85569E+20,5.31493E+21,8.80659E+15,4.79875E+16
155660,8.17093E+18,8,3,26,5,2017,9,8,2,3,0,6,1,1,0,0,0,0,0,4.65173E+20,5.29837E+21,8.53458E+15,4.78377E+16
155661,8.17093E+18,8,3,26,12,2017,9,8,2,3,0,3,1,0,0,0,1,0,0,4.62953E+20,5.31237E+21,8.50371E+15,4.79636E+16
155662,8.17093E+18,8,3,17,114,2017,9,11,2,3,5,3,0,1,0,1,0,0,0,4.06195E+20,5.34695E+21,7.73589E+15,4.82688E+16
155663,8.17093E+18,8,3,17,75,2017,9,20,2,3,8,7,0,1,0,0,0,2,0,4.0899E+20,5.3632E+21,7.77003E+15,4.84154E+16
155664,8.17093E+18,8,3,17,57,2017,9,15,2,3,5,3,0,1,0,0,1,0,0,4.14256E+20,5.3781E+21,7.83813E+15,4.85502E+16
155665,8.17093E+18,8,3,17,65,2017,9,19,2,2,5,7,0,1,0,1,0,2,0,4.14949E+20,5.35404E+21,7.8524E+15,4.83338E+16
155666,8.17093E+18,8,3,16,11,2017,9,20,2,3,2,2,0,1,0,0,0,2,0,4.14493E+20,5.33018E+21,7.85107E+15,4.81191E+16
155667,8.17093E+18,8,3,36,91,2017,9,15,2,3,0,6,0,1,0,0,0,0,0,3.95127E+20,5.27255E+21,7.6049E+15,4.75979E+16
155668,8.17093E+18,8,3,36,50,2017,9,11,2,2,7,7,1,0,0,0,0,0,0,3.98711E+20,5.27435E+21,7.65215E+15,4.76146E+16
155669,8.17093E+18,8,2,31,0,2017,9,18,2,2,6,4,0,1,1,0,0,0,0,4.76325E+20,5.41541E+21,8.67702E+15,4.88912E+16
155670,8.17093E+18,8,2,31,0,2017,9,8,2,3,5,2,0,1,0,1,0,0,0,4.7999E+20,5.41467E+21,8.72706E+15,4.88847E+16
155671,8.17093E+18,8,2,26,60,2017,9,23,2,3,1,5,0,1,0,0,0,2,0,4.7714E+20,5.46418E+21,8.68537E+15,4.93299E+16
155672,8.17093E+18,8,2,26,85,2017,9,18,2,3,8,1,0,0,0,1,0,0,0,4.93201E+20,5.45516E+21,8.90658E+15,4.92492E+16
155673,8.17093E+18,8,2,26,62,2017,9,22,2,3,0,5,0,1,0,0,0,2,0,4.69802E+20,5.46868E+21,8.58404E+15,4.93701E+16
155674,8.17093E+18,8,2,25,58,2017,9,18,2,3,5,3,0,1,0,0,0,0,0,5.09799E+20,5.46583E+21,9.13491E+15,4.93451E+16
155675,8.17093E+18,8,2,16,7,2017,9,15,2,3,5,3,0,0,0,1,1,0,0,4.36188E+20,5.39411E+21,8.13281E+15,4.86967E+16
155676,8.17093E+18,8,2,15,97,2017,9,15,2,3,5,3,0,1,0,0,0,0,0,4.80269E+20,5.44295E+21,8.72948E+15,4.91391E+16
155677,8.17093E+18,8,2,15,17,2017,9,16,2,3,5,2,1,1,0,0,0,0,0,4.5463E+20,5.42071E+21,8.38047E+15,4.89376E+16
155678,8.17093E+18,8,2,12,0,2017,9,11,2,3,0,2,0,1,0,1,0,0,0,4.58394E+20,5.42833E+21,8.43109E+15,4.90065E+16
155679,8.17093E+18,8,1,18,27,2017,9,16,2,2,5,3,1,1,0,0,0,0,0,5.0253E+20,5.41251E+21,9.0345E+15,4.88655E+16
155680,8.17093E+18,8,1,28,7,2017,9,11,2,3,5,2,0,1,0,1,0,0,0,5.55863E+20,5.48256E+21,9.7714E+15,4.94931E+16
155681,8.17093E+18,8,1,27,14,2017,9,8,2,2,5,3,1,0,0,0,1,0,0,5.76574E+20,5.44308E+21,1.00498E+16,4.91357E+16
155682,8.17093E+18,8,1,27,76,2017,9,14,2,3,5,3,0,1,0,1,0,0,0,5.53552E+20,5.43883E+21,9.73363E+15,4.91E+16
155683,8.17093E+18,8,1,19,8,2017,9,17,2,3,0,6,0,1,0,0,1,0,0,5.32045E+20,5.42054E+21,9.43756E+15,4.89369E+16
155684,8.17093E+18,8,1,15,45,2017,9,15,2,3,5,3,1,1,0,0,0,0,0,5.00645E+20,5.39356E+21,9.00877E+15,4.86951E+16
155685,8.17093E+18,8,1,16,78,2017,9,17,2,3,1,5,1,1,0,0,0,0,0,5.1224E+20,5.39337E+21,9.16633E+15,4.86933E+16
155686,8.17093E+18,8,1,16,70,2017,9,17,2,3,6,4,0,1,1,0,0,0,0,5.38093E+20,5.38523E+21,9.51688E+15,4.8619E+16
155687,8.17093E+18,8,1,11,0,2017,9,18,2,3,5,3,1,1,0,0,0,0,0,5.14203E+20,5.40614E+21,9.19344E+15,4.88081E+16
155688,8.17093E+18,8,1,11,0,2017,9,18,2,3,2,6,1,0,0,0,1,0,0,5.10374E+20,5.40207E+21,9.14119E+15,4.87716E+16
155689,8.17092E+18,8,4,36,81,2017,9,16,1,3,0,1,1,0,0,0,0,0,0,5.61731E+20,5.28245E+21,9.82267E+15,4.76925E+16
155690,8.17092E+18,8,4,16,36,2017,9,15,1,3,0,1,1,0,0,0,0,0,0,4.95348E+20,5.36946E+21,8.93705E+15,4.84783E+16
155691,8.17092E+18,8,3,36,69,2017,9,15,1,2,1,5,1,1,0,0,0,0,0,4.09828E+20,5.26925E+21,7.8011E+15,4.75704E+16
155692,8.17092E+18,8,3,36,50,2017,9,14,1,3,0,6,1,0,0,0,0,0,0,3.9971E+20,5.27333E+21,7.66567E+15,4.76056E+16
155693,8.17092E+18,8,3,35,43,2017,9,23,1,3,9,7,1,0,0,0,0,2,1,5.12724E+20,5.27837E+21,9.16946E+15,4.76586E+16
155694,8.17092E+18,8,3,35,43,2017,9,12,1,3,0,1,0,0,0,1,0,0,0,5.12778E+20,5.28162E+21,9.17027E+15,4.76879E+16
155695,8.17092E+18,8,3,26,52,2017,9,14,1,2,0,7,1,0,0,0,0,0,0,4.51593E+20,5.32872E+21,8.34969E+15,4.81099E+16
155696,8.17092E+18,8,3,25,49,2017,9,0,1,3,8,1,0,1,0,0,0,2,0,4.70914E+20,5.33506E+21,8.60881E+15,4.81681E+16
155697,8.17092E+18,8,3,17,96,2017,9,14,1,3,0,7,1,0,0,0,0,0,0,4.22072E+20,5.371E+21,7.94534E+15,4.84873E+16
155698,8.17092E+18,8,3,15,47,2017,9,16,1,3,0,7,1,0,0,0,0,0,0,4.15917E+20,5.3225E+21,7.87171E+15,4.80503E+16
155699,8.17092E+18,8,2,26,3,2017,9,17,1,3,2,6,0,1,0,0,0,0,0,4.65287E+20,5.45877E+21,8.52271E+15,4.92807E+16
155700,8.17092E+18,8,2,15,9,2017,9,13,1,3,2,6,0,1,0,0,0,0,0,4.70188E+20,5.44145E+21,8.59139E+15,4.91252E+16
155701,8.17092E+18,8,2,12,0,2017,9,3,1,3,5,3,0,1,0,0,1,2,0,4.55632E+20,5.43272E+21,8.39285E+15,4.90457E+16
155702,8.17092E+18,8,2,12,0,2017,9,15,1,3,5,3,1,1,0,0,0,0,0,4.5504E+20,5.42989E+21,8.38506E+15,4.90203E+16
155703,8.17092E+18,8,1,11,0,2017,9,18,1,2,5,3,1,1,0,0,0,0,0,5.06345E+20,5.40563E+21,9.08641E+15,4.88036E+16
155704,8.17092E+18,8,4,37,76,2017,9,13,7,3,0,7,0,0,0,1,0,0,0,5.25771E+20,5.32208E+21,9.34582E+15,4.80515E+16
155705,8.17092E+18,8,4,35,16,2017,9,10,7,3,6,6,1,0,1,0,0,0,0,5.38654E+20,5.2796E+21,9.5149E+15,4.76687E+16
155706,8.17092E+18,8,4,26,21,2017,9,19,7,3,0,1,1,0,0,0,0,2,0,5.5912E+20,5.32612E+21,9.79386E+15,4.80856E+16
155707,8.17092E+18,8,4,25,140,2017,9,20,7,2,0,1,1,0,0,0,0,2,0,5.80251E+20,5.3354E+21,1.00793E+16,4.81668E+16
155708,8.17092E+18,8,4,15,60,2017,9,13,7,2,5,3,1,1,0,0,0,0,0,5.14792E+20,5.38052E+21,9.20055E+15,4.85776E+16
155709,8.17092E+18,8,4,16,36,2017,9,14,7,3,3,6,1,1,0,0,0,0,0,4.95461E+20,5.36911E+21,8.93858E+15,4.84751E+16
155710,8.17092E+18,8,4,15,61,2017,9,20,7,3,1,5,1,1,0,0,0,1,0,5.15731E+20,5.36975E+21,9.21287E+15,4.84807E+16
155711,8.17092E+18,8,3,35,100,2017,9,17,7,3,5,5,0,1,0,1,0,0,0,4.88584E+20,5.28667E+21,8.84774E+15,4.77333E+16
155712,8.17092E+18,8,3,35,75,2017,9,15,7,3,5,3,0,1,0,0,0,0,0,4.89894E+20,5.28919E+21,8.86516E+15,4.7756E+16
155713,8.17092E+18,8,3,35,63,2017,9,14,7,2,5,3,0,1,0,0,1,0,0,4.98683E+20,5.2868E+21,8.98244E+15,4.77346E+16
155714,8.17092E+18,8,3,35,75,2017,9,12,7,2,3,6,0,1,0,1,0,0,0,4.88957E+20,5.2889E+21,8.85267E+15,4.77534E+16
155715,8.17092E+18,8,4,35,36,2017,9,17,7,3,0,1,0,1,0,0,0,0,0,5.2003E+20,5.28374E+21,9.26701E+15,4.77068E+16
155716,8.17092E+18,8,3,27,46,2017,9,13,7,3,0,6,0,0,0,1,0,0,0,4.80988E+20,5.32409E+21,8.74478E+15,4.80698E+16
155717,8.17092E+18,8,3,17,57,2017,9,19,7,2,4,6,1,0,0,0,0,2,1,4.14918E+20,5.37976E+21,7.84677E+15,4.85652E+16
155718,8.17092E+18,8,3,11,0,2017,9,12,7,2,5,3,1,0,0,0,1,0,0,4.15019E+20,5.32069E+21,7.86002E+15,4.80338E+16
155719,8.17092E+18,8,3,11,0,2017,9,18,7,3,2,6,1,1,0,0,0,0,0,4.13718E+20,5.31525E+21,7.84367E+15,4.79848E+16
155720,8.17092E+18,8,3,11,0,2017,9,11,7,3,5,3,1,1,0,0,0,0,0,4.17735E+20,5.31475E+21,7.89759E+15,4.79808E+16
155721,8.17092E+18,8,3,11,0,2017,9,13,7,3,3,6,1,0,0,0,0,0,0,4.10747E+20,5.31535E+21,7.80384E+15,4.79852E+16
155722,8.17092E+18,8,2,12,0,2017,9,15,7,3,1,5,1,0,0,0,1,0,0,4.55392E+20,5.42569E+21,8.39033E+15,4.89825E+16
155723,8.17092E+18,8,2,15,17,2017,9,22,7,2,0,1,1,0,0,0,0,2,0,4.59035E+20,5.42037E+21,8.44066E+15,4.89349E+16
155724,8.17092E+18,8,2,22,0,2017,9,20,7,3,2,6,0,1,0,1,0,2,0,4.6199E+20,5.48131E+21,8.47524E+15,4.94832E+16
155725,8.17092E+18,8,2,22,0,2017,9,14,7,3,5,3,1,1,0,0,0,0,0,4.62212E+20,5.47876E+21,8.47854E+15,4.94603E+16
155726,8.17092E+18,8,2,22,0,2017,9,12,7,3,5,3,0,1,0,0,0,0,0,4.65809E+20,5.47585E+21,8.52843E+15,4.94344E+16
155727,8.17092E+18,8,2,21,0,2017,9,16,7,3,2,6,0,1,0,0,0,0,0,4.77137E+20,5.47183E+21,8.68489E+15,4.93987E+16
155728,8.17092E+18,8,2,15,100,2017,9,11,7,3,5,3,0,1,0,0,0,0,0,4.74953E+20,5.45185E+21,8.65605E+15,4.92189E+16
155729,8.17092E+18,8,2,15,105,2017,9,13,7,3,5,3,1,1,0,0,0,0,0,4.57123E+20,5.44182E+21,8.41228E+15,4.91277E+16
155730,8.17092E+18,8,2,15,17,2017,9,14,7,3,0,1,1,0,0,0,0,0,0,4.55177E+20,5.42187E+21,8.38781E+15,4.89481E+16
155731,8.17092E+18,8,2,25,58,2017,9,5,7,2,9,1,0,1,0,0,0,2,0,5.07614E+20,5.46603E+21,9.10483E+15,4.93469E+16
155732,8.17092E+18,8,1,18,67,2017,9,18,7,2,0,7,0,0,0,0,1,0,0,5.05328E+20,5.41348E+21,9.07267E+15,4.88742E+16
155733,8.17092E+18,8,1,18,48,2017,9,8,7,3,2,6,0,1,0,0,0,0,0,5.12924E+20,5.4166E+21,9.17635E+15,4.89022E+16
155734,8.17092E+18,8,1,18,46,2017,9,17,7,3,5,3,0,1,0,0,0,0,0,5.16426E+20,5.41295E+21,9.22399E+15,4.88693E+16
155735,8.17092E+18,8,1,17,61,2017,9,17,7,3,1,2,1,1,0,0,0,0,0,5.65291E+20,5.39496E+21,9.88742E+15,4.87043E+16
155736,8.17092E+18,8,1,16,49,2017,9,15,7,3,2,6,1,1,0,0,0,0,0,5.25521E+20,5.38432E+21,9.34624E+15,4.86114E+16
155737,8.17092E+18,8,1,16,33,2017,9,13,7,2,4,2,1,0,0,0,0,0,0,5.33154E+20,5.38907E+21,9.45016E+15,4.86538E+16
155738,8.17092E+18,8,1,16,47,2017,9,14,7,3,2,6,0,1,0,0,0,0,0,5.19723E+20,5.39315E+21,9.26799E+15,4.8691E+16
155739,8.17092E+18,8,1,11,0,2017,9,20,7,2,5,3,0,1,0,1,0,2,0,5.12537E+20,5.40327E+21,9.17066E+15,4.87823E+16
155740,8.17092E+18,8,1,11,0,2017,9,15,7,3,2,6,0,1,0,0,0,0,0,5.15411E+20,5.40647E+21,9.2099E+15,4.8811E+16
155741,8.17092E+18,8,1,11,0,2017,9,18,7,3,5,3,1,1,0,0,0,0,0,5.12053E+20,5.40624E+21,9.16416E+15,4.88091E+16
155742,8.17092E+18,8,1,11,0,2017,9,11,7,3,2,6,0,1,0,0,0,0,0,5.09408E+20,5.40681E+21,9.12814E+15,4.88142E+16
155743,8.17092E+18,8,4,36,49,2017,9,18,6,3,5,3,0,1,0,1,0,0,0,5.79498E+20,5.28427E+21,1.00597E+16,4.77069E+16
155744,8.17092E+18,8,4,36,64,2017,9,23,6,3,0,3,0,0,0,1,0,2,0,5.46723E+20,5.29348E+21,9.62386E+15,4.7793E+16
155745,8.17092E+18,8,4,36,64,2017,9,13,6,3,0,2,0,0,0,1,1,0,0,5.43055E+20,5.28915E+21,9.57446E+15,4.77542E+16
155746,8.17092E+18,8,4,35,36,2017,9,13,6,3,0,1,1,0,0,0,0,0,0,5.2019E+20,5.2823E+21,9.26907E+15,4.76938E+16
155747,8.17092E+18,8,4,35,30,2017,9,6,6,3,4,2,1,1,0,0,0,2,0,5.40842E+20,5.27178E+21,9.54331E+15,4.75981E+16
155748,8.17092E+18,8,4,26,70,2017,9,15,6,2,5,3,0,1,0,1,0,0,0,5.64779E+20,5.34183E+21,9.87223E+15,4.82264E+16
155749,8.17092E+18,8,4,25,141,2017,9,13,6,3,4,6,0,1,0,0,0,0,0,5.66797E+20,5.36313E+21,9.90277E+15,4.84178E+16
155750,8.17092E+18,8,4,25,39,2017,9,18,6,3,4,6,0,1,0,0,1,1,0,5.656E+20,5.35299E+21,9.88502E+15,4.83267E+16
155751,8.17092E+18,8,1,16,19,2017,9,2,6,2,6,4,0,1,1,0,0,2,0,5.23671E+20,5.39957E+21,9.32202E+15,4.87487E+16