OBJECTID,UIDENTSTLA,ULAND,UREGBEZ,UKREIS,UGEMEINDE,UJAHR,UMONAT,USTUNDE,UWOCHENTAG,UKATEGORIE,UART,UTYP1,IstRad,IstPKW,IstFuss,IstKrad,IstSonstig,LICHT,STRZUSTAND,LINREFX,LINREFY,XGCSWGS84,YGCSWGS84
156097,8.17101E+18,8,3,35,75,2017,10,17,3,3,5,3,0,1,0,0,0,0,0,4.91155E+20,5.28877E+21,8.88199E+15,4.77522E+16
156098,8.17101E+18,8,3,26,74,2017,10,15,3,3,5,3,1,1,0,0,0,0,0,4.65128E+20,5.32215E+21,8.53205E+15,4.80517E+16
156099,8.17101E+18,8,3,17,96,2017,10,15,3,3,5,3,1,1,0,0,0,0,0,4.21226E+20,5.36809E+21,7.93445E+15,4.8461E+16
156100,8.17101E+18,8,3,16,43,2017,10,16,3,3,5,3,1,1,0,0,0,0,0,4.11412E+20,5.33152E+21,7.8094E+15,4.81307E+16
156101,8.17101E+18,8,3,11,0,2017,10,17,3,3,0,1,0,0,0,1,0,0,0,4.12978E+20,5.31638E+21,7.83353E+15,4.79948E+16
156102,8.17101E+18,8,2,12,0,2017,10,16,3,3,2,6,0,1,0,1,0,0,1,4.5763E+20,5.43019E+21,8.42044E+15,4.90231E+16
156103,8.17101E+18,8,2,12,0,2017,10,17,3,2,5,3,1,1,0,0,0,0,0,4.54004E+20,5.42799E+21,8.37111E+15,4.90031E+16
156104,8.17101E+18,8,2,31,0,2017,10,16,3,3,2,6,0,1,0,0,0,0,1,4.8208E+20,5.41421E+21,8.75558E+15,4.88806E+16
156105,8.17101E+18,8,2,31,0,2017,10,22,3,3,1,6,0,1,0,0,0,2,0,4.75745E+20,5.41496E+21,8.66914E+15,4.88871E+16
156106,8.17101E+18,8,2,25,39,2017,10,12,3,3,5,1,0,1,0,0,0,0,1,5.302E+20,5.49418E+21,9.41794E+15,4.95994E+16
156107,8.17101E+18,8,2,25,74,2017,10,17,3,3,5,3,0,1,0,0,1,0,1,5.02002E+20,5.46568E+21,9.02757E+15,4.93438E+16
156108,8.17101E+18,8,2,22,0,2017,10,8,3,3,5,3,1,1,0,0,0,0,1,4.64233E+20,5.48072E+21,8.50625E+15,4.94781E+16
156109,8.17101E+18,8,2,12,0,2017,10,18,3,3,0,3,1,1,0,0,0,1,1,4.57165E+20,5.42773E+21,8.41435E+15,4.9001E+16
156110,8.17101E+18,8,2,12,0,2017,10,9,3,3,5,2,1,1,0,0,0,0,0,4.59358E+20,5.42685E+21,8.44441E+15,4.89932E+16
156111,8.17101E+18,8,1,18,46,2017,10,19,3,3,5,3,0,1,0,0,0,2,1,5.1322E+20,5.41186E+21,9.18023E+15,4.88596E+16
156112,8.17101E+18,8,1,36,19,2017,10,17,3,3,1,6,0,1,0,0,0,1,1,5.82654E+20,5.42349E+21,1.01291E+16,4.89588E+16
156113,8.17101E+18,8,1,35,16,2017,10,21,3,3,9,1,0,1,0,0,0,2,1,5.91511E+20,5.38708E+21,1.0242E+16,4.86301E+16
156114,8.17101E+18,8,4,25,72,2017,10,6,3,2,2,2,0,1,0,0,1,2,0,5.82732E+20,5.37266E+21,1.012E+16,4.85016E+16
156115,8.17101E+18,8,1,28,131,2017,10,6,3,3,0,1,0,0,0,1,0,2,1,5.35853E+20,5.5141E+21,9.49798E+15,4.97783E+16
156116,8.17101E+18,8,1,28,20,2017,10,13,3,3,6,4,0,1,1,0,0,0,0,5.77124E+20,5.48109E+21,1.00647E+16,4.94776E+16
156117,8.17101E+18,8,1,28,7,2017,10,10,3,3,5,2,1,1,0,0,0,0,1,5.55767E+20,5.48244E+21,9.77005E+15,4.9492E+16
156118,8.17101E+18,8,1,26,46,2017,10,14,3,3,4,6,0,0,0,1,1,0,1,5.57885E+20,5.4593E+21,9.79594E+15,4.92837E+16
156119,8.17101E+18,8,1,25,39,2017,10,12,3,2,5,3,1,1,0,0,0,0,1,5.11482E+20,5.45904E+21,9.15788E+15,4.9284E+16
156120,8.17101E+18,8,1,21,0,2017,10,12,3,3,6,4,0,1,1,0,0,0,0,5.15003E+20,5.44322E+21,9.2057E+15,4.91416E+16
156121,8.17101E+18,8,1,21,0,2017,10,12,3,3,0,7,1,0,1,0,0,0,0,5.156E+20,5.4431E+21,9.21389E+15,4.91405E+16
156122,8.17101E+18,8,1,19,84,2017,10,13,3,3,6,7,0,1,1,0,0,0,1,5.45687E+20,5.41356E+21,9.62305E+15,4.88733E+16
156123,8.17101E+18,8,1,18,48,2017,10,10,3,3,0,7,1,0,0,0,0,0,0,5.16568E+20,5.41558E+21,9.22603E+15,4.88929E+16
156124,8.17101E+18,8,1,15,3,2017,10,11,3,3,6,6,0,1,0,0,1,0,0,5.00853E+20,5.39169E+21,9.01158E+15,4.86783E+16
156125,8.17101E+18,8,1,17,24,2017,10,12,3,3,6,4,0,1,1,0,0,0,0,5.62043E+20,5.38511E+21,9.8418E+15,4.8616E+16
156126,8.17101E+18,8,1,15,45,2017,10,16,3,3,6,7,0,1,1,0,0,0,0,5.00558E+20,5.39394E+21,9.00758E+15,4.86985E+16
156127,8.17101E+18,8,1,11,0,2017,10,14,3,3,0,7,0,0,0,1,0,0,0,5.12538E+20,5.40278E+21,9.17066E+15,4.87779E+16
156128,8.17101E+18,8,1,11,0,2017,10,8,3,3,6,4,0,1,1,0,0,0,0,5.11887E+20,5.40634E+21,9.1619E+15,4.88099E+16
156129,8.17101E+18,8,1,11,0,2017,10,18,3,3,2,6,0,1,0,0,0,1,0,5.14676E+20,5.4076E+21,9.19994E+15,4.88212E+16
156130,8.17101E+18,8,4,37,104,2017,10,12,2,3,5,2,0,1,0,0,0,0,0,5.15873E+20,5.32623E+21,9.21315E+15,4.80891E+16
156131,8.17101E+18,8,4,35,16,2017,10,16,2,3,0,7,1,0,0,0,0,0,0,5.34455E+20,5.27843E+21,9.45888E+15,4.76584E+16
156132,8.17101E+18,8,4,17,79,2017,10,7,2,3,2,6,0,1,0,1,0,1,0,5.011E+20,5.3445E+21,9.01483E+15,4.82537E+16
156133,8.17101E+18,8,4,16,41,2017,10,15,2,3,6,4,0,0,1,0,1,0,1,5.03827E+20,5.37319E+21,9.05181E+15,4.85118E+16
156134,8.17101E+18,8,4,15,61,2017,10,5,2,3,5,2,1,1,0,0,0,2,0,5.13623E+20,5.37039E+21,9.18437E+15,4.84865E+16
156135,8.17101E+18,8,3,37,126,2017,10,17,2,3,2,7,0,1,0,1,0,0,0,4.46689E+20,5.27603E+21,8.29031E+15,4.76355E+16
156136,8.17101E+18,8,3,37,96,2017,10,13,2,3,5,3,0,1,0,0,0,0,0,4.21076E+20,5.26764E+21,7.95092E+15,4.75573E+16
156137,8.17101E+18,8,3,36,50,2017,10,11,2,3,1,5,1,1,0,0,0,0,0,3.99291E+20,5.27376E+21,7.66001E+15,4.76095E+16
156138,8.17101E+18,8,3,35,75,2017,10,8,2,3,0,7,1,0,0,0,0,0,1,4.88249E+20,5.28871E+21,8.84322E+15,4.77517E+16
156139,8.17101E+18,8,3,35,75,2017,10,16,2,3,2,6,0,1,0,0,0,0,1,4.89103E+20,5.29015E+21,8.85458E+15,4.77646E+16
156140,8.17101E+18,8,3,35,43,2017,10,15,2,3,5,3,1,1,0,0,0,0,0,5.13455E+20,5.27984E+21,9.17924E+15,4.76718E+16
156141,8.17101E+18,8,3,35,43,2017,10,17,2,3,2,6,0,1,0,1,0,0,0,5.11717E+20,5.28048E+21,9.1561E+15,4.76776E+16
156142,8.17101E+18,8,4,35,34,2017,10,17,2,3,6,4,0,1,1,0,0,0,0,5.29778E+20,5.28448E+21,9.397E+15,4.7713E+16
156143,8.17101E+18,8,3,27,19,2017,10,12,2,3,6,4,0,1,1,0,0,0,1,4.8152E+20,5.33103E+21,8.75162E+15,4.81323E+16
156144,8.17101E+18,8,3,27,38,2017,10,17,2,2,0,1,1,0,0,0,0,0,1,4.98718E+20,5.31167E+21,8.98283E+15,4.79583E+16
156145,8.17101E+18,8,3,26,74,2017,10,6,2,3,5,3,1,1,0,0,0,2,1,4.60312E+20,5.32243E+21,8.4674E+15,4.80539E+16
156146,8.17101E+18,8,3,11,0,2017,10,20,2,3,8,1,0,1,0,0,0,2,1,4.13962E+20,5.31766E+21,7.84646E+15,4.80065E+16
156147,8.17101E+18,8,3,11,0,2017,10,21,2,3,0,7,0,1,0,0,0,0,0,4.14251E+20,5.31661E+21,7.85054E+15,4.7997E+16
156148,8.17101E+18,8,3,15,51,2017,10,17,2,3,4,1,0,1,0,1,0,0,0,4.17722E+20,5.32271E+21,7.89589E+15,4.80523E+16
156149,8.17101E+18,8,3,15,109,2017,10,16,2,3,5,3,1,1,0,0,0,0,0,4.2265E+20,5.31478E+21,7.96344E+15,4.79817E+16
156150,8.17101E+18,8,3,15,41,2017,10,23,2,3,8,1,0,0,0,0,1,2,0,4.19905E+20,5.3205E+21,7.92559E+15,4.80327E+16
156151,8.17101E+18,8,3,11,0,2017,10,18,2,3,4,6,1,0,0,0,0,0,0,4.13855E+20,5.31705E+21,7.84514E+15,4.8001E+16
156152,8.17101E+18,8,3,11,0,2017,10,10,2,3,0,7,1,0,0,0,0,0,0,4.10697E+20,5.31504E+21,7.80324E+15,4.79824E+16
156153,8.17101E+18,8,2,12,0,2017,10,10,2,3,0,1,1,0,0,0,0,0,1,4.5992E+20,5.42822E+21,8.45197E+15,4.90056E+16
156154,8.17101E+18,8,2,12,0,2017,10,11,2,3,5,2,1,1,0,0,0,0,0,4.53919E+20,5.42949E+21,8.36978E+15,4.90166E+16
156155,8.17101E+18,8,2,31,0,2017,10,22,2,2,9,1,0,1,0,0,0,2,0,4.8057E+20,5.41673E+21,8.73487E+15,4.89032E+16
156156,8.17101E+18,8,2,26,13,2017,10,7,2,3,3,6,1,1,0,0,0,1,0,4.98791E+20,5.48019E+21,8.98332E+15,4.94744E+16
156157,8.17101E+18,8,2,21,0,2017,10,16,2,3,0,3,1,1,0,0,0,0,1,4.77301E+20,5.46977E+21,8.68727E+15,4.93802E+16
156158,8.17101E+18,8,2,21,0,2017,10,12,2,3,5,3,1,1,0,0,0,0,0,4.76572E+20,5.47243E+21,8.67708E+15,4.94041E+16
156159,8.17101E+18,8,2,26,91,2017,10,12,2,2,0,7,0,0,1,0,1,0,0,4.93249E+20,5.46075E+21,8.90714E+15,4.92995E+16
156160,8.17101E+18,8,2,16,15,2017,10,8,2,3,5,7,1,1,0,0,0,0,0,4.49955E+20,5.40643E+21,8.31839E+15,4.88088E+16
156161,8.17101E+18,8,2,12,0,2017,10,19,2,3,5,3,0,1,0,1,0,1,0,4.55008E+20,5.42991E+21,8.38462E+15,4.90205E+16
156162,8.17101E+18,8,2,12,0,2017,10,18,2,3,9,3,0,1,0,0,1,0,0,4.54687E+20,5.42723E+21,8.38052E+15,4.89963E+16
156163,8.17101E+18,8,1,36,65,2017,10,6,2,3,4,1,0,1,0,0,0,1,1,5.59769E+20,5.40633E+21,9.81402E+15,4.88071E+16
156164,8.17101E+18,8,1,35,20,2017,10,19,2,3,2,6,0,1,0,0,0,2,0,5.87187E+20,5.38571E+21,1.0183E+16,4.86184E+16
156165,8.17101E+18,8,1,35,19,2017,10,18,2,3,6,4,0,1,1,0,0,1,0,5.83637E+20,5.39466E+21,1.01367E+16,4.86994E+16
156166,8.17101E+18,8,1,26,46,2017,10,16,2,3,2,6,0,1,0,1,0,0,0,5.49969E+20,5.45867E+21,9.68702E+15,4.92787E+16
156167,8.17101E+18,8,1,19,20,2017,10,11,2,2,6,4,0,1,1,0,0,0,0,5.20273E+20,5.40643E+21,9.27612E+15,4.88105E+16
156168,8.17101E+18,8,1,19,67,2017,10,15,2,2,6,7,0,0,1,0,1,0,0,5.3909E+20,5.40617E+21,9.53239E+15,4.88073E+16
156169,8.17101E+18,8,1,16,71,2017,10,9,2,3,5,3,1,0,0,0,1,0,0,5.27339E+20,5.39138E+21,9.37136E+15,4.86749E+16
156170,8.17101E+18,8,1,16,80,2017,10,6,2,3,5,3,1,0,0,1,0,2,0,5.20104E+20,5.39499E+21,9.27327E+15,4.87076E+16
156171,8.17101E+18,8,1,16,77,2017,10,13,2,3,5,2,1,1,0,0,0,0,0,5.1634E+20,5.39154E+21,9.22197E+15,4.86767E+16
156172,8.17101E+18,8,1,16,19,2017,10,6,2,2,2,6,0,1,0,0,0,2,1,5.25167E+20,5.39645E+21,9.34218E+15,4.87206E+16
156173,8.17101E+18,8,1,16,19,2017,10,13,2,2,4,1,0,1,0,0,0,0,0,5.22327E+20,5.40002E+21,9.30376E+15,4.87528E+16
156174,8.17101E+18,8,1,11,0,2017,10,18,2,3,5,7,0,1,0,0,1,0,0,5.10754E+20,5.40242E+21,9.14636E+15,4.87747E+16
156175,8.17101E+18,8,1,11,0,2017,10,6,2,3,5,3,0,1,0,0,0,2,1,5.1958E+20,5.40011E+21,9.26639E+15,4.87537E+16
156176,8.17101E+18,8,1,11,0,2017,10,7,2,3,2,6,0,1,0,0,0,0,1,5.11796E+20,5.40392E+21,9.1606E+15,4.87881E+16
156177,8.17101E+18,8,1,11,0,2017,10,0,2,3,2,6,0,1,0,0,0,2,0,5.1745E+20,5.40255E+21,9.23752E+15,4.87757E+16
156178,8.17101E+18,8,1,11,0,2017,10,9,2,3,0,1,0,0,0,1,0,0,1,5.14103E+20,5.40301E+21,9.19197E+15,4.878E+16
156179,8.17101E+18,8,4,21,0,2017,10,17,1,3,9,1,0,1,0,0,0,0,0,5.72093E+20,5.35592E+21,9.97311E+15,4.83523E+16
156180,8.17101E+18,8,4,16,36,2017,10,4,1,3,9,1,0,1,0,0,0,2,1,4.9461E+20,5.36829E+21,8.92709E+15,4.84677E+16
156181,8.17101E+18,8,4,15,53,2017,10,19,1,3,6,2,0,1,1,0,0,0,0,5.36477E+20,5.36184E+21,9.4929E+15,4.84086E+16
156182,8.17101E+18,8,4,15,61,2017,10,17,1,3,0,7,1,0,0,0,0,0,0,5.15457E+20,5.36967E+21,9.20916E+15,4.84799E+16
156183,8.17101E+18,8,3,37,60,2017,10,16,1,3,3,7,1,0,0,0,0,0,0,4.68099E+20,5.27741E+21,8.57522E+15,4.76493E+16
156184,8.17101E+18,8,3,36,69,2017,10,3,1,2,9,7,0,1,0,0,0,2,1,4.077E+20,5.26848E+21,7.77297E+15,4.75632E+16
156185,8.17101E+18,8,3,11,0,2017,10,16,1,2,5,3,1,1,0,0,0,0,0,4.12801E+20,5.31675E+21,7.83108E+15,4.79981E+16
156186,8.17101E+18,8,2,12,0,2017,10,19,1,3,5,3,1,1,0,0,0,2,0,4.61335E+20,5.42742E+21,8.47139E+15,4.89985E+16
156187,8.17101E+18,8,2,26,63,2017,10,3,1,2,6,7,0,1,1,0,0,2,1,4.69854E+20,5.47169E+21,8.58454E+15,4.93972E+16
156188,8.17101E+18,8,2,22,0,2017,10,17,1,3,5,3,0,1,0,0,0,0,1,4.61531E+20,5.48381E+21,8.46865E+15,4.95057E+16
156189,8.17101E+18,8,2,12,0,2017,10,15,1,3,0,7,0,1,1,0,0,0,0,4.56106E+20,5.42853E+21,8.39979E+15,4.90081E+16
156190,8.17101E+18,8,1,19,8,2017,10,16,1,3,9,1,0,1,0,0,0,0,0,5.33963E+20,5.42235E+21,9.46391E+15,4.89531E+16
156191,8.17101E+18,8,1,18,27,2017,10,10,1,3,0,7,1,0,0,0,0,0,1,5.02638E+20,5.41215E+21,9.03597E+15,4.88623E+16
156192,8.17101E+18,8,1,11,0,2017,10,20,1,2,5,2,0,1,0,1,0,2,0,5.16367E+20,5.40532E+21,9.22287E+15,4.88007E+16
156193,8.17101E+18,8,1,11,0,2017,10,11,1,3,5,2,0,1,0,0,0,0,0,5.16666E+20,5.40893E+21,9.2271E+15,4.88331E+16
156194,8.17101E+18,8,4,37,53,2017,10,17,7,3,6,7,0,1,1,0,0,0,0,5.28325E+20,5.31953E+21,9.37993E+15,4.80284E+16
156195,8.17101E+18,8,4,26,21,2017,10,6,7,3,5,3,0,1,0,1,0,1,1,5.59357E+20,5.32675E+21,9.79713E+15,4.80912E+16
156196,8.17101E+18,8,4,26,21,2017,10,9,7,3,5,3,1,1,0,0,0,0,0,5.58464E+20,5.32726E+21,9.78521E+15,4.80959E+16
156197,8.17101E+18,8,4,16,25,2017,10,17,7,2,0,7,1,0,0,0,0,0,0,5.08145E+20,5.36252E+21,9.11008E+15,4.84158E+16
156198,8.17101E+18,8,4,16,36,2017,10,16,7,3,9,1,0,0,0,1,0,0,0,4.97733E+20,5.36907E+21,8.96932E+15,4.84747E+16
156199,8.17101E+18,8,4,15,61,2017,10,7,7,3,6,7,0,0,1,0,1,0,0,5.1265E+20,5.37127E+21,9.17122E+15,4.84944E+16
156200,8.17101E+18,8,3,36,45,2017,10,14,7,3,0,6,1,1,0,0,0,0,0,3.94196E+20,5.28309E+21,7.58997E+15,4.76926E+16
156201,8.17101E+18,8,2,37,45,2017,10,15,7,2,6,7,0,1,1,0,0,0,0,4.59253E+20,5.36218E+21,8.44937E+15,4.84115E+16
156202,8.17101E+18,8,3,17,96,2017,10,3,7,3,6,7,0,0,1,0,1,2,0,4.23067E+20,5.3719E+21,7.95865E+15,4.84956E+16
156203,8.17101E+18,8,3,15,76,2017,10,14,7,3,5,3,0,1,0,0,0,0,0,3.92679E+20,5.29704E+21,7.56632E+15,4.78177E+16
156204,8.17101E+18,8,3,11,0,2017,10,12,7,3,3,6,1,0,0,0,0,0,0,4.14569E+20,5.31526E+21,7.85507E+15,4.79849E+16
156205,8.17101E+18,8,3,11,0,2017,10,10,7,3,1,3,0,1,0,1,0,0,0,4.14386E+20,5.31834E+21,7.85201E+15,4.80126E+16
156206,8.17101E+18,8,2,12,0,2017,10,21,7,3,5,3,0,1,0,1,0,2,1,4.54367E+20,5.42833E+21,8.37602E+15,4.90062E+16
156207,8.17101E+18,8,2,37,28,2017,10,15,7,3,6,4,0,1,1,0,0,0,0,4.56478E+20,5.36745E+21,8.41132E+15,4.84586E+16
156208,8.17101E+18,8,2,31,0,2017,10,17,7,3,3,6,0,1,0,0,0,0,0,4.77256E+20,5.41542E+21,8.68972E+15,4.88913E+16
156209,8.17101E+18,8,2,35,47,2017,10,21,7,2,8,1,0,1,0,0,0,2,0,4.74953E+20,5.3907E+21,8.65981E+15,4.86688E+16
156210,8.17101E+18,8,2,26,3,2017,10,14,7,2,1,5,0,1,0,1,0,0,0,4.63992E+20,5.46152E+21,8.50467E+15,4.93054E+16
156211,8.17101E+18,8,2,25,109,2017,10,11,7,3,0,1,1,1,0,0,0,0,0,5.26592E+20,5.49216E+21,9.36787E+15,4.95814E+16
156212,8.17101E+18,8,2,22,0,2017,10,15,7,3,1,5,1,1,0,0,0,0,0,4.61472E+20,5.48176E+21,8.46804E+15,4.94872E+16
156213,8.17101E+18,8,2,22,0,2017,10,0,7,2,5,3,0,1,0,0,0,2,0,4.60564E+20,5.48765E+21,8.45491E+15,4.95401E+16
156214,8.17101E+18,8,2,26,41,2017,10,12,7,3,5,3,0,1,0,0,1,0,0,4.77432E+20,5.46655E+21,8.68925E+15,4.93513E+16
156215,8.17101E+18,8,1,36,65,2017,10,21,7,2,0,1,0,0,0,1,0,2,0,5.64217E+20,5.40138E+21,9.87382E+15,4.87621E+16
156216,8.17101E+18,8,1,21,0,2017,10,1,7,3,1,6,0,1,0,0,0,2,0,5.16181E+20,5.4431E+21,9.22185E+15,4.91405E+16
156217,8.17101E+18,8,1,19,85,2017,10,13,7,3,5,3,0,1,0,0,0,0,0,5.30604E+20,5.4152E+21,9.41749E+15,4.8889E+16
156218,8.17101E+18,8,1,19,86,2017,10,21,7,2,1,5,1,1,0,0,0,2,1,5.35837E+20,5.40529E+21,9.48801E+15,4.87996E+16
156219,8.17101E+18,8,1,16,78,2017,10,16,7,3,4,3,0,1,0,1,0,0,0,5.12497E+20,5.39309E+21,9.16981E+15,4.86907E+16
156220,8.17101E+18,8,1,16,77,2017,10,2,7,3,0,7,0,1,0,0,0,2,0,5.16125E+20,5.38855E+21,9.21893E+15,4.86498E+16
156221,8.17101E+18,8,1,16,19,2017,10,13,7,2,9,1,1,0,0,0,0,0,0,5.24065E+20,5.39945E+21,9.32736E+15,4.87476E+16
156222,8.17101E+18,8,1,15,45,2017,10,5,7,3,5,2,0,1,0,0,0,2,0,4.98432E+20,5.39345E+21,8.9787E+15,4.86941E+16
156223,8.17101E+18,8,1,15,3,2017,10,16,7,3,0,7,1,0,0,0,0,0,0,5.00579E+20,5.39156E+21,9.00787E+15,4.86771E+16
156224,8.17101E+18,8,1,11,0,2017,10,12,7,3,0,2,0,1,0,1,0,0,0,5.12081E+20,5.40269E+21,9.16444E+15,4.87771E+16
156225,8.17101E+18,8,1,11,0,2017,10,21,7,3,6,2,0,1,1,0,0,2,1,5.16088E+20,5.40581E+21,9.2191E+15,4.88051E+16
156226,8.17101E+18,8,4,35,34,2017,10,12,6,3,2,6,0,1,0,1,0,0,0,5.29083E+20,5.28512E+21,9.38778E+15,4.77188E+16
156227,8.17101E+18,8,4,21,0,2017,10,15,6,2,2,6,0,1,0,0,0,0,0,5.73255E+20,5.36177E+21,9.9898E+15,4.84048E+16
156228,8.17101E+18,8,4,21,0,2017,10,19,6,3,4,2,0,1,0,0,0,2,1,5.73553E+20,5.36147E+21,9.99378E+15,4.84021E+16
156229,8.17101E+18,8,4,16,48,2017,10,18,6,3,5,2,1,1,0,0,0,1,1,4.97593E+20,5.37794E+21,8.96738E+15,4.85546E+16
156230,8.17101E+18,8,4,15,61,2017,10,19,6,3,6,4,0,1,1,0,0,2,0,5.15919E+20,5.37039E+21,9.21543E+15,4.84865E+16
156231,8.17101E+18,8,3,35,63,2017,10,21,6,3,0,3,1,1,0,0,0,2,1,4.97801E+20,5.28708E+21,8.97067E+15,4.77371E+16
156232,8.17101E+18,8,3,35,43,2017,10,7,6,3,0,7,1,0,0,0,0,0,0,5.13997E+20,5.28075E+21,9.18649E+15,4.768E+16
156233,8.17101E+18,8,3,17,89,2017,10,12,6,3,1,5,1,1,0,0,0,0,1,4.31985E+20,5.376E+21,8.07867E+15,4.85334E+16
156234,8.17101E+18,8,3,15,6,2017,10,15,6,3,2,6,0,1,0,0,0,0,0,4.00937E+20,5.30874E+21,7.67392E+15,4.79243E+16
156235,8.17101E+18,8,3,11,0,2017,10,15,6,2,0,7,0,1,0,0,0,0,0,4.04459E+20,5.31714E+21,7.71919E+15,4.80004E+16
156236,8.17101E+18,8,3,36,50,2017,10,14,6,3,1,6,0,1,0,0,0,0,1,4.01114E+20,5.27603E+21,7.68375E+15,4.76301E+16
156237,8.17101E+18,8,2,15,109,2017,10,18,6,3,4,2,1,1,0,0,0,0,0,4.61281E+20,5.43443E+21,8.46998E+15,4.90615E+16
156238,8.17101E+18,8,2,12,0,2017,10,20,6,3,2,7,0,1,0,1,0,2,1,4.57884E+20,5.4284E+21,8.42411E+15,4.9007E+16
156239,8.17101E+18,8,2,12,0,2017,10,8,6,3,5,3,0,1,0,0,0,0,0,4.62905E+20,5.42869E+21,8.49273E+15,4.901E+16
156240,8.17101E+18,8,2,12,0,2017,10,13,6,3,1,5,0,1,0,1,0,0,1,4.54306E+20,5.42885E+21,8.37514E+15,4.90109E+16
156241,8.17101E+18,8,2,12,0,2017,10,8,6,3,5,3,1,1,0,0,0,0,0,4.54287E+20,5.42887E+21,8.37488E+15,4.9011E+16
156242,8.17101E+18,8,2,31,0,2017,10,18,6,3,1,1,0,1,0,0,0,0,1,4.75368E+20,5.41541E+21,8.66396E+15,4.88911E+16
156243,8.17101E+18,8,2,31,0,2017,10,0,6,3,0,1,1,0,0,0,0,2,1,4.77173E+20,5.41573E+21,8.68857E+15,4.88941E+16
156244,8.17101E+18,8,2,26,41,2017,10,17,6,3,5,3,1,1,0,0,0,0,1,4.75866E+20,5.46563E+21,8.66775E+15,4.93429E+16
156245,8.17101E+18,8,2,22,0,2017,10,15,6,3,6,4,0,1,1,0,0,0,1,4.63321E+20,5.48293E+21,8.49345E+15,4.94979E+16
156246,8.17101E+18,8,2,21,0,2017,10,16,6,3,4,1,0,1,0,0,0,0,1,4.78026E+20,5.46892E+21,8.6973E+15,4.93726E+16
156247,8.17101E+18,8,2,12,0,2017,10,19,6,3,6,7,0,1,1,0,0,2,0,4.53841E+20,5.42889E+21,8.36877E+15,4.90111E+16
156248,8.17101E+18,8,1,15,45,2017,10,19,6,3,2,6,0,1,0,0,0,2,0,5.04529E+20,5.39665E+21,9.06158E+15,4.87229E+16
156249,8.17101E+18,8,1,36,2,2017,10,17,6,3,6,1,0,0,1,1,0,0,0,5.73752E+20,5.4163E+21,1.00062E+16,4.88953E+16
156250,8.17101E+18,8,1,36,65,2017,10,10,6,3,6,6,1,0,1,0,0,0,1,5.59265E+20,5.40532E+21,9.80702E+15,4.8798E+16
156251,8.17101E+18,8,1,35,19,2017,10,15,6,3,5,3,0,1,0,0,0,0,1,5.84824E+20,5.39263E+21,1.01524E+16,4.86809E+16
156252,8.17101E+18,8,1,35,19,2017,10,19,6,3,3,6,1,1,0,0,0,2,1,5.84022E+20,5.39038E+21,1.0141E+16,4.86608E+16
156253,8.17101E+18,8,1,35,19,2017,10,13,6,3,1,4,0,1,1,0,0,0,1,5.85203E+20,5.39201E+21,1.01574E+16,4.86754E+16
156254,8.17101E+18,8,1,28,139,2017,10,14,6,2,0,1,0,0,0,1,0,0,0,5.51364E+20,5.49074E+21,9.71034E+15,4.9567E+16
156255,8.17101E+18,8,1,26,66,2017,10,13,6,3,5,3,0,1,0,0,0,0,1,5.3692E+20,5.45054E+21,9.50687E+15,4.92065E+16
156256,8.17101E+18,8,1,25,65,2017,10,7,6,3,0,7,1,0,1,0,0,0,0,5.16965E+20,5.44967E+21,9.23288E+15,4.91996E+16
156257,8.17101E+18,8,1,25,38,2017,10,18,6,3,5,3,0,1,0,0,0,1,1,5.00476E+20,5.43445E+21,9.00651E+15,4.90629E+16
156258,8.17101E+18,8,1,21,0,2017,10,13,6,3,0,7,0,1,0,0,0,0,1,5.13657E+20,5.4426E+21,9.18723E+15,4.91361E+16
156259,8.17101E+18,8,1,21,0,2017,10,20,6,3,5,3,0,1,0,1,0,2,0,5.14175E+20,5.444E+21,9.19437E+15,4.91486E+16
156260,8.17101E+18,8,1,21,0,2017,10,13,6,3,2,6,0,1,0,0,0,0,1,5.16546E+20,5.44238E+21,9.22682E+15,4.9134E+16
156261,8.17101E+18,8,1,19,90,2017,10,14,6,3,1,7,0,1,0,0,0,0,0,5.30724E+20,5.4068E+21,9.41849E+15,4.88135E+16
156262,8.17101E+18,8,1,19,8,2017,10,19,6,2,5,3,1,1,0,0,0,2,0,5.32733E+20,5.42011E+21,9.44693E+15,4.8933E+16
156263,8.17101E+18,8,1,18,11,2017,10,20,6,3,2,6,0,1,0,0,0,2,0,5.04648E+20,5.4082E+21,9.06332E+15,4.88268E+16
156264,8.17101E+18,8,1,18,40,2017,10,9,6,2,5,3,1,1,0,0,0,0,0,5.10595E+20,5.43114E+21,9.14495E+15,4.90331E+16
156265,8.17101E+18,8,1,16,77,2017,10,17,6,3,2,7,0,1,0,0,0,0,1,5.16104E+20,5.39196E+21,9.21878E+15,4.86805E+16
156266,8.17101E+18,8,1,16,19,2017,10,11,6,3,2,6,0,1,0,0,0,0,0,5.224E+20,5.39973E+21,9.30473E+15,4.87502E+16
156267,8.17101E+18,8,1,11,0,2017,10,13,6,3,5,3,0,1,0,0,0,0,1,5.12854E+20,5.40707E+21,9.17509E+15,4.88164E+16