OBJECTID,UIDENTSTLA,ULAND,UREGBEZ,UKREIS,UGEMEINDE,UJAHR,UMONAT,USTUNDE,UWOCHENTAG,UKATEGORIE,UART,UTYP1,IstRad,IstPKW,IstFuss,IstKrad,IstSonstig,LICHT,STRZUSTAND,LINREFX,LINREFY,XGCSWGS84,YGCSWGS84
156439,8.17101E+18,8,2,31,0,2017,10,12,7,3,5,2,1,1,0,0,0,0,0,4.77708E+20,5.41501E+21,8.69591E+15,4.88876E+16
156440,8.17101E+18,8,2,36,40,2017,10,18,7,3,1,6,0,1,0,0,0,0,0,4.88891E+20,5.42221E+21,8.84826E+15,4.89527E+16
156441,8.17101E+18,8,2,26,98,2017,10,0,7,3,5,3,1,0,0,0,0,2,0,4.78126E+20,5.45996E+21,8.69917E+15,4.9292E+16
156442,8.17101E+18,8,2,26,85,2017,10,17,7,3,5,3,1,1,0,0,0,0,0,4.93248E+20,5.45401E+21,8.90725E+15,4.92388E+16
156443,8.17101E+18,8,2,26,62,2017,10,12,7,3,5,3,0,1,0,0,0,0,0,4.69528E+20,5.46899E+21,8.58024E+15,4.93728E+16
156444,8.17101E+18,8,2,26,59,2017,10,11,7,3,5,3,0,1,0,0,0,0,0,4.65247E+20,5.45964E+21,8.52209E+15,4.92886E+16
156445,8.17101E+18,8,2,22,0,2017,10,13,7,3,2,6,0,1,0,0,0,0,0,4.62902E+20,5.48149E+21,8.48781E+15,4.9485E+16
156446,8.17101E+18,8,2,22,0,2017,10,18,7,3,0,3,0,1,0,1,0,0,0,4.61414E+20,5.4814E+21,8.46727E+15,4.9484E+16
156447,8.17101E+18,8,2,22,0,2017,10,0,7,2,0,1,1,0,0,0,0,2,0,4.6314E+20,5.4806E+21,8.49117E+15,4.94769E+16
156448,8.17101E+18,8,2,21,0,2017,10,2,7,3,8,7,1,0,0,0,0,2,0,4.76288E+20,5.47386E+21,8.67307E+15,4.9417E+16
156449,8.17101E+18,8,2,21,0,2017,10,15,7,3,1,5,0,1,0,0,0,0,0,4.82009E+20,5.47651E+21,8.75183E+15,4.9441E+16
156450,8.17101E+18,8,2,16,43,2017,10,11,7,2,5,3,1,1,0,0,0,0,0,4.41219E+20,5.41247E+21,8.19855E+15,4.88624E+16
156451,8.17101E+18,8,2,12,0,2017,10,9,7,3,0,7,1,0,0,0,0,0,0,4.53753E+20,5.43101E+21,8.36733E+15,4.90302E+16
156452,8.17101E+18,8,1,35,16,2017,10,11,7,3,6,4,0,1,1,0,0,0,0,5.90894E+20,5.38582E+21,1.02333E+16,4.86188E+16
156453,8.17101E+18,8,1,17,26,2017,10,9,7,3,6,4,0,1,1,0,0,0,0,5.4923E+20,5.39398E+21,9.66902E+15,4.86969E+16
156454,8.17101E+18,8,1,27,76,2017,10,15,7,3,5,3,0,1,0,1,0,0,0,5.54985E+20,5.43887E+21,9.75326E+15,4.91002E+16
156455,8.17101E+18,8,1,18,53,2017,10,14,7,3,5,3,0,1,0,1,0,0,0,5.15147E+20,5.427E+21,9.20707E+15,4.89957E+16
156456,8.17101E+18,8,1,18,48,2017,10,16,7,3,2,6,0,1,0,0,0,0,0,5.13803E+20,5.4158E+21,9.18832E+15,4.8895E+16
156457,8.17101E+18,8,1,18,48,2017,10,12,7,3,6,4,0,1,1,0,0,0,0,5.14047E+20,5.41621E+21,9.19166E+15,4.88986E+16
156458,8.17101E+18,8,1,16,49,2017,10,13,7,3,0,1,1,0,0,0,0,0,0,5.25683E+20,5.38725E+21,9.34862E+15,4.86378E+16
156459,8.17101E+18,8,1,16,33,2017,10,3,7,3,8,1,0,1,0,0,0,2,0,5.33432E+20,5.38821E+21,9.45388E+15,4.8646E+16
156460,8.17101E+18,8,1,16,19,2017,10,16,7,3,0,1,0,0,0,1,0,0,0,5.21949E+20,5.39788E+21,9.2985E+15,4.87336E+16
156461,8.17101E+18,8,1,16,33,2017,10,10,7,3,5,3,1,1,0,0,0,0,0,5.31915E+20,5.38845E+21,9.43329E+15,4.86483E+16
156462,8.17101E+18,8,1,16,19,2017,10,18,7,2,0,7,0,1,0,0,0,0,0,5.21916E+20,5.40079E+21,9.29821E+15,4.87598E+16
156463,8.17101E+18,8,4,36,94,2017,10,16,6,3,6,4,0,1,1,0,0,0,0,5.71867E+20,5.28205E+21,9.95767E+15,4.76878E+16
156464,8.17101E+18,8,4,36,52,2017,10,17,6,2,8,1,1,0,0,0,0,0,0,5.67277E+20,5.29287E+21,9.89819E+15,4.77857E+16
156465,8.17101E+18,8,4,21,0,2017,10,7,6,3,2,6,0,1,0,0,1,0,0,5.72339E+20,5.3608E+21,9.97726E+15,4.83962E+16
156466,8.17101E+18,8,4,17,2,2017,10,15,6,3,2,6,0,1,0,0,0,0,0,4.89041E+20,5.345E+21,8.85235E+15,4.82581E+16
156467,8.17101E+18,8,4,17,44,2017,10,16,6,3,0,6,0,0,0,1,1,0,0,4.96332E+20,5.33569E+21,8.95066E+15,4.81744E+16
156468,8.17101E+18,8,4,17,79,2017,10,13,6,3,0,7,0,1,0,0,1,0,0,5.00559E+20,5.33986E+21,9.00752E+15,4.82119E+16
156469,8.17101E+18,8,4,16,41,2017,10,11,6,3,5,2,1,1,0,0,0,0,0,5.04295E+20,5.37388E+21,9.05816E+15,4.8518E+16
156470,8.17101E+18,8,4,16,41,2017,10,13,6,3,6,7,0,1,1,0,0,0,0,5.04328E+20,5.37469E+21,9.05861E+15,4.85253E+16
156471,8.17101E+18,8,4,15,59,2017,10,9,6,3,4,2,1,1,0,0,0,0,0,5.16332E+20,5.36838E+21,9.22095E+15,4.84684E+16
156472,8.17101E+18,8,3,37,22,2017,10,16,6,3,7,7,0,0,1,1,0,0,0,4.49571E+20,5.29571E+21,8.32641E+15,4.78127E+16
156473,8.17101E+18,8,3,35,75,2017,10,7,6,3,5,3,1,0,0,0,1,0,0,4.887E+20,5.28987E+21,8.84921E+15,4.77621E+16
156474,8.17101E+18,8,3,35,63,2017,10,12,6,3,5,3,1,1,0,0,0,0,0,4.97805E+20,5.28768E+21,8.97072E+15,4.77425E+16
156475,8.17101E+18,8,3,35,43,2017,10,7,6,2,0,1,1,0,0,0,0,0,0,5.11057E+20,5.28102E+21,9.14733E+15,4.76825E+16
156476,8.17101E+18,8,3,17,129,2017,10,16,6,3,0,1,1,0,0,0,0,0,1,4.30327E+20,5.34952E+21,8.06061E+15,4.82951E+16
156477,8.17101E+18,8,3,17,40,2017,10,15,6,3,6,4,0,1,1,0,0,0,0,4.32132E+20,5.34744E+21,8.08528E+15,4.82765E+16
156478,8.17101E+18,8,3,17,57,2017,10,12,6,3,0,7,1,0,0,0,0,0,0,4.1225E+20,5.3804E+21,7.81048E+15,4.85705E+16
156479,8.17101E+18,8,3,17,57,2017,10,20,6,3,5,7,0,1,0,0,0,2,0,4.12954E+20,5.38039E+21,7.82001E+15,4.85705E+16
156480,8.17101E+18,8,3,16,56,2017,10,11,6,2,3,6,1,1,0,0,0,0,0,4.22919E+20,5.32758E+21,7.96473E+15,4.80968E+16
156481,8.17101E+18,8,3,36,50,2017,10,14,6,3,1,6,0,1,0,1,0,0,0,4.01513E+20,5.27628E+21,7.68899E+15,4.76325E+16
156482,8.17101E+18,8,3,11,0,2017,10,8,6,3,5,3,1,1,0,0,0,0,0,4.1862E+20,5.31528E+21,7.90935E+15,4.79856E+16
156483,8.17101E+18,8,3,11,0,2017,10,14,6,3,6,3,0,1,1,0,0,0,0,4.16567E+20,5.31545E+21,7.8818E+15,4.79869E+16
156484,8.17101E+18,8,2,12,0,2017,10,16,6,2,5,2,0,1,0,0,0,0,0,4.57465E+20,5.42911E+21,8.41831E+15,4.90134E+16
156485,8.17101E+18,8,2,15,17,2017,10,13,6,2,5,3,1,1,0,0,0,0,0,4.54623E+20,5.41998E+21,8.38046E+15,4.89311E+16
156486,8.17101E+18,8,2,12,0,2017,10,6,6,3,5,3,1,1,0,0,0,2,0,4.5241E+20,5.42738E+21,8.34938E+15,4.89975E+16
156487,8.17101E+18,8,2,36,40,2017,10,17,6,3,5,3,1,1,0,0,0,0,0,4.90333E+20,5.42502E+21,8.8679E+15,4.8978E+16
156488,8.17101E+18,8,2,26,54,2017,10,8,6,3,6,4,0,1,1,0,0,0,0,4.79905E+20,5.45502E+21,8.7239E+15,4.92477E+16
156489,8.17101E+18,8,2,26,96,2017,10,15,6,2,6,7,0,1,1,0,0,0,0,4.76297E+20,5.48847E+21,8.67232E+15,4.95484E+16
156490,8.17101E+18,8,2,22,0,2017,10,23,6,2,5,3,0,1,0,1,0,2,0,4.63492E+20,5.48306E+21,8.49581E+15,4.94991E+16
156491,8.17101E+18,8,2,22,0,2017,10,20,6,3,5,3,0,1,0,1,0,1,0,4.6367E+20,5.4835E+21,8.49823E+15,4.95031E+16
156492,8.17101E+18,8,2,22,0,2017,10,8,6,3,1,5,1,1,0,0,0,0,0,4.65615E+20,5.48211E+21,8.5252E+15,4.94906E+16
156493,8.17101E+18,8,2,22,0,2017,10,8,6,3,5,3,1,1,0,0,0,0,0,4.67168E+20,5.48275E+21,8.5466E+15,4.94965E+16
156494,8.17101E+18,8,2,21,0,2017,10,8,6,2,8,7,1,0,0,0,0,0,0,4.81207E+20,5.47429E+21,8.74087E+15,4.9421E+16
156495,8.17101E+18,8,2,16,7,2017,10,13,6,3,5,3,1,1,0,0,0,0,0,4.3609E+20,5.39501E+21,8.13135E+15,4.87048E+16
156496,8.17101E+18,8,2,16,63,2017,10,21,6,3,8,1,0,0,0,1,0,2,0,4.26645E+20,5.39946E+21,8.00219E+15,4.87439E+16
156497,8.17101E+18,8,2,16,7,2017,10,8,6,3,5,7,1,1,0,0,0,0,0,4.36763E+20,5.39293E+21,8.14081E+15,4.86862E+16
156498,8.17101E+18,8,2,16,43,2017,10,19,6,3,2,7,0,1,0,0,0,2,0,4.42217E+20,5.41216E+21,8.21221E+15,4.88597E+16
156499,8.17101E+18,8,2,12,0,2017,10,17,6,3,2,6,0,1,0,0,0,0,0,4.53143E+20,5.42884E+21,8.35923E+15,4.90107E+16
156500,8.17101E+18,8,2,12,0,2017,10,19,6,3,1,5,1,1,0,0,0,2,0,4.5593E+20,5.42788E+21,8.39744E+15,4.90023E+16
156501,8.17101E+18,8,1,36,88,2017,10,15,6,3,9,1,0,1,0,0,0,0,0,5.80903E+20,5.40965E+21,1.01025E+16,4.88345E+16
156502,8.17101E+18,8,1,35,19,2017,10,19,6,3,1,2,1,1,0,0,0,2,0,5.84797E+20,5.39341E+21,1.01522E+16,4.8688E+16
156503,8.17101E+18,8,1,28,58,2017,10,23,6,2,9,1,0,1,0,0,0,2,0,5.59047E+20,5.48332E+21,9.81548E+15,4.94996E+16
156504,8.17101E+18,8,1,27,14,2017,10,11,6,3,5,3,1,1,0,0,0,0,0,5.78018E+20,5.4435E+21,1.00696E+16,4.91393E+16
156505,8.17101E+18,8,1,27,14,2017,10,21,6,3,5,3,0,1,0,0,0,2,0,5.7858E+20,5.4436E+21,1.00774E+16,4.91402E+16
156506,8.17101E+18,8,1,27,76,2017,10,15,6,2,0,3,0,1,0,0,1,0,0,5.54689E+20,5.44073E+21,9.74946E+15,4.9117E+16
156507,8.17101E+18,8,1,19,91,2017,10,11,6,3,4,2,0,1,0,0,0,0,0,5.28271E+20,5.40689E+21,9.38509E+15,4.88143E+16
156508,8.17101E+18,8,1,18,48,2017,10,15,6,3,0,7,1,0,0,0,0,0,0,5.13425E+20,5.415E+21,9.18314E+15,4.88878E+16
156509,8.17101E+18,8,1,18,80,2017,10,18,6,3,5,2,1,1,0,0,0,1,0,5.06714E+20,5.41101E+21,9.09152E+15,4.88521E+16
156510,8.17101E+18,8,1,18,79,2017,10,10,6,3,2,6,0,1,0,0,0,0,0,5.10693E+20,5.42147E+21,9.14604E+15,4.89461E+16
156511,8.17101E+18,8,1,17,53,2017,10,23,6,3,9,1,0,1,0,0,0,2,0,5.51607E+20,5.40247E+21,9.70238E+15,4.87731E+16
156512,8.17101E+18,8,1,17,30,2017,10,14,6,3,5,3,0,1,0,0,0,0,0,5.48116E+20,5.39003E+21,9.65342E+15,4.86615E+16
156513,8.17101E+18,8,1,16,78,2017,10,13,6,3,2,6,0,1,0,0,0,0,0,5.11004E+20,5.39492E+21,9.14957E+15,4.87072E+16
156514,8.17101E+18,8,1,16,78,2017,10,16,6,3,5,3,0,1,0,0,0,0,0,5.12527E+20,5.39263E+21,9.17021E+15,4.86866E+16
156515,8.17101E+18,8,1,16,19,2017,10,18,6,3,2,6,0,1,0,0,0,1,0,5.2147E+20,5.39748E+21,9.29197E+15,4.873E+16
156516,8.17101E+18,8,1,16,19,2017,10,23,6,3,5,3,0,0,0,1,1,2,0,5.23259E+20,5.3979E+21,9.31631E+15,4.87337E+16
156517,8.17101E+18,8,1,11,0,2017,10,9,6,3,5,3,0,1,0,1,0,0,0,5.11814E+20,5.40126E+21,9.16076E+15,4.87642E+16
156518,8.17101E+18,8,1,11,0,2017,10,16,6,3,4,1,1,1,0,0,0,0,0,5.1975E+20,5.40341E+21,9.26886E+15,4.87833E+16
156519,8.17101E+18,8,1,11,0,2017,10,20,6,3,0,2,0,1,0,1,0,2,0,5.16315E+20,5.40533E+21,9.22218E+15,4.88008E+16
156520,8.17101E+18,8,1,11,0,2017,10,16,6,3,3,6,1,0,0,1,0,0,0,5.16955E+20,5.40064E+21,9.23069E+15,4.87585E+16
156521,8.17101E+18,8,1,11,0,2017,10,17,6,2,2,6,1,1,0,0,0,0,0,5.13267E+20,5.40183E+21,9.18055E+15,4.87693E+16
156522,8.17101E+18,8,1,11,0,2017,10,23,6,3,2,6,0,1,0,0,0,2,0,5.12247E+20,5.40323E+21,9.16671E+15,4.8782E+16
156523,8.17101E+18,8,4,21,0,2017,10,5,5,3,6,4,0,1,1,0,0,2,0,5.72871E+20,5.36446E+21,9.98508E+15,4.8429E+16
156524,8.17101E+18,8,4,21,0,2017,10,19,5,3,5,3,1,1,0,0,0,2,0,5.73928E+20,5.36155E+21,9.99886E+15,4.84027E+16
156525,8.17101E+18,8,4,21,0,2017,10,6,5,3,5,3,0,1,0,1,0,1,0,5.71997E+20,5.36698E+21,9.97371E+15,4.84519E+16
156526,8.17101E+18,8,4,15,61,2017,10,3,5,3,8,7,0,1,0,0,0,2,0,5.13113E+20,5.37193E+21,9.17752E+15,4.85004E+16
156527,8.17101E+18,8,3,37,125,2017,10,18,5,3,5,3,0,1,0,0,0,1,0,4.44944E+20,5.27407E+21,8.26733E+15,4.76177E+16
156528,8.17101E+18,8,3,35,75,2017,10,6,5,3,5,3,0,1,0,0,0,2,0,4.88835E+20,5.28808E+21,8.85106E+15,4.7746E+16
156529,8.17101E+18,8,3,35,43,2017,10,7,5,3,0,5,1,1,0,0,0,0,0,5.1285E+20,5.27915E+21,9.17116E+15,4.76656E+16
156530,8.17101E+18,8,3,17,65,2017,10,20,5,3,0,1,0,0,0,1,0,2,0,4.16392E+20,5.35455E+21,7.87177E+15,4.83386E+16
156531,8.17101E+18,8,3,36,50,2017,10,7,5,2,5,3,1,1,0,0,0,0,0,3.99682E+20,5.27372E+21,7.66522E+15,4.76091E+16
156532,8.17101E+18,8,3,11,0,2017,10,17,5,3,5,3,1,1,0,0,0,0,0,4.1333E+20,5.31707E+21,7.83811E+15,4.80011E+16
156533,8.17101E+18,8,3,15,98,2017,10,0,5,3,5,3,1,1,0,0,0,2,0,4.07988E+20,5.31268E+21,7.76744E+15,4.79608E+16
156534,8.17101E+18,8,3,11,0,2017,10,14,5,3,1,7,1,1,0,0,0,0,0,4.13968E+20,5.31658E+21,7.84675E+15,4.79968E+16
156535,8.17101E+18,8,2,31,0,2017,10,11,5,3,6,4,0,1,1,0,0,0,1,4.78638E+20,5.41622E+21,8.70853E+15,4.88986E+16
156536,8.17101E+18,8,2,31,0,2017,10,15,5,3,6,7,0,1,1,0,0,0,0,4.78105E+20,5.41529E+21,8.70131E+15,4.88902E+16
156537,8.17101E+18,8,2,35,85,2017,10,16,5,2,0,2,0,1,0,1,1,0,0,4.82823E+20,5.39503E+21,8.76652E+15,4.8708E+16
156538,8.17101E+18,8,2,31,0,2017,10,7,5,3,5,3,0,1,0,0,0,0,0,4.75494E+20,5.41337E+21,8.6658E+15,4.88728E+16
156539,8.17101E+18,8,2,26,103,2017,10,0,5,3,5,3,1,0,0,0,1,2,0,4.71845E+20,5.45723E+21,8.61299E+15,4.92672E+16
156540,8.17101E+18,8,2,26,85,2017,10,12,5,3,6,2,0,1,1,0,0,0,0,4.90941E+20,5.45536E+21,8.87552E+15,4.9251E+16
156541,8.17101E+18,8,2,22,0,2017,10,9,5,3,5,3,0,1,0,0,0,0,0,4.61543E+20,5.48809E+21,8.46841E+15,4.95442E+16
156542,8.17101E+18,8,2,22,0,2017,10,11,5,3,5,3,1,0,0,0,0,0,0,4.61106E+20,5.4817E+21,8.46299E+15,4.94867E+16
156543,8.17101E+18,8,2,21,0,2017,10,7,5,3,3,5,1,0,0,0,1,0,0,4.77538E+20,5.47042E+21,8.6905E+15,4.93861E+16
156544,8.17101E+18,8,2,11,0,2017,10,14,5,3,8,7,0,0,0,0,1,0,0,4.38605E+20,5.3975E+21,8.16515E+15,4.87275E+16
156545,8.17101E+18,8,2,12,0,2017,10,8,5,3,5,2,0,1,0,0,0,0,0,4.55207E+20,5.42881E+21,8.38746E+15,4.90105E+16
156546,8.17101E+18,8,2,12,0,2017,10,22,5,3,0,7,1,0,0,0,0,2,0,4.57347E+20,5.42857E+21,8.41676E+15,4.90086E+16
156547,8.17101E+18,8,2,12,0,2017,10,14,5,3,5,2,1,1,0,0,0,0,0,4.59435E+20,5.42722E+21,8.44544E+15,4.89965E+16
156548,8.17101E+18,8,1,36,88,2017,10,13,5,3,5,3,1,1,0,0,0,0,0,5.79536E+20,5.41004E+21,1.00839E+16,4.88383E+16
156549,8.17101E+18,8,1,36,21,2017,10,12,5,3,8,1,0,1,0,0,0,0,0,5.76221E+20,5.40801E+21,1.00384E+16,4.88204E+16
156550,8.17101E+18,8,1,28,139,2017,10,8,5,3,0,6,1,1,0,0,0,0,0,5.50882E+20,5.49098E+21,9.70372E+15,4.95693E+16
156551,8.17101E+18,8,1,25,65,2017,10,7,5,3,2,6,0,1,0,0,0,0,0,5.16361E+20,5.44781E+21,9.22451E+15,4.91829E+16
156552,8.17101E+18,8,1,21,0,2017,10,20,5,3,2,6,0,1,0,0,0,2,0,5.1395E+20,5.44317E+21,9.19127E+15,4.91412E+16
156553,8.17101E+18,8,1,21,0,2017,10,19,5,3,3,6,0,1,0,1,0,0,0,5.16213E+20,5.44322E+21,9.22229E+15,4.91416E+16
156554,8.17101E+18,8,1,19,79,2017,10,12,5,3,6,4,0,1,1,0,0,0,0,5.23268E+20,5.40897E+21,9.31706E+15,4.88333E+16
156555,8.17101E+18,8,1,19,20,2017,10,17,5,3,5,3,1,1,0,0,0,1,0,5.19136E+20,5.4087E+21,9.26074E+15,4.8831E+16
156556,8.17101E+18,8,1,18,76,2017,10,17,5,3,5,2,1,1,0,0,0,0,0,5.05123E+20,5.4232E+21,9.06998E+15,4.89617E+16
156557,8.17101E+18,8,1,18,48,2017,10,17,5,3,5,3,0,1,0,0,1,0,0,5.13454E+20,5.41512E+21,9.18353E+15,4.88889E+16
156558,8.17101E+18,8,1,17,60,2017,10,6,5,2,6,4,0,1,1,0,0,1,0,5.42439E+20,5.38863E+21,9.57619E+15,4.86493E+16
156559,8.17102E+18,8,1,11,0,2017,10,8,3,3,0,1,1,0,0,0,0,0,1,5.14716E+20,5.40405E+21,9.20036E+15,4.87892E+16
156560,8.17102E+18,8,1,18,19,2017,10,19,3,3,0,1,1,0,0,0,1,2,0,5.04295E+20,5.40508E+21,9.05849E+15,4.87987E+16
156561,8.17102E+18,8,4,36,64,2017,10,19,2,3,5,1,1,1,0,0,0,2,0,5.46593E+20,5.29331E+21,9.62211E+15,4.77914E+16
156562,8.17102E+18,8,1,17,49,2017,10,12,3,3,5,3,0,1,0,0,0,0,0,5.55516E+20,5.39214E+21,9.75419E+15,4.86798E+16
156563,8.17102E+18,8,1,15,24,2017,10,16,3,3,5,3,0,1,0,0,0,0,0,5.00907E+20,5.38685E+21,9.01232E+15,4.86347E+16
156564,8.17102E+18,8,1,11,0,2017,10,8,3,3,6,4,0,1,1,0,0,0,1,5.09232E+20,5.40316E+21,9.12567E+15,4.87813E+16
156565,8.17102E+18,8,1,11,0,2017,10,14,3,3,5,3,0,1,0,0,0,0,0,5.16773E+20,5.41025E+21,9.22862E+15,4.8845E+16
156566,8.17102E+18,8,4,35,47,2017,10,18,2,3,0,3,0,1,0,1,0,1,0,5.13158E+20,5.29497E+21,9.17574E+15,4.78079E+16
156567,8.17102E+18,8,1,11,0,2017,10,17,3,3,2,2,0,1,0,0,0,0,0,5.14474E+20,5.40795E+21,9.1972E+15,4.88244E+16
156568,8.17102E+18,8,4,21,0,2017,10,13,2,3,5,3,0,1,0,0,1,0,0,5.71375E+20,5.36058E+21,9.9642E+15,4.83944E+16
156569,8.17102E+18,8,4,17,2,2017,10,13,2,3,2,6,0,1,0,0,0,0,1,4.91006E+20,5.34917E+21,8.87874E+15,4.82956E+16
156570,8.17102E+18,8,4,16,41,2017,10,10,2,3,6,7,1,0,1,0,0,0,0,5.03566E+20,5.37503E+21,9.04831E+15,4.85284E+16
156571,8.17102E+18,8,4,15,61,2017,10,16,2,2,5,3,1,1,0,0,0,0,0,5.15647E+20,5.37168E+21,9.2118E+15,4.84981E+16
156572,8.17102E+18,8,3,36,78,2017,10,16,2,3,0,6,1,1,0,0,0,0,0,3.92966E+20,5.29063E+21,7.57173E+15,4.77602E+16
156573,8.17102E+18,8,3,36,91,2017,10,20,2,3,5,3,0,1,0,1,0,2,1,3.96288E+20,5.27197E+21,7.62048E+15,4.75928E+16
156574,8.17102E+18,8,3,36,81,2017,10,16,2,2,5,2,1,1,0,0,0,0,1,4.12457E+20,5.27914E+21,7.83407E+15,4.76597E+16
156575,8.17102E+18,8,3,36,50,2017,10,12,2,3,6,4,0,1,1,0,0,0,1,4.00506E+20,5.27528E+21,7.67582E+15,4.76233E+16
156576,8.17102E+18,8,3,35,75,2017,10,11,2,3,9,7,0,1,0,0,0,0,1,4.8697E+20,5.28867E+21,8.82616E+15,4.77513E+16
156577,8.17102E+18,8,3,27,49,2017,10,8,2,3,5,3,1,1,0,0,0,0,1,4.72807E+20,5.32526E+21,8.6349E+15,4.808E+16
156578,8.17102E+18,8,3,27,50,2017,10,13,2,3,5,3,0,1,0,0,0,0,1,4.82064E+20,5.31151E+21,8.75975E+15,4.79566E+16
156579,8.17102E+18,8,3,26,52,2017,10,16,2,3,1,6,0,1,0,0,0,0,1,4.49949E+20,5.33045E+21,8.3274E+15,4.81253E+16
156580,8.17102E+18,8,3,26,3,2017,10,19,2,3,5,3,0,1,0,0,0,2,1,4.65005E+20,5.31884E+21,8.53068E+15,4.80219E+16
156581,8.17102E+18,8,3,11,0,2017,10,14,2,2,5,3,0,1,0,0,0,0,0,4.09561E+20,5.31562E+21,7.78789E+15,4.79875E+16
156582,8.17102E+18,8,3,11,0,2017,10,17,2,3,4,2,1,0,0,0,0,0,1,4.14926E+20,5.31719E+21,7.85947E+15,4.80024E+16
156583,8.17102E+18,8,2,12,0,2017,10,17,2,3,5,2,1,1,0,0,0,1,0,4.55519E+20,5.42569E+21,8.39206E+15,4.89825E+16
156584,8.17102E+18,8,2,12,0,2017,10,13,2,2,5,3,1,1,0,0,0,0,1,4.54477E+20,5.42868E+21,8.3775E+15,4.90093E+16
156585,8.17102E+18,8,2,12,0,2017,10,16,2,3,5,2,0,1,0,0,0,0,0,4.57107E+20,5.43003E+21,8.41331E+15,4.90217E+16
156586,8.17102E+18,8,2,26,95,2017,10,7,2,3,5,3,1,1,0,0,0,1,1,4.73978E+20,5.46139E+21,8.64204E+15,4.93047E+16
156587,8.17102E+18,8,2,26,76,2017,10,14,2,3,5,3,0,1,0,0,0,0,1,4.75077E+20,5.4664E+21,8.65684E+15,4.93498E+16
156588,8.17102E+18,8,2,22,0,2017,10,13,2,3,1,6,0,1,0,0,0,0,1,4.62979E+20,5.48626E+21,8.48842E+15,4.95278E+16
156589,8.17102E+18,8,2,22,0,2017,10,15,2,3,6,7,0,1,1,0,0,0,0,4.61627E+20,5.4822E+21,8.47013E+15,4.94912E+16
156590,8.17102E+18,8,2,22,0,2017,10,12,2,3,0,5,0,1,0,0,1,0,0,4.62196E+20,5.48072E+21,8.47813E+15,4.94779E+16
156591,8.17102E+18,8,2,21,0,2017,10,13,2,3,5,3,1,1,0,0,0,0,1,4.76969E+20,5.46906E+21,8.68274E+15,4.93738E+16
156592,8.17102E+18,8,2,16,7,2017,10,12,2,3,6,3,0,1,1,0,0,0,1,4.36198E+20,5.3941E+21,8.13295E+15,4.86966E+16
156593,8.17102E+18,8,2,15,17,2017,10,15,2,2,5,3,1,1,0,0,0,0,1,4.55116E+20,5.42028E+21,8.38715E+15,4.89338E+16
156594,8.17102E+18,8,2,15,17,2017,10,15,2,3,3,3,0,1,0,0,1,0,0,4.54306E+20,5.42197E+21,8.37591E+15,4.89489E+16
156595,8.17102E+18,8,2,12,0,2017,10,14,2,3,0,5,0,1,0,1,0,0,1,4.5436E+20,5.42859E+21,8.3759E+15,4.90085E+16
156596,8.17102E+18,8,2,12,0,2017,10,8,2,3,0,7,1,0,0,0,0,0,1,4.55111E+20,5.43059E+21,8.38595E+15,4.90266E+16
156597,8.17102E+18,8,2,12,0,2017,10,18,2,3,1,7,1,1,0,0,0,1,0,4.5553E+20,5.42839E+21,8.39192E+15,4.90068E+16
156598,8.17102E+18,8,1,36,88,2017,10,16,2,3,2,6,0,1,0,0,0,0,1,5.80166E+20,5.40971E+21,1.00924E+16,4.88351E+16
156599,8.17102E+18,8,1,35,19,2017,10,18,2,2,8,1,0,1,0,0,0,1,0,5.85302E+20,5.39429E+21,1.01592E+16,4.86958E+16
156600,8.17102E+18,8,1,25,78,2017,10,18,2,3,5,3,1,1,0,0,0,1,0,5.17825E+20,5.45481E+21,9.2449E+15,4.92458E+16
156601,8.17102E+18,8,1,18,15,2017,10,14,2,3,5,3,0,1,0,0,0,0,0,5.07019E+20,5.42972E+21,9.096E+15,4.90204E+16
156602,8.17102E+18,8,1,16,49,2017,10,10,2,3,4,6,0,1,0,0,0,0,0,5.24617E+20,5.38604E+21,9.33408E+15,4.86269E+16
156603,8.17102E+18,8,1,16,80,2017,10,12,2,3,1,3,0,1,0,0,0,0,0,5.18662E+20,5.39493E+21,9.25367E+15,4.87072E+16
156604,8.17102E+18,8,1,16,77,2017,10,14,2,3,5,3,1,0,0,0,1,0,0,5.15588E+20,5.39113E+21,9.21174E+15,4.86731E+16
156605,8.17102E+18,8,1,16,16,2017,10,3,1,2,0,1,1,1,0,0,0,2,1,5.32972E+20,5.38512E+21,9.44739E+15,4.86183E+16
156606,8.17102E+18,8,4,15,50,2017,10,16,1,3,5,3,0,1,0,0,0,0,1,5.21347E+20,5.37631E+21,9.2892E+15,4.85395E+16
156607,8.17102E+18,8,3,37,126,2017,10,0,1,3,1,1,0,1,0,0,0,2,1,4.45964E+20,5.27601E+21,8.28066E+15,4.76353E+16
156608,8.17102E+18,8,3,36,50,2017,10,0,1,3,5,3,0,1,0,0,0,2,0,3.99804E+20,5.27466E+21,7.66662E+15,4.76176E+16
156609,8.17102E+18,8,3,36,50,2017,10,21,1,3,1,5,0,1,0,0,0,2,1,4.00292E+20,5.27661E+21,7.67266E+15,4.76352E+16