OBJECTID,UIDENTSTLA,ULAND,UREGBEZ,UKREIS,UGEMEINDE,UJAHR,UMONAT,USTUNDE,UWOCHENTAG,UKATEGORIE,UART,UTYP1,IstRad,IstPKW,IstFuss,IstKrad,IstSonstig,LICHT,STRZUSTAND,LINREFX,LINREFY,XGCSWGS84,YGCSWGS84
156610,8.17102E+18,8,3,35,43,2017,10,16,1,2,6,1,0,1,1,0,0,0,0,5.13106E+20,5.27831E+21,9.17454E+15,4.7658E+16
156611,8.17102E+18,8,3,17,65,2017,10,18,1,3,2,2,0,1,0,0,0,2,1,4.15317E+20,5.35481E+21,7.85721E+15,4.83408E+16
156612,8.17102E+18,8,3,11,0,2017,10,2,1,3,8,1,0,1,0,0,0,2,1,4.13762E+20,5.31689E+21,7.84394E+15,4.79994E+16
156613,8.17102E+18,8,2,22,0,2017,10,0,1,3,5,2,0,1,0,0,0,2,1,4.62852E+20,5.48275E+21,8.48699E+15,4.94962E+16
156614,8.17102E+18,8,2,22,0,2017,10,16,1,3,5,3,0,1,0,0,0,0,0,4.64419E+20,5.48358E+21,8.50856E+15,4.95038E+16
156615,8.17102E+18,8,2,15,17,2017,10,1,1,2,8,1,0,1,0,0,0,2,1,4.56573E+20,5.42203E+21,8.40686E+15,4.89497E+16
156616,8.17102E+18,8,4,26,13,2017,10,11,7,3,6,7,1,0,1,0,0,0,0,5.45108E+20,5.32338E+21,9.60542E+15,4.80621E+16
156617,8.17102E+18,8,3,36,14,2017,10,21,7,3,0,7,1,0,0,0,0,2,1,3.92256E+20,5.27869E+21,7.56521E+15,4.76527E+16
156618,8.17102E+18,8,3,35,43,2017,10,10,7,3,0,3,1,1,0,0,0,0,0,5.1251E+20,5.27877E+21,9.16662E+15,4.76622E+16
156619,8.17102E+18,8,3,35,63,2017,10,23,7,3,0,1,1,0,0,0,0,2,1,4.97691E+20,5.28718E+21,8.9692E+15,4.7738E+16
156620,8.17102E+18,8,3,25,69,2017,10,14,7,2,8,6,0,1,0,1,0,0,0,4.70045E+20,5.33617E+21,8.59705E+15,4.8178E+16
156621,8.17102E+18,8,3,17,65,2017,10,21,7,3,5,3,1,1,0,0,0,2,1,4.16533E+20,5.35459E+21,7.87366E+15,4.8339E+16
156622,8.17102E+18,8,3,17,65,2017,10,22,7,3,2,6,1,1,0,0,0,2,0,4.16163E+20,5.35488E+21,7.86862E+15,4.83415E+16
156623,8.17102E+18,8,3,17,1,2017,10,14,7,3,5,3,1,0,0,0,1,0,0,4.31582E+20,5.38639E+21,8.0715E+15,4.86268E+16
156624,8.17102E+18,8,3,16,11,2017,10,9,7,3,5,3,1,1,0,0,0,0,1,4.14481E+20,5.3294E+21,7.85106E+15,4.81121E+16
156625,8.17102E+18,8,3,15,33,2017,10,8,7,3,8,7,0,1,0,0,0,0,0,3.97071E+20,5.30596E+21,7.62285E+15,4.78987E+16
156626,8.17102E+18,8,3,11,0,2017,10,21,7,3,4,6,1,0,0,0,0,2,1,4.13041E+20,5.3182E+21,7.834E+15,4.80112E+16
156627,8.17102E+18,8,3,11,0,2017,10,14,7,3,5,3,0,1,0,0,1,0,0,4.14565E+20,5.31733E+21,7.8546E+15,4.80035E+16
156628,8.17102E+18,8,3,11,0,2017,10,12,7,3,2,6,0,1,0,0,0,0,0,4.1308E+20,5.32016E+21,7.83413E+15,4.80288E+16
156629,8.17102E+18,8,3,11,0,2017,10,0,7,3,5,3,0,1,0,0,0,2,0,4.11906E+20,5.31522E+21,7.8194E+15,4.79842E+16
156630,8.17102E+18,8,2,35,85,2017,10,17,7,3,6,7,1,0,1,0,0,0,0,4.80871E+20,5.39575E+21,8.73995E+15,4.87145E+16
156631,8.17102E+18,8,2,35,65,2017,10,12,7,3,0,7,1,0,0,0,0,0,0,4.74696E+20,5.40459E+21,8.65547E+15,4.87938E+16
156632,8.17102E+18,8,2,31,0,2017,10,15,7,3,2,6,0,1,0,1,0,0,1,4.75911E+20,5.4147E+21,8.67141E+15,4.88848E+16
156633,8.17102E+18,8,2,26,38,2017,10,14,7,3,5,3,0,1,0,1,0,0,0,4.72041E+20,5.48024E+21,8.61407E+15,4.94741E+16
156634,8.17102E+18,8,2,22,0,2017,10,21,7,3,2,6,0,1,0,0,0,2,1,4.61664E+20,5.48171E+21,8.4707E+15,4.94869E+16
156635,8.17102E+18,8,2,21,0,2017,10,1,7,3,5,3,1,1,0,0,0,2,0,4.73928E+20,5.47293E+21,8.6406E+15,4.94085E+16
156636,8.17102E+18,8,2,21,0,2017,10,13,7,3,0,1,1,0,0,0,0,0,0,4.77E+20,5.47166E+21,8.68302E+15,4.93972E+16
156637,8.17102E+18,8,2,15,17,2017,10,16,7,3,2,6,0,1,0,0,0,0,1,4.53778E+20,5.42147E+21,8.36876E+15,4.89445E+16
156638,8.17102E+18,8,2,12,0,2017,10,11,7,3,3,6,1,0,0,0,0,0,0,4.55761E+20,5.42644E+21,8.39529E+15,4.89893E+16
156639,8.17102E+18,8,2,12,0,2017,10,9,7,3,5,3,1,1,0,0,0,0,0,4.59846E+20,5.4271E+21,8.45106E+15,4.89955E+16
156640,8.17102E+18,8,2,25,9,2017,10,14,7,2,5,3,1,0,0,0,1,0,0,5.19901E+20,5.46451E+21,9.27392E+15,4.9333E+16
156641,8.17102E+18,8,1,25,69,2017,10,23,7,3,6,1,0,1,1,0,0,2,1,5.21638E+20,5.4566E+21,9.29739E+15,4.92618E+16
156642,8.17102E+18,8,1,21,0,2017,10,11,7,3,5,3,0,1,0,0,0,0,0,5.17313E+20,5.44306E+21,9.23736E+15,4.91401E+16
156643,8.17102E+18,8,1,25,34,2017,10,22,7,3,6,2,0,1,1,0,0,2,0,4.98493E+20,5.44502E+21,8.97933E+15,4.9158E+16
156644,8.17102E+18,8,1,19,20,2017,10,17,7,3,5,3,1,1,0,0,0,0,0,5.20342E+20,5.40663E+21,9.27708E+15,4.88124E+16
156645,8.17102E+18,8,1,19,20,2017,10,16,7,3,6,4,0,1,1,0,0,0,0,5.20094E+20,5.40709E+21,9.27372E+15,4.88165E+16
156646,8.17102E+18,8,1,19,8,2017,10,19,7,3,6,4,0,1,1,0,0,2,1,5.31269E+20,5.42123E+21,9.42703E+15,4.89432E+16
156647,8.17102E+18,8,1,19,8,2017,10,22,7,3,8,1,0,1,0,0,0,2,1,5.33219E+20,5.42195E+21,9.45371E+15,4.89496E+16
156648,8.17102E+18,8,1,18,48,2017,10,17,7,3,2,1,1,1,0,0,0,1,0,5.13546E+20,5.41623E+21,9.18482E+15,4.88989E+16
156649,8.17102E+18,8,1,18,81,2017,10,18,7,3,2,2,0,1,0,1,0,1,1,5.18934E+20,5.41286E+21,9.25819E+15,4.88684E+16
156650,8.17102E+18,8,1,18,47,2017,10,11,7,3,5,3,0,1,0,1,0,0,0,5.08248E+20,5.42762E+21,9.11278E+15,4.90014E+16
156651,8.17102E+18,8,4,25,72,2017,10,14,7,3,5,3,0,1,0,1,0,0,0,5.82215E+20,5.37283E+21,1.0113E+16,4.85032E+16
156652,8.17102E+18,8,1,16,70,2017,10,19,7,3,4,6,0,1,0,1,0,2,1,5.39481E+20,5.38503E+21,9.53569E+15,4.86171E+16
156653,8.17102E+18,8,1,16,19,2017,10,11,7,3,0,7,1,0,0,0,0,0,0,5.22793E+20,5.40026E+21,9.31011E+15,4.87549E+16
156654,8.17102E+18,8,1,15,28,2017,10,15,7,3,5,3,0,1,0,0,0,0,0,5.01142E+20,5.40378E+21,9.01555E+15,4.8787E+16
156655,8.17102E+18,8,1,15,24,2017,10,20,7,3,6,2,0,1,1,0,0,2,0,5.0108E+20,5.38668E+21,9.01465E+15,4.86332E+16
156656,8.17102E+18,8,1,11,0,2017,10,20,7,3,6,4,0,1,1,0,0,2,1,5.08343E+20,5.39693E+21,9.11344E+15,4.87253E+16
156657,8.17102E+18,8,1,11,0,2017,10,21,7,3,5,3,0,1,0,0,0,2,1,5.14371E+20,5.40888E+21,9.19582E+15,4.88327E+16
156658,8.17102E+18,8,1,11,0,2017,10,18,7,3,2,6,0,1,0,1,0,1,1,5.10339E+20,5.40215E+21,9.14071E+15,4.87722E+16
156659,8.17102E+18,8,4,36,55,2017,10,23,6,3,6,6,0,1,1,0,0,2,0,5.7109E+20,5.29627E+21,9.94964E+15,4.78159E+16
156660,8.17102E+18,8,4,25,84,2017,10,21,6,2,3,6,0,0,0,1,0,2,0,5.59592E+20,5.3782E+21,9.80755E+15,4.8554E+16
156661,8.17102E+18,8,4,21,0,2017,10,6,6,2,6,2,0,1,1,0,0,2,1,5.70477E+20,5.35718E+21,9.95151E+15,4.83639E+16
156662,8.17102E+18,8,4,21,0,2017,10,8,6,3,3,6,0,1,0,0,0,0,0,5.72576E+20,5.36052E+21,9.98041E+15,4.83936E+16
156663,8.17102E+18,8,4,21,0,2017,10,15,6,3,2,6,0,1,0,0,0,0,0,5.72731E+20,5.36056E+21,9.98251E+15,4.8394E+16
156664,8.17102E+18,8,4,16,41,2017,10,20,6,3,0,7,1,0,0,0,0,2,0,5.05377E+20,5.37521E+21,9.07282E+15,4.853E+16
156665,8.17102E+18,8,4,15,61,2017,10,7,6,3,5,3,1,1,0,0,0,1,0,5.11216E+20,5.37137E+21,9.15181E+15,4.84954E+16
156666,8.17102E+18,8,4,16,48,2017,10,7,6,3,0,7,1,0,0,0,0,2,0,4.9379E+20,5.37688E+21,8.91586E+15,4.8545E+16
156667,8.17102E+18,8,3,35,43,2017,10,17,6,3,0,7,1,0,0,0,0,0,0,5.13354E+20,5.27818E+21,9.17784E+15,4.76569E+16
156668,8.17102E+18,8,3,26,31,2017,10,17,6,3,5,3,0,1,0,1,0,0,0,4.57408E+20,5.33219E+21,8.42746E+15,4.81415E+16
156669,8.17102E+18,8,3,26,12,2017,10,17,6,3,0,2,1,1,0,0,0,0,0,4.61852E+20,5.31141E+21,8.48904E+15,4.79548E+16
156670,8.17102E+18,8,4,17,13,2017,10,16,6,2,0,3,0,1,0,1,0,0,0,5.07286E+20,5.34862E+21,9.09822E+15,4.82907E+16
156671,8.17102E+18,8,3,17,150,2017,10,18,6,3,8,7,1,0,0,0,0,0,0,4.07872E+20,5.35922E+21,7.75581E+15,4.83794E+16
156672,8.17102E+18,8,2,12,0,2017,10,14,6,2,5,3,0,1,0,0,1,0,0,4.51172E+20,5.42639E+21,8.33257E+15,4.89885E+16
156673,8.17102E+18,8,2,31,0,2017,10,7,6,3,6,4,0,1,1,0,0,2,0,4.75048E+20,5.41686E+21,8.65951E+15,4.89042E+16
156674,8.17102E+18,8,2,26,41,2017,10,6,6,3,5,3,0,1,0,0,1,2,0,4.76742E+20,5.4669E+21,8.67973E+15,4.93543E+16
156675,8.17102E+18,8,2,26,96,2017,10,18,6,3,5,3,1,1,0,0,0,0,0,4.75745E+20,5.48854E+21,8.66469E+15,4.9549E+16
156676,8.17102E+18,8,2,26,40,2017,10,11,6,3,5,3,1,1,0,0,0,0,0,4.74801E+20,5.49528E+21,8.6512E+15,4.96096E+16
156677,8.17102E+18,8,2,26,32,2017,10,18,6,3,0,3,1,1,0,0,0,1,0,4.67115E+20,5.463E+21,8.5475E+15,4.93188E+16
156678,8.17102E+18,8,2,22,0,2017,10,13,6,3,6,4,0,1,1,0,0,0,0,4.62991E+20,5.48627E+21,8.48858E+15,4.95279E+16
156679,8.17102E+18,8,2,22,0,2017,10,14,6,3,6,7,0,1,1,0,0,0,0,4.62768E+20,5.4858E+21,8.48555E+15,4.95237E+16
156680,8.17102E+18,8,2,22,0,2017,10,13,6,3,2,6,0,0,0,1,1,0,0,4.60918E+20,5.4824E+21,8.46033E+15,4.9493E+16
156681,8.17102E+18,8,2,22,0,2017,10,12,6,2,5,2,1,1,0,0,0,0,0,4.60178E+20,5.48767E+21,8.44957E+15,4.95403E+16
156682,8.17102E+18,8,2,26,85,2017,10,19,6,2,0,7,1,0,0,0,0,2,0,4.90834E+20,5.45512E+21,8.87405E+15,4.92488E+16
156683,8.17102E+18,8,2,12,0,2017,10,9,6,2,8,7,0,1,0,0,0,0,0,4.6159E+20,5.42763E+21,8.47486E+15,4.90003E+16
156684,8.17102E+18,8,1,36,65,2017,10,18,6,3,5,3,0,1,0,0,0,2,0,5.60049E+20,5.40572E+21,9.81774E+15,4.88016E+16
156685,8.17102E+18,8,1,36,88,2017,10,14,6,3,4,1,1,1,0,0,0,0,0,5.77401E+20,5.41099E+21,1.0055E+16,4.8847E+16
156686,8.17102E+18,8,1,35,20,2017,10,17,6,3,1,7,1,1,0,0,0,0,0,5.86799E+20,5.38753E+21,1.01781E+16,4.86348E+16
156687,8.17102E+18,8,1,27,63,2017,10,19,6,3,2,1,1,1,0,0,0,1,1,5.64847E+20,5.43376E+21,9.88754E+15,4.90533E+16
156688,8.17102E+18,8,1,25,65,2017,10,9,6,3,5,3,1,1,0,0,0,0,0,5.17068E+20,5.45001E+21,9.2343E+15,4.92027E+16
156689,8.17102E+18,8,1,18,48,2017,10,12,6,3,5,3,1,1,0,0,0,0,0,5.137E+20,5.41663E+21,9.18694E+15,4.89025E+16
156690,8.17102E+18,8,1,18,48,2017,10,19,6,3,2,6,0,1,0,0,0,2,0,5.15933E+20,5.41577E+21,9.21738E+15,4.88947E+16
156691,8.17102E+18,8,1,16,19,2017,10,14,6,2,3,2,1,1,0,0,0,0,0,5.24553E+20,5.3972E+21,9.33386E+15,4.87273E+16
156692,8.17102E+18,8,1,15,45,2017,10,13,6,3,5,3,0,1,0,0,0,0,0,4.97994E+20,5.3962E+21,8.97273E+15,4.87188E+16
156693,8.17102E+18,8,1,11,0,2017,10,6,6,3,5,3,0,1,0,1,0,2,0,5.15168E+20,5.40689E+21,9.20661E+15,4.88148E+16
156694,8.17102E+18,8,1,11,0,2017,10,8,6,3,0,7,1,0,0,0,1,0,1,5.13928E+20,5.4026E+21,9.18958E+15,4.87762E+16
156695,8.17102E+18,8,1,11,0,2017,10,13,6,3,5,3,1,1,0,0,0,0,0,5.12819E+20,5.39856E+21,9.17435E+15,4.87399E+16
156696,8.17102E+18,8,4,21,0,2017,10,16,5,3,5,3,1,1,0,0,0,0,0,5.71084E+20,5.36032E+21,9.96023E+15,4.83921E+16
156697,8.17102E+18,8,4,16,41,2017,10,16,5,3,5,2,1,1,0,0,0,0,0,5.01747E+20,5.37438E+21,9.02366E+15,4.85225E+16
156698,8.17102E+18,8,4,15,61,2017,10,16,5,3,4,2,0,1,0,1,0,0,0,5.16926E+20,5.37231E+21,9.22914E+15,4.85037E+16
156699,8.17102E+18,8,4,15,19,2017,10,15,5,3,6,4,0,1,1,0,0,0,0,5.18796E+20,5.37051E+21,9.25438E+15,4.84875E+16
156700,8.17102E+18,8,3,35,99,2017,10,14,5,3,7,7,0,0,0,1,1,0,0,4.95619E+20,5.30055E+21,8.94143E+15,4.78583E+16
156701,8.17102E+18,8,3,35,1,2017,10,16,5,3,8,7,0,1,0,0,0,0,0,4.89063E+20,5.29887E+21,8.85382E+15,4.78431E+16
156702,8.17102E+18,8,3,27,16,2017,10,6,5,3,6,4,0,1,1,0,0,2,0,4.95194E+20,5.31972E+21,8.93553E+15,4.80308E+16
156703,8.17102E+18,8,3,27,50,2017,10,0,5,3,5,3,1,1,0,0,0,2,0,4.86054E+20,5.31446E+21,8.8131E+15,4.79833E+16
156704,8.17102E+18,8,3,26,74,2017,10,13,5,3,2,6,0,1,0,0,0,0,0,4.64756E+20,5.32386E+21,8.52692E+15,4.80671E+16
156705,8.17102E+18,8,3,17,96,2017,10,7,5,3,2,6,0,1,0,0,0,0,0,4.19496E+20,5.36767E+21,7.91113E+15,4.8457E+16
156706,8.17102E+18,8,3,17,96,2017,10,12,5,3,5,3,0,1,0,1,0,0,0,4.22334E+20,5.36799E+21,7.94946E+15,4.84603E+16
156707,8.17102E+18,8,3,15,7,2017,10,14,5,3,3,2,0,1,0,1,0,0,0,4.00959E+20,5.29627E+21,7.67708E+15,4.78122E+16
156708,8.17102E+18,8,3,11,0,2017,10,19,5,3,0,7,1,0,0,0,0,2,0,4.11672E+20,5.31457E+21,7.8164E+15,4.79783E+16
156709,8.17102E+18,8,3,36,50,2017,10,9,5,3,6,7,0,1,1,0,0,0,0,4.01453E+20,5.27624E+21,7.6882E+15,4.7632E+16
156710,8.17102E+18,8,3,11,0,2017,10,8,5,3,0,1,0,1,0,1,0,0,0,4.13884E+20,5.31774E+21,7.84539E+15,4.80072E+16
156711,8.17102E+18,8,3,11,0,2017,10,13,5,3,0,7,1,1,0,0,0,0,0,4.13414E+20,5.31702E+21,7.83923E+15,4.80006E+16
156712,8.17102E+18,8,3,11,0,2017,10,14,5,2,0,1,1,0,0,0,0,0,0,4.13643E+20,5.3157E+21,7.84257E+15,4.79888E+16
156713,8.17102E+18,8,3,11,0,2017,10,16,5,3,6,1,1,0,1,0,0,0,0,4.14124E+20,5.31624E+21,7.84891E+15,4.79937E+16
156714,8.17102E+18,8,2,15,46,2017,10,18,5,3,5,3,1,1,0,0,0,0,0,4.51005E+20,5.41419E+21,8.33176E+15,4.88787E+16
156715,8.17102E+18,8,2,12,0,2017,10,18,5,3,0,4,0,0,1,0,1,0,0,4.60769E+20,5.42749E+21,8.46365E+15,4.89991E+16
156716,8.17102E+18,8,2,12,0,2017,10,18,5,3,5,2,1,1,0,0,0,1,0,4.55055E+20,5.42957E+21,8.3853E+15,4.90174E+16
156717,8.17102E+18,8,2,31,0,2017,10,18,5,3,4,2,0,1,0,0,0,2,0,4.76471E+20,5.4153E+21,8.67902E+15,4.88902E+16
156718,8.17102E+18,8,2,31,0,2017,10,11,5,3,4,7,0,1,0,0,1,0,0,4.7702E+20,5.41519E+21,8.68651E+15,4.88892E+16
156719,8.17102E+18,8,2,26,98,2017,10,17,5,3,5,2,1,1,0,0,0,0,0,4.76448E+20,5.45991E+21,8.67611E+15,4.92915E+16
156720,8.17102E+18,8,2,22,0,2017,10,15,5,3,0,7,0,1,0,1,0,0,0,4.63508E+20,5.48308E+21,8.49603E+15,4.94993E+16
156721,8.17102E+18,8,2,26,18,2017,10,10,5,3,5,3,0,1,0,0,0,0,0,4.73072E+20,5.472E+21,8.62886E+15,4.94001E+16
156722,8.17102E+18,8,2,21,0,2017,10,0,5,3,3,6,1,0,0,0,0,2,0,4.77728E+20,5.47233E+21,8.69301E+15,4.94032E+16
156723,8.17102E+18,8,2,16,15,2017,10,8,5,3,5,3,0,1,0,0,0,0,0,4.50395E+20,5.40585E+21,8.32445E+15,4.88036E+16
156724,8.17102E+18,8,2,16,43,2017,10,18,5,3,0,2,1,1,0,0,0,0,0,4.4206E+20,5.4114E+21,8.21017E+15,4.88529E+16
156725,8.17102E+18,8,2,15,106,2017,10,15,5,3,2,6,0,1,0,0,0,0,0,4.64882E+20,5.45551E+21,8.51744E+15,4.92513E+16
156726,8.17102E+18,8,2,12,0,2017,10,11,5,3,8,7,0,1,0,0,0,0,0,4.58244E+20,5.43072E+21,8.42879E+15,4.9028E+16
156727,8.17102E+18,8,2,12,0,2017,10,18,5,3,6,4,0,1,1,0,0,0,0,4.55855E+20,5.43341E+21,8.39582E+15,4.9052E+16
156728,8.17102E+18,8,2,15,9,2017,10,7,5,3,3,6,1,1,0,1,0,2,0,4.69473E+20,5.44109E+21,8.58161E+15,4.91219E+16
156729,8.17102E+18,8,2,11,0,2017,10,15,5,2,0,5,0,1,0,0,1,0,0,4.44392E+20,5.40055E+21,8.24343E+15,4.87555E+16
156730,8.17102E+18,8,1,26,11,2017,10,10,5,2,0,7,0,1,0,0,0,0,0,5.28136E+20,5.44644E+21,9.386E+15,4.91701E+16
156731,8.17102E+18,8,1,19,76,2017,10,15,5,3,5,3,1,1,0,0,0,0,0,5.42216E+20,5.40592E+21,9.57493E+15,4.88048E+16
156732,8.17102E+18,8,1,17,19,2017,10,16,5,3,3,1,1,1,0,0,0,0,0,5.52122E+20,5.39339E+21,9.70824E+15,4.86914E+16
156733,8.17102E+18,8,1,17,26,2017,10,16,5,2,5,2,1,0,0,0,1,0,0,5.48721E+20,5.39435E+21,9.66215E+15,4.87002E+16
156734,8.17102E+18,8,1,16,49,2017,10,22,5,2,0,7,0,0,0,1,0,2,0,5.25477E+20,5.38468E+21,9.34567E+15,4.86147E+16
156735,8.17102E+18,8,1,16,16,2017,10,6,5,3,0,6,0,0,0,1,1,2,1,5.33996E+20,5.38463E+21,9.46124E+15,4.86138E+16
156736,8.17102E+18,8,1,16,77,2017,10,8,5,2,6,4,0,1,1,0,0,0,0,5.14783E+20,5.3916E+21,9.20081E+15,4.86773E+16
156737,8.17102E+18,8,1,15,3,2017,10,8,5,3,5,3,0,1,0,0,0,0,0,4.98842E+20,5.39207E+21,8.98427E+15,4.86816E+16
156738,8.17102E+18,8,1,15,3,2017,10,13,5,3,5,2,1,1,0,0,0,0,0,5.01267E+20,5.39248E+21,9.01722E+15,4.86853E+16
156739,8.17102E+18,8,1,11,0,2017,10,7,5,3,0,1,1,0,0,0,1,0,0,5.16251E+20,5.40603E+21,9.22133E+15,4.88071E+16
156740,8.17102E+18,8,1,11,0,2017,10,11,5,1,6,7,0,1,1,0,0,0,0,5.12744E+20,5.3995E+21,9.17337E+15,4.87484E+16
156741,8.17102E+18,8,1,11,0,2017,10,11,5,3,0,3,0,1,0,0,0,0,0,5.15276E+20,5.40347E+21,9.20795E+15,4.8784E+16
156742,8.17102E+18,8,1,11,0,2017,10,16,5,3,2,7,0,1,0,1,0,0,0,5.15226E+20,5.39565E+21,9.20698E+15,4.87137E+16
156743,8.17102E+18,8,1,11,0,2017,10,15,5,3,0,1,1,0,0,0,0,0,0,5.1104E+20,5.40243E+21,9.15027E+15,4.87748E+16
156744,8.17102E+18,8,4,37,100,2017,10,15,4,3,4,6,1,1,0,0,0,0,0,5.36753E+20,5.31816E+21,9.49284E+15,4.80157E+16
156745,8.17102E+18,8,4,36,81,2017,10,7,4,3,6,4,0,1,1,0,0,0,0,5.61803E+20,5.28112E+21,9.82344E+15,4.76805E+16
156746,8.17102E+18,8,4,26,21,2017,10,13,4,2,4,6,0,1,0,0,0,0,0,5.57694E+20,5.32786E+21,9.77494E+15,4.81014E+16
156747,8.17102E+18,8,4,21,0,2017,10,8,4,3,0,2,1,0,0,0,1,0,0,5.71292E+20,5.36315E+21,9.96351E+15,4.84174E+16
156748,8.17102E+18,8,1,17,18,2017,10,21,4,2,9,1,0,0,0,1,0,2,0,5.38806E+20,5.39694E+21,9.52765E+15,4.87243E+16
156749,8.17102E+18,8,4,17,2,2017,10,16,4,3,5,3,0,1,0,0,1,0,0,4.88799E+20,5.34594E+21,8.84907E+15,4.82666E+16
156750,8.17102E+18,8,4,16,36,2017,10,18,4,3,3,2,1,1,0,0,0,0,0,4.9545E+20,5.36894E+21,8.93845E+15,4.84736E+16
156751,8.17102E+18,8,4,15,61,2017,10,18,4,3,6,4,0,0,1,0,1,1,0,5.15386E+20,5.37411E+21,9.20837E+15,4.85199E+16
156752,8.17102E+18,8,4,15,14,2017,10,16,4,3,1,7,0,1,0,0,0,0,0,5.25431E+20,5.37556E+21,9.34447E+15,4.85326E+16
156753,8.17102E+18,8,3,35,75,2017,10,12,4,3,2,6,0,1,0,0,0,0,0,4.86568E+20,5.28893E+21,8.82079E+15,4.77536E+16
156754,8.17102E+18,8,3,27,49,2017,10,14,4,3,0,1,0,0,0,0,1,0,0,4.72527E+20,5.32484E+21,8.63116E+15,4.80763E+16
156755,8.17102E+18,8,3,27,46,2017,10,7,4,3,3,3,1,1,0,0,0,0,0,4.80041E+20,5.32515E+21,8.73202E+15,4.80793E+16
156756,8.17102E+18,8,3,25,1,2017,10,21,4,2,5,3,1,1,0,0,0,2,0,4.56139E+20,5.34548E+21,8.40902E+15,4.8261E+16
156757,8.17102E+18,8,3,17,96,2017,10,11,4,3,4,2,0,1,0,0,0,0,0,4.22623E+20,5.36939E+21,7.9531E+15,4.84729E+16
156758,8.17102E+18,8,3,17,110,2017,10,7,4,2,5,2,1,1,0,0,0,0,0,4.2769E+20,5.38225E+21,8.01941E+15,4.85892E+16
156759,8.17102E+18,8,3,15,15,2017,10,19,4,2,5,3,1,1,0,0,0,2,0,3.94705E+20,5.32024E+21,7.58771E+15,4.80268E+16
156760,8.17102E+18,8,3,15,47,2017,10,7,4,3,2,6,0,1,0,0,0,0,0,4.15172E+20,5.32092E+21,7.86203E+15,4.8036E+16
156761,8.17102E+18,8,3,11,0,2017,10,13,4,3,6,4,0,1,1,0,0,0,0,4.13127E+20,5.31667E+21,7.83546E+15,4.79974E+16
156762,8.17102E+18,8,3,11,0,2017,10,17,4,3,5,3,1,1,0,0,0,0,0,4.13415E+20,5.31662E+21,7.83933E+15,4.7997E+16
156763,8.17102E+18,8,2,12,0,2017,10,10,4,3,1,5,1,1,0,0,0,0,0,4.57991E+20,5.42875E+21,8.42554E+15,4.90102E+16
156764,8.17102E+18,8,2,12,0,2017,10,11,4,3,0,5,1,1,0,0,0,0,0,4.56577E+20,5.42434E+21,8.40667E+15,4.89704E+16
156765,8.17102E+18,8,2,36,62,2017,10,7,4,3,4,2,0,1,0,1,0,0,0,4.85219E+20,5.40784E+21,8.79862E+15,4.88234E+16
156766,8.17102E+18,8,2,26,96,2017,10,19,4,2,6,4,0,1,1,0,0,2,0,4.76204E+20,5.4887E+21,8.67102E+15,4.95504E+16
156767,8.17102E+18,8,2,26,32,2017,10,11,4,3,2,6,0,1,0,0,0,0,0,4.6645E+20,5.4627E+21,8.53838E+15,4.93161E+16
156768,8.17102E+18,8,2,22,0,2017,10,17,4,3,5,3,1,1,0,0,0,0,0,4.63339E+20,5.48325E+21,8.49368E+15,4.95008E+16
156769,8.17102E+18,8,2,22,0,2017,10,13,4,3,5,3,0,1,0,0,1,0,0,4.62574E+20,5.47815E+21,8.4836E+15,4.94549E+16
156770,8.17102E+18,8,2,26,105,2017,10,15,4,3,5,3,0,1,0,1,0,0,0,4.70966E+20,5.47951E+21,8.59928E+15,4.94676E+16
156771,8.17102E+18,8,2,22,0,2017,10,4,4,2,4,2,0,1,0,1,0,2,0,4.63359E+20,5.48446E+21,8.49384E+15,4.95117E+16
156772,8.17102E+18,8,2,22,0,2017,10,20,4,3,6,4,1,0,1,0,0,2,0,4.61784E+20,5.48164E+21,8.47236E+15,4.94862E+16
156773,8.17102E+18,8,2,21,0,2017,10,12,4,3,2,6,0,1,0,0,0,0,0,4.76983E+20,5.47486E+21,8.6826E+15,4.9426E+16
156774,8.17102E+18,8,2,21,0,2017,10,11,4,3,1,7,0,1,0,1,0,0,0,4.77691E+20,5.47345E+21,8.69244E+15,4.94134E+16
156775,8.17102E+18,8,2,15,102,2017,10,14,4,3,5,3,1,1,0,0,0,0,0,4.55836E+20,5.43695E+21,8.39517E+15,4.90838E+16
156776,8.17102E+18,8,2,15,17,2017,10,16,4,3,2,6,0,1,0,0,0,0,0,4.54367E+20,5.42041E+21,8.37691E+15,4.89349E+16
156777,8.17102E+18,8,2,12,0,2017,10,11,4,3,5,3,0,1,0,0,0,0,0,4.55977E+20,5.42808E+21,8.39807E+15,4.9004E+16
156778,8.17102E+18,8,2,12,0,2017,10,15,4,3,5,2,1,1,0,0,0,0,0,4.55004E+20,5.42928E+21,8.38463E+15,4.90147E+16
156779,8.17102E+18,8,2,12,0,2017,10,16,4,3,5,3,0,1,0,1,0,0,0,4.60334E+20,5.42513E+21,8.45793E+15,4.89778E+16
156780,8.17102E+18,8,1,36,65,2017,10,16,4,3,2,6,0,1,0,0,0,0,0,5.58888E+20,5.40527E+21,9.80187E+15,4.87977E+16