OBJECTID,UIDENTSTLA,ULAND,UREGBEZ,UKREIS,UGEMEINDE,UJAHR,UMONAT,USTUNDE,UWOCHENTAG,UKATEGORIE,UART,UTYP1,IstRad,IstPKW,IstFuss,IstKrad,IstSonstig,LICHT,STRZUSTAND,LINREFX,LINREFY,XGCSWGS84,YGCSWGS84
156781,8.17102E+18,8,1,36,19,2017,10,17,4,3,5,3,1,1,0,0,0,0,0,5.82093E+20,5.42481E+21,1.01217E+16,4.89708E+16
156782,8.17102E+18,8,1,36,88,2017,10,17,4,3,5,3,1,1,0,0,0,0,0,5.8055E+20,5.41108E+21,1.00979E+16,4.88475E+16
156783,8.17102E+18,8,1,35,19,2017,10,13,4,3,2,6,0,1,0,0,0,0,0,5.83908E+20,5.39301E+21,1.014E+16,4.86845E+16
156784,8.17102E+18,8,2,25,58,2017,10,17,4,2,4,2,0,1,0,0,0,0,0,5.08634E+20,5.46496E+21,9.11885E+15,4.93373E+16
156785,8.17102E+18,8,1,16,19,2017,10,12,4,3,5,2,0,1,0,0,0,0,0,5.23535E+20,5.39842E+21,9.3201E+15,4.87383E+16
156786,8.17102E+18,8,1,15,45,2017,10,10,4,3,1,6,0,1,0,0,0,0,0,5.00509E+20,5.39395E+21,9.00692E+15,4.86985E+16
156787,8.17102E+18,8,1,15,13,2017,10,5,4,3,1,5,0,1,0,0,1,2,0,4.96566E+20,5.39003E+21,8.95337E+15,4.86633E+16
156788,8.17102E+18,8,1,11,0,2017,10,7,4,3,5,2,0,1,0,1,0,0,0,5.1809E+20,5.40693E+21,9.24641E+15,4.88151E+16
156789,8.17102E+18,8,1,11,0,2017,10,16,4,3,5,2,1,1,0,0,0,0,0,5.11514E+20,5.40218E+21,9.15671E+15,4.87725E+16
156790,8.17102E+18,8,1,11,0,2017,10,5,4,3,5,3,1,1,0,0,0,2,0,5.13961E+20,5.40341E+21,9.19005E+15,4.87836E+16
156791,8.17102E+18,8,1,11,0,2017,10,21,4,3,2,2,0,1,0,0,0,2,0,5.12084E+20,5.40884E+21,9.16467E+15,4.88324E+16
156792,8.17102E+18,8,1,11,0,2017,10,7,4,2,0,1,1,0,0,0,0,1,0,5.12523E+20,5.40162E+21,9.17042E+15,4.87675E+16
156793,8.17102E+18,8,4,37,76,2017,10,7,3,3,4,2,0,0,0,1,1,0,0,5.23173E+20,5.32233E+21,9.31098E+15,4.80538E+16
156794,8.17102E+18,8,4,36,9,2017,10,6,3,3,4,6,0,1,0,0,0,2,0,5.56634E+20,5.30901E+21,9.75822E+15,4.79319E+16
156795,8.17102E+18,8,4,21,0,2017,10,10,3,2,6,7,0,1,1,0,0,0,0,5.7337E+20,5.36098E+21,9.99123E+15,4.83977E+16
156796,8.17102E+18,8,4,16,41,2017,10,6,3,3,4,2,1,1,0,0,0,2,0,5.0354E+20,5.37332E+21,9.04794E+15,4.8513E+16
156797,8.17102E+18,8,4,16,41,2017,10,8,3,3,1,7,1,1,0,0,0,0,0,5.03771E+20,5.37261E+21,9.05105E+15,4.85066E+16
156798,8.17102E+18,8,4,15,60,2017,10,17,3,3,8,1,1,0,0,0,0,0,0,5.15253E+20,5.37846E+21,9.20672E+15,4.85591E+16
156799,8.17102E+18,8,4,15,61,2017,10,17,3,3,0,3,1,1,0,0,0,0,0,5.16086E+20,5.37327E+21,9.2178E+15,4.85124E+16
156800,8.17102E+18,8,3,37,128,2017,10,16,3,3,5,3,0,1,0,0,0,0,0,4.47935E+20,5.28277E+21,8.3061E+15,4.76962E+16
156801,8.17102E+18,8,3,35,43,2017,10,8,3,3,0,1,1,0,0,0,0,0,1,5.1338E+20,5.27833E+21,9.17819E+15,4.76582E+16
156802,8.17102E+18,8,3,35,43,2017,10,17,3,2,8,1,1,0,0,0,0,0,0,5.15439E+20,5.27923E+21,9.20565E+15,4.76663E+16
156803,8.17102E+18,8,3,27,54,2017,10,7,3,3,6,4,0,1,1,0,0,1,0,4.83684E+20,5.31681E+21,8.78126E+15,4.80044E+16
156804,8.17102E+18,8,3,26,74,2017,10,7,3,3,4,2,1,1,0,0,0,2,0,4.64073E+20,5.32314E+21,8.51781E+15,4.80606E+16
156805,8.17102E+18,8,3,16,56,2017,10,10,3,3,7,7,0,0,0,1,1,0,0,4.23216E+20,5.32844E+21,7.96857E+15,4.81046E+16
156806,8.17102E+18,8,3,16,43,2017,10,20,3,3,4,1,1,0,0,0,1,2,0,4.11362E+20,5.33092E+21,7.80885E+15,4.81254E+16
156807,8.17102E+18,8,3,11,0,2017,10,14,3,3,4,2,1,1,0,0,0,0,0,4.17492E+20,5.31485E+21,7.89431E+15,4.79817E+16
156808,8.17102E+18,8,3,11,0,2017,10,15,3,3,8,1,0,1,0,0,0,0,0,4.10949E+20,5.31678E+21,7.80625E+15,4.79981E+16
156809,8.17102E+18,8,3,11,0,2017,10,23,3,3,3,6,1,0,0,0,0,2,0,4.15095E+20,5.31724E+21,7.86173E+15,4.80028E+16
156810,8.17102E+18,8,3,36,50,2017,10,8,3,2,0,1,1,0,0,0,0,0,1,4.01313E+20,5.27613E+21,7.68637E+15,4.76311E+16
156811,8.17102E+18,8,2,12,0,2017,10,18,3,3,5,3,1,1,0,0,0,1,0,4.551E+20,5.4285E+21,8.38603E+15,4.90077E+16
156812,8.17102E+18,8,2,12,0,2017,10,5,3,3,2,7,0,1,0,0,0,2,0,4.55948E+20,5.42921E+21,8.39754E+15,4.90142E+16
156813,8.17102E+18,8,2,12,0,2017,10,9,3,3,5,3,1,1,0,0,0,0,0,4.60024E+20,5.42718E+21,8.45349E+15,4.89963E+16
156814,8.17102E+18,8,2,26,84,2017,10,16,3,3,5,3,1,1,0,0,0,0,0,4.69266E+20,5.47014E+21,8.57654E+15,4.93832E+16
156815,8.17102E+18,8,2,26,62,2017,10,9,3,2,0,6,1,1,0,0,0,0,0,4.69708E+20,5.46786E+21,8.58281E+15,4.93627E+16
156816,8.17102E+18,8,2,26,32,2017,10,11,3,3,2,6,0,1,0,0,0,0,0,4.66524E+20,5.4638E+21,8.53931E+15,4.9326E+16
156817,8.17102E+18,8,2,25,114,2017,10,5,3,3,8,1,0,1,0,0,0,2,1,5.38273E+20,5.47304E+21,9.5276E+15,4.94088E+16
156818,8.17102E+18,8,2,25,1,2017,10,8,3,3,0,7,0,1,0,0,0,0,0,5.28672E+20,5.47297E+21,9.39525E+15,4.94088E+16
156819,8.17102E+18,8,2,22,0,2017,10,10,3,3,5,2,1,1,0,0,0,0,0,4.62919E+20,5.48611E+21,8.48761E+15,4.95265E+16
156820,8.17102E+18,8,2,22,0,2017,10,17,3,3,1,6,0,1,0,0,0,0,0,4.63177E+20,5.48072E+21,8.49168E+15,4.9478E+16
156821,8.17102E+18,8,2,22,0,2017,10,9,3,3,5,3,0,1,0,1,0,0,0,4.64915E+20,5.47659E+21,8.51603E+15,4.94409E+16
156822,8.17102E+18,8,2,22,0,2017,10,9,3,3,9,1,0,0,0,1,0,0,0,4.62602E+20,5.47985E+21,8.48382E+15,4.94702E+16
156823,8.17102E+18,8,2,22,0,2017,10,9,3,3,4,2,0,1,0,0,0,0,0,4.6636E+20,5.47834E+21,8.53581E+15,4.94568E+16
156824,8.17102E+18,8,2,22,0,2017,10,8,3,3,1,1,0,1,0,0,0,0,0,4.61723E+20,5.48246E+21,8.47144E+15,4.94935E+16
156825,8.17102E+18,8,2,26,84,2017,10,16,3,3,4,7,0,1,0,1,0,0,0,4.67051E+20,5.47349E+21,8.54575E+15,4.94132E+16
156826,8.17102E+18,8,2,22,0,2017,10,14,3,2,5,3,1,0,0,1,0,0,0,4.62841E+20,5.48612E+21,8.48653E+15,4.95265E+16
156827,8.17102E+18,8,2,21,0,2017,10,13,3,3,5,3,0,1,0,1,0,0,0,4.75798E+20,5.47059E+21,8.66651E+15,4.93876E+16
156828,8.17102E+18,8,2,21,0,2017,10,20,3,3,0,7,1,0,0,0,0,2,0,4.76792E+20,5.47217E+21,8.68012E+15,4.94018E+16
156829,8.17102E+18,8,2,21,0,2017,10,9,3,3,5,3,0,0,0,1,1,0,0,4.77693E+20,5.47275E+21,8.69251E+15,4.9407E+16
156830,8.17102E+18,8,2,16,43,2017,10,12,3,3,5,2,0,1,0,0,0,0,0,4.41239E+20,5.41319E+21,8.19872E+15,4.88689E+16
156831,8.17102E+18,8,4,35,16,2017,10,16,3,3,5,3,1,1,0,0,0,0,0,5.36098E+20,5.27831E+21,9.48074E+15,4.76572E+16
156832,8.17102E+18,8,1,36,10,2017,10,12,3,2,2,6,0,1,0,0,0,0,0,5.99115E+20,5.41301E+21,1.03514E+16,4.88622E+16
156833,8.17102E+18,8,2,11,0,2017,10,9,3,3,0,7,1,0,0,1,1,0,1,4.45859E+20,5.39878E+21,8.26361E+15,4.87397E+16
156834,8.17102E+18,8,3,35,75,2017,10,14,3,3,0,7,1,0,0,0,0,0,0,4.87749E+20,5.28934E+21,8.83654E+15,4.77573E+16
156835,8.17102E+18,8,4,15,50,2017,10,16,3,2,0,7,1,0,0,0,0,0,0,5.21105E+20,5.37681E+21,9.28594E+15,4.8544E+16
156836,8.17102E+18,8,4,16,41,2017,10,17,3,3,5,3,1,1,0,0,0,0,0,5.04103E+20,5.37467E+21,9.05558E+15,4.85251E+16
156837,8.17102E+18,8,1,19,79,2017,10,16,3,3,4,1,0,1,0,0,0,0,0,5.22779E+20,5.41049E+21,9.31048E+15,4.8847E+16
156838,8.17102E+18,8,1,36,88,2017,10,13,3,2,6,7,0,0,1,0,1,0,0,5.80127E+20,5.40994E+21,1.0092E+16,4.88372E+16
156839,8.17102E+18,8,2,26,62,2017,10,7,3,2,4,2,1,0,0,0,1,0,1,4.70387E+20,5.4696E+21,8.59203E+15,4.93784E+16
156840,8.17102E+18,8,1,18,48,2017,10,11,3,3,5,3,1,0,0,0,1,0,1,5.14518E+20,5.41562E+21,9.19807E+15,4.88933E+16
156841,8.17102E+18,8,2,22,0,2017,10,11,3,3,5,3,1,0,0,1,0,0,0,4.60895E+20,5.48241E+21,8.46001E+15,4.94931E+16
156842,8.17102E+18,8,2,22,0,2017,10,12,3,3,5,5,1,1,0,0,0,0,0,4.63064E+20,5.48567E+21,8.48965E+15,4.95225E+16
156843,8.17102E+18,8,2,12,0,2017,10,7,3,3,6,6,0,1,1,0,0,1,0,4.54308E+20,5.43261E+21,8.37474E+15,4.90447E+16
156844,8.17102E+18,8,2,15,109,2017,10,15,3,3,5,3,0,1,0,0,1,0,0,4.61185E+20,5.43421E+21,8.4687E+15,4.90595E+16
156845,8.17102E+18,8,2,15,96,2017,10,5,3,3,0,7,0,1,0,0,0,2,0,4.67538E+20,5.4192E+21,8.55684E+15,4.89249E+16
156846,8.17102E+18,8,2,16,24,2017,10,16,3,3,5,2,0,1,0,0,1,0,0,4.45053E+20,5.40896E+21,8.25129E+15,4.88312E+16
156847,8.17102E+18,8,3,36,81,2017,10,10,3,3,6,7,0,1,1,0,0,0,0,4.11672E+20,5.27795E+21,7.82386E+15,4.76489E+16
156848,8.17102E+18,8,3,36,91,2017,10,8,3,3,5,2,1,1,0,0,0,0,0,3.97788E+20,5.27186E+21,7.64046E+15,4.75921E+16
156849,8.17102E+18,8,3,11,0,2017,10,8,3,3,5,3,1,1,0,0,0,0,0,4.14632E+20,5.31689E+21,7.85559E+15,4.79996E+16
156850,8.17102E+18,8,2,26,18,2017,10,10,3,3,5,3,0,1,0,0,0,0,1,4.72863E+20,5.47215E+21,8.62596E+15,4.94014E+16
156851,8.17102E+18,8,2,21,0,2017,10,23,3,3,5,3,0,1,0,0,0,2,1,4.773E+20,5.46961E+21,8.68727E+15,4.93787E+16
156852,8.17102E+18,8,4,36,64,2017,10,22,3,3,5,3,1,1,0,0,0,2,0,5.45016E+20,5.29185E+21,9.6009E+15,4.77785E+16
156853,8.17102E+18,8,4,21,0,2017,10,15,3,3,6,4,0,1,1,0,0,0,0,5.74298E+20,5.36139E+21,1.00038E+16,4.84013E+16
156854,8.17102E+18,8,4,35,16,2017,10,15,3,3,3,6,1,1,0,0,0,0,0,5.37679E+20,5.27769E+21,9.50175E+15,4.76515E+16
156855,8.17102E+18,8,3,15,15,2017,10,8,3,3,0,1,1,0,0,0,0,0,1,3.9628E+20,5.32141E+21,7.60855E+15,4.80375E+16
156856,8.17102E+18,8,3,17,153,2017,10,18,3,2,8,1,0,1,0,0,0,2,0,4.2082E+20,5.39301E+21,7.92422E+15,4.86851E+16
156857,8.17103E+18,8,1,11,0,2017,10,0,4,3,5,3,0,1,0,0,0,2,0,5.14274E+20,5.40494E+21,9.19436E+15,4.87973E+16
156858,8.17102E+18,8,1,18,48,2017,10,7,3,3,2,6,0,1,0,0,0,1,1,5.15153E+20,5.41551E+21,9.20673E+15,4.88924E+16
156859,8.17103E+18,8,1,15,3,2017,10,14,2,3,6,4,0,1,1,0,0,0,0,5.00694E+20,5.39343E+21,9.00943E+15,4.86939E+16
156860,8.17103E+18,8,1,11,0,2017,10,13,2,3,6,4,0,1,1,0,0,0,0,5.16151E+20,5.40548E+21,9.21994E+15,4.88021E+16
156861,8.17103E+18,8,1,11,0,2017,10,21,2,3,5,3,0,1,0,0,0,2,0,5.12721E+20,5.40918E+21,9.17334E+15,4.88355E+16
156862,8.17103E+18,8,4,36,81,2017,10,7,1,2,1,5,0,1,0,0,1,2,0,5.56795E+20,5.28224E+21,9.75686E+15,4.7691E+16
156863,8.17103E+18,8,4,21,0,2017,10,2,1,3,6,4,0,1,1,0,0,2,1,5.69371E+20,5.35793E+21,9.93669E+15,4.83707E+16
156864,8.17103E+18,8,4,15,61,2017,10,21,1,3,0,1,1,0,0,0,0,2,0,5.14852E+20,5.36991E+21,9.20097E+15,4.84821E+16
156865,8.17103E+18,8,3,36,50,2017,10,12,1,3,5,3,0,1,0,0,0,0,0,3.99353E+20,5.2731E+21,7.66097E+15,4.76035E+16
156866,8.17103E+18,8,3,35,75,2017,10,15,1,3,5,3,0,1,0,0,0,0,1,4.88953E+20,5.28891E+21,8.85261E+15,4.77535E+16
156867,8.17103E+18,8,3,26,74,2017,10,6,1,3,8,1,0,1,0,0,0,2,1,4.6031E+20,5.32403E+21,8.46723E+15,4.80683E+16
156868,8.17103E+18,8,3,17,1,2017,10,11,1,3,2,6,0,1,0,1,0,0,1,4.32108E+20,5.3872E+21,8.07851E+15,4.86342E+16
156869,8.17103E+18,8,3,11,0,2017,10,19,1,2,2,6,0,1,0,1,0,2,1,4.12883E+20,5.3162E+21,7.83229E+15,4.79932E+16
156870,8.17103E+18,8,2,31,0,2017,10,5,1,3,0,1,1,0,0,0,0,2,1,4.79044E+20,5.41666E+21,8.71405E+15,4.89025E+16
156871,8.17103E+18,8,2,26,62,2017,10,15,1,3,9,3,0,1,0,0,0,0,0,4.69782E+20,5.4687E+21,8.58376E+15,4.93702E+16
156872,8.17103E+18,8,2,26,36,2017,10,16,1,3,3,6,1,1,0,0,0,0,0,4.68554E+20,5.48058E+21,8.56591E+15,4.9477E+16
156873,8.17103E+18,8,2,22,0,2017,10,21,1,3,1,6,0,1,0,0,0,2,1,4.61736E+20,5.48248E+21,8.47161E+15,4.94937E+16
156874,8.17103E+18,8,2,21,0,2017,10,3,1,3,5,3,1,1,0,0,0,2,1,4.76136E+20,5.47347E+21,8.671E+15,4.94134E+16
156875,8.17103E+18,8,2,15,9,2017,10,5,1,3,7,7,0,1,0,0,1,2,1,4.6849E+20,5.44189E+21,8.56808E+15,4.9129E+16
156876,8.17103E+18,8,2,12,0,2017,10,9,1,3,7,7,1,0,0,0,0,0,1,4.59061E+20,5.42723E+21,8.44032E+15,4.89966E+16
156877,8.17103E+18,8,3,17,5,2017,10,17,1,2,9,1,0,1,0,0,1,1,1,4.26447E+20,5.37318E+21,8.00417E+15,4.85074E+16
156878,8.17103E+18,8,1,35,20,2017,10,8,1,2,8,1,0,1,0,0,0,0,1,5.87415E+20,5.38544E+21,1.0186E+16,4.86159E+16
156879,8.17103E+18,8,1,21,0,2017,10,19,1,2,6,4,0,1,1,0,0,2,0,5.16101E+20,5.44292E+21,9.22075E+15,4.91389E+16
156880,8.17103E+18,8,1,19,84,2017,10,21,1,2,6,7,0,1,1,0,0,2,0,5.46719E+20,5.41319E+21,9.63708E+15,4.88699E+16
156881,8.17103E+18,8,1,15,41,2017,10,14,1,2,0,2,0,1,0,0,0,0,0,4.95572E+20,5.40091E+21,8.93974E+15,4.87612E+16
156882,8.17103E+18,8,1,11,0,2017,10,15,1,3,6,7,0,1,1,0,0,0,0,5.12701E+20,5.40855E+21,9.17306E+15,4.88298E+16
156883,8.17103E+18,8,4,37,100,2017,10,14,7,3,6,4,0,1,1,0,0,0,0,5.37065E+20,5.31843E+21,9.49705E+15,4.80181E+16
156884,8.17103E+18,8,4,35,16,2017,10,11,7,3,5,3,0,1,0,1,0,0,0,5.3649E+20,5.27901E+21,9.48602E+15,4.76634E+16
156885,8.17103E+18,8,4,16,41,2017,10,19,7,3,4,2,0,1,0,1,0,2,0,5.03883E+20,5.37658E+21,9.05261E+15,4.85423E+16
156886,8.17103E+18,8,4,15,61,2017,10,13,7,3,0,7,1,0,0,0,0,0,0,5.157E+20,5.37141E+21,9.21251E+15,4.84956E+16
156887,8.17103E+18,8,3,35,63,2017,10,22,7,3,0,1,0,1,0,0,0,2,0,4.96055E+20,5.28778E+21,8.94737E+15,4.77434E+16
156888,8.17103E+18,8,3,35,43,2017,10,17,7,3,8,7,1,0,0,0,0,0,0,5.10982E+20,5.28139E+21,9.14633E+15,4.76858E+16
156889,8.17103E+18,8,3,35,63,2017,10,21,7,3,6,4,0,1,1,0,0,2,0,4.97679E+20,5.287E+21,8.96904E+15,4.77364E+16
156890,8.17103E+18,8,3,26,74,2017,10,14,7,3,5,1,0,1,0,0,1,0,1,4.60204E+20,5.3226E+21,8.46594E+15,4.80554E+16
156891,8.17103E+18,8,3,26,74,2017,10,13,7,3,2,1,0,1,0,0,0,0,0,4.6274E+20,5.32499E+21,8.49977E+15,4.80771E+16
156892,8.17103E+18,8,3,26,61,2017,10,19,7,2,6,7,0,1,1,0,0,2,0,4.70316E+20,5.31931E+21,8.60187E+15,4.80264E+16
156893,8.17103E+18,8,3,17,9,2017,10,13,7,2,0,7,1,0,0,0,0,0,0,4.25099E+20,5.36217E+21,7.98789E+15,4.84082E+16
156894,8.17103E+18,8,3,15,74,2017,10,23,7,3,8,2,0,1,0,0,0,2,0,3.95503E+20,5.2961E+21,7.60426E+15,4.78098E+16
156895,8.17103E+18,8,2,35,20,2017,10,21,7,3,8,1,0,1,0,0,0,2,0,4.74939E+20,5.38607E+21,8.6599E+15,4.86272E+16
156896,8.17103E+18,8,2,26,59,2017,10,14,7,2,9,1,0,0,0,1,0,0,0,4.65406E+20,5.46073E+21,8.52418E+15,4.92983E+16
156897,8.17103E+18,8,2,26,13,2017,10,13,7,3,5,4,0,1,1,0,0,0,0,4.98793E+20,5.48033E+21,8.98333E+15,4.94756E+16
156898,8.17103E+18,8,2,22,0,2017,10,10,7,3,5,3,0,1,0,0,0,0,0,4.62884E+20,5.48189E+21,8.48752E+15,4.94885E+16
156899,8.17103E+18,8,2,21,0,2017,10,11,7,2,1,5,1,1,0,0,0,0,0,4.77219E+20,5.47507E+21,8.68584E+15,4.94279E+16
156900,8.17103E+18,8,2,15,106,2017,10,14,7,3,2,6,0,1,0,0,0,0,0,4.66287E+20,5.45483E+21,8.53679E+15,4.92453E+16
156901,8.17103E+18,8,2,12,0,2017,10,12,7,3,3,2,0,1,0,0,0,0,0,4.57511E+20,5.42861E+21,8.41899E+15,4.90089E+16
156902,8.17103E+18,8,2,12,0,2017,10,18,7,3,6,2,1,1,1,0,0,1,0,4.56236E+20,5.42846E+21,8.40157E+15,4.90075E+16
156903,8.17103E+18,8,1,21,0,2017,10,12,7,3,5,3,1,1,0,0,0,0,0,5.14839E+20,5.44482E+21,9.20351E+15,4.9156E+16
156904,8.17103E+18,8,1,18,48,2017,10,12,7,3,0,7,0,0,0,1,0,0,0,5.13834E+20,5.41594E+21,9.18875E+15,4.88962E+16
156905,8.17103E+18,8,1,18,46,2017,10,1,7,3,9,1,1,0,0,0,0,2,0,5.14388E+20,5.41239E+21,9.19617E+15,4.88643E+16
156906,8.17103E+18,8,1,18,46,2017,10,6,7,3,5,2,0,1,0,1,0,2,0,5.14001E+20,5.41202E+21,9.19089E+15,4.88609E+16
156907,8.17103E+18,8,1,16,49,2017,10,11,7,3,5,3,1,1,0,0,0,0,0,5.25451E+20,5.38467E+21,9.34531E+15,4.86146E+16
156908,8.17103E+18,8,1,15,3,2017,10,19,7,3,5,3,0,1,0,1,0,2,0,5.00716E+20,5.39181E+21,9.00973E+15,4.86794E+16
156909,8.17103E+18,8,1,11,0,2017,10,9,7,3,6,7,0,1,1,0,0,0,0,5.13303E+20,5.40922E+21,9.18129E+15,4.88358E+16
156910,8.17103E+18,8,1,11,0,2017,10,13,7,3,5,3,0,1,0,1,0,0,0,5.15961E+20,5.40344E+21,9.21727E+15,4.87837E+16
156911,8.17103E+18,8,4,36,64,2017,10,11,6,3,5,3,0,1,0,0,0,0,1,5.44994E+20,5.2925E+21,9.60067E+15,4.77843E+16
156912,8.17103E+18,8,4,35,59,2017,10,15,6,2,5,3,1,0,0,0,0,0,0,5.1279E+20,5.29063E+21,9.1707E+15,4.77689E+16
156913,8.17103E+18,8,4,35,57,2017,10,13,6,3,0,7,0,0,1,0,1,0,0,5.44182E+20,5.27929E+21,9.58849E+15,4.76655E+16
156914,8.17103E+18,8,4,21,0,2017,10,7,6,3,2,6,0,1,0,0,0,2,0,5.72443E+20,5.35611E+21,9.97786E+15,4.8354E+16
156915,8.17103E+18,8,4,21,0,2017,10,13,6,3,5,3,0,1,0,0,0,0,0,5.708E+20,5.36128E+21,9.95655E+15,4.84007E+16
156916,8.17103E+18,8,4,16,41,2017,10,16,6,3,1,6,1,1,0,0,0,0,0,5.0268E+20,5.37637E+21,9.0363E+15,4.85404E+16
156917,8.17103E+18,8,3,36,81,2017,10,9,6,3,0,7,1,0,0,0,1,0,0,4.10538E+20,5.27749E+21,7.80885E+15,4.76446E+16
156918,8.17103E+18,8,3,35,75,2017,10,14,6,3,2,6,0,1,0,0,0,0,0,4.8872E+20,5.28985E+21,8.84948E+15,4.77619E+16
156919,8.17103E+18,8,3,35,75,2017,10,16,6,3,4,2,0,1,0,0,0,0,0,4.90486E+20,5.28937E+21,8.87306E+15,4.77576E+16
156920,8.17103E+18,8,3,35,75,2017,10,12,6,3,0,3,0,1,0,1,0,0,1,4.88058E+20,5.28956E+21,8.84066E+15,4.77593E+16
156921,8.17103E+18,8,4,35,35,2017,10,18,6,2,0,7,1,0,0,0,0,2,0,5.42049E+20,5.282E+21,9.56035E+15,4.769E+16
156922,8.17103E+18,8,3,17,9,2017,10,19,6,3,5,3,0,1,0,1,0,2,0,4.25075E+20,5.36268E+21,7.98747E+15,4.84128E+16
156923,8.17103E+18,8,3,17,65,2017,10,17,6,3,4,7,1,1,0,0,0,0,1,4.16126E+20,5.35466E+21,7.86816E+15,4.83395E+16
156924,8.17103E+18,8,3,17,57,2017,10,11,6,3,4,6,0,1,0,0,0,0,0,4.15142E+20,5.37986E+21,7.84978E+15,4.85661E+16
156925,8.17103E+18,8,3,17,57,2017,10,17,6,3,2,6,0,1,0,0,1,1,0,4.13201E+20,5.38292E+21,7.82283E+15,4.85934E+16
156926,8.17103E+18,8,3,17,1,2017,10,15,6,3,5,3,1,1,0,0,0,0,0,4.31103E+20,5.38731E+21,8.06485E+15,4.8635E+16
156927,8.17103E+18,8,3,11,0,2017,10,17,6,3,2,7,0,1,0,0,1,0,0,4.15103E+20,5.31569E+21,7.86214E+15,4.79888E+16
156928,8.17103E+18,8,3,11,0,2017,10,18,6,3,0,1,0,1,0,1,0,1,0,4.14591E+20,5.31825E+21,7.85477E+15,4.80118E+16
156929,8.17103E+18,8,3,11,0,2017,10,7,6,3,0,7,1,1,0,0,0,1,0,4.14961E+20,5.31743E+21,7.85989E+15,4.80045E+16
156930,8.17103E+18,8,3,11,0,2017,10,17,6,2,7,1,1,0,0,0,0,0,0,4.13079E+20,5.31826E+21,7.8345E+15,4.80117E+16
156931,8.17103E+18,8,3,11,0,2017,10,10,6,3,0,1,0,0,0,1,0,0,1,4.14013E+20,5.31521E+21,7.84762E+15,4.79844E+16
156932,8.17103E+18,8,3,11,0,2017,10,20,6,3,3,2,1,0,0,0,0,2,0,4.15209E+20,5.31579E+21,7.86355E+15,4.79897E+16
156933,8.17103E+18,8,3,36,91,2017,10,13,6,3,6,4,1,0,1,0,0,0,0,3.94673E+20,5.27236E+21,7.59891E+15,4.75961E+16
156934,8.17103E+18,8,2,15,109,2017,10,17,6,3,6,7,0,1,1,0,0,0,0,4.61506E+20,5.4331E+21,8.47319E+15,4.90495E+16
156935,8.17103E+18,8,2,31,0,2017,10,1,6,3,7,1,0,1,0,0,0,2,0,4.78502E+20,5.41531E+21,8.70672E+15,4.88904E+16
156936,8.17103E+18,8,2,31,0,2017,10,12,6,3,0,7,0,0,0,0,1,0,0,4.74946E+20,5.41435E+21,8.65827E+15,4.88816E+16
156937,8.17103E+18,8,2,26,82,2017,10,10,6,3,6,2,0,1,1,0,0,0,0,4.75503E+20,5.48041E+21,8.66185E+15,4.94758E+16
156938,8.17103E+18,8,2,22,0,2017,10,15,6,3,5,3,0,1,0,0,0,0,0,4.62824E+20,5.47839E+21,8.48702E+15,4.9457E+16
156939,8.17103E+18,8,2,22,0,2017,10,12,6,2,5,3,1,1,0,0,0,0,0,4.62394E+20,5.47837E+21,8.48109E+15,4.94568E+16
156940,8.17103E+18,8,2,22,0,2017,10,16,6,3,5,3,1,0,0,0,1,0,0,4.59827E+20,5.48838E+21,8.44466E+15,4.95467E+16
156941,8.17103E+18,8,2,22,0,2017,10,16,6,3,1,7,1,1,0,0,0,0,0,4.61246E+20,5.48318E+21,8.46477E+15,4.95E+16
156942,8.17103E+18,8,2,21,0,2017,10,7,6,3,5,3,1,1,0,0,0,2,1,4.74359E+20,5.47458E+21,8.64643E+15,4.94234E+16
156943,8.17103E+18,8,2,15,106,2017,10,7,6,3,9,7,0,0,0,1,0,2,1,4.6422E+20,5.45404E+21,8.50847E+15,4.92381E+16
156944,8.17103E+18,8,2,15,59,2017,10,11,6,3,0,1,0,1,0,0,0,0,0,4.85295E+20,5.43773E+21,8.79858E+15,4.90923E+16
156945,8.17103E+18,8,2,12,0,2017,10,13,6,3,2,2,0,1,1,0,0,0,0,4.52856E+20,5.42801E+21,8.3554E+15,4.90032E+16
156946,8.17103E+18,8,2,12,0,2017,10,14,6,3,2,7,0,1,0,0,0,0,0,4.52045E+20,5.42846E+21,8.34426E+15,4.90071E+16
156947,8.17103E+18,8,1,36,65,2017,10,16,6,3,1,1,0,1,0,0,0,0,0,5.59219E+20,5.40471E+21,9.8063E+15,4.87926E+16
156948,8.17103E+18,8,1,36,19,2017,10,7,6,3,0,6,1,0,0,0,1,2,1,5.81466E+20,5.42245E+21,1.01127E+16,4.89496E+16
156949,8.17103E+18,8,1,35,31,2017,10,11,6,3,5,3,0,1,0,0,0,0,1,5.94379E+20,5.37872E+21,1.0279E+16,4.85545E+16
156950,8.17103E+18,8,1,26,66,2017,10,7,6,3,5,3,0,1,0,0,1,2,1,5.3709E+20,5.45036E+21,9.50918E+15,4.92049E+16
156951,8.17103E+18,8,1,26,66,2017,10,10,6,3,1,2,0,1,0,0,1,0,0,5.36956E+20,5.44897E+21,9.50722E+15,4.91924E+16