OBJECTID,UIDENTSTLA,ULAND,UREGBEZ,UKREIS,UGEMEINDE,UJAHR,UMONAT,USTUNDE,UWOCHENTAG,UKATEGORIE,UART,UTYP1,IstRad,IstPKW,IstFuss,IstKrad,IstSonstig,LICHT,STRZUSTAND,LINREFX,LINREFY,XGCSWGS84,YGCSWGS84
156952,8.17103E+18,8,1,25,58,2017,10,7,6,3,5,3,1,1,0,0,0,0,1,5.08209E+20,5.44354E+21,9.11256E+15,4.91446E+16
156953,8.17103E+18,8,1,21,0,2017,10,10,6,3,2,6,0,1,0,0,0,0,0,5.14006E+20,5.44257E+21,9.19201E+15,4.91358E+16
156954,8.17103E+18,8,1,21,0,2017,10,15,6,3,5,2,1,1,0,0,0,0,0,5.15249E+20,5.44286E+21,9.20907E+15,4.91384E+16
156955,8.17103E+18,8,1,19,67,2017,10,15,6,3,5,3,0,1,0,0,0,0,0,5.38296E+20,5.40601E+21,9.52156E+15,4.88059E+16
156956,8.17103E+18,8,1,18,48,2017,10,7,6,3,6,4,0,1,1,0,0,2,1,5.11887E+20,5.41725E+21,9.16222E+15,4.89081E+16
156957,8.17103E+18,8,1,17,43,2017,10,11,6,3,8,1,0,1,0,0,0,0,1,5.52128E+20,5.38971E+21,9.70786E+15,4.86583E+16
156958,8.17103E+18,8,1,16,77,2017,10,16,6,3,5,3,1,1,0,0,0,0,0,5.15811E+20,5.38882E+21,9.21467E+15,4.86522E+16
156959,8.17103E+18,8,1,16,19,2017,10,16,6,2,5,3,1,1,0,0,0,0,0,5.2194E+20,5.39796E+21,9.29838E+15,4.87342E+16
156960,8.17103E+18,8,1,16,19,2017,10,9,6,3,0,7,0,0,0,0,1,0,0,5.25926E+20,5.39681E+21,9.35252E+15,4.87238E+16
156961,8.17103E+18,8,1,16,58,2017,10,11,6,2,5,3,0,1,0,0,1,0,1,5.33681E+20,5.39529E+21,9.45783E+15,4.87097E+16
156962,8.17103E+18,8,1,16,80,2017,10,9,6,3,6,4,0,1,1,0,0,0,1,5.18566E+20,5.39747E+21,9.25247E+15,4.873E+16
156963,8.17103E+18,8,1,16,19,2017,10,17,6,2,6,7,0,1,1,0,0,0,0,5.23059E+20,5.39982E+21,9.31371E+15,4.87509E+16
156964,8.17103E+18,8,1,15,21,2017,10,16,6,3,5,3,0,1,0,0,0,0,1,4.90065E+20,5.38194E+21,8.86527E+15,4.85904E+16
156965,8.17103E+18,8,1,11,0,2017,10,13,6,3,2,6,0,1,0,0,1,0,0,5.15537E+20,5.41014E+21,9.21177E+15,4.8844E+16
156966,8.17103E+18,8,1,11,0,2017,10,17,6,3,4,6,0,1,0,0,0,0,0,5.14779E+20,5.40947E+21,9.2014E+15,4.8838E+16
156967,8.17103E+18,8,1,11,0,2017,10,13,6,3,5,2,1,1,0,0,0,0,0,5.091E+20,5.39711E+21,9.12374E+15,4.87269E+16
156968,8.17103E+18,8,1,11,0,2017,10,17,6,3,2,2,0,1,0,0,0,1,0,5.1585E+20,5.406E+21,9.21587E+15,4.88068E+16
156969,8.17103E+18,8,1,11,0,2017,10,18,6,3,1,7,0,1,0,0,1,1,0,5.08083E+20,5.39715E+21,9.10991E+15,4.87273E+16
156970,8.17103E+18,8,4,35,34,2017,10,16,5,3,5,3,1,1,0,0,0,0,0,5.30164E+20,5.28485E+21,9.40217E+15,4.77163E+16
156971,8.17103E+18,8,4,35,16,2017,10,15,5,3,0,1,1,0,0,0,0,0,0,5.36608E+20,5.27926E+21,9.48762E+15,4.76657E+16
156972,8.17103E+18,8,4,16,41,2017,10,18,5,3,5,3,1,1,0,0,0,1,0,5.02321E+20,5.37151E+21,9.03142E+15,4.84967E+16
156973,8.17103E+18,8,4,16,50,2017,10,6,5,3,8,1,0,1,0,0,0,2,0,4.87503E+20,5.36486E+21,8.83104E+15,4.84368E+16
156974,8.17103E+18,8,4,15,61,2017,10,10,5,3,3,6,1,1,0,0,0,0,0,5.16048E+20,5.37053E+21,9.21719E+15,4.84877E+16
156975,8.17103E+18,8,4,15,73,2017,10,19,5,3,5,3,0,1,0,0,0,2,0,5.17473E+20,5.35025E+21,9.23564E+15,4.83052E+16
156976,8.17103E+18,8,3,37,123,2017,10,13,5,3,4,2,0,1,0,0,0,0,0,4.51091E+20,5.27798E+21,8.34869E+15,4.76533E+16
156977,8.17103E+18,8,3,35,75,2017,10,19,5,3,1,5,0,1,0,0,0,2,0,4.88225E+20,5.29026E+21,8.84285E+15,4.77656E+16
156978,8.17103E+18,8,3,26,12,2017,10,16,5,3,2,1,0,1,0,0,0,0,0,4.63112E+20,5.31266E+21,8.50581E+15,4.79662E+16
156979,8.17103E+18,8,2,37,40,2017,10,14,5,2,4,2,0,1,0,1,0,0,0,4.75005E+20,5.3707E+21,8.66172E+15,4.84889E+16
156980,8.17103E+18,8,3,25,60,2017,10,16,5,1,6,4,0,0,1,0,1,0,0,4.69541E+20,5.33886E+21,8.59007E+15,4.82022E+16
156981,8.17103E+18,8,3,17,96,2017,10,8,5,3,5,3,1,1,0,0,0,0,0,4.22813E+20,5.36993E+21,7.95558E+15,4.84778E+16
156982,8.17103E+18,8,3,17,96,2017,10,16,5,3,6,2,0,1,1,0,0,0,0,4.21753E+20,5.36848E+21,7.94151E+15,4.84645E+16
156983,8.17103E+18,8,3,17,65,2017,10,14,5,2,6,7,0,1,1,0,0,0,0,4.16285E+20,5.35473E+21,7.8703E+15,4.83402E+16
156984,8.17103E+18,8,3,15,13,2017,10,8,5,2,6,4,0,1,1,0,0,0,0,4.04465E+20,5.32426E+21,7.71768E+15,4.80644E+16
156985,8.17103E+18,8,3,11,0,2017,10,19,5,3,5,2,1,1,0,0,0,2,0,4.1462E+20,5.31776E+21,7.85525E+15,4.80075E+16
156986,8.17103E+18,8,3,11,0,2017,10,21,5,3,5,3,1,1,0,0,0,2,0,4.13828E+20,5.31675E+21,7.84484E+15,4.79982E+16
156987,8.17103E+18,8,3,36,50,2017,10,15,5,3,7,7,1,0,1,0,0,0,0,4.01211E+20,5.27662E+21,7.6849E+15,4.76354E+16
156988,8.17103E+18,8,3,11,0,2017,10,7,5,3,1,5,1,1,0,0,0,0,0,4.13562E+20,5.31698E+21,7.84123E+15,4.80003E+16
156989,8.17103E+18,8,2,12,0,2017,10,18,5,3,0,6,1,1,0,0,0,2,0,4.55426E+20,5.42844E+21,8.39049E+15,4.90072E+16
156990,8.17103E+18,8,2,15,7,2017,10,12,5,2,6,7,0,0,1,0,1,0,0,4.78652E+20,5.43167E+21,8.70791E+15,4.90376E+16
156991,8.17103E+18,8,2,37,28,2017,10,8,5,2,4,1,0,1,0,0,1,0,1,4.59883E+20,5.3687E+21,8.45726E+15,4.84701E+16
156992,8.17103E+18,8,2,31,0,2017,10,15,5,2,6,4,0,0,1,0,1,0,0,4.77915E+20,5.4153E+21,8.69872E+15,4.88903E+16
156993,8.17103E+18,8,2,31,0,2017,10,16,5,3,2,6,0,1,0,0,0,0,0,4.75989E+20,5.4161E+21,8.6724E+15,4.88973E+16
156994,8.17103E+18,8,2,36,40,2017,10,12,5,3,1,6,0,1,0,0,0,0,0,4.89095E+20,5.42249E+21,8.85105E+15,4.89552E+16
156995,8.17103E+18,8,2,26,10,2017,10,17,5,3,8,7,1,0,0,0,0,0,0,4.8046E+20,5.4594E+21,8.73131E+15,4.92871E+16
156996,8.17103E+18,8,2,26,96,2017,10,16,5,3,4,6,1,1,0,0,0,0,0,4.74696E+20,5.48778E+21,8.65023E+15,4.95421E+16
156997,8.17103E+18,8,2,22,0,2017,10,15,5,3,8,2,0,0,0,1,1,0,0,4.62004E+20,5.48151E+21,8.47541E+15,4.94851E+16
156998,8.17103E+18,8,2,22,0,2017,10,16,5,2,3,2,0,1,0,1,0,0,0,4.64383E+20,5.48451E+21,8.50798E+15,4.95122E+16
156999,8.17103E+18,8,2,22,0,2017,10,13,5,3,4,2,0,1,0,0,0,0,0,4.64063E+20,5.48236E+21,8.50376E+15,4.94928E+16
157000,8.17103E+18,8,2,21,0,2017,10,8,5,3,5,3,0,0,0,1,1,0,0,4.74556E+20,5.47144E+21,8.64935E+15,4.93951E+16
157001,8.17103E+18,8,2,21,0,2017,10,16,5,3,1,6,0,1,0,0,0,0,0,4.75465E+20,5.4738E+21,8.66173E+15,4.94164E+16
157002,8.17103E+18,8,2,21,0,2017,10,1,5,3,9,5,0,1,0,0,0,2,0,4.77297E+20,5.47118E+21,8.68714E+15,4.93929E+16
157003,8.17103E+18,8,2,21,0,2017,10,14,5,3,5,3,0,0,0,0,1,0,0,4.76714E+20,5.47284E+21,8.67901E+15,4.94078E+16
157004,8.17103E+18,8,2,15,103,2017,10,13,5,3,5,3,0,1,0,1,0,0,0,4.66491E+20,5.44259E+21,8.54062E+15,4.91352E+16
157005,8.17103E+18,8,2,15,108,2017,10,11,5,3,1,3,1,1,0,0,0,0,0,4.49696E+20,5.4249E+21,8.31259E+15,4.8975E+16
157006,8.17103E+18,8,2,12,0,2017,10,15,5,3,2,7,0,1,0,0,1,0,0,4.55172E+20,5.42879E+21,8.38699E+15,4.90103E+16
157007,8.17103E+18,8,2,15,101,2017,10,17,5,2,3,6,1,0,0,0,0,0,0,4.65576E+20,5.42826E+21,8.5293E+15,4.90063E+16
157008,8.17103E+18,8,1,35,15,2017,10,15,5,2,2,1,1,0,0,0,1,0,0,5.83296E+20,5.38347E+21,1.01298E+16,4.85987E+16
157009,8.17103E+18,8,1,28,115,2017,10,12,5,3,2,2,0,1,0,0,0,0,0,5.46949E+20,5.49861E+21,9.65023E+15,4.96382E+16
157010,8.17103E+18,8,1,26,46,2017,10,17,5,3,4,1,1,0,0,0,0,0,0,5.50287E+20,5.45877E+21,9.69141E+15,4.92797E+16
157011,8.17103E+18,8,1,25,65,2017,10,20,5,3,5,3,0,1,0,0,0,1,0,5.14781E+20,5.44928E+21,9.20289E+15,4.91961E+16
157012,8.17103E+18,8,1,25,5,2017,10,12,5,2,5,3,0,1,0,0,0,0,0,5.17554E+20,5.45196E+21,9.24106E+15,4.92202E+16
157013,8.17103E+18,8,1,21,0,2017,10,14,5,3,2,6,0,1,0,0,0,0,0,5.1621E+20,5.4409E+21,9.22216E+15,4.91207E+16
157014,8.17103E+18,8,1,19,91,2017,10,16,5,3,5,3,0,1,0,1,0,0,0,5.2839E+20,5.40647E+21,9.38669E+15,4.88106E+16
157015,8.17103E+18,8,1,18,68,2017,10,7,5,2,8,1,0,0,0,1,0,1,0,5.00502E+20,5.42275E+21,9.00685E+15,4.89576E+16
157016,8.17103E+18,8,1,18,19,2017,10,21,5,3,5,3,1,1,0,0,0,2,0,5.05323E+20,5.4055E+21,9.07249E+15,4.88025E+16
157017,8.17103E+18,8,1,17,49,2017,10,15,5,2,6,7,0,1,1,0,0,0,0,5.55795E+20,5.39247E+21,9.75803E+15,4.86827E+16
157018,8.17103E+18,8,1,15,45,2017,10,11,5,2,6,4,0,1,1,0,0,0,0,5.02401E+20,5.39454E+21,9.03263E+15,4.87039E+16
157019,8.17103E+18,8,1,15,50,2017,10,10,5,3,5,3,0,1,0,0,0,0,0,4.90923E+20,5.40035E+21,8.8765E+15,4.87561E+16
157020,8.17103E+18,8,1,15,3,2017,10,14,5,3,1,6,0,1,0,0,0,0,0,5.00716E+20,5.39052E+21,9.00972E+15,4.86677E+16
157021,8.17103E+18,8,1,11,0,2017,10,18,5,3,2,6,0,1,0,0,0,1,0,5.0823E+20,5.4068E+21,9.1121E+15,4.88141E+16
157022,8.17103E+18,8,1,11,0,2017,10,6,5,2,2,6,0,1,0,1,0,1,0,5.12256E+20,5.40924E+21,9.16702E+15,4.8836E+16
157023,8.17103E+18,8,1,11,0,2017,10,19,5,2,2,2,1,1,0,0,0,2,0,5.18695E+20,5.40378E+21,9.25451E+15,4.87868E+16
157024,8.17103E+18,8,1,11,0,2017,10,17,5,3,5,2,0,1,0,1,0,0,0,5.11449E+20,5.40642E+21,9.15594E+15,4.88107E+16
157025,8.17103E+18,8,1,11,0,2017,10,18,5,3,5,2,1,1,0,0,0,2,0,5.15306E+20,5.40675E+21,9.20849E+15,4.88135E+16
157026,8.17103E+18,8,1,11,0,2017,10,10,5,3,2,6,0,1,0,0,0,0,0,5.14899E+20,5.40718E+21,9.20296E+15,4.88174E+16
157027,8.17103E+18,8,1,11,0,2017,10,20,5,3,5,2,1,1,0,0,0,2,0,5.14838E+20,5.40363E+21,9.202E+15,4.87855E+16
157028,8.17103E+18,8,1,11,0,2017,10,16,5,3,0,7,0,1,0,1,0,0,0,5.07837E+20,5.39839E+21,9.10659E+15,4.87384E+16
157029,8.17103E+18,8,4,35,16,2017,10,13,4,3,0,1,1,0,0,0,0,0,0,5.33571E+20,5.27843E+21,9.4471E+15,4.76584E+16
157030,8.17103E+18,8,4,26,14,2017,10,18,4,3,5,2,0,0,0,0,1,0,0,5.48142E+20,5.31755E+21,9.6455E+15,4.80094E+16
157031,8.17103E+18,8,4,16,41,2017,10,18,4,3,2,6,0,1,0,0,0,2,0,5.04393E+20,5.37283E+21,9.05948E+15,4.85085E+16
157032,8.17103E+18,8,4,16,41,2017,10,13,4,3,5,3,1,1,0,0,0,0,0,5.04047E+20,5.37266E+21,9.05479E+15,4.8507E+16
157033,8.17103E+18,8,4,15,61,2017,10,15,4,3,6,4,0,1,1,0,0,0,0,5.14426E+20,5.37013E+21,9.19522E+15,4.84841E+16
157034,8.17103E+18,8,3,37,125,2017,10,7,4,3,0,7,0,1,0,0,0,0,0,4.4716E+20,5.27378E+21,8.29686E+15,4.76153E+16
157035,8.17103E+18,8,4,36,11,2017,10,17,4,2,5,3,1,1,0,0,0,0,0,5.49079E+20,5.29853E+21,9.65589E+15,4.78382E+16
157036,8.17103E+18,8,4,36,64,2017,10,16,4,2,6,4,0,0,1,0,1,0,0,5.45975E+20,5.28926E+21,9.61343E+15,4.7755E+16
157037,8.17103E+18,8,3,27,46,2017,10,17,4,2,8,1,1,0,0,0,0,0,0,4.80632E+20,5.32443E+21,8.73999E+15,4.80728E+16
157038,8.17103E+18,8,3,26,52,2017,10,4,4,3,5,3,0,1,0,0,0,2,0,4.53209E+20,5.33163E+21,8.37108E+15,4.81362E+16
157039,8.17103E+18,8,3,17,57,2017,10,13,4,3,5,3,1,1,0,0,0,0,0,4.12762E+20,5.38007E+21,7.81748E+15,4.85676E+16
157040,8.17103E+18,8,3,17,65,2017,10,8,4,2,5,3,1,0,0,0,1,0,0,4.15099E+20,5.35467E+21,7.85431E+15,4.83395E+16
157041,8.17103E+18,8,3,16,51,2017,10,8,4,3,5,3,1,1,0,0,0,0,0,3.9954E+20,5.33547E+21,7.64895E+15,4.81645E+16
157042,8.17103E+18,8,3,15,76,2017,10,14,4,3,4,6,1,1,0,0,0,0,0,3.91581E+20,5.29181E+21,7.55297E+15,4.77705E+16
157043,8.17103E+18,8,3,15,3,2017,10,19,4,2,0,1,1,0,0,0,0,1,0,4.12684E+20,5.31126E+21,7.83063E+15,4.79487E+16
157044,8.17103E+18,8,3,36,50,2017,10,21,4,3,6,4,0,1,1,0,0,2,0,4.02033E+20,5.27668E+21,7.69582E+15,4.76361E+16
157045,8.17103E+18,8,3,11,0,2017,10,7,4,3,4,6,1,0,0,0,0,2,0,4.10692E+20,5.31537E+21,7.80309E+15,4.79854E+16
157046,8.17103E+18,8,3,11,0,2017,10,18,4,3,4,7,0,1,0,1,0,0,0,4.13413E+20,5.31703E+21,7.83922E+15,4.80007E+16
157047,8.17103E+18,8,3,15,73,2017,10,8,4,3,4,6,0,1,0,1,0,0,0,4.12682E+20,5.31388E+21,7.83006E+15,4.79723E+16
157048,8.17103E+18,8,3,11,0,2017,10,19,4,3,4,2,1,1,0,0,0,2,0,4.1309E+20,5.31721E+21,7.83486E+15,4.80023E+16
157049,8.17103E+18,8,3,11,0,2017,10,12,4,3,5,3,1,1,0,0,0,0,0,4.14199E+20,5.31956E+21,7.84926E+15,4.80235E+16
157050,8.17103E+18,8,2,12,0,2017,10,18,4,3,2,6,0,1,0,0,0,2,0,4.55317E+20,5.43424E+21,8.38836E+15,4.90594E+16
157051,8.17103E+18,8,2,35,60,2017,10,15,4,3,0,7,1,0,0,0,0,0,0,4.77539E+20,5.37958E+21,8.69553E+15,4.85689E+16
157052,8.17103E+18,8,2,26,103,2017,10,16,4,3,0,3,0,0,0,1,1,0,0,4.71854E+20,5.45728E+21,8.61312E+15,4.92677E+16
157053,8.17103E+18,8,2,26,85,2017,10,6,4,3,3,3,0,1,0,0,0,2,1,4.90605E+20,5.45575E+21,8.87089E+15,4.92544E+16
157054,8.17103E+18,8,2,26,9,2017,10,14,4,3,5,3,0,1,0,1,0,0,0,4.65508E+20,5.47293E+21,8.52453E+15,4.94081E+16
157055,8.17103E+18,8,2,26,105,2017,10,18,4,3,2,6,0,1,0,0,0,1,0,4.71321E+20,5.47722E+21,8.60435E+15,4.9447E+16
157056,8.17103E+18,8,2,22,0,2017,10,13,4,2,6,4,0,1,1,0,0,0,0,4.62973E+20,5.47803E+21,8.48911E+15,4.94538E+16
157057,8.17103E+18,8,2,22,0,2017,10,6,4,2,6,4,0,1,1,0,0,2,0,4.62679E+20,5.48247E+21,8.48464E+15,4.94938E+16
157058,8.17103E+18,8,2,26,59,2017,10,19,4,2,8,1,0,1,0,0,0,2,0,4.6549E+20,5.46088E+21,8.52533E+15,4.92997E+16
157059,8.17103E+18,8,2,21,0,2017,10,17,4,2,3,6,0,1,0,1,0,0,0,4.76123E+20,5.47286E+21,8.67086E+15,4.9408E+16
157060,8.17103E+18,8,2,21,0,2017,10,14,4,3,1,1,0,1,0,0,1,0,0,4.82923E+20,5.47395E+21,8.76454E+15,4.9418E+16
157061,8.17103E+18,8,2,16,43,2017,10,13,4,3,5,3,0,1,0,1,0,0,0,4.4168E+20,5.4101E+21,8.20517E+15,4.88412E+16
157062,8.17103E+18,8,2,15,9,2017,10,11,4,3,5,3,1,1,0,0,0,0,0,4.68564E+20,5.44106E+21,8.56916E+15,4.91215E+16
157063,8.17103E+18,8,2,12,0,2017,10,13,4,3,1,5,1,1,0,0,0,0,0,4.56527E+20,5.42788E+21,8.40561E+15,4.90023E+16
157064,8.17103E+18,8,2,15,101,2017,10,8,4,3,5,3,0,1,0,1,0,0,0,4.67697E+20,5.42837E+21,8.55829E+15,4.90073E+16
157065,8.17103E+18,8,1,19,91,2017,10,7,4,3,6,3,0,1,1,0,0,1,0,5.28834E+20,5.40566E+21,9.39267E+15,4.88032E+16
157066,8.17103E+18,8,1,19,20,2017,10,16,4,3,5,3,1,1,0,0,0,0,0,5.19238E+20,5.4088E+21,9.26214E+15,4.88319E+16
157067,8.17103E+18,8,1,19,8,2017,10,18,4,3,5,3,1,1,0,0,0,1,0,5.31571E+20,5.42146E+21,9.43117E+15,4.89453E+16
157068,8.17103E+18,8,1,18,67,2017,10,15,4,3,2,7,0,1,0,0,0,0,0,5.05804E+20,5.41386E+21,9.07916E+15,4.88777E+16
157069,8.17103E+18,8,1,18,76,2017,10,7,4,3,2,6,0,1,0,0,0,1,0,5.0396E+20,5.42201E+21,9.05409E+15,4.8951E+16
157070,8.17103E+18,8,1,18,48,2017,10,18,4,3,5,2,1,1,0,0,0,1,0,5.12093E+20,5.4151E+21,9.16497E+15,4.88887E+16
157071,8.17103E+18,8,1,16,19,2017,10,11,4,3,2,6,0,1,0,0,0,0,0,5.25358E+20,5.39691E+21,9.3448E+15,4.87247E+16
157072,8.17103E+18,8,1,11,0,2017,10,18,4,3,5,3,0,1,0,0,0,2,0,5.12146E+20,5.40352E+21,9.16535E+15,4.87846E+16
157073,8.17102E+18,8,4,35,52,2017,10,17,3,3,5,3,0,1,0,0,0,0,0,5.22328E+20,5.29058E+21,9.29799E+15,4.77682E+16
157074,8.17102E+18,8,1,18,48,2017,10,7,3,3,5,3,0,1,0,0,0,2,1,5.15194E+20,5.41592E+21,9.2073E+15,4.88961E+16
157075,8.17102E+18,8,3,11,0,2017,10,18,3,3,1,1,0,1,0,0,0,2,0,4.13088E+20,5.32029E+21,7.8342E+15,4.803E+16
157076,8.17102E+18,8,2,26,96,2017,10,14,3,3,2,1,0,1,0,0,1,0,0,4.76203E+20,5.48897E+21,8.671E+15,4.95529E+16
157077,8.17102E+18,8,1,19,8,2017,10,15,3,3,0,4,0,1,1,0,0,0,0,5.32661E+20,5.42055E+21,9.44598E+15,4.8937E+16
157078,8.17102E+18,8,3,35,75,2017,10,7,3,3,0,7,1,0,0,0,0,2,0,4.87561E+20,5.29052E+21,8.834E+15,4.77679E+16
157079,8.17102E+18,8,4,37,100,2017,10,17,3,3,0,7,1,0,0,0,0,0,0,5.37049E+20,5.31839E+21,9.49683E+15,4.80177E+16
157080,8.17103E+18,8,1,11,0,2017,10,9,4,3,2,6,0,1,0,0,0,0,0,5.12713E+20,5.4081E+21,9.1732E+15,4.88257E+16
157081,8.17111E+18,8,1,19,75,2017,11,9,4,3,6,1,0,1,1,0,0,0,1,5.39851E+20,5.42804E+21,9.54488E+15,4.9004E+16
157082,8.17111E+18,8,1,18,48,2017,11,17,4,3,1,7,0,1,0,0,0,1,0,5.14721E+20,5.41536E+21,9.20083E+15,4.8891E+16
157083,8.17111E+18,8,1,18,48,2017,11,18,4,3,6,7,0,0,1,0,1,2,0,5.13466E+20,5.41548E+21,9.18371E+15,4.88921E+16
157084,8.17111E+18,8,1,18,48,2017,11,7,4,3,5,2,1,1,0,0,0,1,1,5.12928E+20,5.41688E+21,9.17641E+15,4.89047E+16
157085,8.17111E+18,8,1,18,48,2017,11,7,4,3,2,6,1,1,0,0,0,1,0,5.15044E+20,5.41606E+21,9.20525E+15,4.88973E+16
157086,8.17111E+18,8,1,18,46,2017,11,15,4,3,5,3,0,1,0,0,1,0,0,5.13533E+20,5.411E+21,9.18448E+15,4.88518E+16
157087,8.17111E+18,8,1,16,80,2017,11,11,4,3,6,3,0,1,1,0,0,0,0,5.19912E+20,5.39642E+21,9.27072E+15,4.87205E+16
157088,8.17111E+18,8,1,16,77,2017,11,11,4,3,4,6,0,1,0,1,0,0,1,5.1527E+20,5.38899E+21,9.20733E+15,4.86538E+16
157089,8.17111E+18,8,1,16,19,2017,11,15,4,2,2,6,0,1,0,0,0,0,1,5.25034E+20,5.39613E+21,9.34035E+15,4.87177E+16
157090,8.17111E+18,8,1,15,45,2017,11,0,4,3,3,1,0,1,0,0,0,2,1,5.02387E+20,5.39485E+21,9.03244E+15,4.87067E+16
157091,8.17111E+18,8,1,11,0,2017,11,14,4,3,6,4,0,1,1,0,0,0,0,5.15166E+20,5.40278E+21,9.20644E+15,4.87778E+16
157092,8.17111E+18,8,4,36,10,2017,11,8,3,3,8,1,0,0,0,0,1,0,1,5.67498E+20,5.30623E+21,9.90321E+15,4.79059E+16
157093,8.17111E+18,8,4,26,13,2017,11,13,3,3,1,2,0,1,0,0,0,0,1,5.44188E+20,5.32332E+21,9.59307E+15,4.80616E+16
157094,8.17111E+18,8,4,17,2,2017,11,13,3,3,2,2,0,1,0,0,1,0,1,4.88686E+20,5.34655E+21,8.84753E+15,4.8272E+16
157095,8.17111E+18,8,4,16,41,2017,11,16,3,3,2,6,0,1,0,0,0,1,0,5.05574E+20,5.37511E+21,9.0755E+15,4.85291E+16
157096,8.17111E+18,8,4,15,61,2017,11,18,3,3,2,2,0,1,0,0,0,2,1,5.15662E+20,5.37233E+21,9.21204E+15,4.85039E+16
157097,8.17111E+18,8,4,15,61,2017,11,7,3,3,2,6,0,1,0,0,0,0,1,5.16385E+20,5.37044E+21,9.22175E+15,4.84868E+16
157098,8.17111E+18,8,4,15,61,2017,11,18,3,3,5,3,1,1,0,0,0,2,1,5.15475E+20,5.3708E+21,9.20944E+15,4.84901E+16
157099,8.17111E+18,8,4,15,61,2017,11,11,3,3,6,1,0,1,1,0,0,0,1,5.16831E+20,5.37406E+21,9.22793E+15,4.85194E+16
157100,8.17111E+18,8,4,15,50,2017,11,19,3,3,6,2,0,1,1,0,0,2,1,5.20745E+20,5.37641E+21,9.28104E+15,4.85405E+16
157101,8.17111E+18,8,3,37,96,2017,11,7,3,3,0,7,0,0,0,1,1,0,1,4.20102E+20,5.26691E+21,7.9381E+15,4.75507E+16
157102,8.17111E+18,8,3,35,43,2017,11,9,3,2,0,6,1,0,0,0,0,0,0,5.14108E+20,5.28006E+21,9.18794E+15,4.76738E+16
157103,8.17111E+18,8,3,26,27,2017,11,12,3,3,5,3,0,1,0,0,1,0,1,4.61601E+20,5.30862E+21,8.48593E+15,4.79297E+16
157104,8.17111E+18,8,3,27,46,2017,11,6,3,2,0,7,1,0,0,0,1,2,1,4.798E+20,5.32473E+21,8.72881E+15,4.80755E+16
157105,8.17111E+18,8,3,17,114,2017,11,18,3,3,4,6,1,1,0,0,0,2,1,4.05152E+20,5.34598E+21,7.72206E+15,4.826E+16
157106,8.17111E+18,8,3,17,65,2017,11,10,3,3,5,3,1,1,0,0,0,0,0,4.16155E+20,5.35486E+21,7.86851E+15,4.83414E+16
157107,8.17111E+18,8,3,16,56,2017,11,17,3,2,2,7,1,1,0,0,0,2,1,4.21681E+20,5.32635E+21,7.94834E+15,4.80856E+16
157108,8.17111E+18,8,3,15,6,2017,11,6,3,3,4,2,0,1,0,0,1,0,0,4.03085E+20,5.30805E+21,7.70282E+15,4.79184E+16
157109,8.17111E+18,8,2,15,17,2017,11,6,4,3,5,3,0,1,0,0,0,2,1,4.56291E+20,5.42154E+21,8.40306E+15,4.89453E+16
157110,8.17111E+18,8,2,12,0,2017,11,9,4,3,5,2,1,1,0,0,0,0,0,4.59821E+20,5.42711E+21,8.45072E+15,4.89955E+16
157111,8.17111E+18,8,1,36,65,2017,11,18,4,2,6,7,0,1,1,0,0,2,0,5.63151E+20,5.40485E+21,9.85984E+15,4.87934E+16
157112,8.17111E+18,8,1,28,7,2017,11,14,4,3,5,3,0,1,0,0,0,0,0,5.57286E+20,5.48225E+21,9.791E+15,4.94902E+16
157113,8.17111E+18,8,1,26,46,2017,11,17,4,3,8,1,0,1,0,0,0,2,1,5.49294E+20,5.4566E+21,9.67748E+15,4.92601E+16
157114,8.17111E+18,8,3,11,0,2017,11,17,3,3,5,2,0,1,1,0,0,2,1,4.13806E+20,5.31561E+21,7.84477E+15,4.7988E+16
157115,8.17111E+18,8,3,11,0,2017,11,13,3,3,5,3,0,1,0,1,0,0,1,4.11842E+20,5.31528E+21,7.81852E+15,4.79847E+16
157116,8.17111E+18,8,3,11,0,2017,11,22,3,2,8,1,0,1,0,0,0,2,1,4.13271E+20,5.3189E+21,7.83695E+15,4.80175E+16
157117,8.17111E+18,8,3,11,0,2017,11,17,3,3,2,6,0,1,0,0,0,2,1,4.1091E+20,5.31816E+21,7.80544E+15,4.80105E+16
157118,8.17111E+18,8,3,11,0,2017,11,18,3,3,0,2,1,0,0,0,1,2,1,4.13167E+20,5.31676E+21,7.83598E+15,4.79982E+16
157119,8.17111E+18,8,3,11,0,2017,11,16,3,3,2,1,0,1,0,0,0,1,1,4.10348E+20,5.31625E+21,7.7983E+15,4.79933E+16
157120,8.17111E+18,8,3,11,0,2017,11,12,3,3,1,7,0,1,0,0,0,0,1,4.13794E+20,5.32026E+21,7.84368E+15,4.80298E+16
157121,8.17111E+18,8,2,35,33,2017,11,18,3,2,6,2,0,1,1,0,0,2,1,4.59255E+20,5.40606E+21,8.44509E+15,4.88062E+16
157122,8.17111E+18,8,2,31,0,2017,11,6,3,3,2,6,0,1,0,0,0,0,0,4.78324E+20,5.41498E+21,8.70431E+15,4.88874E+16