OBJECTID,UIDENTSTLA,ULAND,UREGBEZ,UKREIS,UGEMEINDE,UJAHR,UMONAT,USTUNDE,UWOCHENTAG,UKATEGORIE,UART,UTYP1,IstRad,IstPKW,IstFuss,IstKrad,IstSonstig,LICHT,STRZUSTAND,LINREFX,LINREFY,XGCSWGS84,YGCSWGS84
157123,8.17111E+18,8,2,26,6,2017,11,16,3,3,1,2,0,1,0,0,1,0,0,4.84349E+20,5.46712E+21,8.78448E+15,4.93566E+16
157124,8.17111E+18,8,2,22,0,2017,11,7,3,3,6,4,0,1,1,0,0,0,0,4.6168E+20,5.48413E+21,8.47068E+15,4.95086E+16
157125,8.17111E+18,8,2,21,0,2017,11,12,3,3,1,6,0,1,0,0,0,0,0,4.76023E+20,5.47413E+21,8.6694E+15,4.94194E+16
157126,8.17111E+18,8,2,16,43,2017,11,5,3,3,0,5,1,1,0,0,0,2,0,4.43387E+20,5.41178E+21,8.2282E+15,4.88564E+16
157127,8.17111E+18,8,2,12,0,2017,11,8,3,2,1,5,1,1,1,0,0,0,0,4.55524E+20,5.42796E+21,8.39189E+15,4.90029E+16
157128,8.17111E+18,8,1,15,3,2017,11,15,3,2,5,3,1,1,0,0,0,0,1,4.97408E+20,5.39229E+21,8.96478E+15,4.86836E+16
157129,8.17111E+18,8,1,36,65,2017,11,16,3,2,0,1,1,0,0,0,0,0,1,5.57865E+20,5.40513E+21,9.78793E+15,4.87965E+16
157130,8.17111E+18,8,1,35,19,2017,11,16,3,3,4,2,0,1,0,1,0,0,0,5.85499E+20,5.39627E+21,1.01623E+16,4.87136E+16
157131,8.17111E+18,8,1,26,11,2017,11,7,3,3,5,3,0,1,0,0,1,0,0,5.29297E+20,5.44761E+21,9.402E+15,4.91806E+16
157132,8.17111E+18,8,1,21,0,2017,11,19,3,2,6,4,0,1,1,0,0,2,0,5.16434E+20,5.44293E+21,9.22531E+15,4.9139E+16
157133,8.17111E+18,8,1,19,67,2017,11,10,3,2,6,4,0,1,1,0,0,0,0,5.38724E+20,5.40603E+21,9.52738E+15,4.8806E+16
157134,8.17111E+18,8,1,19,67,2017,11,18,3,2,6,4,0,1,1,0,0,2,1,5.38146E+20,5.40595E+21,9.5195E+15,4.88053E+16
157135,8.17111E+18,8,1,18,67,2017,11,17,3,3,5,3,0,1,0,0,0,1,1,5.06271E+20,5.41461E+21,9.08554E+15,4.88844E+16
157136,8.17111E+18,8,1,18,77,2017,11,11,3,3,5,3,0,1,0,0,0,0,0,5.13253E+20,5.42305E+21,9.18105E+15,4.89602E+16
157137,8.17111E+18,8,1,15,29,2017,11,7,3,2,5,3,1,1,0,0,0,0,1,4.96912E+20,5.39912E+21,8.95799E+15,4.8745E+16
157138,8.17111E+18,8,1,16,49,2017,11,14,3,3,9,1,0,0,0,1,0,0,0,5.24953E+20,5.38394E+21,9.3385E+15,4.86081E+16
157139,8.17111E+18,8,1,16,19,2017,11,11,3,3,2,6,0,1,0,0,1,0,0,5.22206E+20,5.40049E+21,9.30213E+15,4.8757E+16
157140,8.17111E+18,8,1,11,0,2017,11,17,3,3,6,2,0,1,1,0,0,2,1,5.11643E+20,5.40316E+21,9.15849E+15,4.87814E+16
157141,8.17111E+18,8,1,11,0,2017,11,13,3,3,6,2,0,1,1,0,0,0,0,5.11562E+20,5.40906E+21,9.15755E+15,4.88344E+16
157142,8.17111E+18,8,4,37,104,2017,11,7,2,3,5,3,0,1,0,1,0,1,1,5.16299E+20,5.3261E+21,9.21887E+15,4.80879E+16
157143,8.17111E+18,8,4,37,104,2017,11,9,2,3,5,7,0,1,0,0,0,0,1,5.16046E+20,5.3258E+21,9.21547E+15,4.80853E+16
157144,8.17111E+18,8,4,37,100,2017,11,13,2,3,5,3,0,1,0,0,1,0,0,5.35221E+20,5.31388E+21,9.47195E+15,4.79773E+16
157145,8.17111E+18,8,4,36,64,2017,11,6,2,3,1,5,0,0,0,1,1,2,1,5.44984E+20,5.29138E+21,9.60043E+15,4.77742E+16
157146,8.17111E+18,8,4,35,59,2017,11,10,2,3,1,5,0,0,0,1,1,0,0,5.12104E+20,5.2906E+21,9.16155E+15,4.77686E+16
157147,8.17111E+18,8,4,21,0,2017,11,7,2,3,2,6,0,1,0,0,0,0,0,5.74828E+20,5.36411E+21,1.00115E+16,4.84257E+16
157148,8.17111E+18,8,4,16,25,2017,11,16,2,3,2,6,0,1,0,0,0,0,0,5.04696E+20,5.36176E+21,9.06345E+15,4.84089E+16
157149,8.17111E+18,8,3,37,96,2017,11,23,2,3,4,6,0,0,0,0,1,2,1,4.19783E+20,5.27009E+21,7.93328E+15,4.75793E+16
157150,8.17111E+18,8,3,37,123,2017,11,13,2,3,5,3,1,1,0,0,0,0,0,4.52449E+20,5.27885E+21,8.36668E+15,4.76613E+16
157151,8.17111E+18,8,3,37,126,2017,11,17,2,2,8,1,0,1,0,0,0,1,0,4.41921E+20,5.27491E+21,8.22699E+15,4.7625E+16
157152,8.17111E+18,8,3,35,75,2017,11,18,2,3,5,3,0,1,0,1,0,2,0,4.88221E+20,5.29098E+21,8.84278E+15,4.77721E+16
157153,8.17111E+18,8,3,27,50,2017,11,18,2,3,0,2,0,1,1,0,0,2,0,4.86498E+20,5.3141E+21,8.81906E+15,4.79801E+16
157154,8.17111E+18,8,3,17,31,2017,11,18,2,3,2,2,0,1,0,0,0,2,0,4.18353E+20,5.36109E+21,7.89696E+15,4.83976E+16
157155,8.17111E+18,8,3,17,65,2017,11,15,2,3,5,3,0,1,0,0,0,0,0,4.11624E+20,5.3563E+21,7.80708E+15,4.83537E+16
157156,8.17111E+18,8,3,17,96,2017,11,10,2,3,5,3,0,1,0,0,1,0,0,4.21869E+20,5.36792E+21,7.94318E+15,4.84596E+16
157157,8.17111E+18,8,3,16,11,2017,11,11,2,3,0,2,1,1,0,0,0,0,0,4.14531E+20,5.33046E+21,7.85152E+15,4.81216E+16
157158,8.17111E+18,8,3,36,50,2017,11,10,2,3,2,6,0,1,0,0,0,0,0,3.98895E+20,5.27308E+21,7.65489E+15,4.76033E+16
157159,8.17111E+18,8,3,11,0,2017,11,8,2,3,4,6,1,0,0,0,0,0,0,4.11758E+20,5.31435E+21,7.81759E+15,4.79763E+16
157160,8.17111E+18,8,2,35,46,2017,11,13,2,3,0,7,0,1,0,0,0,0,0,4.78888E+20,5.37733E+21,8.71394E+15,4.85487E+16
157161,8.17111E+18,8,2,26,10,2017,11,14,2,3,6,4,0,1,1,0,0,0,0,4.80534E+20,5.45948E+21,8.73231E+15,4.92877E+16
157162,8.17111E+18,8,2,26,82,2017,11,17,2,3,4,5,1,1,0,0,0,2,0,4.74786E+20,5.48031E+21,8.65196E+15,4.94749E+16
157163,8.17111E+18,8,2,26,37,2017,11,17,2,3,5,3,1,1,0,0,0,2,0,4.6672E+20,5.46826E+21,8.54162E+15,4.93661E+16
157164,8.17111E+18,8,2,22,0,2017,11,8,2,3,2,6,0,1,0,0,0,0,0,4.64022E+20,5.48305E+21,8.50312E+15,4.9499E+16
157165,8.17111E+18,8,2,22,0,2017,11,8,2,2,1,3,1,1,0,0,0,1,0,4.62436E+20,5.48292E+21,8.48124E+15,4.94977E+16
157166,8.17111E+18,8,2,21,0,2017,11,0,2,3,1,1,1,1,0,0,0,2,0,4.76235E+20,5.4735E+21,8.67236E+15,4.94137E+16
157167,8.17111E+18,8,2,21,0,2017,11,8,2,2,5,2,1,1,0,0,0,0,0,4.76431E+20,5.46941E+21,8.67531E+15,4.93769E+16
157168,8.17111E+18,8,2,21,0,2017,11,14,2,3,1,5,1,1,0,0,0,0,0,4.77696E+20,5.47268E+21,8.69255E+15,4.94064E+16
157169,8.17111E+18,8,2,15,99,2017,11,15,2,3,3,2,1,1,0,0,0,0,0,4.62413E+20,5.44539E+21,8.48446E+15,4.91602E+16
157170,8.17111E+18,8,2,12,0,2017,11,14,2,3,3,6,1,1,0,0,0,0,0,4.60524E+20,5.4277E+21,8.46027E+15,4.90009E+16
157171,8.17111E+18,8,1,36,65,2017,11,19,2,3,0,7,1,0,0,0,1,2,0,5.60296E+20,5.40434E+21,9.8209E+15,4.87891E+16
157172,8.17111E+18,8,1,36,19,2017,11,9,2,3,5,3,1,1,0,0,0,0,0,5.82725E+20,5.42393E+21,1.01302E+16,4.89627E+16
157173,8.17111E+18,8,1,35,19,2017,11,16,2,3,0,7,0,0,0,0,1,0,0,5.83173E+20,5.39331E+21,1.01301E+16,4.86873E+16
157174,8.17111E+18,8,1,19,20,2017,11,16,2,3,5,3,0,1,0,1,0,0,0,5.20857E+20,5.40685E+21,9.2841E+15,4.88143E+16
157175,8.17111E+18,8,1,19,20,2017,11,13,2,3,0,5,1,1,0,0,0,0,0,5.20058E+20,5.40714E+21,9.27323E+15,4.88169E+16
157176,8.17111E+18,8,1,19,20,2017,11,9,2,2,1,1,0,1,0,0,1,0,0,5.20355E+20,5.40629E+21,9.27724E+15,4.88093E+16
157177,8.17111E+18,8,1,18,11,2017,11,17,2,3,2,6,0,1,0,0,0,2,0,5.04699E+20,5.40761E+21,9.06401E+15,4.88214E+16
157178,8.17111E+18,8,1,16,49,2017,11,15,2,3,6,7,0,0,1,1,0,0,0,5.24826E+20,5.38492E+21,9.33684E+15,4.86169E+16
157179,8.17111E+18,8,1,16,77,2017,11,6,2,2,5,3,1,1,0,0,0,2,1,5.15482E+20,5.39153E+21,9.21032E+15,4.86766E+16
157180,8.17111E+18,8,1,15,45,2017,11,17,2,3,0,7,0,0,0,0,1,1,0,5.02151E+20,5.39442E+21,9.02923E+15,4.87028E+16
157181,8.17111E+18,8,1,11,0,2017,11,7,2,3,1,5,0,1,0,0,0,0,0,5.11448E+20,5.41084E+21,9.15606E+15,4.88505E+16
157182,8.17111E+18,8,1,11,0,2017,11,15,2,3,5,2,0,1,0,0,0,0,0,5.16174E+20,5.39403E+21,9.2198E+15,4.86991E+16
157183,8.17111E+18,8,1,11,0,2017,11,10,2,3,5,3,0,1,0,1,0,0,0,5.14957E+20,5.4032E+21,9.2036E+15,4.87816E+16
157184,8.17111E+18,8,1,11,0,2017,11,13,2,2,0,7,1,0,0,0,0,0,0,5.1141E+20,5.40859E+21,9.15547E+15,4.88301E+16
157185,8.17111E+18,8,1,11,0,2017,11,5,2,3,0,1,0,0,0,1,0,2,1,5.10999E+20,5.40016E+21,9.14964E+15,4.87544E+16
157186,8.17111E+18,8,1,11,0,2017,11,10,2,3,2,6,0,1,0,0,0,0,1,5.14295E+20,5.4052E+21,9.19466E+15,4.87997E+16
157187,8.17111E+18,8,4,15,61,2017,11,19,1,3,6,2,0,1,1,0,0,2,0,5.1538E+20,5.37084E+21,9.20816E+15,4.84905E+16
157188,8.17111E+18,8,3,35,75,2017,11,6,1,3,8,1,0,1,0,0,0,2,1,4.87552E+20,5.29198E+21,8.83383E+15,4.77811E+16
157189,8.17111E+18,8,3,35,75,2017,11,14,1,3,5,3,0,1,0,0,0,0,1,4.88239E+20,5.28871E+21,8.84309E+15,4.77517E+16
157190,8.17111E+18,8,3,26,75,2017,11,9,1,2,6,7,0,1,1,0,0,0,1,4.59195E+20,5.31796E+21,8.45284E+15,4.80136E+16
157191,8.17111E+18,8,3,11,0,2017,11,0,1,3,1,7,0,1,0,0,1,2,1,4.15111E+20,5.31778E+21,7.86183E+15,4.80077E+16
157192,8.17111E+18,8,3,11,0,2017,11,23,1,3,0,1,1,0,0,0,0,2,1,4.13914E+20,5.31643E+21,7.84606E+15,4.79954E+16
157193,8.17111E+18,8,2,31,0,2017,11,1,1,2,1,1,0,1,0,1,0,2,0,4.77712E+20,5.41605E+21,8.69591E+15,4.8897E+16
157194,8.17111E+18,8,2,26,54,2017,11,17,1,3,0,1,1,0,0,0,0,2,1,4.79952E+20,5.45534E+21,8.72451E+15,4.92505E+16
157195,8.17111E+18,8,2,26,95,2017,11,0,1,3,5,3,0,1,0,0,0,2,0,4.73868E+20,5.46213E+21,8.64048E+15,4.93114E+16
157196,8.17111E+18,8,2,22,0,2017,11,15,1,3,5,3,0,1,0,0,0,0,0,4.63329E+20,5.4839E+21,8.49348E+15,4.95067E+16
157197,8.17111E+18,8,2,22,0,2017,11,4,1,2,1,5,0,1,0,0,0,2,1,4.60546E+20,5.48808E+21,8.45463E+15,4.95441E+16
157198,8.17111E+18,8,2,15,21,2017,11,14,1,3,2,6,0,1,0,0,0,0,0,4.69027E+20,5.44461E+21,8.57523E+15,4.91535E+16
157199,8.17111E+18,8,2,15,17,2017,11,10,1,3,5,3,0,1,0,0,0,0,1,4.5329E+20,5.41916E+21,8.36236E+15,4.89236E+16
157200,8.17111E+18,8,1,19,90,2017,11,10,1,3,5,3,0,1,0,0,0,0,1,5.33452E+20,5.40617E+21,9.4556E+15,4.88076E+16
157201,8.17111E+18,8,1,18,48,2017,11,13,1,3,8,7,0,1,0,0,0,0,1,5.14138E+20,5.41596E+21,9.1929E+15,4.88965E+16
157202,8.17111E+18,8,1,11,0,2017,11,12,1,3,4,1,0,1,0,0,0,0,1,5.11358E+20,5.40039E+21,9.15453E+15,4.87565E+16
157203,8.1711E+18,8,4,36,18,2017,11,9,7,1,6,7,0,0,1,0,1,0,0,5.50878E+20,5.28458E+21,9.6783E+15,4.77126E+16
157204,8.1711E+18,8,3,36,50,2017,11,20,7,3,2,6,0,1,0,0,0,2,0,4.00577E+20,5.27541E+21,7.67673E+15,4.76245E+16
157205,8.1711E+18,8,3,35,63,2017,11,11,7,3,5,2,1,0,0,0,1,0,0,4.95366E+20,5.28895E+21,8.93818E+15,4.77539E+16
157206,8.1711E+18,8,3,17,150,2017,11,12,7,3,0,7,1,0,0,0,0,0,0,4.07741E+20,5.35986E+21,7.7539E+15,4.83851E+16
157207,8.1711E+18,8,3,17,121,2017,11,12,7,3,4,1,0,1,0,0,0,0,0,4.26692E+20,5.34389E+21,8.01259E+15,4.82439E+16
157208,8.1711E+18,8,3,15,76,2017,11,12,7,3,5,3,1,1,0,0,0,0,0,3.92654E+20,5.29648E+21,7.56613E+15,4.78127E+16
157209,8.1711E+18,8,3,11,0,2017,11,15,7,3,2,6,1,0,0,0,0,0,0,4.1453E+20,5.31602E+21,7.8544E+15,4.79917E+16
157210,8.1711E+18,8,3,11,0,2017,11,16,7,3,5,2,1,1,0,0,0,0,0,4.13509E+20,5.31525E+21,7.84087E+15,4.79847E+16
157211,8.1711E+18,8,3,11,0,2017,11,10,7,3,1,1,0,1,0,0,0,0,0,4.12554E+20,5.31468E+21,7.82819E+15,4.79795E+16
157212,8.1711E+18,8,2,12,0,2017,11,16,7,3,5,3,1,1,0,0,0,1,0,4.5585E+20,5.43364E+21,8.39572E+15,4.9054E+16
157213,8.1711E+18,8,1,19,44,2017,11,16,7,3,8,1,0,0,0,1,0,0,0,5.41019E+20,5.42522E+21,9.56057E+15,4.89785E+16
157214,8.1711E+18,8,1,16,42,2017,11,14,7,3,4,6,1,1,0,0,0,0,0,5.17877E+20,5.38227E+21,9.24244E+15,4.85932E+16
157215,8.1711E+18,8,1,16,49,2017,11,16,7,3,0,2,0,0,0,1,0,1,0,5.25465E+20,5.38467E+21,9.3455E+15,4.86145E+16
157216,8.1711E+18,8,1,15,3,2017,11,15,7,3,5,2,0,1,0,0,0,0,0,4.98861E+20,5.39239E+21,8.98453E+15,4.86845E+16
157217,8.1711E+18,8,1,11,0,2017,11,4,7,2,1,7,0,1,0,0,0,2,0,5.1042E+20,5.40222E+21,9.14182E+15,4.87729E+16
157218,8.1711E+18,8,1,11,0,2017,11,0,7,3,1,5,1,1,0,0,0,2,0,5.12322E+20,5.40681E+21,9.16784E+15,4.88141E+16
157219,8.1711E+18,8,1,11,0,2017,11,13,7,3,1,7,0,1,0,0,0,0,0,5.11566E+20,5.41032E+21,9.15764E+15,4.88458E+16
157220,8.1711E+18,8,1,11,0,2017,11,22,7,3,2,6,0,1,0,0,0,2,0,5.16897E+20,5.40037E+21,9.22989E+15,4.87561E+16
157221,8.1711E+18,8,4,36,64,2017,11,19,6,3,5,3,1,1,0,0,0,2,0,5.45137E+20,5.29097E+21,9.60242E+15,4.77705E+16
157222,8.1711E+18,8,4,16,25,2017,11,16,6,3,5,3,0,1,0,0,0,0,0,5.03002E+20,5.36053E+21,9.04056E+15,4.8398E+16
157223,8.1711E+18,8,4,15,61,2017,11,15,6,2,5,3,0,1,0,0,0,0,0,5.14799E+20,5.37104E+21,9.20031E+15,4.84923E+16
157224,8.1711E+18,8,4,15,14,2017,11,21,6,3,3,2,0,1,0,0,0,2,0,5.25533E+20,5.37507E+21,9.34583E+15,4.85282E+16
157225,8.1711E+18,8,3,37,126,2017,11,20,6,3,5,3,0,1,0,0,0,2,0,4.47935E+20,5.28277E+21,8.3061E+15,4.76962E+16
157226,8.1711E+18,8,3,36,105,2017,11,13,6,3,6,4,0,1,1,0,0,0,0,4.01935E+20,5.26652E+21,7.69679E+15,4.75447E+16
157227,8.1711E+18,8,3,17,146,2017,11,16,6,3,0,7,1,0,0,0,0,0,0,4.29554E+20,5.35353E+21,8.04952E+15,4.8331E+16
157228,8.1711E+18,8,3,16,56,2017,11,9,6,3,6,4,0,0,1,1,0,0,0,4.23481E+20,5.32861E+21,7.97209E+15,4.81062E+16
157229,8.1711E+18,8,3,15,70,2017,11,10,6,2,1,1,1,0,0,0,1,0,0,4.51743E+20,5.30039E+21,8.35489E+15,4.78551E+16
157230,8.1711E+18,8,3,15,64,2017,11,18,6,3,5,3,1,1,0,0,0,2,0,4.22224E+20,5.31346E+21,7.95797E+15,4.79697E+16
157231,8.1711E+18,8,3,11,0,2017,11,8,6,3,5,3,0,1,0,0,0,0,0,4.13768E+20,5.31689E+21,7.84401E+15,4.79995E+16
157232,8.1711E+18,8,3,11,0,2017,11,9,6,3,5,3,0,1,0,0,1,0,0,4.11323E+20,5.31706E+21,7.81121E+15,4.80007E+16
157233,8.1711E+18,8,2,12,0,2017,11,10,6,2,5,3,1,1,0,0,0,0,0,4.56468E+20,5.42386E+21,8.40523E+15,4.89661E+16
157234,8.1711E+18,8,2,12,0,2017,11,11,6,3,2,6,0,1,0,0,1,0,0,4.54955E+20,5.42929E+21,8.38396E+15,4.90148E+16
157235,8.1711E+18,8,2,12,0,2017,11,16,6,3,3,6,1,0,0,0,0,0,0,4.54251E+20,5.42916E+21,8.37435E+15,4.90136E+16
157236,8.1711E+18,8,2,22,0,2017,11,18,6,3,2,6,0,1,0,0,0,2,0,4.6171E+20,5.48322E+21,8.47118E+15,4.95004E+16
157237,8.1711E+18,8,2,21,0,2017,11,13,6,3,4,6,1,0,0,0,0,0,0,4.77903E+20,5.47366E+21,8.69535E+15,4.94152E+16
157238,8.1711E+18,8,2,16,17,2017,11,9,6,3,5,3,1,1,0,0,0,0,1,4.51872E+20,5.40274E+21,8.34493E+15,4.87758E+16
157239,8.1711E+18,8,2,15,100,2017,11,6,6,3,5,3,0,1,0,0,0,1,0,4.74363E+20,5.45032E+21,8.64804E+15,4.92051E+16
157240,8.1711E+18,8,2,15,17,2017,11,15,6,3,0,6,0,1,0,0,0,0,0,4.55699E+20,5.4217E+21,8.39496E+15,4.89466E+16
157241,8.1711E+18,8,2,12,0,2017,11,11,6,3,0,1,1,0,0,0,0,0,0,4.56625E+20,5.42868E+21,8.40686E+15,4.90095E+16
157242,8.1711E+18,8,2,11,0,2017,11,14,6,2,0,1,1,0,0,0,0,0,1,4.44431E+20,5.39645E+21,8.24451E+15,4.87186E+16
157243,8.1711E+18,8,1,28,131,2017,11,14,6,3,5,7,0,1,0,0,0,0,0,5.35986E+20,5.51474E+21,9.49989E+15,4.9784E+16
157244,8.1711E+18,8,1,25,102,2017,11,17,6,3,5,3,0,1,0,1,0,1,0,5.2147E+20,5.44769E+21,9.29462E+15,4.91816E+16
157245,8.1711E+18,8,1,21,0,2017,11,9,6,3,4,2,0,1,0,0,0,0,0,5.14901E+20,5.44284E+21,9.20429E+15,4.91382E+16
157246,8.1711E+18,8,1,16,47,2017,11,0,6,3,1,1,0,1,0,0,0,2,0,5.20472E+20,5.39243E+21,9.27815E+15,4.86846E+16
157247,8.1711E+18,8,1,15,3,2017,11,13,6,2,5,2,1,1,0,0,0,0,0,5.01177E+20,5.39116E+21,9.01598E+15,4.86735E+16
157248,8.1711E+18,8,4,36,55,2017,11,6,5,3,7,7,1,0,0,0,1,2,0,5.75814E+20,5.2984E+21,1.00131E+16,4.78345E+16
157249,8.1711E+18,8,4,35,16,2017,11,15,5,3,1,5,1,1,0,0,0,0,0,5.34369E+20,5.27846E+21,9.45772E+15,4.76586E+16
157250,8.1711E+18,8,4,21,0,2017,11,17,5,3,4,2,0,1,0,0,0,1,1,5.74218E+20,5.36179E+21,1.00028E+16,4.84049E+16
157251,8.1711E+18,8,4,21,0,2017,11,11,5,3,5,3,1,1,0,0,0,0,0,5.74503E+20,5.36202E+21,1.00067E+16,4.84069E+16
157252,8.1711E+18,8,4,25,33,2017,11,6,5,3,8,1,0,1,0,0,0,1,0,5.53279E+20,5.34828E+21,9.71821E+15,4.82855E+16
157253,8.1711E+18,8,4,15,50,2017,11,18,5,2,5,3,0,1,0,1,0,2,1,5.20948E+20,5.37639E+21,9.28379E+15,4.85403E+16
157254,8.1711E+18,8,4,15,73,2017,11,8,5,3,5,3,0,1,0,0,0,0,0,5.20727E+20,5.35064E+21,9.27952E+15,4.83086E+16
157255,8.1711E+18,8,3,36,69,2017,11,7,5,3,0,1,1,0,0,0,0,0,0,4.07633E+20,5.26764E+21,7.77227E+15,4.75556E+16
157256,8.1711E+18,8,3,35,28,2017,11,13,5,3,5,3,0,1,0,1,0,0,0,4.84087E+20,5.28695E+21,8.78776E+15,4.77358E+16
157257,8.1711E+18,8,3,26,74,2017,11,15,5,3,0,1,0,1,0,0,1,0,0,4.5903E+20,5.32304E+21,8.45014E+15,4.80594E+16
157258,8.1711E+18,8,3,26,74,2017,11,10,5,3,5,2,0,1,0,0,0,0,0,4.6082E+20,5.32321E+21,8.47415E+15,4.80609E+16
157259,8.1711E+18,8,3,16,11,2017,11,7,5,3,7,3,0,0,0,1,1,2,0,4.14341E+20,5.32935E+21,7.8492E+15,4.81116E+16
157260,8.1711E+18,8,3,11,0,2017,11,17,5,3,5,3,0,1,0,0,1,2,0,4.14585E+20,5.31602E+21,7.85513E+15,4.79918E+16
157261,8.1711E+18,8,3,11,0,2017,11,10,5,2,6,7,0,0,1,0,1,0,0,4.12948E+20,5.31691E+21,7.83301E+15,4.79996E+16
157262,8.1711E+18,8,2,26,96,2017,11,0,5,3,6,7,0,1,1,0,0,2,0,4.75247E+20,5.48857E+21,8.6578E+15,4.95492E+16
157263,8.1711E+18,8,2,26,62,2017,11,10,5,3,3,6,1,1,0,0,0,0,0,4.69595E+20,5.46859E+21,8.5812E+15,4.93692E+16
157264,8.1711E+18,8,2,22,0,2017,11,17,5,3,6,4,0,1,1,0,0,2,0,4.62208E+20,5.47875E+21,8.47848E+15,4.94603E+16
157265,8.1711E+18,8,2,22,0,2017,11,8,5,3,0,1,0,0,0,1,0,0,0,4.61627E+20,5.48245E+21,8.47011E+15,4.94935E+16
157266,8.1711E+18,8,2,22,0,2017,11,17,5,3,6,7,0,0,1,0,1,2,0,4.63289E+20,5.48684E+21,8.49265E+15,4.95331E+16
157267,8.1711E+18,8,2,21,0,2017,11,17,5,3,5,3,0,1,0,0,0,1,0,4.74464E+20,5.47198E+21,8.64804E+15,4.93999E+16
157268,8.1711E+18,8,1,19,20,2017,11,21,5,3,1,5,0,1,0,0,0,2,0,5.20323E+20,5.40556E+21,9.27676E+15,4.88027E+16
157269,8.1711E+18,8,1,19,44,2017,11,10,5,3,1,7,1,1,0,0,0,0,0,5.4249E+20,5.42553E+21,9.58071E+15,4.89812E+16
157270,8.1711E+18,8,1,17,26,2017,11,16,5,3,0,4,0,1,1,0,0,0,0,5.4902E+20,5.39481E+21,9.66626E+15,4.87044E+16
157271,8.1711E+18,8,4,26,13,2017,11,14,4,3,3,1,1,1,0,0,0,0,0,5.45389E+20,5.32362E+21,9.60923E+15,4.80643E+16
157272,8.1711E+18,8,4,25,39,2017,11,3,4,3,0,1,1,0,0,0,0,2,0,5.66058E+20,5.35306E+21,9.8912E+15,4.83272E+16
157273,8.1711E+18,8,4,15,61,2017,11,13,4,3,5,3,1,1,0,0,0,0,0,5.15845E+20,5.37127E+21,9.21447E+15,4.84944E+16
157274,8.1711E+18,8,3,27,50,2017,11,14,4,3,5,3,0,1,0,0,0,0,0,4.86504E+20,5.31431E+21,8.81914E+15,4.7982E+16
157275,8.1711E+18,8,3,11,0,2017,11,12,4,3,4,2,1,1,0,0,0,0,0,4.15578E+20,5.3155E+21,7.86854E+15,4.79872E+16
157276,8.1711E+18,8,3,36,81,2017,11,5,4,2,9,7,0,0,0,1,0,2,0,4.1152E+20,5.27832E+21,7.82177E+15,4.76522E+16
157277,8.1711E+18,8,3,36,78,2017,11,0,4,2,9,1,0,1,0,0,0,2,0,3.93273E+20,5.29111E+21,7.57571E+15,4.77645E+16
157278,8.1711E+18,8,2,22,0,2017,11,10,4,3,2,6,0,1,0,0,0,0,0,4.62098E+20,5.48031E+21,8.47682E+15,4.94742E+16
157279,8.1711E+18,8,2,12,0,2017,11,15,4,3,1,5,0,1,0,0,0,0,0,4.58619E+20,5.42887E+21,8.43411E+15,4.90113E+16
157280,8.1711E+18,8,1,36,88,2017,11,6,4,3,1,1,0,1,0,0,0,2,0,5.82332E+20,5.41067E+21,1.01221E+16,4.88436E+16
157281,8.1711E+18,8,1,25,69,2017,11,15,4,3,3,6,0,1,0,1,0,0,0,5.23818E+20,5.45384E+21,9.3272E+15,4.92368E+16
157282,8.1711E+18,8,1,25,49,2017,11,17,4,3,0,7,0,1,0,1,0,1,0,4.9896E+20,5.45024E+21,8.98573E+15,4.92049E+16
157283,8.1711E+18,8,1,19,8,2017,11,19,4,3,5,2,0,1,0,1,0,2,1,5.31735E+20,5.42183E+21,9.43343E+15,4.89486E+16
157284,8.1711E+18,8,1,17,49,2017,11,17,4,3,0,1,1,0,0,0,0,1,0,5.55955E+20,5.39252E+21,9.7602E+15,4.86832E+16
157285,8.1711E+18,8,1,16,77,2017,11,14,4,3,6,4,0,1,1,0,0,0,0,5.1448E+20,5.38864E+21,9.19659E+15,4.86506E+16
157286,8.1711E+18,8,1,11,0,2017,11,3,4,3,8,1,0,1,0,0,0,2,0,5.16724E+20,5.39872E+21,9.22747E+15,4.87413E+16
157287,8.17103E+18,8,4,15,61,2017,10,13,3,2,6,7,0,1,1,0,0,0,0,5.16076E+20,5.37512E+21,9.21774E+15,4.8529E+16
157288,8.17103E+18,8,3,26,74,2017,10,0,3,3,5,3,0,1,0,0,0,2,0,4.58953E+20,5.32404E+21,8.44901E+15,4.80683E+16
157289,8.17103E+18,8,3,17,51,2017,10,13,3,3,4,6,0,1,0,1,0,0,1,4.392E+20,5.33796E+21,8.1819E+15,4.8192E+16
157290,8.17103E+18,8,3,11,0,2017,10,5,3,2,0,1,1,0,0,0,0,2,0,4.14474E+20,5.31624E+21,7.85361E+15,4.79937E+16
157291,8.17103E+18,8,3,15,64,2017,10,11,3,3,0,1,1,0,0,0,0,0,0,4.21674E+20,5.31406E+21,7.95049E+15,4.79751E+16
157292,8.17103E+18,8,2,12,0,2017,10,19,3,3,0,3,0,0,0,1,1,2,0,4.57345E+20,5.42857E+21,8.41672E+15,4.90086E+16
157293,8.17103E+18,8,2,12,0,2017,10,15,3,3,0,3,1,0,0,0,1,0,0,4.5844E+20,5.42852E+21,8.4317E+15,4.90082E+16