OBJECTID,UIDENTSTLA,ULAND,UREGBEZ,UKREIS,UGEMEINDE,UJAHR,UMONAT,USTUNDE,UWOCHENTAG,UKATEGORIE,UART,UTYP1,IstRad,IstPKW,IstFuss,IstKrad,IstSonstig,LICHT,STRZUSTAND,LINREFX,LINREFY,XGCSWGS84,YGCSWGS84
157294,8.17103E+18,8,2,31,0,2017,10,21,3,3,5,3,0,1,0,1,0,2,0,4.77652E+20,5.41537E+21,8.69512E+15,4.88909E+16
157295,8.17103E+18,8,2,21,0,2017,10,14,3,3,2,2,0,1,0,0,0,0,0,4.77247E+20,5.46811E+21,8.68662E+15,4.93652E+16
157296,8.17103E+18,8,2,16,7,2017,10,15,3,3,5,3,0,1,0,0,0,0,0,4.36654E+20,5.39382E+21,8.13919E+15,4.86942E+16
157297,8.17103E+18,8,2,15,106,2017,10,18,3,3,5,3,1,1,0,0,0,2,0,4.64632E+20,5.45328E+21,8.5142E+15,4.92312E+16
157298,8.17103E+18,8,2,15,17,2017,10,17,3,3,5,3,1,1,0,0,0,0,0,4.56418E+20,5.42105E+21,8.40485E+15,4.89408E+16
157299,8.17103E+18,8,2,12,0,2017,10,2,3,3,5,3,1,1,0,0,0,2,0,4.55495E+20,5.4284E+21,8.39144E+15,4.90069E+16
157300,8.17103E+18,8,1,36,44,2017,10,12,3,3,3,6,1,1,0,0,0,0,0,5.57545E+20,5.40768E+21,9.78393E+15,4.88194E+16
157301,8.17103E+18,8,1,35,16,2017,10,13,3,2,5,3,1,1,0,0,0,0,0,5.92187E+20,5.38637E+21,1.0251E+16,4.86236E+16
157302,8.17103E+18,8,1,18,48,2017,10,13,3,3,5,3,0,1,0,0,0,0,0,5.1508E+20,5.41536E+21,9.20572E+15,4.8891E+16
157303,8.17103E+18,8,4,26,128,2017,10,19,2,2,9,1,0,1,0,0,0,2,0,5.59898E+20,5.3324E+21,9.80519E+15,4.8142E+16
157304,8.17103E+18,8,4,25,39,2017,10,11,2,3,5,3,0,1,0,0,0,0,0,5.66029E+20,5.35217E+21,9.89068E+15,4.83193E+16
157305,8.17103E+18,8,4,25,72,2017,10,11,2,3,5,3,0,1,0,0,0,0,0,5.83717E+20,5.37254E+21,1.01333E+16,4.85004E+16
157306,8.17103E+18,8,4,17,2,2017,10,13,2,3,0,7,1,0,0,0,0,0,0,4.90748E+20,5.34664E+21,8.87531E+15,4.82729E+16
157307,8.17103E+18,8,4,15,61,2017,10,11,2,3,6,1,0,1,1,0,0,0,0,5.17212E+20,5.37875E+21,9.23329E+15,4.85616E+16
157308,8.17103E+18,8,3,35,43,2017,10,16,2,3,2,7,0,1,0,1,0,1,0,5.13411E+20,5.27923E+21,9.17864E+15,4.76663E+16
157309,8.17103E+18,8,3,17,96,2017,10,18,2,3,0,7,1,1,0,0,0,1,0,4.21863E+20,5.36902E+21,7.94289E+15,4.84695E+16
157310,8.17103E+18,8,3,16,9,2017,10,7,2,3,1,3,0,1,0,0,0,0,0,4.18256E+20,5.32502E+21,7.9026E+15,4.80732E+16
157311,8.17103E+18,8,3,15,50,2017,10,8,2,3,4,2,0,1,0,0,0,0,0,3.99447E+20,5.3033E+21,7.65525E+15,4.78752E+16
157312,8.17103E+18,8,3,15,15,2017,10,16,2,3,3,6,1,0,0,0,1,0,0,3.94572E+20,5.3204E+21,7.58588E+15,4.80282E+16
157313,8.17103E+18,8,3,16,56,2017,10,17,2,2,5,4,0,1,1,0,0,2,0,4.22015E+20,5.32688E+21,7.95272E+15,4.80904E+16
157314,8.17103E+18,8,3,15,64,2017,10,17,2,2,0,1,1,0,0,0,0,0,0,4.22073E+20,5.31353E+21,7.95593E+15,4.79703E+16
157315,8.17103E+18,8,3,11,0,2017,10,18,2,3,5,2,1,1,0,0,0,2,0,4.14807E+20,5.31655E+21,7.85801E+15,4.79966E+16
157316,8.17103E+18,8,2,37,28,2017,10,12,2,3,5,3,0,1,0,1,0,0,0,4.56631E+20,5.36752E+21,8.41339E+15,4.84593E+16
157317,8.17103E+18,8,2,31,0,2017,10,15,2,3,0,7,0,0,0,1,0,0,0,4.78265E+20,5.41523E+21,8.7035E+15,4.88896E+16
157318,8.17103E+18,8,2,22,0,2017,10,17,2,3,3,2,0,1,0,0,1,2,0,4.61632E+20,5.48368E+21,8.47006E+15,4.95046E+16
157319,8.17103E+18,8,2,22,0,2017,10,9,2,3,6,4,0,1,1,0,0,0,0,4.62411E+20,5.48043E+21,8.48113E+15,4.94754E+16
157320,8.17103E+18,8,2,21,0,2017,10,11,2,3,1,6,1,1,0,0,0,0,0,4.771E+20,5.47284E+21,8.68432E+15,4.94078E+16
157321,8.17103E+18,8,2,21,0,2017,10,7,2,1,9,1,1,0,0,0,0,0,0,4.81434E+20,5.47365E+21,8.74404E+15,4.94152E+16
157322,8.17103E+18,8,2,12,0,2017,10,20,2,3,1,5,1,1,0,0,0,2,0,4.55468E+20,5.42584E+21,8.39136E+15,4.89838E+16
157323,8.17103E+18,8,2,11,0,2017,10,11,2,2,5,2,0,1,0,1,0,0,0,4.41573E+20,5.40365E+21,8.20464E+15,4.87831E+16
157324,8.17103E+18,8,1,36,88,2017,10,11,2,3,6,4,0,1,1,0,0,0,0,5.80096E+20,5.41011E+21,1.00916E+16,4.88388E+16
157325,8.17103E+18,8,1,36,88,2017,10,10,2,3,5,3,0,1,0,1,0,0,0,5.79466E+20,5.41028E+21,1.0083E+16,4.88404E+16
157326,8.17103E+18,8,1,35,16,2017,10,10,2,2,6,4,0,1,1,0,0,0,0,5.9139E+20,5.38629E+21,1.02402E+16,4.8623E+16
157327,8.17103E+18,8,1,28,131,2017,10,7,2,2,0,7,1,0,0,0,0,1,0,5.36172E+20,5.51452E+21,9.50245E+15,4.9782E+16
157328,8.17111E+18,8,1,26,47,2017,11,16,4,3,6,7,0,1,0,0,1,1,0,5.49778E+20,5.45475E+21,9.68391E+15,4.92435E+16
157329,8.17103E+18,8,1,27,14,2017,10,16,2,3,5,3,1,1,0,0,0,1,0,5.79161E+20,5.44219E+21,1.00851E+16,4.91275E+16
157330,8.17103E+18,8,1,25,65,2017,10,13,2,3,2,6,0,1,0,0,0,0,0,5.14606E+20,5.44839E+21,9.20045E+15,4.91882E+16
157331,8.17103E+18,8,1,21,0,2017,10,20,2,3,4,2,0,1,0,0,0,2,0,5.1592E+20,5.44263E+21,9.21825E+15,4.91363E+16
157332,8.17103E+18,8,1,19,68,2017,10,11,2,3,5,3,1,1,0,0,0,0,0,5.25971E+20,5.41303E+21,9.35416E+15,4.88697E+16
157333,8.17103E+18,8,1,18,48,2017,10,13,2,3,5,2,0,1,0,0,0,0,0,5.1286E+20,5.41672E+21,9.17548E+15,4.89033E+16
157334,8.17103E+18,8,1,18,71,2017,10,15,2,3,5,3,0,1,0,0,0,0,0,5.08589E+20,5.41907E+21,9.11725E+15,4.89245E+16
157335,8.17103E+18,8,1,16,77,2017,10,17,2,3,6,7,1,0,1,0,0,1,0,5.15623E+20,5.39167E+21,9.21223E+15,4.86778E+16
157336,8.17112E+18,8,2,22,0,2017,11,14,4,3,2,6,0,1,0,0,0,0,0,4.64428E+20,5.4847E+21,8.50858E+15,4.95139E+16
157337,8.17112E+18,8,2,22,0,2017,11,8,4,3,2,6,0,1,0,0,1,0,0,4.60147E+20,5.48867E+21,8.44905E+15,4.95494E+16
157338,8.17112E+18,8,2,22,0,2017,11,13,4,2,1,1,0,1,0,0,0,0,0,4.61895E+20,5.48122E+21,8.47393E+15,4.94824E+16
157339,8.17112E+18,8,2,21,0,2017,11,15,4,3,3,2,1,1,0,0,0,0,0,4.77687E+20,5.47311E+21,8.6924E+15,4.94102E+16
157340,8.17112E+18,8,2,15,9,2017,11,8,4,3,2,6,0,1,0,0,1,0,0,4.68372E+20,5.44212E+21,8.56644E+15,4.91311E+16
157341,8.17112E+18,8,1,36,65,2017,11,14,4,3,6,4,0,1,1,0,0,0,0,5.5863E+20,5.4052E+21,9.79835E+15,4.8797E+16
157342,8.17112E+18,8,1,36,33,2017,11,10,4,3,2,6,0,1,0,0,0,0,0,5.80618E+20,5.41453E+21,1.00995E+16,4.88785E+16
157343,8.17112E+18,8,1,35,19,2017,11,14,4,3,2,6,0,1,0,0,0,0,0,5.85452E+20,5.39543E+21,1.01615E+16,4.87061E+16
157344,8.17112E+18,8,1,25,65,2017,11,17,4,3,0,3,1,1,0,0,0,2,0,5.16437E+20,5.44901E+21,9.2256E+15,4.91937E+16
157345,8.17112E+18,8,1,19,85,2017,11,15,4,3,2,1,1,1,0,0,0,0,0,5.28371E+20,5.41333E+21,9.38691E+15,4.88723E+16
157346,8.17112E+18,8,1,18,46,2017,11,12,4,2,8,7,1,0,0,0,0,0,0,5.14335E+20,5.41165E+21,9.19543E+15,4.88576E+16
157347,8.17112E+18,8,1,17,26,2017,11,14,4,3,1,7,0,1,0,0,0,0,0,5.48266E+20,5.39535E+21,9.65608E+15,4.87093E+16
157348,8.17112E+18,8,1,17,26,2017,11,7,4,2,6,4,0,1,1,0,0,1,0,5.4788E+20,5.39504E+21,9.65081E+15,4.87065E+16
157349,8.17112E+18,8,1,16,80,2017,11,17,4,2,5,3,1,1,0,0,0,2,0,5.18114E+20,5.3975E+21,9.24633E+15,4.87303E+16
157350,8.17112E+18,8,1,15,3,2017,11,23,4,3,8,1,0,1,0,0,0,2,0,5.00414E+20,5.38991E+21,9.00563E+15,4.86623E+16
157351,8.17112E+18,8,1,11,0,2017,11,20,4,3,0,2,0,1,0,1,0,2,0,5.11729E+20,5.40171E+21,9.15962E+15,4.87683E+16
157352,8.17112E+18,8,1,11,0,2017,11,19,4,3,5,3,0,1,0,0,0,2,0,5.15399E+20,5.4063E+21,9.20973E+15,4.88095E+16
157353,8.17112E+18,8,1,11,0,2017,11,16,4,3,5,3,0,1,0,0,0,2,0,5.18263E+20,5.40395E+21,9.24864E+15,4.87882E+16
157354,8.17112E+18,8,1,11,0,2017,11,10,4,3,6,2,0,1,1,0,0,0,0,5.14857E+20,5.39525E+21,9.20195E+15,4.87101E+16
157355,8.17111E+18,8,4,36,64,2017,11,17,3,3,6,4,0,1,1,0,0,2,0,5.45319E+20,5.29246E+21,9.60501E+15,4.77839E+16
157356,8.17111E+18,8,4,17,44,2017,11,22,3,3,9,1,0,1,0,0,0,2,0,4.97759E+20,5.33391E+21,8.96987E+15,4.81585E+16
157357,8.17111E+18,8,4,16,41,2017,11,17,3,3,0,7,0,1,0,0,0,2,0,5.04325E+20,5.37511E+21,9.05858E+15,4.8529E+16
157358,8.17111E+18,8,4,15,61,2017,11,17,3,3,3,2,1,1,0,0,0,1,0,5.16094E+20,5.3706E+21,9.21781E+15,4.84884E+16
157359,8.17111E+18,8,4,15,61,2017,11,13,3,2,6,4,0,1,1,0,0,0,0,5.16187E+20,5.37197E+21,9.21913E+15,4.85006E+16
157360,8.17111E+18,8,3,36,45,2017,11,12,3,3,6,7,0,0,1,0,1,0,0,3.99288E+20,5.28538E+21,7.65728E+15,4.77139E+16
157361,8.17111E+18,8,3,36,69,2017,11,21,3,3,0,7,1,0,0,0,1,2,0,4.0485E+20,5.26765E+21,7.73528E+15,4.75553E+16
157362,8.17111E+18,8,3,35,43,2017,11,11,3,3,6,7,0,1,1,0,0,0,0,5.13597E+20,5.2793E+21,9.18111E+15,4.76669E+16
157363,8.17112E+18,8,2,12,0,2017,11,22,4,3,5,3,0,1,0,1,0,2,0,4.53774E+20,5.42857E+21,8.3679E+15,4.90083E+16
157364,8.17112E+18,8,2,12,0,2017,11,14,4,3,5,2,1,1,0,0,0,0,0,4.59512E+20,5.4272E+21,8.44648E+15,4.89963E+16
157365,8.17112E+18,8,2,35,46,2017,11,15,4,2,8,7,0,1,0,0,0,0,0,4.78484E+20,5.37895E+21,8.70838E+15,4.85633E+16
157366,8.17112E+18,8,2,36,46,2017,11,21,4,3,1,5,0,1,0,0,0,2,0,4.8426E+20,5.41769E+21,8.78518E+15,4.89119E+16
157367,8.17112E+18,8,2,26,96,2017,11,7,4,3,6,6,0,0,1,0,1,2,0,4.75784E+20,5.48843E+21,8.66524E+15,4.9548E+16
157368,8.17111E+18,8,3,35,43,2017,11,7,3,3,5,3,1,1,0,0,0,0,1,5.13633E+20,5.27995E+21,9.18161E+15,4.76728E+16
157369,8.17112E+18,8,2,22,0,2017,11,5,4,2,6,7,0,1,1,0,0,2,0,4.62407E+20,5.48852E+21,8.48031E+15,4.95481E+16
157370,8.17111E+18,8,3,17,96,2017,11,14,3,2,6,4,0,1,1,0,0,0,0,4.2351E+20,5.36902E+21,7.96517E+15,4.84697E+16
157371,8.17111E+18,8,3,17,65,2017,11,5,3,2,5,6,0,1,0,1,0,2,1,4.16954E+20,5.35487E+21,7.87929E+15,4.83416E+16
157372,8.17111E+18,8,3,16,36,2017,11,18,3,3,6,4,0,1,1,0,0,2,0,4.1256E+20,5.32604E+21,7.82595E+15,4.80816E+16
157373,8.17111E+18,8,3,15,74,2017,11,12,3,3,6,7,0,1,1,0,0,0,0,3.97359E+20,5.2955E+21,7.62918E+15,4.78047E+16
157374,8.17111E+18,8,3,11,0,2017,11,17,3,3,5,2,1,1,0,0,0,1,0,4.11532E+20,5.31583E+21,7.81425E+15,4.79897E+16
157375,8.17111E+18,8,3,11,0,2017,11,18,3,3,1,7,1,1,0,0,0,2,0,4.13624E+20,5.32048E+21,7.84136E+15,4.80318E+16
157376,8.17111E+18,8,2,15,106,2017,11,19,3,2,5,3,0,1,0,1,0,2,0,4.6525E+20,5.45237E+21,8.52277E+15,4.92231E+16
157377,8.17111E+18,8,2,31,0,2017,11,17,3,3,5,3,1,1,0,0,0,2,0,4.81697E+20,5.4174E+21,8.75022E+15,4.89093E+16
157378,8.17111E+18,8,2,36,65,2017,11,15,3,3,6,4,0,1,0,0,1,0,0,4.89216E+20,5.41553E+21,8.85288E+15,4.88926E+16
157379,8.17111E+18,8,2,26,96,2017,11,5,3,3,0,7,0,0,0,1,0,2,1,4.73218E+20,5.48831E+21,8.62977E+15,4.95468E+16
157380,8.17111E+18,8,2,22,0,2017,11,6,3,3,5,7,1,1,0,0,0,2,0,4.62977E+20,5.48371E+21,8.48863E+15,4.95049E+16
157381,8.17111E+18,8,2,21,0,2017,11,16,3,2,0,2,0,1,0,0,1,0,0,4.77349E+20,5.47289E+21,8.68775E+15,4.94083E+16
157382,8.17111E+18,8,2,21,0,2017,11,13,3,3,6,2,0,1,1,0,0,0,0,4.77467E+20,5.47279E+21,8.68939E+15,4.94074E+16
157383,8.17111E+18,8,2,16,17,2017,11,14,3,3,5,3,1,1,0,0,0,0,0,4.51246E+20,5.40177E+21,8.33652E+15,4.8767E+16
157384,8.17111E+18,8,2,16,43,2017,11,13,3,3,5,3,1,0,0,0,0,0,0,4.41857E+20,5.413E+21,8.20717E+15,4.88673E+16
157385,8.17111E+18,8,2,15,106,2017,11,16,3,3,4,6,0,1,0,0,0,0,0,4.65302E+20,5.45121E+21,8.52358E+15,4.92127E+16
157386,8.17111E+18,8,2,15,110,2017,11,8,3,3,2,6,1,1,0,0,0,0,1,4.62209E+20,5.41879E+21,8.48414E+15,4.89209E+16
157387,8.17111E+18,8,2,12,0,2017,11,8,3,3,0,1,0,0,0,1,0,0,1,4.54293E+20,5.42916E+21,8.37493E+15,4.90136E+16
157388,8.17111E+18,8,1,27,76,2017,11,11,3,3,2,7,1,1,0,0,0,0,0,5.53585E+20,5.44113E+21,9.73438E+15,4.91207E+16
157389,8.17111E+18,8,1,25,65,2017,11,17,3,2,6,2,0,1,1,0,0,2,0,5.16308E+20,5.44862E+21,9.22381E+15,4.91902E+16
157390,8.17111E+18,8,1,19,79,2017,11,14,3,2,6,4,0,1,1,0,0,0,0,5.23072E+20,5.40889E+21,9.31439E+15,4.88325E+16
157391,8.17111E+18,8,1,18,73,2017,11,12,3,3,6,4,0,1,1,0,0,0,0,4.98971E+20,5.41783E+21,8.98596E+15,4.89134E+16
157392,8.17111E+18,8,1,18,79,2017,11,12,3,3,2,6,0,1,0,0,0,0,0,5.10644E+20,5.42243E+21,9.14539E+15,4.89547E+16
157393,8.17111E+18,8,1,17,18,2017,11,12,3,3,6,4,0,1,1,0,0,0,0,5.38847E+20,5.39623E+21,9.52814E+15,4.87179E+16
157394,8.17111E+18,8,1,16,19,2017,11,18,3,3,5,3,0,1,0,0,0,2,0,5.23445E+20,5.3981E+21,9.31885E+15,4.87355E+16
157395,8.17111E+18,8,1,16,19,2017,11,19,3,2,8,1,0,1,0,0,0,2,0,5.19559E+20,5.40001E+21,9.2661E+15,4.87528E+16
157396,8.17111E+18,8,4,21,0,2017,11,15,2,3,0,7,1,0,0,0,0,0,1,5.73747E+20,5.36151E+21,9.9964E+15,4.84024E+16
157397,8.17111E+18,8,4,16,41,2017,11,7,2,3,0,7,1,0,0,0,0,0,1,5.03924E+20,5.37226E+21,9.05312E+15,4.85034E+16
157398,8.17111E+18,8,4,15,50,2017,11,7,2,3,6,4,0,1,1,0,0,0,1,5.2127E+20,5.37618E+21,9.28815E+15,4.85384E+16
157399,8.17111E+18,8,4,16,41,2017,11,6,2,3,0,7,1,0,0,0,0,2,1,5.03251E+20,5.37527E+21,9.04404E+15,4.85305E+16
157400,8.17111E+18,8,4,15,92,2017,11,6,2,3,8,1,0,1,0,0,0,0,2,5.16778E+20,5.36218E+21,9.22673E+15,4.84126E+16
157401,8.17111E+18,8,3,27,57,2017,11,16,2,3,8,1,0,0,1,0,1,0,1,4.88779E+20,5.30887E+21,8.84977E+15,4.79331E+16
157402,8.17111E+18,8,3,26,74,2017,11,9,2,3,2,6,0,1,0,0,0,0,1,4.64632E+20,5.3237E+21,8.52527E+15,4.80656E+16
157403,8.17111E+18,8,3,17,96,2017,11,10,2,3,2,6,0,1,0,0,0,0,1,4.22644E+20,5.36964E+21,7.95335E+15,4.84751E+16
157404,8.17111E+18,8,3,17,57,2017,11,16,2,3,0,7,1,0,0,0,0,0,1,4.1192E+20,5.38089E+21,7.8059E+15,4.85749E+16
157405,8.17111E+18,8,3,17,65,2017,11,7,2,3,5,3,1,1,0,0,0,2,1,4.16164E+20,5.35487E+21,7.86863E+15,4.83415E+16
157406,8.17111E+18,8,3,16,12,2017,11,6,2,3,5,3,0,1,0,0,0,2,1,4.03329E+20,5.33393E+21,7.70025E+15,4.81513E+16
157407,8.17111E+18,8,3,15,74,2017,11,14,2,3,5,3,0,1,0,0,0,0,1,3.94874E+20,5.29626E+21,7.59582E+15,4.78111E+16
157408,8.17111E+18,8,3,11,0,2017,11,21,2,2,5,3,1,1,0,0,0,2,1,4.12026E+20,5.31727E+21,7.82058E+15,4.80027E+16
157409,8.17111E+18,8,3,11,0,2017,11,9,2,3,1,5,1,1,0,0,0,0,1,4.10762E+20,5.31462E+21,7.80419E+15,4.79786E+16
157410,8.17111E+18,8,3,11,0,2017,11,7,2,3,5,2,1,1,0,0,0,1,1,4.14595E+20,5.3168E+21,7.85511E+15,4.79988E+16
157411,8.17111E+18,8,3,11,0,2017,11,16,2,3,0,1,0,0,0,1,0,0,1,4.12361E+20,5.3145E+21,7.82564E+15,4.79778E+16
157412,8.17111E+18,8,3,36,91,2017,11,14,2,3,3,2,0,1,0,1,0,0,1,3.94481E+20,5.27226E+21,7.59639E+15,4.75952E+16
157413,8.17111E+18,8,2,12,0,2017,11,6,2,2,5,3,1,0,0,0,1,2,1,4.56739E+20,5.42866E+21,8.40842E+15,4.90093E+16
157414,8.17111E+18,8,2,26,41,2017,11,15,2,3,5,3,0,1,0,0,0,0,1,4.76169E+20,5.46572E+21,8.67191E+15,4.93437E+16
157415,8.17111E+18,8,2,22,0,2017,11,18,2,3,4,2,1,1,0,0,0,1,0,4.62213E+20,5.47876E+21,8.47855E+15,4.94604E+16
157416,8.17111E+18,8,2,22,0,2017,11,16,2,3,5,3,0,1,0,0,0,0,0,4.64376E+20,5.48452E+21,8.50788E+15,4.95123E+16
157417,8.17111E+18,8,2,22,0,2017,11,18,2,3,1,5,0,1,0,0,1,2,0,4.60184E+20,5.48209E+21,8.45023E+15,4.94901E+16
157418,8.17111E+18,8,2,26,96,2017,11,7,2,3,0,7,0,1,0,0,1,0,1,4.74625E+20,5.49228E+21,8.64897E+15,4.95826E+16
157419,8.17111E+18,8,2,21,0,2017,11,16,2,3,2,6,0,1,0,0,1,0,1,4.76517E+20,5.47385E+21,8.67623E+15,4.94169E+16
157420,8.17111E+18,8,2,15,59,2017,11,18,2,3,9,7,0,1,0,0,0,2,0,4.84545E+20,5.43482E+21,8.78842E+15,4.90661E+16
157421,8.17111E+18,8,2,15,17,2017,11,9,2,3,2,6,0,1,0,0,1,0,1,4.5552E+20,5.42147E+21,8.39254E+15,4.89445E+16
157422,8.17111E+18,8,2,12,0,2017,11,21,2,3,0,1,1,0,0,0,0,2,1,4.60912E+20,5.42757E+21,8.46559E+15,4.89998E+16
157423,8.17111E+18,8,1,36,88,2017,11,16,2,3,6,7,0,1,1,0,0,1,0,5.79378E+20,5.40832E+21,1.00814E+16,4.88228E+16
157424,8.17111E+18,8,1,35,19,2017,11,14,2,3,2,6,0,1,0,0,0,0,0,5.82934E+20,5.39244E+21,1.01267E+16,4.86795E+16
157425,8.17111E+18,8,1,35,16,2017,11,13,2,3,4,6,0,1,0,1,0,0,0,5.90916E+20,5.38561E+21,1.02336E+16,4.8617E+16
157426,8.17111E+18,8,1,28,7,2017,11,11,2,3,2,6,0,1,0,0,0,0,1,5.56065E+20,5.48281E+21,9.77422E+15,4.94953E+16
157427,8.17111E+18,8,1,25,110,2017,11,17,2,2,6,4,1,0,1,0,0,1,0,5.25435E+20,5.44353E+21,9.34875E+15,4.91441E+16
157428,8.17111E+18,8,1,19,67,2017,11,7,2,3,6,4,0,1,1,0,0,2,1,5.38647E+20,5.40611E+21,9.52635E+15,4.88068E+16
157429,8.17111E+18,8,1,19,20,2017,11,17,2,2,2,6,0,1,0,0,1,2,1,5.21021E+20,5.408E+21,9.2864E+15,4.88246E+16
157430,8.17111E+18,8,1,18,48,2017,11,15,2,3,1,5,1,1,0,0,0,0,0,5.14971E+20,5.41684E+21,9.20429E+15,4.89044E+16
157431,8.17111E+18,8,1,18,48,2017,11,7,2,3,6,7,0,1,1,0,0,1,1,5.16638E+20,5.4158E+21,9.22699E+15,4.88949E+16
157432,8.17111E+18,8,1,17,26,2017,11,13,2,3,2,6,0,1,0,0,0,0,1,5.4769E+20,5.39467E+21,9.64818E+15,4.87032E+16
157433,8.17111E+18,8,1,16,77,2017,11,17,2,3,5,3,1,1,0,0,0,2,0,5.16113E+20,5.38947E+21,9.21881E+15,4.86581E+16
157434,8.17111E+18,8,1,16,80,2017,11,18,2,3,4,6,0,1,0,0,0,1,1,5.21188E+20,5.39428E+21,9.28796E+15,4.87012E+16
157435,8.17111E+18,8,1,16,19,2017,11,17,2,3,3,6,0,1,0,0,0,2,0,5.25089E+20,5.39627E+21,9.34111E+15,4.8719E+16
157436,8.17111E+18,8,1,16,19,2017,11,21,2,3,6,4,0,1,1,0,0,2,0,5.21973E+20,5.39814E+21,9.29883E+15,4.87359E+16
157437,8.17111E+18,8,1,15,3,2017,11,16,2,3,5,3,0,1,0,1,0,0,1,5.00212E+20,5.39153E+21,9.00289E+15,4.86768E+16
157438,8.17111E+18,8,1,11,0,2017,11,18,2,3,6,2,0,1,1,0,0,2,1,5.07989E+20,5.40644E+21,9.10882E+15,4.88109E+16
157439,8.17111E+18,8,4,26,21,2017,11,17,1,2,6,4,0,1,1,0,0,2,1,5.57685E+20,5.3274E+21,9.77477E+15,4.80972E+16
157440,8.17111E+18,8,4,21,0,2017,11,3,1,2,6,2,0,1,1,0,0,2,1,5.75031E+20,5.36464E+21,1.00143E+16,4.84304E+16
157441,8.17111E+18,8,4,15,61,2017,11,16,1,3,5,3,0,1,0,0,0,2,1,5.16187E+20,5.37197E+21,9.21913E+15,4.85006E+16
157442,8.17111E+18,8,3,35,43,2017,11,21,1,3,5,3,0,1,0,0,0,2,1,5.13119E+20,5.27983E+21,9.17477E+15,4.76717E+16
157443,8.17111E+18,8,3,11,0,2017,11,14,1,3,2,6,0,1,0,0,0,0,1,4.11501E+20,5.31909E+21,7.81316E+15,4.80189E+16
157444,8.17111E+18,8,2,22,0,2017,11,18,1,3,3,7,0,1,0,1,0,2,1,4.60695E+20,5.48262E+21,8.45723E+15,4.9495E+16
157445,8.17111E+18,8,2,12,0,2017,11,3,1,3,0,7,0,1,0,0,0,2,1,4.58401E+20,5.42836E+21,8.43118E+15,4.90068E+16
157446,8.17111E+18,8,1,25,65,2017,11,18,1,2,3,2,0,1,0,1,0,2,1,5.18497E+20,5.45113E+21,9.25398E+15,4.92127E+16
157447,8.17111E+18,8,1,18,81,2017,11,15,1,3,5,3,1,0,0,0,1,0,0,5.18878E+20,5.41279E+21,9.25742E+15,4.88678E+16
157448,8.17111E+18,8,1,17,26,2017,11,0,1,3,4,2,0,1,0,0,0,2,1,5.47638E+20,5.39462E+21,9.64746E+15,4.87028E+16
157449,8.17111E+18,8,1,17,19,2017,11,17,1,2,5,3,1,1,0,0,0,2,1,5.50359E+20,5.39406E+21,9.68437E+15,4.86976E+16
157450,8.17111E+18,8,1,16,19,2017,11,18,1,3,2,6,0,1,0,0,0,2,1,5.20348E+20,5.39854E+21,9.27675E+15,4.87395E+16
157451,8.17111E+18,8,4,37,104,2017,11,19,7,3,5,3,0,1,0,0,0,2,1,5.15723E+20,5.32598E+21,9.21113E+15,4.80869E+16
157452,8.17111E+18,8,4,21,0,2017,11,16,7,3,0,1,0,0,0,1,0,1,1,5.74539E+20,5.36203E+21,1.00072E+16,4.8407E+16
157453,8.17111E+18,8,4,21,0,2017,11,15,7,3,5,3,1,1,0,0,0,0,1,5.72387E+20,5.36119E+21,9.97798E+15,4.83997E+16
157454,8.17111E+18,8,2,36,25,2017,11,23,7,3,0,7,0,1,0,0,0,2,0,4.90607E+20,5.40803E+21,8.87202E+15,4.88252E+16
157455,8.17111E+18,8,3,36,91,2017,11,18,7,3,5,3,0,1,0,0,0,2,1,3.97282E+20,5.27178E+21,7.63375E+15,4.75913E+16
157456,8.17111E+18,8,3,35,43,2017,11,14,7,2,6,4,0,1,1,0,0,0,1,5.13045E+20,5.27832E+21,9.17373E+15,4.76581E+16
157457,8.17111E+18,8,3,25,57,2017,11,22,7,3,4,6,0,1,0,0,0,2,1,4.76867E+20,5.35516E+21,8.68778E+15,4.83492E+16
157458,8.17111E+18,8,3,17,96,2017,11,14,7,3,0,7,1,0,0,0,0,0,1,4.20436E+20,5.36823E+21,7.92374E+15,4.84622E+16
157459,8.17111E+18,8,3,17,5,2017,11,19,7,2,5,3,1,1,0,0,0,2,1,4.24245E+20,5.37629E+21,7.97379E+15,4.85352E+16
157460,8.17111E+18,8,3,16,11,2017,11,0,7,3,5,3,0,1,0,0,1,2,1,4.14498E+20,5.32987E+21,7.8512E+15,4.81164E+16
157461,8.17111E+18,8,3,15,76,2017,11,12,7,3,5,3,1,1,0,0,0,0,1,3.92813E+20,5.29767E+21,7.56795E+15,4.78235E+16
157462,8.17111E+18,8,3,11,0,2017,11,18,7,3,6,4,0,1,1,0,0,2,1,4.13188E+20,5.31832E+21,7.83594E+15,4.80123E+16
157463,8.17111E+18,8,3,11,0,2017,11,11,7,3,2,6,0,1,0,0,0,0,1,4.13676E+20,5.32052E+21,7.84205E+15,4.80321E+16
157464,8.17111E+18,8,2,37,40,2017,11,10,7,3,0,7,0,1,0,0,0,0,1,4.77901E+20,5.3652E+21,8.7012E+15,4.84395E+16