OBJECTID,UIDENTSTLA,ULAND,UREGBEZ,UKREIS,UGEMEINDE,UJAHR,UMONAT,USTUNDE,UWOCHENTAG,UKATEGORIE,UART,UTYP1,IstRad,IstPKW,IstFuss,IstKrad,IstSonstig,LICHT,STRZUSTAND,LINREFX,LINREFY,XGCSWGS84,YGCSWGS84
157465,8.17111E+18,8,2,37,28,2017,11,17,7,3,6,4,0,1,1,0,0,2,1,4.56377E+20,5.36849E+21,8.40985E+15,4.8468E+16
157466,8.17111E+18,8,2,31,0,2017,11,14,7,2,6,7,1,0,1,0,0,0,1,4.78084E+20,5.41558E+21,8.70101E+15,4.88928E+16
157467,8.17111E+18,8,2,22,0,2017,11,23,7,3,3,6,0,1,0,0,0,2,1,4.61974E+20,5.48279E+21,8.47487E+15,4.94965E+16
157468,8.17111E+18,8,2,22,0,2017,11,10,7,3,3,2,1,1,0,0,0,0,1,4.61708E+20,5.48319E+21,8.47115E+15,4.95001E+16
157469,8.17111E+18,8,2,21,0,2017,11,11,7,2,5,3,0,1,0,1,0,0,1,4.77456E+20,5.47433E+21,8.68915E+15,4.94213E+16
157470,8.17111E+18,8,2,12,0,2017,11,12,7,3,1,5,0,1,0,0,0,0,1,4.56196E+20,5.4284E+21,8.40103E+15,4.90069E+16
157471,8.17111E+18,8,1,35,19,2017,11,6,7,3,5,3,0,1,0,0,1,2,1,5.84921E+20,5.39243E+21,1.01537E+16,4.86791E+16
157472,8.17111E+18,8,1,25,39,2017,11,9,7,3,6,4,0,1,1,0,0,0,1,5.12057E+20,5.45919E+21,9.16579E+15,4.92854E+16
157473,8.17111E+18,8,1,19,79,2017,11,19,7,3,8,1,0,1,0,0,0,2,1,5.21844E+20,5.40712E+21,9.29755E+15,4.88167E+16
157474,8.17111E+18,8,1,18,68,2017,11,11,7,3,4,7,0,1,0,0,0,0,0,5.01077E+20,5.42301E+21,9.01471E+15,4.896E+16
157475,8.17111E+18,8,1,16,35,2017,11,6,7,3,5,1,0,1,0,0,0,2,1,5.27661E+20,5.39238E+21,9.37581E+15,4.86839E+16
157476,8.17111E+18,8,1,16,77,2017,11,23,7,3,1,5,0,1,0,0,0,2,1,5.15627E+20,5.39121E+21,9.21227E+15,4.86738E+16
157477,8.17111E+18,8,1,15,3,2017,11,8,7,2,0,7,1,0,0,0,0,0,1,5.0058E+20,5.39028E+21,9.00787E+15,4.86656E+16
157478,8.17111E+18,8,1,11,0,2017,11,17,7,3,6,4,0,1,1,0,0,2,1,5.12392E+20,5.40705E+21,9.1688E+15,4.88163E+16
157479,8.17111E+18,8,1,11,0,2017,11,22,7,3,5,2,1,1,0,0,0,2,1,5.12824E+20,5.40219E+21,9.17454E+15,4.87726E+16
157480,8.17111E+18,8,4,37,104,2017,11,12,6,3,6,7,0,1,1,0,0,0,1,5.14545E+20,5.32486E+21,9.19528E+15,4.80768E+16
157481,8.17111E+18,8,4,35,42,2017,11,10,6,2,1,1,1,1,0,0,0,0,0,5.52944E+20,5.27846E+21,9.70509E+15,4.76574E+16
157482,8.17111E+18,8,4,35,15,2017,11,14,6,3,2,6,0,1,0,0,0,0,1,5.20909E+20,5.29597E+21,9.27931E+15,4.78168E+16
157483,8.17111E+18,8,4,17,31,2017,11,17,6,3,2,6,0,1,0,1,0,2,0,4.97165E+20,5.35711E+21,8.96172E+15,4.83672E+16
157484,8.17111E+18,8,4,16,23,2017,11,12,6,3,5,3,0,1,0,0,0,0,1,5.11229E+20,5.37131E+21,9.15199E+15,4.84948E+16
157485,8.17111E+18,8,3,36,69,2017,11,18,6,3,6,3,0,1,1,0,0,2,0,4.08133E+20,5.26871E+21,7.77868E+15,4.75653E+16
157486,8.17111E+18,8,3,35,75,2017,11,19,6,3,2,6,0,1,0,0,0,2,1,4.86497E+20,5.28899E+21,8.81984E+15,4.77541E+16
157487,8.17111E+18,8,3,35,43,2017,11,18,6,3,2,2,0,1,0,0,0,2,1,5.12868E+20,5.28006E+21,9.17143E+15,4.76738E+16
157488,8.17111E+18,8,3,35,43,2017,11,13,6,3,5,2,1,0,0,0,0,0,0,5.11683E+20,5.28089E+21,9.15566E+15,4.76813E+16
157489,8.17111E+18,8,4,35,16,2017,11,17,6,1,6,2,0,0,1,0,1,2,1,5.32582E+20,5.27976E+21,9.43403E+15,4.76704E+16
157490,8.17111E+18,8,3,26,74,2017,11,13,6,3,2,6,0,1,0,0,1,0,1,4.62636E+20,5.32487E+21,8.49838E+15,4.8076E+16
157491,8.17111E+18,8,3,17,96,2017,11,9,6,3,2,6,0,1,0,0,0,0,1,4.22223E+20,5.36911E+21,7.94774E+15,4.84703E+16
157492,8.17111E+18,8,3,17,96,2017,11,15,6,3,0,7,1,0,0,0,0,0,1,4.21854E+20,5.36894E+21,7.94279E+15,4.84687E+16
157493,8.17111E+18,8,3,17,57,2017,11,8,6,3,2,6,0,1,0,0,0,0,0,4.132E+20,5.38292E+21,7.82283E+15,4.85934E+16
157494,8.17111E+18,8,3,17,5,2017,11,17,6,3,0,1,1,0,0,0,0,2,1,4.24558E+20,5.37689E+21,7.97793E+15,4.85405E+16
157495,8.17111E+18,8,3,15,74,2017,11,17,6,3,6,4,0,1,1,0,0,2,1,3.9704E+20,5.29597E+21,7.62481E+15,4.78088E+16
157496,8.17111E+18,8,3,36,50,2017,11,17,6,2,0,7,1,0,0,0,0,2,1,3.99794E+20,5.27464E+21,7.6665E+15,4.76174E+16
157497,8.17111E+18,8,3,11,0,2017,11,16,6,3,0,3,0,0,0,1,1,0,1,4.13601E+20,5.31888E+21,7.84136E+15,4.80174E+16
157498,8.17111E+18,8,2,12,0,2017,11,15,6,3,2,6,0,1,0,0,0,0,0,4.56521E+20,5.42684E+21,8.40564E+15,4.8993E+16
157499,8.17111E+18,8,2,12,0,2017,11,21,6,3,6,4,0,1,1,0,0,2,1,4.57524E+20,5.42856E+21,8.41917E+15,4.90085E+16
157500,8.17111E+18,8,2,12,0,2017,11,23,6,2,5,3,0,0,0,1,1,2,1,4.56684E+20,5.42891E+21,8.40765E+15,4.90115E+16
157501,8.17111E+18,8,2,12,0,2017,11,11,6,3,2,2,1,0,0,0,0,0,1,4.56821E+20,5.42779E+21,8.40965E+15,4.90015E+16
157502,8.17111E+18,8,2,31,0,2017,11,11,6,3,5,3,0,1,0,1,0,0,1,4.79107E+20,5.41617E+21,8.71494E+15,4.88981E+16
157503,8.17111E+18,8,2,31,0,2017,11,10,6,3,5,3,0,1,0,1,0,0,0,4.75604E+20,5.41532E+21,8.66718E+15,4.88904E+16
157504,8.17111E+18,8,2,26,84,2017,11,11,6,3,0,3,1,1,0,0,0,0,1,4.69271E+20,5.47045E+21,8.57659E+15,4.9386E+16
157505,8.17111E+18,8,2,25,58,2017,11,17,6,3,6,4,0,1,1,0,0,1,1,5.10789E+20,5.46667E+21,9.14856E+15,4.93526E+16
157506,8.17111E+18,8,2,22,0,2017,11,15,6,3,1,5,0,1,0,0,1,0,1,4.63286E+20,5.48277E+21,8.49298E+15,4.94964E+16
157507,8.17111E+18,8,2,22,0,2017,11,13,6,3,6,7,0,1,1,0,0,0,0,4.62986E+20,5.47803E+21,8.48929E+15,4.94538E+16
157508,8.17111E+18,8,2,22,0,2017,11,11,6,2,0,1,0,0,0,1,0,0,1,4.64393E+20,5.48455E+21,8.50811E+15,4.95125E+16
157509,8.17111E+18,8,2,26,32,2017,11,11,6,3,5,7,0,1,0,0,1,0,1,4.66613E+20,5.46373E+21,8.54054E+15,4.93254E+16
157510,8.17111E+18,8,2,22,0,2017,11,7,6,3,6,4,0,1,1,0,0,0,0,4.63266E+20,5.48394E+21,8.49261E+15,4.9507E+16
157511,8.17111E+18,8,2,22,0,2017,11,17,6,2,6,4,0,1,1,0,0,2,1,4.64599E+20,5.48397E+21,8.51101E+15,4.95073E+16
157512,8.17111E+18,8,2,21,0,2017,11,7,6,3,5,3,1,1,0,0,0,1,1,4.77662E+20,5.47005E+21,8.69223E+15,4.93827E+16
157513,8.17111E+18,8,2,12,0,2017,11,14,6,3,2,7,0,1,0,0,1,0,1,4.56556E+20,5.42877E+21,8.40591E+15,4.90103E+16
157514,8.17111E+18,8,1,36,65,2017,11,17,6,2,6,4,0,1,1,0,0,2,1,5.58885E+20,5.40596E+21,9.80193E+15,4.88038E+16
157515,8.17111E+18,8,1,25,56,2017,11,17,6,3,6,4,0,1,1,0,0,2,1,5.11184E+20,5.43553E+21,9.15313E+15,4.90725E+16
157516,8.17111E+18,8,1,18,54,2017,11,17,6,3,0,7,1,0,0,0,0,0,1,5.19519E+20,5.42365E+21,9.26667E+15,4.89655E+16
157517,8.17111E+18,8,1,16,49,2017,11,17,6,3,6,2,0,1,1,0,0,2,1,5.24326E+20,5.38558E+21,9.33009E+15,4.86228E+16
157518,8.17111E+18,8,1,15,41,2017,11,12,6,3,6,4,0,1,1,0,0,0,1,4.95755E+20,5.4018E+21,8.94223E+15,4.87692E+16
157519,8.17111E+18,8,1,15,24,2017,11,11,6,3,5,3,0,1,0,0,0,0,1,5.00937E+20,5.38809E+21,9.01273E+15,4.86458E+16
157520,8.17111E+18,8,1,15,24,2017,11,21,6,3,5,3,0,1,0,0,0,2,1,5.00682E+20,5.38799E+21,9.00927E+15,4.8645E+16
157521,8.17111E+18,8,1,11,0,2017,11,8,6,3,5,3,0,1,0,0,0,0,0,5.08981E+20,5.39679E+21,9.12212E+15,4.87241E+16
157522,8.17111E+18,8,1,11,0,2017,11,18,6,2,6,4,0,1,1,0,0,2,1,5.15108E+20,5.40696E+21,9.20579E+15,4.88154E+16
157523,8.17111E+18,8,1,11,0,2017,11,9,6,3,2,6,0,1,0,0,0,0,0,5.1336E+20,5.40334E+21,9.18187E+15,4.87829E+16
157524,8.17111E+18,8,1,11,0,2017,11,17,6,3,0,1,1,0,0,0,0,2,1,5.16951E+20,5.40699E+21,9.2309E+15,4.88156E+16
157525,8.17111E+18,8,4,37,104,2017,11,13,5,3,5,3,0,1,0,0,0,0,0,5.16292E+20,5.32554E+21,9.21875E+15,4.80829E+16
157526,8.17111E+18,8,4,36,81,2017,11,10,5,3,1,3,1,1,0,0,0,0,0,5.61701E+20,5.2829E+21,9.82233E+15,4.76965E+16
157527,8.17111E+18,8,4,35,16,2017,11,16,5,3,5,3,1,1,0,0,0,0,0,5.35548E+20,5.27808E+21,9.4734E+15,4.76552E+16
157528,8.17111E+18,8,4,25,33,2017,11,16,5,2,9,7,0,1,0,0,0,0,0,5.61177E+20,5.34667E+21,9.82444E+15,4.82703E+16
157529,8.17111E+18,8,4,21,0,2017,11,18,5,3,4,2,0,1,0,0,0,2,0,5.69945E+20,5.36192E+21,9.94511E+15,4.84065E+16
157530,8.17111E+18,8,4,17,31,2017,11,12,5,3,5,3,0,1,0,0,0,0,0,4.97192E+20,5.35534E+21,8.9621E+15,4.83512E+16
157531,8.17111E+18,8,4,15,61,2017,11,13,5,2,0,1,1,0,0,0,0,0,0,5.15385E+20,5.37086E+21,9.20822E+15,4.84906E+16
157532,8.17111E+18,8,4,16,41,2017,11,12,5,3,3,2,1,1,0,0,0,0,0,5.04738E+20,5.37509E+21,9.06417E+15,4.85289E+16
157533,8.17111E+18,8,4,15,61,2017,11,15,5,2,5,3,1,1,0,0,0,0,0,5.16035E+20,5.37036E+21,9.21701E+15,4.84862E+16
157534,8.17111E+18,8,3,36,69,2017,11,16,5,3,5,3,0,1,0,0,0,1,1,4.09579E+20,5.269E+21,7.79785E+15,4.75681E+16
157535,8.17111E+18,8,3,35,75,2017,11,3,5,3,5,3,0,1,0,0,0,2,2,4.89045E+20,5.28836E+21,8.85384E+15,4.77485E+16
157536,8.17111E+18,8,3,11,0,2017,11,13,5,2,0,1,1,0,0,0,0,0,0,4.13919E+20,5.31643E+21,7.84612E+15,4.79954E+16
157537,8.17111E+18,8,3,11,0,2017,11,19,5,3,6,3,1,0,1,0,0,2,0,4.14226E+20,5.31676E+21,7.85017E+15,4.79984E+16
157538,8.17111E+18,8,3,11,0,2017,11,19,5,3,3,2,1,1,0,0,0,2,0,4.14586E+20,5.31601E+21,7.85515E+15,4.79917E+16
157539,8.17111E+18,8,2,37,40,2017,11,18,5,3,5,3,0,1,0,0,0,2,1,4.78497E+20,5.36759E+21,8.70914E+15,4.84611E+16
157540,8.17111E+18,8,2,35,46,2017,11,16,5,3,2,6,0,1,0,0,0,1,1,4.7965E+20,5.37727E+21,8.72426E+15,4.85482E+16
157541,8.17111E+18,8,2,31,0,2017,11,12,5,3,1,6,0,1,0,0,0,0,1,4.77671E+20,5.4145E+21,8.69543E+15,4.8883E+16
157542,8.17111E+18,8,2,25,109,2017,11,16,5,3,9,1,1,0,0,0,0,1,1,5.23785E+20,5.49226E+21,9.32905E+15,4.95825E+16
157543,8.17111E+18,8,2,25,1,2017,11,9,5,3,0,1,0,0,0,1,0,0,1,5.28586E+20,5.47228E+21,9.39401E+15,4.94025E+16
157544,8.17111E+18,8,2,25,58,2017,11,10,5,3,2,1,0,1,0,0,0,0,1,5.11059E+20,5.46815E+21,9.15231E+15,4.93659E+16
157545,8.17111E+18,8,2,22,0,2017,11,7,5,3,2,6,0,1,0,0,0,0,1,4.62063E+20,5.47913E+21,8.47645E+15,4.94637E+16
157546,8.17111E+18,8,2,22,0,2017,11,13,5,3,2,6,0,1,0,0,0,0,0,4.64385E+20,5.48538E+21,8.50793E+15,4.952E+16
157547,8.17111E+18,8,2,22,0,2017,11,16,5,3,5,2,0,1,0,0,1,1,1,4.61542E+20,5.48836E+21,8.46836E+15,4.95466E+16
157548,8.17111E+18,8,2,22,0,2017,11,13,5,3,6,7,0,0,1,1,0,0,1,4.62054E+20,5.48108E+21,8.47614E+15,4.94812E+16
157549,8.17111E+18,8,2,22,0,2017,11,15,5,3,6,7,1,0,1,0,0,0,0,4.64021E+20,5.47843E+21,8.50353E+15,4.94575E+16
157550,8.17111E+18,8,2,22,0,2017,11,9,5,3,0,1,0,0,0,1,0,0,1,4.62552E+20,5.48168E+21,8.48296E+15,4.94866E+16
157551,8.17111E+18,8,2,15,9,2017,11,7,5,3,5,3,1,1,0,0,0,0,1,4.70254E+20,5.44125E+21,8.59231E+15,4.91234E+16
157552,8.17111E+18,8,2,15,9,2017,11,18,5,3,1,1,0,1,0,0,0,2,1,4.68745E+20,5.4413E+21,8.57162E+15,4.91238E+16
157553,8.17111E+18,8,2,12,0,2017,11,11,5,3,5,3,0,1,0,0,0,0,1,4.54433E+20,5.42853E+21,8.3769E+15,4.9008E+16
157554,8.17111E+18,8,2,12,0,2017,11,17,5,3,0,1,1,0,0,0,0,2,1,4.54487E+20,5.42828E+21,8.37767E+15,4.90057E+16
157555,8.17111E+18,8,2,12,0,2017,11,16,5,3,0,7,1,0,0,0,0,0,1,4.56118E+20,5.42806E+21,8.4E+15,4.90039E+16
157556,8.17111E+18,8,1,18,48,2017,11,18,5,3,5,3,0,1,0,0,0,2,1,5.1534E+20,5.41592E+21,9.20929E+15,4.8896E+16
157557,8.17111E+18,8,1,18,80,2017,11,18,5,3,1,5,1,1,0,0,0,2,0,5.0877E+20,5.40865E+21,9.1195E+15,4.88308E+16
157558,8.17111E+18,8,1,17,26,2017,11,14,5,3,5,3,0,1,0,0,0,0,1,5.48439E+20,5.39441E+21,9.65832E+15,4.87008E+16
157559,8.17111E+18,8,1,15,3,2017,11,10,5,3,5,3,1,1,0,0,0,0,1,5.00893E+20,5.39112E+21,9.01213E+15,4.86731E+16
157560,8.17111E+18,8,1,11,0,2017,11,17,5,3,2,6,0,1,0,0,0,2,0,5.17375E+20,5.40483E+21,9.23659E+15,4.87962E+16
157561,8.17111E+18,8,1,11,0,2017,11,17,5,3,5,3,0,1,0,0,0,2,0,5.10497E+20,5.40192E+21,9.14286E+15,4.87702E+16
157562,8.17111E+18,8,1,11,0,2017,11,17,5,3,5,3,1,1,0,0,0,2,0,5.13114E+20,5.40705E+21,9.17863E+15,4.88163E+16
157563,8.17111E+18,8,1,11,0,2017,11,17,5,3,5,3,0,1,0,0,0,1,0,5.08792E+20,5.3965E+21,9.11953E+15,4.87214E+16
157564,8.17111E+18,8,4,37,31,2017,11,8,4,2,5,3,0,1,0,0,0,0,1,5.16348E+20,5.34337E+21,9.22019E+15,4.82434E+16
157565,8.17111E+18,8,4,36,64,2017,11,17,4,3,5,3,0,1,0,1,0,0,0,5.46261E+20,5.29274E+21,9.61761E+15,4.77863E+16
157566,8.17111E+18,8,4,21,0,2017,11,15,4,3,1,6,0,1,0,0,0,0,1,5.70784E+20,5.36427E+21,9.95685E+15,4.84276E+16
157567,8.17111E+18,8,4,25,33,2017,11,17,4,3,2,6,0,1,0,1,0,0,0,5.53694E+20,5.34757E+21,9.72371E+15,4.82791E+16
157568,8.17111E+18,8,4,16,36,2017,11,15,4,3,6,4,0,1,1,0,0,0,0,4.95233E+20,5.36959E+21,8.9355E+15,4.84795E+16
157569,8.17111E+18,8,4,16,41,2017,11,14,4,3,0,7,1,0,0,0,0,0,0,5.0545E+20,5.3752E+21,9.07381E+15,4.85299E+16
157570,8.17111E+18,8,3,36,69,2017,11,16,4,3,5,3,0,1,0,0,0,0,0,4.08258E+20,5.26794E+21,7.7805E+15,4.75584E+16
157571,8.17111E+18,8,3,35,63,2017,11,7,4,3,3,6,1,1,0,0,0,1,1,4.97138E+20,5.28729E+21,8.96182E+15,4.7739E+16
157572,8.17111E+18,8,3,35,43,2017,11,18,4,3,0,2,1,0,0,1,0,2,1,5.13004E+20,5.27927E+21,9.17322E+15,4.76667E+16
157573,8.17111E+18,8,3,27,55,2017,11,14,4,3,0,7,0,1,0,0,0,0,1,4.78545E+20,5.31852E+21,8.71228E+15,4.80196E+16
157574,8.17111E+18,8,3,26,74,2017,11,14,4,3,6,4,0,1,1,0,0,0,0,4.62239E+20,5.32384E+21,8.49314E+15,4.80668E+16
157575,8.17111E+18,8,3,17,57,2017,11,18,4,3,5,2,1,1,0,0,0,2,1,4.12486E+20,5.3809E+21,7.81356E+15,4.85751E+16
157576,8.17111E+18,8,3,15,50,2017,11,6,4,3,5,6,1,1,0,0,0,0,1,3.98863E+20,5.30375E+21,7.64734E+15,4.78791E+16
157577,8.17111E+18,8,3,11,0,2017,11,17,4,3,2,6,0,1,0,0,0,2,1,4.14656E+20,5.31872E+21,7.85554E+15,4.8016E+16
157578,8.17111E+18,8,3,11,0,2017,11,12,4,3,0,1,1,0,0,0,0,0,1,4.13781E+20,5.31647E+21,7.84426E+15,4.79957E+16
157579,8.17111E+18,8,2,15,9,2017,11,19,4,2,0,7,1,0,0,0,1,2,1,4.67484E+20,5.43698E+21,8.55469E+15,4.90848E+16
157580,8.17111E+18,8,2,12,0,2017,11,15,4,2,6,7,0,1,1,0,0,0,1,4.53698E+20,5.42881E+21,8.36683E+15,4.90105E+16
157581,8.17111E+18,8,2,12,0,2017,11,5,4,3,0,1,1,0,0,0,0,2,1,4.5612E+20,5.42806E+21,8.40002E+15,4.90039E+16
157582,8.17111E+18,8,2,31,0,2017,11,15,4,3,4,6,0,1,0,0,0,0,0,4.80173E+20,5.41578E+21,8.7295E+15,4.88946E+16
157583,8.17111E+18,8,2,26,98,2017,11,15,4,3,5,3,1,1,0,0,0,0,1,4.7796E+20,5.46081E+21,8.69685E+15,4.92996E+16
157584,8.17111E+18,8,2,21,0,2017,11,10,4,3,6,4,0,1,1,0,0,0,1,4.75804E+20,5.4741E+21,8.66638E+15,4.94191E+16
157585,8.17111E+18,8,2,26,62,2017,11,17,4,3,5,3,0,1,0,0,0,2,1,4.70163E+20,5.46893E+21,8.589E+15,4.93723E+16
157586,8.17111E+18,8,2,26,32,2017,11,19,4,3,5,5,1,1,0,0,0,2,1,4.67161E+20,5.46286E+21,8.54815E+15,4.93176E+16
157587,8.17111E+18,8,2,22,0,2017,11,7,4,3,3,6,0,1,0,1,0,1,1,4.62335E+20,5.48241E+21,8.4799E+15,4.94932E+16
157588,8.17111E+18,8,2,22,0,2017,11,21,4,3,5,3,0,1,0,0,0,2,1,4.62339E+20,5.49004E+21,8.47922E+15,4.95618E+16
157589,8.17111E+18,8,2,21,0,2017,11,18,4,3,6,4,0,1,1,0,0,1,1,4.75728E+20,5.46946E+21,8.66563E+15,4.93773E+16
157590,8.17111E+18,8,2,21,0,2017,11,11,4,3,5,3,0,1,0,0,0,0,1,4.77538E+20,5.47017E+21,8.69052E+15,4.93838E+16
157591,8.17111E+18,8,2,26,13,2017,11,8,4,2,1,5,1,1,0,0,0,0,1,4.9896E+20,5.47829E+21,8.98565E+15,4.94573E+16
157592,8.17111E+18,8,2,26,103,2017,11,12,4,2,5,3,0,1,0,0,0,0,1,4.73686E+20,5.4568E+21,8.63832E+15,4.92634E+16
157593,8.17111E+18,8,2,26,12,2017,11,18,4,3,5,3,1,1,0,0,0,2,1,4.76242E+20,5.47718E+21,8.67224E+15,4.94468E+16
157594,8.17111E+18,8,2,16,7,2017,11,10,4,2,6,2,0,1,1,0,0,0,1,4.36295E+20,5.39365E+21,8.13434E+15,4.86926E+16
157595,8.17111E+18,8,2,15,7,2017,11,7,4,3,6,4,0,0,1,0,1,2,1,4.79098E+20,5.43139E+21,8.71403E+15,4.9035E+16
157596,8.17112E+18,8,2,36,46,2017,11,7,5,3,6,2,0,1,1,0,0,2,0,4.84251E+20,5.4183E+21,8.78504E+15,4.89174E+16
157597,8.17112E+18,8,2,26,85,2017,11,12,5,3,6,4,0,1,1,0,0,0,0,4.91101E+20,5.45514E+21,8.87773E+15,4.9249E+16
157598,8.17112E+18,8,2,25,117,2017,11,14,5,3,5,3,0,1,0,0,0,0,0,5.1691E+20,5.47065E+21,9.23301E+15,4.93883E+16
157599,8.17112E+18,8,2,26,36,2017,11,4,5,3,5,3,0,1,0,1,0,2,0,4.68136E+20,5.48036E+21,8.56016E+15,4.9475E+16
157600,8.17112E+18,8,2,22,0,2017,11,19,5,2,0,7,0,1,0,0,0,2,0,4.62276E+20,5.48767E+21,8.47858E+15,4.95405E+16
157601,8.17112E+18,8,2,16,63,2017,11,20,5,3,0,7,1,0,0,0,0,2,0,4.30355E+20,5.4017E+21,8.05227E+15,4.87644E+16
157602,8.17112E+18,8,2,15,9,2017,11,7,5,3,5,2,1,1,0,0,0,1,0,4.69674E+20,5.4414E+21,8.58435E+15,4.91247E+16
157603,8.17112E+18,8,2,15,7,2017,11,20,5,3,5,3,1,1,0,0,0,2,0,4.78118E+20,5.43172E+21,8.70061E+15,4.9038E+16
157604,8.17112E+18,8,2,12,0,2017,11,9,5,3,5,3,1,0,0,0,0,0,1,4.57179E+20,5.42742E+21,8.41457E+15,4.89982E+16
157605,8.17112E+18,8,2,16,15,2017,11,11,5,3,6,5,0,1,1,0,0,0,0,4.49197E+20,5.40673E+21,8.30804E+15,4.88115E+16
157606,8.17112E+18,8,1,35,19,2017,11,16,5,2,3,2,1,0,0,0,1,1,0,5.83831E+20,5.39257E+21,1.01389E+16,4.86805E+16
157607,8.17112E+18,8,1,19,85,2017,11,12,5,3,2,6,0,1,0,0,0,0,0,5.29196E+20,5.41414E+21,9.39821E+15,4.88796E+16
157608,8.17112E+18,8,1,18,76,2017,11,12,5,3,0,7,0,1,0,0,0,0,0,5.04624E+20,5.42306E+21,9.06316E+15,4.89604E+16
157609,8.17112E+18,8,1,18,79,2017,11,14,5,2,1,5,1,1,0,0,0,0,0,5.07761E+20,5.42138E+21,9.10599E+15,4.89453E+16
157610,8.17112E+18,8,1,16,49,2017,11,13,5,3,5,3,1,1,0,0,0,0,0,5.25537E+20,5.386E+21,9.34655E+15,4.86266E+16
157611,8.17112E+18,8,1,16,77,2017,11,13,5,3,5,3,1,1,0,0,0,0,0,5.16106E+20,5.38946E+21,9.21871E+15,4.8658E+16
157612,8.17112E+18,8,1,16,33,2017,11,7,5,3,5,2,1,1,0,0,0,0,0,5.34776E+20,5.38875E+21,9.47216E+15,4.86508E+16
157613,8.17112E+18,8,1,15,3,2017,11,10,5,3,3,6,1,1,0,0,0,0,0,5.02773E+20,5.39045E+21,9.03767E+15,4.86671E+16
157614,8.17112E+18,8,1,11,0,2017,11,14,5,3,5,2,1,1,0,0,0,0,0,5.12661E+20,5.40188E+21,9.1723E+15,4.87698E+16
157615,8.17112E+18,8,1,11,0,2017,11,7,5,3,3,2,1,1,0,0,0,1,0,5.08453E+20,5.40679E+21,9.11515E+15,4.8814E+16
157616,8.17112E+18,8,4,37,31,2017,11,8,4,3,9,1,0,1,0,0,0,0,2,5.17573E+20,5.34506E+21,9.23676E+15,4.82586E+16
157617,8.17112E+18,8,4,37,104,2017,11,9,4,3,9,1,0,1,0,0,0,0,2,5.10709E+20,5.32656E+21,9.14382E+15,4.80922E+16
157618,8.17112E+18,8,2,12,0,2017,11,12,5,2,5,3,0,1,0,0,0,0,0,4.52767E+20,5.42733E+21,8.35427E+15,4.89971E+16
157619,8.17112E+18,8,2,12,0,2017,11,10,5,3,5,3,1,1,0,0,0,0,1,4.53958E+20,5.43034E+21,8.37021E+15,4.90242E+16
157620,8.17112E+18,8,2,12,0,2017,11,15,5,3,2,6,0,1,0,0,1,0,0,4.5811E+20,5.4271E+21,8.42733E+15,4.89954E+16
157621,8.17112E+18,8,2,37,30,2017,11,17,5,3,5,3,1,1,0,0,0,2,0,4.63913E+20,5.36517E+21,8.51207E+15,4.84386E+16
157622,8.17112E+18,8,4,36,64,2017,11,7,4,3,4,2,0,1,0,1,0,2,0,5.46313E+20,5.2927E+21,9.6183E+15,4.7786E+16
157623,8.17112E+18,8,4,26,14,2017,11,7,4,3,6,5,0,1,1,0,0,2,1,5.49851E+20,5.31586E+21,9.6682E+15,4.79941E+16
157624,8.17112E+18,8,4,26,21,2017,11,13,4,3,6,4,0,1,1,0,0,0,0,5.58888E+20,5.32736E+21,9.79091E+15,4.80968E+16
157625,8.17112E+18,8,2,31,0,2017,11,14,5,3,6,6,1,0,1,0,0,0,0,4.78011E+20,5.41544E+21,8.70002E+15,4.88915E+16
157626,8.17112E+18,8,2,36,74,2017,11,7,5,3,5,3,0,1,0,0,0,2,0,4.72519E+20,5.42141E+21,8.62469E+15,4.8945E+16
157627,8.17112E+18,8,4,21,0,2017,11,11,4,3,2,6,0,1,0,0,0,0,0,5.6917E+20,5.35708E+21,9.93385E+15,4.83631E+16
157628,8.17112E+18,8,4,21,0,2017,11,11,4,3,5,3,1,0,0,1,0,0,0,5.71597E+20,5.36035E+21,9.96716E+15,4.83922E+16
157629,8.17112E+18,8,4,21,0,2017,11,14,4,3,2,2,1,1,0,0,0,0,0,5.73215E+20,5.36125E+21,9.98918E+15,4.84001E+16
157630,8.17112E+18,8,4,15,61,2017,11,11,4,3,0,1,1,0,0,0,0,0,0,5.14216E+20,5.37143E+21,9.19242E+15,4.84958E+16
157631,8.17112E+18,8,4,15,61,2017,11,8,4,3,5,3,0,1,0,0,0,0,0,5.15915E+20,5.37176E+21,9.21544E+15,4.84988E+16
157632,8.17112E+18,8,4,15,78,2017,11,13,4,3,4,6,0,0,0,0,1,0,0,5.27891E+20,5.37193E+21,9.37756E+15,4.84999E+16
157633,8.17112E+18,8,3,36,57,2017,11,13,4,3,6,3,0,1,1,0,0,0,0,4.07401E+20,5.27755E+21,7.76708E+15,4.76447E+16
157634,8.17112E+18,8,3,36,105,2017,11,8,4,3,5,3,1,1,0,0,0,0,0,4.01441E+20,5.26642E+21,7.69025E+15,4.75437E+16
157635,8.17112E+18,8,3,35,43,2017,11,7,4,3,6,4,1,0,1,0,0,1,0,5.12731E+20,5.28057E+21,9.16961E+15,4.76784E+16