OBJECTID,UIDENTSTLA,ULAND,UREGBEZ,UKREIS,UGEMEINDE,UJAHR,UMONAT,USTUNDE,UWOCHENTAG,UKATEGORIE,UART,UTYP1,IstRad,IstPKW,IstFuss,IstKrad,IstSonstig,LICHT,STRZUSTAND,LINREFX,LINREFY,XGCSWGS84,YGCSWGS84
157636,8.17112E+18,8,3,35,43,2017,11,16,4,3,0,1,1,0,0,0,0,1,1,5.1187E+20,5.27998E+21,9.15813E+15,4.76731E+16
157637,8.17112E+18,8,3,26,74,2017,11,20,4,3,0,7,0,1,0,1,0,2,0,4.60608E+20,5.3239E+21,8.47124E+15,4.80672E+16
157638,8.17112E+18,8,3,17,151,2017,11,16,4,2,5,3,0,1,0,1,0,0,0,4.13212E+20,5.36775E+21,7.82614E+15,4.84569E+16
157639,8.17112E+18,8,3,17,1,2017,11,13,4,3,5,3,1,1,0,0,0,0,0,4.3072E+20,5.38653E+21,8.05978E+15,4.8628E+16
157640,8.17112E+18,8,3,17,57,2017,11,14,4,3,4,6,1,1,0,0,0,0,0,4.16006E+20,5.37177E+21,7.86311E+15,4.84934E+16
157641,8.17112E+18,8,3,17,97,2017,11,15,4,2,0,1,1,0,0,0,0,0,0,4.25567E+20,5.36475E+21,7.99375E+15,4.84315E+16
157642,8.17112E+18,8,3,15,73,2017,11,15,4,3,0,7,1,0,1,0,0,0,0,4.12741E+20,5.31412E+21,7.8308E+15,4.79744E+16
157643,8.17112E+18,8,3,11,0,2017,11,8,4,3,5,3,1,1,0,0,0,0,0,4.13102E+20,5.31662E+21,7.83514E+15,4.7997E+16
157644,8.17112E+18,8,3,36,81,2017,11,14,4,3,0,4,1,0,1,0,0,0,0,4.11869E+20,5.27789E+21,7.8265E+15,4.76484E+16
157645,8.17112E+18,8,3,11,0,2017,11,12,4,3,2,6,1,0,0,0,1,0,0,4.12559E+20,5.31412E+21,7.82837E+15,4.79744E+16
157646,8.17112E+18,8,2,15,105,2017,11,17,4,2,4,6,1,1,0,0,0,2,0,4.57523E+20,5.44135E+21,8.41781E+15,4.91235E+16
157647,8.17112E+18,8,2,35,46,2017,11,15,4,3,5,3,1,1,0,0,0,0,0,4.79415E+20,5.37729E+21,8.72108E+15,4.85483E+16
157648,8.17112E+18,8,2,26,62,2017,11,15,4,3,0,7,1,0,0,0,0,0,0,4.69485E+20,5.46877E+21,8.57968E+15,4.93709E+16
157649,8.17112E+18,8,2,26,32,2017,11,6,4,3,4,6,0,1,0,1,0,2,1,4.67518E+20,5.4635E+21,8.553E+15,4.93234E+16
157650,8.17112E+18,8,2,22,0,2017,11,16,4,3,5,2,1,1,0,0,0,0,0,4.62201E+20,5.48291E+21,8.47799E+15,4.94976E+16
157651,8.17112E+18,8,2,21,0,2017,11,16,4,3,6,1,0,1,1,0,0,1,0,4.8268E+20,5.47393E+21,8.76119E+15,4.94178E+16
157652,8.17112E+18,8,2,16,7,2017,11,13,4,3,8,7,0,1,0,0,0,0,0,4.3826E+20,5.39341E+21,8.16107E+15,4.86907E+16
157653,8.17112E+18,8,2,15,9,2017,11,0,4,2,5,2,1,1,0,0,0,2,0,4.69042E+20,5.44068E+21,8.57574E+15,4.91182E+16
157654,8.17112E+18,8,2,15,90,2017,11,9,4,3,0,5,0,1,0,0,1,0,0,4.65202E+20,5.43372E+21,8.52371E+15,4.90553E+16
157655,8.17112E+18,8,2,12,0,2017,11,20,4,2,0,7,1,0,0,0,0,2,1,4.56124E+20,5.42852E+21,8.40003E+15,4.9008E+16
157656,8.17112E+18,8,2,12,0,2017,11,12,4,3,2,6,0,1,0,0,0,0,0,4.61291E+20,5.42766E+21,8.47077E+15,4.90006E+16
157657,8.17112E+18,8,2,12,0,2017,11,11,4,3,5,3,0,1,0,0,0,0,0,4.61697E+20,5.42777E+21,8.4763E+15,4.90016E+16
157658,8.17112E+18,8,3,17,56,2017,11,14,4,2,5,3,0,1,0,1,0,0,0,4.35802E+20,5.38143E+21,8.12954E+15,4.85827E+16
157659,8.17112E+18,8,1,36,88,2017,11,6,4,2,6,2,0,1,1,0,0,2,1,5.81234E+20,5.40939E+21,1.01069E+16,4.88322E+16
157660,8.17112E+18,8,1,35,32,2017,11,7,4,3,0,1,1,0,0,0,0,0,2,5.79482E+20,5.39384E+21,1.008E+16,4.86926E+16
157661,8.17112E+18,8,1,28,126,2017,11,12,4,3,2,2,1,1,0,0,0,0,0,5.65453E+20,5.48161E+21,9.90366E+15,4.94836E+16
157662,8.17112E+18,8,1,27,76,2017,11,17,4,3,6,5,0,1,1,0,0,2,1,5.54645E+20,5.44092E+21,9.74889E+15,4.91187E+16
157663,8.17112E+18,8,1,25,65,2017,11,14,4,3,2,1,0,1,0,0,0,0,0,5.16333E+20,5.44763E+21,9.22412E+15,4.91813E+16
157664,8.17112E+18,8,1,19,67,2017,11,17,4,3,2,6,0,1,0,0,1,0,0,5.4037E+20,5.40883E+21,9.55008E+15,4.88312E+16
157665,8.17112E+18,8,1,18,67,2017,11,12,4,3,5,3,0,1,0,0,0,0,1,5.05808E+20,5.41385E+21,9.07922E+15,4.88776E+16
157666,8.17112E+18,8,1,18,48,2017,11,18,4,3,6,6,0,0,1,0,1,1,0,5.1363E+20,5.41551E+21,9.18595E+15,4.88924E+16
157667,8.17112E+18,8,1,15,21,2017,11,9,4,3,6,6,0,1,1,0,0,0,0,4.91362E+20,5.38029E+21,8.8829E+15,4.85756E+16
157668,8.17112E+18,8,1,16,49,2017,11,7,4,3,6,4,0,1,1,0,0,1,1,5.25556E+20,5.38628E+21,9.34683E+15,4.8629E+16
157669,8.17112E+18,8,1,16,70,2017,11,7,4,3,2,6,0,1,0,0,0,0,1,5.38068E+20,5.38563E+21,9.51657E+15,4.86226E+16
157670,8.17112E+18,8,1,16,22,2017,11,16,4,3,0,7,0,1,0,1,0,1,0,5.22771E+20,5.38203E+21,9.30881E+15,4.85909E+16
157671,8.17112E+18,8,1,15,45,2017,11,17,4,2,6,4,0,1,1,0,0,2,0,5.01893E+20,5.39434E+21,9.02573E+15,4.87021E+16
157672,8.17112E+18,8,1,15,42,2017,11,7,4,3,1,7,0,1,0,0,0,0,0,4.96929E+20,5.40414E+21,8.95819E+15,4.87902E+16
157673,8.17112E+18,8,1,11,0,2017,11,14,4,3,6,7,0,0,1,0,1,0,0,5.19756E+20,5.40051E+21,9.2688E+15,4.87573E+16
157674,8.17112E+18,8,1,11,0,2017,11,6,4,3,5,2,1,1,0,0,0,2,1,5.12571E+20,5.4013E+21,9.17107E+15,4.87646E+16
157675,8.17112E+18,8,1,11,0,2017,11,17,4,3,5,2,1,0,0,1,0,2,0,5.13521E+20,5.40223E+21,9.18403E+15,4.87729E+16
157676,8.17112E+18,8,4,36,64,2017,11,12,3,3,5,3,0,1,0,0,0,0,1,5.45902E+20,5.29318E+21,9.61286E+15,4.77904E+16
157677,8.17112E+18,8,4,35,16,2017,11,21,3,3,2,7,0,1,0,0,0,2,0,5.36182E+20,5.27808E+21,9.48185E+15,4.76551E+16
157678,8.17112E+18,8,4,25,39,2017,11,7,3,3,4,6,1,0,0,0,0,1,1,5.66503E+20,5.35293E+21,9.89719E+15,4.8326E+16
157679,8.17112E+18,8,4,16,41,2017,11,8,3,3,2,6,0,1,0,0,0,0,1,5.05097E+20,5.37379E+21,9.06902E+15,4.85172E+16
157680,8.17112E+18,8,4,15,61,2017,11,15,3,3,8,1,1,0,0,0,0,0,0,5.16025E+20,5.36988E+21,9.21685E+15,4.84819E+16
157681,8.17112E+18,8,4,15,87,2017,11,16,3,3,5,3,0,1,0,1,0,0,0,5.13472E+20,5.38123E+21,9.18268E+15,4.8584E+16
157682,8.17112E+18,8,3,35,43,2017,11,12,3,3,0,1,1,0,0,0,0,0,1,5.11138E+20,5.28153E+21,9.14842E+15,4.76871E+16
157683,8.17112E+18,8,3,26,74,2017,11,11,3,3,2,2,0,1,0,0,0,0,0,4.59019E+20,5.32402E+21,8.4499E+15,4.80681E+16
157684,8.17112E+18,8,3,26,74,2017,11,7,3,3,6,6,0,0,1,0,1,2,1,4.60428E+20,5.32008E+21,8.46917E+15,4.80327E+16
157685,8.17112E+18,8,3,26,74,2017,11,14,3,3,5,3,0,1,0,0,0,0,0,4.63741E+20,5.32267E+21,8.51339E+15,4.80562E+16
157686,8.17112E+18,8,3,17,96,2017,11,7,3,3,5,3,1,0,0,0,0,1,1,4.22992E+20,5.36899E+21,7.95816E+15,4.84694E+16
157687,8.17112E+18,8,3,17,1,2017,11,15,3,3,5,3,1,1,0,0,0,0,0,4.31373E+20,5.38642E+21,8.06866E+15,4.86271E+16
157688,8.17112E+18,8,3,17,110,2017,11,21,3,2,3,6,1,1,0,0,0,2,0,4.2674E+20,5.38265E+21,8.00647E+15,4.85926E+16
157689,8.17112E+18,8,3,16,11,2017,11,10,3,3,5,3,0,1,0,1,0,0,1,4.15664E+20,5.32873E+21,7.86708E+15,4.81063E+16
157690,8.17112E+18,8,3,16,11,2017,11,11,3,3,5,3,1,1,0,0,0,0,0,4.147E+20,5.32907E+21,7.85407E+15,4.81091E+16
157691,8.17112E+18,8,3,11,0,2017,11,6,3,2,6,2,0,1,1,0,0,2,1,4.13614E+20,5.31881E+21,7.84155E+15,4.80168E+16
157692,8.17112E+18,8,3,11,0,2017,11,9,3,3,9,1,0,1,0,0,0,0,1,4.11475E+20,5.3181E+21,7.81303E+15,4.80101E+16
157693,8.17112E+18,8,3,16,11,2017,11,3,3,1,1,5,0,0,0,1,1,2,1,4.13044E+20,5.33082E+21,7.83147E+15,4.81247E+16
157694,8.17112E+18,8,2,22,0,2017,11,22,3,3,6,7,0,1,1,0,0,2,1,4.61152E+20,5.48337E+21,8.46346E+15,4.95017E+16
157695,8.17112E+18,8,2,21,0,2017,11,21,3,3,5,2,0,1,0,0,0,2,0,4.7592E+20,5.4741E+21,8.66798E+15,4.94191E+16
157696,8.17112E+18,8,2,16,43,2017,11,13,3,3,0,3,0,1,0,1,0,0,1,4.41488E+20,5.41222E+21,8.20225E+15,4.88602E+16
157697,8.17112E+18,8,2,15,9,2017,11,17,3,3,4,2,0,0,0,1,1,2,0,4.70155E+20,5.44138E+21,8.59094E+15,4.91245E+16
157698,8.17112E+18,8,2,15,9,2017,11,10,3,3,3,2,1,1,0,0,0,0,1,4.69198E+20,5.44105E+21,8.57785E+15,4.91215E+16
157699,8.17112E+18,8,2,12,0,2017,11,0,3,3,4,6,0,1,0,0,0,2,0,4.5449E+20,5.43167E+21,8.37733E+15,4.90363E+16
157700,8.17112E+18,8,2,12,0,2017,11,9,3,3,0,1,1,0,0,0,0,0,1,4.56198E+20,5.42807E+21,8.40109E+15,4.9004E+16
157701,8.17112E+18,8,2,11,0,2017,11,10,3,3,0,7,1,0,0,0,0,0,1,4.44026E+20,5.40119E+21,8.23836E+15,4.87612E+16
157702,8.17112E+18,8,1,36,65,2017,11,21,3,3,2,2,0,1,0,0,0,2,0,5.58994E+20,5.40559E+21,9.80336E+15,4.88005E+16
157703,8.17112E+18,8,1,36,88,2017,11,7,3,3,6,4,0,1,1,0,0,1,1,5.8007E+20,5.41059E+21,1.00913E+16,4.88431E+16
157704,8.17112E+18,8,1,36,65,2017,11,15,3,2,0,1,1,0,0,0,0,0,1,5.57766E+20,5.4051E+21,9.78657E+15,4.87962E+16
157705,8.17112E+18,8,1,25,65,2017,11,9,3,3,1,5,0,1,0,0,0,0,1,5.16307E+20,5.44859E+21,9.2238E+15,4.91899E+16
157706,8.17112E+18,8,1,21,0,2017,11,8,3,3,0,7,0,1,1,0,0,1,1,5.14858E+20,5.44355E+21,9.20373E+15,4.91446E+16
157707,8.17112E+18,8,1,18,67,2017,11,7,3,3,0,1,0,0,0,1,0,0,1,5.05386E+20,5.41357E+21,9.07346E+15,4.8875E+16
157708,8.17112E+18,8,1,18,48,2017,11,13,3,3,3,6,1,0,0,0,0,0,1,5.14742E+20,5.41562E+21,9.20112E+15,4.88933E+16
157709,8.17112E+18,8,1,16,80,2017,11,8,3,3,5,3,0,1,0,0,0,0,1,5.21973E+20,5.39543E+21,9.29869E+15,4.87115E+16
157710,8.17112E+18,8,1,16,56,2017,11,16,3,3,5,3,0,1,0,0,0,1,1,5.30358E+20,5.39588E+21,9.41271E+15,4.87152E+16
157711,8.17112E+18,8,1,11,0,2017,11,8,3,3,2,2,0,1,0,0,0,0,1,5.17099E+20,5.40512E+21,9.23284E+15,4.87988E+16
157712,8.17112E+18,8,1,11,0,2017,11,13,3,3,5,2,1,1,0,0,0,0,1,5.13038E+20,5.39942E+21,9.17737E+15,4.87476E+16
157713,8.17112E+18,8,1,11,0,2017,11,7,3,3,5,3,0,1,0,0,0,0,1,5.16789E+20,5.40519E+21,9.22862E+15,4.87995E+16
157714,8.17112E+18,8,1,11,0,2017,11,14,3,3,6,2,0,0,1,0,1,0,0,5.1532E+20,5.40401E+21,9.20857E+15,4.87889E+16
157715,8.17112E+18,8,1,11,0,2017,11,12,3,3,0,7,1,0,0,0,0,0,1,5.12997E+20,5.40294E+21,9.17691E+15,4.87793E+16
157716,8.17112E+18,8,4,37,104,2017,11,15,2,3,1,5,0,1,0,0,0,0,1,5.16478E+20,5.32575E+21,9.22127E+15,4.80848E+16
157717,8.17112E+18,8,4,36,64,2017,11,23,2,3,8,6,0,1,0,0,1,2,1,5.39944E+20,5.28742E+21,9.5328E+15,4.77389E+16
157718,8.17112E+18,8,4,26,62,2017,11,11,2,2,9,1,0,1,0,0,0,0,1,5.57254E+20,5.32194E+21,9.76824E+15,4.80482E+16
157719,8.17112E+18,8,4,21,0,2017,11,14,2,3,3,7,0,1,0,0,1,0,0,5.73252E+20,5.36141E+21,9.9897E+15,4.84016E+16
157720,8.17112E+18,8,4,25,33,2017,11,19,2,2,6,2,0,1,1,0,0,2,0,5.53526E+20,5.34835E+21,9.72155E+15,4.82861E+16
157721,8.17112E+18,8,4,15,61,2017,11,13,2,3,6,7,1,0,1,0,0,0,0,5.15042E+20,5.3706E+21,9.20357E+15,4.84884E+16
157722,8.17112E+18,8,4,15,61,2017,11,19,2,3,5,3,1,1,0,0,0,2,1,5.15911E+20,5.37054E+21,9.21534E+15,4.84878E+16
157723,8.17112E+18,8,4,15,78,2017,11,6,2,3,5,3,0,1,0,0,0,2,0,5.29294E+20,5.37137E+21,9.39651E+15,4.84947E+16
157724,8.17112E+18,8,3,35,75,2017,11,10,2,3,5,3,1,1,0,0,0,0,0,4.87919E+20,5.29046E+21,8.83877E+15,4.77674E+16
157725,8.17112E+18,8,3,26,74,2017,11,7,2,3,8,1,0,1,0,0,0,0,0,4.64019E+20,5.324E+21,8.51701E+15,4.80682E+16
157726,8.17112E+18,8,3,26,52,2017,11,12,2,2,6,4,0,0,1,0,1,0,1,4.48546E+20,5.32924E+21,8.30869E+15,4.81143E+16
157727,8.17112E+18,8,3,17,68,2017,11,7,2,3,6,6,0,0,1,0,1,1,0,4.35832E+20,5.38828E+21,8.12889E+15,4.86443E+16
157728,8.17112E+18,8,3,16,56,2017,11,18,2,3,5,6,0,1,0,0,0,2,1,4.21999E+20,5.32688E+21,7.95251E+15,4.80904E+16
157729,8.17112E+18,8,3,11,0,2017,11,16,2,3,0,2,0,1,0,0,1,2,0,4.14074E+20,5.3159E+21,7.84831E+15,4.79906E+16
157730,8.17112E+18,8,3,11,0,2017,11,7,2,3,6,3,0,1,1,0,0,0,0,4.13686E+20,5.31579E+21,7.84313E+15,4.79896E+16
157731,8.17112E+18,8,3,36,50,2017,11,6,2,3,5,3,0,1,0,1,0,2,0,4.00468E+20,5.27522E+21,7.67532E+15,4.76227E+16
157732,8.17112E+18,8,2,12,0,2017,11,18,2,3,5,3,1,1,0,0,0,2,1,4.59819E+20,5.42709E+21,8.4507E+15,4.89954E+16
157733,8.17112E+18,8,2,12,0,2017,11,11,2,3,6,7,0,0,1,0,1,0,0,4.56789E+20,5.42858E+21,8.40912E+15,4.90086E+16
157734,8.17112E+18,8,2,35,46,2017,11,17,2,3,8,7,0,1,0,0,0,2,0,4.80034E+20,5.38079E+21,8.72929E+15,4.85799E+16
157735,8.17112E+18,8,2,31,0,2017,11,6,2,3,5,2,0,1,0,1,0,2,0,4.80086E+20,5.41578E+21,8.72831E+15,4.88947E+16
157736,8.17112E+18,8,2,22,0,2017,11,17,2,3,3,6,0,1,0,1,0,2,1,4.64087E+20,5.47714E+21,8.50457E+15,4.94459E+16
157737,8.17112E+18,8,2,26,9,2017,11,17,2,3,2,2,0,1,0,0,0,2,1,4.65488E+20,5.47294E+21,8.52425E+15,4.94082E+16
157738,8.17112E+18,8,2,22,0,2017,11,14,2,3,1,6,0,1,0,0,1,0,1,4.61962E+20,5.48509E+21,8.47449E+15,4.95173E+16
157739,8.17112E+18,8,2,21,0,2017,11,16,2,3,3,5,1,1,0,0,0,2,1,4.76586E+20,5.47286E+21,8.67723E+15,4.94079E+16
157740,8.17112E+18,8,2,21,0,2017,11,7,2,3,0,1,0,1,0,0,1,2,1,4.75291E+20,5.47328E+21,8.65936E+15,4.94117E+16
157741,8.17112E+18,8,2,21,0,2017,11,10,2,3,0,1,1,0,0,0,0,0,0,4.81442E+20,5.47364E+21,8.74414E+15,4.94152E+16
157742,8.17112E+18,8,2,21,0,2017,11,6,2,3,6,4,0,1,1,0,0,2,0,4.74551E+20,5.47465E+21,8.64907E+15,4.9424E+16
157743,8.17112E+18,8,2,15,9,2017,11,16,2,3,5,3,0,1,0,1,0,2,1,4.69417E+20,5.44099E+21,8.58085E+15,4.9121E+16
157744,8.17112E+18,8,2,12,0,2017,11,11,2,3,0,7,1,0,0,0,0,0,0,4.52927E+20,5.42842E+21,8.35634E+15,4.90069E+16
157745,8.17112E+18,8,1,36,88,2017,11,15,2,3,2,6,0,1,0,0,0,0,0,5.7952E+20,5.4093E+21,1.00836E+16,4.88315E+16
157746,8.17112E+18,8,1,25,56,2017,11,16,2,3,6,4,0,1,1,0,0,0,0,5.10965E+20,5.43591E+21,9.15015E+15,4.9076E+16
157747,8.17112E+18,8,1,25,58,2017,11,13,2,3,5,3,0,1,0,0,0,0,0,5.08353E+20,5.44397E+21,9.11454E+15,4.91485E+16
157748,8.17112E+18,8,1,18,3,2017,11,17,2,2,5,2,1,1,0,0,0,2,1,5.11287E+20,5.41599E+21,9.15399E+15,4.88968E+16
157749,8.17112E+18,8,1,18,19,2017,11,9,2,3,6,4,0,0,1,0,1,0,0,5.04714E+20,5.40518E+21,9.06419E+15,4.87996E+16
157750,8.17112E+18,8,1,17,49,2017,11,6,2,3,2,6,0,1,0,0,0,2,0,5.56177E+20,5.39112E+21,9.76304E+15,4.86706E+16
157751,8.17112E+18,8,1,16,77,2017,11,14,2,3,5,3,0,1,0,0,0,0,0,5.16147E+20,5.39239E+21,9.21938E+15,4.86844E+16
157752,8.17112E+18,8,1,11,0,2017,11,12,2,3,3,7,0,1,0,1,0,0,0,5.08284E+20,5.40793E+21,9.11286E+15,4.88243E+16
157753,8.17112E+18,8,1,11,0,2017,11,16,2,3,2,5,0,1,0,0,0,0,0,5.12876E+20,5.4013E+21,9.17522E+15,4.87646E+16
157754,8.17112E+18,8,1,11,0,2017,11,12,2,3,6,2,0,0,1,0,1,0,0,5.14837E+20,5.40363E+21,9.20198E+15,4.87855E+16
157755,8.17112E+18,8,1,11,0,2017,11,15,2,3,5,3,1,1,0,0,0,0,0,5.1854E+20,5.40289E+21,9.25236E+15,4.87787E+16
157756,8.17112E+18,8,1,11,0,2017,11,10,2,3,0,7,0,1,0,0,1,0,0,5.1272E+20,5.40809E+21,9.1733E+15,4.88256E+16
157757,8.17112E+18,8,4,16,36,2017,11,16,1,3,0,1,1,0,0,0,0,0,0,4.95871E+20,5.36978E+21,8.94413E+15,4.84811E+16
157758,8.17112E+18,8,3,26,74,2017,11,12,1,3,2,6,0,1,0,0,0,0,0,4.60016E+20,5.32469E+21,8.46322E+15,4.80742E+16
157759,8.17112E+18,8,2,36,68,2017,11,19,1,3,1,5,0,1,0,0,1,2,0,4.86887E+20,5.41301E+21,8.82119E+15,4.88699E+16
157760,8.17112E+18,8,2,31,0,2017,11,6,1,3,1,6,0,1,0,0,0,2,1,4.80086E+20,5.41578E+21,8.72831E+15,4.88947E+16
157761,8.17112E+18,8,2,26,76,2017,11,17,1,3,0,1,0,1,0,0,1,2,0,4.75741E+20,5.46553E+21,8.66603E+15,4.9342E+16
157762,8.17112E+18,8,2,22,0,2017,11,1,1,3,5,7,0,1,0,0,0,2,1,4.62871E+20,5.48147E+21,8.48738E+15,4.94848E+16
157763,8.17112E+18,8,2,15,107,2017,11,14,1,2,0,1,0,0,0,1,0,0,0,4.62942E+20,5.45665E+21,8.49068E+15,4.92615E+16
157764,8.17112E+18,8,2,16,49,2017,11,18,1,3,0,1,1,0,0,0,0,2,0,4.39745E+20,5.40238E+21,8.17994E+15,4.87715E+16
157765,8.17112E+18,8,1,36,65,2017,11,13,1,3,6,4,0,1,1,0,0,0,1,5.58205E+20,5.40542E+21,9.79259E+15,4.87991E+16
157766,8.17112E+18,8,1,27,76,2017,11,2,1,3,8,1,0,1,0,0,0,2,1,5.5056E+20,5.44405E+21,9.6933E+15,4.91472E+16
157767,8.17112E+18,8,1,17,19,2017,11,19,1,3,6,4,0,1,1,0,0,1,1,5.52257E+20,5.39476E+21,9.71026E+15,4.87037E+16
157768,8.17112E+18,8,1,16,19,2017,11,4,1,3,1,5,0,1,0,0,0,2,0,5.24349E+20,5.39795E+21,9.33114E+15,4.87341E+16
157769,8.17112E+18,8,1,16,33,2017,11,17,1,3,6,2,0,0,1,0,1,2,0,5.33411E+20,5.38796E+21,9.45356E+15,4.86438E+16
157770,8.17112E+18,8,1,11,0,2017,11,14,1,3,6,3,0,1,1,0,0,0,0,5.16762E+20,5.40315E+21,9.22817E+15,4.87811E+16
157771,8.17112E+18,8,4,37,104,2017,11,11,7,2,6,4,0,1,1,0,0,0,1,5.17163E+20,5.3262E+21,9.23047E+15,4.80888E+16
157772,8.17112E+18,8,4,21,0,2017,11,19,7,3,2,6,0,1,0,0,0,2,0,5.70785E+20,5.36427E+21,9.95685E+15,4.84276E+16
157773,8.17112E+18,8,4,16,41,2017,11,19,7,3,2,6,1,0,0,0,0,2,1,5.06361E+20,5.37484E+21,9.08616E+15,4.85267E+16
157774,8.17112E+18,8,3,11,0,2017,11,15,7,2,5,3,0,1,0,0,0,0,0,4.12221E+20,5.31744E+21,7.82317E+15,4.80042E+16
157775,8.17112E+18,8,2,31,0,2017,11,21,7,3,5,2,0,1,0,0,0,2,0,4.78761E+20,5.41599E+21,8.71023E+15,4.88965E+16
157776,8.17112E+18,8,2,22,0,2017,11,5,7,3,0,7,0,1,0,0,0,2,0,4.62498E+20,5.4861E+21,8.48179E+15,4.95264E+16
157777,8.17112E+18,8,2,21,0,2017,11,6,7,3,5,3,1,1,0,0,0,2,0,4.76493E+20,5.47112E+21,8.67607E+15,4.93923E+16
157778,8.17112E+18,8,2,26,12,2017,11,0,7,3,1,1,0,1,0,0,0,2,1,4.75956E+20,5.47789E+21,8.66825E+15,4.94531E+16
157779,8.17112E+18,8,2,15,9,2017,11,11,7,3,6,4,0,0,1,0,1,0,0,4.70358E+20,5.4414E+21,8.59372E+15,4.91247E+16
157780,8.17112E+18,8,2,12,0,2017,11,12,7,2,9,1,1,0,0,0,0,0,0,4.61111E+20,5.42232E+21,8.46882E+15,4.89526E+16
157781,8.17112E+18,8,1,21,0,2017,11,16,7,3,5,3,0,1,1,0,0,1,0,5.16136E+20,5.44323E+21,9.22124E+15,4.91417E+16
157782,8.17112E+18,8,1,16,35,2017,11,18,7,3,5,3,0,1,0,0,0,2,0,5.27129E+20,5.39219E+21,9.36857E+15,4.86822E+16
157783,8.17112E+18,8,1,11,0,2017,11,15,7,3,5,2,0,1,0,0,0,0,0,5.14904E+20,5.40938E+21,9.20311E+15,4.88372E+16
157784,8.17112E+18,8,1,11,0,2017,11,12,7,3,0,7,1,0,0,0,0,0,0,5.17169E+20,5.40617E+21,9.23383E+15,4.88083E+16
157785,8.17112E+18,8,1,11,0,2017,11,13,7,3,0,5,0,1,0,0,1,0,0,5.15273E+20,5.40356E+21,9.20792E+15,4.87849E+16
157786,8.17112E+18,8,4,37,100,2017,11,16,6,3,5,3,1,1,0,0,0,0,1,5.37364E+20,5.31883E+21,9.5011E+15,4.80217E+16
157787,8.17112E+18,8,4,35,59,2017,11,15,6,3,5,2,1,1,0,0,0,0,0,5.14068E+20,5.28914E+21,9.18771E+15,4.77555E+16
157788,8.17112E+18,8,4,35,34,2017,11,12,6,3,6,4,0,1,1,0,0,0,0,5.29747E+20,5.28534E+21,9.39664E+15,4.77207E+16
157789,8.17112E+18,8,4,26,21,2017,11,12,6,3,6,4,0,1,1,0,0,0,1,5.59465E+20,5.32837E+21,9.7988E+15,4.81058E+16
157790,8.17112E+18,8,4,26,100,2017,11,20,6,2,4,1,0,1,0,1,0,2,0,5.69448E+20,5.31569E+21,9.93083E+15,4.79907E+16
157791,8.17112E+18,8,4,21,0,2017,11,13,6,3,3,2,0,1,0,0,1,0,0,5.73256E+20,5.36141E+21,9.98975E+15,4.84016E+16
157792,8.17112E+18,8,4,17,13,2017,11,14,6,3,5,3,0,1,0,0,0,0,1,5.07519E+20,5.35258E+21,9.10144E+15,4.83264E+16
157793,8.17112E+18,8,4,17,2,2017,11,7,6,3,6,4,0,1,1,0,0,1,0,4.88573E+20,5.3461E+21,8.84602E+15,4.8268E+16
157794,8.17112E+18,8,4,17,2,2017,11,11,6,3,5,3,1,1,0,0,0,0,1,4.88796E+20,5.34594E+21,8.84902E+15,4.82666E+16
157795,8.17112E+18,8,4,16,41,2017,11,14,6,3,5,3,0,1,0,1,0,0,1,5.03497E+20,5.37417E+21,9.04735E+15,4.85207E+16
157796,8.17112E+18,8,3,36,69,2017,11,19,6,2,1,5,0,1,0,0,0,2,0,4.08712E+20,5.26869E+21,7.78638E+15,4.75652E+16
157797,8.17112E+18,8,3,35,75,2017,11,9,6,3,0,2,0,0,0,1,1,0,0,4.89085E+20,5.28893E+21,8.85437E+15,4.77537E+16
157798,8.17112E+18,8,2,37,28,2017,11,18,6,2,4,6,0,1,0,0,0,2,1,4.59205E+20,5.36924E+21,8.44804E+15,4.84749E+16
157799,8.17112E+18,8,3,17,97,2017,11,21,6,3,4,5,1,0,0,0,0,2,0,4.25029E+20,5.36475E+21,7.98648E+15,4.84315E+16
157800,8.17112E+18,8,3,15,108,2017,11,18,6,3,5,3,0,1,0,0,0,0,0,4.04656E+20,5.30396E+21,7.72475E+15,4.78819E+16
157801,8.17112E+18,8,3,11,0,2017,11,12,6,3,5,1,1,0,0,0,0,0,0,4.16697E+20,5.31527E+21,7.88359E+15,4.79853E+16
157802,8.17112E+18,8,3,36,91,2017,11,13,6,2,8,3,0,0,0,1,0,0,0,3.9566E+20,5.27193E+21,7.61214E+15,4.75923E+16
157803,8.17112E+18,8,2,12,0,2017,11,11,6,3,5,7,0,1,0,0,1,0,0,4.54814E+20,5.43292E+21,8.38163E+15,4.90475E+16
157804,8.17112E+18,8,2,12,0,2017,11,10,6,3,5,2,0,1,0,0,0,0,1,4.5667E+20,5.42851E+21,8.40749E+15,4.9008E+16
157805,8.17112E+18,8,2,37,19,2017,11,11,6,3,4,6,0,1,0,0,0,0,1,4.60571E+20,5.36831E+21,8.4666E+15,4.84667E+16
157806,8.17112E+18,8,2,36,50,2017,11,14,6,3,0,3,1,1,0,0,0,0,0,4.87541E+20,5.42267E+21,8.82981E+15,4.89568E+16