OBJECTID,UIDENTSTLA,ULAND,UREGBEZ,UKREIS,UGEMEINDE,UJAHR,UMONAT,USTUNDE,UWOCHENTAG,UKATEGORIE,UART,UTYP1,IstRad,IstPKW,IstFuss,IstKrad,IstSonstig,LICHT,STRZUSTAND,LINREFX,LINREFY,XGCSWGS84,YGCSWGS84
157807,8.17112E+18,8,2,22,0,2017,11,13,6,3,8,7,1,0,0,0,0,0,1,4.63565E+20,5.486E+21,8.49654E+15,4.95255E+16
157808,8.17112E+18,8,2,22,0,2017,11,16,6,3,2,6,0,1,0,0,0,1,0,4.62253E+20,5.48064E+21,8.47893E+15,4.94773E+16
157809,8.17112E+18,8,2,26,36,2017,11,12,6,3,5,3,0,1,0,0,0,0,0,4.68683E+20,5.48028E+21,8.56772E+15,4.94743E+16
157810,8.17112E+18,8,2,22,0,2017,11,7,6,3,5,2,0,0,0,0,1,0,0,4.61871E+20,5.48229E+21,8.4735E+15,4.9492E+16
157811,8.17112E+18,8,2,21,0,2017,11,8,6,2,5,3,1,0,0,1,0,0,0,4.78102E+20,5.47297E+21,8.69813E+15,4.9409E+16
157812,8.17112E+18,8,2,16,43,2017,11,6,6,3,2,7,0,1,0,0,0,2,1,4.4207E+20,5.41146E+21,8.2103E+15,4.88534E+16
157813,8.17112E+18,8,2,16,9,2017,11,19,6,3,2,6,0,1,0,0,0,2,0,4.46421E+20,5.4209E+21,8.26837E+15,4.89387E+16
157814,8.17112E+18,8,2,15,106,2017,11,9,6,3,0,7,0,1,0,0,0,0,0,4.64933E+20,5.45264E+21,8.51839E+15,4.92255E+16
157815,8.17112E+18,8,2,12,0,2017,11,18,6,3,2,6,0,1,0,0,0,2,0,4.56863E+20,5.42832E+21,8.41016E+15,4.90063E+16
157816,8.17112E+18,8,2,12,0,2017,11,8,6,3,0,1,1,0,0,0,0,0,1,4.56871E+20,5.42812E+21,8.41029E+15,4.90044E+16
157817,8.17112E+18,8,1,36,87,2017,11,17,6,3,0,7,1,0,0,0,1,2,0,6.05695E+20,5.40902E+21,1.044E+16,4.88251E+16
157818,8.17112E+18,8,1,21,0,2017,11,21,6,3,5,3,0,1,0,0,0,2,0,5.15275E+20,5.44316E+21,9.20944E+15,4.91411E+16
157819,8.17112E+18,8,1,18,46,2017,11,14,6,3,6,7,0,1,1,0,0,0,0,5.13515E+20,5.41239E+21,9.18428E+15,4.88643E+16
157820,8.17112E+18,8,1,18,3,2017,11,16,6,3,5,3,0,1,0,0,0,0,1,5.09852E+20,5.41671E+21,9.13443E+15,4.89032E+16
157821,8.17112E+18,8,4,21,0,2017,11,5,6,2,4,2,1,1,0,0,0,2,0,5.72089E+20,5.36193E+21,9.97408E+15,4.84064E+16
157822,8.17112E+18,8,1,16,19,2017,11,5,6,3,4,2,0,1,0,1,0,2,1,5.23571E+20,5.39774E+21,9.32055E+15,4.87323E+16
157823,8.17112E+18,8,1,15,45,2017,11,22,6,3,1,7,0,1,0,0,0,2,1,4.98209E+20,5.39615E+21,8.97566E+15,4.87184E+16
157824,8.17112E+18,8,1,11,0,2017,11,18,6,3,5,3,0,1,0,1,0,2,0,5.18525E+20,5.40289E+21,9.25216E+15,4.87787E+16
157825,8.17112E+18,8,1,11,0,2017,11,16,6,2,6,4,0,1,1,0,0,2,0,5.14265E+20,5.40388E+21,9.19421E+15,4.87878E+16
157826,8.17112E+18,8,1,11,0,2017,11,11,6,3,5,2,1,1,0,0,0,0,1,5.12975E+20,5.40122E+21,9.17656E+15,4.87639E+16
157827,8.17112E+18,8,1,11,0,2017,11,13,6,3,2,6,0,1,0,0,1,0,0,5.13189E+20,5.40673E+21,9.17965E+15,4.88134E+16
157828,8.17112E+18,8,4,35,16,2017,11,12,5,3,5,3,0,1,0,1,0,0,0,5.34873E+20,5.27863E+21,9.46446E+15,4.76602E+16
157829,8.17112E+18,8,4,15,87,2017,11,7,5,3,6,4,0,1,1,0,0,1,0,5.13446E+20,5.38197E+21,9.18235E+15,4.85907E+16
157830,8.17112E+18,8,3,35,63,2017,11,6,5,3,5,2,0,1,0,0,0,2,0,4.9757E+20,5.28735E+21,8.96758E+15,4.77395E+16
157831,8.17112E+18,8,3,26,74,2017,11,17,5,3,5,3,0,1,0,0,0,2,0,4.64933E+20,5.32312E+21,8.52935E+15,4.80604E+16
157832,8.17112E+18,8,3,26,5,2017,11,6,5,2,6,4,0,1,1,0,0,1,1,4.67929E+20,5.30112E+21,8.57121E+15,4.78626E+16
157833,8.17112E+18,8,3,11,0,2017,11,9,5,3,4,6,1,0,0,0,0,0,0,4.13198E+20,5.31778E+21,7.83619E+15,4.80074E+16
157834,8.17112E+18,8,2,12,0,2017,11,20,5,3,1,6,1,1,0,0,0,2,0,4.53936E+20,5.42868E+21,8.37009E+15,4.90093E+16
157835,8.17112E+18,8,2,12,0,2017,11,18,5,3,5,3,1,1,0,0,0,2,0,4.55374E+20,5.42877E+21,8.38976E+15,4.90102E+16
157836,8.17112E+18,8,2,15,99,2017,11,20,5,2,5,2,0,1,0,1,0,2,0,4.63781E+20,5.44813E+21,8.50298E+15,4.91849E+16
157837,8.17112E+18,8,2,12,0,2017,11,15,5,2,5,3,1,1,0,0,0,0,0,4.57865E+20,5.43039E+21,8.42365E+15,4.90249E+16
157838,8.17112E+18,8,2,12,0,2017,11,16,5,3,2,2,0,1,0,0,0,1,0,4.58391E+20,5.43145E+21,8.43072E+15,4.90346E+16
157839,8.17112E+18,8,2,37,40,2017,11,17,5,3,6,4,0,1,1,0,0,0,0,4.77253E+20,5.36586E+21,8.69241E+15,4.84455E+16
157840,8.17112E+18,8,2,22,0,2017,11,7,5,3,6,7,1,0,1,0,0,1,0,4.65453E+20,5.47604E+21,8.5235E+15,4.9436E+16
157841,8.17112E+18,8,2,21,0,2017,11,18,5,3,1,5,1,1,0,0,0,2,0,4.77689E+20,5.47218E+21,8.69248E+15,4.94019E+16
157842,8.17112E+18,8,2,15,17,2017,11,13,5,3,0,7,0,1,0,1,0,0,0,4.56165E+20,5.42129E+21,8.40137E+15,4.89429E+16
157843,8.17112E+18,8,2,12,0,2017,11,12,5,3,5,2,1,1,0,0,0,0,0,4.54269E+20,5.42978E+21,8.37453E+15,4.90192E+16
157844,8.17112E+18,8,2,11,0,2017,11,14,5,3,0,1,0,0,0,1,0,0,0,4.43923E+20,5.40137E+21,8.23694E+15,4.87628E+16
157845,8.17112E+18,8,1,28,131,2017,11,16,5,2,5,3,0,1,0,0,0,1,0,5.35843E+20,5.51202E+21,9.49766E+15,4.97596E+16
157846,8.17112E+18,8,1,25,98,2017,11,6,5,3,6,7,0,1,1,0,0,2,0,5.23424E+20,5.43695E+21,9.3208E+15,4.9085E+16
157847,8.17112E+18,8,1,21,0,2017,11,18,5,3,6,4,0,1,1,0,0,2,0,5.13954E+20,5.44227E+21,9.19129E+15,4.91331E+16
157848,8.17112E+18,8,1,16,33,2017,11,22,5,3,5,3,1,0,0,0,1,2,0,5.31224E+20,5.38935E+21,9.42399E+15,4.86564E+16
157849,8.17112E+18,8,1,15,46,2017,11,20,5,3,1,5,0,1,0,0,0,2,0,5.08878E+20,5.39034E+21,9.12058E+15,4.8666E+16
157850,8.17112E+18,8,1,11,0,2017,11,22,5,3,0,3,0,1,0,0,1,2,0,5.12648E+20,5.39867E+21,9.17203E+15,4.87409E+16
157851,8.17112E+18,8,1,11,0,2017,11,17,5,3,0,5,0,1,0,0,1,2,0,5.12177E+20,5.40311E+21,9.16576E+15,4.87808E+16
157852,8.17112E+18,8,1,11,0,2017,11,12,5,3,3,6,0,1,0,1,0,0,0,5.13377E+20,5.40333E+21,9.1821E+15,4.87828E+16
157853,8.17112E+18,8,4,37,31,2017,11,13,4,3,5,2,0,1,0,1,0,0,0,5.1531E+20,5.34343E+21,9.20621E+15,4.82439E+16
157854,8.17112E+18,8,4,15,59,2017,11,9,4,3,2,6,0,1,0,0,1,0,0,5.16719E+20,5.37008E+21,9.22626E+15,4.84836E+16
157855,8.17112E+18,8,4,15,61,2017,11,7,4,3,6,2,0,1,1,0,0,0,0,5.15464E+20,5.37127E+21,9.20932E+15,4.84944E+16
157856,8.17112E+18,8,3,36,91,2017,11,13,4,3,3,6,1,0,0,0,0,0,0,3.96179E+20,5.27417E+21,7.61851E+15,4.76126E+16
157857,8.17112E+18,8,3,17,31,2017,11,5,4,3,9,1,0,1,0,0,0,2,0,4.13529E+20,5.35955E+21,7.83212E+15,4.83832E+16
157858,8.17112E+18,8,3,17,57,2017,11,7,4,2,5,3,1,1,0,0,0,0,1,4.12761E+20,5.38007E+21,7.81746E+15,4.85677E+16
157859,8.17112E+18,8,3,15,113,2017,11,15,4,3,6,5,0,1,1,0,0,0,0,4.41137E+20,5.30672E+21,8.21225E+15,4.79111E+16
157860,8.17112E+18,8,3,11,0,2017,11,12,4,2,2,1,0,1,0,1,0,0,0,4.15396E+20,5.31565E+21,7.86608E+15,4.79886E+16
157861,8.17113E+18,8,3,11,0,2017,11,17,5,3,5,3,1,1,0,0,0,2,1,4.12208E+20,5.3148E+21,7.82353E+15,4.79805E+16
157862,8.17113E+18,8,3,15,73,2017,11,11,5,3,6,4,1,0,1,0,0,0,1,4.12349E+20,5.31337E+21,7.82571E+15,4.79676E+16
157863,8.17113E+18,8,3,11,0,2017,11,10,5,3,5,3,1,1,0,0,0,0,0,4.14134E+20,5.31969E+21,7.84836E+15,4.80247E+16
157864,8.17113E+18,8,2,12,0,2017,11,8,5,3,6,4,0,1,1,0,0,0,1,4.52138E+20,5.43048E+21,8.34531E+15,4.90253E+16
157865,8.17113E+18,8,2,12,0,2017,11,16,5,3,5,3,1,1,0,0,0,0,1,4.52838E+20,5.42802E+21,8.35516E+15,4.90032E+16
157866,8.17113E+18,8,2,36,76,2017,11,19,5,3,5,3,1,1,0,0,0,2,0,4.71525E+20,5.42386E+21,8.61095E+15,4.8967E+16
157867,8.17113E+18,8,2,26,96,2017,11,18,5,2,6,3,0,1,1,0,0,2,1,4.76245E+20,5.48868E+21,8.67159E+15,4.95502E+16
157868,8.17113E+18,8,2,22,0,2017,11,8,5,3,5,3,0,1,0,0,0,0,0,4.61284E+20,5.48185E+21,8.46544E+15,4.94881E+16
157869,8.17113E+18,8,2,22,0,2017,11,16,5,2,5,3,0,1,0,0,0,2,0,4.64294E+20,5.48421E+21,8.50679E+15,4.95095E+16
157870,8.17113E+18,8,2,22,0,2017,11,18,5,2,6,2,0,1,1,0,0,2,1,4.66644E+20,5.48142E+21,8.53947E+15,4.94845E+16
157871,8.17113E+18,8,2,21,0,2017,11,17,5,3,3,2,1,1,0,0,0,2,1,4.76087E+20,5.47298E+21,8.67036E+15,4.9409E+16
157872,8.17113E+18,8,2,21,0,2017,11,6,5,3,3,6,0,1,0,1,0,2,1,4.76529E+20,5.47383E+21,8.67639E+15,4.94167E+16
157873,8.17113E+18,8,2,16,43,2017,11,19,5,3,5,2,1,1,0,0,0,2,1,4.41891E+20,5.41298E+21,8.20764E+15,4.88671E+16
157874,8.17113E+18,8,2,16,43,2017,11,7,5,3,5,3,0,1,0,0,0,1,1,4.41339E+20,5.41319E+21,8.20009E+15,4.88689E+16
157875,8.17113E+18,8,1,18,78,2017,11,23,5,2,0,7,1,0,0,0,0,2,2,5.13998E+20,5.42041E+21,9.19113E+15,4.89364E+16
157876,8.17113E+18,8,1,36,19,2017,11,7,5,3,2,6,0,1,0,0,0,1,2,5.82944E+20,5.42333E+21,1.0133E+16,4.89573E+16
157877,8.17113E+18,8,1,36,88,2017,11,19,5,3,5,3,0,1,0,0,0,2,1,5.8058E+20,5.41108E+21,1.00983E+16,4.88474E+16
157878,8.17113E+18,8,1,27,76,2017,11,15,5,3,5,3,0,1,0,0,0,0,1,5.51638E+20,5.43938E+21,9.70749E+15,4.91051E+16
157879,8.17113E+18,8,1,21,0,2017,11,8,5,2,3,6,0,1,0,0,1,0,1,5.13961E+20,5.44327E+21,9.19142E+15,4.91421E+16
157880,8.17113E+18,8,1,21,0,2017,11,18,5,2,6,4,0,1,1,0,0,2,1,5.1483E+20,5.44314E+21,9.20333E+15,4.91409E+16
157881,8.17113E+18,8,1,21,0,2017,11,13,5,3,2,6,0,1,0,1,0,0,0,5.14349E+20,5.44441E+21,9.19678E+15,4.91523E+16
157882,8.17113E+18,8,1,21,0,2017,11,17,5,3,2,6,0,1,0,0,0,2,1,5.16298E+20,5.44373E+21,9.22348E+15,4.91461E+16
157883,8.17113E+18,8,1,21,0,2017,11,12,5,3,5,3,0,1,0,0,0,0,1,5.1702E+20,5.4424E+21,9.23333E+15,4.91342E+16
157884,8.17113E+18,8,1,19,20,2017,11,21,5,3,5,3,1,1,0,0,0,2,1,5.20016E+20,5.40681E+21,9.27264E+15,4.88139E+16
157885,8.17113E+18,8,1,18,46,2017,11,7,5,3,5,2,1,1,0,0,0,1,1,5.13563E+20,5.41133E+21,9.1849E+15,4.88548E+16
157886,8.17113E+18,8,1,18,51,2017,11,17,5,3,5,2,0,1,0,0,0,1,1,5.0934E+20,5.41528E+21,9.12741E+15,4.88904E+16
157887,8.17113E+18,8,1,18,19,2017,11,14,5,1,7,7,1,0,0,0,0,0,1,5.05083E+20,5.4054E+21,9.06922E+15,4.88015E+16
157888,8.17113E+18,8,1,18,46,2017,11,11,5,3,5,3,0,1,0,0,0,0,1,5.13063E+20,5.41382E+21,9.17816E+15,4.88772E+16
157889,8.17113E+18,8,1,16,19,2017,11,17,5,2,6,4,0,1,1,0,0,2,1,5.22927E+20,5.39929E+21,9.31188E+15,4.87462E+16
157890,8.17113E+18,8,1,15,45,2017,11,17,5,3,5,3,0,1,0,0,0,1,1,4.98669E+20,5.39569E+21,8.98191E+15,4.87142E+16
157891,8.17113E+18,8,1,11,0,2017,11,11,5,3,3,7,0,1,0,0,1,0,0,5.07711E+20,5.40782E+21,9.10505E+15,4.88233E+16
157892,8.17113E+18,8,1,11,0,2017,11,7,5,3,5,3,1,1,0,0,0,2,1,5.1185E+20,5.40146E+21,9.16126E+15,4.8766E+16
157893,8.17113E+18,8,1,11,0,2017,11,7,5,3,6,2,0,1,1,0,0,1,1,5.14894E+20,5.40659E+21,9.20287E+15,4.88121E+16
157894,8.17113E+18,8,1,11,0,2017,11,7,5,3,5,2,1,0,0,0,1,2,1,5.11593E+20,5.40924E+21,9.15798E+15,4.88361E+16
157895,8.17113E+18,8,1,11,0,2017,11,16,5,3,5,3,0,1,0,0,0,1,0,5.12744E+20,5.40447E+21,9.17352E+15,4.87931E+16
157896,8.17113E+18,8,4,26,21,2017,11,17,4,3,6,4,0,1,1,0,0,2,1,5.59165E+20,5.3278E+21,9.7947E+15,4.81008E+16
157897,8.17113E+18,8,4,25,81,2017,11,16,4,2,6,4,0,1,1,0,0,2,1,5.48012E+20,5.34294E+21,9.64661E+15,4.82379E+16
157898,8.17113E+18,8,4,21,0,2017,11,9,4,3,0,1,1,0,0,0,0,0,1,5.71406E+20,5.36108E+21,9.96471E+15,4.83988E+16
157899,8.17113E+18,8,4,17,2,2017,11,13,4,3,2,6,0,1,0,0,0,0,0,4.89147E+20,5.34697E+21,8.85372E+15,4.82758E+16
157900,8.17113E+18,8,3,36,14,2017,11,9,4,3,5,3,0,1,0,0,0,0,1,3.9271E+20,5.27895E+21,7.5712E+15,4.76551E+16
157901,8.17113E+18,8,3,36,81,2017,11,13,4,3,5,3,1,0,0,0,1,0,1,4.1223E+20,5.278E+21,7.83128E+15,4.76495E+16
157902,8.17113E+18,8,4,36,64,2017,11,11,4,3,5,3,0,1,0,0,1,0,0,5.46723E+20,5.29348E+21,9.62386E+15,4.7793E+16
157903,8.17113E+18,8,3,26,74,2017,11,16,4,3,2,6,0,1,0,0,0,1,0,4.64622E+20,5.32375E+21,8.52513E+15,4.80661E+16
157904,8.17113E+18,8,3,26,6,2017,11,5,4,3,5,3,0,1,0,0,0,2,1,4.58761E+20,5.30852E+21,8.44793E+15,4.79286E+16
157905,8.17113E+18,8,3,17,96,2017,11,23,4,3,1,5,0,1,0,0,1,2,1,4.20858E+20,5.36939E+21,7.92922E+15,4.84727E+16
157906,8.17113E+18,8,3,15,115,2017,11,5,4,3,0,6,0,1,0,1,1,2,0,4.07959E+20,5.32156E+21,7.76515E+15,4.80407E+16
157907,8.17113E+18,8,3,11,0,2017,11,5,4,3,5,3,1,0,0,0,1,2,1,4.146E+20,5.31782E+21,7.85497E+15,4.8008E+16
157908,8.17113E+18,8,3,11,0,2017,11,17,4,3,2,1,0,1,0,0,0,2,1,4.10236E+20,5.31578E+21,7.7969E+15,4.7989E+16
157909,8.17113E+18,8,3,11,0,2017,11,13,4,3,5,3,1,1,0,0,1,0,1,4.14754E+20,5.31579E+21,7.85745E+15,4.79898E+16
157910,8.17113E+18,8,3,11,0,2017,11,9,4,2,0,7,1,0,0,0,0,0,1,4.11841E+20,5.31718E+21,7.81812E+15,4.80019E+16
157911,8.17113E+18,8,2,37,40,2017,11,11,4,3,3,6,0,1,0,0,1,0,1,4.75671E+20,5.36818E+21,8.67087E+15,4.84663E+16
157912,8.17113E+18,8,2,26,32,2017,11,6,4,3,1,6,0,1,0,0,0,2,1,4.66026E+20,5.46557E+21,8.5323E+15,4.93419E+16
157913,8.17113E+18,8,2,22,0,2017,11,11,4,3,1,6,0,1,0,0,0,0,1,4.62071E+20,5.48147E+21,8.47633E+15,4.94847E+16
157914,8.17113E+18,8,2,22,0,2017,11,16,4,3,1,7,0,0,1,0,1,1,0,4.61731E+20,5.48317E+21,8.47147E+15,4.94999E+16
157915,8.17113E+18,8,2,22,0,2017,11,7,4,2,5,3,0,1,0,0,1,0,1,4.6168E+20,5.48237E+21,8.47085E+15,4.94928E+16
157916,8.17113E+18,8,2,11,0,2017,11,7,4,3,6,4,0,1,1,0,0,2,1,4.44238E+20,5.40087E+21,8.24128E+15,4.87583E+16
157917,8.17113E+18,8,1,15,3,2017,11,19,4,3,5,3,1,1,0,0,0,2,1,5.0071E+20,5.39339E+21,9.00964E+15,4.86936E+16
157918,8.17113E+18,8,1,35,16,2017,11,10,4,2,0,1,0,0,0,1,0,0,0,5.91226E+20,5.3871E+21,1.02381E+16,4.86303E+16
157919,8.17113E+18,8,4,25,72,2017,11,11,4,2,6,4,0,0,1,0,1,0,0,5.82974E+20,5.37165E+21,1.01231E+16,4.84925E+16
157920,8.17113E+18,8,1,21,0,2017,11,13,4,3,2,6,0,1,0,0,0,0,0,5.1395E+20,5.44317E+21,9.19126E+15,4.91412E+16
157921,8.17113E+18,8,1,19,20,2017,11,15,4,3,5,3,0,1,0,0,0,0,1,5.19395E+20,5.40687E+21,9.26419E+15,4.88145E+16
157922,8.17113E+18,8,1,19,67,2017,11,7,4,3,0,7,0,0,0,1,1,0,1,5.3868E+20,5.40634E+21,9.52681E+15,4.88088E+16
157923,8.17113E+18,8,1,19,44,2017,11,11,4,3,6,7,0,1,1,0,0,0,0,5.43498E+20,5.42712E+21,9.59465E+15,4.89954E+16
157924,8.17113E+18,8,1,18,3,2017,11,17,4,3,2,6,0,1,0,0,0,2,0,5.11138E+20,5.41603E+21,9.15197E+15,4.88971E+16
157925,8.17113E+18,8,1,17,42,2017,11,16,4,3,0,7,0,0,0,0,1,1,1,5.55015E+20,5.39519E+21,9.7478E+15,4.87073E+16
157926,8.17113E+18,8,1,16,33,2017,11,12,4,3,6,7,0,1,1,0,0,0,1,5.35484E+20,5.38503E+21,9.48145E+15,4.86174E+16
157927,8.17113E+18,8,1,16,19,2017,11,9,4,3,5,3,1,1,0,0,0,0,1,5.2339E+20,5.39839E+21,9.31813E+15,4.87381E+16
157928,8.17113E+18,8,1,16,71,2017,11,14,4,3,5,2,1,1,0,0,0,0,1,5.27907E+20,5.39111E+21,9.37906E+15,4.86725E+16
157929,8.17113E+18,8,1,15,44,2017,11,9,4,3,2,6,0,1,0,0,0,0,0,5.04343E+20,5.38986E+21,9.05898E+15,4.86618E+16
157930,8.17113E+18,8,1,15,3,2017,11,7,4,3,5,7,1,0,0,0,1,0,0,5.0148E+20,5.39304E+21,9.02011E+15,4.86904E+16
157931,8.17113E+18,8,1,15,46,2017,11,17,4,3,5,2,0,1,0,0,0,2,1,5.09253E+20,5.39022E+21,9.12566E+15,4.8665E+16
157932,8.17113E+18,8,1,15,3,2017,11,6,4,3,5,3,1,1,0,0,0,2,1,4.9842E+20,5.39239E+21,8.97853E+15,4.86846E+16
157933,8.17113E+18,8,1,11,0,2017,11,15,4,3,8,1,0,1,0,0,0,0,1,5.16875E+20,5.41014E+21,9.22999E+15,4.8844E+16
157934,8.17113E+18,8,1,11,0,2017,11,17,4,2,1,7,0,1,0,1,0,2,1,5.11236E+20,5.40169E+21,9.15291E+15,4.87681E+16
157935,8.17113E+18,8,1,11,0,2017,11,22,4,3,5,3,1,1,0,0,0,2,0,5.12821E+20,5.40874E+21,9.1747E+15,4.88315E+16
157936,8.17113E+18,8,1,11,0,2017,11,9,4,3,2,6,0,1,0,0,0,0,1,5.08337E+20,5.39693E+21,9.11337E+15,4.87253E+16
157937,8.17113E+18,8,1,11,0,2017,11,9,4,3,6,2,0,1,1,0,0,0,1,5.0907E+20,5.39699E+21,9.12334E+15,4.87258E+16
157938,8.17113E+18,8,1,11,0,2017,11,15,4,3,5,3,0,1,0,0,0,0,1,5.16961E+20,5.40595E+21,9.231E+15,4.88063E+16
157939,8.17113E+18,8,1,11,0,2017,11,10,4,3,6,2,0,1,1,0,0,0,0,5.0831E+20,5.40674E+21,9.11319E+15,4.88136E+16
157940,8.17113E+18,8,4,37,8,2017,11,21,3,3,9,1,0,1,0,0,0,2,1,5.20652E+20,5.32889E+21,9.27745E+15,4.81129E+16
157941,8.17113E+18,8,4,36,49,2017,11,12,3,2,4,2,0,1,1,0,0,0,1,5.77715E+20,5.28254E+21,1.00357E+16,4.76916E+16
157942,8.17113E+18,8,4,35,59,2017,11,17,3,3,4,6,0,1,0,0,0,2,1,5.13693E+20,5.28951E+21,9.18272E+15,4.77588E+16
157943,8.17113E+18,8,4,26,21,2017,11,11,3,3,6,2,0,1,1,0,0,0,1,5.58603E+20,5.32744E+21,9.78709E+15,4.80975E+16
157944,8.17113E+18,8,4,21,0,2017,11,16,3,3,2,6,0,1,0,0,0,1,1,5.70784E+20,5.36427E+21,9.95685E+15,4.84276E+16
157945,8.17113E+18,8,4,21,0,2017,11,23,3,3,5,3,0,1,0,0,1,2,1,5.7307E+20,5.36093E+21,9.98716E+15,4.83973E+16
157946,8.17113E+18,8,4,21,0,2017,11,10,3,3,5,3,0,1,0,0,0,0,1,5.74406E+20,5.36156E+21,1.00053E+16,4.84028E+16
157947,8.17113E+18,8,4,21,0,2017,11,12,3,3,1,5,0,1,0,0,1,0,0,5.72941E+20,5.36088E+21,9.98541E+15,4.83968E+16
157948,8.17113E+18,8,4,16,25,2017,11,17,3,3,6,4,0,1,1,0,0,2,1,5.04287E+20,5.36146E+21,9.05792E+15,4.84062E+16
157949,8.17113E+18,8,4,16,41,2017,11,18,3,3,6,7,0,1,1,0,0,2,1,5.05205E+20,5.3733E+21,9.07047E+15,4.85128E+16
157950,8.17113E+18,8,4,16,6,2017,11,19,3,2,5,3,0,1,0,0,0,2,1,4.97772E+20,5.35949E+21,8.9699E+15,4.83886E+16
157951,8.17113E+18,8,4,15,61,2017,11,16,3,3,5,3,1,1,0,0,0,1,1,5.12943E+20,5.37157E+21,9.1752E+15,4.84971E+16
157952,8.17113E+18,8,3,27,46,2017,11,16,3,3,6,4,0,1,1,0,0,1,1,4.79997E+20,5.32513E+21,8.73144E+15,4.80791E+16
157953,8.17113E+18,8,3,27,2,2017,11,13,3,3,5,3,0,1,0,0,0,0,1,4.78389E+20,5.3267E+21,8.70976E+15,4.80932E+16
157954,8.17113E+18,8,3,25,49,2017,11,17,3,3,2,6,0,1,0,0,0,2,1,4.724E+20,5.3347E+21,8.62882E+15,4.81649E+16
157955,8.17113E+18,8,3,27,50,2017,11,14,3,3,0,7,0,1,0,0,0,0,0,4.81442E+20,5.31146E+21,8.75143E+15,4.79562E+16
157956,8.17113E+18,8,3,17,47,2017,11,20,3,2,8,1,0,0,0,1,0,2,1,4.19465E+20,5.36389E+21,7.91144E+15,4.8423E+16
157957,8.17113E+18,8,3,17,65,2017,11,16,3,2,6,4,0,1,1,0,0,2,1,4.16263E+20,5.355E+21,7.86994E+15,4.83426E+16
157958,8.17113E+18,8,3,17,96,2017,11,17,3,2,6,4,0,1,1,0,0,2,1,4.20994E+20,5.36935E+21,7.93107E+15,4.84723E+16
157959,8.17113E+18,8,3,17,57,2017,11,7,3,2,6,4,0,1,1,0,1,2,1,4.14101E+20,5.3786E+21,7.83593E+15,4.85546E+16
157960,8.17113E+18,8,3,16,11,2017,11,12,3,3,1,6,0,1,0,0,0,0,1,4.13409E+20,5.33064E+21,7.83641E+15,4.81231E+16
157961,8.17113E+18,8,3,16,11,2017,11,15,3,3,6,4,0,1,1,0,0,0,1,4.14743E+20,5.33013E+21,7.85444E+15,4.81187E+16
157962,8.17113E+18,8,3,15,74,2017,11,17,3,3,6,4,0,1,1,0,0,2,1,3.96863E+20,5.29611E+21,7.62242E+15,4.78101E+16
157963,8.17113E+18,8,3,36,57,2017,11,19,3,2,4,6,0,1,0,0,0,2,1,4.07768E+20,5.27757E+21,7.77197E+15,4.7645E+16
157964,8.17113E+18,8,3,11,0,2017,11,13,3,3,1,6,0,1,0,0,0,0,1,4.12317E+20,5.31486E+21,7.82498E+15,4.7981E+16
157965,8.17113E+18,8,3,11,0,2017,11,11,3,3,2,6,0,1,0,0,0,0,1,4.13807E+20,5.31697E+21,7.84451E+15,4.80002E+16
157966,8.17113E+18,8,2,35,7,2017,11,17,3,3,6,4,0,1,1,0,0,2,1,4.84911E+20,5.39708E+21,8.79483E+15,4.87266E+16
157967,8.17113E+18,8,2,26,96,2017,11,16,3,3,6,7,0,1,1,0,0,0,1,4.7646E+20,5.48855E+21,8.67457E+15,4.95491E+16
157968,8.17113E+18,8,2,26,85,2017,11,17,3,3,5,2,0,1,0,0,0,2,0,4.90646E+20,5.45549E+21,8.87146E+15,4.92521E+16
157969,8.17113E+18,8,2,26,59,2017,11,13,3,2,8,1,0,0,0,0,1,0,1,4.64978E+20,5.46069E+21,8.5183E+15,4.9298E+16
157970,8.17113E+18,8,2,22,0,2017,11,12,3,2,6,4,0,1,1,0,0,0,0,4.68348E+20,5.47949E+21,8.56316E+15,4.94672E+16
157971,8.17113E+18,8,2,21,0,2017,11,20,3,3,4,2,0,1,0,0,0,2,0,4.76544E+20,5.47286E+21,8.67666E+15,4.9408E+16
157972,8.17113E+18,8,2,12,0,2017,11,13,3,3,5,3,1,1,0,0,0,0,1,4.56772E+20,5.42516E+21,8.40924E+15,4.89778E+16
157973,8.17113E+18,8,1,15,4,2017,11,18,3,2,6,4,0,1,1,0,0,2,1,4.88127E+20,5.37414E+21,8.83921E+15,4.85202E+16
157974,8.17113E+18,8,1,35,32,2017,11,21,3,3,0,7,0,1,0,0,0,2,1,5.79646E+20,5.39319E+21,1.00822E+16,4.86866E+16
157975,8.17113E+18,8,1,17,38,2017,11,13,3,2,6,7,0,1,1,0,0,0,1,5.47465E+20,5.3978E+21,9.64547E+15,4.87314E+16
157976,8.17113E+18,8,1,27,14,2017,11,14,3,3,5,7,0,1,0,0,1,0,1,5.79083E+20,5.44256E+21,1.00841E+16,4.91308E+16
157977,8.17113E+18,8,1,25,65,2017,11,6,3,3,4,7,0,1,0,0,0,2,1,5.14596E+20,5.44837E+21,9.20031E+15,4.91879E+16