OBJECTID,UIDENTSTLA,ULAND,UREGBEZ,UKREIS,UGEMEINDE,UJAHR,UMONAT,USTUNDE,UWOCHENTAG,UKATEGORIE,UART,UTYP1,IstRad,IstPKW,IstFuss,IstKrad,IstSonstig,LICHT,STRZUSTAND,LINREFX,LINREFY,XGCSWGS84,YGCSWGS84
158321,8.1712E+18,8,1,11,0,2017,12,23,7,3,4,7,0,1,0,0,0,2,0,5.16493E+20,5.40433E+21,9.22455E+15,4.87917E+16
158322,8.1712E+18,8,1,11,0,2017,12,3,7,3,6,4,0,1,1,0,0,2,2,5.1615E+20,5.40549E+21,9.21993E+15,4.88022E+16
158323,8.1712E+18,8,4,36,11,2017,12,20,6,3,2,6,0,1,0,0,0,2,0,5.48753E+20,5.29728E+21,9.65139E+15,4.7827E+16
158324,8.1712E+18,8,4,35,59,2017,12,12,6,3,5,3,1,1,0,0,0,0,0,5.12614E+20,5.2905E+21,9.16834E+15,4.77677E+16
158325,8.1712E+18,8,4,35,16,2017,12,16,6,3,6,7,0,1,1,0,0,1,0,5.36624E+20,5.28223E+21,9.48807E+15,4.76924E+16
158326,8.1712E+18,8,4,25,39,2017,12,11,6,3,2,7,0,1,0,0,0,0,1,5.66404E+20,5.35323E+21,9.8959E+15,4.83287E+16
158327,8.1712E+18,8,3,35,79,2017,12,15,6,3,6,7,0,1,1,0,0,0,0,5.00757E+20,5.29975E+21,9.01012E+15,4.78511E+16
158328,8.1712E+18,8,4,36,82,2017,12,8,6,2,6,4,1,0,1,0,0,0,0,5.47316E+20,5.29552E+21,9.632E+15,4.78113E+16
158329,8.1712E+18,8,3,27,50,2017,12,6,6,3,5,3,0,1,0,0,0,2,2,4.86125E+20,5.31424E+21,8.81406E+15,4.79813E+16
158330,8.1712E+18,8,3,17,151,2017,12,15,6,3,4,1,0,1,0,0,0,0,1,4.12397E+20,5.36786E+21,7.81509E+15,4.84577E+16
158331,8.1712E+18,8,3,17,96,2017,12,7,6,3,5,3,1,1,0,0,0,1,1,4.21733E+20,5.36833E+21,7.94126E+15,4.84632E+16
158332,8.1712E+18,8,3,17,65,2017,12,15,6,3,5,2,0,1,0,0,0,0,0,4.11315E+20,5.35253E+21,7.8037E+15,4.83198E+16
158333,8.1712E+18,8,3,17,57,2017,12,12,6,3,6,4,0,1,1,0,0,0,1,4.1285E+20,5.38046E+21,7.81859E+15,4.85712E+16
158334,8.1712E+18,8,3,15,6,2017,12,14,6,3,5,3,0,1,0,0,1,0,1,4.02121E+20,5.30778E+21,7.68999E+15,4.79158E+16
158335,8.1712E+18,8,3,11,0,2017,12,20,6,3,6,7,0,0,1,0,1,2,0,4.17514E+20,5.31549E+21,7.89448E+15,4.79874E+16
158336,8.1712E+18,8,3,11,0,2017,12,17,6,3,5,3,0,1,0,1,0,2,1,4.12977E+20,5.31795E+21,7.8332E+15,4.80089E+16
158337,8.1712E+18,8,3,11,0,2017,12,10,6,3,2,6,0,1,0,0,0,0,1,4.12229E+20,5.31745E+21,7.82327E+15,4.80043E+16
158338,8.1712E+18,8,3,11,0,2017,12,6,6,3,0,1,1,0,0,0,0,2,1,4.11969E+20,5.31591E+21,7.82009E+15,4.79904E+16
158339,8.1712E+18,8,3,11,0,2017,12,17,6,3,6,4,0,1,1,0,0,2,0,4.12289E+20,5.31485E+21,7.82461E+15,4.79809E+16
158340,8.1712E+18,8,3,11,0,2017,12,8,6,2,0,7,1,0,0,0,0,0,2,4.14911E+20,5.31879E+21,7.85894E+15,4.80168E+16
158341,8.1712E+18,8,3,11,0,2017,12,8,6,3,0,1,1,0,0,0,0,0,1,4.14842E+20,5.31664E+21,7.85845E+15,4.79974E+16
158342,8.1712E+18,8,2,15,106,2017,12,11,6,3,5,3,0,1,0,0,0,0,1,4.66814E+20,5.45425E+21,8.54409E+15,4.92401E+16
158343,8.1712E+18,8,2,12,0,2017,12,14,6,3,5,3,0,1,0,0,1,0,1,4.55524E+20,5.42876E+21,8.3918E+15,4.90102E+16
158344,8.1712E+18,8,2,26,107,2017,12,7,6,3,5,3,0,1,0,0,0,1,1,4.7483E+20,5.48288E+21,8.6524E+15,4.94981E+16
158345,8.1712E+18,8,2,26,84,2017,12,0,6,3,6,6,1,0,1,0,0,2,1,4.69093E+20,5.47041E+21,8.57415E+15,4.93856E+16
158346,8.1712E+18,8,2,22,0,2017,12,17,6,3,3,2,1,1,0,0,0,2,0,4.60565E+20,5.48765E+21,8.45492E+15,4.95401E+16
158347,8.1712E+18,8,2,22,0,2017,12,10,6,3,2,6,0,1,0,0,1,0,1,4.6274E+20,5.47943E+21,8.48576E+15,4.94664E+16
158348,8.1712E+18,8,2,22,0,2017,12,7,6,3,5,3,0,1,0,1,0,0,1,4.63052E+20,5.47909E+21,8.49011E+15,4.94633E+16
158349,8.1712E+18,8,2,22,0,2017,12,19,6,2,6,4,0,1,1,0,0,2,1,4.62729E+20,5.48196E+21,8.48537E+15,4.94891E+16
158350,8.1712E+18,8,2,22,0,2017,12,15,6,3,2,6,0,1,0,0,1,0,1,4.6414E+20,5.47827E+21,8.50519E+15,4.94561E+16
158351,8.1712E+18,8,2,26,84,2017,12,12,6,2,6,7,0,0,1,0,1,0,1,4.68481E+20,5.46958E+21,8.56577E+15,4.93781E+16
158352,8.1712E+18,8,2,21,0,2017,12,7,6,3,3,6,1,0,0,0,0,1,0,4.76552E+20,5.47307E+21,8.67675E+15,4.94098E+16
158353,8.1712E+18,8,2,12,0,2017,12,17,6,3,5,3,1,1,0,0,0,2,1,4.60239E+20,5.43075E+21,8.45608E+15,4.90284E+16
158354,8.1712E+18,8,2,15,17,2017,12,7,6,3,1,5,0,1,0,1,0,1,1,4.57098E+20,5.42055E+21,8.41419E+15,4.89364E+16
158355,8.1712E+18,8,2,12,0,2017,12,14,6,3,5,3,0,1,0,1,0,0,1,4.55885E+20,5.42761E+21,8.39686E+15,4.89998E+16
158356,8.1712E+18,8,2,11,0,2017,12,11,6,3,5,3,0,1,0,0,0,0,2,4.44855E+20,5.4013E+21,8.24963E+15,4.87622E+16
158357,8.1712E+18,8,1,27,76,2017,12,17,6,3,2,6,0,1,0,0,0,2,1,5.54156E+20,5.43931E+21,9.74197E+15,4.91042E+16
158358,8.1712E+18,8,1,19,84,2017,12,10,6,3,5,3,0,1,0,0,0,0,1,5.46523E+20,5.41396E+21,9.6345E+15,4.88768E+16
158359,8.1712E+18,8,1,19,20,2017,12,14,6,3,6,4,0,0,1,0,1,0,0,5.19359E+20,5.40906E+21,9.2638E+15,4.88342E+16
158360,8.1712E+18,8,1,18,48,2017,12,19,6,3,0,3,1,1,0,0,0,2,0,5.13749E+20,5.4153E+21,9.18756E+15,4.88905E+16
158361,8.1712E+18,8,1,16,71,2017,12,0,6,3,5,3,0,1,0,0,0,2,1,5.28121E+20,5.39123E+21,9.38198E+15,4.86735E+16
158362,8.1712E+18,8,1,16,33,2017,12,13,6,3,0,3,1,1,0,0,0,0,0,5.33432E+20,5.38752E+21,9.45382E+15,4.86399E+16
158363,8.1712E+18,8,1,16,78,2017,12,15,6,3,1,6,0,1,0,0,0,0,1,5.12301E+20,5.39285E+21,9.16714E+15,4.86886E+16
158364,8.1712E+18,8,1,16,19,2017,12,11,6,3,0,7,0,1,0,1,0,0,0,5.22321E+20,5.39837E+21,9.30358E+15,4.87379E+16
158365,8.1712E+18,8,1,16,33,2017,12,14,6,3,5,3,0,1,0,0,0,0,0,5.33044E+20,5.38814E+21,9.4486E+15,4.86454E+16
158366,8.1712E+18,8,1,15,45,2017,12,17,6,3,5,2,0,1,0,0,0,2,1,5.00869E+20,5.39692E+21,9.01181E+15,4.87253E+16
158367,8.1712E+18,8,1,15,3,2017,12,18,6,3,2,6,0,1,0,0,0,2,1,5.00795E+20,5.39168E+21,9.0108E+15,4.86782E+16
158368,8.1712E+18,8,1,11,0,2017,12,14,6,2,6,4,0,1,1,0,0,0,1,5.1605E+20,5.406E+21,9.21859E+15,4.88068E+16
158369,8.1712E+18,8,1,11,0,2017,12,16,6,3,5,3,0,1,0,0,0,1,0,5.13538E+20,5.40434E+21,9.18432E+15,4.87919E+16
158370,8.1712E+18,8,1,11,0,2017,12,9,6,3,6,4,0,1,1,0,0,0,1,5.16014E+20,5.40547E+21,9.21808E+15,4.8802E+16
158371,8.17113E+18,8,4,36,64,2017,11,7,5,3,2,6,0,1,0,0,0,1,1,5.47094E+20,5.29356E+21,9.62882E+15,4.77937E+16
158372,8.17113E+18,8,4,35,16,2017,11,16,5,3,4,6,1,0,0,0,0,0,0,5.3707E+20,5.28035E+21,9.49386E+15,4.76755E+16
158373,8.17113E+18,8,4,21,0,2017,11,17,5,3,6,4,0,1,1,0,0,2,1,5.71359E+20,5.36038E+21,9.96395E+15,4.83925E+16
158374,8.17113E+18,8,4,16,41,2017,11,9,5,3,3,2,0,1,0,1,0,0,1,5.03854E+20,5.37445E+21,9.0522E+15,4.85232E+16
158375,8.17113E+18,8,4,15,61,2017,11,7,5,3,5,2,1,1,0,0,0,2,1,5.16318E+20,5.37239E+21,9.22091E+15,4.85044E+16
158376,8.17113E+18,8,4,15,59,2017,11,20,5,3,5,3,0,1,0,1,0,2,1,5.1676E+20,5.36791E+21,9.22672E+15,4.84641E+16
158377,8.17113E+18,8,3,35,75,2017,11,14,5,3,5,3,1,1,0,0,0,0,0,4.8809E+20,5.28976E+21,8.84107E+15,4.77611E+16
158378,8.17113E+18,8,3,35,43,2017,11,0,5,3,0,1,1,0,0,0,0,2,1,5.11119E+20,5.28141E+21,9.14815E+15,4.7686E+16
158379,8.17113E+18,8,3,35,43,2017,11,8,5,2,6,4,0,1,1,0,0,1,0,5.11156E+20,5.28032E+21,9.14863E+15,4.76762E+16
158380,8.17113E+18,8,3,26,12,2017,11,12,5,3,0,7,0,1,0,0,1,0,0,4.61587E+20,5.31083E+21,8.48555E+15,4.79496E+16
158381,8.17113E+18,8,3,17,96,2017,11,21,5,3,2,6,0,1,0,0,1,2,1,4.2138E+20,5.37038E+21,7.9361E+15,4.84816E+16
158382,8.17113E+18,8,3,17,65,2017,11,7,5,3,1,7,0,1,0,1,0,1,1,4.13649E+20,5.357E+21,7.83426E+15,4.83603E+16
158383,8.17113E+18,8,3,17,1,2017,11,8,5,3,2,6,0,1,0,1,0,1,1,4.31421E+20,5.38663E+21,8.06929E+15,4.86289E+16
158384,8.17113E+18,8,3,17,96,2017,11,7,5,2,5,3,1,1,0,0,0,1,1,4.21443E+20,5.36782E+21,7.93743E+15,4.84586E+16
158385,8.17113E+18,8,3,16,9,2017,11,12,5,3,4,2,0,1,0,0,0,0,1,4.17445E+20,5.32408E+21,7.89191E+15,4.80647E+16
158386,8.17113E+18,8,3,16,53,2017,11,16,5,3,6,4,0,1,1,0,0,1,1,4.04445E+20,5.34373E+21,7.71305E+15,4.82396E+16
158387,8.17113E+18,8,3,16,17,2017,11,17,5,3,5,3,0,1,0,0,0,2,1,4.09013E+20,5.34099E+21,7.77513E+15,4.82156E+16
158388,8.17113E+18,8,3,11,0,2017,11,4,5,3,5,3,1,1,0,0,0,2,1,4.14135E+20,5.31969E+21,7.84837E+15,4.80247E+16
158389,8.17122E+18,8,4,36,82,2017,12,5,2,2,6,4,0,1,1,0,0,2,0,5.47185E+20,5.29568E+21,9.63027E+15,4.78127E+16
158390,8.17122E+18,8,4,17,2,2017,12,8,2,3,5,3,0,1,0,0,1,0,1,4.89042E+20,5.34499E+21,8.85236E+15,4.8258E+16
158391,8.17122E+18,8,4,15,53,2017,12,18,2,3,5,3,0,1,0,0,0,2,1,5.36784E+20,5.36242E+21,9.49711E+15,4.84139E+16
158392,8.17122E+18,8,3,37,123,2017,12,7,2,3,2,6,0,1,0,0,0,0,2,4.51117E+20,5.27741E+21,8.34911E+15,4.76483E+16
158393,8.17122E+18,8,2,31,0,2017,12,12,3,3,5,3,0,1,0,0,0,0,0,4.75459E+20,5.41189E+21,8.66542E+15,4.88595E+16
158394,8.17122E+18,8,2,26,9,2017,12,18,3,3,1,6,0,1,0,0,0,2,1,4.66791E+20,5.47289E+21,8.54222E+15,4.94078E+16
158395,8.17122E+18,8,2,21,0,2017,12,20,3,2,0,1,1,0,0,0,0,2,1,4.78196E+20,5.473E+21,8.69942E+15,4.94093E+16
158396,8.17122E+18,8,3,35,75,2017,12,6,2,3,2,1,0,1,0,0,0,2,2,4.88354E+20,5.29008E+21,8.84458E+15,4.77639E+16
158397,8.17122E+18,8,3,35,43,2017,12,8,2,3,0,1,1,0,0,0,0,0,2,5.13149E+20,5.27893E+21,9.17514E+15,4.76636E+16
158398,8.17122E+18,8,3,35,75,2017,12,8,2,3,5,3,0,1,0,0,0,0,2,4.90267E+20,5.28952E+21,8.87012E+15,4.77589E+16
158399,8.17122E+18,8,3,26,3,2017,12,12,2,3,5,3,0,1,0,0,0,0,2,4.65163E+20,5.32008E+21,8.53269E+15,4.80331E+16
158400,8.17122E+18,8,2,21,0,2017,12,7,3,3,1,5,1,1,0,0,0,2,0,4.7726E+20,5.4743E+21,8.68645E+15,4.9421E+16
158401,8.17122E+18,8,2,15,90,2017,12,18,3,3,4,6,0,1,0,0,1,2,1,4.64978E+20,5.4341E+21,8.52062E+15,4.90587E+16
158402,8.17122E+18,8,3,17,114,2017,12,16,2,3,1,5,0,1,0,1,0,2,1,4.05814E+20,5.34679E+21,7.7308E+15,4.82673E+16
158403,8.17122E+18,8,2,15,17,2017,12,14,3,3,6,6,0,1,1,0,0,0,0,4.5485E+20,5.4223E+21,8.3833E+15,4.89519E+16
158404,8.17122E+18,8,2,12,0,2017,12,0,3,3,1,6,1,1,0,0,0,2,0,4.55452E+20,5.42786E+21,8.39091E+15,4.90021E+16
158405,8.17122E+18,8,1,36,88,2017,12,16,3,2,6,2,0,1,1,0,0,2,0,5.79615E+20,5.40952E+21,1.00849E+16,4.88335E+16
158406,8.17122E+18,8,1,35,16,2017,12,16,3,3,3,2,1,1,0,0,0,2,0,5.91506E+20,5.38635E+21,1.02417E+16,4.86236E+16
158407,8.17122E+18,8,1,25,58,2017,12,12,3,3,5,3,0,1,0,1,0,0,0,5.08597E+20,5.44342E+21,9.11788E+15,4.91435E+16
158408,8.17122E+18,8,1,18,81,2017,12,13,3,3,5,3,0,1,0,0,0,0,0,5.1818E+20,5.41146E+21,9.24784E+15,4.88558E+16
158409,8.17122E+18,8,1,17,19,2017,12,11,3,3,6,4,0,1,1,0,0,0,0,5.51947E+20,5.39385E+21,9.70593E+15,4.86955E+16
158410,8.17122E+18,8,1,15,10,2017,12,9,3,3,5,2,0,1,0,0,0,0,1,4.86947E+20,5.38876E+21,8.82278E+15,4.86518E+16
158411,8.17122E+18,8,1,11,0,2017,12,9,3,3,6,2,0,1,1,0,0,0,0,5.14659E+20,5.40293E+21,9.19954E+15,4.87792E+16
158412,8.17122E+18,8,1,11,0,2017,12,12,3,3,2,2,0,1,0,0,0,0,0,5.14476E+20,5.40795E+21,9.19722E+15,4.88244E+16
158413,8.17122E+18,8,3,11,0,2017,12,13,2,3,5,2,1,1,0,0,0,0,1,4.13331E+20,5.31707E+21,7.83812E+15,4.80011E+16
158414,8.17122E+18,8,3,11,0,2017,12,5,2,3,5,3,0,1,0,0,1,2,2,4.10844E+20,5.31648E+21,7.8049E+15,4.79954E+16
158415,8.17122E+18,8,2,15,17,2017,12,13,2,2,6,2,0,1,1,0,0,0,1,4.55923E+20,5.42156E+21,8.39804E+15,4.89453E+16
158416,8.17122E+18,8,2,31,0,2017,12,19,2,3,5,2,0,1,0,0,0,2,1,4.77885E+20,5.41427E+21,8.69837E+15,4.88809E+16
158417,8.17122E+18,8,2,36,4,2017,12,13,2,3,5,3,0,1,0,0,1,0,1,4.73748E+20,5.4134E+21,8.642E+15,4.8873E+16
158418,8.17122E+18,8,2,16,15,2017,12,7,2,3,5,2,1,1,0,0,0,2,1,4.49686E+20,5.40593E+21,8.31479E+15,4.88043E+16
158419,8.17122E+18,8,2,16,43,2017,12,7,2,3,1,5,1,1,0,0,0,2,1,4.41142E+20,5.41312E+21,8.1974E+15,4.88682E+16
158420,8.17122E+18,8,2,15,106,2017,12,0,2,3,0,7,1,0,0,0,0,2,1,4.672E+20,5.45471E+21,8.54935E+15,4.92442E+16
158421,8.17122E+18,8,2,15,100,2017,12,20,2,2,6,2,0,1,1,0,0,2,1,4.74281E+20,5.44989E+21,8.64694E+15,4.92012E+16
158422,8.17122E+18,8,2,15,105,2017,12,14,2,3,5,3,0,1,0,0,0,0,1,4.569E+20,5.44155E+21,8.40925E+15,4.91253E+16
158423,8.17122E+18,8,2,12,0,2017,12,7,2,3,0,3,0,1,0,1,0,2,2,4.54614E+20,5.42931E+21,8.3793E+15,4.9015E+16
158424,8.17122E+18,8,2,12,0,2017,12,16,2,3,6,4,0,1,1,0,0,2,1,4.53462E+20,5.42893E+21,8.36358E+15,4.90115E+16
158425,8.17122E+18,8,1,28,115,2017,12,5,2,3,5,2,1,1,0,0,0,2,1,5.4845E+20,5.49731E+21,9.67086E+15,4.96264E+16
158426,8.17122E+18,8,1,27,76,2017,12,13,2,3,5,3,0,1,0,0,0,0,1,5.54976E+20,5.44037E+21,9.75335E+15,4.91137E+16
158427,8.17122E+18,8,1,26,60,2017,12,7,2,2,0,7,0,1,0,0,0,2,2,5.44816E+20,5.45929E+21,9.61624E+15,4.92847E+16
158428,8.17122E+18,8,1,18,48,2017,12,10,2,3,6,4,0,1,1,0,0,0,1,5.13817E+20,5.41559E+21,9.18851E+15,4.88931E+16
158429,8.17122E+18,8,4,25,2,2017,12,18,2,2,4,1,0,1,0,0,1,2,1,5.53406E+20,5.35324E+21,9.72055E+15,4.83301E+16
158430,8.17122E+18,8,1,16,80,2017,12,8,2,3,5,2,0,1,0,0,0,0,2,5.18624E+20,5.39845E+21,9.25331E+15,4.87388E+16
158431,8.17122E+18,8,1,16,19,2017,12,16,2,3,4,6,0,1,0,0,0,1,1,5.22052E+20,5.40059E+21,9.30004E+15,4.8758E+16
158432,8.17122E+18,8,1,16,78,2017,12,16,2,3,6,4,0,1,1,0,0,2,1,5.12298E+20,5.39379E+21,9.16712E+15,4.86971E+16
158433,8.17122E+18,8,1,11,0,2017,12,8,2,3,2,7,0,1,0,0,0,0,1,5.1318E+20,5.40346E+21,9.17942E+15,4.8784E+16
158434,8.17122E+18,8,1,11,0,2017,12,7,2,2,6,4,0,1,1,0,0,2,1,5.17513E+20,5.40426E+21,9.23844E+15,4.87911E+16
158435,8.17122E+18,8,1,11,0,2017,12,7,2,3,6,2,0,1,1,0,0,0,2,5.16018E+20,5.40547E+21,9.21814E+15,4.8802E+16
158436,8.17122E+18,8,3,17,57,2017,12,5,1,2,9,1,0,1,0,0,0,2,1,4.14148E+20,5.37841E+21,7.83661E+15,4.85529E+16
158437,8.17122E+18,8,3,15,22,2017,12,3,1,3,8,1,0,1,0,0,0,2,0,3.98491E+20,5.3013E+21,7.64294E+15,4.7857E+16
158438,8.17122E+18,8,3,11,0,2017,12,17,1,3,5,3,0,1,0,0,0,2,0,4.13005E+20,5.31511E+21,7.83414E+15,4.79834E+16
158439,8.17122E+18,8,3,11,0,2017,12,23,1,1,6,4,0,0,1,0,1,2,0,4.10392E+20,5.31698E+21,7.79874E+15,4.79998E+16
158440,8.17122E+18,8,2,12,0,2017,12,0,1,3,1,6,0,1,0,0,0,2,0,4.55144E+20,5.42879E+21,8.38661E+15,4.90104E+16
158441,8.17122E+18,8,2,31,0,2017,12,14,1,3,1,7,0,1,1,0,1,0,1,4.76358E+20,5.41571E+21,8.67745E+15,4.88939E+16
158442,8.17122E+18,8,2,21,0,2017,12,18,1,3,5,2,0,1,0,0,1,0,0,4.77147E+20,5.47183E+21,8.68503E+15,4.93987E+16
158443,8.17122E+18,8,2,15,89,2017,12,8,1,3,8,1,0,1,0,0,0,0,1,4.70699E+20,5.42933E+21,8.59927E+15,4.90162E+16
158444,8.17122E+18,8,1,25,46,2017,12,10,1,3,5,3,0,1,0,0,0,0,0,5.20302E+20,5.43369E+21,9.27788E+15,4.90558E+16
158445,8.17122E+18,8,1,19,20,2017,12,5,1,3,5,3,0,1,0,0,0,2,1,5.19955E+20,5.4075E+21,9.27184E+15,4.88202E+16
158446,8.17122E+18,8,1,15,13,2017,12,9,1,3,1,5,0,1,0,0,0,0,0,4.95199E+20,5.38931E+21,8.93481E+15,4.86568E+16
158447,8.17122E+18,8,1,11,0,2017,12,11,1,2,6,4,1,0,1,0,0,0,1,5.11577E+20,5.40331E+21,9.15759E+15,4.87827E+16
158448,8.17122E+18,8,4,36,95,2017,12,15,7,2,9,7,0,0,0,0,1,0,1,5.35258E+20,5.29492E+21,9.4709E+15,4.78067E+16
158449,8.17122E+18,8,4,26,21,2017,12,12,7,3,2,6,0,1,0,0,0,0,2,5.58223E+20,5.32548E+21,9.78173E+15,4.808E+16
158450,8.17122E+18,8,4,15,50,2017,12,13,7,3,6,1,1,0,1,0,0,0,1,5.20064E+20,5.37628E+21,9.27181E+15,4.85393E+16
158451,8.17122E+18,8,3,26,74,2017,12,17,7,3,2,6,0,1,0,0,0,2,1,4.5958E+20,5.32384E+21,8.45744E+15,4.80665E+16
158452,8.17122E+18,8,3,11,0,2017,12,23,7,3,5,3,1,1,0,0,0,2,0,4.1077E+20,5.31635E+21,7.80394E+15,4.79942E+16
158453,8.17122E+18,8,3,11,0,2017,12,10,7,3,1,1,0,1,0,0,0,0,1,4.14306E+20,5.31773E+21,7.85105E+15,4.80071E+16
158454,8.17122E+18,8,3,15,15,2017,12,22,7,3,6,4,0,1,1,0,0,2,1,3.94481E+20,5.32033E+21,7.58468E+15,4.80275E+16
158455,8.17122E+18,8,3,11,0,2017,12,10,7,3,6,4,0,1,1,0,0,0,1,4.1246E+20,5.31507E+21,7.82685E+15,4.79829E+16
158456,8.17122E+18,8,3,11,0,2017,12,17,7,3,5,2,1,1,0,0,0,2,1,4.15578E+20,5.3155E+21,7.86854E+15,4.79872E+16
158457,8.17122E+18,8,3,11,0,2017,12,2,7,2,4,6,1,0,1,0,0,2,0,4.1459E+20,5.31825E+21,7.85476E+15,4.80118E+16
158458,8.17122E+18,8,3,11,0,2017,12,16,7,3,2,6,0,1,0,0,0,1,1,4.13078E+20,5.32028E+21,7.83408E+15,4.80299E+16
158459,8.17122E+18,8,2,15,109,2017,12,23,7,2,6,4,0,1,1,0,0,2,1,4.61253E+20,5.43436E+21,8.4696E+15,4.90609E+16
158460,8.17122E+18,8,2,25,14,2017,12,18,7,2,8,1,0,1,0,0,0,2,2,5.24551E+20,5.48861E+21,9.33942E+15,4.95496E+16
158461,8.17122E+18,8,1,15,3,2017,12,9,7,2,5,3,0,1,0,0,0,0,1,4.99034E+20,5.39265E+21,8.98687E+15,4.86869E+16
158462,8.17122E+18,8,1,15,3,2017,12,8,7,2,0,7,1,0,0,0,0,0,2,5.00708E+20,5.3925E+21,9.00962E+15,4.86855E+16
158463,8.17122E+18,8,4,26,21,2017,12,23,7,3,3,7,1,1,0,0,0,2,1,5.58587E+20,5.32736E+21,9.78687E+15,4.80968E+16
158464,8.17122E+18,8,1,28,7,2017,12,20,7,3,6,4,0,1,1,0,0,2,1,5.55233E+20,5.48312E+21,9.76278E+15,4.94982E+16
158465,8.17122E+18,8,1,21,0,2017,12,2,7,3,2,6,1,1,0,0,0,2,0,5.14725E+20,5.44054E+21,9.2018E+15,4.91175E+16
158466,8.17122E+18,8,1,19,67,2017,12,17,7,3,1,5,0,1,0,0,0,2,1,5.37962E+20,5.40598E+21,9.51701E+15,4.88057E+16
158467,8.17122E+18,8,1,18,51,2017,12,12,7,3,1,7,0,1,0,1,0,0,0,5.1036E+20,5.41518E+21,9.14133E+15,4.88895E+16
158468,8.17122E+18,8,1,18,79,2017,12,14,7,3,2,2,1,1,0,0,0,0,0,5.11006E+20,5.42071E+21,9.1503E+15,4.89392E+16
158469,8.17122E+18,8,1,11,0,2017,12,17,7,3,5,2,0,1,0,0,0,2,1,5.10518E+20,5.40194E+21,9.14314E+15,4.87704E+16
158470,8.17122E+18,8,4,37,100,2017,12,9,6,3,2,6,0,1,0,0,0,0,1,5.37381E+20,5.31796E+21,9.50125E+15,4.80138E+16
158471,8.17122E+18,8,4,36,82,2017,12,8,6,3,0,7,0,1,0,0,0,0,1,5.47409E+20,5.29599E+21,9.6333E+15,4.78155E+16
158472,8.17122E+18,8,4,36,64,2017,12,8,6,3,1,5,0,1,0,0,0,0,1,5.44935E+20,5.29039E+21,9.59966E+15,4.77653E+16
158473,8.17122E+18,8,4,35,59,2017,12,8,6,3,0,1,1,0,0,0,0,0,2,5.12791E+20,5.29011E+21,9.17069E+15,4.77642E+16
158474,8.17122E+18,8,4,26,108,2017,12,13,6,3,5,3,0,1,0,0,0,0,1,5.72286E+20,5.33804E+21,9.97265E+15,4.81915E+16
158475,8.17122E+18,8,4,21,0,2017,12,23,6,3,5,3,0,1,0,0,0,2,1,5.74837E+20,5.36408E+21,1.00116E+16,4.84255E+16
158476,8.17122E+18,8,4,17,79,2017,12,15,6,3,2,2,0,1,0,0,0,0,0,5.02126E+20,5.34045E+21,9.02861E+15,4.82173E+16
158477,8.17122E+18,8,4,16,41,2017,12,7,6,3,1,2,0,1,0,0,1,1,1,5.0316E+20,5.37454E+21,9.0428E+15,4.8524E+16
158478,8.17122E+18,8,4,16,26,2017,12,16,6,2,5,3,1,1,0,0,0,1,0,5.05153E+20,5.36425E+21,9.06966E+15,4.84313E+16
158479,8.17122E+18,8,4,15,61,2017,12,7,6,3,2,6,0,1,0,0,0,1,0,5.10959E+20,5.37019E+21,9.14831E+15,4.84848E+16
158480,8.17122E+18,8,3,35,75,2017,12,23,6,3,0,1,1,0,0,0,0,2,2,4.87369E+20,5.28887E+21,8.83148E+15,4.7753E+16
158481,8.17122E+18,8,3,35,22,2017,12,17,6,3,5,7,0,1,0,0,0,2,2,4.83136E+20,5.30042E+21,8.77455E+15,4.78569E+16
158482,8.17122E+18,8,3,35,75,2017,12,8,6,3,5,3,0,1,0,0,0,0,2,4.88224E+20,5.29011E+21,8.84285E+15,4.77642E+16
158483,8.17122E+18,8,3,35,43,2017,12,10,6,3,0,1,1,0,0,0,0,0,1,5.15518E+20,5.28004E+21,9.20673E+15,4.76735E+16
158484,8.17122E+18,8,3,27,50,2017,12,20,6,2,5,3,1,1,0,0,0,2,1,4.87336E+20,5.31341E+21,8.83032E+15,4.79739E+16
158485,8.17122E+18,8,3,26,74,2017,12,12,6,3,1,7,0,1,0,0,0,0,1,4.58693E+20,5.32387E+21,8.44554E+15,4.80668E+16
158486,8.17122E+18,8,3,17,96,2017,12,7,6,2,6,3,0,1,1,0,0,1,1,4.20157E+20,5.37202E+21,7.91924E+15,4.84962E+16
158487,8.17122E+18,8,3,11,0,2017,12,7,6,3,5,3,1,1,0,0,0,1,0,4.14074E+20,5.31797E+21,7.84789E+15,4.80093E+16
158488,8.17122E+18,8,3,11,0,2017,12,9,6,3,5,2,1,1,0,0,0,0,0,4.14115E+20,5.31609E+21,7.84882E+15,4.79924E+16
158489,8.17122E+18,8,2,26,98,2017,12,15,6,3,2,6,0,1,0,0,0,0,1,4.75715E+20,5.45775E+21,8.66616E+15,4.9272E+16
158490,8.17122E+18,8,2,31,0,2017,12,0,6,2,5,3,1,1,0,0,0,2,1,4.78264E+20,5.41515E+21,8.70348E+15,4.88889E+16
158491,8.17122E+18,8,2,31,0,2017,12,11,6,3,5,3,0,1,0,0,0,0,1,4.7644E+20,5.41543E+21,8.67858E+15,4.88914E+16
158492,8.17122E+18,8,2,26,36,2017,12,15,6,3,2,6,0,1,0,0,0,0,0,4.6896E+20,5.48027E+21,8.57154E+15,4.94742E+16