OBJECTID,UIDENTSTLA,ULAND,UREGBEZ,UKREIS,UGEMEINDE,UJAHR,UMONAT,USTUNDE,UWOCHENTAG,UKATEGORIE,UART,UTYP1,IstRad,IstPKW,IstFuss,IstKrad,IstSonstig,LICHT,STRZUSTAND,LINREFX,LINREFY,XGCSWGS84,YGCSWGS84
158493,8.17122E+18,8,2,21,0,2017,12,17,6,3,3,6,1,0,0,0,0,2,1,4.76515E+20,5.4742E+21,8.67618E+15,4.942E+16
158494,8.17122E+18,8,2,21,0,2017,12,4,6,3,6,2,0,1,1,0,0,2,1,4.76489E+20,5.47265E+21,8.67591E+15,4.94061E+16
158495,8.17122E+18,8,2,16,15,2017,12,13,6,3,2,6,1,1,0,0,0,0,1,4.50181E+20,5.40585E+21,8.32154E+15,4.88036E+16
158496,8.17122E+18,8,2,15,17,2017,12,8,6,3,5,3,0,1,0,0,1,0,1,4.55041E+20,5.42235E+21,8.38591E+15,4.89524E+16
158497,8.17122E+18,8,1,28,7,2017,12,9,6,3,2,6,0,1,0,0,0,0,1,5.55473E+20,5.48304E+21,9.76609E+15,4.94974E+16
158498,8.17122E+18,8,1,27,14,2017,12,17,6,3,6,6,0,1,1,0,0,2,1,5.78664E+20,5.44354E+21,1.00785E+16,4.91397E+16
158499,8.17122E+18,8,1,19,79,2017,12,18,6,3,6,4,0,1,1,0,0,2,0,5.22798E+20,5.40876E+21,9.31064E+15,4.88314E+16
158500,8.17122E+18,8,1,18,48,2017,12,20,6,3,1,5,0,1,0,1,0,2,2,5.11732E+20,5.4175E+21,9.16011E+15,4.89103E+16
158501,8.17122E+18,8,1,15,45,2017,12,17,6,3,6,7,0,1,1,0,0,2,0,5.02396E+20,5.39454E+21,9.03257E+15,4.87039E+16
158502,8.17122E+18,8,1,15,28,2017,12,16,6,3,2,6,0,1,0,0,0,0,0,5.01072E+20,5.40505E+21,9.01459E+15,4.87984E+16
158503,8.17122E+18,8,1,11,0,2017,12,12,6,1,6,7,0,1,1,0,0,0,1,5.11258E+20,5.40409E+21,9.15328E+15,4.87897E+16
158504,8.17122E+18,8,1,11,0,2017,12,10,6,3,2,6,0,1,0,0,0,0,1,5.11637E+20,5.40677E+21,9.15851E+15,4.88138E+16
158505,8.17122E+18,8,1,11,0,2017,12,9,6,3,6,4,0,1,1,0,0,0,0,5.15226E+20,5.40291E+21,9.20726E+15,4.8779E+16
158506,8.17121E+18,8,4,37,76,2017,12,6,5,3,0,7,0,1,0,0,0,2,1,5.22964E+20,5.31743E+21,9.3079E+15,4.80098E+16
158507,8.17121E+18,8,4,37,44,2017,12,9,5,3,5,3,0,1,0,0,0,0,2,5.32373E+20,5.323E+21,9.43447E+15,4.80595E+16
158508,8.17121E+18,8,4,36,82,2017,12,20,5,3,6,2,0,1,1,0,0,2,1,5.47866E+20,5.29499E+21,9.63929E+15,4.78065E+16
158509,8.17121E+18,8,4,36,95,2017,12,18,5,3,9,1,0,1,0,0,0,2,2,5.36711E+20,5.29834E+21,9.4906E+15,4.78374E+16
158510,8.17121E+18,8,4,37,104,2017,12,9,5,3,8,1,0,1,0,0,1,0,2,5.1793E+20,5.32597E+21,9.24077E+15,4.80868E+16
158511,8.17121E+18,8,4,21,0,2017,12,9,5,3,0,1,1,0,0,0,0,0,2,5.66952E+20,5.35616E+21,9.90376E+15,4.83551E+16
158512,8.17121E+18,8,4,15,61,2017,12,9,5,3,5,3,0,1,0,0,1,0,1,5.16299E+20,5.37052E+21,9.22058E+15,4.84876E+16
158513,8.17121E+18,8,4,15,53,2017,12,8,5,3,1,5,0,1,0,0,1,0,2,5.33336E+20,5.36467E+21,9.45068E+15,4.84343E+16
158514,8.17121E+18,8,3,37,65,2017,12,17,5,3,5,7,1,1,0,0,0,2,1,4.49344E+20,5.27443E+21,8.32585E+15,4.76213E+16
158515,8.17121E+18,8,3,35,63,2017,12,7,5,2,6,4,0,1,1,0,0,2,1,4.97233E+20,5.28787E+21,8.96308E+15,4.77442E+16
158516,8.17121E+18,8,4,36,64,2017,12,7,5,2,6,4,0,1,1,0,0,0,1,5.45577E+20,5.29128E+21,9.60833E+15,4.77733E+16
158517,8.17121E+18,8,4,35,59,2017,12,18,5,3,6,4,0,1,1,0,0,2,1,5.12091E+20,5.2906E+21,9.16137E+15,4.77686E+16
158518,8.17121E+18,8,3,36,91,2017,12,16,5,3,6,4,0,1,1,0,1,2,1,3.9449E+20,5.2723E+21,7.59649E+15,4.75955E+16
158519,8.17121E+18,8,2,12,0,2017,12,17,5,3,2,6,0,1,0,0,0,2,1,4.57855E+20,5.43038E+21,8.4235E+15,4.90249E+16
158520,8.17121E+18,8,2,12,0,2017,12,11,5,2,1,5,1,1,0,0,0,0,0,4.56153E+20,5.42705E+21,8.40058E+15,4.89948E+16
158521,8.17121E+18,8,2,12,0,2017,12,8,5,3,5,3,1,0,0,0,1,0,0,4.55179E+20,5.43097E+21,8.38684E+15,4.903E+16
158522,8.17121E+18,8,2,36,73,2017,12,17,5,3,9,1,0,1,0,0,0,2,0,4.79125E+20,5.42306E+21,8.71483E+15,4.89601E+16
158523,8.17121E+18,8,2,22,0,2017,12,18,5,3,3,6,0,1,0,0,0,2,1,4.62603E+20,5.47987E+21,8.48384E+15,4.94703E+16
158524,8.17121E+18,8,2,22,0,2017,12,13,5,3,5,3,1,1,0,0,0,0,0,4.68097E+20,5.47919E+21,8.55972E+15,4.94646E+16
158525,8.17121E+18,8,2,22,0,2017,12,15,5,3,5,3,0,1,0,0,0,0,1,4.6098E+20,5.48177E+21,8.46125E+15,4.94873E+16
158526,8.17121E+18,8,2,22,0,2017,12,17,5,2,6,4,0,1,1,0,0,2,0,4.6172E+20,5.48168E+21,8.47147E+15,4.94866E+16
158527,8.17121E+18,8,2,21,0,2017,12,13,5,3,5,2,1,1,0,0,0,0,1,4.77456E+20,5.47434E+21,8.68915E+15,4.94213E+16
158528,8.17121E+18,8,2,21,0,2017,12,10,5,3,5,3,1,1,0,0,0,0,0,4.77679E+20,5.47289E+21,8.69231E+15,4.94083E+16
158529,8.17121E+18,8,1,19,93,2017,12,17,5,3,5,3,0,1,0,0,0,1,0,5.23593E+20,5.40627E+21,9.32134E+15,4.88089E+16
158530,8.17121E+18,8,1,19,20,2017,12,16,5,3,5,3,1,1,0,0,0,1,0,5.20783E+20,5.40721E+21,9.28311E+15,4.88175E+16
158531,8.17121E+18,8,1,19,84,2017,12,5,5,2,6,4,0,1,1,0,0,2,1,5.46523E+20,5.41395E+21,9.6345E+15,4.88767E+16
158532,8.17121E+18,8,1,18,48,2017,12,16,5,3,6,6,0,1,1,0,0,1,1,5.15513E+20,5.41513E+21,9.21162E+15,4.88889E+16
158533,8.17121E+18,8,1,16,49,2017,12,6,5,3,6,4,0,1,1,0,0,2,1,5.25557E+20,5.38627E+21,9.34684E+15,4.8629E+16
158534,8.17121E+18,8,1,15,3,2017,12,8,5,3,0,7,1,0,0,0,0,0,2,5.01526E+20,5.39305E+21,9.02074E+15,4.86905E+16
158535,8.17121E+18,8,1,11,0,2017,12,11,5,3,5,3,1,1,0,0,0,0,0,5.13249E+20,5.40293E+21,9.18034E+15,4.87792E+16
158536,8.17121E+18,8,1,11,0,2017,12,20,5,2,8,1,0,1,0,0,0,2,1,5.07643E+20,5.40314E+21,9.10404E+15,4.87812E+16
158537,8.17121E+18,8,1,11,0,2017,12,10,5,3,3,6,0,1,0,0,1,0,0,5.13656E+20,5.40321E+21,9.18589E+15,4.87817E+16
158538,8.17121E+18,8,1,11,0,2017,12,13,5,3,5,7,0,1,0,0,1,0,0,5.18258E+20,5.40179E+21,9.24847E+15,4.87688E+16
158539,8.17121E+18,8,4,36,64,2017,12,15,4,3,4,2,0,1,0,0,0,0,1,5.45112E+20,5.29094E+21,9.60209E+15,4.77702E+16
158540,8.17121E+18,8,4,35,16,2017,12,7,4,3,4,2,1,1,0,0,0,0,0,5.34776E+20,5.27822E+21,9.46313E+15,4.76564E+16
158541,8.17121E+18,8,3,36,81,2017,12,17,4,3,6,4,0,1,1,0,0,2,1,4.11672E+20,5.27799E+21,7.82385E+15,4.76492E+16
158542,8.17121E+18,8,3,35,43,2017,12,18,4,3,5,3,1,1,0,0,0,2,1,5.13811E+20,5.28081E+21,9.18401E+15,4.76805E+16
158543,8.17121E+18,8,3,35,43,2017,12,18,4,3,5,2,1,0,0,0,1,2,1,5.12213E+20,5.28036E+21,9.16271E+15,4.76765E+16
158544,8.17121E+18,8,3,17,65,2017,12,17,4,3,0,3,1,1,0,0,0,1,0,4.14366E+20,5.35401E+21,7.84455E+15,4.83334E+16
158545,8.17121E+18,8,3,11,0,2017,12,18,4,2,5,3,1,1,0,0,0,2,0,4.1831E+20,5.31474E+21,7.90529E+15,4.79808E+16
158546,8.17121E+18,8,3,36,50,2017,12,16,4,3,6,4,0,1,1,0,0,2,1,3.99724E+20,5.27438E+21,7.66562E+15,4.76151E+16
158547,8.17121E+18,8,3,36,50,2017,12,7,4,2,5,3,1,1,0,0,0,2,0,3.99237E+20,5.2751E+21,7.65898E+15,4.76214E+16
158548,8.17121E+18,8,3,11,0,2017,12,9,4,3,3,2,1,1,0,0,0,0,0,4.14849E+20,5.31863E+21,7.85815E+15,4.80153E+16
158549,8.17121E+18,8,3,15,131,2017,12,16,4,3,5,3,0,1,0,0,0,0,1,4.06284E+20,5.30801E+21,7.74564E+15,4.79185E+16
158550,8.17121E+18,8,2,26,98,2017,12,16,4,3,5,2,0,1,0,1,0,1,1,4.77966E+20,5.46051E+21,8.69695E+15,4.9297E+16
158551,8.17121E+18,8,2,22,0,2017,12,7,4,2,6,4,0,1,1,0,0,2,0,4.60276E+20,5.48744E+21,8.45096E+15,4.95382E+16
158552,8.17121E+18,8,2,22,0,2017,12,18,4,3,5,3,0,1,0,0,0,2,1,4.61689E+20,5.48028E+21,8.47118E+15,4.9474E+16
158553,8.17121E+18,8,2,12,0,2017,12,11,4,3,6,2,0,1,1,0,0,0,1,4.55413E+20,5.43261E+21,8.38986E+15,4.90447E+16
158554,8.17121E+18,8,2,15,17,2017,12,14,4,3,5,3,1,0,0,0,1,0,0,4.56661E+20,5.42134E+21,8.40814E+15,4.89435E+16
158555,8.17121E+18,8,1,36,65,2017,12,18,4,3,2,6,0,1,0,0,0,2,1,5.58842E+20,5.40544E+21,9.80127E+15,4.87991E+16
158556,8.17121E+18,8,1,27,76,2017,12,7,4,3,1,1,0,1,0,0,0,0,2,5.52172E+20,5.43987E+21,9.71486E+15,4.91095E+16
158557,8.17121E+18,8,1,18,48,2017,12,18,4,2,6,4,0,1,1,0,1,2,0,5.16362E+20,5.41561E+21,9.22322E+15,4.88933E+16
158558,8.17121E+18,8,1,17,26,2017,12,15,4,3,0,4,0,1,1,0,0,0,0,5.47967E+20,5.39442E+21,9.65192E+15,4.8701E+16
158559,8.17121E+18,8,1,11,0,2017,12,18,4,2,2,6,0,1,0,0,0,2,1,5.13941E+20,5.40264E+21,9.18975E+15,4.87766E+16
158560,8.17121E+18,8,1,11,0,2017,12,8,4,3,5,2,1,1,0,0,0,0,0,5.0791E+20,5.39827E+21,9.10757E+15,4.87374E+16
158561,8.17121E+18,8,1,11,0,2017,12,19,4,3,1,7,0,1,0,0,0,2,1,5.12855E+20,5.40119E+21,9.17493E+15,4.87636E+16
158562,8.17121E+18,8,4,36,64,2017,12,11,3,3,5,3,1,0,0,0,1,0,1,5.45366E+20,5.29233E+21,9.60562E+15,4.77827E+16
158563,8.17121E+18,8,4,15,61,2017,12,17,3,3,6,7,0,1,1,0,0,0,0,5.14283E+20,5.36892E+21,9.19324E+15,4.84732E+16
158564,8.17121E+18,8,3,17,65,2017,12,14,3,3,5,3,0,1,0,0,1,0,0,4.13662E+20,5.35329E+21,7.8352E+15,4.83269E+16
158565,8.17121E+18,8,3,17,57,2017,12,13,3,2,5,2,0,1,0,0,1,0,0,4.12483E+20,5.3809E+21,7.81353E+15,4.85751E+16
158566,8.17121E+18,8,3,11,0,2017,12,17,3,3,6,4,0,1,1,0,0,2,0,4.11306E+20,5.31965E+21,7.81044E+15,4.80239E+16
158567,8.17121E+18,8,3,36,91,2017,12,13,3,3,0,7,0,1,1,0,0,0,1,3.96649E+20,5.27205E+21,7.62526E+15,4.75937E+16
158568,8.17121E+18,8,3,15,64,2017,12,10,3,3,5,3,0,1,0,0,1,0,0,4.22072E+20,5.31352E+21,7.95592E+15,4.79703E+16
158569,8.17121E+18,8,2,12,0,2017,12,8,3,2,4,1,0,1,0,0,0,2,1,4.60545E+20,5.43221E+21,8.46012E+15,4.90415E+16
158570,8.17121E+18,8,2,12,0,2017,12,15,3,2,6,7,1,0,1,0,0,0,0,4.61351E+20,5.42772E+21,8.47158E+15,4.90012E+16
158571,8.17121E+18,8,2,36,73,2017,12,19,3,3,9,1,0,1,0,1,0,2,1,4.80127E+20,5.42403E+21,8.72846E+15,4.89689E+16
158572,8.17121E+18,8,2,36,40,2017,12,15,3,3,1,6,0,1,0,0,0,0,1,4.89534E+20,5.42284E+21,8.85703E+15,4.89584E+16
158573,8.17121E+18,8,2,26,98,2017,12,7,3,3,3,7,1,1,0,0,0,2,0,4.77931E+20,5.4596E+21,8.69652E+15,4.92888E+16
158574,8.17121E+18,8,2,21,0,2017,12,19,3,3,0,5,1,1,0,0,0,2,0,4.76944E+20,5.4735E+21,8.68213E+15,4.94137E+16
158575,8.17121E+18,8,2,21,0,2017,12,7,3,3,6,4,0,1,1,0,0,1,0,4.75796E+20,5.47006E+21,8.66652E+15,4.93828E+16
158576,8.17121E+18,8,2,16,7,2017,12,12,3,2,5,3,0,1,0,1,0,0,0,4.35627E+20,5.39424E+21,8.12517E+15,4.86979E+16
158577,8.17121E+18,8,2,15,9,2017,12,16,3,3,5,2,1,1,0,0,0,0,1,4.69451E+20,5.44105E+21,8.58131E+15,4.91215E+16
158578,8.17121E+18,8,2,15,7,2017,12,15,3,3,6,4,0,1,1,0,0,0,0,4.79094E+20,5.43177E+21,8.71395E+15,4.90384E+16
158579,8.17121E+18,8,1,36,88,2017,12,2,3,3,5,3,0,1,0,0,0,2,1,5.78172E+20,5.40957E+21,1.00652E+16,4.88342E+16
158580,8.17121E+18,8,1,18,11,2017,12,17,3,3,0,1,0,0,0,1,0,2,0,5.04768E+20,5.40722E+21,9.06495E+15,4.8818E+16
158581,8.17121E+18,8,1,16,19,2017,12,11,3,3,6,7,0,1,1,0,0,0,0,5.22058E+20,5.39881E+21,9.30003E+15,4.8742E+16
158582,8.17121E+18,8,1,11,0,2017,12,14,3,2,0,6,0,1,0,1,0,0,1,5.20431E+20,5.40266E+21,9.27809E+15,4.87766E+16
158583,8.17121E+18,8,4,35,16,2017,12,14,2,3,0,1,0,0,0,1,0,0,2,5.34207E+20,5.27831E+21,9.45556E+15,4.76573E+16
158584,8.17121E+18,8,4,21,0,2017,12,7,2,3,5,3,0,1,0,0,0,1,1,5.71622E+20,5.36064E+21,9.96755E+15,4.83949E+16
158585,8.17121E+18,8,3,36,50,2017,12,17,2,3,4,7,0,1,0,0,0,2,1,3.99601E+20,5.27476E+21,7.66389E+15,4.76184E+16
158586,8.17121E+18,8,3,35,63,2017,12,13,2,3,6,1,1,0,1,0,0,0,2,4.97791E+20,5.28705E+21,8.97054E+15,4.77368E+16
158587,8.17121E+18,8,3,25,57,2017,12,16,2,3,6,2,0,1,1,0,0,2,1,4.73403E+20,5.35738E+21,8.64088E+15,4.8369E+16
158588,8.17121E+18,8,3,17,114,2017,12,13,2,3,5,3,0,1,0,0,0,0,1,4.05496E+20,5.34592E+21,7.7267E+15,4.82595E+16
158589,8.17121E+18,8,3,16,43,2017,12,10,2,3,2,6,0,1,0,0,1,0,1,4.11583E+20,5.33122E+21,7.81176E+15,4.81281E+16
158590,8.17121E+18,8,3,15,74,2017,12,7,2,3,6,4,0,1,1,0,0,2,1,3.94888E+20,5.29582E+21,7.59611E+15,4.78072E+16
158591,8.17121E+18,8,3,11,0,2017,12,17,2,3,5,3,1,1,0,0,0,2,1,4.11121E+20,5.31509E+21,7.80891E+15,4.79829E+16
158592,8.17121E+18,8,3,11,0,2017,12,14,2,3,2,6,0,1,0,0,0,0,1,4.13002E+20,5.31763E+21,7.8336E+15,4.8006E+16
158593,8.17121E+18,8,3,11,0,2017,12,18,2,3,5,3,1,1,0,0,0,2,1,4.13082E+20,5.32028E+21,7.83413E+15,4.80299E+16
158594,8.17121E+18,8,3,11,0,2017,12,5,2,3,5,3,0,1,0,0,0,2,1,4.12906E+20,5.31625E+21,7.83259E+15,4.79936E+16
158595,8.17121E+18,8,3,15,109,2017,12,17,2,3,6,4,0,1,1,0,0,2,1,4.2266E+20,5.31478E+21,7.96357E+15,4.79817E+16
158596,8.17121E+18,8,3,36,91,2017,12,18,2,3,5,3,0,1,0,0,0,2,1,3.9592E+20,5.27199E+21,7.61558E+15,4.7593E+16
158597,8.17121E+18,8,2,12,0,2017,12,15,2,3,0,7,1,1,0,0,0,0,1,4.55738E+20,5.42837E+21,8.39477E+15,4.90066E+16
158598,8.17121E+18,8,2,12,0,2017,12,7,2,3,8,7,0,0,0,1,0,2,1,4.59247E+20,5.42828E+21,8.44277E+15,4.9006E+16
158599,8.17121E+18,8,2,26,85,2017,12,15,2,3,1,6,0,1,0,0,1,0,1,4.9061E+20,5.4554E+21,8.87097E+15,4.92513E+16
158600,8.17121E+18,8,2,25,1,2017,12,12,2,3,8,1,0,1,0,0,0,0,1,5.27954E+20,5.47265E+21,9.38533E+15,4.94059E+16
158601,8.17121E+18,8,2,22,0,2017,12,9,2,3,1,5,1,1,0,0,0,0,1,4.62155E+20,5.48291E+21,8.47735E+15,4.94976E+16
158602,8.17121E+18,8,2,22,0,2017,12,17,2,3,6,7,1,0,1,0,0,2,0,4.6167E+20,5.48205E+21,8.47075E+15,4.94899E+16
158603,8.17121E+18,8,2,16,15,2017,12,14,2,3,5,3,0,1,0,0,0,0,1,4.51495E+20,5.40404E+21,8.33965E+15,4.87874E+16
158604,8.17121E+18,8,2,16,43,2017,12,15,2,3,5,2,1,1,0,0,0,0,1,4.41251E+20,5.41145E+21,8.19913E+15,4.88532E+16
158605,8.17121E+18,8,2,12,0,2017,12,9,2,2,5,3,1,0,0,0,0,0,1,4.55065E+20,5.42873E+21,8.38553E+15,4.90098E+16
158606,8.17121E+18,8,1,19,79,2017,12,10,2,3,5,3,0,1,0,0,0,0,1,5.22572E+20,5.40798E+21,9.30752E+15,4.88244E+16
158607,8.17121E+18,8,1,19,20,2017,12,17,2,3,6,4,0,1,1,0,0,2,1,5.20103E+20,5.40698E+21,9.27383E+15,4.88155E+16
158608,8.17121E+18,8,1,19,8,2017,12,11,2,3,2,6,0,1,0,0,0,0,1,5.31485E+20,5.42148E+21,9.42999E+15,4.89455E+16
158609,8.17121E+18,8,1,18,48,2017,12,16,2,3,4,6,1,0,0,0,0,1,1,5.15491E+20,5.41541E+21,9.21133E+15,4.88915E+16
158610,8.17121E+18,8,1,18,48,2017,12,1,2,3,5,3,0,1,0,0,0,2,1,5.13746E+20,5.41571E+21,9.18753E+15,4.88941E+16
158611,8.17121E+18,8,1,15,28,2017,12,11,2,3,5,3,1,1,0,0,0,0,0,5.00517E+20,5.40433E+21,9.00704E+15,4.8792E+16
158612,8.17121E+18,8,1,11,0,2017,12,7,2,3,6,2,0,1,1,0,0,2,1,5.14865E+20,5.40944E+21,9.20257E+15,4.88377E+16
158613,8.17121E+18,8,1,11,0,2017,12,14,2,2,2,6,0,1,0,0,0,0,1,5.15973E+20,5.40548E+21,9.21752E+15,4.88021E+16
158614,8.17121E+18,8,1,11,0,2017,12,14,2,3,0,7,0,0,0,0,1,0,1,5.133E+20,5.40189E+21,9.18101E+15,4.87698E+16
158615,8.17121E+18,8,1,11,0,2017,12,19,2,3,5,2,0,1,0,0,1,2,1,5.13348E+20,5.40334E+21,9.1817E+15,4.8783E+16
158616,8.17121E+18,8,3,36,91,2017,12,19,1,3,5,3,0,1,0,0,0,2,1,3.94666E+20,5.27229E+21,7.59883E+15,4.75955E+16
158617,8.17121E+18,8,3,16,17,2017,12,5,1,3,6,4,0,1,1,0,0,2,0,4.08218E+20,5.342E+21,7.76422E+15,4.82246E+16
158618,8.17121E+18,8,3,15,20,2017,12,10,1,3,4,1,0,1,0,0,1,0,1,4.29642E+20,5.31534E+21,8.05702E+15,4.79875E+16
158619,8.17121E+18,8,3,11,0,2017,12,10,1,3,5,3,0,1,0,0,1,0,1,4.11186E+20,5.3152E+21,7.80975E+15,4.79839E+16
158620,8.17121E+18,8,3,11,0,2017,12,17,1,3,5,3,0,1,0,0,0,2,1,4.12904E+20,5.31623E+21,7.83257E+15,4.79934E+16
158621,8.17121E+18,8,2,12,0,2017,12,12,1,3,4,1,0,1,0,0,0,0,2,4.598E+20,5.43036E+21,8.45012E+15,4.90248E+16
158622,8.17121E+18,8,1,27,52,2017,12,16,1,3,4,1,0,1,0,0,0,0,2,5.41975E+20,5.43955E+21,9.57512E+15,4.91074E+16
158623,8.17121E+18,8,1,16,80,2017,12,21,1,3,4,2,0,1,0,0,0,2,1,5.20439E+20,5.39697E+21,9.27791E+15,4.87254E+16
158624,8.17121E+18,8,1,11,0,2017,12,14,1,3,5,3,0,1,0,0,0,0,1,5.11974E+20,5.4031E+21,9.16299E+15,4.87808E+16
158625,8.17121E+18,8,1,11,0,2017,12,13,1,3,6,4,0,1,1,0,0,0,1,5.17143E+20,5.40282E+21,9.23334E+15,4.87781E+16
158626,8.17121E+18,8,4,35,16,2017,12,5,7,3,9,1,0,1,0,0,0,2,2,5.37938E+20,5.27762E+21,9.50518E+15,4.76509E+16
158627,8.17121E+18,8,4,21,0,2017,12,5,7,3,4,3,0,1,0,0,0,2,1,5.7368E+20,5.36096E+21,9.99541E+15,4.83975E+16
158628,8.17121E+18,8,4,21,0,2017,12,21,7,3,2,6,0,1,0,0,0,2,0,5.75601E+20,5.36504E+21,1.00221E+16,4.84339E+16
158629,8.17121E+18,8,4,25,2,2017,12,15,7,2,4,6,0,1,0,0,0,0,2,5.53583E+20,5.35331E+21,9.72295E+15,4.83307E+16
158630,8.17121E+18,8,4,15,61,2017,12,6,7,3,3,6,0,1,0,0,0,2,1,5.14421E+20,5.37028E+21,9.19516E+15,4.84855E+16
158631,8.17121E+18,8,4,15,53,2017,12,9,7,3,5,3,0,1,0,0,0,0,2,5.36532E+20,5.36222E+21,9.49368E+15,4.84121E+16
158632,8.17121E+18,8,3,35,75,2017,12,7,7,3,5,3,0,1,0,0,0,1,2,4.89029E+20,5.28925E+21,8.85361E+15,4.77565E+16
158633,8.17121E+18,8,3,26,52,2017,12,6,7,3,5,3,0,1,0,0,0,2,2,4.5095E+20,5.33042E+21,8.34085E+15,4.81251E+16
158634,8.17121E+18,8,3,17,96,2017,12,18,7,3,5,3,0,1,0,1,0,2,1,4.20689E+20,5.36912E+21,7.92699E+15,4.84702E+16
158635,8.17121E+18,8,3,16,9,2017,12,18,7,3,5,3,1,1,0,0,0,2,0,4.18116E+20,5.32423E+21,7.90088E+15,4.80661E+16
158636,8.17121E+18,8,3,15,70,2017,12,5,7,2,6,7,0,0,1,0,1,2,1,4.55141E+20,5.30438E+21,8.3999E+15,4.78912E+16
158637,8.17121E+18,8,3,11,0,2017,12,22,7,3,5,3,0,1,0,0,0,2,0,4.13052E+20,5.32028E+21,7.83372E+15,4.80299E+16
158638,8.17121E+18,8,3,11,0,2017,12,12,7,3,5,2,1,1,0,0,0,0,0,4.14699E+20,5.31636E+21,7.85659E+15,4.79948E+16
158639,8.17121E+18,8,2,26,95,2017,12,1,7,3,9,1,0,1,0,0,1,2,2,4.73335E+20,5.46282E+21,8.6331E+15,4.93175E+16
158640,8.17121E+18,8,2,26,95,2017,12,11,7,3,5,2,0,1,0,0,0,0,0,4.74369E+20,5.46141E+21,8.64742E+15,4.93049E+16
158641,8.17121E+18,8,2,22,0,2017,12,12,7,3,0,7,0,1,0,0,0,0,1,4.62194E+20,5.48089E+21,8.4781E+15,4.94795E+16
158642,8.17121E+18,8,2,26,98,2017,12,15,7,3,2,3,0,1,0,0,0,0,0,4.77999E+20,5.46009E+21,8.69743E+15,4.92931E+16
158643,8.17121E+18,8,1,25,65,2017,12,13,7,3,5,3,1,1,0,0,0,0,1,5.16208E+20,5.44852E+21,9.22244E+15,4.91893E+16
158644,8.17121E+18,8,1,18,76,2017,12,14,7,3,0,7,1,0,0,0,0,0,0,5.056E+20,5.423E+21,9.07651E+15,4.89599E+16
158645,8.17121E+18,8,1,18,11,2017,12,16,7,3,5,3,0,1,0,0,0,1,0,5.05106E+20,5.40777E+21,9.06957E+15,4.88229E+16
158646,8.17121E+18,8,1,17,60,2017,12,20,7,3,4,6,0,1,0,0,0,2,0,5.42038E+20,5.38844E+21,9.57073E+15,4.86476E+16
158647,8.17121E+18,8,4,37,100,2017,12,10,6,3,5,3,0,1,0,0,0,0,1,5.36479E+20,5.31904E+21,9.48924E+15,4.80236E+16
158648,8.17121E+18,8,4,35,16,2017,12,7,6,3,5,3,1,1,0,0,0,1,1,5.36267E+20,5.27811E+21,9.48297E+15,4.76554E+16
158649,8.17121E+18,8,4,35,16,2017,12,6,6,3,4,3,1,1,0,0,0,2,1,5.35189E+20,5.27825E+21,9.46863E+15,4.76567E+16
158650,8.17121E+18,8,4,35,16,2017,12,7,6,3,6,4,0,1,1,0,0,1,1,5.35593E+20,5.27971E+21,9.47413E+15,4.76698E+16
158651,8.17121E+18,8,4,25,28,2017,12,9,6,3,8,1,0,1,0,0,0,0,1,5.80134E+20,5.33956E+21,1.00785E+16,4.82042E+16
158652,8.17121E+18,8,4,16,41,2017,12,18,6,3,9,1,0,1,0,0,0,2,2,5.01872E+20,5.37616E+21,9.02536E+15,4.85385E+16
158653,8.17121E+18,8,3,37,96,2017,12,19,6,3,2,1,0,1,0,0,1,2,1,4.21047E+20,5.26753E+21,7.95055E+15,4.75564E+16
158654,8.17121E+18,8,3,36,57,2017,12,17,6,3,5,3,0,1,0,1,0,2,1,4.07678E+20,5.27764E+21,7.77076E+15,4.76456E+16
158655,8.17121E+18,8,3,35,75,2017,12,22,6,3,5,3,0,1,0,0,0,2,1,4.91159E+20,5.28876E+21,8.88205E+15,4.77521E+16
158656,8.17121E+18,8,3,35,100,2017,12,14,6,2,0,1,1,0,0,0,0,0,1,4.89141E+20,5.2866E+21,8.85517E+15,4.77326E+16
158657,8.17121E+18,8,3,26,74,2017,12,15,6,3,2,6,0,1,0,0,0,0,1,4.58488E+20,5.32417E+21,8.44275E+15,4.80694E+16
158658,8.17121E+18,8,3,26,74,2017,12,11,6,3,2,2,0,1,0,0,0,0,1,4.6016E+20,5.32274E+21,8.46534E+15,4.80567E+16
158659,8.17121E+18,8,3,17,152,2017,12,15,6,3,6,6,0,1,1,0,0,0,0,4.09176E+20,5.34813E+21,7.7758E+15,4.82799E+16
158660,8.17121E+18,8,3,17,118,2017,12,13,6,3,9,1,0,0,0,0,1,0,2,4.36411E+20,5.38546E+21,8.13717E+15,4.8619E+16
158661,8.17121E+18,8,3,16,11,2017,12,13,6,3,5,3,0,1,0,1,0,0,1,4.147E+20,5.32906E+21,7.85408E+15,4.81091E+16
158662,8.17121E+18,8,3,11,0,2017,12,9,6,2,3,2,1,0,0,0,1,0,1,4.13899E+20,5.31714E+21,7.84571E+15,4.80017E+16