OBJECTID,UIDENTSTLA,ULAND,UREGBEZ,UKREIS,UGEMEINDE,UJAHR,UMONAT,USTUNDE,UWOCHENTAG,UKATEGORIE,UART,UTYP1,IstRad,IstPKW,IstFuss,IstKrad,IstSonstig,LICHT,STRZUSTAND,LINREFX,LINREFY,XGCSWGS84,YGCSWGS84
158838,8.17122E+18,8,1,19,79,2017,12,22,6,3,8,1,0,1,0,0,0,2,1,5.21843E+20,5.40773E+21,9.29758E+15,4.88221E+16
158839,8.17122E+18,8,1,19,20,2017,12,10,6,3,2,6,0,1,0,0,1,0,1,5.20859E+20,5.4081E+21,9.2842E+15,4.88256E+16
158840,8.17122E+18,8,1,19,20,2017,12,18,6,3,6,4,0,1,1,0,0,2,1,5.20004E+20,5.40569E+21,9.27243E+15,4.88038E+16
158841,8.17122E+18,8,1,18,49,2017,12,17,6,3,6,4,0,1,1,0,0,2,1,5.19372E+20,5.42118E+21,9.26455E+15,4.89433E+16
158842,8.17122E+18,8,1,18,16,2017,12,13,6,3,5,2,1,1,0,0,0,0,1,5.04472E+20,5.42849E+21,9.06115E+15,4.90093E+16
158843,8.17122E+18,8,1,17,26,2017,12,9,6,3,2,6,0,1,0,0,0,0,1,5.46788E+20,5.39522E+21,9.63598E+15,4.87083E+16
158844,8.17122E+18,8,1,17,24,2017,12,18,6,3,5,3,0,1,0,0,0,2,1,5.62163E+20,5.3851E+21,9.84343E+15,4.86159E+16
158845,8.17122E+18,8,1,16,19,2017,12,18,6,3,6,2,0,1,1,0,0,2,1,5.23946E+20,5.3975E+21,9.32564E+15,4.87301E+16
158846,8.17122E+18,8,1,16,14,2017,12,17,6,3,5,3,0,1,0,0,0,2,1,5.28926E+20,5.39555E+21,9.39322E+15,4.87123E+16
158847,8.17122E+18,8,1,15,3,2017,12,14,6,3,5,3,1,1,0,0,0,0,0,5.01508E+20,5.39181E+21,9.02048E+15,4.86793E+16
158848,8.17122E+18,8,1,11,0,2017,12,14,6,3,1,5,0,1,0,0,0,0,1,5.16303E+20,5.40734E+21,9.22209E+15,4.88189E+16
158849,8.17122E+18,8,1,11,0,2017,12,8,6,3,5,3,0,1,0,0,0,0,1,5.15919E+20,5.40605E+21,9.2168E+15,4.88073E+16
158850,8.17122E+18,8,4,35,16,2017,12,18,5,3,6,4,0,1,1,0,0,2,1,5.37024E+20,5.28035E+21,9.49325E+15,4.76755E+16
158851,8.17122E+18,8,4,21,0,2017,12,16,5,3,6,6,0,1,1,0,0,2,1,5.72624E+20,5.35561E+21,9.98022E+15,4.83495E+16
158852,8.17122E+18,8,4,16,41,2017,12,14,5,3,1,6,0,1,0,0,0,0,0,5.04966E+20,5.37612E+21,9.06727E+15,4.85382E+16
158853,8.17122E+18,8,3,37,126,2017,12,10,5,3,2,6,0,1,0,0,0,0,1,4.44841E+20,5.27525E+21,8.26582E+15,4.76283E+16
158854,8.17122E+18,8,4,36,64,2017,12,12,5,2,0,1,1,0,0,0,0,0,1,5.4655E+20,5.29255E+21,9.62145E+15,4.77846E+16
158855,8.17122E+18,8,3,27,9,2017,12,15,5,3,5,3,0,1,0,0,0,0,1,4.83822E+20,5.33526E+21,8.7824E+15,4.81704E+16
158856,8.17122E+18,8,3,27,50,2017,12,7,5,3,2,6,0,1,0,0,0,2,1,4.87486E+20,5.31336E+21,8.83233E+15,4.79735E+16
158857,8.17122E+18,8,3,27,50,2017,12,11,5,3,4,2,0,1,0,0,0,0,1,4.86689E+20,5.31465E+21,8.8216E+15,4.7985E+16
158858,8.17122E+18,8,3,17,122,2017,12,17,5,3,2,6,0,1,0,0,0,2,1,4.17696E+20,5.37006E+21,7.88632E+15,4.84782E+16
158859,8.17122E+18,8,3,17,57,2017,12,19,5,3,5,3,0,1,0,0,0,2,1,4.12585E+20,5.3801E+21,7.81507E+15,4.85679E+16
158860,8.17122E+18,8,3,17,96,2017,12,15,5,3,5,3,0,1,0,1,0,0,1,4.22632E+20,5.36919E+21,7.95326E+15,4.84711E+16
158861,8.17122E+18,8,3,16,14,2017,12,11,5,3,0,7,0,1,0,1,1,0,0,4.25817E+20,5.33033E+21,8.00317E+15,4.81219E+16
158862,8.17122E+18,8,3,16,20,2017,12,16,5,3,4,6,0,1,0,0,0,1,1,4.08557E+20,5.33844E+21,7.76955E+15,4.81926E+16
158863,8.17122E+18,8,3,11,0,2017,12,21,5,3,6,4,0,0,1,0,1,2,1,4.13179E+20,5.31677E+21,7.83614E+15,4.79983E+16
158864,8.17122E+18,8,2,12,0,2017,12,18,5,3,6,4,1,0,1,0,0,2,1,4.54906E+20,5.42851E+21,8.38338E+15,4.90078E+16
158865,8.17122E+18,8,2,31,0,2017,12,17,5,3,5,3,1,1,0,0,0,2,1,4.74331E+20,5.41393E+21,8.64991E+15,4.88778E+16
158866,8.17122E+18,8,2,26,98,2017,12,10,5,3,6,5,0,1,1,0,0,0,0,4.77879E+20,5.45986E+21,8.69578E+15,4.92911E+16
158867,8.17122E+18,8,2,26,85,2017,12,17,5,3,5,2,0,1,0,1,0,2,1,4.9065E+20,5.45549E+21,8.87152E+15,4.92521E+16
158868,8.17122E+18,8,2,26,84,2017,12,10,5,3,2,6,0,1,0,0,0,0,1,4.6953E+20,5.47072E+21,8.58015E+15,4.93884E+16
158869,8.17122E+18,8,2,26,13,2017,12,16,5,2,6,4,0,1,1,0,0,2,1,4.99122E+20,5.47886E+21,8.98789E+15,4.94624E+16
158870,8.17122E+18,8,2,21,0,2017,12,16,5,3,1,6,0,1,0,0,0,1,1,4.77458E+20,5.47437E+21,8.68917E+15,4.94216E+16
158871,8.17122E+18,8,2,21,0,2017,12,14,5,3,1,7,0,1,0,0,0,0,1,4.79132E+20,5.47318E+21,8.71233E+15,4.9411E+16
158872,8.17122E+18,8,2,15,7,2017,12,15,5,3,1,7,0,1,0,0,0,0,0,4.78224E+20,5.43171E+21,8.70205E+15,4.90379E+16
158873,8.17122E+18,8,2,12,0,2017,12,13,5,3,8,1,0,1,0,0,0,0,1,4.54555E+20,5.43219E+21,8.37817E+15,4.90409E+16
158874,8.17122E+18,8,1,18,48,2017,12,16,5,2,5,2,1,1,0,0,0,2,1,5.14893E+20,5.41592E+21,9.20319E+15,4.8896E+16
158875,8.17122E+18,8,1,36,7,2017,12,8,5,3,4,1,0,1,0,0,1,0,2,5.69371E+20,5.39764E+21,9.94332E+15,4.87279E+16
158876,8.17122E+18,8,1,35,19,2017,12,21,5,2,5,3,0,1,0,0,0,2,1,5.85015E+20,5.39362E+21,1.01552E+16,4.86898E+16
158877,8.17122E+18,8,1,28,139,2017,12,14,5,2,5,3,0,1,0,1,0,0,1,5.51175E+20,5.49047E+21,9.7077E+15,4.95646E+16
158878,8.17122E+18,8,1,26,46,2017,12,16,5,3,5,3,0,1,0,0,0,1,1,5.49525E+20,5.45928E+21,9.68099E+15,4.92843E+16
158879,8.17122E+18,8,1,21,0,2017,12,14,5,2,0,1,1,0,0,0,0,0,1,5.15724E+20,5.44517E+21,9.21567E+15,4.91591E+16
158880,8.17122E+18,8,1,25,6,2017,12,11,5,3,6,4,0,1,1,0,0,0,1,5.07479E+20,5.45387E+21,9.10274E+15,4.92375E+16
158881,8.17122E+18,8,1,19,67,2017,12,17,5,3,6,4,0,1,1,0,0,2,1,5.38723E+20,5.40613E+21,9.52738E+15,4.8807E+16
158882,8.17122E+18,8,1,19,8,2017,12,22,5,3,1,5,0,1,0,0,0,2,1,5.31348E+20,5.42299E+21,9.42823E+15,4.8959E+16
158883,8.17122E+18,8,1,19,84,2017,12,12,5,2,2,1,1,1,0,0,0,0,1,5.46324E+20,5.41379E+21,9.63177E+15,4.88753E+16
158884,8.17122E+18,8,1,18,60,2017,12,20,5,3,5,3,0,1,0,0,0,2,1,5.23517E+20,5.4302E+21,9.32168E+15,4.90242E+16
158885,8.17122E+18,8,1,18,18,2017,12,6,5,3,2,6,0,1,0,0,0,2,1,5.12004E+20,5.43012E+21,9.1642E+15,4.90238E+16
158886,8.17122E+18,8,1,15,24,2017,12,13,5,2,5,3,0,1,0,0,0,0,1,5.00682E+20,5.38799E+21,9.00927E+15,4.8645E+16
158887,8.17122E+18,8,1,17,26,2017,12,13,5,3,6,7,0,1,1,0,0,0,1,5.48002E+20,5.39479E+21,9.65242E+15,4.87043E+16
158888,8.17122E+18,8,1,16,35,2017,12,18,5,3,4,2,0,1,0,1,0,2,1,5.26203E+20,5.39223E+21,9.35599E+15,4.86826E+16
158889,8.17122E+18,8,1,16,12,2017,12,5,5,3,1,7,0,1,0,0,0,2,1,5.36247E+20,5.38287E+21,9.49162E+15,4.85979E+16
158890,8.17122E+18,8,1,16,80,2017,12,17,5,3,2,6,0,1,0,0,0,2,1,5.1999E+20,5.39635E+21,9.27178E+15,4.87199E+16
158891,8.17122E+18,8,1,16,19,2017,12,18,5,3,5,3,1,1,0,0,0,2,1,5.23395E+20,5.39839E+21,9.31819E+15,4.87381E+16
158892,8.17122E+18,8,1,16,19,2017,12,16,5,3,2,6,0,1,0,0,0,2,1,5.21206E+20,5.39721E+21,9.28836E+15,4.87276E+16
158893,8.17122E+18,8,1,15,41,2017,12,11,5,2,6,4,1,1,1,0,0,0,1,4.95662E+20,5.40202E+21,8.94096E+15,4.87712E+16
158894,8.17122E+18,8,1,15,28,2017,12,7,5,3,6,4,0,1,1,0,0,2,1,5.01175E+20,5.40547E+21,9.01599E+15,4.88022E+16
158895,8.17122E+18,8,1,11,0,2017,12,18,5,3,0,7,1,0,0,0,0,2,0,5.1239E+20,5.40664E+21,9.16877E+15,4.88126E+16
158896,8.17122E+18,8,1,11,0,2017,12,17,5,3,6,4,0,1,1,0,0,2,1,5.17437E+20,5.40257E+21,9.23733E+15,4.87759E+16
158897,8.17122E+18,8,4,35,57,2017,12,13,4,3,0,7,0,1,0,0,0,0,0,5.4434E+20,5.28016E+21,9.59069E+15,4.76733E+16
158898,8.17122E+18,8,4,26,21,2017,12,13,4,2,5,7,1,1,0,0,0,0,1,5.5917E+20,5.3278E+21,9.79476E+15,4.81007E+16
158899,8.17122E+18,8,4,21,0,2017,12,17,4,3,6,7,0,1,1,0,0,2,0,5.71511E+20,5.35972E+21,9.96589E+15,4.83866E+16
158900,8.17122E+18,8,4,21,0,2017,12,20,4,3,2,6,0,1,0,0,0,2,1,5.72858E+20,5.3612E+21,9.98434E+15,4.83998E+16
158901,8.17122E+18,8,4,16,25,2017,12,16,4,2,6,4,0,1,1,0,0,2,1,5.03701E+20,5.36126E+21,9.05E+15,4.84045E+16
158902,8.17122E+18,8,4,16,41,2017,12,20,4,3,6,4,0,1,1,0,0,2,1,5.04839E+20,5.3734E+21,9.06552E+15,4.85137E+16
158903,8.17122E+18,8,4,15,61,2017,12,22,4,3,0,1,0,0,0,1,0,2,1,5.15893E+20,5.37086E+21,9.2151E+15,4.84907E+16
158904,8.17122E+18,8,3,26,31,2017,12,11,4,2,6,4,0,1,1,0,0,0,0,4.56781E+20,5.33193E+21,8.41905E+15,4.81391E+16
158905,8.17122E+18,8,3,26,12,2017,12,8,4,3,5,3,0,1,0,0,1,0,1,4.63483E+20,5.31136E+21,8.51089E+15,4.79545E+16
158906,8.17122E+18,8,3,17,89,2017,12,7,4,3,6,2,0,1,1,0,0,2,1,4.31397E+20,5.37538E+21,8.07081E+15,4.85277E+16
158907,8.17122E+18,8,3,17,141,2017,12,7,4,3,5,7,1,1,0,0,0,0,1,4.18656E+20,5.3768E+21,7.89799E+15,4.85391E+16
158908,8.17122E+18,8,3,17,1,2017,12,7,4,3,5,3,0,1,0,1,0,2,1,4.32272E+20,5.38551E+21,8.08101E+15,4.8619E+16
158909,8.17122E+18,8,3,15,6,2017,12,7,4,3,5,3,0,1,0,0,0,0,1,4.0383E+20,5.30792E+21,7.71282E+15,4.79174E+16
158910,8.17122E+18,8,2,26,98,2017,12,14,4,2,2,6,0,1,0,0,1,0,1,4.75719E+20,5.45775E+21,8.66621E+15,4.9272E+16
158911,8.17122E+18,8,2,36,40,2017,12,14,4,3,4,1,0,1,0,0,0,0,1,4.8912E+20,5.4223E+21,8.85139E+15,4.89535E+16
158912,8.17122E+18,8,2,22,0,2017,12,15,4,3,5,5,1,1,0,0,0,0,1,4.6048E+20,5.48267E+21,8.45426E+15,4.94953E+16
158913,8.17122E+18,8,2,21,0,2017,12,11,4,3,0,1,0,0,0,1,0,0,1,4.76548E+20,5.47322E+21,8.6767E+15,4.94112E+16
158914,8.17122E+18,8,2,16,12,2017,12,15,4,3,5,3,0,1,0,0,0,0,1,4.42412E+20,5.41977E+21,8.21378E+15,4.89282E+16
158915,8.17122E+18,8,2,15,103,2017,12,7,4,3,5,3,0,1,0,1,0,1,1,4.66842E+20,5.44267E+21,8.54543E+15,4.9136E+16
158916,8.17122E+18,8,2,15,17,2017,12,20,4,3,5,3,0,1,0,1,0,2,1,4.56653E+20,5.42135E+21,8.40803E+15,4.89435E+16
158917,8.17122E+18,8,2,11,0,2017,12,7,4,3,6,2,0,1,1,0,0,2,1,4.44195E+20,5.40109E+21,8.24068E+15,4.87603E+16
158918,8.17122E+18,8,1,36,88,2017,12,7,4,3,6,4,0,1,1,0,0,2,1,5.81042E+20,5.41252E+21,1.01049E+16,4.88604E+16
158919,8.17122E+18,8,1,36,19,2017,12,8,4,2,1,5,0,0,0,0,1,0,1,5.86228E+20,5.42372E+21,1.0178E+16,4.89604E+16
158920,8.17122E+18,8,1,21,0,2017,12,21,4,2,6,2,0,1,1,0,0,2,1,5.13147E+20,5.4406E+21,9.18017E+15,4.91181E+16
158921,8.17122E+18,8,1,21,0,2017,12,14,4,3,5,3,0,1,0,0,0,0,1,5.1467E+20,5.44558E+21,9.20123E+15,4.91628E+16
158922,8.17122E+18,8,1,21,0,2017,12,6,4,3,5,3,0,1,0,0,0,2,0,5.11823E+20,5.44774E+21,9.16223E+15,4.91823E+16
158923,8.17122E+18,8,1,21,0,2017,12,7,4,3,6,4,0,1,1,0,0,0,1,5.16088E+20,5.44441E+21,9.22062E+15,4.91523E+16
158924,8.17122E+18,8,1,18,48,2017,12,6,4,3,4,6,1,0,0,0,0,2,1,5.11537E+20,5.41513E+21,9.15738E+15,4.8889E+16
158925,8.17122E+18,8,1,18,48,2017,12,12,4,3,8,1,0,1,0,0,0,0,1,5.12923E+20,5.41652E+21,9.17634E+15,4.89015E+16
158926,8.17122E+18,8,1,18,46,2017,12,7,4,3,6,4,0,1,1,0,0,1,1,5.13584E+20,5.41131E+21,9.18518E+15,4.88546E+16
158927,8.17122E+18,8,1,17,26,2017,12,12,4,3,6,4,0,1,1,0,0,0,1,5.47968E+20,5.39443E+21,9.65192E+15,4.8701E+16
158928,8.17122E+18,8,1,15,28,2017,12,8,4,3,6,4,0,1,1,0,0,1,0,5.01285E+20,5.40472E+21,9.0175E+15,4.87954E+16
158929,8.17122E+18,8,1,11,0,2017,12,8,4,3,5,3,0,1,0,1,0,0,1,5.14227E+20,5.4036E+21,9.19367E+15,4.87853E+16
158930,8.17122E+18,8,1,11,0,2017,12,12,4,3,5,3,0,1,0,1,0,0,1,5.17609E+20,5.40225E+21,9.23967E+15,4.8773E+16
158931,8.17122E+18,8,4,21,0,2017,12,13,3,3,1,6,0,1,0,0,0,0,1,5.72295E+20,5.36076E+21,9.97666E+15,4.83959E+16
158932,8.17122E+18,8,4,15,61,2017,12,6,3,3,5,3,0,1,0,1,0,2,1,5.11642E+20,5.37131E+21,9.15758E+15,4.84948E+16
158933,8.17122E+18,8,3,37,116,2017,12,15,3,2,6,4,0,1,1,0,0,0,1,4.17742E+20,5.27456E+21,7.9053E+15,4.76192E+16
158934,8.17122E+18,8,3,17,57,2017,12,18,3,3,5,3,0,1,0,0,0,2,1,4.12757E+20,5.38049E+21,7.81733E+15,4.85714E+16
158935,8.17122E+18,8,3,17,1,2017,12,15,3,3,5,2,1,1,0,0,0,0,0,4.30762E+20,5.38672E+21,8.06033E+15,4.86297E+16
158936,8.17122E+18,8,3,16,56,2017,12,15,3,3,0,1,0,1,0,0,0,0,1,4.22672E+20,5.32736E+21,7.96146E+15,4.80948E+16
158937,8.17122E+18,8,3,11,0,2017,12,14,3,3,1,5,0,1,0,0,0,0,1,4.1148E+20,5.3235E+21,7.81198E+15,4.80587E+16
158938,8.17122E+18,8,3,11,0,2017,12,15,3,3,0,1,1,0,0,0,0,0,0,4.13847E+20,5.31584E+21,7.84528E+15,4.799E+16
158939,8.17122E+18,8,2,12,0,2017,12,15,3,3,6,4,0,1,1,0,0,0,0,4.57139E+20,5.42864E+21,8.4139E+15,4.90092E+16
158940,8.17122E+18,8,2,12,0,2017,12,15,3,3,5,3,0,1,0,0,0,0,0,4.58724E+20,5.42933E+21,8.43551E+15,4.90155E+16
158941,,14,6,28,270,2017,2,16,4,3,2,6,0,1,0,0,0,0,1,8.46876E+20,5.65624E+21,1.39397E+16,5.09532E+16
158942,,14,6,12,0,2017,2,21,4,3,6,7,0,1,1,0,0,2,2,8.29525E+20,5.66437E+21,1.37009E+16,5.10362E+16
158943,,14,6,12,0,2017,2,8,4,2,6,4,0,1,1,0,0,0,2,8.30426E+20,5.66666E+21,1.37158E+16,5.10562E+16
158944,,14,5,22,10,2017,2,17,4,3,0,1,0,0,0,1,0,1,1,7.77484E+20,5.65336E+21,1.29521E+16,5.09649E+16
158945,,14,5,21,180,2017,2,8,4,3,4,1,0,1,0,0,0,0,2,7.76424E+20,5.61046E+21,1.29048E+16,5.05805E+16
158946,,14,5,11,0,2017,2,7,4,3,6,2,0,1,1,0,0,0,1,7.74722E+20,5.63842E+21,1.29017E+16,5.08322E+16
158947,,14,5,21,710,2017,2,7,4,2,9,1,0,1,0,0,0,0,2,7.68482E+20,5.61505E+21,1.27962E+16,5.06254E+16
158948,,14,5,24,330,2017,1,17,3,3,0,7,0,1,0,0,0,1,1,7.48698E+20,5.62602E+21,1.25245E+16,5.07327E+16
158949,,14,7,13,0,2017,1,7,3,3,5,3,0,1,0,0,1,1,1,7.36916E+20,5.69317E+21,1.24017E+16,5.13404E+16
158950,,14,7,13,0,2017,1,10,3,3,5,3,0,1,0,0,1,0,1,7.32323E+20,5.69063E+21,1.23342E+16,5.13195E+16
158951,,14,7,13,0,2017,1,15,3,3,2,2,0,1,0,0,0,0,1,7.3261E+20,5.6923E+21,1.23394E+16,5.13344E+16
158952,,14,7,13,0,2017,1,18,3,3,8,1,0,1,0,0,0,2,1,7.39377E+20,5.68739E+21,1.24331E+16,5.12875E+16
158953,,14,7,13,0,2017,1,18,3,3,2,6,0,1,0,0,0,2,2,7.3076E+20,5.69629E+21,1.23155E+16,5.13709E+16
158954,,14,7,13,0,2017,1,16,3,2,5,3,0,1,0,1,0,0,1,7.31775E+20,5.69102E+21,1.23266E+16,5.13232E+16
158955,,14,6,28,260,2017,1,8,3,3,4,6,0,1,0,0,0,0,2,8.64773E+20,5.66603E+21,1.42033E+16,5.10298E+16
158956,,14,6,28,270,2017,1,15,3,3,5,3,0,1,0,0,0,0,1,8.47087E+20,5.65922E+21,1.39455E+16,5.09798E+16
158957,,14,6,27,140,2017,1,16,3,3,2,1,0,1,0,0,1,0,1,8.13876E+20,5.67727E+21,1.34896E+16,5.11605E+16
158958,,14,6,12,0,2017,1,17,3,3,5,3,1,1,0,0,0,1,2,8.32257E+20,5.67365E+21,1.37482E+16,5.11177E+16
158959,,14,5,11,0,2017,1,7,3,3,6,2,0,0,1,0,1,1,2,7.77387E+20,5.63897E+21,1.29398E+16,5.08358E+16
158960,,14,5,11,0,2017,1,11,3,3,5,3,0,1,0,0,1,0,1,7.78474E+20,5.63851E+21,1.29549E+16,5.08312E+16
158961,,14,5,24,330,2017,1,13,2,3,6,4,0,1,1,0,0,0,0,7.46838E+20,5.62467E+21,1.24973E+16,5.07213E+16
158962,,14,7,30,330,2017,1,14,2,3,9,1,0,1,0,0,0,0,1,7.74843E+20,5.68824E+21,1.29412E+16,5.1279E+16
158963,,14,7,13,0,2017,1,15,2,3,0,5,1,1,0,0,0,0,1,7.37183E+20,5.69375E+21,1.24059E+16,5.13454E+16
158964,,14,7,13,0,2017,1,11,2,2,3,2,1,0,0,0,1,0,1,7.3659E+20,5.69378E+21,1.23975E+16,5.1346E+16
158965,,14,7,13,0,2017,1,6,2,3,5,2,0,1,0,0,1,2,0,7.40593E+20,5.7002E+21,1.24592E+16,5.14019E+16
158966,,14,6,26,110,2017,1,8,2,3,3,5,0,1,0,0,0,0,2,9.18803E+20,5.68319E+21,1.49896E+16,5.11465E+16
158967,,14,6,28,270,2017,1,8,2,3,0,7,0,1,0,0,1,0,0,8.46284E+20,5.656E+21,1.39311E+16,5.09514E+16
158968,,14,6,27,10,2017,1,10,2,3,6,7,0,1,1,0,0,0,2,8.20684E+20,5.67462E+21,1.35843E+16,5.1133E+16
158969,,14,6,12,0,2017,1,15,2,2,9,1,0,1,0,0,0,0,1,8.31549E+20,5.66727E+21,1.37323E+16,5.1061E+16
158970,,14,6,12,0,2017,1,8,2,3,2,3,0,1,0,0,0,0,0,8.35151E+20,5.66601E+21,1.37824E+16,5.10476E+16
158971,,14,6,12,0,2017,1,16,2,3,1,1,0,1,0,0,0,0,2,8.32123E+20,5.66488E+21,1.37383E+16,5.10392E+16
158972,,14,6,12,0,2017,1,19,2,3,2,2,1,1,0,0,0,2,2,8.34791E+20,5.66669E+21,1.37779E+16,5.1054E+16
158973,,14,6,12,0,2017,1,13,2,2,6,7,0,1,1,0,0,0,0,8.30866E+20,5.66594E+21,1.37214E+16,5.10495E+16
158974,,14,6,12,0,2017,1,15,2,3,5,3,0,1,0,0,1,0,1,8.32034E+20,5.6705E+21,1.37422E+16,5.10896E+16
158975,,14,5,11,0,2017,1,6,2,3,4,2,1,1,0,0,0,1,0,7.7721E+20,5.63822E+21,1.29368E+16,5.08292E+16
158976,,14,5,23,320,2017,1,19,1,3,1,3,1,1,0,0,0,2,0,7.22933E+20,5.59862E+21,1.21435E+16,5.0497E+16
158977,,14,7,13,0,2017,1,17,1,3,5,3,0,1,0,0,0,2,0,7.39916E+20,5.69454E+21,1.24456E+16,5.13514E+16
158978,,14,5,24,100,2017,1,11,7,3,4,5,0,1,0,0,0,0,1,7.50932E+20,5.61141E+21,1.25462E+16,5.06005E+16
158979,,14,7,30,150,2017,1,11,7,3,2,2,1,1,0,0,0,0,0,7.39416E+20,5.70717E+21,1.2447E+16,5.1465E+16
158980,,14,7,13,0,2017,1,16,7,2,6,4,0,0,1,0,1,1,0,7.35551E+20,5.69297E+21,1.2382E+16,5.13391E+16
158981,,14,6,12,0,2017,1,10,7,3,5,3,0,1,0,0,0,0,0,8.37068E+20,5.66455E+21,1.38083E+16,5.10335E+16
158982,,14,6,12,0,2017,1,13,7,3,2,6,0,1,0,0,0,0,0,8.33002E+20,5.66529E+21,1.37511E+16,5.10424E+16
158983,,14,6,12,0,2017,1,17,7,3,5,3,0,0,0,0,1,2,0,8.35357E+20,5.66457E+21,1.3784E+16,5.10346E+16
158984,,14,5,21,170,2017,1,12,7,3,5,3,0,1,0,0,0,0,1,7.55791E+20,5.59996E+21,1.26068E+16,5.04957E+16
158985,,14,5,11,0,2017,1,11,7,3,2,6,0,1,0,0,0,0,1,7.7335E+20,5.6385E+21,1.28823E+16,5.08335E+16
158986,,14,7,30,250,2017,1,14,6,3,5,3,0,1,0,0,0,0,0,7.35458E+20,5.70366E+21,1.23878E+16,5.14352E+16
158987,,14,7,29,160,2017,1,12,6,3,1,6,0,1,0,0,0,0,2,7.59407E+20,5.68197E+21,1.27158E+16,5.12301E+16
158988,,14,7,29,80,2017,1,1,6,2,8,1,0,1,0,0,0,2,0,7.68566E+20,5.6706E+21,1.28382E+16,5.11238E+16
158989,,14,7,30,270,2017,1,18,6,3,6,7,0,1,1,0,0,2,0,7.23318E+20,5.69844E+21,1.22101E+16,5.13932E+16
158990,,14,7,13,0,2017,1,21,6,3,3,5,1,1,0,0,0,2,0,7.34324E+20,5.69588E+21,1.23663E+16,5.13658E+16
158991,,14,7,13,0,2017,1,16,6,2,6,4,0,1,1,0,0,0,1,7.40172E+20,5.68926E+21,1.24457E+16,5.13039E+16
158992,,14,6,28,30,2017,1,11,6,3,6,6,0,1,1,0,0,0,2,8.62479E+20,5.65362E+21,1.41583E+16,5.09201E+16
158993,,14,6,12,0,2017,1,5,6,3,5,3,1,1,0,0,0,2,0,8.35865E+20,5.66279E+21,1.37895E+16,5.10183E+16
158994,,14,6,12,0,2017,1,19,6,2,6,4,0,1,1,0,0,2,0,8.36567E+20,5.66659E+21,1.3803E+16,5.1052E+16
158995,,14,6,12,0,2017,1,14,6,3,6,7,0,1,1,0,0,0,0,8.31223E+20,5.66632E+21,1.37268E+16,5.10527E+16
158996,,14,7,13,0,2017,1,11,5,3,5,3,1,0,0,0,1,0,0,7.33852E+20,5.69345E+21,1.2358E+16,5.13441E+16
158997,,14,5,24,330,2017,1,15,5,3,5,2,0,1,0,0,1,0,0,7.46903E+20,5.62368E+21,1.24975E+16,5.07124E+16
158998,,14,7,30,310,2017,1,12,5,3,6,7,0,1,1,0,0,0,1,7.77553E+20,5.7195E+21,1.30044E+16,5.15582E+16
158999,,14,7,29,350,2017,1,8,5,3,4,6,0,1,0,0,0,0,1,7.27435E+20,5.67376E+21,1.22535E+16,5.117E+16
159000,,14,7,13,0,2017,1,8,5,3,6,4,0,0,1,0,1,0,0,7.35059E+20,5.69045E+21,1.23733E+16,5.13167E+16
159001,,14,7,13,0,2017,1,15,5,3,0,7,1,1,0,0,0,0,0,7.35163E+20,5.69339E+21,1.23767E+16,5.13431E+16
159002,,14,7,13,0,2017,1,23,5,3,8,1,0,1,0,0,0,2,0,7.36394E+20,5.69522E+21,1.23956E+16,5.1359E+16
159003,,14,7,13,0,2017,1,11,5,2,3,2,1,1,0,0,0,0,0,7.36772E+20,5.69202E+21,1.23989E+16,5.13301E+16
159004,,14,6,26,530,2017,1,7,5,3,4,6,0,1,0,0,1,1,2,8.93638E+20,5.65821E+21,1.46045E+16,5.09408E+16
159005,,14,6,25,370,2017,1,1,5,3,7,7,0,0,0,1,0,2,2,8.45505E+20,5.69256E+21,1.3955E+16,5.12794E+16
159006,,14,6,12,0,2017,1,19,5,3,3,2,0,1,0,0,0,2,0,8.30682E+20,5.66644E+21,1.37192E+16,5.10541E+16
159007,,14,5,11,0,2017,1,16,5,2,5,3,0,1,0,0,1,0,2,7.78165E+20,5.63644E+21,1.29489E+16,5.08128E+16
159008,,14,5,24,280,2017,1,13,4,3,5,3,0,1,0,0,0,0,1,7.5686E+20,5.63538E+21,1.26464E+16,5.08131E+16
159009,,14,7,13,0,2017,1,10,4,3,2,6,0,1,0,0,0,0,1,7.34841E+20,5.69179E+21,1.23711E+16,5.13288E+16
159010,,14,7,13,0,2017,1,19,4,3,2,6,0,1,0,1,0,2,1,7.28459E+20,5.6895E+21,1.22782E+16,5.13109E+16
159011,,14,6,12,0,2017,1,13,4,3,2,6,1,0,0,0,1,0,1,8.30175E+20,5.66925E+21,1.37146E+16,5.10795E+16
159012,,14,6,12,0,2017,1,0,4,2,9,1,0,1,0,0,0,2,1,8.36884E+20,5.66093E+21,1.38023E+16,5.10011E+16
159013,,14,6,12,0,2017,1,11,4,2,5,3,1,0,0,0,1,0,1,8.33482E+20,5.66611E+21,1.37587E+16,5.10495E+16
159014,,14,6,12,0,2017,1,13,4,3,6,4,0,0,1,0,1,0,1,8.32431E+20,5.66606E+21,1.37437E+16,5.10496E+16
159015,,14,7,13,0,2017,1,11,3,3,2,2,0,1,0,0,0,0,2,7.3419E+20,5.69289E+21,1.23625E+16,5.13389E+16
159016,,14,7,30,110,2017,1,15,3,2,5,3,1,1,0,0,0,0,0,7.5398E+20,5.70804E+21,1.26569E+16,5.14664E+16