OBJECTID,UIDENTSTLA,ULAND,UREGBEZ,UKREIS,UGEMEINDE,UJAHR,UMONAT,USTUNDE,UWOCHENTAG,UKATEGORIE,UART,UTYP1,IstRad,IstPKW,IstFuss,IstKrad,IstSonstig,LICHT,STRZUSTAND,LINREFX,LINREFY,XGCSWGS84,YGCSWGS84
159017,,14,7,13,0,2017,1,10,3,3,6,4,0,0,1,0,1,0,1,7.29035E+20,5.69083E+21,1.22873E+16,5.13226E+16
159018,,14,7,13,0,2017,1,20,3,3,5,2,0,1,0,0,0,2,2,7.32336E+20,5.69622E+21,1.23381E+16,5.13696E+16
159019,,14,7,13,0,2017,1,9,3,3,1,1,0,1,0,0,1,0,2,7.34609E+20,5.69281E+21,1.23684E+16,5.13381E+16
159020,,14,6,25,240,2017,1,7,3,3,0,6,1,1,0,0,0,1,1,8.6672E+20,5.71249E+21,1.42785E+16,5.14446E+16
159021,,14,6,26,330,2017,1,5,3,3,0,1,1,0,0,0,0,2,1,9.1735E+20,5.69373E+21,1.49812E+16,5.12418E+16
159022,,14,6,12,0,2017,1,18,3,3,5,3,0,1,0,0,0,2,2,8.34763E+20,5.66435E+21,1.37753E+16,5.1033E+16
159023,,14,5,11,0,2017,1,14,3,3,1,3,0,1,0,0,0,0,1,7.73211E+20,5.63948E+21,1.28811E+16,5.08424E+16
159024,,14,5,22,440,2017,1,13,3,3,0,5,0,1,0,0,1,0,1,7.94782E+20,5.64547E+21,1.31915E+16,5.08855E+16
159025,,14,5,24,300,2017,1,10,2,3,2,2,0,1,0,0,0,0,0,7.38058E+20,5.62677E+21,1.23744E+16,5.07438E+16
159026,,14,7,30,45,2017,1,16,2,2,0,7,1,0,0,0,0,0,2,7.76134E+20,5.70557E+21,1.29731E+16,5.14339E+16
159027,,14,7,30,280,2017,1,13,2,3,1,7,0,1,0,0,1,0,0,7.42656E+20,5.71292E+21,1.24975E+16,5.15152E+16
159028,,14,7,29,320,2017,1,8,2,3,6,3,0,1,1,0,0,0,0,7.38581E+20,5.67205E+21,1.24115E+16,5.11501E+16
159029,,14,7,13,0,2017,1,8,2,3,5,3,0,1,0,0,0,0,2,7.42139E+20,5.69284E+21,1.24763E+16,5.13352E+16
159030,,14,7,13,0,2017,1,16,2,3,0,1,0,0,0,1,0,0,1,7.37498E+20,5.69706E+21,1.24127E+16,5.1375E+16
159031,,14,7,13,0,2017,1,7,2,3,2,6,0,1,0,0,0,1,2,7.36124E+20,5.69557E+21,1.2392E+16,5.13623E+16
159032,,14,7,13,0,2017,1,15,2,2,5,2,0,1,0,0,0,0,0,7.35739E+20,5.69536E+21,1.23863E+16,5.13605E+16
159033,,14,7,13,0,2017,1,21,2,3,5,3,0,1,0,0,0,1,1,7.34978E+20,5.69604E+21,1.23758E+16,5.13669E+16
159034,,14,6,26,50,2017,1,7,2,3,6,7,0,1,1,0,0,0,0,9.03284E+20,5.65483E+21,1.47374E+16,5.09039E+16
159035,,14,6,25,240,2017,1,7,2,3,3,2,1,1,0,0,0,2,1,8.65846E+20,5.7116E+21,1.4265E+16,5.14372E+16
159036,,14,6,12,0,2017,1,7,2,2,6,4,0,1,1,0,0,0,1,8.30983E+20,5.669E+21,1.37258E+16,5.10769E+16
159037,,14,6,12,0,2017,1,9,2,3,5,3,1,1,0,0,0,0,0,8.35075E+20,5.66298E+21,1.37785E+16,5.10205E+16
159038,,14,6,12,0,2017,1,16,2,3,0,1,1,0,0,0,0,1,2,8.37615E+20,5.66398E+21,1.38155E+16,5.1028E+16
159039,,14,6,12,0,2017,1,15,2,2,0,1,1,0,0,0,0,0,2,8.34003E+20,5.66636E+21,1.37664E+16,5.10514E+16
159040,,14,5,11,0,2017,1,16,2,3,4,6,1,1,0,0,0,0,2,7.73562E+20,5.63899E+21,1.28857E+16,5.08378E+16
159041,,14,5,11,0,2017,1,8,2,3,2,6,0,1,0,0,0,0,1,7.74713E+20,5.63472E+21,1.28988E+16,5.0799E+16
159042,,14,7,13,0,2017,1,1,1,3,3,6,0,1,0,0,0,2,1,7.35762E+20,5.69289E+21,1.2385E+16,5.13383E+16
159043,,14,7,13,0,2017,1,15,1,3,2,6,0,1,0,0,0,0,0,7.33392E+20,5.6935E+21,1.23514E+16,5.13448E+16
159044,,14,7,29,270,2017,1,8,1,3,8,1,0,1,0,0,0,0,1,7.27546E+20,5.68665E+21,1.22633E+16,5.12857E+16
159045,,14,5,24,330,2017,1,20,7,3,6,4,0,1,1,0,0,2,1,7.44644E+20,5.62153E+21,1.24642E+16,5.06941E+16
159046,,14,5,24,300,2017,1,15,7,3,5,3,0,1,0,0,0,0,1,7.38228E+20,5.62551E+21,1.2376E+16,5.07324E+16
159047,,14,7,29,250,2017,1,9,7,3,5,3,0,1,0,0,0,0,2,7.52886E+20,5.69685E+21,1.26332E+16,5.13665E+16
159048,,14,7,29,330,2017,1,9,7,3,4,6,0,1,0,0,0,0,0,7.51178E+20,5.67816E+21,1.25955E+16,5.11996E+16
159049,,14,7,13,0,2017,1,9,7,3,2,2,0,1,0,0,0,0,0,7.36065E+20,5.69382E+21,1.239E+16,5.13466E+16
159050,,14,7,13,0,2017,1,15,7,3,3,6,1,1,0,0,0,0,1,7.38235E+20,5.6924E+21,1.24201E+16,5.13329E+16
159051,,14,7,13,0,2017,1,15,7,2,8,1,0,1,0,0,0,0,0,7.39639E+20,5.69234E+21,1.24402E+16,5.13317E+16
159052,,14,6,27,40,2017,1,13,7,3,5,3,0,1,0,0,0,0,0,8.03717E+20,5.69566E+21,1.33603E+16,5.13309E+16
159053,,14,6,12,0,2017,1,13,7,3,3,6,1,1,0,0,0,0,0,8.30807E+20,5.66984E+21,1.37241E+16,5.10845E+16
159054,,14,5,11,0,2017,1,10,7,3,6,6,0,1,1,0,0,0,2,7.8091E+20,5.63847E+21,1.29894E+16,5.08297E+16
159055,,14,5,24,330,2017,1,18,6,3,6,4,0,1,1,0,0,2,1,7.45806E+20,5.62745E+21,1.24845E+16,5.07467E+16
159056,,14,5,24,330,2017,1,13,6,3,5,3,0,1,0,0,0,0,1,7.44147E+20,5.62198E+21,1.24574E+16,5.06983E+16
159057,,14,7,13,0,2017,1,19,6,3,2,2,0,1,0,0,0,2,1,7.3684E+20,5.69588E+21,1.24024E+16,5.13647E+16
159058,,14,6,26,600,2017,1,10,6,2,5,3,0,1,0,0,0,0,2,8.91548E+20,5.7204E+21,1.46428E+16,5.14988E+16
159059,,14,6,27,210,2017,1,9,6,3,9,1,0,1,0,0,0,0,2,8.27648E+20,5.67092E+21,1.36801E+16,5.1096E+16
159060,,14,6,12,0,2017,1,15,6,3,2,6,0,1,0,0,0,0,0,8.31886E+20,5.66662E+21,1.37365E+16,5.1055E+16
159061,,14,5,11,0,2017,1,12,6,3,1,6,0,1,0,0,1,0,1,7.74602E+20,5.63756E+21,1.28993E+16,5.08245E+16
159062,,14,5,11,0,2017,1,16,6,3,2,6,0,1,0,0,0,0,1,7.74297E+20,5.63829E+21,1.28956E+16,5.08313E+16
159063,,14,7,13,0,2017,1,12,5,3,6,4,0,1,1,0,0,0,0,7.30921E+20,5.69178E+21,1.23149E+16,5.13303E+16
159064,,14,7,13,0,2017,1,19,5,3,3,2,1,1,0,0,0,2,1,7.34744E+20,5.6909E+21,1.23691E+16,5.13209E+16
159065,,14,7,13,0,2017,1,10,5,3,5,3,0,1,0,0,0,0,0,7.32058E+20,5.69294E+21,1.23319E+16,5.13403E+16
159066,,14,7,13,0,2017,1,17,5,3,5,3,0,1,0,0,0,2,2,7.39759E+20,5.68823E+21,1.24391E+16,5.12949E+16
159067,,14,6,26,610,2017,1,11,5,3,1,1,0,1,0,0,0,0,2,9.08E+20,5.65517E+21,1.48045E+16,5.09036E+16
159068,,14,6,27,230,2017,1,17,5,3,4,7,0,1,0,0,0,2,1,7.99864E+20,5.692E+21,1.33021E+16,5.13002E+16
159069,,14,6,28,110,2017,1,7,5,3,5,3,0,1,0,0,1,0,1,8.26016E+20,5.66062E+21,1.36476E+16,5.10045E+16
159070,,14,6,12,0,2017,1,11,5,2,0,7,0,1,0,0,1,0,0,8.36345E+20,5.66667E+21,1.37999E+16,5.10528E+16
159071,,14,6,12,0,2017,1,16,5,3,5,2,1,1,0,0,0,0,0,8.32707E+20,5.66628E+21,1.37479E+16,5.10515E+16
159072,,14,6,12,0,2017,1,20,5,2,6,4,0,1,1,0,0,2,2,8.36007E+20,5.66566E+21,1.37942E+16,5.1044E+16
159073,,14,6,12,0,2017,1,6,5,3,2,2,0,1,0,0,0,2,0,8.30755E+20,5.66651E+21,1.37203E+16,5.10547E+16
159074,,14,6,12,0,2017,1,9,5,3,0,5,0,1,0,0,1,0,1,8.3063E+20,5.66706E+21,1.3719E+16,5.10596E+16
159075,,14,5,11,0,2017,1,17,5,3,2,1,0,1,0,0,0,2,2,7.75386E+20,5.63791E+21,1.29107E+16,5.08273E+16
159076,,14,5,11,0,2017,1,8,5,3,2,6,0,1,0,0,0,0,2,7.77277E+20,5.6371E+21,1.29369E+16,5.08191E+16
159077,,14,5,11,0,2017,1,8,5,3,2,6,0,1,0,0,0,0,1,7.76455E+20,5.63871E+21,1.29264E+16,5.0834E+16
159078,,14,5,11,0,2017,1,11,5,3,1,6,0,1,0,0,0,0,2,7.7069E+20,5.64203E+21,1.28472E+16,5.08664E+16
159079,,14,7,29,410,2017,1,14,4,3,3,3,1,0,0,0,1,0,2,7.60986E+20,5.69848E+21,1.27505E+16,5.13775E+16
159080,,14,7,13,0,2017,1,8,4,3,5,3,0,1,0,0,1,0,1,7.36524E+20,5.69983E+21,1.24005E+16,5.14003E+16
159081,,14,6,12,0,2017,1,18,4,2,6,4,0,1,1,0,0,2,1,8.31365E+20,5.66906E+21,1.37313E+16,5.10771E+16
159082,,14,6,12,0,2017,1,14,4,3,6,4,0,1,1,0,0,0,1,8.39367E+20,5.66661E+21,1.38428E+16,5.10505E+16
159083,,14,5,22,50,2017,1,15,4,3,5,3,0,1,0,0,0,0,2,8.03974E+20,5.64399E+21,1.33205E+16,5.08675E+16
159084,,14,5,11,0,2017,1,18,4,3,3,6,0,1,0,0,0,2,1,7.74721E+20,5.63843E+21,1.29017E+16,5.08323E+16
159085,,14,5,11,0,2017,1,9,4,3,6,4,0,1,1,0,0,0,1,7.77966E+20,5.6366E+21,1.29462E+16,5.08143E+16
159086,,14,5,23,30,2017,1,16,3,3,0,4,0,1,1,0,0,0,2,7.35291E+20,5.56856E+21,1.22987E+16,5.02224E+16
159087,,14,7,13,0,2017,1,17,3,2,6,4,0,1,1,0,0,2,1,7.37422E+20,5.69708E+21,1.24116E+16,5.13752E+16
159088,,14,6,25,20,2017,1,14,3,3,2,6,0,1,0,0,1,0,1,8.78984E+20,5.68373E+21,1.44236E+16,5.1179E+16
159089,,14,6,12,0,2017,1,17,3,2,6,4,0,1,1,0,0,2,1,8.36561E+20,5.66383E+21,1.38004E+16,5.10273E+16
159090,,14,5,21,290,2017,1,6,3,2,6,7,0,1,1,0,0,1,2,7.58208E+20,5.62836E+21,1.26606E+16,5.07495E+16
159091,,14,5,24,160,2017,1,19,2,3,2,6,0,1,0,0,0,2,2,7.57031E+20,5.62788E+21,1.26436E+16,5.07457E+16
159092,,14,7,30,340,2017,1,6,2,3,5,3,0,1,0,0,0,2,2,7.2881E+20,5.71164E+21,1.22975E+16,5.15095E+16
159093,,14,6,28,360,2017,1,14,2,3,6,6,0,1,1,0,0,0,2,8.6974E+20,5.6601E+21,1.42678E+16,5.09735E+16
159094,,14,6,12,0,2017,1,16,2,3,0,7,0,1,0,0,1,2,1,8.314E+20,5.66612E+21,1.37291E+16,5.10508E+16
159095,,14,5,21,590,2017,1,6,2,3,6,4,0,1,1,0,0,2,1,7.66424E+20,5.62423E+21,1.27738E+16,5.07087E+16
159096,,14,5,11,0,2017,1,9,2,2,6,4,0,1,1,0,0,0,2,7.73131E+20,5.63849E+21,1.28792E+16,5.08336E+16
159097,,14,7,13,0,2017,1,9,1,3,8,1,0,1,0,0,0,0,1,7.37777E+20,5.69034E+21,1.24122E+16,5.13146E+16
159098,,14,6,28,270,2017,1,19,1,1,8,1,0,1,0,0,0,2,2,8.45572E+20,5.65812E+21,1.3923E+16,5.09708E+16
159099,,14,5,21,260,2017,1,15,1,2,6,4,0,1,1,0,0,0,2,7.69174E+20,5.61008E+21,1.28024E+16,5.05805E+16
159100,,14,5,24,230,2017,1,10,7,3,2,2,0,1,0,0,0,0,1,7.63904E+20,5.63375E+21,1.2745E+16,5.07953E+16
159101,,14,7,13,0,2017,1,20,7,3,1,1,0,1,0,0,0,2,2,7.37786E+20,5.69145E+21,1.2413E+16,5.13245E+16
159102,,14,6,28,110,2017,1,10,7,3,9,1,0,1,0,0,0,0,2,8.25275E+20,5.65789E+21,1.36347E+16,5.09805E+16
159103,,14,5,21,460,2017,1,15,7,3,5,3,0,1,0,0,0,0,2,8.07258E+20,5.62054E+21,1.33475E+16,5.06555E+16
159104,,14,5,11,0,2017,1,11,7,3,8,1,0,1,0,0,0,0,2,7.7684E+20,5.63941E+21,1.29324E+16,5.084E+16
159105,,14,5,23,320,2017,1,10,6,3,6,7,0,1,1,0,0,0,1,7.22157E+20,5.59785E+21,1.21321E+16,5.04905E+16
159106,,14,7,30,110,2017,1,5,6,2,0,1,1,0,0,0,0,2,2,7.52646E+20,5.70735E+21,1.26372E+16,5.14608E+16
159107,,14,7,13,0,2017,1,17,6,3,2,6,0,1,0,0,0,2,1,7.35548E+20,5.69291E+21,1.23819E+16,5.13386E+16
159108,,14,7,13,0,2017,1,21,6,3,5,2,0,1,0,0,0,2,1,7.34786E+20,5.6925E+21,1.23707E+16,5.13352E+16
159109,,14,7,13,0,2017,1,17,6,3,2,6,0,1,0,0,0,2,1,7.32934E+20,5.69105E+21,1.23433E+16,5.13229E+16
159110,,14,6,25,240,2017,1,4,6,3,8,1,0,1,0,0,0,2,2,8.62066E+20,5.71117E+21,1.42104E+16,5.14357E+16
159111,,14,6,26,110,2017,1,14,6,3,6,2,0,1,1,0,0,0,1,9.17769E+20,5.68562E+21,1.49778E+16,5.1169E+16
159112,,14,6,12,0,2017,1,14,6,2,5,2,0,1,0,0,0,0,1,8.36594E+20,5.66391E+21,1.38009E+16,5.10279E+16
159113,,14,6,12,0,2017,1,8,6,3,5,7,0,1,0,0,1,0,1,8.37193E+20,5.66344E+21,1.3809E+16,5.10234E+16
159114,,14,6,12,0,2017,1,13,6,2,5,3,0,1,0,0,1,0,1,8.29822E+20,5.66553E+21,1.37062E+16,5.10464E+16
159115,,14,5,21,550,2017,1,14,6,3,4,1,0,1,0,0,0,0,2,7.6662E+20,5.60669E+21,1.2764E+16,5.05513E+16
159116,,14,5,21,530,2017,1,14,6,3,9,1,0,1,0,0,0,0,2,7.57506E+20,5.61237E+21,1.26395E+16,5.06063E+16
159117,,14,5,21,50,2017,1,15,6,3,4,1,0,1,0,0,0,0,2,7.60529E+20,5.6126E+21,1.26823E+16,5.06071E+16
159118,,14,5,21,200,2017,1,16,6,3,1,7,0,1,0,0,0,1,1,7.81244E+20,5.62558E+21,1.29842E+16,5.07138E+16
159119,,14,5,23,320,2017,1,16,5,3,6,4,0,1,1,0,0,1,1,7.19959E+20,5.59821E+21,1.21014E+16,5.04945E+16
159120,,14,7,13,0,2017,1,17,5,3,2,6,0,1,0,0,1,1,0,7.35038E+20,5.69157E+21,1.23737E+16,5.13268E+16
159121,,14,5,22,210,2017,1,13,5,3,4,6,0,1,0,0,0,0,1,8.00836E+20,5.65856E+21,1.32881E+16,5.09998E+16
159122,,14,5,11,0,2017,1,11,5,3,5,3,0,1,0,0,0,0,2,7.70223E+20,5.63708E+21,1.28369E+16,5.08223E+16
159123,,14,5,22,430,2017,1,12,5,3,5,3,0,1,0,0,1,0,2,7.9618E+20,5.65113E+21,1.32159E+16,5.09356E+16
159124,,14,5,24,30,2017,1,10,4,3,2,2,0,1,0,0,0,0,1,7.38695E+20,5.63404E+21,1.23882E+16,5.08089E+16
159125,,14,7,29,60,2017,1,6,4,2,6,7,1,0,1,0,0,1,0,7.45513E+20,5.69564E+21,1.25266E+16,5.13589E+16
159126,,14,7,13,0,2017,1,7,4,3,5,2,0,1,0,0,1,2,0,7.34006E+20,5.6956E+21,1.23616E+16,5.13634E+16
159127,,14,7,13,0,2017,1,16,4,3,5,3,0,1,0,0,0,1,1,7.36082E+20,5.69263E+21,1.23894E+16,5.13358E+16
159128,,14,6,26,610,2017,1,12,4,2,6,1,0,1,1,0,0,0,2,9.08101E+20,5.65477E+21,1.48055E+16,5.08999E+16
159129,,14,6,26,110,2017,1,11,4,3,5,3,0,1,0,0,0,0,0,9.18617E+20,5.68343E+21,1.49873E+16,5.11487E+16
159130,,14,5,24,110,2017,1,10,3,3,5,3,0,1,0,0,0,0,2,7.43329E+20,5.61435E+21,1.24409E+16,5.06301E+16
159131,,14,5,24,180,2017,1,9,3,3,2,2,0,1,0,0,0,0,0,7.65922E+20,5.6405E+21,1.27785E+16,5.08549E+16
159132,,14,7,30,30,2017,1,15,3,3,6,4,0,0,1,0,1,0,2,7.81954E+20,5.72144E+21,1.30693E+16,5.15734E+16
159133,,14,7,13,0,2017,1,7,3,3,6,2,0,1,1,0,0,1,0,7.29838E+20,5.69445E+21,1.23011E+16,5.13547E+16
159134,,14,7,13,0,2017,1,12,3,3,2,6,0,1,0,0,0,0,1,7.35651E+20,5.69661E+21,1.23859E+16,5.13718E+16
159135,,14,7,13,0,2017,1,12,3,3,0,3,0,1,0,0,1,0,0,7.3651E+20,5.69347E+21,1.23961E+16,5.13432E+16
159136,,14,7,13,0,2017,1,18,3,2,6,2,0,1,1,0,0,2,2,7.36748E+20,5.68906E+21,1.23966E+16,5.13035E+16
159137,,14,6,26,610,2017,1,8,3,2,6,4,0,0,1,0,1,0,1,9.08248E+20,5.65451E+21,1.48073E+16,5.08975E+16
159138,,14,6,25,240,2017,1,9,3,2,6,2,0,1,1,0,0,0,1,8.65535E+20,5.71197E+21,1.42609E+16,5.14407E+16
159139,,14,6,25,20,2017,1,18,3,3,6,4,0,1,1,0,0,2,2,8.79441E+20,5.68397E+21,1.44304E+16,5.11809E+16
159140,,14,6,27,180,2017,1,14,3,2,6,4,0,1,1,0,0,0,2,8.01492E+20,5.66548E+21,1.33032E+16,5.10616E+16
159141,,14,6,12,0,2017,1,16,3,3,5,3,0,1,0,0,1,2,1,8.29571E+20,5.66459E+21,1.37017E+16,5.10382E+16
159142,,14,6,12,0,2017,1,15,3,3,2,6,0,1,0,0,0,0,1,8.32705E+20,5.66936E+21,1.37507E+16,5.10791E+16
159143,,14,5,21,500,2017,1,16,3,2,6,2,0,1,1,0,0,2,2,7.71233E+20,5.60409E+21,1.28271E+16,5.05257E+16
159144,,14,5,11,0,2017,1,14,3,2,6,4,0,1,1,0,0,0,1,7.73466E+20,5.63829E+21,1.28838E+16,5.08316E+16
159145,,14,5,11,0,2017,1,11,3,3,0,6,0,1,0,0,1,0,2,7.76576E+20,5.63967E+21,1.29289E+16,5.08425E+16
159146,,14,5,11,0,2017,1,19,3,3,6,4,0,1,1,0,0,2,2,7.75239E+20,5.63904E+21,1.29095E+16,5.08375E+16
159147,,14,5,11,0,2017,1,11,3,2,6,4,0,1,1,0,0,0,1,7.70728E+20,5.63647E+21,1.28436E+16,5.08166E+16
159148,,14,7,29,50,2017,1,10,2,3,2,6,0,1,0,0,0,0,1,7.44447E+20,5.66825E+21,1.24926E+16,5.11135E+16
159149,,14,7,13,0,2017,1,17,2,2,6,2,0,1,1,0,0,2,1,7.35857E+20,5.69245E+21,1.23861E+16,5.13344E+16
159150,,14,7,13,0,2017,1,16,2,2,4,6,0,1,0,0,1,0,1,7.40844E+20,5.69394E+21,1.24585E+16,5.13457E+16
159151,,14,6,25,20,2017,1,14,2,3,6,2,0,1,1,0,0,0,0,8.79659E+20,5.68428E+21,1.44338E+16,5.11835E+16
159152,,14,6,25,20,2017,1,7,2,3,5,3,0,1,0,0,0,0,1,8.79894E+20,5.68379E+21,1.44366E+16,5.1179E+16
159153,,14,5,11,0,2017,1,15,2,3,5,2,0,1,0,0,0,0,2,7.76684E+20,5.63706E+21,1.29284E+16,5.0819E+16
159154,,14,5,24,120,2017,1,7,1,3,8,1,0,1,0,0,0,1,2,7.63767E+20,5.63425E+21,1.27435E+16,5.07999E+16
159155,,14,5,24,160,2017,1,12,1,3,1,1,0,1,0,0,0,0,2,7.56556E+20,5.62893E+21,1.26376E+16,5.07554E+16
159156,,14,7,13,0,2017,1,0,1,3,9,1,0,1,0,0,0,2,2,7.40524E+20,5.68742E+21,1.24495E+16,5.12872E+16
159157,,14,7,13,0,2017,1,9,1,3,9,1,0,1,0,0,0,0,2,7.31821E+20,5.68925E+21,1.23261E+16,5.13073E+16
159158,,14,7,13,0,2017,1,23,7,3,2,6,0,1,0,0,0,2,2,7.37074E+20,5.69297E+21,1.24039E+16,5.13385E+16
159159,,14,7,13,0,2017,1,14,7,3,0,7,0,0,0,0,1,0,0,7.36746E+20,5.68881E+21,1.23964E+16,5.13013E+16
159160,,14,6,26,370,2017,1,12,7,3,5,3,1,1,0,0,0,0,0,9.06142E+20,5.69843E+21,1.48268E+16,5.12919E+16
159161,,14,6,28,360,2017,1,15,7,2,4,1,0,1,0,0,0,0,2,8.70672E+20,5.66043E+21,1.42813E+16,5.09759E+16
159162,,14,6,28,400,2017,1,1,7,3,8,1,0,1,0,0,0,2,2,8.18246E+20,5.66038E+21,1.3537E+16,5.10068E+16
159163,,14,6,12,0,2017,1,11,7,3,1,1,0,1,0,0,0,0,2,8.38029E+20,5.6607E+21,1.38183E+16,5.09984E+16
159164,,14,6,12,0,2017,1,18,7,2,6,4,0,1,1,0,0,2,2,8.3533E+20,5.66453E+21,1.37835E+16,5.10342E+16
159165,,14,5,23,320,2017,1,12,6,2,9,2,0,1,0,0,0,0,1,7.22957E+20,5.59981E+21,1.21445E+16,5.05077E+16
159166,,14,7,30,310,2017,1,15,6,3,2,6,0,1,0,0,0,0,2,7.76673E+20,5.71983E+21,1.2992E+16,5.15616E+16
159167,,14,7,13,0,2017,1,16,6,3,5,3,0,1,0,0,0,1,2,7.39647E+20,5.69141E+21,1.24397E+16,5.13234E+16
159168,,14,7,13,0,2017,1,12,6,3,4,1,0,1,0,0,0,0,2,7.2742E+20,5.68824E+21,1.22625E+16,5.13E+16
159169,,14,7,13,0,2017,1,14,6,3,5,3,1,1,0,0,0,0,2,7.33705E+20,5.69735E+21,1.23584E+16,5.13792E+16
159170,,14,6,25,240,2017,1,13,6,3,8,1,0,1,0,0,0,0,2,8.56591E+20,5.71124E+21,1.4132E+16,5.14398E+16
159171,,14,6,28,270,2017,1,7,6,3,6,4,0,1,1,0,0,2,2,8.46041E+20,5.65616E+21,1.39278E+16,5.09529E+16
159172,,14,6,12,0,2017,1,13,6,3,6,4,0,1,1,0,0,0,1,8.30917E+20,5.66902E+21,1.37249E+16,5.1077E+16
159173,,14,6,12,0,2017,1,15,6,3,0,1,1,0,0,0,0,0,2,8.29875E+20,5.66977E+21,1.37108E+16,5.10844E+16
159174,,14,6,12,0,2017,1,11,6,3,0,3,0,1,0,0,1,0,2,8.35496E+20,5.66235E+21,1.37839E+16,5.10146E+16
159175,,14,6,12,0,2017,1,9,6,3,0,7,0,1,1,0,0,0,0,8.36996E+20,5.66729E+21,1.38098E+16,5.1058E+16
159176,,14,6,27,60,2017,1,20,6,3,8,1,0,1,0,0,0,2,2,8.19585E+20,5.69988E+21,1.35912E+16,5.13601E+16
159177,,14,6,12,0,2017,1,14,6,3,5,2,1,1,0,0,0,0,1,8.31616E+20,5.6663E+21,1.37324E+16,5.10523E+16
159178,,14,5,11,0,2017,1,14,6,3,0,7,0,0,0,0,1,0,1,7.76226E+20,5.63847E+21,1.2923E+16,5.08319E+16
159179,,14,5,11,0,2017,1,7,6,3,2,6,0,1,0,0,0,0,2,7.761E+20,5.63773E+21,1.29207E+16,5.08254E+16
159180,,14,7,13,0,2017,1,18,5,3,5,3,1,1,0,0,0,2,0,7.35061E+20,5.69078E+21,1.23735E+16,5.13197E+16
159181,,14,7,13,0,2017,1,7,5,3,3,5,1,0,0,0,1,0,1,7.35056E+20,5.69055E+21,1.23733E+16,5.13176E+16
159182,,14,7,13,0,2017,1,17,5,3,6,2,0,1,1,0,0,2,2,7.37505E+20,5.69708E+21,1.24128E+16,5.13752E+16
159183,,14,7,13,0,2017,1,14,5,2,6,4,0,0,1,0,1,0,0,7.36524E+20,5.69224E+21,1.23955E+16,5.13321E+16
159184,,14,7,13,0,2017,1,22,5,3,5,3,0,1,0,0,0,2,2,7.30722E+20,5.69373E+21,1.23133E+16,5.13479E+16
159185,,14,7,13,0,2017,1,6,5,3,0,1,1,0,1,0,0,1,2,7.35761E+20,5.69329E+21,1.23852E+16,5.13419E+16
159186,,14,6,12,0,2017,1,17,5,3,5,3,0,1,0,0,0,2,2,8.32045E+20,5.66471E+21,1.3737E+16,5.10377E+16
159187,,14,5,22,260,2017,1,13,5,3,5,3,0,1,0,0,0,0,2,7.66428E+20,5.64505E+21,1.2789E+16,5.08956E+16
159188,,14,5,11,0,2017,1,15,5,3,2,6,0,1,0,0,0,0,2,7.76095E+20,5.63951E+21,1.29219E+16,5.08413E+16
159189,,14,5,22,180,2017,1,16,5,2,0,7,0,1,1,0,0,0,2,8.05152E+20,5.64953E+21,1.33419E+16,5.09166E+16
159190,,14,5,23,120,2017,1,19,4,3,6,4,0,0,1,0,1,2,2,7.39492E+20,5.59723E+21,1.23757E+16,5.0478E+16
159191,,14,7,29,50,2017,1,16,4,3,5,3,1,1,0,0,0,1,1,7.44801E+20,5.67033E+21,1.24991E+16,5.11321E+16
159192,,14,7,13,0,2017,1,23,4,2,8,1,0,1,0,0,0,2,2,7.3738E+20,5.69288E+21,1.24082E+16,5.13376E+16
159193,,14,6,25,250,2017,1,18,4,3,6,6,0,1,1,0,0,2,2,8.55612E+20,5.69227E+21,1.40991E+16,5.12705E+16
159194,,14,6,28,160,2017,1,7,4,3,6,2,0,0,1,0,1,2,1,8.41142E+20,5.65891E+21,1.38608E+16,5.09804E+16
159195,,14,7,13,0,2017,2,10,4,3,5,3,0,1,0,0,0,0,1,7.29708E+20,5.69034E+21,1.22966E+16,5.13179E+16
159196,,14,6,25,240,2017,2,5,4,3,2,6,0,1,0,0,0,2,2,8.65838E+20,5.71265E+21,1.4266E+16,5.14466E+16
159197,,14,6,26,610,2017,2,11,4,3,6,4,0,1,1,0,0,0,1,9.10332E+20,5.65572E+21,1.48381E+16,5.09069E+16
159198,,14,6,28,60,2017,2,12,6,3,6,6,1,0,1,0,0,0,1,8.28272E+20,5.64892E+21,1.36691E+16,5.08984E+16
159199,,14,5,22,260,2017,2,13,6,2,6,4,0,1,1,0,0,0,1,7.68592E+20,5.6434E+21,1.28185E+16,5.08797E+16
159200,,14,5,11,0,2017,2,17,7,3,0,1,0,0,0,0,1,1,1,7.76173E+20,5.63838E+21,1.29222E+16,5.08311E+16
159201,,14,5,24,160,2017,2,18,6,2,6,4,0,1,1,0,0,2,1,7.56217E+20,5.62905E+21,1.26329E+16,5.07566E+16
159202,,14,5,22,320,2017,2,8,7,2,4,1,0,1,0,0,0,0,2,7.9082E+20,5.63475E+21,1.31268E+16,5.07914E+16
159203,,14,7,13,0,2017,2,7,5,3,6,4,0,1,1,0,0,2,0,7.36468E+20,5.69466E+21,1.23963E+16,5.13539E+16
159204,,14,7,13,0,2017,2,6,5,3,2,6,0,1,0,0,0,2,1,7.2802E+20,5.69958E+21,1.22783E+16,5.14016E+16
159205,,14,5,24,190,2017,2,8,4,3,6,7,0,1,1,0,0,0,1,7.44027E+20,5.6387E+21,1.24668E+16,5.08485E+16
159206,,14,7,13,0,2017,2,9,4,3,5,3,0,1,0,0,0,0,1,7.35641E+20,5.69036E+21,1.23816E+16,5.13157E+16