OBJECTID,UIDENTSTLA,ULAND,UREGBEZ,UKREIS,UGEMEINDE,UJAHR,UMONAT,USTUNDE,UWOCHENTAG,UKATEGORIE,UART,UTYP1,IstRad,IstPKW,IstFuss,IstKrad,IstSonstig,LICHT,STRZUSTAND,LINREFX,LINREFY,XGCSWGS84,YGCSWGS84
159207,,14,7,13,0,2017,2,7,4,3,0,5,1,1,0,0,0,0,0,7.37191E+20,5.69451E+21,1.24066E+16,5.13523E+16
159208,,14,6,12,0,2017,2,14,6,3,0,7,0,1,0,0,1,0,1,8.29541E+20,5.66479E+21,1.37015E+16,5.10399E+16
159209,,14,6,12,0,2017,2,12,6,3,5,3,1,1,0,0,0,0,2,8.33144E+20,5.66766E+21,1.37553E+16,5.10636E+16
159210,,14,5,24,30,2017,2,8,5,3,0,1,1,0,0,0,0,0,2,7.38831E+20,5.63607E+21,1.23914E+16,5.0827E+16
159211,,14,5,24,250,2017,2,5,5,3,5,3,1,1,0,0,0,2,1,7.49666E+20,5.6218E+21,1.25353E+16,5.06944E+16
159212,,14,7,30,270,2017,2,7,5,3,4,6,0,1,0,0,0,1,1,7.24855E+20,5.6998E+21,1.2233E+16,5.14048E+16
159213,,14,7,13,0,2017,2,19,5,3,4,2,1,1,0,0,0,2,0,7.33178E+20,5.69586E+21,1.23499E+16,5.1366E+16
159214,,14,6,27,60,2017,2,8,5,2,6,4,0,0,1,0,1,0,1,8.15063E+20,5.69313E+21,1.35205E+16,5.13021E+16
159215,,14,6,12,0,2017,2,9,5,2,5,3,0,1,0,0,0,0,2,8.30089E+20,5.67072E+21,1.37147E+16,5.10927E+16
159216,,14,6,12,0,2017,2,18,5,3,2,6,0,1,0,0,1,2,1,8.29042E+20,5.66947E+21,1.36986E+16,5.10822E+16
159217,,14,7,13,0,2017,2,16,5,3,6,2,0,1,1,0,0,0,1,7.34393E+20,5.69604E+21,1.23674E+16,5.13672E+16
159218,,14,7,13,0,2017,3,11,5,3,5,5,0,1,0,0,0,0,0,7.38878E+20,5.69694E+21,1.24324E+16,5.13734E+16
159219,,14,7,13,0,2017,3,20,5,3,5,3,1,1,0,0,0,2,0,7.42271E+20,5.69456E+21,1.24794E+16,5.13506E+16
159220,,14,5,22,540,2017,2,10,7,3,9,1,0,1,0,0,0,0,1,7.95436E+20,5.65761E+21,1.32106E+16,5.09941E+16
159221,,14,7,13,0,2017,3,8,5,2,5,3,1,1,0,0,0,0,1,7.38825E+20,5.69576E+21,1.24308E+16,5.13628E+16
159222,,14,7,13,0,2017,3,3,5,2,4,6,0,1,0,0,0,2,1,7.31753E+20,5.69395E+21,1.23282E+16,5.13495E+16
159223,,14,7,13,0,2017,3,14,5,3,2,6,0,1,0,0,0,0,0,7.37184E+20,5.69404E+21,1.24061E+16,5.13481E+16
159224,,14,6,26,390,2017,3,9,5,3,5,3,0,1,0,0,0,0,0,9.00439E+20,5.66233E+21,1.47054E+16,5.0973E+16
159225,,14,6,25,240,2017,3,18,5,3,6,2,0,1,1,0,0,2,1,8.65912E+20,5.71272E+21,1.42671E+16,5.14471E+16
159226,,14,6,27,230,2017,3,16,5,3,2,6,0,1,0,0,0,0,1,7.96837E+20,5.69203E+21,1.32588E+16,5.1302E+16
159227,,14,6,27,210,2017,3,7,5,2,5,2,1,0,0,1,0,0,0,8.26233E+20,5.67084E+21,1.36599E+16,5.10961E+16
159228,,14,6,28,50,2017,3,8,5,3,6,7,0,1,1,0,0,0,0,8.31126E+20,5.65995E+21,1.37196E+16,5.09956E+16
159229,,14,6,12,0,2017,3,22,5,2,5,3,0,1,0,0,0,2,1,8.3253E+20,5.66718E+21,1.37462E+16,5.10596E+16
159230,,14,6,12,0,2017,3,18,5,3,3,6,1,1,0,0,0,1,0,8.34579E+20,5.66825E+21,1.37763E+16,5.1068E+16
159231,,14,5,22,150,2017,3,11,5,3,9,7,0,1,0,0,0,0,0,7.84915E+20,5.64719E+21,1.30529E+16,5.0906E+16
159232,,14,5,22,150,2017,3,6,5,3,5,3,0,1,0,0,0,0,0,7.84261E+20,5.6481E+21,1.30443E+16,5.09144E+16
159233,,14,5,24,180,2017,3,11,4,3,8,1,0,1,0,0,0,0,0,7.6493E+20,5.64081E+21,1.27646E+16,5.08582E+16
159234,,14,7,29,50,2017,3,14,4,3,1,5,0,1,0,0,0,0,0,7.4532E+20,5.6666E+21,1.2504E+16,5.10983E+16
159235,,14,7,13,0,2017,3,10,4,3,2,2,0,1,0,0,0,0,1,7.37463E+20,5.69307E+21,1.24095E+16,5.13392E+16
159236,,14,7,13,0,2017,3,6,4,2,6,2,0,1,1,0,0,2,1,7.30732E+20,5.69373E+21,1.23135E+16,5.13479E+16
159237,,14,7,13,0,2017,3,10,4,3,5,2,0,1,0,0,0,0,1,7.31433E+20,5.69332E+21,1.23232E+16,5.1344E+16
159238,,14,6,25,480,2017,3,8,4,3,2,2,0,0,0,0,1,0,0,8.44092E+20,5.67319E+21,1.39163E+16,5.11067E+16
159239,,14,6,25,20,2017,3,18,4,3,0,7,1,0,0,0,0,2,1,8.79077E+20,5.68439E+21,1.44256E+16,5.11849E+16
159240,,14,6,12,0,2017,3,15,4,3,6,5,0,1,0,0,1,0,0,8.3615E+20,5.66064E+21,1.37916E+16,5.09989E+16
159241,,14,6,12,0,2017,3,8,4,3,4,2,1,1,0,0,0,0,0,8.33398E+20,5.66742E+21,1.37587E+16,5.10613E+16
159242,,14,6,12,0,2017,3,11,4,3,6,7,0,1,1,0,0,0,0,8.34838E+20,5.66725E+21,1.37791E+16,5.10589E+16
159243,,14,5,21,310,2017,3,15,4,2,0,7,0,1,0,0,0,0,0,7.70434E+20,5.6302E+21,1.28349E+16,5.07604E+16
159244,,14,5,24,30,2017,2,6,3,3,4,2,1,1,0,0,0,2,1,7.3983E+20,5.6363E+21,1.24057E+16,5.08287E+16
159245,,14,7,30,250,2017,2,11,3,3,5,3,1,1,0,0,0,0,0,7.3546E+20,5.70366E+21,1.23878E+16,5.14351E+16
159246,,14,7,29,250,2017,2,5,3,3,0,7,0,0,0,0,1,2,1,7.49734E+20,5.69573E+21,1.25872E+16,5.13578E+16
159247,,14,7,13,0,2017,2,13,3,3,0,7,1,1,0,0,0,0,0,7.36158E+20,5.69317E+21,1.23909E+16,5.13406E+16
159248,,14,7,13,0,2017,2,15,3,3,3,2,1,1,0,0,0,0,0,7.33715E+20,5.69245E+21,1.23554E+16,5.13353E+16
159249,,14,7,13,0,2017,2,6,3,3,2,6,0,1,0,0,0,1,1,7.29997E+20,5.69707E+21,1.23051E+16,5.13782E+16
159250,,14,7,13,0,2017,2,20,3,3,1,1,0,1,0,0,0,2,0,7.34053E+20,5.69669E+21,1.2363E+16,5.13731E+16
159251,,14,7,13,0,2017,2,14,3,3,6,2,0,1,1,0,0,0,0,7.30479E+20,5.69385E+21,1.23099E+16,5.13491E+16
159252,,14,6,12,0,2017,2,11,3,3,5,3,0,1,0,1,0,0,0,8.29422E+20,5.66534E+21,1.37003E+16,5.1045E+16
159253,,14,6,12,0,2017,2,0,3,3,3,6,0,1,0,0,0,2,0,8.31539E+20,5.66563E+21,1.37307E+16,5.10463E+16
159254,,14,5,11,0,2017,2,7,3,3,5,3,1,1,0,0,0,0,1,7.76146E+20,5.64021E+21,1.29232E+16,5.08476E+16
159255,,14,5,24,300,2017,2,13,2,3,2,2,0,1,0,0,0,0,0,7.38044E+20,5.62679E+21,1.23743E+16,5.0744E+16
159256,,14,7,13,0,2017,2,7,2,3,5,3,1,1,0,0,0,0,0,7.36153E+20,5.69294E+21,1.23906E+16,5.13386E+16
159257,,14,7,29,50,2017,2,14,2,3,4,6,0,1,0,1,0,0,0,7.45788E+20,5.66503E+21,1.25096E+16,5.1084E+16
159258,,14,7,30,45,2017,2,6,2,2,5,3,1,0,0,0,1,2,0,7.68915E+20,5.70649E+21,1.28702E+16,5.14457E+16
159259,,14,7,13,0,2017,2,5,2,3,6,4,0,1,1,0,0,2,0,7.35102E+20,5.69701E+21,1.23783E+16,5.13756E+16
159260,,14,6,26,300,2017,2,15,2,2,6,4,0,1,0,0,1,0,0,9.13207E+20,5.68309E+21,1.491E+16,5.11497E+16
159261,,14,6,25,20,2017,2,13,2,2,5,3,1,1,0,0,0,0,0,8.79199E+20,5.68263E+21,1.44255E+16,5.11691E+16
159262,,14,6,27,230,2017,2,11,2,3,6,4,0,1,1,0,0,0,0,7.99581E+20,5.69272E+21,1.32987E+16,5.13068E+16
159263,,14,6,27,10,2017,2,15,2,3,5,3,1,0,0,0,1,0,0,8.20901E+20,5.67388E+21,1.35867E+16,5.11263E+16
159264,,14,6,27,60,2017,2,18,2,3,0,1,1,0,0,0,0,0,0,8.15291E+20,5.69223E+21,1.35229E+16,5.12939E+16
159265,,14,6,12,0,2017,2,7,2,3,2,2,0,1,0,0,0,0,0,8.37005E+20,5.66472E+21,1.38075E+16,5.1035E+16
159266,,14,6,12,0,2017,2,17,2,3,5,3,1,1,0,0,0,1,0,8.33655E+20,5.66549E+21,1.37606E+16,5.10438E+16
159267,,14,6,12,0,2017,2,11,2,2,1,1,0,1,0,0,1,0,0,8.40211E+20,5.66049E+21,1.38491E+16,5.09952E+16
159268,,14,6,12,0,2017,2,9,2,2,5,3,1,1,0,0,0,0,0,8.28466E+20,5.66947E+21,1.36904E+16,5.10825E+16
159269,,14,5,11,0,2017,2,19,2,3,4,6,0,1,0,0,0,2,0,7.74329E+20,5.63957E+21,1.2897E+16,5.08427E+16
159270,,14,5,11,0,2017,2,9,2,2,5,3,0,0,0,1,1,0,0,7.75772E+20,5.63651E+21,1.29151E+16,5.08145E+16
159271,,14,5,11,0,2017,2,15,2,3,4,3,0,1,0,0,0,0,0,7.67804E+20,5.6413E+21,1.28058E+16,5.08613E+16
159272,,14,7,30,180,2017,2,4,1,3,8,1,0,1,0,0,0,2,0,7.40243E+20,5.72099E+21,1.24683E+16,5.15887E+16
159273,,14,6,25,340,2017,2,21,1,3,9,1,0,0,0,0,1,2,0,8.86172E+20,5.68988E+21,1.45326E+16,5.12293E+16
159274,,14,6,27,210,2017,2,21,1,3,1,5,0,1,0,0,0,2,0,8.22076E+20,5.67219E+21,1.36019E+16,5.11105E+16
159275,,14,7,13,0,2017,2,8,7,3,5,3,1,1,0,0,0,0,0,7.36575E+20,5.69129E+21,1.23956E+16,5.13236E+16
159276,,14,7,13,0,2017,2,0,7,3,5,3,1,1,0,0,0,2,0,7.39106E+20,5.69945E+21,1.24373E+16,5.13958E+16
159277,,14,5,11,0,2017,2,12,7,2,0,7,0,0,0,0,1,0,0,7.76666E+20,5.63391E+21,1.29258E+16,5.07908E+16
159278,,14,7,13,0,2017,2,12,6,3,5,3,1,1,0,0,0,0,1,7.3441E+20,5.69265E+21,1.23655E+16,5.13367E+16
159279,,14,7,13,0,2017,2,18,6,3,6,4,0,1,1,0,0,2,1,7.32446E+20,5.6926E+21,1.23373E+16,5.13371E+16
159280,,14,7,13,0,2017,2,15,6,3,5,3,1,1,0,0,0,0,1,7.42266E+20,5.6946E+21,1.24794E+16,5.13509E+16
159281,,14,7,30,310,2017,2,21,6,2,6,4,0,1,1,0,0,2,0,7.75311E+20,5.72018E+21,1.29727E+16,5.15654E+16
159282,,14,7,13,0,2017,2,15,6,3,1,7,0,1,0,1,0,0,1,7.37555E+20,5.69365E+21,1.24112E+16,5.13444E+16
159283,,14,6,26,110,2017,2,15,6,3,5,3,0,1,0,0,0,0,1,9.17873E+20,5.68067E+21,1.49735E+16,5.11246E+16
159284,,14,6,26,450,2017,2,16,6,2,4,6,0,1,0,1,0,0,1,9.05032E+20,5.6793E+21,1.47894E+16,5.11216E+16
159285,,14,5,11,0,2017,2,13,6,3,2,2,0,1,0,0,0,0,0,7.74948E+20,5.6424E+21,1.29079E+16,5.08678E+16
159286,,14,5,22,440,2017,2,5,6,2,6,2,0,1,1,0,0,2,1,7.94206E+20,5.64236E+21,1.31808E+16,5.0858E+16
159287,,14,7,13,0,2017,2,20,5,3,6,2,0,1,1,0,0,2,0,7.37375E+20,5.69315E+21,1.24083E+16,5.134E+16
159288,,14,7,13,0,2017,2,18,5,3,5,3,0,1,0,0,0,2,0,7.27257E+20,5.68915E+21,1.22607E+16,5.13082E+16
159289,,14,6,26,290,2017,2,15,5,3,9,1,0,1,0,0,0,0,0,8.97117E+20,5.6761E+21,1.46734E+16,5.10985E+16
159290,,14,6,28,270,2017,2,22,5,3,5,3,1,1,0,0,0,2,0,8.47134E+20,5.65526E+21,1.39424E+16,5.09442E+16
159291,,14,6,12,0,2017,2,9,5,3,5,3,1,1,0,0,0,0,1,8.33842E+20,5.66846E+21,1.3766E+16,5.10703E+16
159292,,14,6,12,0,2017,2,11,5,3,5,3,1,1,0,0,0,0,1,8.36369E+20,5.66601E+21,1.37997E+16,5.1047E+16
159293,,14,6,12,0,2017,2,18,5,2,6,4,0,1,1,0,0,2,0,8.36825E+20,5.66161E+21,1.38021E+16,5.10072E+16
159294,,14,5,23,320,2017,2,15,4,2,0,2,0,1,0,1,0,0,1,7.23029E+20,5.60072E+21,1.21461E+16,5.05159E+16
159295,,14,6,25,240,2017,2,9,4,2,6,4,0,1,1,0,0,0,0,8.65491E+20,5.71135E+21,1.42597E+16,5.14351E+16
159296,,14,6,27,190,2017,2,11,4,3,5,3,1,1,0,0,0,0,1,8.05764E+20,5.69256E+21,1.3387E+16,5.13021E+16
159297,,14,6,12,0,2017,2,9,4,3,5,3,1,1,0,0,0,0,0,8.32911E+20,5.66432E+21,1.3749E+16,5.10338E+16
159298,,14,6,12,0,2017,2,6,4,3,5,3,1,1,0,0,0,1,1,8.33662E+20,5.66639E+21,1.37615E+16,5.10519E+16
159299,,14,5,11,0,2017,2,19,4,3,5,3,0,1,0,0,0,2,1,7.73523E+20,5.6383E+21,1.28846E+16,5.08317E+16
159300,,14,5,11,0,2017,2,12,4,3,5,3,0,1,0,0,0,0,1,7.74581E+20,5.63913E+21,1.29002E+16,5.08386E+16
159301,,14,7,13,0,2017,2,17,3,3,0,5,1,1,0,0,0,1,0,7.32326E+20,5.69064E+21,1.23343E+16,5.13195E+16
159302,,14,7,13,0,2017,2,13,3,3,5,3,1,1,0,0,0,0,0,7.3018E+20,5.68997E+21,1.23031E+16,5.13144E+16
159303,,14,6,25,20,2017,2,16,3,3,5,3,0,1,0,0,0,0,0,8.80202E+20,5.68533E+21,1.44426E+16,5.11925E+16
159304,,14,6,12,0,2017,2,15,3,2,0,1,0,0,0,1,0,0,1,8.37634E+20,5.66484E+21,1.38166E+16,5.10357E+16
159305,,14,5,11,0,2017,2,14,3,3,9,1,1,0,0,0,0,0,0,7.75667E+20,5.63996E+21,1.29162E+16,5.08456E+16
159306,,14,5,24,300,2017,2,14,2,3,6,2,0,1,1,0,0,0,1,7.38103E+20,5.625E+21,1.23739E+16,5.0728E+16
159307,,14,7,13,0,2017,2,14,2,3,3,2,1,1,0,0,0,0,1,7.34791E+20,5.69143E+21,1.23701E+16,5.13256E+16
159308,,14,7,29,410,2017,2,16,2,2,5,3,1,1,0,0,0,0,1,7.60344E+20,5.69803E+21,1.27409E+16,5.13737E+16
159309,,14,7,13,0,2017,2,14,2,3,2,2,0,1,0,0,0,0,1,7.32229E+20,5.69898E+21,1.23383E+16,5.13945E+16
159310,,14,6,12,0,2017,2,10,2,3,5,3,1,0,0,0,1,0,0,8.39052E+20,5.66189E+21,1.3834E+16,5.10084E+16
159311,,14,6,12,0,2017,2,19,2,3,5,2,0,1,0,0,1,2,1,8.36561E+20,5.66383E+21,1.38004E+16,5.10273E+16
159312,,14,6,12,0,2017,2,16,2,2,6,7,0,0,1,0,1,0,1,8.32236E+20,5.66863E+21,1.37433E+16,5.10728E+16
159313,,14,6,12,0,2017,2,7,2,2,8,1,1,0,0,0,0,0,1,8.33762E+20,5.67179E+21,1.3768E+16,5.11003E+16
159314,,14,5,24,330,2017,2,11,1,3,5,3,0,1,0,0,0,0,0,7.44453E+20,5.62145E+21,1.24614E+16,5.06935E+16
159315,,14,7,13,0,2017,2,9,1,3,5,3,1,1,0,0,0,0,0,7.31018E+20,5.69399E+21,1.23177E+16,5.13501E+16
159316,,14,7,13,0,2017,2,20,1,2,8,1,0,1,0,0,0,1,1,7.30734E+20,5.69373E+21,1.23135E+16,5.1348E+16
159317,,14,7,13,0,2017,2,12,1,3,6,4,1,0,1,0,0,0,0,7.31526E+20,5.69182E+21,1.23236E+16,5.13304E+16
159318,,14,6,26,600,2017,2,14,1,2,0,1,1,0,0,0,0,0,2,8.90241E+20,5.72195E+21,1.46257E+16,5.15135E+16
159319,,14,6,28,270,2017,2,17,1,3,1,5,0,1,0,1,0,1,0,8.46791E+20,5.65684E+21,1.39391E+16,5.09586E+16
159320,,14,6,28,270,2017,2,9,1,3,5,3,1,1,0,0,0,0,0,8.46802E+20,5.65746E+21,1.39398E+16,5.09642E+16
159321,,14,5,23,320,2017,2,9,7,3,2,6,0,1,0,0,0,0,1,7.22322E+20,5.5993E+21,1.21353E+16,5.05034E+16
159322,,14,5,23,320,2017,2,10,7,2,4,1,0,1,0,0,0,0,1,7.23529E+20,5.59966E+21,1.21525E+16,5.05062E+16
159323,,14,7,13,0,2017,2,13,7,3,2,6,1,1,0,0,0,0,0,7.35399E+20,5.69091E+21,1.23785E+16,5.13207E+16
159324,,14,6,12,0,2017,2,15,7,3,5,3,0,1,0,0,0,0,0,8.2948E+20,5.67043E+21,1.37058E+16,5.10906E+16
159325,,14,6,12,0,2017,2,5,7,3,8,1,0,1,0,0,0,2,1,8.40222E+20,5.66043E+21,1.38492E+16,5.09947E+16
159326,,14,5,11,0,2017,2,15,7,3,8,1,0,1,0,0,0,0,1,7.73012E+20,5.63843E+21,1.28774E+16,5.08331E+16
159327,,14,5,24,330,2017,2,13,6,3,3,5,0,1,0,0,0,0,1,7.45387E+20,5.63292E+21,1.24822E+16,5.0796E+16
159328,,14,5,24,120,2017,2,19,6,2,6,2,0,1,1,0,0,2,0,7.61612E+20,5.6343E+21,1.2713E+16,5.08013E+16
159329,,14,5,23,20,2017,2,14,6,1,6,7,0,0,1,0,1,0,1,7.40077E+20,5.60127E+21,1.23865E+16,5.05141E+16
159330,,14,7,30,310,2017,2,13,6,3,0,7,1,0,0,0,0,0,0,7.75655E+20,5.71998E+21,1.29775E+16,5.15634E+16
159331,,14,7,13,0,2017,2,21,6,3,4,1,0,1,0,0,0,2,1,7.31696E+20,5.69281E+21,1.23267E+16,5.13393E+16
159332,,14,7,13,0,2017,2,10,6,3,2,6,0,1,0,0,0,0,0,7.38335E+20,5.69088E+21,1.24205E+16,5.13193E+16
159333,,14,7,13,0,2017,2,15,6,3,2,6,0,1,0,0,0,0,1,7.35406E+20,5.6914E+21,1.23789E+16,5.13251E+16
159334,,14,7,13,0,2017,2,14,6,3,5,3,0,1,0,0,0,0,1,7.41791E+20,5.68654E+21,1.24671E+16,5.12788E+16
159335,,14,6,26,110,2017,2,5,6,3,5,3,1,1,0,0,0,1,1,9.16235E+20,5.68322E+21,1.49532E+16,5.11487E+16
159336,,14,6,28,270,2017,2,17,6,3,0,1,1,0,0,0,0,0,1,8.45988E+20,5.65905E+21,1.39298E+16,5.09789E+16
159337,,14,6,12,0,2017,2,8,6,3,4,2,0,1,0,0,0,0,1,8.35702E+20,5.66249E+21,1.37869E+16,5.10158E+16
159338,,14,6,12,0,2017,2,19,6,2,5,7,1,1,0,0,0,2,1,8.36335E+20,5.66561E+21,1.37988E+16,5.10434E+16
159339,,14,6,12,0,2017,2,7,6,2,5,2,1,1,0,0,0,0,1,8.34694E+20,5.66573E+21,1.37756E+16,5.10454E+16
159340,,14,6,12,0,2017,2,18,6,3,5,3,1,1,0,0,0,2,1,8.34755E+20,5.66433E+21,1.37752E+16,5.10328E+16
159341,,14,5,11,0,2017,2,5,6,3,6,2,0,1,1,0,0,2,1,7.78155E+20,5.64204E+21,1.2953E+16,5.0863E+16
159342,,14,5,11,0,2017,2,16,6,3,5,3,1,1,0,0,0,0,1,7.7626E+20,5.63884E+21,1.29238E+16,5.08352E+16
159343,,14,5,23,160,2017,2,7,5,3,6,7,0,1,1,0,0,2,0,7.45879E+20,5.5845E+21,1.24572E+16,5.03612E+16
159344,,14,5,23,320,2017,2,18,5,3,5,3,0,1,0,0,1,2,0,7.22736E+20,5.5986E+21,1.21407E+16,5.0497E+16
159345,,14,7,13,0,2017,2,11,5,3,5,3,0,1,0,0,0,0,0,7.37537E+20,5.69375E+21,1.2411E+16,5.13453E+16
159346,,14,7,13,0,2017,2,6,5,3,8,1,0,0,0,1,0,1,1,7.29275E+20,5.69107E+21,1.22909E+16,5.13246E+16
159347,,14,7,13,0,2017,2,10,5,3,0,3,1,1,0,0,0,0,0,7.2851E+20,5.69491E+21,1.22824E+16,5.13594E+16
159348,,14,7,13,0,2017,2,10,5,3,5,3,1,1,0,0,0,0,0,7.34916E+20,5.68944E+21,1.23706E+16,5.13077E+16
159349,,14,6,25,20,2017,2,10,5,3,6,7,0,1,1,0,0,0,0,8.79278E+20,5.68376E+21,1.44278E+16,5.11791E+16
159350,,14,6,27,230,2017,2,18,5,3,0,7,1,0,0,0,0,2,1,7.99403E+20,5.69285E+21,1.32962E+16,5.13081E+16
159351,,14,6,27,210,2017,2,10,5,2,5,2,1,0,0,0,1,0,0,8.21452E+20,5.67227E+21,1.35931E+16,5.11116E+16
159352,,14,6,28,110,2017,2,16,5,3,0,1,1,0,0,0,0,0,1,8.2607E+20,5.66012E+21,1.36479E+16,5.1E+16
159353,,14,6,12,0,2017,2,18,5,3,6,7,0,1,1,0,0,2,0,8.34665E+20,5.66842E+21,1.37777E+16,5.10695E+16
159354,,14,6,12,0,2017,2,18,5,3,5,3,0,1,0,0,1,2,1,8.33262E+20,5.6646E+21,1.37542E+16,5.10361E+16
159355,,14,6,12,0,2017,2,9,5,3,4,2,1,1,0,0,0,0,0,8.29173E+20,5.66949E+21,1.37005E+16,5.10823E+16
159356,,14,5,22,80,2017,2,11,5,3,5,3,0,1,0,0,1,0,0,7.88199E+20,5.67125E+21,1.31186E+16,5.11201E+16
159357,,14,5,11,0,2017,2,13,5,3,5,3,0,1,0,1,0,0,0,7.78069E+20,5.63959E+21,1.295E+16,5.08411E+16
159358,,14,5,24,330,2017,2,17,4,3,0,6,0,1,0,0,0,1,0,7.47093E+20,5.62582E+21,1.25016E+16,5.07315E+16
159359,,14,7,13,0,2017,2,18,4,2,5,3,1,1,0,0,0,1,0,7.36464E+20,5.69987E+21,1.23997E+16,5.14007E+16
159360,,14,7,29,300,2017,2,10,4,1,5,3,1,1,0,0,0,0,0,7.5072E+20,5.68619E+21,1.25946E+16,5.12718E+16
159361,,14,7,13,0,2017,2,9,4,2,0,1,0,0,0,0,1,0,1,7.34325E+20,5.69276E+21,1.23643E+16,5.13377E+16
159362,,14,7,13,0,2017,2,12,4,3,2,6,0,1,0,0,1,0,0,7.36367E+20,5.69379E+21,1.23943E+16,5.13462E+16
159363,,14,6,25,40,2017,2,8,4,2,1,5,0,1,0,0,1,0,0,8.63445E+20,5.67636E+21,1.41948E+16,5.11232E+16
159364,,14,6,27,220,2017,2,17,4,2,3,6,1,0,0,0,1,1,2,8.30364E+20,5.68378E+21,1.37306E+16,5.12096E+16
159365,,14,6,12,0,2017,2,10,4,2,6,4,0,1,1,0,0,0,0,8.3713E+20,5.66392E+21,1.38086E+16,5.10278E+16
159366,,14,6,12,0,2017,2,15,4,3,6,6,1,0,1,0,0,0,0,8.33091E+20,5.66525E+21,1.37524E+16,5.1042E+16
159367,,14,5,21,460,2017,2,16,4,2,1,7,0,1,0,0,0,0,0,8.07262E+20,5.62057E+21,1.33476E+16,5.06558E+16
159368,,14,5,11,0,2017,2,11,4,3,0,3,0,1,0,0,1,0,0,7.74423E+20,5.63833E+21,1.28974E+16,5.08315E+16
159369,,14,5,11,0,2017,2,13,4,3,6,4,0,1,1,0,0,0,0,7.77426E+20,5.63912E+21,1.29405E+16,5.08372E+16
159370,,14,7,13,0,2017,2,8,3,2,5,3,0,1,0,0,0,0,0,7.42465E+20,5.69281E+21,1.2481E+16,5.13348E+16
159371,,14,7,13,0,2017,2,7,3,3,5,3,0,1,0,0,0,0,0,7.33607E+20,5.69406E+21,1.23549E+16,5.13498E+16
159372,,14,7,13,0,2017,2,16,3,2,4,2,0,1,0,0,0,0,0,7.36466E+20,5.68748E+21,1.23915E+16,5.12895E+16
159373,,14,7,13,0,2017,2,12,3,3,6,6,0,1,1,0,0,0,0,7.33268E+20,5.69209E+21,1.23487E+16,5.13321E+16
159374,,14,5,22,480,2017,2,17,3,2,0,1,0,0,0,1,0,2,1,8.06006E+20,5.65957E+21,1.33624E+16,5.10061E+16
159375,,14,5,11,0,2017,2,5,3,3,5,3,0,1,0,0,0,2,0,7.71164E+20,5.63785E+21,1.28508E+16,5.08287E+16
159376,,14,7,13,0,2017,2,8,2,3,5,3,1,1,0,0,0,0,0,7.31976E+20,5.69398E+21,1.23314E+16,5.13496E+16
159377,,14,7,13,0,2017,2,19,2,2,6,4,0,0,1,0,1,2,0,7.36872E+20,5.69377E+21,1.24015E+16,5.13458E+16
159378,,14,6,26,610,2017,2,9,2,3,8,1,0,1,0,0,0,0,2,9.08102E+20,5.65514E+21,1.48059E+16,5.09032E+16
159379,,14,6,12,0,2017,2,23,2,3,0,7,1,0,0,0,0,2,0,8.36909E+20,5.66517E+21,1.38066E+16,5.10391E+16
159380,,14,6,12,0,2017,2,8,2,3,0,3,1,1,0,0,0,0,0,8.33622E+20,5.66609E+21,1.37607E+16,5.10492E+16
159381,,14,6,12,0,2017,2,9,2,3,2,6,0,1,0,1,0,0,0,8.34435E+20,5.66344E+21,1.37698E+16,5.1025E+16
159382,,14,5,21,30,2017,2,15,2,2,0,1,0,0,0,1,0,0,1,7.61859E+20,5.60921E+21,1.26987E+16,5.0576E+16
159383,,14,5,11,0,2017,2,12,2,3,2,2,0,1,0,0,0,0,0,7.74278E+20,5.63893E+21,1.28958E+16,5.0837E+16
159384,,14,7,13,0,2017,2,7,1,2,9,1,0,1,0,0,1,0,0,7.36759E+20,5.69226E+21,1.23989E+16,5.13322E+16
159385,,14,7,13,0,2017,2,0,7,3,8,1,0,1,0,0,0,2,0,7.33647E+20,5.69291E+21,1.23547E+16,5.13393E+16
159386,,14,6,12,0,2017,2,0,7,3,6,7,0,1,1,0,0,2,0,8.30408E+20,5.67057E+21,1.37191E+16,5.10913E+16
159387,,14,5,24,330,2017,2,6,6,3,4,1,1,1,0,0,0,2,1,7.45194E+20,5.62964E+21,1.24773E+16,5.07666E+16
159388,,14,5,23,320,2017,2,9,6,3,2,6,0,1,0,0,0,0,0,7.22442E+20,5.59765E+21,1.2136E+16,5.04886E+16
159389,,14,7,13,0,2017,2,10,6,3,1,7,0,1,0,0,0,0,0,7.40802E+20,5.69036E+21,1.24555E+16,5.13135E+16
159390,,14,7,13,0,2017,2,19,6,2,6,4,0,1,1,0,0,1,0,7.32272E+20,5.69122E+21,1.23339E+16,5.13247E+16
159391,,14,7,13,0,2017,2,23,6,2,3,6,1,1,0,0,0,2,0,7.34779E+20,5.69284E+21,1.23709E+16,5.13383E+16
159392,,14,6,25,310,2017,2,9,6,3,5,3,1,1,0,0,0,0,0,8.54017E+20,5.71321E+21,1.40971E+16,5.14591E+16
159393,,14,6,26,110,2017,2,20,6,2,0,7,1,0,0,0,1,2,0,9.19298E+20,5.68395E+21,1.49976E+16,5.1153E+16
159394,,14,6,12,0,2017,2,9,6,3,4,1,0,1,0,0,0,0,0,8.39495E+20,5.66532E+21,1.38435E+16,5.10389E+16
159395,,14,5,11,0,2017,2,12,6,3,0,7,0,0,0,0,1,0,0,7.7621E+20,5.63845E+21,1.29228E+16,5.08318E+16
159396,,14,5,11,0,2017,2,18,6,2,5,2,0,1,0,1,0,2,0,7.7565E+20,5.64116E+21,1.29169E+16,5.08563E+16