OBJECTID,UIDENTSTLA,ULAND,UREGBEZ,UKREIS,UGEMEINDE,UJAHR,UMONAT,USTUNDE,UWOCHENTAG,UKATEGORIE,UART,UTYP1,IstRad,IstPKW,IstFuss,IstKrad,IstSonstig,LICHT,STRZUSTAND,LINREFX,LINREFY,XGCSWGS84,YGCSWGS84
159397,,14,5,24,330,2017,2,16,5,3,5,3,0,1,0,0,0,1,0,7.46814E+20,5.62483E+21,1.2497E+16,5.07228E+16
159398,,14,6,28,110,2017,2,14,5,3,2,6,0,1,0,0,0,0,0,8.26458E+20,5.66117E+21,1.36544E+16,5.10092E+16
159399,,14,6,12,0,2017,2,11,5,3,9,1,0,1,0,0,0,0,2,8.34237E+20,5.675E+21,1.37777E+16,5.11287E+16
159400,,14,6,12,0,2017,2,16,5,3,2,2,0,1,0,0,0,1,0,8.34666E+20,5.66633E+21,1.37758E+16,5.10508E+16
159401,,14,5,11,0,2017,2,15,5,3,5,3,0,1,0,0,0,0,0,7.74697E+20,5.63491E+21,1.28987E+16,5.08007E+16
159402,,14,5,24,80,2017,2,14,4,3,1,2,0,1,0,1,0,0,0,7.49843E+20,5.63619E+21,1.25476E+16,5.08234E+16
159403,,14,5,24,200,2017,2,14,4,2,1,5,1,0,0,0,1,0,0,7.53118E+20,5.62518E+21,1.25864E+16,5.07232E+16
159404,,14,7,13,0,2017,2,10,4,3,5,3,1,1,0,0,0,0,0,7.27036E+20,5.69288E+21,1.22599E+16,5.13418E+16
159405,,14,6,12,0,2017,2,16,4,3,0,1,1,0,0,0,0,0,2,8.32673E+20,5.66865E+21,1.37496E+16,5.10727E+16
159406,,14,6,12,0,2017,2,16,4,3,5,2,1,1,0,0,0,0,0,8.36312E+20,5.6635E+21,1.37965E+16,5.10245E+16
159407,,14,5,21,290,2017,2,11,4,3,5,2,1,1,0,0,0,0,0,7.58618E+20,5.62798E+21,1.26661E+16,5.07459E+16
159408,,14,5,22,180,2017,2,9,4,2,6,7,0,1,1,0,0,0,2,8.05238E+20,5.64889E+21,1.33425E+16,5.09108E+16
159409,,14,5,11,0,2017,2,12,4,3,0,7,0,0,0,0,1,0,0,7.76284E+20,5.63847E+21,1.29238E+16,5.08319E+16
159410,,14,7,13,0,2017,2,7,3,3,3,2,0,1,0,0,1,0,1,7.30802E+20,5.6917E+21,1.23131E+16,5.13297E+16
159411,,14,7,13,0,2017,2,7,3,3,1,6,0,1,0,0,0,1,1,7.31924E+20,5.68824E+21,1.2327E+16,5.12981E+16
159412,,14,7,13,0,2017,2,20,3,3,3,6,1,0,0,0,0,2,0,7.34179E+20,5.69217E+21,1.23618E+16,5.13325E+16
159413,,14,7,13,0,2017,2,18,3,3,5,3,1,1,0,0,0,1,0,7.32551E+20,5.69262E+21,1.23388E+16,5.13372E+16
159414,,14,7,13,0,2017,2,0,3,3,0,7,0,1,0,0,0,2,2,7.33209E+20,5.69076E+21,1.2347E+16,5.13202E+16
159415,,14,7,13,0,2017,2,6,3,3,5,3,1,0,0,0,1,0,0,7.35065E+20,5.69067E+21,1.23735E+16,5.13187E+16
159416,,14,6,27,10,2017,2,8,3,3,4,1,0,1,0,0,0,0,2,8.21289E+20,5.67382E+21,1.35922E+16,5.11255E+16
159417,,14,6,12,0,2017,2,14,3,3,2,6,0,1,0,0,0,0,0,8.28537E+20,5.66673E+21,1.3689E+16,5.10579E+16
159418,,14,5,11,0,2017,2,14,3,3,4,2,0,1,0,0,0,0,1,7.72169E+20,5.63581E+21,1.28636E+16,5.081E+16
159419,,14,7,13,0,2017,2,7,2,3,6,4,0,1,1,0,0,1,1,7.36703E+20,5.69735E+21,1.24015E+16,5.1378E+16
159420,,14,7,13,0,2017,2,12,2,3,6,4,0,1,1,0,0,0,1,7.37504E+20,5.69535E+21,1.24116E+16,5.13596E+16
159421,,14,7,13,0,2017,2,16,2,3,5,3,0,1,0,0,1,0,1,7.28868E+20,5.691E+21,1.2285E+16,5.13242E+16
159422,,14,6,26,110,2017,2,11,2,3,5,3,1,0,0,0,1,0,0,9.18109E+20,5.68104E+21,1.49773E+16,5.11278E+16
159423,,14,6,25,525,2017,2,7,2,3,4,6,0,1,0,0,0,1,2,8.79456E+20,5.67491E+21,1.4421E+16,5.10998E+16
159424,,14,6,12,0,2017,2,8,2,2,8,1,0,1,0,0,0,0,0,8.35232E+20,5.66556E+21,1.37831E+16,5.10435E+16
159425,,14,5,11,0,2017,2,5,2,3,5,3,1,1,0,0,0,2,1,7.773E+20,5.63755E+21,1.29375E+16,5.08231E+16
159426,,14,7,29,245,2017,2,12,1,3,6,7,0,1,1,0,0,0,0,7.72509E+20,5.69747E+21,1.29149E+16,5.1363E+16
159427,,14,7,13,0,2017,2,16,1,3,6,7,0,0,1,0,1,1,0,7.3547E+20,5.69758E+21,1.23839E+16,5.13806E+16
159428,,14,6,12,0,2017,2,14,1,3,3,6,0,1,0,0,0,0,1,8.35006E+20,5.6642E+21,1.37786E+16,5.10315E+16
159429,,14,5,24,330,2017,2,10,7,3,0,7,0,0,0,0,1,0,0,7.46956E+20,5.62567E+21,1.24996E+16,5.07303E+16
159430,,14,5,24,330,2017,2,9,7,2,4,1,0,1,0,0,0,0,2,7.45138E+20,5.62116E+21,1.24709E+16,5.06906E+16
159431,,14,6,25,20,2017,2,8,7,3,9,1,0,1,0,0,0,0,2,8.78067E+20,5.68312E+21,1.44099E+16,5.11742E+16
159432,,14,6,28,210,2017,2,5,7,3,4,1,0,1,0,0,0,2,2,8.53405E+20,5.65189E+21,1.40281E+16,5.09102E+16
159433,,14,6,28,270,2017,2,8,7,3,4,7,0,1,0,0,0,2,2,8.44422E+20,5.65671E+21,1.39053E+16,5.09588E+16
159434,,14,6,12,0,2017,2,15,7,3,5,3,0,1,0,0,0,0,0,8.34924E+20,5.66544E+21,1.37786E+16,5.10426E+16
159435,,14,6,12,0,2017,2,14,7,3,2,6,0,1,0,0,0,0,1,8.3499E+20,5.66563E+21,1.37797E+16,5.10443E+16
159436,,14,6,12,0,2017,2,11,7,3,3,6,1,1,0,0,0,0,1,8.32966E+20,5.66522E+21,1.37506E+16,5.10418E+16
159437,,14,6,12,0,2017,2,18,7,3,5,3,0,1,0,0,0,2,1,8.28684E+20,5.67E+21,1.3694E+16,5.10872E+16
159438,,14,5,21,370,2017,2,14,7,3,4,1,0,1,0,1,0,0,1,7.64266E+20,5.61472E+21,1.27365E+16,5.06244E+16
159439,,14,5,11,0,2017,2,8,7,3,2,6,0,1,0,0,0,0,2,7.70701E+20,5.63646E+21,1.28433E+16,5.08165E+16
159440,,14,5,21,30,2017,2,9,7,3,9,1,0,1,0,0,0,0,2,7.61442E+20,5.61139E+21,1.26943E+16,5.05957E+16
159441,,14,6,12,0,2017,2,7,6,2,6,4,0,1,1,0,0,2,1,8.29326E+20,5.66397E+21,1.36977E+16,5.10327E+16
159442,,14,7,30,70,2017,2,21,6,3,6,7,0,1,1,0,0,2,1,7.3179E+20,5.71393E+21,1.23418E+16,5.15288E+16
159443,,14,5,21,540,2017,2,17,5,2,5,3,0,1,0,0,0,1,1,7.49338E+20,5.60072E+21,1.25165E+16,5.05052E+16
159444,,14,7,13,0,2017,2,6,4,3,5,3,1,1,0,0,0,2,0,7.35595E+20,5.69312E+21,1.23828E+16,5.13405E+16
159445,,14,6,27,230,2017,2,11,5,2,8,7,0,1,0,0,0,0,1,7.97393E+20,5.69226E+21,1.3267E+16,5.13038E+16
159446,,14,7,13,0,2017,2,7,5,3,5,3,0,1,0,0,0,0,1,7.27243E+20,5.69321E+21,1.22631E+16,5.13446E+16
159447,,14,5,11,0,2017,2,9,7,3,2,6,0,1,0,0,0,0,2,7.77753E+20,5.63955E+21,1.29455E+16,5.08409E+16
159448,,14,7,29,170,2017,3,17,5,3,0,3,1,1,0,0,0,1,0,7.29098E+20,5.67232E+21,1.22763E+16,5.11564E+16
159449,,14,7,13,0,2017,3,16,5,3,3,2,1,1,0,0,0,0,0,7.34191E+20,5.69288E+21,1.23625E+16,5.13389E+16
159450,,14,7,13,0,2017,3,6,5,3,4,2,0,1,0,0,0,0,1,7.3836E+20,5.6909E+21,1.24209E+16,5.13193E+16
159451,,14,7,13,0,2017,3,9,5,3,5,3,1,1,0,0,0,0,1,7.35644E+20,5.69243E+21,1.2383E+16,5.13342E+16
159452,,14,7,13,0,2017,3,10,5,3,0,5,1,1,0,0,0,0,0,7.33891E+20,5.69563E+21,1.236E+16,5.13637E+16
159453,,14,7,13,0,2017,3,19,5,2,0,5,1,1,0,0,0,1,0,7.35044E+20,5.69094E+21,1.23734E+16,5.13211E+16
159454,,14,7,13,0,2017,3,18,5,3,0,7,0,1,0,0,0,1,0,7.36558E+20,5.69224E+21,1.2396E+16,5.13321E+16
159455,,14,7,13,0,2017,3,15,5,3,3,7,1,1,0,0,0,0,0,7.33027E+20,5.69813E+21,1.23492E+16,5.13865E+16
159456,,14,6,27,230,2017,3,19,5,3,2,6,0,1,0,0,0,1,0,7.97695E+20,5.6917E+21,1.32708E+16,5.12986E+16
159457,,14,6,27,210,2017,3,7,5,3,5,3,1,1,0,0,0,0,0,8.26133E+20,5.6718E+21,1.36594E+16,5.11047E+16
159458,,14,6,12,0,2017,3,6,5,3,6,7,1,0,1,0,0,1,1,8.35868E+20,5.66652E+21,1.3793E+16,5.10518E+16
159459,,14,6,12,0,2017,3,5,5,3,6,6,0,1,1,0,0,2,0,8.31432E+20,5.66841E+21,1.37317E+16,5.10713E+16
159460,,14,6,12,0,2017,3,15,5,3,5,3,1,1,0,0,0,0,0,8.35075E+20,5.66298E+21,1.37785E+16,5.10205E+16
159461,,14,6,12,0,2017,3,7,5,3,5,3,1,1,0,0,0,0,0,8.32957E+20,5.6643E+21,1.37496E+16,5.10336E+16
159462,,14,6,12,0,2017,3,6,5,3,5,3,1,1,0,0,0,0,0,8.34694E+20,5.66573E+21,1.37756E+16,5.10454E+16
159463,,14,6,12,0,2017,3,17,5,2,6,4,0,1,1,0,0,0,0,8.3084E+20,5.66942E+21,1.37242E+16,5.10806E+16
159464,,14,6,12,0,2017,3,7,5,3,5,3,0,1,0,1,0,0,0,8.3903E+20,5.66396E+21,1.38356E+16,5.1027E+16
159465,,14,5,24,330,2017,3,18,4,3,2,6,1,1,0,0,0,2,0,7.42441E+20,5.62382E+21,1.24345E+16,5.07155E+16
159466,,14,5,24,330,2017,3,17,4,2,1,5,1,1,0,0,0,0,0,7.4639E+20,5.62565E+21,1.24916E+16,5.07303E+16
159467,,14,7,29,320,2017,3,17,4,3,2,6,0,1,0,0,0,0,0,7.38405E+20,5.67216E+21,1.24091E+16,5.11512E+16
159468,,14,7,13,0,2017,3,20,6,3,5,3,1,1,0,0,0,2,0,7.36852E+20,5.69305E+21,1.24007E+16,5.13393E+16
159469,,14,7,13,0,2017,3,16,6,2,4,2,0,1,0,1,0,0,0,7.4301E+20,5.69149E+21,1.24879E+16,5.13228E+16
159470,,14,7,13,0,2017,3,16,6,2,4,2,1,1,0,0,0,0,0,7.4321E+20,5.69419E+21,1.24926E+16,5.13469E+16
159471,,14,7,13,0,2017,3,19,6,3,6,2,0,1,1,0,0,2,0,7.42291E+20,5.69403E+21,1.24793E+16,5.13458E+16
159472,,14,6,26,600,2017,3,15,6,3,1,3,0,1,0,0,0,0,0,8.91402E+20,5.72E+21,1.46402E+16,5.14952E+16
159473,,14,6,27,60,2017,3,16,6,3,1,5,0,1,0,0,0,0,0,8.14745E+20,5.69278E+21,1.35156E+16,5.12992E+16
159474,,14,6,12,0,2017,3,9,6,3,6,7,0,1,1,0,0,0,0,8.38337E+20,5.66156E+21,1.38235E+16,5.10059E+16
159475,,14,6,12,0,2017,3,14,6,3,5,3,1,1,0,0,0,0,0,8.39249E+20,5.66361E+21,1.38384E+16,5.10237E+16
159476,,14,5,21,380,2017,3,16,6,3,0,7,0,0,0,0,1,0,0,7.66025E+20,5.63204E+21,1.27738E+16,5.0779E+16
159477,,14,7,30,270,2017,3,17,4,2,5,3,1,1,0,0,0,0,0,7.24125E+20,5.69894E+21,1.2222E+16,5.13973E+16
159478,,14,7,13,0,2017,3,19,4,3,5,3,0,1,0,0,0,1,0,7.34607E+20,5.69245E+21,1.23682E+16,5.13349E+16
159479,,14,7,13,0,2017,3,11,4,2,5,3,1,0,0,0,0,0,0,7.3383E+20,5.69713E+21,1.23601E+16,5.13772E+16
159480,,14,5,11,0,2017,3,13,6,3,0,7,1,0,0,0,1,0,0,7.75405E+20,5.63431E+21,1.29083E+16,5.0795E+16
159481,,14,5,22,50,2017,3,14,6,3,5,3,0,1,0,0,0,0,0,8.03489E+20,5.64387E+21,1.33136E+16,5.08667E+16
159482,,14,7,30,230,2017,3,12,5,3,1,5,1,1,0,0,0,0,0,7.86405E+20,5.69105E+21,1.31088E+16,5.12986E+16
159483,,14,7,29,70,2017,3,9,5,3,4,6,1,0,0,0,0,0,0,7.51462E+20,5.69315E+21,1.26101E+16,5.13339E+16
159484,,14,7,29,300,2017,3,15,5,2,5,3,0,1,0,0,1,0,0,7.50538E+20,5.68702E+21,1.25926E+16,5.12793E+16
159485,,14,7,13,0,2017,3,19,5,3,2,6,0,1,0,0,0,1,0,7.39994E+20,5.68799E+21,1.24423E+16,5.12926E+16
159486,,14,6,25,480,2017,3,13,4,2,6,4,0,1,1,0,0,0,0,8.4397E+20,5.67556E+21,1.39168E+16,5.1128E+16
159487,,14,6,25,20,2017,3,15,4,2,3,2,1,1,0,0,0,0,0,8.79027E+20,5.68334E+21,1.44238E+16,5.11755E+16
159488,,14,6,27,60,2017,3,9,4,3,2,2,0,1,0,0,0,0,0,8.16573E+20,5.69243E+21,1.35414E+16,5.1295E+16
159489,,14,6,12,0,2017,3,17,4,3,1,5,1,1,0,0,0,0,0,8.31018E+20,5.66408E+21,1.37218E+16,5.10328E+16
159490,,14,6,12,0,2017,3,7,4,2,5,3,1,1,0,0,0,0,1,8.32825E+20,5.66923E+21,1.37522E+16,5.10778E+16
159491,,14,6,12,0,2017,3,11,4,3,3,2,1,0,0,0,0,0,0,8.30675E+20,5.66614E+21,1.37188E+16,5.10513E+16
159492,,14,6,12,0,2017,3,11,4,3,3,2,1,1,0,0,0,0,0,8.32679E+20,5.6665E+21,1.37477E+16,5.10535E+16
159493,,14,6,12,0,2017,3,15,4,3,1,1,1,1,0,0,0,0,0,8.33399E+20,5.66743E+21,1.37588E+16,5.10613E+16
159494,,14,5,22,80,2017,3,15,4,3,5,3,0,1,0,1,0,0,0,7.90564E+20,5.67107E+21,1.31521E+16,5.11173E+16
159495,,14,5,23,320,2017,3,15,3,3,5,2,1,1,0,0,0,0,0,7.22196E+20,5.59834E+21,1.2133E+16,5.04949E+16
159496,,14,7,13,0,2017,3,13,3,3,2,6,0,0,0,1,1,0,0,7.35475E+20,5.69757E+21,1.2384E+16,5.13805E+16
159497,,14,7,13,0,2017,3,10,3,3,2,6,0,1,0,1,0,0,0,7.35253E+20,5.68891E+21,1.23751E+16,5.13028E+16
159498,,14,6,27,10,2017,3,22,3,3,0,1,1,0,0,0,0,2,1,8.20311E+20,5.67332E+21,1.35778E+16,5.11216E+16
159499,,14,6,12,0,2017,3,7,3,3,6,4,0,1,1,0,0,0,0,8.3782E+20,5.66209E+21,1.38166E+16,5.1011E+16
159500,,14,6,12,0,2017,3,19,3,3,0,1,1,0,0,0,0,2,1,8.30798E+20,5.66452E+21,1.37191E+16,5.10368E+16
159501,,14,6,12,0,2017,3,11,3,3,5,3,0,1,0,0,1,0,0,8.3437E+20,5.66852E+21,1.37736E+16,5.10706E+16
159502,,14,6,12,0,2017,3,22,3,3,0,1,1,0,0,0,0,2,1,8.31969E+20,5.66651E+21,1.37376E+16,5.1054E+16
159503,,14,6,12,0,2017,3,13,3,3,6,4,1,0,1,0,0,0,0,8.28427E+20,5.66552E+21,1.36863E+16,5.10471E+16
159504,,14,5,21,590,2017,3,19,3,3,6,4,0,1,1,0,0,2,1,7.66176E+20,5.6245E+21,1.27705E+16,5.07113E+16
159505,,14,5,22,360,2017,3,12,3,3,2,6,0,1,0,0,0,0,1,7.77189E+20,5.6563E+21,1.29502E+16,5.09914E+16
159506,,14,5,11,0,2017,3,14,3,3,4,6,0,1,0,0,0,0,1,7.76896E+20,5.64065E+21,1.29341E+16,5.08511E+16
159507,,14,5,11,0,2017,3,7,3,3,5,7,0,1,0,0,0,0,0,7.76812E+20,5.63931E+21,1.29319E+16,5.08391E+16
159508,,14,7,29,245,2017,3,7,2,3,5,3,0,1,0,1,0,0,0,7.68678E+20,5.70272E+21,1.28639E+16,5.1412E+16
159509,,14,7,13,0,2017,3,14,2,3,2,6,0,1,0,0,1,0,0,7.31512E+20,5.69326E+21,1.23243E+16,5.13434E+16
159510,,14,7,13,0,2017,3,17,2,3,5,2,1,1,0,0,0,0,0,7.33048E+20,5.69145E+21,1.23452E+16,5.13265E+16
159511,,14,7,13,0,2017,3,13,2,3,0,1,1,0,0,0,0,0,0,7.3465E+20,5.69138E+21,1.23681E+16,5.13253E+16
159512,,14,7,13,0,2017,3,14,2,2,5,3,0,1,0,0,0,0,0,7.29938E+20,5.69433E+21,1.23024E+16,5.13537E+16
159513,,14,7,13,0,2017,3,13,2,2,1,6,0,1,0,0,0,0,0,7.3197E+20,5.69398E+21,1.23314E+16,5.13497E+16
159514,,14,7,13,0,2017,3,12,2,2,6,4,0,1,1,0,0,0,0,7.33897E+20,5.69263E+21,1.23581E+16,5.13367E+16
159515,,14,7,29,260,2017,3,17,2,3,0,7,1,0,0,0,0,0,0,7.34699E+20,5.68695E+21,1.23658E+16,5.12854E+16
159516,,14,7,29,60,2017,3,15,2,3,5,3,0,1,0,1,0,0,0,7.46098E+20,5.69443E+21,1.25342E+16,5.13478E+16
159517,,14,7,13,0,2017,3,17,2,3,2,6,0,1,0,0,0,0,0,7.34055E+20,5.69231E+21,1.23601E+16,5.13338E+16
159518,,14,6,26,110,2017,3,11,2,2,6,4,0,1,1,0,0,0,0,9.18104E+20,5.68302E+21,1.49795E+16,5.11455E+16
159519,,14,6,25,250,2017,3,15,2,2,0,1,1,0,1,0,0,0,0,8.55489E+20,5.69284E+21,1.40979E+16,5.12757E+16
159520,,14,6,12,0,2017,3,12,2,3,5,3,0,1,0,0,0,0,0,8.32525E+20,5.6645E+21,1.37436E+16,5.10356E+16
159521,,14,6,12,0,2017,3,16,2,3,1,6,0,1,0,0,0,0,0,8.3684E+20,5.66329E+21,1.38038E+16,5.10223E+16
159522,,14,6,12,0,2017,3,8,2,3,5,3,0,1,0,0,0,0,0,8.3446E+20,5.66521E+21,1.37718E+16,5.10408E+16
159523,,14,6,12,0,2017,3,15,2,3,2,2,1,1,0,0,0,0,0,8.38711E+20,5.66433E+21,1.38314E+16,5.10305E+16
159524,,14,5,11,0,2017,3,9,2,3,2,2,0,1,0,0,0,0,0,7.73476E+20,5.63287E+21,1.28799E+16,5.07829E+16
159525,,14,5,11,0,2017,3,11,2,3,6,7,0,1,1,0,0,0,0,7.79267E+20,5.63874E+21,1.29663E+16,5.08329E+16
159526,,14,5,11,0,2017,3,13,2,3,6,4,0,1,1,0,0,0,0,7.74221E+20,5.63974E+21,1.28956E+16,5.08443E+16
159527,,14,5,11,0,2017,3,10,2,3,5,5,0,1,0,0,0,0,0,7.76214E+20,5.63988E+21,1.29239E+16,5.08445E+16
159528,,14,5,11,0,2017,3,19,2,3,6,7,0,0,1,0,1,2,0,7.74213E+20,5.63574E+21,1.28924E+16,5.08083E+16
159529,,14,5,11,0,2017,3,9,2,2,4,2,0,1,0,1,0,0,0,7.70076E+20,5.63562E+21,1.28338E+16,5.08092E+16
159530,,14,7,13,0,2017,3,18,1,3,3,2,1,1,0,0,0,2,0,7.34796E+20,5.69248E+21,1.23709E+16,5.13351E+16
159531,,14,5,21,30,2017,3,17,1,3,6,4,0,1,1,0,0,1,1,7.61155E+20,5.60962E+21,1.26891E+16,5.058E+16
159532,,14,5,11,0,2017,3,11,1,3,5,3,0,1,0,0,0,0,1,7.7418E+20,5.63888E+21,1.28943E+16,5.08366E+16
159533,,14,7,13,0,2017,3,22,7,3,4,2,0,1,0,0,0,2,1,7.30724E+20,5.69373E+21,1.23133E+16,5.13479E+16
159534,,14,6,28,170,2017,3,9,7,3,4,6,1,1,0,0,0,0,1,8.26281E+20,5.63368E+21,1.36274E+16,5.07629E+16
159535,,14,6,12,0,2017,3,12,7,3,5,3,0,1,0,0,1,0,1,8.34131E+20,5.66232E+21,1.37645E+16,5.10152E+16
159536,,14,6,12,0,2017,3,14,7,3,5,3,1,1,0,0,0,0,1,8.34291E+20,5.66564E+21,1.37698E+16,5.10448E+16
159537,,14,5,11,0,2017,3,10,7,3,2,2,0,1,0,0,0,0,1,7.752E+20,5.63932E+21,1.29091E+16,5.084E+16
159538,,14,5,11,0,2017,3,17,7,3,6,7,0,1,1,0,0,0,1,7.72346E+20,5.64317E+21,1.28715E+16,5.08759E+16
159539,,14,5,23,320,2017,3,18,6,2,7,7,0,1,0,0,0,1,0,7.23741E+20,5.59808E+21,1.21545E+16,5.04919E+16
159540,,14,5,24,80,2017,3,19,6,3,5,3,1,1,0,0,0,2,1,7.49885E+20,5.63489E+21,1.25473E+16,5.08118E+16
159541,,14,5,24,330,2017,3,14,6,3,5,3,0,1,0,1,0,0,0,7.4712E+20,5.62087E+21,1.24987E+16,5.06871E+16
159542,,14,7,13,0,2017,3,12,6,3,5,3,0,1,0,0,1,0,0,7.2865E+20,5.68958E+21,1.22809E+16,5.13115E+16
159543,,14,7,13,0,2017,3,18,6,3,6,4,0,1,1,0,0,0,1,7.38883E+20,5.69222E+21,1.24293E+16,5.13311E+16
159544,,14,6,26,110,2017,3,17,6,3,6,4,0,1,1,0,0,1,1,9.17963E+20,5.68361E+21,1.49782E+16,5.11509E+16
159545,,14,6,28,270,2017,3,20,6,3,4,2,0,1,0,0,0,2,1,8.46115E+20,5.65855E+21,1.39311E+16,5.09743E+16
159546,,14,6,27,220,2017,3,10,6,3,3,6,1,1,0,0,0,0,0,8.29755E+20,5.68446E+21,1.37225E+16,5.12161E+16
159547,,14,6,28,110,2017,3,7,6,3,2,6,0,1,0,0,1,0,0,8.26992E+20,5.66186E+21,1.36626E+16,5.10152E+16
159548,,14,6,12,0,2017,3,17,6,3,5,2,0,1,0,0,1,0,1,8.28697E+20,5.66576E+21,1.36904E+16,5.10491E+16
159549,,14,6,12,0,2017,3,16,6,3,3,5,0,1,0,0,0,0,0,8.34766E+20,5.66687E+21,1.37777E+16,5.10556E+16
159550,,14,6,12,0,2017,3,9,6,2,6,4,0,1,1,0,0,0,0,8.31E+20,5.66337E+21,1.37209E+16,5.10263E+16
159551,,14,6,12,0,2017,3,7,6,3,2,6,0,1,0,0,0,0,0,8.34675E+20,5.66746E+21,1.37769E+16,5.10609E+16
159552,,14,5,11,0,2017,3,11,6,3,6,4,0,1,1,0,0,0,0,7.73407E+20,5.64112E+21,1.28851E+16,5.0857E+16
159553,,14,5,23,10,2017,3,12,5,3,3,3,1,1,0,0,0,0,0,7.31418E+20,5.57687E+21,1.22495E+16,5.02984E+16
159554,,14,5,23,320,2017,3,18,5,3,5,3,1,1,0,0,0,2,0,7.22492E+20,5.59961E+21,1.21379E+16,5.05062E+16
159555,,14,5,24,300,2017,3,12,5,2,4,2,0,1,0,0,0,0,0,7.37451E+20,5.62918E+21,1.23674E+16,5.07657E+16
159556,,14,7,13,0,2017,3,8,5,3,5,3,1,1,0,0,0,0,0,7.34744E+20,5.69056E+21,1.23689E+16,5.13178E+16
159557,,14,7,13,0,2017,3,15,5,3,5,3,1,1,0,0,0,0,0,7.34704E+20,5.69318E+21,1.237E+16,5.13414E+16
159558,,14,7,13,0,2017,3,17,5,3,1,5,1,1,0,0,0,1,0,7.31258E+20,5.69284E+21,1.23204E+16,5.13397E+16
159559,,14,7,13,0,2017,3,12,5,2,6,2,0,1,1,0,0,0,0,7.38437E+20,5.69093E+21,1.2422E+16,5.13196E+16
159560,,14,7,13,0,2017,3,17,5,3,3,6,1,1,0,0,0,0,0,7.36665E+20,5.69378E+21,1.23985E+16,5.13459E+16
159561,,14,7,13,0,2017,3,9,5,3,5,3,1,1,0,0,0,0,0,7.39941E+20,5.6941E+21,1.24457E+16,5.13474E+16
159562,,14,6,27,140,2017,3,15,5,3,5,2,0,1,0,0,0,0,0,8.1473E+20,5.67827E+21,1.35027E+16,5.11691E+16
159563,,14,6,12,0,2017,3,10,5,3,1,5,1,0,0,0,1,0,0,8.40762E+20,5.66217E+21,1.38585E+16,5.10099E+16
159564,,14,6,12,0,2017,3,12,5,3,5,3,1,1,0,0,0,0,0,8.39555E+20,5.66309E+21,1.38422E+16,5.10189E+16
159565,,14,6,12,0,2017,3,11,5,3,1,1,1,1,0,0,0,0,0,8.3378E+20,5.66357E+21,1.37606E+16,5.10265E+16
159566,,14,5,22,180,2017,3,7,5,3,5,3,1,1,0,0,0,0,0,8.05013E+20,5.64963E+21,1.334E+16,5.09175E+16
159567,,14,5,21,440,2017,3,15,5,3,0,7,0,1,1,0,0,0,0,7.81862E+20,5.59303E+21,1.29683E+16,5.04215E+16
159568,,14,5,11,0,2017,3,20,5,3,2,2,0,1,0,0,0,2,0,7.75168E+20,5.63737E+21,1.29072E+16,5.08225E+16
159569,,14,5,11,0,2017,3,15,5,3,0,2,0,1,0,0,1,0,0,7.78582E+20,5.63931E+21,1.2957E+16,5.08384E+16
159570,,14,7,30,70,2017,3,11,4,3,5,3,1,0,0,0,1,0,0,7.32428E+20,5.71455E+21,1.23514E+16,5.15341E+16
159571,,14,7,13,0,2017,3,9,4,2,5,3,1,1,0,0,0,0,0,7.37991E+20,5.69754E+21,1.24201E+16,5.13792E+16
159572,,14,6,26,140,2017,3,17,4,2,5,3,0,1,0,0,1,0,0,8.98481E+20,5.65324E+21,1.46677E+16,5.0893E+16
159573,,14,6,25,630,2017,3,16,4,3,1,5,0,1,0,0,1,0,0,8.76638E+20,5.6745E+21,1.43806E+16,5.1098E+16
159574,,14,6,27,10,2017,3,7,4,3,5,3,0,0,0,0,1,0,0,8.20248E+20,5.67298E+21,1.35766E+16,5.11186E+16
159575,,14,6,27,210,2017,3,18,4,3,2,2,0,1,0,0,0,1,0,8.22702E+20,5.67212E+21,1.36108E+16,5.11095E+16
159576,,14,6,27,60,2017,3,14,4,3,1,5,1,1,0,0,0,0,0,8.15925E+20,5.69212E+21,1.35319E+16,5.12926E+16
159577,,14,6,27,210,2017,3,14,4,2,5,3,0,1,0,0,0,0,0,8.26738E+20,5.67159E+21,1.36678E+16,5.11025E+16
159578,,14,5,21,550,2017,3,17,4,3,4,6,0,1,0,0,0,0,0,7.67845E+20,5.6062E+21,1.27809E+16,5.05463E+16
159579,,14,7,13,0,2017,3,13,3,3,1,5,1,1,0,0,0,0,0,7.33857E+20,5.69534E+21,1.23593E+16,5.13611E+16
159580,,14,7,13,0,2017,3,16,3,3,2,6,1,1,0,0,0,0,0,7.28872E+20,5.69857E+21,1.22899E+16,5.13922E+16
159581,,14,6,28,110,2017,3,16,3,3,1,5,1,1,0,0,0,0,0,8.26783E+20,5.66095E+21,1.36588E+16,5.10071E+16
159582,,14,7,13,0,2017,3,12,2,3,5,3,0,1,0,0,0,0,0,7.35279E+20,5.69088E+21,1.23768E+16,5.13205E+16
159583,,14,7,13,0,2017,3,7,2,3,5,3,0,1,0,0,0,0,0,7.29708E+20,5.69034E+21,1.22966E+16,5.13179E+16
159584,,14,7,13,0,2017,3,15,2,3,5,3,1,1,0,0,0,0,0,7.33615E+20,5.69685E+21,1.23568E+16,5.13748E+16
159585,,14,7,13,0,2017,3,12,2,3,2,2,0,1,0,0,0,0,0,7.30637E+20,5.69165E+21,1.23107E+16,5.13293E+16
159586,,14,7,13,0,2017,3,14,2,2,6,3,0,1,1,0,0,0,0,7.34788E+20,5.69301E+21,1.23711E+16,5.13398E+16