OBJECTID,UIDENTSTLA,ULAND,UREGBEZ,UKREIS,UGEMEINDE,UJAHR,UMONAT,USTUNDE,UWOCHENTAG,UKATEGORIE,UART,UTYP1,IstRad,IstPKW,IstFuss,IstKrad,IstSonstig,LICHT,STRZUSTAND,LINREFX,LINREFY,XGCSWGS84,YGCSWGS84
159587,,14,7,13,0,2017,3,7,2,2,5,2,0,0,0,0,1,0,0,7.34006E+20,5.6956E+21,1.23616E+16,5.13634E+16
159588,,14,6,26,420,2017,3,8,2,3,8,7,0,1,0,0,0,0,0,9.16012E+20,5.6682E+21,1.49327E+16,5.10145E+16
159589,,14,6,26,610,2017,3,10,2,3,1,5,0,1,0,0,0,0,0,9.07228E+20,5.65414E+21,1.47924E+16,5.0895E+16
159590,,14,6,26,610,2017,3,20,2,3,5,3,0,1,0,0,0,1,0,9.08053E+20,5.65351E+21,1.48034E+16,5.08887E+16
159591,,14,6,28,270,2017,3,5,2,3,7,1,1,0,0,0,0,1,0,8.47316E+20,5.65707E+21,1.39467E+16,5.09603E+16
159592,,14,6,12,0,2017,3,6,2,3,5,2,0,1,0,1,0,0,1,8.28981E+20,5.66521E+21,1.36939E+16,5.1044E+16
159593,,14,6,12,0,2017,3,6,2,3,5,3,1,1,0,0,0,0,0,8.33622E+20,5.66609E+21,1.37607E+16,5.10492E+16
159594,,14,6,12,0,2017,3,19,2,2,5,3,0,1,0,1,0,2,0,8.4133E+20,5.66036E+21,1.38649E+16,5.09933E+16
159595,,14,6,12,0,2017,3,19,2,2,5,3,0,1,0,1,0,2,0,8.4133E+20,5.66036E+21,1.38649E+16,5.09933E+16
159596,,14,5,11,0,2017,3,8,2,3,5,3,0,1,0,0,0,0,0,7.73251E+20,5.63594E+21,1.2879E+16,5.08106E+16
159597,,14,5,11,0,2017,3,12,2,3,5,7,0,1,0,0,0,0,0,7.73071E+20,5.63848E+21,1.28783E+16,5.08335E+16
159598,,14,5,11,0,2017,3,19,2,3,2,2,0,1,0,0,0,1,0,7.74724E+20,5.63842E+21,1.29017E+16,5.08322E+16
159599,,14,7,13,0,2017,3,16,2,3,5,3,1,1,0,0,0,0,0,7.37535E+20,5.69375E+21,1.2411E+16,5.13453E+16
159600,,14,5,23,320,2017,3,18,1,3,5,2,0,1,0,1,0,2,0,7.21796E+20,5.59867E+21,1.21275E+16,5.04979E+16
159601,,14,7,30,270,2017,3,15,1,3,5,3,0,1,0,0,0,0,0,7.24071E+20,5.69919E+21,1.22214E+16,5.13997E+16
159602,,14,7,13,0,2017,3,18,1,2,5,3,1,1,0,0,0,0,0,7.36173E+20,5.69104E+21,1.23897E+16,5.13216E+16
159603,,14,5,11,0,2017,3,17,1,3,1,7,0,1,0,0,0,0,0,7.78059E+20,5.64079E+21,1.29507E+16,5.08519E+16
159604,,14,7,13,0,2017,3,2,7,3,0,1,1,0,0,0,0,2,0,7.36013E+20,5.69248E+21,1.23883E+16,5.13346E+16
159605,,14,7,13,0,2017,3,14,7,3,9,1,0,1,0,0,0,0,0,7.40288E+20,5.69818E+21,1.24534E+16,5.13839E+16
159606,,14,7,13,0,2017,3,8,7,3,1,7,1,1,0,0,0,0,0,7.35391E+20,5.69122E+21,1.23786E+16,5.13235E+16
159607,,14,7,13,0,2017,3,14,6,3,1,6,0,1,0,0,0,0,0,7.35893E+20,5.69456E+21,1.2388E+16,5.13533E+16
159608,,14,7,13,0,2017,3,18,6,3,6,6,1,0,1,0,0,1,0,7.36677E+20,5.69303E+21,1.23982E+16,5.13392E+16
159609,,14,7,13,0,2017,3,6,6,3,5,3,1,1,0,0,0,0,1,7.35924E+20,5.69274E+21,1.23872E+16,5.13369E+16
159610,,14,7,29,60,2017,3,12,6,3,6,2,0,1,1,0,0,0,0,7.46505E+20,5.69448E+21,1.254E+16,5.13481E+16
159611,,14,7,13,0,2017,3,13,6,3,5,3,0,1,0,0,0,0,0,7.39142E+20,5.6961E+21,1.24356E+16,5.13657E+16
159612,,14,6,25,20,2017,3,9,6,3,5,3,1,1,0,0,0,0,1,8.79661E+20,5.68427E+21,1.44338E+16,5.11835E+16
159613,,14,6,12,0,2017,3,14,6,3,4,5,0,1,0,1,0,0,1,8.39297E+20,5.65966E+21,1.38354E+16,5.09883E+16
159614,,14,6,12,0,2017,3,21,6,3,5,3,0,1,0,0,0,2,0,8.33512E+20,5.6682E+21,1.37611E+16,5.10682E+16
159615,,14,6,12,0,2017,3,9,6,3,5,3,1,1,0,0,0,0,1,8.31628E+20,5.66615E+21,1.37324E+16,5.10509E+16
159616,,14,6,12,0,2017,3,12,6,2,5,2,1,1,0,0,0,0,1,8.3848E+20,5.66068E+21,1.38247E+16,5.09979E+16
159617,,14,6,12,0,2017,3,17,6,2,4,1,0,1,0,1,0,0,0,8.28209E+20,5.66498E+21,1.36827E+16,5.10424E+16
159618,,14,6,12,0,2017,3,17,6,3,5,3,0,1,0,0,0,0,0,8.31726E+20,5.66351E+21,1.37314E+16,5.10273E+16
159619,,14,5,21,40,2017,3,16,6,3,0,7,1,0,0,0,1,0,0,7.76499E+20,5.62181E+21,1.29144E+16,5.06823E+16
159620,,14,5,22,460,2017,3,10,6,3,5,3,0,1,0,0,0,0,1,7.60394E+20,5.64847E+21,1.27058E+16,5.0929E+16
159621,,14,5,21,460,2017,3,19,6,2,5,3,0,1,0,1,0,2,0,8.0485E+20,5.62224E+21,1.33149E+16,5.0672E+16
159622,,14,5,11,0,2017,3,15,6,3,3,6,0,1,0,0,0,0,0,7.71354E+20,5.63803E+21,1.28537E+16,5.08302E+16
159623,,14,5,24,70,2017,3,7,5,3,5,3,1,1,0,0,0,0,1,7.61788E+20,5.62856E+21,1.27114E+16,5.07497E+16
159624,,14,7,29,350,2017,3,18,5,3,4,1,1,0,0,0,0,2,1,7.28432E+20,5.67289E+21,1.22672E+16,5.11618E+16
159625,,14,7,13,0,2017,3,14,5,3,3,3,1,0,0,0,1,0,0,7.40828E+20,5.69655E+21,1.24601E+16,5.13691E+16
159626,,14,7,13,0,2017,3,12,5,3,3,2,1,1,0,0,0,0,0,7.36211E+20,5.69252E+21,1.23912E+16,5.13348E+16
159627,,14,7,13,0,2017,3,10,5,3,3,7,0,1,0,0,0,0,0,7.29981E+20,5.69428E+21,1.2303E+16,5.13532E+16
159628,,14,7,13,0,2017,3,11,5,3,4,7,1,0,1,0,0,0,0,7.37385E+20,5.69158E+21,1.24074E+16,5.13259E+16
159629,,14,6,27,100,2017,3,11,5,2,5,3,0,1,0,0,1,0,0,8.16005E+20,5.6669E+21,1.35109E+16,5.10665E+16
159630,,14,6,12,0,2017,3,8,5,2,1,5,0,1,0,0,1,0,1,8.33934E+20,5.66332E+21,1.37626E+16,5.10243E+16
159631,,14,6,12,0,2017,3,7,5,3,3,6,0,1,0,1,0,0,1,8.32825E+20,5.66496E+21,1.37483E+16,5.10396E+16
159632,,14,5,11,0,2017,3,7,5,3,2,6,0,1,0,0,0,0,1,7.83034E+20,5.63846E+21,1.30194E+16,5.08285E+16
159633,,14,5,11,0,2017,3,14,5,3,5,2,0,1,0,0,1,0,0,7.75739E+20,5.63833E+21,1.2916E+16,5.08309E+16
159634,,14,7,29,160,2017,3,18,4,2,4,6,1,1,0,0,0,1,0,7.61038E+20,5.68455E+21,1.2741E+16,5.12525E+16
159635,,14,7,29,410,2017,3,13,4,3,1,5,1,0,0,0,1,0,0,7.6023E+20,5.69704E+21,1.27386E+16,5.13649E+16
159636,,14,7,29,40,2017,3,7,4,3,0,1,1,0,0,0,0,0,1,7.37274E+20,5.67742E+21,1.23964E+16,5.11988E+16
159637,,14,7,13,0,2017,3,6,4,3,5,6,1,1,0,0,0,1,1,7.35399E+20,5.69088E+21,1.23785E+16,5.13205E+16
159638,,14,7,13,0,2017,3,15,4,3,3,5,1,1,0,0,0,0,0,7.37579E+20,5.69475E+21,1.24123E+16,5.13542E+16
159639,,14,7,13,0,2017,3,13,4,2,6,4,0,1,1,0,0,0,0,7.37801E+20,5.69376E+21,1.24148E+16,5.13453E+16
159640,,14,7,13,0,2017,3,20,4,3,5,3,0,1,0,0,0,2,1,7.32392E+20,5.69155E+21,1.23358E+16,5.13276E+16
159641,,14,7,13,0,2017,3,14,4,3,5,2,1,1,0,0,0,0,0,7.39235E+20,5.69913E+21,1.2439E+16,5.13929E+16
159642,,14,7,13,0,2017,3,19,4,3,5,3,0,1,0,0,0,2,1,7.37593E+20,5.69476E+21,1.24125E+16,5.13543E+16
159643,,14,6,26,85,2017,3,8,4,3,1,5,0,1,0,0,0,0,0,8.9349E+20,5.66271E+21,1.46073E+16,5.09812E+16
159644,,14,6,28,160,2017,3,11,4,3,1,5,0,1,0,1,0,0,1,8.41567E+20,5.65937E+21,1.38673E+16,5.09844E+16
159645,,14,6,27,310,2017,3,15,4,2,0,7,1,0,0,0,0,0,0,8.19529E+20,5.67848E+21,1.35713E+16,5.11683E+16
159646,,14,6,12,0,2017,3,15,4,3,0,4,0,0,1,0,1,0,0,8.33462E+20,5.66232E+21,1.3755E+16,5.10156E+16
159647,,14,6,12,0,2017,3,21,4,3,5,2,1,1,0,0,0,2,1,8.3526E+20,5.66284E+21,1.3781E+16,5.10192E+16
159648,,14,6,12,0,2017,3,13,4,3,5,3,0,1,0,0,0,0,0,8.35069E+20,5.66456E+21,1.37799E+16,5.10347E+16
159649,,14,6,12,0,2017,3,10,4,3,3,6,1,1,0,0,0,0,0,8.34728E+20,5.66716E+21,1.37774E+16,5.10582E+16
159650,,14,6,12,0,2017,3,22,4,3,5,3,1,1,0,0,0,2,1,8.34477E+20,5.66598E+21,1.37728E+16,5.10478E+16
159651,,14,6,12,0,2017,3,6,4,3,0,7,0,1,0,1,0,1,1,8.34837E+20,5.66724E+21,1.3779E+16,5.10589E+16
159652,,14,5,22,80,2017,3,8,4,3,5,3,1,1,0,0,0,0,0,7.86987E+20,5.67147E+21,1.31015E+16,5.11227E+16
159653,,14,5,24,100,2017,3,6,3,3,0,7,0,0,0,1,0,1,1,7.49863E+20,5.61048E+21,1.25305E+16,5.05927E+16
159654,,14,7,29,430,2017,3,10,3,2,5,3,1,1,0,0,0,0,0,7.32399E+20,5.67948E+21,1.23281E+16,5.12193E+16
159655,,14,7,13,0,2017,3,16,3,2,5,3,1,0,0,0,1,0,0,7.29483E+20,5.68983E+21,1.2293E+16,5.13134E+16
159656,,14,6,25,240,2017,3,14,3,3,1,2,0,1,0,0,0,0,1,8.64455E+20,5.71142E+21,1.42449E+16,5.14364E+16
159657,,14,6,28,270,2017,3,15,3,3,5,3,0,1,0,0,1,0,1,8.46229E+20,5.65802E+21,1.39322E+16,5.09695E+16
159658,,14,6,28,10,2017,3,6,3,3,8,1,0,1,0,0,0,1,2,8.32536E+20,5.63443E+21,1.37164E+16,5.07661E+16
159659,,14,6,12,0,2017,3,16,3,3,5,3,1,1,0,0,0,0,1,8.35568E+20,5.66391E+21,1.37863E+16,5.10285E+16
159660,,14,6,12,0,2017,3,18,3,3,0,1,1,0,0,0,0,1,1,8.32934E+20,5.66453E+21,1.37495E+16,5.10357E+16
159661,,14,6,12,0,2017,3,7,3,3,5,3,1,1,0,0,0,0,1,8.34991E+20,5.66492E+21,1.37791E+16,5.1038E+16
159662,,14,6,12,0,2017,3,16,3,2,5,3,1,1,0,0,0,0,1,8.38841E+20,5.66086E+21,1.383E+16,5.09993E+16
159663,,14,5,11,0,2017,3,11,3,3,5,3,0,1,0,0,0,0,1,7.7546E+20,5.6365E+21,1.29107E+16,5.08146E+16
159664,,14,5,23,300,2017,3,10,2,3,5,3,0,1,0,0,0,0,0,7.25429E+20,5.59006E+21,1.21735E+16,5.04193E+16
159665,,14,5,23,40,2017,3,8,2,2,1,7,0,1,0,0,0,0,1,7.30475E+20,5.57521E+21,1.22353E+16,5.0284E+16
159666,,14,5,24,190,2017,3,7,2,3,2,6,0,1,0,0,0,0,1,7.44432E+20,5.63855E+21,1.24725E+16,5.0847E+16
159667,,14,7,13,0,2017,3,9,2,3,5,3,0,1,0,1,0,0,1,7.38836E+20,5.68934E+21,1.24267E+16,5.13051E+16
159668,,14,7,30,230,2017,3,7,2,3,5,2,1,1,0,0,0,0,1,7.86151E+20,5.69261E+21,1.31064E+16,5.13127E+16
159669,,14,7,13,0,2017,3,18,2,2,6,4,0,0,1,0,1,2,0,7.37381E+20,5.69268E+21,1.24081E+16,5.13357E+16
159670,,14,7,13,0,2017,3,8,2,3,5,3,1,1,0,0,0,0,1,7.35429E+20,5.69156E+21,1.23793E+16,5.13265E+16
159671,,14,7,13,0,2017,3,16,2,3,5,3,0,1,0,0,0,0,0,7.40195E+20,5.69172E+21,1.24477E+16,5.1326E+16
159672,,14,6,26,600,2017,3,17,2,3,5,3,0,1,0,1,0,0,0,8.9015E+20,5.72013E+21,1.46224E+16,5.14973E+16
159673,,14,6,28,270,2017,3,15,2,3,2,2,1,1,0,0,0,0,1,8.456E+20,5.6587E+21,1.39239E+16,5.0976E+16
159674,,14,6,12,0,2017,3,14,2,3,4,1,0,1,0,0,0,0,1,8.29013E+20,5.66959E+21,1.36984E+16,5.10833E+16
159675,,14,6,12,0,2017,3,6,2,2,5,3,0,0,0,1,1,1,1,8.34716E+20,5.66495E+21,1.37752E+16,5.10384E+16
159676,,14,6,12,0,2017,3,9,2,2,2,2,0,1,0,0,1,0,0,8.27123E+20,5.67047E+21,1.36723E+16,5.10922E+16
159677,,14,6,12,0,2017,3,14,2,3,5,3,0,1,0,1,0,0,1,8.30379E+20,5.66324E+21,1.3712E+16,5.10256E+16
159678,,14,5,22,260,2017,3,18,2,3,5,3,0,1,0,1,0,2,1,7.68857E+20,5.64332E+21,1.28222E+16,5.08789E+16
159679,,14,5,21,370,2017,3,17,2,3,5,3,1,0,0,0,1,0,1,7.64333E+20,5.61525E+21,1.27379E+16,5.06291E+16
159680,,14,7,13,0,2017,3,10,1,3,6,4,0,1,1,0,0,0,0,7.3198E+20,5.69319E+21,1.2331E+16,5.13426E+16
159681,,14,7,13,0,2017,3,10,1,3,6,2,0,1,1,0,0,0,0,7.34619E+20,5.6902E+21,1.23668E+16,5.13147E+16
159682,,14,6,26,120,2017,3,5,1,3,8,1,0,1,0,0,0,1,0,8.87776E+20,5.72456E+21,1.45933E+16,5.15386E+16
159683,,14,6,25,20,2017,3,13,1,2,6,4,0,1,1,0,0,0,0,8.79652E+20,5.68428E+21,1.44337E+16,5.11835E+16
159684,,14,6,12,0,2017,3,4,1,2,9,1,0,1,0,0,0,2,0,8.38943E+20,5.6609E+21,1.38315E+16,5.09996E+16
159685,,14,5,24,330,2017,3,16,7,3,5,3,0,1,0,0,0,0,0,7.47042E+20,5.62281E+21,1.24989E+16,5.07045E+16
159686,,14,5,23,320,2017,3,9,7,3,5,2,0,1,0,0,0,0,0,7.22956E+20,5.59981E+21,1.21445E+16,5.05077E+16
159687,,14,7,13,0,2017,3,13,7,3,1,5,1,1,0,0,1,0,0,7.37144E+20,5.69376E+21,1.24054E+16,5.13456E+16
159688,,14,7,13,0,2017,3,5,7,3,5,3,0,1,0,1,0,2,0,7.35707E+20,5.69091E+21,1.23829E+16,5.13206E+16
159689,,14,7,13,0,2017,3,15,7,3,4,6,1,0,0,1,0,0,0,7.345E+20,5.69105E+21,1.23657E+16,5.13223E+16
159690,,14,7,13,0,2017,3,21,7,3,2,6,0,1,0,0,0,2,0,7.3105E+20,5.69366E+21,1.2318E+16,5.13472E+16
159691,,14,7,13,0,2017,3,8,7,3,2,6,0,1,0,0,1,0,0,7.36019E+20,5.68828E+21,1.23856E+16,5.12969E+16
159692,,14,6,25,430,2017,3,12,7,3,2,6,0,1,0,0,0,0,0,8.36986E+20,5.68098E+21,1.38224E+16,5.11807E+16
159693,,14,6,25,240,2017,3,14,7,2,0,1,1,0,0,0,0,0,0,8.63803E+20,5.71122E+21,1.42353E+16,5.14351E+16
159694,,14,6,12,0,2017,3,16,7,2,8,1,0,0,0,1,0,2,0,8.34511E+20,5.66846E+21,1.37755E+16,5.10699E+16
159695,,14,6,12,0,2017,3,15,7,2,2,3,0,1,0,0,0,0,0,8.31077E+20,5.66203E+21,1.37208E+16,5.10143E+16
159696,,14,6,12,0,2017,3,8,7,3,5,3,1,1,0,0,0,0,0,8.34692E+20,5.66737E+21,1.37771E+16,5.10601E+16
159697,,14,7,29,50,2017,3,16,6,3,7,7,1,0,0,0,0,0,0,7.44536E+20,5.66921E+21,1.24946E+16,5.11221E+16
159698,,14,7,29,430,2017,3,10,6,3,8,1,0,1,0,0,0,0,0,7.32397E+20,5.67947E+21,1.2328E+16,5.12192E+16
159699,,14,7,13,0,2017,3,19,6,3,3,3,1,1,0,0,0,2,0,7.35279E+20,5.69091E+21,1.23768E+16,5.13207E+16
159700,,14,7,13,0,2017,3,17,6,3,2,6,0,1,0,0,0,2,0,7.35082E+20,5.69006E+21,1.23734E+16,5.13132E+16
159701,,14,7,13,0,2017,3,17,6,2,8,1,0,0,0,1,0,1,0,7.39538E+20,5.69643E+21,1.24415E+16,5.13685E+16
159702,,14,6,28,100,2017,3,18,6,3,6,7,0,1,1,0,0,2,0,8.50252E+20,5.66526E+21,1.39963E+16,5.10319E+16
159703,,14,6,27,140,2017,3,16,6,2,4,6,0,1,0,1,1,0,0,8.11302E+20,5.67683E+21,1.34525E+16,5.1158E+16
159704,,14,6,27,100,2017,3,16,6,2,8,1,0,1,0,0,0,0,0,8.16909E+20,5.66901E+21,1.35256E+16,5.10849E+16
159705,,14,6,12,0,2017,3,23,6,3,0,1,1,0,0,0,0,2,0,8.3417E+20,5.66311E+21,1.37657E+16,5.10222E+16
159706,,14,6,12,0,2017,3,17,6,2,6,4,1,0,1,0,0,0,0,8.32165E+20,5.66488E+21,1.37389E+16,5.10392E+16
159707,,14,6,12,0,2017,3,13,6,3,3,5,0,1,0,0,1,0,0,8.34742E+20,5.66705E+21,1.37775E+16,5.10572E+16
159708,,14,5,21,530,2017,3,12,6,3,6,4,0,1,1,0,0,0,0,7.5735E+20,5.60995E+21,1.26357E+16,5.05847E+16
159709,,14,5,11,0,2017,3,9,6,3,0,7,0,0,0,0,1,0,0,7.77412E+20,5.63896E+21,1.29402E+16,5.08357E+16
159710,,14,5,11,0,2017,3,7,6,3,5,2,1,0,0,0,1,0,0,7.75797E+20,5.63822E+21,1.29167E+16,5.08299E+16
159711,,14,5,11,0,2017,3,11,6,3,6,2,0,1,1,0,0,0,0,7.78585E+20,5.63932E+21,1.29571E+16,5.08384E+16
159712,,14,5,11,0,2017,3,16,6,3,8,6,0,1,0,1,0,0,0,7.72679E+20,5.63687E+21,1.28716E+16,5.08192E+16
159713,,14,5,11,0,2017,3,9,6,3,4,2,1,1,0,0,0,0,0,7.67486E+20,5.6363E+21,1.27976E+16,5.08166E+16
159714,,14,7,13,0,2017,3,18,5,3,8,1,0,1,0,0,0,2,0,7.29736E+20,5.68986E+21,1.22967E+16,5.13136E+16
159715,,14,7,13,0,2017,4,9,2,3,5,3,1,0,0,0,1,0,0,7.35081E+20,5.69012E+21,1.23734E+16,5.13137E+16
159716,,14,7,13,0,2017,4,22,2,3,4,2,0,1,0,0,0,2,0,7.34579E+20,5.6914E+21,1.23671E+16,5.13255E+16
159717,,14,7,13,0,2017,4,7,2,2,6,4,0,1,1,0,0,0,0,7.3794E+20,5.69523E+21,1.24178E+16,5.13584E+16
159718,,14,6,25,240,2017,4,13,2,3,2,6,0,1,0,1,0,0,0,8.65421E+20,5.71213E+21,1.42595E+16,5.14421E+16
159719,,14,6,25,240,2017,4,8,2,3,5,3,1,1,0,0,0,0,0,8.64319E+20,5.71128E+21,1.42428E+16,5.14353E+16
159720,,14,6,25,110,2017,4,14,2,3,8,1,1,0,0,0,0,0,0,8.70293E+20,5.67639E+21,1.42923E+16,5.1119E+16
159721,,14,6,27,230,2017,4,16,2,3,2,6,0,1,0,1,0,0,0,7.97671E+20,5.69166E+21,1.32705E+16,5.12983E+16
159722,,14,6,27,140,2017,4,14,2,3,0,5,1,1,0,0,0,0,0,8.12408E+20,5.67676E+21,1.34682E+16,5.11568E+16
159723,,14,6,28,270,2017,4,7,3,3,5,3,1,1,0,0,0,0,0,8.46499E+20,5.65977E+21,1.39377E+16,5.0985E+16
159724,,14,6,12,0,2017,4,6,3,3,5,2,0,1,0,1,0,0,0,8.33999E+20,5.66806E+21,1.37679E+16,5.10667E+16
159725,,14,6,27,140,2017,4,13,2,3,0,1,1,0,0,0,0,0,0,8.12447E+20,5.67681E+21,1.34688E+16,5.11572E+16
159726,,14,6,27,310,2017,4,8,2,3,5,3,0,1,0,1,0,0,0,8.19169E+20,5.67721E+21,1.3565E+16,5.11571E+16
159727,,14,6,12,0,2017,4,15,2,2,5,3,0,0,0,1,1,0,0,8.37693E+20,5.66213E+21,1.38149E+16,5.10114E+16
159728,,14,6,12,0,2017,4,21,3,3,3,6,1,0,0,1,0,2,0,8.31973E+20,5.66872E+21,1.37397E+16,5.10738E+16
159729,,14,5,21,590,2017,4,18,3,2,1,5,1,1,0,0,0,0,0,7.66457E+20,5.62471E+21,1.27746E+16,5.0713E+16
159730,,14,5,11,0,2017,4,16,3,3,4,2,0,1,0,0,1,0,0,7.77566E+20,5.63822E+21,1.29418E+16,5.0829E+16
159731,,14,6,12,0,2017,4,12,2,3,3,5,0,1,0,0,0,0,0,8.3244E+20,5.66857E+21,1.37462E+16,5.10721E+16
159732,,14,6,12,0,2017,4,7,2,3,5,3,1,1,0,0,0,0,0,8.3416E+20,5.66598E+21,1.37682E+16,5.1048E+16
159733,,14,6,12,0,2017,4,16,2,3,5,3,0,1,0,1,0,0,0,8.35026E+20,5.66421E+21,1.37789E+16,5.10316E+16
159734,,14,6,12,0,2017,4,7,2,3,5,3,1,0,0,0,1,0,0,8.34942E+20,5.6648E+21,1.37783E+16,5.10369E+16
159735,,14,7,29,410,2017,4,8,2,3,3,5,0,1,0,0,0,0,0,7.60779E+20,5.69784E+21,1.2747E+16,5.13719E+16
159736,,14,7,13,0,2017,4,12,2,3,6,6,0,0,1,0,1,0,0,7.32196E+20,5.69066E+21,1.23324E+16,5.13198E+16
159737,,14,6,12,0,2017,4,7,2,3,5,2,1,1,0,0,0,0,0,8.31459E+20,5.66556E+21,1.37295E+16,5.10457E+16
159738,,14,6,12,0,2017,4,8,2,3,5,3,0,1,0,0,0,0,0,8.34699E+20,5.66737E+21,1.37772E+16,5.10601E+16
159739,,14,6,12,0,2017,4,19,2,3,5,2,1,1,0,0,0,2,0,8.33291E+20,5.66673E+21,1.37566E+16,5.10551E+16
159740,,14,5,21,460,2017,4,14,2,3,5,3,1,0,0,0,1,0,0,8.07077E+20,5.62059E+21,1.3345E+16,5.06561E+16
159741,,14,5,11,0,2017,4,12,2,3,5,3,0,1,0,0,0,0,0,7.7329E+20,5.6391E+21,1.28819E+16,5.08389E+16
159742,,14,5,11,0,2017,4,14,2,3,2,6,0,1,0,0,0,0,0,7.77444E+20,5.63697E+21,1.29391E+16,5.08179E+16
159743,,14,5,11,0,2017,4,11,2,3,0,7,0,0,0,0,1,0,0,7.73975E+20,5.6382E+21,1.28909E+16,5.08306E+16
159744,,14,5,11,0,2017,4,14,2,2,5,3,1,1,0,0,0,0,0,7.77759E+20,5.63805E+21,1.29444E+16,5.08274E+16
159745,,14,7,13,0,2017,4,13,1,2,5,3,0,1,0,1,0,0,0,7.32422E+20,5.69163E+21,1.23363E+16,5.13284E+16
159746,,14,6,25,240,2017,4,5,1,3,6,4,0,1,1,0,0,2,0,8.662E+20,5.71307E+21,1.42716E+16,5.14501E+16
159747,,14,6,12,0,2017,4,12,1,2,5,3,1,1,0,0,0,0,0,8.35937E+20,5.66491E+21,1.37925E+16,5.10373E+16
159748,,14,5,21,320,2017,4,15,1,3,5,3,1,1,0,0,0,0,0,7.64991E+20,5.59319E+21,1.27315E+16,5.04309E+16
159749,,14,5,21,170,2017,4,9,1,2,3,6,1,0,0,0,1,0,0,7.54588E+20,5.60005E+21,1.259E+16,5.0497E+16
159750,,14,5,24,130,2017,4,15,7,2,6,4,0,1,1,0,0,0,0,7.48378E+20,5.61353E+21,1.25116E+16,5.06207E+16
159751,,14,7,13,0,2017,4,2,7,3,6,4,0,1,1,0,0,2,0,7.34414E+20,5.69554E+21,1.23674E+16,5.13627E+16
159752,,14,7,13,0,2017,4,18,7,3,5,7,1,1,0,0,0,0,0,7.3611E+20,5.69557E+21,1.23918E+16,5.13622E+16
159753,,14,7,13,0,2017,4,12,7,3,2,6,0,1,0,0,0,0,0,7.34932E+20,5.69388E+21,1.23738E+16,5.13476E+16
159754,,14,7,29,430,2017,4,10,7,2,0,7,1,0,0,0,1,0,1,7.32209E+20,5.67912E+21,1.23251E+16,5.12162E+16
159755,,14,7,13,0,2017,4,15,7,3,5,3,1,1,0,0,0,0,0,7.38794E+20,5.69643E+21,1.24308E+16,5.13689E+16
159756,,14,6,26,600,2017,4,19,7,2,3,2,1,0,0,0,0,0,0,8.9006E+20,5.72182E+21,1.4623E+16,5.15125E+16
159757,,14,6,25,310,2017,4,8,7,1,4,7,0,1,0,0,1,0,0,8.54502E+20,5.71228E+21,1.41031E+16,5.14505E+16
159758,,14,6,12,0,2017,4,14,7,3,5,3,1,1,0,0,0,0,0,8.4006E+20,5.66077E+21,1.38472E+16,5.09978E+16
159759,,14,5,22,180,2017,4,17,7,2,0,1,1,0,0,0,0,0,0,8.02148E+20,5.65022E+21,1.32998E+16,5.09244E+16
159760,,14,5,21,600,2017,4,18,7,3,6,4,0,1,1,0,0,1,0,7.51313E+20,5.60346E+21,1.25462E+16,5.0529E+16
159761,,14,5,11,0,2017,4,1,7,2,9,1,0,1,0,0,0,2,0,7.72725E+20,5.63597E+21,1.28716E+16,5.08111E+16
159762,,14,5,11,0,2017,4,14,7,3,3,2,0,1,0,1,0,0,0,7.77944E+20,5.63661E+21,1.29459E+16,5.08144E+16
159763,,14,5,24,40,2017,4,19,6,2,9,1,0,1,0,0,0,0,1,7.48904E+20,5.60766E+21,1.2515E+16,5.05678E+16
159764,,14,7,13,0,2017,4,10,6,3,6,2,0,1,1,0,0,0,1,7.3246E+20,5.69175E+21,1.23369E+16,5.13294E+16
159765,,14,7,13,0,2017,4,16,6,3,5,3,1,1,0,0,0,0,0,7.36733E+20,5.68935E+21,1.23966E+16,5.13062E+16
159766,,14,7,30,330,2017,4,15,6,3,0,2,0,1,0,1,0,0,0,7.75054E+20,5.68793E+21,1.2944E+16,5.12762E+16
159767,,14,7,13,0,2017,4,16,6,3,5,3,0,1,0,0,0,0,0,7.31812E+20,5.69127E+21,1.23273E+16,5.13255E+16
159768,,14,6,27,210,2017,4,11,6,3,0,7,0,1,0,1,0,0,1,8.26997E+20,5.67099E+21,1.36709E+16,5.1097E+16
159769,,14,6,12,0,2017,4,7,6,3,5,3,0,1,0,1,0,0,1,8.29496E+20,5.66556E+21,1.37015E+16,5.10468E+16
159770,,14,6,12,0,2017,4,12,6,3,6,2,0,1,1,0,0,0,1,8.33728E+20,5.66365E+21,1.376E+16,5.10273E+16
159771,,14,6,12,0,2017,4,10,6,3,5,3,0,1,0,0,0,0,1,8.34972E+20,5.67407E+21,1.37873E+16,5.112E+16
159772,,14,6,12,0,2017,4,10,6,3,5,2,1,1,0,0,0,0,1,8.33789E+20,5.66878E+21,1.37655E+16,5.10732E+16
159773,,14,6,12,0,2017,4,12,6,3,0,2,0,1,0,0,1,0,1,8.35568E+20,5.66391E+21,1.37863E+16,5.10285E+16
159774,,14,6,12,0,2017,4,16,6,3,5,3,0,1,0,0,1,0,1,8.36649E+20,5.66531E+21,1.3803E+16,5.10404E+16
159775,,14,6,12,0,2017,4,11,6,3,5,2,1,1,0,0,0,0,1,8.36429E+20,5.66344E+21,1.37981E+16,5.10238E+16
159776,,14,5,22,460,2017,4,15,6,3,5,2,1,1,0,0,0,0,1,7.56441E+20,5.65014E+21,1.26508E+16,5.09458E+16