OBJECTID,UIDENTSTLA,ULAND,UREGBEZ,UKREIS,UGEMEINDE,UJAHR,UMONAT,USTUNDE,UWOCHENTAG,UKATEGORIE,UART,UTYP1,IstRad,IstPKW,IstFuss,IstKrad,IstSonstig,LICHT,STRZUSTAND,LINREFX,LINREFY,XGCSWGS84,YGCSWGS84
159777,,14,5,11,0,2017,4,8,6,3,2,6,0,1,0,0,0,0,0,7.69011E+20,5.636E+21,1.2819E+16,5.08132E+16
159778,,14,5,11,0,2017,4,7,6,3,1,5,1,1,0,0,0,0,0,7.77535E+20,5.64085E+21,1.29434E+16,5.08527E+16
159779,,14,5,11,0,2017,4,14,6,2,6,2,0,0,1,0,1,0,1,7.69966E+20,5.63758E+21,1.28337E+16,5.08269E+16
159780,,14,5,11,0,2017,4,16,6,3,0,3,0,1,0,0,1,0,0,7.77705E+20,5.63739E+21,1.29432E+16,5.08215E+16
159781,,14,7,13,0,2017,4,14,5,3,6,4,1,0,1,0,0,0,0,7.36721E+20,5.69399E+21,1.23995E+16,5.13478E+16
159782,,14,7,13,0,2017,4,17,5,3,6,4,1,0,1,0,0,0,0,7.35009E+20,5.69198E+21,1.23736E+16,5.13304E+16
159783,,14,7,13,0,2017,4,13,5,3,0,1,1,1,0,0,0,0,0,7.3464E+20,5.69307E+21,1.2369E+16,5.13404E+16
159784,,14,7,13,0,2017,4,8,5,2,6,4,1,0,1,0,0,0,0,7.3177E+20,5.69013E+21,1.2326E+16,5.13152E+16
159785,,14,7,13,0,2017,4,9,5,3,5,3,1,1,0,0,0,0,0,7.39897E+20,5.6924E+21,1.24439E+16,5.13322E+16
159786,,14,7,13,0,2017,4,11,5,3,4,6,0,1,0,0,0,0,0,7.30456E+20,5.70104E+21,1.23142E+16,5.14137E+16
159787,,14,7,13,0,2017,4,17,5,2,1,5,1,1,0,0,0,0,0,7.31984E+20,5.68861E+21,1.23281E+16,5.13015E+16
159788,,14,7,13,0,2017,4,15,5,3,5,3,1,1,0,0,0,0,0,7.34084E+20,5.69513E+21,1.23624E+16,5.13591E+16
159789,,14,6,26,610,2017,4,17,5,3,3,2,1,1,0,0,0,0,0,9.07855E+20,5.65326E+21,1.48003E+16,5.08866E+16
159790,,14,6,25,380,2017,4,12,5,3,5,3,0,1,0,1,0,0,0,8.73155E+20,5.67394E+21,1.43304E+16,5.10952E+16
159791,,14,6,26,530,2017,4,15,5,2,0,7,0,0,0,0,1,0,0,8.95319E+20,5.65853E+21,1.46287E+16,5.09425E+16
159792,,14,6,28,160,2017,4,7,5,3,0,7,1,0,0,0,0,0,0,8.41579E+20,5.6579E+21,1.38661E+16,5.09712E+16
159793,,14,6,12,0,2017,4,7,5,3,5,3,1,1,0,0,0,0,0,8.29795E+20,5.66946E+21,1.37094E+16,5.10817E+16
159794,,14,6,12,0,2017,4,20,5,3,3,6,1,1,0,0,0,2,0,8.33009E+20,5.66797E+21,1.37537E+16,5.10664E+16
159795,,14,6,12,0,2017,4,17,5,3,3,2,0,1,0,1,0,0,0,8.36479E+20,5.66539E+21,1.38007E+16,5.10413E+16
159796,,14,6,12,0,2017,4,10,5,3,5,3,0,1,0,0,0,0,0,8.35026E+20,5.66421E+21,1.37789E+16,5.10316E+16
159797,,14,5,24,330,2017,4,14,4,2,0,3,0,1,0,0,1,0,0,7.44505E+20,5.62183E+21,1.24624E+16,5.06968E+16
159798,,14,5,23,120,2017,4,7,4,2,5,3,0,1,0,0,0,0,0,7.38648E+20,5.59692E+21,1.23636E+16,5.04756E+16
159799,,14,7,13,0,2017,4,10,4,3,3,2,1,1,0,0,0,0,0,7.37235E+20,5.69269E+21,1.2406E+16,5.13359E+16
159800,,14,7,13,0,2017,4,18,4,3,5,2,1,1,0,0,0,0,0,7.35399E+20,5.69091E+21,1.23785E+16,5.13207E+16
159801,,14,7,13,0,2017,4,8,4,3,1,2,0,1,1,0,0,0,0,7.38223E+20,5.69513E+21,1.24218E+16,5.13574E+16
159802,,14,6,26,110,2017,4,18,4,3,5,3,0,1,0,1,0,0,0,9.15925E+20,5.68242E+21,1.49478E+16,5.11417E+16
159803,,14,6,25,20,2017,4,16,4,3,6,7,1,0,1,0,0,0,0,8.8035E+20,5.68533E+21,1.44448E+16,5.11925E+16
159804,,14,6,12,0,2017,4,6,4,3,5,2,1,1,0,0,0,0,0,8.24118E+20,5.66686E+21,1.36262E+16,5.10616E+16
159805,,14,6,12,0,2017,4,5,4,3,6,7,0,1,1,0,0,2,1,8.29853E+20,5.67108E+21,1.37117E+16,5.10962E+16
159806,,14,5,21,370,2017,4,14,4,2,6,7,0,1,1,0,0,0,0,7.63889E+20,5.61439E+21,1.2731E+16,5.06215E+16
159807,,14,5,22,330,2017,4,11,4,2,8,1,0,0,0,0,1,0,0,7.80238E+20,5.64847E+21,1.29875E+16,5.09197E+16
159808,,14,5,24,330,2017,4,19,3,3,3,7,0,1,0,0,0,0,0,7.43327E+20,5.62022E+21,1.24447E+16,5.06829E+16
159809,,14,7,30,310,2017,4,7,3,3,0,7,1,0,0,0,0,0,0,7.771E+20,5.71917E+21,1.29977E+16,5.15555E+16
159810,,14,7,13,0,2017,4,14,3,3,3,6,1,1,0,0,0,0,0,7.34058E+20,5.6923E+21,1.23602E+16,5.13338E+16
159811,,14,7,13,0,2017,4,10,3,3,2,2,0,1,0,0,0,0,0,7.30638E+20,5.6914E+21,1.23106E+16,5.13271E+16
159812,,14,7,13,0,2017,4,8,3,3,3,2,1,1,0,0,0,0,0,7.34779E+20,5.69284E+21,1.23709E+16,5.13383E+16
159813,,14,7,13,0,2017,4,11,3,3,4,2,0,1,0,0,0,0,0,7.36333E+20,5.69525E+21,1.23947E+16,5.13592E+16
159814,,14,7,13,0,2017,4,19,3,3,5,3,0,1,0,1,0,0,0,7.32882E+20,5.69595E+21,1.23457E+16,5.1367E+16
159815,,14,7,13,0,2017,4,20,3,3,0,1,0,0,0,1,0,2,0,7.34817E+20,5.6941E+21,1.23723E+16,5.13496E+16
159816,,14,6,25,420,2017,4,13,3,3,4,1,0,1,0,1,0,0,1,8.59724E+20,5.70257E+21,1.41682E+16,5.13602E+16
159817,,14,6,25,30,2017,4,12,3,3,5,3,1,1,1,0,0,0,1,8.52118E+20,5.70298E+21,1.40597E+16,5.13687E+16
159818,,14,6,28,270,2017,4,12,3,3,6,4,0,1,1,0,0,0,1,8.46677E+20,5.65683E+21,1.39374E+16,5.09586E+16
159819,,14,6,12,0,2017,4,9,3,3,5,2,1,1,0,0,0,0,1,8.36589E+20,5.66521E+21,1.38021E+16,5.10396E+16
159820,,14,6,12,0,2017,4,14,3,3,5,3,0,1,0,0,0,0,1,8.33245E+20,5.66681E+21,1.3756E+16,5.10559E+16
159821,,14,6,12,0,2017,4,11,3,3,5,2,1,1,0,0,0,0,1,8.35827E+20,5.66497E+21,1.3791E+16,5.10379E+16
159822,,14,6,12,0,2017,4,5,3,3,5,3,1,1,0,0,0,2,0,8.33622E+20,5.66609E+21,1.37607E+16,5.10492E+16
159823,,14,5,11,0,2017,4,8,3,3,2,6,0,1,0,0,0,0,1,7.75063E+20,5.63752E+21,1.29058E+16,5.0824E+16
159824,,14,5,11,0,2017,4,13,3,3,1,5,1,1,0,0,0,0,1,7.75699E+20,5.63873E+21,1.29157E+16,5.08345E+16
159825,,14,5,11,0,2017,4,9,3,3,0,7,0,0,1,0,1,0,1,7.78886E+20,5.6382E+21,1.29605E+16,5.08282E+16
159826,,14,5,22,150,2017,4,13,3,3,6,7,0,1,1,0,0,0,0,7.84523E+20,5.64733E+21,1.30474E+16,5.09074E+16
159827,,14,7,13,0,2017,4,17,2,3,2,6,0,1,0,0,1,0,0,7.35405E+20,5.6909E+21,1.23786E+16,5.13207E+16
159828,,14,7,13,0,2017,4,8,2,3,1,5,1,1,0,0,0,0,0,7.32879E+20,5.69127E+21,1.23426E+16,5.13249E+16
159829,,14,7,13,0,2017,4,14,2,2,3,6,1,0,0,0,1,0,0,7.37178E+20,5.69376E+21,1.24059E+16,5.13455E+16
159830,,14,7,13,0,2017,4,16,2,3,5,3,0,1,0,0,0,0,0,7.38543E+20,5.69115E+21,1.24237E+16,5.13215E+16
159831,,14,7,13,0,2017,4,16,2,2,5,2,1,1,0,0,0,0,0,7.35665E+20,5.69607E+21,1.23857E+16,5.13669E+16
159832,,14,6,26,290,2017,4,16,2,2,6,4,0,1,1,0,0,0,0,8.96449E+20,5.67564E+21,1.46634E+16,5.10948E+16
159833,,14,6,26,600,2017,4,9,2,3,2,6,0,1,0,0,0,0,0,8.90312E+20,5.72124E+21,1.4626E+16,5.15071E+16
159834,,14,6,27,10,2017,4,14,2,3,5,3,1,1,0,0,0,0,0,8.20725E+20,5.67402E+21,1.35843E+16,5.11276E+16
159835,,14,6,27,10,2017,4,12,2,3,5,3,1,1,0,0,0,0,0,8.20966E+20,5.67361E+21,1.35874E+16,5.11239E+16
159836,,14,6,12,0,2017,4,15,2,3,6,4,0,1,1,0,0,0,0,8.31476E+20,5.66206E+21,1.37265E+16,5.10143E+16
159837,,14,6,12,0,2017,4,15,2,3,5,3,1,1,0,0,0,0,0,8.35705E+20,5.66249E+21,1.3787E+16,5.10158E+16
159838,,14,6,12,0,2017,4,16,2,3,5,3,1,1,0,0,0,0,0,8.39689E+20,5.66296E+21,1.3844E+16,5.10176E+16
159839,,14,6,12,0,2017,4,17,2,3,5,3,1,1,0,0,0,0,0,8.35647E+20,5.66474E+21,1.37882E+16,5.10359E+16
159840,,14,5,21,620,2017,4,6,2,2,9,1,0,1,0,0,0,0,0,7.72494E+20,5.62425E+21,1.28596E+16,5.07061E+16
159841,,14,5,23,320,2017,4,17,1,2,5,3,0,1,0,0,0,0,0,7.22129E+20,5.5985E+21,1.21321E+16,5.04963E+16
159842,,14,6,25,480,2017,4,4,1,2,1,1,1,1,0,0,0,2,0,8.4408E+20,5.67298E+21,1.39159E+16,5.11048E+16
159843,,14,6,25,110,2017,4,12,1,2,4,6,0,1,0,1,0,0,0,8.73077E+20,5.67871E+21,1.43343E+16,5.1138E+16
159844,,14,6,12,0,2017,4,12,1,3,5,3,1,1,0,0,0,0,0,8.2956E+20,5.66467E+21,1.37016E+16,5.10388E+16
159845,,14,6,12,0,2017,4,19,1,3,5,3,1,1,0,0,0,0,0,8.34435E+20,5.66387E+21,1.37702E+16,5.10289E+16
159846,,14,6,12,0,2017,4,1,1,3,4,6,1,1,0,0,0,2,0,8.32873E+20,5.66804E+21,1.37518E+16,5.10671E+16
159847,,14,5,21,90,2017,4,3,1,3,9,1,0,1,0,0,0,2,0,7.91953E+20,5.63049E+21,1.31394E+16,5.07526E+16
159848,,14,5,24,330,2017,4,17,7,3,0,7,1,0,1,0,0,0,0,7.45869E+20,5.6217E+21,1.24816E+16,5.06951E+16
159849,,14,5,23,320,2017,4,12,7,2,4,2,0,1,0,1,0,0,0,7.24273E+20,5.59987E+21,1.21631E+16,5.05078E+16
159850,,14,7,29,140,2017,4,19,7,3,0,1,1,0,0,0,0,0,0,7.49211E+20,5.66261E+21,1.25567E+16,5.10608E+16
159851,,14,7,13,0,2017,4,11,7,3,3,2,1,1,0,0,0,0,0,7.34995E+20,5.69226E+21,1.23736E+16,5.1333E+16
159852,,14,7,13,0,2017,4,20,7,3,1,7,0,1,1,0,0,1,1,7.35038E+20,5.69156E+21,1.23737E+16,5.13267E+16
159853,,14,7,13,0,2017,4,7,7,3,0,1,0,0,0,1,0,0,0,7.38865E+20,5.69117E+21,1.24283E+16,5.13216E+16
159854,,14,7,13,0,2017,4,14,7,3,2,6,1,1,0,0,0,0,0,7.40669E+20,5.68941E+21,1.2453E+16,5.1305E+16
159855,,14,7,13,0,2017,4,8,7,3,6,4,0,1,1,0,0,0,0,7.33991E+20,5.69548E+21,1.23613E+16,5.13623E+16
159856,,14,7,13,0,2017,4,15,7,2,6,4,0,1,1,0,0,0,0,7.30059E+20,5.69006E+21,1.23014E+16,5.13153E+16
159857,,14,7,13,0,2017,4,12,7,3,2,6,0,1,0,0,1,0,0,7.33508E+20,5.69321E+21,1.23529E+16,5.13421E+16
159858,,14,6,26,560,2017,4,16,7,2,9,1,0,0,0,0,1,0,0,8.86889E+20,5.72371E+21,1.45796E+16,5.15315E+16
159859,,14,5,24,330,2017,3,7,6,3,5,3,0,1,0,0,1,0,0,7.45965E+20,5.62689E+21,1.24864E+16,5.07416E+16
159860,,14,7,13,0,2017,3,16,6,3,6,4,0,1,1,0,0,0,0,7.37807E+20,5.69214E+21,1.24138E+16,5.13307E+16
159861,,14,7,13,0,2017,3,10,6,3,2,6,0,1,0,0,0,0,0,7.33315E+20,5.69371E+21,1.23505E+16,5.13467E+16
159862,,14,7,13,0,2017,3,20,6,3,2,7,0,1,0,0,0,2,0,7.3871E+20,5.68928E+21,1.24248E+16,5.13047E+16
159863,,14,7,13,0,2017,3,16,6,3,0,5,1,1,0,0,0,0,0,7.32543E+20,5.69199E+21,1.23383E+16,5.13315E+16
159864,,14,7,29,350,2017,3,13,6,3,5,3,0,1,0,1,0,0,0,7.25883E+20,5.67373E+21,1.22313E+16,5.11703E+16
159865,,14,7,29,260,2017,3,18,6,3,6,4,0,1,1,0,0,0,0,7.33944E+20,5.68531E+21,1.2354E+16,5.1271E+16
159866,,14,7,13,0,2017,3,7,6,3,3,2,1,1,0,0,0,0,0,7.33672E+20,5.69738E+21,1.2358E+16,5.13795E+16
159867,,14,7,13,0,2017,3,12,6,3,2,6,1,0,0,1,0,0,0,7.35284E+20,5.69273E+21,1.2378E+16,5.13371E+16
159868,,14,7,13,0,2017,3,8,6,3,2,6,0,1,0,0,0,0,0,7.31324E+20,5.69399E+21,1.23221E+16,5.135E+16
159869,,14,6,25,200,2017,3,13,6,3,4,2,0,1,0,1,0,0,0,8.51615E+20,5.67784E+21,1.40279E+16,5.11437E+16
159870,,14,6,25,250,2017,3,9,6,3,5,3,1,1,0,0,0,0,0,8.55576E+20,5.69396E+21,1.41002E+16,5.12857E+16
159871,,14,6,25,240,2017,3,2,6,3,0,1,1,0,0,0,0,2,0,8.63203E+20,5.71123E+21,1.42268E+16,5.14356E+16
159872,,14,6,25,20,2017,3,11,6,3,1,7,1,1,0,0,0,0,0,8.79763E+20,5.6836E+21,1.44346E+16,5.11774E+16
159873,,14,6,27,230,2017,3,18,6,3,5,3,1,1,0,0,0,0,0,8.00009E+20,5.69161E+21,1.33039E+16,5.12966E+16
159874,,14,6,28,110,2017,3,16,6,3,5,2,0,1,0,1,0,0,0,8.2664E+20,5.66147E+21,1.36573E+16,5.10119E+16
159875,,14,6,12,0,2017,3,16,6,3,2,6,0,1,0,0,1,0,0,8.37278E+20,5.66217E+21,1.3809E+16,5.10119E+16
159876,,14,6,12,0,2017,3,14,6,3,2,6,0,1,0,0,0,0,0,8.32048E+20,5.66471E+21,1.37371E+16,5.10378E+16
159877,,14,6,12,0,2017,3,13,6,3,6,6,1,0,1,0,0,0,0,8.40779E+20,5.66216E+21,1.38587E+16,5.10099E+16
159878,,14,6,12,0,2017,3,14,6,3,5,3,1,1,0,0,0,0,0,8.29676E+20,5.67343E+21,1.37113E+16,5.11173E+16
159879,,14,6,12,0,2017,3,8,6,3,5,3,0,1,0,0,0,0,0,8.34994E+20,5.66441E+21,1.37786E+16,5.10334E+16
159880,,14,6,12,0,2017,3,10,6,3,5,7,1,1,0,0,0,0,0,8.34775E+20,5.66602E+21,1.3777E+16,5.10479E+16
159881,,14,6,12,0,2017,3,6,6,3,5,2,1,0,0,0,1,1,0,8.33291E+20,5.66673E+21,1.37566E+16,5.10551E+16
159882,,14,6,12,0,2017,3,20,6,2,2,6,1,1,0,0,0,2,0,8.32517E+20,5.66855E+21,1.37472E+16,5.10719E+16
159883,,14,5,22,490,2017,3,8,6,3,4,6,0,1,0,0,1,0,0,7.66517E+20,5.66163E+21,1.28024E+16,5.10442E+16
159884,,14,5,11,0,2017,3,14,6,2,0,1,1,0,0,0,0,0,0,7.76333E+20,5.63981E+21,1.29255E+16,5.08439E+16
159885,,14,5,24,330,2017,3,15,5,2,5,3,1,1,0,0,0,0,0,7.45484E+20,5.62012E+21,1.24751E+16,5.0681E+16
159886,,14,7,29,170,2017,3,17,5,3,5,3,1,0,0,0,0,0,0,7.29601E+20,5.67226E+21,1.22835E+16,5.11556E+16
159887,,14,7,13,0,2017,3,13,5,3,2,3,0,1,0,0,0,0,0,7.34558E+20,5.69137E+21,1.23667E+16,5.13252E+16
159888,,14,7,13,0,2017,3,7,5,3,4,6,0,1,0,0,1,0,0,7.39906E+20,5.69243E+21,1.24441E+16,5.13325E+16
159889,,14,7,13,0,2017,3,10,5,3,5,3,1,1,0,0,0,0,0,7.36756E+20,5.68865E+21,1.23964E+16,5.12999E+16
159890,,14,7,13,0,2017,3,13,5,2,6,4,0,0,1,0,1,0,0,7.34266E+20,5.69552E+21,1.23653E+16,5.13626E+16
159891,,14,7,13,0,2017,3,15,5,2,6,4,0,1,1,0,0,0,0,7.33914E+20,5.69697E+21,1.23612E+16,5.13757E+16
159892,,14,7,13,0,2017,3,10,5,2,5,3,1,1,0,0,0,0,0,7.40806E+20,5.69464E+21,1.24585E+16,5.13519E+16
159893,,14,7,13,0,2017,3,16,5,3,2,6,0,1,0,0,0,0,0,7.36799E+20,5.69304E+21,1.24E+16,5.13393E+16
159894,,14,7,13,0,2017,3,10,5,3,6,4,1,0,1,0,0,0,0,7.37769E+20,5.69374E+21,1.24143E+16,5.13451E+16
159895,,14,7,13,0,2017,3,13,5,2,5,3,1,1,0,0,0,0,0,7.32893E+20,5.69091E+21,1.23426E+16,5.13217E+16
159896,,14,6,26,600,2017,3,9,5,2,5,3,0,1,0,0,0,0,1,8.90488E+20,5.72069E+21,1.46279E+16,5.15021E+16
159897,,14,6,25,560,2017,3,15,5,3,8,1,0,1,0,0,0,0,0,8.802E+20,5.66937E+21,1.44258E+16,5.10497E+16
159898,,14,6,28,360,2017,3,10,5,3,6,6,0,1,1,0,0,0,0,8.69492E+20,5.66024E+21,1.42644E+16,5.09749E+16
159899,,14,6,12,0,2017,3,7,5,3,1,6,0,1,0,0,0,0,1,8.30928E+20,5.66509E+21,1.37215E+16,5.10418E+16
159900,,14,6,12,0,2017,3,12,5,3,9,1,1,1,0,0,0,0,0,8.35441E+20,5.67739E+21,1.3797E+16,5.11494E+16
159901,,14,6,12,0,2017,3,17,5,3,5,3,1,0,0,1,0,0,0,8.36424E+20,5.66643E+21,1.38008E+16,5.10506E+16
159902,,14,6,12,0,2017,3,18,5,3,0,7,1,0,0,0,0,0,0,8.3217E+20,5.66575E+21,1.37397E+16,5.1047E+16
159903,,14,6,12,0,2017,3,7,5,3,5,2,0,1,0,1,0,1,1,8.34336E+20,5.66706E+21,1.37717E+16,5.10575E+16
159904,,14,6,12,0,2017,3,17,5,3,5,7,0,1,0,0,0,0,0,8.36618E+20,5.66396E+21,1.38013E+16,5.10284E+16
159905,,14,6,12,0,2017,3,19,5,3,5,3,1,1,0,0,0,1,0,8.3329E+20,5.66672E+21,1.37566E+16,5.10551E+16
159906,,14,5,22,500,2017,3,12,5,3,1,7,0,0,0,1,1,0,0,7.81448E+20,5.65847E+21,1.30124E+16,5.10088E+16
159907,,14,5,21,550,2017,3,10,5,2,0,7,0,0,0,0,1,0,0,7.67767E+20,5.60455E+21,1.27786E+16,5.05315E+16
159908,,14,5,21,560,2017,3,16,5,3,4,2,1,0,0,1,0,0,0,7.83095E+20,5.60607E+21,1.29955E+16,5.0538E+16
159909,,14,5,21,530,2017,3,18,5,3,4,6,0,1,0,0,0,0,0,7.57764E+20,5.61155E+21,1.26426E+16,5.05988E+16
159910,,14,5,24,330,2017,3,10,4,3,5,3,0,1,0,0,0,0,0,7.45207E+20,5.62523E+21,1.24746E+16,5.0727E+16
159911,,14,7,13,0,2017,3,9,4,2,1,5,1,1,0,0,0,0,0,7.35337E+20,5.69303E+21,1.2379E+16,5.13397E+16
159912,,14,7,13,0,2017,3,11,4,3,3,2,1,1,0,0,0,0,0,7.31888E+20,5.6924E+21,1.23292E+16,5.13356E+16
159913,,14,7,29,60,2017,3,15,4,3,5,3,0,1,0,0,0,0,0,7.45186E+20,5.69563E+21,1.25219E+16,5.13589E+16
159914,,14,7,13,0,2017,3,18,4,3,0,5,1,1,0,0,0,0,0,7.3725E+20,5.69128E+21,1.24052E+16,5.13233E+16
159915,,14,7,13,0,2017,3,10,4,2,6,4,0,0,1,0,1,0,0,7.34751E+20,5.69348E+21,1.23709E+16,5.13441E+16
159916,,14,7,30,300,2017,3,11,4,3,5,3,1,0,0,0,1,0,0,7.41977E+20,5.69809E+21,1.24776E+16,5.13824E+16
159917,,14,7,13,0,2017,3,10,4,3,5,3,0,1,0,0,0,0,0,7.34282E+20,5.6935E+21,1.23642E+16,5.13444E+16
159918,,14,6,26,110,2017,3,17,4,3,0,1,1,0,0,0,0,0,1,9.18222E+20,5.68304E+21,1.49812E+16,5.11455E+16
159919,,14,6,28,160,2017,3,17,4,3,5,3,0,1,0,1,0,0,0,8.42101E+20,5.65755E+21,1.38732E+16,5.09677E+16
159920,,14,6,12,0,2017,3,3,4,3,9,1,0,0,0,1,0,2,0,8.35892E+20,5.66229E+21,1.37894E+16,5.10139E+16
159921,,14,6,12,0,2017,3,10,4,3,5,2,0,1,0,1,0,0,0,8.33872E+20,5.66427E+21,1.37626E+16,5.10328E+16
159922,,14,6,12,0,2017,3,7,4,3,3,2,1,0,0,0,1,0,0,8.35232E+20,5.66556E+21,1.37831E+16,5.10435E+16
159923,,14,5,24,250,2017,3,7,3,2,5,3,1,1,0,0,0,0,0,7.50254E+20,5.62171E+21,1.25436E+16,5.06933E+16
159924,,14,5,24,320,2017,3,7,3,3,6,4,0,1,1,0,0,0,0,7.47829E+20,5.62035E+21,1.25084E+16,5.06821E+16
159925,,14,7,13,0,2017,3,14,3,3,8,1,0,1,0,0,0,0,0,7.34153E+20,5.6938E+21,1.23625E+16,5.13472E+16
159926,,14,7,13,0,2017,3,13,3,3,5,3,1,1,0,0,0,0,0,7.37531E+20,5.69365E+21,1.24109E+16,5.13444E+16
159927,,14,7,13,0,2017,3,16,3,3,5,3,1,1,0,0,0,0,0,7.35484E+20,5.69759E+21,1.23841E+16,5.13806E+16
159928,,14,7,13,0,2017,3,15,3,3,5,2,1,1,0,0,0,0,0,7.34777E+20,5.69555E+21,1.23726E+16,5.13626E+16
159929,,14,7,13,0,2017,3,18,3,3,4,2,1,1,0,0,0,0,0,7.41075E+20,5.68964E+21,1.24589E+16,5.13069E+16
159930,,14,7,13,0,2017,3,10,3,2,6,4,0,1,1,0,0,0,0,7.35154E+20,5.69374E+21,1.23768E+16,5.13462E+16
159931,,14,7,13,0,2017,3,7,3,3,3,2,0,1,0,1,0,0,0,7.35771E+20,5.69287E+21,1.23851E+16,5.13381E+16
159932,,14,6,26,290,2017,3,8,3,3,5,3,0,1,0,0,0,0,0,8.96563E+20,5.67612E+21,1.46655E+16,5.1099E+16
159933,,14,6,25,240,2017,3,16,3,3,0,1,1,1,0,0,0,0,0,8.64152E+20,5.71129E+21,1.42404E+16,5.14354E+16
159934,,14,6,25,240,2017,3,11,3,3,4,2,0,1,0,0,0,0,0,8.65583E+20,5.71191E+21,1.42616E+16,5.14401E+16
159935,,14,6,27,150,2017,3,11,3,3,5,3,0,1,0,0,1,0,0,8.27778E+20,5.67478E+21,1.36855E+16,5.11304E+16
159936,,14,6,12,0,2017,3,13,3,3,0,7,0,0,0,0,1,0,0,8.25339E+20,5.66372E+21,1.36408E+16,5.10328E+16
159937,,14,6,12,0,2017,3,16,3,3,1,6,0,1,0,0,0,0,0,8.3454E+20,5.66406E+21,1.37719E+16,5.10305E+16
159938,,14,6,12,0,2017,3,14,3,2,0,1,1,0,0,0,0,0,0,8.34047E+20,5.6673E+21,1.37678E+16,5.10598E+16
159939,,14,6,12,0,2017,3,18,3,2,5,3,1,1,0,0,0,0,0,8.34148E+20,5.66538E+21,1.37675E+16,5.10426E+16
159940,,14,6,12,0,2017,3,13,3,3,5,2,0,1,0,1,0,0,0,8.37593E+20,5.66486E+21,1.3816E+16,5.10359E+16
159941,,14,6,12,0,2017,3,8,3,3,5,3,1,1,0,0,0,0,0,8.32354E+20,5.66859E+21,1.3745E+16,5.10723E+16
159942,,14,5,11,0,2017,3,8,3,3,0,7,1,0,0,0,0,0,0,7.75638E+20,5.63786E+21,1.29142E+16,5.08268E+16
159943,,14,5,24,200,2017,3,16,2,3,1,7,1,1,0,0,0,0,0,7.52931E+20,5.62559E+21,1.2584E+16,5.0727E+16
159944,,14,5,23,320,2017,3,11,2,3,5,2,1,1,0,0,0,0,0,7.2361E+20,5.59969E+21,1.21537E+16,5.05064E+16
159945,,14,5,24,180,2017,3,13,2,3,2,6,0,1,0,0,0,0,0,7.65112E+20,5.64148E+21,1.27677E+16,5.08641E+16
159946,,14,5,24,330,2017,3,10,2,3,5,3,0,1,0,0,0,0,0,7.47827E+20,5.6261E+21,1.25122E+16,5.07337E+16
159947,,14,5,24,90,2017,3,17,2,2,0,2,1,1,0,0,0,0,0,7.5775E+20,5.61953E+21,1.26479E+16,5.06704E+16
159948,,14,5,24,300,2017,3,14,2,2,4,2,0,1,0,1,0,0,0,7.38476E+20,5.62602E+21,1.23799E+16,5.0737E+16
159949,,14,7,13,0,2017,3,15,2,3,1,5,1,1,0,0,0,0,0,7.35323E+20,5.68955E+21,1.23765E+16,5.13085E+16
159950,,14,7,13,0,2017,3,17,2,2,6,4,0,0,1,0,1,0,0,7.35835E+20,5.69346E+21,1.23864E+16,5.13434E+16
159951,,14,7,13,0,2017,3,16,2,3,0,5,1,1,0,0,0,0,0,7.31347E+20,5.69671E+21,1.23242E+16,5.13744E+16
159952,,14,7,13,0,2017,3,8,2,3,5,3,1,1,0,0,0,0,0,7.31832E+20,5.69142E+21,1.23277E+16,5.13268E+16
159953,,14,7,13,0,2017,3,16,2,2,6,4,0,1,1,0,0,0,0,7.37288E+20,5.69668E+21,1.24094E+16,5.13717E+16
159954,,14,7,13,0,2017,3,17,2,3,4,2,1,1,0,0,0,0,0,7.38334E+20,5.69089E+21,1.24205E+16,5.13193E+16
159955,,14,7,13,0,2017,3,10,2,3,6,2,0,1,1,0,0,0,0,7.3801E+20,5.69204E+21,1.24166E+16,5.13298E+16
159956,,14,6,26,530,2017,3,7,2,3,1,5,0,1,0,0,1,0,0,8.93266E+20,5.65756E+21,1.45986E+16,5.09352E+16
159957,,14,6,26,110,2017,3,16,2,3,0,1,0,0,0,1,0,0,0,9.18227E+20,5.68304E+21,1.49813E+16,5.11455E+16
159958,,14,6,25,20,2017,3,17,2,3,6,7,0,0,1,0,1,0,0,8.8041E+20,5.68528E+21,1.44455E+16,5.1192E+16
159959,,14,6,27,140,2017,3,17,2,3,5,3,0,1,0,0,1,0,0,8.1531E+20,5.67672E+21,1.35096E+16,5.11549E+16
159960,,14,6,12,0,2017,3,16,2,3,6,4,1,0,1,0,0,0,0,8.27436E+20,5.66709E+21,1.36736E+16,5.10618E+16
159961,,14,6,12,0,2017,3,16,2,3,0,7,1,1,0,0,0,0,0,8.31719E+20,5.66485E+21,1.37325E+16,5.10392E+16
159962,,14,6,12,0,2017,3,8,2,3,5,3,1,1,0,0,0,0,0,8.36489E+20,5.66538E+21,1.38008E+16,5.10412E+16
159963,,14,6,28,110,2017,3,13,2,2,5,2,0,1,0,0,0,0,0,8.26586E+20,5.66131E+21,1.36564E+16,5.10105E+16
159964,,14,6,12,0,2017,3,16,2,3,5,2,1,1,0,0,0,0,0,8.35E+20,5.66563E+21,1.37799E+16,5.10443E+16
159965,,14,5,21,140,2017,3,17,2,3,5,3,1,1,0,0,0,0,0,8.13054E+20,5.61688E+21,1.34262E+16,5.06196E+16
159966,,14,7,13,0,2017,3,15,1,3,2,6,0,1,0,0,0,0,0,7.35117E+20,5.69398E+21,1.23765E+16,5.13484E+16