OBJECTID,UIDENTSTLA,ULAND,UREGBEZ,UKREIS,UGEMEINDE,UJAHR,UMONAT,USTUNDE,UWOCHENTAG,UKATEGORIE,UART,UTYP1,IstRad,IstPKW,IstFuss,IstKrad,IstSonstig,LICHT,STRZUSTAND,LINREFX,LINREFY,XGCSWGS84,YGCSWGS84
159967,,14,7,13,0,2017,3,20,1,2,3,6,1,0,0,0,1,2,0,7.35105E+20,5.69407E+21,1.23764E+16,5.13492E+16
159968,,14,6,25,20,2017,3,12,1,3,0,1,1,0,0,0,0,0,0,8.79426E+20,5.68366E+21,1.44298E+16,5.11781E+16
159969,,14,6,27,340,2017,3,16,1,3,1,5,1,1,0,0,0,0,0,8.06327E+20,5.70004E+21,1.34015E+16,5.13689E+16
159970,,14,6,12,0,2017,3,16,1,3,0,4,1,0,1,0,0,0,0,8.35523E+20,5.66248E+21,1.37844E+16,5.10158E+16
159971,,14,6,12,0,2017,3,17,1,3,8,1,1,0,0,0,0,0,0,8.37596E+20,5.66816E+21,1.38191E+16,5.10654E+16
159972,,14,5,21,620,2017,3,14,1,3,0,1,0,0,0,1,0,0,0,7.7209E+20,5.62382E+21,1.28536E+16,5.07024E+16
159973,,14,5,22,320,2017,3,16,1,2,5,3,1,1,0,0,0,0,0,7.90087E+20,5.63598E+21,1.31174E+16,5.08028E+16
159974,,14,5,24,80,2017,3,11,7,2,8,1,0,1,1,0,0,0,0,7.49552E+20,5.63598E+21,1.25433E+16,5.08217E+16
159975,,14,7,13,0,2017,3,19,7,3,5,3,0,1,0,0,0,2,0,7.40803E+20,5.69463E+21,1.24584E+16,5.13519E+16
159976,,14,7,13,0,2017,3,14,7,3,5,2,1,1,0,0,0,0,0,7.38166E+20,5.68997E+21,1.24175E+16,5.13111E+16
159977,,14,7,13,0,2017,3,17,7,3,2,6,0,1,0,0,0,1,0,7.37383E+20,5.69908E+21,1.24124E+16,5.13932E+16
159978,,14,7,13,0,2017,3,12,7,2,0,7,1,0,0,0,0,0,0,7.34943E+20,5.69864E+21,1.23771E+16,5.13903E+16
159979,,14,7,13,0,2017,3,18,7,3,6,4,1,0,1,0,0,0,0,7.35072E+20,5.68994E+21,1.23732E+16,5.13122E+16
159980,,14,7,13,0,2017,3,11,7,3,5,3,1,1,0,0,0,0,0,7.35163E+20,5.69373E+21,1.2377E+16,5.13461E+16
159981,,14,6,26,110,2017,3,9,7,3,5,3,0,1,0,0,0,0,0,9.184E+20,5.68348E+21,1.49842E+16,5.11494E+16
159982,,14,6,28,270,2017,3,17,7,3,0,3,0,1,0,1,0,0,0,8.46693E+20,5.65712E+21,1.39379E+16,5.09611E+16
159983,,14,6,12,0,2017,3,11,7,3,5,3,1,1,0,0,0,0,0,8.29874E+20,5.67043E+21,1.37114E+16,5.10903E+16
159984,,14,5,21,20,2017,3,19,7,3,6,4,0,1,1,0,0,2,0,7.83719E+20,5.61109E+21,1.30081E+16,5.05827E+16
159985,,14,7,13,0,2017,3,7,6,3,2,6,0,1,0,0,0,0,0,7.38E+20,5.69511E+21,1.24185E+16,5.13573E+16
159986,,14,7,13,0,2017,3,23,6,2,2,6,1,1,0,0,0,2,0,7.33446E+20,5.69761E+21,1.23549E+16,5.13816E+16
159987,,14,7,13,0,2017,3,16,6,3,5,3,1,1,0,0,0,0,0,7.35595E+20,5.69312E+21,1.23827E+16,5.13405E+16
159988,,14,5,24,330,2017,5,12,3,2,6,2,0,0,1,0,1,0,0,7.44253E+20,5.62456E+21,1.24606E+16,5.07214E+16
159989,,14,5,24,330,2017,5,10,3,3,5,3,0,1,0,0,0,0,0,7.46097E+20,5.62264E+21,1.24854E+16,5.07034E+16
159990,,14,7,29,50,2017,5,7,3,3,5,3,1,1,0,0,0,0,1,7.44461E+20,5.66833E+21,1.24929E+16,5.11142E+16
159991,,14,7,13,0,2017,5,19,3,3,1,5,1,1,0,0,0,1,0,7.33706E+20,5.69245E+21,1.23552E+16,5.13352E+16
159992,,14,7,13,0,2017,5,7,3,3,5,3,1,1,0,0,0,0,1,7.35884E+20,5.6926E+21,1.23865E+16,5.13357E+16
159993,,14,7,13,0,2017,5,10,3,2,2,2,1,1,0,0,0,0,1,7.35184E+20,5.68897E+21,1.23741E+16,5.13033E+16
159994,,14,7,13,0,2017,5,9,3,3,4,2,0,1,0,0,0,0,1,7.39002E+20,5.6922E+21,1.2431E+16,5.13308E+16
159995,,14,7,13,0,2017,5,13,3,3,5,2,1,0,0,0,1,0,0,7.32267E+20,5.69197E+21,1.23343E+16,5.13315E+16
159996,,14,7,13,0,2017,5,16,3,3,5,3,0,1,0,0,0,0,0,7.35308E+20,5.68976E+21,1.23764E+16,5.13104E+16
159997,,14,7,13,0,2017,5,5,3,2,5,3,1,1,0,0,0,1,1,7.3274E+20,5.69209E+21,1.23412E+16,5.13324E+16
159998,,14,7,13,0,2017,5,16,3,2,5,2,1,1,0,0,0,0,0,7.38237E+20,5.6924E+21,1.24201E+16,5.13329E+16
159999,,14,7,13,0,2017,5,20,3,3,8,1,0,1,0,0,0,2,0,7.33571E+20,5.69217E+21,1.23531E+16,5.13327E+16
160000,,14,6,12,0,2017,5,7,3,3,3,5,1,1,0,0,0,0,0,8.33554E+20,5.66379E+21,1.37576E+16,5.10286E+16
160001,,14,6,12,0,2017,5,18,3,3,2,2,0,1,0,0,0,0,0,8.27034E+20,5.66464E+21,1.36657E+16,5.104E+16
160002,,14,6,12,0,2017,5,23,3,3,9,1,1,0,0,0,0,2,0,8.40183E+20,5.66057E+21,1.38488E+16,5.09959E+16
160003,,14,5,21,590,2017,5,4,3,3,5,3,0,1,0,1,0,2,1,7.66265E+20,5.6239E+21,1.27713E+16,5.07058E+16
160004,,14,5,21,550,2017,5,17,3,2,5,3,0,1,0,1,0,0,0,7.6637E+20,5.60703E+21,1.27607E+16,5.05544E+16
160005,,14,5,21,530,2017,5,14,3,2,0,7,0,1,0,0,0,0,0,7.58248E+20,5.61259E+21,1.26501E+16,5.0608E+16
160006,,14,5,22,140,2017,5,7,3,2,8,1,1,0,0,0,0,0,1,7.86598E+20,5.64104E+21,1.30719E+16,5.085E+16
160007,,14,5,24,330,2017,5,11,2,3,0,7,1,1,0,0,0,0,0,7.46703E+20,5.62422E+21,1.2495E+16,5.07174E+16
160008,,14,7,13,0,2017,5,11,2,3,5,2,0,1,0,0,1,0,0,7.34052E+20,5.69669E+21,1.2363E+16,5.13731E+16
160009,,14,6,25,480,2017,5,20,2,3,0,3,0,1,0,1,0,1,0,8.43262E+20,5.67341E+21,1.39047E+16,5.11091E+16
160010,,14,6,25,20,2017,5,22,2,3,8,7,0,1,0,0,0,2,0,8.7714E+20,5.68278E+21,1.43963E+16,5.11718E+16
160011,,14,6,12,0,2017,5,13,2,3,0,4,0,0,1,0,1,0,0,8.3196E+20,5.66572E+21,1.37367E+16,5.10469E+16
160012,,14,5,21,30,2017,5,21,2,2,4,2,0,1,0,1,0,2,0,7.62662E+20,5.61029E+21,1.27108E+16,5.05853E+16
160013,,14,5,24,330,2017,4,19,1,2,1,5,0,1,0,0,0,0,0,7.42574E+20,5.62317E+21,1.2436E+16,5.07097E+16
160014,,14,7,30,45,2017,4,11,1,3,5,3,0,1,0,0,0,0,0,7.89859E+20,5.70656E+21,1.31708E+16,5.14359E+16
160015,,14,7,13,0,2017,4,15,1,3,5,3,1,1,0,0,0,0,0,7.36609E+20,5.6924E+21,1.23968E+16,5.13336E+16
160016,,14,7,13,0,2017,4,9,1,3,4,7,1,1,0,0,0,0,0,7.34529E+20,5.69268E+21,1.23672E+16,5.1337E+16
160017,,14,7,13,0,2017,4,22,1,2,1,5,1,1,0,0,0,2,0,7.3804E+20,5.69238E+21,1.24173E+16,5.13328E+16
160018,,14,7,13,0,2017,4,18,1,3,3,2,1,1,0,0,0,0,0,7.3867E+20,5.68926E+21,1.24242E+16,5.13045E+16
160019,,14,6,25,640,2017,4,18,1,3,8,1,0,1,0,0,0,0,0,8.65416E+20,5.70562E+21,1.42527E+16,5.13839E+16
160020,,14,6,26,610,2017,4,11,1,2,9,1,0,0,0,0,1,0,0,9.08701E+20,5.65139E+21,1.48102E+16,5.08693E+16
160021,,14,6,27,210,2017,4,16,1,2,5,3,1,0,0,0,0,0,0,8.22257E+20,5.6725E+21,1.36048E+16,5.11132E+16
160022,,14,6,27,210,2017,4,9,1,2,0,3,0,1,0,0,1,0,0,8.22524E+20,5.67284E+21,1.36089E+16,5.11161E+16
160023,,14,6,28,410,2017,4,10,1,2,6,4,0,1,1,0,0,0,0,8.20309E+20,5.66642E+21,1.35717E+16,5.10598E+16
160024,,14,5,22,540,2017,4,21,1,2,0,1,1,0,0,0,0,2,0,7.91044E+20,5.66209E+21,1.31517E+16,5.10365E+16
160025,,14,5,22,80,2017,4,15,1,2,8,1,0,0,0,1,0,0,0,7.88616E+20,5.67092E+21,1.31243E+16,5.11169E+16
160026,,14,5,11,0,2017,4,20,1,3,0,7,0,0,0,0,1,2,0,7.74161E+20,5.63425E+21,1.28906E+16,5.0795E+16
160027,,14,5,11,0,2017,4,16,1,3,0,1,1,0,0,0,0,0,0,7.75579E+20,5.63014E+21,1.29076E+16,5.07575E+16
160028,,14,7,13,0,2017,4,17,7,3,5,3,1,1,0,0,0,0,0,7.42238E+20,5.69354E+21,1.24782E+16,5.13415E+16
160029,,14,7,13,0,2017,4,15,7,2,6,4,0,1,1,0,0,0,0,7.32401E+20,5.69204E+21,1.23363E+16,5.13321E+16
160030,,14,7,13,0,2017,4,9,7,3,4,2,1,1,0,0,0,0,0,7.42677E+20,5.69336E+21,1.24844E+16,5.13396E+16
160031,,14,6,27,100,2017,4,13,7,3,0,7,0,1,0,0,0,0,0,8.07743E+20,5.66641E+21,1.33929E+16,5.10665E+16
160032,,14,6,27,210,2017,4,18,7,3,5,3,0,1,0,0,0,0,0,8.26741E+20,5.67159E+21,1.36678E+16,5.11024E+16
160033,,14,6,12,0,2017,4,10,7,3,5,3,0,1,0,0,0,0,0,8.3662E+20,5.66134E+21,1.37989E+16,5.10049E+16
160034,,14,6,12,0,2017,4,19,7,3,0,7,0,1,0,1,0,0,0,8.35544E+20,5.66392E+21,1.3786E+16,5.10287E+16
160035,,14,6,12,0,2017,4,9,7,3,5,3,0,1,0,0,0,0,0,8.30117E+20,5.67086E+21,1.37152E+16,5.1094E+16
160036,,14,5,24,330,2017,4,16,6,3,5,3,0,1,0,1,0,0,0,7.45179E+20,5.63114E+21,1.24781E+16,5.07801E+16
160037,,14,7,30,140,2017,4,18,6,3,5,7,1,1,0,0,0,0,0,7.49814E+20,5.7024E+21,1.2593E+16,5.14177E+16
160038,,14,7,30,10,2017,4,14,6,2,5,3,0,0,0,0,1,0,0,7.86756E+20,5.71636E+21,1.31343E+16,5.15254E+16
160039,,14,7,13,0,2017,4,20,6,3,0,1,1,0,0,0,0,1,0,7.35558E+20,5.69294E+21,1.23821E+16,5.13389E+16
160040,,14,6,26,600,2017,4,15,6,2,5,3,1,1,0,0,0,0,0,8.91453E+20,5.72008E+21,1.46411E+16,5.1496E+16
160041,,14,6,25,240,2017,4,20,6,3,5,3,0,1,0,0,0,1,1,8.63716E+20,5.71175E+21,1.42346E+16,5.14399E+16
160042,,14,6,27,210,2017,4,19,6,2,6,4,0,1,1,0,0,0,0,8.24003E+20,5.6717E+21,1.36289E+16,5.1105E+16
160043,,14,6,27,60,2017,4,23,6,3,0,3,1,1,0,0,0,2,0,8.15636E+20,5.692E+21,1.35277E+16,5.12917E+16
160044,,14,6,12,0,2017,4,13,6,2,0,1,1,0,0,0,0,0,0,8.33992E+20,5.66327E+21,1.37634E+16,5.10237E+16
160045,,14,6,12,0,2017,4,11,6,3,5,2,1,1,0,0,0,0,0,8.37815E+20,5.66324E+21,1.38177E+16,5.10212E+16
160046,,14,6,12,0,2017,4,15,6,3,2,6,0,1,0,0,0,0,0,8.35641E+20,5.66556E+21,1.37889E+16,5.10433E+16
160047,,14,6,12,0,2017,4,17,6,3,3,6,0,1,0,1,0,0,1,8.36635E+20,5.66519E+21,1.38027E+16,5.10394E+16
160048,,14,5,11,0,2017,4,7,6,2,6,4,0,1,1,0,0,0,0,7.75009E+20,5.6385E+21,1.29058E+16,5.08327E+16
160049,,14,5,22,20,2017,4,11,6,2,5,3,1,1,0,0,0,0,0,7.89063E+20,5.63623E+21,1.31031E+16,5.08056E+16
160050,,14,5,24,80,2017,4,7,5,3,4,6,1,0,0,0,0,0,0,7.47682E+20,5.63609E+21,1.25169E+16,5.08235E+16
160051,,14,7,13,0,2017,4,6,5,3,2,6,1,0,0,0,0,0,0,7.35893E+20,5.68876E+21,1.23841E+16,5.13012E+16
160052,,14,7,13,0,2017,4,18,5,3,5,3,1,1,0,0,0,0,0,7.35774E+20,5.69189E+21,1.23845E+16,5.13294E+16
160053,,14,7,13,0,2017,4,13,5,3,2,6,0,1,0,0,0,0,0,7.31006E+20,5.69398E+21,1.23175E+16,5.13501E+16
160054,,14,7,13,0,2017,4,14,5,2,5,3,0,1,0,0,0,0,0,7.36805E+20,5.6958E+21,1.24019E+16,5.1364E+16
160055,,14,6,25,20,2017,4,16,5,3,0,7,1,0,0,0,0,0,0,8.8116E+20,5.68561E+21,1.44566E+16,5.11944E+16
160056,,14,6,27,210,2017,4,7,5,3,3,6,1,0,0,0,1,0,0,8.27372E+20,5.67099E+21,1.36763E+16,5.10968E+16
160057,,14,6,12,0,2017,4,15,5,3,2,6,0,1,0,0,0,0,0,8.33681E+20,5.67387E+21,1.37687E+16,5.11189E+16
160058,,14,6,12,0,2017,4,19,5,3,5,3,1,1,0,0,0,0,0,8.35446E+20,5.66473E+21,1.37854E+16,5.1036E+16
160059,,14,6,12,0,2017,4,1,5,2,0,3,1,1,0,0,0,2,0,8.38982E+20,5.65951E+21,1.38308E+16,5.09872E+16
160060,,14,6,12,0,2017,4,9,5,3,5,3,0,1,0,0,1,0,0,8.27985E+20,5.6651E+21,1.36796E+16,5.10436E+16
160061,,14,5,21,550,2017,4,13,5,3,0,7,0,1,0,0,0,0,0,7.66247E+20,5.60697E+21,1.27589E+16,5.05539E+16
160062,,14,5,11,0,2017,4,18,5,2,6,4,0,1,1,0,0,0,0,7.7478E+20,5.63666E+21,1.29012E+16,5.08164E+16
160063,,14,5,24,330,2017,4,7,4,3,1,1,0,1,0,1,0,0,0,7.46223E+20,5.62577E+21,1.24893E+16,5.07315E+16
160064,,14,7,13,0,2017,4,10,4,3,5,3,1,1,0,0,0,0,0,7.33643E+20,5.69291E+21,1.23546E+16,5.13394E+16
160065,,14,7,13,0,2017,4,17,4,3,3,2,1,1,0,0,0,0,0,7.34744E+20,5.69091E+21,1.23691E+16,5.1321E+16
160066,,14,7,13,0,2017,4,9,4,3,5,2,0,1,0,0,0,0,0,7.36698E+20,5.6898E+21,1.23964E+16,5.13102E+16
160067,,14,7,13,0,2017,4,12,4,3,4,2,0,1,0,1,0,0,0,7.32335E+20,5.69622E+21,1.23381E+16,5.13696E+16
160068,,14,7,13,0,2017,4,5,4,3,4,2,1,1,0,0,0,1,0,7.30181E+20,5.68997E+21,1.23031E+16,5.13144E+16
160069,,14,7,29,260,2017,4,16,4,3,5,3,1,1,0,0,0,0,0,7.34702E+20,5.68696E+21,1.23659E+16,5.12855E+16
160070,,14,7,13,0,2017,4,14,4,3,6,2,0,1,1,0,0,0,0,7.34868E+20,5.69451E+21,1.23732E+16,5.13532E+16
160071,,14,6,27,210,2017,4,22,4,2,0,1,1,0,0,0,0,2,0,8.22754E+20,5.67207E+21,1.36115E+16,5.1109E+16
160072,,14,6,12,0,2017,4,15,4,3,2,6,0,1,0,0,0,0,0,8.34934E+20,5.66308E+21,1.37766E+16,5.10215E+16
160073,,14,6,12,0,2017,4,11,4,3,0,4,0,0,1,1,0,0,0,8.32158E+20,5.66751E+21,1.37412E+16,5.10628E+16
160074,,14,6,12,0,2017,4,8,4,3,2,6,0,1,0,0,1,0,0,8.35864E+20,5.66375E+21,1.37904E+16,5.10269E+16
160075,,14,5,11,0,2017,4,10,4,3,5,3,0,1,0,0,0,0,0,7.71658E+20,5.64203E+21,1.28609E+16,5.08661E+16
160076,,14,5,22,530,2017,4,16,4,3,9,1,0,1,0,0,0,0,0,7.6809E+20,5.66249E+21,1.28254E+16,5.10513E+16
160077,,14,5,24,300,2017,4,14,3,3,5,3,0,1,0,1,0,0,0,7.38477E+20,5.62602E+21,1.23799E+16,5.0737E+16
160078,,14,5,24,330,2017,4,6,3,3,8,1,0,1,0,0,0,0,0,7.45238E+20,5.62113E+21,1.24723E+16,5.06902E+16
160079,,14,7,30,110,2017,4,14,3,3,5,3,1,0,0,0,1,0,1,7.53079E+20,5.70755E+21,1.26436E+16,5.14625E+16
160080,,14,7,13,0,2017,4,15,3,3,5,3,0,1,0,0,0,0,0,7.35293E+20,5.69171E+21,1.23775E+16,5.1328E+16
160081,,14,7,13,0,2017,4,20,3,3,0,7,0,1,0,0,0,2,0,7.31608E+20,5.6907E+21,1.2324E+16,5.13204E+16
160082,,14,6,26,140,2017,4,16,3,3,5,3,1,1,0,0,0,0,0,8.97495E+20,5.65427E+21,1.46549E+16,5.09029E+16
160083,,14,6,26,110,2017,4,16,3,3,5,3,1,1,0,0,0,0,0,9.15859E+20,5.68173E+21,1.49461E+16,5.11356E+16
160084,,14,6,25,20,2017,4,12,3,3,5,3,1,1,0,0,0,0,0,8.7948E+20,5.6832E+21,1.44301E+16,5.1174E+16
160085,,14,6,12,0,2017,4,5,3,3,2,6,0,1,0,1,0,0,0,8.34707E+20,5.66737E+21,1.37773E+16,5.10601E+16
160086,,14,6,12,0,2017,4,19,3,2,4,7,1,1,0,0,1,0,0,8.3304E+20,5.67358E+21,1.37593E+16,5.11167E+16
160087,,14,5,21,20,2017,4,5,3,3,0,1,1,0,0,0,0,2,0,7.83896E+20,5.61169E+21,1.30111E+16,5.05879E+16
160088,,14,5,11,0,2017,4,15,3,2,6,7,0,1,1,0,0,0,0,7.75983E+20,5.63717E+21,1.29186E+16,5.08204E+16
160089,,14,5,11,0,2017,4,14,3,2,8,1,0,1,0,0,0,0,0,7.70697E+20,5.63717E+21,1.28437E+16,5.08229E+16
160090,,14,5,24,330,2017,4,17,2,2,5,3,1,1,0,0,0,0,0,7.45887E+20,5.62382E+21,1.24832E+16,5.07141E+16
160091,,14,5,24,300,2017,4,16,2,2,3,2,1,1,0,0,0,0,0,7.37227E+20,5.62441E+21,1.23612E+16,5.0723E+16
160092,,14,5,23,320,2017,4,10,2,3,6,4,0,1,1,0,0,0,0,7.20622E+20,5.59833E+21,1.21108E+16,5.04953E+16
160093,,14,7,13,0,2017,4,19,2,3,2,6,1,1,0,0,0,0,0,7.35336E+20,5.69244E+21,1.23786E+16,5.13345E+16
160094,,14,7,13,0,2017,4,17,2,3,1,3,1,1,0,0,0,0,0,7.36318E+20,5.68751E+21,1.23894E+16,5.12898E+16
160095,,14,7,29,260,2017,4,7,2,3,5,3,1,1,0,0,0,0,0,7.34703E+20,5.68696E+21,1.23659E+16,5.12856E+16
160096,,14,7,13,0,2017,4,17,2,3,2,6,0,1,0,0,0,0,0,7.37439E+20,5.69301E+21,1.24091E+16,5.13387E+16
160097,,14,7,13,0,2017,4,8,2,3,5,3,1,0,0,0,0,0,0,7.34634E+20,5.69088E+21,1.23675E+16,5.13208E+16
160098,,14,6,25,430,2017,4,7,2,3,5,3,1,1,0,0,0,0,0,8.36934E+20,5.68124E+21,1.38219E+16,5.1183E+16
160099,,14,6,26,110,2017,4,15,2,3,0,7,1,0,0,0,0,0,0,9.1747E+20,5.68378E+21,1.49714E+16,5.11528E+16
160100,,14,6,26,110,2017,4,13,2,2,0,7,1,0,0,0,0,0,0,9.17829E+20,5.68466E+21,1.49775E+16,5.11603E+16
160101,,14,6,28,160,2017,4,19,2,3,5,3,1,1,0,0,0,0,0,8.41559E+20,5.65755E+21,1.38655E+16,5.09681E+16
160102,,14,6,27,140,2017,4,12,2,3,5,3,1,1,0,0,0,0,0,8.1455E+20,5.67814E+21,1.35E+16,5.11681E+16
160103,,14,6,27,60,2017,4,17,2,3,5,3,1,1,0,0,0,0,0,8.14734E+20,5.69231E+21,1.3515E+16,5.1295E+16
160104,,14,6,12,0,2017,4,7,2,3,2,6,0,1,0,0,0,0,0,8.27775E+20,5.66665E+21,1.36781E+16,5.10576E+16
160105,,14,6,12,0,2017,4,10,2,3,5,2,1,1,0,0,0,0,0,8.30962E+20,5.66691E+21,1.37236E+16,5.10581E+16
160106,,14,6,12,0,2017,4,17,2,3,5,3,1,1,0,0,0,0,0,8.39271E+20,5.66301E+21,1.38381E+16,5.10184E+16
160107,,14,5,21,590,2017,4,14,2,3,4,2,1,1,0,0,0,0,0,7.66937E+20,5.62467E+21,1.27814E+16,5.07124E+16
160108,,14,5,11,0,2017,4,10,2,3,6,4,0,1,1,0,0,0,0,7.74731E+20,5.63824E+21,1.29017E+16,5.08306E+16
160109,,14,5,11,0,2017,4,11,2,3,0,4,0,0,1,0,1,0,0,7.747E+20,5.63288E+21,1.28972E+16,5.07825E+16
160110,,14,7,13,0,2017,4,19,1,3,2,6,0,1,0,0,0,0,0,7.37928E+20,5.69526E+21,1.24176E+16,5.13587E+16
160111,,14,6,25,240,2017,4,11,1,2,8,1,0,1,0,0,0,0,1,8.56806E+20,5.71114E+21,1.4135E+16,5.14388E+16
160112,,14,6,25,100,2017,4,12,1,3,8,1,0,1,0,0,0,0,1,8.66244E+20,5.68184E+21,1.42402E+16,5.11704E+16
160113,,14,6,12,0,2017,4,13,1,3,4,1,0,1,0,0,0,0,1,8.34141E+20,5.66365E+21,1.37658E+16,5.10271E+16
160114,,14,5,24,330,2017,4,17,7,3,3,7,1,1,0,0,0,0,0,7.46392E+20,5.62565E+21,1.24916E+16,5.07303E+16
160115,,14,5,24,280,2017,4,22,7,2,9,1,0,1,0,0,0,2,0,7.55153E+20,5.63094E+21,1.26192E+16,5.0774E+16
160116,,14,7,13,0,2017,4,11,7,2,1,5,0,1,0,0,0,0,0,7.40048E+20,5.69394E+21,1.24471E+16,5.1346E+16
160117,,14,6,25,20,2017,4,18,7,3,6,6,0,1,1,0,0,0,0,8.76587E+20,5.68721E+21,1.43931E+16,5.12117E+16
160118,,14,5,22,20,2017,4,12,7,2,4,1,0,1,0,1,0,0,0,7.86918E+20,5.63752E+21,1.30737E+16,5.08182E+16
160119,,14,5,23,300,2017,4,15,6,3,5,3,1,1,0,0,0,0,0,7.25453E+20,5.58934E+21,1.21734E+16,5.04127E+16
160120,,14,7,29,300,2017,4,12,6,3,4,2,0,1,0,0,0,0,0,7.4976E+20,5.68671E+21,1.25812E+16,5.12768E+16
160121,,14,7,13,0,2017,4,14,6,3,3,6,0,1,1,0,0,0,0,7.35528E+20,5.69293E+21,1.23817E+16,5.13388E+16
160122,,14,7,13,0,2017,4,17,6,3,5,3,0,1,0,0,0,0,0,7.35443E+20,5.69168E+21,1.23796E+16,5.13276E+16
160123,,14,7,13,0,2017,4,16,6,3,5,3,0,1,0,0,0,0,0,7.35231E+20,5.69791E+21,1.23807E+16,5.13836E+16
160124,,14,6,25,240,2017,4,15,6,3,5,3,1,1,0,0,0,0,0,8.63461E+20,5.71042E+21,1.42296E+16,5.14281E+16
160125,,14,6,25,20,2017,4,16,6,3,6,4,0,1,1,0,0,0,0,8.81129E+20,5.68336E+21,1.44537E+16,5.11743E+16
160126,,14,6,12,0,2017,4,5,6,3,0,3,0,1,0,0,1,0,0,8.36544E+20,5.66663E+21,1.38027E+16,5.10524E+16
160127,,14,6,12,0,2017,4,16,6,3,2,7,0,1,0,0,0,0,0,8.38561E+20,5.66146E+21,1.38266E+16,5.10049E+16
160128,,14,5,11,0,2017,4,14,6,3,2,6,0,1,0,0,0,0,0,7.75819E+20,5.63823E+21,1.29171E+16,5.08299E+16
160129,,14,5,11,0,2017,4,15,6,2,0,1,1,0,0,0,0,0,0,7.71207E+20,5.63735E+21,1.28511E+16,5.08242E+16
160130,,14,5,11,0,2017,4,7,6,3,3,6,0,1,0,0,1,0,0,7.75562E+20,5.63911E+21,1.29141E+16,5.08379E+16
160131,,14,5,11,0,2017,4,10,6,3,5,3,0,1,0,0,1,0,0,7.73175E+20,5.63304E+21,1.28757E+16,5.07847E+16
160132,,14,5,11,0,2017,4,14,6,3,0,7,0,0,0,0,1,0,0,7.76216E+20,5.63846E+21,1.29229E+16,5.08318E+16
160133,,14,5,24,330,2017,4,7,5,3,5,6,0,1,0,0,1,0,0,7.46248E+20,5.62438E+21,1.24887E+16,5.0719E+16
160134,,14,5,24,330,2017,4,7,5,3,5,6,0,1,0,0,1,0,0,7.4625E+20,5.62436E+21,1.24887E+16,5.07188E+16
160135,,14,5,23,270,2017,4,19,5,3,3,6,0,0,0,1,0,2,0,7.30391E+20,5.59749E+21,1.22478E+16,5.0484E+16
160136,,14,7,30,310,2017,4,17,5,3,2,2,0,1,0,1,0,0,0,7.7644E+20,5.71962E+21,1.29885E+16,5.15598E+16
160137,,14,7,13,0,2017,4,15,5,3,6,4,1,0,1,0,0,0,0,7.351E+20,5.6924E+21,1.23752E+16,5.13342E+16
160138,,14,7,13,0,2017,4,7,5,3,2,6,0,1,0,0,0,0,0,7.33536E+20,5.69419E+21,1.23539E+16,5.13509E+16
160139,,14,7,13,0,2017,4,17,5,3,2,6,0,1,0,0,0,0,0,7.29922E+20,5.69119E+21,1.23002E+16,5.13255E+16
160140,,14,7,13,0,2017,4,20,5,3,1,5,1,1,0,0,0,1,0,7.35059E+20,5.69047E+21,1.23733E+16,5.13169E+16
160141,,14,7,13,0,2017,4,17,5,2,5,3,0,1,0,0,0,0,0,7.38119E+20,5.69409E+21,1.24196E+16,5.13481E+16
160142,,14,7,13,0,2017,4,17,5,2,1,5,1,1,0,0,0,0,0,7.37427E+20,5.69265E+21,1.24087E+16,5.13354E+16
160143,,14,7,13,0,2017,4,12,5,3,0,7,1,1,0,0,0,0,0,7.34913E+20,5.69224E+21,1.23724E+16,5.13328E+16
160144,,14,7,13,0,2017,4,15,5,3,5,3,1,0,0,0,0,0,0,7.34782E+20,5.6925E+21,1.23707E+16,5.13352E+16
160145,,14,6,26,610,2017,4,13,5,3,5,3,1,1,0,0,0,0,0,9.08127E+20,5.65469E+21,1.48058E+16,5.08992E+16
160146,,14,6,25,250,2017,4,9,5,2,6,7,0,1,1,0,0,0,0,8.55369E+20,5.69448E+21,1.40978E+16,5.12905E+16
160147,,14,6,25,640,2017,4,10,5,3,6,4,0,1,1,0,0,0,0,8.65157E+20,5.70241E+21,1.42457E+16,5.13553E+16
160148,,14,6,25,20,2017,4,17,5,3,3,6,0,1,0,0,1,0,0,8.79037E+20,5.68319E+21,1.44238E+16,5.11742E+16
160149,,14,6,25,20,2017,4,15,5,3,6,7,0,1,1,0,0,0,0,8.79129E+20,5.6842E+21,1.44262E+16,5.11832E+16
160150,,14,6,28,270,2017,4,17,5,3,6,4,0,1,1,0,0,0,0,8.47114E+20,5.65681E+21,1.39436E+16,5.09581E+16
160151,,14,5,22,80,2017,4,7,5,3,8,1,0,1,0,0,0,0,0,7.95944E+20,5.67069E+21,1.32285E+16,5.11111E+16
160152,,14,6,27,140,2017,4,17,5,3,6,7,0,1,1,0,0,0,1,8.14073E+20,5.67903E+21,1.34939E+16,5.11762E+16
160153,,14,6,12,0,2017,4,16,5,3,5,3,1,1,0,0,0,0,0,8.36215E+20,5.66153E+21,1.37933E+16,5.10069E+16
160154,,14,6,12,0,2017,4,18,5,3,5,3,1,1,0,0,0,0,0,8.32908E+20,5.66721E+21,1.37516E+16,5.10597E+16
160155,,14,6,12,0,2017,4,16,5,1,5,2,1,0,0,0,1,0,0,8.38832E+20,5.66204E+21,1.3831E+16,5.10099E+16
160156,,14,5,11,0,2017,4,17,5,3,5,3,1,1,0,0,0,0,0,7.69759E+20,5.63794E+21,1.2831E+16,5.08302E+16