OBJECTID,UIDENTSTLA,ULAND,UREGBEZ,UKREIS,UGEMEINDE,UJAHR,UMONAT,USTUNDE,UWOCHENTAG,UKATEGORIE,UART,UTYP1,IstRad,IstPKW,IstFuss,IstKrad,IstSonstig,LICHT,STRZUSTAND,LINREFX,LINREFY,XGCSWGS84,YGCSWGS84
160347,,14,7,30,210,2017,5,16,1,3,5,3,1,1,0,0,0,0,0,7.92364E+20,5.68474E+21,1.31889E+16,5.1239E+16
160348,,14,7,13,0,2017,5,18,1,3,0,5,1,1,0,0,0,0,0,7.35482E+20,5.68947E+21,1.23787E+16,5.13077E+16
160349,,14,7,13,0,2017,5,12,1,2,5,3,0,1,0,0,1,0,1,7.35299E+20,5.69025E+21,1.23766E+16,5.13148E+16
160350,,14,7,13,0,2017,5,11,1,3,2,6,0,1,0,0,1,0,1,7.37132E+20,5.69443E+21,1.24057E+16,5.13515E+16
160351,,14,7,13,0,2017,5,15,1,3,5,3,0,1,0,0,1,0,0,7.39057E+20,5.69716E+21,1.24351E+16,5.13753E+16
160352,,14,7,29,160,2017,5,14,1,3,5,3,1,1,0,0,0,0,0,7.59859E+20,5.68105E+21,1.27216E+16,5.12216E+16
160353,,14,6,26,280,2017,5,16,1,3,9,1,0,1,0,0,0,0,1,8.96557E+20,5.66062E+21,1.46485E+16,5.09603E+16
160354,,14,6,12,0,2017,5,18,1,3,0,3,0,1,0,0,1,0,0,8.40755E+20,5.66155E+21,1.38578E+16,5.10044E+16
160355,,14,5,22,80,2017,5,11,1,3,5,3,1,1,0,0,0,0,0,7.88668E+20,5.67129E+21,1.31253E+16,5.11203E+16
160356,,14,5,24,300,2017,5,14,7,2,2,2,0,1,0,0,0,0,0,7.37452E+20,5.62918E+21,1.23674E+16,5.07657E+16
160357,,14,5,24,80,2017,5,17,7,3,8,1,1,0,0,0,0,0,0,7.47605E+20,5.63698E+21,1.25164E+16,5.08315E+16
160358,,14,5,23,160,2017,5,4,7,3,0,3,0,1,0,0,1,2,0,7.46244E+20,5.58411E+21,1.24621E+16,5.03575E+16
160359,,14,7,13,0,2017,5,15,7,3,5,3,1,1,0,0,0,0,0,7.42387E+20,5.69155E+21,1.2479E+16,5.13235E+16
160360,,14,7,13,0,2017,5,21,7,3,5,3,1,1,0,0,0,2,0,7.38016E+20,5.69204E+21,1.24167E+16,5.13298E+16
160361,,14,7,13,0,2017,5,13,7,3,6,4,0,1,1,0,0,0,0,7.3344E+20,5.69338E+21,1.2352E+16,5.13436E+16
160362,,14,7,13,0,2017,5,10,7,3,5,3,0,1,0,0,0,0,0,7.34181E+20,5.69703E+21,1.23651E+16,5.13762E+16
160363,,14,6,25,250,2017,5,8,7,2,5,3,1,0,0,0,1,0,0,8.55626E+20,5.69259E+21,1.40996E+16,5.12734E+16
160364,,14,6,25,530,2017,5,14,7,2,5,2,1,1,0,0,0,0,0,8.63738E+20,5.67445E+21,1.4197E+16,5.11058E+16
160365,,14,6,28,40,2017,5,12,7,3,5,3,0,1,0,1,0,0,0,8.46096E+20,5.64994E+21,1.39226E+16,5.08971E+16
160366,,14,6,28,160,2017,5,7,7,2,6,4,0,0,1,0,1,0,0,8.41085E+20,5.65887E+21,1.386E+16,5.09801E+16
160367,,14,6,28,110,2017,5,6,7,3,5,3,0,1,0,0,0,1,1,8.2689E+20,5.66033E+21,1.36598E+16,5.10015E+16
160368,,14,6,12,0,2017,5,11,7,2,6,2,0,1,1,0,0,0,0,8.37438E+20,5.66491E+21,1.38139E+16,5.10365E+16
160369,,14,5,24,330,2017,5,10,6,2,0,1,1,0,0,0,0,0,0,7.46397E+20,5.62533E+21,1.24915E+16,5.07274E+16
160370,,14,7,30,310,2017,5,9,6,3,5,3,0,1,0,0,0,0,0,7.77503E+20,5.71822E+21,1.30027E+16,5.15467E+16
160371,,14,7,13,0,2017,5,15,6,3,4,6,1,1,0,0,0,0,0,7.3221E+20,5.69088E+21,1.23328E+16,5.13217E+16
160372,,14,7,13,0,2017,5,15,6,3,0,7,1,1,0,0,0,0,0,7.32032E+20,5.69229E+21,1.23311E+16,5.13345E+16
160373,,14,7,13,0,2017,5,18,6,3,5,3,0,1,0,0,0,0,0,7.38421E+20,5.69109E+21,1.24219E+16,5.13211E+16
160374,,14,7,13,0,2017,5,7,6,3,3,6,0,1,0,0,0,0,0,7.35779E+20,5.69521E+21,1.23868E+16,5.13591E+16
160375,,14,7,13,0,2017,5,5,6,3,2,6,0,1,0,0,0,0,0,7.31169E+20,5.69191E+21,1.23185E+16,5.13314E+16
160376,,14,7,13,0,2017,5,21,6,3,5,3,1,1,0,0,1,2,1,7.32782E+20,5.69277E+21,1.23422E+16,5.13385E+16
160377,,14,6,26,110,2017,5,11,6,3,6,7,0,1,1,0,0,0,0,9.18538E+20,5.68389E+21,1.49867E+16,5.11529E+16
160378,,14,6,28,270,2017,5,7,6,3,2,6,0,1,0,0,1,0,0,8.46671E+20,5.65705E+21,1.39376E+16,5.09605E+16
160379,,14,6,27,140,2017,5,7,6,3,5,3,0,1,0,0,0,0,0,8.11723E+20,5.67615E+21,1.34579E+16,5.11517E+16
160380,,14,6,28,400,2017,5,13,6,3,8,6,0,1,0,1,0,0,0,8.18774E+20,5.65981E+21,1.3544E+16,5.10013E+16
160381,,14,6,12,0,2017,5,14,6,3,0,4,0,0,1,0,1,0,0,8.28857E+20,5.66944E+21,1.3696E+16,5.1082E+16
160382,,14,6,12,0,2017,5,7,6,3,5,3,1,1,0,0,0,0,0,8.33553E+20,5.66281E+21,1.37567E+16,5.10199E+16
160383,,14,6,12,0,2017,5,17,6,3,2,2,1,1,0,0,0,0,1,8.3426E+20,5.66239E+21,1.37664E+16,5.10157E+16
160384,,14,6,12,0,2017,5,15,6,3,5,3,0,1,0,0,0,0,0,8.32214E+20,5.66464E+21,1.37393E+16,5.1037E+16
160385,,14,6,12,0,2017,5,17,6,3,0,1,1,0,0,0,0,0,1,8.32533E+20,5.66315E+21,1.37425E+16,5.10235E+16
160386,,14,6,12,0,2017,5,7,6,3,3,6,1,1,0,0,0,0,0,8.29178E+20,5.66127E+21,1.36931E+16,5.10086E+16
160387,,14,6,12,0,2017,5,9,6,3,2,3,1,1,0,0,0,0,0,8.3223E+20,5.66952E+21,1.37441E+16,5.10808E+16
160388,,14,6,12,0,2017,5,15,6,3,4,6,1,0,0,0,0,0,0,8.32886E+20,5.66806E+21,1.3752E+16,5.10673E+16
160389,,14,6,12,0,2017,5,16,6,3,4,1,1,1,0,0,0,0,0,8.28533E+20,5.66371E+21,1.36862E+16,5.10308E+16
160390,,14,5,22,50,2017,5,13,6,2,5,3,1,1,0,0,0,0,0,8.03369E+20,5.64406E+21,1.3312E+16,5.08685E+16
160391,,14,5,11,0,2017,5,16,6,3,6,7,0,1,1,0,0,0,1,7.72802E+20,5.63934E+21,1.28752E+16,5.08414E+16
160392,,14,5,11,0,2017,5,8,6,3,5,2,0,1,0,0,0,0,0,7.72539E+20,5.63684E+21,1.28696E+16,5.08191E+16
160393,,14,5,11,0,2017,5,7,6,3,2,6,0,1,0,0,0,0,0,7.74769E+20,5.6383E+21,1.29022E+16,5.08311E+16
160394,,14,5,23,320,2017,5,12,5,2,0,7,1,1,0,0,0,0,0,7.2445E+20,5.59804E+21,1.21645E+16,5.04913E+16
160395,,14,7,30,160,2017,5,13,5,3,0,3,1,0,0,0,1,0,0,7.49809E+20,5.71908E+21,1.26048E+16,5.15674E+16
160396,,14,7,30,110,2017,5,9,5,3,4,3,0,1,0,0,1,0,0,7.52507E+20,5.70707E+21,1.2635E+16,5.14584E+16
160397,,14,7,13,0,2017,5,16,5,3,3,2,1,0,0,0,0,0,0,7.37972E+20,5.69358E+21,1.24171E+16,5.13436E+16
160398,,14,7,13,0,2017,5,18,5,3,6,4,1,1,1,0,0,0,0,7.3265E+20,5.69146E+21,1.23395E+16,5.13267E+16
160399,,14,7,13,0,2017,5,8,5,3,6,4,1,0,1,0,0,0,0,7.35002E+20,5.69224E+21,1.23737E+16,5.13328E+16
160400,,14,7,13,0,2017,5,5,5,3,5,3,1,1,0,0,0,1,0,7.42455E+20,5.6926E+21,1.24807E+16,5.13329E+16
160401,,14,7,13,0,2017,5,21,5,3,5,3,1,1,0,0,0,2,0,7.36861E+20,5.69326E+21,1.2401E+16,5.13412E+16
160402,,14,7,29,160,2017,5,10,5,2,3,6,1,1,0,0,0,0,0,7.59823E+20,5.68264E+21,1.27223E+16,5.12359E+16
160403,,14,7,13,0,2017,5,9,5,3,2,6,0,1,0,0,1,0,0,7.30805E+20,5.6967E+21,1.23164E+16,5.13746E+16
160404,,14,7,13,0,2017,5,14,5,3,2,6,0,1,0,0,1,0,0,7.31154E+20,5.69399E+21,1.23197E+16,5.13501E+16
160405,,14,7,13,0,2017,5,7,5,2,2,6,0,1,0,0,1,0,0,7.35104E+20,5.6941E+21,1.23764E+16,5.13495E+16
160406,,14,7,13,0,2017,5,18,5,3,1,5,1,1,0,0,0,0,0,7.35767E+20,5.69301E+21,1.23851E+16,5.13394E+16
160407,,14,7,13,0,2017,5,11,5,3,0,7,0,0,0,1,0,0,0,7.36244E+20,5.69438E+21,1.23929E+16,5.13515E+16
160408,,14,7,29,360,2017,5,15,5,3,1,3,1,1,0,0,0,0,0,7.40415E+20,5.66514E+21,1.24331E+16,5.10873E+16
160409,,14,6,26,280,2017,5,13,5,3,6,6,0,1,1,0,0,0,0,8.96523E+20,5.66037E+21,1.46477E+16,5.09581E+16
160410,,14,6,25,480,2017,5,17,5,3,5,3,0,1,0,1,0,0,0,8.44502E+20,5.67313E+21,1.3922E+16,5.11059E+16
160411,,14,6,26,110,2017,5,15,5,3,1,7,0,1,0,0,0,0,0,9.19088E+20,5.6835E+21,1.4994E+16,5.1149E+16
160412,,14,6,25,40,2017,5,9,5,3,2,6,0,1,0,0,0,0,0,8.62801E+20,5.67637E+21,1.41856E+16,5.11236E+16
160413,,14,6,28,360,2017,5,10,5,2,0,7,1,0,0,0,0,0,0,8.70815E+20,5.65953E+21,1.42824E+16,5.09677E+16
160414,,14,6,28,410,2017,5,15,5,3,5,3,1,1,0,0,0,0,0,8.13486E+20,5.66505E+21,1.34734E+16,5.10513E+16
160415,,14,6,12,0,2017,5,10,5,3,6,7,0,1,1,0,0,0,0,8.32901E+20,5.66388E+21,1.37484E+16,5.10299E+16
160416,,14,6,12,0,2017,5,7,5,3,5,2,1,1,0,0,0,0,0,8.32957E+20,5.6643E+21,1.37496E+16,5.10336E+16
160417,,14,6,12,0,2017,5,13,5,3,5,3,1,1,0,0,0,0,0,8.33501E+20,5.66414E+21,1.37572E+16,5.10318E+16
160418,,14,6,12,0,2017,5,16,5,3,2,6,0,1,0,0,0,0,0,8.33046E+20,5.66448E+21,1.3751E+16,5.10352E+16
160419,,14,6,12,0,2017,5,19,5,2,5,3,1,1,0,0,0,0,0,8.365E+20,5.6646E+21,1.38002E+16,5.10342E+16
160420,,14,6,12,0,2017,5,10,5,3,5,3,0,1,0,0,0,0,0,8.33244E+20,5.6668E+21,1.3756E+16,5.10559E+16
160421,,14,5,21,550,2017,5,15,5,2,4,6,1,0,0,0,1,0,0,7.68103E+20,5.60546E+21,1.2784E+16,5.05395E+16
160422,,14,5,11,0,2017,5,15,5,3,6,4,0,1,1,0,0,0,0,7.74415E+20,5.63833E+21,1.28972E+16,5.08315E+16
160423,,14,5,11,0,2017,5,6,5,3,4,2,1,1,0,0,0,0,0,7.77239E+20,5.64072E+21,1.29391E+16,5.08516E+16
160424,,14,5,11,0,2017,5,15,5,3,5,3,1,1,0,0,0,0,0,7.73557E+20,5.64123E+21,1.28873E+16,5.0858E+16
160425,,14,5,24,190,2017,5,9,4,3,1,5,0,1,0,1,0,0,0,7.43786E+20,5.63886E+21,1.24635E+16,5.085E+16
160426,,14,7,29,410,2017,5,9,4,3,5,3,1,1,0,0,0,0,0,7.62337E+20,5.69212E+21,1.27651E+16,5.13198E+16
160427,,14,7,13,0,2017,5,20,4,3,3,6,0,1,0,1,0,2,0,7.35014E+20,5.69238E+21,1.23739E+16,5.13341E+16
160428,,14,7,13,0,2017,5,12,4,2,4,6,0,1,0,0,1,0,0,7.27367E+20,5.6911E+21,1.22635E+16,5.13257E+16
160429,,14,7,29,260,2017,5,18,4,3,5,3,0,1,0,0,0,0,0,7.34504E+20,5.68626E+21,1.23626E+16,5.12793E+16
160430,,14,7,13,0,2017,5,15,4,3,4,2,0,1,0,1,0,0,0,7.34799E+20,5.69605E+21,1.23733E+16,5.13671E+16
160431,,14,7,13,0,2017,5,11,4,3,4,2,0,1,0,0,0,0,0,7.35253E+20,5.69228E+21,1.23773E+16,5.13331E+16
160432,,14,7,13,0,2017,5,5,4,3,5,3,1,1,0,0,0,0,0,7.38421E+20,5.6911E+21,1.24219E+16,5.13211E+16
160433,,14,7,13,0,2017,5,11,4,3,6,7,1,0,1,0,0,0,0,7.35904E+20,5.6935E+21,1.23874E+16,5.13438E+16
160434,,14,6,26,490,2017,5,14,4,2,5,3,0,1,0,0,1,0,0,8.82728E+20,5.72292E+21,1.4519E+16,5.15274E+16
160435,,14,6,27,230,2017,5,19,4,3,3,6,1,0,0,0,1,1,0,7.98438E+20,5.69258E+21,1.32822E+16,5.13061E+16
160436,,14,6,27,180,2017,5,17,4,3,6,6,0,0,1,0,1,0,0,8.02166E+20,5.6639E+21,1.33114E+16,5.1047E+16
160437,,14,6,27,60,2017,5,9,4,3,5,3,1,0,0,0,1,0,0,8.14998E+20,5.69225E+21,1.35187E+16,5.12943E+16
160438,,14,6,12,0,2017,5,17,4,2,0,1,1,0,0,0,0,0,0,8.30924E+20,5.66901E+21,1.3725E+16,5.1077E+16
160439,,14,6,12,0,2017,5,17,4,3,0,3,0,0,0,1,1,0,0,8.29942E+20,5.66138E+21,1.37041E+16,5.10091E+16
160440,,14,6,12,0,2017,5,13,4,3,3,6,1,0,0,0,0,0,0,8.29733E+20,5.66396E+21,1.37035E+16,5.10324E+16
160441,,14,6,12,0,2017,5,15,4,2,0,1,1,0,0,0,0,0,0,8.35831E+20,5.66207E+21,1.37884E+16,5.10119E+16
160442,,14,6,12,0,2017,5,12,4,3,5,3,1,1,0,0,0,0,0,8.36049E+20,5.66544E+21,1.37946E+16,5.1042E+16
160443,,14,6,12,0,2017,5,10,4,3,5,3,1,1,0,0,0,0,0,8.35168E+20,5.6665E+21,1.37831E+16,5.1052E+16
160444,,14,5,21,30,2017,5,14,4,3,6,2,0,1,1,0,0,0,0,7.6219E+20,5.61042E+21,1.27042E+16,5.05868E+16
160445,,14,5,11,0,2017,5,19,4,3,2,6,0,1,0,0,0,1,0,7.76152E+20,5.63892E+21,1.29223E+16,5.08359E+16
160446,,14,5,23,340,2017,5,18,3,3,0,2,0,1,0,1,0,0,0,7.33111E+20,5.6132E+21,1.22959E+16,5.0624E+16
160447,,14,7,30,70,2017,5,16,3,3,5,3,1,1,0,0,0,0,0,7.31984E+20,5.71348E+21,1.23443E+16,5.15247E+16
160448,,14,7,13,0,2017,5,9,3,3,5,3,1,1,0,0,0,0,0,7.39312E+20,5.68868E+21,1.2433E+16,5.12991E+16
160449,,14,7,13,0,2017,5,11,3,3,6,4,0,1,1,0,0,0,0,7.39147E+20,5.69378E+21,1.24341E+16,5.13449E+16
160450,,14,7,29,320,2017,5,12,3,2,0,7,1,0,0,0,1,0,0,7.38495E+20,5.67187E+21,1.24102E+16,5.11485E+16
160451,,14,7,30,120,2017,5,8,3,2,6,7,0,1,1,0,0,0,0,7.73422E+20,5.72333E+21,1.2948E+16,5.15946E+16
160452,,14,6,26,370,2017,5,18,3,3,1,5,1,1,0,0,0,0,0,9.06564E+20,5.69863E+21,1.48331E+16,5.12934E+16
160453,,14,6,25,20,2017,5,11,3,3,6,4,1,0,1,0,0,0,0,8.79424E+20,5.68353E+21,1.44297E+16,5.11769E+16
160454,,14,6,12,0,2017,5,17,3,3,1,5,1,1,0,0,0,0,0,8.33764E+20,5.6631E+21,1.376E+16,5.10224E+16
160455,,14,6,12,0,2017,5,10,3,3,5,3,1,1,0,0,0,0,0,8.36623E+20,5.66398E+21,1.38014E+16,5.10285E+16
160456,,14,6,12,0,2017,5,19,3,3,5,3,0,1,0,0,0,0,0,8.36875E+20,5.66534E+21,1.38062E+16,5.10406E+16
160457,,14,6,12,0,2017,5,11,3,3,5,3,0,1,0,0,0,0,0,8.35638E+20,5.66498E+21,1.37883E+16,5.10381E+16
160458,,14,5,11,0,2017,5,10,3,3,0,7,0,0,0,0,1,0,0,7.75054E+20,5.63851E+21,1.29064E+16,5.08328E+16
160459,,14,5,24,330,2017,5,9,2,3,5,3,0,1,0,0,0,0,1,7.48226E+20,5.62665E+21,1.25182E+16,5.07385E+16
160460,,14,7,29,260,2017,5,11,2,3,3,6,1,1,0,0,0,0,0,7.34661E+20,5.68541E+21,1.23643E+16,5.12716E+16
160461,,14,7,13,0,2017,5,13,2,3,5,3,1,1,0,0,0,0,0,7.35308E+20,5.68976E+21,1.23764E+16,5.13104E+16
160462,,14,7,13,0,2017,5,17,2,3,6,4,0,1,1,0,0,0,0,7.35532E+20,5.68916E+21,1.23792E+16,5.13049E+16
160463,,14,7,13,0,2017,5,18,2,2,5,2,1,1,0,0,0,0,1,7.36072E+20,5.69152E+21,1.23885E+16,5.13259E+16
160464,,14,7,13,0,2017,5,19,2,3,3,2,1,1,0,0,0,0,1,7.36976E+20,5.69137E+21,1.24014E+16,5.13242E+16
160465,,14,6,26,110,2017,5,7,2,3,2,6,1,0,0,0,0,0,0,9.18276E+20,5.68406E+21,1.49832E+16,5.11547E+16
160466,,14,6,27,230,2017,5,9,2,3,5,3,1,1,0,0,0,0,0,7.97168E+20,5.69218E+21,1.32637E+16,5.13032E+16
160467,,14,6,27,140,2017,5,16,2,3,2,7,0,1,0,1,0,0,0,8.13076E+20,5.67815E+21,1.3479E+16,5.11689E+16
160468,,14,6,12,0,2017,5,8,2,3,6,4,0,1,1,0,0,0,0,8.30304E+20,5.66557E+21,1.37131E+16,5.10465E+16
160469,,14,6,12,0,2017,5,20,2,3,5,3,1,1,0,0,0,2,1,8.36736E+20,5.66527E+21,1.38042E+16,5.10401E+16
160470,,14,6,12,0,2017,5,15,2,3,6,4,1,0,1,0,0,0,0,8.34362E+20,5.66578E+21,1.37709E+16,5.1046E+16
160471,,14,6,12,0,2017,5,14,2,2,5,3,1,1,0,0,0,0,0,8.33405E+20,5.66632E+21,1.37578E+16,5.10515E+16
160472,,14,5,21,500,2017,5,15,2,3,5,3,0,0,0,1,1,0,1,7.72165E+20,5.60491E+21,1.28408E+16,5.05327E+16
160473,,14,5,21,500,2017,5,16,2,3,5,3,0,1,0,0,0,0,1,7.71189E+20,5.60406E+21,1.28264E+16,5.05256E+16
160474,,14,5,24,30,2017,5,8,1,3,5,3,0,1,0,0,0,0,0,7.38355E+20,5.63465E+21,1.23838E+16,5.08144E+16
160475,,14,7,30,110,2017,5,16,1,3,5,3,0,1,0,0,0,0,0,7.52654E+20,5.70711E+21,1.26371E+16,5.14587E+16
160476,,14,7,13,0,2017,5,16,1,3,4,2,0,1,0,1,0,0,0,7.275E+20,5.6977E+21,1.22697E+16,5.13849E+16
160477,,14,7,13,0,2017,5,0,1,2,5,3,0,1,0,0,1,2,0,7.36732E+20,5.68906E+21,1.23964E+16,5.13035E+16
160478,,14,6,26,180,2017,5,10,1,2,8,1,0,0,0,0,1,0,0,9.06832E+20,5.66901E+21,1.48034E+16,5.10282E+16
160479,,14,5,22,230,2017,5,17,1,3,0,7,0,1,1,0,0,0,0,7.89908E+20,5.65498E+21,1.31299E+16,5.09733E+16
160480,,14,5,11,0,2017,5,14,1,3,5,3,0,1,0,0,0,0,0,7.74681E+20,5.63863E+21,1.29012E+16,5.0834E+16
160481,,14,5,24,160,2017,5,18,7,3,0,7,0,1,0,0,0,0,0,7.57886E+20,5.62777E+21,1.26556E+16,5.07444E+16
160482,,14,7,30,70,2017,5,18,7,3,3,2,1,0,0,0,0,0,0,7.3247E+20,5.71412E+21,1.23517E+16,5.15302E+16
160483,,14,7,29,370,2017,5,10,7,2,6,4,0,0,1,0,1,0,0,7.42009E+20,5.67686E+21,1.24637E+16,5.11918E+16
160484,,14,7,13,0,2017,5,10,7,3,0,7,0,0,0,1,0,0,1,7.36746E+20,5.68857E+21,1.23962E+16,5.12991E+16
160485,,14,7,13,0,2017,5,17,7,3,0,1,0,0,0,1,0,0,0,7.34166E+20,5.69213E+21,1.23616E+16,5.13322E+16
160486,,14,7,13,0,2017,5,21,7,2,5,2,1,1,0,0,0,2,0,7.37376E+20,5.69267E+21,1.2408E+16,5.13357E+16
160487,,14,7,13,0,2017,5,15,7,3,0,1,0,0,0,1,0,0,0,7.3603E+20,5.69322E+21,1.23891E+16,5.13411E+16
160488,,14,6,12,0,2017,5,15,7,3,0,3,0,0,0,0,1,0,0,8.39141E+20,5.662E+21,1.38353E+16,5.10094E+16
160489,,14,6,12,0,2017,5,10,7,2,0,1,1,0,0,0,0,0,0,8.39751E+20,5.66295E+21,1.38449E+16,5.10175E+16
160490,,14,5,24,190,2017,5,15,6,3,5,3,0,1,0,1,0,0,1,7.44648E+20,5.63843E+21,1.24754E+16,5.08458E+16
160491,,14,5,23,340,2017,5,14,6,2,5,3,0,1,0,1,0,0,0,7.31157E+20,5.61239E+21,1.22678E+16,5.06175E+16
160492,,14,7,29,160,2017,5,12,6,3,0,7,1,0,0,0,1,0,0,7.60153E+20,5.68284E+21,1.27271E+16,5.12375E+16
160493,,14,7,13,0,2017,5,12,6,3,2,2,0,1,0,0,0,0,1,7.35547E+20,5.69291E+21,1.23819E+16,5.13386E+16
160494,,14,7,13,0,2017,5,14,6,3,2,2,1,1,0,0,0,0,0,7.31948E+20,5.69313E+21,1.23305E+16,5.1342E+16
160495,,14,7,13,0,2017,5,17,6,3,0,7,0,1,0,0,1,0,0,7.35009E+20,5.69214E+21,1.23737E+16,5.13319E+16
160496,,14,7,13,0,2017,5,16,6,3,5,2,0,1,1,0,0,0,0,7.35777E+20,5.69341E+21,1.23856E+16,5.1343E+16
160497,,14,7,13,0,2017,5,18,6,3,4,2,1,1,0,0,0,0,0,7.34174E+20,5.69346E+21,1.23626E+16,5.13441E+16
160498,,14,6,26,110,2017,5,18,6,3,1,5,0,1,0,0,0,0,0,9.17739E+20,5.68467E+21,1.49762E+16,5.11605E+16
160499,,14,6,25,560,2017,5,14,6,3,6,4,0,1,1,0,0,0,0,8.80292E+20,5.66934E+21,1.44271E+16,5.10494E+16
160500,,14,6,28,160,2017,5,8,6,3,5,2,1,1,0,0,0,0,0,8.41946E+20,5.65864E+21,1.3872E+16,5.09776E+16
160501,,14,6,12,0,2017,5,15,6,2,5,3,0,1,0,1,0,0,0,8.29934E+20,5.66554E+21,1.37078E+16,5.10465E+16
160502,,14,6,12,0,2017,5,9,6,3,1,7,0,0,0,1,1,0,0,8.27573E+20,5.6702E+21,1.36784E+16,5.10896E+16
160503,,14,6,12,0,2017,5,17,6,2,6,7,0,1,1,0,0,0,0,8.33458E+20,5.67447E+21,1.37661E+16,5.11244E+16
160504,,14,6,12,0,2017,5,16,6,2,5,3,0,0,0,0,1,0,0,8.33904E+20,5.66689E+21,1.37654E+16,5.10562E+16
160505,,14,6,12,0,2017,5,12,6,3,5,3,1,1,0,0,0,0,0,8.3084E+20,5.66647E+21,1.37215E+16,5.10543E+16
160506,,14,5,11,0,2017,5,17,6,3,1,1,0,1,0,1,0,0,0,7.74864E+20,5.63846E+21,1.29037E+16,5.08324E+16
160507,,14,5,22,60,2017,5,15,6,2,6,4,0,1,1,0,0,0,0,7.67876E+20,5.64798E+21,1.28117E+16,5.09211E+16
160508,,14,5,11,0,2017,5,9,6,2,4,2,0,1,0,1,0,0,1,7.73825E+20,5.6415E+21,1.28913E+16,5.08602E+16
160509,,14,5,11,0,2017,5,11,6,2,5,3,0,1,0,1,0,0,0,7.67138E+20,5.63577E+21,1.27923E+16,5.08119E+16
160510,,14,7,29,410,2017,5,18,5,2,5,3,1,1,0,0,0,0,0,7.60768E+20,5.69777E+21,1.27468E+16,5.13712E+16
160511,,14,7,29,30,2017,5,17,5,2,5,3,1,0,0,0,0,0,0,7.57973E+20,5.69562E+21,1.27052E+16,5.13532E+16
160512,,14,7,13,0,2017,5,23,5,3,0,7,1,0,0,0,0,2,1,7.35004E+20,5.69178E+21,1.23734E+16,5.13286E+16
160513,,14,7,13,0,2017,5,16,5,3,5,3,1,0,0,0,1,0,0,7.35779E+20,5.69521E+21,1.23868E+16,5.13591E+16
160514,,14,7,13,0,2017,5,18,5,3,2,6,0,1,0,0,0,0,0,7.37373E+20,5.69266E+21,1.24079E+16,5.13356E+16
160515,,14,7,13,0,2017,5,15,5,2,4,2,1,1,0,0,0,0,0,7.42296E+20,5.69369E+21,1.24792E+16,5.13428E+16
160516,,14,7,13,0,2017,5,9,5,3,5,2,0,1,0,0,1,0,0,7.36215E+20,5.69252E+21,1.23912E+16,5.13348E+16
160517,,14,6,25,20,2017,5,10,5,2,6,4,1,0,1,0,0,0,0,8.79373E+20,5.6832E+21,1.44286E+16,5.1174E+16
160518,,14,6,25,20,2017,5,15,5,3,1,7,1,0,0,0,0,0,0,8.81107E+20,5.68345E+21,1.44535E+16,5.11751E+16
160519,,14,6,28,270,2017,5,14,5,3,3,2,1,1,0,0,0,0,0,8.46684E+20,5.65713E+21,1.39378E+16,5.09613E+16
160520,,14,6,12,0,2017,5,17,5,3,5,3,1,1,0,0,0,0,0,8.32974E+20,5.6673E+21,1.37526E+16,5.10604E+16
160521,,14,5,21,310,2017,5,13,5,3,4,2,0,1,0,0,0,0,0,7.70867E+20,5.62756E+21,1.2839E+16,5.07366E+16
160522,,14,5,21,30,2017,5,15,5,2,5,3,0,1,0,1,0,0,0,7.62196E+20,5.61042E+21,1.27043E+16,5.05867E+16
160523,,14,5,11,0,2017,5,11,5,3,0,1,0,0,0,1,0,0,0,7.7629E+20,5.6415E+21,1.29262E+16,5.08591E+16
160524,,14,5,21,370,2017,5,10,5,2,5,3,0,1,0,0,1,0,0,7.65609E+20,5.61713E+21,1.27572E+16,5.06454E+16
160525,,14,7,30,310,2017,5,13,4,2,6,4,0,1,1,0,0,0,0,7.77351E+20,5.71984E+21,1.30018E+16,5.15613E+16
160526,,14,7,13,0,2017,5,13,4,2,6,4,1,0,1,0,0,0,0,7.37525E+20,5.69151E+21,1.24093E+16,5.13252E+16
160527,,14,7,13,0,2017,5,15,4,3,5,7,1,1,0,0,0,0,0,7.35842E+20,5.69498E+21,1.23875E+16,5.1357E+16
160528,,14,7,13,0,2017,5,15,4,3,5,3,1,1,0,0,0,0,0,7.38597E+20,5.69043E+21,1.2424E+16,5.1315E+16
160529,,14,7,13,0,2017,5,20,4,3,4,6,0,1,0,0,1,1,0,7.37852E+20,5.69714E+21,1.24178E+16,5.13756E+16
160530,,14,7,13,0,2017,5,14,4,3,3,5,0,1,0,0,1,0,0,7.35049E+20,5.69123E+21,1.23737E+16,5.13237E+16
160531,,14,6,12,0,2017,5,11,4,3,1,6,0,1,0,0,1,0,0,8.32565E+20,5.66468E+21,1.37444E+16,5.10372E+16
160532,,14,6,12,0,2017,5,21,4,3,5,3,1,1,0,0,0,2,0,8.3329E+20,5.66672E+21,1.37566E+16,5.10551E+16
160533,,14,6,12,0,2017,5,14,4,3,3,5,1,0,0,0,1,0,0,8.33519E+20,5.66421E+21,1.37575E+16,5.10324E+16
160534,,14,5,22,60,2017,5,16,4,2,4,6,0,1,0,1,0,0,0,7.68302E+20,5.64855E+21,1.28181E+16,5.09261E+16
160535,,14,5,21,460,2017,5,6,4,2,3,2,0,0,0,1,1,0,0,8.06634E+20,5.62071E+21,1.33388E+16,5.06574E+16
160536,,14,5,11,0,2017,5,15,4,2,6,4,0,1,1,0,0,0,0,7.77599E+20,5.63628E+21,1.29408E+16,5.08116E+16