OBJECTID,UIDENTSTLA,ULAND,UREGBEZ,UKREIS,UGEMEINDE,UJAHR,UMONAT,USTUNDE,UWOCHENTAG,UKATEGORIE,UART,UTYP1,IstRad,IstPKW,IstFuss,IstKrad,IstSonstig,LICHT,STRZUSTAND,LINREFX,LINREFY,XGCSWGS84,YGCSWGS84
160727,,14,5,11,0,2017,5,10,3,3,0,7,0,0,1,0,1,0,0,7.76293E+20,5.63881E+21,1.29242E+16,5.08349E+16
160728,,14,5,11,0,2017,5,13,3,2,5,3,0,1,0,1,0,0,0,7.75393E+20,5.64143E+21,1.29134E+16,5.08589E+16
160729,,14,5,11,0,2017,5,10,3,2,6,4,0,0,1,0,1,0,0,7.76316E+20,5.63881E+21,1.29245E+16,5.08349E+16
160730,,14,5,24,330,2017,5,13,2,3,6,7,0,0,1,0,1,0,0,7.47618E+20,5.6259E+21,1.25091E+16,5.0732E+16
160731,,14,5,24,250,2017,5,15,2,3,5,3,0,1,0,0,0,0,0,7.50455E+20,5.62062E+21,1.25456E+16,5.06834E+16
160732,,14,5,24,80,2017,5,13,2,2,0,3,0,1,0,1,0,0,0,7.49662E+20,5.6359E+21,1.25448E+16,5.08209E+16
160733,,14,5,24,300,2017,5,14,2,2,6,4,1,0,1,0,0,0,0,7.38239E+20,5.62639E+21,1.23768E+16,5.07403E+16
160734,,14,7,29,160,2017,5,19,2,3,4,2,0,1,0,0,0,0,0,7.59408E+20,5.68198E+21,1.27158E+16,5.12301E+16
160735,,14,7,13,0,2017,5,17,2,2,8,1,0,0,0,1,0,0,0,7.27935E+20,5.68257E+21,1.22662E+16,5.12488E+16
160736,,14,7,13,0,2017,5,13,2,3,5,2,1,1,0,0,0,0,0,7.3747E+20,5.69071E+21,1.2408E+16,5.1318E+16
160737,,14,7,13,0,2017,5,8,2,3,5,3,1,0,0,0,1,0,0,7.35144E+20,5.68922E+21,1.23737E+16,5.13056E+16
160738,,14,7,13,0,2017,5,10,2,3,5,3,1,1,0,0,0,0,0,7.34572E+20,5.69487E+21,1.23692E+16,5.13566E+16
160739,,14,7,13,0,2017,5,15,2,3,5,2,0,0,0,1,1,0,0,7.34463E+20,5.69939E+21,1.23707E+16,5.13972E+16
160740,,14,7,13,0,2017,5,15,2,3,5,3,0,1,0,1,0,0,0,7.34715E+20,5.69035E+21,1.23683E+16,5.13159E+16
160741,,14,7,13,0,2017,5,12,2,3,5,3,0,1,0,0,0,0,0,7.35664E+20,5.68908E+21,1.23811E+16,5.13042E+16
160742,,14,7,29,270,2017,5,16,2,3,2,2,0,1,0,0,1,0,0,7.27488E+20,5.68677E+21,1.22625E+16,5.12867E+16
160743,,14,6,26,470,2017,5,21,2,3,4,6,1,1,0,0,0,1,0,9.01299E+20,5.67463E+21,1.47312E+16,5.10824E+16
160744,,14,6,26,600,2017,5,10,2,3,5,3,1,1,0,0,0,0,0,8.91297E+20,5.72052E+21,1.46393E+16,5.15E+16
160745,,14,6,25,240,2017,5,13,2,3,6,5,0,1,1,0,0,0,0,8.65412E+20,5.71139E+21,1.42586E+16,5.14356E+16
160746,,14,6,12,0,2017,5,7,2,2,5,3,1,1,0,0,0,0,0,8.30641E+20,5.67005E+21,1.37219E+16,5.10864E+16
160747,,14,6,12,0,2017,5,9,2,3,5,3,1,1,0,0,0,0,0,8.32506E+20,5.66832E+21,1.37469E+16,5.10699E+16
160748,,14,6,12,0,2017,5,18,2,3,5,2,1,1,0,0,0,0,0,8.32711E+20,5.66898E+21,1.37504E+16,5.10756E+16
160749,,14,6,12,0,2017,5,17,2,3,6,4,1,0,1,0,0,0,0,8.32104E+20,5.6661E+21,1.37391E+16,5.10502E+16
160750,,14,5,21,260,2017,5,6,2,2,5,3,0,1,0,0,1,0,0,7.70316E+20,5.60778E+21,1.28168E+16,5.05593E+16
160751,,14,5,21,30,2017,5,19,2,3,0,3,1,1,0,0,0,0,0,7.61891E+20,5.61012E+21,1.26998E+16,5.05841E+16
160752,,14,7,29,270,2017,5,12,1,3,0,7,0,1,0,1,0,0,0,7.23145E+20,5.68849E+21,1.22014E+16,5.1304E+16
160753,,14,7,13,0,2017,5,20,1,2,6,4,0,0,1,0,1,0,0,7.41415E+20,5.68837E+21,1.24629E+16,5.12954E+16
160754,,14,6,26,390,2017,5,18,1,2,5,3,1,1,0,0,0,0,0,9.00913E+20,5.66182E+21,1.47115E+16,5.09681E+16
160755,,14,6,26,600,2017,5,19,1,3,0,7,0,1,0,1,0,0,0,8.92414E+20,5.721E+21,1.46558E+16,5.15035E+16
160756,,14,6,27,230,2017,5,20,1,3,5,3,0,1,0,0,0,1,0,7.98758E+20,5.69133E+21,1.32857E+16,5.12947E+16
160757,,14,6,12,0,2017,5,13,1,3,0,1,1,0,0,0,0,0,0,8.31367E+20,5.66398E+21,1.37267E+16,5.10316E+16
160758,,14,7,29,10,2017,5,23,7,2,6,6,1,0,1,0,0,2,0,7.55916E+20,5.67216E+21,1.26589E+16,5.11436E+16
160759,,14,7,29,50,2017,5,16,7,3,5,3,1,1,0,0,0,0,0,7.43072E+20,5.6694E+21,1.24738E+16,5.11244E+16
160760,,14,7,13,0,2017,5,21,7,3,1,7,0,1,0,0,0,2,0,7.34461E+20,5.69209E+21,1.23658E+16,5.13316E+16
160761,,14,7,29,260,2017,5,9,7,2,6,2,0,1,1,0,0,0,0,7.35069E+20,5.68727E+21,1.23714E+16,5.12882E+16
160762,,14,7,13,0,2017,5,15,7,3,5,2,1,1,0,0,0,0,0,7.38165E+20,5.68997E+21,1.24175E+16,5.13111E+16
160763,,14,6,26,490,2017,5,11,7,3,4,6,1,1,0,0,0,0,0,8.8261E+20,5.72426E+21,1.45188E+16,5.15394E+16
160764,,14,6,27,10,2017,5,23,7,3,5,3,0,1,0,0,0,2,0,8.2091E+20,5.67439E+21,1.35873E+16,5.11308E+16
160765,,14,6,27,310,2017,5,9,7,3,5,3,1,0,0,1,0,0,0,8.19417E+20,5.67763E+21,1.35689E+16,5.11607E+16
160766,,14,6,12,0,2017,5,17,7,3,6,7,1,0,1,0,0,0,0,8.32097E+20,5.66608E+21,1.3739E+16,5.105E+16
160767,,14,6,12,0,2017,5,16,7,3,5,3,1,1,0,0,0,0,0,8.35679E+20,5.66384E+21,1.37879E+16,5.10279E+16
160768,,14,5,21,380,2017,5,15,7,3,2,2,0,1,0,1,0,0,0,7.63829E+20,5.62671E+21,1.27389E+16,5.07322E+16
160769,,14,5,22,210,2017,5,11,7,2,6,4,0,1,1,0,0,0,0,8.01995E+20,5.66199E+21,1.33074E+16,5.10299E+16
160770,,14,5,11,0,2017,5,19,7,3,5,3,1,1,0,0,0,0,0,7.73369E+20,5.6385E+21,1.28826E+16,5.08335E+16
160771,,14,5,24,330,2017,5,9,6,3,4,1,0,1,0,1,0,0,0,7.44645E+20,5.62521E+21,1.24666E+16,5.07271E+16
160772,,14,5,24,330,2017,5,16,6,3,4,2,0,1,0,0,0,0,0,7.47048E+20,5.62312E+21,1.24992E+16,5.07073E+16
160773,,14,5,23,320,2017,5,10,6,2,0,2,0,1,0,0,1,0,0,7.25007E+20,5.59807E+21,1.21724E+16,5.04914E+16
160774,,14,7,13,0,2017,5,17,6,3,3,5,1,1,0,0,0,0,0,7.36089E+20,5.69251E+21,1.23894E+16,5.13348E+16
160775,,14,7,13,0,2017,5,11,6,3,3,6,1,1,0,0,0,0,0,7.35701E+20,5.69569E+21,1.2386E+16,5.13635E+16
160776,,14,7,13,0,2017,5,21,6,3,5,2,0,0,0,0,1,2,1,7.30024E+20,5.68992E+21,1.23008E+16,5.1314E+16
160777,,14,7,13,0,2017,5,15,6,3,4,2,1,1,0,0,0,0,0,7.32906E+20,5.69169E+21,1.23433E+16,5.13287E+16
160778,,14,7,29,260,2017,5,9,6,3,5,3,1,1,0,0,0,0,0,7.33941E+20,5.6853E+21,1.23539E+16,5.1271E+16
160779,,14,7,13,0,2017,5,15,6,3,4,6,1,0,0,0,0,0,0,7.38874E+20,5.69272E+21,1.24295E+16,5.13355E+16
160780,,14,7,13,0,2017,5,14,6,3,3,2,0,1,0,0,1,0,0,7.35046E+20,5.69129E+21,1.23737E+16,5.13242E+16
160781,,14,7,13,0,2017,5,13,6,3,5,3,0,1,0,0,0,0,0,7.35739E+20,5.69277E+21,1.23846E+16,5.13372E+16
160782,,14,6,25,330,2017,5,12,6,3,2,6,0,1,0,1,0,0,0,8.7622E+20,5.70476E+21,1.44063E+16,5.13692E+16
160783,,14,6,25,20,2017,5,13,6,3,6,7,1,0,1,0,0,0,0,8.79849E+20,5.68443E+21,1.44367E+16,5.11847E+16
160784,,14,6,25,20,2017,5,11,6,2,5,2,0,1,0,1,0,0,0,8.79707E+20,5.68389E+21,1.44341E+16,5.118E+16
160785,,14,6,25,20,2017,5,9,6,3,5,3,0,1,0,1,0,0,0,8.80578E+20,5.68537E+21,1.4448E+16,5.11927E+16
160786,,14,6,27,220,2017,5,12,6,3,4,6,0,1,0,1,0,0,0,8.3339E+20,5.68254E+21,1.37726E+16,5.11968E+16
160787,,14,6,27,210,2017,5,13,6,3,6,6,0,1,1,0,0,0,0,8.27821E+20,5.67125E+21,1.36829E+16,5.10988E+16
160788,,14,6,27,140,2017,5,15,6,2,2,6,1,0,0,0,0,0,0,8.12504E+20,5.67698E+21,1.34698E+16,5.11587E+16
160789,,14,6,27,140,2017,5,14,6,3,5,3,1,1,0,0,0,0,0,8.13628E+20,5.67788E+21,1.34866E+16,5.11662E+16
160790,,14,6,12,0,2017,5,15,6,3,2,3,1,1,0,0,0,0,0,8.31474E+20,5.66845E+21,1.37323E+16,5.10716E+16
160791,,14,6,12,0,2017,5,10,6,3,5,2,1,1,0,0,0,0,0,8.32726E+20,5.66482E+21,1.37468E+16,5.10383E+16
160792,,14,6,12,0,2017,5,8,6,3,5,3,1,0,0,0,1,0,0,8.36891E+20,5.66356E+21,1.38048E+16,5.10247E+16
160793,,14,6,12,0,2017,5,8,6,3,2,6,1,1,0,0,0,0,0,8.35486E+20,5.66587E+21,1.3787E+16,5.10462E+16
160794,,14,6,12,0,2017,5,6,6,3,3,6,1,0,0,0,0,0,0,8.31069E+20,5.66638E+21,1.37247E+16,5.10533E+16
160795,,14,5,21,450,2017,5,15,6,3,5,3,0,1,0,0,0,0,0,7.61825E+20,5.62585E+21,1.271E+16,5.07253E+16
160796,,14,5,21,550,2017,5,12,6,2,6,7,0,1,1,0,0,0,0,7.66946E+20,5.6051E+21,1.27674E+16,5.05368E+16
160797,,14,5,11,0,2017,5,14,6,3,5,3,0,1,0,0,0,0,0,7.74693E+20,5.63494E+21,1.28987E+16,5.0801E+16
160798,,14,5,24,330,2017,5,12,5,3,6,7,0,1,1,0,0,0,0,7.42273E+20,5.62456E+21,1.24326E+16,5.07222E+16
160799,,14,5,24,190,2017,5,10,5,3,2,2,0,1,0,0,1,0,0,7.43317E+20,5.63837E+21,1.24565E+16,5.08458E+16
160800,,14,5,23,450,2017,5,20,5,2,0,7,0,1,0,0,0,2,0,7.17346E+20,5.59258E+21,1.20613E+16,5.04449E+16
160801,,14,7,13,0,2017,5,15,5,2,3,2,1,1,0,0,0,0,0,7.34785E+20,5.69263E+21,1.23708E+16,5.13364E+16
160802,,14,7,13,0,2017,5,10,5,3,3,2,1,1,0,0,0,0,0,7.31214E+20,5.68847E+21,1.23169E+16,5.13005E+16
160803,,14,7,13,0,2017,5,7,5,3,6,4,0,1,1,0,0,0,0,7.37792E+20,5.69308E+21,1.24142E+16,5.13392E+16
160804,,14,7,29,260,2017,5,6,5,3,3,5,1,1,0,0,0,0,0,7.34568E+20,5.68648E+21,1.23637E+16,5.12813E+16
160805,,14,7,13,0,2017,5,18,5,3,4,2,1,1,0,0,0,0,0,7.38189E+20,5.69241E+21,1.24195E+16,5.1333E+16
160806,,14,7,13,0,2017,5,14,5,3,5,3,1,1,0,0,0,0,0,7.31639E+20,5.69653E+21,1.23283E+16,5.13727E+16
160807,,14,7,13,0,2017,5,16,5,3,5,3,1,1,0,0,0,0,0,7.35598E+20,5.6892E+21,1.23802E+16,5.13053E+16
160808,,14,7,13,0,2017,5,12,5,2,5,3,1,1,0,0,0,0,0,7.34289E+20,5.69841E+21,1.23675E+16,5.13885E+16
160809,,14,7,13,0,2017,5,17,5,3,5,3,1,0,0,1,0,0,0,7.33716E+20,5.69276E+21,1.23556E+16,5.1338E+16
160810,,14,6,26,600,2017,5,15,5,3,4,6,1,1,0,0,0,0,0,8.91571E+20,5.72063E+21,1.46434E+16,5.15008E+16
160811,,14,6,25,120,2017,5,17,5,3,4,2,0,1,0,1,0,0,0,8.56307E+20,5.71752E+21,1.41343E+16,5.14963E+16
160812,,14,6,28,210,2017,5,18,5,2,8,1,0,0,0,1,0,0,0,8.57565E+20,5.65335E+21,1.40884E+16,5.09207E+16
160813,,14,6,12,0,2017,5,14,5,3,5,3,0,1,0,0,0,0,0,8.2853E+20,5.66674E+21,1.36889E+16,5.1058E+16
160814,,14,6,12,0,2017,5,9,5,2,5,3,1,1,0,0,0,0,0,8.27288E+20,5.66934E+21,1.36736E+16,5.1082E+16
160815,,14,6,12,0,2017,5,21,5,3,0,1,1,1,0,0,0,1,0,8.37249E+20,5.66213E+21,1.38086E+16,5.10116E+16
160816,,14,6,12,0,2017,5,9,5,3,3,6,1,1,0,0,0,0,0,8.30112E+20,5.66407E+21,1.37089E+16,5.10331E+16
160817,,14,6,12,0,2017,5,8,5,3,5,3,1,1,0,0,0,0,0,8.31469E+20,5.66466E+21,1.37288E+16,5.10377E+16
160818,,14,6,12,0,2017,5,9,5,2,5,3,1,1,0,0,0,0,0,8.37329E+20,5.6669E+21,1.38142E+16,5.10543E+16
160819,,14,6,12,0,2017,5,9,5,3,2,6,0,1,0,0,1,0,0,8.34323E+20,5.66738E+21,1.37719E+16,5.10604E+16
160820,,14,6,12,0,2017,5,19,5,3,2,6,0,1,0,0,1,0,0,8.33957E+20,5.66726E+21,1.37665E+16,5.10595E+16
160821,,14,6,12,0,2017,5,11,5,3,2,6,0,1,0,1,0,0,0,8.34813E+20,5.66634E+21,1.37779E+16,5.10508E+16
160822,,14,6,12,0,2017,6,12,4,3,9,1,0,1,0,0,0,0,0,8.30682E+20,5.66357E+21,1.37166E+16,5.10283E+16
160823,,14,5,21,530,2017,6,8,4,3,2,6,0,1,0,0,0,0,0,7.57511E+20,5.61237E+21,1.26396E+16,5.06063E+16
160824,,14,6,12,0,2017,6,16,4,3,5,3,1,1,0,0,0,0,0,8.28174E+20,5.66962E+21,1.36864E+16,5.1084E+16
160825,,14,6,12,0,2017,6,15,4,3,5,3,1,1,0,0,0,0,0,8.30623E+20,5.66904E+21,1.37207E+16,5.10774E+16
160826,,14,6,12,0,2017,6,7,4,3,8,6,0,1,0,1,0,0,0,8.29583E+20,5.66548E+21,1.37027E+16,5.10461E+16
160827,,14,6,12,0,2017,6,17,4,3,5,3,1,1,0,0,0,0,0,8.3944E+20,5.66195E+21,1.38395E+16,5.10088E+16
160828,,14,6,12,0,2017,6,21,4,3,5,3,1,1,0,0,0,1,0,8.32865E+20,5.66802E+21,1.37517E+16,5.1067E+16
160829,,14,6,12,0,2017,6,15,4,3,0,1,1,0,0,0,0,0,0,8.33202E+20,5.66953E+21,1.37579E+16,5.10803E+16
160830,,14,5,21,510,2017,6,18,4,3,4,6,1,1,0,0,0,0,0,7.77799E+20,5.60581E+21,1.29208E+16,5.05381E+16
160831,,14,6,12,0,2017,6,20,4,3,1,5,0,1,0,0,1,0,0,8.3259E+20,5.66954E+21,1.37492E+16,5.10807E+16
160832,,14,5,11,0,2017,6,18,4,3,5,3,0,1,0,0,0,0,0,7.75996E+20,5.63719E+21,1.29188E+16,5.08206E+16
160833,,14,5,11,0,2017,6,18,4,3,1,5,1,1,0,0,0,0,0,7.7879E+20,5.63759E+21,1.29587E+16,5.08227E+16
160834,,14,6,12,0,2017,6,6,4,3,0,7,1,1,0,0,0,0,0,8.34628E+20,5.66556E+21,1.37745E+16,5.10439E+16
160835,,14,6,12,0,2017,6,17,4,3,6,4,0,0,1,1,0,0,0,8.36934E+20,5.6665E+21,1.38082E+16,5.1051E+16
160836,,14,6,12,0,2017,6,6,4,2,5,3,1,1,0,0,0,0,0,8.32312E+20,5.66265E+21,1.37389E+16,5.10191E+16
160837,,14,6,12,0,2017,6,12,4,3,5,3,0,1,0,0,0,0,0,8.34735E+20,5.66323E+21,1.37739E+16,5.10229E+16
160838,,14,6,12,0,2017,6,19,4,3,2,2,0,1,0,0,0,1,0,8.31639E+20,5.66885E+21,1.3735E+16,5.10751E+16
160839,,14,5,22,460,2017,6,20,4,2,8,1,0,0,0,1,0,0,0,7.62746E+20,5.64726E+21,1.27383E+16,5.09171E+16
160840,,14,5,11,0,2017,6,18,4,3,0,1,1,0,0,0,0,0,0,7.70273E+20,5.63624E+21,1.2837E+16,5.08147E+16
160841,,14,5,11,0,2017,6,11,4,3,0,7,0,0,0,0,1,0,0,7.77055E+20,5.63646E+21,1.29332E+16,5.08135E+16
160842,,14,5,22,150,2017,6,16,4,3,5,3,0,1,0,0,0,0,0,7.83833E+20,5.64781E+21,1.3038E+16,5.0912E+16
160843,,14,5,24,300,2017,6,12,3,3,2,6,0,1,0,1,0,0,0,7.37822E+20,5.62729E+21,1.23714E+16,5.07486E+16
160844,,14,5,23,300,2017,6,10,3,3,6,7,0,1,1,0,0,0,0,7.25312E+20,5.5896E+21,1.21716E+16,5.04152E+16
160845,,14,5,24,80,2017,6,12,3,3,2,7,1,0,0,0,1,0,0,7.49496E+20,5.63656E+21,1.25429E+16,5.08269E+16
160846,,14,5,23,120,2017,6,13,3,3,6,4,0,1,1,0,0,0,0,7.38695E+20,5.59684E+21,1.23642E+16,5.04749E+16
160847,,14,7,30,230,2017,6,12,3,3,5,3,0,1,0,1,0,0,0,7.8566E+20,5.69158E+21,1.30986E+16,5.13037E+16
160848,,14,7,13,0,2017,6,16,3,3,5,3,0,1,0,0,0,0,0,7.30422E+20,5.69095E+21,1.23072E+16,5.13231E+16
160849,,14,7,29,270,2017,6,8,3,3,2,2,0,1,0,0,1,0,0,7.27487E+20,5.68677E+21,1.22625E+16,5.12867E+16
160850,,14,7,29,60,2017,6,14,3,3,2,2,0,1,0,0,1,0,0,7.461E+20,5.69443E+21,1.25342E+16,5.13478E+16
160851,,14,7,13,0,2017,6,8,3,3,5,2,1,1,0,0,0,0,0,7.32741E+20,5.69208E+21,1.23412E+16,5.13323E+16
160852,,14,7,13,0,2017,6,18,3,3,1,5,1,1,0,0,0,0,0,7.35318E+20,5.69345E+21,1.2379E+16,5.13435E+16
160853,,14,7,13,0,2017,6,10,3,3,2,6,0,1,0,0,0,0,0,7.28174E+20,5.68935E+21,1.2274E+16,5.13096E+16
160854,,14,7,13,0,2017,6,6,3,2,6,4,0,1,1,0,0,0,0,7.31317E+20,5.69673E+21,1.23238E+16,5.13746E+16
160855,,14,7,13,0,2017,6,16,3,3,6,4,1,0,1,0,0,0,0,7.35273E+20,5.69336E+21,1.23783E+16,5.13427E+16
160856,,14,6,27,310,2017,6,15,3,3,5,7,1,1,0,0,0,0,0,8.19755E+20,5.67668E+21,1.35729E+16,5.1152E+16
160857,,14,6,28,110,2017,6,16,3,3,6,4,0,1,1,0,1,0,0,8.25153E+20,5.66171E+21,1.36363E+16,5.10148E+16
160858,,14,6,12,0,2017,6,7,3,3,2,3,1,1,0,0,0,0,0,8.29011E+20,5.66857E+21,1.36974E+16,5.10741E+16
160859,,14,6,12,0,2017,6,17,3,3,6,4,0,1,1,0,0,0,0,8.37404E+20,5.66317E+21,1.38117E+16,5.10208E+16
160860,,14,6,12,0,2017,6,14,3,2,6,4,0,1,1,0,0,0,0,8.29992E+20,5.66368E+21,1.37069E+16,5.10297E+16
160861,,14,6,12,0,2017,6,15,3,3,0,1,1,0,0,0,0,0,0,8.35295E+20,5.66884E+21,1.3787E+16,5.10729E+16
160862,,14,6,12,0,2017,6,13,3,3,4,6,1,1,0,0,0,0,0,8.35694E+20,5.66545E+21,1.37896E+16,5.10423E+16
160863,,14,5,22,420,2017,6,11,3,3,6,7,0,1,1,0,0,0,0,7.82842E+20,5.64463E+21,1.30215E+16,5.08839E+16
160864,,14,5,22,330,2017,6,4,3,3,9,1,0,1,0,0,0,1,0,7.79745E+20,5.64683E+21,1.29792E+16,5.09052E+16
160865,,14,5,11,0,2017,6,11,3,3,3,6,0,1,0,0,1,0,0,7.78037E+20,5.63535E+21,1.29463E+16,5.0803E+16
160866,,14,5,11,0,2017,6,5,3,3,0,7,0,0,0,1,0,0,0,7.77729E+20,5.63454E+21,1.29413E+16,5.0796E+16
160867,,14,5,11,0,2017,6,11,3,3,0,7,0,1,0,0,0,0,0,7.7345E+20,5.63661E+21,1.28823E+16,5.08166E+16
160868,,14,5,24,330,2017,6,14,2,3,5,3,0,1,0,0,1,0,0,7.46242E+20,5.62437E+21,1.24886E+16,5.07189E+16
160869,,14,5,23,90,2017,6,14,2,3,5,3,0,1,0,1,0,0,0,7.40472E+20,5.598E+21,1.239E+16,5.04845E+16
160870,,14,7,29,410,2017,6,16,2,3,5,3,1,1,0,0,0,0,0,7.60216E+20,5.69703E+21,1.27384E+16,5.13648E+16
160871,,14,7,13,0,2017,6,18,2,3,2,2,0,1,0,0,0,0,0,7.36973E+20,5.69302E+21,1.24024E+16,5.1339E+16
160872,,14,7,13,0,2017,6,6,2,3,6,4,0,1,1,0,0,0,0,7.36545E+20,5.69302E+21,1.23963E+16,5.13391E+16
160873,,14,7,13,0,2017,6,11,2,3,6,4,0,1,0,0,1,0,0,7.31297E+20,5.6924E+21,1.23207E+16,5.13358E+16
160874,,14,7,13,0,2017,6,16,2,3,5,3,1,1,0,0,0,0,0,7.37249E+20,5.69311E+21,1.24064E+16,5.13397E+16
160875,,14,7,13,0,2017,6,16,2,2,6,4,0,0,1,1,0,0,0,7.3634E+20,5.69573E+21,1.23952E+16,5.13636E+16
160876,,14,7,13,0,2017,6,15,2,3,2,6,0,1,0,1,0,0,0,7.35684E+20,5.69616E+21,1.2386E+16,5.13677E+16
160877,,14,6,25,240,2017,6,9,2,3,2,6,0,1,0,0,0,0,0,8.65314E+20,5.71175E+21,1.42575E+16,5.14388E+16
160878,,14,6,26,110,2017,6,14,2,3,5,3,0,1,0,0,1,0,0,9.16253E+20,5.68483E+21,1.49553E+16,5.1163E+16
160879,,14,6,27,60,2017,6,11,2,3,0,7,1,0,0,0,0,0,0,8.15763E+20,5.69206E+21,1.35295E+16,5.12921E+16
160880,,14,6,12,0,2017,6,15,2,3,5,3,1,1,0,0,0,0,0,8.28777E+20,5.66592E+21,1.36917E+16,5.10505E+16
160881,,14,6,12,0,2017,6,16,2,3,6,7,1,0,1,0,0,0,0,8.3657E+20,5.66209E+21,1.37989E+16,5.10117E+16
160882,,14,6,12,0,2017,6,14,2,3,6,4,0,1,1,0,0,0,0,8.38475E+20,5.66101E+21,1.3825E+16,5.10009E+16
160883,,14,6,12,0,2017,6,0,2,3,1,7,0,1,0,0,0,2,0,8.34835E+20,5.67346E+21,1.37848E+16,5.11145E+16
160884,,14,6,12,0,2017,6,16,2,3,2,6,0,1,0,0,0,0,0,8.35375E+20,5.6646E+21,1.37842E+16,5.10348E+16
160885,,14,6,12,0,2017,6,7,2,3,1,1,0,1,0,0,1,0,0,8.33982E+20,5.66805E+21,1.37676E+16,5.10666E+16
160886,,14,6,12,0,2017,6,18,2,3,5,3,1,1,0,0,0,0,0,8.34706E+20,5.66737E+21,1.37773E+16,5.10601E+16
160887,,14,5,22,380,2017,6,19,2,3,5,3,0,1,0,1,0,0,0,7.64269E+20,5.6451E+21,1.27584E+16,5.0897E+16
160888,,14,5,11,0,2017,6,17,2,3,1,5,1,1,0,0,0,0,0,7.76677E+20,5.64055E+21,1.2931E+16,5.08504E+16
160889,,14,5,23,320,2017,6,13,1,3,9,7,0,0,0,0,1,0,0,7.24795E+20,5.59925E+21,1.21701E+16,5.0502E+16
160890,,14,7,30,230,2017,6,20,1,3,1,6,0,1,0,0,0,0,0,7.8522E+20,5.69111E+21,1.30919E+16,5.12997E+16
160891,,14,7,13,0,2017,6,18,1,3,3,2,1,1,0,0,0,0,0,7.30304E+20,5.69355E+21,1.23072E+16,5.13465E+16
160892,,14,7,13,0,2017,6,17,1,2,5,3,1,1,0,0,0,0,0,7.27229E+20,5.69321E+21,1.22629E+16,5.13447E+16
160893,,14,7,29,260,2017,6,9,1,3,0,7,1,0,1,0,0,0,0,7.34188E+20,5.68705E+21,1.23586E+16,5.12865E+16
160894,,14,7,30,270,2017,6,14,1,3,5,3,1,1,0,0,0,0,0,7.21864E+20,5.69795E+21,1.2189E+16,5.13893E+16
160895,,14,7,29,60,2017,6,20,1,3,0,5,1,1,0,0,0,1,0,7.45123E+20,5.69594E+21,1.25212E+16,5.13617E+16
160896,,14,6,27,290,2017,6,15,1,3,1,1,0,1,0,0,0,0,0,8.30127E+20,5.69341E+21,1.37361E+16,5.12961E+16
160897,,14,6,28,110,2017,6,16,1,2,8,1,0,0,0,1,0,0,0,8.27269E+20,5.662E+21,1.36667E+16,5.10162E+16
160898,,14,6,12,0,2017,6,11,1,2,5,3,1,1,0,0,0,0,0,8.35654E+20,5.66497E+21,1.37886E+16,5.1038E+16
160899,,14,5,21,640,2017,6,18,1,3,5,3,1,0,0,0,0,0,0,7.7841E+20,5.62158E+21,1.29412E+16,5.06794E+16
160900,,14,5,24,160,2017,6,15,7,2,0,7,1,0,0,0,0,0,0,7.56074E+20,5.6284E+21,1.26304E+16,5.07508E+16
160901,,14,7,13,0,2017,6,9,7,3,5,3,0,1,0,0,0,0,0,7.33213E+20,5.69392E+21,1.23491E+16,5.13487E+16
160902,,14,7,13,0,2017,6,18,7,3,4,6,0,1,0,1,0,0,0,7.36267E+20,5.68858E+21,1.23894E+16,5.12994E+16
160903,,14,7,13,0,2017,6,10,7,2,6,4,0,0,1,0,1,0,0,7.29776E+20,5.69114E+21,1.22981E+16,5.13251E+16
160904,,14,7,13,0,2017,6,14,7,3,5,3,0,1,0,0,0,0,0,7.40662E+20,5.68941E+21,1.24529E+16,5.1305E+16
160905,,14,7,13,0,2017,6,15,7,3,6,4,0,1,1,0,0,0,0,7.37771E+20,5.69822E+21,1.24173E+16,5.13853E+16
160906,,14,7,13,0,2017,6,20,7,3,5,3,0,1,0,0,0,0,0,7.37997E+20,5.69511E+21,1.24185E+16,5.13573E+16
160907,,14,6,25,200,2017,6,15,7,3,3,7,0,1,0,0,0,0,0,8.51327E+20,5.67777E+21,1.40237E+16,5.11434E+16
160908,,14,6,26,110,2017,6,16,7,3,1,7,1,1,0,0,0,0,0,9.19045E+20,5.68433E+21,1.49944E+16,5.11565E+16
160909,,14,6,27,10,2017,6,14,7,3,0,7,1,0,0,0,0,0,0,8.20737E+20,5.67424E+21,1.35847E+16,5.11296E+16
160910,,14,6,12,0,2017,6,15,7,3,0,1,1,0,0,0,0,0,0,8.28511E+20,5.66654E+21,1.36884E+16,5.10562E+16
160911,,14,6,12,0,2017,6,14,7,2,0,1,1,0,0,0,0,0,0,8.28921E+20,5.66602E+21,1.36938E+16,5.10513E+16
160912,,14,6,12,0,2017,6,13,7,3,6,4,1,0,1,0,0,0,0,8.31876E+20,5.66658E+21,1.37363E+16,5.10546E+16
160913,,14,5,11,0,2017,6,22,7,2,9,1,0,0,0,1,0,2,0,7.77818E+20,5.63985E+21,1.29466E+16,5.08435E+16
160914,,14,5,22,150,2017,6,12,7,3,6,4,0,1,1,0,0,0,0,7.83718E+20,5.64775E+21,1.30363E+16,5.09115E+16
160915,,14,5,24,300,2017,6,22,6,3,9,1,0,1,0,0,0,2,1,7.37834E+20,5.6255E+21,1.23705E+16,5.07325E+16