OBJECTID,UIDENTSTLA,ULAND,UREGBEZ,UKREIS,UGEMEINDE,UJAHR,UMONAT,USTUNDE,UWOCHENTAG,UKATEGORIE,UART,UTYP1,IstRad,IstPKW,IstFuss,IstKrad,IstSonstig,LICHT,STRZUSTAND,LINREFX,LINREFY,XGCSWGS84,YGCSWGS84
160916,,14,5,24,30,2017,6,20,6,3,5,3,0,1,0,1,0,0,1,7.387E+20,5.63442E+21,1.23885E+16,5.08123E+16
160917,,14,5,23,40,2017,6,9,6,3,5,3,0,1,0,0,0,0,0,7.30284E+20,5.57468E+21,1.22323E+16,5.02793E+16
160918,,14,5,24,270,2017,6,12,6,3,0,1,0,0,0,0,1,0,0,7.44844E+20,5.64205E+21,1.24806E+16,5.08782E+16
160919,,14,5,24,80,2017,6,21,6,3,0,6,1,0,0,0,0,1,0,7.49189E+20,5.63635E+21,1.25384E+16,5.08251E+16
160920,,14,5,23,340,2017,6,16,6,3,5,3,0,1,0,0,1,0,0,7.33608E+20,5.61335E+21,1.2303E+16,5.06252E+16
160921,,14,5,23,170,2017,6,15,6,2,4,6,0,0,0,1,0,0,0,7.38959E+20,5.60711E+21,1.23745E+16,5.0567E+16
160922,,14,5,24,330,2017,6,5,6,2,3,6,0,1,0,1,0,0,0,7.45439E+20,5.63342E+21,1.24833E+16,5.08004E+16
160923,,14,7,29,270,2017,6,9,6,3,0,3,0,0,0,0,1,0,0,7.22067E+20,5.68878E+21,1.21861E+16,5.13069E+16
160924,,14,7,13,0,2017,6,8,6,3,5,3,0,1,0,1,0,0,0,7.38705E+20,5.69106E+21,1.24259E+16,5.13207E+16
160925,,14,7,30,110,2017,6,9,6,3,4,2,0,1,0,1,0,0,0,7.52537E+20,5.70705E+21,1.26354E+16,5.14582E+16
160926,,14,7,13,0,2017,6,7,6,3,5,2,0,1,0,0,0,0,0,7.40995E+20,5.69623E+21,1.24622E+16,5.13662E+16
160927,,14,6,26,400,2017,6,10,6,2,3,2,1,0,0,0,1,0,0,9.04907E+20,5.65109E+21,1.47562E+16,5.08693E+16
160928,,14,6,25,250,2017,6,16,6,3,4,6,0,1,0,1,0,0,0,8.55434E+20,5.692E+21,1.40963E+16,5.12683E+16
160929,,14,6,25,240,2017,6,13,6,3,2,2,0,1,0,1,0,0,0,8.63686E+20,5.71157E+21,1.4234E+16,5.14383E+16
160930,,14,6,26,110,2017,6,7,6,2,0,7,1,0,0,0,1,0,0,9.18276E+20,5.68355E+21,1.49826E+16,5.11501E+16
160931,,14,6,12,0,2017,6,19,6,3,2,2,0,1,0,0,0,0,0,8.36691E+20,5.6606E+21,1.37992E+16,5.09982E+16
160932,,14,6,12,0,2017,6,14,6,3,6,4,0,1,1,0,0,0,0,8.3352E+20,5.6682E+21,1.37612E+16,5.10682E+16
160933,,14,6,12,0,2017,6,7,6,3,5,3,1,1,0,0,0,0,0,8.34764E+20,5.66602E+21,1.37769E+16,5.1048E+16
160934,,14,6,12,0,2017,6,15,6,3,6,4,1,0,1,0,0,0,0,8.36853E+20,5.66521E+21,1.38058E+16,5.10395E+16
160935,,14,6,12,0,2017,6,7,6,3,2,6,0,1,0,0,0,0,0,8.37008E+20,5.66471E+21,1.38075E+16,5.10349E+16
160936,,14,6,12,0,2017,6,7,6,3,5,3,0,1,0,1,0,0,0,8.37011E+20,5.66585E+21,1.38086E+16,5.10451E+16
160937,,14,6,12,0,2017,6,18,6,3,0,1,1,0,0,0,0,0,0,8.32887E+20,5.66586E+21,1.375E+16,5.10476E+16
160938,,14,6,12,0,2017,6,13,6,3,2,2,0,1,0,1,0,0,0,8.31628E+20,5.66615E+21,1.37324E+16,5.10509E+16
160939,,14,5,22,240,2017,6,14,6,3,1,5,1,1,0,0,0,0,0,8.10668E+20,5.65507E+21,1.34248E+16,5.09633E+16
160940,,14,5,21,530,2017,6,20,6,3,5,3,0,0,0,1,1,0,1,7.57509E+20,5.61237E+21,1.26396E+16,5.06063E+16
160941,,14,5,21,260,2017,6,12,6,3,1,5,1,1,0,0,0,0,0,7.68153E+20,5.60805E+21,1.27866E+16,5.05628E+16
160942,,14,5,11,0,2017,6,7,6,3,2,2,0,1,0,0,0,0,0,7.66764E+20,5.63564E+21,1.27869E+16,5.0811E+16
160943,,14,5,11,0,2017,6,12,6,3,8,1,1,0,0,0,0,0,0,7.70769E+20,5.63673E+21,1.28444E+16,5.08189E+16
160944,,14,7,29,80,2017,6,9,5,2,6,2,0,1,1,0,0,0,0,7.66306E+20,5.67097E+21,1.28063E+16,5.11282E+16
160945,,14,7,13,0,2017,6,6,5,3,3,7,1,1,0,0,0,0,0,7.34633E+20,5.69088E+21,1.23675E+16,5.13207E+16
160946,,14,7,30,300,2017,6,17,5,3,5,3,0,1,0,0,0,0,0,7.41701E+20,5.70102E+21,1.24756E+16,5.14088E+16
160947,,14,7,29,430,2017,6,19,5,3,0,1,0,1,0,0,1,0,0,7.32488E+20,5.67979E+21,1.23296E+16,5.12221E+16
160948,,14,7,13,0,2017,6,16,5,2,4,2,1,1,0,0,0,0,0,7.37279E+20,5.69375E+21,1.24073E+16,5.13455E+16
160949,,14,6,25,270,2017,6,15,5,3,4,6,0,1,0,0,0,0,0,8.4214E+20,5.69069E+21,1.39051E+16,5.12647E+16
160950,,14,6,25,240,2017,6,8,5,3,3,6,1,0,0,0,1,0,0,8.6242E+20,5.71209E+21,1.42164E+16,5.14437E+16
160951,,14,6,25,240,2017,6,15,5,3,5,3,1,1,0,0,0,0,0,8.6465E+20,5.71179E+21,1.42481E+16,5.14396E+16
160952,,14,6,26,110,2017,6,15,5,3,5,3,1,1,0,0,0,0,0,9.18031E+20,5.68576E+21,1.49817E+16,5.117E+16
160953,,14,6,25,380,2017,6,17,5,3,5,3,0,1,0,1,0,0,0,8.7252E+20,5.67344E+21,1.43209E+16,5.10912E+16
160954,,14,6,12,0,2017,6,17,5,3,5,2,1,1,0,0,0,0,0,8.30708E+20,5.66589E+21,1.37191E+16,5.10491E+16
160955,,14,6,12,0,2017,6,10,5,3,5,7,1,1,0,0,0,0,0,8.38136E+20,5.66227E+21,1.38213E+16,5.10123E+16
160956,,14,6,12,0,2017,6,6,5,3,3,2,1,1,0,0,0,0,0,8.33666E+20,5.6664E+21,1.37616E+16,5.1052E+16
160957,,14,6,12,0,2017,6,7,5,3,0,1,1,0,0,0,0,0,0,8.3302E+20,5.66535E+21,1.37515E+16,5.1043E+16
160958,,14,6,12,0,2017,6,16,5,3,6,4,1,0,1,0,0,0,0,8.37092E+20,5.66653E+21,1.38104E+16,5.10511E+16
160959,,14,6,12,0,2017,6,15,5,3,5,2,1,1,0,0,0,0,0,8.36809E+20,5.66523E+21,1.38052E+16,5.10397E+16
160960,,14,6,12,0,2017,6,12,5,3,5,3,0,1,0,1,0,0,0,8.3515E+20,5.66601E+21,1.37823E+16,5.10476E+16
160961,,14,6,12,0,2017,6,10,5,2,5,3,0,1,0,1,0,0,0,8.30549E+20,5.66919E+21,1.37198E+16,5.10788E+16
160962,,14,6,12,0,2017,6,10,5,3,2,6,0,1,0,0,0,0,0,8.29783E+20,5.66946E+21,1.37092E+16,5.10816E+16
160963,,14,6,12,0,2017,6,15,5,2,5,3,1,1,0,0,0,0,0,8.27162E+20,5.66703E+21,1.36697E+16,5.10614E+16
160964,,14,6,12,0,2017,6,7,5,3,5,3,1,1,0,0,0,0,0,8.3143E+20,5.66483E+21,1.37284E+16,5.10392E+16
160965,,14,5,22,80,2017,6,15,5,3,5,3,0,1,0,0,0,0,0,7.88199E+20,5.67125E+21,1.31186E+16,5.11201E+16
160966,,14,5,22,570,2017,6,7,5,3,1,6,0,0,0,1,1,0,0,7.81396E+20,5.66567E+21,1.30173E+16,5.10734E+16
160967,,14,5,11,0,2017,6,14,5,2,0,7,0,0,0,0,1,0,0,7.76149E+20,5.6385E+21,1.29219E+16,5.08322E+16
160968,,14,5,11,0,2017,6,12,5,3,2,6,0,1,0,1,0,0,0,7.76319E+20,5.63892E+21,1.29247E+16,5.08359E+16
160969,,14,5,11,0,2017,6,9,5,2,6,4,0,1,1,0,0,0,0,7.76495E+20,5.63776E+21,1.29263E+16,5.08254E+16
160970,,14,5,23,320,2017,6,17,4,3,1,6,0,1,0,0,0,0,0,7.23101E+20,5.59975E+21,1.21465E+16,5.05071E+16
160971,,14,7,13,0,2017,6,12,4,3,2,2,0,1,0,0,0,0,0,7.36086E+20,5.69263E+21,1.23895E+16,5.13359E+16
160972,,14,7,13,0,2017,6,17,4,3,5,3,1,1,0,0,0,0,0,7.34701E+20,5.69338E+21,1.23701E+16,5.13432E+16
160973,,14,7,29,260,2017,6,18,4,3,5,3,1,1,0,0,0,0,0,7.3506E+20,5.68649E+21,1.23707E+16,5.12812E+16
160974,,14,7,13,0,2017,6,17,4,3,5,3,0,1,0,0,0,0,0,7.30305E+20,5.69355E+21,1.23072E+16,5.13465E+16
160975,,14,7,13,0,2017,6,19,4,3,5,3,0,1,0,1,0,0,0,7.33656E+20,5.69571E+21,1.23567E+16,5.13645E+16
160976,,14,7,30,300,2017,6,14,4,3,0,7,1,0,0,0,0,0,0,7.43097E+20,5.69633E+21,1.24924E+16,5.13661E+16
160977,,14,7,30,70,2017,6,13,4,3,5,3,1,1,0,0,0,0,0,7.29903E+20,5.71214E+21,1.23135E+16,5.15135E+16
160978,,14,7,13,0,2017,6,11,4,3,5,3,1,1,0,0,0,0,0,7.34177E+20,5.69218E+21,1.23618E+16,5.13326E+16
160979,,14,7,13,0,2017,6,17,4,3,5,3,0,1,0,1,0,0,0,7.36192E+20,5.69188E+21,1.23905E+16,5.13291E+16
160980,,14,7,13,0,2017,6,18,4,3,5,3,1,1,0,0,0,0,0,7.339E+20,5.69503E+21,1.23597E+16,5.13583E+16
160981,,14,6,25,240,2017,6,11,4,3,5,3,0,1,0,0,0,0,0,8.66123E+20,5.71225E+21,1.42696E+16,5.14428E+16
160982,,14,6,25,20,2017,6,17,4,3,4,2,1,1,0,0,0,0,0,8.79045E+20,5.68291E+21,1.44236E+16,5.11716E+16
160983,,14,6,12,0,2017,6,13,4,3,6,7,0,0,1,0,1,0,0,8.32597E+20,5.6682E+21,1.37481E+16,5.10688E+16
160984,,14,6,12,0,2017,6,18,4,3,1,7,1,1,0,0,0,0,0,8.34487E+20,5.66598E+21,1.37729E+16,5.10477E+16
160985,,14,6,12,0,2017,6,8,4,3,6,4,0,0,1,0,1,0,0,8.30316E+20,5.66604E+21,1.37136E+16,5.10507E+16
160986,,14,6,12,0,2017,6,8,4,3,5,3,1,0,0,1,0,0,0,8.36917E+20,5.66499E+21,1.38065E+16,5.10375E+16
160987,,14,5,22,180,2017,6,19,4,3,0,1,1,0,0,0,0,0,0,8.04515E+20,5.64685E+21,1.33306E+16,5.08929E+16
160988,,14,5,22,310,2017,6,16,4,3,5,3,0,1,0,0,0,0,0,7.76531E+20,5.67907E+21,1.29583E+16,5.1196E+16
160989,,14,5,11,0,2017,6,19,4,3,3,6,1,1,0,0,0,0,0,7.74925E+20,5.63507E+21,1.2902E+16,5.0802E+16
160990,,14,5,11,0,2017,6,16,4,3,5,7,1,1,0,0,0,0,0,7.69715E+20,5.63592E+21,1.28289E+16,5.08121E+16
160991,,14,5,11,0,2017,6,10,4,3,2,6,0,0,0,1,1,0,0,7.74666E+20,5.63512E+21,1.28984E+16,5.08026E+16
160992,,14,5,24,330,2017,6,12,3,3,1,5,0,1,0,0,0,0,0,7.45649E+20,5.62417E+21,1.24801E+16,5.07173E+16
160993,,14,5,24,330,2017,6,16,3,2,6,2,0,1,1,0,0,0,0,7.46577E+20,5.62515E+21,1.24939E+16,5.07258E+16
160994,,14,5,24,120,2017,6,6,3,2,3,6,1,1,0,0,0,0,0,7.60584E+20,5.63395E+21,1.26982E+16,5.07986E+16
160995,,14,5,23,340,2017,6,16,3,3,2,2,1,1,0,0,0,0,0,7.33066E+20,5.61347E+21,1.22954E+16,5.06264E+16
160996,,14,7,30,310,2017,6,15,3,3,3,6,1,1,0,0,0,0,0,7.77447E+20,5.71946E+21,1.30029E+16,5.15578E+16
160997,,14,7,13,0,2017,6,16,3,3,6,4,0,1,1,0,0,0,1,7.33648E+20,5.69396E+21,1.23554E+16,5.13488E+16
160998,,14,7,13,0,2017,6,16,3,3,2,6,0,1,0,0,0,0,1,7.35073E+20,5.68989E+21,1.23731E+16,5.13117E+16
160999,,14,7,13,0,2017,6,8,3,3,5,3,0,1,0,0,1,0,0,7.29756E+20,5.68986E+21,1.2297E+16,5.13135E+16
161000,,14,7,13,0,2017,6,17,3,3,0,7,1,0,0,0,0,0,0,7.3176E+20,5.68991E+21,1.23257E+16,5.13132E+16
161001,,14,7,13,0,2017,6,9,3,3,1,1,0,1,0,0,1,0,0,7.4326E+20,5.69452E+21,1.24936E+16,5.13498E+16
161002,,14,7,13,0,2017,6,7,3,3,3,2,1,0,0,0,1,0,0,7.35409E+20,5.69555E+21,1.23817E+16,5.13624E+16
161003,,14,7,13,0,2017,6,23,3,3,0,1,0,0,0,1,0,2,0,7.3563E+20,5.69593E+21,1.23851E+16,5.13657E+16
161004,,14,7,13,0,2017,6,13,3,3,3,2,1,1,0,0,0,0,0,7.35086E+20,5.68989E+21,1.23733E+16,5.13117E+16
161005,,14,7,13,0,2017,6,16,3,2,3,2,0,1,0,0,1,0,0,7.3485E+20,5.6942E+21,1.23728E+16,5.13505E+16
161006,,14,7,29,160,2017,6,7,3,3,5,3,1,0,0,1,0,0,0,7.59818E+20,5.68237E+21,1.2722E+16,5.12334E+16
161007,,14,7,13,0,2017,6,9,3,3,0,1,1,0,0,0,0,0,0,7.27247E+20,5.69321E+21,1.22632E+16,5.13446E+16
161008,,14,7,13,0,2017,6,12,3,3,2,6,0,1,0,0,0,0,0,7.36633E+20,5.68709E+21,1.23936E+16,5.12859E+16
161009,,14,6,25,430,2017,6,15,3,3,0,3,1,0,0,0,1,0,0,8.37474E+20,5.68158E+21,1.38299E+16,5.11857E+16
161010,,14,6,26,480,2017,6,9,3,3,8,7,0,1,0,0,0,0,0,9.15782E+20,5.7037E+21,1.49705E+16,5.13321E+16
161011,,14,6,25,20,2017,6,10,3,2,3,2,1,0,0,0,1,0,0,8.79865E+20,5.68445E+21,1.44369E+16,5.11849E+16
161012,,14,6,25,525,2017,6,16,3,3,6,7,0,1,1,0,0,0,0,8.7999E+20,5.67366E+21,1.44273E+16,5.10882E+16
161013,,14,6,27,230,2017,6,17,3,3,6,2,0,1,1,0,0,0,0,7.99803E+20,5.6926E+21,1.33017E+16,5.13056E+16
161014,,14,6,28,160,2017,6,17,3,3,6,2,0,1,1,0,0,0,0,8.41902E+20,5.65864E+21,1.38714E+16,5.09776E+16
161015,,14,6,27,250,2017,6,15,3,3,4,6,0,1,0,1,0,0,0,8.28344E+20,5.6943E+21,1.37114E+16,5.13051E+16
161016,,14,6,12,0,2017,6,16,3,3,0,1,1,0,0,0,0,0,0,8.38387E+20,5.67564E+21,1.38374E+16,5.1132E+16
161017,,14,6,12,0,2017,6,12,3,3,2,2,0,1,0,0,0,0,0,8.35898E+20,5.66373E+21,1.37909E+16,5.10268E+16
161018,,14,6,12,0,2017,6,12,3,3,5,3,1,1,0,0,0,0,0,8.36736E+20,5.66527E+21,1.38042E+16,5.10401E+16
161019,,14,6,12,0,2017,6,10,3,3,6,7,0,1,1,0,0,0,0,8.31442E+20,5.66656E+21,1.37301E+16,5.10547E+16
161020,,14,6,12,0,2017,6,16,3,3,1,5,1,1,0,0,0,0,0,8.34972E+20,5.66506E+21,1.37789E+16,5.10392E+16
161021,,14,6,12,0,2017,6,13,3,3,5,3,1,1,0,0,0,0,0,8.34693E+20,5.66737E+21,1.37771E+16,5.10601E+16
161022,,14,6,12,0,2017,6,10,3,3,2,2,1,1,0,0,0,0,0,8.31427E+20,5.66659E+21,1.37299E+16,5.10549E+16
161023,,14,5,22,550,2017,6,14,3,3,6,4,0,0,1,0,1,0,0,7.69604E+20,5.64713E+21,1.28356E+16,5.09128E+16
161024,,14,5,11,0,2017,6,9,3,3,2,6,0,1,0,0,0,0,0,7.75417E+20,5.63449E+21,1.29086E+16,5.07965E+16
161025,,14,5,11,0,2017,6,14,3,3,0,7,0,0,0,0,1,0,0,7.78392E+20,5.63676E+21,1.29524E+16,5.08156E+16
161026,,14,5,11,0,2017,6,19,3,3,6,4,0,1,1,0,0,0,1,7.74824E+20,5.63864E+21,1.29033E+16,5.08341E+16
161027,,14,7,13,0,2017,6,14,2,3,2,2,1,1,0,0,0,0,0,7.27394E+20,5.69771E+21,1.22681E+16,5.1385E+16
161028,,14,6,27,40,2017,6,17,2,2,0,1,1,0,0,0,0,0,0,8.04792E+20,5.69464E+21,1.33748E+16,5.13212E+16
161029,,14,6,28,160,2017,6,22,2,3,9,1,0,1,0,0,0,2,0,8.43468E+20,5.65707E+21,1.38921E+16,5.09626E+16
161030,,14,6,28,160,2017,6,18,2,3,1,7,1,1,0,0,0,0,0,8.42063E+20,5.65742E+21,1.38725E+16,5.09666E+16
161031,,14,6,12,0,2017,6,8,2,3,0,7,1,0,1,0,0,0,0,8.29486E+20,5.6654E+21,1.37013E+16,5.10454E+16
161032,,14,5,23,310,2017,6,11,1,3,8,1,0,1,0,0,0,0,1,7.13353E+20,5.60667E+21,1.20132E+16,5.05729E+16
161033,,14,5,23,300,2017,6,2,1,2,6,7,0,1,1,0,0,2,1,7.25347E+20,5.58958E+21,1.2172E+16,5.0415E+16
161034,,14,7,13,0,2017,6,14,1,3,0,1,0,0,0,1,0,0,1,7.31108E+20,5.69347E+21,1.23187E+16,5.13454E+16
161035,,14,6,25,480,2017,6,21,1,2,8,1,0,1,0,0,0,2,1,8.4499E+20,5.6752E+21,1.3931E+16,5.11242E+16
161036,,14,6,12,0,2017,6,14,1,3,4,1,0,1,0,0,0,0,1,8.31821E+20,5.67073E+21,1.37394E+16,5.10919E+16
161037,,14,5,11,0,2017,6,8,1,2,0,7,1,0,0,0,0,0,1,7.75781E+20,5.63963E+21,1.29176E+16,5.08425E+16
161038,,14,5,11,0,2017,6,23,1,1,5,3,0,1,0,0,0,2,0,7.74678E+20,5.63473E+21,1.28983E+16,5.07991E+16
161039,,14,5,24,320,2017,6,21,7,3,0,7,1,0,0,0,0,2,0,7.48387E+20,5.61947E+21,1.25157E+16,5.06739E+16
161040,,14,5,24,80,2017,6,10,7,3,5,3,0,1,0,0,0,0,0,7.50079E+20,5.6358E+21,1.25507E+16,5.08199E+16
161041,,14,5,23,20,2017,6,17,7,3,5,3,0,1,0,0,0,0,1,7.409E+20,5.60011E+21,1.23973E+16,5.05033E+16
161042,,14,5,23,170,2017,6,16,7,1,0,7,0,0,0,1,0,0,0,7.3966E+20,5.60602E+21,1.23837E+16,5.05569E+16
161043,,14,5,24,200,2017,6,11,7,3,5,3,1,1,0,0,0,0,0,7.52892E+20,5.62594E+21,1.25837E+16,5.07302E+16
161044,,14,7,13,0,2017,6,18,7,3,1,5,0,1,0,0,0,0,1,7.34391E+20,5.69155E+21,1.23645E+16,5.13268E+16
161045,,14,7,13,0,2017,6,10,7,3,1,7,0,1,0,0,1,0,0,7.3728E+20,5.69376E+21,1.24073E+16,5.13455E+16
161046,,14,7,13,0,2017,6,13,7,3,0,1,1,0,0,0,0,0,0,7.30946E+20,5.69374E+21,1.23165E+16,5.13479E+16
161047,,14,6,26,600,2017,6,9,7,3,6,6,1,0,1,0,0,0,0,8.91371E+20,5.72094E+21,1.46408E+16,5.15037E+16
161048,,14,6,12,0,2017,6,18,7,3,1,6,0,1,0,0,0,0,1,8.34683E+20,5.66432E+21,1.37742E+16,5.10328E+16
161049,,14,6,12,0,2017,6,12,7,2,4,2,0,1,0,1,0,0,0,8.40071E+20,5.6619E+21,1.38484E+16,5.10079E+16
161050,,14,5,21,710,2017,6,19,7,3,5,3,1,1,0,0,0,1,1,7.69085E+20,5.61633E+21,1.28057E+16,5.06366E+16
161051,,14,5,24,330,2017,6,18,6,3,5,3,1,1,0,0,0,0,0,7.46585E+20,5.62328E+21,1.24928E+16,5.07089E+16
161052,,14,5,24,330,2017,6,9,6,3,8,7,0,1,0,0,0,0,0,7.48186E+20,5.62598E+21,1.25172E+16,5.07325E+16
161053,,14,7,13,0,2017,6,11,6,3,2,6,1,1,0,0,0,0,0,7.37374E+20,5.69266E+21,1.24079E+16,5.13356E+16
161054,,14,7,13,0,2017,6,17,6,3,3,7,1,1,0,0,0,0,0,7.34814E+20,5.69233E+21,1.2371E+16,5.13337E+16
161055,,14,7,13,0,2017,6,7,6,3,5,3,1,1,0,0,0,0,0,7.34524E+20,5.69187E+21,1.23666E+16,5.13297E+16
161056,,14,7,13,0,2017,6,13,6,3,4,6,1,1,0,0,0,0,1,7.35535E+20,5.69226E+21,1.23813E+16,5.13328E+16
161057,,14,6,26,290,2017,6,3,6,3,8,7,0,1,0,0,0,2,0,8.97782E+20,5.67665E+21,1.46834E+16,5.11029E+16
161058,,14,6,26,600,2017,6,8,6,3,5,2,1,1,0,0,0,0,0,8.91729E+20,5.72117E+21,1.46462E+16,5.15055E+16
161059,,14,6,25,480,2017,6,5,6,3,4,2,1,1,0,0,0,0,0,8.43255E+20,5.6734E+21,1.39046E+16,5.11091E+16
161060,,14,6,25,200,2017,6,17,6,3,5,3,1,1,0,0,0,0,0,8.51107E+20,5.6779E+21,1.40207E+16,5.11447E+16
161061,,14,6,25,240,2017,6,18,6,3,2,6,0,0,0,1,0,0,0,8.60066E+20,5.71073E+21,1.41813E+16,5.14331E+16
161062,,14,6,26,110,2017,6,15,6,2,0,7,1,0,0,0,0,0,0,9.16369E+20,5.68402E+21,1.4956E+16,5.11557E+16
161063,,14,6,27,270,2017,6,15,6,3,5,3,0,1,0,1,0,0,0,7.94061E+20,5.69881E+21,1.32247E+16,5.13643E+16
161064,,14,6,28,160,2017,6,13,6,3,1,7,1,1,0,0,0,0,0,8.41669E+20,5.65878E+21,1.38682E+16,5.0979E+16
161065,,14,6,28,160,2017,6,14,6,3,5,3,0,1,0,0,1,0,0,8.42722E+20,5.65717E+21,1.38816E+16,5.0964E+16
161066,,14,6,27,140,2017,6,11,6,3,1,5,0,1,0,0,1,0,0,8.13587E+20,5.67736E+21,1.34856E+16,5.11615E+16
161067,,14,6,27,210,2017,6,12,6,3,5,2,0,1,0,1,0,0,0,8.23889E+20,5.67199E+21,1.36276E+16,5.11077E+16
161068,,14,6,12,0,2017,6,14,6,2,0,1,1,0,0,0,0,0,0,8.31112E+20,5.66637E+21,1.37253E+16,5.10532E+16
161069,,14,6,12,0,2017,6,16,6,3,3,7,0,1,0,0,0,0,0,8.30165E+20,5.6662E+21,1.37116E+16,5.10522E+16
161070,,14,6,12,0,2017,6,12,6,3,3,6,1,0,0,0,1,0,0,8.33634E+20,5.66675E+21,1.37615E+16,5.10551E+16
161071,,14,6,12,0,2017,6,7,6,2,0,6,1,0,0,0,1,0,0,8.33191E+20,5.6652E+21,1.37537E+16,5.10415E+16
161072,,14,6,12,0,2017,6,20,6,2,2,6,1,1,0,0,0,0,0,8.32193E+20,5.66464E+21,1.3739E+16,5.10371E+16
161073,,14,6,12,0,2017,6,7,6,3,5,3,1,1,0,0,0,0,0,8.342E+20,5.66617E+21,1.3769E+16,5.10496E+16
161074,,14,5,22,180,2017,6,20,6,2,0,7,1,0,0,0,0,0,0,8.04782E+20,5.64983E+21,1.33368E+16,5.09194E+16
161075,,14,5,11,0,2017,6,12,6,3,3,6,0,1,0,0,0,0,0,7.75855E+20,5.63897E+21,1.29181E+16,5.08366E+16
161076,,14,5,23,320,2017,6,15,5,3,1,1,0,1,0,1,0,0,0,7.23961E+20,5.59509E+21,1.21559E+16,5.0465E+16
161077,,14,7,30,110,2017,6,15,5,3,8,7,0,1,0,0,0,0,0,7.51158E+20,5.70748E+21,1.26159E+16,5.14626E+16
161078,,14,7,30,110,2017,6,19,5,2,6,7,0,1,1,0,0,0,0,7.5272E+20,5.70734E+21,1.26382E+16,5.14607E+16
161079,,14,7,29,320,2017,6,12,5,3,5,3,1,1,0,0,0,0,0,7.40018E+20,5.66794E+21,1.24293E+16,5.11126E+16
161080,,14,7,13,0,2017,6,14,5,3,2,6,0,1,0,0,0,0,0,7.35307E+20,5.69523E+21,1.238E+16,5.13595E+16
161081,,14,7,13,0,2017,6,15,5,3,5,3,0,1,0,0,0,0,0,7.31962E+20,5.69084E+21,1.23292E+16,5.13215E+16
161082,,14,7,13,0,2017,6,17,5,3,4,2,1,1,0,0,0,0,0,7.31775E+20,5.69102E+21,1.23266E+16,5.13232E+16
161083,,14,7,13,0,2017,6,10,5,3,5,3,0,1,0,0,0,0,0,7.31563E+20,5.69298E+21,1.23249E+16,5.13409E+16
161084,,14,6,26,610,2017,6,9,5,3,4,2,0,1,0,0,0,0,0,9.07756E+20,5.6551E+21,1.4801E+16,5.09031E+16
161085,,14,6,26,600,2017,6,16,5,2,0,1,1,0,0,0,0,0,0,8.90384E+20,5.72033E+21,1.4626E+16,5.1499E+16
161086,,14,6,25,240,2017,6,15,5,2,6,7,0,1,1,0,0,0,0,8.63517E+20,5.71135E+21,1.42314E+16,5.14364E+16
161087,,14,6,26,110,2017,6,9,5,2,0,1,1,0,0,0,0,0,0,9.15469E+20,5.68189E+21,1.49407E+16,5.11373E+16
161088,,14,6,27,10,2017,6,15,5,3,8,1,1,0,0,0,0,0,0,8.20285E+20,5.67354E+21,1.35776E+16,5.11236E+16
161089,,14,6,12,0,2017,6,9,5,3,5,3,0,1,0,0,0,0,0,8.30897E+20,5.66935E+21,1.37249E+16,5.10801E+16
161090,,14,6,12,0,2017,6,12,5,3,0,1,0,1,0,0,0,0,0,8.38337E+20,5.6624E+21,1.38243E+16,5.10134E+16
161091,,14,6,12,0,2017,6,9,5,3,5,3,1,1,0,0,0,0,0,8.36386E+20,5.66543E+21,1.37994E+16,5.10417E+16
161092,,14,6,12,0,2017,6,19,5,3,3,5,1,1,0,0,0,0,0,8.34783E+20,5.66386E+21,1.37751E+16,5.10286E+16
161093,,14,6,12,0,2017,6,16,5,3,5,2,1,1,0,0,0,0,0,8.35567E+20,5.66391E+21,1.37863E+16,5.10285E+16
161094,,14,6,12,0,2017,6,20,5,3,5,2,0,1,0,0,1,0,0,8.33259E+20,5.66461E+21,1.37542E+16,5.10362E+16
161095,,14,6,12,0,2017,6,15,5,2,6,4,0,1,1,0,0,0,0,8.30687E+20,5.66645E+21,1.37193E+16,5.10542E+16
161096,,14,5,21,390,2017,6,13,5,3,6,4,0,1,1,0,0,0,0,7.94535E+20,5.61938E+21,1.31671E+16,5.06516E+16
161097,,14,5,22,180,2017,6,11,5,2,5,3,0,1,0,0,0,0,0,8.05445E+20,5.64882E+21,1.33454E+16,5.091E+16
161098,,14,5,22,80,2017,6,10,5,3,0,7,1,1,0,0,0,0,0,7.88033E+20,5.67129E+21,1.31162E+16,5.11205E+16
161099,,14,5,21,20,2017,6,11,5,3,1,5,0,1,0,1,0,0,0,7.83613E+20,5.61096E+21,1.30065E+16,5.05816E+16
161100,,14,5,11,0,2017,6,13,5,3,2,6,0,1,0,0,0,0,0,7.7455E+20,5.63801E+21,1.28989E+16,5.08286E+16
161101,,14,5,11,0,2017,6,13,5,3,0,1,1,0,0,0,0,0,0,7.76271E+20,5.63814E+21,1.29234E+16,5.08289E+16
161102,,14,5,22,60,2017,6,9,5,2,0,7,0,0,0,0,1,0,0,7.66141E+20,5.64985E+21,1.27884E+16,5.09387E+16
161103,,14,5,23,320,2017,5,20,4,3,5,3,0,1,0,0,1,0,0,7.23014E+20,5.59924E+21,1.2145E+16,5.05026E+16
161104,,14,5,24,330,2017,5,10,4,3,5,3,0,1,0,1,0,0,0,7.44946E+20,5.62623E+21,1.24715E+16,5.07361E+16
161105,,14,5,23,320,2017,5,17,4,3,5,2,1,1,0,0,0,0,0,7.22649E+20,5.59823E+21,1.21393E+16,5.04937E+16