OBJECTID,UIDENTSTLA,ULAND,UREGBEZ,UKREIS,UGEMEINDE,UJAHR,UMONAT,USTUNDE,UWOCHENTAG,UKATEGORIE,UART,UTYP1,IstRad,IstPKW,IstFuss,IstKrad,IstSonstig,LICHT,STRZUSTAND,LINREFX,LINREFY,XGCSWGS84,YGCSWGS84
161296,,14,5,24,330,2017,6,14,2,3,5,3,0,1,0,0,0,0,0,7.44893E+20,5.62515E+21,1.24701E+16,5.07264E+16
161297,,14,5,24,320,2017,6,11,2,1,6,7,0,0,1,0,1,0,0,7.47936E+20,5.6189E+21,1.25089E+16,5.0669E+16
161298,,14,7,30,70,2017,6,9,2,3,5,3,1,1,0,0,0,0,0,7.30728E+20,5.71486E+21,1.23272E+16,5.15376E+16
161299,,14,7,30,70,2017,6,15,2,3,5,6,1,1,0,0,0,0,0,7.31032E+20,5.71411E+21,1.2331E+16,5.15307E+16
161300,,14,7,13,0,2017,6,11,2,3,0,3,1,1,0,0,0,0,0,7.3769E+20,5.69364E+21,1.24131E+16,5.13443E+16
161301,,14,7,13,0,2017,6,19,2,3,3,2,1,1,0,0,0,0,0,7.37505E+20,5.69707E+21,1.24128E+16,5.13751E+16
161302,,14,7,29,70,2017,6,13,2,2,5,3,1,0,0,0,0,0,0,7.51461E+20,5.69313E+21,1.26101E+16,5.13338E+16
161303,,14,6,25,20,2017,6,16,2,2,6,7,1,0,1,0,0,0,0,8.80094E+20,5.68502E+21,1.44408E+16,5.11898E+16
161304,,14,6,28,360,2017,6,18,2,3,4,1,0,1,0,1,0,0,0,8.70499E+20,5.65886E+21,1.42773E+16,5.09619E+16
161305,,14,6,28,270,2017,6,9,2,3,5,3,1,1,0,0,0,0,0,8.46233E+20,5.65802E+21,1.39323E+16,5.09695E+16
161306,,14,6,27,60,2017,6,14,2,3,8,1,1,0,0,0,0,0,0,8.15945E+20,5.69181E+21,1.35319E+16,5.12898E+16
161307,,14,6,12,0,2017,6,18,2,3,5,2,1,1,0,0,0,0,0,8.28077E+20,5.66575E+21,1.36815E+16,5.10494E+16
161308,,14,6,12,0,2017,6,11,2,3,2,6,0,1,0,0,1,0,0,8.38294E+20,5.66234E+21,1.38236E+16,5.10129E+16
161309,,14,6,12,0,2017,6,15,2,3,0,1,1,0,0,0,0,0,0,8.33984E+20,5.66363E+21,1.37636E+16,5.1027E+16
161310,,14,6,12,0,2017,6,9,2,3,2,6,0,1,0,0,1,0,0,8.32561E+20,5.66759E+21,1.3747E+16,5.10633E+16
161311,,14,6,12,0,2017,6,6,2,3,0,1,1,0,0,0,0,0,0,8.3292E+20,5.66766E+21,1.37522E+16,5.10637E+16
161312,,14,6,12,0,2017,6,16,2,3,5,1,0,1,0,0,0,0,0,8.36845E+20,5.66537E+21,1.38058E+16,5.10409E+16
161313,,14,6,12,0,2017,6,19,2,3,0,7,1,1,0,0,0,1,0,8.3616E+20,5.66574E+21,1.37965E+16,5.10447E+16
161314,,14,6,12,0,2017,6,13,2,3,2,6,0,1,0,0,0,0,0,8.35612E+20,5.66556E+21,1.37885E+16,5.10433E+16
161315,,14,6,12,0,2017,6,19,2,3,1,5,1,1,0,0,0,0,0,8.25367E+20,5.66991E+21,1.36468E+16,5.10882E+16
161316,,14,6,12,0,2017,6,13,2,2,5,3,1,0,0,0,0,0,0,8.31304E+20,5.66677E+21,1.37284E+16,5.10567E+16
161317,,14,6,12,0,2017,6,8,2,3,6,2,0,1,1,0,0,0,0,8.40068E+20,5.66181E+21,1.38483E+16,5.10071E+16
161318,,14,5,22,60,2017,6,17,2,3,1,5,1,0,0,0,1,0,0,7.67506E+20,5.64742E+21,1.2806E+16,5.09163E+16
161319,,14,5,22,180,2017,6,16,2,2,5,3,1,1,0,0,0,0,0,8.05546E+20,5.65074E+21,1.33485E+16,5.09272E+16
161320,,14,5,22,570,2017,6,6,2,3,0,7,0,0,0,1,0,0,0,7.85903E+20,5.6649E+21,1.30808E+16,5.10643E+16
161321,,14,5,21,530,2017,6,14,2,2,0,1,1,1,0,0,0,0,0,7.57568E+20,5.61304E+21,1.26409E+16,5.06123E+16
161322,,14,5,11,0,2017,6,13,2,3,5,3,0,1,0,0,0,0,0,7.6982E+20,5.63756E+21,1.28316E+16,5.08268E+16
161323,,14,5,11,0,2017,6,13,2,3,2,6,0,1,0,0,0,0,0,7.74699E+20,5.64219E+21,1.29042E+16,5.0866E+16
161324,,14,5,11,0,2017,6,18,2,3,5,2,1,1,0,0,0,0,0,7.7671E+20,5.6401E+21,1.29311E+16,5.08463E+16
161325,,14,5,11,0,2017,6,15,2,3,5,3,0,1,0,0,1,0,0,7.71164E+20,5.63785E+21,1.28508E+16,5.08287E+16
161326,,14,5,24,200,2017,6,9,1,3,2,3,0,1,0,1,0,0,0,7.50958E+20,5.62934E+21,1.25587E+16,5.07615E+16
161327,,14,5,23,170,2017,6,11,1,2,0,1,1,0,0,0,0,0,0,7.3913E+20,5.61183E+21,1.238E+16,5.06092E+16
161328,,14,7,13,0,2017,6,13,1,3,8,1,0,1,0,0,0,0,0,7.36837E+20,5.69227E+21,1.24E+16,5.13323E+16
161329,,14,7,13,0,2017,6,5,1,3,0,1,1,0,0,0,0,1,0,7.32584E+20,5.69155E+21,1.23386E+16,5.13276E+16
161330,,14,7,13,0,2017,6,13,1,3,5,3,1,0,0,0,0,0,0,7.36651E+20,5.69273E+21,1.23976E+16,5.13365E+16
161331,,14,7,29,260,2017,6,19,1,3,4,2,1,1,0,0,0,0,0,7.34703E+20,5.68696E+21,1.23659E+16,5.12856E+16
161332,,14,6,26,350,2017,6,15,1,2,8,1,0,0,0,1,0,0,0,8.88942E+20,5.66621E+21,1.45465E+16,5.10155E+16
161333,,14,6,26,110,2017,6,20,1,2,9,1,1,0,0,0,0,1,0,9.18714E+20,5.68405E+21,1.49894E+16,5.11542E+16
161334,,14,6,25,40,2017,6,9,1,2,0,7,0,0,0,1,0,0,0,8.63899E+20,5.67615E+21,1.4201E+16,5.1121E+16
161335,,14,6,25,20,2017,6,2,1,3,0,1,1,0,0,0,0,2,0,8.79285E+20,5.68421E+21,1.44284E+16,5.11831E+16
161336,,14,6,25,20,2017,6,0,1,3,5,3,0,1,0,0,0,2,0,8.79014E+20,5.6834E+21,1.44237E+16,5.1176E+16
161337,,14,6,12,0,2017,6,2,1,2,9,1,1,0,0,0,0,2,0,8.33175E+20,5.66689E+21,1.37551E+16,5.10567E+16
161338,,14,6,12,0,2017,6,18,1,3,4,2,1,1,0,0,0,0,0,8.35471E+20,5.66614E+21,1.3787E+16,5.10486E+16
161339,,14,5,21,520,2017,6,14,1,3,5,3,1,1,0,0,0,0,0,7.79746E+20,5.60849E+21,1.29502E+16,5.05612E+16
161340,,14,5,11,0,2017,6,1,1,3,0,1,0,0,0,1,0,2,0,7.76283E+20,5.64151E+21,1.29261E+16,5.08592E+16
161341,,14,7,13,0,2017,6,19,7,3,3,2,0,1,0,1,0,0,0,7.38226E+20,5.69069E+21,1.24188E+16,5.13175E+16
161342,,14,6,26,110,2017,6,12,7,3,0,6,1,1,0,0,0,0,0,9.18427E+20,5.68407E+21,1.49853E+16,5.11546E+16
161343,,14,6,28,160,2017,6,7,7,3,5,3,0,1,0,0,1,0,0,8.40996E+20,5.65954E+21,1.38594E+16,5.09862E+16
161344,,14,6,28,110,2017,6,18,7,3,5,3,1,1,0,0,0,0,0,8.25478E+20,5.66133E+21,1.36406E+16,5.10113E+16
161345,,14,6,12,0,2017,6,18,7,3,5,2,1,1,0,0,0,0,0,8.38299E+20,5.66234E+21,1.38237E+16,5.10129E+16
161346,,14,6,12,0,2017,6,22,7,3,2,1,1,1,0,0,0,2,0,8.36931E+20,5.66367E+21,1.38055E+16,5.10256E+16
161347,,14,6,12,0,2017,6,23,7,3,4,6,1,1,0,0,0,2,0,8.33475E+20,5.66808E+21,1.37604E+16,5.10671E+16
161348,,14,6,12,0,2017,6,16,7,3,5,3,0,1,0,0,0,0,0,8.31126E+20,5.66604E+21,1.37252E+16,5.10502E+16
161349,,14,5,21,530,2017,6,19,7,3,5,3,1,1,0,0,0,0,0,7.57269E+20,5.60998E+21,1.26345E+16,5.0585E+16
161350,,14,5,11,0,2017,6,23,7,3,8,1,1,0,0,0,0,2,0,7.75702E+20,5.63906E+21,1.2916E+16,5.08374E+16
161351,,14,5,21,440,2017,6,14,7,2,8,7,0,0,0,0,1,0,0,7.82067E+20,5.59296E+21,1.29712E+16,5.04208E+16
161352,,14,5,24,330,2017,6,12,6,2,6,4,0,1,1,0,0,0,0,7.4658E+20,5.62514E+21,1.24939E+16,5.07257E+16
161353,,14,5,23,320,2017,6,19,6,2,9,1,0,1,0,0,0,0,0,7.21322E+20,5.6038E+21,1.21239E+16,5.05442E+16
161354,,14,7,29,380,2017,6,14,6,3,8,1,0,1,0,0,0,0,0,7.58361E+20,5.70163E+21,1.27151E+16,5.1407E+16
161355,,14,7,13,0,2017,6,17,6,3,5,3,0,1,0,0,0,0,0,7.34559E+20,5.69176E+21,1.2367E+16,5.13286E+16
161356,,14,7,13,0,2017,6,7,6,3,5,3,1,1,0,0,0,0,0,7.36377E+20,5.69301E+21,1.23939E+16,5.13391E+16
161357,,14,7,13,0,2017,6,12,6,3,5,3,1,1,0,0,0,0,1,7.34175E+20,5.69312E+21,1.23624E+16,5.13411E+16
161358,,14,7,13,0,2017,6,6,6,3,5,3,1,0,0,0,0,0,0,7.3483E+20,5.68959E+21,1.23695E+16,5.13091E+16
161359,,14,7,13,0,2017,6,11,6,3,5,3,1,1,0,0,0,0,0,7.3994E+20,5.69807E+21,1.24483E+16,5.1383E+16
161360,,14,7,13,0,2017,6,11,6,3,2,6,0,1,0,0,0,0,0,7.39946E+20,5.69807E+21,1.24484E+16,5.1383E+16
161361,,14,7,13,0,2017,6,13,6,3,9,1,0,1,0,0,0,0,0,7.39117E+20,5.69135E+21,1.2432E+16,5.13231E+16
161362,,14,7,30,310,2017,6,12,6,2,3,5,0,1,0,1,0,0,1,7.77021E+20,5.71945E+21,1.29967E+16,5.15579E+16
161363,,14,7,13,0,2017,6,12,6,3,5,3,0,1,0,1,0,0,0,7.39334E+20,5.69596E+21,1.24382E+16,5.13643E+16
161364,,14,6,26,600,2017,6,14,6,3,4,2,1,1,0,0,0,0,1,8.89558E+20,5.72185E+21,1.46158E+16,5.15131E+16
161365,,14,6,26,110,2017,6,15,6,3,9,1,0,0,0,1,0,0,1,9.18871E+20,5.6847E+21,1.49924E+16,5.116E+16
161366,,14,6,28,270,2017,6,15,6,2,6,4,1,0,1,0,0,0,0,8.46795E+20,5.6571E+21,1.39394E+16,5.09609E+16
161367,,14,6,28,110,2017,6,12,6,3,2,1,0,1,0,1,0,0,1,8.25215E+20,5.66165E+21,1.36372E+16,5.10142E+16
161368,,14,6,12,0,2017,6,16,6,3,2,6,1,1,0,0,0,0,0,8.28009E+20,5.66496E+21,1.36799E+16,5.10423E+16
161369,,14,6,12,0,2017,6,8,6,3,5,2,1,1,0,0,0,0,0,8.31276E+20,5.66725E+21,1.37284E+16,5.1061E+16
161370,,14,6,12,0,2017,6,13,6,2,5,7,1,1,0,0,0,0,1,8.31613E+20,5.6649E+21,1.3731E+16,5.10397E+16
161371,,14,6,12,0,2017,6,12,6,3,0,1,1,0,0,0,0,0,0,8.33095E+20,5.66699E+21,1.3754E+16,5.10576E+16
161372,,14,6,12,0,2017,6,17,6,3,5,3,1,1,0,0,0,0,1,8.32825E+20,5.66923E+21,1.37522E+16,5.10778E+16
161373,,14,6,12,0,2017,6,21,6,3,0,1,0,0,0,1,0,2,0,8.33679E+20,5.66961E+21,1.37648E+16,5.10808E+16
161374,,14,6,12,0,2017,6,11,6,2,0,3,0,1,0,0,0,0,1,8.35015E+20,5.66525E+21,1.37797E+16,5.10409E+16
161375,,14,6,12,0,2017,6,14,6,3,6,2,0,1,1,0,0,0,0,8.35611E+20,5.66473E+21,1.37877E+16,5.10359E+16
161376,,14,6,12,0,2017,6,11,6,3,5,2,1,1,0,0,0,0,1,8.36885E+20,5.66519E+21,1.38062E+16,5.10393E+16
161377,,14,5,22,360,2017,6,5,6,3,0,1,1,0,0,0,0,0,0,7.77979E+20,5.65625E+21,1.29614E+16,5.09906E+16
161378,,14,5,11,0,2017,6,15,6,2,5,3,0,1,0,0,1,0,0,7.77096E+20,5.63843E+21,1.29353E+16,5.08311E+16
161379,,14,5,21,640,2017,6,10,6,2,6,4,0,1,1,0,0,0,0,7.79172E+20,5.62073E+21,1.29513E+16,5.06713E+16
161380,,14,7,30,330,2017,6,14,5,3,5,3,1,1,0,0,0,0,0,7.74763E+20,5.68868E+21,1.29404E+16,5.12831E+16
161381,,14,7,13,0,2017,6,17,5,3,5,3,1,1,0,0,0,0,0,7.33775E+20,5.69333E+21,1.23568E+16,5.13431E+16
161382,,14,7,13,0,2017,6,7,5,2,5,3,1,1,0,0,0,0,0,7.32961E+20,5.69286E+21,1.23448E+16,5.13392E+16
161383,,14,7,29,40,2017,6,12,5,2,5,3,0,1,0,1,0,0,0,7.36575E+20,5.67779E+21,1.23867E+16,5.12025E+16
161384,,14,7,13,0,2017,6,12,5,3,2,6,1,0,0,0,1,0,0,7.33082E+20,5.69158E+21,1.23457E+16,5.13277E+16
161385,,14,6,26,110,2017,6,19,5,3,5,3,1,1,0,0,0,0,0,9.16195E+20,5.68321E+21,1.49526E+16,5.11486E+16
161386,,14,6,28,270,2017,6,16,5,3,5,3,0,1,0,0,0,0,0,8.48227E+20,5.65672E+21,1.39593E+16,5.09566E+16
161387,,14,6,12,0,2017,6,8,5,3,5,2,1,0,0,1,0,0,0,8.29982E+20,5.6694E+21,1.3712E+16,5.1081E+16
161388,,14,6,12,0,2017,6,6,5,3,6,4,1,0,1,0,0,0,0,8.30807E+20,5.66984E+21,1.37241E+16,5.10845E+16
161389,,14,6,28,110,2017,6,19,5,3,0,1,1,0,0,0,0,0,0,8.26632E+20,5.66146E+21,1.36571E+16,5.10118E+16
161390,,14,6,12,0,2017,6,13,5,3,5,2,0,1,0,1,0,0,0,8.27825E+20,5.6699E+21,1.36817E+16,5.10867E+16
161391,,14,6,12,0,2017,6,8,5,3,5,3,0,1,0,0,0,0,0,8.38293E+20,5.66144E+21,1.38228E+16,5.10048E+16
161392,,14,6,12,0,2017,6,19,5,3,5,3,1,1,0,0,0,0,0,8.38932E+20,5.6609E+21,1.38313E+16,5.09996E+16
161393,,14,6,12,0,2017,6,20,5,3,5,3,1,1,0,0,0,0,0,8.37267E+20,5.66151E+21,1.38083E+16,5.1006E+16
161394,,14,6,12,0,2017,6,18,5,3,2,6,0,1,0,0,0,0,0,8.32051E+20,5.66653E+21,1.37388E+16,5.10541E+16
161395,,14,6,12,0,2017,6,11,5,3,5,2,0,1,0,1,0,0,0,8.35065E+20,5.66581E+21,1.37809E+16,5.10459E+16
161396,,14,6,12,0,2017,6,21,5,3,5,2,0,1,0,0,0,2,0,8.33666E+20,5.6664E+21,1.37616E+16,5.10519E+16
161397,,14,6,12,0,2017,6,13,5,3,0,1,0,0,0,1,0,0,0,8.34784E+20,5.66657E+21,1.37777E+16,5.10529E+16
161398,,14,6,12,0,2017,6,10,5,3,5,3,0,1,0,1,0,0,0,8.30209E+20,5.66357E+21,1.37099E+16,5.10286E+16
161399,,14,6,12,0,2017,6,19,5,2,0,1,1,0,0,0,0,0,0,8.2919E+20,5.66515E+21,1.36968E+16,5.10434E+16
161400,,14,5,22,260,2017,6,6,5,3,5,3,0,1,0,0,0,0,0,7.67171E+20,5.64518E+21,1.27996E+16,5.08963E+16
161401,,14,5,22,60,2017,6,8,5,2,8,1,1,0,0,0,0,0,0,7.68188E+20,5.64601E+21,1.28146E+16,5.09033E+16
161402,,14,5,11,0,2017,6,8,5,2,2,6,0,1,0,0,0,0,0,7.768E+20,5.63514E+21,1.29286E+16,5.08017E+16
161403,,14,5,11,0,2017,6,17,5,3,2,6,0,1,0,1,0,0,0,7.76265E+20,5.63883E+21,1.29238E+16,5.08351E+16
161404,,14,5,11,0,2017,6,7,5,3,4,2,1,1,0,0,0,0,0,7.76668E+20,5.63513E+21,1.29268E+16,5.08017E+16
161405,,14,5,22,190,2017,6,20,5,3,5,3,0,1,0,1,0,0,0,7.72563E+20,5.66479E+21,1.28908E+16,5.10698E+16
161406,,14,5,24,300,2017,6,20,4,3,5,6,1,1,0,0,0,0,0,7.37514E+20,5.62441E+21,1.23652E+16,5.07228E+16
161407,,14,5,24,320,2017,6,18,4,3,1,7,0,1,0,0,0,0,0,7.50689E+20,5.61874E+21,1.25477E+16,5.06664E+16
161408,,14,5,23,360,2017,6,14,4,3,3,5,0,1,0,1,0,0,0,7.41421E+20,5.60282E+21,1.24064E+16,5.05274E+16
161409,,14,7,29,50,2017,6,7,4,3,1,7,1,1,0,0,0,0,0,7.43782E+20,5.66896E+21,1.24836E+16,5.11201E+16
161410,,14,7,13,0,2017,6,8,4,3,2,6,0,1,0,0,1,0,0,7.35831E+20,5.69345E+21,1.23864E+16,5.13433E+16
161411,,14,7,13,0,2017,6,10,4,3,5,3,1,1,0,0,0,0,0,7.3654E+20,5.69072E+21,1.23947E+16,5.13186E+16
161412,,14,7,13,0,2017,6,16,4,3,4,2,0,1,0,0,0,0,0,7.34645E+20,5.69149E+21,1.23681E+16,5.13262E+16
161413,,14,7,13,0,2017,6,7,4,2,5,3,1,1,0,0,0,0,0,7.35106E+20,5.6948E+21,1.23769E+16,5.13557E+16
161414,,14,7,13,0,2017,6,7,4,2,4,2,1,1,0,0,0,0,0,7.3685E+20,5.69305E+21,1.24007E+16,5.13393E+16
161415,,14,7,30,70,2017,6,11,4,2,5,3,1,0,0,0,0,0,0,7.32397E+20,5.71425E+21,1.23508E+16,5.15315E+16
161416,,14,7,13,0,2017,6,18,4,3,5,2,1,1,0,0,0,0,0,7.34296E+20,5.69092E+21,1.23627E+16,5.13212E+16
161417,,14,7,13,0,2017,6,19,4,2,5,3,1,1,0,0,0,0,0,7.34604E+20,5.69245E+21,1.23681E+16,5.13349E+16
161418,,14,7,13,0,2017,6,11,4,2,5,3,0,1,0,1,0,0,0,7.43739E+20,5.69442E+21,1.25003E+16,5.13487E+16
161419,,14,6,25,480,2017,6,11,4,3,0,6,1,1,0,0,0,0,0,8.43468E+20,5.67363E+21,1.39078E+16,5.11109E+16
161420,,14,6,25,640,2017,6,15,4,3,5,3,1,1,0,0,0,0,0,8.64484E+20,5.70548E+21,1.42392E+16,5.13832E+16
161421,,14,6,25,40,2017,6,19,4,3,9,1,0,0,0,1,0,0,0,8.62988E+20,5.67564E+21,1.41876E+16,5.1117E+16
161422,,14,6,28,270,2017,6,18,4,3,1,2,1,1,0,0,0,0,0,8.46802E+20,5.65746E+21,1.39398E+16,5.09641E+16
161423,,14,6,27,210,2017,6,19,4,3,2,6,1,1,0,0,0,0,0,8.24003E+20,5.67182E+21,1.36291E+16,5.11061E+16
161424,,14,6,27,110,2017,6,14,4,3,5,3,1,1,0,0,0,0,0,8.25615E+20,5.69412E+21,1.36722E+16,5.13051E+16
161425,,14,6,12,0,2017,6,23,4,2,0,1,1,0,0,0,0,2,0,8.30747E+20,5.66653E+21,1.37202E+16,5.10548E+16
161426,,14,7,13,0,2017,6,11,2,3,8,1,0,1,0,0,0,0,1,7.30852E+20,5.69849E+21,1.23183E+16,5.13906E+16
161427,,14,6,12,0,2017,7,15,4,3,8,7,0,1,0,0,0,0,0,8.36955E+20,5.66177E+21,1.38041E+16,5.10085E+16
161428,,14,6,12,0,2017,7,20,4,3,0,6,1,1,0,0,0,1,0,8.36622E+20,5.65986E+21,1.37976E+16,5.09916E+16
161429,,14,6,12,0,2017,7,11,4,3,6,7,0,0,1,0,1,0,0,8.38377E+20,5.66206E+21,1.38245E+16,5.10104E+16
161430,,14,6,12,0,2017,7,7,4,3,2,6,1,0,0,0,0,0,0,8.33186E+20,5.66383E+21,1.37524E+16,5.10292E+16
161431,,14,6,12,0,2017,7,17,4,2,5,4,0,0,1,0,1,0,0,8.32519E+20,5.66718E+21,1.3746E+16,5.10596E+16
161432,,14,6,12,0,2017,7,8,4,3,5,3,1,1,0,0,0,0,0,8.34742E+20,5.6659E+21,1.37764E+16,5.10469E+16
161433,,14,6,12,0,2017,7,6,4,3,6,2,0,1,1,0,0,0,0,8.30724E+20,5.66562E+21,1.37191E+16,5.10467E+16
161434,,14,6,12,0,2017,7,6,4,3,5,3,1,0,0,0,0,0,0,8.3312E+20,5.66825E+21,1.37555E+16,5.10689E+16
161435,,14,5,21,590,2017,7,16,4,2,5,3,1,1,0,0,0,0,0,7.67114E+20,5.62489E+21,1.2784E+16,5.07144E+16
161436,,14,5,22,150,2017,7,13,4,3,1,7,0,0,0,1,1,0,0,7.84146E+20,5.64773E+21,1.30424E+16,5.09112E+16
161437,,14,5,22,310,2017,7,18,4,3,0,7,0,1,0,0,0,0,0,7.74054E+20,5.67401E+21,1.2919E+16,5.11518E+16
161438,,14,5,11,0,2017,7,13,4,3,8,1,0,0,0,1,0,0,0,7.80456E+20,5.64041E+21,1.29844E+16,5.08473E+16
161439,,14,5,11,0,2017,7,19,4,3,5,3,1,1,0,0,0,0,0,7.76241E+20,5.63824E+21,1.2923E+16,5.08298E+16
161440,,14,5,24,290,2017,7,16,3,2,8,1,0,0,0,1,0,0,0,7.54281E+20,5.64187E+21,1.26144E+16,5.08725E+16
161441,,14,5,11,0,2017,7,16,3,3,6,7,0,0,1,0,1,0,0,7.71295E+20,5.63794E+21,1.28528E+16,5.08294E+16
161442,,14,7,13,0,2017,7,13,3,3,3,2,1,1,0,0,0,0,0,7.31782E+20,5.69174E+21,1.23272E+16,5.13296E+16
161443,,14,7,13,0,2017,7,13,3,3,3,2,1,1,0,0,0,0,0,7.30303E+20,5.69355E+21,1.23072E+16,5.13465E+16
161444,,14,7,13,0,2017,7,7,3,3,3,2,1,1,0,0,0,0,0,7.34732E+20,5.69088E+21,1.23689E+16,5.13207E+16
161445,,14,7,13,0,2017,7,7,3,3,2,6,0,1,0,0,1,0,0,7.43212E+20,5.69419E+21,1.24926E+16,5.13469E+16
161446,,14,7,13,0,2017,7,7,3,3,5,3,0,1,0,1,0,0,0,7.36685E+20,5.69715E+21,1.24011E+16,5.13762E+16
161447,,14,7,30,270,2017,7,13,3,3,0,7,0,0,0,1,0,0,0,7.23494E+20,5.69541E+21,1.22107E+16,5.13659E+16
161448,,14,7,13,0,2017,7,12,3,2,4,2,1,1,0,0,0,0,0,7.34794E+20,5.69248E+21,1.23709E+16,5.1335E+16
161449,,14,6,26,110,2017,7,14,3,3,5,3,0,1,0,0,0,0,0,9.15936E+20,5.68261E+21,1.49482E+16,5.11434E+16
161450,,14,6,12,0,2017,7,16,3,3,2,6,1,1,0,0,0,0,0,8.29193E+20,5.66524E+21,1.3697E+16,5.10442E+16
161451,,14,6,12,0,2017,7,20,3,3,6,7,0,1,1,0,0,0,0,8.3053E+20,5.66945E+21,1.37198E+16,5.10812E+16
161452,,14,6,12,0,2017,7,18,3,3,2,2,0,1,0,0,1,0,0,8.28571E+20,5.66501E+21,1.36879E+16,5.10425E+16
161453,,14,6,12,0,2017,7,16,3,3,2,7,0,0,0,1,1,0,0,8.31509E+20,5.66206E+21,1.3727E+16,5.10143E+16
161454,,14,6,12,0,2017,7,13,3,3,6,4,0,1,1,0,1,0,0,8.39603E+20,5.66121E+21,1.38412E+16,5.1002E+16
161455,,14,6,12,0,2017,7,18,3,3,3,5,1,1,0,0,0,0,0,8.37658E+20,5.66211E+21,1.38144E+16,5.10112E+16
161456,,14,6,12,0,2017,7,14,3,3,5,3,1,0,0,0,1,0,0,8.34352E+20,5.67367E+21,1.37781E+16,5.11168E+16
161457,,14,6,12,0,2017,7,16,3,3,6,4,0,1,1,0,0,0,0,8.33227E+20,5.66572E+21,1.37547E+16,5.10461E+16
161458,,14,6,12,0,2017,7,15,3,3,5,3,1,1,0,0,0,0,0,8.31735E+20,5.66571E+21,1.37335E+16,5.10469E+16
161459,,14,5,24,330,2017,7,18,2,3,1,5,0,1,0,0,0,0,0,7.46814E+20,5.62484E+21,1.2497E+16,5.07228E+16
161460,,14,5,23,10,2017,7,12,2,3,5,3,0,1,0,0,0,0,0,7.31568E+20,5.57901E+21,1.2253E+16,5.03176E+16
161461,,14,7,30,20,2017,7,7,2,3,4,6,0,1,0,0,1,0,1,7.49108E+20,5.72148E+21,1.25964E+16,5.15892E+16
161462,,14,7,13,0,2017,7,10,2,3,5,3,0,1,0,0,0,0,0,7.27587E+20,5.69324E+21,1.2268E+16,5.13448E+16
161463,,14,6,25,480,2017,7,5,2,3,5,3,0,1,0,1,0,1,0,8.44364E+20,5.67315E+21,1.39201E+16,5.11061E+16
161464,,14,6,28,270,2017,7,8,2,3,0,1,0,0,0,1,0,0,1,8.47724E+20,5.66131E+21,1.39566E+16,5.09981E+16
161465,,14,6,12,0,2017,7,11,2,3,5,3,0,1,0,0,1,0,0,8.36614E+20,5.66135E+21,1.37988E+16,5.1005E+16
161466,,14,6,12,0,2017,7,8,2,3,5,3,1,1,0,0,0,0,0,8.346E+20,5.66622E+21,1.37747E+16,5.10498E+16
161467,,14,6,12,0,2017,7,11,2,3,0,1,1,0,0,0,0,0,0,8.37414E+20,5.6631E+21,1.38118E+16,5.10202E+16
161468,,14,6,12,0,2017,7,22,2,2,5,3,0,1,0,1,0,2,0,8.3807E+20,5.66163E+21,1.38198E+16,5.10066E+16
161469,,14,6,12,0,2017,7,16,2,2,6,4,0,1,1,0,0,0,0,8.23697E+20,5.66987E+21,1.36229E+16,5.10888E+16
161470,,14,5,22,180,2017,7,0,2,2,9,1,0,1,0,0,0,2,0,8.07187E+20,5.64701E+21,1.33686E+16,5.08929E+16
161471,,14,5,11,0,2017,7,14,2,3,1,6,0,1,0,0,1,0,0,7.70328E+20,5.63629E+21,1.28378E+16,5.08151E+16
161472,,14,5,11,0,2017,7,15,2,3,4,2,0,1,0,1,0,0,0,7.76482E+20,5.63447E+21,1.29236E+16,5.07959E+16
161473,,14,5,11,0,2017,7,14,2,2,5,2,1,1,0,0,0,0,0,7.74662E+20,5.63514E+21,1.28984E+16,5.08028E+16
161474,,14,5,21,550,2017,7,16,2,3,8,7,0,1,0,0,0,0,0,7.66549E+20,5.60491E+21,1.27617E+16,5.05353E+16
161475,,14,7,29,220,2017,7,19,1,3,5,3,1,1,0,0,0,0,0,7.48754E+20,5.67743E+21,1.25604E+16,5.1194E+16
161476,,14,7,13,0,2017,7,19,1,2,0,6,1,1,0,0,0,0,0,7.37776E+20,5.69533E+21,1.24155E+16,5.13594E+16
161477,,14,6,26,370,2017,7,1,1,2,1,5,1,1,0,0,0,2,0,9.03144E+20,5.69867E+21,1.47843E+16,5.12962E+16
161478,,14,6,27,210,2017,7,9,1,3,3,2,1,0,0,0,0,0,0,8.23902E+20,5.67248E+21,1.36282E+16,5.11121E+16
161479,,14,6,27,210,2017,7,17,1,3,2,6,1,0,0,0,0,0,0,8.25954E+20,5.6709E+21,1.3656E+16,5.10967E+16
161480,,14,5,11,0,2017,7,17,1,3,0,1,0,0,0,1,0,0,0,7.74473E+20,5.63335E+21,1.28943E+16,5.07868E+16
161481,,14,5,11,0,2017,7,13,1,3,0,7,0,0,0,0,1,0,0,7.75727E+20,5.63905E+21,1.29164E+16,5.08373E+16
161482,,14,5,23,320,2017,7,9,7,3,0,7,0,0,0,0,1,0,0,7.22679E+20,5.599E+21,1.21402E+16,5.05006E+16
161483,,14,7,13,0,2017,7,23,7,3,1,1,1,1,0,0,0,2,0,7.37581E+20,5.6927E+21,1.24109E+16,5.13358E+16
161484,,14,7,13,0,2017,7,17,7,3,1,1,1,0,0,0,1,0,0,7.35478E+20,5.69339E+21,1.23813E+16,5.13429E+16
161485,,14,7,13,0,2017,7,11,7,3,1,6,0,1,0,0,0,0,0,7.29941E+20,5.69434E+21,1.23025E+16,5.13537E+16