OBJECTID,UIDENTSTLA,ULAND,UREGBEZ,UKREIS,UGEMEINDE,UJAHR,UMONAT,USTUNDE,UWOCHENTAG,UKATEGORIE,UART,UTYP1,IstRad,IstPKW,IstFuss,IstKrad,IstSonstig,LICHT,STRZUSTAND,LINREFX,LINREFY,XGCSWGS84,YGCSWGS84
161676,,14,7,13,0,2017,7,19,1,2,5,2,0,1,0,0,0,0,0,7.34643E+20,5.69325E+21,1.23692E+16,5.1342E+16
161677,,14,6,25,240,2017,7,21,1,3,0,7,0,1,0,1,0,1,1,8.62124E+20,5.70969E+21,1.42097E+16,5.14224E+16
161678,,14,6,12,0,2017,7,18,1,3,5,3,0,1,0,0,1,0,0,8.31598E+20,5.66266E+21,1.37288E+16,5.10197E+16
161679,,14,6,12,0,2017,7,8,1,3,5,3,1,1,0,0,0,0,0,8.32783E+20,5.66626E+21,1.37489E+16,5.10512E+16
161680,,14,7,29,430,2017,7,11,7,3,6,4,1,0,1,0,0,0,0,7.32437E+20,5.67957E+21,1.23287E+16,5.12201E+16
161681,,14,7,13,0,2017,7,20,7,2,5,3,1,1,0,0,0,0,0,7.37867E+20,5.69084E+21,1.24138E+16,5.13191E+16
161682,,14,7,29,260,2017,7,10,7,3,6,4,0,1,1,0,0,0,0,7.36969E+20,5.68605E+21,1.23977E+16,5.12764E+16
161683,,14,6,26,290,2017,7,12,7,3,6,6,0,1,1,0,0,0,0,8.96893E+20,5.67714E+21,1.46713E+16,5.1108E+16
161684,,14,6,12,0,2017,7,22,7,3,0,1,1,0,0,0,0,2,1,8.3727E+20,5.66497E+21,1.38115E+16,5.10371E+16
161685,,14,6,12,0,2017,7,23,7,2,9,1,0,1,0,0,0,2,1,8.34709E+20,5.66737E+21,1.37773E+16,5.10601E+16
161686,,14,7,13,0,2017,6,20,6,3,3,6,1,1,0,0,0,1,0,7.29012E+20,5.69084E+21,1.22869E+16,5.13227E+16
161687,,14,7,13,0,2017,6,16,6,3,1,5,1,1,0,0,0,0,0,7.31102E+20,5.69121E+21,1.23171E+16,5.13252E+16
161688,,14,7,13,0,2017,6,20,6,2,5,3,1,1,0,0,0,0,0,7.27697E+20,5.68903E+21,1.22669E+16,5.1307E+16
161689,,14,7,13,0,2017,6,7,6,2,6,4,0,1,1,0,0,0,0,7.32649E+20,5.69655E+21,1.23428E+16,5.13724E+16
161690,,14,7,30,270,2017,6,22,6,2,5,3,0,1,0,1,0,2,0,7.24071E+20,5.69919E+21,1.22214E+16,5.13997E+16
161691,,14,7,13,0,2017,6,6,6,3,5,3,1,1,0,0,0,0,0,7.3248E+20,5.69679E+21,1.23405E+16,5.13747E+16
161692,,14,6,28,270,2017,6,18,6,3,5,2,1,1,0,0,0,0,0,8.47598E+20,5.66134E+21,1.39548E+16,5.09984E+16
161693,,14,6,12,0,2017,6,17,6,3,5,3,1,1,0,0,0,0,0,8.39359E+20,5.66197E+21,1.38384E+16,5.1009E+16
161694,,14,6,12,0,2017,6,15,6,3,0,1,0,0,0,1,0,0,0,8.40062E+20,5.66214E+21,1.38485E+16,5.101E+16
161695,,14,6,12,0,2017,6,15,6,2,5,2,0,1,1,0,1,0,0,8.40071E+20,5.6619E+21,1.38484E+16,5.10079E+16
161696,,14,5,22,80,2017,6,9,6,3,6,6,0,1,1,0,0,0,0,7.88127E+20,5.67137E+21,1.31176E+16,5.11212E+16
161697,,14,5,11,0,2017,6,15,6,3,8,7,0,1,0,0,0,0,0,7.74879E+20,5.63508E+21,1.29014E+16,5.08021E+16
161698,,14,5,24,330,2017,6,11,5,2,6,7,1,0,1,0,0,0,1,7.45621E+20,5.62402E+21,1.24796E+16,5.0716E+16
161699,,14,7,13,0,2017,6,6,5,3,5,3,1,1,0,0,0,0,0,7.34889E+20,5.69433E+21,1.23734E+16,5.13516E+16
161700,,14,7,13,0,2017,6,14,5,3,5,2,1,1,0,0,0,0,1,7.34295E+20,5.69091E+21,1.23627E+16,5.13212E+16
161701,,14,7,13,0,2017,6,13,5,3,6,7,0,0,1,0,1,0,1,7.36181E+20,5.69103E+21,1.23898E+16,5.13215E+16
161702,,14,7,13,0,2017,6,15,5,3,1,5,1,1,0,0,0,0,1,7.35021E+20,5.69167E+21,1.23736E+16,5.13277E+16
161703,,14,7,13,0,2017,6,12,5,3,5,2,1,1,0,0,0,0,1,7.37775E+20,5.69374E+21,1.24144E+16,5.13451E+16
161704,,14,6,26,110,2017,6,21,5,3,0,1,0,0,0,1,0,2,1,9.18344E+20,5.68297E+21,1.49829E+16,5.11448E+16
161705,,14,6,25,20,2017,6,15,5,3,1,5,0,0,0,1,1,0,1,8.78957E+20,5.68343E+21,1.44229E+16,5.11763E+16
161706,,14,6,25,20,2017,6,15,5,3,2,6,0,1,0,0,0,0,1,8.79754E+20,5.68432E+21,1.44352E+16,5.11838E+16
161707,,14,6,27,230,2017,6,12,5,3,5,3,0,1,0,0,1,0,0,7.97457E+20,5.69416E+21,1.32695E+16,5.13208E+16
161708,,14,6,12,0,2017,6,11,5,2,0,1,1,0,0,0,0,0,1,8.27119E+20,5.66715E+21,1.36692E+16,5.10625E+16
161709,,14,6,12,0,2017,6,8,5,3,5,3,1,1,0,0,0,0,1,8.36608E+20,5.65985E+21,1.37974E+16,5.09916E+16
161710,,14,6,12,0,2017,6,18,5,3,5,3,0,1,0,1,0,0,1,8.39392E+20,5.66162E+21,1.38385E+16,5.10058E+16
161711,,14,6,12,0,2017,6,8,5,3,0,2,1,1,0,0,0,0,1,8.32687E+20,5.66758E+21,1.37488E+16,5.10631E+16
161712,,14,6,12,0,2017,6,15,5,3,0,1,1,0,0,0,0,0,1,8.32917E+20,5.66782E+21,1.37523E+16,5.10651E+16
161713,,14,6,12,0,2017,6,8,5,3,0,3,1,0,0,0,1,0,1,8.32153E+20,5.66649E+21,1.37402E+16,5.10537E+16
161714,,14,6,12,0,2017,6,14,5,3,5,3,0,1,0,0,0,0,1,8.36555E+20,5.66553E+21,1.38019E+16,5.10425E+16
161715,,14,6,12,0,2017,6,16,5,3,5,3,0,1,0,0,1,0,1,8.38932E+20,5.6609E+21,1.38313E+16,5.09996E+16
161716,,14,5,11,0,2017,6,11,5,2,6,4,0,1,1,0,0,0,1,7.76427E+20,5.63914E+21,1.29264E+16,5.08378E+16
161717,,14,5,21,310,2017,6,23,5,2,9,1,0,1,0,0,0,2,0,7.72106E+20,5.62959E+21,1.28581E+16,5.07542E+16
161718,,14,7,29,245,2017,6,9,4,3,1,1,1,0,0,0,1,0,0,7.64544E+20,5.69787E+21,1.2801E+16,5.13703E+16
161719,,14,7,29,260,2017,6,14,4,3,6,4,1,0,1,0,0,0,1,7.34659E+20,5.68664E+21,1.23651E+16,5.12826E+16
161720,,14,7,13,0,2017,6,12,4,3,5,3,0,1,0,0,0,0,1,7.33623E+20,5.69546E+21,1.2356E+16,5.13623E+16
161721,,14,7,13,0,2017,6,18,4,3,3,2,1,1,0,0,0,0,0,7.35053E+20,5.69843E+21,1.23785E+16,5.13884E+16
161722,,14,7,13,0,2017,6,7,4,3,3,5,0,1,0,0,0,0,0,7.37087E+20,5.69066E+21,1.24025E+16,5.13178E+16
161723,,14,6,25,40,2017,6,16,4,3,0,1,1,0,0,0,0,0,0,8.62965E+20,5.6765E+21,1.41881E+16,5.11246E+16
161724,,14,6,27,210,2017,6,16,4,3,5,2,0,1,0,0,0,0,1,8.24647E+20,5.67366E+21,1.36399E+16,5.11222E+16
161725,,14,6,12,0,2017,6,18,4,2,7,7,1,0,0,0,0,0,0,8.28996E+20,5.66956E+21,1.36981E+16,5.1083E+16
161726,,14,6,12,0,2017,6,16,4,3,0,3,1,0,0,0,1,0,0,8.30556E+20,5.66451E+21,1.37157E+16,5.10368E+16
161727,,14,6,12,0,2017,6,9,4,3,5,3,1,1,0,0,0,0,0,8.34692E+20,5.66737E+21,1.37771E+16,5.10601E+16
161728,,14,5,21,390,2017,6,13,4,3,4,6,1,1,0,0,0,0,0,8.0478E+20,5.61371E+21,1.33069E+16,5.05955E+16
161729,,14,5,11,0,2017,6,7,4,2,2,2,0,1,0,0,0,0,0,7.74902E+20,5.63507E+21,1.29017E+16,5.08021E+16
161730,,14,5,11,0,2017,6,23,4,3,5,3,0,1,0,0,0,2,0,7.70554E+20,5.63641E+21,1.28411E+16,5.08161E+16
161731,,14,5,24,330,2017,6,14,3,3,5,2,1,1,0,0,0,0,0,7.46813E+20,5.6228E+21,1.24957E+16,5.07046E+16
161732,,14,7,13,0,2017,6,16,3,3,2,6,0,1,0,0,0,0,0,7.35106E+20,5.6948E+21,1.23769E+16,5.13558E+16
161733,,14,7,13,0,2017,6,10,3,3,5,3,0,1,0,0,0,0,0,7.37298E+20,5.69537E+21,1.24087E+16,5.136E+16
161734,,14,7,13,0,2017,6,17,3,2,6,4,0,0,1,0,1,0,0,7.33244E+20,5.69584E+21,1.23508E+16,5.13658E+16
161735,,14,6,12,0,2017,7,18,5,3,5,3,1,1,0,0,0,0,0,8.33724E+20,5.66803E+21,1.37639E+16,5.10665E+16
161736,,14,6,28,50,2017,7,14,5,3,8,1,1,0,0,0,0,0,0,8.317E+20,5.65985E+21,1.37277E+16,5.09944E+16
161737,,14,7,13,0,2017,7,9,4,2,4,6,1,0,0,0,0,0,0,7.38024E+20,5.69723E+21,1.24203E+16,5.13763E+16
161738,,14,7,13,0,2017,7,15,5,3,3,2,1,1,0,0,0,0,0,7.37334E+20,5.69022E+21,1.24057E+16,5.13137E+16
161739,,14,6,27,130,2017,7,5,6,2,0,7,1,0,0,0,0,0,1,8.00609E+20,5.6811E+21,1.33036E+16,5.1202E+16
161740,,14,6,25,240,2017,7,11,4,3,7,1,0,1,0,0,0,0,0,8.60143E+20,5.71073E+21,1.41824E+16,5.1433E+16
161741,,14,7,13,0,2017,7,23,4,2,5,3,0,1,0,0,0,2,1,7.31731E+20,5.69071E+21,1.23258E+16,5.13204E+16
161742,,14,5,11,0,2017,7,13,6,3,1,2,1,1,0,0,0,0,0,7.7546E+20,5.6365E+21,1.29107E+16,5.08146E+16
161743,,14,6,12,0,2017,7,13,6,2,6,2,0,1,1,0,0,0,0,8.34227E+20,5.66702E+21,1.37702E+16,5.10572E+16
161744,,14,6,12,0,2017,7,10,6,3,5,2,1,1,0,0,0,0,0,8.32486E+20,5.66502E+21,1.37436E+16,5.10403E+16
161745,,14,6,25,560,2017,7,18,5,2,7,1,1,0,0,0,0,0,0,8.81229E+20,5.66988E+21,1.4441E+16,5.10535E+16
161746,,14,6,26,110,2017,7,14,5,3,5,3,0,1,0,0,1,0,0,9.17907E+20,5.68356E+21,1.49773E+16,5.11505E+16
161747,,14,6,28,50,2017,7,13,5,3,0,7,0,1,0,1,0,0,0,8.3213E+20,5.65845E+21,1.37325E+16,5.09816E+16
161748,,14,6,12,0,2017,7,10,5,3,5,2,1,1,0,0,0,0,0,8.34289E+20,5.66563E+21,1.37698E+16,5.10448E+16
161749,,14,5,11,0,2017,8,10,6,2,5,2,1,1,0,0,0,0,0,7.74779E+20,5.63667E+21,1.29012E+16,5.08164E+16
161750,,14,7,13,0,2017,8,18,5,3,5,3,1,1,0,0,0,0,0,7.3931E+20,5.69071E+21,1.24344E+16,5.13172E+16
161751,,14,7,13,0,2017,8,10,5,3,2,2,0,1,0,0,0,0,1,7.34124E+20,5.69655E+21,1.23639E+16,5.13718E+16
161752,,14,7,13,0,2017,8,10,5,3,5,3,1,1,0,0,0,0,1,7.29323E+20,5.69083E+21,1.22914E+16,5.13225E+16
161753,,14,7,13,0,2017,8,23,5,3,5,3,1,1,0,0,0,2,0,7.3616E+20,5.69106E+21,1.23895E+16,5.13218E+16
161754,,14,6,26,110,2017,8,15,5,3,3,6,1,1,0,0,0,0,0,9.1747E+20,5.68274E+21,1.49702E+16,5.11434E+16
161755,,14,6,27,10,2017,8,11,5,3,5,3,0,1,0,0,0,0,0,8.20914E+20,5.67439E+21,1.35874E+16,5.11309E+16
161756,,14,7,13,0,2017,7,17,4,3,4,2,1,1,0,0,0,0,0,7.35141E+20,5.68922E+21,1.23737E+16,5.13057E+16
161757,,14,6,27,60,2017,8,4,5,3,7,7,0,0,0,1,0,2,0,8.17323E+20,5.69692E+21,1.35562E+16,5.13348E+16
161758,,14,6,12,0,2017,8,7,5,2,5,3,1,0,0,0,1,0,0,8.29893E+20,5.66549E+21,1.37071E+16,5.1046E+16
161759,,14,6,12,0,2017,8,10,5,3,6,4,1,0,1,0,0,0,1,8.30204E+20,5.67117E+21,1.37167E+16,5.10967E+16
161760,,14,6,12,0,2017,8,21,5,3,0,5,1,0,0,0,1,2,0,8.35115E+20,5.66264E+21,1.37787E+16,5.10174E+16
161761,,14,6,12,0,2017,8,16,5,3,0,7,0,1,0,1,0,0,0,8.33128E+20,5.66956E+21,1.37569E+16,5.10807E+16
161762,,14,6,12,0,2017,8,16,5,3,5,3,1,1,0,0,0,0,0,8.32163E+20,5.66557E+21,1.37395E+16,5.10454E+16
161763,,14,6,12,0,2017,8,10,5,3,3,2,1,0,0,0,1,0,0,8.31186E+20,5.66389E+21,1.37241E+16,5.1031E+16
161764,,14,5,21,710,2017,8,20,5,3,0,6,1,0,1,0,0,0,0,7.69477E+20,5.61616E+21,1.28111E+16,5.06349E+16
161765,,14,5,22,360,2017,8,20,5,3,8,7,0,1,0,0,0,0,0,7.77188E+20,5.65629E+21,1.29502E+16,5.09913E+16
161766,,14,5,22,590,2017,8,8,5,3,4,6,1,1,0,0,0,0,0,8.07358E+20,5.6443E+21,1.33687E+16,5.08685E+16
161767,,14,5,11,0,2017,8,12,5,3,2,2,0,1,0,0,1,0,1,7.70941E+20,5.63654E+21,1.28467E+16,5.08171E+16
161768,,14,5,11,0,2017,8,12,5,3,2,6,0,1,0,0,1,0,0,7.74807E+20,5.63671E+21,1.29016E+16,5.08168E+16
161769,,14,5,11,0,2017,8,10,5,3,2,6,0,1,0,0,1,0,0,7.74983E+20,5.63776E+21,1.29049E+16,5.08261E+16
161770,,14,5,11,0,2017,8,14,5,3,2,2,0,1,0,0,0,0,1,7.72216E+20,5.63574E+21,1.28642E+16,5.08093E+16
161771,,14,5,22,360,2017,8,16,5,3,5,3,1,1,0,0,0,0,0,7.79148E+20,5.65605E+21,1.29779E+16,5.09883E+16
161772,,14,5,24,320,2017,8,11,4,2,6,4,0,1,1,0,0,0,0,7.47931E+20,5.61992E+21,1.25095E+16,5.06782E+16
161773,,14,5,24,310,2017,8,15,4,3,6,4,0,1,1,0,0,0,0,7.50962E+20,5.61699E+21,1.25504E+16,5.06506E+16
161774,,14,5,23,320,2017,8,22,4,3,8,1,0,1,0,0,0,2,0,7.2287E+20,5.59961E+21,1.21432E+16,5.0506E+16
161775,,14,5,23,320,2017,8,22,4,3,8,1,0,1,0,0,0,2,0,7.22783E+20,5.5995E+21,1.21419E+16,5.05051E+16
161776,,14,7,13,0,2017,8,23,4,3,0,1,1,0,0,0,0,2,0,7.34206E+20,5.69212E+21,1.23622E+16,5.13321E+16
161777,,14,7,13,0,2017,8,17,4,3,5,3,1,1,0,0,0,0,0,7.34372E+20,5.69237E+21,1.23647E+16,5.13343E+16
161778,,14,7,13,0,2017,8,11,4,3,2,2,0,0,0,0,1,0,0,7.31778E+20,5.69018E+21,1.23261E+16,5.13157E+16
161779,,14,7,13,0,2017,8,11,4,3,1,3,0,0,0,1,1,0,0,7.29024E+20,5.69155E+21,1.22876E+16,5.13291E+16
161780,,14,7,13,0,2017,8,18,4,3,8,1,0,1,0,0,0,0,0,7.35625E+20,5.69685E+21,1.23857E+16,5.1374E+16
161781,,14,7,13,0,2017,8,17,4,2,3,2,1,1,0,0,0,0,0,7.32797E+20,5.69416E+21,1.23433E+16,5.13509E+16
161782,,14,7,13,0,2017,8,11,4,3,5,3,1,1,0,0,0,0,0,7.36355E+20,5.69379E+21,1.23941E+16,5.13462E+16
161783,,14,6,26,110,2017,8,13,4,3,5,3,1,1,0,0,0,0,0,9.18031E+20,5.68576E+21,1.49817E+16,5.117E+16
161784,,14,6,25,630,2017,8,10,4,3,1,7,0,1,0,1,0,0,0,8.78025E+20,5.67485E+21,1.44006E+16,5.11002E+16
161785,,14,6,25,630,2017,8,10,4,2,3,7,1,0,0,0,1,0,0,8.76434E+20,5.67436E+21,1.43775E+16,5.10968E+16
161786,,14,6,27,140,2017,8,9,4,3,6,4,0,0,1,0,1,0,0,8.12641E+20,5.67734E+21,1.3472E+16,5.11619E+16
161787,,14,6,27,60,2017,8,7,4,3,6,4,1,0,1,0,0,0,0,8.14454E+20,5.69226E+21,1.3511E+16,5.12946E+16
161788,,14,6,28,220,2017,8,6,4,2,5,2,1,1,0,0,0,0,1,8.34899E+20,5.65515E+21,1.37688E+16,5.09504E+16
161789,,14,6,12,0,2017,8,12,4,3,5,3,1,1,0,0,0,0,0,8.30382E+20,5.67092E+21,1.3719E+16,5.10944E+16
161790,,14,6,12,0,2017,8,16,4,3,2,6,0,1,0,0,0,0,0,8.28923E+20,5.67007E+21,1.36975E+16,5.10876E+16
161791,,14,6,12,0,2017,8,11,4,3,6,6,0,0,1,0,1,0,0,8.38576E+20,5.66814E+21,1.3833E+16,5.10647E+16
161792,,14,6,12,0,2017,8,16,4,3,6,4,1,0,1,0,0,0,0,8.35582E+20,5.66555E+21,1.37881E+16,5.10433E+16
161793,,14,6,12,0,2017,8,7,4,3,2,6,0,1,0,1,0,0,0,8.31955E+20,5.66572E+21,1.37367E+16,5.10469E+16
161794,,14,6,12,0,2017,8,11,4,2,6,4,0,1,1,0,0,0,0,8.3298E+20,5.66621E+21,1.37517E+16,5.10507E+16
161795,,14,6,28,110,2017,8,5,4,2,5,3,0,1,0,0,0,0,1,8.26988E+20,5.66186E+21,1.36626E+16,5.10151E+16
161796,,14,6,12,0,2017,8,7,4,3,5,3,1,0,0,0,0,0,0,8.2978E+20,5.66898E+21,1.37087E+16,5.10774E+16
161797,,14,5,11,0,2017,8,20,4,3,4,2,0,1,0,0,0,0,0,7.77428E+20,5.63913E+21,1.29405E+16,5.08373E+16
161798,,14,5,24,30,2017,8,18,3,3,4,6,0,1,0,1,0,0,0,7.33119E+20,5.63391E+21,1.23091E+16,5.081E+16
161799,,14,5,23,100,2017,8,13,3,3,3,1,1,1,0,0,1,0,0,7.23877E+20,5.61035E+21,1.21638E+16,5.0602E+16
161800,,14,7,30,70,2017,8,18,3,3,5,7,0,1,0,0,0,0,0,7.32018E+20,5.7122E+21,1.2344E+16,5.15132E+16
161801,,14,7,13,0,2017,8,12,3,3,5,3,1,1,0,0,0,0,0,7.36321E+20,5.68822E+21,1.23899E+16,5.12962E+16
161802,,14,7,13,0,2017,8,8,3,3,1,3,0,1,0,0,0,0,1,7.34566E+20,5.69605E+21,1.23699E+16,5.13672E+16
161803,,14,7,29,260,2017,8,6,3,3,5,3,1,1,0,0,0,0,1,7.34563E+20,5.6867E+21,1.23637E+16,5.12832E+16
161804,,14,7,13,0,2017,8,22,3,3,1,5,0,1,0,1,0,2,0,7.36788E+20,5.69226E+21,1.23993E+16,5.13323E+16
161805,,14,7,13,0,2017,8,15,3,2,5,2,0,1,0,0,0,0,0,7.39926E+20,5.69356E+21,1.24451E+16,5.13426E+16
161806,,14,7,13,0,2017,8,0,3,2,5,3,0,1,0,0,0,2,0,7.34006E+20,5.69559E+21,1.23616E+16,5.13633E+16
161807,,14,6,26,530,2017,8,9,3,3,2,6,0,1,0,0,0,0,0,8.94503E+20,5.65745E+21,1.4616E+16,5.09334E+16
161808,,14,6,25,600,2017,8,14,3,2,1,7,1,1,0,0,0,0,0,8.42754E+20,5.67916E+21,1.39029E+16,5.1161E+16
161809,,14,6,25,570,2017,8,12,3,3,2,6,0,1,0,0,0,0,0,8.77784E+20,5.71925E+21,1.44442E+16,5.14978E+16
161810,,14,6,26,110,2017,8,15,3,3,1,2,0,1,0,0,1,0,0,9.16523E+20,5.68311E+21,1.49571E+16,5.11474E+16
161811,,14,6,12,0,2017,8,10,3,3,0,3,1,1,0,0,0,0,0,8.29571E+20,5.66459E+21,1.37017E+16,5.10382E+16
161812,,14,6,12,0,2017,8,12,3,3,6,6,0,1,1,0,0,0,0,8.35413E+20,5.6659E+21,1.3786E+16,5.10465E+16
161813,,14,6,12,0,2017,8,15,3,3,0,7,1,1,0,0,0,0,0,8.36533E+20,5.66351E+21,1.37997E+16,5.10244E+16
161814,,14,6,12,0,2017,8,14,3,3,5,3,1,1,0,0,0,0,0,8.32783E+20,5.66626E+21,1.37489E+16,5.10513E+16
161815,,14,6,12,0,2017,8,19,3,3,5,3,1,1,0,0,0,0,0,8.37531E+20,5.66208E+21,1.38125E+16,5.1011E+16
161816,,14,5,22,580,2017,8,16,3,3,5,3,0,1,0,1,0,0,0,7.69249E+20,5.65635E+21,1.28374E+16,5.09956E+16
161817,,14,5,11,0,2017,8,14,3,3,4,6,1,0,0,0,0,0,0,7.75995E+20,5.63835E+21,1.29197E+16,5.08309E+16
161818,,14,5,11,0,2017,8,15,3,3,0,5,0,1,0,0,0,0,0,7.77211E+20,5.6389E+21,1.29373E+16,5.08353E+16
161819,,14,5,11,0,2017,8,15,3,2,2,6,0,1,0,0,0,0,0,7.75015E+20,5.63916E+21,1.29064E+16,5.08387E+16
161820,,14,7,30,190,2017,7,18,2,2,0,7,1,0,0,0,0,0,0,7.66542E+20,5.71206E+21,1.28403E+16,5.14967E+16
161821,,14,7,29,430,2017,7,21,2,3,1,1,0,1,0,1,0,1,0,7.32208E+20,5.67911E+21,1.23251E+16,5.12161E+16
161822,,14,7,13,0,2017,7,8,2,3,5,3,0,0,0,1,1,0,0,7.28258E+20,5.68247E+21,1.22708E+16,5.12478E+16
161823,,14,7,13,0,2017,7,14,2,3,3,2,1,1,0,0,0,0,0,7.35275E+20,5.69107E+21,1.23768E+16,5.13222E+16
161824,,14,7,13,0,2017,7,19,2,3,5,3,0,1,0,0,0,0,0,7.39758E+20,5.68823E+21,1.24391E+16,5.12948E+16
161825,,14,6,25,430,2017,7,18,2,2,0,1,1,0,0,0,0,0,0,8.37444E+20,5.68179E+21,1.38297E+16,5.11877E+16
161826,,14,6,28,160,2017,7,15,2,3,5,3,1,1,0,0,0,0,0,8.41347E+20,5.65886E+21,1.38637E+16,5.09799E+16
161827,,14,6,28,10,2017,7,12,2,2,8,1,0,1,0,0,0,0,0,8.42417E+20,5.63255E+21,1.38543E+16,5.07436E+16
161828,,14,6,12,0,2017,7,6,2,3,3,5,1,1,0,0,0,0,0,8.29846E+20,5.66374E+21,1.37049E+16,5.10303E+16
161829,,14,6,12,0,2017,7,7,2,3,8,1,0,1,0,0,0,0,0,8.30415E+20,5.66614E+21,1.37152E+16,5.10515E+16
161830,,14,6,12,0,2017,7,15,2,3,1,3,1,0,0,0,1,0,0,8.38198E+20,5.66225E+21,1.38222E+16,5.10121E+16
161831,,14,6,12,0,2017,7,8,2,2,5,2,1,1,0,0,0,0,0,8.35699E+20,5.6625E+21,1.37869E+16,5.10158E+16
161832,,14,6,12,0,2017,7,13,2,3,5,3,0,1,0,1,0,0,0,8.38933E+20,5.6609E+21,1.38313E+16,5.09996E+16
161833,,14,6,12,0,2017,7,10,2,3,0,1,1,0,0,0,0,0,0,8.35638E+20,5.66189E+21,1.37855E+16,5.10104E+16
161834,,14,6,12,0,2017,7,15,2,2,6,4,0,0,1,0,1,0,0,8.33263E+20,5.66573E+21,1.37553E+16,5.10462E+16
161835,,14,6,12,0,2017,7,13,2,2,0,1,1,0,0,0,0,0,0,8.37293E+20,5.66292E+21,1.38099E+16,5.10187E+16
161836,,14,6,12,0,2017,7,15,2,2,6,4,0,1,1,0,0,0,0,8.28397E+20,5.66662E+21,1.36869E+16,5.1057E+16
161837,,14,5,11,0,2017,7,7,2,3,2,2,0,1,0,0,1,0,1,7.74271E+20,5.63701E+21,1.28942E+16,5.08197E+16
161838,,14,5,11,0,2017,7,17,2,3,4,2,1,1,0,0,0,0,0,7.77737E+20,5.63655E+21,1.2943E+16,5.0814E+16
161839,,14,5,11,0,2017,7,13,2,3,0,6,1,0,0,0,1,0,0,7.74798E+20,5.63844E+21,1.29028E+16,5.08323E+16
161840,,14,5,23,200,2017,7,13,1,3,5,3,1,1,0,0,0,0,0,7.36949E+20,5.5785E+21,1.23281E+16,5.03109E+16
161841,,14,5,23,320,2017,7,13,1,3,0,2,1,1,0,0,0,0,0,7.22491E+20,5.59961E+21,1.21379E+16,5.05062E+16
161842,,14,5,23,200,2017,7,18,1,3,2,1,0,1,0,0,0,0,0,7.3671E+20,5.57849E+21,1.23247E+16,5.0311E+16
161843,,14,7,13,0,2017,7,5,1,3,1,1,1,1,0,0,0,2,0,7.35286E+20,5.68911E+21,1.23757E+16,5.13046E+16
161844,,14,7,13,0,2017,7,17,1,3,1,3,1,1,0,0,0,0,0,7.32114E+20,5.69633E+21,1.23349E+16,5.13707E+16
161845,,14,7,13,0,2017,7,15,1,3,2,6,1,1,0,0,0,0,0,7.35007E+20,5.69206E+21,1.23736E+16,5.13312E+16
161846,,14,7,13,0,2017,7,13,1,3,9,1,0,1,0,0,0,0,0,7.41349E+20,5.68716E+21,1.24612E+16,5.12846E+16
161847,,14,6,26,610,2017,7,12,1,3,4,6,1,0,0,0,0,0,0,9.07156E+20,5.65408E+21,1.47913E+16,5.08944E+16
161848,,14,6,26,245,2017,7,0,1,2,6,6,1,0,1,0,0,2,0,8.95259E+20,5.66217E+21,1.46318E+16,5.09751E+16
161849,,14,6,25,240,2017,7,18,1,2,8,1,0,1,0,0,0,0,0,8.57748E+20,5.71101E+21,1.41484E+16,5.1437E+16
161850,,14,6,28,160,2017,7,10,1,3,4,2,1,0,0,0,0,0,0,8.4237E+20,5.65823E+21,1.38776E+16,5.09737E+16
161851,,14,6,12,0,2017,7,15,1,3,0,1,1,0,0,0,0,0,0,8.317E+20,5.66624E+21,1.37335E+16,5.10517E+16
161852,,14,6,12,0,2017,7,10,1,3,1,1,1,1,0,0,0,0,0,8.37389E+20,5.66275E+21,1.38111E+16,5.10171E+16
161853,,14,6,12,0,2017,7,9,1,3,2,6,0,1,0,0,0,0,0,8.3583E+20,5.66674E+21,1.37927E+16,5.10538E+16
161854,,14,5,22,180,2017,7,10,1,2,2,6,0,1,0,1,0,0,0,8.05342E+20,5.64937E+21,1.33444E+16,5.0915E+16
161855,,14,5,21,640,2017,7,19,1,3,2,2,1,0,0,0,0,0,0,7.78825E+20,5.62052E+21,1.29462E+16,5.06696E+16
161856,,14,5,23,340,2017,7,13,7,3,5,3,0,1,0,0,0,0,0,7.33877E+20,5.61307E+21,1.23066E+16,5.06225E+16
161857,,14,7,30,310,2017,7,15,7,3,5,3,1,1,0,0,0,0,0,7.77312E+20,5.71924E+21,1.30008E+16,5.15559E+16
161858,,14,7,13,0,2017,7,3,7,3,1,5,0,1,0,0,0,2,0,7.35003E+20,5.69184E+21,1.23734E+16,5.13293E+16
161859,,14,7,13,0,2017,7,13,7,3,1,7,1,1,0,0,0,0,0,7.37277E+20,5.69633E+21,1.2409E+16,5.13686E+16
161860,,14,7,13,0,2017,7,17,7,3,3,6,0,1,0,0,0,0,0,7.37773E+20,5.69034E+21,1.24121E+16,5.13146E+16
161861,,14,7,13,0,2017,7,15,7,2,0,1,1,0,0,0,0,0,0,7.32583E+20,5.69208E+21,1.23389E+16,5.13324E+16
161862,,14,6,12,0,2017,7,23,7,3,5,7,1,1,0,0,0,2,0,8.3196E+20,5.666E+21,1.3737E+16,5.10494E+16
161863,,14,6,12,0,2017,7,12,7,3,2,7,1,1,0,0,0,0,0,8.37912E+20,5.66449E+21,1.38202E+16,5.10324E+16
161864,,14,5,11,0,2017,7,13,7,3,6,2,0,0,1,0,1,0,0,7.72599E+20,5.63685E+21,1.28704E+16,5.08191E+16
161865,,14,5,23,320,2017,7,8,6,3,3,5,1,1,0,0,0,0,1,7.2261E+20,5.59874E+21,1.2139E+16,5.04983E+16