OBJECTID,UIDENTSTLA,ULAND,UREGBEZ,UKREIS,UGEMEINDE,UJAHR,UMONAT,USTUNDE,UWOCHENTAG,UKATEGORIE,UART,UTYP1,IstRad,IstPKW,IstFuss,IstKrad,IstSonstig,LICHT,STRZUSTAND,LINREFX,LINREFY,XGCSWGS84,YGCSWGS84
162056,,14,6,26,310,2017,8,13,6,3,8,1,0,0,0,1,0,0,1,9.08683E+20,5.65596E+21,1.48151E+16,5.09102E+16
162057,,14,6,25,370,2017,8,11,6,3,4,1,0,1,0,0,0,0,1,8.45499E+20,5.69256E+21,1.39549E+16,5.12794E+16
162058,,14,6,25,240,2017,8,9,6,3,5,3,1,1,0,0,0,0,0,8.66462E+20,5.71264E+21,1.42749E+16,5.14461E+16
162059,,14,6,25,490,2017,8,14,6,3,4,1,0,0,0,1,1,0,1,8.75992E+20,5.69096E+21,1.43886E+16,5.12457E+16
162060,,14,6,25,20,2017,8,11,6,3,2,7,1,1,0,0,0,0,1,8.80335E+20,5.68526E+21,1.44445E+16,5.11919E+16
162061,,14,6,27,190,2017,8,11,6,3,5,3,0,1,0,0,0,0,1,8.05765E+20,5.69256E+21,1.3387E+16,5.1302E+16
162062,,14,6,28,270,2017,8,1,6,2,0,1,0,0,0,1,0,2,1,8.46436E+20,5.65822E+21,1.39353E+16,5.09712E+16
162063,,14,6,12,0,2017,8,23,6,3,1,1,1,1,0,0,0,2,1,8.30894E+20,5.66902E+21,1.37246E+16,5.10771E+16
162064,,14,6,12,0,2017,8,18,6,3,0,1,0,0,0,1,0,0,1,8.29104E+20,5.66858E+21,1.36987E+16,5.10741E+16
162065,,14,6,12,0,2017,8,10,6,3,5,3,0,0,0,0,1,0,1,8.40401E+20,5.66176E+21,1.3853E+16,5.10065E+16
162066,,14,6,12,0,2017,8,22,6,2,0,1,1,0,0,0,0,2,1,8.28221E+20,5.66959E+21,1.36871E+16,5.10837E+16
162067,,14,6,12,0,2017,8,7,6,3,5,2,1,1,0,0,0,0,0,8.30541E+20,5.66627E+21,1.3717E+16,5.10526E+16
162068,,14,6,28,270,2017,8,16,6,3,4,2,0,1,0,0,0,0,1,8.45019E+20,5.65758E+21,1.39146E+16,5.09663E+16
162069,,14,5,22,150,2017,8,15,6,3,5,3,0,1,0,0,0,0,1,7.84033E+20,5.64776E+21,1.30408E+16,5.09115E+16
162070,,14,5,11,0,2017,8,9,6,2,6,7,0,0,1,0,1,0,1,7.75331E+20,5.63744E+21,1.29096E+16,5.08231E+16
162071,,14,5,11,0,2017,8,11,6,3,0,1,0,0,0,1,0,0,1,7.74078E+20,5.63494E+21,1.28899E+16,5.08013E+16
162072,,14,5,21,450,2017,8,18,6,2,6,4,0,1,1,0,0,0,1,7.61266E+20,5.62562E+21,1.27019E+16,5.07235E+16
162073,,14,5,23,20,2017,8,15,5,2,6,7,0,1,1,0,0,0,1,7.40615E+20,5.60058E+21,1.23936E+16,5.05077E+16
162074,,14,7,30,70,2017,8,11,5,3,5,3,0,1,0,0,0,0,0,7.31207E+20,5.71438E+21,1.23337E+16,5.15331E+16
162075,,14,7,13,0,2017,8,13,5,3,4,2,1,1,0,0,0,0,1,7.35498E+20,5.69204E+21,1.23806E+16,5.13308E+16
162076,,14,7,13,0,2017,8,17,5,3,5,3,0,1,0,0,0,0,0,7.35264E+20,5.69522E+21,1.23794E+16,5.13594E+16
162077,,14,7,13,0,2017,8,16,5,3,2,6,0,1,0,1,0,0,1,7.38855E+20,5.68916E+21,1.24268E+16,5.13035E+16
162078,,14,7,13,0,2017,8,13,5,3,6,4,0,1,1,0,1,0,0,7.36606E+20,5.69976E+21,1.24017E+16,5.13996E+16
162079,,14,7,13,0,2017,8,10,5,3,2,6,0,1,0,0,0,0,1,7.35621E+20,5.6969E+21,1.23856E+16,5.13744E+16
162080,,14,7,13,0,2017,8,16,5,3,3,3,1,1,0,0,0,0,0,7.28597E+20,5.69474E+21,1.22835E+16,5.13579E+16
162081,,14,7,13,0,2017,8,13,5,2,8,1,0,1,0,0,0,0,0,7.36644E+20,5.68856E+21,1.23948E+16,5.12991E+16
162082,,14,6,25,240,2017,8,11,5,3,8,1,1,0,0,0,0,0,0,8.70092E+20,5.70815E+21,1.43222E+16,5.14035E+16
162083,,14,6,26,200,2017,8,0,5,3,7,7,1,0,0,0,0,2,0,9.09817E+20,5.69837E+21,1.48792E+16,5.12888E+16
162084,,14,6,25,20,2017,8,14,5,2,0,1,1,0,0,0,0,0,0,8.79438E+20,5.68389E+21,1.44302E+16,5.11802E+16
162085,,14,6,27,230,2017,8,18,5,3,5,3,1,1,0,0,0,0,0,7.99869E+20,5.69177E+21,1.3302E+16,5.12981E+16
162086,,14,6,28,50,2017,8,12,5,3,6,4,0,0,1,1,0,0,0,8.32165E+20,5.65846E+21,1.3733E+16,5.09817E+16
162087,,14,6,12,0,2017,8,14,5,2,5,3,1,1,0,0,0,0,0,8.31908E+20,5.66477E+21,1.37351E+16,5.10384E+16
162088,,14,6,12,0,2017,8,8,5,3,0,7,1,0,0,0,0,0,1,8.39474E+20,5.66169E+21,1.38398E+16,5.10063E+16
162089,,14,6,12,0,2017,8,16,5,3,5,3,1,1,0,0,0,0,0,8.30416E+20,5.67352E+21,1.37219E+16,5.11177E+16
162090,,14,6,12,0,2017,8,15,5,3,1,1,1,1,0,0,0,0,0,8.32934E+20,5.6677E+21,1.37524E+16,5.1064E+16
162091,,14,6,12,0,2017,8,15,5,3,5,3,1,1,0,0,0,0,0,8.35028E+20,5.66421E+21,1.3779E+16,5.10316E+16
162092,,14,6,12,0,2017,8,7,5,3,5,3,1,1,0,0,0,0,1,8.35563E+20,5.66585E+21,1.37881E+16,5.10459E+16
162093,,14,6,12,0,2017,8,14,5,2,0,1,1,0,0,0,0,0,0,8.38849E+20,5.66235E+21,1.38315E+16,5.10127E+16
162094,,14,6,12,0,2017,8,17,5,2,3,6,1,0,0,0,1,0,0,8.30785E+20,5.6665E+21,1.37207E+16,5.10545E+16
162095,,14,6,12,0,2017,8,15,5,3,4,6,1,0,0,0,0,0,0,8.32092E+20,5.66665E+21,1.37395E+16,5.10551E+16
162096,,14,5,21,410,2017,8,17,5,3,8,1,0,1,0,0,0,0,0,7.71578E+20,5.63286E+21,1.2853E+16,5.07838E+16
162097,,14,5,23,320,2017,8,15,4,3,4,2,0,1,0,1,0,0,0,7.21424E+20,5.598E+21,1.21219E+16,5.04921E+16
162098,,14,5,23,320,2017,8,15,4,3,2,6,0,1,0,0,0,0,0,7.22696E+20,5.59908E+21,1.21404E+16,5.05012E+16
162099,,14,5,24,80,2017,8,12,4,3,0,1,1,0,0,0,0,0,0,7.47394E+20,5.63676E+21,1.25132E+16,5.08296E+16
162100,,14,7,29,320,2017,8,6,4,3,0,7,1,0,0,0,0,0,0,7.41515E+20,5.66998E+21,1.2452E+16,5.11303E+16
162101,,14,7,13,0,2017,8,17,4,3,1,1,1,1,0,0,0,0,0,7.36621E+20,5.691E+21,1.23961E+16,5.1321E+16
162102,,14,7,13,0,2017,8,18,4,3,2,6,0,1,0,0,0,0,0,7.34834E+20,5.69222E+21,1.23713E+16,5.13327E+16
162103,,14,7,13,0,2017,8,20,4,3,0,1,0,0,0,1,0,0,0,7.3668E+20,5.69378E+21,1.23987E+16,5.13459E+16
162104,,14,7,13,0,2017,8,17,4,3,4,2,1,1,0,0,0,0,0,7.37596E+20,5.69345E+21,1.24117E+16,5.13426E+16
162105,,14,7,29,270,2017,8,15,4,3,0,5,1,1,0,0,0,0,0,7.24471E+20,5.68837E+21,1.22203E+16,5.13023E+16
162106,,14,7,29,60,2017,8,13,4,3,2,2,0,1,0,0,0,0,0,7.4634E+20,5.69445E+21,1.25376E+16,5.13478E+16
162107,,14,7,13,0,2017,8,17,4,3,5,3,1,1,0,0,0,0,0,7.42237E+20,5.69354E+21,1.24782E+16,5.13415E+16
162108,,14,7,13,0,2017,8,9,4,2,6,2,0,1,1,0,0,0,0,7.38387E+20,5.69091E+21,1.24213E+16,5.13194E+16
162109,,14,7,13,0,2017,8,20,4,2,3,5,0,1,0,1,0,1,0,7.35059E+20,5.69319E+21,1.23751E+16,5.13413E+16
162110,,14,7,13,0,2017,8,15,4,3,5,3,0,1,0,0,0,0,0,7.29255E+20,5.69068E+21,1.22903E+16,5.13212E+16
162111,,14,7,13,0,2017,8,18,4,2,6,4,0,1,1,0,0,0,0,7.37182E+20,5.69366E+21,1.24059E+16,5.13446E+16
162112,,14,7,13,0,2017,8,12,4,2,3,6,1,0,0,0,1,0,0,7.31833E+20,5.68941E+21,1.23264E+16,5.13087E+16
162113,,14,7,13,0,2017,8,10,4,3,5,3,1,1,0,0,0,0,0,7.35914E+20,5.68868E+21,1.23844E+16,5.13005E+16
162114,,14,7,13,0,2017,8,16,4,3,5,2,1,1,0,0,0,0,0,7.40235E+20,5.6939E+21,1.24498E+16,5.13456E+16
162115,,14,6,26,180,2017,8,7,4,3,2,2,0,1,0,1,0,0,0,9.0396E+20,5.6679E+21,1.47615E+16,5.10203E+16
162116,,14,6,25,20,2017,8,14,4,2,5,3,1,1,0,0,0,0,0,8.79442E+20,5.68378E+21,1.44302E+16,5.11792E+16
162117,,14,6,25,360,2017,8,17,4,2,8,1,0,0,0,1,0,0,0,8.71598E+20,5.69275E+21,1.43277E+16,5.12647E+16
162118,,14,6,25,40,2017,8,21,4,2,2,6,0,1,0,0,0,2,0,8.65484E+20,5.67915E+21,1.42266E+16,5.11468E+16
162119,,14,6,27,210,2017,8,17,4,2,5,3,0,1,0,0,0,0,0,8.27419E+20,5.67139E+21,1.36773E+16,5.11003E+16
162120,,14,6,12,0,2017,8,15,4,3,5,3,0,1,0,0,0,0,0,8.27819E+20,5.66567E+21,1.36778E+16,5.10488E+16
162121,,14,6,12,0,2017,8,7,4,3,0,7,1,0,0,0,0,0,0,8.35539E+20,5.66263E+21,1.37847E+16,5.10172E+16
162122,,14,6,12,0,2017,8,16,4,3,0,1,1,0,0,0,0,0,0,8.32261E+20,5.66814E+21,1.37432E+16,5.10684E+16
162123,,14,6,12,0,2017,8,15,4,3,3,6,1,1,0,0,0,0,0,8.33077E+20,5.66814E+21,1.37548E+16,5.10679E+16
162124,,14,6,12,0,2017,8,12,4,3,3,2,1,1,0,0,0,0,0,8.33291E+20,5.66673E+21,1.37566E+16,5.10551E+16
162125,,14,6,12,0,2017,8,14,4,3,2,6,0,1,0,0,1,0,0,8.32193E+20,5.66609E+21,1.37404E+16,5.10501E+16
162126,,14,6,12,0,2017,8,10,4,3,5,3,0,1,0,0,1,0,0,8.33681E+20,5.66653E+21,1.37619E+16,5.10532E+16
162127,,14,5,21,460,2017,8,5,4,2,9,1,0,1,0,0,0,0,0,8.03909E+20,5.62274E+21,1.33021E+16,5.0677E+16
162128,,14,5,11,0,2017,8,13,4,3,6,2,0,1,1,0,0,0,0,7.75493E+20,5.63797E+21,1.29123E+16,5.08278E+16
162129,,14,5,21,20,2017,8,15,4,3,5,3,1,1,0,0,0,0,0,7.84159E+20,5.61137E+21,1.30145E+16,5.0585E+16
162130,,14,5,22,320,2017,8,19,4,2,8,1,0,0,0,1,0,1,0,7.91337E+20,5.63524E+21,1.31345E+16,5.07955E+16
162131,,14,5,11,0,2017,8,6,4,3,0,1,0,0,0,1,0,0,1,7.73869E+20,5.63687E+21,1.28884E+16,5.08187E+16
162132,,14,5,11,0,2017,8,7,4,3,5,3,1,1,0,0,0,0,0,7.7611E+20,5.63997E+21,1.29225E+16,5.08454E+16
162133,,14,5,11,0,2017,8,15,4,3,5,3,0,1,0,0,1,0,0,7.77426E+20,5.63994E+21,1.29411E+16,5.08445E+16
162134,,14,5,23,320,2017,8,19,3,2,0,1,1,0,0,0,0,0,0,7.21348E+20,5.59884E+21,1.21213E+16,5.04997E+16
162135,,14,5,24,330,2017,8,17,3,3,6,4,0,0,1,0,1,0,0,7.45793E+20,5.62185E+21,1.24806E+16,5.06964E+16
162136,,14,7,30,230,2017,8,8,3,3,6,6,0,1,1,0,0,0,0,7.85798E+20,5.69148E+21,1.31005E+16,5.13028E+16
162137,,14,7,13,0,2017,8,21,3,3,5,4,1,0,1,0,0,1,0,7.35915E+20,5.69287E+21,1.23872E+16,5.13381E+16
162138,,14,7,13,0,2017,8,18,3,3,4,2,0,1,0,0,0,0,0,7.28909E+20,5.68967E+21,1.22847E+16,5.13122E+16
162139,,14,7,13,0,2017,8,6,3,3,5,3,1,1,0,0,0,0,0,7.33064E+20,5.69184E+21,1.23456E+16,5.133E+16
162140,,14,7,29,260,2017,8,17,3,3,5,3,0,1,0,0,0,0,0,7.34703E+20,5.68696E+21,1.23659E+16,5.12856E+16
162141,,14,7,13,0,2017,8,18,3,3,2,6,0,0,0,1,1,0,0,7.39234E+20,5.68876E+21,1.2432E+16,5.12998E+16
162142,,14,7,13,0,2017,8,22,3,3,5,3,0,1,0,0,0,2,0,7.2918E+20,5.70056E+21,1.22956E+16,5.14099E+16
162143,,14,7,13,0,2017,8,1,3,3,0,1,0,1,0,0,0,2,0,7.30933E+20,5.69128E+21,1.23147E+16,5.13259E+16
162144,,14,7,13,0,2017,8,16,3,3,5,3,1,0,0,0,1,0,0,7.29945E+20,5.69312E+21,1.23018E+16,5.13427E+16
162145,,14,7,13,0,2017,8,7,3,2,1,7,0,1,0,0,1,0,0,7.37963E+20,5.69374E+21,1.24171E+16,5.1345E+16
162146,,14,7,13,0,2017,8,10,3,3,5,3,1,1,0,0,0,0,0,7.28897E+20,5.69176E+21,1.22859E+16,5.1331E+16
162147,,14,7,13,0,2017,8,9,3,2,6,4,0,0,1,0,1,0,0,7.34409E+20,5.69298E+21,1.23657E+16,5.13397E+16
162148,,14,6,27,10,2017,8,16,3,3,5,3,1,1,0,0,0,0,0,8.2024E+20,5.67337E+21,1.35768E+16,5.11221E+16
162149,,14,6,27,60,2017,8,16,3,3,0,7,1,1,0,0,0,0,0,8.16223E+20,5.69237E+21,1.35364E+16,5.12946E+16
162150,,14,6,12,0,2017,8,6,3,3,5,3,1,1,0,0,0,0,0,8.25269E+20,5.66342E+21,1.36395E+16,5.10301E+16
162151,,14,6,12,0,2017,8,16,3,2,8,1,1,0,0,0,0,0,0,8.29881E+20,5.66295E+21,1.37047E+16,5.10233E+16
162152,,14,6,12,0,2017,8,11,3,3,0,1,1,0,0,0,0,0,0,8.37698E+20,5.66473E+21,1.38174E+16,5.10347E+16
162153,,14,6,12,0,2017,8,19,3,2,0,1,1,0,0,0,0,0,0,8.3712E+20,5.66209E+21,1.38067E+16,5.10114E+16
162154,,14,6,12,0,2017,8,19,3,3,0,1,1,0,0,0,0,0,0,8.3275E+20,5.66851E+21,1.37505E+16,5.10714E+16
162155,,14,6,12,0,2017,8,17,3,3,0,7,1,1,0,0,0,0,0,8.38051E+20,5.66418E+21,1.38219E+16,5.10295E+16
162156,,14,6,12,0,2017,8,8,3,2,2,6,0,1,0,0,0,0,0,8.37519E+20,5.66561E+21,1.38156E+16,5.10426E+16
162157,,14,6,12,0,2017,8,12,3,3,1,7,1,1,0,0,0,0,0,8.3332E+20,5.66775E+21,1.37579E+16,5.10643E+16
162158,,14,6,12,0,2017,8,22,3,3,5,2,1,1,0,0,0,2,0,8.29759E+20,5.66916E+21,1.37086E+16,5.10789E+16
162159,,14,5,21,400,2017,8,15,3,3,4,6,0,1,0,1,0,0,0,7.91755E+20,5.61012E+21,1.31206E+16,5.057E+16
162160,,14,5,11,0,2017,8,7,3,3,2,2,0,1,0,0,0,0,0,7.75959E+20,5.63682E+21,1.2918E+16,5.08173E+16
162161,,14,5,11,0,2017,8,15,3,3,2,7,0,1,0,0,0,0,0,7.78444E+20,5.63879E+21,1.29547E+16,5.08337E+16
162162,,14,5,11,0,2017,8,17,3,3,5,3,0,1,0,1,0,0,0,7.80923E+20,5.6367E+21,1.29882E+16,5.08138E+16
162163,,14,5,23,320,2017,8,18,2,3,5,3,0,1,0,0,0,0,0,7.20062E+20,5.6025E+21,1.21054E+16,5.0533E+16
162164,,14,5,23,160,2017,8,15,2,3,6,4,0,1,1,0,0,0,0,7.46072E+20,5.58413E+21,1.24597E+16,5.03578E+16
162165,,14,5,23,460,2017,8,10,2,3,0,5,0,1,0,0,1,0,0,7.3507E+20,5.59233E+21,1.23104E+16,5.04358E+16
162166,,14,7,29,410,2017,8,16,2,3,5,3,1,0,0,0,0,0,0,7.60774E+20,5.69787E+21,1.2747E+16,5.13721E+16
162167,,14,7,29,220,2017,8,18,2,3,0,3,1,1,0,0,0,0,0,7.48077E+20,5.67514E+21,1.25492E+16,5.11738E+16
162168,,14,7,13,0,2017,8,18,2,3,0,7,0,0,0,1,0,0,0,7.33999E+20,5.6956E+21,1.23615E+16,5.13633E+16
162169,,14,7,13,0,2017,8,8,2,3,3,2,0,1,0,0,1,0,0,7.34406E+20,5.69297E+21,1.23656E+16,5.13396E+16
162170,,14,7,13,0,2017,8,9,2,3,6,2,0,1,1,0,0,0,0,7.35274E+20,5.6909E+21,1.23767E+16,5.13207E+16
162171,,14,7,13,0,2017,8,8,2,3,5,3,1,1,0,0,0,0,0,7.37018E+20,5.69574E+21,1.24049E+16,5.13633E+16
162172,,14,7,13,0,2017,8,17,2,3,6,4,0,1,1,0,0,0,0,7.41536E+20,5.68673E+21,1.24636E+16,5.12806E+16
162173,,14,7,13,0,2017,8,16,2,2,5,3,1,1,0,0,0,0,0,7.31597E+20,5.6907E+21,1.23239E+16,5.13204E+16
162174,,14,7,13,0,2017,8,7,2,3,5,7,1,1,0,0,0,0,0,7.3482E+20,5.6956E+21,1.23733E+16,5.1363E+16
162175,,14,7,13,0,2017,8,14,2,2,3,6,1,1,0,0,0,0,0,7.39691E+20,5.69221E+21,1.24408E+16,5.13305E+16
162176,,14,6,26,85,2017,8,8,2,3,5,3,0,1,0,0,0,0,0,8.93436E+20,5.66181E+21,1.46056E+16,5.09732E+16
162177,,14,6,26,290,2017,8,21,2,3,0,1,1,0,0,0,0,2,0,8.9698E+20,5.67653E+21,1.46719E+16,5.11024E+16
162178,,14,6,26,290,2017,8,18,2,3,0,1,1,0,0,0,0,0,0,8.96916E+20,5.67583E+21,1.46702E+16,5.10962E+16
162179,,14,6,26,600,2017,8,7,2,2,2,6,0,1,0,1,0,0,0,8.90707E+20,5.72094E+21,1.46313E+16,5.15042E+16
162180,,14,6,26,520,2017,8,13,2,3,5,3,1,1,0,0,0,0,0,9.1445E+20,5.68619E+21,1.49312E+16,5.11765E+16
162181,,14,6,25,40,2017,8,7,2,2,1,7,0,1,0,1,0,0,0,8.63381E+20,5.67612E+21,1.41936E+16,5.1121E+16
162182,,14,6,28,160,2017,8,20,2,3,5,3,0,1,0,1,0,0,0,8.41617E+20,5.65893E+21,1.38676E+16,5.09804E+16
162183,,14,6,27,210,2017,8,11,2,3,2,6,0,1,0,0,0,0,0,8.22797E+20,5.67204E+21,1.36121E+16,5.11088E+16
162184,,14,6,27,10,2017,8,10,2,3,5,3,0,1,0,0,0,0,0,8.2091E+20,5.67439E+21,1.35873E+16,5.11309E+16
162185,,14,6,12,0,2017,8,14,2,3,5,3,1,0,0,0,1,0,0,8.33244E+20,5.66681E+21,1.3756E+16,5.10559E+16
162186,,14,6,12,0,2017,8,16,2,3,5,3,1,1,0,0,0,0,0,8.35103E+20,5.6655E+21,1.37812E+16,5.10431E+16
162187,,14,6,12,0,2017,8,17,2,3,0,7,1,0,0,0,0,0,0,8.42194E+20,5.66783E+21,1.38842E+16,5.10598E+16
162188,,14,6,12,0,2017,8,7,2,3,5,3,1,1,0,0,0,0,0,8.34991E+20,5.66492E+21,1.37791E+16,5.1038E+16
162189,,14,5,22,350,2017,8,17,2,3,4,2,1,1,0,0,0,0,0,7.63717E+20,5.65191E+21,1.27555E+16,5.09583E+16
162190,,14,5,22,180,2017,8,10,2,3,6,4,0,1,1,0,0,0,0,8.05201E+20,5.64965E+21,1.33426E+16,5.09176E+16
162191,,14,5,21,550,2017,8,13,2,3,2,3,0,1,0,1,0,0,0,7.68017E+20,5.60619E+21,1.27833E+16,5.05461E+16
162192,,14,5,21,560,2017,8,19,2,3,5,3,1,1,0,0,0,0,0,7.83043E+20,5.60346E+21,1.29928E+16,5.05146E+16
162193,,14,5,11,0,2017,8,10,2,3,0,7,0,0,0,0,1,0,0,7.77086E+20,5.63724E+21,1.29343E+16,5.08205E+16
162194,,14,5,11,0,2017,8,8,2,2,6,7,0,1,1,0,0,0,0,7.76262E+20,5.63859E+21,1.29236E+16,5.0833E+16
162195,,14,5,11,0,2017,8,11,2,3,0,7,0,0,0,0,1,0,0,7.74384E+20,5.63603E+21,1.28951E+16,5.08109E+16
162196,,14,5,11,0,2017,8,14,2,3,0,7,0,0,0,0,1,0,0,7.72969E+20,5.63704E+21,1.28758E+16,5.08207E+16
162197,,14,5,23,20,2017,8,16,1,2,9,1,1,0,0,0,0,0,0,7.41032E+20,5.60089E+21,1.23997E+16,5.05103E+16
162198,,14,5,23,340,2017,8,14,1,2,6,7,0,1,1,0,0,0,0,7.33512E+20,5.61297E+21,1.23014E+16,5.06218E+16
162199,,14,7,13,0,2017,8,15,1,3,5,3,1,1,0,0,0,0,0,7.32822E+20,5.69416E+21,1.23437E+16,5.13509E+16
162200,,14,7,13,0,2017,8,12,1,3,5,3,0,1,0,0,1,0,0,7.36452E+20,5.69349E+21,1.23953E+16,5.13435E+16
162201,,14,7,13,0,2017,8,19,1,3,5,2,1,1,0,0,0,0,0,7.31549E+20,5.69216E+21,1.23241E+16,5.13335E+16
162202,,14,7,13,0,2017,8,13,1,3,5,3,1,1,0,0,0,0,0,7.35966E+20,5.68851E+21,1.2385E+16,5.12989E+16
162203,,14,7,30,270,2017,8,11,1,3,5,3,1,1,0,0,0,0,0,7.25679E+20,5.69814E+21,1.22438E+16,5.13895E+16
162204,,14,7,13,0,2017,8,0,1,3,0,7,0,1,0,0,1,2,0,7.32159E+20,5.69097E+21,1.23321E+16,5.13225E+16
162205,,14,7,13,0,2017,8,12,1,1,8,1,0,1,0,0,0,0,0,7.37397E+20,5.69288E+21,1.24084E+16,5.13376E+16
162206,,14,6,27,140,2017,8,11,1,3,9,1,1,0,0,0,0,0,0,8.14187E+20,5.67708E+21,1.34939E+16,5.11588E+16
162207,,14,6,12,0,2017,8,19,1,3,5,3,1,1,0,0,0,0,0,8.40323E+20,5.66029E+21,1.38505E+16,5.09933E+16
162208,,14,5,22,460,2017,8,17,1,3,0,1,1,0,0,0,0,0,0,7.60352E+20,5.64876E+21,1.27054E+16,5.09316E+16
162209,,14,5,11,0,2017,8,19,1,3,5,3,1,1,0,0,1,0,0,7.74601E+20,5.63903E+21,1.29004E+16,5.08377E+16
162210,,14,5,23,320,2017,8,20,7,2,0,1,1,0,0,0,0,0,1,7.21739E+20,5.59844E+21,1.21266E+16,5.04959E+16
162211,,14,5,24,330,2017,8,15,7,3,8,7,1,1,0,0,0,0,0,7.4484E+20,5.62455E+21,1.24689E+16,5.07211E+16
162212,,14,5,23,365,2017,8,2,7,2,9,1,0,1,0,0,0,2,0,7.18631E+20,5.60613E+21,1.20873E+16,5.05662E+16
162213,,14,7,30,20,2017,8,18,7,3,6,7,0,1,1,0,0,0,1,7.48449E+20,5.72216E+21,1.25873E+16,5.15956E+16
162214,,14,7,30,20,2017,8,11,7,3,5,3,0,1,0,0,1,0,0,7.49401E+20,5.7209E+21,1.26002E+16,5.15838E+16
162215,,14,7,29,260,2017,8,12,7,2,0,7,1,0,0,0,0,0,0,7.35059E+20,5.68728E+21,1.23712E+16,5.12883E+16
162216,,14,7,13,0,2017,8,10,7,3,6,7,0,1,1,0,0,0,0,7.34762E+20,5.69668E+21,1.23732E+16,5.13728E+16
162217,,14,7,29,50,2017,8,21,7,2,5,3,0,1,0,0,1,2,0,7.44129E+20,5.66807E+21,1.2488E+16,5.1112E+16
162218,,14,7,13,0,2017,8,7,7,3,4,6,0,0,0,0,1,0,0,7.2839E+20,5.70101E+21,1.22845E+16,5.14142E+16
162219,,14,6,25,240,2017,8,8,7,3,5,3,1,1,0,0,0,0,0,8.65994E+20,5.71098E+21,1.42665E+16,5.14315E+16
162220,,14,6,27,210,2017,8,19,7,3,2,6,1,0,0,0,0,0,0,8.22516E+20,5.671E+21,1.36072E+16,5.10996E+16
162221,,14,5,22,240,2017,8,19,7,3,6,7,0,1,1,0,0,0,0,8.12821E+20,5.65585E+21,1.3456E+16,5.09691E+16
162222,,14,6,12,0,2017,8,13,7,3,0,7,1,1,0,0,0,0,0,8.31527E+20,5.66643E+21,1.37312E+16,5.10535E+16
162223,,14,5,22,180,2017,8,6,7,3,1,5,0,1,0,0,0,0,0,8.05568E+20,5.64877E+21,1.33471E+16,5.09095E+16
162224,,14,5,11,0,2017,8,8,7,2,0,1,1,0,0,0,0,0,0,7.74914E+20,5.63917E+21,1.29049E+16,5.08389E+16
162225,,14,5,11,0,2017,8,10,7,3,2,6,0,1,0,1,0,0,0,7.77178E+20,5.63519E+21,1.2934E+16,5.08021E+16
162226,,14,5,22,330,2017,8,22,7,2,8,1,0,1,0,0,0,2,0,7.80437E+20,5.64854E+21,1.29904E+16,5.09202E+16
162227,,14,5,24,300,2017,8,13,6,3,5,7,1,1,0,0,0,0,0,7.38358E+20,5.62582E+21,1.23781E+16,5.07352E+16
162228,,14,5,23,170,2017,8,20,6,3,4,2,0,1,0,1,0,0,0,7.3708E+20,5.60943E+21,1.23495E+16,5.05885E+16
162229,,14,5,24,180,2017,8,19,6,2,5,2,0,1,0,1,0,0,0,7.64579E+20,5.64016E+21,1.27592E+16,5.08525E+16
162230,,14,7,29,170,2017,8,12,6,3,1,7,1,1,0,0,0,0,0,7.29723E+20,5.67185E+21,1.2285E+16,5.11519E+16
162231,,14,7,13,0,2017,8,7,6,3,3,6,0,1,0,0,0,0,0,7.35568E+20,5.69291E+21,1.23822E+16,5.13386E+16
162232,,14,7,13,0,2017,8,15,6,3,5,3,1,1,0,0,0,0,0,7.3599E+20,5.69322E+21,1.23885E+16,5.13412E+16
162233,,14,7,13,0,2017,8,22,6,3,2,6,0,1,0,0,0,2,0,7.34792E+20,5.69251E+21,1.23708E+16,5.13353E+16
162234,,14,7,13,0,2017,8,8,6,3,3,2,1,0,0,0,0,0,0,7.35667E+20,5.6925E+21,1.23834E+16,5.13349E+16
162235,,14,7,13,0,2017,8,14,6,3,3,6,0,1,0,1,0,0,0,7.3478E+20,5.69167E+21,1.23701E+16,5.13277E+16
162236,,14,7,13,0,2017,8,16,6,3,2,6,0,1,0,0,0,0,0,7.36483E+20,5.69223E+21,1.23949E+16,5.13321E+16
162237,,14,7,13,0,2017,8,18,6,3,6,7,0,1,1,0,0,0,0,7.37013E+20,5.69377E+21,1.24035E+16,5.13457E+16
162238,,14,7,13,0,2017,8,15,6,3,2,6,0,1,0,1,0,0,0,7.3819E+20,5.69242E+21,1.24195E+16,5.13331E+16
162239,,14,6,12,0,2017,8,15,6,2,2,2,1,1,0,0,0,0,0,8.29272E+20,5.66437E+21,1.36973E+16,5.10363E+16
162240,,14,6,12,0,2017,8,6,6,3,5,3,0,1,0,0,1,0,0,8.39014E+20,5.66202E+21,1.38335E+16,5.10096E+16
162241,,14,6,28,160,2017,8,11,6,3,5,3,0,1,0,0,0,0,0,8.41919E+20,5.65768E+21,1.38707E+16,5.0969E+16
162242,,14,6,12,0,2017,8,11,6,3,3,6,0,1,0,1,0,0,0,8.36815E+20,5.66324E+21,1.38034E+16,5.10219E+16
162243,,14,6,12,0,2017,8,22,6,3,0,1,1,0,0,0,0,2,0,8.32148E+20,5.6668E+21,1.37404E+16,5.10565E+16
162244,,14,6,12,0,2017,8,21,6,3,4,6,1,0,0,0,0,1,0,8.36911E+20,5.66679E+21,1.38081E+16,5.10535E+16
162245,,14,6,12,0,2017,8,20,6,3,0,1,1,0,0,0,0,2,0,8.3558E+20,5.66591E+21,1.37884E+16,5.10465E+16