OBJECTID,UIDENTSTLA,ULAND,UREGBEZ,UKREIS,UGEMEINDE,UJAHR,UMONAT,USTUNDE,UWOCHENTAG,UKATEGORIE,UART,UTYP1,IstRad,IstPKW,IstFuss,IstKrad,IstSonstig,LICHT,STRZUSTAND,LINREFX,LINREFY,XGCSWGS84,YGCSWGS84
162436,,14,5,11,0,2017,8,8,2,3,0,6,1,0,0,0,0,0,0,7.75896E+20,5.63877E+21,1.29186E+16,5.08348E+16
162437,,14,7,13,0,2017,8,21,1,2,0,1,1,0,0,0,0,2,0,7.28952E+20,5.69077E+21,1.2286E+16,5.13221E+16
162438,,14,7,13,0,2017,8,20,1,2,6,4,1,0,1,0,0,0,0,7.35391E+20,5.68918E+21,1.23772E+16,5.13052E+16
162439,,14,7,13,0,2017,8,20,1,2,5,3,0,1,0,1,0,1,0,7.34949E+20,5.69527E+21,1.23749E+16,5.136E+16
162440,,14,7,13,0,2017,8,23,1,3,5,3,0,1,0,0,0,2,1,7.37191E+20,5.69115E+21,1.24043E+16,5.13221E+16
162441,,14,7,13,0,2017,8,18,1,3,5,3,0,1,0,0,0,0,0,7.3178E+20,5.69174E+21,1.23272E+16,5.13296E+16
162442,,14,6,25,240,2017,8,18,1,3,5,3,0,1,0,1,0,0,0,8.6333E+20,5.71235E+21,1.42297E+16,5.14455E+16
162443,,14,6,25,310,2017,8,15,1,3,5,3,0,1,0,0,0,0,0,8.54891E+20,5.71381E+21,1.41102E+16,5.14639E+16
162444,,14,6,12,0,2017,8,17,1,3,5,3,1,1,0,0,0,0,0,8.32137E+20,5.66491E+21,1.37385E+16,5.10395E+16
162445,,14,6,12,0,2017,8,9,1,3,2,6,0,1,0,0,0,0,0,8.36858E+20,5.6666E+21,1.38072E+16,5.10519E+16
162446,,14,5,21,355,2017,8,12,1,3,5,3,0,1,0,0,0,0,0,7.67232E+20,5.60906E+21,1.27743E+16,5.05722E+16
162447,,14,5,11,0,2017,8,20,1,3,5,2,0,1,0,0,0,0,0,7.77745E+20,5.63083E+21,1.29387E+16,5.07626E+16
162448,,14,5,24,330,2017,8,17,7,3,1,5,0,1,0,0,0,0,0,7.48251E+20,5.62531E+21,1.25177E+16,5.07265E+16
162449,,14,5,24,330,2017,8,19,7,3,5,3,0,1,0,0,0,0,0,7.48185E+20,5.626E+21,1.25172E+16,5.07327E+16
162450,,14,5,23,360,2017,8,11,7,2,1,7,0,1,0,0,0,0,0,7.41464E+20,5.60326E+21,1.24073E+16,5.05314E+16
162451,,14,5,24,330,2017,8,17,7,3,4,2,0,1,0,0,0,0,0,7.46899E+20,5.62042E+21,1.24953E+16,5.06832E+16
162452,,14,7,29,160,2017,8,18,7,3,6,4,0,1,1,0,0,0,0,7.59558E+20,5.68165E+21,1.27177E+16,5.12271E+16
162453,,14,6,26,70,2017,8,22,7,2,0,1,0,0,0,1,0,2,0,8.92757E+20,5.67028E+21,1.46051E+16,5.10494E+16
162454,,14,6,25,530,2017,8,15,7,3,0,1,1,0,0,0,0,0,0,8.63379E+20,5.67493E+21,1.41924E+16,5.11104E+16
162455,,14,6,12,0,2017,8,10,7,3,6,6,1,0,1,0,0,0,0,8.37393E+20,5.66423E+21,1.38126E+16,5.10304E+16
162456,,14,5,21,20,2017,8,19,7,3,5,3,0,1,0,1,0,0,0,7.83813E+20,5.6096E+21,1.30083E+16,5.05693E+16
162457,,14,5,11,0,2017,8,11,7,3,2,6,0,1,0,1,0,0,0,7.78779E+20,5.63838E+21,1.29591E+16,5.08299E+16
162458,,14,5,24,330,2017,8,9,6,3,6,7,0,1,1,0,0,0,0,7.47466E+20,5.62631E+21,1.25072E+16,5.07357E+16
162459,,14,5,23,360,2017,8,17,6,2,9,1,1,1,0,0,0,0,0,7.40585E+20,5.60216E+21,1.23942E+16,5.05219E+16
162460,,14,7,13,0,2017,8,11,6,3,5,5,1,1,0,0,0,0,0,7.36048E+20,5.69172E+21,1.23883E+16,5.13277E+16
162461,,14,7,13,0,2017,8,0,6,3,5,3,1,1,0,0,0,2,1,7.34892E+20,5.69434E+21,1.23735E+16,5.13517E+16
162462,,14,7,13,0,2017,8,11,6,3,6,4,1,0,1,0,0,0,0,7.34709E+20,5.69304E+21,1.237E+16,5.13401E+16
162463,,14,7,13,0,2017,8,7,6,3,2,6,0,1,0,0,0,0,0,7.32652E+20,5.69266E+21,1.23403E+16,5.13375E+16
162464,,14,7,13,0,2017,8,15,6,3,6,4,0,1,1,0,0,0,0,7.377E+20,5.69246E+21,1.24125E+16,5.13337E+16
162465,,14,7,13,0,2017,8,15,6,3,1,7,1,1,0,0,0,0,0,7.34998E+20,5.69229E+21,1.23736E+16,5.13333E+16
162466,,14,7,13,0,2017,8,21,6,2,5,3,0,1,0,0,0,2,0,7.37776E+20,5.69374E+21,1.24144E+16,5.13451E+16
162467,,14,7,13,0,2017,8,17,6,2,4,2,1,1,0,0,0,0,0,7.35588E+20,5.69224E+21,1.23821E+16,5.13326E+16
162468,,14,7,13,0,2017,8,19,6,3,4,6,1,1,0,0,0,2,1,7.35185E+20,5.69338E+21,1.2377E+16,5.1343E+16
162469,,14,6,25,20,2017,8,6,6,2,3,2,1,1,0,0,0,0,0,8.78352E+20,5.68394E+21,1.44148E+16,5.11814E+16
162470,,14,6,26,300,2017,8,18,6,2,5,3,0,1,0,0,0,0,0,9.11442E+20,5.67947E+21,1.48807E+16,5.11185E+16
162471,,14,6,27,190,2017,8,10,6,3,5,3,0,1,0,1,0,0,0,8.0863E+20,5.68691E+21,1.34231E+16,5.12499E+16
162472,,14,6,12,0,2017,8,11,6,2,0,7,1,0,0,0,1,0,0,8.29979E+20,5.67032E+21,1.37128E+16,5.10892E+16
162473,,14,6,12,0,2017,8,13,6,3,2,6,0,1,0,0,0,0,0,8.3529E+20,5.66733E+21,1.37856E+16,5.10594E+16
162474,,14,6,12,0,2017,8,7,6,3,1,5,1,1,0,0,0,0,0,8.35464E+20,5.66677E+21,1.37875E+16,5.10543E+16
162475,,14,6,12,0,2017,8,7,6,3,5,2,0,1,0,0,0,0,0,8.31456E+20,5.66556E+21,1.37294E+16,5.10457E+16
162476,,14,6,12,0,2017,8,14,6,3,4,6,1,0,0,0,0,0,0,8.32052E+20,5.66654E+21,1.37388E+16,5.10542E+16
162477,,14,6,12,0,2017,8,8,6,2,1,7,1,1,0,0,0,0,0,8.31412E+20,5.66661E+21,1.37298E+16,5.10552E+16
162478,,14,6,12,0,2017,8,10,6,2,6,7,1,0,1,0,0,0,0,8.35075E+20,5.66417E+21,1.37796E+16,5.10312E+16
162479,,14,5,21,150,2017,8,8,6,3,4,1,0,1,0,1,0,0,0,7.84121E+20,5.62441E+21,1.3024E+16,5.07019E+16
162480,,14,5,11,0,2017,8,21,6,3,5,3,0,1,0,0,0,2,1,7.67733E+20,5.63575E+21,1.28007E+16,5.08115E+16
162481,,14,5,11,0,2017,8,8,6,3,5,3,0,1,0,1,0,0,0,7.75056E+20,5.63525E+21,1.2904E+16,5.08036E+16
162482,,14,5,11,0,2017,8,11,6,3,0,7,0,1,0,0,1,0,0,7.77715E+20,5.63499E+21,1.29415E+16,5.08E+16
162483,,14,5,24,330,2017,8,12,5,3,1,1,1,1,0,0,0,0,0,7.46745E+20,5.62485E+21,1.24961E+16,5.0723E+16
162484,,14,5,23,20,2017,8,15,5,2,0,2,1,1,0,0,0,0,0,7.40759E+20,5.59988E+21,1.23952E+16,5.05014E+16
162485,,14,7,29,160,2017,8,11,5,3,5,3,0,1,0,0,1,0,0,7.64534E+20,5.68758E+21,1.27932E+16,5.12781E+16
162486,,14,7,29,260,2017,8,15,5,3,4,6,1,1,0,0,0,0,0,7.35365E+20,5.68646E+21,1.23751E+16,5.12808E+16
162487,,14,7,13,0,2017,8,14,5,3,3,1,1,1,0,0,0,0,0,7.36072E+20,5.6881E+21,1.23863E+16,5.12952E+16
162488,,14,7,13,0,2017,8,11,5,3,3,2,1,0,0,0,1,0,0,7.34726E+20,5.6909E+21,1.23688E+16,5.13209E+16
162489,,14,6,25,20,2017,8,15,5,3,0,7,0,0,0,1,0,0,1,8.81923E+20,5.68726E+21,1.44692E+16,5.12087E+16
162490,,14,6,27,210,2017,8,6,5,2,0,7,1,0,0,0,0,0,0,8.2587E+20,5.67182E+21,1.36556E+16,5.11051E+16
162491,,14,6,12,0,2017,8,15,5,3,1,5,1,1,0,0,0,0,0,8.30067E+20,5.66999E+21,1.37137E+16,5.10863E+16
162492,,14,6,12,0,2017,8,16,5,2,0,7,1,0,0,0,0,0,0,8.32896E+20,5.66782E+21,1.3752E+16,5.10652E+16
162493,,14,6,12,0,2017,8,9,5,3,3,2,1,0,0,0,1,0,0,8.32331E+20,5.66605E+21,1.37423E+16,5.10496E+16
162494,,14,6,12,0,2017,8,17,5,3,3,6,1,1,0,0,0,0,0,8.36704E+20,5.66416E+21,1.38027E+16,5.10302E+16
162495,,14,6,12,0,2017,8,18,5,3,3,6,0,1,0,1,0,0,0,8.32087E+20,5.67378E+21,1.37459E+16,5.11191E+16
162496,,14,6,12,0,2017,8,13,5,3,2,6,0,1,0,0,1,0,0,8.33246E+20,5.6668E+21,1.3756E+16,5.10558E+16
162497,,14,6,12,0,2017,8,18,5,2,3,7,0,1,0,1,0,0,0,8.30123E+20,5.66603E+21,1.37109E+16,5.10507E+16
162498,,14,5,11,0,2017,8,9,5,3,5,3,1,1,0,0,0,0,0,7.76025E+20,5.63903E+21,1.29206E+16,5.0837E+16
162499,,14,5,22,80,2017,8,6,5,3,5,3,0,1,0,0,0,0,0,7.88635E+20,5.6726E+21,1.31259E+16,5.1132E+16
162500,,14,5,11,0,2017,8,17,5,3,1,2,0,1,0,0,0,0,0,7.78407E+20,5.63853E+21,1.2954E+16,5.08314E+16
162501,,14,5,24,330,2017,8,16,4,3,5,3,0,1,0,0,0,0,0,7.47774E+20,5.62222E+21,1.25088E+16,5.0699E+16
162502,,14,5,24,300,2017,8,15,4,3,2,2,0,1,0,1,0,0,0,7.37699E+20,5.62848E+21,1.23705E+16,5.07593E+16
162503,,14,7,29,430,2017,8,15,4,3,6,4,0,1,1,0,0,0,0,7.32353E+20,5.67932E+21,1.23273E+16,5.12179E+16
162504,,14,7,13,0,2017,8,17,4,3,1,5,1,1,0,0,0,0,0,7.3392E+20,5.69678E+21,1.23612E+16,5.1374E+16
162505,,14,7,13,0,2017,8,10,4,3,6,4,0,0,1,1,0,0,1,7.38031E+20,5.69373E+21,1.24181E+16,5.13449E+16
162506,,14,7,13,0,2017,8,14,4,3,5,3,1,1,0,0,0,0,0,7.33746E+20,5.69556E+21,1.23579E+16,5.13631E+16
162507,,14,7,13,0,2017,8,18,4,3,5,2,0,1,0,0,0,0,0,7.35706E+20,5.6909E+21,1.23829E+16,5.13205E+16
162508,,14,7,13,0,2017,8,9,4,2,5,3,0,1,0,1,0,0,1,7.37991E+20,5.69754E+21,1.24201E+16,5.13792E+16
162509,,14,6,25,80,2017,8,18,4,3,8,1,1,0,0,0,0,0,0,8.65924E+20,5.69251E+21,1.42465E+16,5.12662E+16
162510,,14,6,25,250,2017,8,16,4,3,5,2,1,1,0,0,0,0,0,8.57165E+20,5.69372E+21,1.41227E+16,5.12825E+16
162511,,14,6,27,60,2017,8,14,4,3,5,3,1,0,0,0,0,0,0,8.16336E+20,5.69248E+21,1.35381E+16,5.12956E+16
162512,,14,6,27,60,2017,8,10,4,3,0,7,1,0,0,0,0,0,1,8.15955E+20,5.69187E+21,1.35321E+16,5.12903E+16
162513,,14,6,28,220,2017,8,7,4,3,0,6,1,0,0,0,1,0,0,8.33279E+20,5.65612E+21,1.37467E+16,5.09601E+16
162514,,14,6,12,0,2017,8,15,4,3,2,5,0,1,0,0,0,0,0,8.28662E+20,5.66841E+21,1.36923E+16,5.10729E+16
162515,,14,6,12,0,2017,8,15,4,3,0,1,0,0,0,1,0,0,1,8.29498E+20,5.66506E+21,1.37011E+16,5.10424E+16
162516,,14,6,12,0,2017,8,7,4,2,5,3,1,1,0,0,0,0,0,8.33407E+20,5.66388E+21,1.37556E+16,5.10296E+16
162517,,14,6,12,0,2017,8,16,4,3,3,2,1,1,0,0,0,0,0,8.35621E+20,5.66535E+21,1.37884E+16,5.10414E+16
162518,,14,6,12,0,2017,8,16,4,3,0,1,1,0,0,0,0,0,0,8.34789E+20,5.66671E+21,1.37779E+16,5.10541E+16
162519,,14,6,12,0,2017,8,7,4,3,3,6,1,1,0,0,0,0,1,8.36756E+20,5.66326E+21,1.38026E+16,5.1022E+16
162520,,14,5,11,0,2017,8,12,4,3,2,6,0,1,0,0,0,0,0,7.7643E+20,5.63873E+21,1.29261E+16,5.08341E+16
162521,,14,5,11,0,2017,8,17,4,3,6,4,0,1,1,0,0,0,0,7.76657E+20,5.63992E+21,1.29302E+16,5.08448E+16
162522,,14,5,23,120,2017,8,18,3,3,8,7,0,0,0,0,1,0,0,7.38216E+20,5.59587E+21,1.23569E+16,5.04663E+16
162523,,14,5,23,340,2017,8,9,3,3,4,6,0,1,0,0,0,0,0,7.33779E+20,5.61314E+21,1.23053E+16,5.06232E+16
162524,,14,5,21,60,2017,9,11,5,3,0,7,0,1,0,0,0,0,1,7.85506E+20,5.60207E+21,1.30264E+16,5.05009E+16
162525,,14,5,11,0,2017,9,12,5,3,5,2,1,1,0,0,0,0,1,7.7477E+20,5.63667E+21,1.2901E+16,5.08165E+16
162526,,14,5,21,410,2017,9,8,5,3,4,1,0,1,0,0,0,0,0,7.71578E+20,5.63365E+21,1.28536E+16,5.07909E+16
162527,,14,5,24,160,2017,9,16,4,3,6,4,0,1,1,0,1,0,0,7.56188E+20,5.62847E+21,1.26321E+16,5.07514E+16
162528,,14,7,29,160,2017,9,20,4,3,0,6,1,1,0,0,0,2,0,7.59824E+20,5.68264E+21,1.27223E+16,5.12359E+16
162529,,14,7,13,0,2017,9,13,4,3,5,3,1,1,0,0,0,0,0,7.37738E+20,5.69382E+21,1.24139E+16,5.13458E+16
162530,,14,7,13,0,2017,9,15,4,2,5,3,1,1,0,0,0,0,0,7.32057E+20,5.69294E+21,1.23319E+16,5.13403E+16
162531,,14,7,29,260,2017,9,7,4,3,1,6,0,1,0,0,0,0,0,7.34778E+20,5.68716E+21,1.23671E+16,5.12873E+16
162532,,14,6,25,250,2017,9,14,4,2,5,3,1,1,0,0,0,0,0,8.55571E+20,5.69309E+21,1.40993E+16,5.1278E+16
162533,,14,6,28,270,2017,9,10,4,3,5,2,1,1,0,0,0,0,1,8.46867E+20,5.65747E+21,1.39407E+16,5.09642E+16
162534,,14,6,28,410,2017,9,16,4,2,1,1,1,1,0,0,0,0,0,8.2212E+20,5.66058E+21,1.35922E+16,5.10064E+16
162535,,14,6,12,0,2017,9,14,4,3,5,3,1,1,0,0,0,0,0,8.32905E+20,5.66423E+21,1.37488E+16,5.1033E+16
162536,,14,6,12,0,2017,9,10,4,3,5,3,1,0,0,0,0,0,1,8.37198E+20,5.66345E+21,1.38091E+16,5.10235E+16
162537,,14,6,12,0,2017,9,15,4,3,2,6,0,1,0,1,0,0,0,8.36969E+20,5.66484E+21,1.38071E+16,5.10361E+16
162538,,14,6,12,0,2017,9,15,4,3,5,3,1,1,0,0,0,0,0,8.34692E+20,5.66737E+21,1.37771E+16,5.10601E+16
162539,,14,6,12,0,2017,9,11,4,2,5,3,0,1,0,1,0,0,1,8.34702E+20,5.66492E+21,1.3775E+16,5.10381E+16
162540,,14,5,11,0,2017,9,16,4,2,5,3,1,1,0,0,0,0,1,7.74356E+20,5.63953E+21,1.28973E+16,5.08423E+16
162541,,14,5,24,30,2017,9,16,3,2,2,6,0,1,0,0,1,0,0,7.38982E+20,5.63327E+21,1.23917E+16,5.08018E+16
162542,,14,7,29,160,2017,9,15,3,3,2,6,0,1,0,0,1,0,0,7.59409E+20,5.68199E+21,1.27159E+16,5.12302E+16
162543,,14,7,13,0,2017,9,9,3,3,5,3,0,1,0,0,0,0,0,7.38086E+20,5.69756E+21,1.24214E+16,5.13792E+16
162544,,14,7,13,0,2017,9,17,3,2,5,3,1,1,0,0,0,0,0,7.31476E+20,5.69665E+21,1.2326E+16,5.13738E+16
162545,,14,7,13,0,2017,9,6,3,3,5,3,1,1,0,0,0,1,0,7.38825E+20,5.69576E+21,1.24308E+16,5.13628E+16
162546,,14,7,13,0,2017,9,15,3,3,6,2,0,1,1,0,0,0,0,7.38328E+20,5.69088E+21,1.24204E+16,5.13193E+16
162547,,14,6,26,600,2017,9,11,3,3,6,6,1,0,1,0,0,0,0,8.91566E+20,5.72065E+21,1.46433E+16,5.15009E+16
162548,,14,6,26,110,2017,9,17,3,3,6,6,1,0,1,0,0,0,0,9.1831E+20,5.6836E+21,1.49831E+16,5.11505E+16
162549,,14,6,25,90,2017,9,16,3,3,5,3,1,1,0,0,0,0,0,8.85219E+20,5.67529E+21,1.45034E+16,5.10994E+16
162550,,14,6,28,270,2017,9,18,3,2,5,3,0,1,0,1,0,0,1,8.46234E+20,5.65802E+21,1.39323E+16,5.09694E+16
162551,,14,6,28,270,2017,9,14,3,2,6,4,1,0,1,0,0,0,0,8.46783E+20,5.65696E+21,1.39391E+16,5.09596E+16
162552,,14,6,12,0,2017,9,15,3,3,5,3,1,1,0,0,0,0,0,8.30335E+20,5.67016E+21,1.37177E+16,5.10876E+16
162553,,14,6,12,0,2017,9,15,3,3,0,1,1,0,0,0,0,0,0,8.32182E+20,5.66689E+21,1.3741E+16,5.10573E+16
162554,,14,6,12,0,2017,9,17,3,3,5,3,0,1,0,0,0,0,1,8.33245E+20,5.66681E+21,1.3756E+16,5.10559E+16
162555,,14,6,12,0,2017,9,11,3,3,5,3,0,1,0,0,0,0,0,8.3505E+20,5.66663E+21,1.37815E+16,5.10533E+16
162556,,14,6,12,0,2017,9,11,3,3,5,3,0,1,0,0,0,0,0,8.33517E+20,5.6663E+21,1.37594E+16,5.10512E+16
162557,,14,6,12,0,2017,9,16,3,3,4,7,0,1,0,0,0,0,0,8.34661E+20,5.66768E+21,1.37769E+16,5.10629E+16
162558,,14,5,22,460,2017,9,16,3,3,9,1,0,0,0,1,0,0,1,7.58502E+20,5.65032E+21,1.26803E+16,5.09465E+16
162559,,14,5,11,0,2017,9,17,3,3,6,4,0,1,1,0,0,0,0,7.77774E+20,5.63661E+21,1.29435E+16,5.08145E+16
162560,,14,5,11,0,2017,9,15,3,3,2,2,0,1,0,1,0,0,1,7.77383E+20,5.63896E+21,1.29398E+16,5.08357E+16
162561,,14,5,11,0,2017,9,15,3,3,4,2,1,1,0,0,0,0,0,7.76196E+20,5.63546E+21,1.29203E+16,5.08049E+16
162562,,14,5,24,300,2017,9,17,2,3,8,1,1,0,0,0,0,2,0,7.38956E+20,5.62481E+21,1.23859E+16,5.07259E+16
162563,,14,5,24,50,2017,9,5,2,2,2,2,0,1,0,0,0,1,0,7.42768E+20,5.63517E+21,1.24466E+16,5.08173E+16
162564,,14,5,23,20,2017,9,14,2,3,3,2,0,0,0,1,0,0,0,7.4118E+20,5.60045E+21,1.24015E+16,5.05062E+16
162565,,14,5,24,330,2017,9,19,2,3,8,1,0,1,0,0,0,2,0,7.4609E+20,5.62043E+21,1.24839E+16,5.06836E+16
162566,,14,5,23,170,2017,9,15,2,3,3,2,1,1,0,0,0,0,0,7.38525E+20,5.60772E+21,1.23688E+16,5.05726E+16
162567,,14,7,13,0,2017,9,6,2,3,6,3,0,1,1,0,0,0,0,7.36552E+20,5.69053E+21,1.23948E+16,5.13168E+16
162568,,14,7,13,0,2017,9,17,2,3,0,7,1,0,0,0,0,0,0,7.32436E+20,5.69167E+21,1.23365E+16,5.13288E+16
162569,,14,7,30,270,2017,9,14,2,3,5,3,1,1,0,0,0,0,0,7.23312E+20,5.69846E+21,1.221E+16,5.13933E+16
162570,,14,7,13,0,2017,9,7,2,3,5,3,0,1,0,1,0,0,0,7.35751E+20,5.69657E+21,1.23873E+16,5.13713E+16
162571,,14,6,25,20,2017,9,13,2,2,4,1,0,0,0,1,1,0,0,8.79304E+20,5.68433E+21,1.44288E+16,5.11842E+16
162572,,14,6,28,160,2017,9,9,2,2,2,2,1,1,0,0,0,0,0,8.411E+20,5.65887E+21,1.38602E+16,5.09801E+16
162573,,14,6,12,0,2017,9,21,2,3,0,1,1,0,0,0,0,2,0,8.42071E+20,5.66753E+21,1.38822E+16,5.10571E+16
162574,,14,6,12,0,2017,9,19,2,3,0,7,1,1,0,0,0,2,0,8.35631E+20,5.66524E+21,1.37885E+16,5.10405E+16
162575,,14,6,12,0,2017,9,12,2,3,5,3,0,1,0,0,1,0,0,8.34593E+20,5.6734E+21,1.37813E+16,5.11142E+16
162576,,14,6,12,0,2017,9,15,2,3,3,6,1,0,0,0,0,0,0,8.36832E+20,5.66444E+21,1.38048E+16,5.10326E+16
162577,,14,5,11,0,2017,9,13,2,2,0,3,1,1,0,0,0,0,1,7.75261E+20,5.63905E+21,1.29098E+16,5.08376E+16
162578,,14,5,11,0,2017,9,7,2,2,6,7,0,1,1,0,0,0,0,7.76238E+20,5.63857E+21,1.29233E+16,5.08328E+16
162579,,14,5,11,0,2017,9,12,2,2,0,7,0,1,0,0,1,0,0,7.75264E+20,5.63323E+21,1.29055E+16,5.07853E+16
162580,,14,5,24,320,2017,9,15,1,3,4,6,0,1,0,1,0,0,0,7.48228E+20,5.62008E+21,1.25138E+16,5.06795E+16
162581,,14,5,23,200,2017,9,11,1,3,1,1,0,1,0,1,0,0,0,7.36969E+20,5.57807E+21,1.23281E+16,5.03071E+16
162582,,14,5,23,320,2017,9,6,1,2,0,6,1,1,0,0,0,0,0,7.19319E+20,5.59656E+21,1.20914E+16,5.04799E+16
162583,,14,5,24,300,2017,9,20,1,2,1,1,0,1,0,0,0,2,0,7.39117E+20,5.6253E+21,1.23885E+16,5.07302E+16
162584,,14,7,13,0,2017,9,13,1,3,5,3,0,1,0,0,0,0,0,7.34018E+20,5.70045E+21,1.2365E+16,5.14069E+16
162585,,14,7,13,0,2017,9,14,1,2,6,1,0,1,1,0,0,0,0,7.34483E+20,5.69926E+21,1.23709E+16,5.13961E+16
162586,,14,6,25,20,2017,9,2,1,2,9,1,0,1,0,0,0,2,1,8.80204E+20,5.68263E+21,1.44398E+16,5.11684E+16
162587,,14,6,28,260,2017,9,11,1,2,0,1,1,0,0,0,0,0,1,8.65257E+20,5.66519E+21,1.42093E+16,5.1022E+16
162588,,14,6,28,110,2017,9,16,1,2,5,3,0,1,0,0,1,0,0,8.27324E+20,5.66153E+21,1.3667E+16,5.1012E+16
162589,,14,6,12,0,2017,9,14,1,3,0,1,1,0,0,0,0,0,0,8.32837E+20,5.66848E+21,1.37517E+16,5.10711E+16
162590,,14,5,22,550,2017,9,9,1,3,6,7,0,1,1,0,0,0,0,7.71841E+20,5.64682E+21,1.28671E+16,5.09089E+16
162591,,14,5,22,360,2017,9,11,1,3,0,3,0,1,0,0,0,0,0,7.79189E+20,5.65533E+21,1.29779E+16,5.09818E+16
162592,,14,5,24,80,2017,9,17,7,3,0,1,1,0,0,0,0,0,0,7.49229E+20,5.63634E+21,1.2539E+16,5.08251E+16
162593,,14,7,30,310,2017,9,22,7,3,8,1,0,0,0,1,0,2,0,7.78945E+20,5.71268E+21,1.30191E+16,5.14963E+16
162594,,14,7,13,0,2017,9,6,7,3,5,3,0,1,0,0,0,1,0,7.37857E+20,5.69095E+21,1.24137E+16,5.132E+16
162595,,14,6,25,30,2017,9,14,7,3,2,6,0,1,0,0,0,0,0,8.5008E+20,5.70516E+21,1.40327E+16,5.13894E+16
162596,,14,6,26,370,2017,9,10,7,2,3,6,1,1,0,0,0,0,0,9.06007E+20,5.69869E+21,1.48252E+16,5.12943E+16
162597,,14,6,28,270,2017,9,5,7,3,1,1,0,1,0,0,0,1,0,8.46083E+20,5.65864E+21,1.39307E+16,5.09751E+16
162598,,14,5,22,180,2017,9,10,7,2,6,4,0,1,1,0,0,0,0,8.03791E+20,5.64843E+21,1.33216E+16,5.09074E+16
162599,,14,5,11,0,2017,9,13,7,3,0,7,0,0,0,0,1,0,0,7.75787E+20,5.63902E+21,1.29172E+16,5.0837E+16
162600,,14,5,24,60,2017,9,11,6,3,0,7,1,0,0,0,0,0,0,7.35642E+20,5.62139E+21,1.23368E+16,5.06965E+16
162601,,14,5,23,100,2017,9,21,6,3,4,6,1,0,0,1,0,2,0,7.2416E+20,5.61078E+21,1.21681E+16,5.06058E+16
162602,,14,5,23,340,2017,9,14,6,3,3,5,0,1,0,1,0,0,0,7.32702E+20,5.61266E+21,1.22898E+16,5.06193E+16
162603,,14,7,13,0,2017,9,16,6,3,5,3,0,1,0,0,0,0,0,7.296E+20,5.68861E+21,1.22939E+16,5.13024E+16
162604,,14,7,13,0,2017,9,22,6,2,4,2,0,1,0,1,0,2,1,7.3563E+20,5.69593E+21,1.23851E+16,5.13657E+16
162605,,14,7,13,0,2017,9,10,6,3,4,7,0,1,0,0,0,0,0,7.29877E+20,5.69372E+21,1.23012E+16,5.13482E+16
162606,,14,7,13,0,2017,9,16,6,2,3,2,1,1,0,0,0,0,0,7.34758E+20,5.6938E+21,1.23712E+16,5.13469E+16
162607,,14,7,13,0,2017,9,12,6,1,8,1,0,0,0,1,0,0,0,7.35422E+20,5.69264E+21,1.238E+16,5.13362E+16
162608,,14,6,27,180,2017,9,5,6,2,0,5,0,1,0,1,0,2,0,8.00718E+20,5.66529E+21,1.3292E+16,5.10603E+16
162609,,14,6,12,0,2017,9,16,6,3,6,4,0,1,1,0,0,0,0,8.32065E+20,5.66869E+21,1.37409E+16,5.10735E+16
162610,,14,6,12,0,2017,9,19,6,3,0,1,1,0,0,0,0,0,0,8.35286E+20,5.66883E+21,1.37869E+16,5.10728E+16
162611,,14,6,12,0,2017,9,7,6,3,2,6,0,1,0,1,0,0,0,8.36864E+20,5.6652E+21,1.3806E+16,5.10394E+16
162612,,14,6,12,0,2017,9,13,6,2,2,6,0,1,0,0,1,0,0,8.3322E+20,5.66572E+21,1.37546E+16,5.10461E+16
162613,,14,6,12,0,2017,9,8,6,3,6,4,1,0,1,0,0,0,0,8.35438E+20,5.66471E+21,1.37852E+16,5.10358E+16
162614,,14,6,12,0,2017,9,17,6,2,2,6,0,1,0,0,0,0,0,8.3535E+20,5.66555E+21,1.37848E+16,5.10434E+16
162615,,14,6,12,0,2017,9,14,6,3,5,2,1,1,0,0,0,0,0,8.30311E+20,5.6662E+21,1.37137E+16,5.10521E+16
162616,,14,5,22,180,2017,9,13,6,2,6,4,0,1,1,0,0,0,0,8.04756E+20,5.64841E+21,1.33353E+16,5.09068E+16
162617,,14,5,22,510,2017,9,7,6,3,6,7,0,1,1,0,0,0,0,7.92883E+20,5.66596E+21,1.3181E+16,5.10703E+16
162618,,14,5,11,0,2017,9,9,6,3,4,3,0,0,0,0,1,0,0,7.76287E+20,5.63815E+21,1.29236E+16,5.0829E+16
162619,,14,5,23,320,2017,9,15,5,3,5,3,0,1,0,0,0,0,0,7.24228E+20,5.59509E+21,1.21596E+16,5.04648E+16
162620,,14,7,30,310,2017,9,12,5,3,5,3,0,1,0,0,1,0,0,7.77149E+20,5.71946E+21,1.29986E+16,5.1558E+16
162621,,14,7,13,0,2017,9,7,5,3,4,6,1,0,0,0,0,0,0,7.35604E+20,5.69337E+21,1.2383E+16,5.13427E+16
162622,,14,7,13,0,2017,9,15,5,3,0,5,1,1,0,0,0,0,0,7.34578E+20,5.69486E+21,1.23693E+16,5.13565E+16
162623,,14,7,13,0,2017,9,9,5,3,0,7,1,0,0,0,0,0,0,7.37632E+20,5.69352E+21,1.24122E+16,5.13432E+16
162624,,14,7,13,0,2017,9,8,5,3,5,3,1,1,0,0,0,0,1,7.34826E+20,5.69411E+21,1.23724E+16,5.13496E+16
162625,,14,7,13,0,2017,9,16,5,3,5,3,1,1,0,0,0,0,0,7.35016E+20,5.68771E+21,1.23709E+16,5.12922E+16