OBJECTID,UIDENTSTLA,ULAND,UREGBEZ,UKREIS,UGEMEINDE,UJAHR,UMONAT,USTUNDE,UWOCHENTAG,UKATEGORIE,UART,UTYP1,IstRad,IstPKW,IstFuss,IstKrad,IstSonstig,LICHT,STRZUSTAND,LINREFX,LINREFY,XGCSWGS84,YGCSWGS84
162626,,14,7,13,0,2017,9,7,5,3,0,3,0,1,0,0,1,0,0,7.38716E+20,5.6953E+21,1.24289E+16,5.13587E+16
162627,,14,7,13,0,2017,9,17,5,3,2,6,0,1,0,0,0,1,0,7.33954E+20,5.69508E+21,1.23605E+16,5.13587E+16
162628,,14,7,13,0,2017,9,8,5,2,5,3,1,1,0,0,0,0,1,7.36523E+20,5.69323E+21,1.23961E+16,5.13411E+16
162629,,14,7,13,0,2017,9,17,5,3,0,7,1,0,0,0,0,0,0,7.34746E+20,5.69465E+21,1.23716E+16,5.13546E+16
162630,,14,7,13,0,2017,9,5,5,3,6,2,0,1,1,0,0,2,0,7.34836E+20,5.69221E+21,1.23713E+16,5.13326E+16
162631,,14,7,30,110,2017,9,17,5,3,8,1,0,0,0,0,1,0,0,7.49046E+20,5.70709E+21,1.25853E+16,5.14601E+16
162632,,14,7,13,0,2017,9,9,5,3,3,2,0,1,0,0,1,0,0,7.28909E+20,5.68967E+21,1.22847E+16,5.13122E+16
162633,,14,6,25,310,2017,9,7,5,2,5,3,1,1,0,0,0,0,0,8.53784E+20,5.71118E+21,1.40918E+16,5.1441E+16
162634,,14,6,12,0,2017,9,22,5,3,5,3,0,1,0,0,0,2,0,8.29027E+20,5.6701E+21,1.3699E+16,5.10878E+16
162635,,14,6,12,0,2017,9,15,5,3,6,4,0,1,1,0,0,0,0,8.35665E+20,5.66475E+21,1.37885E+16,5.1036E+16
162636,,14,6,12,0,2017,9,16,5,3,5,3,0,1,0,1,0,0,0,8.3515E+20,5.66601E+21,1.37823E+16,5.10476E+16
162637,,14,6,12,0,2017,9,13,5,3,5,3,0,1,0,0,1,0,1,8.28684E+20,5.67E+21,1.3694E+16,5.10872E+16
162638,,14,5,22,190,2017,9,16,5,2,6,4,0,1,1,0,0,0,1,7.73617E+20,5.66555E+21,1.29064E+16,5.10761E+16
162639,,14,5,22,10,2017,9,6,5,2,5,3,1,1,0,0,0,0,0,7.78176E+20,5.65362E+21,1.29622E+16,5.09669E+16
162640,,14,5,21,20,2017,9,18,5,3,2,2,0,1,0,0,0,0,1,7.83449E+20,5.61007E+21,1.30035E+16,5.05736E+16
162641,,14,5,22,500,2017,9,14,5,1,8,1,1,0,0,0,0,0,1,7.88593E+20,5.66118E+21,1.31162E+16,5.10296E+16
162642,,14,5,11,0,2017,9,6,5,3,5,3,0,1,0,0,0,1,0,7.75015E+20,5.63916E+21,1.29064E+16,5.08387E+16
162643,,14,5,23,320,2017,9,17,4,3,3,5,0,1,0,1,0,0,1,7.22568E+20,5.59852E+21,1.21383E+16,5.04963E+16
162644,,14,5,23,10,2017,9,9,4,3,8,1,0,1,0,0,0,0,0,7.31588E+20,5.57926E+21,1.22534E+16,5.03198E+16
162645,,14,7,30,70,2017,9,14,4,3,5,3,1,0,0,0,0,0,0,7.31433E+20,5.71358E+21,1.23365E+16,5.15258E+16
162646,,14,7,13,0,2017,9,13,4,3,0,7,1,0,0,0,0,0,1,7.34174E+20,5.69218E+21,1.23618E+16,5.13326E+16
162647,,14,7,13,0,2017,9,17,4,3,3,2,1,1,0,0,0,0,0,7.33733E+20,5.69375E+21,1.23565E+16,5.13469E+16
162648,,14,7,13,0,2017,9,9,4,3,5,3,0,1,0,1,0,0,0,7.3517E+20,5.69067E+21,1.23751E+16,5.13187E+16
162649,,14,7,13,0,2017,9,16,4,3,4,6,1,0,0,0,0,0,1,7.36609E+20,5.69515E+21,1.23986E+16,5.13583E+16
162650,,14,7,13,0,2017,9,15,4,3,2,2,0,1,0,0,0,0,1,7.29294E+20,5.691E+21,1.22911E+16,5.1324E+16
162651,,14,7,13,0,2017,9,9,4,3,6,4,0,0,1,0,1,0,0,7.3712E+20,5.69294E+21,1.24045E+16,5.13382E+16
162652,,14,7,13,0,2017,9,11,4,3,4,2,1,1,0,0,0,0,0,7.37574E+20,5.69339E+21,1.24113E+16,5.13421E+16
162653,,14,6,25,250,2017,9,14,4,3,3,2,1,1,0,0,0,0,0,8.55965E+20,5.69315E+21,1.4105E+16,5.12782E+16
162654,,14,6,25,240,2017,9,7,4,3,4,2,0,1,0,1,0,0,0,8.66289E+20,5.71222E+21,1.4272E+16,5.14424E+16
162655,,14,6,25,240,2017,9,15,4,3,4,2,1,1,0,0,0,0,1,8.66465E+20,5.71233E+21,1.42746E+16,5.14433E+16
162656,,14,6,26,370,2017,9,15,4,3,1,7,1,1,0,0,0,0,1,9.05475E+20,5.69854E+21,1.48174E+16,5.12934E+16
162657,,14,6,26,110,2017,9,14,4,3,0,7,1,0,0,0,0,0,1,9.17801E+20,5.68281E+21,1.4975E+16,5.11438E+16
162658,,14,6,28,270,2017,9,18,4,3,0,1,1,0,0,0,0,1,1,8.47074E+20,5.65706E+21,1.39433E+16,5.09604E+16
162659,,14,6,27,210,2017,9,13,4,3,5,3,1,1,0,0,0,0,0,8.26738E+20,5.67159E+21,1.36678E+16,5.11025E+16
162660,,14,6,12,0,2017,9,0,4,2,0,1,1,0,0,0,0,2,0,8.30867E+20,5.66664E+21,1.3722E+16,5.10558E+16
162661,,14,6,12,0,2017,9,16,4,3,5,3,0,1,0,0,0,0,0,8.29848E+20,5.66415E+21,1.37053E+16,5.1034E+16
162662,,14,6,12,0,2017,9,18,4,3,5,3,0,1,0,0,0,0,0,8.33859E+20,5.66795E+21,1.37658E+16,5.10658E+16
162663,,14,6,12,0,2017,9,13,4,3,3,2,0,1,0,1,0,0,0,8.31874E+20,5.6687E+21,1.37382E+16,5.10736E+16
162664,,14,6,12,0,2017,9,14,4,3,0,7,1,0,0,0,0,0,0,8.37315E+20,5.66404E+21,1.38113E+16,5.10287E+16
162665,,14,6,12,0,2017,9,7,4,3,5,3,1,0,0,0,1,0,0,8.32238E+20,5.66578E+21,1.37407E+16,5.10473E+16
162666,,14,6,12,0,2017,9,13,4,3,5,3,1,1,0,0,0,0,0,8.27281E+20,5.66751E+21,1.36718E+16,5.10656E+16
162667,,14,5,22,440,2017,9,17,4,2,0,1,0,0,0,1,0,0,0,7.96278E+20,5.64222E+21,1.321E+16,5.08556E+16
162668,,14,5,11,0,2017,9,7,4,2,6,4,0,1,1,0,0,0,0,7.74841E+20,5.63845E+21,1.29034E+16,5.08324E+16
162669,,14,5,11,0,2017,9,15,4,3,2,6,0,1,0,1,0,0,0,7.75123E+20,5.63743E+21,1.29066E+16,5.08231E+16
162670,,14,5,24,190,2017,9,13,3,3,5,3,1,1,0,0,0,0,0,7.4288E+20,5.63676E+21,1.24493E+16,5.08315E+16
162671,,14,7,13,0,2017,9,8,3,3,3,5,1,1,0,0,0,0,0,7.37343E+20,5.69375E+21,1.24082E+16,5.13454E+16
162672,,14,7,13,0,2017,9,15,3,3,5,3,1,0,0,0,0,0,0,7.37806E+20,5.69131E+21,1.24132E+16,5.13233E+16
162673,,14,7,13,0,2017,9,9,3,3,2,5,1,0,0,0,1,0,0,7.30948E+20,5.69683E+21,1.23186E+16,5.13757E+16
162674,,14,7,13,0,2017,9,5,3,3,2,2,0,1,0,1,0,2,0,7.41231E+20,5.69265E+21,1.24632E+16,5.13339E+16
162675,,14,7,13,0,2017,9,16,3,3,3,5,1,1,0,0,0,0,0,7.34264E+20,5.69834E+21,1.23671E+16,5.13878E+16
162676,,14,7,13,0,2017,9,11,3,3,1,5,1,1,0,0,0,0,0,7.35698E+20,5.69265E+21,1.23839E+16,5.13362E+16
162677,,14,7,29,270,2017,9,15,3,3,4,6,0,1,0,0,0,0,0,7.25547E+20,5.68928E+21,1.22363E+16,5.131E+16
162678,,14,7,13,0,2017,9,17,3,3,5,3,0,1,0,1,0,0,0,7.36572E+20,5.69717E+21,1.23994E+16,5.13764E+16
162679,,14,6,26,280,2017,9,18,3,3,0,1,0,0,0,1,0,0,1,8.96406E+20,5.66135E+21,1.46471E+16,5.0967E+16
162680,,14,6,25,480,2017,9,12,3,3,0,1,1,0,0,0,0,0,0,8.43964E+20,5.67554E+21,1.39167E+16,5.11278E+16
162681,,14,6,26,110,2017,9,11,3,3,8,1,0,1,0,0,0,0,0,9.183E+20,5.68449E+21,1.4984E+16,5.11584E+16
162682,,14,6,25,40,2017,9,15,3,3,0,7,1,0,0,0,0,0,0,8.62977E+20,5.67651E+21,1.41883E+16,5.11248E+16
162683,,14,6,28,270,2017,9,11,3,3,0,7,1,0,0,0,0,0,0,8.45615E+20,5.65869E+21,1.39241E+16,5.09758E+16
162684,,14,6,12,0,2017,9,7,3,3,0,3,1,1,0,0,0,0,0,8.30321E+20,5.67094E+21,1.37182E+16,5.10946E+16
162685,,14,6,12,0,2017,9,8,3,3,2,6,0,1,0,0,1,0,0,8.33401E+20,5.66355E+21,1.37552E+16,5.10266E+16
162686,,14,6,12,0,2017,9,10,3,3,5,2,1,1,0,0,0,0,0,8.36785E+20,5.66633E+21,1.38059E+16,5.10496E+16
162687,,14,6,12,0,2017,9,15,3,3,5,3,0,1,0,0,0,0,0,8.34881E+20,5.66532E+21,1.37779E+16,5.10416E+16
162688,,14,6,12,0,2017,9,10,3,3,2,6,0,1,0,0,0,0,0,8.36587E+20,5.66534E+21,1.38021E+16,5.10408E+16
162689,,14,6,12,0,2017,9,6,3,3,5,3,1,1,0,0,0,0,0,8.40012E+20,5.66528E+21,1.38508E+16,5.10382E+16
162690,,14,6,12,0,2017,9,18,3,2,0,1,1,0,0,0,0,0,0,8.27201E+20,5.6694E+21,1.36724E+16,5.10826E+16
162691,,14,5,11,0,2017,9,7,3,3,1,6,0,1,0,1,0,0,0,7.76271E+20,5.63883E+21,1.29239E+16,5.08351E+16
162692,,14,7,13,0,2017,9,14,2,3,2,6,0,1,0,0,1,0,0,7.3517E+20,5.69358E+21,1.2377E+16,5.13448E+16
162693,,14,7,13,0,2017,9,17,2,3,0,7,0,0,1,0,1,0,0,7.34322E+20,5.69551E+21,1.23661E+16,5.13624E+16
162694,,14,7,30,310,2017,9,14,2,2,9,1,0,0,0,1,0,0,0,7.80085E+20,5.71275E+21,1.30355E+16,5.14963E+16
162695,,14,7,29,30,2017,9,16,2,2,6,6,1,0,1,0,0,0,0,7.5822E+20,5.69816E+21,1.27106E+16,5.13759E+16
162696,,14,6,26,85,2017,9,8,2,3,8,1,1,0,0,0,0,0,0,8.9462E+20,5.6649E+21,1.46257E+16,5.1E+16
162697,,14,6,25,580,2017,9,13,2,2,0,1,1,0,0,0,0,0,0,8.53797E+20,5.68423E+21,1.40652E+16,5.11996E+16
162698,,14,6,26,110,2017,9,14,2,1,4,2,1,1,0,0,0,0,0,9.1879E+20,5.68368E+21,1.499E+16,5.11509E+16
162699,,14,6,12,0,2017,9,15,2,3,3,6,1,0,0,0,0,0,0,8.30622E+20,5.66638E+21,1.37183E+16,5.10536E+16
162700,,14,6,12,0,2017,9,8,2,3,0,7,0,0,0,0,1,0,0,8.28349E+20,5.66423E+21,1.3684E+16,5.10356E+16
162701,,14,6,12,0,2017,9,16,2,3,6,4,0,1,1,0,0,0,0,8.30818E+20,5.66492E+21,1.37198E+16,5.10404E+16
162702,,14,6,12,0,2017,9,16,2,3,2,6,0,1,0,0,0,0,0,8.2884E+20,5.67005E+21,1.36963E+16,5.10875E+16
162703,,14,5,22,180,2017,9,12,2,3,2,7,0,0,0,1,1,0,0,8.06897E+20,5.6486E+21,1.33658E+16,5.09073E+16
162704,,14,5,11,0,2017,9,9,2,3,2,2,1,1,0,0,0,0,0,7.75382E+20,5.63328E+21,1.29072E+16,5.07858E+16
162705,,14,5,11,0,2017,9,0,2,3,8,7,0,1,0,0,0,2,0,7.75712E+20,5.63691E+21,1.29146E+16,5.08182E+16
162706,,14,5,11,0,2017,9,13,2,2,0,7,0,0,0,0,1,0,0,7.77257E+20,5.63978E+21,1.29386E+16,5.08432E+16
162707,,14,5,11,0,2017,9,18,2,3,5,3,1,1,0,0,0,0,0,7.76932E+20,5.63896E+21,1.29334E+16,5.0836E+16
162708,,14,5,22,150,2017,9,10,2,3,5,3,0,1,0,0,0,0,0,7.83857E+20,5.64792E+21,1.30384E+16,5.0913E+16
162709,,14,7,30,45,2017,9,10,1,2,0,1,1,0,0,0,0,0,0,7.90811E+20,5.70737E+21,1.31852E+16,5.14427E+16
162710,,14,5,23,320,2017,9,22,1,3,0,7,0,0,0,1,0,2,0,7.22884E+20,5.6025E+21,1.21451E+16,5.05319E+16
162711,,14,5,23,120,2017,9,11,1,3,5,3,0,1,0,0,0,0,0,7.38678E+20,5.59725E+21,1.23642E+16,5.04786E+16
162712,,14,5,24,330,2017,9,20,1,3,5,3,0,1,0,0,0,2,0,7.44288E+20,5.62443E+21,1.2461E+16,5.07202E+16
162713,,14,7,13,0,2017,9,19,1,3,5,3,1,1,0,0,0,2,0,7.36343E+20,5.69276E+21,1.23932E+16,5.13369E+16
162714,,14,7,13,0,2017,9,14,1,3,3,6,1,1,0,0,0,0,0,7.32036E+20,5.69879E+21,1.23354E+16,5.13928E+16
162715,,14,7,13,0,2017,9,19,1,3,5,3,0,1,0,0,0,0,0,7.34957E+20,5.69931E+21,1.23777E+16,5.13963E+16
162716,,14,6,26,290,2017,9,4,1,3,6,7,0,1,1,0,0,2,0,8.96625E+20,5.6759E+21,1.46661E+16,5.1097E+16
162717,,14,5,24,330,2017,9,11,7,2,5,3,0,1,0,1,0,0,0,7.46125E+20,5.62628E+21,1.24883E+16,5.07361E+16
162718,,14,7,29,320,2017,9,6,7,3,0,7,0,1,0,0,0,0,0,7.42185E+20,5.67302E+21,1.24636E+16,5.11573E+16
162719,,14,7,13,0,2017,9,11,7,3,6,4,0,0,1,0,1,0,0,7.35587E+20,5.69311E+21,1.23826E+16,5.13404E+16
162720,,14,6,28,360,2017,9,13,7,2,8,7,0,1,0,0,0,0,0,8.70542E+20,5.66011E+21,1.42792E+16,5.09731E+16
162721,,14,6,12,0,2017,9,15,7,3,6,4,1,0,1,0,0,0,0,8.35813E+20,5.66221E+21,1.37883E+16,5.10132E+16
162722,,14,6,12,0,2017,9,11,7,3,3,6,1,1,0,0,0,0,0,8.34814E+20,5.67348E+21,1.37845E+16,5.11148E+16
162723,,14,6,12,0,2017,9,10,7,3,2,3,1,1,0,0,0,0,0,8.35861E+20,5.66608E+21,1.37925E+16,5.10478E+16
162724,,14,6,12,0,2017,9,12,7,3,3,6,1,0,0,0,1,0,0,8.34682E+20,5.66751E+21,1.37771E+16,5.10613E+16
162725,,14,6,12,0,2017,9,6,7,3,5,3,0,1,0,0,0,1,0,8.33517E+20,5.6663E+21,1.37594E+16,5.10512E+16
162726,,14,5,21,390,2017,9,18,7,2,9,7,0,1,0,0,0,0,0,7.96838E+20,5.61595E+21,1.31968E+16,5.06197E+16
162727,,14,5,11,0,2017,9,9,7,3,0,7,0,0,0,1,0,0,0,7.73051E+20,5.63696E+21,1.28769E+16,5.08199E+16
162728,,14,5,24,330,2017,9,11,6,3,5,3,0,1,0,0,0,0,0,7.48616E+20,5.62596E+21,1.25233E+16,5.07322E+16
162729,,14,7,13,0,2017,9,5,6,3,2,6,0,1,0,0,0,2,0,7.34566E+20,5.69488E+21,1.23692E+16,5.13567E+16
162730,,14,7,13,0,2017,9,14,6,3,5,3,1,1,0,0,0,0,0,7.36081E+20,5.69263E+21,1.23894E+16,5.13358E+16
162731,,14,7,13,0,2017,9,5,6,3,5,3,1,1,0,0,0,1,0,7.34644E+20,5.69349E+21,1.23694E+16,5.13442E+16
162732,,14,7,13,0,2017,9,11,6,3,5,3,1,1,0,0,0,0,0,7.27245E+20,5.69321E+21,1.22631E+16,5.13446E+16
162733,,14,7,13,0,2017,9,9,6,3,6,7,0,1,1,0,0,0,0,7.35159E+20,5.69105E+21,1.23751E+16,5.1322E+16
162734,,14,7,13,0,2017,9,14,6,3,5,3,1,1,0,0,0,0,0,7.35118E+20,5.69398E+21,1.23765E+16,5.13484E+16
162735,,14,7,30,70,2017,9,21,6,3,5,3,1,1,0,0,0,2,0,7.31761E+20,5.71343E+21,1.23411E+16,5.15243E+16
162736,,14,7,13,0,2017,9,9,6,3,2,2,0,1,0,0,0,0,0,7.34006E+20,5.6956E+21,1.23616E+16,5.13633E+16
162737,,14,7,13,0,2017,9,8,6,3,6,2,0,1,1,0,0,0,0,7.39035E+20,5.68823E+21,1.24288E+16,5.12951E+16
162738,,14,6,25,200,2017,9,16,6,3,5,3,0,1,0,0,0,0,1,8.51327E+20,5.6779E+21,1.40238E+16,5.11445E+16
162739,,14,6,25,480,2017,9,16,6,3,5,2,1,0,0,0,1,0,1,8.43E+20,5.67351E+21,1.3901E+16,5.11102E+16
162740,,14,6,25,20,2017,9,7,6,3,2,2,0,1,0,0,1,0,1,8.79017E+20,5.68339E+21,1.44237E+16,5.1176E+16
162741,,14,6,12,0,2017,9,8,6,3,8,1,0,1,0,0,1,0,1,8.23085E+20,5.66372E+21,1.36088E+16,5.1034E+16
162742,,14,6,12,0,2017,9,18,6,3,6,4,0,1,1,0,0,0,1,8.39061E+20,5.66188E+21,1.38341E+16,5.10084E+16
162743,,14,6,12,0,2017,9,22,6,3,6,4,0,1,1,0,0,2,1,8.33025E+20,5.66796E+21,1.37539E+16,5.10663E+16
162744,,14,6,12,0,2017,9,8,6,3,0,7,1,0,0,0,0,0,1,8.32709E+20,5.66754E+21,1.3749E+16,5.10627E+16
162745,,14,6,12,0,2017,9,11,6,3,2,2,0,0,0,0,1,0,1,8.33826E+20,5.66685E+21,1.37643E+16,5.1056E+16
162746,,14,5,21,400,2017,9,14,6,3,5,3,0,1,0,0,0,0,1,7.91417E+20,5.61044E+21,1.31161E+16,5.05731E+16
162747,,14,5,11,0,2017,9,18,6,2,2,7,0,1,0,0,0,0,0,7.74197E+20,5.63426E+21,1.28911E+16,5.07951E+16
162748,,14,5,24,330,2017,8,16,5,3,1,2,0,1,0,0,0,0,1,7.46806E+20,5.62217E+21,1.24951E+16,5.06989E+16
162749,,14,5,24,160,2017,8,19,5,3,1,2,0,1,0,0,0,2,1,7.55816E+20,5.62883E+21,1.26271E+16,5.07548E+16
162750,,14,7,30,110,2017,8,16,5,3,0,3,0,1,0,1,0,0,0,7.5226E+20,5.70734E+21,1.26316E+16,5.14609E+16
162751,,14,7,13,0,2017,8,8,5,3,3,2,0,1,0,0,1,0,0,7.35499E+20,5.69203E+21,1.23807E+16,5.13307E+16
162752,,14,7,13,0,2017,8,8,5,2,5,3,1,1,0,0,0,0,0,7.37038E+20,5.69109E+21,1.24021E+16,5.13217E+16
162753,,14,7,13,0,2017,8,7,5,3,2,6,0,1,0,0,1,0,0,7.34308E+20,5.69181E+21,1.23634E+16,5.13293E+16
162754,,14,7,13,0,2017,8,17,5,3,3,6,1,0,0,1,0,0,1,7.37802E+20,5.69133E+21,1.24132E+16,5.13235E+16
162755,,14,7,13,0,2017,8,1,5,2,6,4,0,1,1,0,0,2,0,7.37566E+20,5.69153E+21,1.24099E+16,5.13253E+16
162756,,14,7,13,0,2017,8,11,5,3,5,3,0,1,0,0,0,0,1,7.31754E+20,5.69085E+21,1.23262E+16,5.13217E+16
162757,,14,7,13,0,2017,8,7,5,3,1,5,1,1,0,0,0,0,0,7.36307E+20,5.69279E+21,1.23927E+16,5.13372E+16
162758,,14,7,13,0,2017,8,9,5,3,5,3,1,1,0,0,0,0,0,7.3441E+20,5.69265E+21,1.23655E+16,5.13367E+16
162759,,14,6,26,60,2017,8,7,5,3,5,3,0,0,0,0,1,0,0,8.85509E+20,5.71187E+21,1.45469E+16,5.14265E+16
162760,,14,6,25,240,2017,8,5,5,3,0,1,0,0,0,1,0,1,1,8.66593E+20,5.71242E+21,1.42766E+16,5.1444E+16
162761,,14,6,28,160,2017,8,22,5,3,1,7,1,1,0,0,0,2,1,8.4166E+20,5.65752E+21,1.38669E+16,5.09677E+16
162762,,14,6,27,140,2017,8,7,5,3,2,6,0,1,0,1,0,0,1,8.12702E+20,5.67743E+21,1.3473E+16,5.11626E+16
162763,,14,6,12,0,2017,8,7,5,3,2,6,0,1,0,0,0,0,1,8.30696E+20,5.66644E+21,1.37194E+16,5.10541E+16
162764,,14,6,12,0,2017,8,19,5,3,6,4,0,1,1,0,0,2,1,8.30535E+20,5.66667E+21,1.37173E+16,5.10562E+16
162765,,14,6,12,0,2017,8,21,5,3,3,6,1,0,0,0,1,2,1,8.3376E+20,5.66319E+21,1.376E+16,5.10231E+16
162766,,14,6,12,0,2017,8,7,5,3,0,1,1,0,0,0,0,0,0,8.3872E+20,5.66189E+21,1.38292E+16,5.10086E+16
162767,,14,6,12,0,2017,8,22,5,3,5,3,0,0,0,0,1,2,1,8.35047E+20,5.6654E+21,1.37803E+16,5.10422E+16
162768,,14,6,12,0,2017,8,21,5,3,4,6,0,1,0,0,0,2,1,8.36037E+20,5.66309E+21,1.37923E+16,5.1021E+16
162769,,14,6,12,0,2017,8,20,5,3,4,2,0,1,0,0,0,1,1,8.36104E+20,5.66554E+21,1.37955E+16,5.10428E+16
162770,,14,5,21,460,2017,8,16,5,3,2,7,0,1,0,1,0,0,1,8.07261E+20,5.62056E+21,1.33476E+16,5.06557E+16
162771,,14,5,22,180,2017,8,9,5,3,0,1,1,0,0,0,0,0,0,8.05574E+20,5.64958E+21,1.33479E+16,5.09168E+16
162772,,14,5,11,0,2017,8,17,5,3,5,3,0,1,0,0,0,0,1,7.741E+20,5.63885E+21,1.28932E+16,5.08363E+16
162773,,14,5,11,0,2017,8,10,5,3,0,7,0,0,1,0,1,0,0,7.75314E+20,5.63915E+21,1.29106E+16,5.08384E+16
162774,,14,5,24,300,2017,8,17,4,3,5,3,1,1,0,0,0,0,0,7.38082E+20,5.62552E+21,1.2374E+16,5.07326E+16
162775,,14,5,23,320,2017,8,10,4,3,1,6,0,1,0,0,0,0,0,7.22517E+20,5.59774E+21,1.21371E+16,5.04893E+16
162776,,14,5,23,320,2017,8,11,4,2,8,7,0,1,0,0,0,0,0,7.22162E+20,5.59988E+21,1.21334E+16,5.05087E+16
162777,,14,7,13,0,2017,8,14,4,3,5,3,1,1,0,0,0,0,0,7.32056E+20,5.69294E+21,1.23319E+16,5.13403E+16
162778,,14,7,13,0,2017,8,8,4,3,1,3,1,1,0,0,0,0,0,7.34086E+20,5.69343E+21,1.23613E+16,5.13438E+16
162779,,14,7,13,0,2017,8,18,4,3,0,3,1,0,0,0,1,0,0,7.31879E+20,5.69874E+21,1.23332E+16,5.13924E+16
162780,,14,7,13,0,2017,8,8,4,3,5,3,1,1,0,0,0,0,0,7.40466E+20,5.69402E+21,1.24532E+16,5.13465E+16
162781,,14,7,13,0,2017,8,13,4,2,4,2,0,1,0,0,1,0,0,7.36749E+20,5.6888E+21,1.23964E+16,5.13012E+16
162782,,14,7,30,310,2017,8,11,4,2,3,5,0,1,0,1,0,0,0,7.76963E+20,5.71977E+21,1.29962E+16,5.15609E+16
162783,,14,7,13,0,2017,8,19,4,3,5,6,1,1,0,0,0,0,0,7.34532E+20,5.69316E+21,1.23675E+16,5.13412E+16
162784,,14,6,25,240,2017,8,18,4,3,5,3,1,1,0,0,0,0,0,8.65334E+20,5.71227E+21,1.42584E+16,5.14435E+16
162785,,14,6,25,240,2017,8,5,4,3,5,3,0,1,0,0,0,0,0,8.6625E+20,5.713E+21,1.42722E+16,5.14494E+16
162786,,14,6,26,110,2017,8,12,4,3,4,2,1,1,0,0,0,0,0,9.17818E+20,5.68583E+21,1.49787E+16,5.11708E+16
162787,,14,6,25,525,2017,8,6,4,2,0,1,1,0,0,0,0,0,0,8.81516E+20,5.67534E+21,1.44508E+16,5.11022E+16
162788,,14,6,26,245,2017,8,17,4,2,9,1,0,1,0,0,0,0,0,8.98218E+20,5.66383E+21,1.46755E+16,5.09879E+16
162789,,14,6,12,0,2017,8,11,4,3,2,6,0,1,0,0,0,0,0,8.30646E+20,5.66639E+21,1.37187E+16,5.10536E+16
162790,,14,6,12,0,2017,8,15,4,3,7,7,0,1,0,0,0,0,0,8.34443E+20,5.66114E+21,1.37678E+16,5.10044E+16
162791,,14,6,12,0,2017,8,15,4,3,1,5,1,1,0,0,0,0,0,8.34399E+20,5.66633E+21,1.3772E+16,5.10509E+16
162792,,14,6,12,0,2017,8,21,4,3,5,3,1,1,0,0,0,2,0,8.34704E+20,5.66737E+21,1.37773E+16,5.10601E+16
162793,,14,6,12,0,2017,8,17,4,3,6,4,0,1,1,0,0,0,0,8.345E+20,5.6661E+21,1.37732E+16,5.10488E+16
162794,,14,6,12,0,2017,8,15,4,3,5,3,0,1,0,0,0,0,0,8.33863E+20,5.66795E+21,1.37658E+16,5.10658E+16
162795,,14,6,12,0,2017,8,5,4,3,5,3,1,1,0,0,0,0,0,8.33871E+20,5.67479E+21,1.37723E+16,5.1127E+16
162796,,14,5,21,550,2017,8,16,4,3,5,2,0,1,0,1,0,0,0,7.6844E+20,5.60595E+21,1.27891E+16,5.05437E+16
162797,,14,5,11,0,2017,8,15,4,3,1,3,1,1,0,0,0,0,0,7.76461E+20,5.63387E+21,1.29229E+16,5.07905E+16
162798,,14,5,21,550,2017,9,14,5,2,4,6,0,1,0,0,0,0,1,7.67358E+20,5.60596E+21,1.27739E+16,5.05443E+16
162799,,14,5,24,210,2017,9,9,5,2,5,3,1,1,0,0,0,0,0,7.37848E+20,5.63174E+21,1.23747E+16,5.07886E+16
162800,,14,5,24,30,2017,9,11,5,2,6,4,0,0,1,0,1,0,0,7.38799E+20,5.63391E+21,1.23896E+16,5.08076E+16
162801,,14,5,23,320,2017,9,15,5,3,3,2,0,1,0,1,0,0,0,7.22968E+20,5.59902E+21,1.21442E+16,5.05007E+16
162802,,14,5,24,280,2017,9,19,5,2,8,1,1,0,0,0,0,2,0,7.55098E+20,5.63124E+21,1.26186E+16,5.07767E+16
162803,,14,5,23,120,2017,9,18,5,2,5,3,0,1,0,1,0,1,0,7.32774E+20,5.59728E+21,1.22812E+16,5.04812E+16
162804,,14,5,24,200,2017,9,14,5,3,5,3,1,0,0,0,1,0,0,7.53384E+20,5.62495E+21,1.259E+16,5.07211E+16
162805,,14,7,30,250,2017,9,14,5,3,2,6,1,1,0,0,0,0,0,7.34323E+20,5.70764E+21,1.23741E+16,5.14714E+16
162806,,14,7,29,10,2017,9,16,5,3,5,3,1,1,0,0,0,0,0,7.55057E+20,5.6722E+21,1.26467E+16,5.11443E+16
162807,,14,7,29,80,2017,9,12,5,3,6,7,0,0,1,0,1,0,0,7.66781E+20,5.67078E+21,1.28129E+16,5.11263E+16
162808,,14,7,13,0,2017,9,13,5,3,1,5,1,1,0,0,0,0,0,7.35155E+20,5.69279E+21,1.23762E+16,5.13377E+16
162809,,14,6,12,0,2017,9,7,6,3,2,6,0,1,0,1,0,0,0,8.33674E+20,5.66552E+21,1.37609E+16,5.10441E+16
162810,,14,6,12,0,2017,9,7,6,3,0,7,0,1,0,1,0,0,0,8.3295E+20,5.66643E+21,1.37515E+16,5.10526E+16
162811,,14,6,12,0,2017,9,15,6,2,7,4,0,1,1,0,0,0,0,8.38435E+20,5.66218E+21,1.38255E+16,5.10114E+16
162812,,14,6,12,0,2017,9,22,6,3,5,3,1,1,0,0,0,2,0,8.33249E+20,5.66615E+21,1.37554E+16,5.105E+16
162813,,14,5,21,30,2017,9,13,6,3,8,7,0,1,0,0,1,0,0,7.62206E+20,5.61042E+21,1.27044E+16,5.05867E+16
162814,,14,5,11,0,2017,9,17,6,3,5,3,0,1,0,0,1,0,0,7.76326E+20,5.63854E+21,1.29245E+16,5.08325E+16
162815,,14,5,11,0,2017,9,19,6,3,8,1,1,0,0,0,0,2,0,7.75782E+20,5.63902E+21,1.29171E+16,5.08371E+16