OBJECTID,UIDENTSTLA,ULAND,UREGBEZ,UKREIS,UGEMEINDE,UJAHR,UMONAT,USTUNDE,UWOCHENTAG,UKATEGORIE,UART,UTYP1,IstRad,IstPKW,IstFuss,IstKrad,IstSonstig,LICHT,STRZUSTAND,LINREFX,LINREFY,XGCSWGS84,YGCSWGS84
163195,,14,7,30,310,2017,10,15,4,3,3,3,1,1,0,0,0,0,0,7.76143E+20,5.71905E+21,1.29838E+16,5.15548E+16
163196,,14,7,13,0,2017,10,11,4,3,4,2,0,1,0,0,0,0,0,7.32235E+20,5.69921E+21,1.23386E+16,5.13965E+16
163197,,14,6,26,610,2017,10,13,4,3,5,3,0,1,0,1,0,0,0,9.08141E+20,5.65409E+21,1.48053E+16,5.08939E+16
163198,,14,6,26,110,2017,10,9,4,3,0,7,0,0,0,1,0,0,0,9.18744E+20,5.68391E+21,1.49896E+16,5.1153E+16
163199,,14,6,27,130,2017,10,17,4,3,4,6,0,1,0,0,0,0,0,8.0535E+20,5.68102E+21,1.33712E+16,5.11988E+16
163200,,14,6,27,210,2017,10,13,4,3,6,4,1,0,1,0,0,0,0,8.26235E+20,5.67245E+21,1.36614E+16,5.11105E+16
163201,,14,6,12,0,2017,10,5,4,3,0,7,1,0,0,0,0,2,0,8.30127E+20,5.66406E+21,1.37092E+16,5.10331E+16
163202,,14,6,12,0,2017,10,16,4,3,1,7,0,1,0,0,0,0,0,8.34786E+20,5.67486E+21,1.37854E+16,5.11272E+16
163203,,14,6,12,0,2017,10,8,4,3,5,3,1,1,0,0,0,0,1,8.3331E+20,5.66674E+21,1.37569E+16,5.10552E+16
163204,,14,6,12,0,2017,10,15,4,3,2,6,0,1,0,0,1,0,0,8.32265E+20,5.66575E+21,1.37411E+16,5.1047E+16
163205,,14,6,12,0,2017,10,19,4,3,0,1,1,0,0,0,0,2,0,8.34737E+20,5.66591E+21,1.37764E+16,5.10469E+16
163206,,14,6,12,0,2017,10,15,4,2,6,4,0,1,1,0,0,0,0,8.33965E+20,5.66693E+21,1.37664E+16,5.10566E+16
163207,,14,5,21,590,2017,10,5,4,3,6,6,0,1,1,0,0,2,1,7.67176E+20,5.62409E+21,1.27844E+16,5.07071E+16
163208,,14,5,23,60,2017,10,19,3,3,8,1,0,0,0,1,0,2,0,7.22185E+20,5.58811E+21,1.21267E+16,5.04029E+16
163209,,14,5,24,180,2017,10,17,3,3,5,3,0,1,0,1,0,0,0,7.64963E+20,5.6406E+21,1.2765E+16,5.08563E+16
163210,,14,5,24,120,2017,10,9,3,2,6,4,0,1,1,0,0,0,1,7.61518E+20,5.6344E+21,1.27117E+16,5.08022E+16
163211,,14,7,30,70,2017,10,17,3,3,2,2,0,1,0,0,0,0,1,7.30756E+20,5.71483E+21,1.23275E+16,5.15374E+16
163212,,14,7,29,80,2017,10,13,3,3,9,1,0,1,0,0,0,0,0,7.68115E+20,5.6735E+21,1.28339E+16,5.11501E+16
163213,,14,7,13,0,2017,10,16,3,3,1,6,0,1,0,0,1,0,1,7.35983E+20,5.69288E+21,1.23882E+16,5.13382E+16
163214,,14,7,13,0,2017,10,16,3,3,5,3,0,1,0,0,0,0,1,7.37403E+20,5.69366E+21,1.2409E+16,5.13445E+16
163215,,14,7,13,0,2017,10,15,3,3,5,3,1,1,0,0,0,0,1,7.37001E+20,5.68997E+21,1.24008E+16,5.13116E+16
163216,,14,7,13,0,2017,10,9,3,3,5,3,1,1,0,0,0,0,1,7.34829E+20,5.69561E+21,1.23734E+16,5.13631E+16
163217,,14,7,13,0,2017,10,23,3,3,3,5,1,1,0,0,0,2,1,7.34605E+20,5.69309E+21,1.23685E+16,5.13406E+16
163218,,14,7,13,0,2017,10,6,3,3,5,3,0,1,0,0,0,2,1,7.34892E+20,5.69878E+21,1.23764E+16,5.13916E+16
163219,,14,7,13,0,2017,10,15,3,2,5,3,1,1,0,0,0,0,1,7.34139E+20,5.69555E+21,1.23635E+16,5.13629E+16
163220,,14,7,13,0,2017,10,8,3,3,3,2,1,1,0,0,0,0,0,7.35187E+20,5.6951E+21,1.23782E+16,5.13584E+16
163221,,14,7,29,60,2017,10,2,3,2,9,1,0,1,0,0,0,2,1,7.47047E+20,5.69668E+21,1.25493E+16,5.13676E+16
163222,,14,6,25,240,2017,10,5,3,3,4,2,1,1,0,0,0,2,1,8.64156E+20,5.71113E+21,1.42403E+16,5.14341E+16
163223,,14,6,25,20,2017,10,13,3,2,0,1,0,0,0,1,0,0,0,8.73389E+20,5.68505E+21,1.43453E+16,5.11946E+16
163224,,14,6,28,270,2017,10,6,3,2,5,2,0,1,0,1,0,2,1,8.47829E+20,5.65684E+21,1.39538E+16,5.09579E+16
163225,,14,5,11,0,2017,10,17,3,3,5,1,1,1,0,0,0,1,1,7.74525E+20,5.63925E+21,1.28995E+16,5.08398E+16
163226,,14,5,24,330,2017,10,6,2,3,5,3,0,1,0,0,0,0,0,7.46125E+20,5.62628E+21,1.24883E+16,5.07361E+16
163227,,14,5,24,30,2017,10,16,2,2,4,2,1,1,0,0,0,0,0,7.38696E+20,5.63442E+21,1.23884E+16,5.08123E+16
163228,,14,7,13,0,2017,10,21,2,3,0,1,0,1,1,0,0,2,1,7.31372E+20,5.6967E+21,1.23246E+16,5.13743E+16
163229,,14,7,13,0,2017,10,16,2,3,5,3,0,1,0,1,0,0,0,7.33178E+20,5.69586E+21,1.23499E+16,5.1366E+16
163230,,14,6,26,245,2017,10,8,2,2,8,7,0,1,0,0,0,0,0,8.95712E+20,5.66212E+21,1.46381E+16,5.09743E+16
163231,,14,6,26,610,2017,10,20,2,3,9,1,0,1,0,0,0,2,1,9.12763E+20,5.66042E+21,1.48778E+16,5.09472E+16
163232,,14,6,25,240,2017,10,10,2,3,5,3,1,1,0,0,0,0,0,8.64449E+20,5.71115E+21,1.42445E+16,5.1434E+16
163233,,14,6,25,20,2017,10,10,2,3,5,2,1,1,0,0,0,0,0,8.7932E+20,5.68323E+21,1.44279E+16,5.11744E+16
163234,,14,6,27,240,2017,10,15,2,2,0,1,0,0,0,1,0,0,1,8.09033E+20,5.70239E+21,1.34422E+16,5.13884E+16
163235,,14,6,12,0,2017,10,12,2,3,5,3,1,1,0,0,0,0,0,8.39751E+20,5.66295E+21,1.38449E+16,5.10175E+16
163236,,14,6,12,0,2017,10,13,2,3,6,4,1,0,1,0,0,0,0,8.32867E+20,5.66803E+21,1.37517E+16,5.1067E+16
163237,,14,6,12,0,2017,10,14,2,3,9,3,0,1,0,0,0,0,0,8.31711E+20,5.66514E+21,1.37326E+16,5.10418E+16
163238,,14,6,12,0,2017,10,14,2,3,2,6,0,1,0,0,0,0,0,8.36983E+20,5.66645E+21,1.38088E+16,5.10505E+16
163239,,14,6,12,0,2017,10,18,2,3,0,2,0,0,0,1,0,2,0,8.30175E+20,5.66543E+21,1.37111E+16,5.10453E+16
163240,,14,6,27,210,2017,10,5,2,2,5,2,0,1,0,0,1,2,1,8.23429E+20,5.67181E+21,1.36209E+16,5.11064E+16
163241,,14,5,11,0,2017,10,11,2,3,2,6,0,1,0,0,1,0,0,7.74281E+20,5.63428E+21,1.28923E+16,5.07953E+16
163242,,14,5,11,0,2017,10,16,2,3,5,3,0,1,0,0,0,0,0,7.74967E+20,5.63407E+21,1.29019E+16,5.0793E+16
163243,,14,7,29,160,2017,10,12,1,3,4,6,1,1,0,0,0,0,1,7.59661E+20,5.68187E+21,1.27194E+16,5.12291E+16
163244,,14,7,13,0,2017,10,13,1,3,5,3,1,1,0,0,0,0,1,7.36858E+20,5.69271E+21,1.24006E+16,5.13362E+16
163245,,14,7,13,0,2017,10,17,1,3,6,6,1,0,1,0,0,0,1,7.33595E+20,5.69187E+21,1.23533E+16,5.13301E+16
163246,,14,6,25,30,2017,10,9,1,3,7,1,0,1,0,0,0,0,1,8.50225E+20,5.70405E+21,1.40337E+16,5.13794E+16
163247,,14,7,29,230,2017,10,12,7,3,4,6,0,1,0,1,0,0,1,7.53991E+20,5.65891E+21,1.26222E+16,5.10256E+16
163248,,14,6,12,0,2017,10,9,7,3,5,3,0,1,0,0,0,0,1,8.32521E+20,5.6645E+21,1.37436E+16,5.10356E+16
163249,,14,6,12,0,2017,10,9,7,3,5,3,1,1,0,0,0,0,1,8.36801E+20,5.66323E+21,1.38032E+16,5.10217E+16
163250,,14,6,12,0,2017,10,16,7,3,4,7,0,1,0,0,0,0,1,8.36718E+20,5.66582E+21,1.38045E+16,5.1045E+16
163251,,14,6,12,0,2017,10,18,7,3,8,1,0,1,0,0,0,2,1,8.35187E+20,5.66577E+21,1.37826E+16,5.10454E+16
163252,,14,6,12,0,2017,10,15,7,3,5,7,0,1,0,0,1,0,0,8.29318E+20,5.669E+21,1.37022E+16,5.10778E+16
163253,,14,5,11,0,2017,10,18,7,1,7,7,1,0,0,0,0,2,1,7.78921E+20,5.63858E+21,1.29613E+16,5.08316E+16
163254,,14,5,23,320,2017,10,10,6,3,6,2,0,1,1,0,0,0,0,7.22268E+20,5.59837E+21,1.2134E+16,5.04951E+16
163255,,14,7,30,310,2017,10,7,6,3,4,2,1,1,0,0,0,0,1,7.7637E+20,5.71882E+21,1.29869E+16,5.15527E+16
163256,,14,7,13,0,2017,10,19,6,3,4,2,1,1,0,0,0,2,0,7.35976E+20,5.69288E+21,1.23881E+16,5.13382E+16
163257,,14,7,13,0,2017,10,12,6,3,6,4,0,1,1,0,0,0,0,7.31556E+20,5.69217E+21,1.23243E+16,5.13336E+16
163258,,14,7,13,0,2017,10,19,6,2,6,4,0,1,1,0,0,2,1,7.33239E+20,5.6957E+21,1.23507E+16,5.13646E+16
163259,,14,7,13,0,2017,10,17,6,3,3,2,1,1,0,0,0,0,1,7.35269E+20,5.69278E+21,1.23779E+16,5.13375E+16
163260,,14,7,13,0,2017,10,9,6,2,9,1,0,1,1,0,1,0,0,7.34772E+20,5.69248E+21,1.23705E+16,5.13351E+16
163261,,14,7,13,0,2017,10,12,6,3,6,7,0,1,0,0,1,0,0,7.37705E+20,5.6933E+21,1.24131E+16,5.13412E+16
163262,,14,6,27,230,2017,10,8,6,3,0,1,1,0,0,0,0,0,1,7.99342E+20,5.6922E+21,1.32948E+16,5.13023E+16
163263,,14,6,28,270,2017,10,23,6,3,5,3,0,1,0,0,0,2,1,8.46667E+20,5.65695E+21,1.39374E+16,5.09596E+16
163264,,14,6,12,0,2017,10,9,6,3,5,2,1,1,0,0,0,0,0,8.36312E+20,5.6635E+21,1.37965E+16,5.10245E+16
163265,,14,6,12,0,2017,10,6,6,3,5,3,1,1,0,0,0,2,0,8.35554E+20,5.66584E+21,1.37879E+16,5.10459E+16
163266,,14,6,12,0,2017,10,18,6,3,2,6,0,1,0,0,0,1,1,8.37255E+20,5.66266E+21,1.38092E+16,5.10164E+16
163267,,14,6,12,0,2017,10,14,6,3,4,2,0,1,0,0,0,0,1,8.32472E+20,5.66971E+21,1.37477E+16,5.10824E+16
163268,,14,6,12,0,2017,10,7,6,3,5,3,1,1,0,0,0,0,0,8.29093E+20,5.6686E+21,1.36986E+16,5.10744E+16
163269,,14,5,22,50,2017,10,15,6,3,1,6,0,1,0,1,0,0,1,8.04681E+20,5.64286E+21,1.33296E+16,5.0857E+16
163270,,14,5,11,0,2017,10,10,6,3,0,7,0,0,0,0,1,0,0,7.76247E+20,5.63845E+21,1.29233E+16,5.08317E+16
163271,,14,5,24,330,2017,10,21,5,3,3,3,0,1,0,0,0,2,1,7.46954E+20,5.62287E+21,1.24977E+16,5.07051E+16
163272,,14,5,24,190,2017,10,16,5,3,5,3,0,1,0,0,0,0,1,7.4259E+20,5.63909E+21,1.24467E+16,5.08525E+16
163273,,14,7,13,0,2017,10,11,5,3,5,3,0,1,0,0,1,0,1,7.33822E+20,5.69256E+21,1.2357E+16,5.13361E+16
163274,,14,7,13,0,2017,10,20,5,3,5,3,0,1,0,1,0,2,0,7.33854E+20,5.69345E+21,1.2358E+16,5.13441E+16
163275,,14,7,13,0,2017,10,12,5,3,6,7,0,1,1,0,0,0,0,7.34898E+20,5.68931E+21,1.23702E+16,5.13065E+16
163276,,14,7,13,0,2017,10,16,5,3,5,3,0,1,0,0,1,0,1,7.35099E+20,5.69833E+21,1.23791E+16,5.13874E+16
163277,,14,7,13,0,2017,10,15,5,3,6,6,0,1,0,0,1,0,1,7.37413E+20,5.69691E+21,1.24113E+16,5.13737E+16
163278,,14,7,13,0,2017,10,16,5,2,1,6,1,1,0,0,0,0,1,7.32305E+20,5.69062E+21,1.2334E+16,5.13193E+16
163279,,14,6,26,610,2017,10,17,5,3,4,2,0,1,0,0,0,1,1,9.08168E+20,5.65371E+21,1.48053E+16,5.08904E+16
163280,,14,6,26,110,2017,10,5,5,3,1,6,1,1,0,0,0,0,1,9.16741E+20,5.68653E+21,1.49642E+16,5.11778E+16
163281,,14,6,28,340,2017,10,10,5,3,9,1,0,1,0,0,0,0,1,8.56599E+20,5.64434E+21,1.4066E+16,5.08406E+16
163282,,14,6,12,0,2017,10,7,5,3,5,3,1,1,0,0,0,0,1,8.30248E+20,5.66595E+21,1.37126E+16,5.105E+16
163283,,14,6,12,0,2017,10,7,5,3,7,1,0,1,0,0,0,0,1,8.38241E+20,5.66236E+21,1.38229E+16,5.10131E+16
163284,,14,6,12,0,2017,10,12,5,3,5,3,0,1,0,0,0,0,1,8.36907E+20,5.66622E+21,1.38075E+16,5.10484E+16
163285,,14,6,12,0,2017,10,21,5,3,5,3,0,1,0,0,0,2,1,8.3583E+20,5.66497E+21,1.3791E+16,5.10379E+16
163286,,14,5,11,0,2017,10,11,5,3,5,3,0,1,0,0,0,0,1,7.73051E+20,5.63695E+21,1.28769E+16,5.08198E+16
163287,,14,5,11,0,2017,10,13,5,2,6,6,0,1,0,0,1,0,0,7.80747E+20,5.63543E+21,1.29847E+16,5.08024E+16
163288,,14,5,22,120,2017,10,18,5,2,9,1,0,1,0,0,0,2,1,7.73712E+20,5.65888E+21,1.29027E+16,5.10162E+16
163289,,14,5,24,180,2017,10,5,4,2,5,2,0,1,0,1,0,2,0,7.6579E+20,5.64054E+21,1.27767E+16,5.08554E+16
163290,,14,7,13,0,2017,10,11,4,3,3,2,1,1,0,0,0,0,0,7.36097E+20,5.69387E+21,1.23904E+16,5.1347E+16
163291,,14,7,13,0,2017,10,7,4,3,5,3,1,1,0,0,0,1,0,7.34485E+20,5.69503E+21,1.23681E+16,5.1358E+16
163292,,14,7,13,0,2017,10,6,4,2,5,3,1,1,0,0,0,1,0,7.36562E+20,5.69717E+21,1.23993E+16,5.13764E+16
163293,,14,6,26,110,2017,10,14,4,3,5,3,1,0,0,0,0,0,0,9.15636E+20,5.68183E+21,1.4943E+16,5.11366E+16
163294,,14,6,12,0,2017,10,10,4,3,1,6,0,1,0,0,0,0,0,8.30488E+20,5.66663E+21,1.37166E+16,5.10559E+16
163295,,14,5,11,0,2017,10,13,4,3,2,6,0,1,0,0,0,0,0,7.75249E+20,5.63915E+21,1.29097E+16,5.08385E+16
163296,,14,5,11,0,2017,10,14,4,2,5,3,0,1,0,0,0,0,0,7.71487E+20,5.63462E+21,1.2853E+16,5.07996E+16
163297,,14,5,22,50,2017,10,11,4,2,6,7,0,1,1,0,0,0,0,8.04096E+20,5.64419E+21,1.33224E+16,5.08693E+16
163298,,14,5,23,320,2017,10,19,3,3,5,3,0,1,0,0,0,2,0,7.22077E+20,5.59834E+21,1.21313E+16,5.04948E+16
163299,,14,7,30,270,2017,10,10,3,3,2,6,0,1,0,0,0,0,0,7.255E+20,5.69821E+21,1.22413E+16,5.13903E+16
163300,,14,7,29,160,2017,10,16,3,3,0,7,1,0,1,0,0,0,1,7.6069E+20,5.68303E+21,1.27349E+16,5.1239E+16
163301,,14,7,13,0,2017,10,10,3,3,5,3,1,1,0,0,0,0,1,7.35784E+20,5.69381E+21,1.23859E+16,5.13465E+16
163302,,14,7,13,0,2017,10,23,3,2,6,4,0,1,1,0,0,2,1,7.34649E+20,5.69539E+21,1.23707E+16,5.13613E+16
163303,,14,6,28,410,2017,10,19,3,2,0,1,1,0,0,0,0,2,1,8.21981E+20,5.66341E+21,1.35928E+16,5.10318E+16
163304,,14,6,28,90,2017,10,17,3,3,6,4,1,0,1,0,0,0,0,8.20801E+20,5.65235E+21,1.35662E+16,5.09334E+16
163305,,14,6,12,0,2017,10,10,3,2,0,1,1,0,0,0,0,0,1,8.37002E+20,5.66212E+21,1.38051E+16,5.10117E+16
163306,,14,6,12,0,2017,10,13,3,3,5,3,1,1,0,0,0,0,1,8.37761E+20,5.66266E+21,1.38163E+16,5.10161E+16
163307,,14,5,11,0,2017,10,18,3,2,0,3,1,1,0,0,0,1,0,7.78635E+20,5.63757E+21,1.29565E+16,5.08227E+16
163308,,14,5,11,0,2017,10,13,3,3,5,3,0,1,0,0,0,0,0,7.77465E+20,5.6407E+21,1.29422E+16,5.08513E+16
163309,,14,5,24,120,2017,10,1,2,3,8,1,0,1,0,0,0,2,0,7.62964E+20,5.63398E+21,1.27319E+16,5.07978E+16
163310,,14,7,30,70,2017,10,12,2,3,1,7,1,1,0,0,0,0,1,7.31936E+20,5.71359E+21,1.23437E+16,5.15258E+16
163311,,14,7,29,260,2017,10,10,2,3,2,6,0,1,0,0,1,0,0,7.3556E+20,5.68557E+21,1.23773E+16,5.12727E+16
163312,,14,7,13,0,2017,10,16,2,3,5,3,0,1,0,0,0,0,1,7.34278E+20,5.69551E+21,1.23654E+16,5.13625E+16
163313,,14,7,13,0,2017,10,19,2,3,5,3,0,1,0,0,0,0,1,7.42269E+20,5.69456E+21,1.24794E+16,5.13506E+16
163314,,14,7,13,0,2017,10,13,2,3,4,2,0,1,0,0,0,0,1,7.39495E+20,5.69186E+21,1.24378E+16,5.13275E+16
163315,,14,7,13,0,2017,10,18,2,3,5,3,1,1,0,0,0,1,1,7.34651E+20,5.69321E+21,1.23693E+16,5.13417E+16
163316,,14,7,13,0,2017,10,14,2,3,5,3,1,1,0,0,0,0,1,7.35531E+20,5.6927E+21,1.23816E+16,5.13367E+16
163317,,14,7,13,0,2017,10,15,2,3,2,6,0,1,0,0,0,0,1,7.35532E+20,5.69576E+21,1.23836E+16,5.13642E+16
163318,,14,6,25,240,2017,10,16,2,3,2,1,0,1,0,0,1,0,1,8.65741E+20,5.71172E+21,1.42636E+16,5.14383E+16
163319,,14,6,25,240,2017,10,10,2,3,3,2,1,1,0,0,0,0,0,8.67192E+20,5.71103E+21,1.42837E+16,5.14312E+16
163320,,14,6,25,20,2017,10,19,2,3,5,3,0,1,0,0,0,2,1,8.81266E+20,5.68504E+21,1.44575E+16,5.11893E+16
163321,,14,6,27,230,2017,10,15,2,3,5,3,0,1,0,0,0,0,1,7.99108E+20,5.69226E+21,1.32915E+16,5.13029E+16
163322,,14,6,27,210,2017,10,19,2,3,5,3,0,1,0,0,0,2,1,8.22599E+20,5.67181E+21,1.36091E+16,5.11068E+16
163323,,14,6,28,110,2017,10,14,2,3,0,1,1,0,0,0,0,0,0,8.26997E+20,5.66185E+21,1.36627E+16,5.1015E+16
163324,,14,6,12,0,2017,10,15,2,3,2,6,1,1,0,0,0,0,1,8.35851E+20,5.66496E+21,1.37913E+16,5.10378E+16
163325,,14,6,12,0,2017,10,23,2,3,9,1,0,1,0,0,0,2,1,8.29614E+20,5.66608E+21,1.37037E+16,5.10515E+16
163326,,14,5,21,690,2017,10,14,2,3,3,2,0,1,0,1,0,0,1,7.87048E+20,5.63065E+21,1.30702E+16,5.07565E+16
163327,,14,5,22,140,2017,10,14,2,3,5,3,0,1,0,0,0,0,1,7.87083E+20,5.64012E+21,1.30781E+16,5.08414E+16
163328,,14,5,11,0,2017,10,21,2,3,5,3,0,1,0,1,0,2,1,7.74607E+20,5.639E+21,1.29005E+16,5.08374E+16
163329,,14,5,11,0,2017,10,18,2,3,9,1,0,1,0,0,0,2,1,7.75143E+20,5.63728E+21,1.29068E+16,5.08217E+16
163330,,14,5,11,0,2017,10,15,2,3,0,7,0,0,0,0,1,0,1,7.76168E+20,5.63837E+21,1.29221E+16,5.08311E+16
163331,,14,7,29,30,2017,10,14,1,2,8,1,0,1,0,0,0,0,1,7.56639E+20,5.69401E+21,1.26849E+16,5.13393E+16
163332,,14,7,13,0,2017,10,15,1,3,5,7,0,1,0,0,0,0,0,7.30793E+20,5.69171E+21,1.2313E+16,5.13297E+16
163333,,14,7,29,10,2017,10,11,1,3,5,3,0,1,0,0,0,0,1,7.55622E+20,5.67198E+21,1.26546E+16,5.11421E+16
163334,,14,6,25,40,2017,10,19,1,3,0,1,1,0,0,0,0,2,0,8.65016E+20,5.67894E+21,1.42198E+16,5.11452E+16
163335,,14,6,27,210,2017,10,9,1,2,2,6,1,0,0,0,0,0,0,8.24251E+20,5.6728E+21,1.36335E+16,5.11147E+16
163336,,14,6,27,60,2017,10,14,1,3,6,7,0,0,1,1,0,0,1,8.15867E+20,5.69199E+21,1.35309E+16,5.12914E+16
163337,,14,5,21,50,2017,10,15,1,3,9,1,0,1,0,0,0,0,1,7.58589E+20,5.61261E+21,1.2655E+16,5.0608E+16
163338,,14,5,24,330,2017,9,12,7,3,4,2,1,1,0,0,0,0,0,7.47454E+20,5.62687E+21,1.25074E+16,5.07408E+16
163339,,14,7,29,350,2017,9,11,7,3,5,2,1,1,0,0,0,0,0,7.281E+20,5.67326E+21,1.22627E+16,5.11652E+16
163340,,14,7,29,320,2017,9,14,7,3,3,2,0,0,0,1,0,0,0,7.41535E+20,5.6726E+21,1.2454E+16,5.11537E+16
163341,,14,7,29,50,2017,9,10,7,3,0,7,0,0,0,0,1,0,0,7.44753E+20,5.67058E+21,1.24986E+16,5.11343E+16
163342,,14,7,13,0,2017,9,21,7,3,6,4,0,1,1,0,0,2,0,7.38876E+20,5.69367E+21,1.24301E+16,5.1344E+16
163343,,14,7,13,0,2017,9,9,7,3,2,6,0,1,0,0,0,0,0,7.37384E+20,5.69908E+21,1.24124E+16,5.13932E+16
163344,,14,6,28,110,2017,9,9,7,2,0,7,1,0,0,0,0,0,0,8.25266E+20,5.66221E+21,1.36384E+16,5.10192E+16
163345,,14,6,12,0,2017,9,17,7,3,5,3,0,1,0,0,0,1,0,8.2721E+20,5.67041E+21,1.36734E+16,5.10916E+16
163346,,14,6,12,0,2017,9,10,7,3,4,6,0,1,0,1,0,0,0,8.38145E+20,5.66676E+21,1.38256E+16,5.10526E+16
163347,,14,6,12,0,2017,9,14,7,2,0,1,1,0,0,0,0,0,0,8.28833E+20,5.66627E+21,1.36928E+16,5.10536E+16
163348,,14,6,12,0,2017,9,9,7,2,5,2,0,1,0,1,0,0,0,8.32157E+20,5.6665E+21,1.37402E+16,5.10537E+16
163349,,14,5,11,0,2017,9,12,7,3,5,3,1,1,0,0,0,0,0,7.78923E+20,5.63754E+21,1.29605E+16,5.08222E+16
163350,,14,5,24,330,2017,9,23,6,3,8,7,0,1,0,0,0,2,0,7.46057E+20,5.63196E+21,1.24911E+16,5.07871E+16
163351,,14,5,24,160,2017,9,10,6,3,6,7,0,1,1,0,0,0,0,7.55704E+20,5.62809E+21,1.2625E+16,5.07482E+16
163352,,14,7,30,310,2017,9,19,6,3,8,1,0,1,0,0,0,2,0,7.76289E+20,5.72086E+21,1.29873E+16,5.1571E+16
163353,,14,7,13,0,2017,9,14,6,3,5,3,1,1,0,0,0,0,0,7.36081E+20,5.69263E+21,1.23894E+16,5.13358E+16
163354,,14,7,13,0,2017,9,12,6,3,0,7,0,1,0,0,0,0,0,7.29637E+20,5.68959E+21,1.22951E+16,5.13112E+16
163355,,14,7,13,0,2017,9,19,6,2,4,2,1,1,0,0,0,2,0,7.35282E+20,5.69079E+21,1.23767E+16,5.13196E+16
163356,,14,7,13,0,2017,9,9,6,3,5,3,1,0,0,0,0,0,0,7.39269E+20,5.68951E+21,1.2433E+16,5.13066E+16
163357,,14,7,13,0,2017,9,16,6,3,5,3,0,1,0,0,0,0,0,7.39759E+20,5.68823E+21,1.24391E+16,5.12949E+16
163358,,14,7,13,0,2017,9,14,6,2,5,3,1,1,0,0,0,0,0,7.29166E+20,5.70094E+21,1.22957E+16,5.14133E+16
163359,,14,7,13,0,2017,9,12,6,3,1,6,0,1,0,0,1,0,0,7.34342E+20,5.69605E+21,1.23667E+16,5.13673E+16
163360,,14,7,13,0,2017,9,14,6,3,9,1,1,1,0,0,0,0,0,7.32586E+20,5.69208E+21,1.23389E+16,5.13324E+16
163361,,14,7,13,0,2017,9,8,6,3,5,3,1,1,0,0,0,0,0,7.35962E+20,5.69178E+21,1.23871E+16,5.13283E+16
163362,,14,7,13,0,2017,9,18,6,3,4,2,1,1,0,0,0,0,0,7.42086E+20,5.69395E+21,1.24763E+16,5.13452E+16
163363,,14,7,13,0,2017,9,9,6,2,4,3,1,1,0,0,0,0,0,7.38008E+20,5.69523E+21,1.24187E+16,5.13584E+16
163364,,14,5,22,180,2017,9,15,6,3,6,6,1,0,1,0,0,0,0,8.05069E+20,5.64979E+21,1.33409E+16,5.0919E+16
163365,,14,6,25,640,2017,9,14,6,3,9,1,0,0,0,1,0,0,0,8.66506E+20,5.70328E+21,1.42659E+16,5.13622E+16
163366,,14,6,26,290,2017,9,13,6,3,6,4,0,1,1,0,0,0,0,8.96673E+20,5.67611E+21,1.46671E+16,5.10989E+16
163367,,14,6,27,230,2017,9,14,6,3,5,7,1,1,0,0,0,0,0,7.99806E+20,5.69227E+21,1.33015E+16,5.13026E+16
163368,,14,6,28,270,2017,9,16,6,3,8,1,1,0,0,0,0,0,0,8.44421E+20,5.65671E+21,1.39053E+16,5.09588E+16
163369,,14,6,12,0,2017,9,13,6,3,5,3,1,1,0,0,0,0,0,8.30798E+20,5.66985E+21,1.3724E+16,5.10846E+16
163370,,14,6,12,0,2017,9,9,6,3,2,6,0,1,0,0,0,0,0,8.3295E+20,5.66434E+21,1.37495E+16,5.1034E+16
163371,,14,6,12,0,2017,9,14,6,3,3,6,1,1,0,0,0,0,0,8.34039E+20,5.6634E+21,1.37641E+16,5.10249E+16
163372,,14,6,12,0,2017,9,19,6,3,5,2,0,1,0,0,0,2,0,8.39649E+20,5.66124E+21,1.38418E+16,5.10023E+16
163373,,14,6,12,0,2017,9,15,6,3,1,1,0,1,0,0,0,0,0,8.35521E+20,5.66665E+21,1.37882E+16,5.10532E+16
163374,,14,6,26,290,2017,10,9,3,3,5,3,1,1,0,0,0,0,0,8.97413E+20,5.67545E+21,1.46769E+16,5.10925E+16
163375,,14,7,29,50,2017,11,2,7,2,8,1,0,1,0,0,0,2,0,7.46395E+20,5.66933E+21,1.25212E+16,5.11224E+16
163376,,14,6,25,240,2017,11,10,7,3,3,2,1,1,0,0,0,0,0,8.65846E+20,5.7116E+21,1.4265E+16,5.14372E+16
163377,,14,6,28,110,2017,11,12,7,3,1,1,0,1,0,0,0,0,0,8.25866E+20,5.6597E+21,1.36447E+16,5.09964E+16
163378,,14,6,12,0,2017,11,14,7,3,6,4,1,0,1,0,0,0,0,8.32735E+20,5.66903E+21,1.37508E+16,5.10761E+16
163379,,14,6,12,0,2017,11,10,7,3,5,3,0,1,0,0,0,0,0,8.30151E+20,5.671E+21,1.37158E+16,5.10952E+16
163380,,14,7,13,0,2017,11,15,2,3,5,3,0,1,0,0,0,0,0,7.39248E+20,5.69771E+21,1.24382E+16,5.13801E+16
163381,,14,7,30,230,2017,11,11,2,3,5,3,0,0,0,0,1,0,0,7.86383E+20,5.69161E+21,1.31089E+16,5.13036E+16
163382,,14,7,13,0,2017,11,17,2,2,5,3,0,1,0,0,0,2,0,7.35998E+20,5.69979E+21,1.2393E+16,5.14002E+16