OBJECTID,UIDENTSTLA,ULAND,UREGBEZ,UKREIS,UGEMEINDE,UJAHR,UMONAT,USTUNDE,UWOCHENTAG,UKATEGORIE,UART,UTYP1,IstRad,IstPKW,IstFuss,IstKrad,IstSonstig,LICHT,STRZUSTAND,LINREFX,LINREFY,XGCSWGS84,YGCSWGS84
163383,,14,7,13,0,2017,11,15,2,2,6,4,1,0,1,0,0,0,0,7.35975E+20,5.69162E+21,1.23872E+16,5.13268E+16
163384,,14,7,13,0,2017,11,18,2,3,5,2,1,1,0,0,0,2,0,7.35668E+20,5.6925E+21,1.23834E+16,5.13349E+16
163385,,14,7,13,0,2017,11,8,2,3,2,2,0,1,0,0,0,0,0,7.29832E+20,5.69446E+21,1.2301E+16,5.13548E+16
163386,,14,6,25,240,2017,11,17,2,3,2,6,0,1,0,0,0,2,0,8.65838E+20,5.71161E+21,1.42649E+16,5.14373E+16
163387,,14,6,25,20,2017,11,7,2,3,5,3,1,1,0,0,0,1,1,8.79131E+20,5.68334E+21,1.44253E+16,5.11755E+16
163388,,14,6,12,0,2017,11,12,2,3,5,3,0,1,0,0,0,0,0,8.27179E+20,5.66465E+21,1.36678E+16,5.104E+16
163389,,14,6,12,0,2017,11,19,2,3,5,3,0,1,0,1,0,2,1,8.31188E+20,5.66389E+21,1.37241E+16,5.1031E+16
163390,,14,6,12,0,2017,11,13,2,3,4,6,1,0,0,0,0,0,0,8.34092E+20,5.66865E+21,1.37697E+16,5.10719E+16
163391,,14,6,12,0,2017,11,12,2,3,0,1,1,0,0,0,0,0,1,8.33075E+20,5.66748E+21,1.37542E+16,5.1062E+16
163392,,14,6,12,0,2017,11,8,2,3,2,6,0,1,0,0,0,0,1,8.34868E+20,5.66466E+21,1.37771E+16,5.10357E+16
163393,,14,6,12,0,2017,11,7,2,3,5,7,0,1,0,0,1,0,1,8.37196E+20,5.66344E+21,1.3809E+16,5.10234E+16
163394,,14,5,11,0,2017,11,21,2,3,5,3,1,1,0,0,0,2,0,7.79955E+20,5.63515E+21,1.29733E+16,5.08003E+16
163395,,14,5,23,20,2017,11,13,1,3,0,5,0,0,0,1,1,0,0,7.40728E+20,5.6006E+21,1.23952E+16,5.05078E+16
163396,,14,7,13,0,2017,11,17,1,3,4,2,0,1,0,0,0,1,1,7.36696E+20,5.6898E+21,1.23963E+16,5.13102E+16
163397,,14,6,25,20,2017,11,15,1,3,2,6,0,1,0,0,1,0,0,8.79768E+20,5.68435E+21,1.44354E+16,5.1184E+16
163398,,14,6,12,0,2017,11,14,1,2,5,3,0,1,0,0,1,0,0,8.34716E+20,5.66494E+21,1.37752E+16,5.10383E+16
163399,,14,5,22,180,2017,11,10,1,3,5,3,1,1,0,0,0,0,0,8.04303E+20,5.64852E+21,1.3329E+16,5.0908E+16
163400,,14,5,11,0,2017,11,16,1,3,1,3,0,1,0,0,0,2,1,7.72218E+20,5.63574E+21,1.28642E+16,5.08093E+16
163401,,14,5,24,330,2017,11,11,7,3,0,1,1,0,0,0,0,0,0,7.46851E+20,5.62467E+21,1.24974E+16,5.07213E+16
163402,,14,7,29,30,2017,11,15,7,2,5,2,1,1,0,0,0,0,0,7.58386E+20,5.69614E+21,1.27115E+16,5.13576E+16
163403,,14,7,13,0,2017,11,13,7,3,6,4,1,0,1,0,0,0,0,7.35075E+20,5.6924E+21,1.23748E+16,5.13342E+16
163404,,14,7,13,0,2017,11,12,7,3,6,7,0,1,1,0,1,0,0,7.35325E+20,5.69245E+21,1.23784E+16,5.13345E+16
163405,,14,7,13,0,2017,11,13,7,3,6,4,0,0,1,0,1,0,0,7.35416E+20,5.69299E+21,1.23801E+16,5.13393E+16
163406,,14,6,12,0,2017,11,17,7,3,5,3,1,1,0,0,0,2,0,8.34367E+20,5.66578E+21,1.3771E+16,5.10461E+16
163407,,14,5,11,0,2017,11,15,7,3,0,7,0,0,0,0,1,0,0,7.75418E+20,5.63751E+21,1.29108E+16,5.08237E+16
163408,,14,5,11,0,2017,11,17,7,3,4,2,1,1,0,0,0,2,0,7.74313E+20,5.6383E+21,1.28958E+16,5.08313E+16
163409,,14,5,24,120,2017,11,18,6,3,1,1,0,1,0,0,0,2,0,7.62006E+20,5.63436E+21,1.27186E+16,5.08016E+16
163410,,14,5,24,330,2017,11,20,6,3,8,1,0,1,0,0,0,2,0,7.47819E+20,5.6261E+21,1.25121E+16,5.07337E+16
163411,,14,5,24,180,2017,11,15,6,2,5,3,1,1,0,0,0,0,0,7.66129E+20,5.64046E+21,1.27814E+16,5.08545E+16
163412,,14,7,13,0,2017,11,16,6,3,0,7,1,0,0,0,0,1,0,7.36486E+20,5.69136E+21,1.23943E+16,5.13243E+16
163413,,14,7,29,260,2017,11,17,6,3,0,3,0,1,1,0,0,1,0,7.37538E+20,5.68564E+21,1.24056E+16,5.12725E+16
163414,,14,7,13,0,2017,11,7,6,3,6,4,0,1,1,0,0,1,0,7.38027E+20,5.69505E+21,1.24189E+16,5.13568E+16
163415,,14,7,13,0,2017,11,5,6,3,4,2,0,1,0,0,0,1,0,7.37373E+20,5.69316E+21,1.24083E+16,5.13401E+16
163416,,14,7,13,0,2017,11,19,6,3,5,3,0,1,0,0,0,2,0,7.34644E+20,5.69325E+21,1.23692E+16,5.1342E+16
163417,,14,7,13,0,2017,11,22,6,3,5,3,0,1,0,0,1,2,0,7.37387E+20,5.69159E+21,1.24074E+16,5.1326E+16
163418,,14,6,12,0,2017,11,9,6,3,1,7,0,1,0,0,0,0,0,8.29403E+20,5.66516E+21,1.36999E+16,5.10433E+16
163419,,14,6,12,0,2017,11,12,6,3,1,7,1,1,0,0,0,0,0,8.35234E+20,5.6667E+21,1.37842E+16,5.10537E+16
163420,,14,6,12,0,2017,11,12,6,3,1,6,0,1,0,0,0,0,0,8.36974E+20,5.66483E+21,1.38072E+16,5.1036E+16
163421,,14,6,12,0,2017,11,5,6,3,1,5,1,1,0,0,0,2,1,8.36259E+20,5.66117E+21,1.37936E+16,5.10036E+16
163422,,14,6,12,0,2017,11,8,6,3,5,3,1,1,0,0,0,0,0,8.31908E+20,5.66477E+21,1.37351E+16,5.10384E+16
163423,,14,5,22,180,2017,11,9,6,3,5,3,1,1,0,0,0,0,0,8.04617E+20,5.65039E+21,1.3335E+16,5.09246E+16
163424,,14,5,22,180,2017,11,13,6,2,5,3,1,1,0,0,0,0,0,8.04656E+20,5.64893E+21,1.33343E+16,5.09114E+16
163425,,14,5,21,50,2017,11,7,6,2,2,6,0,1,0,0,1,0,1,7.6058E+20,5.6128E+21,1.26832E+16,5.06088E+16
163426,,14,5,11,0,2017,11,19,6,2,6,2,0,1,1,0,0,2,0,7.73295E+20,5.6391E+21,1.2882E+16,5.0839E+16
163427,,14,5,11,0,2017,11,18,6,3,5,2,1,1,0,0,0,2,0,7.75751E+20,5.63904E+21,1.29167E+16,5.08372E+16
163428,,14,5,11,0,2017,11,11,6,3,4,2,0,1,0,0,0,0,0,7.76104E+20,5.63951E+21,1.29221E+16,5.08413E+16
163429,,14,5,11,0,2017,11,16,6,3,5,3,1,1,0,0,0,0,0,7.81466E+20,5.63375E+21,1.29936E+16,5.0787E+16
163430,,14,7,29,410,2017,11,14,5,3,3,5,1,1,0,0,0,0,0,7.60384E+20,5.69744E+21,1.27411E+16,5.13684E+16
163431,,14,7,13,0,2017,11,17,5,3,5,3,1,1,0,0,0,2,1,7.35333E+20,5.69219E+21,1.23784E+16,5.13322E+16
163432,,14,7,13,0,2017,11,13,5,3,5,3,0,1,0,0,0,0,0,7.33899E+20,5.69247E+21,1.2358E+16,5.13354E+16
163433,,14,7,13,0,2017,11,13,5,3,0,7,1,0,0,0,0,0,0,7.35474E+20,5.69336E+21,1.23812E+16,5.13427E+16
163434,,14,7,13,0,2017,11,11,5,3,3,2,0,1,0,0,1,0,0,7.3026E+20,5.69136E+21,1.23051E+16,5.13269E+16
163435,,14,7,13,0,2017,11,16,5,3,5,3,0,1,0,0,0,2,0,7.39759E+20,5.68823E+21,1.24391E+16,5.12949E+16
163436,,14,7,13,0,2017,11,12,5,3,5,3,0,1,0,0,0,0,0,7.39758E+20,5.68823E+21,1.24391E+16,5.12948E+16
163437,,14,7,13,0,2017,11,15,5,2,8,1,0,1,0,0,0,0,0,7.33243E+20,5.69821E+21,1.23524E+16,5.13871E+16
163438,,14,7,13,0,2017,11,16,5,3,3,2,1,1,0,0,0,1,0,7.33727E+20,5.69569E+21,1.23577E+16,5.13643E+16
163439,,14,7,13,0,2017,11,11,5,3,9,1,0,1,0,0,0,0,0,7.31237E+20,5.69675E+21,1.23226E+16,5.13749E+16
163440,,14,7,13,0,2017,11,10,5,2,5,3,1,1,0,0,0,0,0,7.37839E+20,5.69504E+21,1.24162E+16,5.13567E+16
163441,,14,7,13,0,2017,11,19,5,2,6,4,0,1,1,0,0,2,1,7.34805E+20,5.69252E+21,1.2371E+16,5.13354E+16
163442,,14,7,29,60,2017,11,17,5,3,5,3,1,1,0,0,0,2,0,7.45276E+20,5.69456E+21,1.25225E+16,5.13493E+16
163443,,14,7,13,0,2017,11,7,5,3,4,2,1,1,0,0,0,1,1,7.35185E+20,5.68898E+21,1.23741E+16,5.13034E+16
163444,,14,7,13,0,2017,11,16,5,3,3,6,0,1,0,0,0,0,0,7.42042E+20,5.69431E+21,1.24759E+16,5.13484E+16
163445,,14,6,25,270,2017,11,13,5,3,5,3,1,1,0,0,0,0,1,8.42405E+20,5.69102E+21,1.39092E+16,5.12674E+16
163446,,14,6,28,160,2017,11,17,5,3,5,3,1,1,0,0,0,2,0,8.41997E+20,5.65833E+21,1.38724E+16,5.09747E+16
163447,,14,6,12,0,2017,11,7,5,3,5,3,1,0,0,0,1,0,1,8.30569E+20,5.66971E+21,1.37206E+16,5.10834E+16
163448,,14,6,12,0,2017,11,8,5,3,5,3,1,1,0,0,0,0,1,8.29651E+20,5.66461E+21,1.37029E+16,5.10382E+16
163449,,14,6,12,0,2017,11,7,5,3,6,4,0,1,1,0,0,0,1,8.29701E+20,5.66931E+21,1.37079E+16,5.10804E+16
163450,,14,6,12,0,2017,11,17,5,3,7,7,0,0,0,0,1,2,1,8.33258E+20,5.6724E+21,1.37613E+16,5.1106E+16
163451,,14,6,12,0,2017,11,18,5,3,2,6,0,1,0,0,0,2,1,8.38702E+20,5.66438E+21,1.38313E+16,5.10309E+16
163452,,14,6,12,0,2017,11,20,5,3,5,3,1,1,0,0,0,2,0,8.33409E+20,5.66642E+21,1.3758E+16,5.10523E+16
163453,,14,6,12,0,2017,11,6,5,3,5,3,0,1,0,1,0,0,1,8.35238E+20,5.66668E+21,1.37842E+16,5.10536E+16
163454,,14,6,12,0,2017,11,9,5,3,0,1,1,0,0,0,0,0,1,8.35685E+20,5.66673E+21,1.37906E+16,5.10538E+16
163455,,14,5,21,620,2017,11,15,5,3,0,5,1,1,0,0,0,0,0,7.71507E+20,5.62335E+21,1.2845E+16,5.06985E+16
163456,,14,5,11,0,2017,11,4,5,3,0,6,1,1,0,0,0,2,0,7.77409E+20,5.63896E+21,1.29401E+16,5.08357E+16
163457,,14,5,11,0,2017,11,10,5,3,0,7,0,0,0,0,1,0,0,7.78871E+20,5.6375E+21,1.29597E+16,5.0822E+16
163458,,14,5,24,330,2017,11,8,4,3,5,3,0,1,0,0,0,0,1,7.45327E+20,5.61912E+21,1.24722E+16,5.06721E+16
163459,,14,7,13,0,2017,11,7,4,3,2,6,0,1,0,0,1,0,1,7.36005E+20,5.6937E+21,1.2389E+16,5.13455E+16
163460,,14,7,13,0,2017,11,13,4,3,5,3,1,1,0,0,0,0,0,7.35165E+20,5.69362E+21,1.23769E+16,5.13451E+16
163461,,14,7,13,0,2017,11,5,4,3,0,7,1,0,0,0,0,2,1,7.35061E+20,5.69314E+21,1.23751E+16,5.13409E+16
163462,,14,7,13,0,2017,11,20,4,3,6,4,0,1,1,0,0,2,0,7.32343E+20,5.69171E+21,1.23352E+16,5.13291E+16
163463,,14,7,13,0,2017,11,8,4,2,6,4,1,0,1,0,0,0,1,7.35047E+20,5.69129E+21,1.23737E+16,5.13243E+16
163464,,14,7,13,0,2017,11,13,4,3,6,2,0,1,1,0,0,0,0,7.35775E+20,5.6932E+21,1.23854E+16,5.13411E+16
163465,,14,6,25,480,2017,11,17,4,3,5,3,1,1,0,0,0,2,1,8.44415E+20,5.67431E+21,1.39219E+16,5.11165E+16
163466,,14,6,25,240,2017,11,9,4,2,5,3,1,1,0,0,0,0,1,8.65434E+20,5.71182E+21,1.42593E+16,5.14393E+16
163467,,14,6,26,110,2017,11,7,4,2,2,6,0,1,0,0,0,0,1,9.17964E+20,5.68311E+21,1.49776E+16,5.11463E+16
163468,,14,6,25,20,2017,11,16,4,3,5,3,1,1,0,0,0,2,0,8.78962E+20,5.68231E+21,1.44218E+16,5.11663E+16
163469,,14,6,25,240,2017,11,8,4,1,5,3,1,1,0,0,0,0,1,8.65497E+20,5.71186E+21,1.42603E+16,5.14397E+16
163470,,14,6,12,0,2017,11,11,4,3,0,1,1,0,0,0,0,0,1,8.39172E+20,5.66373E+21,1.38374E+16,5.10248E+16
163471,,14,6,12,0,2017,11,7,4,3,0,1,1,0,0,0,0,1,1,8.32495E+20,5.66648E+21,1.3745E+16,5.10534E+16
163472,,14,6,12,0,2017,11,9,4,3,0,7,0,0,0,0,1,0,1,8.36887E+20,5.66508E+21,1.38062E+16,5.10383E+16
163473,,14,6,12,0,2017,11,18,4,3,5,3,0,1,0,1,0,2,0,8.29489E+20,5.67046E+21,1.37059E+16,5.10908E+16
163474,,14,5,22,310,2017,11,12,4,3,5,3,0,1,0,0,0,0,1,7.73951E+20,5.67438E+21,1.29179E+16,5.11552E+16
163475,,14,5,11,0,2017,11,7,4,2,4,2,1,1,0,0,0,0,1,7.74314E+20,5.6343E+21,1.28928E+16,5.07954E+16
163476,,14,5,11,0,2017,11,17,4,3,5,2,0,1,0,0,1,2,0,7.75572E+20,5.63619E+21,1.2912E+16,5.08117E+16
163477,,14,7,13,0,2017,10,2,3,3,5,3,1,1,0,0,0,2,0,7.36423E+20,5.6912E+21,1.23933E+16,5.13229E+16
163478,,14,6,12,0,2017,10,11,3,3,2,1,0,1,0,0,0,0,0,8.36854E+20,5.66664E+21,1.38072E+16,5.10523E+16
163479,,14,7,30,300,2017,10,13,2,3,5,3,0,1,0,0,0,0,0,7.42933E+20,5.6972E+21,1.24907E+16,5.1374E+16
163480,,14,7,13,0,2017,10,16,2,3,6,4,1,0,1,0,0,0,0,7.35306E+20,5.69345E+21,1.23788E+16,5.13436E+16
163481,,14,7,13,0,2017,10,13,2,3,2,2,0,1,0,0,0,0,0,7.34783E+20,5.6925E+21,1.23707E+16,5.13352E+16
163482,,14,7,13,0,2017,10,13,2,2,2,6,0,1,0,1,0,0,0,7.36174E+20,5.69104E+21,1.23897E+16,5.13216E+16
163483,,14,7,13,0,2017,10,13,2,3,1,1,1,1,0,0,0,0,0,7.31737E+20,5.69038E+21,1.23257E+16,5.13175E+16
163484,,14,7,29,160,2017,10,17,2,2,4,2,0,1,0,1,0,2,0,7.59386E+20,5.68179E+21,1.27154E+16,5.12285E+16
163485,,14,6,26,600,2017,10,16,2,3,1,7,0,1,0,0,0,0,1,8.90091E+20,5.7207E+21,1.46222E+16,5.15024E+16
163486,,14,6,27,10,2017,10,12,2,3,5,3,0,1,0,0,1,0,0,8.20909E+20,5.67391E+21,1.35869E+16,5.11266E+16
163487,,14,6,27,60,2017,10,19,2,2,8,1,0,1,0,0,0,2,0,8.20394E+20,5.69951E+21,1.36024E+16,5.13563E+16
163488,,14,6,12,0,2017,10,13,2,3,5,3,0,1,0,0,0,0,0,8.35447E+20,5.66473E+21,1.37854E+16,5.1036E+16
163489,,14,6,12,0,2017,10,17,2,3,5,3,1,1,0,0,0,2,0,8.38309E+20,5.66065E+21,1.38223E+16,5.09978E+16
163490,,14,6,12,0,2017,10,13,2,3,5,3,1,0,0,0,1,0,0,8.31128E+20,5.66604E+21,1.37252E+16,5.10502E+16
163491,,14,6,12,0,2017,10,10,2,3,6,4,0,1,1,0,0,0,0,8.29385E+20,5.66457E+21,1.36991E+16,5.10381E+16
163492,,14,5,11,0,2017,10,10,2,3,2,6,0,1,0,0,0,0,0,7.74302E+20,5.63716E+21,1.28948E+16,5.08211E+16
163493,,14,7,29,160,2017,10,5,1,3,9,1,0,1,0,0,0,2,1,7.60001E+20,5.68231E+21,1.27246E+16,5.12328E+16
163494,,14,7,13,0,2017,10,20,1,3,5,3,0,1,0,0,0,2,0,7.37387E+20,5.69159E+21,1.24074E+16,5.1326E+16
163495,,14,7,13,0,2017,10,20,1,3,0,7,0,1,0,0,0,2,0,7.3507E+20,5.69684E+21,1.23777E+16,5.13741E+16
163496,,14,7,13,0,2017,10,19,1,3,5,3,0,1,0,0,0,2,1,7.32234E+20,5.6992E+21,1.23386E+16,5.13965E+16
163497,,14,6,12,0,2017,10,10,1,2,0,1,1,0,0,0,0,0,1,8.32382E+20,5.668E+21,1.37448E+16,5.1067E+16
163498,,14,6,12,0,2017,10,3,1,3,1,1,0,1,0,0,0,2,1,8.29327E+20,5.66992E+21,1.37031E+16,5.1086E+16
163499,,14,6,12,0,2017,10,14,1,3,0,1,0,0,0,1,0,0,1,8.31311E+20,5.66676E+21,1.37285E+16,5.10566E+16
163500,,14,7,13,0,2017,10,23,7,3,3,2,0,1,0,0,0,2,1,7.36285E+20,5.68858E+21,1.23896E+16,5.12994E+16
163501,,14,7,13,0,2017,10,18,7,3,3,7,0,1,0,0,1,2,1,7.3503E+20,5.69162E+21,1.23737E+16,5.13272E+16
163502,,14,7,13,0,2017,10,14,7,3,6,7,0,1,1,0,0,0,0,7.31603E+20,5.68894E+21,1.23228E+16,5.13045E+16
163503,,14,6,26,110,2017,10,18,7,3,2,6,0,1,0,0,0,2,1,9.16436E+20,5.68315E+21,1.49559E+16,5.11478E+16
163504,,14,6,12,0,2017,10,21,7,2,6,4,0,1,1,0,0,2,1,8.32097E+20,5.66611E+21,1.3739E+16,5.10503E+16
163505,,14,6,12,0,2017,10,16,7,2,0,1,1,0,0,0,0,0,0,8.38698E+20,5.66439E+21,1.38313E+16,5.10311E+16
163506,,14,5,24,330,2017,10,2,6,3,1,5,0,1,0,0,0,2,0,7.45599E+20,5.61858E+21,1.24757E+16,5.06672E+16
163507,,14,5,23,340,2017,10,23,6,3,6,6,0,1,1,0,0,2,1,7.32798E+20,5.61228E+21,1.22909E+16,5.06159E+16
163508,,14,7,30,230,2017,10,7,6,3,4,2,1,1,0,0,0,1,1,7.86296E+20,5.69132E+21,1.31075E+16,5.13011E+16
163509,,14,7,13,0,2017,10,20,6,3,3,2,1,1,0,0,0,2,1,7.35564E+20,5.69215E+21,1.23817E+16,5.13318E+16
163510,,14,7,13,0,2017,10,7,6,3,5,3,1,1,0,0,0,1,1,7.34805E+20,5.69257E+21,1.23711E+16,5.13358E+16
163511,,14,7,13,0,2017,10,13,6,2,6,4,0,0,1,0,1,0,1,7.35093E+20,5.69487E+21,1.23767E+16,5.13564E+16
163512,,14,7,13,0,2017,10,12,6,3,6,3,1,0,1,0,0,0,0,7.35974E+20,5.69162E+21,1.23872E+16,5.13268E+16
163513,,14,7,13,0,2017,10,15,6,3,2,6,0,1,0,0,0,0,1,7.33573E+20,5.69068E+21,1.23522E+16,5.13194E+16
163514,,14,7,13,0,2017,10,7,6,3,4,2,1,1,0,0,0,1,1,7.35049E+20,5.69504E+21,1.23762E+16,5.13579E+16
163515,,14,6,28,270,2017,10,14,6,2,5,3,1,1,0,0,0,0,1,8.46452E+20,5.65856E+21,1.39359E+16,5.09741E+16
163516,,14,6,12,0,2017,10,13,6,3,5,3,1,1,0,0,0,0,1,8.29626E+20,5.66408E+21,1.37021E+16,5.10335E+16
163517,,14,6,12,0,2017,10,8,6,3,5,3,1,1,0,0,0,0,1,8.31307E+20,5.66677E+21,1.37284E+16,5.10566E+16
163518,,14,6,12,0,2017,10,6,6,3,5,3,0,1,0,0,1,2,1,8.33546E+20,5.66426E+21,1.37579E+16,5.10329E+16
163519,,14,6,12,0,2017,10,19,6,3,5,2,0,1,0,0,1,2,0,8.33568E+20,5.6743E+21,1.37675E+16,5.11228E+16
163520,,14,5,21,560,2017,10,22,6,3,8,1,0,1,0,0,0,2,1,7.81752E+20,5.59822E+21,1.29707E+16,5.04681E+16
163521,,14,5,11,0,2017,10,7,6,3,6,4,0,1,1,0,0,2,1,7.78786E+20,5.63749E+21,1.29585E+16,5.08219E+16
163522,,14,5,24,250,2017,10,15,5,3,0,7,1,0,0,0,0,0,0,7.49642E+20,5.62226E+21,1.25353E+16,5.06985E+16
163523,,14,5,23,160,2017,10,8,5,3,5,3,0,1,0,1,0,0,0,7.46396E+20,5.58435E+21,1.24644E+16,5.03596E+16
163524,,14,5,24,330,2017,10,11,5,2,4,2,1,1,0,0,0,0,0,7.47175E+20,5.62657E+21,1.25033E+16,5.07382E+16
163525,,14,7,30,45,2017,10,15,5,3,5,3,0,1,0,0,1,0,0,7.85779E+20,5.71095E+21,1.31158E+16,5.14774E+16
163526,,14,7,13,0,2017,10,15,5,3,5,3,1,1,0,0,0,0,0,7.31586E+20,5.69269E+21,1.2325E+16,5.13383E+16
163527,,14,7,13,0,2017,10,16,5,3,5,3,1,1,0,0,0,0,0,7.3793E+20,5.69248E+21,1.24158E+16,5.13337E+16
163528,,14,7,30,270,2017,10,11,5,3,0,7,0,0,0,0,1,0,0,7.26416E+20,5.69795E+21,1.22543E+16,5.13875E+16
163529,,14,7,13,0,2017,10,16,5,3,3,6,1,1,0,0,0,0,0,7.35432E+20,5.69321E+21,1.23805E+16,5.13413E+16
163530,,14,7,13,0,2017,10,15,5,3,1,7,1,1,0,0,0,0,0,7.35891E+20,5.6926E+21,1.23866E+16,5.13357E+16
163531,,14,7,13,0,2017,10,0,5,2,6,4,0,1,1,0,0,2,0,7.33896E+20,5.69503E+21,1.23597E+16,5.13583E+16
163532,,14,6,25,240,2017,10,14,5,3,3,2,0,1,0,0,0,0,0,8.66267E+20,5.71227E+21,1.42717E+16,5.14429E+16
163533,,14,6,26,110,2017,10,10,5,3,0,7,1,0,0,0,0,0,0,9.18272E+20,5.68449E+21,1.49836E+16,5.11585E+16
163534,,14,6,25,380,2017,10,5,5,3,4,6,1,1,0,0,0,2,1,8.7045E+20,5.67393E+21,1.4292E+16,5.10969E+16
163535,,14,6,28,360,2017,10,12,5,3,6,6,1,0,1,0,0,0,0,8.69855E+20,5.65952E+21,1.42688E+16,5.09683E+16
163536,,14,6,12,0,2017,10,18,5,3,5,2,0,1,0,0,0,2,0,8.34439E+20,5.66388E+21,1.37703E+16,5.10289E+16
163537,,14,6,12,0,2017,10,15,5,2,6,4,0,1,1,0,0,0,0,8.3108E+20,5.66904E+21,1.37273E+16,5.10772E+16
163538,,14,5,22,190,2017,10,7,5,3,3,2,1,0,0,1,0,0,0,7.76952E+20,5.6644E+21,1.2953E+16,5.10642E+16
163539,,14,5,24,190,2017,10,14,4,2,4,2,0,1,0,0,0,0,0,7.42677E+20,5.63736E+21,1.24468E+16,5.0837E+16
163540,,14,7,13,0,2017,10,8,4,3,1,5,1,1,0,0,0,0,0,7.374E+20,5.69454E+21,1.24096E+16,5.13525E+16
163541,,14,7,13,0,2017,10,16,4,3,5,3,1,1,0,0,0,0,0,7.35076E+20,5.68968E+21,1.2373E+16,5.13098E+16
163542,,14,7,13,0,2017,10,17,4,3,5,3,0,1,0,0,1,0,0,7.33686E+20,5.69387E+21,1.23559E+16,5.1348E+16
163543,,14,7,13,0,2017,10,6,4,3,6,4,0,1,1,0,0,1,0,7.42308E+20,5.69456E+21,1.24799E+16,5.13505E+16
163544,,14,6,25,480,2017,10,5,4,3,5,3,0,1,0,0,0,2,1,8.44092E+20,5.67319E+21,1.39163E+16,5.11067E+16
163545,,14,6,12,0,2017,10,7,4,3,2,6,0,1,0,0,1,1,1,8.28437E+20,5.66659E+21,1.36874E+16,5.10567E+16
163546,,14,6,12,0,2017,10,8,4,3,5,2,1,1,0,0,0,0,0,8.35809E+20,5.66204E+21,1.3788E+16,5.10117E+16
163547,,14,6,12,0,2017,10,9,4,3,5,2,1,0,0,0,1,0,0,8.30703E+20,5.66588E+21,1.3719E+16,5.1049E+16
163548,,14,6,12,0,2017,10,19,4,3,5,2,1,1,0,0,0,2,0,8.33819E+20,5.66638E+21,1.37638E+16,5.10517E+16
163549,,14,6,12,0,2017,10,7,4,3,5,3,1,0,0,0,1,1,1,8.36054E+20,5.66544E+21,1.37947E+16,5.1042E+16
163550,,14,6,12,0,2017,10,10,4,3,2,2,0,1,0,0,0,0,1,8.37461E+20,5.66306E+21,1.38124E+16,5.10198E+16
163551,,14,6,12,0,2017,10,8,4,3,5,3,1,1,0,0,0,0,1,8.35798E+20,5.66736E+21,1.37928E+16,5.10593E+16
163552,,14,5,22,180,2017,10,8,4,3,6,7,0,1,1,0,0,0,1,8.04563E+20,5.64935E+21,1.33333E+16,5.09152E+16
163553,,14,5,11,0,2017,10,7,4,3,5,2,1,1,0,0,0,0,1,7.73355E+20,5.63707E+21,1.28813E+16,5.08207E+16
163554,,14,5,24,180,2017,10,15,3,3,0,7,0,0,0,0,1,0,0,7.64893E+20,5.64044E+21,1.27639E+16,5.08549E+16
163555,,14,7,30,20,2017,10,21,3,3,1,5,0,1,0,0,0,2,0,7.48056E+20,5.72235E+21,1.25818E+16,5.15975E+16
163556,,14,7,13,0,2017,10,17,3,3,1,7,0,1,0,1,0,2,0,7.31645E+20,5.69207E+21,1.23255E+16,5.13327E+16
163557,,14,7,29,260,2017,10,10,3,3,5,3,1,1,0,0,0,0,0,7.3418E+20,5.68595E+21,1.23578E+16,5.12766E+16
163558,,14,7,13,0,2017,10,13,3,3,2,2,0,1,0,1,0,0,0,7.41485E+20,5.68976E+21,1.24649E+16,5.13078E+16
163559,,14,7,13,0,2017,10,6,3,3,2,2,0,1,0,0,0,0,1,7.38333E+20,5.69089E+21,1.24205E+16,5.13193E+16
163560,,14,7,13,0,2017,10,15,3,3,2,6,0,1,0,0,0,0,0,7.40595E+20,5.70021E+21,1.24592E+16,5.1402E+16
163561,,14,7,13,0,2017,10,20,3,3,5,3,1,1,0,0,0,2,0,7.35545E+20,5.6974E+21,1.23849E+16,5.13789E+16
163562,,14,7,13,0,2017,10,15,3,2,5,3,0,1,0,0,0,0,0,7.35308E+20,5.68989E+21,1.23765E+16,5.13116E+16
163563,,14,7,13,0,2017,10,18,3,3,1,5,1,1,0,0,0,2,0,7.35038E+20,5.69116E+21,1.23735E+16,5.13231E+16
163564,,14,6,25,480,2017,10,8,3,3,5,3,0,1,0,0,0,0,1,8.43984E+20,5.67564E+21,1.39171E+16,5.11287E+16
163565,,14,6,25,240,2017,10,13,3,3,5,3,1,1,0,0,0,0,0,8.64619E+20,5.71129E+21,1.42471E+16,5.14352E+16
163566,,14,6,25,240,2017,10,16,3,3,5,2,1,1,0,0,0,0,0,8.64141E+20,5.7107E+21,1.42397E+16,5.14302E+16
163567,,14,6,26,110,2017,10,7,3,2,7,1,1,0,0,0,0,1,1,9.18601E+20,5.68146E+21,1.49848E+16,5.11311E+16
163568,,14,6,26,110,2017,10,7,3,3,4,2,0,1,0,1,0,0,1,9.18394E+20,5.68421E+21,1.4985E+16,5.11559E+16
163569,,14,6,25,20,2017,10,6,3,3,5,3,0,1,0,0,0,2,1,8.80826E+20,5.68516E+21,1.44513E+16,5.11906E+16
163570,,14,6,28,80,2017,10,9,3,2,8,1,0,1,0,0,0,0,0,8.40478E+20,5.65724E+21,1.38499E+16,5.09659E+16
163571,,14,6,12,0,2017,10,18,3,2,4,3,0,1,0,0,1,1,0,8.30402E+20,5.66614E+21,1.3715E+16,5.10516E+16