OBJECTID,UIDENTSTLA,ULAND,UREGBEZ,UKREIS,UGEMEINDE,UJAHR,UMONAT,USTUNDE,UWOCHENTAG,UKATEGORIE,UART,UTYP1,IstRad,IstPKW,IstFuss,IstKrad,IstSonstig,LICHT,STRZUSTAND,LINREFX,LINREFY,XGCSWGS84,YGCSWGS84
163572,,14,6,12,0,2017,10,9,3,3,5,3,1,1,0,0,0,0,0,8.35027E+20,5.66421E+21,1.37789E+16,5.10316E+16
163573,,14,5,11,0,2017,10,15,3,3,6,4,0,1,1,0,0,0,0,7.74598E+20,5.63838E+21,1.28999E+16,5.08319E+16
163574,,14,5,11,0,2017,10,16,3,3,1,6,1,1,0,0,0,0,0,7.75984E+20,5.63897E+21,1.292E+16,5.08365E+16
163575,,14,5,11,0,2017,10,16,3,3,6,4,1,0,1,0,0,0,0,7.73424E+20,5.63531E+21,1.2881E+16,5.08049E+16
163576,,14,5,11,0,2017,10,15,3,3,6,4,0,1,1,0,0,0,0,7.78282E+20,5.6394E+21,1.29528E+16,5.08393E+16
163577,,14,5,23,340,2017,10,14,2,3,1,5,0,1,0,0,0,0,0,7.32988E+20,5.61269E+21,1.22938E+16,5.06195E+16
163578,,14,7,13,0,2017,10,11,2,3,5,2,1,1,0,0,0,0,1,7.33593E+20,5.69301E+21,1.2354E+16,5.13403E+16
163579,,14,7,13,0,2017,10,16,2,3,3,2,1,1,0,0,0,1,0,7.34643E+20,5.69349E+21,1.23694E+16,5.13442E+16
163580,,14,7,13,0,2017,10,13,2,3,5,3,1,1,0,0,0,0,1,7.40244E+20,5.6939E+21,1.24499E+16,5.13455E+16
163581,,14,7,13,0,2017,10,12,2,3,3,2,0,1,0,0,1,0,1,7.39049E+20,5.69492E+21,1.24335E+16,5.13552E+16
163582,,14,7,13,0,2017,10,8,2,3,3,6,0,1,0,1,0,0,0,7.37786E+20,5.69145E+21,1.2413E+16,5.13245E+16
163583,,14,7,30,70,2017,10,7,2,3,5,3,1,1,0,0,0,0,0,7.32331E+20,5.71337E+21,1.23493E+16,5.15236E+16
163584,,14,6,25,40,2017,10,20,2,3,5,3,0,1,0,0,0,2,1,8.6229E+20,5.67758E+21,1.41796E+16,5.11348E+16
163585,,14,6,26,110,2017,10,8,2,3,3,7,0,1,0,0,0,0,1,9.1785E+20,5.68351E+21,1.49765E+16,5.11501E+16
163586,,14,6,12,0,2017,10,6,2,3,5,3,1,1,0,0,0,2,1,8.35866E+20,5.66279E+21,1.37895E+16,5.10183E+16
163587,,14,6,12,0,2017,10,17,2,3,5,2,1,1,0,0,0,0,0,8.32865E+20,5.66802E+21,1.37517E+16,5.1067E+16
163588,,14,6,12,0,2017,10,7,2,3,1,1,1,1,0,0,0,1,1,8.34696E+20,5.6674E+21,1.37772E+16,5.10603E+16
163589,,14,6,12,0,2017,10,7,2,3,5,2,1,1,0,0,0,0,1,8.34668E+20,5.66634E+21,1.37758E+16,5.10508E+16
163590,,14,5,22,490,2017,10,7,2,2,0,7,0,1,1,0,0,1,1,7.6625E+20,5.66167E+21,1.27986E+16,5.10447E+16
163591,,14,5,11,0,2017,10,14,2,2,5,3,1,1,0,0,0,0,1,7.75285E+20,5.63941E+21,1.29104E+16,5.08408E+16
163592,,14,7,13,0,2017,10,9,1,3,1,5,1,1,0,0,0,0,1,7.34922E+20,5.69421E+21,1.23738E+16,5.13505E+16
163593,,14,6,12,0,2017,10,20,1,2,5,3,0,1,0,0,0,2,0,8.29026E+20,5.6701E+21,1.3699E+16,5.10878E+16
163594,,14,6,12,0,2017,10,11,1,2,1,1,0,1,0,1,0,0,1,8.3607E+20,5.66185E+21,1.37916E+16,5.10098E+16
163595,,14,5,24,330,2017,10,11,7,3,5,3,1,1,0,0,0,0,0,7.45387E+20,5.62103E+21,1.24743E+16,5.06893E+16
163596,,14,5,24,250,2017,10,13,7,3,0,7,0,1,0,0,0,0,0,7.52894E+20,5.62061E+21,1.25801E+16,5.06823E+16
163597,,14,7,13,0,2017,10,11,7,3,2,6,0,1,0,0,0,0,0,7.33538E+20,5.69419E+21,1.2354E+16,5.13509E+16
163598,,14,7,13,0,2017,10,16,7,3,5,3,0,1,0,0,0,0,1,7.34606E+20,5.69245E+21,1.23681E+16,5.13349E+16
163599,,14,7,13,0,2017,10,14,7,3,0,1,1,0,0,0,0,0,0,7.33119E+20,5.69066E+21,1.23457E+16,5.13194E+16
163600,,14,7,13,0,2017,10,13,7,3,4,2,0,1,0,1,0,0,0,7.32609E+20,5.6923E+21,1.23394E+16,5.13344E+16
163601,,14,7,30,70,2017,10,13,7,2,8,1,0,0,0,0,1,0,0,7.31127E+20,5.71347E+21,1.2332E+16,5.1525E+16
163602,,14,7,13,0,2017,10,17,7,3,6,4,1,0,1,0,0,1,1,7.33564E+20,5.69307E+21,1.23536E+16,5.13409E+16
163603,,14,6,28,160,2017,10,10,7,3,5,2,1,1,0,0,0,0,0,8.41099E+20,5.65886E+21,1.38602E+16,5.09801E+16
163604,,14,6,27,310,2017,10,8,7,2,5,3,0,1,0,0,0,1,0,8.21114E+20,5.67798E+21,1.35934E+16,5.1163E+16
163605,,14,6,12,0,2017,10,5,7,3,6,4,0,1,1,0,0,2,0,8.29939E+20,5.66367E+21,1.37061E+16,5.10297E+16
163606,,14,6,12,0,2017,10,5,7,3,6,4,0,0,1,1,0,2,0,8.32711E+20,5.66917E+21,1.37506E+16,5.10774E+16
163607,,14,6,12,0,2017,10,15,7,3,2,6,0,1,0,0,0,0,0,8.37005E+20,5.66472E+21,1.38075E+16,5.1035E+16
163608,,14,6,12,0,2017,10,15,7,3,5,2,0,1,0,0,1,0,0,8.3571E+20,5.66249E+21,1.3787E+16,5.10158E+16
163609,,14,5,22,180,2017,10,21,7,3,5,3,0,1,0,0,0,2,1,8.05566E+20,5.64788E+21,1.33463E+16,5.09016E+16
163610,,14,5,11,0,2017,10,14,7,3,1,6,1,1,0,0,0,0,0,7.78369E+20,5.63378E+21,1.29498E+16,5.07888E+16
163611,,14,5,24,190,2017,10,9,6,3,5,3,1,1,0,0,0,0,0,7.44072E+20,5.63881E+21,1.24675E+16,5.08494E+16
163612,,14,5,24,160,2017,10,7,6,3,1,5,1,1,0,0,0,1,0,7.57473E+20,5.62771E+21,1.26497E+16,5.0744E+16
163613,,14,7,30,190,2017,10,18,6,3,2,2,0,1,0,0,0,2,1,7.64135E+20,5.71671E+21,1.28092E+16,5.15396E+16
163614,,14,7,13,0,2017,10,13,6,3,1,5,1,1,0,0,0,0,0,7.36159E+20,5.69283E+21,1.23906E+16,5.13376E+16
163615,,14,7,13,0,2017,10,16,6,3,9,1,0,1,0,0,0,0,0,7.40086E+20,5.68696E+21,1.2443E+16,5.12833E+16
163616,,14,7,13,0,2017,10,20,6,3,1,1,0,1,0,1,0,2,1,7.38047E+20,5.69729E+21,1.24207E+16,5.13769E+16
163617,,14,7,13,0,2017,10,17,6,3,8,1,0,1,0,0,0,1,1,7.43304E+20,5.69434E+21,1.24941E+16,5.13482E+16
163618,,14,6,26,610,2017,10,6,6,3,5,3,0,1,0,0,0,1,0,9.08168E+20,5.65371E+21,1.48053E+16,5.08904E+16
163619,,14,6,26,610,2017,10,10,6,3,4,3,0,1,0,1,0,0,0,9.07877E+20,5.65329E+21,1.48007E+16,5.08869E+16
163620,,14,6,25,250,2017,10,9,6,3,5,3,1,1,0,0,0,0,0,8.56723E+20,5.69344E+21,1.41161E+16,5.12803E+16
163621,,14,6,26,110,2017,10,10,6,3,6,4,0,1,1,0,0,0,0,9.17846E+20,5.68514E+21,1.49783E+16,5.11646E+16
163622,,14,6,25,20,2017,10,12,6,3,3,2,1,1,0,0,0,0,0,8.79934E+20,5.6839E+21,1.44373E+16,5.11799E+16
163623,,14,6,27,210,2017,10,8,6,3,5,3,0,1,0,0,0,0,0,8.22685E+20,5.6721E+21,1.36105E+16,5.11094E+16
163624,,14,6,12,0,2017,10,13,6,3,6,7,0,0,1,0,1,0,0,8.35858E+20,5.66276E+21,1.37894E+16,5.10181E+16
163625,,14,6,12,0,2017,10,6,6,3,0,1,1,0,0,0,0,2,0,8.3143E+20,5.67361E+21,1.37364E+16,5.11179E+16
163626,,14,6,12,0,2017,10,15,6,3,2,3,1,1,0,0,1,0,0,8.33637E+20,5.66675E+21,1.37615E+16,5.10551E+16
163627,,14,6,12,0,2017,10,6,6,3,2,2,1,1,0,0,0,2,0,8.36931E+20,5.66367E+21,1.38055E+16,5.10256E+16
163628,,14,6,12,0,2017,10,11,6,3,2,2,1,1,0,0,0,0,0,8.31233E+20,5.6657E+21,1.37264E+16,5.10471E+16
163629,,14,6,12,0,2017,10,14,6,3,5,3,0,1,0,1,0,0,0,8.34475E+20,5.66741E+21,1.3774E+16,5.10606E+16
163630,,14,5,11,0,2017,10,11,6,3,3,2,0,0,0,0,1,0,0,7.7389E+20,5.63876E+21,1.28901E+16,5.08356E+16
163631,,14,7,30,45,2017,10,14,5,3,4,2,0,1,0,0,0,0,0,7.88743E+20,5.70967E+21,1.31574E+16,5.14644E+16
163632,,14,7,30,230,2017,10,12,5,3,4,2,0,1,0,1,0,0,0,7.86763E+20,5.69049E+21,1.31135E+16,5.12934E+16
163633,,14,7,13,0,2017,10,19,5,2,0,7,0,1,0,0,0,2,0,7.37214E+20,5.69376E+21,1.24064E+16,5.13455E+16
163634,,14,7,13,0,2017,10,17,5,3,5,2,1,1,0,0,0,0,0,7.35967E+20,5.69163E+21,1.23871E+16,5.13269E+16
163635,,14,7,13,0,2017,10,10,5,3,5,2,0,1,0,0,0,0,0,7.28714E+20,5.69475E+21,1.22852E+16,5.13579E+16
163636,,14,7,13,0,2017,10,10,5,3,5,3,1,0,0,0,1,0,0,7.4159E+20,5.69292E+21,1.24685E+16,5.13361E+16
163637,,14,7,29,50,2017,10,7,5,3,0,3,1,1,0,0,0,0,0,7.45284E+20,5.66947E+21,1.25054E+16,5.11241E+16
163638,,14,7,13,0,2017,10,13,5,3,1,5,0,1,0,0,1,0,0,7.38255E+20,5.69088E+21,1.24194E+16,5.13193E+16
163639,,14,7,13,0,2017,10,12,5,2,5,3,1,1,0,0,0,0,0,7.35044E+20,5.69258E+21,1.23745E+16,5.13358E+16
163640,,14,7,13,0,2017,10,16,5,2,3,6,1,0,0,0,0,0,0,7.35023E+20,5.69253E+21,1.23742E+16,5.13354E+16
163641,,14,7,13,0,2017,10,19,5,2,6,4,1,0,1,0,0,2,0,7.35171E+20,5.69303E+21,1.23766E+16,5.13398E+16
163642,,14,7,13,0,2017,10,7,5,3,6,2,0,0,1,0,1,1,0,7.28893E+20,5.701E+21,1.22918E+16,5.14139E+16
163643,,14,7,13,0,2017,10,16,5,3,5,3,1,1,0,0,0,0,0,7.38825E+20,5.69576E+21,1.24308E+16,5.13628E+16
163644,,14,6,25,20,2017,10,11,5,3,5,3,1,1,0,0,0,0,0,8.79532E+20,5.68364E+21,1.44313E+16,5.11779E+16
163645,,14,6,27,140,2017,10,15,5,3,5,2,1,1,0,0,0,0,0,8.1367E+20,5.67728E+21,1.34867E+16,5.11608E+16
163646,,14,6,12,0,2017,10,15,5,3,2,7,0,1,0,1,0,0,0,8.2658E+20,5.66568E+21,1.36602E+16,5.10496E+16
163647,,14,6,12,0,2017,10,9,5,3,1,5,1,0,0,0,1,0,0,8.27396E+20,5.66727E+21,1.36732E+16,5.10634E+16
163648,,14,6,12,0,2017,10,7,5,3,5,3,1,1,0,0,0,2,0,8.29796E+20,5.66946E+21,1.37094E+16,5.10816E+16
163649,,14,6,12,0,2017,10,16,5,3,6,4,0,1,1,0,0,0,0,8.30035E+20,5.66937E+21,1.37127E+16,5.10807E+16
163650,,14,6,12,0,2017,10,11,5,3,3,6,0,1,0,0,1,0,0,8.32497E+20,5.6676E+21,1.37461E+16,5.10635E+16
163651,,14,6,12,0,2017,10,6,5,3,6,4,1,0,0,0,1,2,0,8.35349E+20,5.66831E+21,1.37873E+16,5.10681E+16
163652,,14,6,12,0,2017,10,10,5,3,5,3,1,1,0,0,0,0,0,8.35766E+20,5.66411E+21,1.37893E+16,5.10302E+16
163653,,14,5,22,50,2017,10,13,5,2,6,4,0,1,1,0,0,0,0,8.03981E+20,5.64399E+21,1.33206E+16,5.08675E+16
163654,,14,5,11,0,2017,10,17,5,3,5,3,0,1,0,0,0,0,0,7.70769E+20,5.63698E+21,1.28446E+16,5.08211E+16
163655,,14,5,23,340,2017,10,14,4,2,2,2,0,1,0,1,0,0,0,7.3313E+20,5.6133E+21,1.22962E+16,5.06249E+16
163656,,14,7,30,70,2017,10,14,4,3,2,6,0,1,0,0,1,0,0,7.31469E+20,5.71355E+21,1.2337E+16,5.15256E+16
163657,,14,7,13,0,2017,10,8,4,3,5,2,1,1,0,0,0,0,0,7.31782E+20,5.69174E+21,1.23272E+16,5.13296E+16
163658,,14,7,30,300,2017,10,5,4,3,0,3,1,1,0,0,0,2,0,7.42321E+20,5.69804E+21,1.24825E+16,5.13818E+16
163659,,14,7,13,0,2017,10,11,4,3,5,3,1,1,0,0,0,0,0,7.37287E+20,5.69442E+21,1.24079E+16,5.13514E+16
163660,,14,7,13,0,2017,10,11,4,3,2,2,0,1,0,0,1,0,0,7.34168E+20,5.69647E+21,1.23645E+16,5.13711E+16
163661,,14,7,29,260,2017,10,17,4,3,3,2,1,1,0,0,0,0,0,7.35333E+20,5.68636E+21,1.23745E+16,5.12799E+16
163662,,14,6,28,270,2017,10,7,4,3,6,4,0,1,1,0,0,0,0,8.45231E+20,5.66136E+21,1.39212E+16,5.1E+16
163663,,14,6,27,210,2017,10,15,4,3,4,6,1,0,0,0,1,0,0,8.23617E+20,5.67156E+21,1.36233E+16,5.1104E+16
163664,,14,6,27,310,2017,10,11,4,2,0,7,1,0,0,0,0,0,0,8.21013E+20,5.67878E+21,1.35927E+16,5.11702E+16
163665,,14,6,12,0,2017,10,17,4,3,5,3,0,1,0,0,0,0,0,8.29623E+20,5.66417E+21,1.37021E+16,5.10344E+16
163666,,14,6,12,0,2017,10,19,4,3,7,1,0,1,0,0,0,2,0,8.40183E+20,5.66547E+21,1.38534E+16,5.10398E+16
163667,,14,6,12,0,2017,10,9,4,3,5,3,0,1,0,0,0,0,0,8.34411E+20,5.66512E+21,1.3771E+16,5.10401E+16
163668,,14,6,12,0,2017,10,15,4,3,6,4,0,0,1,0,1,0,0,8.354E+20,5.66464E+21,1.37846E+16,5.10352E+16
163669,,14,6,12,0,2017,10,18,4,2,2,2,0,0,0,1,1,2,0,8.37996E+20,5.66141E+21,1.38185E+16,5.10047E+16
163670,,14,5,11,0,2017,10,8,4,3,5,3,1,1,0,0,0,0,0,7.76493E+20,5.63777E+21,1.29263E+16,5.08255E+16
163671,,14,5,11,0,2017,10,16,4,3,5,3,1,0,0,0,0,0,0,7.74985E+20,5.63775E+21,1.29049E+16,5.08261E+16
163672,,14,5,24,330,2017,10,9,3,3,5,3,0,1,0,0,0,0,0,7.4472E+20,5.62174E+21,1.24654E+16,5.0696E+16
163673,,14,5,24,30,2017,10,6,3,3,4,2,0,1,0,1,0,1,0,7.39981E+20,5.6353E+21,1.24072E+16,5.08196E+16
163674,,14,5,23,320,2017,10,11,3,3,5,3,0,1,0,0,0,0,0,7.22964E+20,5.59902E+21,1.21442E+16,5.05006E+16
163675,,14,5,24,180,2017,10,21,3,3,5,3,0,1,0,0,0,1,0,7.6523E+20,5.64119E+21,1.27692E+16,5.08615E+16
163676,,14,5,24,80,2017,10,12,3,3,5,2,0,1,0,1,0,0,0,7.50138E+20,5.63536E+21,1.25512E+16,5.08158E+16
163677,,14,5,24,330,2017,10,22,3,2,6,7,0,1,1,0,0,2,0,7.46917E+20,5.62369E+21,1.24977E+16,5.07125E+16
163678,,14,5,23,120,2017,10,19,3,2,6,4,0,1,1,0,0,2,0,7.38711E+20,5.59689E+21,1.23645E+16,5.04753E+16
163679,,14,7,30,110,2017,10,11,3,3,6,4,0,1,1,0,0,0,0,7.54264E+20,5.7084E+21,1.26612E+16,5.14695E+16
163680,,14,7,13,0,2017,10,7,3,3,5,3,0,1,0,0,1,0,0,7.3719E+20,5.69398E+21,1.24062E+16,5.13475E+16
163681,,14,7,13,0,2017,10,23,3,3,5,3,1,0,0,0,1,2,0,7.3475E+20,5.69385E+21,1.23711E+16,5.13474E+16
163682,,14,7,13,0,2017,10,15,3,2,6,4,0,0,1,0,1,0,0,7.35074E+20,5.68989E+21,1.23731E+16,5.13116E+16
163683,,14,7,13,0,2017,10,14,3,3,5,3,0,1,0,0,0,0,0,7.30422E+20,5.69095E+21,1.23072E+16,5.13231E+16
163684,,14,7,13,0,2017,10,15,3,3,3,6,0,1,0,0,1,0,0,7.33067E+20,5.69061E+21,1.23449E+16,5.1319E+16
163685,,14,7,13,0,2017,10,12,3,3,1,7,1,1,0,0,0,0,0,7.35488E+20,5.6909E+21,1.23798E+16,5.13205E+16
163686,,14,7,13,0,2017,10,20,3,2,8,1,0,1,0,0,0,2,0,7.42247E+20,5.69414E+21,1.24788E+16,5.13468E+16
163687,,14,7,13,0,2017,10,22,3,3,1,1,0,1,0,0,0,2,0,7.38906E+20,5.69802E+21,1.24335E+16,5.1383E+16
163688,,14,7,13,0,2017,10,8,3,3,5,2,1,1,0,0,0,0,0,7.35769E+20,5.69287E+21,1.23851E+16,5.13381E+16
163689,,14,7,29,270,2017,10,18,3,3,5,3,0,1,0,0,0,1,0,7.25257E+20,5.69027E+21,1.22328E+16,5.1319E+16
163690,,14,7,13,0,2017,10,19,3,2,6,4,0,1,1,0,0,2,0,7.30671E+20,5.69551E+21,1.23137E+16,5.1364E+16
163691,,14,7,13,0,2017,11,13,2,3,5,2,1,0,0,0,1,0,0,7.29937E+20,5.6912E+21,1.23004E+16,5.13255E+16
163692,,14,7,29,270,2017,11,17,2,3,4,1,0,1,0,0,1,2,1,7.24833E+20,5.68295E+21,1.22221E+16,5.12536E+16
163693,,14,7,13,0,2017,11,18,2,3,5,3,1,1,0,0,0,2,1,7.34177E+20,5.69218E+21,1.23618E+16,5.13326E+16
163694,,14,7,13,0,2017,11,19,2,3,2,2,0,1,0,0,0,2,1,7.35705E+20,5.6909E+21,1.23829E+16,5.13205E+16
163695,,14,7,13,0,2017,11,14,2,3,5,3,1,0,0,0,1,0,0,7.40299E+20,5.69818E+21,1.24536E+16,5.13839E+16
163696,,14,6,27,60,2017,11,18,2,2,5,3,0,1,0,1,0,2,1,8.16913E+20,5.69245E+21,1.35463E+16,5.1295E+16
163697,,14,6,28,60,2017,11,12,2,2,8,1,1,0,0,0,0,0,0,8.29072E+20,5.64181E+21,1.36741E+16,5.08342E+16
163698,,14,6,12,0,2017,11,12,2,2,6,7,0,0,1,0,1,0,0,8.3288E+20,5.66304E+21,1.37473E+16,5.10223E+16
163699,,14,6,12,0,2017,11,9,2,3,2,6,0,1,0,0,0,0,0,8.3102E+20,5.66682E+21,1.37244E+16,5.10572E+16
163700,,14,5,11,0,2017,11,11,2,2,0,4,0,0,1,0,1,0,0,7.76131E+20,5.63838E+21,1.29216E+16,5.08312E+16
163701,,14,5,21,430,2017,11,7,2,2,5,3,1,1,0,0,0,1,0,7.64667E+20,5.62549E+21,1.27499E+16,5.07208E+16
163702,,14,7,13,0,2017,11,6,1,3,5,3,0,1,0,0,1,2,0,7.37248E+20,5.69223E+21,1.24059E+16,5.13318E+16
163703,,14,6,27,220,2017,11,10,1,3,6,7,0,1,1,0,0,0,0,8.29217E+20,5.68447E+21,1.37148E+16,5.12165E+16
163704,,14,6,25,250,2017,11,3,1,2,8,1,0,1,0,0,0,2,1,8.55402E+20,5.69399E+21,1.40978E+16,5.12861E+16
163705,,14,6,27,210,2017,11,11,1,3,1,5,1,1,0,0,0,0,0,8.22357E+20,5.67242E+21,1.36061E+16,5.11124E+16
163706,,14,5,22,230,2017,11,16,1,1,9,1,0,1,0,0,0,1,0,7.88618E+20,5.65551E+21,1.3112E+16,5.09787E+16
163707,,14,5,24,80,2017,11,10,7,3,5,3,1,1,0,0,0,0,1,7.49969E+20,5.63566E+21,1.2549E+16,5.08186E+16
163708,,14,7,13,0,2017,11,1,7,3,0,1,0,0,0,0,1,2,1,7.41609E+20,5.69397E+21,1.24695E+16,5.13455E+16
163709,,14,7,13,0,2017,11,16,7,3,8,1,0,1,0,0,0,2,1,7.38018E+20,5.69442E+21,1.24183E+16,5.13511E+16
163710,,14,7,13,0,2017,11,17,7,3,6,4,0,1,1,0,0,2,1,7.33684E+20,5.69283E+21,1.23552E+16,5.13386E+16
163711,,14,7,13,0,2017,11,22,7,2,8,1,0,1,0,0,0,2,1,7.34897E+20,5.69531E+21,1.23742E+16,5.13604E+16
163712,,14,7,13,0,2017,11,15,7,3,5,2,1,1,0,0,0,0,1,7.35122E+20,5.69398E+21,1.23765E+16,5.13484E+16
163713,,14,7,13,0,2017,11,0,7,3,5,3,0,1,0,0,0,2,1,7.36417E+20,5.69275E+21,1.23943E+16,5.13368E+16
163714,,14,7,13,0,2017,11,18,7,2,6,4,0,0,1,0,1,2,1,7.34793E+20,5.69261E+21,1.23709E+16,5.13362E+16
163715,,14,6,25,480,2017,11,1,7,2,9,1,1,0,0,0,0,2,1,8.44014E+20,5.67404E+21,1.3916E+16,5.11143E+16
163716,,14,6,25,480,2017,11,12,7,3,5,3,1,1,0,0,0,0,1,8.42999E+20,5.67351E+21,1.3901E+16,5.11102E+16
163717,,14,6,28,50,2017,11,21,7,3,5,3,1,1,0,0,0,2,1,8.30953E+20,5.6577E+21,1.37151E+16,5.09756E+16
163718,,14,6,12,0,2017,11,18,7,3,5,2,0,1,0,0,0,2,1,8.35468E+20,5.66422E+21,1.37852E+16,5.10314E+16
163719,,14,6,12,0,2017,11,9,7,3,5,3,1,1,0,0,0,0,1,8.33239E+20,5.66903E+21,1.3758E+16,5.10758E+16
163720,,14,5,22,210,2017,11,18,7,3,5,3,0,1,0,0,0,2,1,8.00155E+20,5.65466E+21,1.32752E+16,5.09652E+16
163721,,14,5,11,0,2017,11,13,7,2,6,4,0,1,1,0,0,0,1,7.77274E+20,5.63985E+21,1.29389E+16,5.08438E+16
163722,,14,5,24,330,2017,11,13,6,3,5,3,0,1,0,0,0,0,0,7.45718E+20,5.62173E+21,1.24795E+16,5.06954E+16
163723,,14,7,30,230,2017,11,11,6,3,5,3,1,1,0,0,0,0,0,7.85235E+20,5.69154E+21,1.30924E+16,5.13035E+16
163724,,14,7,29,300,2017,11,10,6,2,3,6,1,1,0,0,0,0,0,7.50614E+20,5.68676E+21,1.25935E+16,5.1277E+16
163725,,14,7,13,0,2017,11,9,6,3,0,7,0,1,0,1,0,0,0,7.37383E+20,5.6939E+21,1.24089E+16,5.13467E+16
163726,,14,7,13,0,2017,11,21,6,3,5,3,0,1,0,0,0,2,1,7.35502E+20,5.69205E+21,1.23807E+16,5.13309E+16
163727,,14,7,13,0,2017,11,8,6,3,4,3,1,1,0,0,0,0,0,7.34282E+20,5.6935E+21,1.23642E+16,5.13444E+16
163728,,14,7,13,0,2017,11,10,6,3,5,3,1,1,0,0,0,0,0,7.33905E+20,5.69082E+21,1.2357E+16,5.13205E+16
163729,,14,7,13,0,2017,11,17,6,3,2,6,0,1,0,0,0,2,1,7.37374E+20,5.69266E+21,1.24079E+16,5.13356E+16
163730,,14,7,13,0,2017,11,6,6,3,5,3,1,1,0,0,0,1,0,7.37298E+20,5.69537E+21,1.24087E+16,5.136E+16
163731,,14,7,30,70,2017,11,8,6,2,5,3,1,1,0,0,0,0,0,7.30414E+20,5.71445E+21,1.23224E+16,5.15341E+16
163732,,14,7,13,0,2017,11,9,6,2,5,2,1,1,0,0,0,0,0,7.36501E+20,5.68744E+21,1.2392E+16,5.12891E+16
163733,,14,7,13,0,2017,11,16,6,3,4,2,1,1,0,0,0,2,1,7.38338E+20,5.69514E+21,1.24234E+16,5.13575E+16
163734,,14,6,25,270,2017,11,14,6,3,2,7,0,1,0,0,1,0,0,8.44257E+20,5.68881E+21,1.39336E+16,5.12465E+16
163735,,14,6,25,240,2017,11,9,6,3,4,2,0,1,0,0,0,0,0,8.64331E+20,5.7122E+21,1.42439E+16,5.14435E+16
163736,,14,6,25,40,2017,11,7,6,3,6,4,0,0,1,0,1,1,0,8.62795E+20,5.67663E+21,1.41858E+16,5.1126E+16
163737,,14,6,27,50,2017,11,18,6,3,5,2,1,1,0,0,0,2,1,8.09087E+20,5.70517E+21,1.34455E+16,5.14133E+16
163738,,14,6,28,270,2017,11,7,6,3,5,3,1,0,0,0,1,0,0,8.46783E+20,5.65698E+21,1.39391E+16,5.09598E+16
163739,,14,6,27,210,2017,11,12,6,2,5,3,1,1,0,0,0,0,0,8.25845E+20,5.67265E+21,1.3656E+16,5.11125E+16
163740,,14,6,12,0,2017,11,15,6,3,6,4,0,1,1,0,0,0,0,8.30147E+20,5.67098E+21,1.37158E+16,5.10951E+16
163741,,14,6,12,0,2017,11,17,6,3,2,6,0,1,0,0,0,1,0,8.32657E+20,5.66465E+21,1.37457E+16,5.10369E+16
163742,,14,5,21,500,2017,11,12,6,3,5,3,0,1,0,0,1,0,0,7.72131E+20,5.60486E+21,1.28403E+16,5.05323E+16
163743,,14,5,21,550,2017,11,15,6,2,6,4,0,1,1,0,0,0,0,7.67828E+20,5.60768E+21,1.27817E+16,5.05595E+16
163744,,14,5,11,0,2017,11,22,6,3,2,7,0,1,0,0,0,2,1,7.74689E+20,5.63344E+21,1.28975E+16,5.07875E+16
163745,,14,5,11,0,2017,11,13,6,3,0,7,1,0,1,0,0,0,0,7.74123E+20,5.63886E+21,1.28935E+16,5.08364E+16
163746,,14,5,11,0,2017,11,20,6,3,4,2,0,1,0,0,0,2,1,7.77705E+20,5.63739E+21,1.29432E+16,5.08215E+16
163747,,14,5,24,330,2017,11,11,5,3,6,4,0,1,1,0,0,0,0,7.46998E+20,5.6242E+21,1.24992E+16,5.0717E+16
163748,,14,5,24,30,2017,11,13,5,3,1,7,0,1,0,0,0,0,0,7.38553E+20,5.63453E+21,1.23865E+16,5.08133E+16
163749,,14,5,23,200,2017,11,15,5,3,6,6,0,1,1,0,0,0,0,7.3634E+20,5.57841E+21,1.23195E+16,5.03103E+16
163750,,14,7,29,160,2017,11,17,5,2,6,4,0,1,1,0,0,2,0,7.59393E+20,5.6814E+21,1.27152E+16,5.1225E+16
163751,,14,7,13,0,2017,11,8,5,3,5,2,1,1,0,0,0,0,0,7.35009E+20,5.69176E+21,1.23735E+16,5.13285E+16
163752,,14,7,13,0,2017,11,16,5,3,6,4,0,0,1,1,0,1,0,7.35106E+20,5.69483E+21,1.23769E+16,5.1356E+16
163753,,14,7,13,0,2017,11,18,5,2,6,4,0,1,1,0,0,2,0,7.34164E+20,5.69648E+21,1.23645E+16,5.13712E+16
163754,,14,7,13,0,2017,11,15,5,3,5,3,1,1,0,0,0,0,0,7.36801E+20,5.69392E+21,1.24006E+16,5.13472E+16
163755,,14,7,13,0,2017,11,11,5,3,5,3,0,1,0,0,0,0,0,7.38543E+20,5.69115E+21,1.24237E+16,5.13215E+16
163756,,14,7,13,0,2017,11,11,5,3,5,3,1,1,0,0,0,0,0,7.34877E+20,5.69449E+21,1.23734E+16,5.13531E+16
163757,,14,6,25,40,2017,11,16,5,3,5,3,1,1,0,0,0,2,0,8.63469E+20,5.67636E+21,1.41951E+16,5.11231E+16
163758,,14,6,12,0,2017,11,14,5,2,0,1,1,0,0,0,0,0,0,8.35848E+20,5.67682E+21,1.38023E+16,5.11441E+16
163759,,14,6,12,0,2017,11,6,5,3,1,1,1,1,0,0,0,1,0,8.3735E+20,5.66494E+21,1.38126E+16,5.10368E+16