OBJECTID,UIDENTSTLA,ULAND,UREGBEZ,UKREIS,UGEMEINDE,UJAHR,UMONAT,USTUNDE,UWOCHENTAG,UKATEGORIE,UART,UTYP1,IstRad,IstPKW,IstFuss,IstKrad,IstSonstig,LICHT,STRZUSTAND,LINREFX,LINREFY,XGCSWGS84,YGCSWGS84
163760,,14,6,12,0,2017,11,19,5,3,1,7,1,1,0,0,0,2,0,8.35565E+20,5.66458E+21,1.37869E+16,5.10346E+16
163761,,14,6,12,0,2017,11,7,5,2,5,3,0,1,0,1,0,0,0,8.33395E+20,5.66433E+21,1.37558E+16,5.10336E+16
163762,,14,6,12,0,2017,11,17,5,3,6,2,0,1,1,0,0,2,0,8.32487E+20,5.66625E+21,1.37447E+16,5.10514E+16
163763,,14,5,11,0,2017,11,12,5,3,5,3,0,1,0,0,0,0,0,7.77191E+20,5.63994E+21,1.29378E+16,5.08446E+16
163764,,14,7,13,0,2017,11,13,4,2,5,3,1,1,0,0,0,0,0,7.40802E+20,5.69463E+21,1.24584E+16,5.13518E+16
163765,,14,6,26,110,2017,11,13,4,3,2,6,0,1,0,0,1,0,1,9.18892E+20,5.68304E+21,1.49907E+16,5.11451E+16
163766,,14,6,12,0,2017,11,8,4,3,0,3,0,1,0,0,0,0,0,8.28834E+20,5.66486E+21,1.36915E+16,5.1041E+16
163767,,14,6,12,0,2017,11,13,4,2,5,3,1,1,0,0,0,0,0,8.29315E+20,5.67083E+21,1.37038E+16,5.10942E+16
163768,,14,5,24,330,2017,11,17,3,3,2,6,0,1,0,0,0,2,1,7.46817E+20,5.62477E+21,1.2497E+16,5.07222E+16
163769,,14,5,23,300,2017,11,15,3,3,5,3,0,1,0,0,1,0,1,7.25655E+20,5.59018E+21,1.21767E+16,5.04203E+16
163770,,14,5,24,160,2017,11,14,3,3,3,2,1,1,0,0,0,0,1,7.55531E+20,5.62863E+21,1.26229E+16,5.07531E+16
163771,,14,7,30,30,2017,11,7,3,2,4,5,1,0,0,0,1,1,0,7.8198E+20,5.72149E+21,1.30697E+16,5.15738E+16
163772,,14,7,30,330,2017,11,10,3,3,4,3,1,1,0,0,0,0,1,7.75361E+20,5.6878E+21,1.29483E+16,5.12749E+16
163773,,14,7,29,370,2017,11,16,3,3,5,3,1,1,0,0,0,1,1,7.38782E+20,5.67714E+21,1.24177E+16,5.11957E+16
163774,,14,7,29,50,2017,11,9,3,3,3,2,1,1,0,0,0,0,1,7.44572E+20,5.66942E+21,1.24952E+16,5.11239E+16
163775,,14,7,13,0,2017,11,12,3,3,6,3,1,0,1,0,0,0,1,7.35045E+20,5.69091E+21,1.23734E+16,5.13208E+16
163776,,14,7,13,0,2017,11,17,3,3,6,7,0,1,1,0,0,0,0,7.34825E+20,5.69254E+21,1.23713E+16,5.13356E+16
163777,,14,7,13,0,2017,11,12,3,3,1,5,1,1,0,0,0,0,1,7.3165E+20,5.69108E+21,1.23249E+16,5.13238E+16
163778,,14,7,13,0,2017,11,16,3,3,5,3,0,1,0,0,0,2,1,7.37068E+20,5.68905E+21,1.24012E+16,5.13033E+16
163779,,14,7,13,0,2017,11,19,3,3,5,7,1,1,0,0,0,1,1,7.34821E+20,5.69299E+21,1.23716E+16,5.13397E+16
163780,,14,7,13,0,2017,11,18,3,3,5,3,1,1,0,0,0,2,1,7.32965E+20,5.69208E+21,1.23444E+16,5.13322E+16
163781,,14,7,13,0,2017,11,17,3,3,1,6,0,1,0,0,0,2,1,7.32947E+20,5.69058E+21,1.23431E+16,5.13188E+16
163782,,14,7,13,0,2017,11,17,3,3,6,2,0,1,1,0,0,2,1,7.36693E+20,5.68981E+21,1.23963E+16,5.13103E+16
163783,,14,7,13,0,2017,11,20,3,3,5,3,1,1,0,0,0,2,1,7.34814E+20,5.69278E+21,1.23713E+16,5.13377E+16
163784,,14,6,26,110,2017,11,10,3,3,6,4,0,0,1,0,1,0,1,9.15662E+20,5.6828E+21,1.49445E+16,5.11453E+16
163785,,14,6,25,20,2017,11,7,3,2,3,2,1,1,0,0,0,1,1,8.79754E+20,5.68433E+21,1.44352E+16,5.11839E+16
163786,,14,6,28,270,2017,11,6,3,3,4,2,0,1,0,1,0,2,1,8.46667E+20,5.65695E+21,1.39374E+16,5.09596E+16
163787,,14,6,28,160,2017,11,12,3,3,0,7,1,0,0,0,0,0,1,8.42398E+20,5.65743E+21,1.38773E+16,5.09664E+16
163788,,14,6,27,10,2017,11,18,3,3,5,3,0,1,0,0,0,2,1,8.2091E+20,5.67439E+21,1.35873E+16,5.11308E+16
163789,,14,6,12,0,2017,11,12,3,2,5,3,0,1,0,0,0,0,1,8.28832E+20,5.6702E+21,1.36963E+16,5.10888E+16
163790,,14,6,12,0,2017,11,13,3,3,0,1,1,0,0,0,0,0,1,8.30113E+20,5.66539E+21,1.37102E+16,5.1045E+16
163791,,14,6,12,0,2017,11,7,3,3,8,1,0,1,0,0,1,1,1,8.29497E+20,5.66106E+21,1.36975E+16,5.10065E+16
163792,,14,6,12,0,2017,11,9,3,3,6,7,0,1,1,0,0,0,0,8.35546E+20,5.66552E+21,1.37875E+16,5.1043E+16
163793,,14,6,12,0,2017,11,18,3,3,6,2,0,1,1,0,0,2,1,8.3642E+20,5.66576E+21,1.38002E+16,5.10447E+16
163794,,14,6,12,0,2017,11,17,3,3,5,3,1,1,0,0,0,2,1,8.32966E+20,5.66622E+21,1.37515E+16,5.10508E+16
163795,,14,6,12,0,2017,11,14,3,3,5,3,1,1,0,0,0,0,1,8.36527E+20,5.66511E+21,1.38011E+16,5.10387E+16
163796,,14,5,21,530,2017,11,12,3,3,5,3,0,1,0,0,0,0,1,7.57492E+20,5.61006E+21,1.26377E+16,5.05856E+16
163797,,14,5,11,0,2017,11,19,3,3,3,6,0,1,0,0,0,2,1,7.76027E+20,5.63774E+21,1.29196E+16,5.08254E+16
163798,,14,5,11,0,2017,11,17,3,3,0,7,0,0,0,0,1,2,0,7.76116E+20,5.63863E+21,1.29216E+16,5.08334E+16
163799,,14,5,11,0,2017,11,17,3,2,6,4,0,0,1,0,1,2,1,7.77085E+20,5.63724E+21,1.29342E+16,5.08205E+16
163800,,14,5,24,330,2017,11,9,2,3,5,3,0,1,0,0,0,0,0,7.46165E+20,5.62542E+21,1.24882E+16,5.07284E+16
163801,,14,7,30,70,2017,11,10,2,3,5,3,1,1,0,0,0,0,1,7.31338E+20,5.7146E+21,1.23358E+16,5.1535E+16
163802,,14,7,29,190,2017,11,16,2,3,1,5,0,1,0,0,1,2,1,7.44206E+20,5.68575E+21,1.25011E+16,5.12706E+16
163803,,14,7,13,0,2017,11,16,2,3,2,6,0,1,0,0,0,2,1,7.37194E+20,5.69349E+21,1.24059E+16,5.13431E+16
163804,,14,7,13,0,2017,11,19,2,3,5,3,1,1,0,0,0,2,1,7.28721E+20,5.69503E+21,1.22854E+16,5.13604E+16
163805,,14,7,29,260,2017,11,16,2,3,5,3,0,1,0,0,0,1,1,7.347E+20,5.68696E+21,1.23659E+16,5.12855E+16
163806,,14,7,13,0,2017,11,15,2,3,5,2,0,1,0,0,1,0,1,7.30543E+20,5.68969E+21,1.23081E+16,5.13117E+16
163807,,14,7,13,0,2017,11,13,2,3,6,4,0,1,1,0,0,0,1,7.35508E+20,5.69294E+21,1.23814E+16,5.13389E+16
163808,,14,7,29,410,2017,11,16,2,2,6,4,0,1,1,0,0,2,1,7.60044E+20,5.69802E+21,1.27366E+16,5.13738E+16
163809,,14,7,13,0,2017,11,6,2,3,5,3,1,1,0,0,0,1,1,7.37358E+20,5.69786E+21,1.24112E+16,5.13823E+16
163810,,14,6,27,190,2017,11,7,2,3,5,2,0,1,0,0,0,2,1,8.0749E+20,5.68883E+21,1.34085E+16,5.12677E+16
163811,,14,6,12,0,2017,11,16,2,3,5,3,1,1,0,0,0,2,1,8.27888E+20,5.66494E+21,1.36781E+16,5.10422E+16
163812,,14,6,12,0,2017,11,14,2,3,0,1,1,0,0,0,0,0,1,8.37088E+20,5.6621E+21,1.38063E+16,5.10115E+16
163813,,14,6,12,0,2017,11,11,2,3,5,2,1,1,0,0,0,0,1,8.32421E+20,5.66814E+21,1.37455E+16,5.10683E+16
163814,,14,6,12,0,2017,11,14,2,3,5,2,1,1,0,0,0,0,0,8.33369E+20,5.66613E+21,1.37571E+16,5.10498E+16
163815,,14,6,12,0,2017,11,9,2,3,3,5,0,1,0,0,0,0,0,8.35213E+20,5.66599E+21,1.37832E+16,5.10474E+16
163816,,14,5,11,0,2017,11,16,2,3,1,6,0,1,0,0,0,1,1,7.76458E+20,5.63871E+21,1.29265E+16,5.0834E+16
163817,,14,7,13,0,2017,11,22,1,3,5,3,0,1,0,0,0,2,1,7.37387E+20,5.69159E+21,1.24074E+16,5.1326E+16
163818,,14,7,13,0,2017,11,11,1,3,3,6,0,1,0,0,0,0,0,7.3897E+20,5.68905E+21,1.24284E+16,5.13025E+16
163819,,14,7,13,0,2017,11,17,1,3,9,1,0,1,0,0,0,1,1,7.28856E+20,5.6907E+21,1.22846E+16,5.13215E+16
163820,,14,7,13,0,2017,11,23,1,2,5,3,0,1,0,0,1,2,1,7.29396E+20,5.70095E+21,1.2299E+16,5.14133E+16
163821,,14,7,13,0,2017,11,13,1,3,5,3,0,1,0,0,0,0,1,7.36176E+20,5.69105E+21,1.23897E+16,5.13216E+16
163822,,14,6,12,0,2017,11,16,1,2,6,4,0,1,1,0,0,2,1,8.37366E+20,5.66688E+21,1.38147E+16,5.10541E+16
163823,,14,6,12,0,2017,11,10,1,3,6,7,0,1,1,0,0,0,0,8.31994E+20,5.66947E+21,1.37407E+16,5.10805E+16
163824,,14,7,13,0,2017,11,15,7,3,5,3,1,1,0,0,0,0,1,7.37284E+20,5.69294E+21,1.24068E+16,5.13382E+16
163825,,14,7,13,0,2017,11,0,7,3,0,1,1,0,0,0,0,2,0,7.34864E+20,5.69334E+21,1.23724E+16,5.13428E+16
163826,,14,7,13,0,2017,11,18,7,3,6,7,0,1,1,0,0,2,0,7.38189E+20,5.69241E+21,1.24195E+16,5.1333E+16
163827,,14,6,25,20,2017,11,8,7,3,5,3,1,1,0,0,0,0,1,8.79275E+20,5.68413E+21,1.44282E+16,5.11824E+16
163828,,14,6,28,60,2017,11,18,7,3,5,3,0,1,0,1,0,2,0,8.28426E+20,5.64961E+21,1.36719E+16,5.09045E+16
163829,,14,6,12,0,2017,11,11,7,3,1,6,0,1,0,0,0,0,0,8.34822E+20,5.66432E+21,1.37761E+16,5.10327E+16
163830,,14,5,22,210,2017,11,11,7,2,2,6,0,1,0,1,0,0,0,8.01056E+20,5.65853E+21,1.32912E+16,5.09994E+16
163831,,14,5,22,80,2017,11,5,7,3,6,4,0,1,1,0,0,2,0,7.88537E+20,5.67163E+21,1.31237E+16,5.11233E+16
163832,,14,5,11,0,2017,11,7,7,3,0,2,0,1,0,1,0,1,0,7.78831E+20,5.63924E+21,1.29605E+16,5.08376E+16
163833,,14,5,24,330,2017,11,8,6,3,5,3,0,1,0,0,1,0,1,7.4625E+20,5.62438E+21,1.24888E+16,5.0719E+16
163834,,14,5,24,30,2017,11,14,6,3,6,7,0,1,1,0,0,0,0,7.38606E+20,5.63575E+21,1.2388E+16,5.08242E+16
163835,,14,5,24,190,2017,11,17,6,3,6,7,0,1,1,0,0,2,1,7.44144E+20,5.63827E+21,1.24682E+16,5.08446E+16
163836,,14,7,29,160,2017,11,15,6,3,1,7,0,1,1,0,0,0,0,7.58764E+20,5.68274E+21,1.27072E+16,5.12372E+16
163837,,14,7,29,370,2017,11,14,6,3,5,3,1,1,0,0,0,0,0,7.38231E+20,5.67737E+21,1.241E+16,5.1198E+16
163838,,14,7,13,0,2017,11,16,6,3,1,6,0,1,0,0,0,0,0,7.34308E+20,5.69181E+21,1.23635E+16,5.13292E+16
163839,,14,6,25,20,2017,11,11,6,3,0,7,1,0,0,0,0,0,0,8.8018E+20,5.68384E+21,1.44408E+16,5.11793E+16
163840,,14,6,25,20,2017,11,9,6,2,5,3,1,1,0,0,0,0,1,8.79504E+20,5.68347E+21,1.44307E+16,5.11764E+16
163841,,14,6,27,210,2017,11,11,6,3,2,6,0,1,0,0,0,0,1,8.27402E+20,5.6712E+21,1.36769E+16,5.10986E+16
163842,,14,6,12,0,2017,11,7,6,3,5,3,0,1,0,0,1,0,1,8.27273E+20,5.67034E+21,1.36743E+16,5.1091E+16
163843,,14,6,12,0,2017,11,9,6,3,0,1,1,0,0,0,0,0,1,8.31113E+20,5.67001E+21,1.37286E+16,5.10858E+16
163844,,14,6,12,0,2017,11,13,6,3,5,3,1,0,0,0,1,0,0,8.32792E+20,5.66593E+21,1.37487E+16,5.10482E+16
163845,,14,6,12,0,2017,11,7,6,3,4,1,1,1,0,0,0,0,1,8.32874E+20,5.66801E+21,1.37518E+16,5.10669E+16
163846,,14,6,12,0,2017,11,13,6,3,0,1,0,0,0,1,0,0,1,8.32904E+20,5.66762E+21,1.37519E+16,5.10633E+16
163847,,14,6,12,0,2017,11,16,6,3,6,2,0,1,1,0,0,0,0,8.31821E+20,5.66573E+21,1.37348E+16,5.10471E+16
163848,,14,6,12,0,2017,11,14,6,3,0,3,0,1,0,0,1,0,1,8.32384E+20,5.66585E+21,1.37429E+16,5.10478E+16
163849,,14,5,22,510,2017,11,15,6,3,8,1,0,1,0,0,0,0,0,7.9328E+20,5.6642E+21,1.31853E+16,5.10543E+16
163850,,14,5,11,0,2017,11,12,6,3,0,3,1,1,0,0,0,0,0,7.76033E+20,5.6375E+21,1.29196E+16,5.08233E+16
163851,,14,5,11,0,2017,11,13,6,2,4,1,0,1,0,0,1,0,1,7.74707E+20,5.63915E+21,1.2902E+16,5.08388E+16
163852,,14,5,11,0,2017,11,20,6,2,5,3,1,1,0,0,0,1,1,7.75195E+20,5.63932E+21,1.2909E+16,5.084E+16
163853,,14,5,24,330,2017,11,14,5,3,2,4,0,1,1,0,0,0,0,7.46064E+20,5.62227E+21,1.24847E+16,5.07001E+16
163854,,14,5,24,180,2017,11,10,5,3,6,7,0,1,1,0,0,0,0,7.65229E+20,5.64156E+21,1.27694E+16,5.08648E+16
163855,,14,7,30,230,2017,11,7,5,3,6,6,0,0,1,1,0,1,0,7.86198E+20,5.69162E+21,1.31063E+16,5.13038E+16
163856,,14,7,13,0,2017,11,7,5,3,5,6,0,1,0,1,0,0,1,7.37332E+20,5.69147E+21,1.24065E+16,5.13249E+16
163857,,14,7,13,0,2017,11,14,5,3,6,2,0,1,1,0,0,0,0,7.35839E+20,5.69497E+21,1.23875E+16,5.1357E+16
163858,,14,7,13,0,2017,11,22,5,3,5,3,0,1,0,0,0,2,0,7.37376E+20,5.69267E+21,1.2408E+16,5.13357E+16
163859,,14,7,13,0,2017,11,15,5,2,2,6,0,1,0,0,0,0,0,7.30486E+20,5.69367E+21,1.23099E+16,5.13475E+16
163860,,14,7,13,0,2017,11,17,5,2,4,2,1,1,0,0,0,2,0,7.31731E+20,5.69071E+21,1.23258E+16,5.13204E+16
163861,,14,6,26,610,2017,11,13,5,3,4,2,0,1,0,0,0,0,0,9.08754E+20,5.65401E+21,1.48139E+16,5.08927E+16
163862,,14,6,28,270,2017,11,15,5,3,9,3,1,0,0,0,1,0,0,8.47117E+20,5.65705E+21,1.39439E+16,5.09603E+16
163863,,14,6,12,0,2017,11,19,5,3,5,3,1,1,0,0,0,2,0,8.28454E+20,5.66909E+21,1.36899E+16,5.10791E+16
163864,,14,6,12,0,2017,11,8,5,3,3,6,1,1,0,0,0,0,0,8.347E+20,5.66736E+21,1.37772E+16,5.106E+16
163865,,14,6,12,0,2017,11,6,5,3,5,3,0,1,0,0,0,1,0,8.34149E+20,5.66538E+21,1.37675E+16,5.10426E+16
163866,,14,6,12,0,2017,11,20,5,3,2,6,0,1,0,0,0,2,0,8.36382E+20,5.66543E+21,1.37993E+16,5.10417E+16
163867,,14,6,12,0,2017,11,15,5,2,4,2,1,1,0,0,0,0,0,8.34694E+20,5.66639E+21,1.37762E+16,5.10513E+16
163868,,14,5,22,180,2017,11,7,5,3,6,2,0,1,1,0,0,0,0,8.05639E+20,5.64901E+21,1.33483E+16,5.09116E+16
163869,,14,5,21,320,2017,11,17,5,2,6,6,0,1,1,0,0,2,1,7.63408E+20,5.5935E+21,1.27094E+16,5.04343E+16
163870,,14,5,24,330,2017,11,7,4,3,5,3,0,1,0,1,0,0,0,7.42902E+20,5.62471E+21,1.24416E+16,5.07234E+16
163871,,14,5,24,180,2017,11,8,4,3,1,1,0,1,0,0,0,0,1,7.64885E+20,5.64064E+21,1.27639E+16,5.08567E+16
163872,,14,5,23,340,2017,11,7,4,2,6,4,0,1,1,0,0,0,1,7.33705E+20,5.61324E+21,1.23043E+16,5.06241E+16
163873,,14,7,29,50,2017,11,7,4,2,5,3,1,1,0,0,0,1,1,7.44516E+20,5.66864E+21,1.24939E+16,5.11169E+16
163874,,14,7,13,0,2017,11,7,4,3,0,7,1,1,0,0,0,0,0,7.31469E+20,5.69232E+21,1.23231E+16,5.13349E+16
163875,,14,7,13,0,2017,11,9,4,3,4,2,0,1,0,0,0,0,1,7.34504E+20,5.6909E+21,1.23657E+16,5.1321E+16
163876,,14,7,13,0,2017,11,11,4,3,2,6,0,1,0,0,0,0,0,7.34308E+20,5.69181E+21,1.23634E+16,5.13293E+16
163877,,14,7,13,0,2017,11,9,4,3,5,2,1,1,0,0,0,0,0,7.36137E+20,5.69918E+21,1.23945E+16,5.13946E+16
163878,,14,6,25,20,2017,11,7,4,3,5,3,1,1,0,0,0,0,1,8.793E+20,5.68325E+21,1.44276E+16,5.11745E+16
163879,,14,6,27,230,2017,11,15,4,3,0,7,0,1,0,0,1,0,0,7.98846E+20,5.69295E+21,1.32883E+16,5.13092E+16
163880,,14,6,28,80,2017,11,16,4,2,6,4,0,1,1,0,0,1,0,8.41107E+20,5.65646E+21,1.3858E+16,5.09585E+16
163881,,14,6,12,0,2017,11,19,4,3,2,6,0,1,0,0,0,2,0,8.279E+20,5.66494E+21,1.36783E+16,5.10422E+16
163882,,14,6,12,0,2017,11,15,4,3,0,1,1,0,0,0,0,0,0,8.2685E+20,5.67056E+21,1.36684E+16,5.10932E+16
163883,,14,6,12,0,2017,11,17,4,3,5,2,1,1,0,0,0,2,0,8.34694E+20,5.66737E+21,1.37771E+16,5.10601E+16
163884,,14,5,22,330,2017,11,7,4,3,2,6,0,1,0,0,0,1,0,7.79713E+20,5.64693E+21,1.29789E+16,5.09062E+16
163885,,14,5,11,0,2017,11,8,4,3,5,2,1,1,0,0,0,0,1,7.74529E+20,5.6363E+21,1.28973E+16,5.08132E+16
163886,,14,5,22,510,2017,11,16,4,2,5,2,0,1,0,1,0,1,0,7.93129E+20,5.66479E+21,1.31836E+16,5.10597E+16
163887,,14,7,13,0,2017,11,8,3,3,2,6,0,1,0,0,0,0,0,7.35016E+20,5.69239E+21,1.2374E+16,5.13342E+16
163888,,14,5,24,330,2017,11,21,3,3,5,3,0,1,0,0,1,2,1,7.4664E+20,5.62493E+21,1.24946E+16,5.07237E+16
163889,,14,7,29,50,2017,11,18,3,3,4,6,1,1,0,0,0,2,0,7.44913E+20,5.66976E+21,1.25003E+16,5.11269E+16
163890,,14,7,13,0,2017,11,17,3,3,2,6,0,1,0,0,0,2,0,7.35073E+20,5.69499E+21,1.23765E+16,5.13574E+16
163891,,14,7,13,0,2017,11,9,3,3,5,3,0,1,0,0,1,0,0,7.32926E+20,5.69102E+21,1.23431E+16,5.13227E+16
163892,,14,7,13,0,2017,11,8,3,3,3,6,1,1,0,0,0,0,0,7.33877E+20,5.69543E+21,1.23596E+16,5.13619E+16
163893,,14,7,13,0,2017,11,2,3,3,8,1,0,1,0,0,0,2,0,7.35014E+20,5.69238E+21,1.23739E+16,5.13341E+16
163894,,14,7,13,0,2017,11,15,3,2,6,2,0,1,1,0,0,0,0,7.37925E+20,5.69533E+21,1.24176E+16,5.13593E+16
163895,,14,6,25,240,2017,11,17,3,3,0,1,0,0,0,0,1,1,0,8.66594E+20,5.71242E+21,1.42766E+16,5.1444E+16
163896,,14,6,27,230,2017,11,17,3,2,6,4,0,1,1,0,0,2,0,7.97364E+20,5.69237E+21,1.32667E+16,5.13048E+16
163897,,14,6,28,50,2017,11,6,3,3,5,3,1,1,0,0,0,2,0,8.31283E+20,5.6567E+21,1.37189E+16,5.09665E+16
163898,,14,6,12,0,2017,11,12,3,3,5,2,1,1,0,0,0,0,0,8.3035E+20,5.66418E+21,1.37124E+16,5.1034E+16
163899,,14,6,12,0,2017,11,17,3,3,6,4,0,0,1,0,1,2,0,8.27785E+20,5.66704E+21,1.36786E+16,5.10611E+16
163900,,14,6,12,0,2017,11,16,3,3,5,3,1,1,0,0,0,1,0,8.31628E+20,5.66615E+21,1.37324E+16,5.10509E+16
163901,,14,6,12,0,2017,11,9,3,3,5,3,1,1,0,0,0,0,0,8.35023E+20,5.66674E+21,1.37812E+16,5.10543E+16
163902,,14,5,21,620,2017,11,16,3,3,0,3,1,1,0,0,0,0,0,7.71972E+20,5.62384E+21,1.28519E+16,5.07027E+16
163903,,14,5,22,180,2017,11,14,3,3,1,5,0,1,0,0,0,0,0,8.03721E+20,5.6485E+21,1.33207E+16,5.0908E+16
163904,,14,5,11,0,2017,11,7,3,3,5,3,0,1,0,0,0,1,1,7.72335E+20,5.63858E+21,1.2868E+16,5.08348E+16
163905,,14,5,11,0,2017,11,15,3,3,2,6,0,1,0,0,0,0,0,7.75738E+20,5.63991E+21,1.29172E+16,5.08451E+16
163906,,14,7,13,0,2017,11,8,2,3,5,3,1,1,0,0,0,0,0,7.38166E+20,5.69474E+21,1.24207E+16,5.1354E+16
163907,,14,7,13,0,2017,11,8,2,3,3,6,1,0,0,0,0,0,1,7.35627E+20,5.69594E+21,1.23851E+16,5.13657E+16
163908,,14,5,24,330,2017,11,15,2,3,2,6,0,1,0,0,0,0,1,7.46368E+20,5.6206E+21,1.24879E+16,5.0685E+16
163909,,14,5,24,330,2017,11,11,2,3,5,7,0,1,0,0,1,0,1,7.4228E+20,5.62455E+21,1.24327E+16,5.07221E+16
163910,,14,7,30,310,2017,11,16,2,2,6,4,0,1,1,0,0,1,1,7.77355E+20,5.7192E+21,1.30013E+16,5.15555E+16
163911,,14,7,13,0,2017,11,7,2,3,2,6,0,1,0,0,0,1,1,7.34775E+20,5.69353E+21,1.23713E+16,5.13445E+16
163912,,14,7,13,0,2017,11,11,2,3,2,2,0,1,0,0,0,0,1,7.3176E+20,5.6899E+21,1.23257E+16,5.13132E+16
163913,,14,7,13,0,2017,11,17,2,3,5,3,0,1,0,0,0,2,0,7.35479E+20,5.68989E+21,1.2379E+16,5.13115E+16
163914,,14,7,13,0,2017,11,11,2,3,0,5,1,1,0,0,0,0,0,7.34719E+20,5.69029E+21,1.23683E+16,5.13154E+16
163915,,14,7,13,0,2017,11,6,2,2,4,6,0,1,0,0,1,2,1,7.30439E+20,5.70107E+21,1.2314E+16,5.14139E+16
163916,,14,6,25,240,2017,11,16,2,3,4,2,0,1,0,0,0,2,0,8.66051E+20,5.71129E+21,1.42676E+16,5.14342E+16
163917,,14,6,25,20,2017,11,7,2,3,5,3,0,1,0,0,0,0,0,8.80025E+20,5.68349E+21,1.44382E+16,5.11762E+16
163918,,14,6,12,0,2017,11,10,2,3,5,3,1,1,0,0,0,0,1,8.27873E+20,5.66681E+21,1.36796E+16,5.1059E+16
163919,,14,6,12,0,2017,11,9,2,3,1,5,1,1,0,0,0,0,1,8.29605E+20,5.66549E+21,1.3703E+16,5.10462E+16
163920,,14,6,12,0,2017,11,17,2,2,4,2,1,0,0,0,1,2,0,8.35519E+20,5.66179E+21,1.37837E+16,5.10096E+16
163921,,14,6,12,0,2017,11,17,2,3,6,4,1,0,1,0,0,2,1,8.32743E+20,5.6678E+21,1.37498E+16,5.10651E+16
163922,,14,6,12,0,2017,11,5,2,3,5,3,1,1,0,0,0,2,1,8.34314E+20,5.66568E+21,1.37702E+16,5.10452E+16
163923,,14,6,12,0,2017,11,15,2,3,6,7,0,1,1,0,0,0,1,8.36169E+20,5.66553E+21,1.37964E+16,5.10427E+16
163924,,14,6,12,0,2017,11,11,2,3,2,2,0,1,0,0,0,0,1,8.32927E+20,5.66453E+21,1.37494E+16,5.10357E+16
163925,,14,6,12,0,2017,11,13,2,3,5,3,0,0,0,1,1,0,1,8.28812E+20,5.66576E+21,1.3692E+16,5.10491E+16
163926,,14,7,13,0,2017,11,8,1,3,2,2,0,1,0,0,0,0,0,7.35124E+20,5.69398E+21,1.23766E+16,5.13484E+16
163927,,14,7,13,0,2017,11,16,1,3,5,3,0,1,0,0,0,2,1,7.36124E+20,5.6954E+21,1.23918E+16,5.13607E+16
163928,,14,6,12,0,2017,11,22,1,3,5,3,1,0,0,0,0,2,1,8.34339E+20,5.66706E+21,1.37718E+16,5.10576E+16
163929,,14,6,12,0,2017,11,14,1,3,5,3,0,1,0,0,0,0,0,8.33762E+20,5.66716E+21,1.37637E+16,5.10588E+16
163930,,14,5,23,300,2017,11,21,7,3,5,3,1,1,0,0,0,2,1,7.24938E+20,5.58972E+21,1.21664E+16,5.04163E+16
163931,,14,7,13,0,2017,11,11,7,3,1,7,0,1,0,0,0,0,0,7.36635E+20,5.6888E+21,1.23948E+16,5.13012E+16
163932,,14,7,29,30,2017,11,10,7,1,9,1,0,1,0,0,0,0,1,7.54156E+20,5.69495E+21,1.265E+16,5.13489E+16
163933,,14,7,13,0,2017,11,11,7,3,5,2,0,1,0,1,0,0,1,7.31358E+20,5.69339E+21,1.23222E+16,5.13446E+16
163934,,14,6,12,0,2017,11,12,7,2,5,3,1,1,0,0,0,0,0,8.35494E+20,5.66234E+21,1.37839E+16,5.10146E+16
163935,,14,5,11,0,2017,11,17,7,3,5,3,1,1,0,0,0,2,1,7.73486E+20,5.63857E+21,1.28843E+16,5.08341E+16
163936,,14,5,24,330,2017,11,13,6,2,6,6,0,1,1,0,0,0,1,7.44126E+20,5.62407E+21,1.24585E+16,5.07171E+16
163937,,14,5,24,160,2017,11,13,6,3,8,1,0,1,0,0,0,0,1,7.5601E+20,5.62855E+21,1.26296E+16,5.07522E+16
163938,,14,5,23,160,2017,11,13,6,3,0,6,0,1,0,1,0,0,1,7.4556E+20,5.58407E+21,1.24524E+16,5.03574E+16
163939,,14,5,24,330,2017,11,19,6,1,6,6,0,1,1,0,0,2,1,7.49811E+20,5.62429E+21,1.2539E+16,5.07166E+16
163940,,14,7,13,0,2017,11,7,6,3,6,4,0,1,1,0,0,0,1,7.42455E+20,5.69282E+21,1.24809E+16,5.13349E+16
163941,,14,7,13,0,2017,11,17,6,3,6,4,1,0,1,0,0,1,1,7.36992E+20,5.69301E+21,1.24027E+16,5.13389E+16
163942,,14,7,13,0,2017,11,16,6,3,5,3,0,1,0,0,0,1,1,7.38E+20,5.69281E+21,1.2417E+16,5.13367E+16
163943,,14,7,13,0,2017,11,14,6,3,0,1,1,0,0,0,0,0,1,7.35388E+20,5.6909E+21,1.23783E+16,5.13207E+16
163944,,14,7,13,0,2017,11,6,6,3,3,6,0,1,0,1,0,1,1,7.36888E+20,5.69579E+21,1.24031E+16,5.13639E+16
163945,,14,7,13,0,2017,11,15,6,3,5,3,0,1,0,1,0,0,1,7.37628E+20,5.69534E+21,1.24134E+16,5.13595E+16
163946,,14,7,13,0,2017,11,16,6,2,0,7,0,0,1,0,1,0,0,7.38762E+20,5.69366E+21,1.24285E+16,5.13439E+16
163947,,14,6,25,440,2017,11,17,6,3,1,7,0,1,0,1,0,2,1,8.63174E+20,5.68894E+21,1.42036E+16,5.12359E+16