OBJECTID,UIDENTSTLA,ULAND,UREGBEZ,UKREIS,UGEMEINDE,UJAHR,UMONAT,USTUNDE,UWOCHENTAG,UKATEGORIE,UART,UTYP1,IstRad,IstPKW,IstFuss,IstKrad,IstSonstig,LICHT,STRZUSTAND,LINREFX,LINREFY,XGCSWGS84,YGCSWGS84
163948,,14,6,25,480,2017,11,11,6,3,2,6,0,1,0,0,0,0,1,8.44315E+20,5.67413E+21,1.39203E+16,5.11149E+16
163949,,14,6,25,240,2017,11,17,6,2,9,1,0,1,0,0,0,2,1,8.65702E+20,5.7115E+21,1.42628E+16,5.14363E+16
163950,,14,6,25,20,2017,11,16,6,3,5,3,0,1,0,0,1,2,1,8.79063E+20,5.68295E+21,1.44239E+16,5.1172E+16
163951,,14,6,12,0,2017,11,13,6,3,5,3,0,1,0,0,0,0,0,8.34764E+20,5.66602E+21,1.37769E+16,5.1048E+16
163952,,14,6,12,0,2017,11,8,6,3,5,3,1,1,0,0,0,0,0,8.35053E+20,5.66663E+21,1.37815E+16,5.10533E+16
163953,,14,5,21,420,2017,11,22,6,3,0,1,0,0,0,1,0,2,1,7.67189E+20,5.62573E+21,1.27857E+16,5.07219E+16
163954,,14,5,11,0,2017,11,15,6,3,2,6,0,1,0,0,0,0,1,7.76483E+20,5.63544E+21,1.29244E+16,5.08046E+16
163955,,14,5,11,0,2017,11,11,6,2,6,4,0,1,1,0,0,0,0,7.78149E+20,5.63858E+21,1.29503E+16,5.08319E+16
163956,,14,5,11,0,2017,11,9,6,3,6,7,0,1,1,0,0,0,0,7.75995E+20,5.63883E+21,1.292E+16,5.08352E+16
163957,,14,5,23,300,2017,11,13,5,3,5,3,0,1,0,0,0,0,0,7.25448E+20,5.58951E+21,1.21734E+16,5.04143E+16
163958,,14,5,24,330,2017,11,17,5,3,5,3,0,1,0,0,0,1,1,7.46106E+20,5.62442E+21,1.24867E+16,5.07193E+16
163959,,14,6,26,370,2017,11,20,5,2,0,7,1,0,0,0,0,2,1,9.0577E+20,5.69819E+21,1.48212E+16,5.129E+16
163960,,14,6,25,20,2017,11,16,5,2,6,4,0,0,1,0,1,0,0,8.79694E+20,5.68351E+21,1.44335E+16,5.11766E+16
163961,,14,6,27,230,2017,11,13,5,3,6,4,0,1,1,0,0,0,0,7.9593E+20,5.69252E+21,1.32463E+16,5.13069E+16
163962,,14,6,12,0,2017,11,5,5,3,5,3,0,1,0,0,1,2,0,8.31533E+20,5.66642E+21,1.37313E+16,5.10534E+16
163963,,14,5,22,210,2017,11,6,5,3,9,1,0,0,0,0,1,1,1,8.04643E+20,5.65702E+21,1.33409E+16,5.0984E+16
163964,,14,5,11,0,2017,11,7,5,3,2,6,0,1,0,0,0,0,1,7.72292E+20,5.63578E+21,1.28653E+16,5.08097E+16
163965,,14,5,23,320,2017,11,16,4,2,6,4,0,1,1,0,0,1,1,7.22775E+20,5.59902E+21,1.21415E+16,5.05007E+16
163966,,14,7,13,0,2017,11,16,4,3,5,3,1,0,0,0,1,1,0,7.35043E+20,5.69257E+21,1.23745E+16,5.13358E+16
163967,,14,7,13,0,2017,11,18,4,2,4,2,0,1,0,0,0,2,0,7.3517E+20,5.69357E+21,1.2377E+16,5.13447E+16
163968,,14,7,13,0,2017,11,16,4,3,1,7,0,1,0,1,0,2,1,7.38888E+20,5.69367E+21,1.24303E+16,5.1344E+16
163969,,14,7,30,70,2017,11,16,4,2,5,3,0,1,0,1,0,1,0,7.30231E+20,5.71275E+21,1.23186E+16,5.15189E+16
163970,,14,6,25,30,2017,11,20,4,3,1,5,0,1,0,0,0,2,0,8.49575E+20,5.70481E+21,1.40251E+16,5.13866E+16
163971,,14,6,25,490,2017,11,6,4,3,8,1,0,1,0,0,0,1,0,8.78694E+20,5.69749E+21,1.4434E+16,5.13024E+16
163972,,14,6,27,230,2017,11,17,4,3,5,3,1,1,0,0,0,1,1,7.97044E+20,5.69213E+21,1.32619E+16,5.13029E+16
163973,,14,6,12,0,2017,11,14,4,3,0,3,1,1,0,0,0,0,0,8.29088E+20,5.66859E+21,1.36985E+16,5.10742E+16
163974,,14,6,12,0,2017,11,21,4,3,2,6,0,1,0,0,0,2,0,8.34707E+20,5.66737E+21,1.37773E+16,5.10601E+16
163975,,14,6,12,0,2017,11,17,4,3,6,4,1,0,1,0,0,2,0,8.35881E+20,5.66428E+21,1.37911E+16,5.10317E+16
163976,,14,5,22,150,2017,11,17,4,2,6,4,0,1,1,0,0,2,1,7.83652E+20,5.64723E+21,1.3035E+16,5.09069E+16
163977,,14,5,22,150,2017,11,18,4,3,6,4,0,1,1,0,0,2,0,7.83835E+20,5.64781E+21,1.3038E+16,5.0912E+16
163978,,14,7,29,160,2017,11,14,3,3,5,3,1,1,0,0,0,0,1,7.60276E+20,5.68281E+21,1.27289E+16,5.12372E+16
163979,,14,7,13,0,2017,11,17,3,3,5,3,1,1,0,0,0,2,0,7.33946E+20,5.69316E+21,1.23591E+16,5.13415E+16
163980,,14,7,13,0,2017,11,17,3,3,2,6,0,1,0,0,0,1,0,7.37457E+20,5.69326E+21,1.24095E+16,5.1341E+16
163981,,14,7,13,0,2017,11,17,3,3,4,2,1,1,0,0,0,2,0,7.32392E+20,5.69155E+21,1.23358E+16,5.13276E+16
163982,,14,7,13,0,2017,11,9,3,3,6,4,0,0,1,0,1,0,0,7.32181E+20,5.69267E+21,1.23335E+16,5.13378E+16
163983,,14,7,13,0,2017,11,21,3,3,3,2,1,1,0,0,0,2,0,7.33967E+20,5.6953E+21,1.23609E+16,5.13607E+16
163984,,14,7,13,0,2017,11,7,3,3,2,6,0,1,0,0,0,0,0,7.35365E+20,5.69596E+21,1.23813E+16,5.1366E+16
163985,,14,7,13,0,2017,11,13,3,3,6,7,0,1,1,0,0,0,0,7.3492E+20,5.69096E+21,1.23716E+16,5.13213E+16
163986,,14,7,13,0,2017,11,7,3,2,4,2,0,1,0,0,0,0,0,7.33785E+20,5.69567E+21,1.23585E+16,5.13641E+16
163987,,14,7,13,0,2017,11,10,3,3,4,2,1,1,0,0,0,0,0,7.3483E+20,5.69455E+21,1.23727E+16,5.13536E+16
163988,,14,7,13,0,2017,11,12,3,3,5,3,1,1,0,0,0,0,0,7.34176E+20,5.69217E+21,1.23618E+16,5.13325E+16
163989,,14,7,13,0,2017,11,18,3,3,5,3,1,1,0,0,0,2,0,7.40803E+20,5.69463E+21,1.24584E+16,5.13519E+16
163990,,14,6,25,430,2017,11,7,3,3,5,3,0,1,0,0,1,0,0,8.38455E+20,5.68061E+21,1.3843E+16,5.11765E+16
163991,,14,6,27,230,2017,11,14,3,3,5,2,1,0,0,0,0,0,0,8.00225E+20,5.69181E+21,1.33071E+16,5.12983E+16
163992,,14,6,12,0,2017,11,18,3,3,5,7,0,1,0,1,0,2,0,8.28762E+20,5.66855E+21,1.36938E+16,5.1074E+16
163993,,14,6,12,0,2017,11,8,3,3,5,2,1,0,0,0,1,0,0,8.29723E+20,5.66551E+21,1.37047E+16,5.10463E+16
163994,,14,6,12,0,2017,11,22,3,3,5,3,1,1,0,0,0,2,0,8.3329E+20,5.66672E+21,1.37566E+16,5.10551E+16
163995,,14,6,12,0,2017,11,17,3,3,5,2,1,1,0,0,0,2,0,8.36994E+20,5.66587E+21,1.38084E+16,5.10453E+16
163996,,14,5,11,0,2017,11,8,3,3,2,6,0,1,0,0,0,0,1,7.76441E+20,5.63872E+21,1.29262E+16,5.0834E+16
163997,,14,5,11,0,2017,11,16,3,3,5,3,1,1,0,0,0,1,0,7.74627E+20,5.63973E+21,1.29013E+16,5.0844E+16
163998,,14,5,11,0,2017,11,8,3,2,0,7,0,0,0,0,1,0,0,7.76982E+20,5.63636E+21,1.29321E+16,5.08126E+16
163999,,14,5,24,280,2017,11,4,2,3,8,1,0,1,0,0,0,1,1,7.55107E+20,5.63146E+21,1.26189E+16,5.07787E+16
164000,,14,7,30,70,2017,11,6,2,3,5,3,0,1,0,0,0,0,0,7.3219E+20,5.71368E+21,1.23474E+16,5.15264E+16
164001,,14,7,13,0,2017,11,12,2,2,6,4,1,0,1,0,0,0,0,7.3579E+20,5.69179E+21,1.23847E+16,5.13285E+16
164002,,14,7,13,0,2017,11,8,2,3,5,3,1,1,0,0,0,0,1,7.35291E+20,5.69239E+21,1.23779E+16,5.1334E+16
164003,,14,7,13,0,2017,11,17,2,3,5,3,0,0,0,1,0,2,0,7.39323E+20,5.69163E+21,1.24352E+16,5.13256E+16
164004,,14,7,30,300,2017,11,14,2,3,5,3,1,1,0,0,0,0,0,7.42681E+20,5.69761E+21,1.24874E+16,5.13778E+16
164005,,14,7,13,0,2017,11,12,2,3,4,2,1,1,0,0,0,0,0,7.3453E+20,5.69494E+21,1.23687E+16,5.13573E+16
164006,,14,6,26,85,2017,12,16,1,2,2,6,0,1,0,0,0,2,2,8.92953E+20,5.66284E+21,1.45998E+16,5.09827E+16
164007,,14,6,12,0,2017,12,17,1,2,6,4,0,0,1,0,1,0,1,8.39065E+20,5.66392E+21,1.3836E+16,5.10266E+16
164008,,14,6,27,140,2017,12,10,7,3,6,6,0,1,1,0,0,0,0,8.12115E+20,5.67578E+21,1.34632E+16,5.11482E+16
164009,,14,5,21,530,2017,12,15,1,3,2,7,0,1,0,0,0,0,2,7.57289E+20,5.60965E+21,1.26346E+16,5.0582E+16
164010,,14,5,21,530,2017,12,15,1,3,2,7,0,1,0,0,0,0,2,7.5729E+20,5.60965E+21,1.26346E+16,5.0582E+16
164011,,14,5,23,320,2017,12,21,7,2,9,1,0,1,0,0,0,2,2,7.21145E+20,5.59674E+21,1.21172E+16,5.04808E+16
164012,,14,7,13,0,2017,12,11,7,3,5,3,0,1,0,0,0,0,1,7.39759E+20,5.68823E+21,1.24391E+16,5.12949E+16
164013,,14,7,13,0,2017,12,21,7,3,5,7,0,0,0,0,1,2,1,7.37278E+20,5.69294E+21,1.24067E+16,5.13381E+16
164014,,14,7,13,0,2017,12,20,6,3,2,6,0,1,0,0,0,2,1,7.29296E+20,5.69103E+21,1.22911E+16,5.13243E+16
164015,,14,7,13,0,2017,12,12,6,3,1,7,1,1,0,0,0,0,0,7.34778E+20,5.69138E+21,1.23699E+16,5.13252E+16
164016,,14,7,13,0,2017,12,18,6,2,6,4,0,1,1,0,0,2,0,7.36798E+20,5.69579E+21,1.24018E+16,5.13639E+16
164017,,14,7,13,0,2017,12,7,6,2,6,4,0,1,1,0,0,2,1,7.35649E+20,5.69591E+21,1.23854E+16,5.13655E+16
164018,,14,5,11,0,2017,12,21,7,3,2,6,0,1,0,0,0,2,1,7.75521E+20,5.63912E+21,1.29135E+16,5.08381E+16
164019,,14,5,23,150,2017,12,5,6,2,0,1,0,0,0,1,0,2,2,7.35553E+20,5.61105E+21,1.2329E+16,5.06037E+16
164020,,14,7,29,260,2017,12,3,6,2,5,3,0,1,0,0,0,2,0,7.3556E+20,5.68556E+21,1.23773E+16,5.12726E+16
164021,,14,6,28,160,2017,12,7,6,3,5,3,1,1,0,0,0,2,1,8.4181E+20,5.65893E+21,1.38703E+16,5.09803E+16
164022,,14,6,27,10,2017,12,8,6,3,5,3,1,1,0,0,0,0,1,8.20911E+20,5.67439E+21,1.35873E+16,5.11309E+16
164023,,14,6,28,90,2017,12,6,6,3,8,1,0,0,0,0,1,2,2,8.21082E+20,5.65234E+21,1.35702E+16,5.09331E+16
164024,,14,6,12,0,2017,12,10,6,3,5,3,0,1,0,0,0,0,1,8.29601E+20,5.66441E+21,1.3702E+16,5.10365E+16
164025,,14,6,12,0,2017,12,17,6,3,3,6,1,1,0,0,0,2,1,8.25399E+20,5.66999E+21,1.36473E+16,5.10889E+16
164026,,14,6,12,0,2017,12,17,6,3,6,7,0,1,1,0,0,2,1,8.30003E+20,5.66921E+21,1.37121E+16,5.10793E+16
164027,,14,6,12,0,2017,12,17,6,3,6,4,0,1,1,0,0,2,1,8.3732E+20,5.66255E+21,1.381E+16,5.10153E+16
164028,,14,6,12,0,2017,12,13,6,2,6,4,0,0,1,0,1,0,0,8.3532E+20,5.66451E+21,1.37834E+16,5.10341E+16
164029,,14,6,12,0,2017,12,8,6,3,5,3,1,0,0,0,1,0,1,8.32957E+20,5.6643E+21,1.37496E+16,5.10336E+16
164030,,14,6,12,0,2017,12,8,6,3,2,6,0,1,0,0,1,0,1,8.32052E+20,5.66722E+21,1.37394E+16,5.10603E+16
164031,,14,6,12,0,2017,12,7,6,3,6,2,0,1,1,0,0,2,1,8.36561E+20,5.66383E+21,1.38004E+16,5.10273E+16
164032,,14,5,11,0,2017,12,7,6,3,6,2,0,1,1,0,0,1,1,7.72598E+20,5.63685E+21,1.28704E+16,5.08191E+16
164033,,14,5,24,200,2017,12,11,5,3,2,6,0,1,0,0,1,0,0,7.51606E+20,5.62865E+21,1.25674E+16,5.0755E+16
164034,,14,5,24,330,2017,12,16,5,2,5,3,0,1,0,0,0,0,0,7.47458E+20,5.62672E+21,1.25074E+16,5.07395E+16
164035,,14,7,30,230,2017,12,17,5,3,6,2,0,1,1,0,0,2,1,7.86252E+20,5.69073E+21,1.31064E+16,5.12958E+16
164036,,14,7,13,0,2017,12,7,5,3,6,2,0,1,1,0,0,1,1,7.31611E+20,5.69294E+21,1.23255E+16,5.13405E+16
164037,,14,7,13,0,2017,12,7,5,2,6,4,0,1,1,0,0,1,1,7.31105E+20,5.69749E+21,1.23212E+16,5.13815E+16
164038,,14,7,29,50,2017,12,6,5,3,1,3,1,1,0,0,0,2,1,7.45268E+20,5.67035E+21,1.25058E+16,5.1132E+16
164039,,14,7,13,0,2017,12,18,5,3,3,2,1,1,0,0,0,2,1,7.31486E+20,5.68874E+21,1.2321E+16,5.13029E+16
164040,,14,7,13,0,2017,12,16,5,3,6,4,1,0,1,0,0,0,0,7.35317E+20,5.69345E+21,1.2379E+16,5.13435E+16
164041,,14,6,12,0,2017,12,6,5,3,6,4,0,0,1,0,1,2,1,8.37984E+20,5.6617E+21,1.38186E+16,5.10073E+16
164042,,14,6,12,0,2017,12,9,5,2,0,1,1,0,0,0,0,0,1,8.32353E+20,5.66859E+21,1.37449E+16,5.10723E+16
164043,,14,6,12,0,2017,12,9,5,3,0,1,1,0,0,0,0,0,1,8.36476E+20,5.66527E+21,1.38005E+16,5.10402E+16
164044,,14,6,12,0,2017,12,7,5,3,2,6,0,1,0,0,0,0,1,8.32772E+20,5.66593E+21,1.37485E+16,5.10483E+16
164045,,14,6,12,0,2017,12,10,5,3,3,2,0,0,0,0,1,0,1,8.33243E+20,5.66681E+21,1.3756E+16,5.10559E+16
164046,,14,5,22,180,2017,12,10,5,3,5,3,1,1,0,0,0,0,1,8.05363E+20,5.64931E+21,1.33447E+16,5.09145E+16
164047,,14,5,11,0,2017,12,9,5,3,6,2,0,1,1,0,0,0,0,7.73019E+20,5.63953E+21,1.28784E+16,5.08429E+16
164048,,14,5,24,130,2017,12,13,4,3,2,6,0,1,0,0,1,0,0,7.47632E+20,5.61307E+21,1.25007E+16,5.06168E+16
164049,,14,5,24,190,2017,12,7,4,3,6,4,0,1,1,0,0,1,0,7.44831E+20,5.63869E+21,1.24782E+16,5.0848E+16
164050,,14,5,24,80,2017,12,17,4,2,5,3,1,1,0,0,0,2,0,7.49414E+20,5.63796E+21,1.25427E+16,5.08395E+16
164051,,14,7,30,70,2017,12,8,4,3,5,3,1,0,0,0,0,0,0,7.31797E+20,5.71378E+21,1.23418E+16,5.15274E+16
164052,,14,7,29,430,2017,12,8,4,3,2,2,0,1,0,0,0,0,0,7.33431E+20,5.67909E+21,1.23426E+16,5.12154E+16
164053,,14,7,13,0,2017,12,11,4,3,3,2,0,1,0,1,0,0,0,7.35834E+20,5.69237E+21,1.23857E+16,5.13337E+16
164054,,14,7,13,0,2017,12,9,4,2,6,2,0,1,1,0,0,0,0,7.37387E+20,5.69159E+21,1.24074E+16,5.1326E+16
164055,,14,7,13,0,2017,12,10,4,3,4,2,1,1,0,0,0,0,0,7.34278E+20,5.69551E+21,1.23654E+16,5.13625E+16
164056,,14,7,13,0,2017,12,18,4,3,5,3,1,1,0,0,0,2,0,7.34176E+20,5.69218E+21,1.23618E+16,5.13326E+16
164057,,14,7,13,0,2017,12,15,4,3,3,6,1,1,0,0,0,0,0,7.32691E+20,5.69269E+21,1.23409E+16,5.13378E+16
164058,,14,6,28,260,2017,12,15,4,3,5,3,0,1,0,0,0,0,0,8.65314E+20,5.66569E+21,1.42106E+16,5.10264E+16
164059,,14,6,27,50,2017,12,21,4,2,0,1,1,0,0,0,0,2,1,8.09591E+20,5.70523E+21,1.34527E+16,5.14136E+16
164060,,14,6,28,110,2017,12,16,4,3,5,3,0,1,0,0,0,2,1,8.27076E+20,5.66191E+21,1.36639E+16,5.10155E+16
164061,,14,6,12,0,2017,12,10,4,3,5,3,0,1,0,0,0,0,0,8.29507E+20,5.66542E+21,1.37016E+16,5.10456E+16
164062,,14,6,12,0,2017,12,21,4,3,6,4,0,1,1,0,0,2,0,8.32208E+20,5.66864E+21,1.37429E+16,5.10729E+16
164063,,14,6,12,0,2017,12,8,4,3,5,3,1,1,0,0,0,0,0,8.33871E+20,5.67479E+21,1.37723E+16,5.1127E+16
164064,,14,6,12,0,2017,12,15,4,2,3,2,1,1,0,0,0,0,0,8.35863E+20,5.66607E+21,1.37925E+16,5.10478E+16
164065,,14,6,12,0,2017,12,13,4,3,5,3,0,1,0,0,0,0,0,8.34881E+20,5.66532E+21,1.37779E+16,5.10416E+16
164066,,14,6,12,0,2017,12,10,4,3,5,3,0,1,0,0,0,0,0,8.40401E+20,5.66176E+21,1.3853E+16,5.10065E+16
164067,,14,5,21,380,2017,12,17,4,3,6,6,0,1,1,0,0,2,0,7.64776E+20,5.62764E+21,1.2753E+16,5.07401E+16
164068,,14,5,21,370,2017,12,8,4,3,4,2,0,1,0,0,0,0,0,7.6315E+20,5.6138E+21,1.27201E+16,5.06167E+16
164069,,14,5,21,20,2017,12,16,4,3,0,7,0,1,0,0,0,1,1,7.83433E+20,5.61011E+21,1.30033E+16,5.0574E+16
164070,,14,5,11,0,2017,12,18,4,3,0,7,0,0,0,0,1,2,0,7.76407E+20,5.63941E+21,1.29263E+16,5.08403E+16
164071,,14,5,11,0,2017,12,17,4,2,3,2,1,1,0,0,0,2,0,7.74739E+20,5.63277E+21,1.28977E+16,5.07815E+16
164072,,14,7,30,70,2017,12,18,3,2,4,2,1,1,0,0,0,2,1,7.31466E+20,5.7136E+21,1.2337E+16,5.1526E+16
164073,,14,7,13,0,2017,12,16,3,3,8,1,0,0,0,1,0,0,0,7.36985E+20,5.69701E+21,1.24053E+16,5.13748E+16
164074,,14,7,13,0,2017,12,7,3,3,6,4,0,1,1,0,0,0,0,7.3671E+20,5.68968E+21,1.23964E+16,5.13091E+16
164075,,14,7,13,0,2017,12,11,3,3,4,2,0,1,0,0,0,0,0,7.36438E+20,5.69119E+21,1.23935E+16,5.13228E+16
164076,,14,6,26,110,2017,12,16,3,3,2,6,0,1,0,0,0,2,0,9.16004E+20,5.68368E+21,1.49504E+16,5.11529E+16
164077,,14,6,25,20,2017,12,16,3,3,5,3,1,1,0,0,0,2,1,8.80093E+20,5.68459E+21,1.44403E+16,5.1186E+16
164078,,14,6,28,40,2017,12,10,3,3,9,7,0,1,0,0,0,0,0,8.44661E+20,5.65003E+21,1.39024E+16,5.08988E+16
164079,,14,6,12,0,2017,12,10,3,3,6,4,0,1,1,0,0,0,0,8.32042E+20,5.66262E+21,1.37351E+16,5.10191E+16
164080,,14,6,12,0,2017,12,9,3,3,5,2,1,1,0,0,0,0,0,8.31459E+20,5.66556E+21,1.37295E+16,5.10457E+16
164081,,14,5,23,320,2017,12,7,2,3,5,3,0,1,0,0,0,0,1,7.21744E+20,5.59844E+21,1.21267E+16,5.04959E+16
164082,,14,7,30,310,2017,12,6,2,2,0,1,1,0,0,0,0,2,1,7.7438E+20,5.712E+21,1.29529E+16,5.14924E+16
164083,,14,7,30,200,2017,12,11,2,3,5,3,0,1,0,1,0,0,1,7.82014E+20,5.68383E+21,1.30403E+16,5.12361E+16
164084,,14,7,13,0,2017,12,16,2,3,6,2,0,1,1,0,0,1,1,7.34758E+20,5.69349E+21,1.2371E+16,5.13441E+16
164085,,14,7,13,0,2017,12,17,2,3,6,4,0,1,1,0,0,2,1,7.33769E+20,5.69334E+21,1.23567E+16,5.13432E+16
164086,,14,7,13,0,2017,12,16,2,3,5,3,0,1,0,0,0,2,1,7.34203E+20,5.69289E+21,1.23626E+16,5.1339E+16
164087,,14,7,13,0,2017,12,16,2,3,6,2,0,1,1,0,0,2,1,7.40275E+20,5.6917E+21,1.24489E+16,5.13258E+16
164088,,14,7,13,0,2017,12,17,2,3,7,1,1,0,0,0,0,1,1,7.35005E+20,5.6922E+21,1.23737E+16,5.13325E+16
164089,,14,7,13,0,2017,12,20,2,3,6,2,0,1,1,0,0,2,1,7.37241E+20,5.69222E+21,1.24057E+16,5.13317E+16
164090,,14,7,13,0,2017,12,18,2,3,6,7,0,1,1,0,0,2,1,7.37833E+20,5.69504E+21,1.24161E+16,5.13567E+16
164091,,14,7,13,0,2017,12,16,2,3,2,2,1,1,0,0,0,1,1,7.36968E+20,5.6927E+21,1.24021E+16,5.13361E+16
164092,,14,7,13,0,2017,12,13,2,3,5,3,1,1,0,0,0,0,1,7.3448E+20,5.69503E+21,1.2368E+16,5.1358E+16
164093,,14,7,13,0,2017,12,19,2,2,8,1,0,1,0,0,1,2,0,7.34313E+20,5.6918E+21,1.23635E+16,5.13291E+16
164094,,14,6,25,20,2017,12,14,2,3,0,1,1,0,0,0,0,0,1,8.78598E+20,5.68472E+21,1.44191E+16,5.11881E+16
164095,,14,6,25,20,2017,12,9,2,3,5,3,1,1,0,0,0,0,0,8.80701E+20,5.68361E+21,1.44479E+16,5.11768E+16
164096,,14,6,27,230,2017,12,18,2,3,6,4,0,1,1,0,0,2,1,7.99937E+20,5.69212E+21,1.33033E+16,5.13012E+16
164097,,14,6,28,270,2017,12,13,2,3,5,2,1,1,0,0,0,0,1,8.46783E+20,5.65697E+21,1.39391E+16,5.09598E+16
164098,,14,6,12,0,2017,12,13,2,3,5,2,0,1,0,0,1,0,1,8.38344E+20,5.67526E+21,1.38364E+16,5.11287E+16
164099,,14,6,12,0,2017,12,12,2,3,5,3,1,1,0,0,0,0,1,8.34286E+20,5.66564E+21,1.37697E+16,5.10448E+16
164100,,14,6,12,0,2017,12,10,2,3,5,3,0,1,0,0,0,0,0,8.35827E+20,5.66497E+21,1.3791E+16,5.10379E+16
164101,,14,6,12,0,2017,12,10,2,3,0,7,1,1,0,0,0,0,1,8.31092E+20,5.66335E+21,1.37222E+16,5.10261E+16
164102,,14,6,12,0,2017,12,17,2,3,5,3,1,1,0,0,0,2,1,8.32679E+20,5.6665E+21,1.37477E+16,5.10535E+16
164103,,14,5,24,230,2017,12,17,1,2,6,1,0,0,1,0,1,2,2,7.63826E+20,5.63399E+21,1.27441E+16,5.07975E+16
164104,,14,7,29,50,2017,12,12,1,3,5,3,1,1,0,0,0,0,0,7.45243E+20,5.6702E+21,1.25053E+16,5.11307E+16
164105,,14,7,13,0,2017,12,16,1,3,2,2,0,1,0,0,0,1,2,7.34582E+20,5.6914E+21,1.23671E+16,5.13255E+16
164106,,14,5,11,0,2017,12,12,1,3,1,1,0,1,1,0,0,0,2,7.74224E+20,5.63671E+21,1.28933E+16,5.08171E+16
164107,,14,7,30,330,2017,12,13,7,2,4,6,0,1,0,0,0,0,2,7.75455E+20,5.6895E+21,1.29509E+16,5.12901E+16
164108,,14,6,25,250,2017,12,12,7,2,5,3,1,1,0,0,0,0,2,8.57097E+20,5.6937E+21,1.41217E+16,5.12824E+16
164109,,14,6,25,240,2017,12,11,7,3,4,6,1,0,0,0,0,0,2,8.65021E+20,5.71176E+21,1.42533E+16,5.14391E+16
164110,,14,6,12,0,2017,12,8,7,3,5,2,0,1,0,0,0,0,1,8.27346E+20,5.67027E+21,1.36752E+16,5.10903E+16
164111,,14,6,12,0,2017,12,18,7,3,1,5,1,1,0,0,0,2,0,8.35959E+20,5.66624E+21,1.37941E+16,5.10492E+16
164112,,14,6,12,0,2017,12,9,7,3,5,2,1,1,0,0,0,0,0,8.32662E+20,5.66887E+21,1.37496E+16,5.10747E+16
164113,,14,6,12,0,2017,12,11,7,3,5,3,0,1,0,0,0,0,0,8.35182E+20,5.66449E+21,1.37814E+16,5.1034E+16
164114,,14,6,12,0,2017,12,16,7,3,5,3,0,1,1,0,0,2,1,8.30055E+20,5.6641E+21,1.37082E+16,5.10334E+16
164115,,14,6,12,0,2017,12,9,7,3,5,2,1,1,0,0,0,0,2,8.31459E+20,5.66556E+21,1.37295E+16,5.10457E+16
164116,,14,6,12,0,2017,12,1,7,3,5,3,0,1,0,0,0,2,0,8.31884E+20,5.66662E+21,1.37365E+16,5.1055E+16
164117,,14,5,21,495,2017,12,3,7,3,8,1,0,1,0,0,0,2,2,8.01532E+20,5.62413E+21,1.32696E+16,5.06907E+16
164118,,14,5,11,0,2017,12,13,7,3,5,3,0,1,0,0,0,0,2,7.73909E+20,5.63833E+21,1.28901E+16,5.08318E+16
164119,,14,5,11,0,2017,12,16,7,3,2,6,0,1,0,0,0,2,2,7.7215E+20,5.63562E+21,1.28632E+16,5.08083E+16
164120,,14,5,11,0,2017,12,21,7,3,1,6,0,1,0,0,0,2,2,7.77637E+20,5.64091E+21,1.29449E+16,5.08531E+16
164121,,14,5,11,0,2017,12,0,7,3,0,1,1,0,0,0,0,2,2,7.77559E+20,5.63961E+21,1.29427E+16,5.08415E+16
164122,,14,5,11,0,2017,12,17,7,3,8,1,0,1,0,0,0,2,2,7.69626E+20,5.63998E+21,1.28306E+16,5.08486E+16
164123,,14,5,11,0,2017,12,23,7,2,8,1,0,1,0,0,0,2,2,7.7642E+20,5.63507E+21,1.29232E+16,5.08013E+16
164124,,14,5,24,330,2017,12,12,6,3,6,6,0,1,1,0,0,0,0,7.45974E+20,5.62386E+21,1.24845E+16,5.07144E+16
164125,,14,5,23,320,2017,12,12,6,3,5,3,0,1,0,1,0,0,1,7.23055E+20,5.60049E+21,1.21463E+16,5.05138E+16
164126,,14,5,23,360,2017,12,11,6,3,6,4,0,1,1,0,0,0,0,7.41228E+20,5.60313E+21,1.24039E+16,5.05303E+16
164127,,14,7,30,230,2017,12,17,6,3,5,3,1,1,0,0,0,2,1,7.86339E+20,5.69161E+21,1.31083E+16,5.13036E+16
164128,,14,7,13,0,2017,12,6,6,3,5,2,1,1,0,0,0,2,1,7.30537E+20,5.6915E+21,1.23092E+16,5.1328E+16
164129,,14,7,13,0,2017,12,7,6,3,5,3,0,1,0,0,0,2,1,7.35177E+20,5.68905E+21,1.23741E+16,5.13041E+16
164130,,14,7,13,0,2017,12,18,6,2,6,6,0,1,1,0,0,2,1,7.2892E+20,5.68538E+21,1.22821E+16,5.12737E+16
164131,,14,7,13,0,2017,12,22,6,3,6,4,0,1,1,0,0,2,0,7.35837E+20,5.69498E+21,1.23875E+16,5.13571E+16
164132,,14,7,29,350,2017,12,9,6,2,5,3,1,0,0,0,1,0,1,7.27731E+20,5.67335E+21,1.22575E+16,5.11662E+16
164133,,14,6,27,210,2017,12,12,6,3,5,3,0,1,0,0,1,0,0,8.2674E+20,5.67159E+21,1.36678E+16,5.11024E+16
164134,,14,6,12,0,2017,12,6,6,2,5,3,1,1,0,0,0,2,1,8.29423E+20,5.66534E+21,1.37003E+16,5.1045E+16
164135,,14,6,12,0,2017,12,17,6,2,6,4,0,1,1,0,0,2,1,8.34771E+20,5.6632E+21,1.37744E+16,5.10227E+16
164136,,14,6,12,0,2017,12,8,6,3,5,3,1,1,0,0,0,0,0,8.41332E+20,5.66036E+21,1.38649E+16,5.09934E+16