OBJECTID,UIDENTSTLA,ULAND,UREGBEZ,UKREIS,UGEMEINDE,UJAHR,UMONAT,USTUNDE,UWOCHENTAG,UKATEGORIE,UART,UTYP1,IstRad,IstPKW,IstFuss,IstKrad,IstSonstig,LICHT,STRZUSTAND,LINREFX,LINREFY,XGCSWGS84,YGCSWGS84
164137,,14,6,12,0,2017,12,14,6,3,2,6,0,1,0,0,0,0,0,8.34033E+20,5.67381E+21,1.37737E+16,5.11182E+16
164138,,14,6,12,0,2017,12,19,6,3,6,4,1,0,1,0,0,2,1,8.37155E+20,5.66716E+21,1.38119E+16,5.10567E+16
164139,,14,6,12,0,2017,12,11,6,2,2,2,0,1,0,1,0,0,0,8.30368E+20,5.66611E+21,1.37144E+16,5.10513E+16
164140,,14,6,12,0,2017,12,8,6,2,6,4,0,1,1,0,0,0,1,8.34137E+20,5.66652E+21,1.37684E+16,5.10528E+16
164141,,14,5,21,530,2017,12,12,6,3,9,1,0,1,0,0,0,0,2,7.57641E+20,5.61181E+21,1.2641E+16,5.06012E+16
164142,,14,5,11,0,2017,12,15,6,3,1,6,0,1,0,0,0,1,0,7.77526E+20,5.63711E+21,1.29404E+16,5.08191E+16
164143,,14,5,11,0,2017,12,11,6,3,5,3,1,1,0,0,0,0,0,7.73051E+20,5.63695E+21,1.28769E+16,5.08198E+16
164144,,14,5,24,30,2017,12,14,5,3,5,3,1,1,0,0,0,0,0,7.38672E+20,5.63418E+21,1.2388E+16,5.08101E+16
164145,,14,5,24,120,2017,12,15,5,2,5,2,0,1,0,0,1,0,0,7.60517E+20,5.63385E+21,1.26971E+16,5.07977E+16
164146,,14,5,23,120,2017,12,9,5,2,6,7,0,1,1,0,0,0,1,7.39145E+20,5.59703E+21,1.23707E+16,5.04764E+16
164147,,14,5,24,80,2017,12,9,5,3,5,3,0,1,0,0,0,0,0,7.4904E+20,5.63507E+21,1.25354E+16,5.08138E+16
164148,,14,5,24,330,2017,12,14,5,3,6,4,0,0,1,0,1,0,0,7.47787E+20,5.62644E+21,1.25119E+16,5.07368E+16
164149,,14,7,30,110,2017,12,14,5,3,5,3,0,1,0,0,0,0,0,7.51578E+20,5.70638E+21,1.26212E+16,5.14526E+16
164150,,14,7,30,110,2017,12,21,5,2,4,6,1,0,0,0,1,2,0,7.52208E+20,5.70595E+21,1.26299E+16,5.14485E+16
164151,,14,7,13,0,2017,12,13,5,3,2,6,0,1,0,0,0,0,0,7.3531E+20,5.69261E+21,1.23783E+16,5.1336E+16
164152,,14,7,13,0,2017,12,16,5,3,3,6,1,1,0,0,0,2,0,7.35004E+20,5.69179E+21,1.23734E+16,5.13287E+16
164153,,14,7,13,0,2017,12,7,5,3,3,7,1,1,0,0,0,0,0,7.34117E+20,5.69167E+21,1.23606E+16,5.13281E+16
164154,,14,7,29,260,2017,12,8,5,3,5,3,0,1,0,0,0,0,0,7.3512E+20,5.68628E+21,1.23714E+16,5.12793E+16
164155,,14,7,13,0,2017,12,7,5,3,5,3,1,1,0,0,0,1,0,7.35911E+20,5.68868E+21,1.23843E+16,5.13005E+16
164156,,14,7,13,0,2017,12,15,5,3,2,2,1,1,0,0,0,0,0,7.37961E+20,5.69542E+21,1.24182E+16,5.13601E+16
164157,,14,7,13,0,2017,12,17,5,3,5,3,0,1,0,0,0,2,0,7.33853E+20,5.69345E+21,1.2358E+16,5.13441E+16
164158,,14,6,25,310,2017,12,12,5,2,5,3,1,1,0,0,0,0,0,8.54386E+20,5.71112E+21,1.41003E+16,5.14402E+16
164159,,14,6,26,110,2017,12,11,5,3,1,7,0,1,1,0,0,0,0,9.19337E+20,5.68344E+21,1.49975E+16,5.11484E+16
164160,,14,6,26,110,2017,12,11,5,2,6,4,0,1,1,0,0,0,0,9.18102E+20,5.68303E+21,1.49795E+16,5.11455E+16
164161,,14,6,25,20,2017,12,21,5,3,6,2,0,1,1,0,0,2,0,8.78967E+20,5.68396E+21,1.44236E+16,5.11811E+16
164162,,14,6,27,10,2017,12,7,5,3,5,7,1,1,0,0,0,2,0,8.21641E+20,5.67425E+21,1.35976E+16,5.11292E+16
164163,,14,6,12,0,2017,12,17,5,3,2,2,0,1,0,0,0,2,0,8.32927E+20,5.66453E+21,1.37494E+16,5.10357E+16
164164,,14,6,12,0,2017,12,7,5,3,5,3,1,1,0,0,0,0,0,8.32792E+20,5.66593E+21,1.37487E+16,5.10482E+16
164165,,14,6,12,0,2017,12,19,5,3,2,6,0,1,0,0,0,2,0,8.32502E+20,5.66648E+21,1.37451E+16,5.10534E+16
164166,,14,6,12,0,2017,12,8,5,3,5,3,1,1,0,0,0,0,0,8.3621E+20,5.66539E+21,1.37968E+16,5.10415E+16
164167,,14,6,12,0,2017,12,14,5,2,4,2,0,0,0,1,1,0,0,8.3875E+20,5.66187E+21,1.38297E+16,5.10085E+16
164168,,14,6,12,0,2017,12,11,5,3,5,3,1,1,0,0,0,0,0,8.35002E+20,5.66563E+21,1.37799E+16,5.10443E+16
164169,,14,5,21,220,2017,12,8,5,2,8,1,0,1,0,0,0,0,0,7.86668E+20,5.63302E+21,1.30667E+16,5.0778E+16
164170,,14,5,11,0,2017,12,16,5,3,0,7,0,0,0,0,1,2,0,7.78835E+20,5.63925E+21,1.29606E+16,5.08376E+16
164171,,14,5,22,80,2017,12,17,5,3,6,4,0,1,1,0,0,2,0,7.89494E+20,5.6718E+21,1.31375E+16,5.11244E+16
164172,,14,5,24,320,2017,12,6,4,3,6,2,0,1,1,0,0,2,0,7.5038E+20,5.61861E+21,1.25432E+16,5.06654E+16
164173,,14,7,13,0,2017,12,22,4,2,8,1,1,0,0,0,0,2,0,7.3501E+20,5.69236E+21,1.23739E+16,5.13339E+16
164174,,14,7,13,0,2017,12,18,4,3,1,5,1,1,0,0,0,2,0,7.35567E+20,5.69225E+21,1.23818E+16,5.13327E+16
164175,,14,7,13,0,2017,12,19,4,3,1,5,1,1,0,0,0,2,0,7.33545E+20,5.69312E+21,1.23534E+16,5.13413E+16
164176,,14,7,13,0,2017,12,9,4,3,6,4,0,1,1,0,0,0,0,7.35331E+20,5.68954E+21,1.23766E+16,5.13085E+16
164177,,14,7,13,0,2017,12,23,4,2,6,4,1,0,1,0,0,2,0,7.34408E+20,5.69297E+21,1.23656E+16,5.13396E+16
164178,,14,7,13,0,2017,12,14,4,2,6,4,0,1,1,0,0,0,0,7.35588E+20,5.6971E+21,1.23853E+16,5.13762E+16
164179,,14,6,26,245,2017,12,5,4,2,8,1,0,1,0,0,0,2,0,8.98943E+20,5.66826E+21,1.46907E+16,5.10271E+16
164180,,14,6,26,85,2017,12,17,4,3,5,3,1,1,0,0,0,2,0,8.93951E+20,5.66494E+21,1.46162E+16,5.10008E+16
164181,,14,6,25,240,2017,12,14,4,3,6,2,0,1,1,0,0,0,0,8.66397E+20,5.71085E+21,1.42721E+16,5.14301E+16
164182,,14,6,25,20,2017,12,7,4,3,5,3,0,1,0,0,0,1,0,8.79523E+20,5.68364E+21,1.44312E+16,5.11779E+16
164183,,14,6,28,270,2017,12,19,4,3,0,7,1,0,0,0,0,2,0,8.47209E+20,5.65742E+21,1.39455E+16,5.09635E+16
164184,,14,6,12,0,2017,12,17,4,3,5,3,1,1,0,0,0,1,0,8.35982E+20,5.66221E+21,1.37906E+16,5.10131E+16
164185,,14,6,12,0,2017,12,18,4,3,2,6,0,1,0,0,0,2,0,8.37066E+20,5.66678E+21,1.38103E+16,5.10534E+16
164186,,14,6,12,0,2017,12,7,4,3,4,2,1,1,0,0,0,1,0,8.34499E+20,5.66399E+21,1.37712E+16,5.10299E+16
164187,,14,6,12,0,2017,12,15,4,3,5,3,0,1,0,0,0,0,1,8.34535E+20,5.6661E+21,1.37737E+16,5.10488E+16
164188,,14,6,12,0,2017,12,7,4,3,2,6,0,1,0,0,0,1,0,8.35573E+20,5.66474E+21,1.37872E+16,5.1036E+16
164189,,14,6,12,0,2017,12,20,4,3,5,3,0,1,0,0,0,2,0,8.33712E+20,5.66562E+21,1.37615E+16,5.10449E+16
164190,,14,5,22,440,2017,12,15,4,3,5,3,0,1,0,1,0,0,0,7.93056E+20,5.64249E+21,1.31646E+16,5.08597E+16
164191,,14,5,11,0,2017,12,6,4,3,6,2,0,1,1,0,0,2,0,7.74777E+20,5.63668E+21,1.29011E+16,5.08165E+16
164192,,14,5,11,0,2017,12,12,4,3,5,3,1,1,0,0,0,0,0,7.76287E+20,5.63815E+21,1.29236E+16,5.0829E+16
164193,,14,5,24,160,2017,12,9,3,2,6,4,0,1,1,0,0,0,1,7.55685E+20,5.62919E+21,1.26255E+16,5.0758E+16
164194,,14,5,23,20,2017,12,6,3,2,6,4,0,1,1,0,0,2,1,7.40262E+20,5.60093E+21,1.23889E+16,5.05109E+16
164195,,14,5,23,320,2017,12,16,3,2,6,4,0,1,1,0,0,1,1,7.2301E+20,5.59917E+21,1.21449E+16,5.0502E+16
164196,,14,7,29,150,2017,12,16,3,2,0,4,0,1,1,0,0,2,1,7.59011E+20,5.66277E+21,1.26964E+16,5.1058E+16
164197,,14,7,13,0,2017,12,7,3,3,5,3,1,1,0,0,0,1,1,7.30806E+20,5.6948E+21,1.23152E+16,5.13575E+16
164198,,14,7,13,0,2017,12,23,3,2,0,1,1,0,0,0,0,2,0,7.32493E+20,5.69405E+21,1.23389E+16,5.13501E+16
164199,,14,7,13,0,2017,12,7,3,3,4,2,0,1,0,0,1,1,1,7.36731E+20,5.6888E+21,1.23962E+16,5.13012E+16
164200,,14,7,13,0,2017,12,7,3,3,2,2,0,1,0,0,0,0,1,7.34006E+20,5.6956E+21,1.23616E+16,5.13633E+16
164201,,14,7,13,0,2017,12,18,3,2,4,2,0,1,0,0,0,2,0,7.41971E+20,5.68641E+21,1.24696E+16,5.12775E+16
164202,,14,7,13,0,2017,12,7,3,3,5,3,1,1,0,0,0,2,1,7.3819E+20,5.69242E+21,1.24195E+16,5.13331E+16
164203,,14,7,13,0,2017,12,22,3,3,6,6,1,0,1,0,0,2,0,7.27747E+20,5.68912E+21,1.22677E+16,5.13077E+16
164204,,14,7,29,410,2017,12,16,3,3,0,7,1,0,0,0,0,1,0,7.61379E+20,5.69898E+21,1.27565E+16,5.13817E+16
164205,,14,6,25,240,2017,12,4,3,3,5,3,1,0,0,1,0,2,1,8.65641E+20,5.71184E+21,1.42623E+16,5.14394E+16
164206,,14,6,12,0,2017,12,12,3,2,0,1,1,0,0,0,0,0,1,8.30795E+20,5.66698E+21,1.37213E+16,5.10589E+16
164207,,14,6,12,0,2017,12,15,3,3,1,5,1,1,0,0,0,0,1,8.305E+20,5.66349E+21,1.37139E+16,5.10277E+16
164208,,14,6,12,0,2017,12,9,3,3,0,3,0,0,0,0,1,0,1,8.36144E+20,5.66239E+21,1.37931E+16,5.10146E+16
164209,,14,6,12,0,2017,12,7,3,3,0,4,0,1,1,0,0,1,1,8.40094E+20,5.66149E+21,1.38484E+16,5.10042E+16
164210,,14,6,12,0,2017,12,6,3,3,5,3,1,1,0,0,0,2,1,8.34692E+20,5.66737E+21,1.37771E+16,5.10601E+16
164211,,14,6,12,0,2017,12,17,3,3,3,2,1,1,0,0,0,2,1,8.36646E+20,5.66531E+21,1.3803E+16,5.10405E+16
164212,,14,6,12,0,2017,12,8,3,3,5,3,0,1,0,0,0,0,0,8.36628E+20,5.66549E+21,1.38029E+16,5.10421E+16
164213,,14,6,12,0,2017,12,7,3,3,5,3,1,1,0,0,0,2,1,8.30827E+20,5.66648E+21,1.37213E+16,5.10543E+16
164214,,14,6,12,0,2017,12,13,3,3,5,3,1,1,0,0,0,0,1,8.33622E+20,5.66609E+21,1.37607E+16,5.10492E+16
164215,,14,6,12,0,2017,12,23,3,3,5,3,0,1,0,0,0,2,0,8.34043E+20,5.66729E+21,1.37678E+16,5.10598E+16
164216,,14,6,12,0,2017,12,16,3,3,0,7,0,1,0,0,1,2,1,8.32547E+20,5.6696E+21,1.37486E+16,5.10813E+16
164217,,14,5,22,80,2017,12,6,3,3,5,3,1,1,0,0,0,2,1,7.86945E+20,5.67173E+21,1.31011E+16,5.11251E+16
164218,,14,5,11,0,2017,12,7,3,3,6,2,0,1,1,0,0,1,1,7.74478E+20,5.63934E+21,1.28989E+16,5.08406E+16
164219,,14,5,11,0,2017,12,16,3,3,2,6,0,1,0,0,0,1,1,7.77339E+20,5.63977E+21,1.29398E+16,5.08431E+16
164220,,14,5,24,30,2017,12,5,2,2,0,7,0,1,0,0,1,2,1,7.3897E+20,5.63551E+21,1.2393E+16,5.08219E+16
164221,,14,7,13,0,2017,12,13,2,2,5,3,1,1,0,0,0,0,1,7.3564E+20,5.69671E+21,1.23858E+16,5.13726E+16
164222,,14,7,13,0,2017,12,7,2,2,6,4,0,1,1,0,0,1,1,7.38121E+20,5.69362E+21,1.24193E+16,5.13439E+16
164223,,14,7,13,0,2017,12,7,2,3,1,5,1,1,0,0,0,2,1,7.33636E+20,5.69711E+21,1.23573E+16,5.13771E+16
164224,,14,6,25,430,2017,12,16,2,3,5,3,1,1,0,0,0,2,1,8.38263E+20,5.68077E+21,1.38404E+16,5.1178E+16
164225,,14,6,12,0,2017,12,15,2,3,6,4,0,1,1,0,0,0,1,8.2887E+20,5.66821E+21,1.36951E+16,5.1071E+16
164226,,14,6,12,0,2017,12,15,2,3,0,3,0,0,0,0,1,0,0,8.38097E+20,5.66446E+21,1.38228E+16,5.10321E+16
164227,,14,6,12,0,2017,12,18,2,3,5,3,0,1,0,0,0,2,1,8.33095E+20,5.66618E+21,1.37533E+16,5.10503E+16
164228,,14,6,12,0,2017,12,17,2,3,1,1,1,1,0,0,0,2,1,8.31489E+20,5.66545E+21,1.37298E+16,5.10447E+16
164229,,14,6,12,0,2017,12,13,2,2,4,7,0,0,0,0,1,0,1,8.28913E+20,5.66945E+21,1.36968E+16,5.1082E+16
164230,,14,6,12,0,2017,12,16,2,3,2,6,0,1,0,0,0,2,1,8.33255E+20,5.66573E+21,1.37551E+16,5.10462E+16
164231,,14,6,12,0,2017,12,7,2,3,2,2,0,1,0,0,0,1,1,8.28661E+20,5.66635E+21,1.36904E+16,5.10544E+16
164232,,14,5,21,180,2017,12,6,2,3,9,1,0,1,0,0,0,0,2,7.76091E+20,5.61023E+21,1.29E+16,5.05786E+16
164233,,14,5,11,0,2017,12,17,2,2,6,4,0,1,1,0,0,2,1,7.74605E+20,5.63901E+21,1.29005E+16,5.08375E+16
164234,,14,5,23,320,2017,12,15,1,3,5,3,0,1,0,0,1,0,2,7.21818E+20,5.60049E+21,1.21289E+16,5.05143E+16
164235,,14,7,29,40,2017,12,18,1,3,8,1,0,1,0,0,0,2,2,7.36523E+20,5.67919E+21,1.23868E+16,5.12151E+16
164236,,14,7,13,0,2017,12,16,1,3,2,6,0,1,0,0,0,1,2,7.28434E+20,5.68949E+21,1.22778E+16,5.13108E+16
164237,,14,7,13,0,2017,12,3,1,3,9,7,0,1,0,0,0,2,1,7.37964E+20,5.69542E+21,1.24182E+16,5.13602E+16
164238,,14,7,13,0,2017,12,20,1,3,5,3,0,1,0,1,0,2,1,7.34764E+20,5.6913E+21,1.23696E+16,5.13245E+16
164239,,14,6,26,280,2017,12,15,1,3,5,3,0,1,0,0,0,0,0,8.96284E+20,5.66135E+21,1.46454E+16,5.0967E+16
164240,,14,6,25,40,2017,12,6,1,3,9,1,0,1,0,0,0,2,0,8.64859E+20,5.67887E+21,1.42174E+16,5.11447E+16
164241,,14,6,27,150,2017,12,13,1,3,0,7,1,0,1,0,0,0,0,8.27249E+20,5.6745E+21,1.36777E+16,5.11283E+16
164242,,14,6,12,0,2017,12,15,1,3,0,7,0,1,0,0,1,0,0,8.32944E+20,5.66584E+21,1.37508E+16,5.10474E+16
164243,,14,5,21,450,2017,12,16,1,3,5,3,0,1,0,0,0,1,2,7.61108E+20,5.62603E+21,1.27E+16,5.07273E+16
164244,,14,5,11,0,2017,12,19,1,3,2,1,0,1,0,0,0,2,2,7.7543E+20,5.6345E+21,1.29088E+16,5.07967E+16
164245,,14,5,24,30,2017,12,14,7,3,5,3,0,1,0,0,0,0,0,7.38451E+20,5.63486E+21,1.23853E+16,5.08163E+16
164246,,14,7,29,410,2017,12,11,7,2,5,3,0,1,0,0,0,0,0,7.60324E+20,5.69743E+21,1.27402E+16,5.13684E+16
164247,,14,7,13,0,2017,12,11,7,3,6,2,0,1,1,0,0,0,0,7.31619E+20,5.69657E+21,1.2328E+16,5.13731E+16
164248,,14,7,13,0,2017,12,9,7,2,3,7,0,1,0,0,1,0,0,7.36731E+20,5.68906E+21,1.23963E+16,5.13035E+16
164249,,14,6,12,0,2017,12,13,7,3,5,2,1,1,0,0,0,0,0,8.27256E+20,5.67061E+21,1.36743E+16,5.10934E+16
164250,,14,5,21,410,2017,12,10,7,2,6,7,0,1,1,0,0,0,0,7.7207E+20,5.63264E+21,1.28598E+16,5.07816E+16
164251,,14,5,22,180,2017,12,10,7,3,6,7,0,1,1,0,0,0,0,8.03985E+20,5.64946E+21,1.33252E+16,5.09165E+16
164252,,14,5,11,0,2017,12,23,7,3,5,3,0,1,0,0,0,2,0,7.7437E+20,5.63856E+21,1.28968E+16,5.08336E+16
164253,,14,7,29,80,2017,12,10,6,3,6,4,0,1,1,0,0,0,1,7.66141E+20,5.67083E+21,1.28038E+16,5.1127E+16
164254,,14,7,13,0,2017,12,17,6,3,6,2,0,1,1,0,0,2,0,7.35645E+20,5.69593E+21,1.23853E+16,5.13657E+16
164255,,14,7,13,0,2017,12,12,6,3,5,3,0,1,0,0,1,0,0,7.37147E+20,5.69433E+21,1.24058E+16,5.13507E+16
164256,,14,7,29,270,2017,12,12,6,3,5,7,0,1,0,0,0,0,0,7.2513E+20,5.69171E+21,1.22319E+16,5.1332E+16
164257,,14,6,25,480,2017,12,7,6,2,6,4,0,1,1,0,0,2,0,8.44122E+20,5.67386E+21,1.39173E+16,5.11126E+16
164258,,14,6,27,140,2017,12,13,6,3,6,1,1,0,1,0,0,0,0,8.12676E+20,5.67753E+21,1.34727E+16,5.11635E+16
164259,,14,6,12,0,2017,12,10,6,3,2,2,0,1,0,0,1,0,0,8.35989E+20,5.66221E+21,1.37908E+16,5.10131E+16
164260,,14,6,12,0,2017,12,9,6,3,1,5,0,1,0,0,1,0,0,8.36551E+20,5.66678E+21,1.3803E+16,5.10537E+16
164261,,14,6,12,0,2017,12,11,6,3,0,1,1,0,0,0,0,0,0,8.37012E+20,5.66471E+21,1.38076E+16,5.10349E+16
164262,,14,6,12,0,2017,12,16,6,3,6,4,0,1,1,0,0,1,0,8.35021E+20,5.66478E+21,1.37794E+16,5.10366E+16
164263,,14,5,22,80,2017,12,9,6,3,6,7,0,1,1,0,0,0,0,7.88505E+20,5.67162E+21,1.31232E+16,5.11232E+16
164264,,14,5,21,200,2017,12,8,6,3,8,1,0,0,0,1,0,0,0,7.81108E+20,5.62551E+21,1.29823E+16,5.07133E+16
164265,,14,5,11,0,2017,12,14,6,2,6,4,0,1,1,0,0,0,0,7.73523E+20,5.6383E+21,1.28846E+16,5.08317E+16
164266,,14,7,13,0,2017,11,9,5,3,1,6,0,1,0,0,0,0,0,7.35091E+20,5.69397E+21,1.23761E+16,5.13483E+16
164267,,14,7,13,0,2017,11,15,5,3,1,3,1,1,0,0,0,0,0,7.34852E+20,5.69251E+21,1.23717E+16,5.13353E+16
164268,,14,7,13,0,2017,11,9,5,3,5,3,1,1,0,0,0,0,0,7.35705E+20,5.69565E+21,1.2386E+16,5.13631E+16
164269,,14,7,13,0,2017,11,23,5,3,5,3,0,1,0,0,0,2,0,7.33892E+20,5.69335E+21,1.23585E+16,5.13433E+16
164270,,14,7,13,0,2017,11,11,5,3,2,6,0,1,0,0,1,0,0,7.38695E+20,5.69099E+21,1.24258E+16,5.13201E+16
164271,,14,7,13,0,2017,11,9,5,2,5,3,1,1,0,0,0,0,0,7.33573E+20,5.69217E+21,1.23531E+16,5.13328E+16
164272,,14,7,13,0,2017,11,15,5,3,5,3,1,1,0,0,0,0,0,7.33759E+20,5.69544E+21,1.2358E+16,5.13621E+16
164273,,14,6,25,240,2017,11,8,5,3,5,3,1,1,0,0,0,0,0,8.66465E+20,5.71233E+21,1.42746E+16,5.14433E+16
164274,,14,6,25,20,2017,11,13,5,3,5,3,1,1,0,0,0,0,0,8.79817E+20,5.68344E+21,1.44352E+16,5.11759E+16
164275,,14,6,27,210,2017,11,15,5,3,5,3,1,1,0,0,0,0,0,8.26552E+20,5.67185E+21,1.36654E+16,5.11049E+16
164276,,14,6,12,0,2017,11,12,5,3,1,6,0,1,0,0,0,0,0,8.2806E+20,5.66609E+21,1.36816E+16,5.10524E+16
164277,,14,6,12,0,2017,11,16,5,3,0,4,0,0,1,0,1,2,0,8.38452E+20,5.66224E+21,1.38258E+16,5.10119E+16
164278,,14,6,12,0,2017,11,21,5,3,4,2,0,1,0,0,0,2,0,8.36505E+20,5.66459E+21,1.38003E+16,5.10341E+16
164279,,14,6,12,0,2017,11,8,5,3,5,3,1,0,0,0,1,0,0,8.30416E+20,5.67019E+21,1.37189E+16,5.10878E+16
164280,,14,5,11,0,2017,11,10,5,3,0,7,0,1,1,0,0,0,0,7.73579E+20,5.63963E+21,1.28864E+16,5.08436E+16
164281,,14,5,11,0,2017,11,8,5,3,2,2,0,1,0,0,0,0,0,7.74014E+20,5.64048E+21,1.28932E+16,5.0851E+16
164282,,14,5,11,0,2017,11,7,5,3,5,3,0,1,0,0,0,0,0,7.76155E+20,5.63949E+21,1.29228E+16,5.08411E+16
164283,,14,5,11,0,2017,11,15,5,2,5,2,0,1,0,0,1,0,1,7.75994E+20,5.63825E+21,1.29196E+16,5.083E+16
164284,,14,5,24,170,2017,11,7,4,3,9,1,0,1,0,0,0,1,2,7.43402E+20,5.61704E+21,1.24436E+16,5.06543E+16
164285,,14,5,24,80,2017,11,17,4,3,1,5,0,1,0,0,0,1,1,7.50451E+20,5.63565E+21,1.25558E+16,5.08184E+16
164286,,14,5,24,330,2017,11,15,4,3,6,4,0,1,1,0,0,0,0,7.46629E+20,5.62492E+21,1.24945E+16,5.07236E+16
164287,,14,7,13,0,2017,11,9,4,3,5,2,1,1,0,0,0,0,0,7.35772E+20,5.69287E+21,1.23851E+16,5.13381E+16
164288,,14,7,13,0,2017,11,16,4,3,5,3,1,1,0,0,0,2,0,7.33177E+20,5.69586E+21,1.23499E+16,5.1366E+16
164289,,14,7,13,0,2017,11,9,4,2,6,7,0,1,1,0,0,0,0,7.3487E+20,5.69565E+21,1.2374E+16,5.13635E+16
164290,,14,7,13,0,2017,11,14,4,2,3,2,0,1,0,0,1,0,0,7.31166E+20,5.69051E+21,1.23176E+16,5.13188E+16
164291,,14,7,13,0,2017,11,13,4,3,5,3,1,1,0,0,0,0,0,7.35392E+20,5.69105E+21,1.23785E+16,5.1322E+16
164292,,14,7,13,0,2017,11,16,4,2,6,4,0,1,1,0,0,2,0,7.3728E+20,5.69346E+21,1.24071E+16,5.13428E+16
164293,,14,6,25,480,2017,11,22,4,2,0,1,1,0,0,0,0,2,1,8.44239E+20,5.67395E+21,1.39191E+16,5.11134E+16
164294,,14,6,25,240,2017,11,5,4,3,5,3,1,1,0,0,0,2,1,8.6467E+20,5.71181E+21,1.42484E+16,5.14398E+16
164295,,14,6,27,140,2017,11,9,4,3,0,3,0,1,0,0,1,0,1,8.14801E+20,5.67891E+21,1.35042E+16,5.11748E+16
164296,,14,6,28,50,2017,11,20,4,2,6,4,0,1,1,0,0,2,0,8.31669E+20,5.66092E+21,1.37282E+16,5.1004E+16
164297,,14,6,12,0,2017,11,7,4,3,5,3,0,1,0,0,1,0,0,8.30035E+20,5.66939E+21,1.37127E+16,5.10809E+16
164298,,14,6,12,0,2017,11,17,4,3,6,4,0,1,1,0,0,2,0,8.32705E+20,5.66936E+21,1.37507E+16,5.10791E+16
164299,,14,6,12,0,2017,11,16,4,3,5,3,1,1,0,0,0,2,0,8.32124E+20,5.66488E+21,1.37383E+16,5.10393E+16
164300,,14,6,12,0,2017,11,17,4,3,2,2,1,1,0,0,0,2,0,8.37018E+20,5.66609E+21,1.3809E+16,5.10473E+16
164301,,14,6,12,0,2017,11,16,4,2,6,4,0,1,1,0,0,2,0,8.29572E+20,5.66459E+21,1.37017E+16,5.10381E+16
164302,,14,6,12,0,2017,11,15,4,3,8,7,1,0,0,0,0,0,0,8.2546E+20,5.6703E+21,1.36484E+16,5.10916E+16
164303,,14,6,12,0,2017,11,7,4,3,6,4,0,1,1,0,0,2,0,8.35871E+20,5.6621E+21,1.3789E+16,5.10122E+16
164304,,14,6,12,0,2017,11,14,4,3,5,3,0,1,0,0,0,0,0,8.32145E+20,5.66436E+21,1.37381E+16,5.10346E+16
164305,,14,5,22,190,2017,11,15,4,3,5,7,1,1,0,0,0,0,0,7.73769E+20,5.66573E+21,1.29087E+16,5.10777E+16
164306,,14,5,22,120,2017,11,17,4,3,9,1,0,1,0,0,0,2,0,7.77483E+20,5.65743E+21,1.29552E+16,5.10014E+16
164307,,14,5,22,80,2017,11,7,4,3,4,6,0,1,0,1,0,1,1,7.89588E+20,5.67021E+21,1.31375E+16,5.11101E+16
164308,,14,5,11,0,2017,11,16,4,3,6,4,0,1,1,0,0,1,0,7.69466E+20,5.63764E+21,1.28266E+16,5.08276E+16
164309,,14,5,23,270,2017,11,17,3,2,5,3,0,1,0,0,1,1,1,7.27247E+20,5.59929E+21,1.22046E+16,5.05015E+16
164310,,14,5,24,80,2017,11,14,3,3,6,4,0,1,1,0,0,0,1,7.49769E+20,5.63648E+21,1.25467E+16,5.08261E+16
164311,,14,5,23,340,2017,11,13,3,3,5,3,0,1,0,0,0,0,1,7.33481E+20,5.61326E+21,1.23012E+16,5.06244E+16
164312,,14,7,13,0,2017,11,15,3,3,5,3,1,1,0,0,0,0,1,7.34445E+20,5.69213E+21,1.23656E+16,5.13321E+16
164313,,14,7,29,20,2017,11,15,3,3,6,7,0,1,1,0,0,0,0,7.49105E+20,5.68397E+21,1.257E+16,5.12526E+16
164314,,14,7,13,0,2017,11,14,3,3,2,6,0,1,0,0,0,0,0,7.37089E+20,5.6917E+21,1.24032E+16,5.13271E+16
164315,,14,7,13,0,2017,11,14,3,3,6,4,1,0,1,0,0,0,0,7.31276E+20,5.69328E+21,1.2321E+16,5.13437E+16
164316,,14,7,13,0,2017,11,10,3,2,5,3,1,1,0,0,0,0,0,7.36072E+20,5.68967E+21,1.23873E+16,5.13093E+16
164317,,14,7,13,0,2017,11,6,3,3,5,3,1,1,0,0,0,2,0,7.29591E+20,5.69473E+21,1.22977E+16,5.13574E+16
164318,,14,6,25,20,2017,11,14,3,3,5,3,1,1,0,0,0,0,1,8.79275E+20,5.68413E+21,1.44282E+16,5.11824E+16
164319,,14,6,28,360,2017,11,7,3,3,6,2,0,1,1,0,0,2,1,8.69937E+20,5.66007E+21,1.42705E+16,5.09731E+16
164320,,14,6,27,10,2017,11,17,3,2,1,5,1,1,0,0,0,2,1,8.21191E+20,5.67463E+21,1.35915E+16,5.11329E+16
164321,,14,6,12,0,2017,11,17,3,3,0,1,1,0,0,0,0,2,0,8.33009E+20,5.66792E+21,1.37537E+16,5.1066E+16
164322,,14,6,12,0,2017,11,8,3,3,3,6,1,1,0,0,0,0,1,8.33204E+20,5.66565E+21,1.37543E+16,5.10455E+16
164323,,14,6,27,80,2017,11,14,3,1,8,1,0,1,0,0,0,0,1,8.06782E+20,5.67506E+21,1.33866E+16,5.11446E+16
164324,,14,5,21,30,2017,11,16,3,3,1,7,0,1,0,0,0,2,1,7.62405E+20,5.61117E+21,1.27078E+16,5.05934E+16