OBJECTID,UIDENTSTLA,ULAND,UREGBEZ,UKREIS,UGEMEINDE,UJAHR,UMONAT,USTUNDE,UWOCHENTAG,UKATEGORIE,UART,UTYP1,IstRad,IstPKW,IstFuss,IstKrad,IstSonstig,LICHT,STRZUSTAND,LINREFX,LINREFY,XGCSWGS84,YGCSWGS84
164704,,15,0,88,319,2017,2,11,6,3,5,3,0,1,0,0,0,0,0,6.98242E+20,5.70993E+21,1.18566E+16,5.15057E+16
164705,,15,0,87,220,2017,2,6,6,3,4,2,0,1,0,0,0,2,0,6.72001E+20,5.7259E+21,1.14867E+16,5.16577E+16
164706,,15,0,1,0,2017,2,11,6,1,0,1,1,0,0,0,0,0,0,7.25845E+20,5.74884E+21,1.22789E+16,5.18446E+16
164707,,15,0,82,15,2017,2,19,6,3,5,3,0,1,0,0,0,2,0,7.25369E+20,5.72909E+21,1.22592E+16,5.16675E+16
164708,,15,0,89,305,2017,2,16,6,3,5,3,0,1,0,0,0,0,0,6.88402E+20,5.76622E+21,1.17455E+16,5.20146E+16
164709,,15,0,3,0,2017,2,18,6,3,6,4,0,0,1,0,1,1,0,6.79458E+20,5.78317E+21,1.16242E+16,5.21698E+16
164710,,15,0,3,0,2017,2,8,6,3,0,3,1,0,0,0,0,0,0,6.78866E+20,5.77802E+21,1.16129E+16,5.21238E+16
164711,,15,0,81,280,2017,2,6,6,3,4,3,0,1,0,0,1,1,0,6.47249E+20,5.83322E+21,1.11757E+16,5.26289E+16
164712,,15,0,88,220,2017,2,7,5,3,0,5,1,1,0,0,0,1,0,7.08084E+20,5.69453E+21,1.19892E+16,5.13639E+16
164713,,15,0,87,220,2017,2,13,5,2,5,3,0,0,0,1,1,0,0,6.73401E+20,5.72568E+21,1.15068E+16,5.16553E+16
164714,,15,0,82,340,2017,2,6,5,3,5,3,0,1,0,0,0,1,0,7.26239E+20,5.72467E+21,1.22689E+16,5.16275E+16
164715,,15,0,3,0,2017,2,16,5,3,6,4,0,1,1,0,0,0,0,6.81563E+20,5.78103E+21,1.16539E+16,5.21499E+16
164716,,15,0,83,415,2017,2,10,5,2,5,3,1,1,0,0,0,0,0,6.5804E+20,5.76268E+21,1.13018E+16,5.19923E+16
164717,,15,0,2,0,2017,2,9,4,3,5,3,0,1,0,1,0,0,0,7.06994E+20,5.7064E+21,1.19805E+16,5.14708E+16
164718,,15,0,1,0,2017,2,10,4,3,2,6,0,1,0,0,0,0,0,7.20075E+20,5.74633E+21,1.21936E+16,5.18244E+16
164719,,15,0,83,415,2017,2,16,4,3,4,2,0,1,0,0,0,0,0,6.52702E+20,5.76693E+21,1.12261E+16,5.20319E+16
164720,,15,0,87,370,2017,2,14,3,3,2,2,0,1,0,0,0,0,1,6.59115E+20,5.70499E+21,1.12911E+16,5.14737E+16
164721,,15,0,87,370,2017,2,13,3,3,5,3,1,1,0,0,0,0,1,6.59732E+20,5.70502E+21,1.13E+16,5.14738E+16
164722,,15,0,87,130,2017,2,10,3,2,6,4,0,1,1,0,0,0,1,6.76939E+20,5.7115E+21,1.15508E+16,5.15268E+16
164723,,15,0,82,430,2017,2,15,3,3,6,4,0,1,1,0,0,0,0,7.12162E+20,5.76188E+21,1.20886E+16,5.19671E+16
164724,,15,0,89,15,2017,2,5,3,3,0,6,0,1,0,0,0,2,2,6.68405E+20,5.73477E+21,1.14391E+16,5.17385E+16
164725,,15,0,3,0,2017,2,19,3,2,4,2,0,1,0,0,0,2,0,6.7994E+20,5.77636E+21,1.16277E+16,5.21085E+16
164726,,15,0,81,455,2017,2,19,3,3,8,6,0,1,0,0,0,2,0,6.44103E+20,5.85532E+21,1.11389E+16,5.28284E+16
164727,,15,0,81,455,2017,2,14,3,3,1,6,0,1,0,0,0,0,0,6.43911E+20,5.85795E+21,1.11372E+16,5.2852E+16
164728,,15,0,88,20,2017,2,7,2,3,6,6,0,1,1,0,0,1,1,7.14208E+20,5.68697E+21,1.20725E+16,5.12937E+16
164729,,15,0,84,590,2017,2,9,2,3,5,3,0,1,0,0,0,0,1,7.20616E+20,5.6604E+21,1.21479E+16,5.10527E+16
164730,,15,0,1,0,2017,2,19,2,3,2,2,0,1,0,0,0,2,0,7.21994E+20,5.74882E+21,1.2223E+16,5.1846E+16
164731,,15,0,3,0,2017,2,7,2,3,5,5,1,1,0,0,0,2,0,6.77947E+20,5.77639E+21,1.15986E+16,5.21093E+16
164732,,15,0,81,455,2017,2,7,2,3,5,3,1,1,0,0,0,0,1,6.44864E+20,5.85861E+21,1.11517E+16,5.28577E+16
164733,,15,0,82,377,2017,2,9,1,1,0,7,1,0,0,0,0,0,2,6.99572E+20,5.72946E+21,1.18869E+16,5.16806E+16
164734,,15,0,3,0,2017,2,6,1,2,6,4,0,0,1,0,1,2,0,6.80244E+20,5.78211E+21,1.16352E+16,5.216E+16
164735,,15,0,84,490,2017,2,10,7,2,5,3,1,1,0,0,0,0,1,7.11501E+20,5.66778E+21,1.20224E+16,5.11224E+16
164736,,15,0,84,250,2017,2,9,7,3,0,1,1,0,0,0,0,0,2,6.84102E+20,5.68408E+21,1.16397E+16,5.12783E+16
164737,,15,0,91,375,2017,2,12,7,2,6,3,0,1,1,0,0,0,0,7.52372E+20,5.75413E+21,1.2667E+16,5.18808E+16
164738,,15,0,82,340,2017,2,6,7,2,8,1,0,1,0,0,0,1,2,7.25833E+20,5.72256E+21,1.22616E+16,5.16087E+16
164739,,15,0,89,30,2017,2,20,7,3,6,4,0,1,1,0,0,2,0,6.87879E+20,5.74325E+21,1.17254E+16,5.18085E+16
164740,,15,0,3,0,2017,2,21,7,3,5,3,0,1,0,0,0,2,0,6.79175E+20,5.77732E+21,1.1617E+16,5.21173E+16
164741,,15,0,3,0,2017,2,10,7,2,4,7,0,1,0,0,0,0,1,6.80733E+20,5.77512E+21,1.16386E+16,5.20971E+16
164742,,15,0,85,135,2017,2,10,7,3,6,2,0,1,1,0,0,0,0,6.39986E+20,5.75309E+21,1.10352E+16,5.1911E+16
164743,,15,0,83,270,2017,2,2,7,2,8,1,0,1,0,0,0,2,1,6.65059E+20,5.79721E+21,1.14208E+16,5.23004E+16
164744,,15,0,88,220,2017,2,6,6,2,5,3,1,1,0,0,0,2,1,7.07825E+20,5.69664E+21,1.19867E+16,5.13829E+16
164745,,15,0,82,180,2017,2,10,6,3,0,7,0,0,0,1,0,0,0,7.05639E+20,5.73737E+21,1.19792E+16,5.17495E+16
164746,,15,0,89,305,2017,2,12,6,3,2,6,0,1,0,0,0,0,0,6.87528E+20,5.76609E+21,1.17327E+16,5.20137E+16
164747,,15,0,3,0,2017,2,6,6,3,6,4,0,0,1,0,1,1,0,6.79487E+20,5.77535E+21,1.16205E+16,5.20996E+16
164748,,15,0,3,0,2017,2,7,6,2,6,4,0,1,1,0,0,1,0,6.79494E+20,5.77526E+21,1.16206E+16,5.20988E+16
164749,,15,0,3,0,2017,2,13,6,3,5,2,0,1,0,0,1,0,1,6.78324E+20,5.77867E+21,1.16053E+16,5.21298E+16
164750,,15,0,3,0,2017,2,7,6,3,5,2,0,1,0,0,0,1,0,6.76782E+20,5.7816E+21,1.15843E+16,5.21565E+16
164751,,15,0,86,15,2017,2,9,6,3,6,7,0,1,1,0,0,0,0,6.94928E+20,5.79496E+21,1.1857E+16,5.22704E+16
164752,,15,0,83,440,2017,2,13,6,3,1,7,0,1,0,0,1,0,1,6.88689E+20,5.79979E+21,1.17683E+16,5.23159E+16
164753,,15,0,81,455,2017,2,12,6,3,2,6,0,1,0,0,0,0,1,6.47468E+20,5.85588E+21,1.11891E+16,5.28325E+16
164754,,15,0,2,0,2017,2,8,5,3,6,4,0,0,1,0,1,0,0,7.05715E+20,5.70405E+21,1.19607E+16,5.14502E+16
164755,,15,0,1,0,2017,2,13,5,2,5,3,0,1,0,0,0,0,0,7.22719E+20,5.74721E+21,1.22325E+16,5.18312E+16
164756,,15,0,3,0,2017,2,19,5,3,5,3,0,1,0,0,1,2,1,6.80089E+20,5.77762E+21,1.16305E+16,5.21197E+16
164757,,15,0,3,0,2017,2,19,5,2,2,2,1,0,0,0,0,2,1,6.79801E+20,5.77787E+21,1.16265E+16,5.21221E+16
164758,,15,0,3,0,2017,2,14,5,2,5,2,0,1,0,0,0,0,0,6.79243E+20,5.77793E+21,1.16183E+16,5.21228E+16
164759,,15,0,85,235,2017,2,18,5,3,1,5,0,1,0,0,0,1,1,6.49159E+20,5.73973E+21,1.11627E+16,5.17886E+16
164760,,15,0,85,190,2017,2,6,5,3,1,7,0,1,1,0,1,2,2,6.16084E+20,5.74707E+21,1.06858E+16,5.18623E+16
164761,,15,0,2,0,2017,2,15,4,3,2,6,0,1,0,0,0,0,1,7.04464E+20,5.70738E+21,1.19447E+16,5.14806E+16
164762,,15,0,90,535,2017,2,10,4,3,5,3,1,1,0,0,0,0,1,6.93376E+20,5.8311E+21,1.18552E+16,5.25955E+16
164763,,15,0,89,55,2017,2,17,4,2,6,2,0,1,1,0,0,1,0,6.90633E+20,5.75406E+21,1.17712E+16,5.19047E+16
164764,,15,0,85,370,2017,2,16,4,3,2,7,1,1,0,0,0,0,0,6.24119E+20,5.74552E+21,1.08019E+16,5.18467E+16
164765,,15,0,88,20,2017,1,12,3,2,5,3,0,1,0,0,0,0,1,7.13346E+20,5.6875E+21,1.20604E+16,5.12987E+16
164766,,15,0,91,375,2017,1,5,3,3,0,1,1,0,0,0,0,2,2,7.51194E+20,5.75236E+21,1.26487E+16,5.18653E+16
164767,,15,0,82,15,2017,1,9,3,3,5,3,0,1,0,0,0,0,1,7.29856E+20,5.72421E+21,1.23207E+16,5.16219E+16
164768,,15,0,82,180,2017,1,22,3,3,5,3,1,1,0,0,0,2,1,7.04851E+20,5.73685E+21,1.19675E+16,5.17451E+16
164769,,15,0,90,535,2017,1,11,3,3,5,3,0,1,0,0,0,0,1,6.93072E+20,5.83312E+21,1.18519E+16,5.26137E+16
164770,,15,0,3,0,2017,1,12,3,3,5,2,0,1,0,0,1,0,1,6.80034E+20,5.77862E+21,1.16302E+16,5.21287E+16
164771,,15,0,3,0,2017,1,10,3,3,6,7,0,1,1,0,0,0,1,6.7989E+20,5.77768E+21,1.16277E+16,5.21203E+16
164772,,15,0,88,220,2017,1,12,2,3,5,3,1,1,0,0,0,0,1,7.08056E+20,5.69533E+21,1.19892E+16,5.1371E+16
164773,,15,0,2,0,2017,1,9,2,2,8,7,0,1,0,0,0,0,1,7.07193E+20,5.70582E+21,1.1983E+16,5.14655E+16
164774,,15,0,2,0,2017,1,10,2,3,0,5,0,1,0,1,1,0,1,7.01961E+20,5.70677E+21,1.19083E+16,5.1476E+16
164775,,15,0,90,535,2017,1,18,2,3,6,4,0,1,1,0,0,2,1,6.93101E+20,5.83205E+21,1.18517E+16,5.26041E+16
164776,,15,0,90,535,2017,1,7,2,3,6,4,0,1,1,0,0,1,1,6.9258E+20,5.83173E+21,1.18438E+16,5.26014E+16
164777,,15,0,3,0,2017,1,11,2,3,0,4,0,0,1,0,1,0,1,6.80407E+20,5.77879E+21,1.16358E+16,5.21301E+16
164778,,15,0,3,0,2017,1,17,2,3,6,2,0,1,1,0,0,1,0,6.78233E+20,5.77659E+21,1.16029E+16,5.21111E+16
164779,,15,0,85,135,2017,1,19,2,3,5,3,0,1,0,0,0,2,1,6.39146E+20,5.75313E+21,1.1023E+16,5.19115E+16
164780,,15,0,85,135,2017,1,11,2,3,1,2,0,1,0,0,0,0,1,6.41194E+20,5.75172E+21,1.10522E+16,5.18983E+16
164781,,15,0,83,565,2017,1,10,2,3,3,6,1,0,0,0,1,0,1,6.79593E+20,5.79199E+21,1.16309E+16,5.2249E+16
164782,,15,0,88,220,2017,1,21,1,2,1,5,0,1,0,0,1,2,0,7.08285E+20,5.69404E+21,1.19918E+16,5.13594E+16
164783,,15,0,3,0,2017,1,9,1,3,6,2,0,1,1,0,0,0,0,6.79377E+20,5.77685E+21,1.16197E+16,5.21131E+16
164784,,15,0,3,0,2017,1,6,1,3,4,3,0,0,0,0,1,2,0,6.82297E+20,5.774E+21,1.16608E+16,5.20865E+16
164785,,15,0,3,0,2017,1,2,1,2,6,4,0,1,1,0,0,2,0,6.80608E+20,5.78067E+21,1.16397E+16,5.2147E+16
164786,,15,0,83,531,2017,1,18,1,3,8,1,0,1,0,0,0,2,1,6.67589E+20,5.77081E+21,1.14448E+16,5.20625E+16
164787,,15,0,88,65,2017,1,22,7,3,5,3,0,1,0,0,0,2,0,7.01572E+20,5.68555E+21,1.18907E+16,5.12856E+16
164788,,15,0,2,0,2017,1,10,7,3,6,4,0,1,1,0,0,0,0,7.06159E+20,5.7089E+21,1.19699E+16,5.14936E+16
164789,,15,0,2,0,2017,1,11,7,3,6,7,0,0,1,0,1,0,0,7.02128E+20,5.71116E+21,1.19132E+16,5.15154E+16
164790,,15,0,2,0,2017,1,10,7,2,6,4,0,1,1,0,0,0,0,7.03816E+20,5.70723E+21,1.19353E+16,5.14794E+16
164791,,15,0,91,375,2017,1,14,7,3,2,6,0,1,0,0,0,0,0,7.52414E+20,5.75486E+21,1.26682E+16,5.18873E+16
164792,,15,0,91,375,2017,1,22,7,3,5,3,1,0,0,0,0,2,0,7.52094E+20,5.75396E+21,1.26629E+16,5.18793E+16
164793,,15,0,89,305,2017,1,16,7,2,5,3,1,0,0,0,1,0,0,6.87046E+20,5.76522E+21,1.17252E+16,5.20061E+16
164794,,15,0,89,305,2017,1,19,7,3,2,6,0,1,0,0,0,2,0,6.86443E+20,5.76522E+21,1.17165E+16,5.20063E+16
164795,,15,0,3,0,2017,1,9,7,2,5,3,0,1,0,0,0,0,0,6.79359E+20,5.7771E+21,1.16196E+16,5.21153E+16
164796,,15,0,88,216,2017,1,15,6,3,2,6,0,1,0,0,1,0,0,6.94884E+20,5.7183E+21,1.18129E+16,5.1582E+16
164797,,15,0,88,20,2017,1,11,6,3,5,2,0,1,0,0,1,0,2,7.14004E+20,5.6876E+21,1.20699E+16,5.12994E+16
164798,,15,0,88,220,2017,1,8,6,2,5,2,0,1,0,0,0,0,0,7.07718E+20,5.69679E+21,1.19852E+16,5.13843E+16
164799,,15,0,87,370,2017,1,11,6,3,5,3,0,1,0,0,0,0,0,6.63887E+20,5.70784E+21,1.13611E+16,5.14979E+16
164800,,15,0,2,0,2017,1,19,6,3,5,2,1,1,0,0,0,2,0,7.05505E+20,5.71042E+21,1.19614E+16,5.15075E+16
164801,,15,0,2,0,2017,1,7,6,3,5,2,1,1,0,0,0,1,0,7.05646E+20,5.70807E+21,1.19621E+16,5.14863E+16
164802,,15,0,91,375,2017,1,6,6,3,5,3,1,1,0,0,0,2,0,7.51827E+20,5.75294E+21,1.26583E+16,5.18703E+16
164803,,15,0,82,15,2017,1,18,6,3,5,2,1,1,0,0,0,2,0,7.30161E+20,5.72447E+21,1.23253E+16,5.16241E+16
164804,,15,0,90,550,2017,1,9,6,3,6,7,0,0,1,0,1,0,0,7.00939E+20,5.82508E+21,1.1963E+16,5.25387E+16
164805,,15,0,89,305,2017,1,7,6,3,2,2,0,1,0,0,0,1,0,6.87407E+20,5.76572E+21,1.17308E+16,5.20105E+16
164806,,15,0,3,0,2017,1,18,6,3,5,3,0,1,0,0,1,2,0,6.78532E+20,5.7806E+21,1.16094E+16,5.2147E+16
164807,,15,0,3,0,2017,1,16,6,3,6,2,0,1,1,0,0,0,0,6.77654E+20,5.77626E+21,1.15943E+16,5.21083E+16
164808,,15,0,3,0,2017,1,8,6,3,6,7,0,1,1,0,0,0,0,6.80175E+20,5.77802E+21,1.1632E+16,5.21233E+16
164809,,15,0,2,0,2017,1,10,5,3,6,4,0,1,1,0,0,0,0,7.0532E+20,5.70879E+21,1.19578E+16,5.14929E+16
164810,,15,0,2,0,2017,1,7,5,3,3,2,0,1,0,0,1,1,1,7.07023E+20,5.70852E+21,1.19821E+16,5.14899E+16
164811,,15,0,2,0,2017,1,9,5,2,5,3,0,1,0,0,0,0,1,7.06485E+20,5.70891E+21,1.19746E+16,5.14936E+16
164812,,15,0,2,0,2017,1,9,5,3,6,2,0,1,1,0,0,0,0,7.05844E+20,5.70914E+21,1.19655E+16,5.14958E+16
164813,,15,0,2,0,2017,1,7,5,3,5,3,0,1,0,0,0,1,1,7.0692E+20,5.70653E+21,1.19795E+16,5.14721E+16
164814,,15,0,91,375,2017,1,6,5,3,4,2,1,1,0,0,0,2,1,7.51319E+20,5.75424E+21,1.26519E+16,5.18822E+16
164815,,15,0,82,15,2017,1,9,5,3,5,3,0,1,0,0,0,0,0,7.25085E+20,5.73098E+21,1.22563E+16,5.16846E+16
164816,,15,0,3,0,2017,1,14,5,3,1,6,0,1,0,0,0,0,0,6.79457E+20,5.78194E+21,1.16236E+16,5.21587E+16
164817,,15,0,3,0,2017,1,9,5,3,6,2,0,1,1,0,0,0,0,6.78394E+20,5.77748E+21,1.16057E+16,5.2119E+16
164818,,15,0,3,0,2017,1,10,5,2,6,4,0,1,1,0,0,0,0,6.80363E+20,5.77497E+21,1.16331E+16,5.20959E+16
164819,,15,0,86,40,2017,1,14,5,3,5,2,1,1,0,0,0,0,0,7.14394E+20,5.81051E+21,1.21517E+16,5.24028E+16
164820,,15,0,85,235,2017,1,13,5,3,0,5,0,1,0,0,0,0,0,6.47915E+20,5.73875E+21,1.11442E+16,5.17801E+16
164821,,15,0,85,135,2017,1,12,5,3,2,2,0,1,0,0,0,0,0,6.4188E+20,5.75131E+21,1.1062E+16,5.18945E+16
164822,,15,0,1,0,2017,1,16,4,3,2,6,0,1,0,0,1,0,1,7.19249E+20,5.7455E+21,1.21811E+16,5.18173E+16
164823,,15,0,85,330,2017,1,6,4,3,8,1,0,1,0,0,0,2,0,6.41213E+20,5.73528E+21,1.10457E+16,5.17506E+16
164824,,15,0,3,0,2017,1,12,4,3,5,3,0,1,0,0,0,0,0,6.75412E+20,5.77284E+21,1.15598E+16,5.20783E+16
164825,,15,0,2,0,2017,1,9,3,3,0,1,1,0,0,0,0,0,2,7.06331E+20,5.70561E+21,1.19705E+16,5.1464E+16
164826,,15,0,84,550,2017,1,8,3,2,9,1,0,1,0,0,0,0,2,7.07142E+20,5.68054E+21,1.19675E+16,5.12386E+16
164827,,15,0,91,241,2017,1,7,3,2,0,2,1,0,0,0,1,2,0,7.34821E+20,5.74365E+21,1.24054E+16,5.17944E+16
164828,,15,0,91,375,2017,1,7,3,3,5,2,1,1,0,0,0,1,2,7.51319E+20,5.75425E+21,1.26519E+16,5.18822E+16
164829,,15,0,89,305,2017,1,17,3,3,5,3,0,1,0,0,0,1,0,6.88403E+20,5.76622E+21,1.17455E+16,5.20146E+16
164830,,15,0,89,305,2017,1,15,3,3,6,2,0,1,1,0,0,0,0,6.87444E+20,5.76461E+21,1.17307E+16,5.20005E+16
164831,,15,0,3,0,2017,1,18,3,3,3,5,1,1,0,0,0,2,1,6.78991E+20,5.77913E+21,1.16153E+16,5.21337E+16
164832,,15,0,3,0,2017,1,21,3,2,8,7,0,1,0,0,0,2,0,6.79617E+20,5.77334E+21,1.16214E+16,5.20814E+16
164833,,15,0,83,270,2017,1,4,3,3,7,5,0,1,0,0,1,2,1,6.66778E+20,5.79485E+21,1.14448E+16,5.22787E+16
164834,,15,0,2,0,2017,1,21,2,3,0,1,1,0,0,0,0,2,2,7.06652E+20,5.70744E+21,1.19762E+16,5.14803E+16
164835,,15,0,91,375,2017,1,10,2,2,0,7,0,0,0,0,1,0,1,7.50954E+20,5.75288E+21,1.26456E+16,5.18702E+16
164836,,15,0,1,0,2017,1,14,2,2,1,6,0,1,0,0,0,0,1,7.23412E+20,5.74704E+21,1.22424E+16,5.18295E+16
164837,,15,0,3,0,2017,1,16,2,2,5,3,1,1,0,0,0,1,1,6.79417E+20,5.77748E+21,1.16206E+16,5.21187E+16
164838,,15,0,3,0,2017,1,11,2,3,1,5,1,1,0,0,0,0,0,6.78773E+20,5.7786E+21,1.16118E+16,5.2129E+16
164839,,15,0,3,0,2017,1,14,2,3,6,4,0,1,1,0,0,0,0,6.82382E+20,5.77814E+21,1.16643E+16,5.21236E+16
164840,,15,0,86,15,2017,1,17,1,3,5,2,0,1,0,0,0,1,0,6.93644E+20,5.795E+21,1.18382E+16,5.22712E+16
164841,,15,0,3,0,2017,1,10,1,3,2,2,0,1,0,1,0,0,1,6.7868E+20,5.77461E+21,1.16084E+16,5.20931E+16
164842,,15,0,3,0,2017,1,18,1,2,5,3,0,1,0,0,0,2,2,6.79753E+20,5.77521E+21,1.16244E+16,5.20982E+16
164843,,15,0,2,0,2017,1,13,7,3,6,2,0,1,1,0,0,0,0,7.06342E+20,5.70555E+21,1.19706E+16,5.14635E+16
164844,,15,0,84,550,2017,1,6,7,3,8,1,0,1,0,0,0,2,0,7.06861E+20,5.67539E+21,1.19606E+16,5.11925E+16
164845,,15,0,88,220,2017,2,9,2,3,5,2,1,1,0,0,0,0,0,7.08531E+20,5.69377E+21,1.19951E+16,5.13569E+16
164846,,15,0,1,0,2017,1,12,7,3,5,3,0,1,0,0,0,0,0,7.19243E+20,5.74549E+21,1.21811E+16,5.18172E+16
164847,,15,0,3,0,2017,1,9,7,3,1,6,0,1,0,0,0,0,0,6.75959E+20,5.77405E+21,1.15684E+16,5.2089E+16
164848,,15,0,3,0,2017,3,12,6,3,6,4,1,0,1,0,0,0,0,6.80136E+20,5.77889E+21,1.16319E+16,5.21312E+16
164849,,15,0,3,0,2017,3,8,6,3,5,3,1,0,0,0,1,0,0,6.81479E+20,5.77964E+21,1.16519E+16,5.21374E+16
164850,,15,0,88,365,2017,4,15,7,3,0,3,0,1,0,1,0,0,0,6.93321E+20,5.70547E+21,1.17834E+16,5.14673E+16
164851,,15,0,87,130,2017,4,8,7,3,6,4,0,1,1,0,0,0,0,6.77016E+20,5.71144E+21,1.15518E+16,5.15263E+16
164852,,15,0,89,26,2017,4,18,7,3,1,5,1,1,0,0,0,0,0,6.98267E+20,5.76135E+21,1.18863E+16,5.19674E+16
164853,,15,0,89,310,2017,4,11,7,3,5,3,0,1,0,0,1,0,0,6.74756E+20,5.75053E+21,1.15389E+16,5.18781E+16
164854,,15,0,3,0,2017,4,14,7,3,3,6,1,1,0,0,0,0,0,6.76063E+20,5.78009E+21,1.15731E+16,5.21433E+16
164855,,15,0,3,0,2017,4,19,7,2,6,4,1,0,1,0,0,0,0,6.8011E+20,5.779E+21,1.16316E+16,5.21321E+16
164856,,15,0,3,0,2017,4,17,7,3,4,2,1,1,0,0,0,0,0,6.83736E+20,5.77663E+21,1.16832E+16,5.21097E+16
164857,,15,0,3,0,2017,4,17,7,3,0,7,1,0,0,0,0,0,0,6.78861E+20,5.77976E+21,1.16137E+16,5.21394E+16
164858,,15,0,87,31,2017,3,10,6,3,5,3,0,1,0,0,0,0,0,6.73866E+20,5.72671E+21,1.15141E+16,5.16645E+16
164859,,15,0,87,370,2017,3,17,6,3,5,3,0,1,0,1,0,0,0,6.57928E+20,5.70435E+21,1.12738E+16,5.14683E+16
164860,,15,0,87,130,2017,3,14,6,3,5,3,0,1,0,0,0,0,0,6.76517E+20,5.7131E+21,1.15455E+16,5.15414E+16
164861,,15,0,87,130,2017,3,20,6,2,5,3,1,1,0,0,0,2,0,6.77234E+20,5.712E+21,1.15553E+16,5.15312E+16
164862,,15,0,2,0,2017,3,16,6,2,2,6,0,1,0,1,0,0,0,7.06939E+20,5.71135E+21,1.19826E+16,5.15153E+16
164863,,15,0,84,590,2017,3,18,6,3,3,6,1,0,0,0,0,0,0,7.19261E+20,5.65939E+21,1.2128E+16,5.10441E+16
164864,,15,0,84,590,2017,3,9,6,2,5,3,0,1,0,0,1,0,0,7.20882E+20,5.65914E+21,1.2151E+16,5.10413E+16
164865,,15,0,91,160,2017,3,11,6,3,7,7,1,0,0,0,0,0,0,7.54247E+20,5.74555E+21,1.26879E+16,5.18029E+16
164866,,15,0,91,375,2017,3,15,6,3,1,3,1,1,0,0,0,0,2,7.45232E+20,5.75431E+21,1.25637E+16,5.18856E+16
164867,,15,0,1,0,2017,3,17,6,2,7,7,1,0,0,0,0,0,0,7.23495E+20,5.75425E+21,1.22483E+16,5.18942E+16
164868,,15,0,82,15,2017,3,6,6,2,4,6,1,1,0,0,0,0,0,7.29762E+20,5.72589E+21,1.23205E+16,5.16371E+16
164869,,15,0,90,535,2017,3,13,6,3,2,6,0,1,0,0,0,0,0,6.92297E+20,5.83127E+21,1.18393E+16,5.25974E+16
164870,,15,0,90,546,2017,3,18,6,2,5,3,0,1,0,1,0,0,0,6.89916E+20,5.81339E+21,1.1794E+16,5.24376E+16
164871,,15,0,3,0,2017,3,7,6,3,5,3,1,1,0,0,0,0,0,6.79758E+20,5.78278E+21,1.16284E+16,5.21662E+16
164872,,15,0,85,135,2017,3,13,6,3,5,3,1,1,0,0,0,0,0,6.40672E+20,5.75049E+21,1.10441E+16,5.18874E+16
164873,,15,0,2,0,2017,3,7,5,3,6,4,1,1,1,0,0,0,0,7.0662E+20,5.70736E+21,1.19757E+16,5.14796E+16
164874,,15,0,84,550,2017,3,17,5,3,0,6,0,1,0,1,0,0,0,7.05609E+20,5.67653E+21,1.19433E+16,5.12031E+16
164875,,15,0,82,15,2017,3,14,5,3,5,2,1,1,0,0,0,0,0,7.29855E+20,5.72543E+21,1.23215E+16,5.16329E+16
164876,,15,0,82,15,2017,3,6,5,3,5,3,1,1,0,0,0,0,0,7.25809E+20,5.72853E+21,1.22652E+16,5.16623E+16
164877,,15,0,89,305,2017,3,17,5,3,0,7,1,0,0,0,1,0,0,6.86858E+20,5.76477E+21,1.17223E+16,5.20021E+16
164878,,15,0,3,0,2017,3,9,5,3,5,2,1,1,0,0,0,0,1,6.78779E+20,5.77936E+21,1.16123E+16,5.21358E+16
164879,,15,0,3,0,2017,3,10,5,3,5,2,0,1,0,0,1,0,0,6.8006E+20,5.77861E+21,1.16306E+16,5.21287E+16
164880,,15,0,86,15,2017,3,6,5,3,0,1,1,0,0,0,0,1,1,6.95166E+20,5.79459E+21,1.18602E+16,5.2267E+16
164881,,15,0,85,135,2017,3,17,5,3,0,7,1,0,0,0,0,0,0,6.41466E+20,5.75181E+21,1.10562E+16,5.18991E+16
164882,,15,0,88,195,2017,3,12,4,3,1,5,0,0,0,0,1,0,0,7.13345E+20,5.70821E+21,1.20729E+16,5.14848E+16
164883,,15,0,90,535,2017,3,8,4,3,5,3,1,1,0,0,0,0,0,6.93253E+20,5.83116E+21,1.18534E+16,5.2596E+16
164884,,15,0,89,305,2017,3,13,4,3,2,6,0,1,0,0,0,0,0,6.87549E+20,5.76608E+21,1.1733E+16,5.20137E+16
164885,,15,0,3,0,2017,3,17,4,3,0,1,1,0,0,0,0,0,1,6.80469E+20,5.77838E+21,1.16365E+16,5.21264E+16
164886,,15,0,88,220,2017,3,7,3,3,1,2,0,1,0,0,0,0,0,7.0831E+20,5.69392E+21,1.19921E+16,5.13583E+16
164887,,15,0,88,220,2017,3,10,3,3,5,3,0,1,0,0,0,0,0,7.08761E+20,5.69404E+21,1.19986E+16,5.13592E+16
164888,,15,0,2,0,2017,3,11,3,3,4,5,0,0,0,1,1,0,0,7.05974E+20,5.70782E+21,1.19666E+16,5.14839E+16
164889,,15,0,2,0,2017,3,15,3,2,3,5,0,1,0,1,0,0,0,7.05893E+20,5.70901E+21,1.19662E+16,5.14947E+16
164890,,15,0,84,550,2017,3,19,3,3,5,2,0,1,0,0,0,1,0,7.08383E+20,5.67602E+21,1.19827E+16,5.11975E+16
164891,,15,0,84,355,2017,3,7,3,2,6,4,0,1,1,0,0,0,0,6.9643E+20,5.67078E+21,1.18089E+16,5.11547E+16
164892,,15,0,82,430,2017,3,11,3,3,5,2,1,0,0,0,1,0,0,7.12208E+20,5.75954E+21,1.20878E+16,5.1946E+16
164893,,15,0,82,340,2017,3,17,3,3,5,3,1,0,0,1,0,0,0,7.24661E+20,5.72431E+21,1.22459E+16,5.16249E+16