OBJECTID,UIDENTSTLA,ULAND,UREGBEZ,UKREIS,UGEMEINDE,UJAHR,UMONAT,USTUNDE,UWOCHENTAG,UKATEGORIE,UART,UTYP1,IstRad,IstPKW,IstFuss,IstKrad,IstSonstig,LICHT,STRZUSTAND,LINREFX,LINREFY,XGCSWGS84,YGCSWGS84
165274,,15,0,2,0,2017,4,4,2,3,3,2,0,1,0,0,0,2,1,7.05588E+20,5.70667E+21,1.19604E+16,5.14738E+16
165275,,15,0,2,0,2017,4,19,2,3,7,7,0,1,0,0,0,0,0,7.06818E+20,5.70851E+21,1.19792E+16,5.14899E+16
165276,,15,0,2,0,2017,4,4,2,3,9,1,0,1,0,0,0,2,1,7.05404E+20,5.70607E+21,1.19574E+16,5.14685E+16
165277,,15,0,2,0,2017,4,14,2,3,4,2,0,1,0,0,0,0,1,7.07916E+20,5.70786E+21,1.19946E+16,5.14836E+16
165278,,15,0,90,535,2017,4,20,2,3,5,3,1,1,0,0,0,1,1,6.93218E+20,5.83211E+21,1.18534E+16,5.26046E+16
165279,,15,0,3,0,2017,4,17,2,3,5,3,1,1,0,0,0,0,1,6.80322E+20,5.77944E+21,1.16349E+16,5.2136E+16
165280,,15,0,88,220,2017,4,14,1,3,5,3,1,1,0,0,0,0,0,7.07392E+20,5.69262E+21,1.19781E+16,5.13469E+16
165281,,15,0,84,550,2017,4,16,1,2,5,3,0,1,0,1,0,0,0,7.05788E+20,5.67606E+21,1.19456E+16,5.11988E+16
165282,,15,0,3,0,2017,4,22,1,2,1,7,0,1,0,0,0,2,1,6.79797E+20,5.78382E+21,1.16295E+16,5.21755E+16
165283,,15,0,3,0,2017,4,22,1,2,1,5,0,1,0,0,1,2,1,6.79897E+20,5.78333E+21,1.16307E+16,5.21711E+16
165284,,15,0,81,455,2017,4,15,1,3,3,2,1,1,0,0,0,0,0,6.45348E+20,5.85777E+21,1.11585E+16,5.28501E+16
165285,,15,0,91,145,2017,4,11,7,3,1,5,0,1,0,0,0,0,1,7.73328E+20,5.74607E+21,1.29644E+16,5.17986E+16
165286,,15,0,1,0,2017,4,10,7,3,6,4,0,1,1,0,0,0,1,7.23415E+20,5.7468E+21,1.22423E+16,5.18273E+16
165287,,15,0,90,520,2017,4,10,7,3,6,7,1,0,1,0,0,0,1,6.85207E+20,5.86352E+21,1.1753E+16,5.28895E+16
165288,,15,0,90,550,2017,4,11,7,3,5,2,0,1,0,0,1,0,1,7.00567E+20,5.82637E+21,1.19583E+16,5.25504E+16
165289,,15,0,89,30,2017,4,9,7,3,5,3,0,1,0,0,0,0,0,6.89019E+20,5.74152E+21,1.17409E+16,5.17925E+16
165290,,15,0,2,0,2017,4,10,6,3,2,6,0,1,0,0,0,0,0,7.01934E+20,5.71061E+21,1.19101E+16,5.15105E+16
165291,,15,0,2,0,2017,4,13,6,3,4,7,1,1,0,0,0,0,0,7.06313E+20,5.70811E+21,1.19717E+16,5.14864E+16
165292,,15,0,84,355,2017,4,12,6,3,4,6,0,1,0,0,0,0,0,6.94838E+20,5.66959E+21,1.17856E+16,5.11446E+16
165293,,15,0,84,550,2017,4,10,6,2,5,2,0,1,0,0,1,0,0,7.0867E+20,5.67631E+21,1.19869E+16,5.12E+16
165294,,15,0,91,375,2017,4,12,6,3,1,5,0,1,0,1,0,0,0,7.50066E+20,5.75242E+21,1.26324E+16,5.18665E+16
165295,,15,0,90,535,2017,4,13,6,3,6,4,0,1,1,0,0,0,0,6.92817E+20,5.83211E+21,1.18475E+16,5.26047E+16
165296,,15,0,3,0,2017,4,13,6,3,8,7,0,0,0,1,0,0,0,6.76726E+20,5.78158E+21,1.15835E+16,5.21564E+16
165297,,15,0,86,15,2017,4,8,6,2,6,6,0,0,1,0,1,0,0,6.95213E+20,5.79587E+21,1.18617E+16,5.22785E+16
165298,,15,0,88,235,2017,4,15,5,3,0,1,0,0,0,1,0,0,0,6.98759E+20,5.68314E+21,1.18491E+16,5.12649E+16
165299,,15,0,88,220,2017,4,15,5,3,0,3,1,1,0,0,0,0,0,7.08095E+20,5.69175E+21,1.19877E+16,5.13389E+16
165300,,15,0,2,0,2017,4,4,5,2,6,4,0,0,1,0,1,2,1,7.06239E+20,5.70674E+21,1.19698E+16,5.14742E+16
165301,,15,0,2,0,2017,4,7,5,3,3,5,0,1,0,0,1,0,1,7.05959E+20,5.70983E+21,1.19676E+16,5.1502E+16
165302,,15,0,91,110,2017,4,22,5,3,0,1,0,1,0,0,0,2,0,7.3845E+20,5.73658E+21,1.24531E+16,5.17294E+16
165303,,15,0,3,0,2017,4,16,5,3,4,6,1,0,0,0,0,0,0,6.79647E+20,5.77762E+21,1.16241E+16,5.21199E+16
165304,,15,0,85,370,2017,4,16,5,3,2,2,0,1,0,0,0,0,0,6.23938E+20,5.74466E+21,1.0799E+16,5.18389E+16
165305,,15,0,81,280,2017,4,6,5,3,1,5,0,1,0,0,0,1,0,6.45701E+20,5.83525E+21,1.11537E+16,5.26476E+16
165306,,15,0,81,455,2017,4,14,5,3,0,5,1,1,0,0,0,0,0,6.45332E+20,5.8579E+21,1.11583E+16,5.28512E+16
165307,,15,0,88,220,2017,4,7,4,3,5,3,0,1,0,0,0,0,1,7.08176E+20,5.69339E+21,1.19898E+16,5.13536E+16
165308,,15,0,87,370,2017,4,8,4,3,5,3,0,1,0,0,1,0,0,6.59444E+20,5.70352E+21,1.12952E+16,5.14604E+16
165309,,15,0,2,0,2017,4,19,4,3,6,2,0,1,1,0,0,1,1,7.0647E+20,5.70482E+21,1.1972E+16,5.14569E+16
165310,,15,0,90,220,2017,4,7,4,3,5,3,0,1,0,0,1,0,0,7.0034E+20,5.8365E+21,1.19611E+16,5.26414E+16
165311,,15,0,89,305,2017,4,18,4,3,1,5,1,1,0,0,0,0,0,6.86841E+20,5.76658E+21,1.1723E+16,5.20183E+16
165312,,15,0,89,305,2017,4,7,4,3,5,3,0,1,0,0,0,0,0,6.86225E+20,5.76775E+21,1.17147E+16,5.20291E+16
165313,,15,0,3,0,2017,4,12,4,3,3,6,0,1,0,0,0,0,0,6.80605E+20,5.77973E+21,1.16392E+16,5.21385E+16
165314,,15,0,85,330,2017,4,10,4,3,0,3,0,1,0,1,0,0,0,6.44007E+20,5.73658E+21,1.10867E+16,5.17615E+16
165315,,15,0,81,135,2017,4,15,4,3,5,3,1,1,0,0,0,0,0,6.62617E+20,5.82155E+21,1.13968E+16,5.25198E+16
165316,,15,0,88,305,2017,4,11,3,3,5,3,0,1,0,0,0,0,0,6.80962E+20,5.69548E+21,1.16005E+16,5.13817E+16
165317,,15,0,88,20,2017,4,10,3,3,6,7,0,1,1,0,0,0,0,7.14155E+20,5.68817E+21,1.20724E+16,5.13045E+16
165318,,15,0,84,550,2017,4,10,3,3,0,7,0,1,0,0,0,0,0,7.0754E+20,5.67567E+21,1.19704E+16,5.11947E+16
165319,,15,0,90,535,2017,4,14,3,3,0,1,0,0,0,1,0,0,0,6.93458E+20,5.83324E+21,1.18576E+16,5.26147E+16
165320,,15,0,89,75,2017,4,9,3,3,5,3,1,1,0,0,0,0,0,6.67246E+20,5.75767E+21,1.14334E+16,5.19446E+16
165321,,15,0,3,0,2017,4,17,3,3,5,3,1,1,0,0,0,0,0,6.80072E+20,5.77865E+21,1.16308E+16,5.2129E+16
165322,,15,0,3,0,2017,4,4,3,3,5,3,0,1,0,0,0,2,0,6.78405E+20,5.77797E+21,1.16061E+16,5.21234E+16
165323,,15,0,3,0,2017,4,7,3,3,3,6,1,1,0,0,0,0,0,6.79099E+20,5.7787E+21,1.16166E+16,5.21297E+16
165324,,15,0,2,0,2017,4,10,2,3,5,3,1,1,0,0,0,0,0,7.06446E+20,5.70795E+21,1.19735E+16,5.1485E+16
165325,,15,0,2,0,2017,4,18,2,3,5,3,1,0,0,0,0,0,0,7.0464E+20,5.70883E+21,1.1948E+16,5.14935E+16
165326,,15,0,84,550,2017,4,11,2,3,6,7,0,1,1,0,0,0,0,7.08351E+20,5.67633E+21,1.19824E+16,5.12003E+16
165327,,15,0,91,145,2017,4,13,2,3,5,3,0,1,0,1,0,0,0,7.23443E+20,5.74504E+21,1.22416E+16,5.18115E+16
165328,,15,0,1,0,2017,4,15,2,3,1,5,1,1,0,0,0,0,0,7.23627E+20,5.74793E+21,1.22461E+16,5.18373E+16
165329,,15,0,1,0,2017,4,16,2,3,5,2,0,1,0,1,0,0,0,7.2179E+20,5.74553E+21,1.2218E+16,5.18166E+16
165330,,15,0,82,15,2017,4,16,2,3,4,5,1,1,0,0,0,0,0,7.29838E+20,5.72548E+21,1.23213E+16,5.16333E+16
165331,,15,0,82,15,2017,4,15,2,2,9,6,0,1,0,0,0,0,0,7.2534E+20,5.7289E+21,1.22586E+16,5.16658E+16
165332,,15,0,82,180,2017,4,9,2,3,5,3,0,1,0,0,1,0,0,7.05556E+20,5.7373E+21,1.19779E+16,5.17488E+16
165333,,15,0,90,535,2017,4,10,2,3,5,3,0,1,0,0,0,0,0,6.92454E+20,5.83099E+21,1.18415E+16,5.25948E+16
165334,,15,0,3,0,2017,4,14,2,3,5,3,1,1,0,0,0,0,0,6.79494E+20,5.77522E+21,1.16206E+16,5.20984E+16
165335,,15,0,89,305,2017,4,14,2,2,5,3,1,1,0,0,0,0,0,6.86387E+20,5.76666E+21,1.17164E+16,5.20192E+16
165336,,15,0,3,0,2017,4,15,2,2,1,4,0,1,1,0,0,0,0,6.80582E+20,5.78079E+21,1.16394E+16,5.21481E+16
165337,,15,0,3,0,2017,4,19,2,3,5,3,1,1,0,0,0,0,0,6.78989E+20,5.77721E+21,1.16142E+16,5.21164E+16
165338,,15,0,86,40,2017,4,8,2,3,5,5,1,1,0,0,0,0,0,7.15359E+20,5.81087E+21,1.21661E+16,5.24056E+16
165339,,15,0,85,370,2017,4,8,2,3,9,2,0,1,0,0,0,0,0,6.24546E+20,5.74606E+21,1.08083E+16,5.18514E+16
165340,,15,0,88,220,2017,4,19,1,3,5,3,0,1,0,1,0,0,0,7.08384E+20,5.69349E+21,1.19929E+16,5.13544E+16
165341,,15,0,2,0,2017,4,11,1,3,5,2,0,1,0,1,0,0,0,7.05258E+20,5.71108E+21,1.19582E+16,5.15135E+16
165342,,15,0,2,0,2017,4,19,1,3,5,3,1,1,0,0,0,0,0,7.07253E+20,5.70484E+21,1.19833E+16,5.14567E+16
165343,,15,0,2,0,2017,4,16,1,3,5,3,1,1,0,0,0,0,0,7.05138E+20,5.70985E+21,1.19558E+16,5.15025E+16
165344,,15,0,2,0,2017,4,14,1,3,6,4,0,1,1,0,0,0,0,7.06349E+20,5.70481E+21,1.19703E+16,5.14568E+16
165345,,15,0,2,0,2017,4,19,1,3,8,5,1,1,0,0,0,0,0,7.03349E+20,5.70586E+21,1.19278E+16,5.14673E+16
165346,,15,0,2,0,2017,4,10,1,3,5,2,0,1,0,0,0,0,0,7.02964E+20,5.71045E+21,1.19249E+16,5.15087E+16
165347,,15,0,91,375,2017,4,16,1,2,6,6,1,0,1,0,0,0,0,7.47406E+20,5.75252E+21,1.25939E+16,5.18685E+16
165348,,15,0,1,0,2017,4,18,1,3,6,5,0,1,1,0,0,0,0,7.23701E+20,5.74291E+21,1.2244E+16,5.17923E+16
165349,,15,0,89,30,2017,4,2,1,3,5,3,0,1,0,0,0,2,0,6.89549E+20,5.74129E+21,1.17485E+16,5.17903E+16
165350,,15,0,3,0,2017,4,13,1,3,6,4,0,1,1,0,0,0,0,6.7906E+20,5.78441E+21,1.16191E+16,5.21811E+16
165351,,15,0,3,0,2017,4,18,1,3,5,2,1,1,0,0,0,0,0,6.80609E+20,5.7798E+21,1.16393E+16,5.21391E+16
165352,,15,0,3,0,2017,4,15,1,3,0,7,1,1,0,0,0,0,0,6.8222E+20,5.77734E+21,1.16615E+16,5.21165E+16
165353,,15,0,2,0,2017,4,16,7,3,1,7,0,1,0,0,0,0,0,7.02521E+20,5.70716E+21,1.19166E+16,5.14792E+16
165354,,15,0,84,550,2017,4,12,7,2,5,3,0,1,0,0,0,0,0,7.07733E+20,5.67616E+21,1.19735E+16,5.1199E+16
165355,,15,0,91,375,2017,4,8,7,2,0,6,1,0,1,0,0,0,0,7.52583E+20,5.75439E+21,1.26703E+16,5.1883E+16
165356,,15,0,91,375,2017,4,12,7,2,0,1,1,0,0,0,0,0,0,7.52238E+20,5.75384E+21,1.26649E+16,5.18782E+16
165357,,15,0,3,0,2017,4,19,7,2,6,4,0,1,1,0,0,0,0,6.80413E+20,5.78148E+21,1.16373E+16,5.21543E+16
165358,,15,0,3,0,2017,4,16,7,3,6,4,0,1,1,0,0,0,0,6.78424E+20,5.77673E+21,1.16058E+16,5.21123E+16
165359,,15,0,2,0,2017,4,17,6,3,1,5,1,1,0,0,0,0,0,7.05937E+20,5.7081E+21,1.19663E+16,5.14865E+16
165360,,15,0,3,0,2017,4,14,6,3,5,3,0,1,0,0,0,0,0,6.78041E+20,5.78183E+21,1.16029E+16,5.21582E+16
165361,,15,0,3,0,2017,4,15,6,3,5,3,1,1,0,0,0,0,0,6.76421E+20,5.78152E+21,1.1579E+16,5.21559E+16
165362,,15,0,3,0,2017,4,14,6,3,5,3,0,1,0,0,0,0,0,6.80899E+20,5.77602E+21,1.16415E+16,5.21051E+16
165363,,15,0,3,0,2017,4,10,6,3,6,4,0,1,1,0,0,0,0,6.78891E+20,5.77935E+21,1.16139E+16,5.21357E+16
165364,,15,0,3,0,2017,4,23,6,3,5,3,1,1,0,0,0,2,0,6.79827E+20,5.77768E+21,1.16267E+16,5.21204E+16
165365,,15,0,86,15,2017,4,7,6,3,6,4,0,1,1,0,0,0,0,6.94325E+20,5.79462E+21,1.18479E+16,5.22675E+16
165366,,15,0,85,235,2017,4,16,6,2,9,7,0,1,0,0,0,0,0,6.47213E+20,5.73834E+21,1.11339E+16,5.17765E+16
165367,,15,0,85,135,2017,4,12,6,3,6,4,0,1,1,0,0,0,0,6.41028E+20,5.75058E+21,1.10493E+16,5.18881E+16
165368,,15,0,88,205,2017,4,16,5,3,3,7,0,1,0,0,0,0,0,7.21559E+20,5.69328E+21,1.21817E+16,5.13475E+16
165369,,15,0,2,0,2017,4,12,5,3,5,3,0,1,0,0,0,0,0,7.05735E+20,5.70413E+21,1.19611E+16,5.14509E+16
165370,,15,0,2,0,2017,4,16,5,3,5,3,1,1,0,0,0,0,0,7.05742E+20,5.70888E+21,1.19639E+16,5.14936E+16
165371,,15,0,2,0,2017,4,14,5,3,5,3,1,1,0,0,0,0,0,7.05535E+20,5.71074E+21,1.1962E+16,5.15104E+16
165372,,15,0,91,375,2017,4,9,5,3,2,2,0,1,0,0,0,0,0,7.47663E+20,5.75329E+21,1.25982E+16,5.18753E+16
165373,,15,0,1,0,2017,4,16,5,3,4,6,1,1,0,1,0,0,0,7.2324E+20,5.74667E+21,1.22397E+16,5.18261E+16
165374,,15,0,1,0,2017,4,7,5,3,2,2,0,1,0,0,0,0,0,7.20611E+20,5.74705E+21,1.22019E+16,5.18306E+16
165375,,15,0,82,430,2017,4,16,5,3,5,3,1,1,0,0,0,0,0,7.1303E+20,5.76963E+21,1.2106E+16,5.20363E+16
165376,,15,0,82,430,2017,4,9,5,2,0,3,1,0,0,0,0,0,0,7.11952E+20,5.76157E+21,1.20853E+16,5.19644E+16
165377,,15,0,82,15,2017,4,12,5,3,2,6,0,0,0,0,1,0,0,7.27408E+20,5.72702E+21,1.22873E+16,5.16481E+16
165378,,15,0,90,415,2017,4,14,5,2,0,7,1,0,0,0,0,0,0,6.85884E+20,5.85225E+21,1.17566E+16,5.2788E+16
165379,,15,0,89,310,2017,4,5,5,3,5,3,0,1,0,0,1,1,0,6.78771E+20,5.74833E+21,1.1596E+16,5.18571E+16
165380,,15,0,89,30,2017,4,15,5,3,5,3,1,1,0,0,0,0,0,6.88854E+20,5.73969E+21,1.17376E+16,5.17762E+16
165381,,15,0,3,0,2017,4,20,5,3,2,6,0,1,0,0,0,1,0,6.79183E+20,5.77732E+21,1.16171E+16,5.21174E+16
165382,,15,0,86,40,2017,4,14,5,2,3,6,1,1,0,0,0,0,0,7.14631E+20,5.80998E+21,1.21549E+16,5.23979E+16
165383,,15,0,85,228,2017,4,16,5,2,6,4,0,1,1,0,0,0,0,6.1901E+20,5.72546E+21,1.07209E+16,5.16675E+16
165384,,15,0,88,205,2017,4,14,4,3,5,3,0,1,0,0,0,0,0,7.10108E+20,5.68993E+21,1.20155E+16,5.13218E+16
165385,,15,0,2,0,2017,4,11,4,3,2,6,0,1,0,0,0,0,0,7.05892E+20,5.70214E+21,1.19622E+16,5.1433E+16
165386,,15,0,2,0,2017,4,7,4,3,2,6,0,1,0,0,0,0,0,7.05392E+20,5.71015E+21,1.19596E+16,5.15051E+16
165387,,15,0,2,0,2017,4,10,4,3,5,2,1,1,0,0,0,0,0,7.02203E+20,5.70712E+21,1.1912E+16,5.14791E+16
165388,,15,0,91,241,2017,4,15,4,2,5,1,1,1,0,0,0,0,0,7.34605E+20,5.74399E+21,1.24025E+16,5.17975E+16
165389,,15,0,82,430,2017,4,13,4,3,1,5,1,1,0,0,0,0,0,7.11562E+20,5.76027E+21,1.20788E+16,5.19528E+16
165390,,15,0,82,180,2017,4,14,4,2,2,6,0,1,0,0,0,0,0,7.06109E+20,5.73801E+21,1.19863E+16,5.1755E+16
165391,,15,0,90,535,2017,4,9,4,2,2,6,1,1,0,0,0,0,0,6.92407E+20,5.8316E+21,1.18412E+16,5.26003E+16
165392,,15,0,3,0,2017,4,7,4,3,5,3,0,1,0,0,0,0,0,6.80688E+20,5.77881E+21,1.16399E+16,5.21303E+16
165393,,15,0,3,0,2017,4,9,4,3,5,3,0,1,0,0,0,0,0,6.7648E+20,5.77446E+21,1.15762E+16,5.20925E+16
165394,,15,0,3,0,2017,4,20,4,3,0,2,1,1,0,0,0,2,0,6.80324E+20,5.78179E+21,1.16362E+16,5.21571E+16
165395,,15,0,3,0,2017,4,10,4,3,5,3,0,1,0,0,0,0,0,6.76789E+20,5.78054E+21,1.15839E+16,5.21471E+16
165396,,15,0,83,565,2017,4,11,4,3,9,1,0,1,0,0,0,0,0,6.78453E+20,5.78969E+21,1.1613E+16,5.22287E+16
165397,,15,0,81,455,2017,4,14,4,3,5,3,1,1,0,0,0,0,0,6.45646E+20,5.85773E+21,1.11629E+16,5.28496E+16
165398,,15,0,88,205,2017,4,16,3,3,5,3,0,1,0,0,0,0,0,7.10681E+20,5.68988E+21,1.20237E+16,5.13211E+16
165399,,15,0,2,0,2017,4,21,3,3,0,4,0,0,1,0,1,1,0,7.02975E+20,5.70613E+21,1.19225E+16,5.14699E+16
165400,,15,0,81,455,2017,4,13,3,3,1,3,1,0,0,0,1,0,0,6.44694E+20,5.85798E+21,1.11489E+16,5.28521E+16
165401,,15,0,81,455,2017,4,17,3,3,5,3,0,1,0,0,0,0,0,6.4586E+20,5.85795E+21,1.11662E+16,5.28515E+16
165402,,15,0,88,220,2017,4,10,2,3,5,3,1,1,0,0,0,0,0,7.08095E+20,5.69338E+21,1.19887E+16,5.13535E+16
165403,,15,0,87,370,2017,4,7,2,3,1,6,0,1,0,0,0,0,0,6.59401E+20,5.70367E+21,1.12946E+16,5.14617E+16
165404,,15,0,87,55,2017,4,12,2,2,2,6,1,1,0,0,0,0,0,6.39147E+20,5.70248E+21,1.10028E+16,5.14564E+16
165405,,15,0,2,0,2017,4,16,2,3,5,5,0,1,0,0,0,0,0,7.0111E+20,5.70675E+21,1.18961E+16,5.14761E+16
165406,,15,0,84,590,2017,4,13,2,3,4,6,1,1,0,0,0,0,0,7.20185E+20,5.66176E+21,1.21426E+16,5.1065E+16
165407,,15,0,91,145,2017,4,14,2,2,6,7,0,0,1,0,1,0,0,7.73216E+20,5.74585E+21,1.29626E+16,5.17966E+16
165408,,15,0,1,0,2017,4,8,2,2,6,4,0,1,1,0,0,0,0,7.2377E+20,5.74791E+21,1.22482E+16,5.18371E+16
165409,,15,0,3,0,2017,4,15,2,3,5,3,1,1,0,0,0,0,0,6.80322E+20,5.77944E+21,1.16349E+16,5.2136E+16
165410,,15,0,3,0,2017,4,16,2,2,6,4,0,1,1,0,0,0,0,6.78457E+20,5.77748E+21,1.16066E+16,5.2119E+16
165411,,15,0,88,220,2017,4,18,1,2,4,2,0,1,0,0,0,0,0,7.077E+20,5.69536E+21,1.19842E+16,5.13715E+16
165412,,15,0,2,0,2017,4,11,1,3,0,1,0,0,0,1,0,0,0,7.05774E+20,5.70479E+21,1.1962E+16,5.14568E+16
165413,,15,0,83,490,2017,4,13,1,3,4,6,0,1,0,1,0,0,0,6.73595E+20,5.76786E+21,1.15308E+16,5.20342E+16
165414,,15,0,83,270,2017,4,13,1,2,2,6,1,0,0,0,1,0,0,6.64829E+20,5.79497E+21,1.14163E+16,5.22803E+16
165415,,15,0,85,40,2017,6,9,5,3,5,3,1,1,0,0,0,0,0,6.55192E+20,5.73243E+21,1.12468E+16,5.17213E+16
165416,,15,0,90,70,2017,6,10,6,3,5,3,0,1,0,0,0,0,0,6.65662E+20,5.83394E+21,1.14478E+16,5.26301E+16
165417,,15,0,90,535,2017,6,11,6,1,6,2,0,0,1,0,1,0,0,6.93678E+20,5.8323E+21,1.18603E+16,5.26061E+16
165418,,15,0,89,15,2017,6,16,6,3,5,7,0,1,0,1,0,0,0,6.69244E+20,5.73691E+21,1.14522E+16,5.17575E+16
165419,,15,0,3,0,2017,6,14,6,2,0,7,0,0,0,1,0,0,0,6.78221E+20,5.77747E+21,1.16032E+16,5.2119E+16
165420,,15,0,3,0,2017,6,14,6,3,0,4,0,0,1,0,1,0,0,6.79408E+20,5.77647E+21,1.162E+16,5.21096E+16
165421,,15,0,86,15,2017,6,10,6,3,3,5,1,1,0,0,0,0,0,6.94621E+20,5.79516E+21,1.18526E+16,5.22723E+16
165422,,15,0,88,220,2017,6,10,5,3,5,2,1,1,0,0,0,0,0,7.0755E+20,5.69388E+21,1.19811E+16,5.13582E+16
165423,,15,0,2,0,2017,6,16,5,3,2,2,0,1,0,0,0,0,0,7.04761E+20,5.70503E+21,1.19476E+16,5.14593E+16
165424,,15,0,2,0,2017,6,14,5,3,2,2,0,1,0,0,0,0,0,7.06652E+20,5.70855E+21,1.19768E+16,5.14903E+16
165425,,15,0,2,0,2017,6,15,5,3,6,4,1,1,1,0,0,0,0,7.05907E+20,5.70834E+21,1.1966E+16,5.14886E+16
165426,,15,0,84,550,2017,6,11,5,3,0,5,0,1,0,0,0,0,0,7.05678E+20,5.67605E+21,1.1944E+16,5.11988E+16
165427,,15,0,91,375,2017,6,8,5,2,5,3,1,1,0,0,0,0,0,7.52347E+20,5.75406E+21,1.26666E+16,5.18801E+16
165428,,15,0,91,20,2017,6,12,5,3,5,3,1,1,0,0,0,0,0,7.58161E+20,5.73237E+21,1.27348E+16,5.16828E+16
165429,,15,0,1,0,2017,6,9,5,3,5,3,1,1,0,0,0,0,0,7.18614E+20,5.74811E+21,1.21736E+16,5.18409E+16
165430,,15,0,82,15,2017,6,15,5,3,6,4,0,1,1,0,0,0,0,7.25191E+20,5.72908E+21,1.22566E+16,5.16675E+16
165431,,15,0,3,0,2017,6,21,5,3,5,3,1,0,0,0,1,0,0,6.79603E+20,5.77369E+21,1.16214E+16,5.20846E+16
165432,,15,0,3,0,2017,6,9,5,2,5,6,0,1,0,1,0,0,0,6.80118E+20,5.77882E+21,1.16316E+16,5.21306E+16
165433,,15,0,3,0,2017,6,10,5,3,1,7,1,1,0,0,0,0,0,6.7995E+20,5.77658E+21,1.16279E+16,5.21104E+16
165434,,15,0,81,135,2017,6,10,5,2,5,3,1,1,0,0,0,0,0,6.62855E+20,5.82247E+21,1.14008E+16,5.2528E+16
165435,,15,0,3,0,2017,6,15,5,3,5,2,1,1,0,0,0,0,0,6.80215E+20,5.78222E+21,1.16348E+16,5.2161E+16
165436,,15,0,3,0,2017,6,17,5,3,4,2,1,1,0,0,0,0,0,6.7994E+20,5.77636E+21,1.16277E+16,5.21085E+16
165437,,15,0,3,0,2017,6,16,5,2,0,2,0,1,0,1,0,0,0,6.77117E+20,5.77344E+21,1.1585E+16,5.20832E+16
165438,,15,0,3,0,2017,6,15,5,3,1,6,0,1,0,0,0,0,0,6.81965E+20,5.77455E+21,1.16563E+16,5.20916E+16
165439,,15,0,3,0,2017,6,19,5,3,4,6,1,0,0,0,0,0,0,6.82715E+20,5.78596E+21,1.16733E+16,5.21938E+16
165440,,15,0,85,370,2017,6,16,5,3,3,2,0,1,0,1,0,0,0,6.23383E+20,5.74471E+21,1.07909E+16,5.18395E+16
165441,,15,0,85,55,2017,6,8,5,3,2,6,0,1,0,0,0,0,0,6.3568E+20,5.74014E+21,1.09675E+16,5.17956E+16
165442,,15,0,3,0,2017,6,8,5,3,3,6,0,1,0,0,0,0,0,6.7947E+20,5.77753E+21,1.16214E+16,5.21192E+16
165443,,15,0,88,220,2017,5,17,4,3,2,6,0,1,0,0,1,0,0,7.08212E+20,5.69444E+21,1.1991E+16,5.1363E+16
165444,,15,0,2,0,2017,5,20,4,3,5,3,1,1,0,0,0,0,0,7.01907E+20,5.71099E+21,1.191E+16,5.15139E+16
165445,,15,0,2,0,2017,5,10,4,3,0,7,0,1,0,0,1,0,0,7.05895E+20,5.70926E+21,1.19663E+16,5.14969E+16
165446,,15,0,84,550,2017,5,17,4,3,1,6,0,1,0,1,0,0,0,7.04088E+20,5.677E+21,1.19218E+16,5.12079E+16
165447,,15,0,84,355,2017,5,17,4,2,5,2,0,1,0,0,0,0,0,6.96111E+20,5.67119E+21,1.18046E+16,5.11585E+16
165448,,15,0,84,550,2017,5,10,4,3,1,6,0,1,0,0,0,0,0,7.07112E+20,5.67771E+21,1.19655E+16,5.12132E+16
165449,,15,0,91,375,2017,5,17,4,3,6,7,0,1,1,0,0,0,0,7.51668E+20,5.75368E+21,1.26565E+16,5.1877E+16
165450,,15,0,1,0,2017,5,17,4,3,5,3,1,1,0,0,0,0,0,7.23429E+20,5.74646E+21,1.22423E+16,5.18243E+16
165451,,15,0,1,0,2017,5,8,4,2,5,3,1,1,0,0,0,0,0,7.24103E+20,5.74274E+21,1.22497E+16,5.17905E+16
165452,,15,0,89,30,2017,5,10,4,3,0,7,1,1,0,0,0,0,0,6.8961E+20,5.7407E+21,1.17491E+16,5.1785E+16
165453,,15,0,3,0,2017,5,20,4,3,0,2,1,1,0,0,0,0,0,6.79672E+20,5.78428E+21,1.1628E+16,5.21797E+16
165454,,15,0,3,0,2017,5,20,4,3,5,2,1,1,0,0,0,0,0,6.78512E+20,5.77938E+21,1.16084E+16,5.2136E+16
165455,,15,0,3,0,2017,5,13,4,2,5,2,0,1,0,0,0,0,0,6.77742E+20,5.7775E+21,1.15962E+16,5.21194E+16
165456,,15,0,3,0,2017,5,15,4,2,5,3,1,1,0,0,0,0,0,6.76557E+20,5.77523E+21,1.15777E+16,5.20995E+16
165457,,15,0,85,370,2017,5,9,4,3,5,3,0,1,0,0,1,0,0,6.22126E+20,5.7454E+21,1.07729E+16,5.18461E+16
165458,,15,0,85,135,2017,5,15,4,3,0,1,1,0,0,0,0,0,0,6.41492E+20,5.75125E+21,1.10563E+16,5.1894E+16
165459,,15,0,87,130,2017,5,9,3,3,5,2,1,1,0,0,0,0,0,6.78158E+20,5.71E+21,1.15676E+16,5.1513E+16
165460,,15,0,2,0,2017,5,13,3,2,5,3,1,1,0,0,0,0,0,7.06893E+20,5.70256E+21,1.19768E+16,5.14364E+16
165461,,15,0,91,375,2017,5,17,3,3,0,1,1,0,0,0,0,0,0,7.49851E+20,5.75273E+21,1.26295E+16,5.18693E+16
165462,,15,0,1,0,2017,5,12,3,3,6,1,1,0,1,0,0,0,0,7.23658E+20,5.74838E+21,1.22469E+16,5.18414E+16
165463,,15,0,82,340,2017,5,17,3,3,5,3,0,1,0,0,0,0,0,7.26673E+20,5.71937E+21,1.22717E+16,5.15798E+16
165464,,15,0,82,180,2017,5,7,3,2,5,3,1,1,0,0,0,0,0,7.05138E+20,5.73717E+21,1.19718E+16,5.17478E+16