OBJECTID,UIDENTSTLA,ULAND,UREGBEZ,UKREIS,UGEMEINDE,UJAHR,UMONAT,USTUNDE,UWOCHENTAG,UKATEGORIE,UART,UTYP1,IstRad,IstPKW,IstFuss,IstKrad,IstSonstig,LICHT,STRZUSTAND,LINREFX,LINREFY,XGCSWGS84,YGCSWGS84
166226,,15,0,81,135,2017,7,20,5,3,5,3,0,1,0,0,1,0,0,6.62844E+20,5.82093E+21,1.13998E+16,5.25142E+16
166227,,15,0,88,220,2017,7,13,4,3,6,2,0,1,1,0,0,0,1,7.07569E+20,5.69388E+21,1.19814E+16,5.13582E+16
166228,,15,0,87,220,2017,7,8,4,3,5,3,0,1,0,0,0,0,0,6.72056E+20,5.72411E+21,1.14866E+16,5.16416E+16
166229,,15,0,2,0,2017,7,14,4,3,2,6,0,1,0,0,0,0,1,7.04536E+20,5.70797E+21,1.1946E+16,5.14858E+16
166230,,15,0,2,0,2017,7,14,4,3,5,3,1,1,0,0,0,0,1,7.04343E+20,5.7097E+21,1.19443E+16,5.15014E+16
166231,,15,0,2,0,2017,7,8,4,3,2,2,0,1,0,0,0,0,0,7.01839E+20,5.70617E+21,1.19062E+16,5.14706E+16
166232,,15,0,3,0,2017,7,12,4,3,6,6,1,0,1,0,0,0,1,6.79235E+20,5.77896E+21,1.16188E+16,5.2132E+16
166233,,15,0,84,550,2017,7,11,4,3,1,6,0,1,0,0,0,0,0,7.07218E+20,5.67675E+21,1.19664E+16,5.12045E+16
166234,,15,0,3,0,2017,7,18,4,3,6,4,0,1,1,0,0,0,0,6.76382E+20,5.77925E+21,1.15773E+16,5.21356E+16
166235,,15,0,3,0,2017,7,9,4,3,8,1,0,1,0,0,0,0,1,6.78992E+20,5.77721E+21,1.16143E+16,5.21164E+16
166236,,15,0,3,0,2017,7,10,4,3,5,3,0,1,0,0,0,0,1,6.80023E+20,5.77816E+21,1.16298E+16,5.21246E+16
166237,,15,0,85,55,2017,7,13,4,3,5,2,0,1,0,0,0,0,1,6.35048E+20,5.74019E+21,1.09584E+16,5.17963E+16
166238,,15,0,2,0,2017,7,16,3,3,2,6,1,0,0,0,0,0,0,7.05773E+20,5.70738E+21,1.19635E+16,5.14801E+16
166239,,15,0,2,0,2017,7,9,3,3,5,3,1,0,0,0,1,0,0,7.05887E+20,5.70768E+21,1.19653E+16,5.14827E+16
166240,,15,0,2,0,2017,7,12,3,3,6,4,0,1,1,0,0,0,0,7.04825E+20,5.70312E+21,1.19474E+16,5.14422E+16
166241,,15,0,84,360,2017,7,14,3,3,6,4,0,1,1,0,0,0,0,6.80241E+20,5.68499E+21,1.15848E+16,5.12877E+16
166242,,15,0,91,391,2017,7,14,3,2,0,7,1,0,0,0,0,0,0,7.62755E+20,5.74925E+21,1.28138E+16,5.18321E+16
166243,,15,0,1,0,2017,7,15,3,3,0,1,0,0,0,1,0,0,1,7.21559E+20,5.74664E+21,1.22153E+16,5.18266E+16
166244,,15,0,82,180,2017,7,14,3,3,5,5,1,1,0,0,0,0,0,7.05078E+20,5.73742E+21,1.19711E+16,5.17501E+16
166245,,15,0,90,535,2017,7,9,3,3,5,3,0,1,0,0,0,0,0,6.94095E+20,5.83209E+21,1.18663E+16,5.26041E+16
166246,,15,0,3,0,2017,7,6,3,3,5,2,1,1,0,0,0,0,1,6.78279E+20,5.77569E+21,1.16031E+16,5.21029E+16
166247,,15,0,3,0,2017,7,12,3,3,5,2,1,1,0,0,0,0,0,6.79644E+20,5.77762E+21,1.1624E+16,5.21199E+16
166248,,15,0,3,0,2017,7,18,3,3,5,3,1,0,0,0,0,0,0,6.79503E+20,5.77756E+21,1.16219E+16,5.21194E+16
166249,,15,0,91,110,2017,7,11,2,3,5,3,0,1,0,0,0,0,1,7.38927E+20,5.73641E+21,1.24599E+16,5.17276E+16
166250,,15,0,3,0,2017,7,15,2,2,1,2,0,1,0,0,0,0,0,6.82169E+20,5.78305E+21,1.16638E+16,5.21678E+16
166251,,15,0,3,0,2017,7,15,2,3,5,3,1,1,0,0,0,0,1,6.80543E+20,5.78101E+21,1.16389E+16,5.21501E+16
166252,,15,0,81,455,2017,7,12,2,3,5,3,0,1,0,0,0,0,0,6.447E+20,5.8586E+21,1.11492E+16,5.28577E+16
166253,,15,0,88,205,2017,7,9,1,3,8,1,0,0,0,1,0,0,0,7.16897E+20,5.68989E+21,1.21128E+16,5.13189E+16
166254,,15,0,88,205,2017,7,20,1,3,6,6,0,1,1,0,0,0,0,7.20882E+20,5.6925E+21,1.21715E+16,5.13408E+16
166255,,15,0,2,0,2017,7,10,1,2,5,3,1,1,0,0,0,0,0,7.06489E+20,5.7048E+21,1.19723E+16,5.14566E+16
166256,,15,0,2,0,2017,7,16,1,3,5,3,0,1,0,0,0,0,0,7.06679E+20,5.70255E+21,1.19737E+16,5.14364E+16
166257,,15,0,91,375,2017,7,11,1,3,5,3,1,1,0,0,0,0,0,7.51225E+20,5.75253E+21,1.26492E+16,5.18669E+16
166258,,15,0,3,0,2017,7,13,1,3,5,3,0,1,0,1,0,0,0,6.80629E+20,5.77508E+21,1.1637E+16,5.20968E+16
166259,,15,0,85,190,2017,7,5,1,3,7,7,0,1,1,0,0,1,1,6.16006E+20,5.74768E+21,1.06849E+16,5.18678E+16
166260,,15,0,88,205,2017,7,15,7,2,0,1,0,1,0,1,0,0,0,7.21231E+20,5.69312E+21,1.21769E+16,5.13462E+16
166261,,15,0,2,0,2017,7,14,7,3,5,3,1,1,0,0,0,0,0,7.05381E+20,5.70393E+21,1.19559E+16,5.14493E+16
166262,,15,0,2,0,2017,7,10,7,3,5,3,0,1,0,0,0,0,0,7.05311E+20,5.70882E+21,1.19577E+16,5.14932E+16
166263,,15,0,2,0,2017,7,11,7,2,4,2,1,0,0,0,1,0,1,7.09028E+20,5.70652E+21,1.20098E+16,5.14712E+16
166264,,15,0,91,110,2017,7,12,7,3,5,3,0,1,0,0,0,0,0,7.37959E+20,5.73602E+21,1.24456E+16,5.17245E+16
166265,,15,0,82,241,2017,7,19,7,3,0,6,1,1,0,0,0,0,0,7.31418E+20,5.72964E+21,1.23468E+16,5.167E+16
166266,,15,0,86,145,2017,7,23,7,3,0,7,0,0,0,1,0,2,0,6.91688E+20,5.78986E+21,1.18067E+16,5.22258E+16
166267,,15,0,3,0,2017,7,18,7,3,5,2,1,1,0,0,0,0,0,6.83196E+20,5.7789E+21,1.16765E+16,5.21302E+16
166268,,15,0,85,370,2017,7,17,7,2,8,1,0,0,0,1,0,0,0,6.23594E+20,5.74452E+21,1.07939E+16,5.18378E+16
166269,,15,0,87,386,2017,7,18,6,3,4,6,0,0,0,1,1,0,0,6.79766E+20,5.70299E+21,1.15871E+16,5.14495E+16
166270,,15,0,87,130,2017,7,17,6,3,5,3,0,1,0,1,0,0,0,6.77346E+20,5.7111E+21,1.15564E+16,5.15232E+16
166271,,15,0,2,0,2017,7,11,6,3,5,3,0,1,0,0,0,0,0,7.05711E+20,5.70914E+21,1.19636E+16,5.14959E+16
166272,,15,0,2,0,2017,7,16,6,3,6,4,0,1,1,0,0,0,0,7.05725E+20,5.70392E+21,1.19608E+16,5.14491E+16
166273,,15,0,2,0,2017,7,14,6,3,3,2,1,1,0,0,0,0,0,7.0589E+20,5.70888E+21,1.19661E+16,5.14935E+16
166274,,15,0,91,375,2017,7,9,6,3,2,6,0,1,0,0,0,0,0,7.50281E+20,5.75361E+21,1.26363E+16,5.1877E+16
166275,,15,0,89,15,2017,7,7,6,3,0,6,1,1,0,0,0,0,0,6.70713E+20,5.73708E+21,1.14736E+16,5.17585E+16
166276,,15,0,3,0,2017,7,19,6,2,6,4,1,0,1,0,0,0,0,6.79758E+20,5.77567E+21,1.16247E+16,5.21023E+16
166277,,15,0,3,0,2017,7,10,6,2,5,3,0,1,0,1,0,0,0,6.79356E+20,5.77723E+21,1.16196E+16,5.21164E+16
166278,,15,0,86,35,2017,7,13,6,3,8,1,0,1,0,0,0,0,0,7.01869E+20,5.80375E+21,1.19638E+16,5.23468E+16
166279,,15,0,81,135,2017,7,18,6,3,5,3,1,1,0,0,0,0,0,6.63768E+20,5.82256E+21,1.14142E+16,5.25285E+16
166280,,15,0,88,205,2017,7,12,5,3,0,7,1,0,0,0,0,0,0,7.11148E+20,5.69016E+21,1.20305E+16,5.13235E+16
166281,,15,0,87,130,2017,7,6,5,3,5,7,1,1,0,0,0,0,0,6.78905E+20,5.70968E+21,1.15782E+16,5.15099E+16
166282,,15,0,84,355,2017,7,18,5,3,5,3,0,1,0,1,0,0,0,6.98261E+20,5.66965E+21,1.18345E+16,5.11439E+16
166283,,15,0,84,355,2017,7,4,5,3,7,7,0,0,0,1,1,1,0,6.94491E+20,5.66259E+21,1.17768E+16,5.10818E+16
166284,,15,0,1,0,2017,7,10,5,3,5,3,1,1,0,0,0,0,0,7.22102E+20,5.7485E+21,1.22244E+16,5.18431E+16
166285,,15,0,89,245,2017,7,8,5,2,5,7,0,1,0,0,1,0,0,6.83641E+20,5.73469E+21,1.16594E+16,5.1733E+16
166286,,15,0,3,0,2017,7,10,5,3,5,2,1,1,0,0,0,0,0,6.80854E+20,5.77881E+21,1.16423E+16,5.21302E+16
166287,,15,0,3,0,2017,7,9,5,2,5,2,1,1,0,0,0,0,0,6.76779E+20,5.78159E+21,1.15843E+16,5.21565E+16
166288,,15,0,85,110,2017,7,16,5,3,6,6,0,1,1,0,0,0,0,6.62677E+20,5.73384E+21,1.13557E+16,5.17319E+16
166289,,15,0,87,370,2017,7,15,4,3,5,3,1,0,0,0,1,0,0,6.58894E+20,5.70512E+21,1.1288E+16,5.14749E+16
166290,,15,0,84,375,2017,7,21,4,3,0,7,0,0,1,1,0,1,0,7.04825E+20,5.66324E+21,1.19246E+16,5.10841E+16
166291,,15,0,86,15,2017,7,16,4,2,1,6,0,1,0,0,0,0,0,6.94187E+20,5.79354E+21,1.18453E+16,5.2258E+16
166292,,15,0,85,135,2017,7,15,4,3,5,3,1,1,0,0,0,0,0,6.39392E+20,5.75284E+21,1.10264E+16,5.19089E+16
166293,,15,0,2,0,2017,7,15,3,3,5,3,1,1,0,0,0,0,0,7.05654E+20,5.7088E+21,1.19626E+16,5.14929E+16
166294,,15,0,2,0,2017,7,16,3,3,5,3,1,1,0,0,0,0,0,7.06007E+20,5.7064E+21,1.19663E+16,5.14712E+16
166295,,15,0,2,0,2017,7,13,3,3,6,4,0,1,1,0,0,0,0,7.05731E+20,5.70401E+21,1.19609E+16,5.14499E+16
166296,,15,0,2,0,2017,7,6,3,3,5,3,0,1,0,0,0,0,0,7.06022E+20,5.7066E+21,1.19666E+16,5.1473E+16
166297,,15,0,2,0,2017,7,11,3,3,3,2,1,1,0,0,0,0,0,7.05722E+20,5.70389E+21,1.19607E+16,5.14487E+16
166298,,15,0,84,130,2017,7,6,3,3,5,3,1,0,0,0,1,0,0,7.23678E+20,5.66245E+21,1.21928E+16,5.10699E+16
166299,,15,0,91,375,2017,7,17,3,3,6,6,1,0,1,0,0,0,0,7.50902E+20,5.75263E+21,1.26446E+16,5.18679E+16
166300,,15,0,91,375,2017,7,5,3,3,5,3,0,1,0,0,0,0,0,7.51496E+20,5.753E+21,1.26535E+16,5.1871E+16
166301,,15,0,90,535,2017,7,20,3,3,5,6,1,0,0,0,0,0,0,6.91692E+20,5.83109E+21,1.18303E+16,5.25959E+16
166302,,15,0,3,0,2017,7,15,3,3,5,3,1,1,0,0,0,0,0,6.79586E+20,5.78117E+21,1.16251E+16,5.21518E+16
166303,,15,0,88,220,2017,7,14,2,2,8,5,0,1,0,0,0,0,0,7.08054E+20,5.69537E+21,1.19892E+16,5.13714E+16
166304,,15,0,88,220,2017,7,10,2,3,5,3,1,1,0,0,0,0,0,7.08176E+20,5.69339E+21,1.19898E+16,5.13536E+16
166305,,15,0,2,0,2017,7,16,2,3,3,6,1,1,0,0,0,0,0,7.08969E+20,5.70509E+21,1.20081E+16,5.14583E+16
166306,,15,0,84,235,2017,7,20,2,3,0,7,0,1,0,0,1,0,0,7.16171E+20,5.67271E+21,1.2092E+16,5.11649E+16
166307,,15,0,91,241,2017,7,16,2,3,6,7,0,1,1,0,0,0,0,7.34907E+20,5.74461E+21,1.24073E+16,5.18029E+16
166308,,15,0,82,256,2017,7,13,2,3,5,2,0,1,0,0,0,0,0,6.97889E+20,5.7408E+21,1.1869E+16,5.1783E+16
166309,,15,0,90,550,2017,7,8,2,3,5,3,0,1,0,0,0,0,0,7.01913E+20,5.82593E+21,1.19779E+16,5.2546E+16
166310,,15,0,89,305,2017,7,19,2,3,5,3,1,0,0,0,0,0,0,6.86642E+20,5.76411E+21,1.17187E+16,5.19963E+16
166311,,15,0,3,0,2017,7,6,2,3,5,3,1,1,0,0,0,0,0,6.76003E+20,5.78172E+21,1.1573E+16,5.21579E+16
166312,,15,0,3,0,2017,7,16,2,3,3,2,1,0,0,0,1,0,0,6.80158E+20,5.7782E+21,1.16318E+16,5.2125E+16
166313,,15,0,3,0,2017,7,16,2,3,5,3,0,1,0,0,0,0,0,6.80082E+20,5.77761E+21,1.16304E+16,5.21196E+16
166314,,15,0,85,235,2017,7,15,2,3,5,3,0,1,0,1,0,0,0,6.48368E+20,5.73906E+21,1.11509E+16,5.17827E+16
166315,,15,0,81,455,2017,7,19,2,2,5,3,1,1,0,0,0,0,0,6.40421E+20,5.8598E+21,1.10862E+16,5.28696E+16
166316,,15,0,88,150,2017,7,17,1,2,4,6,0,1,0,1,0,0,0,7.19583E+20,5.70049E+21,1.21578E+16,5.1413E+16
166317,,15,0,82,180,2017,7,14,1,3,3,2,0,0,0,1,0,0,0,7.05751E+20,5.73704E+21,1.19806E+16,5.17464E+16
166318,,15,0,89,245,2017,7,17,1,2,5,3,0,1,0,0,0,0,0,6.83186E+20,5.73607E+21,1.16536E+16,5.17455E+16
166319,,15,0,1,0,2017,7,18,7,3,2,6,0,1,0,0,0,0,1,7.23564E+20,5.74726E+21,1.22448E+16,5.18313E+16
166320,,15,0,1,0,2017,7,15,7,3,7,4,0,1,1,0,0,0,0,7.22774E+20,5.74503E+21,1.22319E+16,5.18116E+16
166321,,15,0,3,0,2017,7,18,7,3,1,6,0,1,0,0,1,0,1,6.80437E+20,5.77888E+21,1.16363E+16,5.21309E+16
166322,,15,0,2,0,2017,6,11,6,3,2,6,0,1,0,0,1,0,0,7.05306E+20,5.7096E+21,1.19581E+16,5.15002E+16
166323,,15,0,2,0,2017,6,15,6,3,5,7,0,1,0,0,1,0,0,7.06955E+20,5.70786E+21,1.19808E+16,5.1484E+16
166324,,15,0,2,0,2017,6,17,6,3,5,2,0,1,0,0,0,0,0,7.0647E+20,5.70482E+21,1.1972E+16,5.14569E+16
166325,,15,0,2,0,2017,6,6,6,3,1,2,0,1,0,0,0,0,0,7.05759E+20,5.70479E+21,1.19618E+16,5.14568E+16
166326,,15,0,84,360,2017,6,11,6,3,0,2,1,1,0,0,0,0,0,6.79812E+20,5.68565E+21,1.1579E+16,5.12938E+16
166327,,15,0,84,355,2017,6,19,6,3,8,1,1,0,0,0,0,0,0,6.95922E+20,5.67121E+21,1.18019E+16,5.11588E+16
166328,,15,0,1,0,2017,6,10,6,3,6,4,0,1,1,0,0,0,0,7.23049E+20,5.74739E+21,1.22374E+16,5.18327E+16
166329,,15,0,3,0,2017,6,6,6,2,5,3,1,1,0,0,0,0,1,6.78272E+20,5.77748E+21,1.16039E+16,5.2119E+16
166330,,15,0,3,0,2017,6,14,6,3,3,7,0,1,0,0,1,0,0,6.8002E+20,5.77846E+21,1.163E+16,5.21273E+16
166331,,15,0,3,0,2017,6,17,6,3,3,2,1,1,0,0,0,0,0,6.79281E+20,5.78366E+21,1.16219E+16,5.21742E+16
166332,,15,0,85,190,2017,6,13,6,3,0,6,1,1,0,0,0,0,0,6.15725E+20,5.74743E+21,1.06807E+16,5.18656E+16
166333,,15,0,2,0,2017,6,18,5,3,0,7,0,0,0,0,1,0,0,7.06275E+20,5.70206E+21,1.19676E+16,5.14322E+16
166334,,15,0,2,0,2017,6,9,5,3,8,5,0,1,0,0,0,0,0,7.05506E+20,5.70822E+21,1.19601E+16,5.14877E+16
166335,,15,0,2,0,2017,6,19,5,3,0,1,1,0,0,0,0,0,1,7.06167E+20,5.70774E+21,1.19694E+16,5.14832E+16
166336,,15,0,2,0,2017,6,15,5,2,5,3,0,1,0,1,0,0,1,7.06282E+20,5.71001E+21,1.19723E+16,5.15035E+16
166337,,15,0,2,0,2017,6,16,5,3,4,6,1,1,0,0,0,0,1,7.06159E+20,5.7079E+21,1.19693E+16,5.14846E+16
166338,,15,0,2,0,2017,6,15,5,3,5,3,1,1,0,0,0,0,0,7.0695E+20,5.70881E+21,1.19813E+16,5.14925E+16
166339,,15,0,2,0,2017,6,10,5,3,3,6,1,0,0,0,1,0,0,7.05698E+20,5.70702E+21,1.19622E+16,5.14769E+16
166340,,15,0,84,590,2017,6,17,5,3,1,7,0,1,1,0,0,0,0,7.21067E+20,5.65879E+21,1.21534E+16,5.10381E+16
166341,,15,0,84,550,2017,6,11,5,2,9,1,0,1,0,0,0,0,1,7.07966E+20,5.67655E+21,1.1977E+16,5.12025E+16
166342,,15,0,82,180,2017,6,15,5,3,5,3,1,1,0,0,0,0,0,7.06902E+20,5.73797E+21,1.19978E+16,5.17543E+16
166343,,15,0,90,535,2017,6,13,5,3,5,3,0,1,1,0,0,0,0,6.93785E+20,5.83286E+21,1.18622E+16,5.26111E+16
166344,,15,0,90,500,2017,6,9,5,2,5,3,0,0,0,1,1,0,0,7.06023E+20,5.83332E+21,1.2043E+16,5.26108E+16
166345,,15,0,3,0,2017,6,6,5,3,5,3,1,1,0,0,0,0,0,6.78691E+20,5.78007E+21,1.16114E+16,5.21422E+16
166346,,15,0,3,0,2017,6,9,5,3,1,5,1,1,0,0,0,0,0,6.79993E+20,5.77786E+21,1.16292E+16,5.2122E+16
166347,,15,0,88,220,2017,8,8,7,3,2,6,0,1,0,0,1,0,0,7.08539E+20,5.69316E+21,1.19949E+16,5.13514E+16
166348,,15,0,3,0,2017,9,11,3,3,6,4,1,0,1,0,0,0,0,6.81308E+20,5.77958E+21,1.16493E+16,5.2137E+16
166349,,15,0,86,15,2017,9,7,3,3,5,3,1,1,0,0,0,0,0,6.94366E+20,5.79475E+21,1.18486E+16,5.22687E+16
166350,,15,0,85,135,2017,9,8,3,3,5,3,1,1,0,0,0,0,0,6.41583E+20,5.75047E+21,1.10573E+16,5.1887E+16
166351,,15,0,83,298,2017,9,11,3,2,5,3,0,1,0,1,0,0,0,6.69905E+20,5.78381E+21,1.1485E+16,5.21786E+16
166352,,15,0,2,0,2017,9,17,2,3,5,3,1,1,0,0,0,0,0,7.0647E+20,5.70732E+21,1.19735E+16,5.14793E+16
166353,,15,0,2,0,2017,9,7,2,3,5,7,1,1,0,0,0,0,0,7.05891E+20,5.7098E+21,1.19666E+16,5.15017E+16
166354,,15,0,84,550,2017,9,18,2,2,0,4,0,1,1,0,0,0,0,7.06208E+20,5.6759E+21,1.19515E+16,5.11973E+16
166355,,15,0,84,550,2017,9,17,2,3,5,3,0,1,0,1,0,0,0,7.06862E+20,5.67592E+21,1.19609E+16,5.11972E+16
166356,,15,0,91,375,2017,9,7,2,2,3,5,1,1,0,0,0,0,0,7.51036E+20,5.75294E+21,1.26468E+16,5.18707E+16
166357,,15,0,1,0,2017,9,6,2,3,5,3,1,1,0,0,0,1,0,7.23291E+20,5.74823E+21,1.22415E+16,5.18402E+16
166358,,15,0,90,535,2017,9,15,2,3,7,5,1,1,0,0,0,0,0,6.93247E+20,5.8329E+21,1.18543E+16,5.26117E+16
166359,,15,0,3,0,2017,9,9,2,3,5,3,0,1,0,0,0,0,0,6.81286E+20,5.77549E+21,1.16469E+16,5.21003E+16
166360,,15,0,85,145,2017,9,15,2,3,4,6,1,1,0,0,0,0,0,6.52753E+20,5.71887E+21,1.12056E+16,5.16001E+16
166361,,15,0,83,270,2017,9,10,2,2,8,7,0,1,0,0,0,0,0,6.65147E+20,5.79562E+21,1.14213E+16,5.22861E+16
166362,,15,0,2,0,2017,9,16,1,3,5,3,1,0,0,0,0,0,0,7.09507E+20,5.70902E+21,1.20182E+16,5.14934E+16
166363,,15,0,91,375,2017,9,16,1,3,5,2,0,1,0,1,0,0,0,7.50253E+20,5.75385E+21,1.26361E+16,5.18792E+16
166364,,15,0,89,305,2017,9,4,1,3,7,5,0,1,0,0,1,2,0,6.94539E+20,5.76994E+21,1.18369E+16,5.20459E+16
166365,,15,0,3,0,2017,9,19,1,3,5,3,0,1,0,1,0,0,0,6.79901E+20,5.77869E+21,1.16283E+16,5.21294E+16
166366,,15,0,85,365,2017,9,14,1,2,2,6,1,0,0,0,0,0,0,6.49006E+20,5.75102E+21,1.11653E+16,5.189E+16
166367,,15,0,2,0,2017,9,20,7,3,2,6,0,1,0,0,1,1,1,7.07137E+20,5.70722E+21,1.1983E+16,5.14782E+16
166368,,15,0,2,0,2017,9,14,7,3,0,1,1,0,0,0,0,0,1,7.06129E+20,5.70793E+21,1.19689E+16,5.14849E+16
166369,,15,0,2,0,2017,9,10,7,3,2,6,0,1,0,0,0,0,0,7.11568E+20,5.70729E+21,1.20468E+16,5.14771E+16
166370,,15,0,1,0,2017,9,13,7,3,5,3,1,1,0,0,0,0,0,7.21733E+20,5.74573E+21,1.22173E+16,5.18183E+16
166371,,15,0,1,0,2017,9,21,7,3,5,3,0,1,0,0,0,2,0,7.22829E+20,5.74698E+21,1.2234E+16,5.18292E+16
166372,,15,0,3,0,2017,9,10,7,3,1,6,0,1,0,0,0,0,0,6.78362E+20,5.7823E+21,1.16078E+16,5.21623E+16
166373,,15,0,86,40,2017,9,13,7,3,5,2,0,1,0,1,0,0,0,7.13621E+20,5.81215E+21,1.21414E+16,5.24178E+16
166374,,15,0,86,15,2017,9,5,7,2,0,6,0,1,1,0,0,1,0,6.94768E+20,5.79478E+21,1.18545E+16,5.22688E+16
166375,,15,0,88,220,2017,9,10,6,2,5,3,0,1,0,1,0,0,0,7.08567E+20,5.69469E+21,1.19962E+16,5.13651E+16
166376,,15,0,2,0,2017,9,18,6,3,8,1,1,0,0,0,0,0,1,7.02227E+20,5.71066E+21,1.19144E+16,5.15108E+16
166377,,15,0,2,0,2017,9,12,6,3,5,3,1,0,0,0,1,0,0,7.0169E+20,5.70711E+21,1.19046E+16,5.14791E+16
166378,,15,0,2,0,2017,9,15,6,2,5,2,0,1,0,0,1,0,0,7.06581E+20,5.70417E+21,1.19732E+16,5.14509E+16
166379,,15,0,2,0,2017,9,18,6,3,5,3,0,1,0,1,0,0,0,7.06617E+20,5.70822E+21,1.19761E+16,5.14873E+16
166380,,15,0,1,0,2017,9,1,6,3,8,1,0,1,0,0,0,2,0,7.21288E+20,5.74457E+21,1.22101E+16,5.18081E+16
166381,,15,0,82,180,2017,9,7,6,3,5,2,0,1,0,1,0,0,0,7.0506E+20,5.73753E+21,1.19709E+16,5.17511E+16
166382,,15,0,90,500,2017,9,11,6,2,4,6,0,1,0,1,0,0,0,7.0918E+20,5.83515E+21,1.20907E+16,5.26259E+16
166383,,15,0,90,535,2017,9,12,6,3,0,3,1,0,0,0,1,0,0,6.92299E+20,5.83126E+21,1.18394E+16,5.25973E+16
166384,,15,0,89,30,2017,9,19,6,2,0,7,1,0,0,0,1,0,0,6.88284E+20,5.7418E+21,1.17305E+16,5.17953E+16
166385,,15,0,89,305,2017,9,13,6,3,0,3,1,1,0,0,0,0,0,6.86214E+20,5.766E+21,1.17135E+16,5.20134E+16
166386,,15,0,89,42,2017,9,10,6,3,0,1,0,0,0,1,0,0,0,6.86231E+20,5.76157E+21,1.17114E+16,5.19736E+16
166387,,15,0,3,0,2017,9,18,6,3,5,3,1,0,0,0,0,0,0,6.78386E+20,5.77819E+21,1.1606E+16,5.21254E+16
166388,,15,0,3,0,2017,9,9,6,3,6,4,0,1,1,0,0,0,0,6.80502E+20,5.77936E+21,1.16375E+16,5.21352E+16
166389,,15,0,85,370,2017,9,11,6,3,5,3,1,1,0,0,0,0,0,6.22753E+20,5.7449E+21,1.07819E+16,5.18414E+16
166390,,15,0,88,220,2017,8,15,5,3,0,1,0,0,0,1,0,0,1,7.08492E+20,5.69409E+21,1.19948E+16,5.13598E+16
166391,,15,0,88,220,2017,8,15,5,3,0,3,0,1,0,1,0,0,1,7.08146E+20,5.69485E+21,1.19903E+16,5.13667E+16
166392,,15,0,2,0,2017,8,15,5,3,5,2,1,1,0,0,0,0,1,7.06104E+20,5.70894E+21,1.19692E+16,5.14939E+16
166393,,15,0,2,0,2017,8,10,5,2,6,4,0,0,1,0,1,0,0,7.05895E+20,5.70952E+21,1.19665E+16,5.14992E+16
166394,,15,0,2,0,2017,8,18,5,3,4,6,1,0,0,0,0,0,1,7.04872E+20,5.70876E+21,1.19513E+16,5.14928E+16
166395,,15,0,91,375,2017,8,11,5,3,4,6,1,1,0,0,0,0,0,7.51011E+20,5.75315E+21,1.26466E+16,5.18725E+16
166396,,15,0,89,30,2017,8,20,5,2,5,3,1,1,0,0,0,2,0,6.89595E+20,5.74148E+21,1.17493E+16,5.1792E+16
166397,,15,0,3,0,2017,8,14,5,3,5,3,1,1,0,0,0,0,1,6.78443E+20,5.78078E+21,1.16082E+16,5.21486E+16
166398,,15,0,3,0,2017,8,14,5,3,2,6,0,1,0,0,0,0,0,6.79475E+20,5.77553E+21,1.16205E+16,5.21011E+16
166399,,15,0,3,0,2017,8,14,5,3,5,3,0,1,0,0,0,0,0,6.80111E+20,5.77487E+21,1.16294E+16,5.20951E+16
166400,,15,0,3,0,2017,8,8,5,3,4,6,1,1,0,0,0,0,0,6.79564E+20,5.77939E+21,1.16238E+16,5.21358E+16
166401,,15,0,3,0,2017,8,7,5,3,5,3,1,1,0,0,0,0,0,6.82218E+20,5.7776E+21,1.16616E+16,5.21189E+16
166402,,15,0,3,0,2017,8,8,5,3,1,5,1,1,0,0,0,0,0,6.80638E+20,5.78155E+21,1.16406E+16,5.21549E+16
166403,,15,0,3,0,2017,8,7,5,3,5,3,1,1,0,0,0,0,0,6.78951E+20,5.77803E+21,1.16141E+16,5.21238E+16
166404,,15,0,85,55,2017,8,12,5,3,5,3,1,1,0,0,0,0,1,6.35323E+20,5.73997E+21,1.09623E+16,5.17942E+16
166405,,15,0,90,550,2017,8,13,5,3,0,1,0,0,0,1,0,0,1,7.0159E+20,5.82636E+21,1.19734E+16,5.25499E+16
166406,,15,0,2,0,2017,8,9,4,3,2,6,0,1,0,1,0,0,0,7.05461E+20,5.70739E+21,1.1959E+16,5.14803E+16
166407,,15,0,2,0,2017,8,17,4,3,0,4,0,0,1,0,1,0,0,7.07092E+20,5.71126E+21,1.19847E+16,5.15144E+16
166408,,15,0,2,0,2017,8,8,4,3,5,2,0,1,0,0,0,0,0,7.09036E+20,5.70652E+21,1.20099E+16,5.14711E+16
166409,,15,0,84,355,2017,8,17,4,3,2,2,0,1,0,0,0,0,0,6.90813E+20,5.66873E+21,1.17276E+16,5.11382E+16
166410,,15,0,91,391,2017,8,16,4,3,9,1,0,1,0,0,1,0,0,7.57965E+20,5.75046E+21,1.27454E+16,5.18453E+16
166411,,15,0,1,0,2017,8,18,4,3,0,7,1,0,0,0,0,0,0,7.25757E+20,5.74841E+21,1.22773E+16,5.18408E+16
166412,,15,0,3,0,2017,8,16,4,3,2,6,0,1,0,1,0,0,0,6.79838E+20,5.7836E+21,1.163E+16,5.21735E+16
166413,,15,0,3,0,2017,8,7,4,3,2,2,0,1,0,0,0,0,0,6.79752E+20,5.77521E+21,1.16243E+16,5.20982E+16
166414,,15,0,3,0,2017,8,5,4,3,7,7,1,0,0,0,0,1,0,6.8021E+20,5.77916E+21,1.16331E+16,5.21335E+16
166415,,15,0,3,0,2017,8,16,4,3,1,6,0,1,0,0,0,0,0,6.80601E+20,5.77974E+21,1.16391E+16,5.21386E+16
166416,,15,0,85,370,2017,8,17,4,3,8,7,1,0,0,0,0,0,0,6.23783E+20,5.74474E+21,1.07967E+16,5.18397E+16