OBJECTID,UIDENTSTLA,ULAND,UREGBEZ,UKREIS,UGEMEINDE,UJAHR,UMONAT,USTUNDE,UWOCHENTAG,UKATEGORIE,UART,UTYP1,IstRad,IstPKW,IstFuss,IstKrad,IstSonstig,LICHT,STRZUSTAND,LINREFX,LINREFY,XGCSWGS84,YGCSWGS84
166607,,15,0,3,0,2017,8,17,2,3,0,7,1,0,0,0,0,0,0,6.78467E+20,5.77486E+21,1.16054E+16,5.20954E+16
166608,,15,0,3,0,2017,8,19,2,3,5,2,1,0,0,0,0,0,0,6.81547E+20,5.77511E+21,1.16505E+16,5.20967E+16
166609,,15,0,3,0,2017,8,9,2,3,5,2,1,1,0,0,0,0,0,6.79457E+20,5.78194E+21,1.16236E+16,5.21587E+16
166610,,15,0,3,0,2017,8,21,2,2,8,7,0,0,0,1,0,1,0,6.81676E+20,5.78017E+21,1.1655E+16,5.21422E+16
166611,,15,0,3,0,2017,8,16,2,3,4,6,1,0,0,0,0,0,0,6.79806E+20,5.77768E+21,1.16264E+16,5.21203E+16
166612,,15,0,85,228,2017,8,16,2,3,6,4,0,1,1,0,0,0,0,6.24275E+20,5.73692E+21,1.08011E+16,5.17693E+16
166613,,15,0,81,455,2017,8,10,2,3,0,5,1,1,0,0,0,0,0,6.44645E+20,5.85818E+21,1.11482E+16,5.28539E+16
166614,,15,0,88,205,2017,8,9,1,3,4,6,0,1,0,0,0,0,1,7.11587E+20,5.68931E+21,1.20363E+16,5.13157E+16
166615,,15,0,87,220,2017,8,14,1,3,5,3,1,1,0,0,0,0,0,6.73533E+20,5.72516E+21,1.15085E+16,5.16506E+16
166616,,15,0,87,130,2017,8,20,1,3,5,2,0,1,0,1,0,0,0,6.762E+20,5.71261E+21,1.15407E+16,5.15371E+16
166617,,15,0,1,0,2017,8,10,1,3,0,1,0,0,0,1,0,0,0,7.23974E+20,5.75563E+21,1.22562E+16,5.19064E+16
166618,,15,0,90,535,2017,8,14,1,3,5,3,1,1,0,0,0,0,0,6.76577E+20,5.82436E+21,1.16038E+16,5.25407E+16
166619,,15,0,90,445,2017,8,4,1,2,9,1,0,1,0,0,0,2,1,7.05452E+20,5.85378E+21,1.20474E+16,5.27947E+16
166620,,15,0,3,0,2017,8,20,1,3,4,6,1,0,0,0,0,0,0,6.79076E+20,5.77933E+21,1.16166E+16,5.21354E+16
166621,,15,0,2,0,2017,8,19,7,2,0,1,1,0,0,0,0,0,1,7.07736E+20,5.70212E+21,1.19886E+16,5.14322E+16
166622,,15,0,2,0,2017,8,18,7,3,6,4,0,1,1,0,0,0,1,7.03856E+20,5.70756E+21,1.1936E+16,5.14824E+16
166623,,15,0,91,145,2017,8,5,7,2,9,1,0,1,0,0,0,1,0,7.71376E+20,5.74638E+21,1.29364E+16,5.18023E+16
166624,,15,0,91,241,2017,8,23,7,2,8,1,0,0,0,1,0,2,0,7.39532E+20,5.74716E+21,1.2476E+16,5.18238E+16
166625,,15,0,3,0,2017,8,18,7,3,0,7,1,0,0,0,0,0,1,6.80766E+20,5.78072E+21,1.16421E+16,5.21474E+16
166626,,15,0,3,0,2017,8,13,7,3,5,3,0,1,0,0,0,0,0,6.78781E+20,5.78072E+21,1.16131E+16,5.2148E+16
166627,,15,0,81,135,2017,8,13,7,3,5,3,1,0,0,0,0,0,0,6.58621E+20,5.82077E+21,1.13376E+16,5.25139E+16
166628,,15,0,2,0,2017,8,7,6,3,5,3,1,1,0,0,0,0,1,7.08019E+20,5.70861E+21,1.19965E+16,5.14903E+16
166629,,15,0,84,550,2017,8,6,6,2,2,6,0,1,0,0,0,0,1,7.06231E+20,5.67587E+21,1.19518E+16,5.11969E+16
166630,,15,0,82,15,2017,8,19,6,3,5,3,1,1,0,0,0,0,1,7.28416E+20,5.72759E+21,1.23022E+16,5.16528E+16
166631,,15,0,82,15,2017,8,6,6,2,5,2,0,1,0,0,0,0,1,7.25557E+20,5.73094E+21,1.22631E+16,5.1684E+16
166632,,15,0,89,305,2017,8,18,6,3,3,2,1,1,0,0,0,0,1,6.87468E+20,5.7657E+21,1.17316E+16,5.20102E+16
166633,,15,0,3,0,2017,8,12,6,3,6,4,0,0,1,0,1,0,1,6.80273E+20,5.77891E+21,1.16339E+16,5.21313E+16
166634,,15,0,3,0,2017,8,10,6,3,2,2,0,0,0,1,1,0,1,6.76071E+20,5.77509E+21,1.15706E+16,5.20983E+16
166635,,15,0,3,0,2017,8,12,6,3,2,6,0,1,0,0,0,0,1,6.79251E+20,5.77793E+21,1.16185E+16,5.21228E+16
166636,,15,0,83,415,2017,8,15,6,2,5,3,1,0,0,0,0,0,0,6.53109E+20,5.76662E+21,1.12318E+16,5.2029E+16
166637,,15,0,83,270,2017,8,18,6,3,5,3,1,1,0,0,0,0,0,6.64216E+20,5.79592E+21,1.14078E+16,5.22891E+16
166638,,15,0,81,135,2017,8,10,6,3,5,3,0,1,0,0,0,0,1,6.62781E+20,5.82361E+21,1.14002E+16,5.25382E+16
166639,,15,0,2,0,2017,8,22,5,3,1,5,1,1,0,0,0,2,1,7.05826E+20,5.71056E+21,1.19661E+16,5.15086E+16
166640,,15,0,82,15,2017,8,13,5,3,5,3,1,1,0,0,0,0,0,7.30936E+20,5.72461E+21,1.23366E+16,5.16251E+16
166641,,15,0,89,310,2017,8,18,5,2,5,3,0,1,0,1,0,0,0,6.79425E+20,5.75483E+21,1.16089E+16,5.19152E+16
166642,,15,0,3,0,2017,8,16,5,3,5,3,1,1,0,0,0,0,0,6.83529E+20,5.77658E+21,1.16802E+16,5.21092E+16
166643,,15,0,3,0,2017,8,15,5,3,1,3,1,1,0,0,0,0,0,6.76421E+20,5.78152E+21,1.1579E+16,5.21559E+16
166644,,15,0,3,0,2017,8,18,5,3,5,3,0,1,0,0,0,0,0,6.81443E+20,5.78043E+21,1.16518E+16,5.21445E+16
166645,,15,0,3,0,2017,8,16,5,3,5,3,0,1,0,0,0,0,0,6.8053E+20,5.7801E+21,1.16383E+16,5.21419E+16
166646,,15,0,3,0,2017,8,7,5,2,1,1,0,1,0,1,0,0,1,6.8091E+20,5.7788E+21,1.16431E+16,5.21301E+16
166647,,15,0,3,0,2017,8,11,5,3,2,6,0,1,0,0,0,0,0,6.78431E+20,5.77673E+21,1.16059E+16,5.21123E+16
166648,,15,0,85,40,2017,8,7,5,3,1,7,0,0,0,1,1,0,1,6.5372E+20,5.73199E+21,1.12253E+16,5.17177E+16
166649,,15,0,88,330,2017,8,16,4,3,5,3,1,0,0,1,0,0,0,7.13535E+20,5.69813E+21,1.20695E+16,5.13942E+16
166650,,15,0,87,220,2017,8,19,4,2,5,2,0,1,0,1,0,0,0,6.73642E+20,5.72392E+21,1.15094E+16,5.16395E+16
166651,,15,0,2,0,2017,8,16,4,3,5,3,0,1,0,1,0,0,0,7.06007E+20,5.7064E+21,1.19663E+16,5.14712E+16
166652,,15,0,2,0,2017,8,10,4,3,3,6,1,0,0,0,1,0,0,7.0637E+20,5.70876E+21,1.19729E+16,5.14923E+16
166653,,15,0,84,355,2017,8,11,4,2,1,6,0,1,0,0,0,0,0,6.97425E+20,5.67007E+21,1.18228E+16,5.1148E+16
166654,,15,0,91,375,2017,8,6,4,3,5,2,0,1,0,1,0,0,0,7.47363E+20,5.75362E+21,1.25941E+16,5.18784E+16
166655,,15,0,1,0,2017,8,22,4,3,6,7,1,0,1,0,0,2,0,7.23498E+20,5.74831E+21,1.22445E+16,5.18408E+16
166656,,15,0,82,430,2017,8,11,4,3,0,3,1,1,0,0,0,0,0,7.12095E+20,5.76161E+21,1.20874E+16,5.19647E+16
166657,,15,0,3,0,2017,8,18,4,3,5,3,1,1,0,0,0,0,0,6.76581E+20,5.78038E+21,1.15808E+16,5.21457E+16
166658,,15,0,3,0,2017,8,13,4,3,5,2,1,1,0,0,0,0,0,6.79833E+20,5.7836E+21,1.163E+16,5.21735E+16
166659,,15,0,3,0,2017,8,20,4,3,5,2,1,1,0,0,0,0,0,6.79883E+20,5.77773E+21,1.16276E+16,5.21208E+16
166660,,15,0,3,0,2017,8,14,4,3,6,4,0,1,1,0,0,0,0,6.79276E+20,5.77737E+21,1.16185E+16,5.21178E+16
166661,,15,0,85,135,2017,8,22,4,3,0,1,0,0,0,1,0,2,0,6.4143E+20,5.74964E+21,1.10547E+16,5.18796E+16
166662,,15,0,85,370,2017,8,12,4,3,6,4,1,0,1,0,0,0,0,6.23158E+20,5.74414E+21,1.07875E+16,5.18345E+16
166663,,15,0,83,565,2017,8,8,4,3,3,6,0,1,0,0,1,0,0,6.79452E+20,5.79292E+21,1.16293E+16,5.22574E+16
166664,,15,0,3,0,2017,8,11,3,3,5,2,1,1,0,0,0,0,0,6.77422E+20,5.77793E+21,1.15918E+16,5.21234E+16
166665,,15,0,87,130,2017,8,20,3,3,8,6,0,1,1,0,0,1,0,6.76512E+20,5.71283E+21,1.15453E+16,5.15389E+16
166666,,15,0,84,355,2017,8,19,3,3,1,1,1,1,0,0,0,0,0,6.95931E+20,5.67054E+21,1.18017E+16,5.11527E+16
166667,,15,0,1,0,2017,8,18,3,3,3,1,1,0,0,0,1,0,0,7.23234E+20,5.74766E+21,1.22403E+16,5.18351E+16
166668,,15,0,82,180,2017,8,23,3,2,1,5,1,1,0,0,0,2,0,7.04854E+20,5.73806E+21,1.19682E+16,5.17559E+16
166669,,15,0,90,225,2017,8,11,3,3,0,7,0,1,0,0,0,0,0,7.07159E+20,5.85718E+21,1.20748E+16,5.28245E+16
166670,,15,0,89,310,2017,8,20,3,2,8,1,0,0,0,1,0,1,0,6.78336E+20,5.74603E+21,1.15885E+16,5.18366E+16
166671,,15,0,3,0,2017,8,10,3,3,5,3,1,1,0,0,0,0,0,6.83882E+20,5.77623E+21,1.16851E+16,5.2106E+16
166672,,15,0,85,228,2017,8,6,3,3,5,3,0,1,0,0,1,0,0,6.26983E+20,5.73539E+21,1.08398E+16,5.1755E+16
166673,,15,0,85,135,2017,8,9,3,3,6,4,0,1,1,0,0,0,0,6.42088E+20,5.75145E+21,1.1065E+16,5.18957E+16
166674,,15,0,81,135,2017,8,17,3,3,9,7,0,1,0,0,0,0,0,6.69438E+20,5.81454E+21,1.14937E+16,5.24548E+16
166675,,15,0,2,0,2017,8,18,2,3,6,4,1,0,1,0,0,0,0,7.05693E+20,5.70795E+21,1.19627E+16,5.14852E+16
166676,,15,0,2,0,2017,8,13,2,3,5,7,1,1,0,0,0,0,0,7.04075E+20,5.70947E+21,1.19403E+16,5.14995E+16
166677,,15,0,84,550,2017,9,17,2,3,6,7,0,0,1,0,1,0,0,7.08553E+20,5.67566E+21,1.19849E+16,5.11942E+16
166678,,15,0,3,0,2017,9,7,3,3,5,2,1,1,0,0,0,0,0,6.78819E+20,5.77621E+21,1.16112E+16,5.21075E+16
166679,,15,0,3,0,2017,10,14,2,3,5,3,0,1,0,0,0,0,0,6.82596E+20,5.77875E+21,1.16677E+16,5.21291E+16
166680,,15,0,85,135,2017,10,11,2,3,5,3,1,1,0,0,0,0,0,6.4151E+20,5.75139E+21,1.10566E+16,5.18953E+16
166681,,15,0,84,355,2017,10,18,1,3,4,3,1,1,0,0,0,0,0,6.95727E+20,5.67028E+21,1.17986E+16,5.11505E+16
166682,,15,0,3,0,2017,10,17,1,3,5,3,0,1,0,0,0,0,0,6.82571E+20,5.77848E+21,1.16672E+16,5.21267E+16
166683,,15,0,83,355,2017,10,20,1,2,5,3,0,1,0,1,0,2,0,6.58533E+20,5.75703E+21,1.13064E+16,5.19413E+16
166684,,15,0,82,180,2017,10,14,7,3,2,6,0,1,0,0,0,0,1,7.03699E+20,5.73717E+21,1.1951E+16,5.17483E+16
166685,,15,0,90,635,2017,10,10,7,2,0,1,0,1,0,0,0,0,1,6.72572E+20,5.87041E+21,1.15691E+16,5.29555E+16
166686,,15,0,86,15,2017,10,20,7,3,4,3,0,1,0,0,0,2,1,6.94153E+20,5.79354E+21,1.18448E+16,5.22579E+16
166687,,15,0,85,135,2017,10,14,7,3,5,3,1,1,0,0,0,0,1,6.40022E+20,5.75268E+21,1.10355E+16,5.19073E+16
166688,,15,0,84,355,2017,10,14,6,3,0,1,1,0,0,0,0,0,0,6.95034E+20,5.66974E+21,1.17885E+16,5.11458E+16
166689,,15,0,3,0,2017,10,16,6,2,0,7,1,0,0,0,0,0,0,6.80445E+20,5.77662E+21,1.16352E+16,5.21106E+16
166690,,15,0,3,0,2017,10,13,6,3,5,3,1,1,0,0,0,0,0,6.7823E+20,5.77659E+21,1.16029E+16,5.21111E+16
166691,,15,0,85,235,2017,10,15,6,3,0,6,1,1,0,0,0,0,1,6.47752E+20,5.73849E+21,1.11418E+16,5.17778E+16
166692,,15,0,85,135,2017,10,22,6,1,6,4,0,1,1,0,0,2,0,6.41908E+20,5.75134E+21,1.10624E+16,5.18948E+16
166693,,15,0,85,135,2017,10,18,6,2,5,3,1,1,0,0,0,0,0,6.40672E+20,5.75048E+21,1.10441E+16,5.18873E+16
166694,,15,0,88,365,2017,10,6,5,3,0,3,1,1,0,0,0,1,1,6.99982E+20,5.70625E+21,1.18796E+16,5.1472E+16
166695,,15,0,87,31,2017,10,9,5,3,8,1,0,1,0,0,0,0,1,6.67374E+20,5.7314E+21,1.14225E+16,5.17086E+16
166696,,15,0,87,220,2017,10,13,5,3,2,6,0,1,0,0,0,0,1,6.73401E+20,5.72568E+21,1.15068E+16,5.16554E+16
166697,,15,0,87,130,2017,10,14,5,2,6,4,0,1,1,0,0,0,1,6.76071E+20,5.7115E+21,1.15383E+16,5.15271E+16
166698,,15,0,2,0,2017,10,17,5,2,5,3,0,1,0,0,0,0,0,7.06948E+20,5.7087E+21,1.19812E+16,5.14915E+16
166699,,15,0,2,0,2017,10,15,5,3,2,6,0,1,0,0,0,0,1,7.05894E+20,5.70933E+21,1.19664E+16,5.14976E+16
166700,,15,0,82,180,2017,10,10,5,2,5,3,0,1,0,0,1,0,1,7.05816E+20,5.73713E+21,1.19816E+16,5.17472E+16
166701,,15,0,89,305,2017,10,12,5,3,5,3,1,1,0,0,0,0,1,6.88402E+20,5.76622E+21,1.17455E+16,5.20146E+16
166702,,15,0,89,30,2017,10,7,5,3,5,3,1,1,0,0,0,1,1,6.88732E+20,5.74139E+21,1.17367E+16,5.17915E+16
166703,,15,0,89,30,2017,10,5,5,2,5,3,1,1,0,0,0,2,1,6.88635E+20,5.74221E+21,1.17358E+16,5.17989E+16
166704,,15,0,89,310,2017,10,8,5,2,6,4,0,1,1,0,0,0,1,6.78383E+20,5.74724E+21,1.15898E+16,5.18474E+16
166705,,15,0,3,0,2017,10,12,5,3,5,3,0,1,0,0,0,0,0,6.80071E+20,5.77827E+21,1.16306E+16,5.21256E+16
166706,,15,0,3,0,2017,10,5,5,3,5,2,0,1,0,0,1,2,1,6.82666E+20,5.78364E+21,1.16714E+16,5.2173E+16
166707,,15,0,3,0,2017,10,19,5,3,6,2,0,1,1,0,0,2,0,6.78309E+20,5.77345E+21,1.16024E+16,5.20828E+16
166708,,15,0,81,30,2017,10,15,5,3,0,7,1,0,0,0,0,0,0,6.68158E+20,5.86275E+21,1.14995E+16,5.28881E+16
166709,,15,0,81,455,2017,10,16,5,3,0,1,1,0,0,0,0,0,1,6.45036E+20,5.85807E+21,1.1154E+16,5.28528E+16
166710,,15,0,87,130,2017,10,13,4,3,5,3,1,1,0,0,0,0,0,6.75963E+20,5.71131E+21,1.15366E+16,5.15254E+16
166711,,15,0,2,0,2017,10,13,4,3,3,3,1,1,0,0,0,0,1,7.06684E+20,5.70266E+21,1.19738E+16,5.14373E+16
166712,,15,0,84,550,2017,10,13,4,3,5,3,1,1,0,0,0,0,0,7.07284E+20,5.67747E+21,1.19678E+16,5.12109E+16
166713,,15,0,82,5,2017,10,11,4,3,9,1,0,0,0,1,0,0,0,7.09671E+20,5.74922E+21,1.20446E+16,5.18543E+16
166714,,15,0,82,180,2017,10,11,4,3,5,7,1,1,0,0,0,0,0,7.05364E+20,5.73749E+21,1.19752E+16,5.17506E+16
166715,,15,0,89,305,2017,10,13,4,2,5,3,0,1,0,0,0,0,0,6.86018E+20,5.76662E+21,1.1711E+16,5.2019E+16
166716,,15,0,89,15,2017,10,10,4,3,7,4,0,0,1,0,1,0,0,6.69591E+20,5.73654E+21,1.14571E+16,5.17541E+16
166717,,15,0,3,0,2017,10,20,4,2,8,7,0,1,0,0,0,2,0,6.84909E+20,5.78128E+21,1.17028E+16,5.2151E+16
166718,,15,0,3,0,2017,10,12,4,3,5,3,0,1,0,0,0,0,0,6.78136E+20,5.78257E+21,1.16046E+16,5.21648E+16
166719,,15,0,3,0,2017,10,8,4,2,6,7,0,1,1,0,0,0,0,6.79466E+20,5.77565E+21,1.16204E+16,5.21023E+16
166720,,15,0,3,0,2017,10,6,4,3,5,3,1,1,0,0,0,2,0,6.7977E+20,5.78391E+21,1.16292E+16,5.21764E+16
166721,,15,0,87,220,2017,10,18,3,3,4,2,1,1,0,0,0,0,0,6.73725E+20,5.72442E+21,1.15109E+16,5.16439E+16
166722,,15,0,91,391,2017,10,17,3,3,7,7,0,0,0,1,1,0,0,7.63697E+20,5.75682E+21,1.28333E+16,5.18996E+16
166723,,15,0,1,0,2017,10,5,3,3,5,3,0,1,0,0,0,2,1,7.22802E+20,5.74704E+21,1.22336E+16,5.18297E+16
166724,,15,0,3,0,2017,10,16,3,3,0,7,0,0,0,1,0,0,0,6.81165E+20,5.77564E+21,1.16452E+16,5.21016E+16
166725,,15,0,3,0,2017,10,1,3,3,5,3,0,1,0,0,0,2,1,6.79883E+20,5.77773E+21,1.16276E+16,5.21208E+16
166726,,15,0,3,0,2017,10,16,3,3,5,3,1,1,0,0,0,0,0,6.79796E+20,5.77687E+21,1.16258E+16,5.21131E+16
166727,,15,0,86,35,2017,10,10,3,3,0,7,0,1,0,0,0,0,0,7.03087E+20,5.80727E+21,1.19838E+16,5.2378E+16
166728,,15,0,85,370,2017,10,15,3,3,2,2,0,1,0,1,0,0,0,6.2411E+20,5.74553E+21,1.08018E+16,5.18468E+16
166729,,15,0,87,130,2017,10,11,2,3,5,3,0,1,0,1,0,0,1,6.78434E+20,5.70986E+21,1.15715E+16,5.15117E+16
166730,,15,0,2,0,2017,10,15,2,3,1,6,0,1,0,0,0,0,1,7.03793E+20,5.70738E+21,1.1935E+16,5.14808E+16
166731,,15,0,2,0,2017,10,23,2,3,5,3,1,1,0,0,0,2,1,7.05387E+20,5.70391E+21,1.19559E+16,5.14491E+16
166732,,15,0,91,375,2017,10,18,2,2,4,6,0,1,0,0,1,0,1,7.51534E+20,5.7543E+21,1.2655E+16,5.18827E+16
166733,,15,0,1,0,2017,10,10,2,3,5,7,0,1,0,0,1,0,0,7.27463E+20,5.7459E+21,1.23004E+16,5.18176E+16
166734,,15,0,82,241,2017,10,8,2,2,5,3,1,1,0,0,0,0,0,7.33397E+20,5.72657E+21,1.23734E+16,5.16416E+16
166735,,15,0,90,520,2017,10,12,2,3,2,6,0,1,0,0,0,0,1,6.85144E+20,5.86309E+21,1.17518E+16,5.28856E+16
166736,,15,0,90,535,2017,10,19,2,3,5,3,0,1,0,0,0,2,0,6.94093E+20,5.83209E+21,1.18663E+16,5.26041E+16
166737,,15,0,90,535,2017,10,12,2,3,5,3,0,1,0,0,1,0,1,6.92803E+20,5.83332E+21,1.1848E+16,5.26156E+16
166738,,15,0,89,15,2017,10,9,2,3,5,3,1,1,0,0,0,0,1,6.7072E+20,5.73723E+21,1.14738E+16,5.17599E+16
166739,,15,0,3,0,2017,10,10,2,3,1,6,0,1,0,0,0,0,1,6.80896E+20,5.78152E+21,1.16444E+16,5.21545E+16
166740,,15,0,81,135,2017,10,10,2,3,4,2,0,1,0,0,0,0,1,6.61013E+20,5.8231E+21,1.13739E+16,5.25342E+16
166741,,15,0,1,0,2017,10,20,1,3,0,1,1,0,0,0,0,2,0,7.23434E+20,5.74492E+21,1.22414E+16,5.18104E+16
166742,,15,0,3,0,2017,10,17,1,3,2,6,0,1,0,0,0,0,0,6.79394E+20,5.77667E+21,1.16199E+16,5.21114E+16
166743,,15,0,3,0,2017,10,0,1,3,8,1,0,1,0,0,0,2,1,6.74874E+20,5.77242E+21,1.15518E+16,5.20747E+16
166744,,15,0,85,370,2017,10,18,1,2,5,3,0,1,0,1,0,0,0,6.21354E+20,5.74326E+21,1.0761E+16,5.1827E+16
166745,,15,0,88,205,2017,9,11,7,2,5,3,1,1,0,0,0,0,0,7.11179E+20,5.68984E+21,1.20308E+16,5.13206E+16
166746,,15,0,88,205,2017,9,10,7,3,5,3,1,1,0,0,0,0,0,7.09081E+20,5.69103E+21,1.20014E+16,5.13321E+16
166747,,15,0,82,15,2017,9,14,7,3,5,3,0,1,0,0,0,0,0,7.26345E+20,5.73056E+21,1.22742E+16,5.16803E+16
166748,,15,0,82,15,2017,9,22,7,2,0,2,0,1,0,1,0,2,2,7.30303E+20,5.72433E+21,1.23273E+16,5.16228E+16
166749,,15,0,3,0,2017,9,14,7,3,9,7,0,1,0,0,0,0,1,6.79996E+20,5.77615E+21,1.16284E+16,5.21066E+16
166750,,15,0,3,0,2017,9,16,7,3,5,3,1,1,0,0,0,0,1,6.81555E+20,5.78321E+21,1.16549E+16,5.21695E+16
166751,,15,0,85,370,2017,9,15,7,3,4,6,1,1,0,0,0,0,0,6.24575E+20,5.74485E+21,1.08083E+16,5.18405E+16
166752,,15,0,87,210,2017,9,13,6,2,5,3,1,1,0,0,0,0,0,6.73495E+20,5.71144E+21,1.15011E+16,5.15274E+16
166753,,15,0,2,0,2017,9,18,6,3,4,1,1,1,0,0,0,0,0,7.06774E+20,5.7072E+21,1.19778E+16,5.14781E+16
166754,,15,0,2,0,2017,9,7,6,3,3,2,1,1,0,0,0,0,0,7.05885E+20,5.70925E+21,1.19662E+16,5.14968E+16
166755,,15,0,2,0,2017,9,13,6,3,5,2,0,1,0,0,0,0,0,7.05769E+20,5.70477E+21,1.19619E+16,5.14566E+16
166756,,15,0,84,235,2017,9,12,6,2,1,7,0,0,0,1,1,0,0,7.16909E+20,5.67168E+21,1.21019E+16,5.11554E+16
166757,,15,0,1,0,2017,9,10,6,3,5,7,1,1,0,0,0,0,0,7.27603E+20,5.74624E+21,1.23026E+16,5.18205E+16
166758,,15,0,82,180,2017,9,12,6,2,5,2,1,1,0,0,0,0,0,7.05109E+20,5.73661E+21,1.1971E+16,5.17428E+16
166759,,15,0,83,298,2017,9,17,6,3,0,7,0,0,1,0,1,0,0,6.70181E+20,5.78151E+21,1.14879E+16,5.21578E+16
166760,,15,0,89,55,2017,9,13,6,3,5,3,0,1,0,0,0,0,0,6.90726E+20,5.7532E+21,1.17721E+16,5.18969E+16
166761,,15,0,3,0,2017,9,16,6,3,0,6,0,1,0,0,1,0,0,6.79461E+20,5.78194E+21,1.16236E+16,5.21587E+16
166762,,15,0,3,0,2017,9,15,6,2,6,4,1,0,1,0,0,0,0,6.78468E+20,5.77676E+21,1.16064E+16,5.21125E+16
166763,,15,0,3,0,2017,9,9,6,3,1,2,0,1,0,0,0,0,0,6.80073E+20,5.78276E+21,1.1633E+16,5.21659E+16
166764,,15,0,3,0,2017,9,11,6,3,6,4,0,1,1,0,0,0,0,6.76579E+20,5.78155E+21,1.15814E+16,5.21562E+16
166765,,15,0,3,0,2017,9,11,6,3,6,6,0,0,1,0,1,0,0,6.79873E+20,5.77777E+21,1.16275E+16,5.21212E+16
166766,,15,0,83,270,2017,9,7,6,3,5,3,1,1,0,0,0,0,0,6.64485E+20,5.79636E+21,1.14119E+16,5.22929E+16
166767,,15,0,81,135,2017,9,13,6,3,5,7,0,1,0,1,0,0,0,6.62478E+20,5.82231E+21,1.13951E+16,5.25266E+16
166768,,15,0,81,135,2017,9,9,6,3,4,1,0,1,0,0,0,0,0,6.49554E+20,5.81671E+21,1.12023E+16,5.24801E+16
166769,,15,0,81,30,2017,9,15,6,3,5,2,0,1,0,0,0,0,0,6.69142E+20,5.86235E+21,1.15139E+16,5.28843E+16
166770,,15,0,87,370,2017,9,21,5,3,8,1,0,1,0,0,0,2,0,6.59643E+20,5.70168E+21,1.12972E+16,5.14438E+16
166771,,15,0,87,130,2017,9,19,5,2,5,5,0,1,0,1,0,1,0,6.78874E+20,5.71001E+21,1.15779E+16,5.15129E+16
166772,,15,0,2,0,2017,9,13,5,3,0,7,0,0,0,1,0,0,0,7.05897E+20,5.70735E+21,1.19653E+16,5.14798E+16
166773,,15,0,2,0,2017,9,10,5,2,6,7,0,1,1,0,0,0,0,7.06216E+20,5.70204E+21,1.19667E+16,5.1432E+16
166774,,15,0,84,355,2017,9,0,5,3,9,1,0,0,0,1,0,2,0,6.96616E+20,5.67192E+21,1.18122E+16,5.11649E+16
166775,,15,0,84,375,2017,9,16,5,2,5,2,0,1,0,1,0,0,0,7.05215E+20,5.66338E+21,1.19302E+16,5.10852E+16
166776,,15,0,84,550,2017,9,15,5,2,0,1,1,0,0,0,0,0,0,7.11826E+20,5.68365E+21,1.20364E+16,5.12648E+16
166777,,15,0,84,135,2017,9,14,5,3,5,7,1,1,0,0,0,0,0,6.93188E+20,5.67709E+21,1.1766E+16,5.12125E+16
166778,,15,0,90,415,2017,9,14,5,3,4,7,0,1,0,0,0,0,0,6.85908E+20,5.85079E+21,1.17562E+16,5.27749E+16
166779,,15,0,3,0,2017,9,16,5,3,0,7,1,0,0,0,0,0,0,6.78391E+20,5.77956E+21,1.16068E+16,5.21378E+16
166780,,15,0,3,0,2017,9,15,5,3,3,6,0,1,0,0,1,0,0,6.81204E+20,5.77559E+21,1.16457E+16,5.21011E+16
166781,,15,0,86,140,2017,9,7,5,3,1,2,1,0,0,0,1,0,0,6.98535E+20,5.78058E+21,1.19013E+16,5.214E+16
166782,,15,0,83,40,2017,9,17,5,3,5,3,1,0,0,0,1,0,0,6.78915E+20,5.78682E+21,1.16182E+16,5.22028E+16
166783,,15,0,2,0,2017,9,13,4,3,0,5,0,1,0,0,0,0,0,7.06498E+20,5.70886E+21,1.19748E+16,5.14932E+16
166784,,15,0,91,375,2017,9,15,4,3,0,1,1,0,0,0,0,0,0,7.51477E+20,5.75313E+21,1.26533E+16,5.18721E+16
166785,,15,0,82,430,2017,9,7,4,3,5,3,1,1,0,0,0,0,0,7.12143E+20,5.76195E+21,1.20883E+16,5.19677E+16
166786,,15,0,82,340,2017,9,13,4,2,9,1,0,1,0,0,0,0,0,7.23645E+20,5.71812E+21,1.22273E+16,5.15698E+16
166787,,15,0,90,535,2017,9,17,4,3,5,3,0,1,0,0,0,0,0,6.93936E+20,5.83299E+21,1.18645E+16,5.26122E+16
166788,,15,0,89,310,2017,9,10,4,2,6,2,0,0,1,0,1,0,0,6.78879E+20,5.74755E+21,1.15972E+16,5.185E+16
166789,,15,0,3,0,2017,9,13,4,3,5,2,0,1,0,0,0,0,0,6.8007E+20,5.78277E+21,1.1633E+16,5.2166E+16
166790,,15,0,3,0,2017,9,17,4,3,2,6,0,1,0,0,0,0,0,6.8216E+20,5.77423E+21,1.16589E+16,5.20886E+16
166791,,15,0,3,0,2017,9,10,4,3,5,3,1,1,0,0,0,0,0,6.7991E+20,5.77401E+21,1.1626E+16,5.20873E+16
166792,,15,0,3,0,2017,9,5,4,3,5,2,0,1,0,0,0,2,1,6.82226E+20,5.77866E+21,1.16623E+16,5.21284E+16
166793,,15,0,81,455,2017,9,22,4,3,4,6,1,0,0,0,0,2,0,6.44704E+20,5.85859E+21,1.11493E+16,5.28576E+16
166794,,15,0,2,0,2017,9,14,3,3,1,6,0,1,0,0,1,0,0,7.06711E+20,5.70715E+21,1.19768E+16,5.14777E+16
166795,,15,0,2,0,2017,9,7,3,3,2,6,1,1,0,0,0,0,1,7.07395E+20,5.70874E+21,1.19876E+16,5.14917E+16