OBJECTID,UIDENTSTLA,ULAND,UREGBEZ,UKREIS,UGEMEINDE,UJAHR,UMONAT,USTUNDE,UWOCHENTAG,UKATEGORIE,UART,UTYP1,IstRad,IstPKW,IstFuss,IstKrad,IstSonstig,LICHT,STRZUSTAND,LINREFX,LINREFY,XGCSWGS84,YGCSWGS84
166796,,15,0,2,0,2017,9,15,3,3,6,1,0,1,1,0,0,0,0,7.08189E+20,5.70496E+21,1.19968E+16,5.14575E+16
166797,,15,0,2,0,2017,9,8,3,3,5,3,0,1,0,0,0,0,1,7.10217E+20,5.70686E+21,1.20271E+16,5.14738E+16
166798,,15,0,91,375,2017,9,18,3,3,6,4,0,1,1,0,0,0,0,7.51567E+20,5.75247E+21,1.26542E+16,5.18662E+16
166799,,15,0,82,241,2017,9,12,3,2,5,3,1,0,0,1,0,0,0,7.32348E+20,5.72783E+21,1.23591E+16,5.16534E+16
166800,,15,0,82,256,2017,9,19,3,3,1,5,0,1,0,1,0,2,1,7.08127E+20,5.74282E+21,1.20184E+16,5.17974E+16
166801,,15,0,89,30,2017,9,15,3,3,0,7,1,0,0,0,1,0,0,6.88904E+20,5.74177E+21,1.17394E+16,5.17948E+16
166802,,15,0,3,0,2017,9,16,3,3,5,2,1,1,0,0,0,0,0,6.79408E+20,5.77648E+21,1.162E+16,5.21097E+16
166803,,15,0,3,0,2017,9,14,3,3,5,3,0,1,0,0,0,0,0,6.81611E+20,5.77846E+21,1.16532E+16,5.21268E+16
166804,,15,0,3,0,2017,9,15,3,3,6,7,1,0,1,0,0,0,0,6.79485E+20,5.78284E+21,1.16245E+16,5.21668E+16
166805,,15,0,83,490,2017,9,23,3,1,0,1,1,0,0,0,0,2,0,6.73442E+20,5.76804E+21,1.15287E+16,5.20358E+16
166806,,15,0,83,531,2017,9,16,3,3,6,4,0,1,1,0,0,0,0,6.68077E+20,5.77042E+21,1.14517E+16,5.20588E+16
166807,,15,0,83,270,2017,9,10,3,2,3,2,1,1,0,0,0,0,1,6.64177E+20,5.79512E+21,1.14068E+16,5.22819E+16
166808,,15,0,3,0,2017,9,16,2,3,5,3,1,1,0,0,0,0,0,6.78278E+20,5.77491E+21,1.16027E+16,5.2096E+16
166809,,15,0,2,0,2017,9,16,2,3,5,3,1,1,0,0,0,0,0,7.06701E+20,5.70578E+21,1.19759E+16,5.14654E+16
166810,,15,0,2,0,2017,9,8,2,3,5,3,1,1,0,0,0,0,1,7.07783E+20,5.71091E+21,1.19945E+16,5.1511E+16
166811,,15,0,2,0,2017,9,8,2,3,5,3,1,1,0,0,0,0,1,7.06446E+20,5.70795E+21,1.19735E+16,5.1485E+16
166812,,15,0,84,355,2017,9,14,2,3,0,3,0,1,0,1,1,0,1,6.97247E+20,5.67125E+21,1.18209E+16,5.11587E+16
166813,,15,0,91,375,2017,9,7,2,3,4,2,0,1,0,1,0,0,0,7.51275E+20,5.75349E+21,1.26507E+16,5.18754E+16
166814,,15,0,3,0,2017,9,15,2,3,8,7,0,1,0,0,0,0,0,6.79358E+20,5.77742E+21,1.16198E+16,5.21182E+16
166815,,15,0,3,0,2017,9,14,2,3,1,5,0,1,0,1,0,0,0,6.80621E+20,5.77912E+21,1.16391E+16,5.2133E+16
166816,,15,0,3,0,2017,9,12,2,3,3,6,0,1,0,0,0,0,0,6.8192E+20,5.77463E+21,1.16556E+16,5.20923E+16
166817,,15,0,3,0,2017,9,9,2,3,5,2,0,1,0,0,1,0,0,6.78744E+20,5.78191E+21,1.16131E+16,5.21587E+16
166818,,15,0,83,270,2017,9,15,2,3,5,2,1,1,0,0,0,0,0,6.64284E+20,5.79628E+21,1.14089E+16,5.22923E+16
166819,,15,0,81,135,2017,9,16,2,3,2,2,0,1,0,1,0,0,0,6.62347E+20,5.8223E+21,1.13932E+16,5.25266E+16
166820,,15,0,2,0,2017,9,18,1,3,0,1,1,0,0,0,0,0,1,7.05268E+20,5.70752E+21,1.19563E+16,5.14815E+16
166821,,15,0,82,340,2017,9,15,1,3,5,3,0,1,0,0,0,0,0,7.22684E+20,5.7167E+21,1.22125E+16,5.15574E+16
166822,,15,0,2,0,2017,9,16,7,3,2,6,0,1,0,0,0,0,0,7.07574E+20,5.70488E+21,1.19879E+16,5.1457E+16
166823,,15,0,2,0,2017,9,12,7,3,3,2,1,0,0,1,0,0,0,7.00943E+20,5.71044E+21,1.18958E+16,5.15093E+16
166824,,15,0,2,0,2017,9,17,7,3,0,3,1,1,0,0,0,0,0,7.03055E+20,5.70803E+21,1.19248E+16,5.14869E+16
166825,,15,0,90,415,2017,9,18,7,3,5,3,1,1,0,0,0,0,0,6.85676E+20,5.85223E+21,1.17535E+16,5.27879E+16
166826,,15,0,3,0,2017,9,15,7,3,4,2,1,1,0,0,0,0,0,6.78797E+20,5.77703E+21,1.16114E+16,5.21149E+16
166827,,15,0,86,40,2017,9,16,7,3,5,3,0,1,0,0,0,0,0,7.14847E+20,5.81098E+21,1.21587E+16,5.24068E+16
166828,,15,0,83,270,2017,9,14,7,2,0,3,1,1,0,0,0,0,0,6.62241E+20,5.7951E+21,1.13784E+16,5.22823E+16
166829,,15,0,81,135,2017,9,9,7,2,4,3,0,1,0,0,0,0,0,6.61056E+20,5.82338E+21,1.13747E+16,5.25366E+16
166830,,15,0,88,220,2017,9,9,6,3,5,3,1,1,0,0,0,0,0,7.08277E+20,5.69411E+21,1.19917E+16,5.136E+16
166831,,15,0,2,0,2017,9,6,6,3,0,1,0,0,0,1,0,1,0,7.05937E+20,5.7075E+21,1.19659E+16,5.14811E+16
166832,,15,0,2,0,2017,9,21,6,3,5,2,0,1,0,0,0,2,0,7.02793E+20,5.7058E+21,1.19197E+16,5.1467E+16
166833,,15,0,82,430,2017,9,8,6,3,5,1,1,1,0,0,0,0,0,7.12235E+20,5.76236E+21,1.20899E+16,5.19714E+16
166834,,15,0,89,310,2017,9,19,6,3,0,5,1,1,0,0,0,0,1,6.77103E+20,5.74841E+21,1.15719E+16,5.18584E+16
166835,,15,0,90,535,2017,9,15,6,3,2,6,0,1,0,0,0,0,0,6.92272E+20,5.82945E+21,1.18379E+16,5.25811E+16
166836,,15,0,89,305,2017,9,13,6,2,5,3,0,1,0,1,0,0,0,6.88403E+20,5.76622E+21,1.17455E+16,5.20146E+16
166837,,15,0,3,0,2017,9,3,6,3,5,2,1,1,0,0,0,2,0,6.8008E+20,5.78274E+21,1.16331E+16,5.21657E+16
166838,,15,0,3,0,2017,9,15,6,3,3,2,1,1,0,0,0,0,0,6.82244E+20,5.77787E+21,1.16621E+16,5.21213E+16
166839,,15,0,3,0,2017,9,14,6,2,5,3,1,0,0,0,1,0,0,6.80606E+20,5.78072E+21,1.16397E+16,5.21474E+16
166840,,15,0,85,55,2017,9,11,6,3,5,3,0,1,0,0,1,0,0,6.35686E+20,5.74009E+21,1.09676E+16,5.17952E+16
166841,,15,0,85,330,2017,9,15,6,3,6,6,1,0,1,0,0,0,0,6.40963E+20,5.73525E+21,1.10421E+16,5.17504E+16
166842,,15,0,88,319,2017,9,14,5,3,6,4,0,1,1,0,0,0,0,6.95357E+20,5.70882E+21,1.18145E+16,5.14967E+16
166843,,15,0,88,65,2017,9,15,5,3,2,2,0,1,0,0,0,0,0,6.98751E+20,5.68653E+21,1.18508E+16,5.12953E+16
166844,,15,0,2,0,2017,9,9,5,3,5,3,1,1,0,0,0,0,0,7.0673E+20,5.70723E+21,1.19772E+16,5.14784E+16
166845,,15,0,2,0,2017,9,13,5,3,5,3,1,1,0,0,0,0,0,7.05694E+20,5.70759E+21,1.19625E+16,5.1482E+16
166846,,15,0,2,0,2017,9,18,5,3,3,2,0,1,0,0,1,1,0,7.02882E+20,5.70694E+21,1.19217E+16,5.14771E+16
166847,,15,0,91,20,2017,9,9,5,3,0,1,1,0,0,0,0,0,0,7.61216E+20,5.73768E+21,1.27829E+16,5.17291E+16
166848,,15,0,1,0,2017,9,8,5,3,1,5,0,1,0,0,0,0,0,7.23278E+20,5.74901E+21,1.22418E+16,5.18472E+16
166849,,15,0,90,535,2017,9,18,5,2,5,3,1,1,0,0,0,0,0,6.93575E+20,5.8322E+21,1.18587E+16,5.26053E+16
166850,,15,0,90,535,2017,9,15,5,3,2,6,0,1,0,0,0,0,0,6.93814E+20,5.83274E+21,1.18626E+16,5.26101E+16
166851,,15,0,89,305,2017,9,16,5,3,2,2,1,1,0,0,0,0,0,6.86645E+20,5.76611E+21,1.17199E+16,5.20142E+16
166852,,15,0,3,0,2017,9,7,5,3,5,2,1,1,0,0,0,0,0,6.81183E+20,5.7756E+21,1.16454E+16,5.21013E+16
166853,,15,0,85,135,2017,9,6,5,3,6,4,0,1,1,0,0,0,0,6.42287E+20,5.75159E+21,1.1068E+16,5.18968E+16
166854,,15,0,81,455,2017,9,15,5,3,5,3,0,1,0,0,0,0,0,6.44877E+20,5.85771E+21,1.11515E+16,5.28496E+16
166855,,15,0,88,305,2017,9,13,4,3,0,6,1,1,0,0,0,0,0,6.81819E+20,5.69499E+21,1.16126E+16,5.1377E+16
166856,,15,0,87,130,2017,9,11,4,2,6,4,0,1,1,0,0,0,0,6.76989E+20,5.71146E+21,1.15515E+16,5.15265E+16
166857,,15,0,2,0,2017,9,19,4,3,0,7,0,0,0,0,1,2,0,7.02447E+20,5.71137E+21,1.19179E+16,5.15171E+16
166858,,15,0,2,0,2017,9,13,4,3,0,1,1,0,0,0,0,0,1,7.06015E+20,5.70993E+21,1.19685E+16,5.15029E+16
166859,,15,0,2,0,2017,9,15,4,3,5,2,1,1,0,0,0,0,1,7.05261E+20,5.70753E+21,1.19562E+16,5.14816E+16
166860,,15,0,2,0,2017,9,14,4,2,6,4,1,0,1,0,0,0,1,7.06264E+20,5.70729E+21,1.19705E+16,5.14791E+16
166861,,15,0,84,235,2017,9,19,4,2,0,1,1,0,0,0,0,0,0,7.16619E+20,5.67192E+21,1.20979E+16,5.11577E+16
166862,,15,0,91,375,2017,9,14,4,3,3,2,0,1,0,1,0,0,1,7.51412E+20,5.7537E+21,1.26528E+16,5.18773E+16
166863,,15,0,91,375,2017,9,9,4,3,1,5,1,1,0,0,0,0,0,7.51678E+20,5.75364E+21,1.26566E+16,5.18767E+16
166864,,15,0,3,0,2017,9,16,4,3,3,2,1,0,0,0,1,0,0,6.78228E+20,5.77658E+21,1.16028E+16,5.2111E+16
166865,,15,0,86,55,2017,9,8,4,2,1,5,0,1,0,0,0,0,0,6.93932E+20,5.77343E+21,1.18301E+16,5.20774E+16
166866,,15,0,85,330,2017,9,16,4,3,1,5,0,1,0,0,1,0,0,6.40091E+20,5.7345E+21,1.10292E+16,5.17438E+16
166867,,15,0,2,0,2017,9,14,3,3,0,3,1,1,0,0,0,0,0,7.04269E+20,5.70756E+21,1.1942E+16,5.14822E+16
166868,,15,0,2,0,2017,9,18,3,3,5,2,1,1,0,0,0,0,0,7.06834E+20,5.70825E+21,1.19793E+16,5.14875E+16
166869,,15,0,2,0,2017,9,14,3,3,5,3,1,1,0,0,0,0,0,7.05223E+20,5.70542E+21,1.19544E+16,5.14627E+16
166870,,15,0,84,550,2017,9,16,3,3,5,7,1,1,0,0,0,0,0,7.08254E+20,5.67628E+21,1.1981E+16,5.11999E+16
166871,,15,0,91,375,2017,9,12,3,3,1,5,0,1,0,1,0,0,0,7.51745E+20,5.75355E+21,1.26575E+16,5.18758E+16
166872,,15,0,1,0,2017,9,7,3,3,5,4,0,1,1,0,0,0,0,7.23128E+20,5.74797E+21,1.22389E+16,5.18379E+16
166873,,15,0,1,0,2017,9,15,3,3,5,3,1,1,0,0,0,0,0,7.23173E+20,5.74787E+21,1.22395E+16,5.18369E+16
166874,,15,0,82,430,2017,9,13,3,3,5,3,1,1,0,0,0,0,0,7.13307E+20,5.7604E+21,1.21043E+16,5.19534E+16
166875,,15,0,82,180,2017,9,16,3,2,5,3,1,1,0,0,0,0,0,7.05529E+20,5.73557E+21,1.19765E+16,5.17333E+16
166876,,15,0,82,180,2017,9,21,3,3,5,3,1,1,0,0,0,2,0,7.05551E+20,5.7373E+21,1.19778E+16,5.17488E+16
166877,,15,0,82,180,2017,9,5,3,3,5,3,1,1,0,0,0,1,0,7.03695E+20,5.73717E+21,1.19509E+16,5.17483E+16
166878,,15,0,90,520,2017,9,9,3,3,3,2,1,1,0,0,0,0,0,6.85262E+20,5.8642E+21,1.17542E+16,5.28955E+16
166879,,15,0,90,535,2017,9,16,3,1,5,3,1,1,0,0,0,0,0,6.91734E+20,5.83583E+21,1.18337E+16,5.26385E+16
166880,,15,0,90,415,2017,9,11,3,3,0,1,1,0,0,0,0,0,0,6.85911E+20,5.85065E+21,1.17561E+16,5.27736E+16
166881,,15,0,3,0,2017,9,14,3,3,6,7,0,1,1,0,0,0,0,6.80863E+20,5.78195E+21,1.16441E+16,5.21584E+16
166882,,15,0,3,0,2017,9,18,3,3,5,3,1,1,0,0,0,0,0,6.80049E+20,5.78156E+21,1.1632E+16,5.21552E+16
166883,,15,0,3,0,2017,9,13,3,3,2,2,0,1,0,0,0,0,0,6.81566E+20,5.78103E+21,1.16539E+16,5.21499E+16
166884,,15,0,85,135,2017,9,8,3,3,5,3,0,1,0,0,0,0,0,6.41515E+20,5.75E+21,1.10561E+16,5.18828E+16
166885,,15,0,85,135,2017,9,7,3,3,1,5,0,1,0,0,1,0,0,6.41911E+20,5.75124E+21,1.10624E+16,5.18939E+16
166886,,15,0,88,305,2017,9,7,2,3,1,5,0,1,0,0,0,0,0,6.81497E+20,5.69505E+21,1.1608E+16,5.13776E+16
166887,,15,0,1,0,2017,9,17,2,2,5,7,1,1,0,0,0,0,0,7.21013E+20,5.75431E+21,1.22123E+16,5.18957E+16
166888,,15,0,1,0,2017,9,14,2,3,6,1,0,0,1,0,1,0,0,7.24204E+20,5.7485E+21,1.22549E+16,5.18423E+16
166889,,15,0,82,377,2017,9,16,2,2,5,3,1,1,0,0,0,0,0,7.11473E+20,5.72886E+21,1.20584E+16,5.16709E+16
166890,,15,0,82,180,2017,9,12,2,3,5,3,1,1,0,0,0,0,0,7.05844E+20,5.73684E+21,1.19818E+16,5.17446E+16
166891,,15,0,90,535,2017,9,5,2,3,5,3,1,1,0,0,0,1,1,6.92411E+20,5.8316E+21,1.18412E+16,5.26003E+16
166892,,15,0,90,535,2017,9,9,2,3,5,2,1,1,0,0,0,0,0,6.93686E+20,5.83148E+21,1.186E+16,5.25988E+16
166893,,15,0,3,0,2017,9,19,2,2,6,4,0,1,1,0,0,1,1,6.80615E+20,5.77883E+21,1.16388E+16,5.21304E+16
166894,,15,0,3,0,2017,9,8,2,3,0,4,0,1,1,0,0,0,0,6.78604E+20,5.77974E+21,1.161E+16,5.21392E+16
166895,,15,0,85,370,2017,9,21,2,3,4,2,0,1,0,1,0,2,0,6.22792E+20,5.74503E+21,1.07825E+16,5.18426E+16
166896,,15,0,85,135,2017,9,16,2,2,6,4,0,1,1,0,0,0,1,6.40923E+20,5.75177E+21,1.10483E+16,5.18989E+16
166897,,15,0,81,455,2017,9,11,2,3,5,3,1,1,0,0,0,0,0,6.45116E+20,5.85853E+21,1.11554E+16,5.28569E+16
166898,,15,0,2,0,2017,9,14,1,3,6,7,0,0,1,0,1,0,0,7.05629E+20,5.7081E+21,1.19618E+16,5.14866E+16
166899,,15,0,1,0,2017,9,10,1,3,5,2,1,1,0,0,0,0,0,7.23121E+20,5.74798E+21,1.22388E+16,5.1838E+16
166900,,15,0,3,0,2017,9,12,1,3,3,6,1,0,0,0,0,0,0,6.783E+20,5.77664E+21,1.16039E+16,5.21115E+16
166901,,15,0,85,227,2017,9,11,1,3,8,7,1,0,0,0,0,0,0,6.20518E+20,5.75365E+21,1.07525E+16,5.19205E+16
166902,,15,0,83,270,2017,9,1,1,3,5,3,1,1,0,0,0,2,0,6.6446E+20,5.79617E+21,1.14115E+16,5.22913E+16
166903,,15,0,87,370,2017,9,13,7,2,2,6,0,1,0,0,1,0,0,6.59495E+20,5.70444E+21,1.12963E+16,5.14686E+16
166904,,15,0,87,386,2017,9,11,7,3,0,2,1,0,0,0,0,0,0,6.86927E+20,5.70823E+21,1.16929E+16,5.14943E+16
166905,,15,0,2,0,2017,9,14,7,3,5,2,1,0,0,0,1,0,0,7.04764E+20,5.71016E+21,1.19506E+16,5.15054E+16
166906,,15,0,89,305,2017,9,15,7,3,5,3,0,1,0,0,0,0,0,6.86018E+20,5.76662E+21,1.1711E+16,5.2019E+16
166907,,15,0,3,0,2017,9,12,7,3,0,7,0,0,0,1,0,0,0,6.82987E+20,5.77253E+21,1.16701E+16,5.20731E+16
166908,,15,0,3,0,2017,9,10,7,2,5,2,1,1,0,0,0,0,0,6.8293E+20,5.77691E+21,1.16716E+16,5.21124E+16
166909,,15,0,85,370,2017,9,10,7,3,5,3,1,1,0,0,0,0,0,6.23249E+20,5.74379E+21,1.07887E+16,5.18313E+16
166910,,15,0,85,370,2017,9,23,7,2,4,6,0,1,0,1,0,2,0,6.22842E+20,5.74455E+21,1.0783E+16,5.18382E+16
166911,,15,0,2,0,2017,9,14,6,3,5,3,1,1,0,0,0,0,0,7.03849E+20,5.70703E+21,1.19356E+16,5.14776E+16
166912,,15,0,91,110,2017,9,22,6,2,7,5,0,1,0,1,0,2,0,7.38512E+20,5.73597E+21,1.24536E+16,5.17239E+16
166913,,15,0,82,256,2017,9,18,6,3,0,6,1,1,0,0,0,0,0,7.02301E+20,5.73892E+21,1.19318E+16,5.17646E+16
166914,,15,0,89,30,2017,9,10,6,3,4,2,1,1,0,0,0,0,0,6.8964E+20,5.74064E+21,1.17494E+16,5.17844E+16
166915,,15,0,89,305,2017,9,14,6,3,1,6,0,1,0,0,0,0,0,6.87549E+20,5.76608E+21,1.1733E+16,5.20137E+16
166916,,15,0,3,0,2017,9,13,6,3,3,6,0,1,0,0,1,0,0,6.80405E+20,5.78151E+21,1.16372E+16,5.21545E+16
166917,,15,0,3,0,2017,9,16,6,3,3,2,0,1,0,1,0,0,0,6.77711E+20,5.77704E+21,1.15955E+16,5.21153E+16
166918,,15,0,85,330,2017,9,8,6,3,2,6,0,1,0,0,1,0,0,6.44163E+20,5.73577E+21,1.10887E+16,5.17543E+16
166919,,15,0,81,135,2017,9,11,6,2,5,3,0,1,0,0,0,0,0,6.62843E+20,5.82093E+21,1.13998E+16,5.25142E+16
166920,,15,0,88,65,2017,9,7,5,3,8,1,0,1,0,0,0,0,1,7.03405E+20,5.68416E+21,1.19161E+16,5.12724E+16
166921,,15,0,87,370,2017,9,11,5,3,5,3,1,1,0,0,0,0,1,6.59871E+20,5.70508E+21,1.1302E+16,5.14742E+16
166922,,15,0,2,0,2017,9,5,5,3,1,1,0,1,0,1,0,2,1,7.05785E+20,5.70667E+21,1.19633E+16,5.14737E+16
166923,,15,0,2,0,2017,9,18,5,3,1,5,1,1,0,0,0,0,0,7.05889E+20,5.70859E+21,1.19659E+16,5.14909E+16
166924,,15,0,1,0,2017,9,19,5,3,0,1,1,0,0,0,0,0,0,7.22422E+20,5.7469E+21,1.2228E+16,5.18286E+16
166925,,15,0,89,30,2017,9,14,5,3,0,3,0,0,0,1,1,0,0,6.87751E+20,5.74279E+21,1.17233E+16,5.18044E+16
166926,,15,0,3,0,2017,9,16,5,3,5,3,1,1,0,0,0,0,0,6.79551E+20,5.77727E+21,1.16225E+16,5.21168E+16
166927,,15,0,86,55,2017,9,17,5,3,0,5,1,1,0,0,0,0,0,6.90575E+20,5.77584E+21,1.17825E+16,5.21002E+16
166928,,15,0,83,298,2017,9,14,5,2,6,4,0,1,1,0,0,0,1,6.65829E+20,5.7833E+21,1.14252E+16,5.21752E+16
166929,,15,0,83,565,2017,9,14,5,3,2,5,1,1,0,0,0,0,1,6.78673E+20,5.79227E+21,1.16176E+16,5.22517E+16
166930,,15,0,88,20,2017,9,17,4,2,1,5,1,1,0,0,0,0,0,7.14197E+20,5.68712E+21,1.20724E+16,5.1295E+16
166931,,15,0,2,0,2017,9,11,4,3,5,3,0,1,0,0,0,0,1,7.03282E+20,5.70792E+21,1.1928E+16,5.14859E+16
166932,,15,0,2,0,2017,9,8,4,3,2,6,0,1,0,0,0,0,1,7.06382E+20,5.70674E+21,1.19719E+16,5.14741E+16
166933,,15,0,2,0,2017,9,7,4,3,5,3,1,0,0,0,1,0,0,7.06219E+20,5.70721E+21,1.19698E+16,5.14784E+16
166934,,15,0,2,0,2017,9,6,4,2,5,3,0,1,0,0,0,1,0,7.05588E+20,5.70963E+21,1.19621E+16,5.15004E+16
166935,,15,0,2,0,2017,9,7,4,3,0,3,1,1,0,0,0,0,1,7.06161E+20,5.70649E+21,1.19685E+16,5.14719E+16
166936,,15,0,91,375,2017,9,12,4,3,5,6,1,1,0,0,0,0,1,7.52242E+20,5.75345E+21,1.26647E+16,5.18746E+16
166937,,15,0,91,375,2017,9,17,4,3,5,2,1,1,0,0,0,0,0,7.50843E+20,5.75277E+21,1.26439E+16,5.18692E+16
166938,,15,0,82,430,2017,9,15,4,3,5,3,0,1,0,0,0,0,0,7.1132E+20,5.76031E+21,1.20754E+16,5.19533E+16
166939,,15,0,90,500,2017,9,15,4,3,0,2,0,1,0,0,1,0,0,7.08092E+20,5.83118E+21,1.20722E+16,5.25907E+16
166940,,15,0,89,310,2017,9,6,4,3,4,3,1,0,0,0,0,1,0,6.77953E+20,5.74792E+21,1.15839E+16,5.18537E+16
166941,,15,0,3,0,2017,9,12,4,3,1,5,1,0,0,0,1,0,0,6.80288E+20,5.77848E+21,1.16339E+16,5.21274E+16
166942,,15,0,86,5,2017,9,20,4,3,9,7,0,1,0,0,0,1,0,6.85817E+20,5.78223E+21,1.17166E+16,5.21593E+16
166943,,15,0,81,135,2017,9,15,4,3,5,3,0,1,0,0,0,0,0,6.62785E+20,5.82361E+21,1.14003E+16,5.25382E+16
166944,,15,0,88,205,2017,9,16,3,3,5,3,1,1,0,0,0,0,0,7.09007E+20,5.69107E+21,1.20004E+16,5.13324E+16
166945,,15,0,88,65,2017,9,10,3,3,8,1,0,1,0,0,0,0,0,7.05854E+20,5.68601E+21,1.19523E+16,5.12882E+16
166946,,15,0,87,130,2017,9,16,3,3,5,3,1,1,0,0,0,0,0,6.76666E+20,5.71149E+21,1.15468E+16,5.15269E+16
166947,,15,0,2,0,2017,9,13,3,3,5,2,1,0,0,0,1,0,0,7.06214E+20,5.70885E+21,1.19707E+16,5.14931E+16
166948,,15,0,84,550,2017,9,16,3,3,5,3,0,1,0,1,0,0,0,7.11994E+20,5.68553E+21,1.20399E+16,5.12816E+16
166949,,15,0,82,377,2017,9,13,3,2,4,6,0,1,0,1,0,0,0,7.12178E+20,5.73974E+21,1.20752E+16,5.17683E+16
166950,,15,0,90,535,2017,9,14,3,3,8,3,1,1,0,0,0,0,0,6.92521E+20,5.83272E+21,1.18435E+16,5.26103E+16
166951,,15,0,3,0,2017,9,7,3,3,5,2,1,1,0,0,0,0,0,6.75986E+20,5.78122E+21,1.15725E+16,5.21534E+16
166952,,15,0,3,0,2017,9,15,3,3,3,6,0,1,0,0,1,0,0,6.81173E+20,5.77918E+21,1.16472E+16,5.21334E+16
166953,,15,0,81,455,2017,9,16,3,3,0,1,0,0,0,1,0,0,1,6.4536E+20,5.85742E+21,1.11585E+16,5.28469E+16
166954,,15,0,2,0,2017,9,14,2,3,3,6,1,0,0,0,1,0,0,7.08663E+20,5.7089E+21,1.20059E+16,5.14927E+16
166955,,15,0,2,0,2017,9,14,2,2,6,4,0,1,1,0,0,0,0,7.01886E+20,5.71117E+21,1.19098E+16,5.15155E+16
166956,,15,0,82,180,2017,9,6,2,2,5,3,1,1,0,0,0,1,0,7.05591E+20,5.73716E+21,1.19783E+16,5.17476E+16
166957,,15,0,89,305,2017,9,6,2,3,2,6,0,1,0,0,0,0,0,6.85977E+20,5.76673E+21,1.17105E+16,5.202E+16
166958,,15,0,3,0,2017,9,10,2,3,5,7,0,1,0,0,1,0,0,6.79571E+20,5.77409E+21,1.16211E+16,5.20882E+16
166959,,15,0,3,0,2017,9,7,2,2,0,7,1,0,0,0,0,0,0,6.78814E+20,5.78069E+21,1.16135E+16,5.21477E+16
166960,,15,0,3,0,2017,9,17,2,3,5,2,1,1,0,0,0,0,0,6.7935E+20,5.77742E+21,1.16196E+16,5.21181E+16
166961,,15,0,83,270,2017,9,9,2,2,5,2,1,1,0,0,0,0,0,6.63054E+20,5.79536E+21,1.13905E+16,5.22844E+16
166962,,15,0,81,135,2017,9,17,2,3,4,2,0,1,0,0,0,0,1,6.50009E+20,5.8164E+21,1.12088E+16,5.24771E+16
166963,,15,0,88,220,2017,9,15,1,2,5,3,1,0,0,1,0,0,0,7.08157E+20,5.69211E+21,1.19888E+16,5.13421E+16
166964,,15,0,2,0,2017,9,8,1,3,6,6,0,1,1,0,0,0,0,7.06102E+20,5.71068E+21,1.19701E+16,5.15096E+16
166965,,15,0,2,0,2017,9,12,1,3,5,3,1,1,0,0,0,0,0,7.05979E+20,5.70631E+21,1.19658E+16,5.14704E+16
166966,,15,0,84,355,2017,9,17,1,3,5,3,1,1,0,0,0,0,0,6.95943E+20,5.67011E+21,1.18016E+16,5.11488E+16
166967,,15,0,1,0,2017,9,16,1,3,0,7,1,0,0,0,0,0,0,7.20072E+20,5.74631E+21,1.21936E+16,5.18242E+16
166968,,15,0,3,0,2017,9,15,1,3,0,5,0,0,0,1,0,0,0,6.79871E+20,5.7779E+21,1.16275E+16,5.21223E+16
166969,,15,0,3,0,2017,9,18,1,3,5,7,0,1,0,1,0,0,0,6.81764E+20,5.78287E+21,1.16578E+16,5.21663E+16
166970,,15,0,85,330,2017,9,14,1,2,0,7,0,1,1,0,0,0,0,6.42331E+20,5.73521E+21,1.10619E+16,5.17497E+16
166971,,15,0,83,415,2017,9,13,1,2,2,2,1,1,0,0,0,0,0,6.52791E+20,5.76721E+21,1.12275E+16,5.20344E+16
166972,,15,0,88,220,2017,9,10,7,2,4,2,0,1,0,1,0,0,0,7.08107E+20,5.69506E+21,1.19898E+16,5.13686E+16
166973,,15,0,84,355,2017,9,11,7,3,5,3,1,1,0,0,0,0,0,6.97207E+20,5.6707E+21,1.182E+16,5.11537E+16
166974,,15,0,82,15,2017,9,11,7,2,8,1,0,1,0,0,0,0,0,7.25591E+20,5.72887E+21,1.22622E+16,5.16655E+16
166975,,15,0,88,195,2017,9,19,6,3,5,3,0,1,0,0,0,0,0,7.11777E+20,5.71107E+21,1.2052E+16,5.1511E+16
166976,,15,0,2,0,2017,9,17,6,3,2,6,0,1,0,0,0,0,0,7.04459E+20,5.70738E+21,1.19446E+16,5.14806E+16
166977,,15,0,2,0,2017,9,15,6,3,5,2,1,1,0,0,0,0,0,7.05885E+20,5.70925E+21,1.19662E+16,5.14968E+16
166978,,15,0,2,0,2017,9,12,6,3,1,6,0,1,0,0,0,0,0,7.0678E+20,5.7084E+21,1.19786E+16,5.14889E+16
166979,,15,0,2,0,2017,9,9,6,3,5,2,0,1,0,0,1,0,0,7.05978E+20,5.70668E+21,1.1966E+16,5.14738E+16
166980,,15,0,84,355,2017,9,12,6,3,3,2,1,1,0,0,0,0,0,6.90628E+20,5.66882E+21,1.1725E+16,5.11391E+16
166981,,15,0,1,0,2017,9,14,6,3,3,2,0,1,0,0,1,0,0,7.22969E+20,5.748E+21,1.22366E+16,5.18383E+16
166982,,15,0,1,0,2017,9,14,6,3,1,2,0,1,0,0,0,0,1,7.2332E+20,5.74669E+21,1.22409E+16,5.18264E+16
166983,,15,0,82,15,2017,9,10,6,3,5,3,1,1,0,0,0,0,0,7.25332E+20,5.72887E+21,1.22585E+16,5.16656E+16
166984,,15,0,82,15,2017,9,6,6,3,5,3,0,1,0,1,0,0,0,7.2769E+20,5.72667E+21,1.22911E+16,5.16449E+16
166985,,15,0,90,415,2017,9,13,6,3,2,2,0,1,0,0,0,0,1,6.85827E+20,5.85221E+21,1.17558E+16,5.27876E+16