OBJECTID,UIDENTSTLA,ULAND,UREGBEZ,UKREIS,UGEMEINDE,UJAHR,UMONAT,USTUNDE,UWOCHENTAG,UKATEGORIE,UART,UTYP1,IstRad,IstPKW,IstFuss,IstKrad,IstSonstig,LICHT,STRZUSTAND,LINREFX,LINREFY,XGCSWGS84,YGCSWGS84
166986,,15,0,89,30,2017,9,16,6,3,1,6,0,1,0,0,1,0,1,6.88846E+20,5.74335E+21,1.17394E+16,5.18091E+16
166987,,15,0,3,0,2017,9,17,6,3,5,2,1,1,0,0,0,0,0,6.80062E+20,5.77862E+21,1.16307E+16,5.21287E+16
166988,,15,0,3,0,2017,9,13,6,3,6,2,0,1,1,0,0,0,0,6.7803E+20,5.77573E+21,1.15995E+16,5.21034E+16
166989,,15,0,3,0,2017,9,15,6,2,5,2,1,1,0,0,0,0,0,6.81507E+20,5.78017E+21,1.16526E+16,5.21421E+16
166990,,15,0,86,145,2017,9,13,6,3,3,6,1,1,0,0,0,0,0,6.90228E+20,5.78913E+21,1.17849E+16,5.22197E+16
166991,,15,0,81,280,2017,9,5,6,3,7,7,0,0,0,0,1,2,1,6.45559E+20,5.83228E+21,1.11503E+16,5.2621E+16
166992,,15,0,88,25,2017,9,15,5,2,0,7,0,0,0,1,0,0,0,7.02079E+20,5.69531E+21,1.19035E+16,5.1373E+16
166993,,15,0,2,0,2017,9,9,5,3,5,3,0,1,0,0,1,0,0,7.05972E+20,5.70631E+21,1.19657E+16,5.14704E+16
166994,,15,0,2,0,2017,9,17,5,3,5,3,1,1,0,0,0,0,0,7.03006E+20,5.70633E+21,1.19231E+16,5.14717E+16
166995,,15,0,84,355,2017,9,9,5,3,5,2,1,1,0,0,0,0,0,6.97246E+20,5.67036E+21,1.18204E+16,5.11507E+16
166996,,15,0,1,0,2017,9,15,5,3,5,3,1,1,0,0,0,0,0,7.22052E+20,5.74864E+21,1.22238E+16,5.18443E+16
166997,,15,0,89,42,2017,9,13,5,2,9,1,0,1,0,0,0,0,0,6.80752E+20,5.76476E+21,1.16334E+16,5.2004E+16
166998,,15,0,3,0,2017,9,18,5,3,4,2,0,1,0,0,0,0,0,6.7938E+20,5.77685E+21,1.16198E+16,5.21131E+16
166999,,15,0,3,0,2017,9,17,5,3,5,7,0,1,0,0,1,0,0,6.80539E+20,5.78101E+21,1.16389E+16,5.21501E+16
167000,,15,0,86,40,2017,9,18,5,2,5,2,0,1,0,1,0,0,0,7.15547E+20,5.81052E+21,1.21687E+16,5.24024E+16
167001,,15,0,87,220,2017,9,20,4,2,8,1,0,0,0,1,0,2,0,6.7397E+20,5.72521E+21,1.15148E+16,5.1651E+16
167002,,15,0,2,0,2017,9,10,4,3,6,4,1,0,1,0,0,0,0,7.04382E+20,5.70736E+21,1.19435E+16,5.14804E+16
167003,,15,0,2,0,2017,9,7,4,3,6,4,1,0,1,0,0,0,0,7.05328E+20,5.7059E+21,1.19562E+16,5.1467E+16
167004,,15,0,84,550,2017,9,15,4,3,5,2,1,1,0,0,0,0,0,7.07241E+20,5.67702E+21,1.19669E+16,5.12069E+16
167005,,15,0,91,375,2017,9,16,4,3,1,6,0,1,0,0,0,0,0,7.49819E+20,5.75377E+21,1.26298E+16,5.18787E+16
167006,,15,0,3,0,2017,9,15,4,3,6,4,0,1,1,0,0,0,0,6.80492E+20,5.78118E+21,1.16383E+16,5.21516E+16
167007,,15,0,85,370,2017,9,9,4,3,1,2,0,1,0,0,0,0,0,6.24645E+20,5.74597E+21,1.08097E+16,5.18506E+16
167008,,15,0,83,415,2017,9,17,4,2,5,3,0,1,0,0,0,0,0,6.53148E+20,5.76722E+21,1.12327E+16,5.20344E+16
167009,,15,0,88,195,2017,9,16,3,3,5,2,0,1,0,0,0,0,0,7.19327E+20,5.7133E+21,1.21621E+16,5.15282E+16
167010,,15,0,2,0,2017,9,9,3,3,0,7,0,1,0,0,1,0,0,7.05881E+20,5.70545E+21,1.19639E+16,5.14628E+16
167011,,15,0,2,0,2017,9,7,3,3,0,7,1,0,0,0,0,0,0,7.0235E+20,5.70737E+21,1.19143E+16,5.14812E+16
167012,,15,0,2,0,2017,9,7,3,3,5,3,0,1,0,0,0,0,0,7.01944E+20,5.71062E+21,1.19103E+16,5.15105E+16
167013,,15,0,2,0,2017,9,8,3,3,5,3,0,1,0,0,0,0,0,7.01915E+20,5.71082E+21,1.191E+16,5.15123E+16
167014,,15,0,2,0,2017,9,11,3,3,5,3,1,1,0,0,0,0,0,7.05972E+20,5.70631E+21,1.19657E+16,5.14704E+16
167015,,15,0,84,355,2017,9,9,3,3,5,3,0,1,0,0,0,0,0,6.96111E+20,5.67119E+21,1.18046E+16,5.11585E+16
167016,,15,0,84,550,2017,9,17,3,3,4,6,1,0,0,1,0,0,0,7.07037E+20,5.67646E+21,1.19637E+16,5.1202E+16
167017,,15,0,91,241,2017,9,5,3,2,4,6,0,1,0,0,0,2,0,7.34205E+20,5.74813E+21,1.23995E+16,5.18348E+16
167018,,15,0,1,0,2017,9,10,3,3,5,3,1,1,0,0,0,0,0,7.23497E+20,5.74669E+21,1.22434E+16,5.18262E+16
167019,,15,0,82,180,2017,9,10,3,3,4,3,1,1,0,0,0,0,0,7.05138E+20,5.73717E+21,1.19718E+16,5.17478E+16
167020,,15,0,90,535,2017,9,14,3,3,5,3,0,1,0,0,0,0,0,6.93681E+20,5.83148E+21,1.18599E+16,5.25988E+16
167021,,15,0,3,0,2017,10,22,3,3,5,3,1,1,0,0,0,2,0,6.80662E+20,5.77979E+21,1.164E+16,5.21391E+16
167022,,15,0,3,0,2017,10,11,3,3,3,6,0,1,0,0,0,0,1,6.80568E+20,5.77826E+21,1.16379E+16,5.21254E+16
167023,,15,0,81,135,2017,10,13,3,2,5,3,0,1,0,0,0,0,0,6.64159E+20,5.82256E+21,1.142E+16,5.25283E+16
167024,,15,0,3,0,2017,10,16,2,3,5,3,1,1,0,0,0,0,0,6.78359E+20,5.77373E+21,1.16032E+16,5.20854E+16
167025,,15,0,2,0,2017,10,8,2,3,5,3,1,1,0,0,0,0,0,7.09509E+20,5.7047E+21,1.20156E+16,5.14546E+16
167026,,15,0,2,0,2017,10,10,2,3,6,7,1,0,1,0,0,0,0,7.07356E+20,5.70726E+21,1.19862E+16,5.14784E+16
167027,,15,0,89,175,2017,10,18,2,2,0,3,1,1,0,0,0,1,1,6.74711E+20,5.74721E+21,1.15366E+16,5.18483E+16
167028,,15,0,2,0,2017,11,16,5,3,5,2,1,1,0,0,0,1,0,7.06313E+20,5.70654E+21,1.19708E+16,5.14724E+16
167029,,15,0,91,375,2017,11,14,5,2,6,3,0,1,1,0,0,0,0,7.52311E+20,5.75397E+21,1.2666E+16,5.18794E+16
167030,,15,0,90,535,2017,11,15,5,3,6,4,0,1,1,0,0,0,0,6.92072E+20,5.83175E+21,1.18363E+16,5.26018E+16
167031,,15,0,85,370,2017,11,14,5,3,6,4,0,1,1,0,0,0,0,6.24352E+20,5.74543E+21,1.08053E+16,5.18458E+16
167032,,15,0,88,205,2017,11,12,4,3,1,6,0,1,0,0,0,0,0,7.17132E+20,5.68994E+21,1.21162E+16,5.13192E+16
167033,,15,0,2,0,2017,11,17,4,3,5,2,1,1,0,0,0,0,0,7.07248E+20,5.70551E+21,1.19836E+16,5.14628E+16
167034,,15,0,2,0,2017,11,7,4,3,0,1,1,0,0,0,0,1,1,7.05949E+20,5.70802E+21,1.19664E+16,5.14858E+16
167035,,15,0,2,0,2017,11,17,4,2,5,2,1,0,0,0,1,1,0,7.0855E+20,5.70756E+21,1.20035E+16,5.14807E+16
167036,,15,0,84,355,2017,11,21,4,2,8,1,0,0,0,1,0,2,0,6.9898E+20,5.66952E+21,1.18447E+16,5.11425E+16
167037,,15,0,84,550,2017,11,14,4,2,2,6,1,1,0,0,0,0,0,7.06237E+20,5.67615E+21,1.19521E+16,5.11995E+16
167038,,15,0,2,0,2017,11,18,4,3,0,1,1,0,0,0,0,2,0,7.05438E+20,5.71025E+21,1.19603E+16,5.1506E+16
167039,,15,0,91,375,2017,11,12,4,3,2,2,1,1,0,0,0,0,1,7.51826E+20,5.75295E+21,1.26583E+16,5.18704E+16
167040,,15,0,82,377,2017,11,15,4,3,5,3,1,0,0,0,1,0,0,7.13868E+20,5.72747E+21,1.20921E+16,5.16575E+16
167041,,15,0,82,180,2017,11,22,4,3,3,6,0,1,0,0,0,2,1,7.05985E+20,5.73704E+21,1.1984E+16,5.17463E+16
167042,,15,0,89,30,2017,11,7,4,3,6,4,0,1,1,0,0,0,1,6.89524E+20,5.74134E+21,1.17482E+16,5.17908E+16
167043,,15,0,3,0,2017,11,17,4,3,5,2,1,1,0,0,0,2,1,6.82597E+20,5.77875E+21,1.16677E+16,5.21291E+16
167044,,15,0,3,0,2017,11,7,4,3,5,3,1,1,0,0,0,0,0,6.79452E+20,5.77648E+21,1.16206E+16,5.21097E+16
167045,,15,0,3,0,2017,11,7,4,3,5,3,1,1,0,0,0,0,0,6.78946E+20,5.78192E+21,1.16161E+16,5.21587E+16
167046,,15,0,85,55,2017,11,15,4,3,5,3,1,1,0,0,0,0,0,6.34163E+20,5.74104E+21,1.09459E+16,5.18041E+16
167047,,15,0,81,30,2017,11,14,4,3,0,1,1,0,0,0,0,0,0,6.67114E+20,5.86195E+21,1.14835E+16,5.28813E+16
167048,,15,0,2,0,2017,10,5,3,3,1,1,0,1,0,0,0,2,1,7.06127E+20,5.71069E+21,1.19705E+16,5.15097E+16
167049,,15,0,82,5,2017,10,4,3,3,7,4,0,1,1,0,0,2,1,7.09589E+20,5.74889E+21,1.20433E+16,5.18514E+16
167050,,15,0,3,0,2017,10,9,3,3,1,5,1,1,0,0,0,0,1,6.83642E+20,5.77817E+21,1.16826E+16,5.21235E+16
167051,,15,0,88,195,2017,10,13,2,3,9,7,0,1,0,0,0,0,2,7.10056E+20,5.714E+21,1.2029E+16,5.1538E+16
167052,,15,0,88,220,2017,10,12,2,3,6,2,0,1,1,0,0,0,0,7.08278E+20,5.69414E+21,1.19917E+16,5.13603E+16
167053,,15,0,2,0,2017,10,10,2,3,6,2,0,1,1,0,0,0,0,7.05889E+20,5.70868E+21,1.19659E+16,5.14917E+16
167054,,15,0,2,0,2017,10,21,2,3,5,3,0,1,0,0,0,2,0,7.05642E+20,5.70353E+21,1.19594E+16,5.14455E+16
167055,,15,0,84,550,2017,10,13,2,3,3,6,1,1,0,0,0,0,0,7.05762E+20,5.68187E+21,1.19486E+16,5.1251E+16
167056,,15,0,91,375,2017,10,11,2,3,5,3,1,1,0,0,0,0,0,7.51451E+20,5.75349E+21,1.26532E+16,5.18754E+16
167057,,15,0,89,310,2017,10,22,2,2,9,1,0,1,0,0,0,2,0,6.77711E+20,5.7478E+21,1.15804E+16,5.18526E+16
167058,,15,0,89,305,2017,10,10,2,3,1,7,1,1,0,0,0,0,0,6.87166E+20,5.7658E+21,1.17273E+16,5.20113E+16
167059,,15,0,3,0,2017,10,9,2,3,5,2,1,0,0,0,1,0,0,6.79755E+20,5.77481E+21,1.16242E+16,5.20946E+16
167060,,15,0,85,330,2017,10,16,2,3,0,6,0,1,1,0,1,0,0,6.41511E+20,5.73497E+21,1.10499E+16,5.17478E+16
167061,,15,0,85,330,2017,10,10,2,3,6,4,0,1,1,0,0,0,0,6.40234E+20,5.7347E+21,1.10313E+16,5.17457E+16
167062,,15,0,81,455,2017,10,14,2,3,1,7,0,1,0,0,0,0,0,6.44709E+20,5.85836E+21,1.11493E+16,5.28555E+16
167063,,15,0,87,220,2017,10,10,1,2,6,4,0,1,1,0,0,0,0,6.72992E+20,5.72574E+21,1.1501E+16,5.1656E+16
167064,,15,0,3,0,2017,10,14,1,2,5,3,1,1,0,0,0,0,0,6.82408E+20,5.77383E+21,1.16623E+16,5.2085E+16
167065,,15,0,3,0,2017,10,7,1,3,1,7,0,1,0,0,0,1,1,6.76018E+20,5.78119E+21,1.1573E+16,5.21531E+16
167066,,15,0,85,135,2017,10,8,1,3,0,6,1,1,0,0,0,0,0,6.41017E+20,5.75106E+21,1.10493E+16,5.18924E+16
167067,,15,0,85,235,2017,10,15,1,3,1,2,0,1,0,0,0,0,0,6.48323E+20,5.73301E+21,1.11477E+16,5.17284E+16
167068,,15,0,82,180,2017,10,23,7,3,5,3,0,1,0,0,0,2,1,7.06178E+20,5.73781E+21,1.19872E+16,5.17532E+16
167069,,15,0,82,180,2017,10,17,7,3,2,5,0,1,0,0,0,0,1,7.05571E+20,5.73724E+21,1.19781E+16,5.17483E+16
167070,,15,0,86,140,2017,10,10,7,3,0,7,0,0,0,1,1,0,1,7.05875E+20,5.79395E+21,1.20166E+16,5.22574E+16
167071,,15,0,85,235,2017,10,0,7,3,9,1,0,1,0,0,0,2,0,6.48575E+20,5.73636E+21,1.11528E+16,5.17584E+16
167072,,15,0,85,135,2017,10,11,7,2,1,6,0,1,0,0,0,0,0,6.41569E+20,5.75122E+21,1.10574E+16,5.18937E+16
167073,,15,0,85,135,2017,10,11,7,2,1,6,0,1,0,0,0,0,0,6.41576E+20,5.75122E+21,1.10575E+16,5.18937E+16
167074,,15,0,83,390,2017,10,14,7,2,0,5,0,1,0,0,0,0,0,6.70393E+20,5.7899E+21,1.14952E+16,5.22331E+16
167075,,15,0,3,0,2017,10,10,6,3,2,6,0,1,0,0,0,0,0,6.79889E+20,5.77772E+21,1.16277E+16,5.21207E+16
167076,,15,0,2,0,2017,10,10,6,3,0,7,1,1,0,0,0,0,0,7.05906E+20,5.70908E+21,1.19664E+16,5.14953E+16
167077,,15,0,2,0,2017,10,17,6,3,2,6,0,1,0,0,0,1,0,7.05722E+20,5.70389E+21,1.19607E+16,5.14487E+16
167078,,15,0,2,0,2017,10,18,6,3,5,3,1,1,0,0,0,0,0,7.06477E+20,5.70728E+21,1.19736E+16,5.1479E+16
167079,,15,0,2,0,2017,10,14,6,2,0,1,1,0,0,0,0,0,1,7.06238E+20,5.70673E+21,1.19698E+16,5.14741E+16
167080,,15,0,84,315,2017,10,12,6,3,5,3,0,1,0,0,1,0,1,7.10675E+20,5.67442E+21,1.20145E+16,5.11823E+16
167081,,15,0,3,0,2017,10,7,6,3,5,3,1,0,0,0,1,1,0,6.76421E+20,5.78152E+21,1.1579E+16,5.21559E+16
167082,,15,0,3,0,2017,10,7,6,3,2,6,0,1,0,0,0,1,1,6.81441E+20,5.77527E+21,1.1649E+16,5.20982E+16
167083,,15,0,85,190,2017,10,13,6,2,6,7,0,1,1,0,0,0,0,6.16359E+20,5.74669E+21,1.06897E+16,5.18589E+16
167084,,15,0,3,0,2017,10,11,5,3,2,2,0,1,0,0,1,0,0,6.8006E+20,5.77861E+21,1.16306E+16,5.21287E+16
167085,,15,0,88,205,2017,10,9,5,3,5,3,0,1,0,1,0,0,0,7.10592E+20,5.6906E+21,1.20228E+16,5.13276E+16
167086,,15,0,87,130,2017,10,18,5,3,5,3,0,1,0,0,0,2,0,6.77467E+20,5.71092E+21,1.15581E+16,5.15215E+16
167087,,15,0,2,0,2017,10,15,5,3,2,6,1,1,0,0,0,0,1,7.06638E+20,5.70899E+21,1.19769E+16,5.14943E+16
167088,,15,0,2,0,2017,10,7,5,3,4,2,1,0,0,0,1,2,0,7.0501E+20,5.70492E+21,1.19511E+16,5.14582E+16
167089,,15,0,84,355,2017,10,11,5,3,4,1,0,1,0,0,0,0,0,6.90858E+20,5.66806E+21,1.17279E+16,5.11322E+16
167090,,15,0,84,355,2017,10,15,5,3,5,2,1,1,0,0,0,0,0,6.96637E+20,5.67018E+21,1.18116E+16,5.11492E+16
167091,,15,0,82,430,2017,10,15,5,3,5,3,1,1,0,0,0,0,0,7.1251E+20,5.7611E+21,1.20931E+16,5.19599E+16
167092,,15,0,82,180,2017,10,8,5,3,0,1,1,0,0,0,0,0,0,7.05287E+20,5.73708E+21,1.19739E+16,5.17469E+16
167093,,15,0,90,415,2017,10,7,5,3,0,3,0,1,0,1,0,2,1,6.89604E+20,5.85688E+21,1.18144E+16,5.28282E+16
167094,,15,0,89,305,2017,10,10,5,3,5,3,1,1,0,0,0,0,0,6.87608E+20,5.76625E+21,1.1734E+16,5.20151E+16
167095,,15,0,3,0,2017,10,17,5,2,9,1,0,0,0,1,0,0,0,6.7947E+20,5.7756E+21,1.16204E+16,5.21018E+16
167096,,15,0,3,0,2017,10,15,5,3,6,4,0,1,1,0,0,0,0,6.79882E+20,5.78357E+21,1.16306E+16,5.21732E+16
167097,,15,0,81,455,2017,10,15,5,3,5,3,1,1,0,0,0,0,0,6.45389E+20,5.85786E+21,1.11591E+16,5.28508E+16
167098,,15,0,88,25,2017,10,13,4,3,5,3,0,1,0,0,1,0,0,6.98019E+20,5.69309E+21,1.1844E+16,5.13545E+16
167099,,15,0,88,220,2017,10,15,4,3,5,3,1,1,0,0,0,0,0,7.08601E+20,5.69266E+21,1.19955E+16,5.13469E+16
167100,,15,0,2,0,2017,10,9,4,3,1,5,1,1,0,0,0,0,0,7.05852E+20,5.70913E+21,1.19656E+16,5.14958E+16
167101,,15,0,84,550,2017,10,12,4,2,5,3,0,1,0,1,0,0,0,7.09279E+20,5.67627E+21,1.19956E+16,5.11994E+16
167102,,15,0,82,15,2017,10,11,4,3,5,3,1,1,0,0,0,0,0,7.25461E+20,5.73143E+21,1.2262E+16,5.16885E+16
167103,,15,0,90,225,2017,10,7,4,3,5,3,0,1,0,1,0,2,1,7.07633E+20,5.8576E+21,1.20821E+16,5.28281E+16
167104,,15,0,90,520,2017,10,16,4,3,6,4,0,1,1,0,0,0,1,6.85319E+20,5.86356E+21,1.17547E+16,5.28897E+16
167105,,15,0,3,0,2017,10,12,4,3,4,2,0,0,0,1,1,0,0,6.81497E+20,5.78157E+21,1.16532E+16,5.21548E+16
167106,,15,0,3,0,2017,10,22,4,3,0,7,0,0,0,1,0,2,0,6.79465E+20,5.77568E+21,1.16204E+16,5.21025E+16
167107,,15,0,85,230,2017,10,14,4,3,5,3,1,1,0,0,0,0,0,6.13805E+20,5.76383E+21,1.06583E+16,5.20134E+16
167108,,15,0,88,220,2017,10,6,3,3,5,3,1,1,0,0,0,2,0,7.08361E+20,5.69349E+21,1.19925E+16,5.13544E+16
167109,,15,0,88,20,2017,10,15,3,2,8,1,0,1,0,0,0,0,0,7.13771E+20,5.68454E+21,1.20648E+16,5.1272E+16
167110,,15,0,2,0,2017,10,6,3,3,5,3,1,1,0,0,0,2,1,7.05025E+20,5.70543E+21,1.19516E+16,5.14628E+16
167111,,15,0,2,0,2017,10,11,3,3,5,2,1,1,0,0,0,0,0,7.03574E+20,5.70955E+21,1.19331E+16,5.15004E+16
167112,,15,0,84,550,2017,10,8,3,3,0,7,0,0,0,1,0,0,0,7.08305E+20,5.67618E+21,1.19817E+16,5.1199E+16
167113,,15,0,91,375,2017,10,20,3,3,1,3,1,1,0,0,0,2,0,7.5204E+20,5.75399E+21,1.26621E+16,5.18796E+16
167114,,15,0,1,0,2017,10,8,3,3,5,3,0,1,0,0,0,0,1,7.22364E+20,5.75347E+21,1.22314E+16,5.18875E+16
167115,,15,0,89,15,2017,10,15,3,2,9,1,0,1,0,0,0,0,0,6.70426E+20,5.73663E+21,1.14692E+16,5.17546E+16
167116,,15,0,3,0,2017,10,8,3,2,5,3,0,1,0,1,0,0,1,6.78642E+20,5.77927E+21,1.16103E+16,5.2135E+16
167117,,15,0,3,0,2017,10,18,3,3,4,5,1,1,0,0,0,1,0,6.75997E+20,5.77501E+21,1.15695E+16,5.20976E+16
167118,,15,0,3,0,2017,10,8,3,3,5,3,1,1,0,0,0,0,0,6.78669E+20,5.77691E+21,1.16094E+16,5.21138E+16
167119,,15,0,3,0,2017,10,8,3,3,5,3,0,1,0,0,0,0,0,6.816E+20,5.78248E+21,1.16552E+16,5.21629E+16
167120,,15,0,3,0,2017,10,19,3,3,5,3,1,1,0,0,0,2,1,6.81475E+20,5.77964E+21,1.16518E+16,5.21374E+16
167121,,15,0,88,330,2017,10,7,2,3,2,6,0,1,0,0,0,1,1,7.07596E+20,5.69763E+21,1.1984E+16,5.13919E+16
167122,,15,0,2,0,2017,10,16,2,3,2,2,0,1,0,0,0,0,0,7.06062E+20,5.70208E+21,1.19646E+16,5.14324E+16
167123,,15,0,2,0,2017,10,16,2,3,2,6,0,1,0,0,0,0,0,7.05039E+20,5.70289E+21,1.19503E+16,5.144E+16
167124,,15,0,2,0,2017,10,13,2,3,3,6,0,1,0,0,0,0,1,7.05788E+20,5.70734E+21,1.19637E+16,5.14797E+16
167125,,15,0,2,0,2017,10,14,2,3,5,3,0,1,0,1,0,0,0,7.06444E+20,5.70795E+21,1.19735E+16,5.14849E+16
167126,,15,0,91,375,2017,10,11,2,3,6,7,0,0,1,0,1,0,1,7.52188E+20,5.7539E+21,1.26642E+16,5.18787E+16
167127,,15,0,1,0,2017,10,11,2,3,1,6,0,1,0,0,0,0,0,7.21312E+20,5.74663E+21,1.22117E+16,5.18266E+16
167128,,15,0,1,0,2017,10,6,2,3,5,3,0,1,0,0,1,1,1,7.22944E+20,5.74806E+21,1.22363E+16,5.18387E+16
167129,,15,0,90,535,2017,10,15,2,3,5,3,1,1,0,0,0,0,0,6.93914E+20,5.83248E+21,1.18639E+16,5.26077E+16
167130,,15,0,90,535,2017,10,10,2,2,6,4,0,1,1,0,0,0,1,6.9214E+20,5.83149E+21,1.18372E+16,5.25994E+16
167131,,15,0,89,305,2017,10,15,2,3,5,3,0,1,0,0,1,0,0,6.87901E+20,5.76631E+21,1.17383E+16,5.20156E+16
167132,,15,0,89,310,2017,10,7,2,3,3,5,0,1,0,1,0,1,1,6.79148E+20,5.74691E+21,1.16008E+16,5.18442E+16
167133,,15,0,3,0,2017,10,18,2,3,5,3,1,1,0,0,0,0,1,6.79868E+20,5.77741E+21,1.16272E+16,5.21179E+16
167134,,15,0,3,0,2017,10,20,2,2,5,3,0,1,0,0,0,2,1,6.80629E+20,5.77508E+21,1.1637E+16,5.20968E+16
167135,,15,0,85,135,2017,10,20,2,3,5,3,0,1,0,0,0,2,1,6.41578E+20,5.75046E+21,1.10572E+16,5.18869E+16
167136,,15,0,2,0,2017,10,15,1,2,6,4,0,1,1,0,0,0,0,7.05651E+20,5.71086E+21,1.19638E+16,5.15114E+16
167137,,15,0,2,0,2017,10,6,1,3,6,6,0,1,1,0,0,2,1,7.06682E+20,5.70759E+21,1.19767E+16,5.14816E+16
167138,,15,0,3,0,2017,10,17,1,2,8,1,0,0,0,1,0,0,1,6.75556E+20,5.77559E+21,1.15633E+16,5.21029E+16
167139,,15,0,88,65,2017,10,12,7,3,4,5,1,1,0,0,0,0,0,6.98332E+20,5.6865E+21,1.18448E+16,5.12953E+16
167140,,15,0,2,0,2017,10,16,7,3,1,5,1,1,0,0,0,0,1,7.05518E+20,5.70459E+21,1.19582E+16,5.14551E+16
167141,,15,0,84,550,2017,10,19,7,3,5,3,0,1,0,0,0,1,1,7.0467E+20,5.67436E+21,1.19287E+16,5.11839E+16
167142,,15,0,89,165,2017,10,18,7,3,4,6,1,1,0,0,0,1,1,6.80748E+20,5.74173E+21,1.16213E+16,5.17971E+16
167143,,15,0,3,0,2017,10,14,7,3,2,6,0,1,0,0,1,0,1,6.80639E+20,5.78025E+21,1.16399E+16,5.21432E+16
167144,,15,0,3,0,2017,10,19,7,3,3,7,0,1,0,0,1,1,1,6.80155E+20,5.77821E+21,1.16318E+16,5.2125E+16
167145,,15,0,3,0,2017,10,20,7,3,5,3,1,1,0,0,0,2,1,6.7919E+20,5.77733E+21,1.16173E+16,5.21174E+16
167146,,15,0,3,0,2017,10,9,7,2,5,3,0,1,0,0,0,0,0,6.77708E+20,5.77826E+21,1.15961E+16,5.21262E+16
167147,,15,0,85,330,2017,10,23,7,3,8,1,0,1,0,0,0,2,0,6.39917E+20,5.73505E+21,1.10269E+16,5.17489E+16
167148,,15,0,2,0,2017,10,19,6,3,0,1,1,0,0,0,0,1,0,7.05488E+20,5.70755E+21,1.19595E+16,5.14817E+16
167149,,15,0,2,0,2017,10,9,6,3,6,4,0,1,1,0,0,0,0,7.07337E+20,5.70485E+21,1.19845E+16,5.14568E+16
167150,,15,0,2,0,2017,10,7,6,3,5,5,0,1,0,0,0,2,0,7.06227E+20,5.70221E+21,1.1967E+16,5.14335E+16
167151,,15,0,91,375,2017,10,6,6,3,5,2,0,1,0,0,0,2,0,7.52031E+20,5.754E+21,1.2662E+16,5.18797E+16
167152,,15,0,82,15,2017,10,6,6,3,5,3,1,1,0,0,0,1,0,7.28197E+20,5.72575E+21,1.22978E+16,5.16364E+16
167153,,15,0,1,0,2017,10,20,6,3,6,4,1,0,1,0,0,0,0,7.23445E+20,5.74405E+21,1.2241E+16,5.18026E+16
167154,,15,0,89,305,2017,10,13,6,3,1,6,1,1,0,0,0,0,0,6.8608E+20,5.76696E+21,1.17121E+16,5.2022E+16
167155,,15,0,3,0,2017,10,12,6,3,2,6,0,1,0,0,0,0,0,6.78777E+20,5.77802E+21,1.16116E+16,5.21237E+16
167156,,15,0,3,0,2017,10,16,6,3,5,3,0,1,0,0,0,0,0,6.78891E+20,5.77935E+21,1.1614E+16,5.21357E+16
167157,,15,0,3,0,2017,10,10,6,3,6,6,1,0,1,0,0,0,0,6.80659E+20,5.7801E+21,1.16402E+16,5.21418E+16
167158,,15,0,83,270,2017,10,7,6,3,6,4,1,0,1,0,0,1,0,6.64229E+20,5.79595E+21,1.1408E+16,5.22894E+16
167159,,15,0,81,95,2017,10,13,6,3,5,3,0,1,0,0,1,0,0,6.2836E+20,5.85415E+21,1.09049E+16,5.28218E+16
167160,,15,0,88,216,2017,10,6,5,3,8,1,0,1,0,0,0,2,1,7.0009E+20,5.71418E+21,1.18856E+16,5.15432E+16
167161,,15,0,2,0,2017,10,12,5,3,5,3,0,1,0,0,0,0,0,7.03857E+20,5.70706E+21,1.19357E+16,5.14779E+16
167162,,15,0,2,0,2017,10,15,5,3,0,3,1,0,0,0,0,0,0,7.05113E+20,5.70919E+21,1.19551E+16,5.14965E+16
167163,,15,0,2,0,2017,10,15,5,3,5,3,0,1,0,0,1,0,1,7.0739E+20,5.70853E+21,1.19874E+16,5.14898E+16
167164,,15,0,1,0,2017,10,15,5,3,5,3,1,1,0,0,0,0,0,7.22102E+20,5.7485E+21,1.22244E+16,5.18431E+16
167165,,15,0,82,340,2017,10,9,5,3,2,2,0,1,0,0,0,0,0,7.22662E+20,5.71703E+21,1.22124E+16,5.15604E+16
167166,,15,0,90,550,2017,10,5,5,3,4,2,0,0,0,0,1,2,1,7.01932E+20,5.8282E+21,1.19795E+16,5.25663E+16
167167,,15,0,89,30,2017,10,18,5,3,0,1,0,1,0,1,0,0,0,6.89786E+20,5.74119E+21,1.17519E+16,5.17893E+16
167168,,15,0,3,0,2017,10,16,5,3,5,2,1,1,0,0,0,0,0,6.80384E+20,5.77663E+21,1.16343E+16,5.21108E+16
167169,,15,0,86,15,2017,10,15,5,3,1,5,1,1,0,0,0,0,0,6.94582E+20,5.79518E+21,1.1852E+16,5.22725E+16
167170,,15,0,85,190,2017,10,13,5,3,5,3,1,1,0,0,0,0,0,6.16139E+20,5.74727E+21,1.06867E+16,5.18641E+16
167171,,15,0,85,110,2017,10,14,5,2,0,7,0,1,0,0,0,0,0,6.61893E+20,5.73376E+21,1.13444E+16,5.17313E+16
167172,,15,0,81,135,2017,10,15,5,3,5,3,1,1,0,0,0,0,0,6.62801E+20,5.82186E+21,1.13997E+16,5.25225E+16
167173,,15,0,88,220,2017,10,17,4,3,0,3,1,1,0,0,0,1,0,7.10133E+20,5.69427E+21,1.20184E+16,5.13608E+16
167174,,15,0,88,220,2017,10,9,4,3,1,6,0,1,0,0,1,0,0,7.08278E+20,5.69415E+21,1.19917E+16,5.13603E+16