OBJECTID,UIDENTSTLA,ULAND,UREGBEZ,UKREIS,UGEMEINDE,UJAHR,UMONAT,USTUNDE,UWOCHENTAG,UKATEGORIE,UART,UTYP1,IstRad,IstPKW,IstFuss,IstKrad,IstSonstig,LICHT,STRZUSTAND,LINREFX,LINREFY,XGCSWGS84,YGCSWGS84
167175,,15,0,87,220,2017,10,18,4,2,6,4,0,0,1,1,0,1,0,6.7395E+20,5.72267E+21,1.15133E+16,5.16281E+16
167176,,15,0,2,0,2017,10,19,4,2,3,6,1,0,0,0,0,1,0,7.0589E+20,5.70864E+21,1.19659E+16,5.14914E+16
167177,,15,0,2,0,2017,10,1,4,3,4,7,0,1,0,0,0,2,0,7.04509E+20,5.7121E+21,1.1948E+16,5.15229E+16
167178,,15,0,82,440,2017,10,4,4,3,8,6,0,1,0,0,0,2,0,7.16743E+20,5.72152E+21,1.21299E+16,5.16029E+16
167179,,15,0,2,0,2017,10,16,4,3,2,2,0,1,0,0,0,0,0,7.04001E+20,5.70775E+21,1.19382E+16,5.14841E+16
167180,,15,0,84,550,2017,10,8,4,3,4,2,0,1,0,0,0,0,0,7.07038E+20,5.67796E+21,1.19646E+16,5.12154E+16
167181,,15,0,84,550,2017,10,11,4,3,2,6,0,1,0,0,0,0,0,7.07237E+20,5.67703E+21,1.19669E+16,5.1207E+16
167182,,15,0,1,0,2017,10,14,4,3,6,4,0,1,1,0,0,0,0,7.2376E+20,5.74578E+21,1.22467E+16,5.1818E+16
167183,,15,0,82,15,2017,10,12,4,2,0,7,0,0,0,1,0,0,1,7.28255E+20,5.72755E+21,1.22998E+16,5.16525E+16
167184,,15,0,81,135,2017,10,7,4,2,1,5,0,1,0,1,0,1,0,6.68855E+20,5.81432E+21,1.1485E+16,5.2453E+16
167185,,15,0,81,455,2017,10,7,4,2,5,3,1,1,0,0,0,0,0,6.44326E+20,5.85835E+21,1.11436E+16,5.28555E+16
167186,,15,0,88,295,2017,10,12,3,2,9,7,0,0,0,1,0,0,0,7.02392E+20,5.71821E+21,1.19211E+16,5.15785E+16
167187,,15,0,88,295,2017,10,13,3,3,0,7,0,0,0,1,0,0,0,7.02072E+20,5.71914E+21,1.1917E+16,5.1587E+16
167188,,15,0,88,330,2017,10,16,3,3,5,3,0,0,0,1,1,0,0,7.0563E+20,5.69762E+21,1.19558E+16,5.13925E+16
167189,,15,0,2,0,2017,10,9,3,3,5,3,1,0,0,0,0,0,0,7.05952E+20,5.708E+21,1.19664E+16,5.14856E+16
167190,,15,0,2,0,2017,10,15,3,3,6,4,0,1,1,0,0,0,0,7.04838E+20,5.70311E+21,1.19476E+16,5.1442E+16
167191,,15,0,2,0,2017,10,15,3,3,2,6,0,1,0,0,1,0,0,7.08424E+20,5.70895E+21,1.20025E+16,5.14932E+16
167192,,15,0,2,0,2017,10,13,3,3,6,4,0,0,1,0,1,0,0,6.9954E+20,5.71011E+21,1.18754E+16,5.15068E+16
167193,,15,0,2,0,2017,10,6,3,3,6,7,0,1,1,0,0,2,0,7.05447E+20,5.71131E+21,1.19611E+16,5.15155E+16
167194,,15,0,84,590,2017,10,14,3,3,5,3,0,0,0,1,1,0,0,7.21886E+20,5.6588E+21,1.21651E+16,5.10379E+16
167195,,15,0,3,0,2017,10,9,3,3,0,6,0,1,0,0,0,0,0,6.80597E+20,5.77976E+21,1.16391E+16,5.21388E+16
167196,,15,0,3,0,2017,10,15,3,2,6,4,0,1,1,0,0,0,0,6.79462E+20,5.78336E+21,1.16244E+16,5.21715E+16
167197,,15,0,85,135,2017,10,7,3,3,5,3,1,1,0,0,0,1,0,6.41883E+20,5.75131E+21,1.1062E+16,5.18945E+16
167198,,15,0,81,240,2017,10,6,3,3,5,3,1,1,0,0,0,2,0,6.61839E+20,5.83687E+21,1.13928E+16,5.26576E+16
167199,,15,0,88,20,2017,10,18,2,3,5,3,1,1,0,0,0,0,0,7.14183E+20,5.68818E+21,1.20728E+16,5.13045E+16
167200,,15,0,2,0,2017,10,9,2,3,5,3,0,1,0,0,0,0,0,7.09427E+20,5.70479E+21,1.20145E+16,5.14555E+16
167201,,15,0,2,0,2017,10,16,2,3,1,5,0,1,0,0,0,0,0,7.06924E+20,5.70881E+21,1.19809E+16,5.14925E+16
167202,,15,0,84,355,2017,10,13,2,3,5,3,1,1,0,0,0,0,0,6.9627E+20,5.67022E+21,1.18064E+16,5.11497E+16
167203,,15,0,88,220,2017,10,7,2,3,5,3,0,1,0,0,0,0,0,7.08492E+20,5.69409E+21,1.19948E+16,5.13597E+16
167204,,15,0,91,375,2017,10,9,2,3,5,3,1,1,0,0,0,0,0,7.51437E+20,5.7535E+21,1.2653E+16,5.18755E+16
167205,,15,0,91,375,2017,10,9,2,3,2,2,0,1,0,0,0,0,0,7.52139E+20,5.75332E+21,1.26631E+16,5.18735E+16
167206,,15,0,82,15,2017,10,14,2,2,5,3,1,1,0,0,0,0,0,7.24724E+20,5.73054E+21,1.22508E+16,5.16807E+16
167207,,15,0,82,180,2017,10,8,2,3,6,4,0,1,1,0,0,0,0,7.0574E+20,5.73754E+21,1.19807E+16,5.17509E+16
167208,,15,0,82,180,2017,10,13,2,3,5,7,1,1,0,0,0,0,0,7.05354E+20,5.73748E+21,1.19751E+16,5.17506E+16
167209,,15,0,3,0,2017,10,16,2,3,2,6,0,1,0,0,0,0,0,6.82083E+20,5.77772E+21,1.16597E+16,5.212E+16
167210,,15,0,85,135,2017,10,11,2,3,2,2,0,1,0,0,0,0,0,6.43011E+20,5.75033E+21,1.1078E+16,5.18854E+16
167211,,15,0,85,135,2017,10,15,2,3,6,4,0,0,1,1,0,0,0,6.46993E+20,5.75532E+21,1.11379E+16,5.19292E+16
167212,,15,0,85,135,2017,10,9,2,3,5,3,0,1,0,0,1,0,0,6.44595E+20,5.75178E+21,1.11016E+16,5.1898E+16
167213,,15,0,81,135,2017,10,9,2,3,6,4,0,1,1,0,0,0,0,6.63254E+20,5.82334E+21,1.14071E+16,5.25357E+16
167214,,15,0,81,135,2017,10,13,2,3,0,3,1,0,0,0,1,0,0,6.62742E+20,5.82341E+21,1.13996E+16,5.25364E+16
167215,,15,0,81,455,2017,10,15,2,3,5,3,1,1,0,0,0,0,0,6.45552E+20,5.85825E+21,1.11617E+16,5.28543E+16
167216,,15,0,87,440,2017,10,17,1,3,4,2,1,1,0,0,0,0,0,6.53048E+20,5.70326E+21,1.12031E+16,5.14598E+16
167217,,15,0,87,15,2017,10,17,1,3,1,2,0,1,0,0,0,0,0,6.6567E+20,5.69763E+21,1.1382E+16,5.14056E+16
167218,,15,0,87,275,2017,10,14,1,3,5,3,1,1,0,0,0,0,0,6.72825E+20,5.72189E+21,1.14966E+16,5.16215E+16
167219,,15,0,87,386,2017,10,14,1,3,8,1,1,0,0,0,0,0,0,6.82221E+20,5.70965E+21,1.16259E+16,5.15086E+16
167220,,15,0,2,0,2017,10,14,1,3,6,2,0,1,1,0,0,0,0,7.07279E+20,5.70485E+21,1.19837E+16,5.14569E+16
167221,,15,0,82,15,2017,10,16,1,3,5,2,1,0,0,0,0,0,0,7.29528E+20,5.72554E+21,1.23169E+16,5.16339E+16
167222,,15,0,85,370,2017,10,13,1,3,5,3,1,1,0,0,0,0,0,6.24093E+20,5.74513E+21,1.08014E+16,5.18432E+16
167223,,15,0,89,55,2017,10,16,1,3,4,6,0,1,0,1,0,0,0,6.90867E+20,5.75332E+21,1.17742E+16,5.18979E+16
167224,,15,0,3,0,2017,10,10,1,3,5,3,0,1,0,1,0,0,2,6.81804E+20,5.77475E+21,1.1654E+16,5.20934E+16
167225,,15,0,81,135,2017,10,15,1,3,5,2,1,1,0,0,0,0,0,6.62713E+20,5.82201E+21,1.13984E+16,5.25239E+16
167226,,15,0,88,205,2017,10,9,7,3,6,6,0,1,1,0,0,0,0,7.21063E+20,5.69195E+21,1.21737E+16,5.13358E+16
167227,,15,0,88,195,2017,10,17,7,2,3,6,1,1,0,0,0,0,0,7.18407E+20,5.71281E+21,1.21485E+16,5.15241E+16
167228,,15,0,2,0,2017,10,14,7,3,5,3,1,1,0,0,0,0,0,7.04635E+20,5.70756E+21,1.19472E+16,5.14821E+16
167229,,15,0,84,550,2017,10,13,7,3,5,3,0,1,0,0,1,0,0,7.0866E+20,5.67475E+21,1.19859E+16,5.1186E+16
167230,,15,0,85,135,2017,10,12,7,3,2,6,0,1,0,0,0,0,0,6.42276E+20,5.74998E+21,1.10672E+16,5.18824E+16
167231,,15,0,81,455,2017,10,17,7,3,5,2,0,1,0,0,0,0,0,6.45553E+20,5.85824E+21,1.11617E+16,5.28542E+16
167232,,15,0,88,305,2017,10,21,6,3,2,3,0,1,0,0,0,2,0,6.8112E+20,5.69503E+21,1.16025E+16,5.13775E+16
167233,,15,0,2,0,2017,10,9,6,3,5,3,1,1,0,0,0,0,0,7.05651E+20,5.70937E+21,1.19629E+16,5.1498E+16
167234,,15,0,2,0,2017,10,7,6,3,5,3,1,1,0,0,0,1,0,7.05894E+20,5.70992E+21,1.19667E+16,5.15029E+16
167235,,15,0,2,0,2017,10,10,6,3,5,3,1,1,0,0,0,0,0,7.06081E+20,5.70725E+21,1.19678E+16,5.14788E+16
167236,,15,0,2,0,2017,10,6,6,3,6,4,0,1,1,0,0,1,0,7.07566E+20,5.70582E+21,1.19884E+16,5.14654E+16
167237,,15,0,2,0,2017,10,9,6,3,5,3,0,1,0,0,0,0,0,7.05724E+20,5.70428E+21,1.1961E+16,5.14523E+16
167238,,15,0,91,241,2017,10,14,6,3,9,1,0,1,0,0,0,0,0,7.30989E+20,5.74945E+21,1.23538E+16,5.1848E+16
167239,,15,0,1,0,2017,10,11,6,3,1,6,0,1,0,0,0,0,0,7.23411E+20,5.74716E+21,1.22425E+16,5.18305E+16
167240,,15,0,3,0,2017,10,19,6,3,2,6,0,1,0,0,0,1,0,6.75885E+20,5.77385E+21,1.15672E+16,5.20872E+16
167241,,15,0,3,0,2017,10,13,6,3,3,6,1,1,0,0,0,0,0,6.80333E+20,5.77913E+21,1.16349E+16,5.21332E+16
167242,,15,0,3,0,2017,10,9,6,3,2,7,0,1,0,0,1,0,0,6.79981E+20,5.77784E+21,1.16291E+16,5.21217E+16
167243,,15,0,3,0,2017,10,18,6,3,0,7,0,1,1,0,0,1,0,6.81434E+20,5.77875E+21,1.16507E+16,5.21295E+16
167244,,15,0,85,227,2017,10,15,6,3,5,3,0,1,0,0,0,0,0,6.14138E+20,5.75147E+21,1.0659E+16,5.19023E+16
167245,,15,0,88,220,2017,10,10,5,3,5,3,1,0,0,0,1,0,0,7.0787E+20,5.69381E+21,1.19857E+16,5.13575E+16
167246,,15,0,88,330,2017,10,11,5,3,1,5,1,1,0,0,0,0,0,7.07538E+20,5.6977E+21,1.19832E+16,5.13925E+16
167247,,15,0,2,0,2017,10,15,5,3,0,6,1,0,0,0,1,0,0,7.06359E+20,5.70787E+21,1.19722E+16,5.14843E+16
167248,,15,0,84,355,2017,10,23,5,2,8,1,0,1,0,0,0,2,0,6.94562E+20,5.66929E+21,1.17815E+16,5.11419E+16
167249,,15,0,84,355,2017,10,15,5,3,5,3,1,1,0,0,0,0,0,6.96663E+20,5.6712E+21,1.18125E+16,5.11584E+16
167250,,15,0,89,307,2017,10,7,5,3,4,6,1,1,0,0,0,1,0,6.57364E+20,5.74416E+21,1.12836E+16,5.18261E+16
167251,,15,0,3,0,2017,10,16,5,3,6,4,1,1,1,0,0,0,0,6.80188E+20,5.77824E+21,1.16323E+16,5.21253E+16
167252,,15,0,3,0,2017,10,15,5,3,0,7,0,1,0,0,1,0,0,6.80398E+20,5.77877E+21,1.16356E+16,5.21299E+16
167253,,15,0,3,0,2017,10,16,5,3,4,6,1,0,0,0,0,0,0,6.77223E+20,5.78091E+21,1.15904E+16,5.21502E+16
167254,,15,0,85,235,2017,10,17,5,3,5,3,1,1,0,0,0,0,0,6.48372E+20,5.73906E+21,1.1151E+16,5.17827E+16
167255,,15,0,88,220,2017,10,13,4,3,5,3,0,1,0,0,0,0,0,7.08113E+20,5.69503E+21,1.19899E+16,5.13683E+16
167256,,15,0,88,220,2017,10,23,4,2,6,4,0,1,1,0,0,2,0,7.08209E+20,5.69448E+21,1.19909E+16,5.13633E+16
167257,,15,0,2,0,2017,10,8,4,3,5,3,0,1,0,0,0,0,0,7.05872E+20,5.70727E+21,1.19648E+16,5.1479E+16
167258,,15,0,2,0,2017,10,16,4,3,5,3,1,1,0,0,0,0,0,7.03982E+20,5.70832E+21,1.19383E+16,5.14891E+16
167259,,15,0,91,375,2017,10,16,4,3,5,7,0,1,0,0,0,0,0,7.49802E+20,5.75378E+21,1.26295E+16,5.18787E+16
167260,,15,0,91,375,2017,10,5,4,3,7,7,0,0,0,1,0,2,1,7.47651E+20,5.75666E+21,1.26004E+16,5.19056E+16
167261,,15,0,82,180,2017,10,7,4,3,6,4,0,1,1,0,0,0,0,7.05634E+20,5.73703E+21,1.19789E+16,5.17464E+16
167262,,15,0,90,535,2017,10,11,4,3,2,6,0,1,0,1,0,0,1,6.93026E+20,5.83251E+21,1.18508E+16,5.26083E+16
167263,,15,0,3,0,2017,10,17,4,3,3,6,0,1,0,0,1,0,0,6.79888E+20,5.77796E+21,1.16278E+16,5.21228E+16
167264,,15,0,3,0,2017,10,9,4,2,5,2,0,1,0,0,0,0,0,6.75886E+20,5.77385E+21,1.15673E+16,5.20872E+16
167265,,15,0,3,0,2017,10,16,4,3,3,7,0,1,0,0,0,0,0,6.82528E+20,5.78308E+21,1.1669E+16,5.2168E+16
167266,,15,0,81,30,2017,10,8,4,3,3,3,1,1,0,0,0,0,0,6.67704E+20,5.86216E+21,1.14924E+16,5.2883E+16
167267,,15,0,2,0,2017,10,9,3,3,5,3,0,0,0,0,1,0,0,7.07715E+20,5.70305E+21,1.19889E+16,5.14405E+16
167268,,15,0,2,0,2017,10,17,3,3,2,2,0,1,0,0,1,0,0,7.05811E+20,5.7097E+21,1.19654E+16,5.15009E+16
167269,,15,0,2,0,2017,10,22,3,3,0,7,0,1,1,0,0,2,0,7.06914E+20,5.70851E+21,1.19806E+16,5.14898E+16
167270,,15,0,2,0,2017,10,13,3,3,5,3,1,1,0,0,0,0,1,7.05652E+20,5.70372E+21,1.19596E+16,5.14472E+16
167271,,15,0,2,0,2017,10,8,3,3,0,7,0,1,0,0,0,0,1,7.03273E+20,5.70576E+21,1.19266E+16,5.14665E+16
167272,,15,0,89,15,2017,10,14,3,2,1,7,1,1,0,0,0,0,1,6.70043E+20,5.73759E+21,1.14641E+16,5.17633E+16
167273,,15,0,89,30,2017,10,10,3,2,5,6,1,1,0,0,0,0,1,6.89579E+20,5.74077E+21,1.17486E+16,5.17856E+16
167274,,15,0,3,0,2017,10,10,3,3,2,6,0,1,0,0,0,0,1,6.76686E+20,5.77535E+21,1.15797E+16,5.21005E+16
167275,,15,0,3,0,2017,10,14,2,3,3,2,1,1,0,0,0,0,0,6.7818E+20,5.77929E+21,1.16035E+16,5.21354E+16
167276,,15,0,3,0,2017,10,16,3,2,0,6,1,0,0,0,0,0,0,6.80001E+20,5.7779E+21,1.16294E+16,5.21223E+16
167277,,15,0,83,270,2017,10,6,3,3,1,7,1,1,0,0,0,2,1,6.6214E+20,5.79504E+21,1.13769E+16,5.22817E+16
167278,,15,0,2,0,2017,10,15,2,3,5,3,0,1,0,0,0,0,0,7.0566E+20,5.70477E+21,1.19603E+16,5.14567E+16
167279,,15,0,81,135,2017,12,15,7,3,0,1,1,0,0,0,0,0,0,6.52617E+20,5.82677E+21,1.12519E+16,5.25695E+16
167280,,15,0,81,455,2017,12,16,7,3,5,3,1,1,0,0,0,2,0,6.45343E+20,5.85747E+21,1.11583E+16,5.28473E+16
167281,,15,0,88,205,2017,12,9,6,3,5,3,0,1,0,0,1,0,0,7.0961E+20,5.69002E+21,1.20084E+16,5.13228E+16
167282,,15,0,88,220,2017,12,12,6,3,0,3,1,0,0,0,1,0,0,7.07793E+20,5.69323E+21,1.19842E+16,5.13523E+16
167283,,15,0,89,305,2017,12,10,2,3,6,4,0,1,1,0,0,0,0,6.86773E+20,5.7648E+21,1.1721E+16,5.20024E+16
167284,,15,0,89,15,2017,12,18,2,3,4,3,0,1,0,0,1,2,0,6.7011E+20,5.73659E+21,1.14646E+16,5.17544E+16
167285,,15,0,87,31,2017,12,16,6,2,5,2,1,1,0,0,0,2,1,6.72673E+20,5.72935E+21,1.14981E+16,5.16886E+16
167286,,15,0,87,130,2017,12,20,6,3,9,6,0,1,0,0,0,2,1,6.76397E+20,5.71662E+21,1.15455E+16,5.1573E+16
167287,,15,0,2,0,2017,12,14,6,3,6,2,0,1,1,0,0,0,0,7.08118E+20,5.70787E+21,1.19975E+16,5.14836E+16
167288,,15,0,3,0,2017,12,7,2,3,0,7,1,0,0,0,0,1,1,6.7934E+20,5.77964E+21,1.16207E+16,5.21382E+16
167289,,15,0,3,0,2017,12,14,2,3,1,6,0,1,0,0,0,0,0,6.77705E+20,5.77843E+21,1.15962E+16,5.21278E+16
167290,,15,0,3,0,2017,12,15,2,3,1,5,0,1,0,0,0,0,0,6.7857E+20,5.77852E+21,1.16088E+16,5.21284E+16
167291,,15,0,3,0,2017,12,16,2,3,6,6,0,0,1,0,1,1,0,6.79474E+20,5.77554E+21,1.16205E+16,5.21013E+16
167292,,15,0,3,0,2017,12,16,2,3,6,3,0,1,1,0,0,1,0,6.79427E+20,5.77622E+21,1.16201E+16,5.21074E+16
167293,,15,0,85,185,2017,12,5,2,3,0,7,0,1,0,0,0,2,2,6.30417E+20,5.76388E+21,1.09002E+16,5.20102E+16
167294,,15,0,87,370,2017,12,15,1,2,4,1,0,1,0,0,0,0,2,6.6034E+20,5.70666E+21,1.13095E+16,5.14884E+16
167295,,15,0,2,0,2017,12,17,1,3,9,1,0,1,0,0,0,2,1,7.04785E+20,5.70265E+21,1.19465E+16,5.1438E+16
167296,,15,0,84,550,2017,12,16,1,2,2,2,0,1,0,0,0,2,2,7.08622E+20,5.67554E+21,1.19858E+16,5.11931E+16
167297,,15,0,88,365,2017,12,15,7,3,4,2,0,1,0,0,0,0,0,7.01563E+20,5.70325E+21,1.19006E+16,5.14445E+16
167298,,15,0,89,305,2017,12,20,7,3,5,2,1,1,0,0,0,2,1,6.86913E+20,5.7657E+21,1.17235E+16,5.20104E+16
167299,,15,0,89,30,2017,12,12,7,3,5,3,1,1,0,0,0,0,0,6.89241E+20,5.74101E+21,1.17439E+16,5.17879E+16
167300,,15,0,91,241,2017,12,10,6,3,6,6,0,1,1,0,0,0,0,7.35821E+20,5.74914E+21,1.24236E+16,5.18432E+16
167301,,15,0,82,15,2017,12,12,6,2,5,3,1,1,0,0,0,0,0,7.27923E+20,5.72424E+21,1.22929E+16,5.1623E+16
167302,,15,0,82,180,2017,12,10,6,2,2,6,0,1,0,0,0,0,0,7.05076E+20,5.73701E+21,1.19708E+16,5.17464E+16
167303,,15,0,82,180,2017,12,16,6,3,5,3,1,1,0,0,0,2,0,7.04289E+20,5.73776E+21,1.19599E+16,5.17534E+16
167304,,15,0,3,0,2017,12,21,6,3,0,3,0,1,0,0,1,2,0,6.77764E+20,5.77626E+21,1.15959E+16,5.21082E+16
167305,,15,0,3,0,2017,12,16,6,3,5,2,1,0,0,0,1,1,0,6.78988E+20,5.77721E+21,1.16142E+16,5.21164E+16
167306,,15,0,3,0,2017,12,13,6,3,1,6,0,1,0,0,0,0,0,6.77817E+20,5.77629E+21,1.15967E+16,5.21086E+16
167307,,15,0,3,0,2017,12,7,6,3,6,4,0,1,1,0,0,2,0,6.79339E+20,5.78138E+21,1.16216E+16,5.21537E+16
167308,,15,0,3,0,2017,12,12,6,3,2,6,0,1,0,0,0,0,1,6.80351E+20,5.77945E+21,1.16353E+16,5.21361E+16
167309,,15,0,86,15,2017,12,6,6,2,4,6,1,0,0,0,0,2,1,6.94402E+20,5.79433E+21,1.18489E+16,5.22649E+16
167310,,15,0,85,140,2017,12,12,6,3,4,6,0,1,0,0,0,0,0,6.4397E+20,5.74931E+21,1.10915E+16,5.1876E+16
167311,,15,0,88,220,2017,11,4,5,3,0,1,1,0,0,0,0,2,2,7.08377E+20,5.69351E+21,1.19928E+16,5.13546E+16
167312,,15,0,88,65,2017,11,6,5,3,0,7,0,1,0,0,0,2,2,7.04389E+20,5.68634E+21,1.19315E+16,5.12916E+16
167313,,15,0,88,220,2017,11,14,5,3,5,3,1,1,0,0,0,0,0,7.08532E+20,5.69377E+21,1.19952E+16,5.13569E+16
167314,,15,0,88,220,2017,11,18,5,3,6,4,0,1,1,0,0,2,0,7.08449E+20,5.69423E+21,1.19942E+16,5.1361E+16
167315,,15,0,87,165,2017,11,13,5,3,1,2,0,1,0,0,1,0,0,6.76203E+20,5.72006E+21,1.15445E+16,5.1604E+16
167316,,15,0,2,0,2017,11,6,5,3,0,1,0,0,0,1,0,0,2,7.05825E+20,5.70584E+21,1.19633E+16,5.14662E+16
167317,,15,0,2,0,2017,11,10,5,3,6,4,1,0,1,0,0,0,1,7.06162E+20,5.70781E+21,1.19693E+16,5.14838E+16
167318,,15,0,2,0,2017,11,14,5,3,5,3,1,0,0,0,0,0,0,7.06516E+20,5.7088E+21,1.1975E+16,5.14926E+16
167319,,15,0,2,0,2017,11,12,5,2,6,4,0,0,1,0,1,0,0,7.05895E+20,5.70956E+21,1.19665E+16,5.14996E+16
167320,,15,0,84,15,2017,11,6,5,3,9,1,0,1,0,0,0,2,2,6.78057E+20,5.67366E+21,1.15479E+16,5.11866E+16
167321,,15,0,84,590,2017,11,7,5,3,6,4,0,1,1,0,0,1,0,7.20156E+20,5.66012E+21,1.21412E+16,5.10504E+16
167322,,15,0,84,550,2017,11,5,5,3,8,1,0,1,0,0,0,2,2,7.07736E+20,5.67616E+21,1.19735E+16,5.1199E+16
167323,,15,0,2,0,2017,11,15,5,3,3,2,0,1,0,0,1,0,0,7.05815E+20,5.70351E+21,1.19618E+16,5.14453E+16
167324,,15,0,1,0,2017,11,15,5,3,3,6,1,1,0,0,0,2,0,7.21822E+20,5.74906E+21,1.22207E+16,5.18482E+16
167325,,15,0,1,0,2017,11,9,5,3,5,3,1,0,0,0,1,0,0,7.22718E+20,5.7476E+21,1.22327E+16,5.18348E+16
167326,,15,0,1,0,2017,11,5,5,3,5,3,1,1,0,0,0,2,1,7.22829E+20,5.74698E+21,1.2234E+16,5.18292E+16
167327,,15,0,82,430,2017,11,17,5,3,6,4,0,1,1,0,0,2,0,7.0783E+20,5.76081E+21,1.20249E+16,5.19591E+16
167328,,15,0,82,15,2017,11,9,5,2,5,3,1,1,0,0,0,0,0,7.2459E+20,5.73128E+21,1.22493E+16,5.16875E+16
167329,,15,0,82,5,2017,11,17,5,3,5,3,0,1,0,0,0,2,0,7.09506E+20,5.74934E+21,1.20423E+16,5.18555E+16
167330,,15,0,89,15,2017,11,20,5,2,1,6,0,1,0,0,0,2,0,6.69814E+20,5.73704E+21,1.14606E+16,5.17585E+16
167331,,15,0,3,0,2017,11,9,5,3,6,2,0,1,1,0,0,0,0,6.78866E+20,5.77802E+21,1.16129E+16,5.21238E+16
167332,,15,0,3,0,2017,11,6,5,2,5,3,1,1,0,0,0,2,1,6.79432E+20,5.77686E+21,1.16205E+16,5.21131E+16
167333,,15,0,3,0,2017,11,7,5,3,6,2,0,1,1,0,0,1,0,6.7994E+20,5.77636E+21,1.16277E+16,5.21085E+16
167334,,15,0,85,230,2017,11,16,5,3,4,2,1,1,0,0,0,0,0,6.17396E+20,5.75897E+21,1.07089E+16,5.1969E+16
167335,,15,0,85,140,2017,11,21,5,3,8,2,0,1,0,0,0,2,0,6.43969E+20,5.74931E+21,1.10915E+16,5.1876E+16
167336,,15,0,88,220,2017,11,14,4,3,8,7,0,1,0,0,0,0,0,7.07903E+20,5.69623E+21,1.19876E+16,5.13792E+16
167337,,15,0,87,130,2017,11,11,4,3,2,2,0,1,0,0,0,0,0,6.77224E+20,5.71128E+21,1.15548E+16,5.15248E+16
167338,,15,0,84,550,2017,11,15,4,3,5,3,1,1,0,0,0,0,0,7.11254E+20,5.68346E+21,1.20281E+16,5.12633E+16
167339,,15,0,84,355,2017,11,7,4,3,5,3,1,1,0,0,0,1,0,6.96546E+20,5.67091E+21,1.18107E+16,5.11558E+16
167340,,15,0,1,0,2017,11,11,4,3,5,3,0,1,0,0,1,0,0,7.21654E+20,5.74518E+21,1.22158E+16,5.18134E+16
167341,,15,0,82,15,2017,11,7,4,3,5,3,1,1,0,0,0,0,0,7.28407E+20,5.72514E+21,1.23004E+16,5.16308E+16
167342,,15,0,89,26,2017,11,13,4,3,4,6,0,1,0,0,0,0,0,6.98162E+20,5.76132E+21,1.18847E+16,5.19672E+16
167343,,15,0,89,305,2017,11,10,4,3,5,2,0,1,0,0,0,0,0,6.86741E+20,5.76524E+21,1.17208E+16,5.20064E+16
167344,,15,0,3,0,2017,11,18,4,3,5,3,1,1,0,0,0,2,1,6.77704E+20,5.77843E+21,1.15961E+16,5.21278E+16
167345,,15,0,81,135,2017,11,9,4,3,6,4,0,1,1,0,0,0,0,6.62377E+20,5.82213E+21,1.13935E+16,5.25251E+16
167346,,15,0,81,455,2017,11,12,4,2,6,4,1,0,1,0,0,0,0,6.45098E+20,5.85804E+21,1.11549E+16,5.28525E+16
167347,,15,0,3,0,2017,11,11,3,3,9,7,0,1,0,0,0,0,0,6.82081E+20,5.78483E+21,1.16634E+16,5.21838E+16
167348,,15,0,2,0,2017,11,17,3,3,5,7,0,1,0,0,1,2,0,7.06158E+20,5.7048E+21,1.19675E+16,5.14568E+16
167349,,15,0,84,550,2017,11,14,3,3,5,3,1,1,0,0,0,0,0,7.08007E+20,5.67662E+21,1.19776E+16,5.12031E+16
167350,,15,0,91,10,2017,11,14,3,3,5,3,1,0,0,0,0,0,0,7.79354E+20,5.73897E+21,1.30459E+16,5.17319E+16
167351,,15,0,91,375,2017,11,16,3,2,9,1,0,1,0,0,0,2,0,7.51539E+20,5.7543E+21,1.26551E+16,5.18827E+16
167352,,15,0,86,15,2017,11,7,3,3,5,3,0,1,0,0,0,2,1,6.94769E+20,5.79572E+21,1.18551E+16,5.22773E+16
167353,,15,0,85,370,2017,11,9,3,2,4,6,0,1,0,0,1,0,0,6.24108E+20,5.74564E+21,1.08018E+16,5.18478E+16
167354,,15,0,85,135,2017,11,7,3,2,8,7,0,1,0,0,0,0,0,6.40536E+20,5.75068E+21,1.10422E+16,5.18892E+16
167355,,15,0,87,370,2017,11,16,2,3,6,4,0,1,1,0,0,2,1,6.59142E+20,5.70405E+21,1.12911E+16,5.14652E+16
167356,,15,0,2,0,2017,11,13,2,3,6,4,0,0,1,0,1,0,0,7.0554E+20,5.71074E+21,1.19621E+16,5.15104E+16
167357,,15,0,2,0,2017,11,14,2,3,5,2,0,1,0,0,0,0,0,7.06683E+20,5.70255E+21,1.19737E+16,5.14364E+16
167358,,15,0,2,0,2017,11,17,2,3,3,1,1,0,0,0,0,2,1,7.06166E+20,5.7078E+21,1.19694E+16,5.14837E+16
167359,,15,0,2,0,2017,11,16,2,3,5,3,0,1,0,0,0,1,1,7.04069E+20,5.70903E+21,1.19399E+16,5.14956E+16
167360,,15,0,2,0,2017,11,7,2,3,6,4,0,0,1,0,1,2,0,7.06523E+20,5.7068E+21,1.19739E+16,5.14746E+16
167361,,15,0,91,375,2017,11,16,2,3,1,2,1,1,0,0,0,2,1,7.51715E+20,5.75354E+21,1.26571E+16,5.18757E+16
167362,,15,0,90,535,2017,11,18,2,2,6,4,0,1,1,0,0,2,1,6.92811E+20,5.83224E+21,1.18475E+16,5.26059E+16