OBJECTID,UIDENTSTLA,ULAND,UREGBEZ,UKREIS,UGEMEINDE,UJAHR,UMONAT,USTUNDE,UWOCHENTAG,UKATEGORIE,UART,UTYP1,IstRad,IstPKW,IstFuss,IstKrad,IstSonstig,LICHT,STRZUSTAND,LINREFX,LINREFY,XGCSWGS84,YGCSWGS84
167363,,15,0,89,305,2017,11,21,2,3,5,3,0,1,0,0,0,2,1,6.87104E+20,5.7673E+21,1.17272E+16,5.20248E+16
167364,,15,0,3,0,2017,11,19,2,3,6,4,0,1,1,0,0,2,1,6.79977E+20,5.78314E+21,1.16318E+16,5.21693E+16
167365,,15,0,3,0,2017,11,17,2,3,3,6,1,1,0,0,0,2,1,6.79872E+20,5.77768E+21,1.16274E+16,5.21203E+16
167366,,15,0,3,0,2017,11,14,2,3,0,7,1,0,0,0,0,0,1,6.78924E+20,5.77965E+21,1.16146E+16,5.21383E+16
167367,,15,0,3,0,2017,11,7,2,3,6,4,0,1,1,0,0,0,0,6.78479E+20,5.77798E+21,1.16072E+16,5.21235E+16
167368,,15,0,88,25,2017,11,11,1,3,6,7,0,1,1,0,0,0,0,6.95709E+20,5.69722E+21,1.18131E+16,5.13924E+16
167369,,15,0,82,180,2017,11,15,1,2,7,7,1,0,0,0,1,0,0,7.08188E+20,5.73286E+21,1.20133E+16,5.1708E+16
167370,,15,0,86,15,2017,11,11,1,3,6,6,1,0,1,0,0,0,0,6.94979E+20,5.79497E+21,1.18577E+16,5.22705E+16
167371,,15,0,88,205,2017,11,21,7,3,0,7,0,1,0,0,0,2,1,7.21573E+20,5.69328E+21,1.21819E+16,5.13475E+16
167372,,15,0,88,195,2017,11,17,7,3,2,6,0,1,0,0,0,2,1,7.11905E+20,5.71149E+21,1.20541E+16,5.15147E+16
167373,,15,0,2,0,2017,11,22,7,2,5,3,0,1,0,0,0,2,1,7.04058E+20,5.70905E+21,1.19398E+16,5.14957E+16
167374,,15,0,84,490,2017,11,20,7,3,5,2,0,1,0,0,0,2,1,7.1161E+20,5.66796E+21,1.20241E+16,5.1124E+16
167375,,15,0,1,0,2017,11,17,7,3,1,5,0,1,0,0,0,2,1,7.22201E+20,5.74824E+21,1.22257E+16,5.18407E+16
167376,,15,0,3,0,2017,11,21,7,3,5,3,0,1,0,0,0,2,1,6.81232E+20,5.78271E+21,1.16499E+16,5.21651E+16
167377,,15,0,3,0,2017,11,11,7,3,6,4,0,1,1,0,0,0,1,6.80608E+20,5.78066E+21,1.16397E+16,5.21468E+16
167378,,15,0,2,0,2017,11,17,6,3,6,2,0,1,1,0,0,2,1,7.07019E+20,5.70825E+21,1.19819E+16,5.14875E+16
167379,,15,0,2,0,2017,11,12,6,3,2,7,0,1,0,0,0,0,0,7.07718E+20,5.70321E+21,1.1989E+16,5.14419E+16
167380,,15,0,2,0,2017,11,16,6,3,5,2,1,1,0,0,0,2,1,7.02972E+20,5.71045E+21,1.1925E+16,5.15087E+16
167381,,15,0,84,590,2017,11,6,6,2,6,4,0,1,1,0,0,2,0,7.19371E+20,5.66124E+21,1.21307E+16,5.10607E+16
167382,,15,0,1,0,2017,11,22,6,3,6,2,0,1,1,0,0,2,1,7.2306E+20,5.7474E+21,1.22376E+16,5.18328E+16
167383,,15,0,82,180,2017,11,7,6,3,6,4,0,1,1,0,0,0,0,7.05384E+20,5.73738E+21,1.19755E+16,5.17496E+16
167384,,15,0,3,0,2017,11,13,6,3,5,3,0,1,0,0,0,0,1,6.80586E+20,5.78213E+21,1.16402E+16,5.21601E+16
167385,,15,0,3,0,2017,11,16,6,3,4,2,1,1,0,0,0,2,0,6.75748E+20,5.78311E+21,1.157E+16,5.21704E+16
167386,,15,0,3,0,2017,11,21,6,3,5,3,1,1,0,0,0,2,0,6.80499E+20,5.77958E+21,1.16375E+16,5.21372E+16
167387,,15,0,2,0,2017,11,7,5,3,0,3,1,1,0,0,0,1,0,7.08087E+20,5.70496E+21,1.19953E+16,5.14575E+16
167388,,15,0,2,0,2017,11,8,5,3,5,3,0,1,0,0,0,0,0,7.03988E+20,5.70803E+21,1.19382E+16,5.14866E+16
167389,,15,0,1,0,2017,11,12,5,3,5,3,1,1,0,0,0,0,0,7.22722E+20,5.74841E+21,1.22333E+16,5.1842E+16
167390,,15,0,82,180,2017,11,8,5,3,6,2,0,1,1,0,0,0,0,7.06129E+20,5.73796E+21,1.19866E+16,5.17546E+16
167391,,15,0,89,175,2017,11,16,5,3,1,5,1,1,0,0,0,1,0,6.74609E+20,5.74695E+21,1.1535E+16,5.1846E+16
167392,,15,0,89,30,2017,11,9,5,3,5,3,0,1,0,0,0,0,0,6.89325E+20,5.7417E+21,1.17455E+16,5.17941E+16
167393,,15,0,86,15,2017,11,14,5,3,5,3,1,1,0,0,0,0,0,6.94325E+20,5.79462E+21,1.18479E+16,5.22675E+16
167394,,15,0,81,455,2017,11,16,5,3,1,3,1,1,0,0,0,0,0,6.45194E+20,5.85863E+21,1.11566E+16,5.28578E+16
167395,,15,0,2,0,2017,11,10,4,3,5,2,1,0,0,0,0,0,0,7.06554E+20,5.70861E+21,1.19754E+16,5.14909E+16
167396,,15,0,2,0,2017,11,15,4,2,6,4,0,0,1,0,1,0,0,7.059E+20,5.70996E+21,1.19668E+16,5.15032E+16
167397,,15,0,91,375,2017,11,15,4,3,5,3,1,1,0,0,0,0,0,7.5184E+20,5.75412E+21,1.26593E+16,5.18809E+16
167398,,15,0,83,40,2017,11,7,4,3,1,7,0,1,0,0,0,1,0,6.78905E+20,5.78664E+21,1.1618E+16,5.22012E+16
167399,,15,0,83,40,2017,11,8,4,3,3,3,1,1,0,0,0,0,0,6.787E+20,5.78627E+21,1.16148E+16,5.21979E+16
167400,,15,0,88,195,2017,11,11,3,3,4,2,0,1,0,0,0,0,1,7.11917E+20,5.71117E+21,1.20541E+16,5.15119E+16
167401,,15,0,2,0,2017,11,16,3,3,2,6,1,0,0,0,0,1,1,7.06912E+20,5.70799E+21,1.19802E+16,5.14851E+16
167402,,15,0,2,0,2017,11,16,3,3,0,4,0,1,1,0,0,0,1,7.05798E+20,5.70918E+21,1.19649E+16,5.14962E+16
167403,,15,0,91,375,2017,11,22,3,2,0,1,1,0,0,0,0,2,1,7.48662E+20,5.752E+21,1.26117E+16,5.18633E+16
167404,,15,0,1,0,2017,11,9,3,3,1,5,0,1,0,0,1,0,0,7.23369E+20,5.74719E+21,1.22419E+16,5.18308E+16
167405,,15,0,1,0,2017,11,17,3,3,6,2,0,1,1,0,0,1,1,7.22818E+20,5.74701E+21,1.22338E+16,5.18294E+16
167406,,15,0,90,535,2017,11,11,3,3,8,1,0,1,0,0,0,0,1,6.9294E+20,5.83234E+21,1.18495E+16,5.26067E+16
167407,,15,0,3,0,2017,11,14,3,3,5,2,0,1,0,0,0,0,0,6.80666E+20,5.77653E+21,1.16384E+16,5.21097E+16
167408,,15,0,3,0,2017,11,17,3,2,6,4,1,0,1,0,0,2,1,6.80237E+20,5.78214E+21,1.16351E+16,5.21603E+16
167409,,15,0,86,15,2017,11,16,3,3,2,2,1,0,0,0,1,2,1,6.95177E+20,5.7946E+21,1.18604E+16,5.22671E+16
167410,,15,0,85,135,2017,11,11,3,3,1,2,0,1,0,0,0,0,1,6.42508E+20,5.75173E+21,1.10713E+16,5.1898E+16
167411,,15,0,85,135,2017,11,18,3,3,5,2,0,1,0,0,1,2,1,6.40993E+20,5.75083E+21,1.10489E+16,5.18904E+16
167412,,15,0,81,455,2017,11,15,3,2,1,5,1,1,0,0,0,0,1,6.45795E+20,5.85692E+21,1.11647E+16,5.28423E+16
167413,,15,0,88,220,2017,11,17,2,3,5,3,0,1,0,0,1,2,1,7.07457E+20,5.69544E+21,1.19807E+16,5.13722E+16
167414,,15,0,87,370,2017,11,14,2,3,5,3,0,1,0,0,0,0,1,6.57928E+20,5.70435E+21,1.12738E+16,5.14682E+16
167415,,15,0,2,0,2017,11,15,2,3,2,6,0,1,0,0,0,0,1,7.07373E+20,5.70853E+21,1.19872E+16,5.14898E+16
167416,,15,0,2,0,2017,11,17,2,3,2,6,0,1,0,0,1,2,1,7.03796E+20,5.70799E+21,1.19354E+16,5.14863E+16
167417,,15,0,2,0,2017,11,20,2,3,5,2,0,1,0,1,0,2,1,7.04071E+20,5.70933E+21,1.19401E+16,5.14982E+16
167418,,15,0,2,0,2017,11,18,2,3,1,5,1,1,0,0,0,2,1,7.05892E+20,5.70897E+21,1.19661E+16,5.14944E+16
167419,,15,0,2,0,2017,11,10,2,3,5,3,0,1,0,0,1,0,1,7.05201E+20,5.70571E+21,1.19543E+16,5.14653E+16
167420,,15,0,2,0,2017,11,10,2,3,2,7,1,1,0,0,0,0,1,7.07116E+20,5.70983E+21,1.19842E+16,5.15016E+16
167421,,15,0,91,145,2017,11,15,2,3,5,3,1,1,0,0,0,0,1,7.72857E+20,5.74442E+21,1.29563E+16,5.1784E+16
167422,,15,0,90,535,2017,11,17,2,3,7,1,1,0,0,0,0,2,1,6.92863E+20,5.83167E+21,1.18479E+16,5.26007E+16
167423,,15,0,3,0,2017,11,19,2,3,5,2,1,1,0,0,0,2,0,6.80437E+20,5.77888E+21,1.16363E+16,5.21309E+16
167424,,15,0,84,590,2017,11,22,7,3,2,6,0,1,0,0,0,2,0,7.21264E+20,5.66353E+21,1.21591E+16,5.10806E+16
167425,,15,0,89,30,2017,11,9,7,3,5,3,0,1,0,0,0,0,0,6.88691E+20,5.7402E+21,1.17355E+16,5.17808E+16
167426,,15,0,3,0,2017,11,16,7,2,6,4,0,1,1,0,0,2,1,6.76927E+20,5.78092E+21,1.15861E+16,5.21504E+16
167427,,15,0,3,0,2017,11,10,7,3,5,2,0,1,0,0,0,0,0,6.7729E+20,5.77586E+21,1.15888E+16,5.21049E+16
167428,,15,0,2,0,2017,11,12,6,3,5,3,0,1,0,0,0,0,0,7.0589E+20,5.70876E+21,1.1966E+16,5.14925E+16
167429,,15,0,2,0,2017,11,18,6,3,6,4,0,1,1,0,0,2,1,7.06324E+20,5.70547E+21,1.19703E+16,5.14628E+16
167430,,15,0,2,0,2017,11,11,6,3,6,7,0,0,1,0,1,0,0,7.06444E+20,5.70796E+21,1.19735E+16,5.1485E+16
167431,,15,0,2,0,2017,11,15,6,3,5,3,1,1,0,0,0,0,0,7.06099E+20,5.70379E+21,1.19661E+16,5.14478E+16
167432,,15,0,1,0,2017,11,13,6,3,4,6,0,1,0,0,0,0,0,7.23785E+20,5.74778E+21,1.22483E+16,5.18359E+16
167433,,15,0,82,15,2017,11,14,6,3,5,3,1,1,0,0,0,0,0,7.2386E+20,5.7265E+21,1.22357E+16,5.16449E+16
167434,,15,0,90,535,2017,11,12,6,2,5,3,1,1,0,0,0,0,0,6.94037E+20,5.83153E+21,1.18652E+16,5.25991E+16
167435,,15,0,90,535,2017,11,12,6,3,1,6,0,1,0,0,0,0,0,6.94022E+20,5.83151E+21,1.18649E+16,5.25989E+16
167436,,15,0,3,0,2017,11,12,6,3,5,3,0,1,0,0,0,0,0,6.77456E+20,5.77601E+21,1.15913E+16,5.21061E+16
167437,,15,0,3,0,2017,11,13,6,3,5,2,1,1,0,0,0,0,0,6.8135E+20,5.78011E+21,1.16503E+16,5.21417E+16
167438,,15,0,3,0,2017,11,16,6,3,1,6,0,1,0,0,0,0,0,6.76692E+20,5.78158E+21,1.1583E+16,5.21564E+16
167439,,15,0,83,415,2017,11,13,6,1,0,5,0,1,0,1,0,0,0,6.58426E+20,5.7631E+21,1.13077E+16,5.19959E+16
167440,,15,0,83,298,2017,11,6,6,2,8,1,0,1,0,0,1,2,1,6.70116E+20,5.78384E+21,1.14881E+16,5.21788E+16
167441,,15,0,81,135,2017,11,10,6,3,0,5,0,1,0,0,0,0,0,6.62842E+20,5.82179E+21,1.14002E+16,5.25218E+16
167442,,15,0,2,0,2017,11,8,5,3,5,2,0,1,0,0,1,0,0,7.05835E+20,5.71028E+21,1.19661E+16,5.15061E+16
167443,,15,0,1,0,2017,11,8,5,3,5,3,0,1,0,0,0,0,0,7.21595E+20,5.74666E+21,1.22159E+16,5.18267E+16
167444,,15,0,82,15,2017,11,11,5,3,5,3,1,1,0,0,0,0,0,7.26209E+20,5.73061E+21,1.22723E+16,5.16809E+16
167445,,15,0,82,430,2017,11,7,5,3,6,4,0,1,1,0,0,0,0,7.1218E+20,5.76119E+21,1.20884E+16,5.19609E+16
167446,,15,0,3,0,2017,11,12,5,3,5,2,1,1,0,0,0,0,0,6.81168E+20,5.78004E+21,1.16476E+16,5.21411E+16
167447,,15,0,3,0,2017,11,7,5,3,6,7,1,0,1,0,0,0,0,6.79444E+20,5.77456E+21,1.16195E+16,5.20925E+16
167448,,15,0,3,0,2017,11,10,5,2,5,3,1,1,0,0,0,0,0,6.80112E+20,5.78132E+21,1.16328E+16,5.2153E+16
167449,,15,0,83,40,2017,11,16,5,3,5,3,1,1,0,0,0,1,0,6.79189E+20,5.78611E+21,1.16219E+16,5.21963E+16
167450,,15,0,2,0,2017,11,18,4,3,5,2,0,1,0,0,1,2,0,7.02912E+20,5.70672E+21,1.1922E+16,5.14752E+16
167451,,15,0,91,375,2017,11,8,4,3,2,6,0,1,0,0,0,0,1,7.51825E+20,5.75242E+21,1.26579E+16,5.18656E+16
167452,,15,0,85,227,2017,11,15,4,3,0,1,0,0,0,1,0,0,0,6.15088E+20,5.75155E+21,1.06729E+16,5.19028E+16
167453,,15,0,3,0,2017,11,19,4,3,9,1,0,1,0,0,0,2,1,6.75153E+20,5.77552E+21,1.15574E+16,5.21025E+16
167454,,15,0,85,235,2017,11,17,4,2,5,3,1,1,0,0,0,2,0,6.48148E+20,5.73953E+21,1.11479E+16,5.1787E+16
167455,,15,0,1,0,2017,11,14,3,3,6,2,0,1,1,0,0,0,0,7.21742E+20,5.74667E+21,1.2218E+16,5.18268E+16
167456,,15,0,82,5,2017,11,18,3,3,5,3,1,1,0,0,0,2,0,7.10503E+20,5.74905E+21,1.20566E+16,5.18525E+16
167457,,15,0,89,30,2017,11,10,3,3,6,4,0,1,1,0,0,0,0,6.89159E+20,5.74172E+21,1.17431E+16,5.17943E+16
167458,,15,0,3,0,2017,11,16,3,3,1,6,0,1,0,0,0,2,0,6.76777E+20,5.78067E+21,1.15838E+16,5.21482E+16
167459,,15,0,3,0,2017,11,15,3,3,3,2,0,1,0,0,1,0,0,6.79988E+20,5.77834E+21,1.16294E+16,5.21262E+16
167460,,15,0,3,0,2017,11,6,3,3,6,7,0,1,1,0,0,1,0,6.79711E+20,5.78351E+21,1.16281E+16,5.21728E+16
167461,,15,0,83,415,2017,11,14,3,3,6,1,0,1,1,0,0,0,0,6.52746E+20,5.76637E+21,1.12264E+16,5.20269E+16
167462,,15,0,88,220,2017,11,16,2,3,5,3,1,1,0,0,0,2,0,7.07276E+20,5.69286E+21,1.19766E+16,5.13491E+16
167463,,15,0,87,220,2017,11,11,2,3,0,7,0,1,0,0,0,0,0,6.73379E+20,5.72594E+21,1.15066E+16,5.16577E+16
167464,,15,0,87,130,2017,11,15,2,2,6,2,0,1,1,0,0,0,0,6.75964E+20,5.71132E+21,1.15366E+16,5.15255E+16
167465,,15,0,2,0,2017,11,8,2,3,5,3,0,1,0,0,0,0,0,7.05811E+20,5.70977E+21,1.19654E+16,5.15016E+16
167466,,15,0,2,0,2017,11,15,2,3,2,6,0,1,0,0,0,0,0,7.0416E+20,5.71039E+21,1.1942E+16,5.15077E+16
167467,,15,0,84,235,2017,11,6,2,3,2,6,1,0,0,0,1,2,1,7.1686E+20,5.6717E+21,1.21012E+16,5.11556E+16
167468,,15,0,1,0,2017,11,6,2,3,4,2,0,1,0,0,0,0,1,7.20062E+20,5.7462E+21,1.21934E+16,5.18232E+16
167469,,15,0,3,0,2017,11,14,2,3,1,6,0,1,0,0,0,0,0,6.79906E+20,5.77771E+21,1.16279E+16,5.21206E+16
167470,,15,0,3,0,2017,11,10,2,3,2,6,0,1,0,0,0,0,0,6.83404E+20,5.77895E+21,1.16796E+16,5.21306E+16
167471,,15,0,3,0,2017,11,14,2,3,1,5,1,1,0,0,0,0,0,6.78601E+20,5.77861E+21,1.16093E+16,5.21291E+16
167472,,15,0,86,145,2017,11,13,2,3,5,3,1,1,0,0,0,0,0,6.91886E+20,5.79013E+21,1.18097E+16,5.22281E+16
167473,,15,0,85,370,2017,11,10,2,3,6,5,0,1,0,0,1,0,0,6.22577E+20,5.74405E+21,1.0779E+16,5.18338E+16
167474,,15,0,83,415,2017,11,13,2,3,3,2,1,1,0,0,0,0,0,6.52398E+20,5.76706E+21,1.12217E+16,5.20332E+16
167475,,15,0,83,270,2017,11,16,2,3,2,6,0,1,0,0,0,1,0,6.64729E+20,5.79597E+21,1.14153E+16,5.22894E+16
167476,,15,0,3,0,2017,11,6,1,3,1,7,0,1,0,0,0,2,1,6.7937E+20,5.77596E+21,1.16192E+16,5.21051E+16
167477,,15,0,88,365,2017,11,10,7,3,2,2,0,1,0,0,0,0,0,6.92635E+20,5.70722E+21,1.17744E+16,5.14832E+16
167478,,15,0,88,220,2017,11,19,7,2,6,4,0,1,1,0,0,2,0,7.07781E+20,5.69104E+21,1.19828E+16,5.13326E+16
167479,,15,0,87,440,2017,11,15,7,3,6,5,0,0,1,1,0,0,0,6.52889E+20,5.70311E+21,1.12007E+16,5.14584E+16
167480,,15,0,2,0,2017,11,18,7,3,5,3,0,1,0,0,0,2,0,7.06733E+20,5.70673E+21,1.19769E+16,5.14739E+16
167481,,15,0,82,15,2017,11,21,7,2,8,1,0,1,0,0,0,2,0,7.29833E+20,5.72473E+21,1.23207E+16,5.16265E+16
167482,,15,0,89,310,2017,11,1,7,3,0,5,0,1,0,0,0,2,0,6.78297E+20,5.74778E+21,1.15889E+16,5.18523E+16
167483,,15,0,86,140,2017,11,20,7,2,6,3,0,1,1,0,0,2,1,7.02269E+20,5.78123E+21,1.19562E+16,5.21444E+16
167484,,15,0,85,135,2017,11,12,7,3,2,6,0,1,0,0,0,0,2,6.424E+20,5.75166E+21,1.10697E+16,5.18975E+16
167485,,15,0,2,0,2017,11,7,6,3,6,4,0,1,1,0,0,2,1,7.05844E+20,5.70818E+21,1.1965E+16,5.14872E+16
167486,,15,0,2,0,2017,11,19,6,3,5,2,0,1,0,0,0,2,1,7.04462E+20,5.70429E+21,1.19428E+16,5.14528E+16
167487,,15,0,2,0,2017,11,12,6,3,5,3,0,1,0,1,0,0,0,7.05025E+20,5.70543E+21,1.19516E+16,5.14628E+16
167488,,15,0,84,355,2017,11,15,6,3,5,3,0,1,0,0,0,0,1,6.96664E+20,5.67119E+21,1.18125E+16,5.11583E+16
167489,,15,0,90,225,2017,11,9,6,3,1,3,1,1,0,0,0,0,1,7.07464E+20,5.8581E+21,1.20799E+16,5.28326E+16
167490,,15,0,89,305,2017,11,6,6,3,5,2,0,1,0,1,0,2,1,6.86987E+20,5.76544E+21,1.17245E+16,5.2008E+16
167491,,15,0,89,30,2017,11,9,6,3,5,2,1,1,0,0,0,0,0,6.89325E+20,5.7417E+21,1.17455E+16,5.17941E+16
167492,,15,0,3,0,2017,11,7,6,2,5,2,1,1,0,0,0,0,1,6.77964E+20,5.77574E+21,1.15985E+16,5.21035E+16
167493,,15,0,88,220,2017,11,6,5,2,6,4,0,1,1,0,0,2,1,7.08171E+20,5.69339E+21,1.19898E+16,5.13536E+16
167494,,15,0,2,0,2017,11,16,5,3,5,3,0,1,0,0,1,2,0,7.03768E+20,5.70929E+21,1.19358E+16,5.14979E+16
167495,,15,0,82,180,2017,11,10,5,3,5,5,0,1,0,0,0,0,0,7.04758E+20,5.73685E+21,1.19661E+16,5.17451E+16
167496,,15,0,89,305,2017,11,14,5,2,5,2,1,1,0,0,0,0,0,6.86619E+20,5.76675E+21,1.17198E+16,5.20199E+16
167497,,15,0,3,0,2017,11,12,5,2,0,4,0,1,1,0,0,0,0,6.7947E+20,5.78326E+21,1.16245E+16,5.21706E+16
167498,,15,0,3,0,2017,11,12,5,3,5,3,0,1,0,0,0,0,0,6.75412E+20,5.77284E+21,1.15598E+16,5.20783E+16
167499,,15,0,3,0,2017,11,17,5,3,2,6,0,1,0,0,0,2,0,6.80118E+20,5.77723E+21,1.16307E+16,5.21162E+16
167500,,15,0,3,0,2017,11,22,5,3,5,3,0,1,0,0,0,2,0,6.79752E+20,5.77521E+21,1.16243E+16,5.20982E+16
167501,,15,0,3,0,2017,11,17,5,3,3,2,1,1,0,0,0,2,0,6.80939E+20,5.77932E+21,1.16438E+16,5.21348E+16
167502,,15,0,2,0,2017,11,16,4,3,1,6,0,1,0,0,0,2,0,7.07362E+20,5.70623E+21,1.19857E+16,5.14692E+16
167503,,15,0,84,550,2017,11,15,4,2,0,7,1,0,0,0,0,0,0,7.08761E+20,5.67803E+21,1.19892E+16,5.12154E+16
167504,,15,0,82,430,2017,11,17,4,2,5,3,1,1,0,0,0,2,1,7.12238E+20,5.76236E+21,1.209E+16,5.19714E+16
167505,,15,0,87,370,2017,11,17,3,3,0,6,0,1,0,1,0,2,0,6.63472E+20,5.70788E+21,1.13551E+16,5.14984E+16
167506,,15,0,2,0,2017,11,8,3,3,5,3,1,1,0,0,0,0,0,7.05831E+20,5.70979E+21,1.19657E+16,5.15017E+16
167507,,15,0,2,0,2017,11,8,3,3,5,3,1,1,0,0,0,0,0,7.08697E+20,5.7091E+21,1.20066E+16,5.14945E+16
167508,,15,0,2,0,2017,11,18,3,3,5,3,1,1,0,0,0,2,0,7.06616E+20,5.70822E+21,1.19761E+16,5.14873E+16
167509,,15,0,88,205,2017,11,6,3,2,0,3,1,0,0,1,0,1,0,7.09579E+20,5.69083E+21,1.20084E+16,5.133E+16
167510,,15,0,1,0,2017,11,6,3,3,5,3,0,1,0,0,0,1,1,7.21556E+20,5.74772E+21,1.2216E+16,5.18363E+16
167511,,15,0,1,0,2017,11,14,3,3,5,3,1,1,0,0,0,0,0,7.21629E+20,5.74571E+21,1.22157E+16,5.18182E+16
167512,,15,0,3,0,2017,11,18,3,3,4,2,0,1,0,0,0,2,0,6.80863E+20,5.77909E+21,1.16426E+16,5.21327E+16
167513,,15,0,2,0,2017,11,12,2,3,4,6,1,0,0,0,0,0,0,7.04758E+20,5.71017E+21,1.19505E+16,5.15055E+16
167514,,15,0,2,0,2017,11,15,2,3,5,2,0,1,0,1,0,0,0,7.05693E+20,5.70758E+21,1.19625E+16,5.14819E+16
167515,,15,0,84,550,2017,11,6,2,3,5,2,0,1,0,0,1,1,0,7.08511E+20,5.67903E+21,1.19863E+16,5.12245E+16
167516,,15,0,82,180,2017,11,7,2,2,5,3,0,1,0,0,1,1,0,7.06332E+20,5.73788E+21,1.19895E+16,5.17538E+16
167517,,15,0,82,180,2017,11,10,2,3,4,3,1,1,0,0,0,0,0,7.06163E+20,5.73737E+21,1.19867E+16,5.17492E+16
167518,,15,0,89,42,2017,11,17,2,3,5,3,0,1,0,0,0,2,0,6.82418E+20,5.76154E+21,1.16559E+16,5.19746E+16
167519,,15,0,89,30,2017,11,15,2,2,9,7,0,1,0,0,0,0,0,6.90994E+20,5.73801E+21,1.17676E+16,5.17603E+16
167520,,15,0,89,15,2017,11,18,2,2,0,1,0,1,0,0,0,2,0,6.70445E+20,5.73661E+21,1.14695E+16,5.17545E+16
167521,,15,0,3,0,2017,11,18,2,3,5,3,1,1,0,0,0,2,0,6.80402E+20,5.78149E+21,1.16371E+16,5.21544E+16
167522,,15,0,3,0,2017,11,15,2,3,5,3,1,1,0,0,0,0,0,6.79594E+20,5.7776E+21,1.16233E+16,5.21197E+16
167523,,15,0,3,0,2017,11,18,2,2,5,3,0,1,0,1,0,2,0,6.76332E+20,5.77702E+21,1.15754E+16,5.21155E+16
167524,,15,0,3,0,2017,11,16,2,2,0,7,0,0,0,1,0,0,0,6.79988E+20,5.77833E+21,1.16294E+16,5.21262E+16
167525,,15,0,88,220,2017,11,18,1,3,5,2,1,1,0,0,0,2,1,7.08283E+20,5.69432E+21,1.19919E+16,5.13619E+16
167526,,15,0,2,0,2017,11,17,1,3,2,6,0,1,0,0,0,2,1,7.05653E+20,5.70233E+21,1.19588E+16,5.14348E+16
167527,,15,0,84,355,2017,11,5,1,3,5,3,1,1,0,0,0,2,0,6.9687E+20,5.67109E+21,1.18154E+16,5.11573E+16
167528,,15,0,1,0,2017,11,17,1,2,6,4,0,1,1,0,0,2,1,7.24054E+20,5.7483E+21,1.22526E+16,5.18405E+16
167529,,15,0,3,0,2017,11,15,1,3,2,6,0,1,0,0,0,0,1,6.77471E+20,5.78172E+21,1.15945E+16,5.21574E+16
167530,,15,0,3,0,2017,11,5,1,3,4,6,1,0,0,0,0,2,1,6.79217E+20,5.77734E+21,1.16177E+16,5.21175E+16
167531,,15,0,88,220,2017,11,15,7,3,5,3,0,1,0,0,0,0,0,7.08494E+20,5.69409E+21,1.19948E+16,5.13597E+16
167532,,15,0,84,550,2017,11,23,7,3,5,3,0,1,0,0,0,2,0,7.07537E+20,5.67756E+21,1.19715E+16,5.12117E+16
167533,,15,0,91,375,2017,11,19,7,3,8,1,0,1,0,0,0,2,0,7.49769E+20,5.7535E+21,1.26289E+16,5.18762E+16
167534,,15,0,1,0,2017,11,16,7,3,0,7,0,1,0,0,0,2,0,7.2294E+20,5.74649E+21,1.22352E+16,5.18247E+16
167535,,15,0,82,180,2017,11,21,7,3,5,3,0,1,0,0,0,2,0,7.05067E+20,5.73693E+21,1.19706E+16,5.17457E+16
167536,,15,0,3,0,2017,11,14,7,3,5,2,1,1,0,0,0,0,0,6.79352E+20,5.77742E+21,1.16197E+16,5.21181E+16
167537,,15,0,3,0,2017,11,16,7,3,3,3,1,1,0,0,0,1,1,6.78694E+20,5.77561E+21,1.16091E+16,5.21021E+16
167538,,15,0,3,0,2017,11,7,7,3,8,1,0,1,0,0,0,2,0,6.76768E+20,5.78054E+21,1.15836E+16,5.21471E+16
167539,,15,0,87,220,2017,11,11,6,2,9,1,0,0,0,0,1,0,0,6.73894E+20,5.72537E+21,1.15138E+16,5.16524E+16
167540,,15,0,2,0,2017,11,17,6,3,5,2,0,1,0,1,0,1,0,7.02964E+20,5.71045E+21,1.19249E+16,5.15087E+16
167541,,15,0,84,550,2017,11,13,6,3,5,3,1,0,0,0,1,0,0,7.07303E+20,5.67773E+21,1.19682E+16,5.12133E+16
167542,,15,0,91,391,2017,11,18,6,3,5,3,1,1,0,0,0,2,0,7.56892E+20,5.75191E+21,1.27309E+16,5.18587E+16
167543,,15,0,1,0,2017,11,14,6,3,5,3,0,1,0,0,0,0,0,7.20499E+20,5.74779E+21,1.22007E+16,5.18373E+16
167544,,15,0,1,0,2017,11,14,6,2,5,3,0,1,0,0,0,0,0,7.22283E+20,5.74432E+21,1.22243E+16,5.18054E+16
167545,,15,0,82,180,2017,11,8,6,3,5,3,0,1,0,0,0,0,0,7.07075E+20,5.73768E+21,1.20001E+16,5.17517E+16
167546,,15,0,3,0,2017,12,10,7,3,5,3,0,1,0,1,0,0,0,6.76828E+20,5.78079E+21,1.15846E+16,5.21493E+16
167547,,15,0,89,305,2017,11,16,6,2,5,3,0,1,0,1,0,0,0,6.87709E+20,5.7665E+21,1.17356E+16,5.20173E+16
167548,,15,0,85,370,2017,11,14,6,3,5,3,1,1,0,0,0,0,0,6.24029E+20,5.74584E+21,1.08007E+16,5.18496E+16
167549,,15,0,83,298,2017,11,19,6,3,5,2,0,1,0,0,1,2,0,6.69994E+20,5.78298E+21,1.14859E+16,5.2171E+16
167550,,15,0,2,0,2017,11,9,5,3,5,3,0,1,0,0,0,0,0,7.05983E+20,5.70668E+21,1.19661E+16,5.14737E+16
167551,9.1701E+18,9,1,62,0,2017,1,14,2,3,8,7,0,1,0,0,0,0,0,6.92714E+20,5.34198E+21,1.15937E+16,4.82018E+16