OBJECTID,UIDENTSTLA,ULAND,UREGBEZ,UKREIS,UGEMEINDE,UJAHR,UMONAT,USTUNDE,UWOCHENTAG,UKATEGORIE,UART,UTYP1,IstRad,IstPKW,IstFuss,IstKrad,IstSonstig,LICHT,STRZUSTAND,LINREFX,LINREFY,XGCSWGS84,YGCSWGS84
167552,9.1701E+18,9,1,62,0,2017,1,20,2,3,0,7,1,0,0,0,0,2,2,6.8965E+20,5.33265E+21,1.15483E+16,4.81189E+16
167553,9.1701E+18,9,7,75,129,2017,1,20,2,3,8,1,0,1,0,0,0,2,2,5.80738E+20,5.34127E+21,1.0087E+16,4.82195E+16
167554,9.1701E+18,9,7,78,116,2017,1,7,2,3,5,3,1,0,0,0,1,2,0,6.19094E+20,5.31838E+21,1.05968E+16,4.80076E+16
167555,9.1701E+18,9,1,90,157,2017,1,6,3,2,5,3,0,0,0,1,1,2,2,6.60136E+20,5.30076E+21,1.11402E+16,4.78402E+16
167556,9.1701E+18,9,1,82,131,2017,1,12,3,3,6,7,0,1,1,0,0,0,2,7.15305E+20,5.29005E+21,1.18714E+16,4.77279E+16
167557,9.1701E+18,9,1,74,136,2017,1,10,3,3,5,3,0,1,0,0,0,0,1,6.83186E+20,5.36531E+21,1.14757E+16,4.84143E+16
167558,9.1701E+18,9,1,77,117,2017,1,5,3,3,5,3,0,1,0,0,0,2,2,7.14484E+20,5.35542E+21,1.18931E+16,4.83156E+16
167559,9.1701E+18,9,1,62,0,2017,1,16,2,3,1,7,0,1,0,0,0,2,2,6.92037E+20,5.33031E+21,1.15793E+16,4.80971E+16
167560,9.1701E+18,9,1,62,0,2017,1,9,2,3,1,1,1,1,0,0,0,0,0,6.91108E+20,5.33473E+21,1.15688E+16,4.81371E+16
167561,9.1701E+18,9,7,73,182,2017,1,16,2,3,8,1,0,1,0,0,0,1,2,6.22324E+20,5.37995E+21,1.06579E+16,4.85607E+16
167562,9.1701E+18,9,7,72,147,2017,1,17,2,3,4,6,0,1,0,0,1,2,2,6.38202E+20,5.36361E+21,1.08676E+16,4.84105E+16
167563,9.1701E+18,9,7,71,130,2017,1,18,2,3,8,1,0,1,0,0,0,2,2,6.4412E+20,5.36341E+21,1.09474E+16,4.84074E+16
167564,9.1701E+18,9,7,72,202,2017,1,14,2,3,4,2,0,1,0,0,0,0,2,6.3721E+20,5.35802E+21,1.08524E+16,4.83604E+16
167565,9.1701E+18,9,7,61,0,2017,1,14,2,3,2,2,0,1,0,0,0,0,1,6.41862E+20,5.36116E+21,1.09162E+16,4.83877E+16
167566,9.1701E+18,9,7,61,0,2017,1,13,2,3,1,6,0,1,0,0,0,0,0,6.39726E+20,5.35669E+21,1.08859E+16,4.8348E+16
167567,9.1701E+18,9,5,72,141,2017,1,13,2,3,9,1,0,1,0,0,0,0,2,6.49985E+20,5.49825E+21,1.10765E+16,4.96182E+16
167568,9.1701E+18,9,5,76,128,2017,1,21,2,3,8,1,0,1,0,0,0,2,2,6.43647E+20,5.4627E+21,1.09759E+16,4.93001E+16
167569,9.1701E+18,9,5,63,0,2017,1,11,2,3,6,4,0,1,1,0,0,0,1,6.44916E+20,5.48119E+21,1.10001E+16,4.94661E+16
167570,9.1701E+18,9,5,64,0,2017,1,16,2,3,0,4,0,0,1,0,1,1,1,6.50827E+20,5.47848E+21,1.10806E+16,4.94403E+16
167571,9.1701E+18,9,5,64,0,2017,1,9,2,3,9,1,0,0,0,0,1,0,1,6.49245E+20,5.47916E+21,1.1059E+16,4.94468E+16
167572,9.1701E+18,9,5,64,0,2017,1,19,2,3,6,4,0,1,1,0,0,2,1,6.50241E+20,5.47957E+21,1.10729E+16,4.94502E+16
167573,9.1701E+18,9,5,64,0,2017,1,18,2,3,0,2,0,1,1,0,0,2,1,6.49931E+20,5.47806E+21,1.10681E+16,4.94367E+16
167574,9.1701E+18,9,5,64,0,2017,1,12,2,3,0,1,0,0,0,1,0,0,2,6.50808E+20,5.48341E+21,1.10822E+16,4.94846E+16
167575,9.1701E+18,9,5,75,121,2017,1,17,2,3,8,1,0,1,0,0,0,2,2,6.24519E+20,5.48526E+21,1.072E+16,4.95072E+16
167576,9.1701E+18,9,5,71,145,2017,1,16,2,3,8,1,0,1,0,0,0,2,2,5.9751E+20,5.44537E+21,1.03373E+16,4.91534E+16
167577,9.1701E+18,9,4,79,152,2017,1,13,2,2,2,6,0,1,0,0,0,0,2,7.23748E+20,5.56328E+21,1.2134E+16,5.01794E+16
167578,9.1701E+18,9,4,76,154,2017,1,15,2,3,8,1,0,1,0,0,0,0,2,6.57296E+20,5.57236E+21,1.12079E+16,5.02824E+16
167579,9.1701E+18,9,4,73,134,2017,1,5,2,3,9,1,0,1,0,0,0,2,2,6.45335E+20,5.56677E+21,1.1038E+16,5.02352E+16
167580,9.1701E+18,9,4,61,0,2017,1,11,2,3,1,1,0,1,0,0,0,0,2,6.37867E+20,5.52928E+21,1.09198E+16,4.99E+16
167581,9.1701E+18,9,3,74,144,2017,1,12,2,3,8,1,0,1,0,0,0,0,2,7.19947E+20,5.51547E+21,1.20535E+16,4.97515E+16
167582,9.1701E+18,9,3,73,119,2017,1,16,2,3,9,1,0,1,0,0,0,1,2,6.84848E+20,5.45074E+21,1.15366E+16,4.91816E+16
167583,9.1701E+18,9,3,76,146,2017,1,14,2,3,9,1,0,1,0,0,0,0,2,7.42518E+20,5.46474E+21,1.23352E+16,4.92872E+16
167584,9.1701E+18,9,2,71,146,2017,1,15,2,3,4,1,0,1,0,0,0,0,2,7.84281E+20,5.41013E+21,1.287E+16,4.87792E+16
167585,9.1701E+18,9,2,77,145,2017,1,21,2,3,6,7,0,1,1,0,0,2,2,7.96714E+20,5.35347E+21,1.29985E+16,4.82649E+16
167586,9.1701E+18,9,2,62,0,2017,1,17,2,3,6,4,0,1,1,0,0,2,2,8.29002E+20,5.38995E+21,1.34609E+16,4.85762E+16
167587,9.1701E+18,9,1,80,117,2017,1,10,2,3,6,2,0,1,1,0,0,0,0,6.5838E+20,5.2621E+21,1.11027E+16,4.7493E+16
167588,9.1701E+18,9,1,89,145,2017,1,11,2,3,5,3,0,1,0,0,0,0,0,7.71752E+20,5.30382E+21,1.26314E+16,4.78303E+16
167589,9.1701E+18,9,1,71,125,2017,1,1,2,3,6,2,0,1,1,0,0,2,1,7.73705E+20,5.35032E+21,1.26871E+16,4.82469E+16
167590,9.1701E+18,9,1,86,137,2017,1,11,2,3,3,6,1,1,0,0,0,0,0,6.79686E+20,5.39703E+21,1.14421E+16,4.87004E+16
167591,9.1701E+18,9,1,88,127,2017,1,17,2,3,5,3,0,1,0,0,1,2,2,6.76535E+20,5.32973E+21,1.13711E+16,4.80964E+16
167592,9.1701E+18,9,1,78,143,2017,1,9,2,3,0,7,0,1,0,1,0,0,1,7.17185E+20,5.37233E+21,1.19383E+16,4.84666E+16
167593,9.1701E+18,9,1,62,0,2017,1,18,1,3,6,4,0,1,1,0,0,2,1,6.85866E+20,5.33349E+21,1.14979E+16,4.81275E+16
167594,9.1701E+18,9,1,62,0,2017,1,21,1,3,5,3,0,1,0,0,0,2,1,6.92322E+20,5.33424E+21,1.15849E+16,4.81323E+16
167595,9.1701E+18,9,1,62,0,2017,1,18,1,3,6,7,0,1,1,0,0,2,1,6.88159E+20,5.3329E+21,1.15284E+16,4.81215E+16
167596,9.1701E+18,9,7,73,125,2017,1,1,1,3,1,1,0,1,0,0,0,2,1,6.1039E+20,5.38152E+21,1.04966E+16,4.8577E+16
167597,9.1701E+18,9,7,61,0,2017,1,11,1,3,4,6,0,1,0,0,0,0,0,6.39703E+20,5.35734E+21,1.08858E+16,4.83538E+16
167598,9.1701E+18,9,6,78,123,2017,1,2,1,3,6,2,0,1,1,0,0,2,1,5.86761E+20,5.54695E+21,1.02123E+16,5.00685E+16
167599,9.1701E+18,9,6,78,115,2017,1,1,1,3,0,1,1,0,0,0,0,2,2,5.84078E+20,5.53985E+21,1.01733E+16,5.0005E+16
167600,9.1701E+18,9,4,71,140,2017,1,18,1,3,2,6,0,1,0,0,0,2,1,6.3476E+20,5.53254E+21,1.08777E+16,4.993E+16
167601,9.1701E+18,9,3,62,0,2017,1,0,1,3,3,7,0,1,0,0,1,2,1,7.27544E+20,5.43416E+21,1.21123E+16,4.90184E+16
167602,9.1701E+18,9,2,73,137,2017,1,1,1,3,4,3,0,1,0,0,0,2,0,7.10834E+20,5.42264E+21,1.18781E+16,4.89208E+16
167603,9.1701E+18,9,1,87,137,2017,1,15,1,2,6,7,0,1,1,0,0,0,0,7.29509E+20,5.31201E+21,1.20721E+16,4.79203E+16
167604,9.1701E+18,9,1,81,122,2017,1,0,1,3,0,1,0,0,0,0,1,2,1,6.52218E+20,5.33002E+21,1.10448E+16,4.81053E+16
167605,9.1701E+18,9,1,79,121,2017,1,4,1,3,0,7,1,0,0,0,0,2,1,6.66348E+20,5.33851E+21,1.12378E+16,4.81781E+16
167606,9.1701E+18,9,1,62,0,2017,1,12,1,3,2,6,0,1,0,0,0,0,0,6.96024E+20,5.34366E+21,1.1639E+16,4.82158E+16
167607,,15,0,88,25,2017,12,14,1,3,8,1,0,1,0,0,0,0,0,6.99127E+20,5.69857E+21,1.18629E+16,5.14033E+16
167608,,15,0,87,15,2017,12,20,1,3,9,1,0,0,0,0,1,2,1,6.68882E+20,5.7001E+21,1.14293E+16,5.14269E+16
167609,,15,0,84,550,2017,12,16,1,2,9,7,0,1,0,0,0,2,0,7.06851E+20,5.67875E+21,1.19624E+16,5.12226E+16
167610,,15,0,91,375,2017,12,11,1,2,6,4,0,1,1,0,0,0,1,7.52155E+20,5.75333E+21,1.26633E+16,5.18736E+16
167611,,15,0,1,0,2017,12,14,1,3,5,3,0,1,0,1,0,0,1,7.22102E+20,5.7485E+21,1.22244E+16,5.18431E+16
167612,,15,0,82,180,2017,12,14,1,3,0,1,0,0,0,1,0,0,1,7.05623E+20,5.73703E+21,1.19787E+16,5.17464E+16
167613,,15,0,3,0,2017,12,17,1,3,0,7,0,0,0,1,0,2,1,6.77456E+20,5.77617E+21,1.15913E+16,5.21076E+16
167614,,15,0,81,455,2017,12,13,1,3,9,1,0,0,0,1,0,0,1,6.4561E+20,5.85702E+21,1.1162E+16,5.28432E+16
167615,,15,0,88,220,2017,12,13,7,3,0,7,0,1,0,0,0,0,0,7.10293E+20,5.69443E+21,1.20208E+16,5.13622E+16
167616,,15,0,3,0,2017,12,11,7,3,6,4,0,1,1,0,0,0,0,6.80257E+20,5.78204E+21,1.16353E+16,5.21594E+16
167617,,15,0,87,220,2017,12,12,6,3,0,7,0,1,0,0,0,0,0,6.72965E+20,5.72547E+21,1.15004E+16,5.16536E+16
167618,,15,0,2,0,2017,12,20,6,3,3,6,0,1,0,0,0,2,0,7.07419E+20,5.70285E+21,1.19845E+16,5.14388E+16
167619,,15,0,3,0,2017,12,16,6,3,0,7,1,0,0,0,0,1,0,6.79427E+20,5.77621E+21,1.16201E+16,5.21073E+16
167620,,15,0,3,0,2017,12,16,6,3,6,7,0,1,1,0,0,0,0,6.80522E+20,5.77855E+21,1.16373E+16,5.21279E+16
167621,,15,0,85,135,2017,12,12,6,3,3,6,1,1,0,0,0,0,0,6.40987E+20,5.751E+21,1.10489E+16,5.18919E+16
167622,,15,0,88,319,2017,12,10,5,3,5,3,1,1,0,0,0,0,0,6.9864E+20,5.70984E+21,1.18623E+16,5.15047E+16
167623,,15,0,87,370,2017,12,10,5,3,6,4,0,1,1,0,0,0,0,6.59361E+20,5.70485E+21,1.12946E+16,5.14724E+16
167624,,15,0,2,0,2017,12,16,5,3,5,3,0,1,0,0,0,1,0,7.05642E+20,5.70353E+21,1.19594E+16,5.14455E+16
167625,,15,0,82,15,2017,12,15,5,2,5,3,1,1,0,0,0,0,0,7.25648E+20,5.73063E+21,1.22642E+16,5.16812E+16
167626,,15,0,82,15,2017,12,17,5,2,5,3,0,1,0,0,1,2,0,7.2769E+20,5.72667E+21,1.22911E+16,5.16449E+16
167627,,15,0,82,180,2017,12,13,5,3,5,3,0,1,0,0,0,0,0,7.06337E+20,5.73788E+21,1.19896E+16,5.17538E+16
167628,,15,0,82,5,2017,12,16,5,2,0,1,1,0,0,0,0,1,0,7.11349E+20,5.74906E+21,1.20689E+16,5.18523E+16
167629,,15,0,3,0,2017,12,12,5,3,6,7,0,1,1,0,0,0,0,6.80597E+20,5.77912E+21,1.16387E+16,5.2133E+16
167630,,15,0,87,130,2017,12,13,4,3,5,3,0,1,0,0,0,0,0,6.7668E+20,5.71198E+21,1.15473E+16,5.15312E+16
167631,,15,0,2,0,2017,12,14,4,3,5,3,1,1,0,0,0,0,0,7.06002E+20,5.70411E+21,1.19649E+16,5.14506E+16
167632,,15,0,2,0,2017,12,14,4,2,5,3,1,1,0,0,0,0,0,7.08662E+20,5.70891E+21,1.20059E+16,5.14927E+16
167633,,15,0,2,0,2017,12,15,4,3,6,6,0,0,1,0,1,0,0,7.05686E+20,5.70757E+21,1.19623E+16,5.14818E+16
167634,,15,0,2,0,2017,12,16,4,3,8,7,0,1,0,0,0,1,0,7.05434E+20,5.70481E+21,1.19571E+16,5.14571E+16
167635,,15,0,2,0,2017,12,5,4,3,3,5,0,1,0,1,0,2,0,7.08201E+20,5.70883E+21,1.19993E+16,5.14922E+16
167636,,15,0,91,375,2017,12,22,4,3,0,1,1,0,0,0,0,2,1,7.51835E+20,5.75239E+21,1.2658E+16,5.18653E+16
167637,,15,0,90,535,2017,12,12,4,3,5,3,0,1,0,0,0,0,0,6.92411E+20,5.8316E+21,1.18412E+16,5.26003E+16
167638,,15,0,89,305,2017,12,6,4,3,9,1,0,0,0,0,1,2,2,6.88189E+20,5.76619E+21,1.17424E+16,5.20144E+16
167639,,15,0,89,305,2017,12,10,4,3,2,2,0,1,0,0,0,0,1,6.8598E+20,5.76785E+21,1.17111E+16,5.20301E+16
167640,,15,0,3,0,2017,12,11,4,3,1,6,0,1,0,0,0,0,0,6.75986E+20,5.78122E+21,1.15725E+16,5.21534E+16
167641,,15,0,3,0,2017,12,11,4,3,5,2,0,1,0,0,0,0,0,6.7854E+20,5.77485E+21,1.16065E+16,5.20953E+16
167642,,15,0,83,298,2017,12,14,4,3,5,3,0,1,0,0,0,0,0,6.70242E+20,5.78369E+21,1.14899E+16,5.21774E+16
167643,,15,0,85,228,2017,12,15,3,3,5,3,0,1,0,0,0,0,1,6.16452E+20,5.73378E+21,1.06867E+16,5.17428E+16
167644,,15,0,90,535,2017,12,8,7,3,6,4,0,1,1,0,0,1,0,6.92828E+20,5.83225E+21,1.18478E+16,5.2606E+16
167645,,15,0,89,15,2017,12,17,7,3,0,4,0,1,1,0,0,2,0,6.70565E+20,5.7377E+21,1.14718E+16,5.17642E+16
167646,,15,0,3,0,2017,12,19,7,3,0,7,1,0,0,0,0,2,0,6.80636E+20,5.77972E+21,1.16396E+16,5.21384E+16
167647,,15,0,3,0,2017,12,9,7,1,6,2,0,1,1,0,0,0,0,6.78383E+20,5.77643E+21,1.1605E+16,5.21096E+16
167648,,15,0,2,0,2017,12,20,6,2,0,1,0,0,0,1,0,2,0,7.05085E+20,5.70879E+21,1.19544E+16,5.1493E+16
167649,,15,0,2,0,2017,12,17,6,3,1,5,0,1,0,0,0,2,0,7.06227E+20,5.7062E+21,1.19693E+16,5.14694E+16
167650,,15,0,2,0,2017,12,20,6,3,5,3,1,1,0,0,0,2,0,7.05894E+20,5.70994E+21,1.19667E+16,5.1503E+16
167651,,15,0,1,0,2017,12,11,6,3,5,3,0,1,0,0,0,0,0,7.22956E+20,5.74636E+21,1.22354E+16,5.18236E+16
167652,,15,0,90,535,2017,12,18,6,3,6,7,0,1,1,0,0,2,0,6.93912E+20,5.83189E+21,1.18635E+16,5.26024E+16
167653,,15,0,3,0,2017,12,17,6,3,4,2,0,1,0,0,0,2,0,6.77742E+20,5.7775E+21,1.15962E+16,5.21194E+16
167654,,15,0,2,0,2017,12,0,5,3,0,1,1,0,0,0,0,2,1,7.05721E+20,5.70908E+21,1.19637E+16,5.14953E+16
167655,,15,0,2,0,2017,12,13,5,3,5,3,0,1,0,0,0,0,1,7.03847E+20,5.70707E+21,1.19356E+16,5.1478E+16
167656,,15,0,82,180,2017,12,10,5,3,5,3,1,1,0,0,0,0,1,7.05376E+20,5.73768E+21,1.19755E+16,5.17523E+16
167657,,15,0,3,0,2017,12,15,5,3,5,3,0,1,0,0,0,0,0,6.76047E+20,5.77989E+21,1.15727E+16,5.21414E+16
167658,,15,0,3,0,2017,12,14,5,3,0,1,0,0,0,1,0,0,0,6.82881E+20,5.7802E+21,1.16726E+16,5.2142E+16
167659,,15,0,3,0,2017,12,10,5,3,5,3,0,1,0,0,0,0,0,6.78405E+20,5.77797E+21,1.16061E+16,5.21234E+16
167660,,15,0,3,0,2017,12,11,5,3,5,3,1,1,0,0,0,0,1,6.763E+20,5.77418E+21,1.15735E+16,5.209E+16
167661,,15,0,3,0,2017,12,16,5,3,5,3,1,1,0,0,0,1,0,6.80345E+20,5.77865E+21,1.16348E+16,5.21289E+16
167662,,15,0,86,80,2017,12,5,5,2,1,6,1,1,0,0,0,2,0,7.05894E+20,5.82125E+21,1.20336E+16,5.25024E+16
167663,,15,0,85,135,2017,12,17,5,3,7,5,1,1,0,0,0,1,1,6.41408E+20,5.75075E+21,1.10549E+16,5.18896E+16
167664,,15,0,88,195,2017,12,17,4,2,0,7,0,1,0,0,0,1,0,7.19105E+20,5.71301E+21,1.21587E+16,5.15256E+16
167665,,15,0,2,0,2017,12,16,4,3,5,3,1,1,0,0,0,0,0,7.08381E+20,5.70856E+21,1.20017E+16,5.14898E+16
167666,,15,0,2,0,2017,12,7,4,3,0,1,0,1,0,0,0,1,0,7.06466E+20,5.70765E+21,1.19736E+16,5.14822E+16
167667,,15,0,84,375,2017,12,16,4,2,6,7,0,1,1,0,0,2,1,7.05597E+20,5.66093E+21,1.19343E+16,5.10631E+16
167668,,15,0,84,550,2017,12,7,4,3,0,3,0,1,0,1,0,1,0,7.11272E+20,5.68337E+21,1.20283E+16,5.12624E+16
167669,,15,0,82,241,2017,12,10,4,2,4,6,1,0,0,0,0,0,1,7.34319E+20,5.72515E+21,1.23857E+16,5.16285E+16
167670,,15,0,89,305,2017,12,16,4,3,3,3,1,1,0,0,0,1,0,6.86118E+20,5.7663E+21,1.17123E+16,5.20161E+16
167671,,15,0,3,0,2017,12,17,4,3,6,6,0,1,1,0,0,1,0,6.80366E+20,5.77863E+21,1.16351E+16,5.21287E+16
167672,,15,0,3,0,2017,12,13,4,3,8,1,0,1,0,0,0,0,1,6.77928E+20,5.77344E+21,1.15968E+16,5.20829E+16
167673,,15,0,81,455,2017,12,17,4,2,6,4,0,1,1,0,0,1,1,6.45993E+20,5.85693E+21,1.11677E+16,5.28423E+16
167674,,15,0,2,0,2017,12,15,3,2,5,3,1,1,0,0,0,0,1,7.07249E+20,5.7099E+21,1.19862E+16,5.15022E+16
167675,,15,0,2,0,2017,12,20,3,3,2,2,0,1,0,0,0,2,1,7.07035E+20,5.70932E+21,1.19828E+16,5.14971E+16
167676,,15,0,2,0,2017,12,15,3,3,5,3,0,1,0,0,0,0,1,7.05981E+20,5.70669E+21,1.19661E+16,5.14738E+16
167677,,15,0,82,15,2017,12,12,3,2,5,3,0,1,0,0,1,0,1,7.27691E+20,5.72667E+21,1.22911E+16,5.16449E+16
167678,,15,0,90,535,2017,12,14,3,3,0,1,1,0,0,0,0,0,1,6.93358E+20,5.8311E+21,1.18549E+16,5.25955E+16
167679,,15,0,89,310,2017,12,22,3,3,0,3,1,1,0,0,0,2,1,6.78302E+20,5.74763E+21,1.15889E+16,5.1851E+16
167680,,15,0,3,0,2017,12,16,3,2,6,4,0,1,1,0,0,2,0,6.82876E+20,5.77882E+21,1.16718E+16,5.21296E+16
167681,,15,0,3,0,2017,12,10,3,3,5,2,1,0,0,0,1,0,0,6.81258E+20,5.77553E+21,1.16465E+16,5.21006E+16
167682,,15,0,3,0,2017,12,19,3,3,5,3,1,1,0,0,0,2,0,6.80362E+20,5.77979E+21,1.16357E+16,5.21392E+16
167683,,15,0,3,0,2017,12,20,3,2,5,3,0,1,0,0,0,2,0,6.80111E+20,5.77488E+21,1.16294E+16,5.20951E+16
167684,,15,0,3,0,2017,12,16,3,3,6,2,0,1,1,0,0,2,1,6.8029E+20,5.77672E+21,1.1633E+16,5.21116E+16
167685,,15,0,85,370,2017,12,7,3,3,5,3,0,1,0,0,0,1,1,6.24772E+20,5.74582E+21,1.08115E+16,5.18492E+16
167686,,15,0,85,145,2017,12,10,3,3,5,3,0,1,0,0,0,0,1,6.48013E+20,5.72347E+21,1.11392E+16,5.16427E+16
167687,,15,0,83,415,2017,12,16,3,3,5,3,0,1,0,0,0,2,1,6.52853E+20,5.76734E+21,1.12284E+16,5.20356E+16
167688,,15,0,83,298,2017,12,11,3,3,9,1,0,1,0,0,0,0,1,6.60966E+20,5.79098E+21,1.13578E+16,5.22457E+16
167689,,15,0,87,386,2017,12,14,2,3,6,6,0,1,1,0,0,0,0,6.86734E+20,5.70823E+21,1.16901E+16,5.14943E+16
167690,,15,0,2,0,2017,12,11,2,3,6,7,0,1,1,0,0,0,0,7.05485E+20,5.71121E+21,1.19616E+16,5.15146E+16
167691,,15,0,2,0,2017,12,13,2,3,5,2,0,1,0,1,0,0,0,7.0804E+20,5.70159E+21,1.19927E+16,5.14273E+16
167692,,15,0,91,375,2017,12,9,2,3,1,5,1,1,0,0,0,0,0,7.5012E+20,5.75255E+21,1.26333E+16,5.18676E+16
167693,,15,0,91,375,2017,12,11,2,3,1,6,0,1,0,0,0,0,0,7.48571E+20,5.75334E+21,1.26114E+16,5.18753E+16
167694,,15,0,1,0,2017,12,6,2,3,5,2,1,1,0,0,0,2,1,7.23312E+20,5.74667E+21,1.22407E+16,5.18262E+16
167695,,15,0,90,535,2017,12,15,2,3,5,3,0,1,0,0,0,0,1,6.92408E+20,5.8316E+21,1.18412E+16,5.26003E+16
167696,,15,0,90,535,2017,12,12,2,3,5,3,1,1,0,0,0,0,0,6.92245E+20,5.83131E+21,1.18386E+16,5.25977E+16
167697,,15,0,89,305,2017,12,14,2,3,1,2,0,1,0,0,0,0,0,6.86138E+20,5.76623E+21,1.17126E+16,5.20155E+16
167698,,15,0,3,0,2017,12,15,2,3,5,3,1,1,0,0,0,0,0,6.8019E+20,5.77828E+21,1.16323E+16,5.21256E+16
167699,,15,0,3,0,2017,12,12,2,3,0,2,0,1,0,0,1,0,0,6.78025E+20,5.77569E+21,1.15994E+16,5.2103E+16
167700,,15,0,3,0,2017,12,13,2,3,5,3,1,1,0,0,0,0,0,6.79806E+20,5.77768E+21,1.16264E+16,5.21203E+16
167701,,15,0,3,0,2017,12,13,2,3,6,7,0,1,1,0,0,0,1,6.7883E+20,5.77658E+21,1.16116E+16,5.21108E+16
167702,,15,0,3,0,2017,12,15,2,3,5,3,1,1,0,0,0,0,0,6.78571E+20,5.77684E+21,1.1608E+16,5.21132E+16
167703,,15,0,3,0,2017,12,7,2,2,9,1,0,1,0,0,0,1,0,6.78199E+20,5.77508E+21,1.16016E+16,5.20975E+16
167704,,15,0,3,0,2017,12,7,2,3,5,3,1,1,0,0,0,1,0,6.79356E+20,5.77723E+21,1.16196E+16,5.21164E+16
167705,,15,0,85,55,2017,12,16,2,3,8,1,0,1,0,0,0,0,0,6.31448E+20,5.7483E+21,1.09093E+16,5.187E+16
167706,,15,0,85,235,2017,12,13,2,2,0,4,1,0,1,0,0,0,0,6.48049E+20,5.73946E+21,1.11465E+16,5.17864E+16
167707,,15,0,3,0,2017,12,20,1,2,5,3,0,1,0,0,0,2,0,6.77742E+20,5.7775E+21,1.15962E+16,5.21194E+16
167708,,15,0,86,15,2017,12,18,1,3,6,4,0,1,1,0,0,2,0,6.94702E+20,5.79515E+21,1.18538E+16,5.22722E+16
167709,,15,0,88,25,2017,12,2,7,3,9,1,0,1,0,0,0,2,2,6.98886E+20,5.6984E+21,1.18594E+16,5.14019E+16
167710,,15,0,88,220,2017,12,16,7,3,5,3,1,1,0,0,0,2,0,7.07827E+20,5.69111E+21,1.19835E+16,5.13332E+16
167711,,15,0,3,0,2017,12,15,7,3,5,2,1,1,0,0,0,0,0,6.78866E+20,5.77802E+21,1.16129E+16,5.21238E+16
167712,,15,0,86,140,2017,12,20,7,3,9,1,0,0,0,0,1,2,1,7.13172E+20,5.77669E+21,1.21125E+16,5.20996E+16
167713,,15,0,81,135,2017,12,20,7,3,3,6,1,0,0,0,0,2,0,6.49569E+20,5.81647E+21,1.12024E+16,5.24779E+16
167714,,15,0,88,365,2017,12,20,6,3,0,1,0,1,0,0,0,2,1,6.92352E+20,5.7002E+21,1.17665E+16,5.14203E+16
167715,,15,0,87,260,2017,12,13,6,3,5,3,1,1,0,0,0,0,1,6.72821E+20,5.71712E+21,1.14942E+16,5.15786E+16
167716,,15,0,2,0,2017,12,23,6,1,6,4,0,0,1,0,1,2,0,7.06408E+20,5.70525E+21,1.19714E+16,5.14607E+16
167717,,15,0,2,0,2017,12,23,6,3,2,2,0,1,0,0,0,2,0,7.04563E+20,5.70797E+21,1.19464E+16,5.14858E+16
167718,,15,0,91,241,2017,12,7,6,3,6,4,0,1,1,0,0,2,1,7.346E+20,5.74371E+21,1.24023E+16,5.17949E+16
167719,,15,0,82,15,2017,12,16,6,2,5,2,0,1,0,0,0,1,1,7.28166E+20,5.72753E+21,1.22985E+16,5.16524E+16
167720,,15,0,90,550,2017,12,7,6,3,4,2,0,1,0,0,0,1,2,7.01624E+20,5.82617E+21,1.19738E+16,5.25483E+16
167721,,15,0,89,305,2017,12,12,6,3,5,3,1,1,0,0,0,0,1,6.87467E+20,5.76532E+21,1.17314E+16,5.20069E+16
167722,,15,0,89,30,2017,12,11,6,3,6,4,0,1,1,0,0,0,0,6.89508E+20,5.74137E+21,1.17479E+16,5.17911E+16
167723,,15,0,89,310,2017,12,18,6,3,8,1,0,1,0,0,0,2,2,6.83913E+20,5.75488E+21,1.16741E+16,5.19142E+16
167724,,15,0,3,0,2017,12,13,6,3,6,4,0,1,1,0,0,0,0,6.80112E+20,5.78132E+21,1.16328E+16,5.2153E+16
167725,,15,0,85,235,2017,12,9,6,3,5,3,1,1,0,0,0,0,0,6.48375E+20,5.73939E+21,1.11512E+16,5.17857E+16
167726,,15,0,85,135,2017,12,13,6,3,1,6,0,1,0,0,0,0,0,6.4098E+20,5.75097E+21,1.10487E+16,5.18916E+16
167727,,15,0,2,0,2017,12,16,5,3,0,6,0,0,1,0,1,1,1,7.08167E+20,5.70857E+21,1.19986E+16,5.14899E+16
167728,,15,0,2,0,2017,12,17,5,3,5,2,1,1,0,0,0,2,0,7.00389E+20,5.71037E+21,1.18878E+16,5.15089E+16
167729,,15,0,2,0,2017,12,6,5,3,2,2,0,1,0,0,0,2,1,7.0703E+20,5.70762E+21,1.19817E+16,5.14818E+16
167730,,15,0,2,0,2017,12,7,5,3,6,4,0,1,1,0,0,1,1,7.07305E+20,5.70485E+21,1.1984E+16,5.14568E+16
167731,,15,0,1,0,2017,12,18,5,3,6,2,0,1,1,0,0,2,0,7.19429E+20,5.74563E+21,1.21838E+16,5.18184E+16
167732,,15,0,82,15,2017,12,9,5,2,6,6,0,1,1,0,0,0,0,7.25656E+20,5.73012E+21,1.2264E+16,5.16767E+16
167733,,15,0,82,5,2017,12,13,5,2,5,3,1,1,0,0,0,0,0,7.0992E+20,5.74908E+21,1.20482E+16,5.1853E+16
167734,,15,0,82,180,2017,12,14,5,3,6,4,0,1,1,0,0,0,0,7.0522E+20,5.73736E+21,1.19731E+16,5.17495E+16
167735,,15,0,89,15,2017,12,12,5,2,6,7,0,0,1,0,1,0,1,6.68678E+20,5.73756E+21,1.14444E+16,5.17635E+16