OBJECTID,UIDENTSTLA,ULAND,UREGBEZ,UKREIS,UGEMEINDE,UJAHR,UMONAT,USTUNDE,UWOCHENTAG,UKATEGORIE,UART,UTYP1,IstRad,IstPKW,IstFuss,IstKrad,IstSonstig,LICHT,STRZUSTAND,LINREFX,LINREFY,XGCSWGS84,YGCSWGS84
167736,,15,0,3,0,2017,12,17,5,3,6,4,0,1,1,0,1,2,1,6.80885E+20,5.77605E+21,1.16413E+16,5.21054E+16
167737,,15,0,3,0,2017,12,21,5,3,6,4,1,0,1,0,0,2,0,6.79105E+20,5.77867E+21,1.16167E+16,5.21294E+16
167738,,15,0,3,0,2017,12,16,5,3,2,2,0,1,0,0,0,0,1,6.8049E+20,5.77959E+21,1.16374E+16,5.21373E+16
167739,,15,0,3,0,2017,12,17,5,3,5,3,0,1,0,0,0,1,1,6.80181E+20,5.77782E+21,1.1632E+16,5.21215E+16
167740,,15,0,3,0,2017,12,16,5,3,5,2,1,1,0,0,0,1,1,6.79581E+20,5.77409E+21,1.16213E+16,5.20882E+16
167741,,15,0,88,365,2017,12,7,4,3,6,6,0,1,1,0,0,1,0,6.95435E+20,5.7035E+21,1.18127E+16,5.14489E+16
167742,,15,0,88,205,2017,12,15,4,3,0,3,1,1,0,0,0,0,0,7.21056E+20,5.69315E+21,1.21744E+16,5.13465E+16
167743,,15,0,87,220,2017,12,15,4,2,6,4,0,1,1,0,0,0,1,6.73358E+20,5.72569E+21,1.15062E+16,5.16554E+16
167744,,15,0,84,355,2017,12,6,4,3,7,7,0,1,1,0,0,2,0,6.91134E+20,5.66807E+21,1.17319E+16,5.11322E+16
167745,,15,0,91,20,2017,12,10,4,3,2,6,0,1,0,1,0,0,0,7.58488E+20,5.73277E+21,1.27398E+16,5.16863E+16
167746,,15,0,1,0,2017,12,5,4,3,4,6,1,1,0,0,0,2,0,7.23443E+20,5.74425E+21,1.22411E+16,5.18044E+16
167747,,15,0,1,0,2017,12,5,4,3,5,3,1,1,0,0,0,2,0,7.22328E+20,5.74689E+21,1.22266E+16,5.18285E+16
167748,,15,0,90,546,2017,12,11,4,3,3,6,1,1,0,0,0,0,0,6.91056E+20,5.81309E+21,1.18106E+16,5.24346E+16
167749,,15,0,90,415,2017,12,9,4,3,1,6,0,1,0,0,0,0,0,6.85855E+20,5.84992E+21,1.17549E+16,5.27671E+16
167750,,15,0,89,305,2017,12,16,4,3,3,2,1,1,0,0,0,1,1,6.8621E+20,5.766E+21,1.17135E+16,5.20134E+16
167751,,15,0,3,0,2017,12,12,4,3,2,5,0,1,0,0,0,0,0,6.80638E+20,5.78026E+21,1.16399E+16,5.21433E+16
167752,,15,0,3,0,2017,12,16,4,3,5,3,1,1,0,0,0,1,1,6.79408E+20,5.77904E+21,1.16213E+16,5.21327E+16
167753,,15,0,3,0,2017,12,9,4,3,0,1,1,0,0,0,0,0,1,6.79494E+20,5.78002E+21,1.16231E+16,5.21415E+16
167754,,15,0,3,0,2017,12,10,4,2,6,2,0,1,1,0,0,0,0,6.7753E+20,5.77644E+21,1.15926E+16,5.21099E+16
167755,,15,0,3,0,2017,12,8,4,3,1,5,0,1,0,0,0,1,1,6.77839E+20,5.77748E+21,1.15976E+16,5.21192E+16
167756,,15,0,3,0,2017,12,9,4,3,6,4,0,1,1,0,0,0,0,6.81188E+20,5.77561E+21,1.16455E+16,5.21013E+16
167757,,15,0,88,319,2017,12,17,3,2,9,1,0,1,0,0,0,1,1,6.90978E+20,5.70976E+21,1.1752E+16,5.15067E+16
167758,,15,0,2,0,2017,12,9,3,3,6,7,0,1,1,0,0,0,0,7.07159E+20,5.70581E+21,1.19825E+16,5.14655E+16
167759,,15,0,2,0,2017,12,19,3,3,2,6,0,1,0,0,0,2,0,7.05934E+20,5.70753E+21,1.19659E+16,5.14814E+16
167760,,15,0,2,0,2017,12,7,3,3,6,6,1,0,1,0,0,1,0,7.06355E+20,5.70548E+21,1.19708E+16,5.14629E+16
167761,,15,0,91,60,2017,12,17,3,2,8,1,0,1,0,0,0,2,1,7.38482E+20,5.75491E+21,1.24662E+16,5.18938E+16
167762,,15,0,90,520,2017,12,18,3,2,6,4,0,1,1,0,0,2,1,6.85158E+20,5.86334E+21,1.17522E+16,5.28878E+16
167763,,15,0,90,535,2017,12,21,3,3,5,3,0,1,0,0,0,2,1,6.92088E+20,5.83148E+21,1.18364E+16,5.25994E+16
167764,,15,0,89,30,2017,12,6,3,2,6,4,0,1,1,0,0,2,1,6.88715E+20,5.7414E+21,1.17365E+16,5.17916E+16
167765,,15,0,3,0,2017,12,18,3,3,4,2,1,1,0,0,0,2,1,6.80204E+20,5.77915E+21,1.1633E+16,5.21334E+16
167766,,15,0,84,550,2017,12,16,2,3,6,4,0,0,1,0,1,1,1,7.07684E+20,5.67659E+21,1.1973E+16,5.12029E+16
167767,,15,0,87,370,2017,12,16,2,3,0,7,0,1,0,0,0,0,1,6.59758E+20,5.70334E+21,1.12996E+16,5.14587E+16
167768,,15,0,2,0,2017,12,9,2,2,5,2,1,1,0,0,0,0,1,7.06138E+20,5.7048E+21,1.19672E+16,5.14568E+16
167769,,15,0,2,0,2017,12,16,2,3,2,6,0,1,0,0,0,2,1,7.05891E+20,5.70412E+21,1.19633E+16,5.14508E+16
167770,,15,0,2,0,2017,12,16,2,3,2,6,0,1,0,0,0,1,1,7.0709E+20,5.70751E+21,1.19825E+16,5.14808E+16
167771,,15,0,90,535,2017,12,15,2,3,5,3,1,1,0,0,0,0,1,6.92411E+20,5.8316E+21,1.18412E+16,5.26003E+16
167772,,15,0,3,0,2017,12,17,2,3,6,4,1,0,1,0,0,2,1,6.7914E+20,5.77926E+21,1.16175E+16,5.21348E+16
167773,,15,0,3,0,2017,12,16,2,3,6,2,0,0,1,0,1,2,1,6.8049E+20,5.77959E+21,1.16374E+16,5.21373E+16
167774,,15,0,2,0,2017,12,15,1,3,3,5,1,1,0,0,0,0,2,7.0616E+20,5.7089E+21,1.19699E+16,5.14936E+16
167775,,15,0,90,535,2017,12,18,1,3,1,6,0,1,0,0,0,2,2,6.92066E+20,5.83148E+21,1.18361E+16,5.25993E+16
167776,,15,0,89,55,2017,12,18,1,3,4,6,0,1,0,0,0,2,2,6.90927E+20,5.75485E+21,1.17759E+16,5.19117E+16
167777,,15,0,89,307,2017,12,17,1,3,4,6,0,1,0,0,0,1,2,6.59591E+20,5.73971E+21,1.13138E+16,5.17855E+16
167778,,15,0,3,0,2017,12,17,1,3,5,3,0,1,0,0,0,2,2,6.80201E+20,5.77915E+21,1.1633E+16,5.21334E+16
167779,,15,0,81,455,2017,12,11,1,3,5,3,0,1,0,0,0,0,1,6.43808E+20,5.85788E+21,1.11357E+16,5.28514E+16
167780,,15,0,88,216,2017,12,9,7,3,5,3,0,1,0,0,0,0,1,7.00641E+20,5.72476E+21,1.18996E+16,5.1638E+16
167781,,15,0,2,0,2017,12,9,7,3,5,3,1,1,0,0,0,0,0,7.05695E+20,5.70863E+21,1.19631E+16,5.14913E+16
167782,,15,0,82,180,2017,12,17,7,3,0,6,0,1,0,0,0,2,0,7.05468E+20,5.73914E+21,1.19777E+16,5.17654E+16
167783,,15,0,3,0,2017,12,14,7,2,0,7,1,0,0,0,0,0,0,6.76885E+20,5.78123E+21,1.15857E+16,5.21532E+16
167784,,15,0,3,0,2017,12,13,7,2,6,4,0,1,1,0,0,0,0,6.7885E+20,5.77708E+21,1.16122E+16,5.21153E+16
167785,,15,0,88,150,2017,12,17,6,3,6,2,0,1,1,0,0,2,0,7.16737E+20,5.70244E+21,1.21181E+16,5.14316E+16
167786,,15,0,87,31,2017,12,12,6,3,0,7,0,0,1,0,1,0,0,6.72741E+20,5.72957E+21,1.14992E+16,5.16905E+16
167787,,15,0,2,0,2017,12,15,6,3,5,3,1,1,0,0,0,0,0,7.10551E+20,5.70362E+21,1.203E+16,5.14446E+16
167788,,15,0,84,590,2017,12,19,6,2,5,3,0,1,0,0,0,2,0,7.19248E+20,5.66036E+21,1.21284E+16,5.10529E+16
167789,,15,0,91,375,2017,12,8,6,3,6,6,1,0,1,0,0,0,0,7.50896E+20,5.7527E+21,1.26446E+16,5.18686E+16
167790,,15,0,91,375,2017,12,20,6,2,8,1,1,0,0,0,0,2,0,7.52558E+20,5.75342E+21,1.26692E+16,5.18743E+16
167791,,15,0,1,0,2017,12,13,6,3,5,2,1,1,0,0,0,0,0,7.19238E+20,5.7455E+21,1.2181E+16,5.18173E+16
167792,,15,0,89,305,2017,12,10,6,3,4,2,1,1,0,0,0,0,0,6.86972E+20,5.76661E+21,1.17249E+16,5.20186E+16
167793,,15,0,3,0,2017,12,18,6,3,5,3,0,1,0,0,0,2,1,6.74262E+20,5.77428E+21,1.15438E+16,5.20916E+16
167794,,15,0,3,0,2017,12,15,6,3,6,2,0,1,1,0,0,0,1,6.80639E+20,5.78025E+21,1.16399E+16,5.21432E+16
167795,,15,0,3,0,2017,12,12,6,3,3,2,1,0,0,0,1,0,0,6.80424E+20,5.7814E+21,1.16374E+16,5.21536E+16
167796,,15,0,87,220,2017,12,13,5,3,6,7,0,1,1,0,0,0,0,6.73254E+20,5.72582E+21,1.15048E+16,5.16566E+16
167797,,15,0,2,0,2017,12,21,5,3,6,4,0,0,1,0,1,2,0,7.06464E+20,5.70494E+21,1.1972E+16,5.14579E+16
167798,,15,0,2,0,2017,12,9,5,3,6,6,0,1,1,0,0,0,0,7.06581E+20,5.70747E+21,1.19752E+16,5.14806E+16
167799,,15,0,84,590,2017,12,17,5,2,6,4,0,1,1,0,0,1,0,7.20531E+20,5.65916E+21,1.2146E+16,5.10416E+16
167800,,15,0,91,375,2017,12,10,5,3,5,3,1,1,0,0,0,0,0,7.51438E+20,5.7535E+21,1.2653E+16,5.18755E+16
167801,,15,0,82,340,2017,12,13,5,3,5,2,0,1,0,1,0,0,0,7.26538E+20,5.71905E+21,1.22696E+16,5.15769E+16
167802,,15,0,82,241,2017,12,0,5,3,8,1,0,1,0,0,0,2,0,7.41178E+20,5.72846E+21,1.24869E+16,5.16553E+16
167803,,15,0,89,55,2017,12,10,5,2,3,3,1,1,0,0,0,0,0,6.91521E+20,5.75499E+21,1.17846E+16,5.19127E+16
167804,,15,0,83,270,2017,12,10,5,2,5,3,1,1,0,0,0,0,0,6.65202E+20,5.79558E+21,1.1422E+16,5.22857E+16
167805,,15,0,81,135,2017,12,17,5,3,5,2,1,0,0,0,0,2,0,6.62427E+20,5.82204E+21,1.13942E+16,5.25242E+16
167806,,15,0,88,365,2017,12,15,4,3,6,4,0,1,1,0,0,0,0,6.9328E+20,5.70582E+21,1.17829E+16,5.14705E+16
167807,,15,0,2,0,2017,12,15,4,3,5,2,1,1,0,0,0,0,0,7.03793E+20,5.70738E+21,1.1935E+16,5.14808E+16
167808,,15,0,1,0,2017,12,13,4,3,3,6,0,1,0,0,1,0,0,7.21825E+20,5.74484E+21,1.2218E+16,5.18103E+16
167809,,15,0,90,535,2017,12,10,4,3,5,3,1,1,0,0,0,0,0,6.93827E+20,5.83157E+21,1.18621E+16,5.25995E+16
167810,,15,0,3,0,2017,12,7,4,3,6,4,0,1,1,0,0,1,0,6.79789E+20,5.77687E+21,1.16258E+16,5.21131E+16
167811,,15,0,83,40,2017,12,15,4,3,0,1,1,0,0,0,0,0,0,6.78793E+20,5.78717E+21,1.16166E+16,5.22059E+16
167812,,15,0,81,455,2017,12,11,4,3,1,3,1,0,0,0,1,0,0,6.46124E+20,5.85801E+21,1.11701E+16,5.2852E+16
167813,,15,0,81,455,2017,12,15,4,2,5,3,1,1,0,0,0,0,0,6.45346E+20,5.85767E+21,1.11584E+16,5.28491E+16
167814,,15,0,2,0,2017,12,16,3,3,6,4,0,1,1,0,0,1,1,7.06483E+20,5.70483E+21,1.19722E+16,5.14569E+16
167815,,15,0,2,0,2017,12,12,3,3,2,7,0,1,0,1,0,0,1,7.11398E+20,5.70717E+21,1.20442E+16,5.14761E+16
167816,,15,0,2,0,2017,12,11,3,3,4,2,1,1,0,0,0,0,0,7.0738E+20,5.70854E+21,1.19873E+16,5.14899E+16
167817,,15,0,1,0,2017,12,20,3,3,5,3,1,1,0,0,0,2,0,7.23428E+20,5.74708E+21,1.22427E+16,5.18298E+16
167818,,15,0,90,535,2017,12,17,3,3,6,7,0,1,1,0,0,2,0,6.93542E+20,5.83209E+21,1.18582E+16,5.26043E+16
167819,,15,0,90,535,2017,12,8,3,3,5,3,1,1,0,0,0,0,1,6.92058E+20,5.832E+21,1.18363E+16,5.2604E+16
167820,,15,0,89,305,2017,12,7,3,2,6,2,0,1,1,0,0,1,0,6.8773E+20,5.76655E+21,1.17359E+16,5.20178E+16
167821,,15,0,89,310,2017,12,16,3,2,5,2,1,1,0,0,0,1,0,6.78878E+20,5.74755E+21,1.15972E+16,5.185E+16
167822,,15,0,3,0,2017,12,9,3,2,0,7,0,0,1,0,1,0,0,6.77945E+20,5.77638E+21,1.15986E+16,5.21093E+16
167823,,15,0,86,55,2017,12,6,3,3,5,3,1,1,0,0,0,2,1,6.93894E+20,5.77314E+21,1.18294E+16,5.20748E+16
167824,,15,0,2,0,2017,12,13,2,3,1,1,1,1,0,0,0,0,0,7.06262E+20,5.70693E+21,1.19703E+16,5.14759E+16
167825,,15,0,2,0,2017,12,15,2,3,2,6,0,1,0,0,0,0,1,7.06514E+20,5.70776E+21,1.19744E+16,5.14832E+16
167826,,15,0,1,0,2017,12,5,2,2,5,3,1,1,0,0,0,2,1,7.22635E+20,5.75351E+21,1.22353E+16,5.18879E+16
167827,,15,0,1,0,2017,12,9,2,3,5,3,1,1,0,0,0,0,1,7.23602E+20,5.74467E+21,1.22437E+16,5.18081E+16
167828,9.1701E+18,9,1,62,0,2017,1,14,2,3,6,7,0,1,1,0,0,0,0,6.89047E+20,5.33249E+21,1.15402E+16,4.81176E+16
167829,9.17011E+18,9,5,64,0,2017,1,12,5,3,0,3,0,1,0,1,0,0,1,6.46801E+20,5.47933E+21,1.10254E+16,4.94489E+16
167830,9.17011E+18,9,5,64,0,2017,1,19,5,3,3,6,0,1,0,0,0,2,1,6.52087E+20,5.48063E+21,1.10988E+16,4.94593E+16
167831,9.17011E+18,9,4,75,156,2017,1,9,5,3,1,6,0,1,0,0,1,0,2,6.92194E+20,5.57824E+21,1.17002E+16,5.03249E+16
167832,9.17011E+18,9,4,76,145,2017,1,19,5,3,6,6,0,1,1,0,0,2,2,6.62782E+20,5.56763E+21,1.12828E+16,5.02384E+16
167833,9.17011E+18,9,4,63,0,2017,1,8,5,3,9,1,0,1,0,0,0,1,2,6.43737E+20,5.56925E+21,1.10165E+16,5.02579E+16
167834,9.17011E+18,9,4,71,191,2017,1,18,5,3,4,6,0,1,0,0,0,2,1,6.32281E+20,5.52477E+21,1.08405E+16,4.98607E+16
167835,9.17011E+18,9,4,61,0,2017,1,15,5,3,6,2,0,1,1,0,0,0,0,6.37321E+20,5.52994E+21,1.09124E+16,4.9906E+16
167836,9.17011E+18,9,3,63,0,2017,1,9,5,3,5,3,0,1,0,0,0,0,1,7.2782E+20,5.50737E+21,1.21579E+16,4.96758E+16
167837,9.17011E+18,9,3,63,0,2017,1,11,5,3,0,7,0,1,0,0,1,0,1,7.2531E+20,5.5085E+21,1.21239E+16,4.96869E+16
167838,9.17011E+18,9,3,75,114,2017,1,6,5,2,6,6,0,1,1,0,0,2,1,7.41787E+20,5.44402E+21,1.23127E+16,4.91014E+16
167839,9.17011E+18,9,3,62,0,2017,1,11,5,3,6,7,0,1,1,0,0,0,2,7.24244E+20,5.43254E+21,1.20664E+16,4.9005E+16
167840,9.17011E+18,9,3,76,141,2017,1,17,5,3,1,5,0,1,0,1,0,2,0,7.25913E+20,5.4543E+21,1.21013E+16,4.91998E+16
167841,9.17011E+18,9,3,76,141,2017,1,8,5,1,0,1,0,1,1,0,0,0,2,7.2635E+20,5.45395E+21,1.21071E+16,4.91966E+16
167842,9.17011E+18,9,2,74,128,2017,1,10,5,3,5,3,0,1,0,0,0,0,1,7.36278E+20,5.38642E+21,1.22041E+16,4.85862E+16
167843,9.17011E+18,9,2,61,0,2017,1,7,5,3,0,1,1,0,0,0,0,1,2,7.32246E+20,5.38252E+21,1.21474E+16,4.85528E+16
167844,9.17011E+18,9,2,73,111,2017,1,13,5,3,5,3,0,1,0,0,0,0,0,7.13493E+20,5.40968E+21,1.19076E+16,4.88034E+16
167845,9.17011E+18,9,2,79,127,2017,1,16,5,2,8,1,0,1,0,0,0,1,1,7.52613E+20,5.40265E+21,1.24351E+16,4.87256E+16
167846,9.17011E+18,9,1,63,0,2017,1,7,5,3,2,6,0,1,0,0,0,1,1,7.32819E+20,5.30434E+21,1.21122E+16,4.78502E+16
167847,9.17011E+18,9,1,85,131,2017,1,17,5,3,4,1,0,1,0,0,0,2,1,6.64217E+20,5.37587E+21,1.12237E+16,4.85144E+16
167848,9.17011E+18,9,1,85,149,2017,1,11,5,3,2,6,0,1,0,0,1,0,1,6.62721E+20,5.40061E+21,1.12132E+16,4.87373E+16
167849,9.17011E+18,9,1,88,139,2017,1,7,5,2,4,6,0,1,0,0,1,0,2,6.67974E+20,5.31675E+21,1.12511E+16,4.7982E+16
167850,9.17011E+18,9,1,79,142,2017,1,20,5,3,5,3,0,1,0,0,1,2,1,6.73251E+20,5.34206E+21,1.1332E+16,4.82081E+16
167851,9.17011E+18,9,1,74,115,2017,1,9,5,3,0,6,0,1,0,0,0,0,1,6.80678E+20,5.34595E+21,1.14335E+16,4.8241E+16
167852,9.17011E+18,9,1,77,133,2017,1,5,5,3,3,2,0,1,0,0,0,2,1,7.06486E+20,5.35928E+21,1.17873E+16,4.83529E+16
167853,9.17011E+18,9,1,77,116,2017,1,6,5,3,8,1,0,1,0,0,0,2,2,7.08453E+20,5.36307E+21,1.18157E+16,4.83863E+16
167854,9.17011E+18,9,1,77,137,2017,1,7,5,3,9,1,0,1,0,0,0,0,1,7.31759E+20,5.34519E+21,1.21202E+16,4.82176E+16
167855,9.17011E+18,9,1,84,123,2017,1,6,4,3,4,2,0,1,0,0,0,1,2,7.02121E+20,5.3344E+21,1.17165E+16,4.81307E+16
167856,9.17011E+18,9,1,62,0,2017,1,19,4,3,5,3,0,1,0,0,0,2,1,6.91843E+20,5.33357E+21,1.15782E+16,4.81264E+16
167857,9.17011E+18,9,1,62,0,2017,1,17,4,2,0,4,0,0,1,0,1,2,1,6.94164E+20,5.33464E+21,1.16098E+16,4.81354E+16
167858,9.17011E+18,9,1,62,0,2017,1,8,4,3,3,2,1,0,0,0,1,0,2,6.96026E+20,5.33499E+21,1.1635E+16,4.81379E+16
167859,9.17011E+18,9,1,62,0,2017,1,10,4,3,2,6,0,1,0,0,0,0,1,6.88587E+20,5.332E+21,1.15338E+16,4.81133E+16
167860,9.17011E+18,9,7,75,135,2017,1,7,4,2,6,4,0,1,1,0,0,1,1,5.74229E+20,5.35987E+21,1.00026E+16,4.83876E+16
167861,9.17011E+18,9,7,75,129,2017,1,16,4,2,6,7,0,1,1,0,0,0,1,5.82205E+20,5.34168E+21,1.01068E+16,4.8223E+16
167862,9.17011E+18,9,7,77,144,2017,1,10,4,3,4,6,0,1,0,0,0,0,2,6.09263E+20,5.29083E+21,1.04581E+16,4.77616E+16
167863,9.17011E+18,9,7,79,194,2017,1,17,4,2,2,6,0,1,0,0,0,2,2,6.07708E+20,5.41226E+21,1.04683E+16,4.8854E+16
167864,9.17011E+18,9,7,72,200,2017,1,16,4,2,8,1,0,1,0,0,0,1,2,6.33347E+20,5.33894E+21,1.07942E+16,4.81897E+16
167865,9.17011E+18,9,7,72,177,2017,1,16,4,3,5,3,1,1,0,0,0,0,1,6.37168E+20,5.37865E+21,1.08586E+16,4.85459E+16
167866,9.17011E+18,9,7,61,0,2017,1,7,4,3,6,2,0,1,1,0,0,1,1,6.39992E+20,5.35944E+21,1.08904E+16,4.83726E+16
167867,9.17011E+18,9,6,62,0,2017,1,15,4,3,5,3,1,1,0,0,0,1,1,5.86183E+20,5.54266E+21,1.02033E+16,5.003E+16
167868,9.17011E+18,9,5,62,0,2017,1,17,4,3,5,3,1,1,0,0,0,2,2,6.44982E+20,5.49414E+21,1.10057E+16,4.95825E+16
167869,9.17011E+18,9,5,62,0,2017,1,0,4,3,0,7,1,0,0,0,0,2,2,6.46103E+20,5.4903E+21,1.10198E+16,4.95477E+16
167870,9.17011E+18,9,5,62,0,2017,1,7,4,3,5,3,1,1,0,0,0,2,1,6.42438E+20,5.49606E+21,1.09713E+16,4.96003E+16
167871,9.17011E+18,9,5,63,0,2017,1,8,4,3,6,4,0,1,1,0,0,1,1,6.4269E+20,5.483E+21,1.097E+16,4.94829E+16
167872,9.17011E+18,9,5,64,0,2017,1,17,4,3,4,6,1,1,0,0,0,2,1,6.50039E+20,5.48239E+21,1.10712E+16,4.94756E+16
167873,9.17011E+18,9,5,64,0,2017,1,20,4,3,4,2,0,1,0,0,0,2,1,6.52214E+20,5.47882E+21,1.10998E+16,4.9443E+16
167874,9.17011E+18,9,5,71,136,2017,1,16,4,3,0,7,1,0,0,0,0,0,2,5.95968E+20,5.43591E+21,1.03139E+16,4.90685E+16
167875,9.17011E+18,9,4,72,131,2017,1,15,4,3,5,3,0,1,0,0,0,0,2,6.79425E+20,5.53437E+21,1.15003E+16,4.99347E+16
167876,9.17011E+18,9,4,62,0,2017,1,8,4,3,1,5,1,1,0,0,0,0,2,6.85168E+20,5.53706E+21,1.15816E+16,4.99572E+16
167877,9.17011E+18,9,4,61,0,2017,1,14,4,3,5,3,1,1,0,0,0,0,2,6.34998E+20,5.52793E+21,1.08794E+16,4.98886E+16
167878,9.17011E+18,9,4,61,0,2017,1,16,4,3,1,7,0,1,0,0,0,2,2,6.36867E+20,5.52962E+21,1.0906E+16,4.99033E+16
167879,9.17011E+18,9,4,61,0,2017,1,17,4,3,4,1,0,1,0,0,0,2,2,6.37616E+20,5.53212E+21,1.09173E+16,4.99256E+16
167880,9.17011E+18,9,3,63,0,2017,1,19,4,3,4,6,0,1,0,0,0,2,2,7.24104E+20,5.50628E+21,1.21059E+16,4.96673E+16
167881,9.17011E+18,9,3,71,113,2017,1,11,4,3,4,2,0,1,0,0,0,0,2,6.89359E+20,5.50804E+21,1.16258E+16,4.96951E+16
167882,9.17011E+18,9,2,62,0,2017,1,19,4,3,5,3,0,1,0,0,0,2,2,8.25633E+20,5.38933E+21,1.34149E+16,4.85723E+16
167883,9.17011E+18,9,2,61,0,2017,1,22,4,3,3,2,1,1,0,0,0,2,1,7.31689E+20,5.38189E+21,1.21395E+16,4.85473E+16
167884,9.17011E+18,9,1,71,132,2017,1,14,4,3,6,7,0,1,1,0,0,0,0,7.65706E+20,5.3518E+21,1.25805E+16,4.82636E+16
167885,9.17011E+18,9,1,62,0,2017,1,8,4,3,2,6,0,1,0,0,1,0,1,6.80688E+20,5.33903E+21,1.14307E+16,4.81788E+16
167886,9.17011E+18,9,1,79,123,2017,1,7,4,3,0,7,1,0,0,0,0,2,1,6.75458E+20,5.33471E+21,1.13587E+16,4.81414E+16
167887,9.17011E+18,9,1,79,121,2017,1,11,4,3,5,2,1,1,0,0,0,0,2,6.65757E+20,5.33724E+21,1.12293E+16,4.81668E+16
167888,9.17011E+18,9,1,74,113,2017,1,9,4,3,0,1,0,0,0,1,0,0,2,6.71377E+20,5.34715E+21,1.13089E+16,4.82543E+16
167889,9.17011E+18,9,1,75,124,2017,1,3,4,3,1,1,0,1,0,0,0,2,2,7.15392E+20,5.32803E+21,1.18915E+16,4.80691E+16
167890,9.17011E+18,9,1,75,113,2017,1,9,4,3,4,1,0,1,0,0,1,0,2,7.15969E+20,5.31609E+21,1.18932E+16,4.79617E+16
167891,9.17011E+18,9,1,62,0,2017,1,15,3,3,6,7,0,1,1,0,0,0,1,6.93773E+20,5.33381E+21,1.16042E+16,4.8128E+16
167892,9.17011E+18,9,1,62,0,2017,1,10,3,2,0,7,1,0,0,0,0,0,1,6.93373E+20,5.33314E+21,1.15985E+16,4.81221E+16
167893,9.17011E+18,9,1,62,0,2017,1,11,3,3,5,3,0,1,0,0,0,0,2,6.7984E+20,5.33505E+21,1.14177E+16,4.81433E+16
167894,9.17011E+18,9,1,62,0,2017,1,7,3,3,5,3,1,1,0,0,0,0,2,6.90142E+20,5.33407E+21,1.15556E+16,4.81315E+16
167895,9.17011E+18,9,7,75,152,2017,1,7,3,3,5,2,0,1,0,0,0,1,1,5.77929E+20,5.35355E+21,1.00514E+16,4.83303E+16
167896,9.17011E+18,9,7,64,0,2017,1,20,3,3,5,3,1,1,0,0,0,2,1,5.88459E+20,5.31505E+21,1.01855E+16,4.79826E+16
167897,9.17011E+18,9,7,63,0,2017,1,12,3,3,2,6,0,1,0,0,0,0,1,5.99246E+20,5.2855E+21,1.03232E+16,4.77152E+16
167898,9.17011E+18,9,7,61,0,2017,1,10,3,3,2,6,0,1,0,0,0,0,0,6.38805E+20,5.36231E+21,1.08753E+16,4.83987E+16
167899,9.17011E+18,9,7,72,147,2017,1,7,3,3,5,3,0,1,0,0,1,0,1,6.38703E+20,5.36477E+21,1.08747E+16,4.84208E+16
167900,9.17011E+18,9,7,71,130,2017,1,12,3,3,0,7,1,0,1,0,0,0,1,6.46999E+20,5.35744E+21,1.09842E+16,4.8353E+16
167901,9.17011E+18,9,7,61,0,2017,1,15,3,3,0,4,0,1,1,0,0,0,1,6.42144E+20,5.36036E+21,1.09197E+16,4.83804E+16
167902,9.17011E+18,9,7,61,0,2017,1,8,3,3,5,3,0,1,0,0,0,0,2,6.39292E+20,5.35748E+21,1.08803E+16,4.83551E+16
167903,9.17011E+18,9,6,63,0,2017,1,8,3,3,0,3,0,1,0,0,1,0,0,5.68169E+20,5.51498E+21,9.94695E+15,4.97834E+16
167904,9.17011E+18,9,6,63,0,2017,1,16,3,3,2,6,0,1,0,0,0,0,0,5.6778E+20,5.51658E+21,9.94183E+15,4.97978E+16
167905,9.17011E+18,9,6,63,0,2017,1,12,3,2,6,7,1,0,1,0,0,0,1,5.66931E+20,5.51622E+21,9.92997E+15,4.97947E+16
167906,9.17011E+18,9,6,75,141,2017,1,16,3,3,5,3,0,1,0,0,0,0,0,5.85141E+20,5.51054E+21,1.01817E+16,4.97413E+16
167907,9.17011E+18,9,6,62,0,2017,1,18,3,2,2,6,0,1,0,1,0,2,0,5.8813E+20,5.54407E+21,1.02308E+16,5.00424E+16
167908,9.17011E+18,9,5,76,143,2017,1,13,3,3,5,3,1,1,0,0,0,0,1,6.52461E+20,5.45647E+21,1.10947E+16,4.9242E+16
167909,9.17011E+18,9,5,74,117,2017,1,19,3,3,4,6,0,1,0,0,0,2,2,6.70574E+20,5.46716E+21,1.13479E+16,4.93333E+16
167910,9.17011E+18,9,5,64,0,2017,1,11,3,3,2,6,0,1,0,0,0,0,0,6.4924E+20,5.47917E+21,1.10589E+16,4.94468E+16
167911,9.17011E+18,9,5,64,0,2017,1,16,3,3,5,3,0,1,0,0,0,0,0,6.45041E+20,5.47791E+21,1.10006E+16,4.94366E+16
167912,9.17011E+18,9,4,61,0,2017,1,18,3,2,0,7,1,0,0,0,0,2,0,6.35164E+20,5.5285E+21,1.08819E+16,4.98936E+16
167913,9.17011E+18,9,2,75,134,2017,1,11,3,3,6,7,0,1,1,0,0,0,0,8.26599E+20,5.37646E+21,1.34179E+16,4.84564E+16
167914,9.17011E+18,9,1,89,154,2017,1,10,3,3,5,3,0,1,0,0,1,0,1,7.69627E+20,5.31823E+21,1.2612E+16,4.79605E+16
167915,9.17011E+18,9,1,63,0,2017,1,15,3,2,0,1,1,0,0,0,0,0,1,7.33506E+20,5.307E+21,1.21228E+16,4.78738E+16