OBJECTID,UIDENTSTLA,ULAND,UREGBEZ,UKREIS,UGEMEINDE,UJAHR,UMONAT,USTUNDE,UWOCHENTAG,UKATEGORIE,UART,UTYP1,IstRad,IstPKW,IstFuss,IstKrad,IstSonstig,LICHT,STRZUSTAND,LINREFX,LINREFY,XGCSWGS84,YGCSWGS84
167916,9.17011E+18,9,1,79,121,2017,1,14,3,3,5,3,0,1,0,0,0,0,0,6.67751E+20,5.33898E+21,1.12568E+16,4.81819E+16
167917,9.17011E+18,9,1,78,120,2017,1,10,3,3,4,1,0,1,0,0,0,0,0,6.95408E+20,5.35346E+21,1.16352E+16,4.83041E+16
167918,9.17011E+18,9,1,78,124,2017,1,17,3,3,2,6,0,1,0,0,0,2,0,7.04982E+20,5.36449E+21,1.17695E+16,4.84002E+16
167919,9.17011E+18,9,1,77,118,2017,1,7,3,3,5,3,0,1,0,0,0,0,2,7.06755E+20,5.34577E+21,1.17843E+16,4.82315E+16
167920,9.17011E+18,9,1,62,0,2017,1,7,2,3,3,2,1,1,0,0,0,2,1,6.8849E+20,5.33813E+21,1.15352E+16,4.81684E+16
167921,9.17011E+18,9,1,62,0,2017,1,18,2,3,4,2,0,1,0,0,0,2,1,6.89723E+20,5.33335E+21,1.15496E+16,4.81251E+16
167922,9.17011E+18,9,7,78,116,2017,1,8,2,3,0,6,1,1,0,0,0,0,2,6.19113E+20,5.31785E+21,1.05969E+16,4.80028E+16
167923,9.17011E+18,9,7,61,0,2017,1,14,2,2,1,7,0,1,0,0,0,0,1,6.40425E+20,5.35834E+21,1.08959E+16,4.83626E+16
167924,9.17011E+18,9,6,63,0,2017,1,15,2,2,5,2,1,1,0,0,0,0,0,5.67336E+20,5.51513E+21,9.9354E+15,4.97849E+16
167925,9.17011E+18,9,6,72,127,2017,1,9,2,3,5,3,1,1,0,0,0,0,0,5.64324E+20,5.55176E+21,9.89968E+15,5.01146E+16
167926,9.17011E+18,9,6,62,0,2017,1,5,2,3,5,3,0,1,0,0,0,2,1,5.88141E+20,5.54293E+21,1.02307E+16,5.00322E+16
167927,9.17011E+18,9,6,78,178,2017,1,17,2,3,5,3,0,1,0,0,1,2,1,5.89012E+20,5.54322E+21,1.02429E+16,5.00346E+16
167928,9.17011E+18,9,5,62,0,2017,1,15,2,3,5,3,0,1,0,0,0,0,2,6.41998E+20,5.49521E+21,1.09649E+16,4.95928E+16
167929,9.17011E+18,9,5,62,0,2017,1,8,2,3,0,7,1,0,0,0,0,0,2,6.44961E+20,5.49291E+21,1.1005E+16,4.95714E+16
167930,9.17011E+18,9,5,64,0,2017,1,14,2,3,5,2,0,1,0,0,0,0,1,6.54387E+20,5.4775E+21,1.11293E+16,4.94305E+16
167931,9.17011E+18,9,5,64,0,2017,1,15,2,3,6,4,1,0,1,0,0,0,1,6.50742E+20,5.47978E+21,1.10799E+16,4.9452E+16
167932,9.17011E+18,9,5,64,0,2017,1,9,2,3,5,2,0,1,0,0,1,0,1,6.49767E+20,5.47512E+21,1.10647E+16,4.94103E+16
167933,9.17011E+18,9,4,64,0,2017,1,17,2,3,6,4,0,1,1,0,0,2,2,7.0787E+20,5.57752E+21,1.19197E+16,5.03131E+16
167934,9.17011E+18,9,4,64,0,2017,1,15,2,3,2,6,0,1,0,0,0,0,1,7.07907E+20,5.57866E+21,1.19209E+16,5.03234E+16
167935,9.17011E+18,9,4,79,169,2017,1,6,2,3,8,1,0,1,0,0,0,2,2,7.1454E+20,5.54455E+21,1.19947E+16,5.00146E+16
167936,9.17011E+18,9,4,73,153,2017,1,18,2,3,5,6,1,1,0,0,0,2,1,6.41565E+20,5.56453E+21,1.09843E+16,5.0216E+16
167937,9.17011E+18,9,3,62,0,2017,1,14,2,3,5,3,0,1,0,0,0,0,1,7.24255E+20,5.43375E+21,1.20672E+16,4.90159E+16
167938,9.17011E+18,9,3,71,151,2017,1,14,2,3,5,3,0,1,0,0,0,0,1,6.98481E+20,5.48658E+21,1.17413E+16,4.94993E+16
167939,9.17011E+18,9,3,61,0,2017,1,16,2,3,5,3,0,1,0,0,0,0,1,7.07451E+20,5.48111E+21,1.18621E+16,4.94472E+16
167940,9.17011E+18,9,2,75,141,2017,1,15,2,3,5,3,0,1,0,0,0,0,1,8.18642E+20,5.3705E+21,1.3306E+16,4.8407E+16
167941,9.17011E+18,9,2,77,116,2017,1,17,2,2,5,3,0,1,0,0,1,2,1,7.77534E+20,5.36786E+21,1.27501E+16,4.84027E+16
167942,9.17011E+18,9,2,61,0,2017,1,6,2,3,6,4,0,1,1,0,0,0,1,7.31841E+20,5.38171E+21,1.21414E+16,4.85456E+16
167943,9.17011E+18,9,1,80,117,2017,1,16,2,3,5,3,0,1,0,0,0,0,1,6.59557E+20,5.26106E+21,1.11179E+16,4.74834E+16
167944,9.17011E+18,9,1,89,154,2017,1,15,2,3,7,7,0,1,0,0,1,0,1,7.65909E+20,5.32091E+21,1.2564E+16,4.79862E+16
167945,9.17011E+18,9,1,63,0,2017,1,7,2,3,5,3,0,1,0,0,0,1,2,7.33327E+20,5.30647E+21,1.21202E+16,4.78692E+16
167946,9.17011E+18,9,1,87,169,2017,1,2,2,3,8,1,0,1,0,0,0,2,2,7.38138E+20,5.29921E+21,1.21804E+16,4.78022E+16
167947,9.17011E+18,9,1,79,138,2017,1,17,2,3,9,1,0,1,0,0,0,2,0,6.54674E+20,5.33537E+21,1.10797E+16,4.81528E+16
167948,9.17011E+18,9,1,74,115,2017,1,9,2,3,6,3,0,1,1,0,0,0,1,6.82209E+20,5.34799E+21,1.1455E+16,4.82589E+16
167949,9.17011E+18,9,1,77,112,2017,1,10,2,3,9,1,0,1,0,0,0,0,2,7.15615E+20,5.36433E+21,1.19129E+16,4.83952E+16
167950,9.17011E+18,9,1,62,0,2017,1,14,1,3,3,6,0,1,0,0,0,0,2,6.88051E+20,5.339E+21,1.15297E+16,4.81764E+16
167951,9.17011E+18,9,1,62,0,2017,1,12,1,3,0,7,1,0,0,0,0,0,2,6.92676E+20,5.33718E+21,1.1591E+16,4.81586E+16
167952,9.17011E+18,9,1,62,0,2017,1,8,1,3,4,2,0,1,0,0,0,0,1,6.86217E+20,5.33438E+21,1.1503E+16,4.81354E+16
167953,9.17011E+18,9,1,62,0,2017,1,3,1,3,6,4,0,1,1,0,0,2,2,6.9096E+20,5.33433E+21,1.15667E+16,4.81336E+16
167954,9.17011E+18,9,1,62,0,2017,1,8,1,3,4,1,0,1,0,0,1,0,2,6.92093E+20,5.33248E+21,1.1581E+16,4.81166E+16
167955,9.17011E+18,9,7,80,119,2017,1,14,1,3,0,7,0,0,1,0,1,0,1,5.96742E+20,5.29568E+21,1.02921E+16,4.78072E+16
167956,9.17011E+18,9,7,79,186,2017,1,16,1,3,8,1,0,1,0,0,0,1,2,6.39158E+20,5.41014E+21,1.08961E+16,4.88286E+16
167957,9.17011E+18,9,7,61,0,2017,1,9,1,3,0,7,1,0,0,0,1,0,2,6.38771E+20,5.35734E+21,1.08732E+16,4.8354E+16
167958,9.17011E+18,9,7,61,0,2017,1,19,1,3,1,5,0,1,0,0,0,2,2,6.40215E+20,5.35847E+21,1.08931E+16,4.83638E+16
167959,9.17011E+18,9,7,71,113,2017,1,8,1,3,8,1,0,0,0,0,1,0,2,6.56118E+20,5.36821E+21,1.11112E+16,4.84477E+16
167960,9.17011E+18,9,5,62,0,2017,1,5,1,3,6,7,0,1,1,0,0,2,2,6.41751E+20,5.49553E+21,1.09616E+16,4.95957E+16
167961,9.17011E+18,9,5,64,0,2017,1,13,1,3,5,3,0,1,0,0,0,0,1,6.50104E+20,5.48339E+21,1.10725E+16,4.94846E+16
167962,9.17011E+18,9,4,79,152,2017,1,2,1,3,9,1,0,1,0,0,0,2,2,7.24299E+20,5.5632E+21,1.21417E+16,5.01785E+16
167963,9.17011E+18,9,4,64,0,2017,1,12,1,3,5,3,0,1,0,0,0,0,2,7.06557E+20,5.57773E+21,1.19014E+16,5.03154E+16
167964,9.17011E+18,9,3,71,151,2017,1,11,1,3,0,1,0,1,0,0,0,0,2,7.02539E+20,5.4872E+21,1.17976E+16,4.95036E+16
167965,9.17011E+18,9,3,76,161,2017,1,8,1,3,9,1,0,1,0,0,0,0,2,7.25835E+20,5.46578E+21,1.21067E+16,4.93029E+16
167966,9.17011E+18,9,2,77,119,2017,1,1,1,3,8,7,0,1,0,0,0,2,2,7.7603E+20,5.37388E+21,1.27338E+16,4.84575E+16
167967,9.17011E+18,9,1,87,122,2017,1,10,1,3,0,7,0,0,0,0,1,0,2,7.19155E+20,5.30768E+21,1.19315E+16,4.7885E+16
167968,9.17011E+18,9,1,88,139,2017,1,14,1,3,8,1,0,1,0,0,0,0,2,6.73801E+20,5.3193E+21,1.13301E+16,4.80034E+16
167969,9.17011E+18,9,1,79,118,2017,1,16,1,3,9,1,0,1,0,0,0,1,2,6.72195E+20,5.33644E+21,1.13155E+16,4.81579E+16
167970,9.17011E+18,9,1,88,120,2017,1,16,1,3,0,1,1,0,0,0,0,0,2,6.76496E+20,5.32663E+21,1.13692E+16,4.80685E+16
167971,9.17011E+18,9,1,62,0,2017,1,3,7,3,6,4,0,1,1,0,0,2,0,6.90803E+20,5.33477E+21,1.15647E+16,4.81375E+16
167972,9.17011E+18,9,1,62,0,2017,1,6,7,3,5,3,0,1,0,0,0,2,1,6.91656E+20,5.33279E+21,1.15753E+16,4.81195E+16
167973,9.17011E+18,9,1,62,0,2017,1,15,7,3,0,7,0,0,0,0,1,0,0,6.8621E+20,5.33438E+21,1.15029E+16,4.81354E+16
167974,9.17011E+18,9,1,62,0,2017,1,11,7,3,1,6,0,1,0,0,0,0,2,6.86468E+20,5.32849E+21,1.15038E+16,4.80824E+16
167975,9.17011E+18,9,1,62,0,2017,1,15,7,3,1,6,0,1,0,0,0,0,1,7.00391E+20,5.33464E+21,1.16934E+16,4.81335E+16
167976,9.17011E+18,9,7,72,184,2017,1,9,7,3,5,3,0,1,0,0,0,0,2,6.35269E+20,5.3616E+21,1.08273E+16,4.83931E+16
167977,9.17011E+18,9,5,76,143,2017,1,18,7,3,9,1,0,1,0,0,0,2,2,6.51114E+20,5.45722E+21,1.10765E+16,4.92491E+16
167978,9.17011E+18,9,5,64,0,2017,1,19,7,3,5,3,0,1,0,0,1,2,0,6.51443E+20,5.47916E+21,1.10893E+16,4.94462E+16
167979,9.17011E+18,9,5,64,0,2017,1,6,7,3,2,6,0,1,0,0,0,2,0,6.52299E+20,5.48113E+21,1.11019E+16,4.94637E+16
167980,9.17011E+18,9,5,73,120,2017,1,15,7,3,5,3,0,1,0,0,0,0,2,6.30128E+20,5.48323E+21,1.07968E+16,4.94877E+16
167981,9.17011E+18,9,4,75,168,2017,1,18,7,3,8,1,0,1,0,0,0,2,2,7.09738E+20,5.5639E+21,1.19384E+16,5.01901E+16
167982,9.17011E+18,9,4,78,139,2017,1,12,7,3,5,3,0,1,0,0,0,0,0,6.47884E+20,5.55614E+21,1.10695E+16,5.01391E+16
167983,9.17011E+18,9,4,77,128,2017,1,9,7,3,5,3,0,1,0,0,1,0,1,6.75048E+20,5.55326E+21,1.1448E+16,5.01057E+16
167984,9.17011E+18,9,4,62,0,2017,1,14,7,3,5,3,0,1,0,0,0,0,1,6.84672E+20,5.53622E+21,1.15743E+16,4.99497E+16
167985,9.17011E+18,9,2,79,125,2017,1,23,7,3,9,1,0,1,0,0,0,2,2,7.64307E+20,5.39274E+21,1.25875E+16,4.86318E+16
167986,9.17011E+18,9,1,80,134,2017,1,11,7,2,0,7,0,1,0,0,0,0,2,6.61087E+20,5.28732E+21,1.11479E+16,4.77191E+16
167987,9.17011E+18,9,1,61,0,2017,1,15,7,3,2,1,0,1,0,0,0,0,2,6.79849E+20,5.40295E+21,1.14469E+16,4.87536E+16
167988,9.17011E+18,9,1,78,130,2017,1,17,7,3,7,1,0,1,0,0,0,2,2,7.02751E+20,5.35468E+21,1.17347E+16,4.83128E+16
167989,9.17011E+18,9,1,77,117,2017,1,14,7,3,5,7,0,1,0,0,0,0,0,7.15638E+20,5.35477E+21,1.19083E+16,4.83093E+16
167990,9.17011E+18,9,1,62,0,2017,1,6,6,3,5,2,0,1,0,0,0,2,1,6.92327E+20,5.33425E+21,1.1585E+16,4.81324E+16
167991,9.17011E+18,9,1,62,0,2017,1,22,6,3,5,3,0,1,0,0,0,2,1,6.91283E+20,5.33189E+21,1.15699E+16,4.81115E+16
167992,9.17011E+18,9,7,71,122,2017,1,4,6,3,9,1,0,1,0,0,0,2,2,6.56029E+20,5.36103E+21,1.11074E+16,4.83831E+16
167993,9.17011E+18,9,7,72,202,2017,1,8,6,3,3,6,1,1,0,0,0,0,1,6.37481E+20,5.35859E+21,1.08562E+16,4.83655E+16
167994,9.17011E+18,9,7,61,0,2017,1,22,6,3,5,3,0,1,0,0,0,2,1,6.39148E+20,5.35922E+21,1.08789E+16,4.83708E+16
167995,9.17011E+18,9,5,64,0,2017,1,18,6,3,0,7,0,0,0,0,1,2,0,6.63571E+20,5.47829E+21,1.12561E+16,4.94352E+16
167996,9.17011E+18,9,5,64,0,2017,1,15,6,3,5,3,0,1,0,0,0,0,0,6.50109E+20,5.48339E+21,1.10725E+16,4.94846E+16
167997,9.17011E+18,9,5,77,177,2017,1,3,6,3,5,3,0,1,0,0,0,2,0,6.44119E+20,5.43317E+21,1.09718E+16,4.90345E+16
167998,9.17011E+18,9,4,77,128,2017,1,11,6,3,3,2,1,1,0,0,0,0,0,6.76019E+20,5.5534E+21,1.14616E+16,5.01067E+16
167999,9.17011E+18,9,3,62,0,2017,1,20,6,3,5,2,0,1,0,0,0,2,2,7.29548E+20,5.4337E+21,1.21394E+16,4.90134E+16
168000,9.17011E+18,9,1,73,147,2017,1,20,6,3,1,5,0,1,0,0,0,2,2,6.81746E+20,5.30943E+21,1.14324E+16,4.79124E+16
168001,9.17011E+18,9,1,89,140,2017,1,13,6,2,5,7,0,1,1,0,0,0,2,7.69763E+20,5.29368E+21,1.25985E+16,4.774E+16
168002,9.17011E+18,9,1,82,129,2017,1,0,6,3,9,1,0,1,0,0,0,2,2,7.10925E+20,5.28484E+21,1.18105E+16,4.76825E+16
168003,9.17011E+18,9,1,79,118,2017,1,15,6,3,5,3,0,1,0,0,1,0,1,6.7243E+20,5.33713E+21,1.1319E+16,4.8164E+16
168004,9.17011E+18,9,1,62,0,2017,1,7,5,3,5,2,0,1,0,0,0,1,1,6.90094E+20,5.33592E+21,1.15557E+16,4.81481E+16
168005,9.17011E+18,9,1,62,0,2017,1,15,5,3,5,3,0,1,0,0,0,0,1,6.91979E+20,5.3362E+21,1.15812E+16,4.81501E+16
168006,9.17011E+18,9,1,62,0,2017,1,13,5,3,0,6,0,1,0,0,0,0,0,6.8251E+20,5.33768E+21,1.14546E+16,4.81661E+16
168007,9.17011E+18,9,1,62,0,2017,1,15,5,3,3,2,1,1,0,0,0,0,1,6.91658E+20,5.33279E+21,1.15753E+16,4.81195E+16
168008,9.17011E+18,9,1,62,0,2017,1,5,5,3,6,4,0,1,1,0,0,2,1,6.91513E+20,5.3357E+21,1.15747E+16,4.81457E+16
168009,9.17011E+18,9,1,62,0,2017,1,16,5,3,5,2,0,1,0,0,0,2,2,6.90709E+20,5.33814E+21,1.1565E+16,4.81679E+16
168010,9.17011E+18,9,1,62,0,2017,1,20,5,3,2,2,0,1,0,0,0,2,1,6.96545E+20,5.33743E+21,1.16431E+16,4.81597E+16
168011,9.17011E+18,9,7,75,135,2017,1,15,5,3,5,7,1,1,0,0,0,0,1,5.75348E+20,5.36077E+21,1.00179E+16,4.83956E+16
168012,9.17011E+18,9,7,74,185,2017,1,10,5,2,4,3,0,1,0,0,0,0,1,6.08345E+20,5.34862E+21,1.04604E+16,4.82815E+16
168013,9.17011E+18,9,7,74,135,2017,1,7,5,3,8,1,0,1,0,0,0,0,2,5.93275E+20,5.3672E+21,1.02615E+16,4.8451E+16
168014,9.17011E+18,9,7,80,119,2017,1,15,5,3,4,1,0,1,0,0,0,0,2,5.96621E+20,5.29584E+21,1.02905E+16,4.78087E+16
168015,9.17011E+18,9,7,62,0,2017,1,14,5,3,2,6,0,1,0,0,0,0,1,6.2229E+20,5.30567E+21,1.0636E+16,4.78927E+16
168016,9.17011E+18,9,7,61,0,2017,1,17,5,3,5,3,0,1,0,0,0,0,1,6.41115E+20,5.35528E+21,1.09041E+16,4.83349E+16
168017,9.17011E+18,9,7,61,0,2017,1,10,5,3,5,3,0,1,0,0,0,0,1,6.41362E+20,5.35228E+21,1.09065E+16,4.83079E+16
168018,9.17011E+18,9,6,63,0,2017,1,21,5,3,5,3,0,1,0,0,0,2,1,5.68916E+20,5.51492E+21,9.95732E+15,4.97827E+16
168019,9.17011E+18,9,5,62,0,2017,1,14,5,3,1,5,0,1,0,0,1,0,1,6.42731E+20,5.4946E+21,1.09748E+16,4.95871E+16
168020,9.17011E+18,9,5,62,0,2017,1,19,5,3,5,3,0,1,0,0,0,2,1,6.44955E+20,5.4943E+21,1.10054E+16,4.95839E+16
168021,9.17011E+18,9,5,64,0,2017,1,14,5,3,2,6,0,1,0,0,0,0,0,6.4719E+20,5.48209E+21,1.10318E+16,4.94736E+16
168022,9.17011E+18,9,5,64,0,2017,1,19,5,3,2,6,0,1,0,0,0,2,1,6.49926E+20,5.47924E+21,1.10684E+16,4.94473E+16
168023,9.17011E+18,9,5,75,156,2017,1,5,5,2,9,7,0,1,0,0,0,2,2,6.07384E+20,5.47997E+21,1.0482E+16,4.94628E+16
168024,9.17011E+18,9,4,78,139,2017,1,16,5,3,5,3,0,1,0,0,0,0,0,6.48685E+20,5.5574E+21,1.10812E+16,5.01501E+16
168025,9.17011E+18,9,4,76,145,2017,1,15,5,3,9,1,0,1,0,0,0,0,2,6.65797E+20,5.56835E+21,1.13253E+16,5.0244E+16
168026,9.17011E+18,9,4,63,0,2017,1,14,5,3,5,7,0,1,0,0,0,0,1,6.39907E+20,5.56876E+21,1.09626E+16,5.02544E+16
168027,9.17011E+18,9,3,76,149,2017,1,12,5,3,5,3,0,1,0,0,0,0,0,7.33293E+20,5.45853E+21,1.22049E+16,4.9235E+16
168028,9.17011E+18,9,3,76,117,2017,1,15,5,3,5,3,0,1,0,0,0,0,2,7.40676E+20,5.46031E+21,1.23072E+16,4.92482E+16
168029,9.17011E+18,9,2,63,0,2017,1,15,5,3,2,6,0,1,0,0,0,0,2,7.62011E+20,5.42011E+21,1.25738E+16,4.88786E+16
168030,9.17011E+18,9,2,61,0,2017,1,12,5,3,1,5,0,1,0,0,0,0,1,7.32152E+20,5.37933E+21,1.21443E+16,4.85241E+16
168031,9.17011E+18,9,1,90,140,2017,1,12,5,3,1,6,0,1,0,0,0,0,2,6.44795E+20,5.29507E+21,1.09334E+16,4.77927E+16
168032,9.17011E+18,9,1,80,117,2017,1,17,5,3,5,2,0,1,0,0,0,2,2,6.57255E+20,5.26167E+21,1.10876E+16,4.74895E+16
168033,9.17011E+18,9,1,72,117,2017,1,10,5,3,8,1,0,1,0,0,0,0,2,7.95718E+20,5.28693E+21,1.29394E+16,4.76681E+16
168034,9.17011E+18,9,1,63,0,2017,1,7,5,3,4,2,0,1,0,0,0,0,2,7.33459E+20,5.30506E+21,1.21212E+16,4.78565E+16
168035,9.17011E+18,9,1,82,131,2017,1,17,5,2,6,7,0,1,1,0,0,2,2,7.17264E+20,5.2872E+21,1.1896E+16,4.77016E+16
168036,9.17011E+18,9,1,61,0,2017,1,2,5,3,8,1,0,1,0,0,0,2,2,6.77031E+20,5.40526E+21,1.14096E+16,4.87752E+16
168037,9.17011E+18,9,1,81,130,2017,1,18,5,3,1,6,0,1,0,0,0,2,2,6.39555E+20,5.32432E+21,1.08729E+16,4.80569E+16
168038,9.17011E+18,9,1,79,136,2017,1,17,5,3,8,1,0,0,0,0,1,2,2,6.60368E+20,5.34285E+21,1.1159E+16,4.82186E+16
168039,9.1701E+18,9,1,62,0,2017,1,18,4,3,8,1,0,1,0,0,0,2,2,6.87831E+20,5.34244E+21,1.15282E+16,4.82074E+16
168040,9.1701E+18,9,7,80,133,2017,1,16,4,3,8,1,0,1,0,0,0,2,2,5.95385E+20,5.25046E+21,1.02641E+16,4.74007E+16
168041,9.1701E+18,9,7,61,0,2017,1,9,4,2,6,2,0,1,1,0,0,0,0,6.41985E+20,5.36041E+21,1.09176E+16,4.83809E+16
168042,9.1701E+18,9,7,61,0,2017,1,21,4,3,5,3,0,1,0,0,1,2,2,6.3924E+20,5.36088E+21,1.08807E+16,4.83857E+16
168043,9.1701E+18,9,6,79,153,2017,1,6,4,3,0,7,0,1,0,0,0,2,2,5.6115E+20,5.50082E+21,9.84723E+15,4.96568E+16
168044,9.1701E+18,9,6,63,0,2017,1,6,4,3,6,4,0,1,1,0,0,2,1,5.67383E+20,5.51621E+21,9.93625E+15,4.97946E+16
168045,9.1701E+18,9,5,76,117,2017,1,23,4,2,7,1,0,1,0,0,0,2,2,6.51075E+20,5.45746E+21,1.1076E+16,4.92513E+16
168046,9.1701E+18,9,5,77,136,2017,1,17,4,3,5,3,0,1,0,0,0,2,2,6.30174E+20,5.44234E+21,1.07841E+16,4.91201E+16
168047,9.1701E+18,9,4,73,159,2017,1,2,4,3,9,1,0,1,0,0,0,2,2,6.45673E+20,5.57365E+21,1.10453E+16,5.02969E+16
168048,9.1701E+18,9,4,78,139,2017,1,17,4,3,6,4,0,1,1,0,0,2,0,6.476E+20,5.55749E+21,1.10661E+16,5.01512E+16
168049,9.1701E+18,9,4,63,0,2017,1,19,4,3,6,7,0,1,1,0,0,0,0,6.38683E+20,5.57068E+21,1.09462E+16,5.02719E+16
168050,9.1701E+18,9,4,62,0,2017,1,8,4,3,4,1,0,1,0,0,0,0,2,6.86847E+20,5.5369E+21,1.16049E+16,4.99552E+16
168051,9.1701E+18,9,3,62,0,2017,1,21,4,3,8,1,0,1,0,0,0,2,2,7.27203E+20,5.43143E+21,1.21061E+16,4.89939E+16
168052,9.1701E+18,9,3,73,147,2017,1,23,4,3,8,1,0,1,0,0,0,2,2,6.78597E+20,5.4617E+21,1.14558E+16,4.9282E+16
168053,9.1701E+18,9,2,71,119,2017,1,11,4,3,2,6,0,1,0,0,0,0,2,7.91501E+20,5.41724E+21,1.29731E+16,4.88396E+16
168054,9.1701E+18,9,2,78,184,2017,1,15,4,3,1,7,0,1,0,0,1,0,2,7.79553E+20,5.43478E+21,1.28226E+16,4.90025E+16
168055,9.1701E+18,9,2,62,0,2017,1,21,4,3,4,6,0,1,0,0,0,2,2,8.27826E+20,5.38917E+21,1.34444E+16,4.85697E+16
168056,9.1701E+18,9,2,74,184,2017,1,8,4,3,8,1,0,1,0,0,0,0,2,7.47186E+20,5.37173E+21,1.23431E+16,4.84501E+16
168057,9.1701E+18,9,1,90,144,2017,1,21,4,3,8,1,0,1,0,0,0,2,2,6.58337E+20,5.30815E+21,1.11189E+16,4.79071E+16
168058,9.1701E+18,9,1,89,155,2017,1,13,4,3,9,1,0,1,0,0,0,0,2,7.73811E+20,5.3067E+21,1.26606E+16,4.78552E+16
168059,9.1701E+18,9,1,82,134,2017,1,14,4,3,4,1,0,1,0,0,0,0,2,7.01013E+20,5.29188E+21,1.16818E+16,4.7749E+16
168060,9.1701E+18,9,1,81,131,2017,1,17,4,3,0,6,0,1,0,0,0,2,2,6.36328E+20,5.33391E+21,1.08327E+16,4.81438E+16
168061,9.1701E+18,9,1,79,123,2017,1,17,4,3,2,6,0,1,0,0,0,2,2,6.75842E+20,5.33392E+21,1.13635E+16,4.81342E+16
168062,9.1701E+18,9,1,79,149,2017,1,7,4,3,8,1,0,1,0,0,0,1,2,6.57092E+20,5.32933E+21,1.111E+16,4.80979E+16
168063,9.1701E+18,9,1,78,145,2017,1,12,4,3,8,1,0,1,0,0,0,0,2,6.97455E+20,5.35465E+21,1.16633E+16,4.83141E+16
168064,9.1701E+18,9,1,62,0,2017,1,22,3,3,5,3,0,1,0,0,0,2,2,6.90785E+20,5.33532E+21,1.15648E+16,4.81425E+16
168065,9.1701E+18,9,1,84,123,2017,1,17,3,3,2,6,0,1,0,0,0,2,1,7.03653E+20,5.33171E+21,1.17358E+16,4.81061E+16
168066,9.1701E+18,9,7,74,143,2017,1,11,3,3,4,6,1,1,0,0,0,0,1,5.97304E+20,5.35826E+21,1.03139E+16,4.837E+16
168067,9.1701E+18,9,7,74,178,2017,1,6,3,3,9,1,0,1,0,0,0,2,2,6.06799E+20,5.36378E+21,1.04434E+16,4.84181E+16
168068,9.1701E+18,9,7,63,0,2017,1,10,3,3,0,7,1,0,0,0,0,0,2,5.98495E+20,5.28685E+21,1.03135E+16,4.77275E+16
168069,9.1701E+18,9,7,76,116,2017,1,7,3,3,0,1,0,0,0,1,0,0,2,5.50157E+20,5.26785E+21,9.66676E+15,4.75622E+16
168070,9.1701E+18,9,7,62,0,2017,1,15,3,3,0,1,1,0,0,0,0,0,1,6.22295E+20,5.30556E+21,1.06361E+16,4.78917E+16
168071,9.1701E+18,9,7,72,147,2017,1,15,3,3,5,3,0,1,0,0,0,0,1,6.3606E+20,5.36415E+21,1.08388E+16,4.84158E+16
168072,9.1701E+18,9,7,61,0,2017,1,15,3,2,6,4,0,1,1,0,0,0,1,6.38714E+20,5.3604E+21,1.08734E+16,4.83815E+16
168073,9.1701E+18,9,7,61,0,2017,1,15,3,3,5,3,0,1,0,0,0,0,1,6.41944E+20,5.36095E+21,1.09172E+16,4.83857E+16
168074,9.1701E+18,9,6,72,135,2017,1,10,3,3,9,7,0,1,0,0,0,0,1,5.85984E+20,5.56678E+21,1.0206E+16,5.02469E+16
168075,9.1701E+18,9,5,62,0,2017,1,13,3,3,6,3,0,1,1,0,0,0,1,6.45161E+20,5.49571E+21,1.10088E+16,4.95966E+16
168076,9.1701E+18,9,5,74,117,2017,1,23,3,3,8,1,0,1,0,0,0,2,2,6.70473E+20,5.46669E+21,1.13463E+16,4.93291E+16
168077,9.1701E+18,9,4,64,0,2017,1,9,3,2,6,4,0,1,1,0,0,0,1,7.07328E+20,5.57803E+21,1.19124E+16,5.03178E+16
168078,9.1701E+18,9,4,63,0,2017,1,5,3,3,9,1,0,0,0,0,1,2,2,6.42775E+20,5.56793E+21,1.10025E+16,5.02462E+16
168079,9.1701E+18,9,3,71,113,2017,1,16,3,3,5,3,0,1,0,0,0,2,1,6.90109E+20,5.50737E+21,1.16358E+16,4.96889E+16
168080,9.17012E+18,9,1,72,115,2017,1,18,6,3,5,3,0,1,0,0,0,2,0,7.91901E+20,5.29262E+21,1.28925E+16,4.77209E+16
168081,9.17012E+18,9,1,63,0,2017,1,16,6,3,2,6,0,1,0,0,0,2,1,7.31014E+20,5.30347E+21,1.20877E+16,4.7843E+16
168082,9.17012E+18,9,1,87,122,2017,1,12,3,3,6,7,0,1,1,0,0,0,0,7.20004E+20,5.30686E+21,1.19425E+16,4.78774E+16
168083,9.17012E+18,9,1,61,0,2017,1,9,6,3,4,6,0,1,0,0,0,0,2,6.80095E+20,5.4061E+21,1.14517E+16,4.87818E+16
168084,9.17012E+18,9,1,78,115,2017,1,6,6,3,5,3,0,1,0,0,0,2,0,7.03939E+20,5.37387E+21,1.176E+16,4.84848E+16
168085,9.17012E+18,9,1,62,0,2017,1,16,5,3,6,7,0,1,1,0,0,1,0,6.92078E+20,5.33436E+21,1.15817E+16,4.81335E+16
168086,9.17012E+18,9,1,62,0,2017,1,20,5,3,4,6,0,1,0,0,0,2,0,6.90429E+20,5.34268E+21,1.15633E+16,4.82088E+16
168087,9.17012E+18,9,1,62,0,2017,1,21,5,3,6,7,0,1,1,0,0,2,2,6.91819E+20,5.33502E+21,1.15785E+16,4.81395E+16