OBJECTID,UIDENTSTLA,ULAND,UREGBEZ,UKREIS,UGEMEINDE,UJAHR,UMONAT,USTUNDE,UWOCHENTAG,UKATEGORIE,UART,UTYP1,IstRad,IstPKW,IstFuss,IstKrad,IstSonstig,LICHT,STRZUSTAND,LINREFX,LINREFY,XGCSWGS84,YGCSWGS84
168088,9.17012E+18,9,1,62,0,2017,1,12,5,3,4,2,0,1,0,0,0,0,0,6.94557E+20,5.34265E+21,1.16188E+16,4.82072E+16
168089,9.17012E+18,9,1,62,0,2017,1,15,5,3,1,7,0,1,0,0,0,0,1,6.83708E+20,5.33953E+21,1.14715E+16,4.81825E+16
168090,9.17012E+18,9,1,62,0,2017,1,19,5,3,1,6,0,1,0,0,0,2,1,6.92215E+20,5.33433E+21,1.15835E+16,4.81331E+16
168091,9.17012E+18,9,7,78,169,2017,1,20,5,2,8,1,0,1,0,0,0,2,2,6.18179E+20,5.33447E+21,1.0589E+16,4.81525E+16
168092,9.17012E+18,9,7,77,159,2017,1,17,5,3,9,1,0,1,0,0,0,2,2,6.1474E+20,5.26579E+21,1.05245E+16,4.75354E+16
168093,9.17012E+18,9,7,61,0,2017,1,18,5,3,2,6,0,1,0,0,0,2,0,6.36795E+20,5.36085E+21,1.08477E+16,4.8386E+16
168094,9.17012E+18,9,7,61,0,2017,1,13,5,3,5,3,0,1,0,0,1,0,0,6.41145E+20,5.35818E+21,1.09055E+16,4.8361E+16
168095,9.17012E+18,9,6,77,157,2017,1,5,5,3,5,3,0,1,0,0,0,2,0,5.4337E+20,5.52165E+21,9.60324E+15,4.98457E+16
168096,9.17012E+18,9,5,72,132,2017,1,9,5,3,4,6,0,1,0,0,0,0,0,6.37146E+20,5.49298E+21,1.0897E+16,4.95739E+16
168097,9.17012E+18,9,5,62,0,2017,1,12,5,3,5,3,1,1,0,0,0,0,0,6.45158E+20,5.49447E+21,1.10083E+16,4.95854E+16
168098,9.17012E+18,9,5,74,138,2017,1,6,5,3,0,6,0,1,0,0,1,2,1,6.65254E+20,5.48653E+21,1.12828E+16,4.95088E+16
168099,9.17012E+18,9,5,64,0,2017,1,17,5,3,2,6,0,1,0,0,0,2,0,6.50824E+20,5.4792E+21,1.10808E+16,4.94468E+16
168100,9.17012E+18,9,5,64,0,2017,1,14,5,3,6,4,0,1,1,0,0,0,0,6.49389E+20,5.47888E+21,1.10609E+16,4.94442E+16
168101,9.17012E+18,9,5,64,0,2017,1,16,5,3,3,7,0,1,0,0,1,0,0,6.49864E+20,5.47745E+21,1.10669E+16,4.94313E+16
168102,9.17012E+18,9,5,64,0,2017,1,15,5,3,5,2,0,1,0,0,0,0,1,6.52789E+20,5.48359E+21,1.11096E+16,4.94857E+16
168103,9.17012E+18,9,5,64,0,2017,1,17,5,3,2,6,0,1,0,0,0,2,0,6.46626E+20,5.48179E+21,1.10239E+16,4.94711E+16
168104,9.17012E+18,9,5,64,0,2017,1,10,5,3,2,6,0,1,0,0,1,0,0,6.51141E+20,5.47789E+21,1.10847E+16,4.94348E+16
168105,9.17012E+18,9,5,64,0,2017,1,8,5,3,0,1,1,0,0,0,0,0,2,6.46468E+20,5.47685E+21,1.10199E+16,4.94266E+16
168106,9.17012E+18,9,4,79,136,2017,1,18,5,3,2,6,0,1,0,0,0,2,1,7.21774E+20,5.54403E+21,1.20952E+16,5.00072E+16
168107,9.17012E+18,9,4,78,165,2017,1,17,5,2,5,3,0,1,0,0,0,2,2,6.39718E+20,5.5512E+21,1.09535E+16,5.00966E+16
168108,9.17012E+18,9,4,78,139,2017,1,18,5,3,4,1,0,1,0,0,0,2,0,6.47636E+20,5.5572E+21,1.10665E+16,5.01486E+16
168109,9.17012E+18,9,4,72,131,2017,1,19,5,3,8,1,0,1,0,0,0,2,2,6.78132E+20,5.54054E+21,1.14852E+16,4.99905E+16
168110,9.17012E+18,9,4,77,128,2017,1,7,5,3,5,3,0,1,0,0,0,1,0,6.7505E+20,5.55326E+21,1.14481E+16,5.01058E+16
168111,9.17012E+18,9,4,61,0,2017,1,16,5,2,1,6,0,1,0,0,0,0,0,6.36738E+20,5.52893E+21,1.0904E+16,4.98971E+16
168112,9.17012E+18,9,4,61,0,2017,1,9,5,3,2,6,0,1,0,0,0,0,0,6.36198E+20,5.52945E+21,1.08966E+16,4.99019E+16
168113,9.17012E+18,9,4,61,0,2017,1,17,5,3,1,6,0,1,0,0,0,2,1,6.37501E+20,5.52923E+21,1.09147E+16,4.98996E+16
168114,9.17012E+18,9,3,62,0,2017,1,13,5,3,0,6,0,1,0,0,0,0,0,7.24771E+20,5.43288E+21,1.20737E+16,4.90078E+16
168115,9.17012E+18,9,3,73,147,2017,1,18,5,3,2,6,0,1,0,0,0,2,0,6.78822E+20,5.46182E+21,1.14589E+16,4.92829E+16
168116,9.17012E+18,9,3,73,147,2017,1,8,5,3,4,6,1,1,0,0,0,0,2,6.802E+20,5.46066E+21,1.14773E+16,4.92721E+16
168117,9.17012E+18,9,3,76,161,2017,1,12,5,3,6,4,0,1,1,0,0,0,0,7.26243E+20,5.46816E+21,1.21137E+16,4.93242E+16
168118,9.17012E+18,9,3,76,170,2017,1,20,5,3,5,3,0,1,0,0,0,2,0,7.24688E+20,5.45664E+21,1.20858E+16,4.92212E+16
168119,9.17012E+18,9,2,71,119,2017,1,17,5,3,4,2,0,1,0,0,0,2,0,7.90868E+20,5.41666E+21,1.2964E+16,4.88347E+16
168120,9.17012E+18,9,2,72,151,2017,1,10,5,2,6,4,0,0,1,0,1,0,0,8.38222E+20,5.40764E+21,1.36E+16,4.87298E+16
168121,9.17012E+18,9,2,77,116,2017,1,7,5,3,5,3,0,1,0,0,0,0,0,7.79381E+20,5.36824E+21,1.27753E+16,4.84053E+16
168122,9.17012E+18,9,1,90,140,2017,1,14,5,2,6,4,0,1,1,0,0,0,2,6.44696E+20,5.29506E+21,1.0932E+16,4.77927E+16
168123,9.17012E+18,9,1,89,145,2017,1,13,5,3,4,6,0,1,0,0,0,0,2,7.76111E+20,5.30407E+21,1.26896E+16,4.78306E+16
168124,9.17012E+18,9,1,71,112,2017,1,8,5,3,5,3,1,1,0,0,0,1,0,7.84068E+20,5.34176E+21,1.28207E+16,4.81655E+16
168125,9.17012E+18,9,1,87,177,2017,1,13,5,2,5,3,1,1,0,0,0,0,0,7.38149E+20,5.30533E+21,1.21839E+16,4.78571E+16
168126,9.17012E+18,9,1,86,147,2017,1,14,5,3,5,3,0,1,0,0,0,0,0,6.8149E+20,5.39283E+21,1.14648E+16,4.86621E+16
168127,9.17012E+18,9,1,79,121,2017,1,9,5,3,4,6,0,1,0,0,1,0,2,6.66754E+20,5.33915E+21,1.12435E+16,4.81837E+16
168128,9.17012E+18,9,1,62,0,2017,1,8,4,3,5,3,0,1,0,0,0,0,2,6.88777E+20,5.33465E+21,1.15375E+16,4.81371E+16
168129,9.17012E+18,9,1,62,0,2017,1,10,4,3,5,3,0,0,0,0,1,0,2,6.79573E+20,5.33856E+21,1.14155E+16,4.81749E+16
168130,9.17012E+18,9,1,62,0,2017,1,20,4,3,5,3,1,1,0,0,0,2,1,6.90403E+20,5.34268E+21,1.15629E+16,4.82088E+16
168131,9.17012E+18,9,1,62,0,2017,1,12,4,3,5,3,0,1,0,0,0,0,1,6.88646E+20,5.3329E+21,1.1535E+16,4.81214E+16
168132,9.17012E+18,9,1,62,0,2017,1,16,4,3,4,2,0,1,0,0,0,1,1,6.88653E+20,5.33567E+21,1.15363E+16,4.81463E+16
168133,9.17012E+18,9,1,62,0,2017,1,20,4,3,2,6,0,1,0,0,0,2,1,6.86211E+20,5.33427E+21,1.15029E+16,4.81344E+16
168134,9.17012E+18,9,1,84,147,2017,1,8,4,3,1,6,0,1,0,0,0,0,1,6.97251E+20,5.34022E+21,1.16539E+16,4.81846E+16
168135,9.17012E+18,9,1,62,0,2017,1,19,4,3,6,7,0,1,1,0,0,2,1,6.93473E+20,5.33354E+21,1.16E+16,4.81257E+16
168136,9.17012E+18,9,1,62,0,2017,1,18,4,3,2,6,0,1,0,0,0,2,1,6.93597E+20,5.33337E+21,1.16016E+16,4.81241E+16
168137,9.17012E+18,9,7,78,116,2017,1,18,4,3,6,4,0,1,1,0,0,2,1,6.19306E+20,5.31844E+21,1.05996E+16,4.80081E+16
168138,9.17012E+18,9,7,78,116,2017,1,10,4,3,9,1,0,1,0,0,0,0,2,6.17212E+20,5.31881E+21,1.05717E+16,4.80118E+16
168139,9.17012E+18,9,7,63,0,2017,1,12,4,3,6,4,0,1,1,0,0,0,2,5.98296E+20,5.28664E+21,1.03108E+16,4.77257E+16
168140,9.17012E+18,9,7,80,123,2017,1,8,4,3,4,6,0,1,0,0,0,0,2,6.07255E+20,5.26656E+21,1.04253E+16,4.75436E+16
168141,9.17012E+18,9,7,80,132,2017,1,16,4,3,4,1,0,1,0,0,0,0,2,5.74797E+20,5.26803E+21,9.99431E+15,4.75613E+16
168142,9.17012E+18,9,7,61,0,2017,1,7,4,3,6,4,0,1,1,0,0,1,1,6.4075E+20,5.35268E+21,1.08983E+16,4.83117E+16
168143,9.17012E+18,9,6,75,147,2017,1,17,4,3,6,7,0,1,1,0,0,2,0,5.82365E+20,5.50221E+21,1.01414E+16,4.96668E+16
168144,9.17012E+18,9,6,76,121,2017,1,9,4,3,6,4,0,1,1,0,0,0,2,5.11401E+20,5.52111E+21,9.15857E+15,4.98423E+16
168145,9.17012E+18,9,5,75,152,2017,1,15,4,3,6,6,0,1,1,0,0,0,0,6.18999E+20,5.48072E+21,1.06424E+16,4.94674E+16
168146,9.17012E+18,9,5,71,180,2017,1,9,4,3,5,3,0,1,0,0,0,0,0,6.3043E+20,5.46145E+21,1.07938E+16,4.92919E+16
168147,9.17012E+18,9,5,61,0,2017,1,10,4,3,5,3,0,1,0,0,0,0,0,6.13772E+20,5.46166E+21,1.05648E+16,4.92971E+16
168148,9.17012E+18,9,4,79,145,2017,1,16,4,3,5,3,0,1,0,0,0,0,2,7.10471E+20,5.55218E+21,1.19422E+16,5.00845E+16
168149,9.17012E+18,9,4,63,0,2017,1,14,4,3,2,6,0,1,0,0,0,0,0,6.4041E+20,5.56781E+21,1.09693E+16,5.02458E+16
168150,9.17012E+18,9,4,77,128,2017,1,14,4,3,6,2,0,1,1,0,0,0,2,6.75434E+20,5.55217E+21,1.14529E+16,5.00959E+16
168151,9.17012E+18,9,4,62,0,2017,1,14,4,3,1,7,0,1,0,0,1,0,0,6.87621E+20,5.53681E+21,1.16156E+16,4.99541E+16
168152,9.17012E+18,9,4,74,126,2017,1,13,4,3,2,2,0,1,0,0,0,0,0,6.48384E+20,5.51112E+21,1.10592E+16,4.97343E+16
168153,9.17012E+18,9,3,62,0,2017,1,17,4,3,5,3,0,1,0,0,0,1,0,7.28056E+20,5.43383E+21,1.21191E+16,4.90152E+16
168154,9.17012E+18,9,2,63,0,2017,1,9,4,3,6,7,1,0,1,0,0,0,0,7.61522E+20,5.41988E+21,1.2567E+16,4.88767E+16
168155,9.17012E+18,9,2,72,136,2017,1,11,4,3,4,1,0,1,0,0,0,0,2,8.47533E+20,5.41384E+21,1.37314E+16,4.87803E+16
168156,9.17012E+18,9,2,79,124,2017,1,23,4,3,9,7,0,1,0,0,0,2,2,7.51711E+20,5.39245E+21,1.24167E+16,4.86344E+16
168157,9.17012E+18,9,1,90,159,2017,1,21,4,3,8,1,0,1,0,0,0,2,0,6.61414E+20,5.30434E+21,1.11586E+16,4.78721E+16
168158,9.17012E+18,9,1,89,148,2017,1,4,4,3,5,3,0,1,0,0,0,2,2,7.77945E+20,5.30889E+21,1.27172E+16,4.78731E+16
168159,9.17012E+18,9,1,82,119,2017,1,8,4,2,9,7,0,0,0,0,1,0,2,7.11741E+20,5.29438E+21,1.1826E+16,4.7768E+16
168160,9.17012E+18,9,1,87,157,2017,1,11,4,2,5,3,0,1,0,0,1,0,2,7.37804E+20,5.28411E+21,1.21677E+16,4.76666E+16
168161,9.17012E+18,9,1,87,137,2017,1,19,4,3,4,6,0,1,0,0,0,2,1,7.27905E+20,5.31215E+21,1.20508E+16,4.79221E+16
168162,9.17012E+18,9,1,61,0,2017,1,7,4,3,8,1,0,0,0,0,1,1,2,6.72433E+20,5.40253E+21,1.1346E+16,4.87519E+16
168163,9.17012E+18,9,1,81,130,2017,1,18,4,3,2,2,0,1,0,0,0,2,2,6.39165E+20,5.32453E+21,1.08677E+16,4.80589E+16
168164,9.17012E+18,9,1,79,145,2017,1,17,4,3,1,7,1,1,0,0,0,2,0,6.74864E+20,5.33829E+21,1.13521E+16,4.81738E+16
168165,9.17012E+18,9,1,88,120,2017,1,17,4,3,9,1,0,1,0,0,0,0,2,6.72774E+20,5.32523E+21,1.13188E+16,4.80569E+16
168166,9.17012E+18,9,1,79,119,2017,1,15,4,3,5,3,1,1,0,0,0,0,2,6.71027E+20,5.33861E+21,1.13007E+16,4.81777E+16
168167,9.17012E+18,9,1,74,115,2017,1,8,4,3,0,1,1,0,0,0,0,0,2,6.81487E+20,5.34815E+21,1.14454E+16,4.82605E+16
168168,9.17012E+18,9,1,78,124,2017,1,16,4,3,5,3,1,0,0,0,1,0,0,7.02523E+20,5.36565E+21,1.17369E+16,4.84115E+16
168169,9.17012E+18,9,1,62,0,2017,1,14,3,3,2,6,0,1,0,0,0,0,0,6.92135E+20,5.33525E+21,1.15829E+16,4.81414E+16
168170,9.17012E+18,9,1,62,0,2017,1,5,3,3,6,2,0,1,1,0,0,2,1,6.86406E+20,5.3397E+21,1.15079E+16,4.81832E+16
168171,9.17012E+18,9,1,62,0,2017,1,15,3,3,0,7,0,0,0,0,1,1,1,6.84204E+20,5.33267E+21,1.14752E+16,4.81206E+16
168172,9.17012E+18,9,1,84,140,2017,1,8,3,3,5,3,0,1,0,0,0,0,2,7.00619E+20,5.32823E+21,1.16935E+16,4.80758E+16
168173,9.17012E+18,9,1,62,0,2017,1,11,3,3,5,3,0,1,0,0,0,0,1,6.96112E+20,5.33525E+21,1.16363E+16,4.81403E+16
168174,9.17012E+18,9,1,62,0,2017,1,10,3,3,5,2,1,1,0,0,0,0,1,6.90153E+20,5.33526E+21,1.15562E+16,4.81421E+16
168175,9.17012E+18,9,7,64,0,2017,1,12,3,3,2,1,0,1,0,0,0,0,0,5.88552E+20,5.31802E+21,1.01873E+16,4.80094E+16
168176,9.17012E+18,9,7,74,121,2017,1,11,3,2,4,7,0,1,0,0,1,0,1,6.05094E+20,5.36522E+21,1.04208E+16,4.84314E+16
168177,9.17012E+18,9,7,72,200,2017,1,6,3,3,4,2,1,1,0,0,0,2,0,6.31226E+20,5.33787E+21,1.07654E+16,4.81805E+16
168178,9.17012E+18,9,7,61,0,2017,1,17,3,3,6,3,0,1,1,0,0,2,1,6.38034E+20,5.35817E+21,1.08635E+16,4.83616E+16
168179,9.17012E+18,9,7,61,0,2017,1,8,3,3,5,3,1,1,0,0,0,0,2,6.39484E+20,5.35758E+21,1.08829E+16,4.8356E+16
168180,9.17012E+18,9,6,63,0,2017,1,9,3,3,2,6,0,1,0,0,0,0,0,5.6852E+20,5.51545E+21,9.95191E+15,4.97876E+16
168181,9.17012E+18,9,6,74,147,2017,1,15,3,2,5,3,1,1,0,0,0,0,0,6.092E+20,5.54419E+21,1.0525E+16,5.004E+16
168182,9.17012E+18,9,6,62,0,2017,1,15,3,3,4,2,0,1,0,0,0,0,0,5.89141E+20,5.54474E+21,1.02451E+16,5.00483E+16
168183,9.17012E+18,9,5,72,133,2017,1,8,3,3,4,6,0,1,0,0,0,0,0,6.34856E+20,5.50298E+21,1.08688E+16,4.96643E+16
168184,9.17012E+18,9,5,74,146,2017,1,17,3,3,2,6,0,1,0,0,0,2,1,6.70468E+20,5.48602E+21,1.13545E+16,4.95028E+16
168185,9.17012E+18,9,5,64,0,2017,1,13,3,3,0,7,0,0,0,0,1,0,0,6.55116E+20,5.47428E+21,1.1138E+16,4.94014E+16
168186,9.17012E+18,9,5,64,0,2017,1,11,3,3,6,4,0,1,1,0,0,0,0,6.49855E+20,5.47836E+21,1.10671E+16,4.94394E+16
168187,9.17012E+18,9,5,64,0,2017,1,13,3,3,6,4,0,1,1,0,0,0,0,6.51086E+20,5.47983E+21,1.10847E+16,4.94523E+16
168188,9.17012E+18,9,5,64,0,2017,1,7,3,3,6,4,0,1,1,0,0,2,1,6.4988E+20,5.48099E+21,1.10685E+16,4.94631E+16
168189,9.17012E+18,9,5,61,0,2017,1,13,3,3,5,7,0,1,0,0,0,0,2,6.13521E+20,5.46437E+21,1.05622E+16,4.93215E+16
168190,9.17012E+18,9,5,71,177,2017,1,15,3,3,8,1,0,1,0,0,0,0,0,6.21799E+20,5.45011E+21,1.06717E+16,4.91917E+16
168191,9.17012E+18,9,4,79,136,2017,1,15,3,3,6,4,0,1,1,0,0,0,1,7.20937E+20,5.54333E+21,1.20832E+16,5.00013E+16
168192,9.17012E+18,9,4,78,155,2017,1,15,3,3,1,3,0,1,0,0,0,0,0,6.57529E+20,5.56021E+21,1.12061E+16,5.01731E+16
168193,9.17012E+18,9,4,63,0,2017,1,13,3,3,0,7,0,1,1,0,0,0,0,6.40188E+20,5.56976E+21,1.09669E+16,5.02633E+16
168194,9.17012E+18,9,4,62,0,2017,1,9,3,3,2,6,0,1,0,0,0,0,1,6.85202E+20,5.53575E+21,1.15814E+16,4.99454E+16
168195,9.17012E+18,9,3,72,153,2017,1,16,3,3,0,3,0,1,0,0,0,2,1,7.5661E+20,5.45436E+21,1.2522E+16,4.91883E+16
168196,9.17012E+18,9,3,62,0,2017,1,11,3,2,4,2,0,1,0,0,1,0,0,7.28064E+20,5.43383E+21,1.21192E+16,4.90151E+16
168197,9.17012E+18,9,3,62,0,2017,1,14,3,3,5,3,1,1,0,0,0,0,0,7.22997E+20,5.43336E+21,1.20498E+16,4.90128E+16
168198,9.17012E+18,9,3,62,0,2017,1,19,3,3,2,6,0,1,0,0,0,2,0,7.29595E+20,5.43326E+21,1.21398E+16,4.90095E+16
168199,9.17012E+18,9,3,62,0,2017,1,15,3,3,2,6,0,1,0,0,0,0,0,7.25811E+20,5.43345E+21,1.20883E+16,4.90125E+16
168200,9.17012E+18,9,3,62,0,2017,1,17,3,3,1,6,0,1,0,0,0,1,1,7.27982E+20,5.4352E+21,1.21189E+16,4.90275E+16
168201,9.17012E+18,9,2,78,129,2017,1,10,3,3,4,6,0,1,0,0,0,0,2,7.71949E+20,5.43614E+21,1.27198E+16,4.90181E+16
168202,9.17012E+18,9,2,77,138,2017,1,13,3,3,5,3,0,1,0,0,0,0,0,7.91524E+20,5.37042E+21,1.29405E+16,4.84194E+16
168203,9.17012E+18,9,2,61,0,2017,1,9,3,3,5,3,0,1,0,0,0,0,1,7.32844E+20,5.38263E+21,1.21555E+16,4.85535E+16
168204,9.17012E+18,9,2,79,112,2017,1,14,3,3,3,6,0,1,0,0,0,0,0,7.569E+20,5.39317E+21,1.24874E+16,4.86387E+16
168205,9.17012E+18,9,2,79,128,2017,1,14,3,3,8,1,0,1,0,0,0,0,2,7.5839E+20,5.40111E+21,1.25126E+16,4.87094E+16
168206,9.17012E+18,9,1,82,123,2017,1,12,3,3,4,1,0,1,0,0,1,0,2,7.16319E+20,5.30127E+21,1.18904E+16,4.78283E+16
168207,9.17012E+18,9,1,81,130,2017,1,9,3,3,4,1,0,1,0,0,1,0,2,6.36515E+20,5.32583E+21,1.08326E+16,4.80711E+16
168208,9.17012E+18,9,1,79,123,2017,1,11,3,2,8,7,0,1,0,0,0,0,0,6.76054E+20,5.33342E+21,1.13661E+16,4.81297E+16
168209,9.17012E+18,9,1,79,121,2017,1,18,3,2,8,7,0,1,0,0,0,2,2,6.65588E+20,5.33681E+21,1.12269E+16,4.8163E+16
168210,9.17012E+18,9,1,78,124,2017,1,10,3,3,6,4,0,1,1,0,0,0,0,7.02576E+20,5.3645E+21,1.17371E+16,4.84011E+16
168211,9.17012E+18,9,1,62,0,2017,1,14,2,3,2,6,0,1,0,0,0,0,2,6.90451E+20,5.33518E+21,1.15602E+16,4.81413E+16
168212,9.17012E+18,9,1,62,0,2017,1,7,2,3,9,1,0,1,0,0,0,0,1,6.88787E+20,5.33775E+21,1.1539E+16,4.8165E+16
168213,9.17012E+18,9,1,62,0,2017,1,21,2,3,6,4,0,1,1,0,0,2,2,6.90515E+20,5.33474E+21,1.15609E+16,4.81374E+16
168214,9.17012E+18,9,1,62,0,2017,1,18,2,2,1,1,0,1,0,0,0,2,2,6.85332E+20,5.33788E+21,1.14926E+16,4.81671E+16
168215,9.17012E+18,9,1,62,0,2017,1,11,2,3,6,7,0,1,1,0,0,0,2,6.90605E+20,5.33439E+21,1.15619E+16,4.81342E+16
168216,9.17012E+18,9,1,62,0,2017,1,14,2,3,6,7,0,1,1,0,0,0,1,6.86841E+20,5.33911E+21,1.15135E+16,4.81777E+16
168217,9.17012E+18,9,1,62,0,2017,1,8,2,3,6,4,0,1,1,0,0,0,1,6.90981E+20,5.34219E+21,1.15705E+16,4.82042E+16
168218,9.17012E+18,9,1,62,0,2017,1,9,2,3,1,7,0,1,0,0,1,0,2,6.91462E+20,5.34E+21,1.1576E+16,4.81844E+16
168219,9.17012E+18,9,1,62,0,2017,1,19,2,3,1,6,0,1,0,0,0,1,1,6.90843E+20,5.34031E+21,1.15678E+16,4.81874E+16
168220,9.17012E+18,9,1,62,0,2017,1,8,2,3,5,6,1,0,0,0,1,0,2,6.89816E+20,5.3367E+21,1.15524E+16,4.81552E+16
168221,9.17012E+18,9,1,62,0,2017,1,11,2,3,5,3,0,1,0,0,0,0,2,6.91862E+20,5.33717E+21,1.15801E+16,4.81588E+16
168222,9.17012E+18,9,7,75,111,2017,1,13,2,3,9,1,0,1,0,0,0,0,2,5.82571E+20,5.33393E+21,1.01102E+16,4.81533E+16
168223,9.17012E+18,9,7,62,0,2017,1,15,2,3,6,7,0,1,1,0,0,0,2,6.22146E+20,5.3083E+21,1.06348E+16,4.79164E+16
168224,9.17012E+18,9,7,62,0,2017,1,16,2,3,4,1,0,1,0,0,0,0,2,6.18871E+20,5.30482E+21,1.05901E+16,4.78857E+16
168225,9.17012E+18,9,7,79,194,2017,1,13,2,3,2,6,0,1,0,0,0,0,1,6.10207E+20,5.41307E+21,1.05026E+16,4.88608E+16
168226,9.17012E+18,9,7,79,131,2017,1,13,2,2,1,6,0,1,0,0,1,0,0,6.30725E+20,5.3994E+21,1.07778E+16,4.87339E+16
168227,9.17012E+18,9,7,72,147,2017,1,19,2,3,0,1,1,0,0,0,0,2,2,6.38833E+20,5.36628E+21,1.0877E+16,4.84344E+16
168228,9.17012E+18,9,7,61,0,2017,1,11,2,3,1,1,0,1,0,0,0,0,1,6.41222E+20,5.35535E+21,1.09056E+16,4.83356E+16
168229,9.17012E+18,9,5,63,0,2017,1,12,2,3,6,4,0,1,1,0,0,0,2,6.43735E+20,5.48218E+21,1.09841E+16,4.94752E+16
168230,9.17012E+18,9,5,73,122,2017,1,12,2,3,5,3,0,1,0,0,0,0,1,6.43776E+20,5.47634E+21,1.09826E+16,4.94227E+16
168231,9.17012E+18,9,5,61,0,2017,1,15,2,3,6,7,0,1,1,0,0,0,0,6.13917E+20,5.46233E+21,1.0567E+16,4.93031E+16
168232,9.17012E+18,9,5,61,0,2017,1,16,2,3,1,6,0,1,0,0,0,0,0,6.14793E+20,5.46193E+21,1.0579E+16,4.92993E+16
168233,9.17012E+18,9,4,73,144,2017,1,6,2,3,9,1,0,1,0,0,0,2,2,6.34112E+20,5.57567E+21,1.08838E+16,5.03178E+16
168234,9.17012E+18,9,3,75,181,2017,1,6,2,3,9,1,0,1,0,0,0,1,2,7.20756E+20,5.43674E+21,1.2021E+16,4.90439E+16
168235,9.17012E+18,9,2,76,148,2017,1,11,2,3,4,1,0,1,0,0,0,0,2,8.08908E+20,5.43985E+21,1.32268E+16,4.9034E+16
168236,9.17012E+18,9,2,78,123,2017,1,7,2,3,0,1,0,1,0,0,0,0,2,7.48903E+20,5.4136E+21,1.23914E+16,4.88254E+16
168237,9.17012E+18,9,1,87,117,2017,1,7,2,3,4,6,1,0,0,0,0,1,2,7.24528E+20,5.30629E+21,1.20026E+16,4.78706E+16
168238,9.17012E+18,9,1,86,149,2017,1,7,2,1,1,7,0,1,0,0,1,2,1,6.88929E+20,5.38785E+21,1.15634E+16,4.86152E+16
168239,9.17012E+18,9,1,78,120,2017,1,19,2,3,4,6,0,1,0,0,0,2,1,6.94306E+20,5.35258E+21,1.162E+16,4.82966E+16
168240,9.17012E+18,9,1,78,124,2017,1,8,2,3,2,6,0,1,0,0,1,0,0,7.01532E+20,5.3605E+21,1.17211E+16,4.83655E+16
168241,9.17012E+18,9,1,62,0,2017,1,13,1,3,0,7,0,1,0,0,0,0,2,6.92659E+20,5.33251E+21,1.15887E+16,4.81167E+16
168242,9.17012E+18,9,1,62,0,2017,1,1,1,3,6,4,0,1,1,0,0,2,2,6.91406E+20,5.33628E+21,1.15735E+16,4.8151E+16
168243,9.17012E+18,9,7,75,129,2017,1,0,1,3,6,6,0,1,1,0,0,2,2,5.82501E+20,5.34282E+21,1.0111E+16,4.82333E+16
168244,9.17012E+18,9,7,74,144,2017,1,9,1,3,9,1,0,1,0,0,0,0,2,6.06553E+20,5.36313E+21,1.04399E+16,4.84123E+16
168245,9.17012E+18,9,7,80,143,2017,1,13,1,3,4,1,0,1,0,0,0,0,2,5.94148E+20,5.27934E+21,1.02539E+16,4.76606E+16
168246,9.17012E+18,9,7,63,0,2017,1,2,1,3,6,4,0,1,1,0,0,2,2,5.98343E+20,5.28743E+21,1.03116E+16,4.77328E+16
168247,9.17012E+18,9,6,61,0,2017,1,18,1,3,2,6,0,1,0,0,0,2,1,5.11654E+20,5.53596E+21,9.16253E+15,4.99759E+16
168248,9.17012E+18,9,5,64,0,2017,1,17,1,2,5,3,0,1,0,0,0,2,1,6.47872E+20,5.472E+21,1.10374E+16,4.93828E+16
168249,9.17012E+18,9,5,64,0,2017,1,20,1,3,4,6,0,1,0,0,0,2,2,6.48201E+20,5.48662E+21,1.10474E+16,4.95141E+16
168250,9.17012E+18,9,4,63,0,2017,1,18,1,3,8,3,0,1,0,0,0,2,2,6.40944E+20,5.57215E+21,1.09784E+16,5.02846E+16
168251,9.17012E+18,9,1,73,147,2017,1,17,1,3,2,6,0,1,0,0,0,2,1,6.80948E+20,5.30916E+21,1.14216E+16,4.79103E+16
168252,9.17012E+18,9,1,87,159,2017,1,12,1,3,9,1,0,1,0,0,0,0,1,7.32321E+20,5.32875E+21,1.21188E+16,4.80697E+16
168253,9.17012E+18,9,1,77,117,2017,1,17,1,3,4,2,0,1,0,0,0,2,2,7.14116E+20,5.35302E+21,1.18869E+16,4.82941E+16
168254,9.17012E+18,9,1,75,114,2017,1,15,1,3,5,3,0,1,0,0,0,0,2,7.18514E+20,5.32299E+21,1.19307E+16,4.80228E+16
168255,9.17011E+18,9,1,62,0,2017,1,14,7,3,3,7,0,1,0,0,1,0,1,6.89118E+20,5.33493E+21,1.15422E+16,4.81395E+16
168256,9.17011E+18,9,1,62,0,2017,1,16,7,3,4,6,0,1,0,0,0,0,2,6.87112E+20,5.33039E+21,1.15133E+16,4.80993E+16
168257,9.17011E+18,9,1,62,0,2017,1,12,7,3,5,3,0,1,0,0,0,0,1,6.9101E+20,5.33228E+21,1.15664E+16,4.81151E+16
168258,9.17011E+18,9,1,62,0,2017,1,11,7,3,2,6,0,1,0,0,0,0,1,6.89353E+20,5.33361E+21,1.15448E+16,4.81275E+16
168259,9.17011E+18,9,7,63,0,2017,1,13,7,3,1,5,0,1,0,0,0,0,2,5.98116E+20,5.28633E+21,1.03083E+16,4.77229E+16