OBJECTID,UIDENTSTLA,ULAND,UREGBEZ,UKREIS,UGEMEINDE,UJAHR,UMONAT,USTUNDE,UWOCHENTAG,UKATEGORIE,UART,UTYP1,IstRad,IstPKW,IstFuss,IstKrad,IstSonstig,LICHT,STRZUSTAND,LINREFX,LINREFY,XGCSWGS84,YGCSWGS84
168432,9.17013E+18,9,3,71,127,2017,1,19,4,2,6,4,0,0,1,1,0,2,0,7.13183E+20,5.49262E+21,1.19473E+16,4.95486E+16
168433,9.17013E+18,9,2,71,119,2017,1,20,4,3,4,6,0,1,0,0,0,2,0,7.90527E+20,5.41862E+21,1.29608E+16,4.88525E+16
168434,9.17013E+18,9,2,75,124,2017,1,18,4,3,5,3,0,1,0,0,0,2,0,8.09385E+20,5.37582E+21,1.31852E+16,4.84593E+16
168435,9.17013E+18,9,2,61,0,2017,1,15,4,3,2,6,0,1,0,0,0,0,1,7.31359E+20,5.38323E+21,1.21358E+16,4.85594E+16
168436,9.17013E+18,9,1,79,126,2017,1,16,4,3,5,3,0,1,0,0,0,0,0,6.77299E+20,5.33991E+21,1.13855E+16,4.81876E+16
168437,9.17012E+18,9,1,62,0,2017,1,18,3,2,0,7,0,0,0,0,1,2,1,6.84086E+20,5.33508E+21,1.14747E+16,4.81423E+16
168438,9.17012E+18,9,1,62,0,2017,1,15,3,3,5,3,0,1,0,0,0,0,2,6.92655E+20,5.33342E+21,1.1589E+16,4.81249E+16
168439,9.17012E+18,9,1,62,0,2017,1,12,3,3,5,7,1,1,0,0,0,0,2,6.91623E+20,5.33799E+21,1.15772E+16,4.81663E+16
168440,9.17012E+18,9,1,62,0,2017,1,11,3,3,6,4,0,0,1,0,1,0,1,6.93171E+20,5.33174E+21,1.15952E+16,4.81096E+16
168441,9.17012E+18,9,7,75,152,2017,1,9,3,3,1,1,0,1,0,0,0,0,0,5.77837E+20,5.35257E+21,1.005E+16,4.83215E+16
168442,9.17012E+18,9,7,75,134,2017,1,21,3,3,9,1,0,1,0,0,0,2,2,5.84684E+20,5.36426E+21,1.01447E+16,4.84258E+16
168443,9.17012E+18,9,7,74,155,2017,1,8,3,3,6,7,0,0,1,0,1,0,0,5.90478E+20,5.36722E+21,1.02236E+16,4.84516E+16
168444,9.17012E+18,9,7,61,0,2017,1,18,3,2,6,4,0,1,1,0,0,2,1,6.38705E+20,5.36036E+21,1.08733E+16,4.83811E+16
168445,9.17012E+18,9,7,61,0,2017,1,18,3,3,2,6,0,1,0,0,0,2,0,6.40204E+20,5.35872E+21,1.0893E+16,4.8366E+16
168446,9.17012E+18,9,6,63,0,2017,1,9,3,3,5,3,0,1,0,0,0,0,0,5.68683E+20,5.50926E+21,9.95308E+15,4.97319E+16
168447,9.17012E+18,9,6,63,0,2017,1,5,3,3,5,3,1,1,0,0,0,2,2,5.70429E+20,5.51644E+21,9.97861E+15,4.97962E+16
168448,9.17012E+18,9,6,78,178,2017,1,6,3,3,3,7,0,1,0,0,0,1,0,5.89796E+20,5.54356E+21,1.0254E+16,5.00375E+16
168449,9.17012E+18,9,5,74,155,2017,1,10,3,3,5,3,0,1,0,0,0,0,1,6.68936E+20,5.49199E+21,1.13359E+16,4.95569E+16
168450,9.17012E+18,9,5,64,0,2017,1,14,3,3,0,1,1,0,0,0,0,0,2,6.47005E+20,5.47513E+21,1.10266E+16,4.9411E+16
168451,9.17012E+18,9,5,64,0,2017,1,11,3,3,5,2,1,0,0,0,1,0,1,6.50391E+20,5.47902E+21,1.10748E+16,4.94453E+16
168452,9.17012E+18,9,5,64,0,2017,1,15,3,3,5,3,1,0,0,0,1,0,1,6.51402E+20,5.48021E+21,1.10892E+16,4.94557E+16
168453,9.17012E+18,9,4,75,162,2017,1,6,3,3,9,1,0,1,0,0,0,2,2,7.17733E+20,5.57246E+21,1.20552E+16,5.02641E+16
168454,9.17012E+18,9,4,78,139,2017,1,16,3,3,2,6,0,1,0,0,0,0,0,6.47179E+20,5.55687E+21,1.106E+16,5.01458E+16
168455,9.17012E+18,9,4,78,139,2017,1,12,3,3,5,3,0,1,0,0,0,0,1,6.46309E+20,5.55569E+21,1.10473E+16,5.01354E+16
168456,9.17012E+18,9,4,71,150,2017,1,17,3,2,5,3,0,1,0,0,0,2,0,6.35167E+20,5.53549E+21,1.08844E+16,4.99565E+16
168457,9.17012E+18,9,4,71,140,2017,1,19,3,3,4,2,0,1,0,0,0,2,0,6.36288E+20,5.53194E+21,1.08988E+16,4.99242E+16
168458,9.17012E+18,9,1,80,117,2017,1,18,3,3,6,4,0,1,1,0,0,2,2,6.58064E+20,5.26272E+21,1.10987E+16,4.74987E+16
168459,9.17012E+18,9,1,63,0,2017,1,16,3,3,4,6,0,1,0,0,0,0,2,7.35381E+20,5.30287E+21,1.21456E+16,4.78361E+16
168460,9.17012E+18,9,1,87,128,2017,1,18,3,3,6,2,0,1,1,0,0,2,0,7.46693E+20,5.31046E+21,1.23009E+16,4.79E+16
168461,9.17012E+18,9,1,79,147,2017,1,12,3,3,5,2,0,1,0,0,0,0,0,6.63502E+20,5.33455E+21,1.1198E+16,4.81432E+16
168462,9.17012E+18,9,1,74,115,2017,1,8,3,3,2,6,1,1,0,0,0,0,2,6.81748E+20,5.34851E+21,1.1449E+16,4.82637E+16
168463,9.17012E+18,9,1,77,139,2017,1,6,3,3,6,4,0,1,1,0,0,1,0,7.32057E+20,5.35946E+21,1.2132E+16,4.83456E+16
168464,9.17012E+18,9,1,62,0,2017,1,17,2,3,2,3,0,1,0,0,1,2,1,6.97005E+20,5.33157E+21,1.16465E+16,4.81069E+16
168465,9.17012E+18,9,1,62,0,2017,1,7,2,3,0,1,0,0,0,1,0,0,0,6.90147E+20,5.33448E+21,1.15558E+16,4.81351E+16
168466,9.17012E+18,9,1,62,0,2017,1,14,2,3,2,6,0,1,0,0,0,0,0,6.90736E+20,5.33333E+21,1.15632E+16,4.81247E+16
168467,9.17012E+18,9,1,62,0,2017,1,8,2,3,2,6,0,1,0,0,1,0,0,6.94355E+20,5.33497E+21,1.16125E+16,4.81383E+16
168468,9.17012E+18,9,1,62,0,2017,1,9,2,3,4,2,0,1,0,0,0,0,0,6.93808E+20,5.33511E+21,1.16053E+16,4.81397E+16
168469,9.17012E+18,9,1,62,0,2017,1,8,2,3,2,6,0,1,0,0,0,0,0,6.84507E+20,5.33315E+21,1.14795E+16,4.81249E+16
168470,9.17012E+18,9,1,62,0,2017,1,12,2,3,5,3,0,1,1,0,0,0,0,6.90421E+20,5.33639E+21,1.15604E+16,4.81522E+16
168471,9.17012E+18,9,1,62,0,2017,1,13,2,3,6,2,0,1,1,0,0,0,0,6.80188E+20,5.33532E+21,1.14224E+16,4.81456E+16
168472,9.17012E+18,9,1,62,0,2017,1,6,2,3,3,6,0,1,0,0,0,2,1,6.90976E+20,5.33511E+21,1.15672E+16,4.81406E+16
168473,9.17012E+18,9,1,62,0,2017,1,10,2,3,4,2,0,1,0,0,0,0,0,6.86088E+20,5.33761E+21,1.15027E+16,4.81645E+16
168474,9.17012E+18,9,1,62,0,2017,1,9,2,3,2,6,0,1,0,0,0,0,1,6.92274E+20,5.33504E+21,1.15846E+16,4.81395E+16
168475,9.17012E+18,9,1,62,0,2017,1,13,2,2,8,7,0,1,0,0,0,0,2,6.97442E+20,5.33839E+21,1.16556E+16,4.8168E+16
168476,9.17012E+18,9,1,62,0,2017,1,17,2,3,5,3,0,1,0,0,0,2,0,7.00442E+20,5.33465E+21,1.16941E+16,4.81335E+16
168477,9.17012E+18,9,1,62,0,2017,1,19,2,3,2,6,0,1,0,0,0,2,1,6.9193E+20,5.33608E+21,1.15805E+16,4.8149E+16
168478,9.17012E+18,9,1,62,0,2017,1,19,2,3,6,4,0,1,1,0,0,2,1,6.90389E+20,5.33382E+21,1.15588E+16,4.81291E+16
168479,9.17012E+18,9,1,62,0,2017,1,15,2,3,5,3,1,0,0,0,1,0,0,6.9113E+20,5.34144E+21,1.15721E+16,4.81974E+16
168480,9.17012E+18,9,1,62,0,2017,1,6,2,3,5,2,0,1,0,0,0,2,0,6.89148E+20,5.33692E+21,1.15435E+16,4.81574E+16
168481,9.17012E+18,9,7,75,135,2017,1,14,2,3,2,6,0,1,0,0,0,0,1,5.7672E+20,5.35967E+21,1.00362E+16,4.83856E+16
168482,9.17012E+18,9,7,78,173,2017,1,15,2,3,2,6,0,1,0,0,0,0,0,6.12234E+20,5.32132E+21,1.05056E+16,4.80353E+16
168483,9.17012E+18,9,7,64,0,2017,1,15,2,3,2,6,0,1,0,0,0,0,0,5.87625E+20,5.3148E+21,1.01742E+16,4.79805E+16
168484,9.17012E+18,9,7,61,0,2017,1,11,2,2,4,1,0,1,0,0,0,2,1,6.36606E+20,5.36118E+21,1.08452E+16,4.83889E+16
168485,9.17012E+18,9,7,61,0,2017,1,11,2,3,2,6,0,1,0,0,0,0,1,6.39783E+20,5.35962E+21,1.08876E+16,4.83743E+16
168486,9.17012E+18,9,7,61,0,2017,1,6,2,3,5,3,0,1,0,0,0,2,1,6.40753E+20,5.35998E+21,1.09008E+16,4.83773E+16
168487,9.17012E+18,9,6,63,0,2017,1,17,2,3,4,2,0,1,0,1,0,2,0,5.67265E+20,5.5153E+21,9.93444E+15,4.97864E+16
168488,9.17012E+18,9,6,63,0,2017,1,15,2,3,6,4,0,1,1,0,0,0,0,5.67458E+20,5.51548E+21,9.93717E+15,4.9788E+16
168489,9.17012E+18,9,6,77,116,2017,1,9,2,2,8,1,0,1,0,0,0,0,0,5.40856E+20,5.55885E+21,9.57223E+15,5.01805E+16
168490,9.17012E+18,9,6,62,0,2017,1,10,2,3,1,1,0,1,0,0,0,0,2,5.88002E+20,5.54399E+21,1.0229E+16,5.00417E+16
168491,9.17012E+18,9,5,64,0,2017,1,10,2,3,5,2,0,1,0,0,0,0,0,6.47872E+20,5.472E+21,1.10374E+16,4.93828E+16
168492,9.17012E+18,9,5,63,0,2017,1,6,2,3,5,3,0,1,0,0,0,2,1,6.44316E+20,5.48087E+21,1.09917E+16,4.94633E+16
168493,9.17012E+18,9,4,78,145,2017,1,7,2,3,6,4,0,1,1,0,0,1,0,6.51027E+20,5.55889E+21,1.11146E+16,5.01629E+16
168494,9.17012E+18,9,4,62,0,2017,1,11,2,3,8,1,0,1,0,0,0,0,0,6.87829E+20,5.53149E+21,1.16159E+16,4.99063E+16
168495,9.17012E+18,9,2,78,141,2017,1,13,2,3,5,3,0,1,0,0,0,0,0,7.55326E+20,5.42949E+21,1.24887E+16,4.89655E+16
168496,9.17012E+18,9,2,74,126,2017,1,10,2,3,5,3,0,1,0,0,1,0,0,7.33479E+20,5.38412E+21,1.21649E+16,4.85666E+16
168497,9.17012E+18,9,2,74,124,2017,1,11,2,3,0,1,1,0,0,0,0,0,2,7.25238E+20,5.37606E+21,1.2049E+16,4.84972E+16
168498,9.17012E+18,9,1,73,126,2017,1,10,2,2,0,7,0,0,1,0,1,0,2,6.85069E+20,5.30486E+21,1.14748E+16,4.78704E+16
168499,9.17012E+18,9,1,73,133,2017,1,13,2,3,1,7,0,1,0,0,1,0,2,6.77787E+20,5.2809E+21,1.13678E+16,4.76571E+16
168500,9.17012E+18,9,1,87,182,2017,1,17,2,3,2,6,0,1,0,0,0,2,2,7.40055E+20,5.327E+21,1.22215E+16,4.80511E+16
168501,9.17012E+18,9,1,76,114,2017,1,11,2,3,4,6,0,1,0,0,0,0,0,6.8064E+20,5.43421E+21,1.14715E+16,4.90343E+16
168502,9.17012E+18,9,1,81,130,2017,1,15,2,3,1,5,0,1,0,0,0,0,0,6.38513E+20,5.32349E+21,1.08587E+16,4.80497E+16
168503,9.17012E+18,9,1,78,124,2017,1,8,2,3,5,3,0,1,0,0,0,0,0,7.04831E+20,5.35895E+21,1.17648E+16,4.83505E+16
168504,9.17012E+18,9,1,78,123,2017,1,16,2,3,5,3,0,1,0,0,0,1,0,6.92534E+20,5.35934E+21,1.15992E+16,4.83579E+16
168505,9.17012E+18,9,1,62,0,2017,1,17,1,3,2,6,0,1,0,0,0,2,0,6.92313E+20,5.33779E+21,1.15864E+16,4.81642E+16
168506,9.17012E+18,9,1,62,0,2017,1,17,1,3,0,1,0,1,0,0,0,2,2,6.91788E+20,5.33242E+21,1.15769E+16,4.81161E+16
168507,9.17012E+18,9,1,62,0,2017,1,20,1,3,5,3,0,1,0,0,0,2,2,6.92825E+20,5.33122E+21,1.15903E+16,4.8105E+16
168508,9.17012E+18,9,1,62,0,2017,1,13,1,3,5,3,0,1,0,0,0,0,0,6.92622E+20,5.33481E+21,1.15892E+16,4.81374E+16
168509,9.17012E+18,9,1,62,0,2017,1,17,1,3,3,7,0,1,0,0,0,2,1,6.90036E+20,5.33361E+21,1.15539E+16,4.81273E+16
168510,9.17012E+18,9,1,62,0,2017,1,11,1,3,5,3,0,1,0,0,1,0,0,6.8973E+20,5.33334E+21,1.15497E+16,4.81251E+16
168511,9.17012E+18,9,1,62,0,2017,1,14,1,3,2,6,0,1,0,0,1,0,0,6.90813E+20,5.33515E+21,1.15651E+16,4.81409E+16
168512,9.17012E+18,9,1,62,0,2017,1,17,1,3,5,3,0,1,0,0,0,2,0,6.92499E+20,5.34097E+21,1.15903E+16,4.81928E+16
168513,9.17012E+18,9,1,62,0,2017,1,22,1,3,0,3,1,0,0,0,1,2,2,6.90367E+20,5.34023E+21,1.15613E+16,4.81867E+16
168514,9.17012E+18,9,1,62,0,2017,1,13,1,3,3,6,0,1,0,0,0,0,0,6.91986E+20,5.3324E+21,1.15796E+16,4.81159E+16
168515,9.17012E+18,9,1,62,0,2017,1,18,1,3,5,3,0,1,0,0,0,2,0,6.8906E+20,5.33335E+21,1.15407E+16,4.81253E+16
168516,9.17012E+18,9,7,78,149,2017,1,18,1,3,8,7,0,1,0,0,0,2,0,5.95245E+20,5.31235E+21,1.02758E+16,4.79574E+16
168517,9.17012E+18,9,7,64,0,2017,1,20,1,3,7,1,0,1,0,0,0,2,2,5.8804E+20,5.31596E+21,1.018E+16,4.79908E+16
168518,9.17012E+18,9,7,77,170,2017,1,14,1,3,5,3,0,1,0,0,0,0,1,6.19708E+20,5.27699E+21,1.05936E+16,4.76353E+16
168519,9.17012E+18,9,5,62,0,2017,1,6,1,3,0,7,1,0,0,0,0,2,0,6.44806E+20,5.49598E+21,1.1004E+16,4.9599E+16
168520,9.17012E+18,9,4,64,0,2017,1,12,1,3,4,2,0,1,0,0,0,0,0,7.07564E+20,5.57692E+21,1.19151E+16,5.03078E+16
168521,9.17012E+18,9,4,63,0,2017,1,0,1,3,6,7,0,1,1,0,0,2,0,6.40035E+20,5.56964E+21,1.09647E+16,5.02623E+16
168522,9.17012E+18,9,4,63,0,2017,1,19,1,3,5,3,0,1,0,0,0,2,1,6.39592E+20,5.56936E+21,1.09584E+16,5.02599E+16
168523,9.17012E+18,9,3,73,147,2017,1,15,1,3,4,6,0,1,0,0,0,0,2,6.79493E+20,5.46042E+21,1.14675E+16,4.92702E+16
168524,9.17012E+18,9,2,61,0,2017,1,12,1,3,4,2,0,1,0,0,0,0,0,7.3273E+20,5.38182E+21,1.21535E+16,4.85463E+16
168525,9.17012E+18,9,2,74,126,2017,1,14,1,3,1,7,0,1,0,0,0,0,0,7.334E+20,5.38261E+21,1.2163E+16,4.85531E+16
168526,9.17012E+18,9,1,62,0,2017,1,17,7,3,4,2,0,1,0,0,0,2,0,6.91446E+20,5.33543E+21,1.15737E+16,4.81433E+16
168527,9.17012E+18,9,1,62,0,2017,1,19,7,3,1,6,0,1,0,0,0,2,0,6.92055E+20,5.34039E+21,1.15841E+16,4.81877E+16
168528,9.17012E+18,9,1,62,0,2017,1,22,7,3,5,3,0,1,0,0,0,2,1,6.88706E+20,5.34331E+21,1.15404E+16,4.82149E+16
168529,9.17012E+18,9,1,62,0,2017,1,12,7,3,1,5,1,1,0,0,0,0,0,6.91467E+20,5.33649E+21,1.15744E+16,4.81528E+16
168530,9.17012E+18,9,7,78,116,2017,1,8,7,3,0,3,1,1,0,0,0,0,0,6.1922E+20,5.31859E+21,1.05985E+16,4.80095E+16
168531,9.17012E+18,9,7,80,133,2017,1,14,7,3,4,1,0,1,0,0,0,0,2,5.96645E+20,5.24812E+21,1.02803E+16,4.73794E+16
168532,9.17012E+18,9,7,62,0,2017,1,20,7,3,1,5,0,1,0,0,0,2,1,6.20704E+20,5.30512E+21,1.06146E+16,4.7888E+16
168533,9.17012E+18,9,6,78,123,2017,1,17,7,2,5,3,0,1,0,0,0,1,0,5.86762E+20,5.54695E+21,1.02124E+16,5.00685E+16
168534,9.17012E+18,9,6,71,153,2017,1,13,7,3,6,4,0,1,1,0,0,0,0,5.18572E+20,5.54652E+21,9.25952E+15,5.00706E+16
168535,9.17012E+18,9,5,62,0,2017,1,10,7,3,2,6,0,1,0,0,1,0,0,6.449E+20,5.49499E+21,1.10049E+16,4.95901E+16
168536,9.17012E+18,9,5,62,0,2017,1,14,7,3,5,3,0,1,0,0,0,0,0,6.45773E+20,5.49366E+21,1.10165E+16,4.95779E+16
168537,9.17012E+18,9,5,64,0,2017,1,12,7,3,2,6,0,1,0,0,0,0,0,6.52087E+20,5.4796E+21,1.10984E+16,4.94501E+16
168538,9.17012E+18,9,5,64,0,2017,1,14,7,3,5,3,0,1,0,0,1,0,0,6.54234E+20,5.47744E+21,1.11271E+16,4.94301E+16
168539,9.17012E+18,9,5,64,0,2017,1,11,7,2,4,2,0,1,0,0,0,0,0,6.5247E+20,5.48341E+21,1.11051E+16,4.94842E+16
168540,9.17012E+18,9,4,63,0,2017,1,9,7,3,0,7,0,0,0,1,0,0,0,6.39898E+20,5.56923E+21,1.09627E+16,5.02587E+16
168541,9.17012E+18,9,4,72,131,2017,1,13,7,3,0,3,0,1,0,0,0,0,1,6.8053E+20,5.53445E+21,1.15158E+16,4.99351E+16
168542,9.17012E+18,9,4,61,0,2017,1,15,7,3,0,7,1,0,0,0,0,0,2,6.34613E+20,5.52781E+21,1.0874E+16,4.98876E+16
168543,9.17012E+18,9,3,74,164,2017,1,9,7,3,0,7,0,1,1,0,0,0,2,7.52673E+20,5.50467E+21,1.25001E+16,4.96416E+16
168544,9.17012E+18,9,3,76,168,2017,1,9,7,3,1,7,0,1,0,0,0,0,0,7.3131E+20,5.46253E+21,1.218E+16,4.92717E+16
168545,9.17012E+18,9,3,71,136,2017,1,10,7,3,4,2,1,1,0,0,0,0,1,7.11232E+20,5.47483E+21,1.19109E+16,4.93895E+16
168546,9.17012E+18,9,3,71,127,2017,1,0,7,2,8,1,0,1,0,0,0,2,2,7.13436E+20,5.498E+21,1.19537E+16,4.95969E+16
168547,9.17012E+18,9,2,76,118,2017,1,11,7,3,4,1,0,1,0,0,0,0,2,7.93303E+20,5.44263E+21,1.30158E+16,4.90666E+16
168548,9.17012E+18,9,2,78,140,2017,1,8,7,3,5,3,0,1,0,0,0,1,0,7.7516E+20,5.41656E+21,1.27504E+16,4.88409E+16
168549,9.17012E+18,9,2,62,0,2017,1,4,7,3,9,6,0,1,0,0,0,2,0,8.28976E+20,5.38911E+21,1.34599E+16,4.85686E+16
168550,9.17012E+18,9,2,62,0,2017,1,11,7,3,1,6,0,1,0,0,0,0,0,8.25119E+20,5.38948E+21,1.34081E+16,4.85739E+16
168551,9.17012E+18,9,2,61,0,2017,1,13,7,3,4,2,0,1,0,0,0,0,0,7.32136E+20,5.3807E+21,1.21449E+16,4.85364E+16
168552,9.17012E+18,9,1,83,136,2017,1,17,7,2,9,1,0,0,0,0,1,1,0,7.64566E+20,5.3447E+21,1.25607E+16,4.82003E+16
168553,9.17012E+18,9,1,87,162,2017,1,11,7,3,8,1,0,1,0,0,0,0,0,7.51827E+20,5.3056E+21,1.23666E+16,4.78544E+16
168554,9.17012E+18,9,1,78,124,2017,1,15,7,3,5,3,0,1,0,0,0,0,1,7.02422E+20,5.36436E+21,1.17349E+16,4.83998E+16
168555,9.17012E+18,9,1,62,0,2017,1,12,6,3,6,4,0,1,1,0,0,0,1,6.89066E+20,5.33334E+21,1.15408E+16,4.81252E+16
168556,9.17012E+18,9,1,62,0,2017,1,14,6,3,6,4,0,1,1,0,0,0,1,6.88036E+20,5.3367E+21,1.15284E+16,4.81558E+16
168557,9.17012E+18,9,1,84,130,2017,1,13,6,3,5,3,0,1,0,0,0,0,0,6.99263E+20,5.34514E+21,1.16832E+16,4.82281E+16
168558,9.17012E+18,9,1,62,0,2017,1,13,6,3,6,7,0,1,1,0,0,0,2,6.93508E+20,5.3356E+21,1.16015E+16,4.81442E+16
168559,9.17012E+18,9,1,62,0,2017,1,15,6,3,2,6,0,1,0,0,0,0,0,6.91948E+20,5.33346E+21,1.15795E+16,4.81254E+16
168560,9.17012E+18,9,1,62,0,2017,1,13,6,3,2,6,0,1,0,0,0,0,2,6.91114E+20,5.34286E+21,1.15726E+16,4.82102E+16
168561,9.17012E+18,9,1,62,0,2017,1,22,6,3,4,2,0,1,0,0,0,2,0,6.93377E+20,5.33099E+21,1.15976E+16,4.81028E+16
168562,9.17012E+18,9,1,62,0,2017,1,20,6,2,6,4,0,1,1,0,0,2,1,6.89523E+20,5.3349E+21,1.15476E+16,4.81391E+16
168563,9.17012E+18,9,1,62,0,2017,1,16,6,3,2,6,0,1,0,0,0,0,0,6.88633E+20,5.33163E+21,1.15342E+16,4.811E+16
168564,9.17012E+18,9,1,62,0,2017,1,8,6,3,2,6,0,1,0,0,0,0,1,7.00088E+20,5.33525E+21,1.16896E+16,4.8139E+16
168565,9.17012E+18,9,7,64,0,2017,1,9,6,3,9,1,1,0,0,0,0,0,2,5.86699E+20,5.31477E+21,1.01618E+16,4.79803E+16
168566,9.17012E+18,9,7,75,129,2017,1,8,6,3,0,3,0,1,1,0,0,0,0,5.81633E+20,5.3417E+21,1.00991E+16,4.82233E+16
168567,9.17012E+18,9,7,76,125,2017,1,13,6,3,6,7,0,1,1,0,0,0,0,5.63885E+20,5.26936E+21,9.84946E+15,4.75745E+16
168568,9.17012E+18,9,7,61,0,2017,1,6,6,3,6,4,0,1,1,0,0,2,0,6.41653E+20,5.36207E+21,1.09137E+16,4.83959E+16
168569,9.17012E+18,9,6,63,0,2017,1,11,6,3,2,6,0,1,0,0,0,0,0,5.66779E+20,5.5155E+21,9.92773E+15,4.97883E+16
168570,9.17012E+18,9,6,63,0,2017,1,16,6,3,5,3,0,1,0,1,0,0,0,5.6763E+20,5.51673E+21,9.93976E+15,4.97992E+16
168571,9.17012E+18,9,6,63,0,2017,1,7,6,3,6,2,0,1,1,0,0,1,0,5.6816E+20,5.51309E+21,9.94649E+15,4.97664E+16
168572,9.17012E+18,9,6,75,174,2017,1,16,6,2,5,3,0,1,0,1,0,0,0,5.88469E+20,5.52423E+21,1.0231E+16,4.98639E+16
168573,9.17012E+18,9,6,77,148,2017,1,23,6,3,5,3,0,1,0,0,0,2,0,5.55076E+20,5.53465E+21,9.76789E+15,4.99616E+16
168574,9.17012E+18,9,6,62,0,2017,1,14,6,3,5,3,0,1,0,0,0,0,0,5.88083E+20,5.54442E+21,1.02302E+16,5.00456E+16
168575,9.17012E+18,9,6,76,132,2017,1,10,6,3,7,7,0,1,0,0,0,0,0,5.15843E+20,5.50704E+21,9.21978E+15,4.97156E+16
168576,9.17012E+18,9,5,72,135,2017,1,22,6,2,6,7,0,1,1,0,0,2,0,6.31783E+20,5.50894E+21,1.08282E+16,4.97185E+16
168577,9.17012E+18,9,5,62,0,2017,1,8,6,2,2,6,1,1,0,0,0,0,0,6.43985E+20,5.49257E+21,1.09914E+16,4.95686E+16
168578,9.17012E+18,9,5,62,0,2017,1,12,6,3,5,3,1,1,0,0,0,0,0,6.44906E+20,5.49558E+21,1.10052E+16,4.95954E+16
168579,9.17012E+18,9,5,74,132,2017,1,15,6,3,4,2,1,1,0,0,0,0,0,6.76523E+20,5.48616E+21,1.14381E+16,4.95024E+16
168580,9.17012E+18,9,5,64,0,2017,1,19,6,2,5,3,0,1,0,1,0,2,0,6.46098E+20,5.47855E+21,1.10154E+16,4.94421E+16
168581,9.17012E+18,9,5,64,0,2017,1,15,6,3,0,5,1,1,0,0,0,0,0,6.49001E+20,5.4795E+21,1.10558E+16,4.94499E+16
168582,9.17012E+18,9,5,64,0,2017,1,5,6,3,3,6,0,1,0,0,1,2,0,6.48957E+20,5.47419E+21,1.10532E+16,4.94021E+16
168583,9.17012E+18,9,5,64,0,2017,1,19,6,3,2,6,0,1,0,0,0,2,0,6.4932E+20,5.48059E+21,1.10606E+16,4.94596E+16
168584,9.17012E+18,9,5,73,120,2017,1,7,6,3,5,3,0,1,0,0,1,2,0,6.29542E+20,5.48391E+21,1.07889E+16,4.9494E+16
168585,9.17012E+18,9,5,73,127,2017,1,13,6,3,4,2,0,1,0,0,1,0,0,6.45791E+20,5.47426E+21,1.10096E+16,4.94035E+16
168586,9.17012E+18,9,5,77,136,2017,1,7,6,3,5,3,1,1,0,0,0,1,0,6.29407E+20,5.44242E+21,1.07736E+16,4.9121E+16
168587,9.17012E+18,9,5,71,165,2017,1,10,6,3,5,3,0,1,0,0,1,0,0,6.3026E+20,5.46711E+21,1.07933E+16,4.93428E+16
168588,9.17012E+18,9,4,76,185,2017,1,13,6,2,6,7,0,1,1,0,0,0,1,6.67726E+20,5.56245E+21,1.13498E+16,5.01904E+16
168589,9.17012E+18,9,4,62,0,2017,1,6,6,3,5,3,0,1,0,0,0,1,0,6.84877E+20,5.53661E+21,1.15773E+16,4.99532E+16
168590,9.17012E+18,9,3,62,0,2017,1,14,6,2,1,3,0,1,0,1,0,0,2,7.32305E+20,5.43288E+21,1.21766E+16,4.9005E+16
168591,9.17012E+18,9,3,76,163,2017,1,15,6,3,5,3,0,1,0,0,0,0,2,7.27211E+20,5.47568E+21,1.21312E+16,4.93913E+16
168592,9.17012E+18,9,2,76,144,2017,1,14,6,3,5,3,0,1,0,0,0,0,1,7.84036E+20,5.44203E+21,1.28889E+16,4.90655E+16
168593,9.17012E+18,9,2,71,146,2017,1,13,6,3,5,3,0,1,0,0,1,0,0,7.84635E+20,5.41139E+21,1.28757E+16,4.87903E+16
168594,9.17012E+18,9,2,71,119,2017,1,15,6,3,2,6,0,1,0,0,0,0,0,7.91467E+20,5.41796E+21,1.29731E+16,4.88461E+16
168595,9.17012E+18,9,2,75,126,2017,1,22,6,3,1,5,0,1,0,0,0,2,2,8.3969E+20,5.39903E+21,1.36128E+16,4.86519E+16
168596,9.17012E+18,9,2,74,184,2017,1,15,6,3,5,3,0,1,0,0,1,0,0,7.46919E+20,5.37138E+21,1.23393E+16,4.8447E+16
168597,9.17012E+18,9,2,74,113,2017,1,7,6,3,0,1,1,0,0,0,0,1,2,7.28998E+20,5.38307E+21,1.21037E+16,4.85589E+16
168598,9.17012E+18,9,2,61,0,2017,1,10,6,3,0,2,0,1,1,0,0,0,0,7.32387E+20,5.38007E+21,1.21479E+16,4.85307E+16
168599,9.1702E+18,9,4,73,151,2017,2,11,6,3,5,3,0,1,0,0,0,0,1,6.51616E+20,5.57774E+21,1.11304E+16,5.03322E+16
168600,9.1702E+18,9,4,73,134,2017,2,7,6,3,6,7,0,1,1,0,0,2,1,6.44597E+20,5.56587E+21,1.10273E+16,5.02273E+16
168601,9.1702E+18,9,4,62,0,2017,2,6,6,2,5,2,0,1,0,0,0,2,1,6.86161E+20,5.53516E+21,1.15945E+16,4.99397E+16
168602,9.1702E+18,9,4,62,0,2017,2,21,6,3,5,3,0,1,0,0,0,2,1,6.86007E+20,5.53685E+21,1.15932E+16,4.9955E+16
168603,9.1702E+18,9,4,74,126,2017,2,8,6,3,6,6,1,0,1,0,0,0,0,6.48414E+20,5.51027E+21,1.10593E+16,4.97266E+16