OBJECTID,UIDENTSTLA,ULAND,UREGBEZ,UKREIS,UGEMEINDE,UJAHR,UMONAT,USTUNDE,UWOCHENTAG,UKATEGORIE,UART,UTYP1,IstRad,IstPKW,IstFuss,IstKrad,IstSonstig,LICHT,STRZUSTAND,LINREFX,LINREFY,XGCSWGS84,YGCSWGS84
168604,9.1702E+18,9,3,75,196,2017,2,2,6,2,8,1,0,1,0,0,0,2,2,7.31255E+20,5.41272E+21,1.21509E+16,4.88244E+16
168605,9.1702E+18,9,2,75,116,2017,2,12,6,3,2,6,0,1,0,0,0,0,0,8.18945E+20,5.36399E+21,1.33052E+16,4.83485E+16
168606,9.1702E+18,9,1,80,117,2017,2,9,6,2,6,4,0,1,1,0,0,0,1,6.57256E+20,5.26167E+21,1.10876E+16,4.74894E+16
168607,9.1702E+18,9,1,89,133,2017,2,16,6,3,6,4,0,1,1,0,0,1,0,7.53086E+20,5.32346E+21,1.23939E+16,4.80143E+16
168608,9.1702E+18,9,1,89,162,2017,2,12,6,3,4,6,0,1,0,0,1,0,1,7.81604E+20,5.31964E+21,1.2773E+16,4.7968E+16
168609,9.1702E+18,9,1,71,124,2017,2,9,6,3,5,3,1,1,0,0,0,0,1,7.81677E+20,5.34431E+21,1.27903E+16,4.81895E+16
168610,9.1702E+18,9,1,71,117,2017,2,10,6,3,6,7,0,1,1,0,0,0,0,7.66537E+20,5.33723E+21,1.25825E+16,4.81325E+16
168611,9.1702E+18,9,1,63,0,2017,2,16,6,3,1,7,0,1,0,0,1,0,1,7.32701E+20,5.30583E+21,1.21115E+16,4.78636E+16
168612,9.1702E+18,9,1,63,0,2017,2,13,6,3,5,3,0,1,0,0,0,0,1,7.32945E+20,5.30422E+21,1.21138E+16,4.7849E+16
168613,9.1702E+18,9,1,87,117,2017,2,13,6,3,5,3,0,1,0,0,0,0,1,7.26364E+20,5.3051E+21,1.20265E+16,4.78593E+16
168614,9.1702E+18,9,1,61,0,2017,2,21,6,3,5,3,1,1,0,0,0,2,1,6.76494E+20,5.4057E+21,1.14025E+16,4.87792E+16
168615,9.1702E+18,9,1,81,130,2017,2,12,6,2,1,7,1,1,0,0,0,0,0,6.39136E+20,5.32464E+21,1.08674E+16,4.80599E+16
168616,9.1702E+18,9,1,88,117,2017,2,22,6,3,8,7,0,1,0,0,0,2,1,6.63305E+20,5.31773E+21,1.11889E+16,4.7992E+16
168617,9.1702E+18,9,1,77,115,2017,2,12,6,3,6,4,0,1,1,0,0,0,1,7.35492E+20,5.35086E+21,1.21735E+16,4.82671E+16
168618,9.1702E+18,9,1,62,0,2017,2,10,5,3,0,7,1,1,0,0,0,0,0,6.91951E+20,5.33441E+21,1.158E+16,4.81339E+16
168619,9.1702E+18,9,1,62,0,2017,2,10,5,3,5,2,0,1,0,0,0,0,1,6.93131E+20,5.33188E+21,1.15947E+16,4.81109E+16
168620,9.1702E+18,9,1,62,0,2017,2,9,5,3,4,2,0,1,0,0,0,0,1,6.85142E+20,5.33193E+21,1.14875E+16,4.81137E+16
168621,9.1702E+18,9,1,62,0,2017,2,12,5,3,3,2,0,1,0,1,0,0,0,6.9146E+20,5.33751E+21,1.15748E+16,4.8162E+16
168622,9.1702E+18,9,1,62,0,2017,2,22,5,3,5,2,0,1,0,0,0,2,1,6.9071E+20,5.34028E+21,1.1566E+16,4.81871E+16
168623,9.1702E+18,9,1,62,0,2017,2,16,5,3,1,7,0,1,0,0,0,0,1,6.89213E+20,5.34181E+21,1.15465E+16,4.82013E+16
168624,9.1702E+18,9,1,84,149,2017,2,12,5,3,6,2,0,1,1,0,0,0,1,6.90789E+20,5.34973E+21,1.15713E+16,4.8272E+16
168625,9.1702E+18,9,1,62,0,2017,2,15,5,3,0,7,1,0,0,0,0,0,0,6.90606E+20,5.33936E+21,1.15642E+16,4.81788E+16
168626,9.1702E+18,9,1,62,0,2017,2,9,5,3,6,4,1,0,1,0,0,0,1,6.90752E+20,5.34001E+21,1.15664E+16,4.81847E+16
168627,9.1702E+18,9,1,62,0,2017,2,12,5,3,1,6,0,1,0,0,0,0,1,6.90132E+20,5.32867E+21,1.1553E+16,4.8083E+16
168628,9.1702E+18,9,7,75,129,2017,2,7,5,3,5,6,1,0,0,0,0,0,0,5.816E+20,5.34127E+21,1.00986E+16,4.82194E+16
168629,9.1702E+18,9,7,79,131,2017,2,13,5,2,8,1,0,1,0,0,0,0,1,6.23863E+20,5.39861E+21,1.06843E+16,4.87282E+16
168630,9.1702E+18,9,7,73,144,2017,2,8,5,3,5,3,0,1,0,0,0,0,1,6.06301E+20,5.38103E+21,1.04411E+16,4.85733E+16
168631,9.1702E+18,9,7,61,0,2017,2,7,5,3,2,6,0,1,0,0,0,0,1,6.40913E+20,5.35755E+21,1.09022E+16,4.83554E+16
168632,9.1702E+18,9,7,72,202,2017,2,18,5,3,2,6,0,1,0,0,0,2,0,6.36443E+20,5.35987E+21,1.08426E+16,4.83773E+16
168633,9.1702E+18,9,7,61,0,2017,2,17,5,3,5,2,0,1,0,0,0,1,0,6.4195E+20,5.35946E+21,1.09168E+16,4.83723E+16
168634,9.1702E+18,9,7,61,0,2017,2,15,5,2,0,7,1,1,0,0,0,0,0,6.38037E+20,5.35585E+21,1.08628E+16,4.83407E+16
168635,9.1702E+18,9,7,61,0,2017,2,15,5,3,0,5,0,1,1,0,0,0,0,6.3978E+20,5.35872E+21,1.08873E+16,4.83661E+16
168636,9.1702E+18,9,6,79,136,2017,2,17,5,3,0,7,1,1,0,0,0,2,1,5.71107E+20,5.51483E+21,9.98773E+15,4.97817E+16
168637,9.1702E+18,9,6,63,0,2017,2,7,5,3,3,6,0,1,0,0,1,0,0,5.68451E+20,5.5169E+21,9.9512E+15,4.98006E+16
168638,9.1702E+18,9,6,63,0,2017,2,17,5,3,5,3,0,1,0,0,1,2,0,5.6771E+20,5.5142E+21,9.94045E+15,4.97765E+16
168639,9.1702E+18,9,5,62,0,2017,2,19,5,3,5,3,1,1,0,0,0,2,0,6.41006E+20,5.4954E+21,1.09512E+16,4.95947E+16
168640,9.1702E+18,9,5,62,0,2017,2,8,5,3,0,7,1,0,0,0,0,0,2,6.47386E+20,5.49572E+21,1.10396E+16,4.95961E+16
168641,9.1702E+18,9,5,76,151,2017,2,12,5,3,0,7,0,1,0,0,0,0,0,6.57201E+20,5.46908E+21,1.11647E+16,4.93541E+16
168642,9.1702E+18,9,5,63,0,2017,2,8,5,3,1,6,0,1,0,0,0,0,0,6.42965E+20,5.48019E+21,1.09728E+16,4.94575E+16
168643,9.1702E+18,9,5,64,0,2017,2,11,5,3,5,3,0,1,0,0,0,0,0,6.49118E+20,5.47709E+21,1.10565E+16,4.94282E+16
168644,9.1702E+18,9,5,64,0,2017,2,20,5,3,4,6,1,0,0,0,0,2,0,6.51068E+20,5.47971E+21,1.10844E+16,4.94513E+16
168645,9.1702E+18,9,5,64,0,2017,2,20,5,3,3,6,0,1,0,0,0,2,0,6.49411E+20,5.47941E+21,1.10614E+16,4.9449E+16
168646,9.1702E+18,9,5,61,0,2017,2,17,5,3,5,3,0,1,0,0,0,2,0,6.17245E+20,5.4615E+21,1.06125E+16,4.9295E+16
168647,9.1702E+18,9,5,77,177,2017,2,11,5,3,0,3,1,1,0,0,0,0,0,6.43936E+20,5.43226E+21,1.0969E+16,4.90264E+16
168648,9.1702E+18,9,4,63,0,2017,2,8,5,3,9,7,0,1,0,0,0,0,2,6.38148E+20,5.56999E+21,1.09384E+16,5.02658E+16
168649,9.1702E+18,9,3,75,117,2017,2,6,5,3,8,1,0,1,0,0,0,2,2,7.36813E+20,5.43214E+21,1.22377E+16,4.89967E+16
168650,9.1702E+18,9,3,75,174,2017,2,7,5,3,2,6,0,1,0,0,0,0,1,7.35159E+20,5.43091E+21,1.22144E+16,4.89863E+16
168651,9.1702E+18,9,3,72,116,2017,2,8,5,3,8,1,0,1,0,0,0,0,2,7.66852E+20,5.45634E+21,1.26636E+16,4.92017E+16
168652,9.1702E+18,9,3,76,160,2017,2,8,5,3,8,1,0,1,0,0,0,0,2,7.56943E+20,5.49269E+21,1.25513E+16,4.95323E+16
168653,9.1702E+18,9,3,71,127,2017,2,8,5,3,8,1,0,0,0,0,1,0,2,7.14202E+20,5.49051E+21,1.19602E+16,4.95293E+16
168654,9.1702E+18,9,2,76,148,2017,2,6,5,3,5,3,1,1,0,0,0,2,1,8.09341E+20,5.43821E+21,1.32315E+16,4.90191E+16
168655,9.1702E+18,9,2,77,138,2017,2,14,5,2,3,6,1,0,0,0,1,0,1,7.90943E+20,5.37169E+21,1.29335E+16,4.84311E+16
168656,9.1702E+18,9,2,62,0,2017,2,17,5,3,5,3,0,1,0,0,0,1,1,8.27462E+20,5.3893E+21,1.34396E+16,4.85711E+16
168657,9.1702E+18,9,2,79,112,2017,2,16,5,3,4,2,0,1,0,0,0,0,1,7.57524E+20,5.39294E+21,1.24958E+16,4.86365E+16
168658,9.1702E+18,9,1,90,140,2017,2,10,5,3,6,4,0,1,1,0,0,0,1,6.43794E+20,5.29615E+21,1.09204E+16,4.78027E+16
168659,9.1702E+18,9,1,80,117,2017,2,0,5,3,9,1,0,1,0,0,0,2,2,6.58764E+20,5.26435E+21,1.11086E+16,4.75132E+16
168660,9.1702E+18,9,1,62,0,2017,2,10,4,3,3,2,1,1,0,0,0,0,0,6.90132E+20,5.33525E+21,1.1556E+16,4.81421E+16
168661,9.1702E+18,9,1,62,0,2017,2,17,4,3,2,7,0,1,0,0,0,2,1,6.90531E+20,5.34186E+21,1.15643E+16,4.82013E+16
168662,9.1702E+18,9,1,62,0,2017,2,9,4,3,3,2,1,1,0,0,0,0,1,6.93387E+20,5.33929E+21,1.16015E+16,4.81774E+16
168663,9.1702E+18,9,1,62,0,2017,2,20,4,2,6,1,0,1,1,0,0,2,0,6.94314E+20,5.33283E+21,1.1611E+16,4.8119E+16
168664,9.1702E+18,9,1,62,0,2017,2,0,4,2,2,6,0,0,0,0,1,2,1,6.88463E+20,5.33901E+21,1.15352E+16,4.81764E+16
168665,9.1702E+18,9,1,62,0,2017,2,16,4,3,3,5,1,1,0,0,0,0,0,6.88274E+20,5.33043E+21,1.15289E+16,4.80993E+16
168666,9.1702E+18,9,7,75,135,2017,2,13,4,3,0,7,1,0,0,0,0,0,1,5.74087E+20,5.36038E+21,1.00008E+16,4.83922E+16
168667,9.1702E+18,9,7,63,0,2017,2,11,4,2,9,7,0,1,0,0,0,0,1,5.98231E+20,5.28761E+21,1.03101E+16,4.77344E+16
168668,9.1702E+18,9,7,62,0,2017,2,8,4,2,0,1,1,0,0,0,0,0,2,6.22503E+20,5.30735E+21,1.06393E+16,4.79078E+16
168669,9.1702E+18,9,7,77,121,2017,2,8,4,3,4,3,1,1,0,0,0,0,2,6.2882E+20,5.322E+21,1.07282E+16,4.80383E+16
168670,9.1702E+18,9,7,61,0,2017,2,16,4,3,0,6,0,0,0,1,1,1,1,6.43499E+20,5.35961E+21,1.09378E+16,4.83734E+16
168671,9.1702E+18,9,7,61,0,2017,2,16,4,2,0,7,1,0,0,0,0,0,1,6.40307E+20,5.35083E+21,1.08918E+16,4.82951E+16
168672,9.1702E+18,9,6,63,0,2017,2,16,4,3,0,7,0,0,0,0,1,0,0,5.68008E+20,5.51597E+21,9.94488E+15,4.97923E+16
168673,9.1702E+18,9,6,72,114,2017,2,11,4,3,6,7,0,1,1,0,0,0,0,5.76992E+20,5.56141E+21,1.00788E+16,5.01998E+16
168674,9.1702E+18,9,6,78,170,2017,2,16,4,3,6,4,1,0,1,0,0,0,0,5.85205E+20,5.53344E+21,1.01876E+16,4.99472E+16
168675,9.1702E+18,9,5,64,0,2017,2,14,4,3,5,3,1,1,0,0,0,0,0,6.4891E+20,5.48061E+21,1.10549E+16,4.94598E+16
168676,9.1702E+18,9,5,64,0,2017,2,19,4,3,2,6,0,1,0,0,0,2,0,6.50383E+20,5.4792E+21,1.10747E+16,4.94468E+16
168677,9.1702E+18,9,5,64,0,2017,2,12,4,3,6,4,0,1,1,0,0,0,0,6.51524E+20,5.47838E+21,1.10901E+16,4.94391E+16
168678,9.1702E+18,9,5,64,0,2017,2,18,4,3,2,6,0,1,0,0,0,2,0,6.51091E+20,5.47948E+21,1.10846E+16,4.94491E+16
168679,9.1702E+18,9,5,61,0,2017,2,21,4,3,5,3,0,1,0,0,0,2,0,6.14055E+20,5.46209E+21,1.05689E+16,4.93009E+16
168680,9.1702E+18,9,4,63,0,2017,2,11,4,3,4,2,0,1,0,0,0,0,0,6.40031E+20,5.56886E+21,1.09644E+16,5.02553E+16
168681,9.1702E+18,9,4,71,111,2017,2,17,4,3,0,7,0,1,1,0,0,1,0,6.45155E+20,5.51847E+21,1.10172E+16,4.98011E+16
168682,9.1702E+18,9,4,71,145,2017,2,10,4,3,5,7,0,1,0,0,1,0,0,6.42965E+20,5.51987E+21,1.09873E+16,4.98142E+16
168683,9.1702E+18,9,3,63,0,2017,2,17,4,2,6,2,0,1,1,0,0,2,1,7.26184E+20,5.50819E+21,1.21358E+16,4.96837E+16
168684,9.1702E+18,9,3,75,174,2017,2,11,4,3,6,5,0,1,1,0,0,0,0,7.33738E+20,5.43141E+21,1.21953E+16,4.89913E+16
168685,9.1702E+18,9,1,90,157,2017,2,23,4,2,0,1,1,0,0,0,0,2,2,6.60535E+20,5.30114E+21,1.11456E+16,4.78436E+16
168686,9.1702E+18,9,1,90,157,2017,2,12,4,3,1,6,0,1,0,0,0,0,0,6.60105E+20,5.3005E+21,1.11397E+16,4.78379E+16
168687,9.1702E+18,9,1,90,148,2017,2,1,4,3,9,1,0,1,0,0,0,2,1,6.41338E+20,5.29666E+21,1.08878E+16,4.78078E+16
168688,9.1702E+18,9,1,83,119,2017,2,11,4,3,6,2,0,1,1,0,0,0,1,7.35857E+20,5.33934E+21,1.2172E+16,4.81635E+16
168689,9.1702E+18,9,1,83,148,2017,2,11,4,3,5,3,0,1,0,1,0,0,0,7.51885E+20,5.34419E+21,1.23901E+16,4.82009E+16
168690,9.1702E+18,9,1,89,155,2017,2,15,4,3,6,4,0,1,1,0,0,0,1,7.71723E+20,5.3084E+21,1.26338E+16,4.78714E+16
168691,9.1702E+18,9,1,88,126,2017,2,7,4,3,9,1,0,1,0,0,0,0,1,6.61062E+20,5.3234E+21,1.1161E+16,4.80436E+16
168692,9.1702E+18,9,1,88,126,2017,2,8,4,2,0,7,1,0,0,0,0,0,2,6.60304E+20,5.32668E+21,1.11521E+16,4.80733E+16
168693,9.17013E+18,9,1,62,0,2017,1,15,3,3,5,3,0,1,0,0,0,0,1,6.98216E+20,5.32936E+21,1.16618E+16,4.80867E+16
168694,9.17013E+18,9,1,62,0,2017,1,10,3,3,5,5,0,1,0,0,1,0,1,6.95844E+20,5.33429E+21,1.16322E+16,4.81317E+16
168695,9.17013E+18,9,1,62,0,2017,1,7,3,3,6,2,0,1,1,0,0,2,1,6.88577E+20,5.3324E+21,1.15338E+16,4.81169E+16
168696,9.17013E+18,9,1,62,0,2017,1,18,3,3,5,3,0,1,0,0,1,2,1,6.91384E+20,5.33808E+21,1.1574E+16,4.81672E+16
168697,9.17013E+18,9,1,62,0,2017,1,17,3,3,2,6,1,1,0,0,0,2,1,6.84068E+20,5.33359E+21,1.14738E+16,4.81289E+16
168698,9.17013E+18,9,1,62,0,2017,1,20,3,3,6,7,0,1,1,0,0,2,1,6.92662E+20,5.33406E+21,1.15894E+16,4.81306E+16
168699,9.17013E+18,9,7,80,139,2017,1,21,3,3,4,6,0,1,0,0,0,2,1,5.9642E+20,5.26276E+21,1.02805E+16,4.75111E+16
168700,9.17013E+18,9,7,77,151,2017,1,14,3,3,5,3,0,1,0,0,0,0,1,6.21055E+20,5.29166E+21,1.06156E+16,4.77669E+16
168701,9.17013E+18,9,7,80,132,2017,1,22,3,3,5,3,0,1,0,0,0,2,1,5.77241E+20,5.26769E+21,1.00267E+16,4.7558E+16
168702,9.17013E+18,9,7,77,177,2017,1,6,3,3,8,1,0,0,0,0,1,2,2,6.33931E+20,5.31977E+21,1.07961E+16,4.80172E+16
168703,9.17013E+18,9,7,73,182,2017,1,7,3,3,2,6,0,1,0,0,0,0,1,6.29729E+20,5.37718E+21,1.07574E+16,4.85343E+16
168704,9.17013E+18,9,7,72,200,2017,1,13,3,2,2,3,1,1,0,0,0,0,1,6.31134E+20,5.33853E+21,1.07643E+16,4.81864E+16
168705,9.17013E+18,9,7,61,0,2017,1,6,3,3,6,2,0,1,1,0,0,2,1,6.37539E+20,5.36198E+21,1.08581E+16,4.8396E+16
168706,9.17013E+18,9,6,79,130,2017,1,20,3,2,5,3,0,1,0,0,0,2,0,5.72569E+20,5.51978E+21,1.0009E+16,4.98261E+16
168707,9.17013E+18,9,6,62,0,2017,1,13,3,3,5,3,0,1,0,0,0,0,0,5.86883E+20,5.54335E+21,1.02132E+16,5.00361E+16
168708,9.17013E+18,9,5,62,0,2017,1,12,3,2,5,3,1,1,0,0,0,0,1,6.4487E+20,5.49572E+21,1.10048E+16,4.95967E+16
168709,9.17013E+18,9,5,62,0,2017,1,7,3,3,4,2,1,1,0,0,0,0,1,6.4613E+20,5.49526E+21,1.1022E+16,4.95923E+16
168710,9.17013E+18,9,5,64,0,2017,1,10,3,3,3,6,0,0,0,0,1,0,0,6.49467E+20,5.47947E+21,1.10622E+16,4.94495E+16
168711,9.17013E+18,9,5,64,0,2017,1,15,3,3,5,3,1,0,0,0,1,0,0,6.50842E+20,5.47879E+21,1.10809E+16,4.94431E+16
168712,9.17013E+18,9,4,64,0,2017,1,8,3,2,5,1,0,1,0,0,0,0,1,7.06789E+20,5.57537E+21,1.19034E+16,5.02942E+16
168713,9.17013E+18,9,4,63,0,2017,1,17,3,3,6,2,0,1,1,0,0,1,0,6.40051E+20,5.56972E+21,1.0965E+16,5.0263E+16
168714,9.17013E+18,9,4,71,117,2017,1,18,3,3,0,6,0,1,0,1,0,2,0,6.31206E+20,5.53049E+21,1.08275E+16,4.99123E+16
168715,9.17013E+18,9,3,76,175,2017,1,23,3,3,5,3,0,1,0,0,0,2,1,7.34607E+20,5.4676E+21,1.22283E+16,4.9316E+16
168716,9.17013E+18,9,3,71,146,2017,1,7,3,2,6,7,0,0,1,0,1,1,2,7.1406E+20,5.46457E+21,1.19443E+16,4.92963E+16
168717,9.17013E+18,9,2,71,146,2017,1,9,3,3,9,1,0,1,0,0,0,0,2,7.83813E+20,5.40965E+21,1.28633E+16,4.8775E+16
168718,9.17013E+18,9,2,71,146,2017,1,5,3,3,8,1,0,1,1,0,0,2,2,7.83567E+20,5.40998E+21,1.28602E+16,4.87781E+16
168719,9.17013E+18,9,2,61,0,2017,1,9,3,2,0,7,1,0,0,0,0,0,2,7.32857E+20,5.38189E+21,1.21553E+16,4.85468E+16
168720,9.17013E+18,9,1,72,116,2017,1,3,3,3,6,1,0,1,1,0,0,2,2,8.00057E+20,5.28275E+21,1.29942E+16,4.76286E+16
168721,9.17013E+18,9,1,87,137,2017,1,10,3,3,5,3,0,1,0,0,0,0,2,7.30215E+20,5.31003E+21,1.20805E+16,4.79022E+16
168722,9.17013E+18,9,1,87,117,2017,1,17,3,3,2,6,0,1,0,0,0,2,1,7.24765E+20,5.30491E+21,1.2005E+16,4.78582E+16
168723,9.17013E+18,9,1,85,168,2017,1,9,3,3,9,1,0,1,0,0,0,0,2,6.69646E+20,5.39856E+21,1.13064E+16,4.87169E+16
168724,9.17013E+18,9,1,84,130,2017,1,16,2,3,5,7,0,1,0,0,1,0,1,6.98842E+20,5.34477E+21,1.16774E+16,4.8225E+16
168725,9.17013E+18,9,1,62,0,2017,1,15,2,3,5,3,0,1,0,0,0,0,1,6.88095E+20,5.33732E+21,1.15295E+16,4.81612E+16
168726,9.17013E+18,9,1,84,120,2017,1,21,2,2,0,1,1,0,0,0,0,2,2,6.80831E+20,5.3317E+21,1.14295E+16,4.81128E+16
168727,9.17013E+18,9,1,62,0,2017,1,7,2,3,6,4,0,1,1,0,0,0,1,6.87572E+20,5.33157E+21,1.152E+16,4.81098E+16
168728,9.17013E+18,9,1,62,0,2017,1,21,2,3,1,5,0,1,0,0,0,2,1,6.87402E+20,5.33963E+21,1.15212E+16,4.81822E+16
168729,9.17013E+18,9,1,84,146,2017,1,7,2,3,6,4,0,1,1,0,0,0,0,6.98979E+20,5.3281E+21,1.16714E+16,4.80751E+16
168730,9.17013E+18,9,1,62,0,2017,1,12,2,3,6,4,0,1,1,0,0,0,1,6.82709E+20,5.34253E+21,1.14594E+16,4.82097E+16
168731,9.17013E+18,9,1,62,0,2017,1,12,2,3,2,7,0,1,0,0,0,0,1,6.8904E+20,5.33754E+21,1.15423E+16,4.8163E+16
168732,9.17013E+18,9,1,84,130,2017,1,20,2,3,0,7,1,0,0,0,0,2,2,6.9875E+20,5.3457E+21,1.16766E+16,4.82334E+16
168733,9.17013E+18,9,1,62,0,2017,1,15,2,3,1,7,0,1,0,0,0,0,1,6.98456E+20,5.33481E+21,1.16675E+16,4.81356E+16
168734,9.17013E+18,9,1,62,0,2017,1,7,2,3,6,2,0,0,1,0,1,2,1,6.97964E+20,5.33123E+21,1.16593E+16,4.81035E+16
168735,9.17013E+18,9,1,62,0,2017,1,9,2,3,3,6,1,0,0,0,1,0,2,6.91874E+20,5.33215E+21,1.15779E+16,4.81136E+16
168736,9.17013E+18,9,1,62,0,2017,1,7,2,3,6,6,0,1,1,0,0,0,1,6.86991E+20,5.33137E+21,1.15121E+16,4.81081E+16
168737,9.17013E+18,9,1,62,0,2017,1,21,2,3,3,7,0,1,0,0,0,2,0,6.88921E+20,5.33241E+21,1.15384E+16,4.81169E+16
168738,9.17013E+18,9,7,75,135,2017,1,6,2,3,0,7,1,0,0,0,0,2,1,5.75387E+20,5.36205E+21,1.00187E+16,4.84071E+16
168739,9.17013E+18,9,7,74,155,2017,1,10,2,3,2,1,0,1,0,0,0,0,2,5.91722E+20,5.36697E+21,1.02404E+16,4.84492E+16
168740,9.17013E+18,9,7,63,0,2017,1,19,2,3,0,1,1,0,0,0,0,2,2,5.98807E+20,5.28672E+21,1.03176E+16,4.77263E+16
168741,9.17013E+18,9,7,77,151,2017,1,19,2,3,0,7,1,0,0,0,0,1,2,6.20892E+20,5.29192E+21,1.06135E+16,4.77693E+16
168742,9.17013E+18,9,7,73,125,2017,1,17,2,3,8,1,0,1,0,0,0,1,2,6.06736E+20,5.38324E+21,1.04476E+16,4.85931E+16
168743,9.17013E+18,9,7,72,114,2017,1,14,2,3,8,1,0,1,0,0,0,0,1,6.3107E+20,5.38632E+21,1.07784E+16,4.86162E+16
168744,9.17013E+18,9,7,61,0,2017,1,18,2,2,0,1,1,0,0,0,0,2,2,6.39326E+20,5.35928E+21,1.08813E+16,4.83713E+16
168745,9.17013E+18,9,7,61,0,2017,1,14,2,3,6,4,0,1,1,0,0,0,1,6.40537E+20,5.35928E+21,1.08977E+16,4.8371E+16
168746,9.17013E+18,9,6,79,204,2017,1,8,2,3,1,1,0,1,1,0,0,0,2,5.5812E+20,5.5122E+21,9.80696E+15,4.97594E+16
168747,9.17013E+18,9,6,79,147,2017,1,7,2,3,1,1,0,1,0,0,0,0,2,5.62525E+20,5.51499E+21,9.86856E+15,4.97841E+16
168748,9.17013E+18,9,6,63,0,2017,1,7,2,3,8,7,0,1,0,0,0,0,2,5.68004E+20,5.50922E+21,9.94365E+15,4.97316E+16
168749,9.17013E+18,9,6,61,0,2017,1,7,2,3,0,7,1,0,0,0,0,1,2,5.10797E+20,5.5358E+21,9.15057E+15,4.99745E+16
168750,9.17013E+18,9,6,61,0,2017,1,18,2,3,6,4,0,1,1,0,0,2,1,5.10256E+20,5.53548E+21,9.14302E+15,4.99716E+16
168751,9.17013E+18,9,6,71,111,2017,1,6,2,2,6,7,0,1,1,0,0,2,1,5.02945E+20,5.5442E+21,9.04113E+15,5.00501E+16
168752,9.17013E+18,9,5,74,117,2017,1,18,2,2,8,1,0,1,0,0,0,2,2,6.69522E+20,5.46808E+21,1.13338E+16,4.93418E+16
168753,9.17013E+18,9,5,74,112,2017,1,17,2,2,0,7,1,0,0,0,0,2,2,6.70892E+20,5.47293E+21,1.13547E+16,4.93851E+16
168754,9.17013E+18,9,5,64,0,2017,1,11,2,3,6,2,0,1,1,0,0,0,1,6.51995E+20,5.4806E+21,1.10975E+16,4.9459E+16
168755,9.17013E+18,9,5,64,0,2017,1,17,2,3,2,6,0,1,0,0,0,2,1,6.52456E+20,5.47836E+21,1.1103E+16,4.94387E+16
168756,9.17013E+18,9,5,64,0,2017,1,20,2,3,3,6,0,1,0,1,0,2,1,6.53614E+20,5.47568E+21,1.11179E+16,4.94144E+16
168757,9.17013E+18,9,5,77,173,2017,1,13,2,3,4,1,0,1,0,0,1,0,2,6.38936E+20,5.42214E+21,1.08972E+16,4.89365E+16
168758,9.17013E+18,9,5,71,194,2017,1,7,2,3,7,7,0,0,0,1,0,1,1,6.16919E+20,5.47798E+21,1.06129E+16,4.94432E+16
168759,9.17013E+18,9,3,74,121,2017,1,21,2,3,9,1,0,1,0,0,0,2,2,7.36223E+20,5.51297E+21,1.22776E+16,4.97228E+16
168760,9.17013E+18,9,3,73,147,2017,1,13,2,3,1,7,0,1,0,0,0,0,1,6.77967E+20,5.4617E+21,1.14471E+16,4.92821E+16
168761,9.17013E+18,9,2,63,0,2017,1,5,2,3,0,1,0,0,0,1,0,2,2,7.66019E+20,5.42138E+21,1.26292E+16,4.88882E+16
168762,9.17013E+18,9,2,63,0,2017,1,7,2,3,6,4,0,1,1,0,0,0,0,7.63801E+20,5.42043E+21,1.25984E+16,4.88806E+16
168763,9.17013E+18,9,2,74,113,2017,1,21,2,3,0,1,1,0,0,0,0,2,2,7.29574E+20,5.38318E+21,1.21116E+16,4.85596E+16
168764,9.17013E+18,9,2,79,122,2017,1,12,2,3,6,4,0,1,1,0,0,0,0,7.71838E+20,5.39752E+21,1.26927E+16,4.86715E+16
168765,9.17013E+18,9,1,73,126,2017,1,15,2,3,5,3,0,1,0,0,0,0,1,6.84528E+20,5.30601E+21,1.14681E+16,4.78809E+16
168766,9.17013E+18,9,1,83,148,2017,1,6,2,2,0,7,1,0,0,0,0,2,0,7.53164E+20,5.34457E+21,1.24075E+16,4.82038E+16
168767,9.17013E+18,9,1,72,118,2017,1,10,2,3,5,3,0,1,0,0,0,0,0,7.96368E+20,5.30457E+21,1.296E+16,4.78261E+16
168768,9.17013E+18,9,1,63,0,2017,1,17,2,3,0,1,1,0,0,0,0,2,2,7.33915E+20,5.30307E+21,1.21262E+16,4.78383E+16
168769,9.17013E+18,9,1,86,149,2017,1,8,2,3,5,3,0,1,0,0,0,0,0,6.90193E+20,5.38742E+21,1.15804E+16,4.8611E+16
168770,9.17013E+18,9,1,85,149,2017,1,10,2,3,5,3,0,1,0,0,0,0,0,6.6125E+20,5.39924E+21,1.11926E+16,4.87253E+16
168771,9.17013E+18,9,1,88,120,2017,1,16,2,3,0,7,1,0,0,0,1,0,1,6.75924E+20,5.3269E+21,1.13617E+16,4.80711E+16
168772,9.17013E+18,9,1,74,146,2017,1,22,2,3,4,1,0,1,0,0,0,2,2,6.65958E+20,5.35314E+21,1.12383E+16,4.83097E+16
168773,9.17013E+18,9,1,78,143,2017,1,17,2,3,0,7,1,0,0,0,0,2,2,7.17012E+20,5.37274E+21,1.19361E+16,4.84703E+16
168774,9.17013E+18,9,1,77,117,2017,1,18,2,3,0,1,1,0,0,0,0,1,1,7.154E+20,5.35452E+21,1.1905E+16,4.83071E+16
168775,9.17013E+18,9,1,62,0,2017,1,14,1,2,6,2,0,1,1,0,0,0,0,6.86238E+20,5.33224E+21,1.15023E+16,4.81162E+16
168776,9.17013E+18,9,1,62,0,2017,1,15,1,3,5,3,0,1,0,0,0,0,1,6.90806E+20,5.33625E+21,1.15655E+16,4.81508E+16