OBJECTID,UIDENTSTLA,ULAND,UREGBEZ,UKREIS,UGEMEINDE,UJAHR,UMONAT,USTUNDE,UWOCHENTAG,UKATEGORIE,UART,UTYP1,IstRad,IstPKW,IstFuss,IstKrad,IstSonstig,LICHT,STRZUSTAND,LINREFX,LINREFY,XGCSWGS84,YGCSWGS84
168777,9.17013E+18,9,1,62,0,2017,1,9,1,3,0,7,1,0,0,0,0,0,1,6.8235E+20,5.34201E+21,1.14543E+16,4.82051E+16
168778,9.17013E+18,9,1,62,0,2017,1,0,1,3,2,6,0,1,0,0,0,2,2,6.87363E+20,5.33505E+21,1.15187E+16,4.81411E+16
168779,9.17013E+18,9,7,77,151,2017,1,3,1,3,0,7,0,1,1,0,0,2,2,6.17094E+20,5.29216E+21,1.05629E+16,4.77721E+16
168780,9.17013E+18,9,7,76,116,2017,1,18,1,3,0,1,1,0,0,0,0,2,1,5.51653E+20,5.26621E+21,9.68646E+15,4.75473E+16
168781,9.17013E+18,9,7,77,147,2017,1,15,1,3,2,6,0,1,0,0,0,0,0,6.35442E+20,5.28561E+21,1.08056E+16,4.77097E+16
168782,9.17013E+18,9,7,79,131,2017,1,13,1,3,2,6,0,1,0,0,1,0,0,6.29508E+20,5.3978E+21,1.07608E+16,4.87197E+16
168783,9.17013E+18,9,7,61,0,2017,1,12,1,3,5,2,0,1,0,0,0,0,0,6.40121E+20,5.35256E+21,1.08898E+16,4.83107E+16
168784,9.17013E+18,9,7,61,0,2017,1,15,1,3,5,3,0,1,0,0,0,0,1,6.39449E+20,5.35749E+21,1.08824E+16,4.83551E+16
168785,9.17013E+18,9,6,71,111,2017,1,15,1,3,2,6,0,1,0,0,0,0,0,5.05278E+20,5.5466E+21,9.07376E+15,5.00716E+16
168786,9.17013E+18,9,5,76,143,2017,1,9,1,3,6,7,0,1,1,0,0,0,2,6.59755E+20,5.45537E+21,1.11944E+16,4.92303E+16
168787,9.17013E+18,9,5,63,0,2017,1,15,1,3,5,3,0,1,0,0,0,0,0,6.42468E+20,5.48206E+21,1.09666E+16,4.94744E+16
168788,9.17013E+18,9,5,64,0,2017,1,3,1,3,2,6,0,1,0,0,0,2,1,6.51207E+20,5.47976E+21,1.10863E+16,4.94517E+16
168789,9.17013E+18,9,5,64,0,2017,1,10,1,1,0,7,1,0,0,0,0,0,1,6.54522E+20,5.48218E+21,1.11329E+16,4.94726E+16
168790,9.17013E+18,9,5,75,112,2017,1,12,1,3,2,6,0,1,0,0,0,0,0,6.02847E+20,5.48465E+21,1.04206E+16,4.95057E+16
168791,9.17013E+18,9,3,62,0,2017,1,9,1,3,5,3,0,1,0,0,1,0,0,7.28137E+20,5.43299E+21,1.21198E+16,4.90076E+16
168792,9.17013E+18,9,2,71,119,2017,1,21,1,3,5,3,0,1,0,0,0,2,0,7.90259E+20,5.41672E+21,1.29558E+16,4.88355E+16
168793,9.17013E+18,9,2,74,113,2017,1,15,1,3,2,6,0,1,0,0,0,0,1,7.28428E+20,5.38214E+21,1.20955E+16,4.85507E+16
168794,9.17013E+18,9,2,73,133,2017,1,20,1,3,2,6,1,1,0,0,0,2,0,7.09897E+20,5.42439E+21,1.18662E+16,4.89368E+16
168795,9.17013E+18,9,1,79,123,2017,1,15,1,3,5,3,0,1,0,0,0,0,0,6.75329E+20,5.33334E+21,1.13564E+16,4.81291E+16
168796,9.17013E+18,9,1,74,113,2017,1,16,1,3,5,3,0,1,0,0,0,0,1,6.76016E+20,5.34965E+21,1.13723E+16,4.82756E+16
168797,9.17013E+18,9,1,62,0,2017,1,17,7,3,1,5,1,1,0,0,0,2,0,6.8907E+20,5.3327E+21,1.15406E+16,4.81195E+16
168798,9.17013E+18,9,1,62,0,2017,1,13,7,3,5,7,0,1,0,0,0,0,0,6.94443E+20,5.33303E+21,1.16128E+16,4.81208E+16
168799,9.17013E+18,9,1,62,0,2017,1,16,7,3,5,3,0,1,0,0,0,0,1,6.96309E+20,5.33086E+21,1.16369E+16,4.81008E+16
168800,9.17013E+18,9,1,62,0,2017,1,22,7,3,2,6,0,1,0,0,0,2,0,6.90714E+20,5.33475E+21,1.15635E+16,4.81374E+16
168801,9.17013E+18,9,7,75,135,2017,1,15,7,3,5,3,0,1,0,0,0,0,0,5.76248E+20,5.36218E+21,1.00303E+16,4.84081E+16
168802,9.17013E+18,9,7,72,125,2017,1,9,7,3,6,4,0,1,1,0,0,0,0,6.36575E+20,5.34722E+21,1.08403E+16,4.82635E+16
168803,9.17013E+18,9,6,75,141,2017,1,9,7,2,5,3,1,1,0,0,0,0,0,5.85711E+20,5.50903E+21,1.01893E+16,4.97276E+16
168804,9.17013E+18,9,6,75,149,2017,1,17,7,3,0,3,0,1,0,0,0,1,0,5.81861E+20,5.50539E+21,1.01351E+16,4.96954E+16
168805,9.17013E+18,9,6,77,203,2017,1,14,7,2,5,2,1,1,0,0,0,0,0,5.59014E+20,5.52721E+21,9.82165E+15,4.98944E+16
168806,9.17013E+18,9,5,64,0,2017,1,13,7,3,5,3,0,1,0,0,0,0,0,6.52062E+20,5.47884E+21,1.10977E+16,4.94432E+16
168807,9.17013E+18,9,5,64,0,2017,1,10,7,3,2,6,0,1,0,0,0,0,0,6.52228E+20,5.4788E+21,1.11E+16,4.94428E+16
168808,9.17013E+18,9,5,64,0,2017,1,15,7,3,5,3,0,1,0,0,0,0,0,6.52911E+20,5.47903E+21,1.11095E+16,4.94447E+16
168809,9.17013E+18,9,5,64,0,2017,1,18,7,3,1,5,1,1,0,0,0,2,0,6.49368E+20,5.47943E+21,1.10608E+16,4.94491E+16
168810,9.17013E+18,9,5,64,0,2017,1,15,7,3,5,3,1,1,0,0,0,0,1,6.46252E+20,5.48027E+21,1.10182E+16,4.94575E+16
168811,9.17013E+18,9,4,76,185,2017,1,13,7,3,5,3,0,1,0,0,1,0,1,6.64469E+20,5.56387E+21,1.13048E+16,5.02041E+16
168812,9.17013E+18,9,4,61,0,2017,1,14,7,3,4,2,1,1,0,0,0,0,0,6.36552E+20,5.52879E+21,1.09013E+16,4.98959E+16
168813,9.17013E+18,9,4,61,0,2017,1,23,7,3,5,3,0,1,0,0,0,2,0,6.35589E+20,5.52903E+21,1.0888E+16,4.98983E+16
168814,9.17013E+18,9,3,76,161,2017,1,18,7,3,4,3,0,1,0,0,0,2,1,7.25889E+20,5.46849E+21,1.2109E+16,4.93273E+16
168815,9.17013E+18,9,2,77,116,2017,1,14,7,3,5,3,0,1,0,0,0,0,0,7.78479E+20,5.36789E+21,1.27629E+16,4.84026E+16
168816,9.17013E+18,9,2,61,0,2017,1,14,7,3,0,7,1,1,0,0,0,0,0,7.32555E+20,5.38156E+21,1.2151E+16,4.8544E+16
168817,9.17013E+18,9,1,90,145,2017,1,13,7,3,6,4,0,1,1,0,0,0,2,6.476E+20,5.28864E+21,1.09686E+16,4.77342E+16
168818,9.17013E+18,9,1,73,126,2017,1,18,7,3,1,3,1,1,0,0,0,2,1,6.85687E+20,5.30356E+21,1.14826E+16,4.78586E+16
168819,9.17013E+18,9,1,71,112,2017,1,14,7,3,5,3,0,1,0,0,0,0,0,7.83886E+20,5.34137E+21,1.2818E+16,4.81621E+16
168820,9.17013E+18,9,1,86,147,2017,1,10,7,3,5,3,1,1,0,0,0,0,0,6.82292E+20,5.39195E+21,1.14753E+16,4.8654E+16
168821,9.17013E+18,9,1,79,125,2017,1,17,7,3,0,7,0,1,0,0,1,2,0,6.59837E+20,5.33296E+21,1.11482E+16,4.81298E+16
168822,9.17013E+18,9,1,79,142,2017,1,15,7,3,0,7,1,0,0,0,1,0,0,6.72316E+20,5.3422E+21,1.13195E+16,4.82096E+16
168823,9.17013E+18,9,1,79,134,2017,1,17,7,2,8,1,0,0,0,0,1,1,2,6.66218E+20,5.34419E+21,1.12383E+16,4.82291E+16
168824,9.17013E+18,9,1,79,134,2017,1,20,7,3,8,1,0,1,0,0,0,2,1,6.66939E+20,5.34481E+21,1.12482E+16,4.82345E+16
168825,9.17013E+18,9,1,84,114,2017,1,6,7,3,2,6,0,1,0,0,0,1,2,6.9932E+20,5.32365E+21,1.16739E+16,4.8035E+16
168826,9.17013E+18,9,1,78,124,2017,1,12,7,3,3,2,0,1,0,0,0,0,1,7.03148E+20,5.36479E+21,1.17449E+16,4.84035E+16
168827,9.17013E+18,9,1,77,117,2017,1,12,7,3,5,2,0,1,0,0,0,0,0,7.1368E+20,5.35445E+21,1.18818E+16,4.83071E+16
168828,9.17013E+18,9,1,62,0,2017,1,12,6,3,5,2,0,1,0,0,0,0,0,6.90505E+20,5.33739E+21,1.15619E+16,4.81612E+16
168829,9.17013E+18,9,1,62,0,2017,1,15,6,3,1,7,0,1,0,0,1,0,2,6.92077E+20,5.33228E+21,1.15807E+16,4.81148E+16
168830,9.17013E+18,9,1,62,0,2017,1,17,6,3,4,2,0,1,0,0,1,2,1,6.95897E+20,5.33448E+21,1.1633E+16,4.81334E+16
168831,9.17013E+18,9,1,84,149,2017,1,17,6,3,6,7,0,1,1,0,0,0,0,6.91074E+20,5.35082E+21,1.15756E+16,4.82817E+16
168832,9.17013E+18,9,1,62,0,2017,1,13,6,1,6,4,0,1,1,0,0,0,0,6.91772E+20,5.33227E+21,1.15766E+16,4.81148E+16
168833,9.17013E+18,9,1,62,0,2017,1,5,6,3,5,3,0,1,0,0,1,2,0,6.90196E+20,5.33329E+21,1.15559E+16,4.81244E+16
168834,9.17013E+18,9,7,75,149,2017,1,13,6,3,6,6,0,0,1,0,1,0,0,5.90284E+20,5.34775E+21,1.02168E+16,4.82765E+16
168835,9.17013E+18,9,7,64,0,2017,1,12,6,3,5,3,0,1,0,0,0,0,0,5.88846E+20,5.3159E+21,1.01908E+16,4.79902E+16
168836,9.17013E+18,9,7,63,0,2017,1,14,6,3,5,3,0,1,0,0,0,0,0,5.98675E+20,5.28986E+21,1.03166E+16,4.77546E+16
168837,9.17013E+18,9,7,62,0,2017,1,15,6,3,6,4,0,1,1,0,0,0,0,6.21573E+20,5.30492E+21,1.06262E+16,4.78861E+16
168838,9.17013E+18,9,7,79,131,2017,1,15,6,2,6,7,0,1,1,0,0,0,2,6.32038E+20,5.40081E+21,1.07961E+16,4.87463E+16
168839,9.17013E+18,9,7,61,0,2017,1,11,6,3,5,3,0,1,0,0,0,0,0,6.36963E+20,5.36075E+21,1.08499E+16,4.8385E+16
168840,9.17013E+18,9,7,61,0,2017,1,11,6,3,6,3,0,1,1,0,0,0,1,6.38576E+20,5.35833E+21,1.08709E+16,4.83629E+16
168841,9.17013E+18,9,7,61,0,2017,1,18,6,2,5,2,1,1,0,0,0,2,0,6.39738E+20,5.35709E+21,1.08862E+16,4.83515E+16
168842,9.17013E+18,9,7,61,0,2017,1,7,6,3,2,6,0,1,0,0,0,0,0,6.39731E+20,5.3568E+21,1.0886E+16,4.83489E+16
168843,9.17013E+18,9,7,61,0,2017,1,12,6,3,5,6,0,1,0,0,0,0,2,6.39341E+20,5.35608E+21,1.08805E+16,4.83425E+16
168844,9.17013E+18,9,7,61,0,2017,1,13,6,3,3,2,1,1,0,0,0,0,0,6.41058E+20,5.35921E+21,1.09047E+16,4.83703E+16
168845,9.17013E+18,9,6,63,0,2017,1,9,6,3,5,7,1,1,0,0,0,0,0,5.67481E+20,5.51457E+21,9.93733E+15,4.97798E+16
168846,9.17013E+18,9,5,62,0,2017,1,8,6,3,5,3,1,1,0,0,0,0,0,6.45282E+20,5.49582E+21,1.10105E+16,4.95975E+16
168847,9.17013E+18,9,5,72,154,2017,1,7,6,3,2,6,1,1,0,0,0,0,0,6.48408E+20,5.49732E+21,1.10543E+16,4.96102E+16
168848,9.17013E+18,9,5,74,138,2017,1,12,6,3,2,6,0,1,0,0,0,0,0,6.65303E+20,5.48705E+21,1.12837E+16,4.95135E+16
168849,9.17013E+18,9,5,63,0,2017,1,20,6,3,0,7,0,0,0,0,1,2,0,6.446E+20,5.4811E+21,1.09957E+16,4.94653E+16
168850,9.17013E+18,9,5,64,0,2017,1,14,6,3,2,6,0,1,0,0,0,0,0,6.45711E+20,5.48071E+21,1.10109E+16,4.94615E+16
168851,9.17013E+18,9,5,64,0,2017,1,8,6,2,6,7,0,1,1,0,0,0,0,6.46957E+20,5.47931E+21,1.10275E+16,4.94486E+16
168852,9.17013E+18,9,5,64,0,2017,1,11,6,3,5,3,1,1,0,0,0,0,0,6.50833E+20,5.48135E+21,1.10817E+16,4.94661E+16
168853,9.17021E+18,9,7,74,135,2017,2,15,7,3,5,3,0,1,0,0,0,0,0,5.94649E+20,5.36745E+21,1.02801E+16,4.84531E+16
168854,9.17021E+18,9,7,63,0,2017,2,10,7,3,2,6,0,1,0,0,0,0,0,5.98653E+20,5.2855E+21,1.03153E+16,4.77154E+16
168855,9.17021E+18,9,7,62,0,2017,2,13,7,2,0,1,1,0,0,0,0,0,0,6.21375E+20,5.30463E+21,1.06235E+16,4.78836E+16
168856,9.17021E+18,9,1,62,0,2017,2,9,7,3,4,2,1,1,0,0,0,0,0,6.87766E+20,5.33124E+21,1.15224E+16,4.81067E+16
168857,9.17021E+18,9,1,62,0,2017,2,12,7,3,2,6,0,1,0,0,0,0,0,6.82768E+20,5.3366E+21,1.14576E+16,4.81564E+16
168858,9.17021E+18,9,1,62,0,2017,2,12,7,3,5,3,1,1,0,0,0,0,0,6.86442E+20,5.33947E+21,1.15083E+16,4.8181E+16
168859,9.17021E+18,9,1,84,134,2017,2,8,7,2,6,6,0,1,1,0,0,0,0,6.92417E+20,5.3222E+21,1.15808E+16,4.80241E+16
168860,9.17021E+18,9,1,62,0,2017,2,13,7,2,2,6,0,1,0,1,0,0,0,6.97454E+20,5.33398E+21,1.16537E+16,4.81284E+16
168861,9.17021E+18,9,7,74,135,2017,2,17,7,3,9,1,0,1,0,0,0,0,1,5.94772E+20,5.3667E+21,1.02816E+16,4.84463E+16
168862,9.17021E+18,9,7,72,209,2017,2,8,7,2,0,7,1,0,0,0,0,0,0,6.34754E+20,5.3356E+21,1.08121E+16,4.81594E+16
168863,9.17021E+18,9,7,72,184,2017,2,11,7,3,1,6,0,1,0,0,0,0,0,6.35447E+20,5.36167E+21,1.08298E+16,4.83937E+16
168864,9.17021E+18,9,7,71,145,2017,2,11,7,3,0,1,1,0,0,0,0,0,1,6.47294E+20,5.34533E+21,1.0984E+16,4.82441E+16
168865,9.17021E+18,9,7,61,0,2017,2,11,7,3,5,3,0,1,0,0,0,0,0,6.42237E+20,5.36079E+21,1.09211E+16,4.83843E+16
168866,9.17021E+18,9,7,61,0,2017,2,2,7,3,6,4,0,1,1,0,0,2,0,6.40709E+20,5.35855E+21,1.08998E+16,4.83644E+16
168867,9.17021E+18,9,6,63,0,2017,2,20,7,3,9,7,0,1,0,0,0,2,0,5.67319E+20,5.51514E+21,9.93517E+15,4.9785E+16
168868,9.17021E+18,9,6,62,0,2017,2,14,7,3,5,3,1,1,0,0,0,0,0,5.86878E+20,5.54507E+21,1.02136E+16,5.00515E+16
168869,9.17021E+18,9,5,64,0,2017,2,18,7,3,6,7,0,1,1,0,0,2,0,6.4962E+20,5.48015E+21,1.10646E+16,4.94556E+16
168870,9.17021E+18,9,5,64,0,2017,2,19,7,3,2,6,0,1,0,0,0,2,0,6.50126E+20,5.47922E+21,1.10712E+16,4.94471E+16
168871,9.17021E+18,9,5,73,120,2017,2,3,7,3,1,1,0,1,0,0,1,2,0,6.3072E+20,5.48362E+21,1.08051E+16,4.94911E+16
168872,9.17021E+18,9,5,71,214,2017,2,10,7,3,5,3,1,1,0,0,0,0,0,6.17281E+20,5.43382E+21,1.0605E+16,4.90461E+16
168873,9.17021E+18,9,5,61,0,2017,2,1,7,3,1,5,0,1,0,0,0,2,2,6.16011E+20,5.46236E+21,1.05958E+16,4.9303E+16
168874,9.17021E+18,9,4,75,156,2017,2,9,7,3,0,7,0,0,1,0,1,0,2,6.92154E+20,5.57838E+21,1.16997E+16,5.03261E+16
168875,9.17021E+18,9,4,74,126,2017,2,9,7,3,5,3,0,1,0,0,1,0,0,6.49188E+20,5.51073E+21,1.10702E+16,4.97305E+16
168876,9.17021E+18,9,4,61,0,2017,2,13,7,3,0,1,0,0,0,1,0,0,0,6.35706E+20,5.5263E+21,1.08887E+16,4.98737E+16
168877,9.17021E+18,9,4,61,0,2017,2,12,7,3,5,3,0,1,0,0,0,0,0,6.36933E+20,5.53071E+21,1.09073E+16,4.99131E+16
168878,9.17021E+18,9,3,63,0,2017,2,15,7,3,4,2,0,1,0,0,0,0,0,7.28991E+20,5.5067E+21,1.21737E+16,4.96693E+16
168879,9.17021E+18,9,3,75,190,2017,2,12,7,2,8,1,0,0,0,1,0,0,0,7.2996E+20,5.4511E+21,1.2155E+16,4.91696E+16
168880,9.17021E+18,9,3,76,161,2017,2,23,7,2,5,3,0,1,0,0,0,2,0,7.2885E+20,5.46736E+21,1.2149E+16,4.9316E+16
168881,9.17021E+18,9,2,63,0,2017,2,21,7,3,5,3,0,1,0,0,0,2,0,7.61993E+20,5.42087E+21,1.25741E+16,4.88854E+16
168882,9.17021E+18,9,2,71,119,2017,2,14,7,3,5,3,0,1,0,0,0,0,0,7.89433E+20,5.41666E+21,1.29445E+16,4.88354E+16
168883,9.17021E+18,9,2,77,138,2017,2,15,7,3,4,6,0,1,0,1,0,0,0,7.91712E+20,5.37124E+21,1.29436E+16,4.84267E+16
168884,9.17021E+18,9,2,62,0,2017,2,13,7,3,2,2,0,1,0,0,0,0,0,8.25125E+20,5.38948E+21,1.34081E+16,4.85739E+16
168885,9.17021E+18,9,1,89,154,2017,2,11,7,3,4,2,0,1,0,0,0,0,0,7.6954E+20,5.31824E+21,1.26108E+16,4.79606E+16
168886,9.17021E+18,9,1,79,121,2017,2,17,7,2,0,7,0,1,1,0,1,0,0,6.65422E+20,5.33686E+21,1.12247E+16,4.81634E+16
168887,9.17021E+18,9,1,62,0,2017,2,22,6,2,0,6,0,1,0,0,1,2,0,6.90362E+20,5.33386E+21,1.15584E+16,4.81295E+16
168888,9.17021E+18,9,1,62,0,2017,2,7,6,3,5,3,1,1,0,0,0,0,0,6.95948E+20,5.33857E+21,1.16356E+16,4.81702E+16
168889,9.17021E+18,9,7,75,135,2017,2,15,6,3,5,3,0,1,0,0,0,0,0,5.75685E+20,5.35912E+21,1.00221E+16,4.83807E+16
168890,9.17021E+18,9,6,63,0,2017,2,7,6,3,6,4,0,0,1,0,1,0,0,5.66992E+20,5.51573E+21,9.93073E+15,4.97903E+16
168891,9.17021E+18,9,6,76,121,2017,2,10,6,3,5,3,0,1,0,0,0,0,0,5.11592E+20,5.52166E+21,9.16124E+15,4.98472E+16
168892,9.17021E+18,9,5,62,0,2017,2,13,6,3,2,6,0,1,0,0,0,0,0,6.44387E+20,5.49652E+21,1.09984E+16,4.9604E+16
168893,9.17021E+18,9,5,64,0,2017,2,21,6,3,6,1,0,1,1,0,0,2,0,6.50838E+20,5.47879E+21,1.10808E+16,4.9443E+16
168894,9.17021E+18,9,5,64,0,2017,2,4,6,2,5,2,0,1,0,0,0,2,0,6.50215E+20,5.47489E+21,1.10708E+16,4.94081E+16
168895,9.17021E+18,9,5,64,0,2017,2,22,6,3,2,6,0,1,0,0,0,2,0,6.50189E+20,5.475E+21,1.10705E+16,4.94092E+16
168896,9.17021E+18,9,5,64,0,2017,2,11,6,1,6,4,0,0,1,0,1,0,0,6.51556E+20,5.47829E+21,1.10905E+16,4.94383E+16
168897,9.17021E+18,9,4,74,126,2017,2,9,6,3,5,3,0,1,0,0,0,0,0,6.4882E+20,5.50934E+21,1.10646E+16,4.97182E+16
168898,9.17021E+18,9,4,61,0,2017,2,13,6,3,6,7,0,0,1,0,1,0,0,6.35883E+20,5.52824E+21,1.08918E+16,4.98911E+16
168899,9.17021E+18,9,3,61,0,2017,2,15,6,3,5,3,0,1,0,0,0,0,0,7.07643E+20,5.48136E+21,1.18649E+16,4.94494E+16
168900,9.17021E+18,9,2,63,0,2017,2,18,6,3,2,6,0,1,0,0,0,2,0,7.63297E+20,5.42123E+21,1.25921E+16,4.8888E+16
168901,9.17021E+18,9,2,61,0,2017,2,12,6,3,5,3,1,1,0,0,0,0,0,7.31397E+20,5.38315E+21,1.21362E+16,4.85587E+16
168902,9.17021E+18,9,1,72,114,2017,2,10,6,2,6,4,0,1,1,0,0,0,0,7.91006E+20,5.29356E+21,1.28812E+16,4.77297E+16
168903,9.17021E+18,9,1,63,0,2017,2,16,6,3,3,6,1,0,0,0,1,0,0,7.3372E+20,5.30483E+21,1.21245E+16,4.78542E+16
168904,9.17021E+18,9,1,63,0,2017,2,7,6,3,5,3,1,1,0,0,0,0,0,7.33292E+20,5.30501E+21,1.21189E+16,4.78561E+16
168905,9.17021E+18,9,1,61,0,2017,2,12,6,3,5,3,0,1,0,0,0,0,0,6.79483E+20,5.40297E+21,1.1442E+16,4.87539E+16
168906,9.17021E+18,9,1,79,136,2017,2,0,6,3,8,1,0,1,0,0,0,2,0,6.61032E+20,5.34003E+21,1.11669E+16,4.81931E+16
168907,9.17021E+18,9,1,77,113,2017,2,7,6,3,0,7,1,0,0,0,0,0,0,7.21728E+20,5.35559E+21,1.19908E+16,4.83146E+16
168908,9.17021E+18,9,1,62,0,2017,2,11,5,3,5,6,1,1,0,0,0,0,0,6.93377E+20,5.33611E+21,1.15999E+16,4.81488E+16
168909,9.17021E+18,9,1,62,0,2017,2,18,5,3,5,3,0,1,0,0,0,2,0,6.85994E+20,5.33851E+21,1.15018E+16,4.81726E+16
168910,9.17021E+18,9,1,62,0,2017,2,19,5,3,3,6,0,1,0,0,1,1,0,6.90554E+20,5.34026E+21,1.15639E+16,4.81869E+16
168911,9.17021E+18,9,1,62,0,2017,2,13,5,3,1,6,0,1,0,0,0,0,0,6.89606E+20,5.34234E+21,1.1552E+16,4.82059E+16
168912,9.17021E+18,9,7,75,129,2017,2,7,5,3,5,3,0,1,0,0,0,0,0,5.79985E+20,5.34351E+21,1.00773E+16,4.82397E+16
168913,9.17021E+18,9,7,63,0,2017,2,11,5,3,6,6,0,1,1,0,0,0,0,5.98004E+20,5.28799E+21,1.03072E+16,4.77378E+16
168914,9.17021E+18,9,7,79,194,2017,2,18,5,3,0,7,1,0,0,0,0,1,0,6.10253E+20,5.4131E+21,1.05032E+16,4.88611E+16
168915,9.17021E+18,9,7,61,0,2017,2,10,5,3,4,2,0,1,0,0,0,0,0,6.3907E+20,5.35672E+21,1.0877E+16,4.83484E+16
168916,9.17021E+18,9,7,61,0,2017,2,13,5,3,5,3,1,1,0,0,0,0,0,6.41282E+20,5.35923E+21,1.09077E+16,4.83704E+16
168917,9.17021E+18,9,7,61,0,2017,2,16,5,3,3,2,1,1,0,0,0,0,0,6.40719E+20,5.35925E+21,1.09001E+16,4.83707E+16
168918,9.17021E+18,9,7,61,0,2017,2,17,5,3,2,6,0,1,0,0,0,1,0,6.40281E+20,5.35807E+21,1.08938E+16,4.83602E+16
168919,9.17021E+18,9,7,61,0,2017,2,16,5,3,3,7,0,1,0,0,1,0,0,6.4126E+20,5.35921E+21,1.09074E+16,4.83703E+16
168920,9.17021E+18,9,6,63,0,2017,2,12,5,3,2,6,0,1,0,0,0,0,0,5.63612E+20,5.51759E+21,9.88409E+15,4.98074E+16
168921,9.17021E+18,9,6,72,127,2017,2,18,5,3,9,7,0,1,0,0,0,2,0,5.64559E+20,5.55431E+21,9.9034E+15,5.01375E+16
168922,9.17021E+18,9,6,76,121,2017,2,8,5,3,5,3,0,1,0,0,1,0,0,5.10947E+20,5.5204E+21,9.15223E+15,4.98359E+16
168923,9.17021E+18,9,5,62,0,2017,2,3,5,2,0,7,1,0,0,0,0,2,0,6.44754E+20,5.496E+21,1.10033E+16,4.95992E+16
168924,9.17021E+18,9,5,76,143,2017,2,21,5,3,5,3,1,1,0,0,0,2,0,6.51417E+20,5.45285E+21,1.1079E+16,4.92097E+16
168925,9.17021E+18,9,5,63,0,2017,2,14,5,3,2,6,0,1,0,1,0,0,0,6.4186E+20,5.48138E+21,1.0958E+16,4.94685E+16
168926,9.17021E+18,9,5,64,0,2017,2,12,5,3,5,3,1,1,0,0,0,0,0,6.53064E+20,5.47902E+21,1.11116E+16,4.94446E+16
168927,9.17021E+18,9,5,71,174,2017,2,12,5,2,5,3,0,1,0,0,0,0,0,6.05959E+20,5.46238E+21,1.04576E+16,4.93049E+16
168928,9.17021E+18,9,3,62,0,2017,2,7,5,3,5,2,0,1,0,0,0,0,0,7.27936E+20,5.43538E+21,1.21184E+16,4.90291E+16
168929,9.17021E+18,9,2,74,113,2017,2,19,5,3,5,3,0,1,0,0,0,2,0,7.28808E+20,5.38385E+21,1.21016E+16,4.85659E+16
168930,9.17021E+18,9,1,83,128,2017,2,12,5,3,3,2,1,1,0,0,0,0,0,7.61754E+20,5.34907E+21,1.25257E+16,4.82408E+16
168931,9.17021E+18,9,1,71,113,2017,2,17,5,3,9,3,0,1,0,0,0,1,0,7.77611E+20,5.3383E+21,1.27318E+16,4.81373E+16
168932,9.17021E+18,9,1,63,0,2017,2,8,5,3,5,3,1,1,0,0,0,0,0,7.3351E+20,5.30591E+21,1.21223E+16,4.7864E+16
168933,9.17021E+18,9,1,61,0,2017,2,7,5,3,5,3,0,1,0,0,0,0,0,6.79484E+20,5.40297E+21,1.1442E+16,4.87538E+16
168934,9.17021E+18,9,1,77,134,2017,2,10,5,3,9,1,0,1,0,0,0,0,0,7.15877E+20,5.34481E+21,1.19065E+16,4.82197E+16
168935,9.17021E+18,9,1,62,0,2017,2,21,4,3,5,3,0,1,0,0,0,2,0,6.94217E+20,5.33276E+21,1.16097E+16,4.81185E+16
168936,9.17021E+18,9,1,62,0,2017,2,18,4,3,4,2,0,1,0,0,0,2,0,6.92419E+20,5.33438E+21,1.15863E+16,4.81336E+16
168937,9.17021E+18,9,1,62,0,2017,2,18,4,3,4,7,0,1,0,1,0,2,0,6.90214E+20,5.33695E+21,1.15578E+16,4.81573E+16
168938,9.17021E+18,9,1,62,0,2017,2,18,4,3,6,4,0,0,1,0,1,2,0,6.90366E+20,5.32916E+21,1.15564E+16,4.80873E+16
168939,9.17021E+18,9,1,62,0,2017,2,9,4,3,6,7,0,1,1,0,0,0,0,6.90848E+20,5.33942E+21,1.15674E+16,4.81793E+16
168940,9.17021E+18,9,1,62,0,2017,2,12,4,3,6,7,0,1,1,0,0,0,0,6.96126E+20,5.3328E+21,1.16353E+16,4.81182E+16
168941,9.17021E+18,9,1,62,0,2017,2,19,4,3,0,4,0,1,1,0,0,2,0,6.9344E+20,5.33384E+21,1.15997E+16,4.81284E+16
168942,9.17021E+18,9,7,78,171,2017,2,11,4,3,5,3,0,1,0,0,0,0,0,5.90583E+20,5.31586E+21,1.02141E+16,4.79897E+16
168943,9.17021E+18,9,7,77,129,2017,2,6,4,3,5,3,1,1,0,0,0,0,1,6.27333E+20,5.26968E+21,1.06929E+16,4.7568E+16
168944,9.17021E+18,9,7,79,181,2017,2,6,4,3,8,6,0,1,0,0,0,1,1,6.32796E+20,5.39145E+21,1.08034E+16,4.8662E+16
168945,9.17021E+18,9,7,79,217,2017,2,13,4,2,4,6,0,1,0,0,0,0,0,6.45027E+20,5.4107E+21,1.09762E+16,4.88323E+16
168946,9.17021E+18,9,7,72,163,2017,2,7,4,3,1,1,0,1,0,0,0,0,0,6.40444E+20,5.3493E+21,1.08931E+16,4.82813E+16
168947,9.17021E+18,9,7,61,0,2017,2,15,4,3,6,6,0,1,1,0,0,0,0,6.39486E+20,5.36054E+21,1.08839E+16,4.83826E+16
168948,9.17021E+18,9,6,79,170,2017,2,16,4,3,5,3,0,1,0,0,1,0,0,5.776E+20,5.50158E+21,1.00753E+16,4.96618E+16