OBJECTID,UIDENTSTLA,ULAND,UREGBEZ,UKREIS,UGEMEINDE,UJAHR,UMONAT,USTUNDE,UWOCHENTAG,UKATEGORIE,UART,UTYP1,IstRad,IstPKW,IstFuss,IstKrad,IstSonstig,LICHT,STRZUSTAND,LINREFX,LINREFY,XGCSWGS84,YGCSWGS84
168949,9.17021E+18,9,6,76,122,2017,2,16,4,3,5,3,0,1,0,0,0,0,0,5.11616E+20,5.51651E+21,9.16142E+15,4.98009E+16
168950,9.17021E+18,9,6,61,0,2017,2,15,4,2,5,3,1,1,0,0,0,0,0,5.10778E+20,5.53666E+21,9.15034E+15,4.99821E+16
168951,9.17021E+18,9,5,62,0,2017,2,7,4,3,4,2,1,1,0,0,0,0,0,6.45611E+20,5.49607E+21,1.10152E+16,4.95996E+16
168952,9.17021E+18,9,5,63,0,2017,2,12,4,3,6,4,0,1,1,0,0,0,0,6.44008E+20,5.48176E+21,1.09878E+16,4.94714E+16
168953,9.17021E+18,9,5,64,0,2017,2,17,4,3,5,3,0,1,0,0,0,2,0,6.54336E+20,5.4742E+21,1.11273E+16,4.94009E+16
168954,9.17021E+18,9,5,71,193,2017,2,14,4,3,5,3,1,1,0,0,0,0,0,5.86195E+20,5.46969E+21,1.01874E+16,4.93738E+16
168955,9.17021E+18,9,4,64,0,2017,2,11,4,3,0,1,1,0,0,0,0,0,2,7.07184E+20,5.57685E+21,1.19097E+16,5.03074E+16
168956,9.17021E+18,9,4,78,139,2017,2,17,4,3,1,6,0,1,0,0,0,2,1,6.47612E+20,5.55687E+21,1.1066E+16,5.01456E+16
168957,9.17021E+18,9,4,76,145,2017,2,9,4,3,6,7,0,1,1,0,0,0,0,6.65009E+20,5.56863E+21,1.13144E+16,5.02468E+16
168958,9.17021E+18,9,4,71,145,2017,2,11,4,3,5,3,0,1,0,0,0,0,0,6.43151E+20,5.52149E+21,1.09905E+16,4.98287E+16
168959,9.17021E+18,9,4,61,0,2017,2,16,4,3,5,3,1,1,0,0,0,0,0,6.35062E+20,5.52947E+21,1.08808E+16,4.99024E+16
168960,9.17021E+18,9,1,63,0,2017,2,16,4,3,5,3,1,1,0,0,0,0,0,7.33691E+20,5.30448E+21,1.2124E+16,4.78512E+16
168961,9.17021E+18,9,1,61,0,2017,2,21,4,3,5,3,1,1,0,0,0,2,0,6.78141E+20,5.4057E+21,1.14249E+16,4.87788E+16
168962,9.17021E+18,9,1,61,0,2017,2,15,4,3,6,7,1,0,1,0,0,0,0,6.7824E+20,5.40385E+21,1.14255E+16,4.87621E+16
168963,9.17021E+18,9,1,62,0,2017,2,15,3,3,1,6,1,1,0,0,0,0,0,6.90525E+20,5.33278E+21,1.15601E+16,4.81197E+16
168964,9.17021E+18,9,1,62,0,2017,2,18,3,3,2,6,0,1,0,0,0,2,0,6.925E+20,5.34096E+21,1.15903E+16,4.81927E+16
168965,9.17021E+18,9,1,62,0,2017,2,14,3,3,6,4,0,0,1,0,1,0,0,6.93804E+20,5.33384E+21,1.16046E+16,4.81283E+16
168966,9.17021E+18,9,1,62,0,2017,2,15,3,3,6,4,0,1,1,0,0,0,0,6.92958E+20,5.33937E+21,1.15958E+16,4.81783E+16
168967,9.17021E+18,9,1,62,0,2017,2,7,3,3,8,7,0,1,0,0,0,0,1,6.84615E+20,5.33819E+21,1.14831E+16,4.81701E+16
168968,9.17021E+18,9,1,62,0,2017,2,18,3,3,3,2,1,1,0,0,0,2,0,6.92724E+20,5.33413E+21,1.15903E+16,4.81312E+16
168969,9.17021E+18,9,1,88,127,2017,2,10,3,2,6,7,0,1,1,0,0,0,0,6.79612E+20,5.32996E+21,1.14124E+16,4.80976E+16
168970,9.17021E+18,9,1,62,0,2017,2,7,3,3,6,7,1,0,1,0,0,0,1,6.94563E+20,5.33418E+21,1.1615E+16,4.81311E+16
168971,9.17021E+18,9,1,62,0,2017,2,21,3,3,5,2,0,1,0,0,0,2,0,6.8973E+20,5.33334E+21,1.15497E+16,4.81251E+16
168972,9.17021E+18,9,1,74,126,2017,2,20,3,3,5,2,1,1,0,0,0,2,1,6.82574E+20,5.34313E+21,1.14578E+16,4.82151E+16
168973,9.17021E+18,9,1,62,0,2017,2,18,3,3,3,2,1,1,0,0,0,2,0,6.92017E+20,5.33458E+21,1.1581E+16,4.81355E+16
168974,9.17021E+18,9,7,64,0,2017,2,7,3,3,6,3,0,1,1,0,0,0,0,5.89199E+20,5.31577E+21,1.01955E+16,4.7989E+16
168975,9.17021E+18,9,7,63,0,2017,2,6,3,3,5,3,0,0,0,1,1,2,0,5.97887E+20,5.28618E+21,1.03052E+16,4.77216E+16
168976,9.17021E+18,9,7,80,139,2017,2,12,3,3,5,2,1,1,0,0,0,0,0,5.96418E+20,5.26251E+21,1.02804E+16,4.75088E+16
168977,9.17021E+18,9,7,80,133,2017,2,7,3,3,0,7,0,0,1,0,1,1,1,5.96543E+20,5.25117E+21,1.02796E+16,4.74069E+16
168978,9.17021E+18,9,7,79,194,2017,2,10,3,3,0,7,1,0,0,0,1,0,1,6.08913E+20,5.41228E+21,1.04847E+16,4.88539E+16
168979,9.17021E+18,9,7,73,125,2017,2,13,3,2,5,3,1,0,0,0,1,0,0,6.11687E+20,5.38282E+21,1.05146E+16,4.85885E+16
168980,9.17021E+18,9,7,61,0,2017,2,7,3,3,6,2,0,1,1,0,0,0,0,6.39721E+20,5.35639E+21,1.08857E+16,4.83453E+16
168981,9.17021E+18,9,7,61,0,2017,2,7,3,3,2,6,0,1,0,0,0,0,0,6.39487E+20,5.35828E+21,1.08832E+16,4.83623E+16
168982,9.17021E+18,9,6,62,0,2017,2,15,3,3,1,7,0,1,0,0,1,0,0,5.87673E+20,5.54392E+21,1.02244E+16,5.00411E+16
168983,9.17021E+18,9,5,72,135,2017,2,15,3,3,4,6,0,1,0,0,0,0,0,6.37774E+20,5.51567E+21,1.09137E+16,4.97777E+16
168984,9.17021E+18,9,5,64,0,2017,2,17,3,3,6,7,0,1,1,0,0,1,0,6.49238E+20,5.4807E+21,1.10595E+16,4.94606E+16
168985,9.17021E+18,9,5,64,0,2017,2,17,3,3,2,6,0,1,0,0,0,1,0,6.49613E+20,5.47932E+21,1.10641E+16,4.94481E+16
168986,9.17021E+18,9,5,64,0,2017,2,13,3,2,5,2,1,0,0,0,1,0,0,6.54336E+20,5.47503E+21,1.11276E+16,4.94083E+16
168987,9.17021E+18,9,5,75,153,2017,2,11,3,3,0,7,1,0,0,0,0,0,0,6.16705E+20,5.49355E+21,1.06146E+16,4.95833E+16
168988,9.17021E+18,9,4,61,0,2017,2,14,3,3,4,3,1,1,0,0,0,0,0,6.37379E+20,5.5294E+21,1.0913E+16,4.99012E+16
168989,9.17021E+18,9,3,62,0,2017,2,17,3,2,5,3,1,1,0,0,0,2,0,7.26786E+20,5.43387E+21,1.21018E+16,4.9016E+16
168990,9.17021E+18,9,3,62,0,2017,2,11,3,3,5,3,1,1,0,0,0,0,0,7.27133E+20,5.43294E+21,1.2106E+16,4.90075E+16
168991,9.17021E+18,9,3,73,147,2017,2,12,3,3,1,6,0,1,0,0,0,0,0,6.7908E+20,5.4618E+21,1.14624E+16,4.92827E+16
168992,9.17021E+18,9,3,76,161,2017,2,10,3,2,4,6,0,1,0,0,0,0,1,7.26291E+20,5.46824E+21,1.21144E+16,4.93249E+16
168993,9.17021E+18,9,2,63,0,2017,2,6,3,3,5,3,1,0,0,0,1,1,1,7.65144E+20,5.42173E+21,1.26175E+16,4.88917E+16
168994,9.17021E+18,9,1,80,123,2017,2,16,3,2,5,7,1,1,0,0,0,0,0,6.70935E+20,5.25674E+21,1.12672E+16,4.74416E+16
168995,9.17021E+18,9,1,89,154,2017,2,7,3,2,9,1,0,1,0,0,0,0,1,7.67597E+20,5.31581E+21,1.25834E+16,4.79397E+16
168996,9.17021E+18,9,1,63,0,2017,2,12,3,3,3,6,1,1,0,0,0,0,0,7.33836E+20,5.30624E+21,1.21268E+16,4.78669E+16
168997,9.17021E+18,9,1,87,150,2017,2,4,3,3,0,7,0,1,1,0,0,2,1,7.28804E+20,5.30421E+21,1.20586E+16,4.78505E+16
168998,9.17021E+18,9,1,61,0,2017,2,16,3,2,6,6,0,1,1,0,0,0,0,6.79106E+20,5.40519E+21,1.14378E+16,4.8774E+16
168999,9.17021E+18,9,1,85,149,2017,2,9,3,2,3,6,1,1,0,0,0,0,0,6.60467E+20,5.40012E+21,1.11823E+16,4.87334E+16
169000,9.17021E+18,9,1,79,119,2017,2,7,3,3,6,4,0,1,1,0,0,0,0,6.68646E+20,5.33908E+21,1.12689E+16,4.81826E+16
169001,9.17021E+18,9,1,79,121,2017,2,17,3,2,0,7,0,1,1,0,0,1,0,6.66206E+20,5.33784E+21,1.12356E+16,4.8172E+16
169002,9.17021E+18,9,1,62,0,2017,2,15,2,3,0,6,0,1,0,0,1,0,0,6.90106E+20,5.33493E+21,1.15555E+16,4.81392E+16
169003,9.17021E+18,9,1,62,0,2017,2,18,2,3,4,2,0,1,0,0,0,2,0,6.92824E+20,5.33537E+21,1.15922E+16,4.81423E+16
169004,9.17021E+18,9,1,62,0,2017,2,17,2,3,5,3,1,1,0,0,0,2,0,6.94347E+20,5.33422E+21,1.16121E+16,4.81315E+16
169005,9.17021E+18,9,1,62,0,2017,2,20,2,3,4,7,1,1,0,0,0,2,0,6.86091E+20,5.33647E+21,1.15022E+16,4.81542E+16
169006,9.17021E+18,9,1,84,119,2017,2,12,2,3,5,3,1,0,0,0,1,0,0,6.97147E+20,5.34693E+21,1.16556E+16,4.82449E+16
169007,9.17021E+18,9,1,62,0,2017,2,11,2,3,9,1,0,1,0,0,0,0,0,6.86741E+20,5.3385E+21,1.15118E+16,4.81723E+16
169008,9.17021E+18,9,7,75,135,2017,2,10,2,3,5,3,1,1,0,0,0,0,0,5.74221E+20,5.36015E+21,1.00026E+16,4.83902E+16
169009,9.17021E+18,9,7,61,0,2017,2,23,2,3,0,7,0,0,0,1,0,2,1,6.41457E+20,5.36207E+21,1.0911E+16,4.83959E+16
169010,9.17021E+18,9,6,63,0,2017,2,7,2,3,0,7,0,0,0,0,1,2,0,5.64472E+20,5.51691E+21,9.89593E+15,4.98012E+16
169011,9.17021E+18,9,6,77,148,2017,2,13,2,2,6,4,0,1,1,0,0,0,0,5.55812E+20,5.53485E+21,9.77818E+15,4.99634E+16
169012,9.17021E+18,9,5,62,0,2017,2,18,2,3,5,3,1,1,0,0,0,2,0,6.42144E+20,5.49412E+21,1.09665E+16,4.9583E+16
169013,9.17021E+18,9,5,62,0,2017,2,16,2,3,4,6,1,0,0,0,0,0,0,6.42808E+20,5.49594E+21,1.09763E+16,4.95991E+16
169014,9.17021E+18,9,5,62,0,2017,2,7,2,3,6,4,0,1,1,0,0,2,0,6.39795E+20,5.49614E+21,1.09347E+16,4.96016E+16
169015,9.17021E+18,9,5,76,151,2017,2,15,2,2,5,3,1,1,0,0,0,0,0,6.55841E+20,5.46881E+21,1.11459E+16,4.9352E+16
169016,9.17021E+18,9,5,64,0,2017,2,6,2,3,5,2,1,1,0,0,0,2,0,6.55769E+20,5.4758E+21,1.11476E+16,4.94149E+16
169017,9.17021E+18,9,5,64,0,2017,2,16,2,3,5,3,0,1,0,0,0,0,0,6.50653E+20,5.47866E+21,1.10782E+16,4.94419E+16
169018,9.17021E+18,9,5,64,0,2017,2,12,2,3,6,2,0,0,1,0,1,0,0,6.4967E+20,5.48085E+21,1.10655E+16,4.94618E+16
169019,9.17021E+18,9,5,64,0,2017,2,14,2,3,5,3,0,1,0,0,0,0,0,6.49566E+20,5.47934E+21,1.10635E+16,4.94483E+16
169020,9.17021E+18,9,5,64,0,2017,2,7,2,3,5,3,1,1,0,0,0,1,0,6.5255E+20,5.47568E+21,1.11032E+16,4.94146E+16
169021,9.17021E+18,9,5,75,153,2017,2,8,2,2,0,7,1,0,0,0,0,0,0,6.16759E+20,5.49359E+21,1.06153E+16,4.95836E+16
169022,9.17021E+18,9,4,78,139,2017,2,9,2,2,0,7,0,1,0,0,0,0,0,6.4748E+20,5.55693E+21,1.10642E+16,5.01463E+16
169023,9.17021E+18,9,3,72,125,2017,2,15,2,3,5,3,0,1,0,0,0,0,1,7.54136E+20,5.444E+21,1.24816E+16,4.90963E+16
169024,9.17021E+18,9,3,62,0,2017,2,14,2,3,6,7,0,1,1,0,0,0,0,7.25898E+20,5.43412E+21,1.20898E+16,4.90186E+16
169025,9.17021E+18,9,2,77,145,2017,2,10,2,3,6,7,0,1,1,0,0,0,1,7.98606E+20,5.35352E+21,1.3024E+16,4.82644E+16
169026,9.17021E+18,9,2,75,146,2017,2,16,2,3,2,6,0,1,0,0,0,0,1,8.32304E+20,5.39511E+21,1.35097E+16,4.86206E+16
169027,9.17021E+18,9,2,75,134,2017,2,6,2,3,4,6,0,1,0,0,0,1,2,8.26539E+20,5.377E+21,1.34175E+16,4.84612E+16
169028,9.17021E+18,9,1,87,162,2017,2,18,2,3,5,3,0,1,0,0,0,2,1,7.50491E+20,5.30505E+21,1.23485E+16,4.78499E+16
169029,9.17021E+18,9,1,85,149,2017,2,8,2,3,0,7,1,0,0,0,0,0,1,6.60432E+20,5.40055E+21,1.1182E+16,4.87373E+16
169030,9.17021E+18,9,1,74,115,2017,2,13,2,3,5,6,1,1,0,0,0,0,0,6.83119E+20,5.34843E+21,1.14675E+16,4.82626E+16
169031,9.17021E+18,9,1,62,0,2017,2,17,1,3,5,3,0,1,0,0,0,2,0,6.83374E+20,5.33548E+21,1.14653E+16,4.81461E+16
169032,9.17021E+18,9,1,62,0,2017,2,19,1,3,0,7,0,1,0,0,1,2,0,6.89819E+20,5.33671E+21,1.15524E+16,4.81553E+16
169033,9.17021E+18,9,1,62,0,2017,2,15,1,3,5,3,1,1,0,0,0,0,0,6.94347E+20,5.33422E+21,1.16121E+16,4.81315E+16
169034,9.17021E+18,9,7,80,124,2017,2,10,1,3,0,1,1,0,0,0,0,0,0,5.88267E+20,5.27004E+21,1.01737E+16,4.75778E+16
169035,9.17021E+18,9,6,63,0,2017,2,9,1,2,0,7,1,0,0,0,0,0,2,5.67082E+20,5.51444E+21,9.93176E+15,4.97787E+16
169036,9.17021E+18,9,6,77,131,2017,2,15,1,2,6,7,1,0,1,0,0,0,0,5.48568E+20,5.54543E+21,9.67853E+15,5.00591E+16
169037,9.17021E+18,9,6,62,0,2017,2,9,1,2,0,1,1,0,0,0,0,0,2,5.87584E+20,5.54507E+21,1.02234E+16,5.00515E+16
169038,9.17021E+18,9,5,76,137,2017,2,10,1,2,0,7,1,0,0,0,0,0,1,6.49798E+20,5.46303E+21,1.10606E+16,4.93016E+16
169039,9.17021E+18,9,4,79,152,2017,2,23,1,2,0,7,0,1,0,0,0,2,1,7.23781E+20,5.56245E+21,1.2134E+16,5.0172E+16
169040,9.17021E+18,9,4,61,0,2017,2,11,1,3,0,7,1,0,0,0,0,0,2,6.36564E+20,5.52588E+21,1.09005E+16,4.98697E+16
169041,9.17021E+18,9,3,62,0,2017,2,10,1,3,0,1,1,0,0,0,0,0,2,7.23857E+20,5.43231E+21,1.2061E+16,4.90031E+16
169042,9.17021E+18,9,3,75,204,2017,2,11,1,3,0,1,1,0,0,0,0,0,2,7.32343E+20,5.43527E+21,1.21785E+16,4.90265E+16
169043,9.17021E+18,9,3,62,0,2017,2,3,1,3,6,7,0,1,1,0,0,2,1,7.26394E+20,5.43408E+21,1.20966E+16,4.9018E+16
169044,9.17021E+18,9,3,62,0,2017,2,12,1,3,2,6,0,1,0,0,0,0,2,7.22507E+20,5.43311E+21,1.2043E+16,4.90107E+16
169045,9.17021E+18,9,3,62,0,2017,2,10,1,3,0,1,1,0,0,0,0,0,2,7.24321E+20,5.4318E+21,1.2067E+16,4.89983E+16
169046,9.17021E+18,9,3,62,0,2017,2,10,1,3,9,1,0,0,0,1,0,0,2,7.25561E+20,5.43413E+21,1.20852E+16,4.90188E+16
169047,9.17021E+18,9,3,62,0,2017,2,11,1,3,0,7,1,0,0,0,0,0,2,7.25512E+20,5.43149E+21,1.20831E+16,4.89951E+16
169048,9.17021E+18,9,3,73,147,2017,2,17,1,2,5,3,0,1,0,1,0,0,0,6.78955E+20,5.4624E+21,1.1461E+16,4.92881E+16
169049,9.17021E+18,9,3,73,147,2017,2,14,1,3,2,6,0,1,0,0,0,0,0,6.78714E+20,5.46172E+21,1.14574E+16,4.92821E+16
169050,9.17021E+18,9,3,71,116,2017,2,13,1,2,0,1,1,0,0,0,0,0,2,6.87587E+20,5.48399E+21,1.15898E+16,4.94795E+16
169051,9.17021E+18,9,3,71,136,2017,2,11,1,3,0,1,1,1,1,0,0,0,2,7.09197E+20,5.47841E+21,1.18848E+16,4.94223E+16
169052,9.17021E+18,9,3,71,136,2017,2,11,1,3,0,1,1,0,0,0,0,0,2,7.09197E+20,5.47841E+21,1.18848E+16,4.94223E+16
169053,9.17021E+18,9,3,61,0,2017,2,14,1,2,9,1,0,1,0,0,0,0,2,7.08942E+20,5.48348E+21,1.1884E+16,4.9468E+16
169054,9.17021E+18,9,2,75,116,2017,2,15,1,3,2,6,0,1,0,0,0,0,0,8.1915E+20,5.36413E+21,1.33081E+16,4.83496E+16
169055,9.17021E+18,9,2,72,151,2017,2,12,1,3,0,1,0,0,0,1,0,0,2,8.38809E+20,5.40752E+21,1.36078E+16,4.87285E+16
169056,9.1702E+18,9,1,62,0,2017,2,14,7,2,4,2,0,1,0,0,0,0,0,6.90335E+20,5.33587E+21,1.1559E+16,4.81475E+16
169057,9.1702E+18,9,1,62,0,2017,2,13,7,3,0,7,1,0,0,0,0,0,0,6.92632E+20,5.33813E+21,1.15908E+16,4.81672E+16
169058,9.1702E+18,9,1,62,0,2017,2,0,7,3,5,3,0,1,0,0,0,2,0,6.8967E+20,5.33603E+21,1.15501E+16,4.81492E+16
169059,9.1702E+18,9,1,62,0,2017,2,18,7,3,5,2,0,1,0,0,0,2,1,6.85454E+20,5.3391E+21,1.14948E+16,4.81781E+16
169060,9.1702E+18,9,1,62,0,2017,2,0,7,3,7,7,0,1,1,0,0,2,0,6.90544E+20,5.33634E+21,1.1562E+16,4.81518E+16
169061,9.1702E+18,9,1,62,0,2017,2,0,7,3,2,7,0,1,0,0,0,2,1,6.91769E+20,5.33445E+21,1.15776E+16,4.81344E+16
169062,9.1702E+18,9,1,62,0,2017,2,20,7,3,5,3,0,1,0,0,0,2,1,6.85066E+20,5.33925E+21,1.14897E+16,4.81795E+16
169063,9.1702E+18,9,7,75,135,2017,2,15,7,3,5,3,0,1,0,0,0,0,1,5.76769E+20,5.3554E+21,1.00361E+16,4.83471E+16
169064,9.1702E+18,9,7,74,150,2017,2,9,7,2,0,7,1,0,0,0,0,0,1,6.02137E+20,5.34401E+21,1.03757E+16,4.82411E+16
169065,9.1702E+18,9,7,80,115,2017,2,21,7,3,5,2,1,1,0,0,0,2,0,5.94921E+20,5.26581E+21,1.02613E+16,4.75387E+16
169066,9.1702E+18,9,7,77,169,2017,2,16,7,3,6,6,0,1,1,0,0,0,0,6.3151E+20,5.26863E+21,1.07481E+16,4.75578E+16
169067,9.1702E+18,9,7,79,194,2017,2,23,7,3,5,3,0,1,0,0,0,2,0,6.10595E+20,5.41256E+21,1.05077E+16,4.88561E+16
169068,9.1702E+18,9,7,73,182,2017,2,10,7,2,0,1,1,0,0,0,0,0,2,6.25181E+20,5.37978E+21,1.06966E+16,4.85586E+16
169069,9.1702E+18,9,7,73,139,2017,2,8,7,2,0,1,1,0,0,0,0,0,1,6.15703E+20,5.38555E+21,1.05698E+16,4.86124E+16
169070,9.1702E+18,9,7,61,0,2017,2,22,7,3,5,2,0,1,0,0,0,2,0,6.40552E+20,5.35923E+21,1.08979E+16,4.83705E+16
169071,9.1702E+18,9,7,72,200,2017,2,9,7,3,0,1,1,0,0,0,0,0,2,6.30078E+20,5.33697E+21,1.07497E+16,4.81727E+16
169072,9.1702E+18,9,7,61,0,2017,2,7,7,3,0,1,1,0,0,0,0,0,2,6.38916E+20,5.35812E+21,1.08754E+16,4.8361E+16
169073,9.1702E+18,9,7,61,0,2017,2,8,7,2,0,3,1,1,0,0,0,0,2,6.38494E+20,5.35784E+21,1.08696E+16,4.83585E+16
169074,9.1702E+18,9,7,61,0,2017,2,15,7,3,0,1,1,0,0,0,0,0,0,6.37375E+20,5.36148E+21,1.08557E+16,4.83915E+16
169075,9.1702E+18,9,7,61,0,2017,2,6,7,3,8,1,0,1,0,0,0,2,2,6.42526E+20,5.36403E+21,1.09261E+16,4.84133E+16
169076,9.1702E+18,9,7,61,0,2017,2,13,7,3,0,7,0,0,0,0,1,0,0,6.40417E+20,5.35241E+21,1.08938E+16,4.83093E+16
169077,9.1702E+18,9,7,61,0,2017,2,9,7,3,0,7,1,0,0,0,0,0,1,6.4292E+20,5.35745E+21,1.09292E+16,4.8354E+16
169078,9.1702E+18,9,7,61,0,2017,2,18,7,3,4,2,0,1,0,0,0,2,0,6.40753E+20,5.35998E+21,1.09008E+16,4.83773E+16
169079,9.1702E+18,9,6,78,135,2017,2,17,7,2,8,7,1,0,0,0,0,2,0,5.92112E+20,5.54185E+21,1.02859E+16,5.00218E+16
169080,9.1702E+18,9,6,62,0,2017,2,15,7,2,6,4,0,1,1,0,0,0,0,5.88272E+20,5.54503E+21,1.0233E+16,5.0051E+16
169081,9.1702E+18,9,6,71,136,2017,2,17,7,3,5,2,0,1,0,0,0,2,1,5.04987E+20,5.53803E+21,9.06958E+15,4.99946E+16
169082,9.1702E+18,9,5,72,135,2017,2,9,7,3,0,1,1,0,0,0,0,0,2,6.30663E+20,5.50776E+21,1.08123E+16,4.97081E+16
169083,9.1702E+18,9,5,76,127,2017,2,8,7,3,6,7,0,1,1,0,0,0,1,6.59603E+20,5.45073E+21,1.11904E+16,4.91886E+16
169084,9.1702E+18,9,5,64,0,2017,2,7,7,3,8,1,0,1,0,0,0,0,2,6.45978E+20,5.47207E+21,1.10114E+16,4.93839E+16
169085,9.1702E+18,9,5,61,0,2017,2,17,7,3,5,3,0,1,0,0,0,1,1,6.1437E+20,5.46151E+21,1.0573E+16,4.92956E+16
169086,9.1702E+18,9,5,61,0,2017,2,16,7,3,5,3,0,1,0,0,0,0,0,6.15082E+20,5.46244E+21,1.05831E+16,4.93039E+16
169087,9.1702E+18,9,4,62,0,2017,2,0,7,3,9,1,0,1,0,0,0,2,1,6.86335E+20,5.53514E+21,1.15969E+16,4.99395E+16
169088,9.1702E+18,9,4,61,0,2017,2,8,7,3,0,7,1,0,0,0,0,0,0,6.3695E+20,5.52978E+21,1.09072E+16,4.99047E+16
169089,9.1702E+18,9,3,73,147,2017,2,19,7,3,5,6,0,1,0,0,0,2,1,6.80869E+20,5.46176E+21,1.1487E+16,4.92818E+16
169090,9.1702E+18,9,3,76,161,2017,2,11,7,3,2,6,0,1,0,0,1,0,0,7.2624E+20,5.46827E+21,1.21137E+16,4.93252E+16
169091,9.1702E+18,9,3,71,113,2017,2,20,7,3,5,3,0,1,0,0,0,2,1,6.90111E+20,5.50738E+21,1.16359E+16,4.96889E+16
169092,9.1702E+18,9,1,90,157,2017,2,22,7,3,0,1,1,0,0,0,0,2,1,6.60707E+20,5.30173E+21,1.11482E+16,4.78488E+16
169093,9.1702E+18,9,1,80,124,2017,2,9,7,3,0,1,1,0,0,0,0,0,2,6.6529E+20,5.28284E+21,1.12022E+16,4.76778E+16
169094,9.1702E+18,9,1,73,112,2017,2,9,7,3,0,7,1,0,0,0,0,0,2,6.93673E+20,5.2926E+21,1.15843E+16,4.77577E+16
169095,9.1702E+18,9,1,88,144,2017,2,9,7,3,4,1,0,1,0,0,0,0,2,6.68854E+20,5.32899E+21,1.12677E+16,4.80918E+16
169096,9.1702E+18,9,1,81,114,2017,2,17,7,3,5,3,0,1,0,1,0,2,1,6.56777E+20,5.31292E+21,1.10997E+16,4.79504E+16
169097,9.1702E+18,9,1,62,0,2017,2,3,6,3,1,7,0,1,0,0,0,2,0,6.79445E+20,5.33539E+21,1.14125E+16,4.81464E+16
169098,9.1702E+18,9,1,84,135,2017,2,7,6,3,0,6,1,0,0,0,0,0,1,6.8984E+20,5.34736E+21,1.15574E+16,4.8251E+16
169099,9.1702E+18,9,1,62,0,2017,2,23,6,3,3,7,1,1,0,0,0,2,1,6.92348E+20,5.33751E+21,1.15867E+16,4.81617E+16
169100,9.1702E+18,9,1,62,0,2017,2,19,6,2,0,7,1,0,0,0,0,2,0,6.91304E+20,5.3345E+21,1.15714E+16,4.8135E+16
169101,9.1702E+18,9,1,62,0,2017,2,17,6,3,5,2,0,1,0,0,0,2,1,6.8621E+20,5.33438E+21,1.15029E+16,4.81354E+16
169102,9.1702E+18,9,1,62,0,2017,2,11,6,3,5,3,0,1,0,0,0,0,1,6.89114E+20,5.33336E+21,1.15414E+16,4.81254E+16
169103,9.1702E+18,9,1,62,0,2017,2,7,6,3,0,7,0,1,0,1,0,0,1,6.89288E+20,5.3344E+21,1.15442E+16,4.81347E+16
169104,9.1702E+18,9,1,62,0,2017,2,16,6,3,2,6,0,1,0,0,0,0,0,6.88043E+20,5.33901E+21,1.15296E+16,4.81765E+16
169105,9.1702E+18,9,1,62,0,2017,2,16,6,3,5,3,1,1,0,0,0,0,0,6.90222E+20,5.34265E+21,1.15605E+16,4.82086E+16
169106,9.1702E+18,9,1,84,123,2017,2,8,6,2,5,3,1,1,0,0,0,0,0,7.03384E+20,5.33207E+21,1.17324E+16,4.81094E+16
169107,9.1702E+18,9,1,62,0,2017,2,15,6,3,6,4,0,0,1,0,1,0,0,6.89877E+20,5.33273E+21,1.15514E+16,4.81195E+16
169108,9.1702E+18,9,1,62,0,2017,2,6,6,3,6,2,0,1,1,0,0,1,0,6.96887E+20,5.33046E+21,1.16445E+16,4.8097E+16
169109,9.1702E+18,9,1,62,0,2017,2,8,6,3,2,6,0,1,0,0,0,0,1,6.92412E+20,5.33418E+21,1.15861E+16,4.81318E+16
169110,9.1702E+18,9,1,62,0,2017,2,10,6,2,4,2,0,1,0,0,0,0,1,6.90362E+20,5.33385E+21,1.15584E+16,4.81294E+16
169111,9.1702E+18,9,1,62,0,2017,2,9,6,2,5,3,0,1,0,0,0,0,1,6.90821E+20,5.33775E+21,1.15663E+16,4.81643E+16
169112,9.1702E+18,9,1,62,0,2017,2,12,6,3,1,5,1,1,0,0,0,0,1,6.90354E+20,5.33423E+21,1.15585E+16,4.81328E+16
169113,9.1702E+18,9,7,75,135,2017,2,12,6,2,5,3,0,1,0,0,1,0,1,5.75747E+20,5.36089E+21,1.00233E+16,4.83967E+16
169114,9.1702E+18,9,7,71,146,2017,2,8,6,3,5,3,0,1,0,0,0,0,1,6.47514E+20,5.34692E+21,1.09875E+16,4.82583E+16
169115,9.1702E+18,9,7,72,163,2017,2,16,6,3,5,3,0,1,0,0,0,0,0,6.39041E+20,5.34642E+21,1.08732E+16,4.82557E+16
169116,9.1702E+18,9,7,61,0,2017,2,17,6,3,6,2,0,1,1,0,0,2,1,6.39076E+20,5.35672E+21,1.08771E+16,4.83483E+16
169117,9.1702E+18,9,6,62,0,2017,2,8,6,3,2,2,0,1,0,0,0,0,0,5.88263E+20,5.54599E+21,1.02331E+16,5.00597E+16
169118,9.1702E+18,9,5,65,0,2017,2,19,6,3,6,3,0,1,1,0,0,2,0,6.47195E+20,5.46587E+21,1.10258E+16,4.93278E+16
169119,9.1702E+18,9,5,63,0,2017,2,7,6,3,0,7,1,0,0,0,0,0,0,6.42928E+20,5.48338E+21,1.09734E+16,4.94863E+16
169120,9.1702E+18,9,5,64,0,2017,2,7,6,3,5,3,0,1,0,0,0,0,0,6.53946E+20,5.48204E+21,1.11249E+16,4.94714E+16
169121,9.1702E+18,9,5,71,214,2017,2,12,6,3,5,3,0,1,0,0,0,0,1,6.16127E+20,5.43356E+21,1.05891E+16,4.9044E+16