OBJECTID,UIDENTSTLA,ULAND,UREGBEZ,UKREIS,UGEMEINDE,UJAHR,UMONAT,USTUNDE,UWOCHENTAG,UKATEGORIE,UART,UTYP1,IstRad,IstPKW,IstFuss,IstKrad,IstSonstig,LICHT,STRZUSTAND,LINREFX,LINREFY,XGCSWGS84,YGCSWGS84
169122,9.17022E+18,9,1,62,0,2017,2,20,6,3,2,6,0,1,0,0,0,2,1,6.9017E+20,5.33216E+21,1.15551E+16,4.81143E+16
169123,9.17022E+18,9,1,62,0,2017,2,10,6,3,4,3,1,1,0,0,0,0,1,6.91167E+20,5.34081E+21,1.15724E+16,4.81917E+16
169124,9.17022E+18,9,1,62,0,2017,2,1,6,1,8,1,0,1,0,0,0,2,1,6.86668E+20,5.33321E+21,1.15085E+16,4.81248E+16
169125,9.17022E+18,9,1,62,0,2017,2,19,6,2,5,3,1,1,0,0,0,2,1,6.88011E+20,5.33899E+21,1.15291E+16,4.81763E+16
169126,9.17022E+18,9,1,62,0,2017,2,7,6,1,6,4,0,1,1,0,0,2,1,6.90564E+20,5.34152E+21,1.15646E+16,4.81983E+16
169127,9.17022E+18,9,1,62,0,2017,2,8,6,3,1,7,1,1,0,0,0,0,1,6.90427E+20,5.33424E+21,1.15595E+16,4.81329E+16
169128,9.17022E+18,9,1,84,119,2017,2,16,6,3,4,2,0,1,0,0,0,0,0,6.96256E+20,5.34904E+21,1.16446E+16,4.82641E+16
169129,9.17022E+18,9,1,62,0,2017,2,17,6,3,2,6,0,1,0,0,0,0,0,6.8658E+20,5.33744E+21,1.15092E+16,4.81628E+16
169130,9.17022E+18,9,1,62,0,2017,2,9,6,3,6,7,0,1,1,0,0,0,0,6.9113E+20,5.33481E+21,1.15692E+16,4.81378E+16
169131,9.17022E+18,9,1,62,0,2017,2,12,6,3,5,3,0,1,0,0,0,0,1,6.90617E+20,5.33011E+21,1.15602E+16,4.80957E+16
169132,9.17022E+18,9,1,62,0,2017,2,13,6,3,0,7,0,0,0,0,1,0,1,6.93394E+20,5.32969E+21,1.15972E+16,4.80911E+16
169133,9.17022E+18,9,1,62,0,2017,2,20,6,3,2,6,0,1,0,0,0,2,1,6.92728E+20,5.33332E+21,1.159E+16,4.8124E+16
169134,9.17022E+18,9,1,62,0,2017,2,15,6,3,2,6,0,1,0,0,0,0,1,6.88021E+20,5.33233E+21,1.15263E+16,4.81165E+16
169135,9.17022E+18,9,1,62,0,2017,2,7,6,3,5,6,0,1,0,0,0,0,1,6.91171E+20,5.3381E+21,1.15712E+16,4.81674E+16
169136,9.17022E+18,9,7,75,134,2017,2,8,6,2,5,2,1,1,0,0,0,0,1,5.82472E+20,5.36422E+21,1.01148E+16,4.84257E+16
169137,9.17022E+18,9,7,64,0,2017,2,14,6,3,5,2,1,1,0,0,0,0,0,5.8663E+20,5.31603E+21,1.01612E+16,4.79917E+16
169138,9.17022E+18,9,7,64,0,2017,2,12,6,3,4,2,1,1,0,0,0,0,1,5.88501E+20,5.31504E+21,1.0186E+16,4.79826E+16
169139,9.17022E+18,9,7,80,133,2017,2,21,6,3,8,1,0,1,0,0,0,2,2,5.95389E+20,5.2504E+21,1.02642E+16,4.74001E+16
169140,9.17022E+18,9,7,80,133,2017,2,14,6,3,5,3,0,1,0,0,0,0,1,5.95674E+20,5.25144E+21,1.02682E+16,4.74094E+16
169141,9.17022E+18,9,7,77,151,2017,2,10,6,3,5,3,1,1,0,0,0,0,1,6.20742E+20,5.29277E+21,1.06117E+16,4.7777E+16
169142,9.17022E+18,9,7,61,0,2017,2,19,6,2,6,4,0,1,1,0,0,2,1,6.41429E+20,5.35929E+21,1.09097E+16,4.83709E+16
169143,9.17022E+18,9,7,71,130,2017,2,9,6,3,0,1,0,1,0,0,1,0,0,6.47484E+20,5.35835E+21,1.09911E+16,4.83611E+16
169144,9.17022E+18,9,7,61,0,2017,2,14,6,2,6,4,0,1,1,0,0,0,1,6.40377E+20,5.35652E+21,1.08946E+16,4.83463E+16
169145,9.17022E+18,9,7,61,0,2017,2,13,6,3,5,3,0,1,0,0,1,0,0,6.40882E+20,5.35802E+21,1.09019E+16,4.83596E+16
169146,9.17022E+18,9,7,61,0,2017,2,17,6,3,0,7,1,0,0,0,0,1,0,6.4043E+20,5.35879E+21,1.08961E+16,4.83666E+16
169147,9.17022E+18,9,6,79,161,2017,2,14,6,3,0,7,0,0,0,0,1,0,0,5.62104E+20,5.52079E+21,9.86364E+15,4.98363E+16
169148,9.17022E+18,9,6,74,221,2017,2,20,6,3,8,1,0,1,0,0,0,2,1,6.13059E+20,5.54042E+21,1.05778E+16,5.00054E+16
169149,9.17022E+18,9,6,72,122,2017,2,6,6,3,9,1,0,1,0,0,0,1,2,5.77519E+20,5.55579E+21,1.0085E+16,5.01493E+16
169150,9.17022E+18,9,6,72,136,2017,2,7,6,2,4,1,0,1,0,0,1,1,1,5.78567E+20,5.56394E+21,1.01014E+16,5.02224E+16
169151,9.17022E+18,9,6,78,123,2017,2,7,6,3,9,1,0,1,0,0,0,0,1,5.84562E+20,5.55131E+21,1.01826E+16,5.0108E+16
169152,9.17022E+18,9,6,61,0,2017,2,10,6,3,1,7,0,0,0,0,1,0,0,5.11687E+20,5.53742E+21,9.16304E+15,4.9989E+16
169153,9.17022E+18,9,5,63,0,2017,2,16,6,2,5,3,1,1,0,0,0,0,1,6.45177E+20,5.48041E+21,1.10034E+16,4.9459E+16
169154,9.17022E+18,9,5,64,0,2017,2,9,6,3,2,6,0,1,0,0,0,0,1,6.49716E+20,5.47954E+21,1.10657E+16,4.94501E+16
169155,9.17022E+18,9,5,64,0,2017,2,8,6,3,5,3,0,1,0,0,0,0,0,6.52399E+20,5.48097E+21,1.11032E+16,4.94622E+16
169156,9.17022E+18,9,5,64,0,2017,2,13,6,2,6,1,1,0,1,0,0,2,0,6.50814E+20,5.47912E+21,1.10806E+16,4.9446E+16
169157,9.17022E+18,9,4,79,136,2017,2,16,6,3,6,4,0,1,1,0,0,0,0,7.21018E+20,5.54355E+21,1.20844E+16,5.00032E+16
169158,9.17022E+18,9,4,63,0,2017,2,12,6,3,4,2,1,1,0,0,0,0,0,6.4012E+20,5.56909E+21,1.09657E+16,5.02573E+16
169159,9.17022E+18,9,4,77,128,2017,2,20,6,3,5,3,1,1,0,0,0,2,0,6.74505E+20,5.55286E+21,1.14403E+16,5.01023E+16
169160,9.17022E+18,9,4,61,0,2017,2,6,6,3,3,6,1,1,0,0,0,1,1,6.35451E+20,5.52851E+21,1.08859E+16,4.98937E+16
169161,9.17022E+18,9,3,62,0,2017,2,16,6,3,2,7,0,1,0,0,0,1,0,7.24055E+20,5.4337E+21,1.20644E+16,4.90155E+16
169162,9.17022E+18,9,3,73,147,2017,2,13,6,3,6,4,0,1,1,0,0,0,1,6.79595E+20,5.45958E+21,1.14685E+16,4.92626E+16
169163,9.17022E+18,9,3,73,147,2017,2,16,6,3,1,3,0,1,0,0,0,0,1,6.78627E+20,5.46333E+21,1.14569E+16,4.92966E+16
169164,9.17022E+18,9,3,72,116,2017,2,15,6,2,4,2,1,1,0,0,0,0,0,7.67264E+20,5.45688E+21,1.26696E+16,4.92064E+16
169165,9.17022E+18,9,3,71,151,2017,2,11,6,3,5,3,0,1,0,1,0,0,1,6.98093E+20,5.48623E+21,1.17358E+16,4.94963E+16
169166,9.17022E+18,9,2,71,146,2017,2,6,6,3,5,3,0,1,0,0,0,2,1,7.83555E+20,5.41178E+21,1.28613E+16,4.87943E+16
169167,9.17022E+18,9,2,74,184,2017,2,18,6,3,4,2,0,1,0,0,0,2,0,7.47137E+20,5.37191E+21,1.23425E+16,4.84517E+16
169168,9.17022E+18,9,2,73,137,2017,2,15,6,3,9,6,0,1,0,0,0,0,1,7.13249E+20,5.42103E+21,1.19102E+16,4.89055E+16
169169,9.17022E+18,9,1,80,127,2017,2,6,6,3,6,4,0,1,1,0,0,2,1,6.6761E+20,5.27798E+21,1.12312E+16,4.76335E+16
169170,9.17022E+18,9,1,73,134,2017,2,20,6,2,8,1,0,1,0,0,0,2,2,6.86144E+20,5.30129E+21,1.14877E+16,4.7838E+16
169171,9.17022E+18,9,1,73,112,2017,2,7,6,3,2,6,0,1,0,0,0,1,1,6.92062E+20,5.29215E+21,1.15626E+16,4.77541E+16
169172,9.17022E+18,9,1,71,132,2017,2,12,6,2,5,3,0,1,0,0,0,0,1,7.66366E+20,5.3507E+21,1.25887E+16,4.82535E+16
169173,9.17022E+18,9,1,87,163,2017,2,21,6,3,4,1,0,1,0,0,0,2,2,7.38792E+20,5.31025E+21,1.21952E+16,4.79011E+16
169174,9.17022E+18,9,1,63,0,2017,2,17,6,3,5,3,1,1,0,0,0,1,1,7.337E+20,5.30335E+21,1.21235E+16,4.7841E+16
169175,9.17022E+18,9,1,87,150,2017,2,19,6,3,0,1,1,0,0,0,0,2,2,7.30237E+20,5.30442E+21,1.20778E+16,4.78518E+16
169176,9.17022E+18,9,1,61,0,2017,2,18,6,3,4,2,0,1,0,0,1,2,1,6.77917E+20,5.40282E+21,1.14206E+16,4.87529E+16
169177,9.17022E+18,9,1,61,0,2017,2,12,6,3,0,1,1,0,0,0,0,0,0,6.77377E+20,5.40477E+21,1.14141E+16,4.87706E+16
169178,9.17022E+18,9,1,61,0,2017,2,6,6,3,2,6,0,1,0,0,0,1,1,6.79155E+20,5.40579E+21,1.14387E+16,4.87793E+16
169179,9.17022E+18,9,1,86,122,2017,2,15,6,3,0,1,1,0,0,0,0,0,1,6.92407E+20,5.39622E+21,1.16145E+16,4.86893E+16
169180,9.17022E+18,9,1,81,130,2017,2,15,6,3,2,6,0,1,0,0,0,0,1,6.38944E+20,5.32366E+21,1.08645E+16,4.80511E+16
169181,9.17022E+18,9,1,79,140,2017,2,14,6,3,5,2,0,1,0,0,0,0,1,6.59223E+20,5.34567E+21,1.11447E+16,4.82442E+16
169182,9.17022E+18,9,1,78,124,2017,2,15,6,3,1,2,0,1,0,0,0,0,1,7.04454E+20,5.35946E+21,1.176E+16,4.83552E+16
169183,9.17022E+18,9,1,62,0,2017,2,8,5,3,4,7,0,1,0,0,0,0,0,6.90091E+20,5.33303E+21,1.15544E+16,4.81221E+16
169184,9.17022E+18,9,1,62,0,2017,2,8,5,3,1,5,0,1,0,1,0,0,0,6.92867E+20,5.33995E+21,1.15948E+16,4.81835E+16
169185,9.17022E+18,9,1,62,0,2017,2,9,5,3,4,2,1,1,0,0,0,0,0,6.78312E+20,5.33906E+21,1.13988E+16,4.81797E+16
169186,9.17022E+18,9,1,62,0,2017,2,13,5,3,1,3,0,1,0,0,0,0,0,6.9036E+20,5.34321E+21,1.15626E+16,4.82135E+16
169187,9.17022E+18,9,1,62,0,2017,2,9,5,3,5,3,1,1,0,0,0,0,0,6.83862E+20,5.33609E+21,1.14721E+16,4.81515E+16
169188,9.17022E+18,9,1,62,0,2017,2,11,5,3,0,7,0,0,1,0,1,0,0,6.94198E+20,5.33348E+21,1.16097E+16,4.81249E+16
169189,9.17022E+18,9,1,62,0,2017,2,14,5,3,4,7,1,0,0,0,1,0,0,6.9237E+20,5.33751E+21,1.1587E+16,4.81617E+16
169190,9.17022E+18,9,1,84,138,2017,2,12,5,3,0,3,1,1,0,0,0,0,0,6.82504E+20,5.33183E+21,1.1452E+16,4.81135E+16
169191,9.17022E+18,9,1,62,0,2017,2,12,5,3,5,2,0,1,0,0,0,0,0,6.82881E+20,5.3402E+21,1.14607E+16,4.81887E+16
169192,9.17022E+18,9,1,62,0,2017,2,13,5,3,8,6,0,1,0,1,0,0,0,6.88985E+20,5.34212E+21,1.15436E+16,4.82041E+16
169193,9.17022E+18,9,1,62,0,2017,2,8,5,3,6,4,1,0,1,0,0,0,0,6.85408E+20,5.33354E+21,1.14918E+16,4.81281E+16
169194,9.17022E+18,9,1,62,0,2017,2,22,5,3,0,5,1,0,0,0,1,2,0,6.89054E+20,5.33494E+21,1.15413E+16,4.81396E+16
169195,9.17022E+18,9,1,62,0,2017,2,20,5,3,0,2,0,0,0,0,1,2,1,6.91845E+20,5.33575E+21,1.15792E+16,4.81461E+16
169196,9.17022E+18,9,7,64,0,2017,2,18,5,3,1,1,0,1,0,0,0,2,0,5.87294E+20,5.31611E+21,1.01701E+16,4.79924E+16
169197,9.17022E+18,9,7,74,143,2017,2,16,5,3,5,3,0,1,0,0,0,0,0,5.96631E+20,5.36006E+21,1.03052E+16,4.83863E+16
169198,9.17022E+18,9,7,62,0,2017,2,14,5,3,1,7,0,1,0,0,0,0,0,6.21593E+20,5.30587E+21,1.06267E+16,4.78946E+16
169199,9.17022E+18,9,7,80,137,2017,2,17,5,3,5,2,0,1,0,0,0,0,0,5.96467E+20,5.26914E+21,1.02825E+16,4.75685E+16
169200,9.17022E+18,9,7,79,131,2017,2,6,5,3,5,3,1,1,0,0,0,1,0,6.2958E+20,5.39758E+21,1.07617E+16,4.87178E+16
169201,9.17022E+18,9,7,61,0,2017,2,18,5,3,1,5,1,1,0,0,0,2,0,6.41808E+20,5.3603E+21,1.09152E+16,4.83799E+16
169202,9.17022E+18,9,7,72,125,2017,2,18,5,3,5,3,0,1,0,1,0,2,0,6.36432E+20,5.34736E+21,1.08384E+16,4.82647E+16
169203,9.17022E+18,9,7,72,202,2017,2,12,5,3,0,7,1,0,0,0,0,0,0,6.36929E+20,5.35669E+21,1.08481E+16,4.83486E+16
169204,9.17022E+18,9,7,61,0,2017,2,7,5,3,5,3,1,1,0,0,0,0,0,6.38964E+20,5.36059E+21,1.08769E+16,4.83831E+16
169205,9.17022E+18,9,7,61,0,2017,2,23,5,3,1,6,1,1,0,0,0,2,0,6.40256E+20,5.35857E+21,1.08936E+16,4.83647E+16
169206,9.17022E+18,9,7,61,0,2017,2,17,5,3,5,3,0,1,0,1,0,0,0,6.40561E+20,5.35788E+21,1.08975E+16,4.83584E+16
169207,9.17022E+18,9,6,63,0,2017,2,14,5,3,5,3,0,1,0,0,0,0,0,5.67723E+20,5.51704E+21,9.94111E+15,4.9802E+16
169208,9.17022E+18,9,6,63,0,2017,2,22,5,2,6,2,0,1,1,0,0,2,1,5.68374E+20,5.51498E+21,9.9498E+15,4.97834E+16
169209,9.17022E+18,9,6,74,221,2017,2,12,5,3,9,1,0,1,0,0,0,0,0,6.13461E+20,5.54196E+21,1.05838E+16,5.00191E+16
169210,9.17022E+18,9,6,78,134,2017,2,19,5,3,0,1,0,0,0,1,0,2,0,5.9683E+20,5.52853E+21,1.03484E+16,4.99013E+16
169211,9.17022E+18,9,6,71,122,2017,2,21,5,3,5,3,0,1,0,0,0,2,1,5.052E+20,5.53077E+21,9.07245E+15,4.99293E+16
169212,9.17022E+18,9,5,64,0,2017,2,17,5,2,5,2,1,1,0,0,0,2,0,6.51432E+20,5.47872E+21,1.1089E+16,4.94423E+16
169213,9.17022E+18,9,5,64,0,2017,2,11,5,3,0,7,0,0,0,0,1,0,0,6.52066E+20,5.4796E+21,1.10981E+16,4.94501E+16
169214,9.17022E+18,9,5,64,0,2017,2,18,5,3,3,6,0,1,0,0,1,1,0,6.45454E+20,5.47784E+21,1.10063E+16,4.94358E+16
169215,9.17022E+18,9,4,63,0,2017,2,16,5,3,4,2,0,1,0,0,0,0,0,6.39121E+20,5.5705E+21,1.09522E+16,5.02702E+16
169216,9.17022E+18,9,4,61,0,2017,2,13,5,3,5,3,0,1,0,0,0,0,0,6.36304E+20,5.52796E+21,1.08976E+16,4.98885E+16
169217,9.17022E+18,9,4,71,117,2017,2,13,5,3,2,6,0,1,0,0,0,0,0,6.31395E+20,5.5304E+21,1.08301E+16,4.99115E+16
169218,9.17022E+18,9,2,63,0,2017,2,9,5,3,0,1,1,0,0,0,0,0,1,7.62367E+20,5.4207E+21,1.25791E+16,4.88837E+16
169219,9.17022E+18,9,1,80,129,2017,2,10,5,3,6,6,0,1,1,0,0,0,0,6.51227E+20,5.2793E+21,1.10137E+16,4.76494E+16
169220,9.17022E+18,9,1,71,132,2017,2,15,5,3,3,2,0,1,0,0,0,0,0,7.66311E+20,5.35193E+21,1.25887E+16,4.82645E+16
169221,9.17022E+18,9,1,71,111,2017,2,13,5,3,1,7,1,1,0,0,0,0,0,7.7267E+20,5.34858E+21,1.26721E+16,4.82317E+16
169222,9.17022E+18,9,1,87,182,2017,2,19,5,2,6,4,0,1,1,0,0,2,1,7.40609E+20,5.3282E+21,1.22295E+16,4.80616E+16
169223,9.17022E+18,9,1,88,139,2017,2,18,5,2,4,6,0,1,0,0,0,2,0,6.74027E+20,5.31836E+21,1.13328E+16,4.79948E+16
169224,9.17022E+18,9,1,74,115,2017,2,7,5,3,0,1,1,0,0,0,0,0,2,6.80808E+20,5.34716E+21,1.14358E+16,4.82519E+16
169225,9.17022E+18,9,1,75,139,2017,2,13,5,3,2,2,1,0,0,0,0,0,0,7.10332E+20,5.32997E+21,1.18246E+16,4.80883E+16
169226,9.17022E+18,9,1,78,120,2017,2,21,5,3,6,4,0,1,1,0,0,2,0,6.95412E+20,5.3537E+21,1.16354E+16,4.83062E+16
169227,9.17022E+18,9,1,77,117,2017,2,7,5,3,5,3,1,1,0,0,0,0,0,7.16746E+20,5.35599E+21,1.19239E+16,4.83199E+16
169228,9.17022E+18,9,1,77,124,2017,2,16,5,3,0,1,0,0,0,1,0,0,1,7.28892E+20,5.36791E+21,1.2094E+16,4.84227E+16
169229,9.17022E+18,9,1,62,0,2017,2,18,4,3,1,5,1,1,0,0,0,2,0,6.91407E+20,5.3368E+21,1.15738E+16,4.81556E+16
169230,9.17022E+18,9,1,62,0,2017,2,14,4,3,0,7,0,1,0,0,0,0,0,6.92297E+20,5.33741E+21,1.1586E+16,4.81608E+16
169231,9.17022E+18,9,1,62,0,2017,2,6,4,3,4,2,1,1,0,0,0,0,0,6.9358E+20,5.33444E+21,1.16019E+16,4.81337E+16
169232,9.17022E+18,9,1,62,0,2017,2,11,4,2,0,7,0,0,0,0,1,0,0,6.9145E+20,5.33924E+21,1.15755E+16,4.81775E+16
169233,9.17022E+18,9,1,62,0,2017,2,15,4,3,3,6,0,1,0,0,1,0,0,6.92552E+20,5.33537E+21,1.15885E+16,4.81424E+16
169234,9.17022E+18,9,1,84,112,2017,2,7,4,3,6,7,0,1,1,0,0,0,0,7.0201E+20,5.33842E+21,1.1717E+16,4.81669E+16
169235,9.17022E+18,9,1,62,0,2017,2,15,4,3,0,1,1,0,0,0,0,0,0,6.78931E+20,5.33907E+21,1.14071E+16,4.81796E+16
169236,9.17022E+18,9,1,62,0,2017,2,0,4,3,8,7,0,1,0,0,0,2,0,6.93462E+20,5.32916E+21,1.15979E+16,4.80864E+16
169237,9.17022E+18,9,1,62,0,2017,2,11,4,3,0,2,1,1,0,0,0,0,0,6.92374E+20,5.33217E+21,1.15847E+16,4.81137E+16
169238,9.17022E+18,9,1,62,0,2017,2,14,4,3,5,3,1,1,0,0,0,0,0,6.96403E+20,5.33614E+21,1.16406E+16,4.81482E+16
169239,9.17022E+18,9,1,62,0,2017,2,10,4,3,6,7,0,0,1,0,1,0,0,6.93967E+20,5.3351E+21,1.16074E+16,4.81396E+16
169240,9.17022E+18,9,1,62,0,2017,2,17,4,2,3,6,0,1,0,1,0,1,0,6.90216E+20,5.33474E+21,1.15569E+16,4.81375E+16
169241,9.17022E+18,9,1,62,0,2017,2,10,4,3,5,2,0,1,0,0,1,0,0,6.91266E+20,5.33902E+21,1.15729E+16,4.81756E+16
169242,9.17022E+18,9,1,62,0,2017,2,8,4,3,0,1,0,0,0,1,0,0,1,6.90598E+20,5.33659E+21,1.15628E+16,4.8154E+16
169243,9.17022E+18,9,7,75,149,2017,2,8,4,3,4,6,0,1,0,0,0,0,0,5.88259E+20,5.34527E+21,1.0189E+16,4.82545E+16
169244,9.17022E+18,9,7,75,129,2017,2,10,4,2,5,3,1,1,0,0,0,0,0,5.82241E+20,5.34143E+21,1.01072E+16,4.82207E+16
169245,9.17022E+18,9,7,75,162,2017,2,9,4,2,6,4,0,1,1,0,0,0,0,5.80037E+20,5.3477E+21,1.00787E+16,4.82774E+16
169246,9.17022E+18,9,7,80,121,2017,2,10,4,2,0,7,0,1,0,0,0,0,0,5.95651E+20,5.25531E+21,1.02687E+16,4.74442E+16
169247,9.17022E+18,9,7,80,124,2017,2,9,4,2,5,3,1,1,0,0,0,0,0,5.91961E+20,5.2679E+21,1.02224E+16,4.7558E+16
169248,9.17022E+18,9,7,79,201,2017,2,16,4,3,3,6,0,1,0,0,0,0,0,6.41788E+20,5.39632E+21,1.09272E+16,4.87038E+16
169249,9.17022E+18,9,7,79,194,2017,2,7,4,3,2,6,0,1,0,0,0,1,0,6.10377E+20,5.41129E+21,1.05044E+16,4.88448E+16
169250,9.17022E+18,9,7,61,0,2017,2,20,4,3,6,6,1,0,1,0,0,2,0,6.40789E+20,5.35933E+21,1.09011E+16,4.83714E+16
169251,9.17022E+18,9,7,72,200,2017,2,7,4,3,5,3,1,1,0,0,0,0,0,6.31183E+20,5.33852E+21,1.0765E+16,4.81863E+16
169252,9.17022E+18,9,7,61,0,2017,2,17,4,3,2,6,0,1,0,0,0,0,0,6.3648E+20,5.36089E+21,1.08434E+16,4.83864E+16
169253,9.17022E+18,9,7,61,0,2017,2,15,4,3,6,4,0,1,1,0,0,0,0,6.40091E+20,5.35957E+21,1.08918E+16,4.83738E+16
169254,9.17022E+18,9,7,61,0,2017,2,6,4,3,2,6,0,1,0,0,1,1,1,6.40576E+20,5.35923E+21,1.08982E+16,4.83706E+16
169255,9.17022E+18,9,6,63,0,2017,2,18,4,3,6,3,0,1,1,0,0,2,0,5.68152E+20,5.51504E+21,9.94672E+15,4.97839E+16
169256,9.17022E+18,9,6,63,0,2017,2,13,4,2,6,4,0,1,1,0,0,0,0,5.67314E+20,5.51607E+21,9.93527E+15,4.97933E+16
169257,9.17022E+18,9,6,74,163,2017,2,16,4,2,4,2,0,1,0,1,0,0,0,6.10632E+20,5.53918E+21,1.05436E+16,4.99947E+16
169258,9.17022E+18,9,6,73,161,2017,2,17,4,3,5,3,0,1,0,0,0,1,0,5.86236E+20,5.57351E+21,1.0211E+16,5.03074E+16
169259,9.17022E+18,9,6,76,134,2017,2,16,4,3,4,6,0,1,0,0,0,0,0,5.13504E+20,5.51451E+21,9.18758E+15,4.97829E+16
169260,9.17022E+18,9,6,76,139,2017,2,14,4,3,6,7,0,1,1,0,0,0,0,5.17949E+20,5.50597E+21,9.24894E+15,4.9706E+16
169261,9.17022E+18,9,6,61,0,2017,2,9,4,3,3,6,0,1,0,0,1,0,0,5.11257E+20,5.53533E+21,9.15698E+15,4.99702E+16
169262,9.17022E+18,9,5,62,0,2017,2,11,4,3,1,5,1,1,0,0,0,0,0,6.44223E+20,5.49491E+21,1.09955E+16,4.95895E+16
169263,9.17022E+18,9,5,74,164,2017,2,15,4,3,0,7,0,1,0,0,1,0,0,6.6771E+20,5.47228E+21,1.13107E+16,4.93801E+16
169264,9.17022E+18,9,5,74,123,2017,2,8,4,2,5,3,1,0,0,0,1,0,0,6.60542E+20,5.47205E+21,1.12119E+16,4.938E+16
169265,9.17022E+18,9,5,64,0,2017,2,7,4,3,5,3,0,1,0,0,0,0,0,6.49324E+20,5.46837E+21,1.1056E+16,4.93497E+16
169266,9.17022E+18,9,5,64,0,2017,2,8,4,3,5,5,0,1,0,0,0,0,0,6.52399E+20,5.47464E+21,1.11008E+16,4.94054E+16
169267,9.17022E+18,9,5,64,0,2017,2,15,4,3,0,5,1,1,0,0,0,0,0,6.49726E+20,5.4812E+21,1.10664E+16,4.94649E+16
169268,9.17022E+18,9,4,75,158,2017,2,17,4,3,6,7,0,1,1,0,0,1,1,7.07327E+20,5.57193E+21,1.1909E+16,5.02631E+16
169269,9.17022E+18,9,4,64,0,2017,2,7,4,3,5,3,0,1,0,0,0,0,1,7.06564E+20,5.57725E+21,1.19013E+16,5.03111E+16
169270,9.17022E+18,9,4,61,0,2017,2,11,4,2,0,6,1,0,0,0,0,0,0,6.3597E+20,5.52769E+21,1.08928E+16,4.98862E+16
169271,9.17022E+18,9,4,61,0,2017,2,6,4,3,1,7,0,1,0,0,0,1,0,6.37857E+20,5.53012E+21,1.092E+16,4.99076E+16
169272,9.17022E+18,9,3,62,0,2017,2,19,4,2,6,4,0,1,1,0,0,2,0,7.23865E+20,5.43506E+21,1.20626E+16,4.90278E+16
169273,9.17022E+18,9,3,72,116,2017,2,18,4,3,6,7,0,1,1,0,0,2,0,7.66856E+20,5.45948E+21,1.26657E+16,4.92299E+16
169274,9.17022E+18,9,3,76,171,2017,2,13,4,3,5,3,0,1,0,0,0,0,0,7.43895E+20,5.4891E+21,1.2369E+16,4.95054E+16
169275,9.17022E+18,9,2,75,141,2017,2,17,4,3,2,6,0,1,0,0,0,0,0,8.19079E+20,5.36973E+21,1.33114E+16,4.83998E+16
169276,9.17022E+18,9,2,79,112,2017,2,7,4,3,5,3,0,1,0,1,0,0,1,7.58336E+20,5.39404E+21,1.25074E+16,4.8646E+16
169277,9.17022E+18,9,1,90,140,2017,2,16,4,3,0,1,0,0,0,1,0,0,0,6.44008E+20,5.29554E+21,1.0923E+16,4.77971E+16
169278,9.17022E+18,9,1,89,154,2017,2,11,4,3,0,7,1,0,0,0,0,0,1,7.69063E+20,5.31876E+21,1.26048E+16,4.79655E+16
169279,9.17022E+18,9,1,87,173,2017,2,7,4,3,4,1,0,1,0,0,0,0,0,7.42296E+20,5.31968E+21,1.22473E+16,4.79845E+16
169280,9.17022E+18,9,1,63,0,2017,2,6,4,3,3,6,0,1,0,0,0,1,1,7.32596E+20,5.30474E+21,1.21095E+16,4.78539E+16
169281,9.17022E+18,9,1,63,0,2017,2,10,4,3,6,2,0,1,1,0,0,0,0,7.33836E+20,5.30515E+21,1.21263E+16,4.78571E+16
169282,9.17022E+18,9,1,85,149,2017,2,13,4,3,0,7,0,1,1,0,0,0,0,6.60291E+20,5.40025E+21,1.118E+16,4.87347E+16
169283,9.17022E+18,9,1,74,115,2017,2,16,4,3,5,2,1,1,0,0,0,0,0,6.81752E+20,5.34781E+21,1.14488E+16,4.82574E+16
169284,9.17022E+18,9,1,79,123,2017,2,8,4,3,5,2,1,0,0,0,1,0,0,6.76583E+20,5.33342E+21,1.13732E+16,4.81295E+16
169285,9.17022E+18,9,1,88,120,2017,2,13,4,3,1,5,1,1,0,0,0,0,0,6.77077E+20,5.32724E+21,1.13773E+16,4.80738E+16
169286,9.17022E+18,9,1,74,126,2017,2,16,4,3,1,1,1,1,0,0,0,0,0,6.82541E+20,5.34418E+21,1.14578E+16,4.82245E+16
169287,9.17022E+18,9,1,78,124,2017,2,12,4,3,2,6,0,1,0,0,0,0,0,7.04733E+20,5.35917E+21,1.17636E+16,4.83525E+16
169288,9.17022E+18,9,1,78,120,2017,2,15,4,2,5,3,1,1,0,0,0,0,0,6.9552E+20,5.35377E+21,1.16368E+16,4.83068E+16
169289,9.17021E+18,9,1,62,0,2017,2,22,3,3,7,7,1,0,0,0,1,2,0,6.92243E+20,5.33479E+21,1.15841E+16,4.81373E+16
169290,9.17021E+18,9,1,62,0,2017,2,19,3,3,0,7,1,0,0,0,1,2,0,6.89506E+20,5.33313E+21,1.15466E+16,4.81232E+16
169291,9.17021E+18,9,1,62,0,2017,2,18,3,3,0,7,1,0,0,0,1,2,0,6.89508E+20,5.33313E+21,1.15466E+16,4.81232E+16
169292,9.17021E+18,9,1,84,135,2017,2,15,3,3,4,6,0,1,0,0,0,0,0,6.89791E+20,5.34794E+21,1.15571E+16,4.82563E+16
169293,9.17021E+18,9,1,62,0,2017,2,17,3,3,0,7,0,1,0,1,0,0,0,6.88953E+20,5.33189E+21,1.15386E+16,4.81122E+16