OBJECTID,UIDENTSTLA,ULAND,UREGBEZ,UKREIS,UGEMEINDE,UJAHR,UMONAT,USTUNDE,UWOCHENTAG,UKATEGORIE,UART,UTYP1,IstRad,IstPKW,IstFuss,IstKrad,IstSonstig,LICHT,STRZUSTAND,LINREFX,LINREFY,XGCSWGS84,YGCSWGS84
169638,9.17022E+18,9,7,73,112,2017,2,20,7,3,4,6,0,1,0,0,0,2,0,5.96918E+20,5.38798E+21,1.03156E+16,4.86373E+16
169639,9.17022E+18,9,6,61,0,2017,2,20,7,3,6,2,0,1,1,0,0,2,0,5.1096E+20,5.53522E+21,9.15283E+15,4.99692E+16
169640,9.17022E+18,9,1,82,136,2017,2,18,7,3,0,6,0,1,0,0,1,2,0,7.04614E+20,5.30388E+21,1.17355E+16,4.78557E+16
169641,9.17022E+18,9,1,62,0,2017,2,5,6,3,2,6,0,1,0,0,0,2,0,6.91895E+20,5.33388E+21,1.1579E+16,4.81292E+16
169642,9.17022E+18,9,1,78,143,2017,2,18,7,3,1,6,0,1,0,0,1,2,0,7.17692E+20,5.37359E+21,1.19458E+16,4.84777E+16
169643,9.17022E+18,9,2,63,0,2017,2,13,7,3,5,3,1,1,0,0,0,0,0,7.63118E+20,5.4195E+21,1.25885E+16,4.88725E+16
169644,9.17022E+18,9,7,61,0,2017,2,0,7,3,2,7,0,1,1,0,0,2,1,6.38915E+20,5.35848E+21,1.08755E+16,4.83642E+16
169645,9.17022E+18,9,4,62,0,2017,2,22,7,3,4,6,0,1,0,0,0,2,0,6.84969E+20,5.53608E+21,1.15783E+16,4.99484E+16
169646,9.1703E+18,9,5,64,0,2017,3,21,7,3,6,7,0,1,1,0,0,2,0,6.50911E+20,5.4797E+21,1.10822E+16,4.94512E+16
169647,9.1703E+18,9,5,64,0,2017,3,13,7,3,1,5,0,1,0,0,1,0,0,6.47307E+20,5.47636E+21,1.10313E+16,4.94221E+16
169648,9.1703E+18,9,5,64,0,2017,3,9,7,3,1,5,0,1,0,0,0,0,0,6.49613E+20,5.47664E+21,1.10631E+16,4.9424E+16
169649,9.1703E+18,9,5,64,0,2017,3,15,7,3,5,7,1,1,0,0,0,0,0,6.52336E+20,5.48161E+21,1.11026E+16,4.9468E+16
169650,9.1703E+18,9,5,64,0,2017,3,18,7,3,0,3,0,1,0,1,0,0,0,6.53094E+20,5.4791E+21,1.11121E+16,4.94452E+16
169651,9.1703E+18,9,5,64,0,2017,3,9,7,3,0,7,0,1,0,0,1,0,0,6.53876E+20,5.47594E+21,1.11216E+16,4.94167E+16
169652,9.1703E+18,9,3,75,205,2017,3,14,7,3,2,6,0,1,0,0,0,0,0,7.30672E+20,5.42314E+21,1.21488E+16,4.89182E+16
169653,9.1703E+18,9,3,73,147,2017,3,11,7,3,4,2,1,1,0,0,0,0,0,6.78678E+20,5.46175E+21,1.14569E+16,4.92824E+16
169654,9.1703E+18,9,1,89,157,2017,3,1,7,3,0,1,1,0,0,0,0,2,0,7.64329E+20,5.32381E+21,1.25446E+16,4.80129E+16
169655,9.1703E+18,9,1,63,0,2017,3,2,7,3,6,7,0,1,1,0,0,2,1,7.34035E+20,5.30501E+21,1.21288E+16,4.78558E+16
169656,9.1703E+18,9,1,87,117,2017,3,11,7,3,0,1,0,1,0,0,0,0,0,7.25379E+20,5.3047E+21,1.20131E+16,4.78561E+16
169657,9.1703E+18,9,1,88,139,2017,3,12,7,3,6,4,0,1,1,0,0,0,0,6.7479E+20,5.31856E+21,1.13431E+16,4.79964E+16
169658,9.1703E+18,9,1,78,143,2017,3,19,7,3,6,7,0,1,1,0,0,2,0,7.17223E+20,5.37231E+21,1.19387E+16,4.84663E+16
169659,9.1703E+18,9,1,62,0,2017,3,19,6,3,2,6,0,1,0,0,0,1,0,6.89418E+20,5.33716E+21,1.15472E+16,4.81594E+16
169660,9.1703E+18,9,1,62,0,2017,3,8,6,3,3,2,1,1,0,0,0,0,0,6.95426E+20,5.33513E+21,1.1627E+16,4.81394E+16
169661,9.1703E+18,9,1,62,0,2017,3,7,6,3,5,3,0,1,0,0,0,0,0,6.96731E+20,5.33346E+21,1.16438E+16,4.8124E+16
169662,9.1703E+18,9,1,62,0,2017,3,1,6,3,0,1,1,0,0,0,0,2,0,6.91046E+20,5.33413E+21,1.15677E+16,4.81318E+16
169663,9.1703E+18,9,5,72,131,2017,3,2,7,3,1,1,1,1,0,0,0,2,0,6.56233E+20,5.48925E+21,1.11593E+16,4.95357E+16
169664,9.1703E+18,9,5,63,0,2017,3,16,7,2,3,7,1,1,0,0,0,0,0,6.40101E+20,5.48353E+21,1.09345E+16,4.94882E+16
169665,9.1703E+18,9,1,62,0,2017,3,15,6,3,5,2,1,0,0,0,1,0,0,6.90003E+20,5.34024E+21,1.15565E+16,4.8187E+16
169666,9.1703E+18,9,1,62,0,2017,3,14,6,3,5,2,1,0,0,1,0,0,0,6.90789E+20,5.33475E+21,1.15646E+16,4.81374E+16
169667,9.1703E+18,9,1,62,0,2017,3,19,6,2,0,1,0,0,0,1,0,2,0,6.91012E+20,5.34033E+21,1.15701E+16,4.81875E+16
169668,9.1703E+18,9,1,62,0,2017,3,15,6,3,2,6,0,1,0,0,0,0,0,6.93686E+20,5.33705E+21,1.16045E+16,4.81572E+16
169669,9.1703E+18,9,7,77,129,2017,3,18,6,3,0,6,1,0,0,0,0,2,0,6.27833E+20,5.27047E+21,1.06998E+16,4.75751E+16
169670,9.1703E+18,9,7,73,182,2017,3,6,6,3,4,1,0,1,0,0,0,0,0,6.23034E+20,5.37733E+21,1.06667E+16,4.8537E+16
169671,9.1703E+18,9,7,71,142,2017,3,8,6,3,0,1,1,0,0,0,0,0,0,6.45706E+20,5.35277E+21,1.09652E+16,4.83113E+16
169672,9.1703E+18,9,7,72,163,2017,3,7,6,3,2,5,0,1,0,0,0,0,0,6.39308E+20,5.34951E+21,1.08779E+16,4.82835E+16
169673,9.1703E+18,9,7,61,0,2017,3,7,6,3,5,3,0,1,0,0,0,0,0,6.3931E+20,5.35877E+21,1.08809E+16,4.83667E+16
169674,9.1703E+18,9,6,63,0,2017,3,16,6,3,3,6,0,1,0,0,1,0,0,5.66808E+20,5.51724E+21,9.92843E+15,4.98039E+16
169675,9.1703E+18,9,6,63,0,2017,3,13,6,3,4,7,1,1,0,0,0,0,0,5.68316E+20,5.51552E+21,9.94908E+15,4.97883E+16
169676,9.1703E+18,9,6,79,138,2017,3,21,6,3,8,5,0,1,0,0,0,2,0,5.68232E+20,5.50053E+21,9.9453E+15,4.96535E+16
169677,9.1703E+18,9,6,62,0,2017,3,22,6,2,8,1,0,1,0,0,0,2,0,5.85192E+20,5.54413E+21,1.01898E+16,5.00433E+16
169678,9.1703E+18,9,5,64,0,2017,3,14,6,3,1,5,1,1,0,0,0,0,0,6.5039E+20,5.48086E+21,1.10754E+16,4.94617E+16
169679,9.1703E+18,9,5,64,0,2017,3,16,6,3,3,6,0,1,0,0,1,0,0,6.47982E+20,5.47639E+21,1.10406E+16,4.94222E+16
169680,9.1703E+18,9,5,64,0,2017,3,18,6,3,2,6,0,1,0,0,0,1,0,6.50819E+20,5.4791E+21,1.10807E+16,4.94458E+16
169681,9.1703E+18,9,5,73,122,2017,3,7,6,3,5,3,0,1,0,0,0,0,0,6.43147E+20,5.47691E+21,1.09741E+16,4.9428E+16
169682,9.1703E+18,9,5,61,0,2017,3,13,6,2,2,6,1,0,0,0,0,0,0,6.138E+20,5.46237E+21,1.05654E+16,4.93035E+16
169683,9.1703E+18,9,4,75,162,2017,3,14,6,3,4,2,0,1,0,0,1,0,0,7.16598E+20,5.57136E+21,1.20386E+16,5.02547E+16
169684,9.1703E+18,9,3,63,0,2017,3,16,6,3,2,2,0,1,0,0,1,0,0,7.28678E+20,5.50961E+21,1.21711E+16,4.96955E+16
169685,9.1703E+18,9,3,62,0,2017,3,12,6,2,0,7,0,0,0,0,1,0,0,7.26409E+20,5.43413E+21,1.20968E+16,4.90185E+16
169686,9.1703E+18,9,3,62,0,2017,3,10,6,3,5,3,1,1,0,0,0,0,0,7.27589E+20,5.4344E+21,1.21131E+16,4.90204E+16
169687,9.1703E+18,9,3,62,0,2017,3,0,6,3,0,1,1,0,0,0,0,2,1,7.2571E+20,5.43214E+21,1.20861E+16,4.90008E+16
169688,9.1703E+18,9,3,62,0,2017,3,9,6,3,5,3,0,1,0,0,0,0,0,7.27643E+20,5.43311E+21,1.21131E+16,4.90089E+16
169689,9.1703E+18,9,3,73,121,2017,3,9,6,2,6,7,0,0,1,0,1,0,0,6.89207E+20,5.43454E+21,1.15888E+16,4.90347E+16
169690,9.1703E+18,9,3,72,155,2017,3,15,6,3,6,7,0,0,1,0,1,0,0,7.72789E+20,5.45962E+21,1.27471E+16,4.92285E+16
169691,9.1703E+18,9,3,71,154,2017,3,17,6,2,0,1,0,0,0,1,0,0,0,7.00705E+20,5.46962E+21,1.17634E+16,4.93462E+16
169692,9.1703E+18,9,2,71,119,2017,3,12,6,3,6,4,0,1,1,0,0,0,0,7.90796E+20,5.41617E+21,1.29627E+16,4.88303E+16
169693,9.1703E+18,9,2,78,139,2017,3,7,6,2,0,7,0,1,0,0,0,0,1,7.71539E+20,5.42855E+21,1.27091E+16,4.89502E+16
169694,9.1703E+18,9,2,75,133,2017,3,19,6,3,2,2,0,0,0,1,0,2,0,8.21119E+20,5.3838E+21,1.33496E+16,4.8525E+16
169695,9.1703E+18,9,1,90,148,2017,3,14,6,3,5,2,0,1,0,1,0,0,0,6.42281E+20,5.29848E+21,1.09009E+16,4.7824E+16
169696,9.1703E+18,9,1,90,148,2017,3,21,6,3,5,3,0,1,0,0,0,2,0,6.40244E+20,5.29655E+21,1.08731E+16,4.7807E+16
169697,9.1703E+18,9,1,90,141,2017,3,8,6,3,6,7,0,1,1,0,0,0,0,6.77285E+20,5.29267E+21,1.13659E+16,4.7763E+16
169698,9.1703E+18,9,1,82,120,2017,3,7,6,2,5,3,1,1,0,0,0,0,0,7.0279E+20,5.30811E+21,1.17131E+16,4.78942E+16
169699,9.1703E+18,9,1,61,0,2017,3,15,6,3,5,3,1,1,0,0,0,0,0,6.7841E+20,5.39754E+21,1.1425E+16,4.87054E+16
169700,9.1703E+18,9,1,85,149,2017,3,19,6,3,5,7,1,1,0,0,0,2,0,6.6039E+20,5.40084E+21,1.11816E+16,4.87399E+16
169701,9.1703E+18,9,1,86,147,2017,3,12,6,3,4,2,0,1,0,0,0,0,0,6.8149E+20,5.39283E+21,1.14648E+16,4.86621E+16
169702,9.1703E+18,9,1,81,130,2017,3,15,6,2,5,3,1,1,0,0,0,0,0,6.37319E+20,5.32481E+21,1.08431E+16,4.80618E+16
169703,9.1703E+18,9,1,79,121,2017,3,10,6,3,0,3,0,1,0,0,0,0,0,6.67712E+20,5.33911E+21,1.12563E+16,4.81831E+16
169704,9.1703E+18,9,1,62,0,2017,3,12,5,3,5,3,0,1,0,0,0,0,0,6.83831E+20,5.33594E+21,1.14716E+16,4.81501E+16
169705,9.1703E+18,9,1,62,0,2017,3,11,5,3,5,3,0,1,0,0,1,0,0,6.78833E+20,5.33893E+21,1.14058E+16,4.81785E+16
169706,9.1703E+18,9,1,62,0,2017,3,10,5,3,0,7,0,1,0,0,0,0,0,6.84994E+20,5.33375E+21,1.14863E+16,4.81301E+16
169707,9.1703E+18,9,1,62,0,2017,3,8,5,3,5,2,1,0,0,0,1,0,1,6.82056E+20,5.33849E+21,1.14489E+16,4.81735E+16
169708,9.1703E+18,9,1,62,0,2017,3,10,5,3,0,7,0,1,0,0,1,0,0,6.93017E+20,5.3384E+21,1.15961E+16,4.81695E+16
169709,9.1703E+18,9,1,62,0,2017,3,12,5,3,1,7,0,1,0,0,0,0,0,6.91038E+20,5.33705E+21,1.15689E+16,4.8158E+16
169710,9.1703E+18,9,1,62,0,2017,3,9,5,3,5,3,0,1,0,0,0,0,1,6.90429E+20,5.34268E+21,1.15633E+16,4.82088E+16
169711,9.1703E+18,9,1,62,0,2017,3,17,5,3,5,2,0,1,0,0,1,0,0,6.89597E+20,5.3354E+21,1.15488E+16,4.81435E+16
169712,9.1703E+18,9,1,62,0,2017,3,22,5,3,2,6,0,1,0,0,0,2,0,6.94036E+20,5.34179E+21,1.16114E+16,4.81997E+16
169713,9.1703E+18,9,1,84,140,2017,3,8,5,3,5,3,0,1,0,0,0,0,1,7.00655E+20,5.32878E+21,1.16942E+16,4.80807E+16
169714,9.1703E+18,9,1,84,119,2017,3,12,5,2,0,7,1,0,0,0,0,0,0,6.9643E+20,5.347E+21,1.1646E+16,4.82458E+16
169715,9.1703E+18,9,1,62,0,2017,3,3,5,1,0,7,1,0,0,0,0,2,1,6.97689E+20,5.32938E+21,1.16547E+16,4.8087E+16
169716,9.1703E+18,9,1,62,0,2017,3,1,5,3,5,6,0,1,0,0,0,2,1,6.90666E+20,5.33692E+21,1.15639E+16,4.81569E+16
169717,9.1703E+18,9,1,62,0,2017,3,15,5,3,2,6,0,1,0,0,0,0,0,6.89513E+20,5.34324E+21,1.15512E+16,4.8214E+16
169718,9.1703E+18,9,7,61,0,2017,3,9,5,3,0,1,0,0,0,1,0,0,1,6.40071E+20,5.35814E+21,1.0891E+16,4.83609E+16
169719,9.1703E+18,9,7,72,177,2017,3,17,5,3,2,6,0,1,0,0,0,1,0,6.36569E+20,5.37971E+21,1.08508E+16,4.85556E+16
169720,9.1703E+18,9,6,63,0,2017,3,14,5,3,2,6,0,1,0,0,0,0,0,5.66736E+20,5.51593E+21,9.92721E+15,4.97921E+16
169721,9.1703E+18,9,6,77,155,2017,3,20,5,3,6,7,0,1,1,0,0,2,0,5.41437E+20,5.53644E+21,9.57793E+15,4.99789E+16
169722,9.1703E+18,9,6,78,134,2017,3,11,5,2,0,1,1,0,0,0,0,0,0,5.97229E+20,5.52818E+21,1.03538E+16,4.98981E+16
169723,9.1703E+18,9,6,62,0,2017,3,10,5,3,6,4,0,1,1,0,0,0,0,5.86879E+20,5.54335E+21,1.02132E+16,5.00361E+16
169724,9.1703E+18,9,6,71,111,2017,3,11,5,3,6,4,0,1,1,0,0,0,0,5.05083E+20,5.54794E+21,9.07104E+15,5.00837E+16
169725,9.1703E+18,9,6,71,143,2017,3,8,5,3,4,6,0,1,0,0,0,0,0,5.11134E+20,5.54686E+21,9.1556E+15,5.00739E+16
169726,9.1703E+18,9,5,62,0,2017,3,16,5,3,3,2,1,1,0,0,0,0,0,6.45203E+20,5.49551E+21,1.10093E+16,4.95948E+16
169727,9.1703E+18,9,5,76,117,2017,3,15,5,3,9,1,0,1,0,0,0,0,0,6.45048E+20,5.45923E+21,1.09939E+16,4.92686E+16
169728,9.1703E+18,9,5,76,143,2017,3,12,5,3,4,1,0,1,0,1,0,0,0,6.53329E+20,5.4567E+21,1.11067E+16,4.92439E+16
169729,9.1703E+18,9,5,64,0,2017,3,11,5,3,5,7,0,1,0,1,0,0,0,6.50876E+20,5.47872E+21,1.10813E+16,4.94424E+16
169730,9.1703E+18,9,5,64,0,2017,3,6,5,3,5,2,0,1,1,0,0,2,0,6.52375E+20,5.48069E+21,1.11028E+16,4.94597E+16
169731,9.1703E+18,9,4,78,139,2017,3,15,5,3,0,1,1,0,0,0,0,0,0,6.48278E+20,5.55712E+21,1.10754E+16,5.01478E+16
169732,9.1703E+18,9,4,76,189,2017,3,16,5,2,8,1,0,1,0,0,0,0,0,6.70334E+20,5.57095E+21,1.13901E+16,5.02661E+16
169733,9.1703E+18,9,4,63,0,2017,3,13,5,2,1,3,0,1,0,0,1,0,0,6.40245E+20,5.56936E+21,1.09676E+16,5.02598E+16
169734,9.1703E+18,9,4,63,0,2017,3,16,5,3,5,3,0,1,0,0,0,0,0,6.40474E+20,5.57062E+21,1.09713E+16,5.0271E+16
169735,9.1703E+18,9,3,63,0,2017,3,11,5,3,5,3,1,1,0,0,0,0,0,7.27762E+20,5.50811E+21,1.21576E+16,4.96825E+16
169736,9.1703E+18,9,3,75,208,2017,3,0,5,3,6,7,0,0,1,0,1,2,0,7.30985E+20,5.43832E+21,1.21617E+16,4.90544E+16
169737,9.1703E+18,9,3,62,0,2017,3,16,5,3,5,3,0,1,0,0,0,0,0,7.2765E+20,5.43587E+21,1.21147E+16,4.90337E+16
169738,9.1703E+18,9,3,76,119,2017,3,9,5,3,0,7,0,0,0,1,1,0,1,7.21688E+20,5.45457E+21,1.20436E+16,4.92038E+16
169739,9.1703E+18,9,2,63,0,2017,3,10,5,3,1,6,0,1,0,0,1,0,0,7.61845E+20,5.41943E+21,1.25711E+16,4.88725E+16
169740,9.1703E+18,9,2,63,0,2017,3,17,5,2,5,3,1,0,0,0,1,1,0,7.61686E+20,5.42002E+21,1.25693E+16,4.88779E+16
169741,9.1703E+18,9,2,62,0,2017,3,13,5,3,1,6,0,1,0,0,0,0,0,8.25169E+20,5.38947E+21,1.34087E+16,4.85738E+16
169742,9.1703E+18,9,1,90,157,2017,3,9,5,3,0,7,1,0,0,0,0,0,1,6.60238E+20,5.30128E+21,1.11417E+16,4.78449E+16
169743,9.1703E+18,9,1,74,126,2017,3,16,5,3,3,3,0,1,0,0,0,0,0,6.83011E+20,5.34473E+21,1.14644E+16,4.82293E+16
169744,9.1703E+18,9,1,74,131,2017,3,13,5,3,5,3,1,1,0,0,0,0,0,6.75872E+20,5.35792E+21,1.13739E+16,4.835E+16
169745,9.1703E+18,9,1,74,126,2017,3,5,5,3,0,1,1,0,0,0,0,1,1,6.84094E+20,5.34435E+21,1.14788E+16,4.82256E+16
169746,9.1703E+18,9,1,77,115,2017,3,22,5,3,6,6,1,0,1,0,0,2,0,7.33497E+20,5.35162E+21,1.21471E+16,4.82747E+16
169747,9.1703E+18,9,1,84,145,2017,3,17,4,3,6,4,0,1,1,0,0,0,0,6.94257E+20,5.32564E+21,1.1607E+16,4.80544E+16
169748,9.1703E+18,9,1,62,0,2017,3,9,4,3,4,2,0,1,0,0,1,0,0,6.90069E+20,5.33194E+21,1.15536E+16,4.81123E+16
169749,9.1703E+18,9,1,62,0,2017,3,12,4,3,0,7,0,1,0,0,1,0,0,6.82894E+20,5.33591E+21,1.1459E+16,4.81501E+16
169750,9.1703E+18,9,1,62,0,2017,3,12,4,3,1,6,1,1,0,0,0,0,0,6.89728E+20,5.33601E+21,1.15509E+16,4.8149E+16
169751,9.1703E+18,9,1,62,0,2017,3,12,4,3,5,3,1,1,0,0,0,0,0,6.8858E+20,5.33477E+21,1.15349E+16,4.81382E+16
169752,9.1703E+18,9,7,75,135,2017,3,19,4,3,5,3,1,1,0,0,0,2,1,5.74245E+20,5.35989E+21,1.00028E+16,4.83878E+16
169753,9.1703E+18,9,7,62,0,2017,3,12,4,3,0,7,1,0,0,0,1,0,0,6.21613E+20,5.30314E+21,1.06262E+16,4.78701E+16
169754,9.1703E+18,9,7,73,125,2017,3,8,4,3,4,6,0,1,0,0,1,0,0,6.08605E+20,5.3816E+21,1.04725E+16,4.85781E+16
169755,9.1703E+18,9,7,72,163,2017,3,7,4,3,0,7,1,0,0,0,0,0,0,6.40938E+20,5.34839E+21,1.08994E+16,4.8273E+16
169756,9.1703E+18,9,7,61,0,2017,3,17,4,3,0,1,1,0,0,0,0,0,0,6.39619E+20,5.36154E+21,1.0886E+16,4.83915E+16
169757,9.1703E+18,9,7,61,0,2017,3,18,4,3,0,3,1,1,0,0,0,0,0,6.39286E+20,5.35951E+21,1.08809E+16,4.83734E+16
169758,9.1703E+18,9,6,79,130,2017,3,18,4,3,2,6,0,1,0,1,0,2,1,5.71581E+20,5.51977E+21,9.99521E+15,4.9826E+16
169759,9.1703E+18,9,6,63,0,2017,3,17,4,3,2,2,1,1,0,0,0,0,0,5.68543E+20,5.51613E+21,9.95234E+15,4.97937E+16
169760,9.1703E+18,9,6,75,117,2017,3,14,4,2,1,7,0,1,0,0,0,0,0,5.84098E+20,5.51772E+21,1.01688E+16,4.9806E+16
169761,9.1703E+18,9,6,62,0,2017,3,22,4,2,9,7,0,0,0,1,0,2,1,5.8691E+20,5.54662E+21,1.02144E+16,5.00655E+16
169762,9.1703E+18,9,6,78,193,2017,3,6,4,3,0,1,1,0,0,0,0,1,1,5.78958E+20,5.53721E+21,1.01013E+16,4.9982E+16
169763,9.1703E+18,9,6,76,160,2017,3,11,4,2,0,5,0,1,1,0,0,0,1,5.10935E+20,5.52853E+21,9.15229E+15,4.9909E+16
169764,9.1703E+18,9,5,64,0,2017,3,17,4,3,5,3,1,1,0,0,0,2,0,6.50081E+20,5.48196E+21,1.10716E+16,4.94717E+16
169765,9.1703E+18,9,5,64,0,2017,3,18,4,3,5,3,1,1,0,0,0,0,0,6.46183E+20,5.4801E+21,1.10171E+16,4.94559E+16
169766,9.1703E+18,9,4,64,0,2017,3,11,4,3,6,7,0,1,1,0,0,0,1,7.07363E+20,5.57615E+21,1.19119E+16,5.0301E+16
169767,9.1703E+18,9,4,62,0,2017,3,7,4,2,5,3,0,1,0,0,0,0,1,6.83957E+20,5.53558E+21,1.1564E+16,4.99443E+16
169768,9.1703E+18,9,4,71,145,2017,3,7,4,3,5,3,0,1,0,0,0,0,0,6.42008E+20,5.51908E+21,1.09737E+16,4.98073E+16
169769,9.1703E+18,9,2,71,119,2017,3,16,4,3,6,7,0,1,1,0,0,0,0,7.90701E+20,5.4168E+21,1.29619E+16,4.8836E+16
169770,9.1703E+18,9,2,72,118,2017,3,4,4,3,9,1,0,1,0,0,0,1,2,8.3357E+20,5.41515E+21,1.3543E+16,4.87997E+16
169771,9.1703E+18,9,1,90,140,2017,3,0,4,3,9,1,0,1,0,0,0,2,1,6.45421E+20,5.29641E+21,1.09422E+16,4.78046E+16
169772,9.1703E+18,9,1,87,182,2017,3,11,4,3,5,3,0,1,0,0,0,0,0,7.37226E+20,5.327E+21,1.21835E+16,4.80522E+16
169773,9.1703E+18,9,1,63,0,2017,3,13,4,3,0,7,0,0,0,0,1,0,0,7.34501E+20,5.30488E+21,1.2135E+16,4.78545E+16
169774,9.1703E+18,9,1,61,0,2017,3,22,4,3,5,3,0,1,0,0,1,2,1,6.76494E+20,5.4057E+21,1.14025E+16,4.87793E+16
169775,9.1703E+18,9,1,61,0,2017,3,11,4,2,8,1,0,1,0,1,0,0,0,6.79525E+20,5.40045E+21,1.14414E+16,4.87312E+16
169776,9.1703E+18,9,1,76,139,2017,3,13,4,3,5,3,1,1,0,0,0,0,0,6.83172E+20,5.40939E+21,1.1495E+16,4.88105E+16
169777,9.1703E+18,9,1,76,120,2017,3,6,4,3,8,1,0,1,0,0,0,2,2,6.79837E+20,5.42414E+21,1.14561E+16,4.8944E+16
169778,9.1703E+18,9,1,79,145,2017,3,7,4,3,1,1,0,1,0,1,0,0,2,6.75165E+20,5.33766E+21,1.13559E+16,4.8168E+16
169779,9.1703E+18,9,1,79,138,2017,3,5,4,3,9,1,0,1,0,0,0,2,2,6.50078E+20,5.33752E+21,1.10187E+16,4.81732E+16
169780,9.1703E+18,9,1,74,115,2017,3,11,4,2,5,7,1,0,0,0,1,0,0,6.81283E+20,5.34738E+21,1.14423E+16,4.82537E+16
169781,9.17023E+18,9,1,62,0,2017,2,17,3,3,4,2,1,1,0,0,0,1,1,6.85893E+20,5.32917E+21,1.14964E+16,4.80887E+16
169782,9.17023E+18,9,1,62,0,2017,2,11,3,3,8,7,0,1,0,0,0,0,1,6.88417E+20,5.33385E+21,1.15323E+16,4.813E+16
169783,9.17023E+18,9,1,62,0,2017,2,7,3,2,3,2,1,0,0,0,1,0,1,6.88829E+20,5.33561E+21,1.15386E+16,4.81457E+16
169784,9.17023E+18,9,1,62,0,2017,2,6,3,3,4,2,0,1,0,0,0,2,1,6.87454E+20,5.33606E+21,1.15203E+16,4.81501E+16
169785,9.17023E+18,9,1,62,0,2017,2,13,3,3,3,7,0,1,0,0,0,0,1,6.92814E+20,5.33837E+21,1.15934E+16,4.81693E+16
169786,9.17023E+18,9,1,62,0,2017,2,15,3,3,3,2,1,1,0,0,0,0,1,6.9205E+20,5.33453E+21,1.15814E+16,4.8135E+16
169787,9.17023E+18,9,1,84,138,2017,2,7,3,3,0,1,1,0,0,0,0,0,1,6.81069E+20,5.33116E+21,1.14325E+16,4.8108E+16
169788,9.17023E+18,9,1,62,0,2017,2,13,3,2,2,6,0,1,0,0,0,0,0,6.86673E+20,5.33828E+21,1.15108E+16,4.81704E+16
169789,9.17023E+18,9,7,63,0,2017,2,23,3,3,5,3,0,1,0,0,0,2,1,5.98652E+20,5.28698E+21,1.03156E+16,4.77287E+16
169790,9.17023E+18,9,7,63,0,2017,2,11,3,3,6,7,0,1,1,0,0,0,0,5.98547E+20,5.2867E+21,1.03142E+16,4.77261E+16
169791,9.17023E+18,9,7,77,129,2017,2,18,3,3,6,4,0,1,1,0,0,2,2,6.27741E+20,5.26991E+21,1.06984E+16,4.75701E+16
169792,9.17023E+18,9,7,61,0,2017,2,11,3,3,0,5,1,1,0,0,0,0,1,6.41833E+20,5.36036E+21,1.09155E+16,4.83805E+16
169793,9.17023E+18,9,7,61,0,2017,2,7,3,3,0,7,1,0,0,0,0,1,1,6.43199E+20,5.36011E+21,1.09339E+16,4.83779E+16
169794,9.17023E+18,9,7,61,0,2017,2,18,3,3,0,7,0,1,0,1,0,2,0,6.41134E+20,5.35186E+21,1.09032E+16,4.83042E+16
169795,9.17023E+18,9,7,61,0,2017,2,6,3,3,2,6,0,1,0,0,1,0,1,6.4073E+20,5.35556E+21,1.0899E+16,4.83376E+16
169796,9.17023E+18,9,7,61,0,2017,2,18,3,3,6,2,0,0,1,1,0,2,1,6.40292E+20,5.35916E+21,1.08943E+16,4.837E+16
169797,9.17023E+18,9,7,61,0,2017,2,16,3,3,0,2,0,0,0,1,1,0,1,6.40569E+20,5.35915E+21,1.08981E+16,4.83699E+16
169798,9.17023E+18,9,6,63,0,2017,2,17,3,3,0,7,1,1,0,0,0,1,1,5.68232E+20,5.5169E+21,9.94816E+15,4.98006E+16
169799,9.17023E+18,9,6,63,0,2017,2,13,3,3,5,3,0,1,0,0,0,0,0,5.67509E+20,5.51638E+21,9.93802E+15,4.9796E+16
169800,9.17023E+18,9,6,63,0,2017,2,6,3,3,1,6,0,1,0,0,0,0,1,5.68246E+20,5.51691E+21,9.94835E+15,4.98007E+16
169801,9.17023E+18,9,6,74,149,2017,2,9,3,3,5,3,0,1,0,0,0,0,0,6.08141E+20,5.55216E+21,1.05125E+16,5.01118E+16
169802,9.17023E+18,9,5,64,0,2017,2,13,3,3,5,2,0,1,0,0,0,0,0,6.54616E+20,5.47463E+21,1.11313E+16,4.94047E+16
169803,9.17023E+18,9,5,64,0,2017,2,7,3,2,5,3,0,1,0,1,0,1,1,6.50398E+20,5.47778E+21,1.10744E+16,4.94341E+16
169804,9.17023E+18,9,5,64,0,2017,2,15,3,3,6,7,0,1,1,0,0,2,0,6.46657E+20,5.47708E+21,1.10226E+16,4.94287E+16
169805,9.17023E+18,9,5,64,0,2017,2,13,3,3,2,6,0,1,0,0,0,0,0,6.52489E+20,5.47968E+21,1.11039E+16,4.94506E+16
169806,9.17023E+18,9,5,64,0,2017,2,9,3,3,3,6,0,1,0,1,0,0,0,6.51013E+20,5.47927E+21,1.10834E+16,4.94473E+16
169807,9.17023E+18,9,4,73,120,2017,2,15,3,3,5,3,0,1,0,0,0,0,1,6.42142E+20,5.57203E+21,1.09952E+16,5.02833E+16
169808,9.17023E+18,9,4,73,170,2017,2,18,3,3,9,1,0,1,0,0,0,1,1,6.396E+20,5.56349E+21,1.09564E+16,5.02071E+16
169809,9.17023E+18,9,4,74,154,2017,2,16,3,3,2,6,0,1,0,0,0,1,1,6.53468E+20,5.49726E+21,1.11243E+16,4.96084E+16
169810,9.17023E+18,9,4,61,0,2017,2,9,3,3,1,6,0,1,0,0,0,0,0,6.37086E+20,5.5277E+21,1.09084E+16,4.98859E+16
169811,9.17023E+18,9,3,72,116,2017,2,2,3,2,9,1,0,0,0,1,0,2,0,7.65086E+20,5.46006E+21,1.26418E+16,4.92358E+16