OBJECTID,UIDENTSTLA,ULAND,UREGBEZ,UKREIS,UGEMEINDE,UJAHR,UMONAT,USTUNDE,UWOCHENTAG,UKATEGORIE,UART,UTYP1,IstRad,IstPKW,IstFuss,IstKrad,IstSonstig,LICHT,STRZUSTAND,LINREFX,LINREFY,XGCSWGS84,YGCSWGS84
169984,9.17031E+18,9,7,63,0,2017,3,18,4,3,5,3,0,1,0,0,0,2,1,5.98585E+20,5.28506E+21,1.03143E+16,4.77114E+16
169985,9.17031E+18,9,7,80,139,2017,3,7,4,3,5,3,1,1,0,0,0,0,1,5.95307E+20,5.26347E+21,1.02659E+16,4.75177E+16
169986,9.17031E+18,9,7,76,116,2017,3,7,4,3,6,3,1,0,1,0,0,0,0,5.52284E+20,5.26695E+21,9.69493E+15,4.75539E+16
169987,9.17031E+18,9,7,73,125,2017,3,13,4,3,5,3,0,1,0,0,0,0,0,6.09005E+20,5.38201E+21,1.0478E+16,4.85816E+16
169988,9.17031E+18,9,7,72,163,2017,3,11,4,2,0,7,1,0,0,0,0,0,0,6.40602E+20,5.34698E+21,1.08945E+16,4.82604E+16
169989,9.17031E+18,9,7,61,0,2017,3,10,4,3,8,1,0,1,0,0,0,0,0,6.37651E+20,5.36076E+21,1.08592E+16,4.8385E+16
169990,9.17031E+18,9,7,61,0,2017,3,16,4,2,5,3,0,1,0,1,0,0,0,6.43455E+20,5.36148E+21,1.09378E+16,4.83901E+16
169991,9.17031E+18,9,7,61,0,2017,3,15,4,3,0,7,1,0,0,0,0,0,0,6.4144E+20,5.35889E+21,1.09097E+16,4.83673E+16
169992,9.17031E+18,9,6,63,0,2017,3,10,4,3,6,4,0,1,1,0,0,0,0,5.68122E+20,5.51596E+21,9.94648E+15,4.97922E+16
169993,9.17031E+18,9,6,77,148,2017,3,12,4,3,5,3,1,1,0,0,0,0,0,5.55475E+20,5.53422E+21,9.77339E+15,4.99577E+16
169994,9.17031E+18,9,5,76,151,2017,3,6,4,3,3,6,0,1,0,0,0,0,1,6.54508E+20,5.47217E+21,1.11289E+16,4.93826E+16
169995,9.17031E+18,9,5,63,0,2017,3,15,4,3,5,3,1,1,0,0,0,0,0,6.45353E+20,5.48345E+21,1.10069E+16,4.94862E+16
169996,9.17031E+18,9,5,63,0,2017,3,6,4,3,0,7,0,0,0,1,0,0,1,6.42674E+20,5.4828E+21,1.09697E+16,4.94811E+16
169997,9.17031E+18,9,5,64,0,2017,3,22,4,3,6,1,0,1,1,0,0,2,1,6.54325E+20,5.47739E+21,1.11284E+16,4.94295E+16
169998,9.17031E+18,9,5,64,0,2017,3,7,4,3,6,4,0,1,1,0,0,0,1,6.49669E+20,5.48093E+21,1.10655E+16,4.94626E+16
169999,9.17031E+18,9,5,64,0,2017,3,7,4,3,2,6,0,1,0,0,0,0,1,6.51422E+20,5.47933E+21,1.10891E+16,4.94478E+16
170000,9.17031E+18,9,5,64,0,2017,3,7,4,3,5,3,0,1,0,0,0,0,0,6.46107E+20,5.48004E+21,1.10161E+16,4.94555E+16
170001,9.17031E+18,9,5,64,0,2017,3,17,4,3,6,4,0,0,1,1,0,0,0,6.46196E+20,5.48014E+21,1.10173E+16,4.94563E+16
170002,9.17031E+18,9,5,73,133,2017,3,6,4,2,9,1,0,1,0,0,0,2,0,6.24386E+20,5.48365E+21,1.07176E+16,4.94928E+16
170003,9.17031E+18,9,5,61,0,2017,3,6,4,3,8,1,0,1,0,0,0,1,2,6.12927E+20,5.46503E+21,1.05542E+16,4.93276E+16
170004,9.17031E+18,9,4,64,0,2017,3,19,4,2,1,5,1,1,0,0,0,2,1,7.06285E+20,5.57864E+21,1.18981E+16,5.03237E+16
170005,9.17031E+18,9,4,62,0,2017,3,19,4,2,6,4,0,0,1,1,0,2,1,6.82855E+20,5.53573E+21,1.15487E+16,4.99459E+16
170006,9.17031E+18,9,4,71,117,2017,3,11,4,3,0,7,0,1,0,0,0,0,0,6.30655E+20,5.53064E+21,1.08199E+16,4.99138E+16
170007,9.17031E+18,9,3,62,0,2017,3,19,4,3,4,6,1,0,0,0,0,1,0,7.3056E+20,5.42988E+21,1.21511E+16,4.89787E+16
170008,9.17031E+18,9,3,62,0,2017,3,7,4,3,2,6,0,1,0,0,0,0,0,7.26808E+20,5.43325E+21,1.21018E+16,4.90104E+16
170009,9.17031E+18,9,3,62,0,2017,3,8,4,2,6,4,0,1,1,0,0,0,0,7.26536E+20,5.43348E+21,1.20982E+16,4.90126E+16
170010,9.17031E+18,9,3,62,0,2017,3,22,4,3,5,3,0,1,0,0,0,2,1,7.25176E+20,5.43099E+21,1.20782E+16,4.89907E+16
170011,9.17031E+18,9,2,76,122,2017,3,14,4,3,0,7,0,1,0,0,0,0,0,7.91436E+20,5.43974E+21,1.29883E+16,4.90416E+16
170012,9.17031E+18,9,2,75,152,2017,3,16,4,2,8,7,1,0,0,0,0,0,0,8.21913E+20,5.40548E+21,1.33772E+16,4.87191E+16
170013,9.17031E+18,9,2,62,0,2017,3,12,4,3,3,6,0,1,0,0,1,0,0,8.27985E+20,5.3894E+21,1.34468E+16,4.85718E+16
170014,9.17031E+18,9,2,74,184,2017,3,10,4,2,1,5,1,1,0,0,0,0,0,7.48041E+20,5.3727E+21,1.23552E+16,4.84584E+16
170015,9.17031E+18,9,2,74,126,2017,3,16,4,3,5,3,0,1,0,1,0,0,0,7.33826E+20,5.38316E+21,1.21691E+16,4.85579E+16
170016,9.17031E+18,9,2,79,122,2017,3,21,4,1,6,4,0,1,1,0,0,2,1,7.71525E+20,5.39845E+21,1.2689E+16,4.868E+16
170017,9.17031E+18,9,1,71,111,2017,3,1,4,2,8,3,0,1,0,0,0,2,1,7.75202E+20,5.34733E+21,1.27053E+16,4.82195E+16
170018,9.17031E+18,9,1,63,0,2017,3,13,4,3,5,3,0,1,0,0,1,0,0,7.33325E+20,5.30528E+21,1.21195E+16,4.78584E+16
170019,9.17031E+18,9,1,82,120,2017,3,12,4,3,6,7,0,0,1,0,1,0,0,7.01709E+20,5.30615E+21,1.16977E+16,4.7877E+16
170020,9.17031E+18,9,1,87,122,2017,3,15,4,2,6,4,0,1,1,0,0,0,0,7.18154E+20,5.30735E+21,1.1918E+16,4.78824E+16
170021,9.17031E+18,9,1,86,125,2017,3,6,4,3,8,1,0,1,0,0,0,1,1,6.74011E+20,5.37218E+21,1.13547E+16,4.84786E+16
170022,9.17031E+18,9,1,79,138,2017,3,8,4,3,5,3,0,1,0,0,0,0,0,6.54827E+20,5.33605E+21,1.1082E+16,4.81588E+16
170023,9.17031E+18,9,1,79,121,2017,3,7,4,3,5,7,1,1,0,0,0,0,0,6.65924E+20,5.33766E+21,1.12317E+16,4.81705E+16
170024,9.17031E+18,9,1,78,120,2017,3,14,4,3,0,1,1,0,0,0,0,0,1,6.94495E+20,5.35197E+21,1.16222E+16,4.8291E+16
170025,9.17031E+18,9,1,77,118,2017,3,12,4,3,5,3,0,1,0,0,1,0,0,7.06192E+20,5.34828E+21,1.17779E+16,4.82541E+16
170026,9.17031E+18,9,1,62,0,2017,3,17,3,3,4,3,0,1,0,0,0,0,1,6.81104E+20,5.33736E+21,1.14356E+16,4.81636E+16
170027,9.17031E+18,9,1,62,0,2017,3,18,3,3,3,6,0,1,0,1,0,0,0,6.91877E+20,5.34039E+21,1.15817E+16,4.81877E+16
170028,9.17031E+18,9,1,62,0,2017,3,19,3,3,1,6,0,1,0,0,0,2,0,6.90142E+20,5.33917E+21,1.15578E+16,4.81773E+16
170029,9.17031E+18,9,1,84,136,2017,3,10,3,3,1,3,0,1,0,0,1,0,1,6.97546E+20,5.32596E+21,1.16512E+16,4.80563E+16
170030,9.17031E+18,9,1,62,0,2017,3,11,3,3,5,3,0,1,0,0,1,0,0,7.01392E+20,5.33117E+21,1.17052E+16,4.81019E+16
170031,9.17031E+18,9,1,62,0,2017,3,13,3,3,3,5,1,1,0,0,0,0,0,6.86329E+20,5.33472E+21,1.15047E+16,4.81384E+16
170032,9.17031E+18,9,1,62,0,2017,3,16,3,3,0,3,1,0,0,0,1,0,0,6.83017E+20,5.33576E+21,1.14606E+16,4.81487E+16
170033,9.17031E+18,9,1,62,0,2017,3,9,3,3,5,3,1,1,0,0,0,0,1,6.91391E+20,5.33695E+21,1.15736E+16,4.8157E+16
170034,9.17031E+18,9,1,62,0,2017,3,15,3,3,2,6,0,1,0,0,0,0,1,6.94264E+20,5.3414E+21,1.16143E+16,4.81961E+16
170035,9.17031E+18,9,1,62,0,2017,3,8,3,3,6,4,0,1,1,0,0,0,1,6.8956E+20,5.34042E+21,1.15506E+16,4.81887E+16
170036,9.17031E+18,9,1,62,0,2017,3,12,3,3,5,2,0,1,0,0,1,0,0,6.89408E+20,5.33573E+21,1.15464E+16,4.81466E+16
170037,9.17031E+18,9,1,62,0,2017,3,8,3,3,5,2,1,1,0,0,0,0,1,6.92304E+20,5.33769E+21,1.15862E+16,4.81633E+16
170038,9.17031E+18,9,7,78,177,2017,3,16,3,3,5,3,0,1,0,0,0,0,1,5.87933E+20,5.3232E+21,1.01801E+16,4.8056E+16
170039,9.17031E+18,9,7,74,135,2017,3,16,3,3,6,4,0,1,1,0,0,0,1,5.94584E+20,5.36813E+21,1.02794E+16,4.84592E+16
170040,9.17031E+18,9,7,63,0,2017,3,19,3,3,5,7,0,1,0,0,0,2,1,5.98788E+20,5.28456E+21,1.03169E+16,4.77069E+16
170041,9.17031E+18,9,7,61,0,2017,3,16,3,3,5,2,0,1,0,0,1,0,0,6.38482E+20,5.36037E+21,1.08703E+16,4.83812E+16
170042,9.17031E+18,9,7,61,0,2017,3,17,3,3,1,6,0,1,0,0,1,0,0,6.37818E+20,5.35943E+21,1.0861E+16,4.8373E+16
170043,9.17031E+18,9,7,61,0,2017,3,6,3,3,2,6,0,1,0,0,0,0,0,6.3772E+20,5.35943E+21,1.08597E+16,4.8373E+16
170044,9.17031E+18,9,7,61,0,2017,3,16,3,3,5,3,1,0,0,0,1,0,0,6.41726E+20,5.36233E+21,1.09147E+16,4.83982E+16
170045,9.17031E+18,9,6,79,147,2017,3,16,3,3,6,4,0,1,1,0,0,0,0,5.63888E+20,5.51575E+21,9.88762E+15,4.97908E+16
170046,9.17031E+18,9,6,63,0,2017,3,9,3,3,0,7,0,0,0,1,1,0,0,5.66757E+20,5.51616E+21,9.92754E+15,4.97941E+16
170047,9.17031E+18,9,6,63,0,2017,3,8,3,3,2,6,0,1,0,0,0,0,0,5.68562E+20,5.51648E+21,9.95267E+15,4.97969E+16
170048,9.17031E+18,9,6,63,0,2017,3,16,3,3,5,3,0,1,0,0,0,0,0,5.69898E+20,5.51803E+21,9.97152E+15,4.98107E+16
170049,9.17031E+18,9,6,63,0,2017,3,8,3,2,1,5,1,1,0,0,0,0,1,5.66469E+20,5.51609E+21,9.92353E+15,4.97936E+16
170050,9.17031E+18,9,6,71,111,2017,3,17,3,3,0,7,0,0,0,1,0,0,1,5.01574E+20,5.54663E+21,9.022E+15,5.00719E+16
170051,9.17031E+18,9,5,62,0,2017,3,10,3,3,5,3,1,1,0,0,0,0,1,6.44999E+20,5.49501E+21,1.10063E+16,4.95903E+16
170052,9.17031E+18,9,5,76,143,2017,3,18,3,2,5,3,0,1,0,0,0,2,0,6.51419E+20,5.45285E+21,1.1079E+16,4.92098E+16
170053,9.17031E+18,9,5,64,0,2017,3,10,3,3,3,6,0,1,0,0,1,0,1,6.49754E+20,5.47931E+21,1.10661E+16,4.94479E+16
170054,9.17031E+18,9,5,64,0,2017,3,7,3,3,0,1,0,1,0,0,0,0,1,6.49374E+20,5.47676E+21,1.10599E+16,4.94252E+16
170055,9.17031E+18,9,5,64,0,2017,3,12,3,3,4,2,0,1,0,0,1,0,1,6.48386E+20,5.47758E+21,1.10466E+16,4.94328E+16
170056,9.17031E+18,9,5,64,0,2017,3,22,3,3,0,1,1,0,0,0,0,2,0,6.46659E+20,5.47766E+21,1.10228E+16,4.94339E+16
170057,9.17031E+18,9,5,64,0,2017,3,9,3,3,5,3,1,1,0,0,0,0,1,6.50654E+20,5.47809E+21,1.1078E+16,4.94368E+16
170058,9.17031E+18,9,5,77,177,2017,3,7,3,3,6,4,0,1,1,0,0,0,1,6.45191E+20,5.4329E+21,1.09864E+16,4.90319E+16
170059,9.17031E+18,9,4,79,152,2017,3,6,3,2,6,4,0,1,1,0,0,1,1,7.23277E+20,5.56264E+21,1.2127E+16,5.01738E+16
170060,9.17031E+18,9,4,73,159,2017,3,10,3,3,1,6,0,1,0,0,0,0,1,6.45374E+20,5.57303E+21,1.10409E+16,5.02915E+16
170061,9.17031E+18,9,4,74,126,2017,3,19,3,3,5,3,0,1,0,0,0,2,1,6.4882E+20,5.50934E+21,1.10646E+16,4.97182E+16
170062,9.17031E+18,9,4,71,195,2017,3,8,3,2,1,7,1,1,0,0,0,0,1,6.4198E+20,5.52372E+21,1.0975E+16,4.98491E+16
170063,9.17031E+18,9,3,74,166,2017,3,21,3,3,9,7,0,1,0,0,0,2,1,7.21856E+20,5.50345E+21,1.20732E+16,4.96428E+16
170064,9.17031E+18,9,3,75,174,2017,3,16,3,3,4,2,0,1,0,0,0,0,1,7.33408E+20,5.42951E+21,1.21897E+16,4.89743E+16
170065,9.17031E+18,9,3,73,147,2017,3,12,3,3,1,7,1,1,0,0,0,0,1,6.78131E+20,5.46227E+21,1.14496E+16,4.92872E+16
170066,9.17031E+18,9,3,73,147,2017,3,15,3,3,5,3,1,1,0,0,0,0,1,6.78506E+20,5.46188E+21,1.14546E+16,4.92836E+16
170067,9.17031E+18,9,3,76,147,2017,3,12,3,3,2,6,0,1,0,0,1,0,1,7.45059E+20,5.47142E+21,1.23742E+16,4.93462E+16
170068,9.17031E+18,9,3,76,170,2017,3,18,3,3,0,7,0,1,0,1,0,2,1,7.25001E+20,5.45602E+21,1.20898E+16,4.92156E+16
170069,9.17031E+18,9,2,63,0,2017,3,7,3,3,6,4,0,1,1,0,0,0,1,7.62763E+20,5.41989E+21,1.25839E+16,4.88762E+16
170070,9.17031E+18,9,2,71,119,2017,3,7,3,3,6,2,0,1,1,0,0,0,1,7.90612E+20,5.41694E+21,1.29608E+16,4.88373E+16
170071,9.17031E+18,9,1,72,111,2017,3,21,3,3,0,1,1,0,0,0,0,2,1,7.93873E+20,5.30193E+21,1.2925E+16,4.78035E+16
170072,9.17031E+18,9,1,82,120,2017,3,18,3,3,6,7,0,1,1,0,0,2,0,7.0201E+20,5.30627E+21,1.17018E+16,4.7878E+16
170073,9.17031E+18,9,1,87,117,2017,3,10,3,2,5,3,1,0,0,0,1,0,0,7.24409E+20,5.30587E+21,1.20008E+16,4.78669E+16
170074,9.17031E+18,9,1,74,115,2017,3,10,3,3,2,6,0,1,0,0,1,0,1,6.81331E+20,5.34892E+21,1.14436E+16,4.82675E+16
170075,9.17031E+18,9,1,77,133,2017,3,5,3,3,3,6,0,1,0,0,0,2,1,7.06622E+20,5.35978E+21,1.17893E+16,4.83574E+16
170076,9.17031E+18,9,1,77,133,2017,3,15,3,3,7,3,0,1,0,0,0,0,0,7.06501E+20,5.35988E+21,1.17878E+16,4.83583E+16
170077,9.17031E+18,9,1,62,0,2017,3,12,2,3,6,4,0,1,1,0,0,0,0,6.90871E+20,5.3342E+21,1.15654E+16,4.81324E+16
170078,9.17031E+18,9,1,62,0,2017,3,19,2,3,2,6,0,1,0,0,0,2,0,6.91321E+20,5.33612E+21,1.15723E+16,4.81496E+16
170079,9.17031E+18,9,1,62,0,2017,3,15,2,3,3,6,0,1,0,0,0,0,0,6.97934E+20,5.33095E+21,1.16587E+16,4.81011E+16
170080,9.17031E+18,9,1,62,0,2017,3,10,2,3,1,5,0,1,0,0,0,0,0,6.95622E+20,5.33689E+21,1.16304E+16,4.81552E+16
170081,9.17031E+18,9,1,62,0,2017,3,14,2,3,4,2,0,1,0,0,0,0,0,6.97927E+20,5.33388E+21,1.166E+16,4.81274E+16
170082,9.17031E+18,9,1,62,0,2017,3,10,2,3,0,7,0,0,1,0,1,0,0,6.91696E+20,5.33457E+21,1.15766E+16,4.81354E+16
170083,9.17031E+18,9,1,62,0,2017,3,15,2,3,5,3,0,1,0,0,0,0,0,6.88855E+20,5.33464E+21,1.15385E+16,4.81369E+16
170084,9.17031E+18,9,1,62,0,2017,3,8,2,3,5,3,1,1,0,0,0,0,0,6.88155E+20,5.33676E+21,1.15301E+16,4.81562E+16
170085,9.17031E+18,9,1,62,0,2017,3,18,2,2,6,4,0,1,1,0,0,2,0,6.87426E+20,5.33891E+21,1.15212E+16,4.81758E+16
170086,9.17031E+18,9,1,62,0,2017,3,17,2,3,6,7,0,1,1,0,0,0,1,6.8233E+20,5.33587E+21,1.14514E+16,4.815E+16
170087,9.17031E+18,9,7,79,131,2017,3,7,2,2,8,7,0,1,0,0,0,0,0,6.26224E+20,5.39945E+21,1.07167E+16,4.87353E+16
170088,9.17031E+18,9,7,72,130,2017,3,17,2,3,5,2,0,1,0,0,0,1,0,6.32167E+20,5.35763E+21,1.07842E+16,4.8358E+16
170089,9.17031E+18,9,7,72,149,2017,3,12,2,2,0,1,1,0,0,0,0,0,0,6.34884E+20,5.33864E+21,1.08148E+16,4.81867E+16
170090,9.17031E+18,9,7,61,0,2017,3,15,2,3,6,4,0,1,1,0,0,0,0,6.40787E+20,5.3549E+21,1.08996E+16,4.83316E+16
170091,9.17031E+18,9,7,61,0,2017,3,11,2,3,2,7,0,1,0,1,0,0,0,6.39411E+20,5.3592E+21,1.08824E+16,4.83706E+16
170092,9.17031E+18,9,6,79,147,2017,3,17,2,3,5,2,0,1,0,0,0,1,1,5.62545E+20,5.51376E+21,9.86864E+15,4.97731E+16
170093,9.17031E+18,9,6,63,0,2017,3,14,2,3,6,4,0,1,1,0,0,0,0,5.69204E+20,5.51002E+21,9.96045E+15,4.97386E+16
170094,9.17031E+18,9,5,62,0,2017,3,7,2,3,5,3,1,1,0,0,0,1,1,6.44866E+20,5.49557E+21,1.10047E+16,4.95953E+16
170095,9.17031E+18,9,5,63,0,2017,3,14,2,3,2,6,0,1,0,0,1,0,1,6.40983E+20,5.48412E+21,1.09469E+16,4.94933E+16
170096,9.17031E+18,9,5,64,0,2017,3,17,2,3,1,5,0,1,0,1,0,0,0,6.49962E+20,5.47797E+21,1.10685E+16,4.94359E+16
170097,9.17031E+18,9,5,64,0,2017,3,16,2,2,0,1,1,0,0,0,1,0,1,6.47139E+20,5.47269E+21,1.10276E+16,4.93891E+16
170098,9.17031E+18,9,5,64,0,2017,3,7,2,3,4,6,1,1,0,0,0,0,1,6.50131E+20,5.47982E+21,1.10715E+16,4.94525E+16
170099,9.17031E+18,9,5,64,0,2017,3,13,2,2,0,1,0,0,0,1,0,0,1,6.46086E+20,5.47984E+21,1.10157E+16,4.94537E+16
170100,9.17031E+18,9,5,73,122,2017,3,16,2,3,4,2,0,1,0,0,0,0,0,6.4259E+20,5.47712E+21,1.09665E+16,4.94301E+16
170101,9.17031E+18,9,4,74,126,2017,3,19,2,3,6,2,0,1,1,0,0,2,1,6.48523E+20,5.50913E+21,1.10604E+16,4.97164E+16
170102,9.17031E+18,9,4,61,0,2017,3,10,2,3,5,2,1,1,0,0,0,0,1,6.35617E+20,5.52944E+21,1.08885E+16,4.9902E+16
170103,9.17031E+18,9,4,61,0,2017,3,7,2,3,2,6,0,1,0,0,1,0,1,6.35506E+20,5.53037E+21,1.08873E+16,4.99103E+16
170104,9.17031E+18,9,4,61,0,2017,3,13,2,3,4,6,0,1,1,0,0,0,1,6.36954E+20,5.52979E+21,1.09073E+16,4.99048E+16
170105,9.17031E+18,9,3,77,141,2017,3,16,2,3,5,3,0,1,0,0,0,0,0,7.32498E+20,5.53845E+21,1.22413E+16,4.99531E+16
170106,9.17031E+18,9,2,71,146,2017,3,12,2,2,5,3,0,1,0,0,0,0,0,7.83084E+20,5.40986E+21,1.28535E+16,4.87772E+16
170107,9.17031E+18,9,2,77,127,2017,3,21,2,2,0,7,1,0,0,0,0,2,0,7.90571E+20,5.35097E+21,1.29142E+16,4.82453E+16
170108,9.17031E+18,9,1,73,126,2017,3,18,2,3,4,2,0,1,0,0,0,2,1,6.8547E+20,5.3029E+21,1.14794E+16,4.78527E+16
170109,9.17031E+18,9,1,89,140,2017,3,18,2,3,0,7,1,0,0,0,0,1,0,7.73443E+20,5.29619E+21,1.26491E+16,4.7761E+16
170110,9.17031E+18,9,1,71,111,2017,3,12,2,3,4,2,0,1,0,0,1,0,0,7.72701E+20,5.34751E+21,1.26718E+16,4.82221E+16
170111,9.17031E+18,9,1,61,0,2017,3,12,2,3,4,2,0,1,0,0,0,0,0,6.77183E+20,5.40502E+21,1.14116E+16,4.87729E+16
170112,9.17031E+18,9,1,61,0,2017,3,18,2,3,6,4,0,1,1,0,0,1,0,6.7629E+20,5.40031E+21,1.13974E+16,4.87309E+16
170113,9.17031E+18,9,1,86,146,2017,3,21,2,2,1,1,0,1,0,1,0,2,0,6.85374E+20,5.37079E+21,1.15077E+16,4.84629E+16
170114,9.17031E+18,9,1,74,115,2017,3,17,2,3,5,3,1,1,0,0,0,0,0,6.80209E+20,5.34811E+21,1.14282E+16,4.82605E+16
170115,9.17031E+18,9,1,74,115,2017,3,7,2,3,1,6,0,1,0,0,0,0,1,6.82245E+20,5.34697E+21,1.14551E+16,4.82497E+16
170116,9.17031E+18,9,1,62,0,2017,3,14,1,3,0,6,0,0,0,1,0,0,0,6.89062E+20,5.33254E+21,1.15404E+16,4.8118E+16
170117,9.17031E+18,9,1,62,0,2017,3,17,1,2,3,6,1,0,0,0,0,1,0,6.89369E+20,5.33712E+21,1.15465E+16,4.81591E+16
170118,9.17031E+18,9,6,71,134,2017,3,15,1,2,0,7,1,1,0,0,0,0,0,5.00938E+20,5.5463E+21,9.01311E+15,5.0069E+16
170119,9.17031E+18,9,5,64,0,2017,3,15,1,3,6,2,0,1,1,0,0,0,0,6.45741E+20,5.48103E+21,1.10114E+16,4.94644E+16
170120,9.17031E+18,9,5,61,0,2017,3,2,1,2,6,4,0,1,1,0,0,2,0,6.14234E+20,5.46207E+21,1.05713E+16,4.93007E+16
170121,9.17031E+18,9,4,64,0,2017,3,17,1,3,2,7,0,1,0,0,0,0,0,7.06959E+20,5.57736E+21,1.19069E+16,5.03119E+16
170122,9.17031E+18,9,4,61,0,2017,3,3,1,3,6,2,0,1,1,0,0,2,1,6.36047E+20,5.52888E+21,1.08943E+16,4.98968E+16
170123,9.17031E+18,9,3,75,175,2017,3,14,1,3,4,6,0,1,0,1,0,0,0,7.14467E+20,5.4322E+21,1.19327E+16,4.90054E+16
170124,9.17031E+18,9,3,62,0,2017,3,15,1,3,6,4,0,1,1,0,0,0,0,7.25574E+20,5.43212E+21,1.20843E+16,4.90008E+16
170125,9.17031E+18,9,3,62,0,2017,3,19,1,2,5,3,0,1,0,0,0,2,0,7.2712E+20,5.43363E+21,1.21062E+16,4.90137E+16
170126,9.17031E+18,9,3,76,148,2017,3,15,1,2,5,3,0,1,0,1,0,0,0,7.44532E+20,5.48295E+21,1.2374E+16,4.94499E+16
170127,9.17031E+18,9,2,78,148,2017,3,16,1,2,8,1,0,0,0,1,0,0,0,7.3633E+20,5.40962E+21,1.22181E+16,4.87946E+16
170128,9.17031E+18,9,2,71,119,2017,3,17,1,3,0,1,1,0,0,0,0,0,0,7.89246E+20,5.41712E+21,1.29423E+16,4.88396E+16
170129,9.17031E+18,9,2,75,128,2017,3,16,1,3,0,3,0,0,0,1,0,0,0,8.28358E+20,5.40173E+21,1.34616E+16,4.86821E+16
170130,9.17031E+18,9,2,61,0,2017,3,12,1,3,0,6,0,1,0,1,0,0,0,7.32645E+20,5.38001E+21,1.21514E+16,4.85301E+16
170131,9.17031E+18,9,2,74,124,2017,3,1,1,3,0,1,1,0,0,0,0,2,0,7.25135E+20,5.37596E+21,1.20476E+16,4.84964E+16
170132,9.17031E+18,9,1,73,126,2017,3,17,1,3,0,1,1,0,0,0,0,1,0,6.82425E+20,5.30427E+21,1.14393E+16,4.78659E+16
170133,9.17031E+18,9,1,61,0,2017,3,13,1,2,8,1,0,0,0,1,0,0,0,6.75507E+20,5.40612E+21,1.13893E+16,4.87833E+16
170134,9.17031E+18,9,1,61,0,2017,3,9,1,2,5,3,1,1,0,0,0,0,0,6.78267E+20,5.40174E+21,1.14249E+16,4.87432E+16
170135,9.17031E+18,9,1,74,121,2017,3,17,1,3,8,1,0,0,0,1,0,0,0,6.90153E+20,5.35535E+21,1.15653E+16,4.83227E+16
170136,9.1703E+18,9,1,62,0,2017,3,11,7,3,0,6,1,0,0,0,0,0,0,6.85068E+20,5.3377E+21,1.1489E+16,4.81656E+16
170137,9.1703E+18,9,1,62,0,2017,3,12,7,3,1,3,1,1,0,0,0,0,0,6.96608E+20,5.33751E+21,1.1644E+16,4.81604E+16
170138,9.1703E+18,9,1,62,0,2017,3,15,7,3,3,2,1,1,0,0,0,0,0,6.90359E+20,5.33388E+21,1.15584E+16,4.81297E+16
170139,9.1703E+18,9,1,62,0,2017,3,11,7,3,0,7,0,1,0,1,0,0,0,6.79394E+20,5.33484E+21,1.14116E+16,4.81415E+16
170140,9.1703E+18,9,1,62,0,2017,3,17,7,3,0,6,1,0,0,0,0,0,0,6.9551E+20,5.33639E+21,1.16287E+16,4.81507E+16
170141,9.1703E+18,9,1,62,0,2017,3,19,7,3,6,4,0,1,1,0,0,2,0,6.93893E+20,5.3351E+21,1.16064E+16,4.81396E+16
170142,9.1703E+18,9,1,84,144,2017,3,14,7,2,4,6,0,1,0,0,0,0,0,6.89888E+20,5.32064E+21,1.15462E+16,4.80108E+16
170143,9.1703E+18,9,1,62,0,2017,3,16,7,3,0,7,1,0,0,0,0,0,0,6.85356E+20,5.3394E+21,1.14936E+16,4.81807E+16
170144,9.1703E+18,9,1,62,0,2017,3,12,7,3,2,6,1,0,0,0,0,0,0,6.93665E+20,5.33579E+21,1.16037E+16,4.81459E+16
170145,9.1703E+18,9,1,62,0,2017,3,2,7,3,0,1,1,0,0,0,0,2,0,6.91754E+20,5.33502E+21,1.15776E+16,4.81395E+16
170146,9.1703E+18,9,7,75,129,2017,3,16,7,3,5,7,1,0,0,0,1,0,0,5.82527E+20,5.33931E+21,1.01107E+16,4.82017E+16
170147,9.1703E+18,9,7,80,117,2017,3,17,7,3,9,1,1,0,0,0,0,0,0,5.93557E+20,5.28483E+21,1.02472E+16,4.771E+16
170148,9.1703E+18,9,7,80,133,2017,3,8,7,3,8,1,0,1,0,0,0,0,2,5.92471E+20,5.25096E+21,1.02256E+16,4.74055E+16
170149,9.1703E+18,9,7,63,0,2017,3,10,7,3,5,3,0,1,0,0,0,0,0,5.99039E+20,5.28553E+21,1.03204E+16,4.77156E+16
170150,9.1703E+18,9,7,72,163,2017,3,11,7,3,0,3,0,1,0,1,0,0,0,6.40104E+20,5.34657E+21,1.08876E+16,4.82568E+16
170151,9.1703E+18,9,7,61,0,2017,3,11,7,3,5,3,0,1,0,1,0,0,0,6.39084E+20,5.36301E+21,1.08793E+16,4.84049E+16
170152,9.1703E+18,9,7,61,0,2017,3,17,7,3,4,2,0,1,0,0,0,0,0,6.41907E+20,5.35763E+21,1.09156E+16,4.83559E+16
170153,9.1703E+18,9,6,78,135,2017,3,10,7,3,5,3,1,1,0,0,0,0,0,5.91102E+20,5.54181E+21,1.02718E+16,5.00216E+16
170154,9.1703E+18,9,5,62,0,2017,3,14,7,3,5,3,0,1,0,1,0,0,0,6.45244E+20,5.49618E+21,1.10101E+16,4.96007E+16
170155,9.17032E+18,9,4,61,0,2017,3,7,5,3,3,2,1,1,0,0,0,0,0,6.35918E+20,5.52833E+21,1.08923E+16,4.98919E+16