OBJECTID,UIDENTSTLA,ULAND,UREGBEZ,UKREIS,UGEMEINDE,UJAHR,UMONAT,USTUNDE,UWOCHENTAG,UKATEGORIE,UART,UTYP1,IstRad,IstPKW,IstFuss,IstKrad,IstSonstig,LICHT,STRZUSTAND,LINREFX,LINREFY,XGCSWGS84,YGCSWGS84
170156,9.17032E+18,9,3,62,0,2017,3,7,5,2,4,6,0,1,0,0,0,0,0,7.3054E+20,5.42992E+21,1.21508E+16,4.89791E+16
170157,9.17032E+18,9,2,71,119,2017,3,7,5,3,1,6,1,1,0,0,0,0,0,7.90745E+20,5.41739E+21,1.29629E+16,4.88413E+16
170158,9.17032E+18,9,2,75,116,2017,3,15,5,3,8,1,0,1,0,0,0,0,0,8.22215E+20,5.36455E+21,1.33496E+16,4.83518E+16
170159,9.17032E+18,9,2,74,132,2017,3,19,5,2,4,6,0,1,0,1,0,2,0,7.22593E+20,5.38696E+21,1.20191E+16,4.85961E+16
170160,9.17032E+18,9,2,74,176,2017,3,10,5,3,5,3,0,1,0,0,1,0,0,7.22637E+20,5.39902E+21,1.20262E+16,4.87045E+16
170161,9.17032E+18,9,2,79,134,2017,3,10,5,3,5,3,0,1,0,0,0,0,0,7.67703E+20,5.38652E+21,1.26295E+16,4.85745E+16
170162,9.17032E+18,9,1,89,155,2017,3,7,5,3,2,2,0,1,0,0,0,0,0,7.71922E+20,5.30763E+21,1.2636E+16,4.78644E+16
170163,9.17032E+18,9,1,63,0,2017,3,7,5,3,4,7,1,1,0,0,0,0,0,7.33151E+20,5.30461E+21,1.21168E+16,4.78525E+16
170164,9.17032E+18,9,1,63,0,2017,3,8,5,3,5,3,1,1,0,0,0,0,0,7.33994E+20,5.30522E+21,1.21284E+16,4.78577E+16
170165,9.17032E+18,9,1,85,158,2017,3,15,5,3,5,3,1,1,0,0,0,0,0,6.67776E+20,5.37956E+21,1.12733E+16,4.85467E+16
170166,9.17032E+18,9,1,81,130,2017,3,6,5,3,0,3,0,1,0,1,0,1,0,6.39779E+20,5.32414E+21,1.08759E+16,4.80552E+16
170167,9.17032E+18,9,1,88,121,2017,3,17,5,3,2,6,0,1,0,0,0,0,0,6.6993E+20,5.32917E+21,1.12822E+16,4.80931E+16
170168,9.17032E+18,9,1,79,121,2017,3,8,5,3,4,2,1,1,0,0,0,0,0,6.67708E+20,5.33835E+21,1.1256E+16,4.81763E+16
170169,9.17032E+18,9,1,74,115,2017,3,7,5,3,5,3,1,1,0,0,0,0,0,6.80408E+20,5.34739E+21,1.14305E+16,4.8254E+16
170170,9.17032E+18,9,1,78,124,2017,3,15,5,3,6,4,0,1,1,0,0,0,0,7.02945E+20,5.36448E+21,1.1742E+16,4.84008E+16
170171,9.17032E+18,9,1,77,112,2017,3,9,5,3,8,1,0,0,0,1,0,0,0,7.16653E+20,5.36308E+21,1.19263E+16,4.83836E+16
170172,9.17032E+18,9,4,63,0,2017,3,21,5,3,4,2,0,1,0,0,0,2,0,6.39907E+20,5.56881E+21,1.09626E+16,5.02548E+16
170173,9.17032E+18,9,4,62,0,2017,3,20,5,3,5,3,0,1,0,0,0,2,0,6.85247E+20,5.53483E+21,1.15816E+16,4.99371E+16
170174,9.17032E+18,9,1,62,0,2017,3,18,4,3,6,4,0,1,1,0,0,1,0,6.8404E+20,5.33323E+21,1.14733E+16,4.81257E+16
170175,9.17032E+18,9,1,84,147,2017,3,7,4,3,2,6,0,1,0,1,0,0,0,6.96994E+20,5.3403E+21,1.16504E+16,4.81853E+16
170176,9.17032E+18,9,1,62,0,2017,3,10,4,3,4,2,1,1,0,0,0,0,0,6.94551E+20,5.33548E+21,1.16154E+16,4.81428E+16
170177,9.17032E+18,9,1,62,0,2017,3,7,4,2,6,4,0,1,1,0,0,0,0,6.90469E+20,5.34224E+21,1.15636E+16,4.82048E+16
170178,9.17032E+18,9,1,62,0,2017,3,16,4,3,6,7,1,0,1,0,0,0,0,6.92426E+20,5.33732E+21,1.15877E+16,4.81599E+16
170179,9.17032E+18,9,1,62,0,2017,3,14,4,3,5,2,1,1,0,0,0,0,0,6.89147E+20,5.33602E+21,1.15431E+16,4.81493E+16
170180,9.17032E+18,9,1,62,0,2017,3,20,4,3,0,7,0,0,0,0,1,2,0,6.93428E+20,5.33523E+21,1.16002E+16,4.81409E+16
170181,9.17032E+18,9,7,78,119,2017,3,7,4,3,4,6,0,1,0,0,0,0,0,5.95414E+20,5.30606E+21,1.02766E+16,4.79007E+16
170182,9.17032E+18,9,7,77,130,2017,3,10,4,3,0,1,1,0,0,0,0,0,0,6.25152E+20,5.30899E+21,1.06752E+16,4.7922E+16
170183,9.17032E+18,9,7,72,177,2017,3,13,4,3,0,7,1,0,0,0,0,0,0,6.36568E+20,5.37802E+21,1.08502E+16,4.85404E+16
170184,9.17032E+18,9,7,72,184,2017,3,15,4,3,5,3,1,1,0,0,0,0,0,6.3585E+20,5.36151E+21,1.08351E+16,4.83921E+16
170185,9.17032E+18,9,7,71,146,2017,3,9,4,3,5,3,0,1,0,1,0,0,0,6.47412E+20,5.34771E+21,1.09864E+16,4.82654E+16
170186,9.17032E+18,9,7,72,125,2017,3,15,4,3,5,3,0,1,0,0,0,0,0,6.36734E+20,5.34719E+21,1.08424E+16,4.82632E+16
170187,9.17032E+18,9,7,61,0,2017,3,12,4,3,2,6,0,1,0,1,0,0,0,6.37065E+20,5.36015E+21,1.08511E+16,4.83796E+16
170188,9.17032E+18,9,7,61,0,2017,3,8,4,3,3,6,1,0,0,0,1,0,0,6.42673E+20,5.36054E+21,1.09269E+16,4.83819E+16
170189,9.17032E+18,9,6,62,0,2017,3,13,4,2,5,3,1,1,0,0,0,0,0,5.87343E+20,5.54484E+21,1.022E+16,5.00495E+16
170190,9.17032E+18,9,6,76,145,2017,3,10,4,3,5,3,0,1,0,0,0,0,0,5.10623E+20,5.52152E+21,9.14775E+15,4.9846E+16
170191,9.17032E+18,9,6,71,111,2017,3,7,4,2,6,1,0,1,1,0,0,0,0,5.04738E+20,5.54833E+21,9.06623E+15,5.00872E+16
170192,9.17032E+18,9,5,72,132,2017,3,6,4,3,5,7,1,1,0,0,0,1,0,6.38352E+20,5.4917E+21,1.09132E+16,4.9562E+16
170193,9.17032E+18,9,5,72,119,2017,3,14,4,2,0,3,0,1,0,1,0,0,0,6.45319E+20,5.4986E+21,1.1012E+16,4.96224E+16
170194,9.17032E+18,9,5,76,143,2017,3,20,4,3,5,3,0,1,0,0,1,1,0,6.55514E+20,5.45364E+21,1.11355E+16,4.92158E+16
170195,9.17032E+18,9,5,76,122,2017,3,17,4,3,8,6,0,1,0,1,0,0,0,6.72437E+20,5.43557E+21,1.136E+16,4.90488E+16
170196,9.17032E+18,9,5,63,0,2017,3,10,4,3,0,4,0,1,1,0,0,0,0,6.45689E+20,5.48268E+21,1.10113E+16,4.94792E+16
170197,9.17032E+18,9,5,63,0,2017,3,15,4,3,5,2,1,1,0,0,0,0,0,6.44916E+20,5.48119E+21,1.10001E+16,4.94661E+16
170198,9.17032E+18,9,5,64,0,2017,3,20,4,3,6,4,0,1,1,0,0,2,1,6.52005E+20,5.47914E+21,1.10971E+16,4.94459E+16
170199,9.17032E+18,9,5,64,0,2017,3,14,4,2,5,5,0,1,0,1,0,0,0,6.52038E+20,5.47908E+21,1.10975E+16,4.94454E+16
170200,9.17032E+18,9,5,64,0,2017,3,19,4,3,6,6,0,1,1,0,0,2,0,6.47866E+20,5.47809E+21,1.10396E+16,4.94375E+16
170201,9.17032E+18,9,5,73,134,2017,3,15,4,3,5,3,0,1,0,0,0,0,0,6.42831E+20,5.47848E+21,1.09703E+16,4.94422E+16
170202,9.17032E+18,9,5,73,125,2017,3,17,4,3,8,6,0,1,0,0,1,0,0,6.37178E+20,5.46952E+21,1.08893E+16,4.93629E+16
170203,9.17032E+18,9,5,73,122,2017,3,9,4,3,5,3,1,1,0,0,0,0,0,6.43666E+20,5.47629E+21,1.09811E+16,4.94223E+16
170204,9.17032E+18,9,4,75,162,2017,3,11,4,2,2,6,0,1,0,0,1,0,0,7.16686E+20,5.57151E+21,1.20399E+16,5.02559E+16
170205,9.17032E+18,9,4,75,158,2017,3,7,4,3,5,3,0,1,0,0,0,0,0,7.08763E+20,5.57176E+21,1.19291E+16,5.0261E+16
170206,9.17032E+18,9,4,62,0,2017,3,12,4,3,5,3,0,1,0,0,0,0,0,6.83662E+20,5.536E+21,1.15601E+16,4.9948E+16
170207,9.17032E+18,9,4,61,0,2017,3,16,4,3,4,2,1,1,0,0,0,0,0,6.3432E+20,5.52915E+21,1.08704E+16,4.98996E+16
170208,9.17032E+18,9,3,74,154,2017,3,14,4,3,5,3,0,1,0,0,0,0,0,7.29038E+20,5.50512E+21,1.21735E+16,4.96551E+16
170209,9.17032E+18,9,3,76,141,2017,3,15,4,3,9,1,1,1,0,0,0,0,0,7.26362E+20,5.45347E+21,1.2107E+16,4.91922E+16
170210,9.17032E+18,9,2,71,141,2017,3,18,4,3,9,7,0,1,0,0,0,1,0,7.96505E+20,5.4028E+21,1.30307E+16,4.87077E+16
170211,9.17032E+18,9,2,77,128,2017,3,16,4,3,5,2,0,1,0,0,0,0,0,7.97076E+20,5.3528E+21,1.30029E+16,4.82586E+16
170212,9.17032E+18,9,1,90,157,2017,3,14,4,3,0,1,1,0,0,0,0,0,0,6.59459E+20,5.2998E+21,1.11308E+16,4.78317E+16
170213,9.17032E+18,9,1,90,140,2017,3,15,4,3,9,1,0,1,0,0,0,0,0,6.43795E+20,5.29607E+21,1.09204E+16,4.78019E+16
170214,9.17032E+18,9,1,73,112,2017,3,16,4,3,5,3,1,1,0,0,0,0,0,6.9206E+20,5.29182E+21,1.15625E+16,4.77512E+16
170215,9.17032E+18,9,1,73,124,2017,3,9,4,3,8,6,0,1,0,0,0,0,0,6.9314E+20,5.28864E+21,1.15755E+16,4.77222E+16
170216,9.17032E+18,9,1,61,0,2017,3,21,4,3,4,2,0,1,0,0,0,2,0,6.76479E+20,5.4069E+21,1.14028E+16,4.87901E+16
170217,9.17032E+18,9,1,61,0,2017,3,16,4,3,5,2,0,1,0,0,0,0,0,6.8162E+20,5.40244E+21,1.14708E+16,4.87485E+16
170218,9.17032E+18,9,1,81,131,2017,3,6,4,3,5,3,0,1,0,0,0,0,0,6.35785E+20,5.33409E+21,1.08255E+16,4.81456E+16
170219,9.17032E+18,9,1,79,126,2017,3,18,4,3,1,3,1,1,0,0,0,2,0,6.76616E+20,5.33893E+21,1.1376E+16,4.81791E+16
170220,9.17032E+18,9,1,79,121,2017,3,9,4,2,6,7,0,1,1,0,0,0,0,6.65223E+20,5.33681E+21,1.1222E+16,4.8163E+16
170221,9.17032E+18,9,1,78,142,2017,3,17,4,3,4,3,1,1,0,0,0,0,0,7.14508E+20,5.37742E+21,1.19047E+16,4.85132E+16
170222,9.17032E+18,9,1,77,144,2017,3,7,4,3,5,3,0,1,0,0,0,0,0,7.15525E+20,5.347E+21,1.19029E+16,4.82396E+16
170223,9.17031E+18,9,1,62,0,2017,3,8,3,3,5,3,1,1,0,0,0,0,0,6.91314E+20,5.3387E+21,1.15734E+16,4.81727E+16
170224,9.17031E+18,9,1,62,0,2017,3,15,3,3,2,6,0,1,0,0,1,0,0,6.99357E+20,5.33447E+21,1.16795E+16,4.81323E+16
170225,9.17031E+18,9,1,84,130,2017,3,7,3,3,6,6,0,0,1,0,1,1,0,6.98979E+20,5.34488E+21,1.16793E+16,4.82259E+16
170226,9.17031E+18,9,1,62,0,2017,3,13,3,3,5,2,0,1,0,0,0,0,0,6.86094E+20,5.33876E+21,1.15033E+16,4.81748E+16
170227,9.17031E+18,9,1,62,0,2017,3,8,3,3,5,2,1,1,0,0,0,0,0,6.84283E+20,5.33126E+21,1.14757E+16,4.81079E+16
170228,9.17031E+18,9,1,62,0,2017,3,14,3,3,0,2,0,1,0,0,1,0,0,6.93899E+20,5.33129E+21,1.16048E+16,4.81054E+16
170229,9.17031E+18,9,1,62,0,2017,3,8,3,3,6,4,1,0,1,0,0,0,0,6.92935E+20,5.33319E+21,1.15927E+16,4.81228E+16
170230,9.17031E+18,9,1,62,0,2017,3,8,3,3,0,1,1,0,0,0,0,0,0,6.92157E+20,5.33317E+21,1.15822E+16,4.81228E+16
170231,9.17031E+18,9,1,62,0,2017,3,17,3,3,5,3,0,1,0,0,0,0,0,6.90308E+20,5.33275E+21,1.15572E+16,4.81195E+16
170232,9.17031E+18,9,1,84,147,2017,3,10,3,3,3,2,0,1,0,1,0,0,0,6.9731E+20,5.34059E+21,1.16548E+16,4.81879E+16
170233,9.17031E+18,9,1,62,0,2017,3,10,3,3,4,2,0,1,0,0,0,0,0,6.86772E+20,5.33695E+21,1.15116E+16,4.81583E+16
170234,9.17031E+18,9,1,62,0,2017,3,11,3,3,2,6,0,1,0,0,0,0,0,6.9028E+20,5.33361E+21,1.15572E+16,4.81272E+16
170235,9.17031E+18,9,7,75,135,2017,3,18,3,2,5,3,0,1,0,0,0,2,0,5.75808E+20,5.36133E+21,1.00242E+16,4.84005E+16
170236,9.17031E+18,9,7,79,131,2017,3,13,3,3,2,6,0,1,0,0,0,0,0,6.29546E+20,5.39751E+21,1.07612E+16,4.87172E+16
170237,9.17031E+18,9,7,72,184,2017,3,16,3,3,5,3,1,1,0,0,0,0,0,6.3597E+20,5.36095E+21,1.08366E+16,4.8387E+16
170238,9.17031E+18,9,7,61,0,2017,3,19,3,3,4,2,1,1,0,0,0,2,0,6.38696E+20,5.3604E+21,1.08732E+16,4.83815E+16
170239,9.17031E+18,9,7,61,0,2017,3,12,3,3,3,2,1,1,0,0,0,0,0,6.41895E+20,5.36049E+21,1.09164E+16,4.83817E+16
170240,9.17031E+18,9,7,61,0,2017,3,9,3,3,5,3,0,1,0,0,1,0,0,6.40483E+20,5.35757E+21,1.08964E+16,4.83557E+16
170241,9.17031E+18,9,7,61,0,2017,3,17,3,3,5,3,0,1,0,0,0,0,0,6.42493E+20,5.35765E+21,1.09235E+16,4.83559E+16
170242,9.17031E+18,9,7,61,0,2017,3,9,3,3,5,3,0,1,0,0,0,0,0,6.39943E+20,5.35895E+21,1.08895E+16,4.83682E+16
170243,9.17031E+18,9,6,79,204,2017,3,13,3,3,2,6,0,1,0,0,1,0,0,5.5768E+20,5.51203E+21,9.80082E+15,4.97579E+16
170244,9.17031E+18,9,6,63,0,2017,3,14,3,3,2,6,0,1,0,1,0,0,0,5.66673E+20,5.51664E+21,9.92646E+15,4.97985E+16
170245,9.17031E+18,9,6,63,0,2017,3,9,3,3,5,3,0,1,0,0,0,0,0,5.67627E+20,5.51673E+21,9.93972E+15,4.97992E+16
170246,9.17031E+18,9,6,78,134,2017,3,17,3,3,4,6,0,1,0,1,0,0,0,5.96545E+20,5.5287E+21,1.03444E+16,4.99028E+16
170247,9.17031E+18,9,6,76,121,2017,3,9,3,3,5,3,1,1,0,0,0,0,0,5.11591E+20,5.52166E+21,9.16123E+15,4.98472E+16
170248,9.17031E+18,9,6,71,140,2017,3,7,3,3,5,3,0,1,0,1,0,0,0,5.06461E+20,5.53616E+21,9.09011E+15,4.99778E+16
170249,9.17031E+18,9,5,63,0,2017,3,13,3,3,6,4,0,1,1,0,0,0,0,6.4474E+20,5.48026E+21,1.09973E+16,4.94578E+16
170250,9.17031E+18,9,5,64,0,2017,3,10,3,2,5,3,0,1,0,0,0,0,0,6.51804E+20,5.4773E+21,1.10936E+16,4.94294E+16
170251,9.17031E+18,9,5,64,0,2017,3,8,3,3,5,3,1,1,0,0,0,0,0,6.49071E+20,5.47871E+21,1.10564E+16,4.94428E+16
170252,9.17031E+18,9,5,64,0,2017,3,19,3,3,6,1,1,0,1,0,0,2,0,6.52144E+20,5.48065E+21,1.10996E+16,4.94594E+16
170253,9.17031E+18,9,5,64,0,2017,3,7,3,3,4,2,0,1,0,0,0,0,0,6.51621E+20,5.47808E+21,1.10914E+16,4.94365E+16
170254,9.17031E+18,9,5,64,0,2017,3,12,3,3,5,3,1,1,0,0,0,0,0,6.48816E+20,5.47941E+21,1.10532E+16,4.94491E+16
170255,9.17031E+18,9,5,64,0,2017,3,11,3,3,6,4,0,1,1,0,0,0,0,6.51112E+20,5.48032E+21,1.10852E+16,4.94567E+16
170256,9.17031E+18,9,5,77,177,2017,3,12,3,3,6,4,0,1,1,0,0,0,0,6.43406E+20,5.4316E+21,1.09615E+16,4.90206E+16
170257,9.17031E+18,9,4,72,175,2017,3,18,3,2,5,3,1,1,0,0,0,1,0,6.82582E+20,5.51727E+21,1.15362E+16,4.97802E+16
170258,9.17031E+18,9,4,71,119,2017,3,11,3,3,5,3,0,1,0,0,0,0,0,6.35979E+20,5.53749E+21,1.08964E+16,4.99742E+16
170259,9.17031E+18,9,4,61,0,2017,3,19,3,3,5,3,1,1,0,0,0,2,0,6.36886E+20,5.52905E+21,1.09061E+16,4.98981E+16
170260,9.17031E+18,9,3,63,0,2017,3,7,3,3,6,7,0,1,1,0,0,0,0,7.26919E+20,5.50836E+21,1.2146E+16,4.9685E+16
170261,9.17031E+18,9,2,63,0,2017,3,8,3,3,0,1,0,0,0,1,0,0,0,7.62501E+20,5.41873E+21,1.25796E+16,4.88659E+16
170262,9.17031E+18,9,2,71,146,2017,3,14,3,3,2,6,0,1,0,0,0,0,0,7.8582E+20,5.41124E+21,1.28916E+16,4.87884E+16
170263,9.17031E+18,9,2,61,0,2017,3,17,3,2,6,4,0,1,1,0,0,0,0,7.32498E+20,5.38092E+21,1.21499E+16,4.85383E+16
170264,9.17031E+18,9,1,83,129,2017,3,16,3,3,5,3,1,1,0,0,0,0,0,7.60262E+20,5.36273E+21,1.2514E+16,4.83641E+16
170265,9.17031E+18,9,1,63,0,2017,3,8,3,3,3,2,1,1,0,0,0,0,0,7.3258E+20,5.30473E+21,1.21093E+16,4.78538E+16
170266,9.17031E+18,9,1,63,0,2017,3,7,3,3,1,3,1,1,0,0,0,0,0,7.30644E+20,5.30348E+21,1.20827E+16,4.78433E+16
170267,9.17031E+18,9,1,87,148,2017,3,13,3,3,5,3,0,1,0,0,0,0,0,7.40132E+20,5.27854E+21,1.21956E+16,4.76157E+16
170268,9.17031E+18,9,1,61,0,2017,3,5,3,3,3,6,0,1,0,0,1,2,0,6.76984E+20,5.40524E+21,1.1409E+16,4.8775E+16
170269,9.17031E+18,9,1,61,0,2017,3,22,3,3,1,6,0,1,0,0,1,2,0,6.77968E+20,5.40713E+21,1.14232E+16,4.87917E+16
170270,9.17031E+18,9,1,79,123,2017,3,12,3,3,5,3,0,1,0,0,0,0,0,6.75895E+20,5.33288E+21,1.13638E+16,4.81248E+16
170271,9.17031E+18,9,1,78,124,2017,3,19,3,3,2,6,0,1,0,0,0,2,0,6.99767E+20,5.36192E+21,1.16979E+16,4.83788E+16
170272,9.17031E+18,9,1,77,117,2017,3,9,3,3,6,6,0,1,1,0,0,0,0,7.15406E+20,5.35434E+21,1.1905E+16,4.83055E+16
170273,9.17031E+18,9,1,77,117,2017,3,11,3,3,0,7,1,0,0,0,0,0,0,7.15278E+20,5.35243E+21,1.19023E+16,4.82884E+16
170274,9.17031E+18,9,1,62,0,2017,3,17,2,3,1,1,1,1,0,0,0,0,0,6.86309E+20,5.33281E+21,1.15035E+16,4.81213E+16
170275,9.17031E+18,9,1,62,0,2017,3,14,2,3,4,6,1,0,1,0,0,0,0,6.85435E+20,5.3395E+21,1.14947E+16,4.81817E+16
170276,9.17031E+18,9,1,62,0,2017,3,17,2,3,2,6,0,1,0,0,0,0,0,6.94348E+20,5.33422E+21,1.16121E+16,4.81315E+16
170277,9.17031E+18,9,1,62,0,2017,3,12,2,3,6,4,0,1,1,0,0,0,0,6.98584E+20,5.33338E+21,1.16686E+16,4.81227E+16
170278,9.17031E+18,9,1,62,0,2017,3,15,2,3,5,3,0,1,0,0,0,0,0,6.97003E+20,5.33138E+21,1.16464E+16,4.81052E+16
170279,9.17031E+18,9,1,62,0,2017,3,16,2,3,5,3,1,1,0,0,0,0,0,6.86233E+20,5.3319E+21,1.15021E+16,4.81132E+16
170280,9.17031E+18,9,1,84,136,2017,3,16,2,3,5,3,0,1,0,0,0,0,0,6.99513E+20,5.32672E+21,1.16779E+16,4.80625E+16
170281,9.17031E+18,9,1,62,0,2017,3,20,2,2,5,3,0,1,0,0,0,2,0,6.9191E+20,5.33196E+21,1.15783E+16,4.81119E+16
170282,9.17031E+18,9,1,62,0,2017,3,18,2,2,0,7,1,0,0,0,0,2,0,6.9579E+20,5.33293E+21,1.16309E+16,4.81195E+16
170283,9.17031E+18,9,1,62,0,2017,3,15,2,3,2,6,0,1,0,0,0,0,0,6.86432E+20,5.3376E+21,1.15073E+16,4.81643E+16
170284,9.17031E+18,9,1,62,0,2017,3,9,2,3,1,5,1,1,0,0,0,0,0,6.90755E+20,5.33505E+21,1.15642E+16,4.81401E+16
170285,9.17031E+18,9,7,75,135,2017,3,12,2,3,1,7,0,1,0,0,0,0,0,5.79076E+20,5.36274E+21,1.00686E+16,4.84129E+16
170286,9.17031E+18,9,7,75,135,2017,3,16,2,3,4,2,0,1,0,0,0,0,0,5.75688E+20,5.35913E+21,1.00222E+16,4.83808E+16
170287,9.17031E+18,9,7,75,129,2017,3,20,2,2,9,7,1,0,0,0,0,2,0,5.827E+20,5.34109E+21,1.01133E+16,4.82176E+16
170288,9.17031E+18,9,7,63,0,2017,3,9,2,3,6,2,0,1,1,0,0,0,0,5.97828E+20,5.28728E+21,1.03047E+16,4.77315E+16
170289,9.17031E+18,9,7,61,0,2017,3,12,2,3,6,3,0,1,1,0,0,0,0,6.38581E+20,5.35833E+21,1.0871E+16,4.83629E+16
170290,9.17031E+18,9,7,61,0,2017,3,16,2,3,5,3,1,1,0,0,0,0,0,6.39204E+20,5.35896E+21,1.08796E+16,4.83684E+16
170291,9.17031E+18,9,7,61,0,2017,3,7,2,3,4,7,0,1,0,1,0,0,0,6.38921E+20,5.36033E+21,1.08762E+16,4.83808E+16
170292,9.17031E+18,9,7,71,113,2017,3,12,2,3,0,7,1,0,0,0,0,0,0,6.58133E+20,5.36941E+21,1.11389E+16,4.84579E+16
170293,9.17031E+18,9,6,63,0,2017,3,7,2,3,3,2,1,1,0,0,0,0,0,5.68929E+20,5.51808E+21,9.95806E+15,4.98112E+16
170294,9.17031E+18,9,6,63,0,2017,3,15,2,3,4,2,0,1,0,1,0,0,0,5.67341E+20,5.51626E+21,9.93567E+15,4.97951E+16
170295,9.17031E+18,9,6,73,114,2017,3,9,2,3,2,6,0,1,0,0,0,0,0,5.8532E+20,5.57555E+21,1.01986E+16,5.03259E+16
170296,9.17031E+18,9,6,78,196,2017,3,16,2,3,6,6,1,0,1,0,0,0,0,5.84635E+20,5.53067E+21,1.01791E+16,4.99224E+16
170297,9.17031E+18,9,5,74,123,2017,3,6,2,3,5,3,0,0,0,1,1,1,0,6.6045E+20,5.47184E+21,1.12105E+16,4.93781E+16
170298,9.17031E+18,9,5,64,0,2017,3,12,2,3,0,4,0,0,1,0,1,0,0,6.5149E+20,5.47866E+21,1.10898E+16,4.94417E+16
170299,9.17031E+18,9,5,64,0,2017,3,17,2,3,3,2,1,1,0,0,0,0,0,6.50393E+20,5.47918E+21,1.10749E+16,4.94467E+16
170300,9.17031E+18,9,5,73,122,2017,3,18,2,2,5,3,1,1,0,0,0,2,0,6.43584E+20,5.47721E+21,1.09803E+16,4.94306E+16
170301,9.17031E+18,9,5,77,136,2017,3,18,2,3,6,4,0,1,1,0,0,0,0,6.30002E+20,5.44234E+21,1.07817E+16,4.91202E+16
170302,9.17031E+18,9,5,75,153,2017,3,7,2,3,6,4,0,1,1,0,0,0,0,6.1681E+20,5.49255E+21,1.06157E+16,4.95742E+16
170303,9.17031E+18,9,4,61,0,2017,3,6,2,3,0,7,1,0,0,0,0,0,0,6.33105E+20,5.5293E+21,1.08535E+16,4.99012E+16
170304,9.17031E+18,9,4,61,0,2017,3,6,2,3,5,3,0,1,0,0,1,0,0,6.36021E+20,5.52804E+21,1.08937E+16,4.98893E+16
170305,9.17031E+18,9,3,62,0,2017,3,13,2,3,2,6,0,1,0,0,0,0,0,7.27811E+20,5.43166E+21,1.21146E+16,4.89957E+16
170306,9.17031E+18,9,3,62,0,2017,3,16,2,3,5,3,0,1,0,0,0,0,0,7.32416E+20,5.43027E+21,1.21766E+16,4.89815E+16
170307,9.17031E+18,9,2,73,165,2017,3,5,2,3,8,6,0,1,0,0,0,2,0,7.16846E+20,5.40859E+21,1.19526E+16,4.87925E+16
170308,9.17031E+18,9,2,61,0,2017,3,16,2,3,2,6,1,1,0,0,0,0,0,7.33628E+20,5.37959E+21,1.21644E+16,4.85259E+16
170309,9.17031E+18,9,2,61,0,2017,3,16,2,3,2,6,0,1,0,0,0,0,0,7.31664E+20,5.38219E+21,1.21393E+16,4.85499E+16
170310,9.17031E+18,9,2,73,111,2017,3,13,2,3,5,2,0,1,0,1,0,0,0,7.09312E+20,5.41103E+21,1.18514E+16,4.88169E+16
170311,9.17031E+18,9,1,90,148,2017,3,15,2,3,5,3,1,1,0,0,0,0,0,6.41458E+20,5.29659E+21,1.08893E+16,4.78071E+16
170312,9.17031E+18,9,1,90,148,2017,3,7,2,3,2,6,1,1,0,0,0,0,0,6.42111E+20,5.29813E+21,1.08986E+16,4.78208E+16
170313,9.17031E+18,9,1,90,140,2017,3,14,2,3,0,1,0,1,0,0,0,0,0,6.44924E+20,5.29513E+21,1.09351E+16,4.77932E+16
170314,9.17031E+18,9,1,73,112,2017,3,8,2,3,0,7,1,0,0,0,0,0,0,6.90654E+20,5.29265E+21,1.15441E+16,4.7759E+16
170315,9.17031E+18,9,1,83,128,2017,3,8,2,3,5,3,1,1,0,0,0,0,0,7.62102E+20,5.35076E+21,1.25314E+16,4.82558E+16
170316,9.17031E+18,9,1,71,112,2017,3,11,2,2,8,1,0,0,0,1,0,0,0,7.83383E+20,5.3409E+21,1.28109E+16,4.81581E+16
170317,9.17031E+18,9,1,63,0,2017,3,14,2,3,4,2,0,1,0,0,0,0,0,7.31871E+20,5.30458E+21,1.20997E+16,4.78527E+16
170318,9.17031E+18,9,1,63,0,2017,3,12,2,3,4,6,1,1,0,0,0,0,0,7.32545E+20,5.30469E+21,1.21088E+16,4.78534E+16
170319,9.17031E+18,9,1,87,114,2017,3,15,2,3,5,3,0,1,0,0,0,0,0,7.44814E+20,5.28704E+21,1.22626E+16,4.76903E+16
170320,9.17031E+18,9,1,82,124,2017,3,17,2,3,0,2,0,1,0,0,0,0,0,7.07558E+20,5.28387E+21,1.17652E+16,4.76749E+16
170321,9.17031E+18,9,1,61,0,2017,3,14,2,3,1,3,1,0,0,0,0,0,0,6.78769E+20,5.40408E+21,1.14327E+16,4.87641E+16
170322,9.17031E+18,9,1,85,149,2017,3,16,2,3,6,7,0,0,1,1,0,0,0,6.60622E+20,5.40043E+21,1.11846E+16,4.87362E+16
170323,9.17031E+18,9,1,79,111,2017,3,5,2,3,5,3,0,1,0,1,0,2,0,6.58209E+20,5.34051E+21,1.11291E+16,4.81981E+16
170324,9.17031E+18,9,1,75,135,2017,3,16,2,3,4,6,0,1,0,0,1,0,0,7.06549E+20,5.33924E+21,1.17783E+16,4.81728E+16
170325,9.17031E+18,9,1,78,120,2017,3,15,2,3,8,1,0,1,0,0,0,0,0,6.95369E+20,5.35356E+21,1.16347E+16,4.8305E+16
170326,9.17031E+18,9,1,62,0,2017,3,13,1,3,0,7,0,0,0,1,0,0,0,6.90665E+20,5.33615E+21,1.15635E+16,4.815E+16
170327,9.17031E+18,9,1,62,0,2017,3,22,1,3,3,6,1,0,0,0,0,2,1,6.91692E+20,5.33471E+21,1.15767E+16,4.81367E+16