OBJECTID,UIDENTSTLA,ULAND,UREGBEZ,UKREIS,UGEMEINDE,UJAHR,UMONAT,USTUNDE,UWOCHENTAG,UKATEGORIE,UART,UTYP1,IstRad,IstPKW,IstFuss,IstKrad,IstSonstig,LICHT,STRZUSTAND,LINREFX,LINREFY,XGCSWGS84,YGCSWGS84
170328,9.17031E+18,9,1,62,0,2017,3,2,1,3,6,5,0,1,1,0,0,2,0,6.90377E+20,5.33495E+21,1.15591E+16,4.81393E+16
170329,9.17031E+18,9,1,62,0,2017,3,14,1,2,4,2,0,1,0,1,0,0,0,6.80036E+20,5.33579E+21,1.14206E+16,4.81499E+16
170330,9.17031E+18,9,1,62,0,2017,3,12,1,2,6,4,0,1,1,0,0,0,0,6.90454E+20,5.33007E+21,1.1558E+16,4.80954E+16
170331,9.17031E+18,9,7,77,145,2017,3,16,1,2,9,1,0,0,0,1,0,0,0,6.31469E+20,5.32614E+21,1.0765E+16,4.8075E+16
170332,9.17031E+18,9,7,79,155,2017,3,18,1,3,6,4,0,1,1,0,0,0,0,6.25657E+20,5.40148E+21,1.07096E+16,4.87537E+16
170333,9.17031E+18,9,7,61,0,2017,3,13,1,3,3,2,0,1,0,0,0,0,0,6.39879E+20,5.35925E+21,1.08888E+16,4.83709E+16
170334,9.17031E+18,9,6,63,0,2017,3,18,1,3,0,1,0,0,0,1,0,2,0,5.67125E+20,5.51551E+21,9.93254E+15,4.97883E+16
170335,9.17031E+18,9,6,71,136,2017,3,15,1,3,2,6,1,1,0,0,0,0,0,5.04929E+20,5.5387E+21,9.06878E+15,5.00006E+16
170336,9.17031E+18,9,5,64,0,2017,3,5,1,3,6,7,0,1,1,0,0,2,0,6.5058E+20,5.47945E+21,1.10775E+16,4.9449E+16
170337,9.17031E+18,9,5,64,0,2017,3,12,1,3,1,7,0,1,0,0,0,0,0,6.52069E+20,5.47861E+21,1.10977E+16,4.94411E+16
170338,9.17031E+18,9,5,64,0,2017,3,20,1,3,4,2,0,1,0,0,0,2,0,6.51103E+20,5.4795E+21,1.10848E+16,4.94494E+16
170339,9.17031E+18,9,5,64,0,2017,3,13,1,3,0,1,1,0,0,0,0,0,0,6.4637E+20,5.4816E+21,1.10203E+16,4.94694E+16
170340,9.17031E+18,9,5,71,226,2017,3,11,1,3,5,3,0,1,0,0,0,0,0,6.3325E+20,5.45677E+21,1.0831E+16,4.92492E+16
170341,9.17031E+18,9,4,79,159,2017,3,11,1,3,0,7,1,0,0,0,0,0,0,7.20576E+20,5.55855E+21,1.20869E+16,5.01381E+16
170342,9.17031E+18,9,4,71,131,2017,3,13,1,3,0,1,1,0,0,0,0,0,0,6.36161E+20,5.52014E+21,1.08928E+16,4.98183E+16
170343,9.17031E+18,9,4,61,0,2017,3,13,1,3,8,1,0,0,0,1,0,0,0,6.37035E+20,5.53079E+21,1.09088E+16,4.99137E+16
170344,9.17031E+18,9,3,71,151,2017,3,16,1,3,5,3,0,1,0,0,0,0,0,7.00425E+20,5.48549E+21,1.17676E+16,4.94889E+16
170345,9.17031E+18,9,2,62,0,2017,3,0,1,3,9,1,0,1,0,0,0,2,0,8.25976E+20,5.38846E+21,1.34189E+16,4.85644E+16
170346,9.17031E+18,9,1,90,113,2017,3,13,1,2,0,1,1,0,0,0,0,0,0,6.75988E+20,5.291E+21,1.13479E+16,4.77483E+16
170347,9.17031E+18,9,1,73,140,2017,3,12,1,3,4,6,1,0,0,0,0,0,0,6.95616E+20,5.29527E+21,1.16114E+16,4.77811E+16
170348,9.17031E+18,9,1,83,148,2017,3,16,1,3,0,7,1,0,0,0,0,0,0,7.51941E+20,5.34463E+21,1.23911E+16,4.82049E+16
170349,9.17031E+18,9,1,89,155,2017,3,15,1,2,0,6,1,0,0,1,0,0,0,7.70548E+20,5.30952E+21,1.26189E+16,4.78819E+16
170350,9.17031E+18,9,1,89,159,2017,3,16,1,3,2,6,0,1,0,0,0,0,0,7.60206E+20,5.30473E+21,1.24779E+16,4.78432E+16
170351,9.17031E+18,9,1,87,162,2017,3,16,1,2,0,6,0,1,0,1,0,0,0,7.51551E+20,5.30644E+21,1.23634E+16,4.7862E+16
170352,9.17031E+18,9,1,62,0,2017,3,13,7,3,5,3,0,1,0,0,0,0,0,6.9038E+20,5.33474E+21,1.15591E+16,4.81374E+16
170353,9.17031E+18,9,1,84,148,2017,3,18,7,3,6,2,0,1,1,0,0,1,0,6.9386E+20,5.32584E+21,1.16017E+16,4.80564E+16
170354,9.17031E+18,9,1,62,0,2017,3,17,7,3,9,6,0,1,0,1,0,0,0,6.96874E+20,5.33181E+21,1.16449E+16,4.81091E+16
170355,9.17031E+18,9,1,62,0,2017,3,16,7,3,2,6,0,1,0,0,0,0,0,6.86404E+20,5.33336E+21,1.15051E+16,4.81261E+16
170356,9.17031E+18,9,1,62,0,2017,3,14,7,3,3,2,0,1,0,0,0,0,0,6.92126E+20,5.33227E+21,1.15814E+16,4.81146E+16
170357,9.17031E+18,9,1,62,0,2017,3,15,7,3,5,3,0,1,0,1,0,0,0,6.93666E+20,5.3311E+21,1.16015E+16,4.81037E+16
170358,9.17031E+18,9,1,62,0,2017,3,14,7,3,0,7,1,1,0,0,0,0,0,6.88757E+20,5.33838E+21,1.15389E+16,4.81706E+16
170359,9.17031E+18,9,1,62,0,2017,3,16,7,3,2,6,0,1,0,0,0,0,0,6.92054E+20,5.33237E+21,1.15805E+16,4.81156E+16
170360,9.17031E+18,9,7,78,186,2017,3,18,7,3,0,7,0,1,1,0,0,2,0,5.97075E+20,5.31096E+21,1.03E+16,4.79446E+16
170361,9.17031E+18,9,7,64,0,2017,3,7,7,3,5,3,1,1,0,0,0,0,0,5.87622E+20,5.31518E+21,1.01743E+16,4.79839E+16
170362,9.17031E+18,9,7,64,0,2017,3,12,7,3,2,6,0,1,0,0,0,0,0,5.86588E+20,5.31605E+21,1.01606E+16,4.79919E+16
170363,9.17031E+18,9,7,77,129,2017,3,18,7,3,0,1,1,0,0,0,0,0,0,6.266E+20,5.27009E+21,1.06833E+16,4.75718E+16
170364,9.17031E+18,9,7,61,0,2017,3,18,7,3,5,3,1,1,0,0,0,0,0,6.41831E+20,5.36159E+21,1.09159E+16,4.83915E+16
170365,9.17031E+18,9,6,61,0,2017,3,18,7,3,5,3,0,1,0,0,0,2,0,5.11067E+20,5.53658E+21,9.15436E+15,4.99815E+16
170366,9.17031E+18,9,5,64,0,2017,3,2,7,2,5,3,0,1,0,0,0,2,0,6.49857E+20,5.47837E+21,1.10671E+16,4.94395E+16
170367,9.17031E+18,9,5,64,0,2017,3,13,7,3,5,3,1,1,0,0,0,0,0,6.54872E+20,5.47439E+21,1.11347E+16,4.94025E+16
170368,9.17031E+18,9,5,64,0,2017,3,20,7,3,5,3,0,1,0,0,0,2,0,6.50849E+20,5.47799E+21,1.10807E+16,4.94359E+16
170369,9.17031E+18,9,5,64,0,2017,3,10,7,3,1,5,0,1,0,0,1,0,0,6.49321E+20,5.4816E+21,1.1061E+16,4.94687E+16
170370,9.17031E+18,9,5,64,0,2017,3,15,7,3,5,7,0,1,0,0,0,0,0,6.49599E+20,5.47678E+21,1.1063E+16,4.94252E+16
170371,9.17031E+18,9,5,71,136,2017,3,14,7,3,5,3,1,1,0,0,0,0,0,5.96321E+20,5.43614E+21,1.03188E+16,4.90706E+16
170372,9.17031E+18,9,5,61,0,2017,3,15,7,3,5,3,1,1,0,0,0,0,0,6.13851E+20,5.46174E+21,1.05659E+16,4.92977E+16
170373,9.17031E+18,9,4,79,136,2017,3,12,7,3,2,6,0,1,0,0,0,0,0,7.21673E+20,5.54337E+21,1.20934E+16,5.00014E+16
170374,9.17031E+18,9,4,73,159,2017,3,23,7,3,5,3,0,1,0,0,0,2,0,6.45947E+20,5.57348E+21,1.10491E+16,5.02954E+16
170375,9.17031E+18,9,4,78,139,2017,3,11,7,2,4,6,0,1,0,1,0,0,0,6.48386E+20,5.55906E+21,1.10777E+16,5.01652E+16
170376,9.17031E+18,9,3,77,154,2017,3,16,7,3,5,3,0,1,0,0,0,0,0,7.39013E+20,5.53117E+21,1.23274E+16,4.98851E+16
170377,9.17031E+18,9,3,74,111,2017,3,9,7,3,6,7,0,1,1,0,0,0,0,7.27829E+20,5.51159E+21,1.21605E+16,4.97137E+16
170378,9.17031E+18,9,3,61,0,2017,3,13,7,2,6,4,0,1,1,0,0,0,0,7.0572E+20,5.47958E+21,1.18375E+16,4.9434E+16
170379,9.17031E+18,9,2,76,144,2017,3,15,7,3,5,2,0,1,0,1,0,0,0,7.84542E+20,5.44258E+21,1.28961E+16,4.90702E+16
170380,9.17031E+18,9,2,77,127,2017,3,21,7,3,8,1,0,1,0,0,0,2,0,7.9379E+20,5.35232E+21,1.29584E+16,4.82559E+16
170381,9.17031E+18,9,2,72,118,2017,3,12,7,3,5,3,1,1,0,0,0,0,0,8.3358E+20,5.41491E+21,1.35429E+16,4.87976E+16
170382,9.17031E+18,9,2,61,0,2017,3,12,7,3,0,1,1,0,0,0,0,0,0,7.348E+20,5.38273E+21,1.2182E+16,4.85537E+16
170383,9.17031E+18,9,1,73,126,2017,3,15,7,3,2,6,0,1,0,0,0,0,0,6.83783E+20,5.3062E+21,1.14582E+16,4.78828E+16
170384,9.17031E+18,9,1,80,117,2017,3,18,7,3,0,1,1,0,0,0,0,0,0,6.57206E+20,5.26207E+21,1.10871E+16,4.74931E+16
170385,9.17031E+18,9,1,72,117,2017,3,20,7,3,6,4,1,0,1,0,0,2,1,7.98082E+20,5.28237E+21,1.29677E+16,4.76261E+16
170386,9.17031E+18,9,1,71,125,2017,3,14,7,3,2,6,0,1,0,0,0,0,0,7.75171E+20,5.34965E+21,1.27064E+16,4.82403E+16
170387,9.17031E+18,9,1,61,0,2017,3,16,7,3,0,6,1,1,0,0,0,0,0,6.78725E+20,5.40405E+21,1.14321E+16,4.87638E+16
170388,9.17031E+18,9,1,88,113,2017,3,15,7,3,8,1,1,0,0,0,0,0,0,6.74398E+20,5.31173E+21,1.13351E+16,4.79351E+16
170389,9.17031E+18,9,1,74,115,2017,3,14,7,3,1,6,0,1,0,0,0,0,0,6.80772E+20,5.34851E+21,1.14359E+16,4.82639E+16
170390,9.17031E+18,9,1,77,117,2017,3,16,7,3,0,2,0,1,0,1,0,0,0,7.16094E+20,5.3547E+21,1.19144E+16,4.83085E+16
170391,9.17031E+18,9,1,62,0,2017,3,14,6,3,2,6,0,1,0,0,0,0,0,6.92444E+20,5.34193E+21,1.159E+16,4.82014E+16
170392,9.17031E+18,9,1,62,0,2017,3,19,6,3,5,7,0,1,0,1,0,1,0,6.90143E+20,5.33523E+21,1.15561E+16,4.81419E+16
170393,9.17031E+18,9,1,62,0,2017,3,16,6,2,5,3,1,1,0,0,0,0,0,6.87589E+20,5.33687E+21,1.15225E+16,4.81574E+16
170394,9.17031E+18,9,1,62,0,2017,3,12,6,3,6,4,0,1,1,0,0,0,0,6.98333E+20,5.33328E+21,1.16652E+16,4.81218E+16
170395,9.17031E+18,9,1,62,0,2017,3,10,6,3,6,4,0,1,1,0,0,0,0,6.90559E+20,5.33475E+21,1.15615E+16,4.81374E+16
170396,9.17031E+18,9,1,62,0,2017,3,19,6,3,4,2,0,1,0,0,0,2,0,6.95432E+20,5.33512E+21,1.16271E+16,4.81393E+16
170397,9.17031E+18,9,1,62,0,2017,3,8,6,3,2,6,0,1,0,0,1,0,0,6.88848E+20,5.34331E+21,1.15423E+16,4.82149E+16
170398,9.17031E+18,9,1,62,0,2017,3,12,6,3,6,3,0,1,1,0,0,0,0,6.91029E+20,5.33509E+21,1.15679E+16,4.81404E+16
170399,9.17031E+18,9,1,62,0,2017,3,15,6,3,5,3,0,1,0,0,0,0,0,6.9776E+20,5.33176E+21,1.16568E+16,4.81083E+16
170400,9.17031E+18,9,1,62,0,2017,3,8,6,3,5,3,1,1,0,0,0,0,0,6.86626E+20,5.3303E+21,1.15067E+16,4.80986E+16
170401,9.17031E+18,9,1,62,0,2017,3,13,6,3,4,2,1,1,0,0,0,0,0,6.91548E+20,5.33285E+21,1.15739E+16,4.81201E+16
170402,9.17031E+18,9,1,62,0,2017,3,17,6,3,1,2,0,1,0,1,0,1,0,6.96948E+20,5.33068E+21,1.16454E+16,4.80989E+16
170403,9.17031E+18,9,1,62,0,2017,3,8,6,3,5,3,1,1,0,0,0,0,0,6.91125E+20,5.33436E+21,1.15689E+16,4.81337E+16
170404,9.17031E+18,9,1,62,0,2017,3,12,6,3,0,7,1,0,0,0,0,0,0,6.83138E+20,5.33596E+21,1.14623E+16,4.81505E+16
170405,9.17031E+18,9,1,62,0,2017,3,14,6,3,0,5,1,1,0,0,0,0,0,6.8985E+20,5.33532E+21,1.15522E+16,4.81428E+16
170406,9.17031E+18,9,7,75,135,2017,3,16,6,3,5,3,0,1,0,1,0,0,0,5.76636E+20,5.35557E+21,1.00344E+16,4.83487E+16
170407,9.17031E+18,9,7,75,135,2017,3,16,6,3,6,4,0,1,1,0,0,0,0,5.74216E+20,5.36055E+21,1.00026E+16,4.83938E+16
170408,9.17031E+18,9,7,80,119,2017,3,11,6,2,5,3,0,1,0,0,0,0,0,5.97141E+20,5.29823E+21,1.0298E+16,4.78301E+16
170409,9.17031E+18,9,7,76,130,2017,3,15,6,3,2,1,0,1,0,0,0,0,0,5.55034E+20,5.27259E+21,9.73219E+15,4.76044E+16
170410,9.17031E+18,9,7,79,131,2017,3,7,6,3,5,3,1,1,0,0,0,1,0,6.28996E+20,5.39752E+21,1.07538E+16,4.87174E+16
170411,9.17032E+18,9,3,73,156,2017,3,14,5,3,5,3,1,1,0,0,0,0,0,6.66124E+20,5.46297E+21,1.12849E+16,4.92969E+16
170412,9.17032E+18,9,4,71,185,2017,3,15,5,2,4,2,1,1,0,0,0,0,0,6.4717E+20,5.53653E+21,1.1052E+16,4.9963E+16
170413,9.17032E+18,9,7,79,131,2017,3,11,4,3,6,6,0,1,1,0,0,0,0,6.31021E+20,5.39754E+21,1.07813E+16,4.87171E+16
170414,9.17032E+18,9,7,73,125,2017,3,13,4,3,0,7,1,0,0,0,0,0,1,6.10023E+20,5.38267E+21,1.0492E+16,4.85875E+16
170415,9.17032E+18,9,6,79,147,2017,3,8,4,3,0,7,0,0,1,0,1,0,0,5.6344E+20,5.51506E+21,9.88128E+15,4.97846E+16
170416,9.17032E+18,9,6,63,0,2017,3,16,4,3,3,5,1,1,0,0,0,0,0,5.67873E+20,5.51676E+21,9.94316E+15,4.97994E+16
170417,9.17032E+18,9,6,74,147,2017,3,9,4,3,5,3,1,1,0,0,0,0,0,6.09928E+20,5.54401E+21,1.05351E+16,5.00383E+16
170418,9.17032E+18,9,6,74,130,2017,3,11,4,3,6,4,0,1,1,0,0,0,0,6.2857E+20,5.55084E+21,1.07976E+16,5.00959E+16
170419,9.17032E+18,9,6,61,0,2017,3,11,4,1,5,3,1,1,0,0,0,0,0,5.08083E+20,5.5365E+21,9.11274E+15,4.99808E+16
170420,9.17032E+18,9,5,74,123,2017,3,13,4,3,4,2,1,0,0,0,0,0,1,6.6071E+20,5.4706E+21,1.12136E+16,4.93669E+16
170421,9.17032E+18,9,5,64,0,2017,3,18,4,3,5,2,0,1,0,0,0,1,1,6.49862E+20,5.47837E+21,1.10672E+16,4.94395E+16
170422,9.17032E+18,9,5,64,0,2017,3,21,4,2,6,7,1,0,1,0,0,2,0,6.50972E+20,5.47955E+21,1.1083E+16,4.94499E+16
170423,9.17032E+18,9,5,64,0,2017,3,13,4,3,5,3,1,1,0,0,0,0,0,6.51416E+20,5.48032E+21,1.10894E+16,4.94567E+16
170424,9.17032E+18,9,5,73,125,2017,3,12,4,2,0,1,1,0,0,0,0,0,0,6.36922E+20,5.47311E+21,1.0887E+16,4.93953E+16
170425,9.17032E+18,9,4,73,159,2017,3,6,4,3,5,3,0,1,0,0,0,0,1,6.4567E+20,5.57366E+21,1.10453E+16,5.0297E+16
170426,9.17032E+18,9,4,77,119,2017,3,18,4,3,0,1,0,0,0,1,0,2,1,6.84308E+20,5.54569E+21,1.15737E+16,5.0035E+16
170427,9.17032E+18,9,1,62,0,2017,3,8,4,2,0,7,0,0,0,1,0,0,1,6.90805E+20,5.33814E+21,1.15663E+16,4.81678E+16
170428,9.17032E+18,9,4,74,121,2017,3,18,4,3,6,4,0,1,1,0,0,2,0,6.55641E+20,5.51544E+21,1.11616E+16,4.97712E+16
170429,9.17032E+18,9,4,71,195,2017,3,7,4,3,0,1,1,0,0,0,0,0,0,6.41605E+20,5.52318E+21,1.09696E+16,4.98443E+16
170430,9.17032E+18,9,4,61,0,2017,3,17,4,3,0,3,1,0,0,0,0,0,1,6.35571E+20,5.52864E+21,1.08876E+16,4.98947E+16
170431,9.17032E+18,9,1,84,145,2017,3,15,4,3,0,4,0,1,1,0,0,0,1,6.94233E+20,5.32566E+21,1.16067E+16,4.80547E+16
170432,9.17032E+18,9,1,62,0,2017,3,6,4,3,3,2,0,1,0,0,1,0,1,6.86767E+20,5.33695E+21,1.15115E+16,4.81583E+16
170433,9.17032E+18,9,1,62,0,2017,3,16,4,3,1,3,1,1,0,0,0,0,0,6.90285E+20,5.33608E+21,1.15584E+16,4.81495E+16
170434,9.17032E+18,9,7,75,135,2017,3,17,4,3,6,4,0,1,1,0,0,0,0,5.74264E+20,5.36071E+21,1.00032E+16,4.83951E+16
170435,9.17032E+18,9,7,78,173,2017,3,5,4,3,5,3,0,1,0,0,1,1,1,6.12216E+20,5.32604E+21,1.05066E+16,4.80777E+16
170436,9.17032E+18,9,7,74,185,2017,3,18,4,2,5,7,1,1,0,0,0,1,1,6.0907E+20,5.34818E+21,1.04701E+16,4.82775E+16
170437,9.17032E+18,9,7,78,203,2017,3,7,4,3,0,3,0,1,0,1,0,0,1,6.23015E+20,5.32598E+21,1.06515E+16,4.80753E+16
170438,9.17032E+18,9,4,61,0,2017,3,16,4,3,2,6,0,1,0,0,0,0,1,6.35449E+20,5.52939E+21,1.08862E+16,4.99016E+16
170439,9.17032E+18,9,3,62,0,2017,3,12,4,2,5,3,0,1,0,0,0,0,1,7.22756E+20,5.43336E+21,1.20465E+16,4.90129E+16
170440,9.17032E+18,9,3,76,161,2017,3,14,4,3,5,3,0,1,0,0,0,0,1,7.26988E+20,5.46746E+21,1.21235E+16,4.93176E+16
170441,9.17032E+18,9,2,76,144,2017,3,12,4,3,5,3,0,1,0,0,1,0,0,7.83789E+20,5.44221E+21,1.28856E+16,4.90673E+16
170442,9.17032E+18,9,2,63,0,2017,3,8,4,3,5,3,0,1,0,0,0,0,1,7.67876E+20,5.42251E+21,1.26552E+16,4.88975E+16
170443,9.17032E+18,9,2,74,184,2017,3,14,4,3,6,7,0,1,1,0,0,0,0,7.48508E+20,5.37125E+21,1.23607E+16,4.84453E+16
170444,9.17032E+18,9,1,83,128,2017,3,12,4,3,5,3,0,1,0,0,1,0,1,7.62747E+20,5.34865E+21,1.25387E+16,4.82366E+16
170445,9.17032E+18,9,1,71,114,2017,3,8,4,3,5,3,1,1,0,0,0,0,1,7.799E+20,5.34514E+21,1.2767E+16,4.81977E+16
170446,9.17032E+18,9,1,63,0,2017,3,9,4,3,5,3,1,1,0,0,0,0,1,7.33323E+20,5.30528E+21,1.21195E+16,4.78584E+16
170447,9.17032E+18,9,1,82,134,2017,3,15,4,3,8,1,0,1,0,0,0,0,0,7.02363E+20,5.29728E+21,1.17023E+16,4.77971E+16
170448,9.17032E+18,9,1,61,0,2017,3,14,4,3,5,3,1,0,0,0,0,0,1,6.77964E+20,5.40451E+21,1.1422E+16,4.87681E+16
170449,9.17032E+18,9,1,78,124,2017,3,16,4,3,0,7,1,0,0,0,0,0,0,7.02772E+20,5.36408E+21,1.17395E+16,4.83973E+16
170450,9.17032E+18,9,1,62,0,2017,3,17,3,3,5,3,0,1,0,0,0,0,0,6.8527E+20,5.3341E+21,1.14902E+16,4.81332E+16
170451,9.17032E+18,9,1,62,0,2017,3,14,3,3,5,2,0,1,0,0,0,0,0,6.87761E+20,5.33125E+21,1.15224E+16,4.81068E+16
170452,9.17032E+18,9,1,62,0,2017,3,7,3,3,3,2,1,1,0,0,0,0,0,6.92332E+20,5.33425E+21,1.15851E+16,4.81324E+16
170453,9.17032E+18,9,1,62,0,2017,3,13,3,3,5,3,1,1,0,0,0,0,0,6.87013E+20,5.34362E+21,1.15178E+16,4.82182E+16
170454,9.17032E+18,9,1,62,0,2017,3,17,3,3,5,3,1,0,0,0,1,0,0,6.96723E+20,5.33345E+21,1.16436E+16,4.81239E+16
170455,9.17032E+18,9,1,62,0,2017,3,20,3,3,4,6,1,0,0,0,0,2,0,6.90091E+20,5.33303E+21,1.15544E+16,4.81221E+16
170456,9.17032E+18,9,1,62,0,2017,3,8,3,3,0,7,0,0,0,1,0,0,0,6.90646E+20,5.34088E+21,1.15654E+16,4.81926E+16
170457,9.17032E+18,9,1,62,0,2017,3,15,3,3,5,3,0,1,0,1,0,0,0,6.87977E+20,5.32738E+21,1.15235E+16,4.80719E+16
170458,9.17032E+18,9,7,75,162,2017,3,10,3,3,6,4,0,1,1,0,0,0,0,5.80013E+20,5.34781E+21,1.00785E+16,4.82785E+16
170459,9.17032E+18,9,7,77,166,2017,3,6,3,3,6,7,0,0,1,0,1,0,0,6.29239E+20,5.27932E+21,1.07211E+16,4.76543E+16
170460,9.17032E+18,9,7,79,201,2017,3,15,3,3,0,1,1,0,1,0,0,0,0,6.42042E+20,5.39464E+21,1.093E+16,4.86886E+16
170461,9.17032E+18,9,7,73,125,2017,3,13,3,3,8,1,1,0,0,0,0,0,0,6.10411E+20,5.38151E+21,1.04969E+16,4.85769E+16
170462,9.17032E+18,9,7,72,163,2017,3,19,3,3,5,3,0,1,0,0,0,2,0,6.40559E+20,5.35017E+21,1.08949E+16,4.82891E+16
170463,9.17032E+18,9,7,61,0,2017,3,8,3,3,2,6,0,1,0,0,0,0,0,6.37655E+20,5.35944E+21,1.08588E+16,4.83731E+16
170464,9.17032E+18,9,6,74,221,2017,3,6,3,3,2,6,0,1,0,0,0,0,0,6.14106E+20,5.54021E+21,1.05923E+16,5.00033E+16
170465,9.17032E+18,9,6,62,0,2017,3,20,3,3,5,3,0,1,0,0,0,2,1,5.85544E+20,5.54364E+21,1.01946E+16,5.00389E+16
170466,9.17032E+18,9,6,76,121,2017,3,16,3,3,2,6,0,1,0,0,1,0,1,5.11356E+20,5.52043E+21,9.15792E+15,4.98362E+16
170467,9.17032E+18,9,6,71,121,2017,3,13,3,3,5,3,1,1,0,0,0,0,1,5.12634E+20,5.53839E+21,9.17627E+15,4.99977E+16
170468,9.17032E+18,9,5,74,138,2017,3,17,3,3,0,1,1,0,0,0,0,0,0,6.66625E+20,5.48763E+21,1.13022E+16,4.95183E+16
170469,9.17032E+18,9,5,63,0,2017,3,0,3,2,0,7,1,0,0,0,0,2,0,6.44936E+20,5.48129E+21,1.10004E+16,4.9467E+16
170470,9.17032E+18,9,5,63,0,2017,3,16,3,3,5,3,0,1,0,1,0,0,0,6.44291E+20,5.48132E+21,1.09915E+16,4.94674E+16
170471,9.17032E+18,9,5,64,0,2017,3,14,3,3,5,2,1,1,0,0,0,0,0,6.48928E+20,5.47963E+21,1.10548E+16,4.94511E+16
170472,9.17032E+18,9,5,64,0,2017,3,18,3,3,5,2,0,1,0,1,0,2,1,6.49225E+20,5.47862E+21,1.10585E+16,4.94419E+16
170473,9.17032E+18,9,5,64,0,2017,3,11,3,3,3,3,0,1,0,0,0,0,0,6.50154E+20,5.47914E+21,1.10715E+16,4.94464E+16
170474,9.17032E+18,9,3,62,0,2017,3,8,3,3,5,3,1,1,0,0,0,0,0,7.27587E+20,5.4344E+21,1.2113E+16,4.90204E+16
170475,9.17032E+18,9,3,76,147,2017,3,11,3,3,5,5,1,1,0,0,0,0,1,7.45584E+20,5.47175E+21,1.23816E+16,4.9349E+16
170476,9.17032E+18,9,2,61,0,2017,3,14,3,3,5,3,0,1,0,0,0,0,0,7.30851E+20,5.38225E+21,1.21283E+16,4.85508E+16
170477,9.17032E+18,9,2,73,141,2017,3,18,3,3,0,7,1,0,0,0,1,0,0,7.23776E+20,5.41224E+21,1.20488E+16,4.88228E+16
170478,9.17032E+18,9,1,89,154,2017,3,13,3,2,4,7,1,1,0,0,0,0,0,7.68653E+20,5.31791E+21,1.25988E+16,4.79581E+16
170479,9.17032E+18,9,1,85,149,2017,3,16,3,3,5,3,0,1,0,0,1,0,0,6.64481E+20,5.40066E+21,1.12371E+16,4.87372E+16
170480,9.17032E+18,9,1,61,0,2017,3,20,3,3,0,1,1,0,0,0,0,2,0,6.76624E+20,5.40606E+21,1.14044E+16,4.87824E+16
170481,9.17032E+18,9,1,62,0,2017,3,10,2,3,0,7,0,0,0,1,0,0,1,6.9276E+20,5.33561E+21,1.15914E+16,4.81445E+16
170482,9.17032E+18,9,1,62,0,2017,3,14,2,3,0,7,0,0,0,0,1,0,0,6.89461E+20,5.33492E+21,1.15468E+16,4.81393E+16
170483,9.17032E+18,9,1,62,0,2017,3,22,2,3,3,2,1,1,0,0,0,2,0,6.94526E+20,5.33517E+21,1.16149E+16,4.814E+16
170484,9.17032E+18,9,1,62,0,2017,3,14,2,3,5,3,1,1,0,0,0,0,0,6.98032E+20,5.33569E+21,1.16623E+16,4.81436E+16
170485,9.17032E+18,9,1,62,0,2017,3,16,2,3,6,4,0,1,1,0,0,0,0,6.89052E+20,5.33236E+21,1.15402E+16,4.81164E+16
170486,9.17032E+18,9,1,62,0,2017,3,7,2,2,3,2,1,1,0,0,0,0,1,6.83448E+20,5.33756E+21,1.14672E+16,4.81648E+16
170487,9.17032E+18,9,1,62,0,2017,3,13,2,3,5,3,1,1,0,0,0,0,0,6.88667E+20,5.33697E+21,1.15371E+16,4.8158E+16
170488,9.17032E+18,9,1,62,0,2017,3,10,2,3,2,6,0,1,0,0,0,0,0,6.93284E+20,5.33526E+21,1.15983E+16,4.81412E+16
170489,9.17032E+18,9,7,64,0,2017,3,21,2,3,9,1,0,1,0,0,0,2,0,5.82078E+20,5.31287E+21,1.00995E+16,4.79639E+16
170490,9.17032E+18,9,7,61,0,2017,3,13,2,3,5,2,1,1,0,0,0,0,0,6.39077E+20,5.35856E+21,1.08777E+16,4.83649E+16
170491,9.17032E+18,9,7,61,0,2017,3,8,2,3,5,3,1,0,0,0,0,0,1,6.38376E+20,5.35847E+21,1.08682E+16,4.83642E+16
170492,9.17032E+18,9,7,61,0,2017,3,9,2,3,3,6,0,1,0,1,0,0,1,6.38166E+20,5.35937E+21,1.08657E+16,4.83724E+16
170493,9.17032E+18,9,7,61,0,2017,3,17,2,2,6,4,0,1,1,0,0,0,0,6.41687E+20,5.36212E+21,1.09142E+16,4.83963E+16
170494,9.17032E+18,9,7,61,0,2017,3,5,2,3,4,2,1,1,0,0,0,2,1,6.39673E+20,5.3575E+21,1.08854E+16,4.83552E+16
170495,9.17032E+18,9,6,63,0,2017,3,19,2,3,5,2,0,1,0,0,0,1,0,5.6596E+20,5.51616E+21,9.91647E+15,4.97943E+16
170496,9.17032E+18,9,6,75,141,2017,3,18,2,3,5,3,0,1,0,1,0,2,0,5.83709E+20,5.50995E+21,1.01617E+16,4.97362E+16
170497,9.17032E+18,9,6,72,114,2017,3,9,2,3,0,7,1,0,0,0,0,0,0,5.7557E+20,5.56083E+21,1.00587E+16,5.01948E+16
170498,9.17032E+18,9,6,61,0,2017,3,17,2,2,0,7,1,0,0,0,0,0,0,5.10285E+20,5.53548E+21,9.14342E+15,4.99716E+16
170499,9.17032E+18,9,6,61,0,2017,3,17,2,3,0,7,1,0,0,0,0,0,0,5.1066E+20,5.53697E+21,9.1487E+15,4.9985E+16