OBJECTID,UIDENTSTLA,ULAND,UREGBEZ,UKREIS,UGEMEINDE,UJAHR,UMONAT,USTUNDE,UWOCHENTAG,UKATEGORIE,UART,UTYP1,IstRad,IstPKW,IstFuss,IstKrad,IstSonstig,LICHT,STRZUSTAND,LINREFX,LINREFY,XGCSWGS84,YGCSWGS84
170672,9.17032E+18,9,5,63,0,2017,3,9,5,3,2,6,0,1,0,0,1,0,0,6.40703E+20,5.48309E+21,1.09426E+16,4.94841E+16
170673,9.17032E+18,9,5,64,0,2017,3,18,5,3,4,2,1,1,0,0,0,0,0,6.55543E+20,5.47554E+21,1.11444E+16,4.94126E+16
170674,9.17032E+18,9,5,64,0,2017,3,15,5,3,6,4,0,1,1,0,0,0,0,6.51652E+20,5.47808E+21,1.10918E+16,4.94365E+16
170675,9.17032E+18,9,5,64,0,2017,3,20,5,3,0,7,1,0,0,0,1,2,0,6.50137E+20,5.4812E+21,1.10721E+16,4.94649E+16
170676,9.17032E+18,9,5,64,0,2017,3,18,5,3,3,2,0,1,0,0,0,1,0,6.49174E+20,5.47917E+21,1.1058E+16,4.94469E+16
170677,9.17032E+18,9,7,80,124,2017,3,15,4,3,0,7,1,0,0,0,0,0,0,5.91555E+20,5.26807E+21,1.0217E+16,4.75596E+16
170678,9.17032E+18,9,4,75,182,2017,3,15,5,3,0,7,1,0,0,0,1,0,0,7.09591E+20,5.58185E+21,1.19463E+16,5.03514E+16
170679,9.17033E+18,9,2,76,146,2017,3,17,3,3,0,1,0,0,0,1,0,0,0,7.92279E+20,5.43262E+21,1.29946E+16,4.89772E+16
170680,9.17033E+18,9,2,76,138,2017,3,19,3,2,0,1,1,0,0,0,0,1,0,8.03167E+20,5.432E+21,1.31426E+16,4.89665E+16
170681,9.17033E+18,9,2,71,119,2017,3,15,3,3,1,6,0,1,0,0,0,0,0,7.90656E+20,5.41685E+21,1.29613E+16,4.88365E+16
170682,9.17033E+18,9,2,77,128,2017,3,16,3,3,3,5,0,1,0,1,0,0,0,7.94959E+20,5.3509E+21,1.29731E+16,4.82426E+16
170683,9.17033E+18,9,2,62,0,2017,3,17,3,3,0,3,0,1,0,1,0,0,0,8.26796E+20,5.38839E+21,1.34299E+16,4.85633E+16
170684,9.17033E+18,9,2,73,137,2017,3,8,3,3,0,7,1,0,0,0,1,0,0,7.09605E+20,5.42271E+21,1.18614E+16,4.89218E+16
170685,9.17033E+18,9,1,80,134,2017,3,10,3,2,8,1,0,1,0,0,0,0,0,6.6069E+20,5.28647E+21,1.11423E+16,4.77116E+16
170686,9.17033E+18,9,1,73,126,2017,3,17,3,2,5,3,1,0,0,1,0,0,0,6.83956E+20,5.30597E+21,1.14604E+16,4.78806E+16
170687,9.17033E+18,9,1,73,112,2017,3,7,3,3,0,1,1,0,0,0,0,0,0,6.92761E+20,5.29295E+21,1.15723E+16,4.77611E+16
170688,9.17033E+18,9,1,89,154,2017,3,16,3,3,5,2,1,0,0,1,0,0,0,7.67541E+20,5.31851E+21,1.25843E+16,4.79639E+16
170689,9.17033E+18,9,1,63,0,2017,3,7,3,3,5,2,1,1,0,0,0,0,0,7.34358E+20,5.3049E+21,1.21331E+16,4.78547E+16
170690,9.17033E+18,9,1,63,0,2017,3,17,3,3,0,1,1,0,0,0,0,0,0,7.33975E+20,5.30514E+21,1.21281E+16,4.7857E+16
170691,9.17033E+18,9,1,76,126,2017,3,4,3,3,9,1,0,1,0,0,0,2,0,6.72949E+20,5.40902E+21,1.13557E+16,4.881E+16
170692,9.17033E+18,9,1,86,158,2017,3,18,3,2,6,4,0,1,1,0,0,0,0,6.92998E+20,5.40501E+21,1.16266E+16,4.87682E+16
170693,9.17033E+18,9,1,79,142,2017,3,17,3,3,0,4,1,0,1,0,0,0,0,6.72296E+20,5.3427E+21,1.13194E+16,4.82141E+16
170694,9.17033E+18,9,1,88,121,2017,3,15,3,2,2,6,0,1,0,0,0,0,0,6.70836E+20,5.33018E+21,1.12948E+16,4.8102E+16
170695,9.17033E+18,9,1,74,115,2017,3,8,3,3,2,6,0,1,0,0,0,0,0,6.80859E+20,5.34769E+21,1.14367E+16,4.82566E+16
170696,9.17033E+18,9,1,78,143,2017,3,10,3,3,0,7,1,0,0,0,0,0,0,7.16388E+20,5.37225E+21,1.19274E+16,4.84661E+16
170697,9.17033E+18,9,1,78,113,2017,3,12,3,3,5,1,1,1,0,0,0,0,0,6.921E+20,5.36743E+21,1.1597E+16,4.84307E+16
170698,9.17033E+18,9,1,78,124,2017,3,10,3,3,0,1,1,0,0,0,0,0,0,7.03429E+20,5.3645E+21,1.17486E+16,4.84008E+16
170699,9.17033E+18,9,1,77,117,2017,3,7,3,3,6,4,0,1,1,0,0,0,0,7.15769E+20,5.35344E+21,1.19094E+16,4.82974E+16
170700,9.17033E+18,9,1,62,0,2017,3,13,2,2,6,7,1,0,0,0,1,0,0,6.88064E+20,5.3385E+21,1.15296E+16,4.81719E+16
170701,9.17033E+18,9,1,62,0,2017,3,17,2,3,3,6,0,1,0,1,0,0,0,6.92809E+20,5.3384E+21,1.15933E+16,4.81695E+16
170702,9.17033E+18,9,1,62,0,2017,3,9,2,3,5,3,0,1,0,0,0,0,0,6.90998E+20,5.33644E+21,1.15681E+16,4.81525E+16
170703,9.17033E+18,9,1,62,0,2017,3,9,2,3,6,2,0,1,1,0,0,0,0,6.90186E+20,5.33544E+21,1.15568E+16,4.81438E+16
170704,9.17033E+18,9,1,62,0,2017,3,9,2,3,0,7,0,0,0,1,0,0,0,6.86252E+20,5.33226E+21,1.15025E+16,4.81163E+16
170705,9.17033E+18,9,1,62,0,2017,3,7,2,3,2,6,0,1,0,0,0,0,0,6.92109E+20,5.33973E+21,1.15845E+16,4.81817E+16
170706,9.17033E+18,9,1,62,0,2017,3,12,2,3,5,3,1,1,0,0,0,0,0,6.83318E+20,5.33755E+21,1.14654E+16,4.81648E+16
170707,9.17033E+18,9,1,62,0,2017,3,8,2,2,6,4,0,1,1,0,0,0,0,6.98198E+20,5.33469E+21,1.1664E+16,4.81346E+16
170708,9.17033E+18,9,1,84,129,2017,3,7,2,3,4,2,1,1,0,0,0,0,0,6.98841E+20,5.32606E+21,1.16686E+16,4.80568E+16
170709,9.17033E+18,9,1,62,0,2017,3,11,2,2,1,5,0,1,0,1,0,0,0,6.88528E+20,5.33575E+21,1.15346E+16,4.8147E+16
170710,9.17033E+18,9,1,62,0,2017,3,7,2,3,5,2,1,1,0,0,0,0,0,6.83129E+20,5.33484E+21,1.14617E+16,4.81404E+16
170711,9.17033E+18,9,1,62,0,2017,3,12,2,3,5,2,0,1,0,0,0,0,0,6.90368E+20,5.33387E+21,1.15585E+16,4.81296E+16
170712,9.17033E+18,9,1,62,0,2017,3,7,2,3,5,3,1,0,0,1,0,0,0,6.91348E+20,5.33734E+21,1.15732E+16,4.81605E+16
170713,9.17033E+18,9,7,75,135,2017,3,17,2,3,8,7,0,0,0,0,1,0,0,5.79714E+20,5.35881E+21,1.00765E+16,4.83774E+16
170714,9.17033E+18,9,7,64,0,2017,3,7,2,2,2,6,0,1,0,0,0,0,0,5.86242E+20,5.31694E+21,1.01561E+16,4.79999E+16
170715,9.17033E+18,9,7,63,0,2017,3,10,2,3,1,6,0,1,0,0,0,0,0,5.97729E+20,5.28772E+21,1.03035E+16,4.77354E+16
170716,9.17033E+18,9,7,77,111,2017,3,15,2,2,0,7,1,0,0,0,0,0,0,6.15212E+20,5.29747E+21,1.05392E+16,4.78203E+16
170717,9.17033E+18,9,7,80,124,2017,3,14,2,3,6,7,0,1,1,0,0,0,0,5.89598E+20,5.26905E+21,1.01912E+16,4.75687E+16
170718,9.17033E+18,9,7,72,163,2017,3,17,2,3,1,6,0,1,0,0,0,0,0,6.4064E+20,5.34923E+21,1.08957E+16,4.82806E+16
170719,9.17033E+18,9,7,61,0,2017,3,16,2,3,0,7,1,0,0,0,0,0,0,6.39105E+20,5.35783E+21,1.08779E+16,4.83583E+16
170720,9.17033E+18,9,7,61,0,2017,3,14,2,2,6,7,1,0,1,0,0,0,0,6.40249E+20,5.35729E+21,1.08931E+16,4.83532E+16
170721,9.17033E+18,9,7,61,0,2017,3,8,2,3,2,6,0,1,0,0,0,0,0,6.40748E+20,5.35924E+21,1.09005E+16,4.83707E+16
170722,9.17033E+18,9,6,63,0,2017,3,14,2,3,5,3,0,1,0,0,0,0,0,5.66521E+20,5.51613E+21,9.92426E+15,4.9794E+16
170723,9.17033E+18,9,6,74,147,2017,3,13,2,3,5,3,0,1,0,0,0,0,0,6.09917E+20,5.54383E+21,1.05349E+16,5.00366E+16
170724,9.17033E+18,9,5,72,132,2017,3,8,2,3,6,4,1,0,1,0,0,0,0,6.36798E+20,5.49197E+21,1.08918E+16,4.95649E+16
170725,9.17033E+18,9,5,64,0,2017,3,13,2,3,3,6,0,1,0,0,0,0,0,6.52375E+20,5.48048E+21,1.11027E+16,4.94578E+16
170726,9.17033E+18,9,5,64,0,2017,3,23,2,3,3,6,0,1,0,0,0,2,0,6.50395E+20,5.4792E+21,1.10749E+16,4.94468E+16
170727,9.17033E+18,9,5,64,0,2017,3,11,2,3,4,2,0,1,0,0,1,0,0,6.46107E+20,5.47985E+21,1.1016E+16,4.94537E+16
170728,9.17033E+18,9,5,64,0,2017,3,17,2,2,5,3,0,1,0,1,0,0,0,6.45701E+20,5.48041E+21,1.10106E+16,4.94588E+16
170729,9.17033E+18,9,5,77,114,2017,3,8,2,3,5,3,0,1,0,0,1,0,0,6.25453E+20,5.44581E+21,1.07205E+16,4.91523E+16
170730,9.17033E+18,9,5,75,112,2017,3,14,2,3,5,3,0,1,0,0,0,0,0,6.02292E+20,5.4855E+21,1.04131E+16,4.95135E+16
170731,9.17033E+18,9,5,61,0,2017,3,17,2,3,6,2,0,1,1,0,0,0,0,6.14053E+20,5.46209E+21,1.05688E+16,4.93009E+16
170732,9.17033E+18,9,4,79,169,2017,3,7,2,3,1,5,0,1,0,0,0,0,0,7.14852E+20,5.54763E+21,1.20008E+16,5.00421E+16
170733,9.17033E+18,9,4,75,113,2017,3,11,2,3,8,1,0,1,0,0,0,0,0,6.95826E+20,5.58231E+21,1.17533E+16,5.03602E+16
170734,9.17033E+18,9,4,78,139,2017,3,16,2,3,0,1,1,0,0,0,0,0,0,6.47757E+20,5.55715E+21,1.10682E+16,5.01482E+16
170735,9.17033E+18,9,4,63,0,2017,3,12,2,3,2,6,0,1,0,0,0,0,0,6.41317E+20,5.57079E+21,1.09831E+16,5.02723E+16
170736,9.17033E+18,9,4,62,0,2017,3,19,2,3,0,1,1,0,0,0,0,0,0,6.8493E+20,5.53554E+21,1.15775E+16,4.99435E+16
170737,9.17033E+18,9,4,74,126,2017,3,19,2,3,9,1,1,0,0,0,0,0,0,6.4963E+20,5.50901E+21,1.10757E+16,4.9715E+16
170738,9.17033E+18,9,3,63,0,2017,3,17,2,2,5,3,1,1,0,0,0,0,0,7.27764E+20,5.50812E+21,1.21576E+16,4.96826E+16
170739,9.17033E+18,9,3,74,139,2017,3,13,2,3,9,7,0,1,1,0,0,0,0,7.29118E+20,5.51364E+21,1.21796E+16,4.97316E+16
170740,9.17033E+18,9,3,72,161,2017,3,7,2,3,8,7,0,1,0,0,0,0,0,7.56802E+20,5.46335E+21,1.25304E+16,4.92689E+16
170741,9.17033E+18,9,3,62,0,2017,3,6,2,3,4,2,1,1,0,0,0,0,0,7.29746E+20,5.43097E+21,1.21406E+16,4.89888E+16
170742,9.17033E+18,9,3,62,0,2017,3,17,2,3,2,6,1,1,0,0,0,0,0,7.25757E+20,5.4332E+21,1.20874E+16,4.90104E+16
170743,9.17033E+18,9,3,62,0,2017,3,15,2,3,3,6,1,0,0,0,1,0,0,7.29712E+20,5.43099E+21,1.21401E+16,4.8989E+16
170744,9.17033E+18,9,3,73,147,2017,3,21,2,3,0,1,1,0,0,0,0,2,0,6.78654E+20,5.46146E+21,1.14564E+16,4.92798E+16
170745,9.17033E+18,9,3,73,114,2017,3,17,2,3,2,6,1,1,0,0,0,0,0,6.75812E+20,5.45878E+21,1.14162E+16,4.92565E+16
170746,9.17033E+18,9,2,63,0,2017,3,14,2,3,2,6,0,1,0,1,0,0,0,7.6183E+20,5.42007E+21,1.25713E+16,4.88782E+16
170747,9.17033E+18,9,1,90,140,2017,3,17,2,2,5,3,1,1,0,0,0,0,0,6.44281E+20,5.29478E+21,1.09264E+16,4.77902E+16
170748,9.17033E+18,9,1,72,122,2017,3,19,2,3,8,1,0,0,0,1,0,1,0,7.91964E+20,5.31426E+21,1.29079E+16,4.79152E+16
170749,9.17033E+18,9,1,71,114,2017,3,11,2,3,5,6,1,1,0,0,0,0,0,7.80161E+20,5.34479E+21,1.27702E+16,4.81945E+16
170750,9.17033E+18,9,1,63,0,2017,3,13,2,3,0,1,0,0,0,1,0,0,0,7.32704E+20,5.30549E+21,1.21113E+16,4.78605E+16
170751,9.17033E+18,9,1,87,137,2017,3,19,2,2,0,3,1,1,0,0,0,0,0,7.31288E+20,5.30824E+21,1.20939E+16,4.78858E+16
170752,9.17033E+18,9,1,61,0,2017,3,17,2,3,3,2,0,1,0,1,0,0,0,6.78533E+20,5.40361E+21,1.14293E+16,4.87599E+16
170753,9.17033E+18,9,1,76,139,2017,3,21,2,2,7,7,1,0,0,0,0,2,0,6.82023E+20,5.4091E+21,1.14792E+16,4.88082E+16
170754,9.17033E+18,9,1,85,149,2017,3,16,2,3,5,6,0,1,0,1,0,0,0,6.61264E+20,5.39925E+21,1.11928E+16,4.87254E+16
170755,9.17033E+18,9,1,61,0,2017,3,17,2,3,4,1,0,1,0,1,0,0,0,6.7868E+20,5.40436E+21,1.14317E+16,4.87666E+16
170756,9.17033E+18,9,1,61,0,2017,3,15,2,3,2,6,0,1,0,0,0,0,0,6.78914E+20,5.40578E+21,1.14354E+16,4.87793E+16
170757,9.17033E+18,9,1,81,130,2017,3,10,2,3,5,3,1,1,0,0,0,0,0,6.39429E+20,5.32432E+21,1.08712E+16,4.80569E+16
170758,9.17033E+18,9,1,62,0,2017,3,16,1,3,5,2,0,1,0,1,0,0,0,6.88997E+20,5.3362E+21,1.15411E+16,4.81509E+16
170759,9.17033E+18,9,1,62,0,2017,3,21,1,3,2,6,0,1,0,0,0,2,0,6.90578E+20,5.33714E+21,1.15628E+16,4.81589E+16
170760,9.17033E+18,9,1,62,0,2017,3,16,1,3,5,3,1,1,0,0,0,0,0,6.88357E+20,5.3411E+21,1.15347E+16,4.81952E+16
170761,9.17033E+18,9,1,62,0,2017,3,17,1,2,5,3,1,1,0,0,0,0,0,7.00886E+20,5.33445E+21,1.17E+16,4.81315E+16
170762,9.17033E+18,9,1,62,0,2017,3,14,1,2,8,1,0,1,1,0,0,0,0,6.90145E+20,5.33476E+21,1.15559E+16,4.81377E+16
170763,9.17033E+18,9,7,75,149,2017,3,6,1,3,8,1,0,1,0,0,0,1,0,5.91869E+20,5.35067E+21,1.02388E+16,4.83026E+16
170764,9.17033E+18,9,7,79,131,2017,3,14,1,3,2,6,0,1,0,0,0,0,0,6.30003E+20,5.3983E+21,1.07677E+16,4.87241E+16
170765,9.17033E+18,9,7,61,0,2017,3,19,1,3,0,7,1,0,0,0,0,1,0,6.41928E+20,5.35987E+21,1.09166E+16,4.8376E+16
170766,9.17033E+18,9,6,62,0,2017,3,17,1,3,4,1,0,1,0,0,1,0,0,5.8832E+20,5.5441E+21,1.02335E+16,5.00427E+16
170767,9.17033E+18,9,5,64,0,2017,3,5,1,3,5,2,0,1,0,0,0,2,0,6.50514E+20,5.47783E+21,1.1076E+16,4.94345E+16
170768,9.17033E+18,9,5,73,133,2017,3,7,1,3,0,1,1,0,0,0,0,0,0,6.24315E+20,5.48198E+21,1.07161E+16,4.94777E+16
170769,9.17033E+18,9,5,71,174,2017,3,15,1,3,0,7,0,0,0,1,0,0,0,5.99676E+20,5.45814E+21,1.03701E+16,4.92679E+16
170770,9.17033E+18,9,4,78,139,2017,3,6,1,3,9,1,0,1,0,0,0,2,0,6.46465E+20,5.5562E+21,1.10497E+16,5.014E+16
170771,9.17033E+18,9,4,78,145,2017,3,16,1,3,0,7,0,0,0,1,1,0,0,6.51206E+20,5.55921E+21,1.11172E+16,5.01658E+16
170772,9.17033E+18,9,4,77,121,2017,3,16,1,3,4,1,0,1,0,1,0,0,0,6.863E+20,5.54744E+21,1.16024E+16,5.00501E+16
170773,9.17033E+18,9,3,62,0,2017,3,17,1,3,6,4,0,1,1,0,0,0,0,7.26669E+20,5.4338E+21,1.21002E+16,4.90154E+16
170774,9.17033E+18,9,3,72,137,2017,3,15,1,2,2,6,1,0,0,0,0,0,0,7.79535E+20,5.4531E+21,1.2835E+16,4.9167E+16
170775,9.17033E+18,9,1,90,157,2017,3,16,1,3,2,6,0,1,0,0,0,0,0,6.60346E+20,5.30107E+21,1.11431E+16,4.7843E+16
170776,9.17033E+18,9,1,73,112,2017,3,17,1,3,2,6,0,1,0,0,0,0,0,6.93241E+20,5.29279E+21,1.15786E+16,4.77595E+16
170777,9.17033E+18,9,1,87,182,2017,3,14,1,3,4,6,1,0,0,0,0,0,0,7.38295E+20,5.32808E+21,1.21985E+16,4.80615E+16
170778,9.17033E+18,9,1,76,137,2017,3,14,1,1,9,1,0,0,0,1,0,0,0,6.69217E+20,5.42909E+21,1.13132E+16,4.89915E+16
170779,9.17033E+18,9,1,78,144,2017,3,12,1,3,5,3,0,1,0,0,0,0,0,7.06979E+20,5.37965E+21,1.1804E+16,4.85358E+16
170780,9.17033E+18,9,1,78,143,2017,3,10,1,2,0,7,1,0,0,0,0,0,0,7.16826E+20,5.37249E+21,1.19335E+16,4.84682E+16
170781,9.17033E+18,9,1,77,112,2017,3,6,1,3,8,1,0,1,0,0,0,1,0,7.14434E+20,5.36405E+21,1.18968E+16,4.83931E+16
170782,9.17033E+18,9,1,77,143,2017,3,16,1,3,0,1,1,0,0,0,0,0,0,7.20208E+20,5.36508E+21,1.19753E+16,4.84004E+16
170783,9.17033E+18,9,1,62,0,2017,3,20,7,3,0,7,1,0,0,0,0,2,0,6.92326E+20,5.33356E+21,1.15847E+16,4.81262E+16
170784,9.17033E+18,9,1,62,0,2017,3,14,7,3,0,1,1,0,0,0,0,0,0,6.90969E+20,5.33515E+21,1.15672E+16,4.81409E+16
170785,9.17033E+18,9,1,62,0,2017,3,11,7,3,6,4,1,0,1,0,0,0,0,6.89471E+20,5.33491E+21,1.15469E+16,4.81392E+16
170786,9.17033E+18,9,1,84,136,2017,3,10,7,2,0,7,0,1,1,0,0,0,0,6.98055E+20,5.32747E+21,1.16587E+16,4.80698E+16
170787,9.17033E+18,9,1,62,0,2017,3,10,7,3,6,7,0,1,1,0,0,0,0,7.01508E+20,5.33462E+21,1.17084E+16,4.81329E+16
170788,9.17033E+18,9,1,84,122,2017,3,13,7,3,5,3,1,1,0,0,0,0,0,6.87955E+20,5.32338E+21,1.15215E+16,4.8036E+16
170789,9.17033E+18,9,1,84,149,2017,3,15,7,3,9,1,0,0,0,1,0,0,0,6.87954E+20,5.34937E+21,1.1533E+16,4.82696E+16
170790,9.17033E+18,9,1,62,0,2017,3,15,7,3,3,7,0,1,0,1,0,0,0,6.91781E+20,5.33553E+21,1.15782E+16,4.81441E+16
170791,9.17033E+18,9,1,62,0,2017,3,12,7,3,5,3,0,1,0,1,0,0,0,6.90847E+20,5.33929E+21,1.15674E+16,4.81782E+16
170792,9.17033E+18,9,1,62,0,2017,3,8,7,3,8,6,0,1,0,0,0,0,0,6.86742E+20,5.33854E+21,1.15119E+16,4.81726E+16
170793,9.17033E+18,9,1,62,0,2017,3,21,7,3,3,6,0,0,0,1,0,2,0,6.94548E+20,5.34267E+21,1.16186E+16,4.82074E+16
170794,9.17033E+18,9,1,62,0,2017,3,15,7,3,0,3,0,1,0,0,1,0,0,6.91277E+20,5.33188E+21,1.15698E+16,4.81115E+16
170795,9.17033E+18,9,1,62,0,2017,3,12,7,3,5,7,1,1,0,0,0,0,0,6.91702E+20,5.33371E+21,1.15763E+16,4.81278E+16
170796,9.17033E+18,9,7,64,0,2017,3,20,7,3,1,7,0,1,0,0,0,2,0,5.86934E+20,5.31539E+21,1.01651E+16,4.79859E+16
170797,9.17033E+18,9,7,74,143,2017,3,14,7,2,4,2,0,1,0,1,0,0,0,5.93236E+20,5.35984E+21,1.02593E+16,4.83848E+16
170798,9.17033E+18,9,7,74,135,2017,3,11,7,3,4,2,1,1,0,0,0,0,0,5.93784E+20,5.36699E+21,1.02683E+16,4.84491E+16
170799,9.17033E+18,9,7,80,133,2017,3,14,7,2,6,4,1,0,1,0,0,0,0,5.95609E+20,5.25085E+21,1.02672E+16,4.74041E+16
170800,9.17033E+18,9,7,77,138,2017,3,13,7,3,6,4,0,1,1,0,0,0,0,6.09074E+20,5.29787E+21,1.04573E+16,4.78249E+16
170801,9.17033E+18,9,7,77,153,2017,3,14,7,3,9,1,0,0,0,0,1,0,0,6.12264E+20,5.2748E+21,1.0494E+16,4.76169E+16
170802,9.17033E+18,9,7,71,146,2017,3,10,7,3,5,1,1,1,0,0,0,0,0,6.4636E+20,5.34892E+21,1.09727E+16,4.82766E+16
170803,9.17033E+18,9,7,71,142,2017,3,12,7,3,0,6,0,1,0,1,0,0,0,6.46949E+20,5.35192E+21,1.09816E+16,4.83034E+16
170804,9.17033E+18,9,7,71,130,2017,3,14,7,3,2,6,0,1,0,1,0,0,0,6.46275E+20,5.35781E+21,1.09746E+16,4.83565E+16
170805,9.17033E+18,9,7,61,0,2017,3,0,7,3,5,3,0,1,0,0,0,2,0,6.38845E+20,5.35554E+21,1.08736E+16,4.83378E+16
170806,9.17033E+18,9,7,61,0,2017,3,11,7,3,3,6,0,1,0,0,0,0,0,6.40749E+20,5.35924E+21,1.09005E+16,4.83707E+16
170807,9.17033E+18,9,6,63,0,2017,3,8,7,2,4,2,0,1,0,1,0,0,0,5.67455E+20,5.51614E+21,9.93723E+15,4.97939E+16
170808,9.17033E+18,9,6,72,127,2017,3,12,7,2,6,7,0,1,1,0,0,0,0,5.6454E+20,5.55042E+21,9.90248E+15,5.01025E+16
170809,9.17033E+18,9,5,64,0,2017,3,13,7,3,4,2,1,1,0,0,0,0,0,6.49845E+20,5.48035E+21,1.10677E+16,4.94573E+16
170810,9.17033E+18,9,5,64,0,2017,3,19,7,2,5,3,1,0,0,0,0,2,0,6.50646E+20,5.47998E+21,1.10786E+16,4.94538E+16
170811,9.17033E+18,9,5,64,0,2017,3,12,7,2,0,1,1,0,0,0,0,0,0,6.47992E+20,5.48496E+21,1.10439E+16,4.94992E+16
170812,9.17033E+18,9,5,64,0,2017,3,19,7,3,5,7,0,1,0,0,0,2,0,6.51048E+20,5.47805E+21,1.10834E+16,4.94364E+16
170813,9.17033E+18,9,5,73,120,2017,3,14,7,3,1,1,0,1,0,1,0,0,0,6.29542E+20,5.48391E+21,1.07889E+16,4.9494E+16
170814,9.17033E+18,9,4,64,0,2017,3,21,7,3,5,3,0,1,0,0,0,2,0,7.06564E+20,5.57725E+21,1.19013E+16,5.03111E+16
170815,9.17033E+18,9,4,76,145,2017,3,9,7,3,8,1,0,1,0,0,0,0,0,6.65363E+20,5.57294E+21,1.13213E+16,5.02854E+16
170816,9.17033E+18,9,4,74,133,2017,3,15,7,3,0,1,1,0,0,0,0,0,0,6.42406E+20,5.51379E+21,1.09773E+16,4.97597E+16
170817,9.17033E+18,9,4,74,126,2017,3,0,7,3,0,7,1,0,0,0,0,2,0,6.4854E+20,5.50738E+21,1.10599E+16,4.97006E+16
170818,9.17033E+18,9,4,74,126,2017,3,18,7,2,0,7,1,0,0,0,0,0,0,6.4838E+20,5.51103E+21,1.10591E+16,4.97335E+16
170819,9.17033E+18,9,3,77,159,2017,3,7,7,3,5,3,0,1,0,0,0,0,0,7.28137E+20,5.53356E+21,1.21777E+16,4.99108E+16
170820,9.17033E+18,9,3,75,148,2017,3,17,7,3,4,3,0,1,0,1,0,0,0,7.03867E+20,5.43716E+21,1.17904E+16,4.90535E+16
170821,9.17033E+18,9,3,73,147,2017,3,11,7,3,1,7,0,1,0,0,1,0,0,6.79038E+20,5.46193E+21,1.14619E+16,4.92838E+16
170822,9.17033E+18,9,2,77,145,2017,3,20,7,3,0,7,0,0,0,1,0,2,0,8.0177E+20,5.35626E+21,1.30685E+16,4.82875E+16
170823,9.17033E+18,9,2,62,0,2017,3,0,7,3,0,1,0,0,0,1,0,2,0,8.28933E+20,5.38993E+21,1.346E+16,4.85759E+16
170824,9.17033E+18,9,2,72,147,2017,3,10,7,3,0,1,0,1,0,0,0,0,0,8.17693E+20,5.41831E+21,1.33299E+16,4.88364E+16
170825,9.17033E+18,9,2,74,184,2017,3,16,7,2,0,1,1,0,0,0,0,0,0,7.48128E+20,5.36808E+21,1.23536E+16,4.8417E+16
170826,9.17033E+18,9,1,90,140,2017,3,10,7,3,8,7,0,1,0,1,0,0,0,6.43723E+20,5.29681E+21,1.09196E+16,4.78086E+16
170827,9.17033E+18,9,1,89,155,2017,3,13,7,2,6,7,0,1,1,0,0,0,0,7.72614E+20,5.30815E+21,1.26456E+16,4.78688E+16
170828,9.17033E+18,9,1,71,111,2017,3,12,7,3,2,6,0,1,0,0,0,0,0,7.72699E+20,5.34754E+21,1.26718E+16,4.82224E+16
170829,9.17033E+18,9,1,63,0,2017,3,23,7,3,8,1,0,0,0,1,0,2,0,7.33771E+20,5.30523E+21,1.21254E+16,4.78579E+16
170830,9.17033E+18,9,1,87,148,2017,3,13,7,2,6,7,0,0,1,0,1,0,0,7.36866E+20,5.27885E+21,1.21524E+16,4.76197E+16
170831,9.17033E+18,9,1,87,117,2017,3,4,7,3,8,1,0,1,0,0,0,2,0,7.24123E+20,5.30598E+21,1.1997E+16,4.7868E+16
170832,9.17033E+18,9,1,76,126,2017,3,13,7,3,4,2,1,1,0,0,0,0,0,6.7374E+20,5.40814E+21,1.13661E+16,4.88019E+16
170833,9.17033E+18,9,1,81,130,2017,3,17,7,3,0,7,1,0,0,0,0,0,0,6.40015E+20,5.32341E+21,1.08788E+16,4.80486E+16
170834,9.17033E+18,9,1,81,143,2017,3,13,7,3,0,7,1,0,0,0,0,0,0,6.35882E+20,5.31412E+21,1.08204E+16,4.79659E+16
170835,9.17033E+18,9,1,79,145,2017,3,22,7,3,8,1,1,0,0,0,0,2,0,6.74278E+20,5.33839E+21,1.13443E+16,4.81748E+16
170836,9.17032E+18,9,1,62,0,2017,3,5,6,3,2,2,0,1,0,1,0,2,0,6.9243E+20,5.33815E+21,1.15881E+16,4.81674E+16
170837,9.17032E+18,9,1,62,0,2017,3,16,6,3,0,3,0,1,0,1,0,0,0,6.87497E+20,5.32703E+21,1.1517E+16,4.8069E+16
170838,9.17032E+18,9,1,62,0,2017,3,22,6,3,5,6,0,1,0,0,0,2,0,6.93935E+20,5.33121E+21,1.16052E+16,4.81046E+16
170839,9.17032E+18,9,1,62,0,2017,3,13,6,3,5,3,1,0,0,0,0,0,0,6.93816E+20,5.33571E+21,1.16056E+16,4.81451E+16
170840,9.17032E+18,9,1,84,149,2017,3,14,6,3,5,3,1,0,0,0,0,0,0,6.91093E+20,5.35138E+21,1.15761E+16,4.82868E+16
170841,9.17032E+18,9,1,62,0,2017,3,18,6,3,2,6,0,1,0,0,0,1,0,6.88648E+20,5.33629E+21,1.15365E+16,4.81519E+16
170842,9.17032E+18,9,1,62,0,2017,3,7,6,3,3,2,1,1,0,0,0,0,1,6.86544E+20,5.3281E+21,1.15046E+16,4.80789E+16
170843,9.17032E+18,9,7,75,149,2017,3,17,6,3,0,1,1,0,0,0,0,0,0,5.91656E+20,5.35011E+21,1.02358E+16,4.82975E+16