OBJECTID,UIDENTSTLA,ULAND,UREGBEZ,UKREIS,UGEMEINDE,UJAHR,UMONAT,USTUNDE,UWOCHENTAG,UKATEGORIE,UART,UTYP1,IstRad,IstPKW,IstFuss,IstKrad,IstSonstig,LICHT,STRZUSTAND,LINREFX,LINREFY,XGCSWGS84,YGCSWGS84
170844,9.17032E+18,9,7,75,135,2017,3,12,6,3,5,3,0,1,0,0,1,0,0,5.74872E+20,5.35846E+21,1.00111E+16,4.83749E+16
170845,9.17032E+18,9,7,75,135,2017,3,15,6,3,5,3,0,1,0,0,0,0,0,5.76717E+20,5.36E+21,1.00363E+16,4.83885E+16
170846,9.17032E+18,9,7,78,115,2017,3,14,6,3,3,6,1,1,0,0,0,0,0,5.92998E+20,5.33263E+21,1.02501E+16,4.81401E+16
170847,9.17032E+18,9,7,64,0,2017,3,16,6,3,2,6,0,1,0,1,0,0,0,5.88515E+20,5.31534E+21,1.01863E+16,4.79853E+16
170848,9.17032E+18,9,7,78,161,2017,3,13,6,3,4,6,0,1,0,0,0,0,0,5.86841E+20,5.30609E+21,1.0162E+16,4.79023E+16
170849,9.17032E+18,9,7,63,0,2017,3,15,6,3,2,6,0,1,0,0,0,0,0,5.98057E+20,5.28782E+21,1.03079E+16,4.77363E+16
170850,9.17032E+18,9,7,79,194,2017,3,7,6,3,5,3,0,1,0,1,0,0,0,6.08957E+20,5.41118E+21,1.0485E+16,4.88441E+16
170851,9.17032E+18,9,7,72,125,2017,3,17,6,2,5,3,1,1,0,0,0,0,0,6.3649E+20,5.34799E+21,1.08394E+16,4.82704E+16
170852,9.17032E+18,9,7,61,0,2017,3,16,6,3,1,6,0,1,0,0,0,0,0,6.39298E+20,5.36188E+21,1.08818E+16,4.83947E+16
170853,9.17032E+18,9,7,61,0,2017,3,7,6,3,5,3,0,1,0,0,1,0,0,6.39658E+20,5.35747E+21,1.08852E+16,4.8355E+16
170854,9.17032E+18,9,7,61,0,2017,3,10,6,2,6,4,0,1,1,0,0,0,0,6.40257E+20,5.35857E+21,1.08937E+16,4.83647E+16
170855,9.17032E+18,9,6,63,0,2017,3,14,6,3,2,6,0,1,0,0,0,0,0,5.67842E+20,5.5166E+21,9.94269E+15,4.9798E+16
170856,9.17032E+18,9,6,75,147,2017,3,9,6,3,6,6,0,1,1,0,0,0,0,5.82369E+20,5.50224E+21,1.01415E+16,4.96671E+16
170857,9.17032E+18,9,6,76,126,2017,3,11,6,3,8,1,1,0,0,0,0,0,0,5.11234E+20,5.52586E+21,9.15638E+15,4.98851E+16
170858,9.17032E+18,9,6,61,0,2017,3,9,6,3,5,3,1,1,0,0,0,0,0,5.10618E+20,5.53618E+21,9.14809E+15,4.99779E+16
170859,9.17032E+18,9,5,62,0,2017,3,9,6,3,0,7,1,0,0,0,0,0,0,6.46498E+20,5.49072E+21,1.10254E+16,4.95513E+16
170860,9.17032E+18,9,5,64,0,2017,3,6,6,2,5,2,0,1,0,1,0,0,0,6.53665E+20,5.48316E+21,1.11215E+16,4.94816E+16
170861,9.17032E+18,9,5,64,0,2017,3,20,6,3,5,3,0,1,0,1,0,2,0,6.45102E+20,5.47729E+21,1.10012E+16,4.94309E+16
170862,9.17032E+18,9,5,64,0,2017,3,17,6,3,2,6,0,1,0,0,0,0,0,6.46259E+20,5.47984E+21,1.10181E+16,4.94536E+16
170863,9.17032E+18,9,5,64,0,2017,3,11,6,3,0,1,1,0,0,0,0,0,0,6.5067E+20,5.47767E+21,1.10781E+16,4.9433E+16
170864,9.17032E+18,9,5,64,0,2017,3,12,6,3,3,6,0,1,0,0,1,0,0,6.55538E+20,5.47555E+21,1.11443E+16,4.94127E+16
170865,9.17032E+18,9,5,73,134,2017,3,18,6,3,0,1,1,0,0,0,0,2,0,6.4233E+20,5.47805E+21,1.09633E+16,4.94384E+16
170866,9.17032E+18,9,5,71,175,2017,3,13,6,2,0,7,1,0,0,0,0,0,0,6.22844E+20,5.46E+21,1.06891E+16,4.92804E+16
170867,9.17032E+18,9,4,71,195,2017,3,13,6,3,0,7,0,1,1,0,0,0,0,6.43523E+20,5.52583E+21,1.09972E+16,4.98677E+16
170868,9.17032E+18,9,4,71,159,2017,3,8,6,3,0,7,0,0,0,0,1,0,0,6.40166E+20,5.53408E+21,1.09535E+16,4.99426E+16
170869,9.17032E+18,9,4,61,0,2017,3,7,6,3,5,3,1,1,0,0,0,0,0,6.36157E+20,5.5294E+21,1.0896E+16,4.99014E+16
170870,9.17032E+18,9,3,77,157,2017,3,22,6,3,4,1,0,1,0,1,0,2,0,7.20305E+20,5.54135E+21,1.20732E+16,4.99837E+16
170871,9.17032E+18,9,3,75,196,2017,3,22,6,3,0,1,1,0,0,0,0,2,0,7.30891E+20,5.4139E+21,1.21466E+16,4.88351E+16
170872,9.17032E+18,9,2,78,141,2017,3,14,6,3,5,3,0,1,0,0,0,0,0,7.59997E+20,5.42556E+21,1.25499E+16,4.89283E+16
170873,9.17032E+18,9,2,75,154,2017,3,18,6,3,4,6,0,1,0,0,0,1,0,8.08553E+20,5.39511E+21,1.31883E+16,4.86328E+16
170874,9.17032E+18,9,2,72,141,2017,3,19,6,3,5,3,0,1,0,1,0,2,0,8.32346E+20,5.40934E+21,1.35217E+16,4.87483E+16
170875,9.17032E+18,9,2,74,184,2017,3,10,6,3,0,1,1,0,0,0,0,0,0,7.46819E+20,5.37187E+21,1.23382E+16,4.84515E+16
170876,9.17032E+18,9,2,61,0,2017,3,10,6,3,0,3,1,1,0,0,0,0,0,7.32068E+20,5.38127E+21,1.21443E+16,4.85415E+16
170877,9.17032E+18,9,2,79,112,2017,3,11,6,3,0,7,1,0,0,0,0,0,0,7.57337E+20,5.3923E+21,1.24928E+16,4.86307E+16
170878,9.17032E+18,9,1,90,148,2017,3,14,6,3,5,3,0,1,0,1,0,0,0,6.40463E+20,5.29658E+21,1.0876E+16,4.78072E+16
170879,9.17032E+18,9,1,71,111,2017,3,2,6,3,0,1,1,0,0,0,0,2,0,7.73646E+20,5.34811E+21,1.26849E+16,4.82271E+16
170880,9.17032E+18,9,1,87,117,2017,3,18,6,3,0,7,0,1,0,0,0,0,0,7.24355E+20,5.30615E+21,1.20002E+16,4.78695E+16
170881,9.17032E+18,9,1,61,0,2017,3,12,6,3,3,6,0,1,0,0,0,0,0,6.77241E+20,5.40531E+21,1.14125E+16,4.87755E+16
170882,9.17032E+18,9,1,79,142,2017,3,7,6,2,8,1,0,1,0,1,0,0,0,6.78084E+20,5.34183E+21,1.13969E+16,4.82047E+16
170883,9.17032E+18,9,1,62,0,2017,3,15,5,3,6,7,1,0,1,0,0,0,0,6.91401E+20,5.33205E+21,1.15716E+16,4.8113E+16
170884,9.17032E+18,9,1,62,0,2017,3,14,5,3,4,7,1,1,0,0,0,0,0,6.91181E+20,5.33417E+21,1.15696E+16,4.8132E+16
170885,9.17032E+18,9,1,62,0,2017,3,15,5,3,1,3,1,1,0,0,1,0,0,6.91742E+20,5.3366E+21,1.15782E+16,4.81537E+16
170886,9.17032E+18,9,1,62,0,2017,3,18,5,3,5,3,1,1,0,0,0,2,0,6.92178E+20,5.33557E+21,1.15836E+16,4.81444E+16
170887,9.17032E+18,9,1,84,149,2017,3,11,5,3,5,3,0,1,0,0,0,0,0,6.90435E+20,5.35019E+21,1.15667E+16,4.82762E+16
170888,9.17032E+18,9,1,84,131,2017,3,13,5,3,6,3,0,1,1,0,0,0,0,7.05121E+20,5.33785E+21,1.17585E+16,4.81608E+16
170889,9.17032E+18,9,1,62,0,2017,3,16,5,3,3,6,0,1,0,1,0,0,0,6.87874E+20,5.3304E+21,1.15235E+16,4.80992E+16
170890,9.17032E+18,9,1,62,0,2017,3,8,5,3,4,2,1,1,0,0,0,0,1,6.96368E+20,5.33593E+21,1.164E+16,4.81463E+16
170891,9.17032E+18,9,1,62,0,2017,3,16,5,3,5,2,1,1,0,0,0,0,0,6.83233E+20,5.33509E+21,1.14632E+16,4.81427E+16
170892,9.17032E+18,9,1,62,0,2017,3,21,5,3,1,6,1,1,0,0,0,2,0,6.84255E+20,5.33185E+21,1.14756E+16,4.81133E+16
170893,9.17032E+18,9,1,62,0,2017,3,11,5,3,3,5,1,1,0,0,0,0,0,6.92463E+20,5.33547E+21,1.15874E+16,4.81433E+16
170894,9.17032E+18,9,1,62,0,2017,3,7,5,3,6,7,0,0,1,1,0,0,0,6.89788E+20,5.33341E+21,1.15505E+16,4.81256E+16
170895,9.17032E+18,9,1,62,0,2017,3,7,5,2,4,3,0,1,0,1,0,0,0,6.89407E+20,5.33609E+21,1.15466E+16,4.81498E+16
170896,9.17032E+18,9,1,62,0,2017,3,17,5,3,0,7,1,0,0,0,1,1,0,6.88421E+20,5.34141E+21,1.15357E+16,4.8198E+16
170897,9.17032E+18,9,1,62,0,2017,3,12,5,3,0,1,1,0,0,0,0,0,0,6.92158E+20,5.33257E+21,1.1582E+16,4.81174E+16
170898,9.17032E+18,9,1,62,0,2017,3,8,5,3,2,6,0,1,0,0,0,0,0,6.8748E+20,5.33293E+21,1.15193E+16,4.8122E+16
170899,9.17032E+18,9,1,62,0,2017,3,7,5,3,3,2,0,1,0,1,0,0,0,6.90908E+20,5.33621E+21,1.15668E+16,4.81504E+16
170900,9.17032E+18,9,7,78,123,2017,3,19,5,2,6,7,0,1,1,0,0,2,0,5.84389E+20,5.3167E+21,1.01313E+16,4.7998E+16
170901,9.17032E+18,9,7,63,0,2017,3,23,5,2,8,1,0,1,0,0,0,2,0,5.94804E+20,5.28993E+21,1.0265E+16,4.77557E+16
170902,9.17032E+18,9,7,80,139,2017,3,13,5,3,0,1,1,0,0,0,0,0,0,5.9611E+20,5.26386E+21,1.02767E+16,4.7521E+16
170903,9.17032E+18,9,7,62,0,2017,3,13,5,2,5,3,1,0,0,0,1,0,0,6.20882E+20,5.30453E+21,1.06169E+16,4.78827E+16
170904,9.17032E+18,9,7,79,228,2017,3,2,5,3,5,3,0,1,0,0,1,2,0,6.25752E+20,5.4144E+21,1.07149E+16,4.88698E+16
170905,9.17032E+18,9,7,71,130,2017,3,17,5,3,4,2,0,1,0,1,0,0,0,6.46287E+20,5.36165E+21,1.09761E+16,4.83911E+16
170906,9.17032E+18,9,7,61,0,2017,3,17,5,3,5,3,0,1,0,0,0,0,0,6.40576E+20,5.353E+21,1.08961E+16,4.83145E+16
170907,9.17032E+18,9,7,71,113,2017,3,5,5,3,4,2,0,1,0,0,0,2,1,6.55844E+20,5.36693E+21,1.11071E+16,4.84362E+16
170908,9.17032E+18,9,6,79,202,2017,3,17,5,3,5,3,1,1,0,0,0,0,0,5.62913E+20,5.52093E+21,9.8749E+15,4.98375E+16
170909,9.17032E+18,9,6,63,0,2017,3,12,5,2,5,3,1,1,0,0,0,0,0,5.66905E+20,5.51519E+21,9.92943E+15,4.97855E+16
170910,9.17032E+18,9,6,76,125,2017,3,8,5,3,5,2,0,1,0,0,0,0,0,5.15973E+20,5.50894E+21,9.22165E+15,4.97327E+16
170911,9.17032E+18,9,6,71,136,2017,3,17,5,3,0,7,1,0,0,0,0,0,0,5.04793E+20,5.53857E+21,9.06688E+15,4.99994E+16
170912,9.17032E+18,9,5,62,0,2017,3,12,5,3,3,2,1,0,0,0,1,0,0,6.45776E+20,5.49366E+21,1.10165E+16,4.95779E+16
170913,9.17032E+18,9,5,62,0,2017,3,13,5,3,2,6,0,1,0,1,0,0,0,6.4541E+20,5.49615E+21,1.10124E+16,4.96004E+16
170914,9.17032E+18,9,5,74,138,2017,3,13,5,3,5,3,0,1,0,1,0,0,0,6.65906E+20,5.48634E+21,1.12917E+16,4.9507E+16
170915,9.17032E+18,9,5,64,0,2017,3,7,5,3,2,7,0,1,0,0,0,0,1,6.48893E+20,5.47823E+21,1.10538E+16,4.94385E+16
170916,9.17032E+18,9,5,64,0,2017,3,10,5,3,4,2,0,1,0,0,1,0,0,6.50073E+20,5.48219E+21,1.10716E+16,4.94738E+16
170917,9.17032E+18,9,4,75,168,2017,3,15,5,3,4,2,0,1,0,0,0,0,0,7.10185E+20,5.56737E+21,1.19466E+16,5.02211E+16
170918,9.17032E+18,9,4,76,145,2017,3,17,5,2,1,6,0,1,0,0,0,0,0,6.65695E+20,5.56699E+21,1.13233E+16,5.02319E+16
170919,9.17032E+18,9,4,73,144,2017,3,23,5,3,8,7,0,1,0,0,0,2,0,6.33258E+20,5.57369E+21,1.08711E+16,5.03002E+16
170920,9.17032E+18,9,4,74,126,2017,3,15,5,2,0,6,0,0,0,0,1,0,0,6.48196E+20,5.51109E+21,1.10566E+16,4.97341E+16
170921,9.17032E+18,9,3,75,174,2017,3,19,5,3,4,2,0,1,0,1,0,2,0,7.33824E+20,5.43164E+21,1.21966E+16,4.89934E+16
170922,9.17032E+18,9,3,75,117,2017,3,17,5,2,6,4,0,1,1,0,0,0,0,7.40089E+20,5.43396E+21,1.22835E+16,4.90118E+16
170923,9.17032E+18,9,2,61,0,2017,3,17,5,3,0,1,0,0,0,1,0,0,0,7.33587E+20,5.38095E+21,1.21646E+16,4.85381E+16
170924,9.17032E+18,9,1,63,0,2017,3,14,5,3,5,3,1,1,0,0,0,0,0,7.32821E+20,5.30354E+21,1.21118E+16,4.7843E+16
170925,9.17032E+18,9,1,87,122,2017,3,20,5,3,1,5,0,1,0,0,0,2,0,7.20481E+20,5.30668E+21,1.19487E+16,4.78755E+16
170926,9.17032E+18,9,1,61,0,2017,3,6,5,2,0,1,1,0,0,0,0,1,0,6.76365E+20,5.40571E+21,1.14008E+16,4.87794E+16
170927,9.17032E+18,9,1,76,126,2017,3,15,5,3,5,3,0,1,0,0,1,0,0,6.74448E+20,5.40696E+21,1.13752E+16,4.87911E+16
170928,9.17032E+18,9,1,76,126,2017,3,7,5,2,5,3,0,1,0,1,0,0,0,6.73739E+20,5.40814E+21,1.13661E+16,4.8802E+16
170929,9.17032E+18,9,1,76,126,2017,3,7,5,3,5,3,0,1,0,0,0,0,1,6.75009E+20,5.40593E+21,1.13824E+16,4.87817E+16
170930,9.17032E+18,9,1,86,162,2017,3,11,5,3,2,6,0,1,0,0,0,0,0,6.93723E+20,5.3862E+21,1.16277E+16,4.85989E+16
170931,9.17032E+18,9,1,79,149,2017,3,12,5,2,0,7,1,0,0,0,0,0,0,6.55007E+20,5.32977E+21,1.10821E+16,4.81024E+16
170932,9.17032E+18,9,1,78,124,2017,3,20,5,3,2,6,0,1,0,0,0,2,0,7.04103E+20,5.3591E+21,1.1755E+16,4.83521E+16
170933,9.17032E+18,9,1,75,115,2017,3,13,5,2,5,3,0,1,0,0,1,0,0,7.20648E+20,5.329E+21,1.19624E+16,4.80761E+16
170934,9.17032E+18,9,1,77,139,2017,3,16,5,3,2,6,0,1,0,0,0,0,0,7.31927E+20,5.35873E+21,1.21299E+16,4.83391E+16
170935,9.17032E+18,9,1,62,0,2017,3,8,4,2,6,4,0,1,1,0,0,0,1,6.93029E+20,5.33593E+21,1.15952E+16,4.81473E+16
170936,9.17032E+18,9,1,62,0,2017,3,7,4,3,0,7,0,0,0,1,0,0,1,6.89104E+20,5.33337E+21,1.15413E+16,4.81254E+16
170937,9.17032E+18,9,1,62,0,2017,3,15,4,3,5,2,0,1,0,0,0,0,0,6.8862E+20,5.33172E+21,1.15341E+16,4.81108E+16
170938,9.17032E+18,9,1,62,0,2017,3,20,4,3,3,2,1,1,0,0,0,2,0,6.91081E+20,5.33421E+21,1.15682E+16,4.81325E+16
170939,9.17032E+18,9,1,62,0,2017,3,8,4,3,3,2,1,1,0,0,0,0,1,6.95204E+20,5.33869E+21,1.16257E+16,4.81715E+16
170940,9.17032E+18,9,1,84,138,2017,3,15,4,3,6,4,0,0,1,0,1,0,0,6.79764E+20,5.33079E+21,1.14148E+16,4.8105E+16
170941,9.17032E+18,9,1,84,148,2017,3,12,4,3,1,5,0,1,0,1,0,0,1,6.94109E+20,5.32839E+21,1.16062E+16,4.80793E+16
170942,9.17032E+18,9,1,62,0,2017,3,10,4,3,6,4,0,0,1,0,1,0,0,6.84693E+20,5.32915E+21,1.14803E+16,4.80888E+16
170943,9.17033E+18,9,6,73,117,2017,3,13,6,3,5,3,0,1,0,0,0,0,0,5.7156E+20,5.58363E+21,1.00069E+16,5.04003E+16
170944,9.17033E+18,9,6,62,0,2017,3,10,6,3,5,3,0,1,0,0,1,0,0,5.87349E+20,5.54484E+21,1.02201E+16,5.00495E+16
170945,9.17033E+18,9,6,61,0,2017,3,16,6,3,4,6,1,1,0,0,0,0,0,5.12373E+20,5.53527E+21,9.17254E+15,4.99696E+16
170946,9.17033E+18,9,5,64,0,2017,3,12,6,3,2,6,0,1,0,0,0,0,0,6.45674E+20,5.48026E+21,1.10102E+16,4.94575E+16
170947,9.17033E+18,9,6,61,0,2017,3,13,6,3,2,6,0,1,0,0,0,0,0,5.11216E+20,5.5349E+21,9.15639E+15,4.99664E+16
170948,9.17033E+18,9,5,64,0,2017,3,5,6,3,4,6,1,1,0,0,0,2,0,6.54497E+20,5.48091E+21,1.11321E+16,4.94612E+16
170949,9.17033E+18,9,5,64,0,2017,3,18,6,3,5,3,1,1,0,0,0,0,0,6.51228E+20,5.47473E+21,1.10847E+16,4.94065E+16
170950,9.17033E+18,9,5,71,225,2017,3,14,6,2,4,1,0,1,0,1,0,0,0,5.91292E+20,5.47405E+21,1.02586E+16,4.94122E+16
170951,9.17033E+18,9,5,76,151,2017,3,14,6,3,5,3,1,1,0,0,0,0,0,6.54563E+20,5.46812E+21,1.1128E+16,4.93462E+16
170952,9.17033E+18,9,5,65,0,2017,3,18,6,2,5,3,1,1,0,0,0,0,0,6.46832E+20,5.46628E+21,1.1021E+16,4.93316E+16
170953,9.17033E+18,9,5,76,147,2017,3,18,6,2,0,3,0,1,0,1,0,0,0,6.4028E+20,5.44905E+21,1.09248E+16,4.91782E+16
170954,9.17033E+18,9,5,74,132,2017,3,16,6,3,4,6,1,1,0,0,0,0,0,6.76021E+20,5.48743E+21,1.14318E+16,4.95139E+16
170955,9.17033E+18,9,5,64,0,2017,3,19,6,3,6,4,0,1,1,0,0,0,0,6.50184E+20,5.47834E+21,1.10717E+16,4.94392E+16
170956,9.17033E+18,9,5,64,0,2017,3,12,6,3,4,2,1,1,0,0,0,0,0,6.50341E+20,5.47946E+21,1.10742E+16,4.94492E+16
170957,9.17033E+18,9,5,71,115,2017,3,16,6,2,0,1,1,0,0,0,0,0,0,6.13613E+20,5.45186E+21,1.05599E+16,4.9209E+16
170958,9.17033E+18,9,4,75,156,2017,3,12,6,3,5,3,0,1,0,0,0,0,0,6.92383E+20,5.57843E+21,1.17029E+16,5.03266E+16
170959,9.17033E+18,9,4,75,168,2017,3,19,6,2,0,1,1,0,0,0,0,1,0,7.10102E+20,5.56686E+21,1.19451E+16,5.02165E+16
170960,9.17033E+18,9,4,64,0,2017,3,16,6,3,4,2,1,1,0,0,0,0,0,7.07793E+20,5.57871E+21,1.19193E+16,5.03238E+16
170961,9.17033E+18,9,4,78,139,2017,3,22,6,3,2,6,1,1,0,0,0,2,0,6.47123E+20,5.55674E+21,1.10591E+16,5.01446E+16
170962,9.17033E+18,9,5,64,0,2017,3,15,6,3,2,6,0,1,0,0,0,0,0,6.50723E+20,5.48023E+21,1.10798E+16,4.94561E+16
170963,9.17033E+18,9,4,73,159,2017,3,14,6,3,5,3,0,1,0,0,0,0,0,6.44714E+20,5.57136E+21,1.1031E+16,5.02766E+16
170964,9.17033E+18,9,4,78,165,2017,3,13,6,3,6,1,0,0,1,0,1,0,0,6.4797E+20,5.55024E+21,1.10685E+16,5.0086E+16
170965,9.17033E+18,9,4,78,139,2017,3,6,6,3,1,7,0,1,0,1,0,0,0,6.47188E+20,5.55688E+21,1.10601E+16,5.01459E+16
170966,9.17033E+18,9,4,78,165,2017,3,21,6,2,8,1,1,0,0,0,0,2,0,6.43854E+20,5.55001E+21,1.10109E+16,5.0085E+16
170967,9.17033E+18,9,4,62,0,2017,3,20,6,2,4,2,1,1,0,0,0,1,0,6.82675E+20,5.53576E+21,1.15462E+16,4.99463E+16
170968,9.17033E+18,9,4,62,0,2017,3,17,6,3,6,3,1,0,1,0,0,0,0,6.8429E+20,5.5356E+21,1.15687E+16,4.99443E+16
170969,9.17033E+18,9,4,74,123,2017,3,10,6,2,0,7,1,0,0,0,0,0,0,6.48071E+20,5.51494E+21,1.10563E+16,4.97687E+16
170970,9.17033E+18,9,4,74,154,2017,3,14,6,3,0,7,0,0,0,1,0,0,0,6.50938E+20,5.49918E+21,1.109E+16,4.96263E+16
170971,9.17033E+18,9,4,61,0,2017,3,13,6,3,5,2,1,1,0,0,0,0,0,6.3593E+20,5.52833E+21,1.08925E+16,4.98919E+16
170972,9.17033E+18,9,3,77,141,2017,3,13,6,3,1,7,0,1,0,1,0,0,0,7.32591E+20,5.53798E+21,1.22423E+16,4.99488E+16
170973,9.17033E+18,9,3,75,180,2017,3,15,6,3,5,3,1,1,0,0,0,0,0,7.22838E+20,5.43006E+21,1.20458E+16,4.89832E+16
170974,9.17033E+18,9,3,75,174,2017,3,11,6,3,6,4,0,1,1,0,0,0,0,7.3339E+20,5.42973E+21,1.21896E+16,4.89763E+16
170975,9.17033E+18,9,3,62,0,2017,3,7,6,3,5,3,0,0,0,1,0,0,0,7.25729E+20,5.43215E+21,1.20864E+16,4.90009E+16
170976,9.17033E+18,9,3,62,0,2017,3,22,6,3,8,6,0,1,0,0,0,2,0,7.27089E+20,5.43376E+21,1.21059E+16,4.90149E+16
170977,9.17033E+18,9,3,62,0,2017,3,16,6,3,3,6,1,0,0,0,0,0,0,7.26909E+20,5.43548E+21,1.21044E+16,4.90304E+16
170978,9.17033E+18,9,3,62,0,2017,3,16,6,3,5,3,1,1,0,0,0,0,0,7.28338E+20,5.43527E+21,1.21238E+16,4.9028E+16
170979,9.17033E+18,9,2,63,0,2017,3,7,6,3,5,3,0,1,0,1,0,0,0,7.62101E+20,5.41899E+21,1.25743E+16,4.88684E+16
170980,9.17033E+18,9,2,62,0,2017,3,8,6,3,5,2,0,1,0,1,0,0,0,8.27373E+20,5.38863E+21,1.34379E+16,4.85651E+16
170981,9.17033E+18,9,2,75,144,2017,3,15,6,3,5,3,0,1,0,0,0,0,0,8.24987E+20,5.39778E+21,1.34128E+16,4.86484E+16
170982,9.17033E+18,9,2,75,141,2017,3,10,6,3,6,4,0,1,1,0,0,0,0,8.24821E+20,5.37046E+21,1.33893E+16,4.84035E+16
170983,9.17033E+18,9,2,72,140,2017,3,16,6,3,4,1,0,1,0,0,0,0,0,8.27591E+20,5.41663E+21,1.3463E+16,4.88162E+16
170984,9.17033E+18,9,2,73,147,2017,3,16,6,2,0,7,1,0,0,0,0,0,0,7.044E+20,5.39131E+21,1.17748E+16,4.86414E+16
170985,9.17033E+18,9,1,90,157,2017,3,19,6,2,0,7,1,0,0,0,0,0,0,6.58995E+20,5.30166E+21,1.11253E+16,4.78486E+16
170986,9.17033E+18,9,1,90,157,2017,3,11,6,3,1,6,0,1,0,1,0,0,0,6.60921E+20,5.30199E+21,1.11511E+16,4.78511E+16
170987,9.17033E+18,9,1,90,157,2017,3,8,6,3,2,2,1,1,0,0,0,0,0,6.60876E+20,5.3006E+21,1.115E+16,4.78386E+16
170988,9.17033E+18,9,1,90,148,2017,3,16,6,3,2,6,0,1,0,0,0,0,0,6.40346E+20,5.29654E+21,1.08745E+16,4.78069E+16
170989,9.17033E+18,9,1,73,126,2017,3,15,6,3,0,7,1,1,0,0,0,0,0,6.8479E+20,5.30512E+21,1.14712E+16,4.78728E+16
170990,9.17033E+18,9,1,73,118,2017,3,18,6,2,7,7,1,0,0,0,0,0,0,6.92863E+20,5.30579E+21,1.15794E+16,4.78765E+16
170991,9.17033E+18,9,1,80,117,2017,3,18,6,3,1,7,1,1,0,0,0,0,0,6.58163E+20,5.26198E+21,1.10998E+16,4.7492E+16
170992,9.17033E+18,9,1,83,148,2017,3,19,6,3,1,7,0,1,0,0,0,0,0,7.52541E+20,5.34409E+21,1.23988E+16,4.81998E+16
170993,9.17033E+18,9,1,89,154,2017,3,16,6,3,5,3,0,1,0,0,0,0,0,7.67904E+20,5.31787E+21,1.25888E+16,4.7958E+16
170994,9.17033E+18,9,1,83,112,2017,3,12,6,3,5,3,0,1,0,0,1,0,0,7.54637E+20,5.34937E+21,1.24302E+16,4.82464E+16
170995,9.17033E+18,9,1,72,112,2017,3,17,6,2,4,2,1,1,0,0,0,0,0,7.88618E+20,5.30168E+21,1.28548E+16,4.78037E+16
170996,9.17033E+18,9,1,71,132,2017,3,16,6,3,8,1,0,1,0,0,0,0,0,7.66015E+20,5.35078E+21,1.2584E+16,4.82543E+16
170997,9.17033E+18,9,1,63,0,2017,3,19,6,3,0,1,1,0,0,0,0,0,0,7.33399E+20,5.30636E+21,1.21211E+16,4.78681E+16
170998,9.17033E+18,9,1,82,120,2017,3,7,6,3,5,3,1,0,0,0,0,0,0,7.01604E+20,5.30727E+21,1.16968E+16,4.78871E+16
170999,9.17033E+18,9,1,87,131,2017,3,13,6,3,0,1,0,0,1,1,0,0,0,7.34354E+20,5.29029E+21,1.21251E+16,4.77234E+16
171000,9.17033E+18,9,1,87,150,2017,3,16,6,3,0,7,1,0,0,0,1,0,0,7.28777E+20,5.30405E+21,1.20581E+16,4.7849E+16
171001,9.17033E+18,9,1,86,158,2017,3,8,6,3,5,3,0,1,0,0,0,0,0,6.9295E+20,5.4044E+21,1.16257E+16,4.87627E+16
171002,9.17033E+18,9,1,81,131,2017,3,19,6,2,1,7,1,0,0,0,0,0,0,6.34957E+20,5.33414E+21,1.08144E+16,4.81462E+16
171003,9.17033E+18,9,1,81,130,2017,3,13,6,3,5,3,0,1,0,1,0,0,0,6.3912E+20,5.32256E+21,1.08665E+16,4.80411E+16
171004,9.17033E+18,9,1,88,124,2017,3,14,6,3,0,7,1,0,0,0,0,0,0,6.61469E+20,5.31941E+21,1.1165E+16,4.80075E+16
171005,9.17033E+18,9,1,79,123,2017,3,16,6,3,0,7,1,0,0,0,0,0,0,6.7606E+20,5.33305E+21,1.13661E+16,4.81263E+16
171006,9.17033E+18,9,1,74,115,2017,3,16,6,3,5,3,1,1,0,0,0,0,0,6.80634E+20,5.3473E+21,1.14335E+16,4.82531E+16
171007,9.17033E+18,9,1,74,143,2017,3,18,6,3,0,1,1,0,0,0,0,0,0,6.72883E+20,5.35291E+21,1.13315E+16,4.83057E+16
171008,9.17033E+18,9,1,74,150,2017,3,13,6,3,8,1,0,1,0,0,1,0,0,6.82306E+20,5.35855E+21,1.14609E+16,4.83537E+16
171009,9.17033E+18,9,1,74,113,2017,3,7,6,3,5,3,0,1,0,0,0,0,0,6.75609E+20,5.3475E+21,1.1366E+16,4.82564E+16
171010,9.17033E+18,9,1,77,124,2017,3,19,6,3,9,1,0,0,0,1,0,0,0,7.26276E+20,5.36742E+21,1.20584E+16,4.84192E+16
171011,9.17033E+18,9,1,62,0,2017,3,11,5,3,1,6,1,1,0,0,0,0,0,6.88561E+20,5.33646E+21,1.15354E+16,4.81534E+16
171012,9.17033E+18,9,1,62,0,2017,3,18,5,3,1,6,0,1,0,0,0,0,0,6.91794E+20,5.33269E+21,1.15771E+16,4.81185E+16
171013,9.17033E+18,9,1,84,147,2017,3,15,5,2,9,5,1,1,0,0,0,0,0,6.97231E+20,5.33983E+21,1.16534E+16,4.81811E+16
171014,9.17033E+18,9,1,62,0,2017,3,18,5,2,2,6,1,0,0,1,0,0,0,6.88561E+20,5.32855E+21,1.15319E+16,4.80823E+16
171015,9.17033E+18,9,1,62,0,2017,3,15,5,3,4,2,1,1,0,0,0,0,0,6.91215E+20,5.34187E+21,1.15735E+16,4.82012E+16