OBJECTID,UIDENTSTLA,ULAND,UREGBEZ,UKREIS,UGEMEINDE,UJAHR,UMONAT,USTUNDE,UWOCHENTAG,UKATEGORIE,UART,UTYP1,IstRad,IstPKW,IstFuss,IstKrad,IstSonstig,LICHT,STRZUSTAND,LINREFX,LINREFY,XGCSWGS84,YGCSWGS84
171016,9.17033E+18,9,1,62,0,2017,3,10,5,3,5,3,0,1,0,0,1,0,0,6.83369E+20,5.33548E+21,1.14652E+16,4.81462E+16
171017,9.17033E+18,9,1,84,149,2017,3,14,5,2,5,3,1,1,0,0,0,0,0,6.90015E+20,5.35115E+21,1.15615E+16,4.8285E+16
171018,9.17033E+18,9,1,62,0,2017,3,18,5,3,6,4,0,1,1,0,0,0,0,6.8432E+20,5.3376E+21,1.14789E+16,4.81649E+16
171019,9.17033E+18,9,1,62,0,2017,3,12,5,3,6,4,0,1,1,0,0,0,0,6.86492E+20,5.33439E+21,1.15067E+16,4.81354E+16
171020,9.17033E+18,9,1,62,0,2017,3,8,5,3,6,3,0,1,1,0,0,0,0,6.98288E+20,5.33178E+21,1.16639E+16,4.81084E+16
171021,9.17033E+18,9,1,62,0,2017,3,17,5,3,6,3,0,1,1,0,0,0,0,6.90627E+20,5.33497E+21,1.15625E+16,4.81394E+16
171022,9.17033E+18,9,1,62,0,2017,3,9,5,3,6,4,1,0,1,0,0,0,0,6.88151E+20,5.33412E+21,1.15289E+16,4.81325E+16
171023,9.17033E+18,9,1,62,0,2017,3,6,5,3,5,3,0,1,0,0,0,1,0,6.85599E+20,5.3351E+21,1.1495E+16,4.8142E+16
171024,9.17033E+18,9,1,84,139,2017,3,14,5,3,0,1,1,0,0,0,0,0,0,6.87706E+20,5.32587E+21,1.15193E+16,4.80585E+16
171025,9.17033E+18,9,1,84,130,2017,3,15,5,3,4,2,1,1,0,0,0,0,0,6.98561E+20,5.34479E+21,1.16736E+16,4.82252E+16
171026,9.17033E+18,9,1,62,0,2017,3,19,5,3,1,7,0,1,0,1,0,0,0,6.90353E+20,5.33452E+21,1.15586E+16,4.81354E+16
171027,9.17033E+18,9,7,63,0,2017,3,13,5,3,5,3,0,1,0,1,0,0,0,5.97708E+20,5.28638E+21,1.03029E+16,4.77234E+16
171028,9.17033E+18,9,7,77,173,2017,3,18,5,2,0,6,1,0,0,0,0,0,0,6.36386E+20,5.27503E+21,1.08149E+16,4.76143E+16
171029,9.17033E+18,9,7,61,0,2017,3,16,5,3,5,3,1,1,0,0,0,0,0,6.3801E+20,5.35764E+21,1.0863E+16,4.83568E+16
171030,9.17033E+18,9,7,71,146,2017,3,15,5,3,0,7,1,0,0,0,0,0,0,6.47384E+20,5.3476E+21,1.0986E+16,4.82645E+16
171031,9.17033E+18,9,7,72,163,2017,3,7,5,3,1,3,1,0,0,0,0,0,0,6.40431E+20,5.34839E+21,1.08926E+16,4.82731E+16
171032,9.17033E+18,9,7,61,0,2017,3,15,5,3,0,7,1,1,0,0,0,0,0,6.39365E+20,5.35869E+21,1.08817E+16,4.8366E+16
171033,9.17033E+18,9,7,61,0,2017,3,20,5,2,1,6,0,1,0,1,0,2,0,6.41356E+20,5.36043E+21,1.09091E+16,4.83812E+16
171034,9.17033E+18,9,7,61,0,2017,3,8,5,3,2,7,0,1,0,0,1,0,0,6.40842E+20,5.35141E+21,1.08992E+16,4.83002E+16
171035,9.17033E+18,9,7,61,0,2017,3,14,5,3,5,3,0,1,0,0,1,0,0,6.3963E+20,5.35954E+21,1.08855E+16,4.83735E+16
171036,9.17033E+18,9,6,63,0,2017,3,13,5,3,5,3,0,1,0,0,0,0,0,5.66087E+20,5.51687E+21,9.91835E+15,4.98007E+16
171037,9.17033E+18,9,6,63,0,2017,3,17,5,3,6,4,0,1,1,0,0,0,0,5.67324E+20,5.51643E+21,9.93546E+15,4.97966E+16
171038,9.17033E+18,9,6,63,0,2017,3,10,5,3,0,7,1,0,0,0,0,0,0,5.67567E+20,5.5163E+21,9.93882E+15,4.97953E+16
171039,9.17033E+18,9,6,77,131,2017,3,13,5,3,0,6,1,0,0,0,1,0,0,5.4853E+20,5.54576E+21,9.67804E+15,5.00621E+16
171040,9.17033E+18,9,6,75,117,2017,3,23,5,3,5,3,0,1,0,0,1,2,0,5.76945E+20,5.51453E+21,1.00687E+16,4.97783E+16
171041,9.17033E+18,9,5,76,151,2017,3,13,5,2,2,2,0,1,0,0,0,0,0,6.56912E+20,5.46941E+21,1.11609E+16,4.93572E+16
171042,9.17033E+18,9,5,62,0,2017,3,13,5,3,0,7,1,0,0,0,0,0,0,6.40633E+20,5.4956E+21,1.09461E+16,4.95966E+16
171043,9.17033E+18,9,5,74,155,2017,3,18,5,3,5,3,1,1,0,0,0,0,0,6.64316E+20,5.49468E+21,1.12732E+16,4.95823E+16
171044,9.17033E+18,9,5,74,117,2017,3,16,5,3,5,3,1,1,0,0,0,0,0,6.70275E+20,5.46901E+21,1.13446E+16,4.935E+16
171045,9.17033E+18,9,5,64,0,2017,3,8,5,3,4,2,1,1,0,0,0,0,0,6.50955E+20,5.47924E+21,1.10826E+16,4.94471E+16
171046,9.17033E+18,9,5,64,0,2017,3,12,5,3,5,3,1,0,0,0,0,0,0,6.46624E+20,5.48153E+21,1.10238E+16,4.94687E+16
171047,9.17033E+18,9,5,64,0,2017,3,15,5,3,2,6,1,1,0,0,0,0,0,6.49714E+20,5.47996E+21,1.10658E+16,4.94538E+16
171048,9.17033E+18,9,5,71,134,2017,3,10,5,3,4,6,0,1,0,0,0,0,0,5.87479E+20,5.46045E+21,1.0203E+16,4.92905E+16
171049,9.17033E+18,9,4,64,0,2017,3,15,5,2,6,4,0,1,1,0,0,0,0,7.07634E+20,5.57447E+21,1.19147E+16,5.02858E+16
171050,9.17033E+18,9,4,78,139,2017,3,12,5,3,3,6,1,1,0,0,0,0,0,6.47855E+20,5.5571E+21,1.10695E+16,5.01477E+16
171051,9.17033E+18,9,4,71,140,2017,3,17,5,3,0,3,1,1,0,0,0,0,0,6.35061E+20,5.53287E+21,1.0882E+16,4.9933E+16
171052,9.17033E+18,9,4,71,195,2017,3,7,5,3,0,7,1,0,0,0,0,0,0,6.41991E+20,5.52274E+21,1.09748E+16,4.98403E+16
171053,9.17033E+18,9,3,74,162,2017,3,13,5,3,1,7,0,1,0,0,0,0,0,7.41561E+20,5.50182E+21,1.23447E+16,4.96206E+16
171054,9.17033E+18,9,3,62,0,2017,3,18,5,3,6,4,1,0,1,0,0,0,0,7.26752E+20,5.43408E+21,1.21015E+16,4.90179E+16
171055,9.17033E+18,9,3,62,0,2017,3,7,5,3,4,2,1,1,0,0,0,0,0,7.28191E+20,5.43185E+21,1.21199E+16,4.89973E+16
171056,9.17033E+18,9,3,62,0,2017,3,18,5,3,2,6,0,1,0,0,0,0,0,7.26782E+20,5.43367E+21,1.21016E+16,4.90142E+16
171057,9.17033E+18,9,3,62,0,2017,3,6,5,3,6,4,0,1,1,0,0,0,0,7.27338E+20,5.4345E+21,1.21097E+16,4.90215E+16
171058,9.17033E+18,9,3,73,160,2017,3,16,5,3,5,3,0,1,0,0,1,0,0,6.91072E+20,5.44924E+21,1.16212E+16,4.91662E+16
171059,9.17033E+18,9,3,72,116,2017,3,18,5,3,2,2,0,1,0,0,0,0,0,7.67231E+20,5.45869E+21,1.26703E+16,4.92226E+16
171060,9.17033E+18,9,2,78,123,2017,3,16,5,3,6,1,0,1,1,0,0,0,0,7.49066E+20,5.41381E+21,1.23938E+16,4.88272E+16
171061,9.17033E+18,9,2,75,145,2017,3,15,5,3,3,2,0,1,0,1,0,0,0,8.20068E+20,5.37491E+21,1.33286E+16,4.84459E+16
171062,9.17033E+18,9,2,75,128,2017,3,21,5,3,9,1,0,1,0,0,0,2,0,8.29097E+20,5.401E+21,1.3471E+16,4.86751E+16
171063,9.17033E+18,9,2,73,116,2017,3,16,5,3,6,7,1,0,1,0,0,0,0,7.22611E+20,5.4246E+21,1.20397E+16,4.89343E+16
171064,9.17033E+18,9,1,73,126,2017,3,17,5,3,2,6,0,1,0,0,0,0,0,6.8112E+20,5.30781E+21,1.14233E+16,4.78981E+16
171065,9.17033E+18,9,1,73,112,2017,3,17,5,3,5,3,0,1,0,1,0,0,0,6.92166E+20,5.29271E+21,1.15643E+16,4.77591E+16
171066,9.17033E+18,9,1,63,0,2017,3,14,5,3,2,6,0,1,0,0,0,0,0,7.31368E+20,5.30408E+21,1.20927E+16,4.78484E+16
171067,9.17033E+18,9,1,61,0,2017,3,7,5,3,1,5,1,1,0,0,0,0,0,6.74832E+20,5.40488E+21,1.13796E+16,4.87723E+16
171068,9.17033E+18,9,1,61,0,2017,3,13,5,3,6,7,0,1,1,0,0,0,0,6.72344E+20,5.40276E+21,1.13448E+16,4.8754E+16
171069,9.17033E+18,9,1,86,143,2017,3,7,5,2,3,2,0,1,0,1,0,0,0,6.84913E+20,5.37763E+21,1.15045E+16,4.85246E+16
171070,9.17033E+18,9,1,86,147,2017,3,12,5,3,5,3,1,1,0,0,0,0,0,6.82302E+20,5.39194E+21,1.14754E+16,4.86539E+16
171071,9.17033E+18,9,1,76,160,2017,3,9,5,2,0,7,0,1,0,0,0,0,0,6.50477E+20,5.41832E+21,1.10532E+16,4.88995E+16
171072,9.17033E+18,9,1,79,142,2017,3,5,5,3,5,3,0,1,0,0,0,2,0,6.73391E+20,5.34167E+21,1.13337E+16,4.82045E+16
171073,9.17033E+18,9,1,79,117,2017,3,17,5,3,8,6,1,1,0,0,0,0,0,6.64387E+20,5.34897E+21,1.12155E+16,4.82726E+16
171074,9.17033E+18,9,1,79,126,2017,3,16,5,3,5,2,1,1,0,0,0,0,0,6.76337E+20,5.3412E+21,1.13731E+16,4.81996E+16
171075,9.17033E+18,9,1,78,145,2017,3,19,5,3,0,5,1,0,0,0,0,0,0,6.97917E+20,5.35436E+21,1.16694E+16,4.83114E+16
171076,9.17033E+18,9,1,62,0,2017,3,17,4,3,6,4,1,0,1,0,0,0,0,6.89805E+20,5.3349E+21,1.15514E+16,4.8139E+16
171077,9.17033E+18,9,1,62,0,2017,3,14,4,3,2,6,1,1,0,0,0,0,0,6.9342E+20,5.33521E+21,1.16001E+16,4.81407E+16
171078,9.17033E+18,9,1,62,0,2017,3,8,4,3,3,6,1,0,0,0,0,0,0,6.88993E+20,5.33747E+21,1.15416E+16,4.81624E+16
171079,9.17033E+18,9,1,62,0,2017,3,10,4,3,5,3,0,1,0,0,0,0,0,6.88067E+20,5.33743E+21,1.15292E+16,4.81623E+16
171080,9.17033E+18,9,1,62,0,2017,3,8,4,3,5,3,1,0,0,0,0,0,0,6.91956E+20,5.33729E+21,1.15814E+16,4.81599E+16
171081,9.17033E+18,9,1,62,0,2017,3,18,4,3,5,3,0,1,0,0,0,0,0,6.84522E+20,5.32893E+21,1.14779E+16,4.80869E+16
171082,9.17033E+18,9,1,84,135,2017,3,16,4,3,5,3,1,1,0,0,0,0,0,6.89924E+20,5.34746E+21,1.15586E+16,4.82519E+16
171083,9.17033E+18,9,1,62,0,2017,3,17,4,2,5,3,0,1,0,1,0,0,0,6.89977E+20,5.33175E+21,1.15523E+16,4.81106E+16
171084,9.17033E+18,9,1,62,0,2017,3,12,4,2,4,2,1,1,0,0,0,0,0,6.90479E+20,5.33726E+21,1.15615E+16,4.816E+16
171085,9.17033E+18,9,1,62,0,2017,3,3,4,3,0,5,0,1,0,0,0,2,0,6.97566E+20,5.33184E+21,1.16542E+16,4.81092E+16
171086,9.17033E+18,9,1,62,0,2017,3,14,4,3,5,3,0,0,0,1,1,0,0,6.91184E+20,5.34051E+21,1.15725E+16,4.8189E+16
171087,9.17033E+18,9,1,62,0,2017,3,20,4,3,0,7,1,0,0,0,0,2,0,6.9088E+20,5.33913E+21,1.15677E+16,4.81767E+16
171088,9.17033E+18,9,1,84,146,2017,3,20,4,3,5,3,1,1,0,0,0,2,0,6.98062E+20,5.32827E+21,1.16592E+16,4.80769E+16
171089,9.17033E+18,9,1,62,0,2017,3,15,4,3,2,6,0,1,0,0,0,0,0,6.99076E+20,5.33399E+21,1.16755E+16,4.8128E+16
171090,9.17033E+18,9,1,62,0,2017,3,7,4,3,5,3,1,1,0,0,0,0,0,6.95687E+20,5.3299E+21,1.16281E+16,4.80923E+16
171091,9.17033E+18,9,1,62,0,2017,3,12,4,3,0,1,1,1,0,0,0,0,0,6.89807E+20,5.33534E+21,1.15516E+16,4.81429E+16
171092,9.17033E+18,9,1,62,0,2017,3,17,4,3,6,4,1,0,1,0,0,0,0,6.89322E+20,5.33434E+21,1.15447E+16,4.81342E+16
171093,9.17033E+18,9,1,62,0,2017,3,16,4,3,0,7,0,0,1,0,1,0,0,6.92222E+20,5.33897E+21,1.15857E+16,4.81749E+16
171094,9.17033E+18,9,7,75,135,2017,3,14,4,3,1,3,0,1,0,0,1,0,0,5.74867E+20,5.35981E+21,1.00112E+16,4.8387E+16
171095,9.17033E+18,9,7,75,135,2017,3,20,4,3,5,3,1,1,0,0,0,2,0,5.74729E+20,5.36042E+21,1.00095E+16,4.83925E+16
171096,9.17033E+18,9,7,64,0,2017,3,10,4,3,0,7,1,0,0,0,0,0,0,5.88667E+20,5.31643E+21,1.01885E+16,4.7995E+16
171097,9.17033E+18,9,7,64,0,2017,3,12,4,3,0,7,0,0,0,1,0,0,0,5.8836E+20,5.31505E+21,1.01841E+16,4.79826E+16
171098,9.17033E+18,9,7,75,162,2017,3,11,4,3,6,7,0,1,1,0,0,0,0,5.79795E+20,5.34745E+21,1.00754E+16,4.82752E+16
171099,9.17033E+18,9,7,79,136,2017,3,17,4,3,5,3,1,1,0,0,0,0,0,6.09224E+20,5.40601E+21,1.04873E+16,4.87975E+16
171100,9.17033E+18,9,7,72,163,2017,3,6,4,3,4,2,0,1,0,0,1,1,0,6.39702E+20,5.34651E+21,1.08822E+16,4.82564E+16
171101,9.17033E+18,9,7,61,0,2017,3,19,4,3,5,3,1,0,0,1,0,0,0,6.37674E+20,5.35986E+21,1.08592E+16,4.83768E+16
171102,9.17033E+18,9,7,61,0,2017,3,8,4,3,5,2,1,1,0,0,0,0,0,6.38866E+20,5.35577E+21,1.0874E+16,4.83398E+16
171103,9.17033E+18,9,7,61,0,2017,3,14,4,2,6,4,0,1,1,0,0,0,0,6.41353E+20,5.35922E+21,1.09087E+16,4.83703E+16
171104,9.17033E+18,9,6,79,185,2017,3,13,4,3,6,7,0,1,1,0,0,0,0,5.74261E+20,5.51582E+21,1.00317E+16,4.97902E+16
171105,9.17033E+18,9,5,62,0,2017,3,23,4,3,9,1,0,1,0,0,0,2,0,6.45605E+20,5.49609E+21,1.10151E+16,4.95998E+16
171106,9.17033E+18,9,5,62,0,2017,3,15,4,2,6,4,1,0,1,0,0,0,0,6.44313E+20,5.49312E+21,1.09961E+16,4.95735E+16
171107,9.17033E+18,9,5,62,0,2017,3,23,4,3,1,1,0,1,0,0,0,2,0,6.45805E+20,5.49622E+21,1.10179E+16,4.96009E+16
171108,9.17033E+18,9,5,64,0,2017,3,15,4,3,5,3,0,1,0,0,0,0,0,6.49718E+20,5.47902E+21,1.10655E+16,4.94454E+16
171109,9.17033E+18,9,5,64,0,2017,3,9,4,3,2,6,0,1,0,0,0,0,0,6.52776E+20,5.47979E+21,1.11079E+16,4.94515E+16
171110,9.17033E+18,9,5,64,0,2017,3,20,4,3,2,6,0,1,0,0,0,2,0,6.4959E+20,5.47939E+21,1.10639E+16,4.94487E+16
171111,9.17033E+18,9,5,64,0,2017,3,10,4,3,5,2,0,1,0,0,0,0,0,6.48935E+20,5.47966E+21,1.10549E+16,4.94514E+16
171112,9.17033E+18,9,5,64,0,2017,3,15,4,3,6,4,1,0,1,0,0,0,0,6.46809E+20,5.48151E+21,1.10263E+16,4.94685E+16
171113,9.17033E+18,9,5,64,0,2017,3,12,4,3,5,3,0,1,0,0,0,0,0,6.55889E+20,5.47477E+21,1.11489E+16,4.94057E+16
171114,9.17033E+18,9,5,64,0,2017,3,20,4,3,0,3,0,1,0,0,0,2,0,6.47881E+20,5.47698E+21,1.10394E+16,4.94275E+16
171115,9.17033E+18,9,5,73,115,2017,3,16,4,2,8,6,1,0,0,0,0,0,0,6.28134E+20,5.47683E+21,1.07672E+16,4.94307E+16
171116,9.17033E+18,9,5,61,0,2017,3,10,4,3,2,6,1,1,0,0,0,0,0,6.14092E+20,5.46187E+21,1.05693E+16,4.92989E+16
171117,9.17033E+18,9,5,61,0,2017,3,21,4,3,0,1,1,0,0,0,0,2,0,6.1421E+20,5.46182E+21,1.05709E+16,4.92985E+16
171118,9.17033E+18,9,4,79,136,2017,3,18,4,3,1,7,0,1,0,0,0,0,0,7.20792E+20,5.54352E+21,1.20812E+16,5.00031E+16
171119,9.17033E+18,9,4,64,0,2017,3,10,4,3,5,3,0,1,0,0,0,0,0,7.09322E+20,5.57875E+21,1.19408E+16,5.03236E+16
171120,9.17033E+18,9,4,73,151,2017,3,15,4,3,5,3,0,1,0,0,0,0,0,6.50677E+20,5.57722E+21,1.1117E+16,5.03278E+16
171121,9.17033E+18,9,4,72,116,2017,3,13,4,3,8,1,0,1,0,0,0,0,0,6.86466E+20,5.54449E+21,1.16033E+16,5.00235E+16
171122,9.17033E+18,9,4,71,120,2017,3,14,4,2,2,6,0,1,0,0,0,0,0,6.25853E+20,5.52102E+21,1.07499E+16,4.98284E+16
171123,9.17033E+18,9,4,61,0,2017,3,13,4,3,1,6,0,1,0,1,0,0,0,6.35569E+20,5.52649E+21,1.08868E+16,4.98754E+16
171124,9.17033E+18,9,3,72,126,2017,3,8,4,2,6,4,0,1,1,0,0,0,0,7.7879E+20,5.46893E+21,1.28358E+16,4.93094E+16
171125,9.17033E+18,9,3,62,0,2017,3,14,4,3,1,1,0,1,0,0,0,0,0,7.26804E+20,5.43379E+21,1.2102E+16,4.90153E+16
171126,9.17033E+18,9,3,62,0,2017,3,17,4,3,5,7,0,1,0,1,0,0,0,7.25266E+20,5.43403E+21,1.20811E+16,4.9018E+16
171127,9.17033E+18,9,3,73,113,2017,3,18,4,3,4,6,0,1,0,0,0,0,0,6.7632E+20,5.47007E+21,1.14282E+16,4.93578E+16
171128,9.17033E+18,9,3,71,151,2017,3,15,4,3,0,2,0,1,0,0,0,0,0,6.9745E+20,5.48737E+21,1.17275E+16,4.95068E+16
171129,9.17033E+18,9,3,76,161,2017,3,16,4,3,2,6,0,1,0,0,0,0,0,7.25854E+20,5.46832E+21,1.21084E+16,4.93258E+16
171130,9.17033E+18,9,3,76,170,2017,3,16,4,3,1,5,1,1,0,0,0,0,0,7.24354E+20,5.45671E+21,1.20813E+16,4.92221E+16
171131,9.17033E+18,9,2,63,0,2017,3,13,4,3,2,6,0,1,0,0,0,0,0,7.63847E+20,5.41878E+21,1.2598E+16,4.88658E+16
171132,9.17033E+18,9,2,61,0,2017,3,13,4,2,7,1,1,0,0,0,0,0,0,7.32507E+20,5.37846E+21,1.21486E+16,4.85161E+16
171133,9.17033E+18,9,1,90,148,2017,3,11,4,3,0,3,1,1,0,0,0,0,0,6.40464E+20,5.29645E+21,1.0876E+16,4.78061E+16
171134,9.17033E+18,9,1,73,126,2017,3,20,4,3,5,3,0,1,0,0,0,2,0,6.84608E+20,5.30524E+21,1.14689E+16,4.7874E+16
171135,9.17033E+18,9,1,73,135,2017,3,22,4,3,7,7,1,0,0,0,1,2,0,6.93196E+20,5.28392E+21,1.15741E+16,4.76798E+16
171136,9.17033E+18,9,1,83,128,2017,3,19,4,3,5,2,1,0,0,0,0,1,0,7.61772E+20,5.3492E+21,1.2526E+16,4.82419E+16
171137,9.17033E+18,9,1,72,132,2017,3,15,4,3,0,1,1,0,0,0,0,0,0,7.99789E+20,5.27982E+21,1.29886E+16,4.76024E+16
171138,9.17033E+18,9,1,63,0,2017,3,15,4,3,2,6,1,0,0,0,0,0,0,7.33497E+20,5.30599E+21,1.21222E+16,4.78647E+16
171139,9.17033E+18,9,1,61,0,2017,3,21,4,3,6,4,0,1,1,0,0,2,0,6.80507E+20,5.40496E+21,1.14568E+16,4.87715E+16
171140,9.17033E+18,9,1,61,0,2017,3,11,4,3,5,3,1,1,0,0,0,0,0,6.77302E+20,5.39821E+21,1.14103E+16,4.87117E+16
171141,9.17033E+18,9,1,61,0,2017,3,18,4,3,5,3,0,1,0,0,0,0,0,6.80396E+20,5.40552E+21,1.14555E+16,4.87765E+16
171142,9.17033E+18,9,1,61,0,2017,3,7,4,3,4,6,1,1,0,0,0,0,0,6.77733E+20,5.4039E+21,1.14186E+16,4.87627E+16
171143,9.17033E+18,9,1,61,0,2017,3,15,4,3,5,3,0,1,0,0,0,0,0,6.78578E+20,5.39916E+21,1.1428E+16,4.87198E+16
171144,9.17033E+18,9,1,86,151,2017,3,16,4,2,5,3,0,0,0,1,1,0,0,6.78281E+20,5.37231E+21,1.14125E+16,4.84786E+16
171145,9.17033E+18,9,1,86,143,2017,3,23,4,3,6,7,0,1,1,0,0,2,0,6.84082E+20,5.37865E+21,1.14937E+16,4.85339E+16
171146,9.17033E+18,9,1,88,139,2017,3,18,4,2,5,3,1,0,0,0,0,1,0,6.72896E+20,5.31885E+21,1.13178E+16,4.79996E+16
171147,9.17033E+18,9,1,79,123,2017,3,17,4,3,0,7,1,0,0,0,0,0,0,6.76326E+20,5.3329E+21,1.13696E+16,4.81249E+16
171148,9.17033E+18,9,1,79,121,2017,3,7,4,3,5,3,1,1,0,0,0,0,0,6.66915E+20,5.33774E+21,1.12451E+16,4.8171E+16
171149,9.17033E+18,9,1,74,115,2017,3,12,4,3,5,3,0,1,0,0,0,0,0,6.83593E+20,5.34842E+21,1.14738E+16,4.82623E+16
171150,9.17033E+18,9,1,74,115,2017,3,8,4,3,5,2,0,1,0,1,0,0,0,6.83841E+20,5.34867E+21,1.14773E+16,4.82645E+16
171151,9.17033E+18,9,1,77,115,2017,3,17,4,3,0,7,1,0,0,0,0,0,0,7.39527E+20,5.34961E+21,1.22271E+16,4.82544E+16
171152,9.17033E+18,9,1,62,0,2017,3,13,3,3,5,3,0,1,0,0,0,0,0,6.90666E+20,5.33692E+21,1.15639E+16,4.81569E+16
171153,9.17033E+18,9,1,62,0,2017,3,8,3,3,3,2,0,1,0,1,0,0,0,6.87369E+20,5.33391E+21,1.15183E+16,4.81309E+16
171154,9.17033E+18,9,1,62,0,2017,3,23,3,3,2,6,0,1,0,0,0,2,0,6.9128E+20,5.33933E+21,1.15732E+16,4.81784E+16
171155,9.17033E+18,9,1,62,0,2017,3,7,3,3,6,4,0,1,1,0,0,0,0,6.87377E+20,5.33491E+21,1.15188E+16,4.81399E+16
171156,9.17033E+18,9,1,62,0,2017,3,14,3,3,5,2,1,0,0,0,1,0,0,6.88716E+20,5.33627E+21,1.15374E+16,4.81517E+16
171157,9.17033E+18,9,1,62,0,2017,3,8,3,3,6,6,1,0,1,0,0,0,0,6.90313E+20,5.33587E+21,1.15587E+16,4.81476E+16
171158,9.17033E+18,9,1,62,0,2017,3,7,3,3,5,3,1,1,0,0,0,0,0,6.84781E+20,5.33313E+21,1.14832E+16,4.81246E+16
171159,9.17033E+18,9,1,62,0,2017,3,7,3,3,2,6,0,1,0,0,0,0,0,6.84417E+20,5.33751E+21,1.14802E+16,4.81641E+16
171160,9.17033E+18,9,1,62,0,2017,3,12,3,3,5,3,1,1,0,0,0,0,0,6.8449E+20,5.33305E+21,1.14792E+16,4.8124E+16
171161,9.17033E+18,9,1,84,112,2017,3,17,3,3,2,6,0,1,0,0,0,0,0,7.00408E+20,5.33719E+21,1.16949E+16,4.81563E+16
171162,9.17033E+18,9,1,62,0,2017,3,16,3,3,5,3,1,1,0,0,0,0,0,6.8814E+20,5.33898E+21,1.15309E+16,4.81762E+16
171163,9.17033E+18,9,1,84,140,2017,3,17,3,3,5,3,1,1,0,0,0,0,0,7.02487E+20,5.32809E+21,1.17185E+16,4.80739E+16
171164,9.17033E+18,9,1,62,0,2017,3,18,3,3,5,2,1,1,0,0,0,0,0,6.89312E+20,5.33482E+21,1.15448E+16,4.81384E+16
171165,9.17033E+18,9,1,62,0,2017,3,11,3,2,3,2,1,1,0,0,0,0,0,6.94053E+20,5.3418E+21,1.16116E+16,4.81998E+16
171166,9.17033E+18,9,1,62,0,2017,3,8,3,3,6,4,0,0,1,0,1,0,0,6.90997E+20,5.33522E+21,1.15676E+16,4.81416E+16
171167,9.17033E+18,9,1,62,0,2017,3,18,3,3,2,6,0,1,0,0,0,0,0,6.86719E+20,5.33848E+21,1.15115E+16,4.81721E+16
171168,9.17033E+18,9,1,62,0,2017,3,18,3,3,1,2,1,0,0,0,0,0,0,6.8308E+20,5.33552E+21,1.14614E+16,4.81466E+16
171169,9.17033E+18,9,1,62,0,2017,3,6,3,3,5,3,0,1,0,1,0,1,0,6.85209E+20,5.33922E+21,1.14916E+16,4.81792E+16
171170,9.17033E+18,9,1,62,0,2017,3,11,3,3,1,6,0,1,0,0,0,0,0,6.90411E+20,5.34023E+21,1.15619E+16,4.81868E+16
171171,9.17033E+18,9,1,62,0,2017,3,15,3,3,5,2,0,1,0,0,0,0,0,6.97585E+20,5.33264E+21,1.16548E+16,4.81163E+16
171172,9.17033E+18,9,1,62,0,2017,3,18,3,3,6,4,0,1,1,0,0,0,0,6.99769E+20,5.33545E+21,1.16854E+16,4.81409E+16
171173,9.17033E+18,9,1,62,0,2017,3,15,3,3,6,4,1,0,1,0,0,0,0,6.93686E+20,5.33236E+21,1.16024E+16,4.8115E+16
171174,9.17033E+18,9,1,62,0,2017,3,18,3,3,5,3,0,1,0,1,0,0,0,6.88326E+20,5.3338E+21,1.15311E+16,4.81296E+16
171175,9.17033E+18,9,1,62,0,2017,3,11,3,3,5,3,0,1,0,1,0,0,0,6.91E+20,5.33644E+21,1.15681E+16,4.81525E+16
171176,9.17033E+18,9,1,62,0,2017,3,8,3,3,4,2,1,1,0,0,0,0,0,6.89572E+20,5.33352E+21,1.15477E+16,4.81267E+16
171177,9.17033E+18,9,1,62,0,2017,3,19,3,3,0,2,1,0,0,1,0,0,0,6.9036E+20,5.33388E+21,1.15584E+16,4.81297E+16
171178,9.17033E+18,9,1,62,0,2017,3,10,3,3,3,6,0,1,0,0,0,0,0,6.91464E+20,5.33433E+21,1.15734E+16,4.81334E+16
171179,9.17033E+18,9,7,78,173,2017,3,13,3,3,1,7,0,1,0,0,1,0,0,6.12384E+20,5.32144E+21,1.05076E+16,4.80363E+16
171180,9.17033E+18,9,7,64,0,2017,3,16,3,3,9,7,1,0,0,0,0,0,0,5.8831E+20,5.3154E+21,1.01835E+16,4.79858E+16
171181,9.17033E+18,9,7,75,162,2017,3,9,3,3,1,7,0,1,0,0,1,0,0,5.80004E+20,5.34731E+21,1.00782E+16,4.82739E+16
171182,9.17033E+18,9,7,76,120,2017,3,19,3,3,0,1,1,0,0,0,0,0,0,5.45547E+20,5.26979E+21,9.60569E+15,4.75799E+16
171183,9.17033E+18,9,7,62,0,2017,3,18,3,3,5,3,1,1,0,0,0,0,0,6.21996E+20,5.30658E+21,1.06323E+16,4.79009E+16
171184,9.17033E+18,9,7,77,169,2017,3,6,3,3,5,3,0,1,0,0,1,1,0,6.30126E+20,5.272E+21,1.07307E+16,4.75884E+16
171185,9.17033E+18,9,7,73,144,2017,3,14,3,3,2,6,0,1,0,0,0,0,0,6.06321E+20,5.38104E+21,1.04414E+16,4.85734E+16
171186,9.17033E+18,9,7,71,130,2017,3,6,3,1,2,6,1,1,0,0,0,2,0,6.43744E+20,5.3635E+21,1.09424E+16,4.84082E+16
171187,9.17033E+18,9,7,72,163,2017,3,13,3,2,4,3,0,1,0,1,0,0,0,6.41073E+20,5.34842E+21,1.09013E+16,4.82733E+16