OBJECTID,UIDENTSTLA,ULAND,UREGBEZ,UKREIS,UGEMEINDE,UJAHR,UMONAT,USTUNDE,UWOCHENTAG,UKATEGORIE,UART,UTYP1,IstRad,IstPKW,IstFuss,IstKrad,IstSonstig,LICHT,STRZUSTAND,LINREFX,LINREFY,XGCSWGS84,YGCSWGS84
171188,9.17033E+18,9,7,72,202,2017,3,17,3,3,4,2,0,1,0,0,1,0,0,6.37537E+20,5.35858E+21,1.0857E+16,4.83654E+16
171189,9.17033E+18,9,7,61,0,2017,3,18,3,3,3,2,1,1,0,0,0,0,0,6.40342E+20,5.35729E+21,1.08944E+16,4.83532E+16
171190,9.17033E+18,9,7,61,0,2017,3,8,3,2,5,3,0,1,0,1,0,0,0,6.40181E+20,5.35927E+21,1.08929E+16,4.8371E+16
171191,9.17033E+18,9,7,61,0,2017,3,21,3,3,1,5,0,1,0,0,0,2,0,6.41132E+20,5.35939E+21,1.09057E+16,4.83718E+16
171192,9.17033E+18,9,7,71,141,2017,3,20,3,3,9,1,0,1,0,0,0,2,0,6.59257E+20,5.37721E+21,1.11571E+16,4.85278E+16
171193,9.17033E+18,9,6,77,148,2017,3,15,3,3,5,6,1,0,0,1,0,0,0,5.54991E+20,5.53531E+21,9.7668E+15,4.99676E+16
171194,9.17033E+18,9,6,74,147,2017,3,15,3,3,5,1,1,1,0,0,0,0,0,6.09218E+20,5.54317E+21,1.0525E+16,5.00308E+16
171195,9.17033E+18,9,6,62,0,2017,3,22,3,3,4,6,0,1,0,1,0,2,0,5.85195E+20,5.54413E+21,1.01898E+16,5.00434E+16
171196,9.17033E+18,9,5,62,0,2017,3,18,3,2,6,7,0,1,1,0,0,0,0,6.45674E+20,5.49492E+21,1.10156E+16,4.95893E+16
171197,9.17033E+18,9,5,76,151,2017,3,8,3,3,5,3,0,1,0,0,0,0,0,6.54568E+20,5.46811E+21,1.11281E+16,4.93461E+16
171198,9.17033E+18,9,5,74,123,2017,3,7,3,3,6,4,0,0,1,1,0,0,0,6.60503E+20,5.47197E+21,1.12113E+16,4.93792E+16
171199,9.17033E+18,9,5,63,0,2017,3,13,3,3,5,3,0,1,0,0,0,0,0,6.44131E+20,5.48081E+21,1.09891E+16,4.94628E+16
171200,9.17033E+18,9,5,64,0,2017,3,8,3,3,5,3,1,1,0,0,0,0,0,6.51426E+20,5.4793E+21,1.10891E+16,4.94475E+16
171201,9.17033E+18,9,5,64,0,2017,3,19,3,3,3,6,0,1,0,0,0,1,0,6.49961E+20,5.47902E+21,1.10688E+16,4.94453E+16
171202,9.17033E+18,9,5,64,0,2017,3,17,3,3,2,6,0,1,0,0,1,0,0,6.51201E+20,5.47653E+21,1.1085E+16,4.94226E+16
171203,9.17033E+18,9,5,73,126,2017,3,19,3,3,5,3,0,1,0,0,1,0,0,6.36537E+20,5.4834E+21,1.08853E+16,4.94878E+16
171204,9.17033E+18,9,5,77,161,2017,3,19,3,3,5,3,1,1,0,0,0,0,0,6.44935E+20,5.44113E+21,1.09858E+16,4.91059E+16
171205,9.17033E+18,9,5,77,177,2017,3,15,3,3,2,6,1,1,0,0,0,0,0,6.43885E+20,5.43203E+21,1.09682E+16,4.90244E+16
171206,9.17033E+18,9,4,79,150,2017,3,14,3,3,0,7,0,0,0,1,0,0,0,7.21019E+20,5.56666E+21,1.20978E+16,5.02108E+16
171207,9.17033E+18,9,4,63,0,2017,3,10,3,3,0,7,0,0,0,1,0,0,0,6.40115E+20,5.57048E+21,1.09662E+16,5.02698E+16
171208,9.17033E+18,9,4,63,0,2017,3,8,3,3,2,6,0,1,0,0,0,0,0,6.39066E+20,5.57052E+21,1.09515E+16,5.02705E+16
171209,9.17033E+18,9,4,62,0,2017,3,20,3,3,2,6,0,1,0,0,0,2,0,6.87145E+20,5.53506E+21,1.16081E+16,4.99386E+16
171210,9.17033E+18,9,4,62,0,2017,3,9,3,3,6,4,0,1,1,0,0,0,0,6.84495E+20,5.53609E+21,1.15717E+16,4.99487E+16
171211,9.17033E+18,9,4,62,0,2017,3,13,3,3,5,3,1,1,0,0,0,0,0,6.84338E+20,5.53535E+21,1.15692E+16,4.99421E+16
171212,9.17033E+18,9,3,74,162,2017,3,16,3,3,5,2,0,1,0,1,0,0,0,7.41286E+20,5.50226E+21,1.23411E+16,4.96246E+16
171213,9.17033E+18,9,3,75,190,2017,3,10,3,3,5,3,0,1,0,0,0,0,0,7.28168E+20,5.44512E+21,1.2127E+16,4.91165E+16
171214,9.17033E+18,9,3,73,147,2017,3,13,3,3,2,6,0,1,0,1,0,0,0,6.7851E+20,5.4607E+21,1.14541E+16,4.9273E+16
171215,9.17033E+18,9,3,71,151,2017,3,13,3,3,2,6,0,1,0,0,0,0,0,6.98352E+20,5.48661E+21,1.17395E+16,4.94997E+16
171216,9.17033E+18,9,3,61,0,2017,3,20,3,3,0,1,0,0,0,1,0,2,0,7.08917E+20,5.47923E+21,1.18814E+16,4.94298E+16
171217,9.1704E+18,9,5,72,135,2017,4,14,3,3,5,3,0,1,0,0,0,0,0,6.30066E+20,5.50749E+21,1.08039E+16,4.97059E+16
171218,9.1704E+18,9,5,62,0,2017,4,9,3,2,5,3,0,1,0,1,0,0,0,6.45377E+20,5.49615E+21,1.10119E+16,4.96004E+16
171219,9.1704E+18,9,5,72,120,2017,4,7,3,3,5,3,1,0,0,0,0,0,0,6.48049E+20,5.4954E+21,1.10486E+16,4.95931E+16
171220,9.1704E+18,9,6,63,0,2017,4,7,3,3,5,3,0,1,0,0,0,0,0,5.65782E+20,5.51705E+21,9.91414E+15,4.98023E+16
171221,9.1704E+18,9,6,62,0,2017,4,10,3,3,6,2,0,1,1,0,0,0,0,5.87782E+20,5.54449E+21,1.0226E+16,5.00463E+16
171222,9.1704E+18,9,6,71,121,2017,4,8,3,3,5,3,1,1,0,0,0,0,0,5.1371E+20,5.53857E+21,9.19131E+15,4.99993E+16
171223,9.1704E+18,9,5,76,143,2017,4,14,3,3,0,7,1,0,0,0,0,0,0,6.52095E+20,5.45646E+21,1.10896E+16,4.9242E+16
171224,9.1704E+18,9,5,76,143,2017,4,6,3,2,5,3,1,1,0,0,0,1,0,6.52799E+20,5.45745E+21,1.10997E+16,4.92508E+16
171225,9.1704E+18,9,5,74,132,2017,4,10,3,2,1,5,1,1,0,0,0,0,0,6.75089E+20,5.48654E+21,1.14185E+16,4.95062E+16
171226,9.1704E+18,9,5,63,0,2017,4,10,3,3,3,6,0,1,0,1,0,0,0,6.44213E+20,5.48194E+21,1.09906E+16,4.9473E+16
171227,9.1704E+18,9,5,64,0,2017,4,11,3,3,5,3,1,1,0,0,0,0,0,6.54224E+20,5.47744E+21,1.1127E+16,4.94301E+16
171228,9.1704E+18,9,5,64,0,2017,4,15,3,3,2,6,0,1,0,0,1,0,0,6.52777E+20,5.47979E+21,1.11079E+16,4.94515E+16
171229,9.1704E+18,9,5,64,0,2017,4,9,3,3,6,4,0,1,1,0,0,0,0,6.52461E+20,5.48349E+21,1.1105E+16,4.94848E+16
171230,9.1704E+18,9,5,64,0,2017,4,13,3,3,6,2,0,1,1,0,0,0,0,6.49163E+20,5.48035E+21,1.10583E+16,4.94575E+16
171231,9.1704E+18,9,5,64,0,2017,4,15,3,3,5,3,1,1,0,0,0,0,0,6.5107E+20,5.47943E+21,1.10843E+16,4.94487E+16
171232,9.1704E+18,9,5,64,0,2017,4,7,3,3,5,2,0,1,0,0,1,0,0,6.49636E+20,5.4746E+21,1.10627E+16,4.94057E+16
171233,9.1704E+18,9,5,64,0,2017,4,12,3,3,2,6,0,1,0,0,0,0,0,6.52447E+20,5.48361E+21,1.11049E+16,4.94859E+16
171234,9.1704E+18,9,5,64,0,2017,4,7,3,3,5,3,1,1,0,0,0,0,0,6.4553E+20,5.47891E+21,1.10077E+16,4.94454E+16
171235,9.1704E+18,9,5,71,115,2017,4,7,3,3,0,7,0,0,0,1,0,0,0,6.11186E+20,5.45225E+21,1.05267E+16,4.9213E+16
171236,9.1704E+18,9,4,79,112,2017,4,18,3,2,0,1,1,0,0,0,0,0,0,7.26525E+20,5.54952E+21,1.21647E+16,5.00548E+16
171237,9.1704E+18,9,4,64,0,2017,4,12,3,3,1,5,0,1,0,0,0,0,1,7.07976E+20,5.57804E+21,1.19215E+16,5.03177E+16
171238,9.1704E+18,9,4,78,139,2017,4,15,3,3,0,3,0,1,0,0,0,0,0,6.46727E+20,5.55635E+21,1.10534E+16,5.01412E+16
171239,9.1704E+18,9,4,63,0,2017,4,7,3,3,0,1,0,0,0,1,0,0,1,6.42865E+20,5.5679E+21,1.10038E+16,5.0246E+16
171240,9.1704E+18,9,4,62,0,2017,4,19,3,3,0,1,0,0,0,1,0,0,0,6.84954E+20,5.53733E+21,1.15787E+16,4.99596E+16
171241,9.1704E+18,9,4,61,0,2017,4,8,3,3,1,3,1,1,0,0,0,0,0,6.36576E+20,5.5288E+21,1.09017E+16,4.9896E+16
171242,9.1704E+18,9,3,62,0,2017,4,8,3,3,3,6,0,0,0,1,1,0,0,7.26148E+20,5.43201E+21,1.20921E+16,4.89995E+16
171243,9.1704E+18,9,3,73,113,2017,4,15,3,3,4,6,0,0,0,1,1,0,0,6.77735E+20,5.47187E+21,1.14485E+16,4.93736E+16
171244,9.1704E+18,9,3,72,137,2017,4,8,3,3,5,2,0,1,0,0,0,0,0,7.8121E+20,5.45386E+21,1.28585E+16,4.9173E+16
171245,9.1704E+18,9,3,72,116,2017,4,16,3,2,0,1,0,0,0,1,0,0,0,7.67144E+20,5.4578E+21,1.26685E+16,4.92146E+16
171246,9.1704E+18,9,3,61,0,2017,4,14,3,3,1,1,0,1,0,1,0,0,0,7.08376E+20,5.481E+21,1.18748E+16,4.94459E+16
171247,9.1704E+18,9,2,71,119,2017,4,16,3,3,1,6,0,1,0,0,0,0,0,7.9042E+20,5.418E+21,1.29589E+16,4.88469E+16
171248,9.1704E+18,9,2,62,0,2017,4,10,3,3,5,3,0,1,0,0,0,0,0,8.28067E+20,5.38969E+21,1.34481E+16,4.85743E+16
171249,9.1704E+18,9,2,73,172,2017,4,14,3,2,0,7,1,0,0,0,1,0,1,7.09922E+20,5.40413E+21,1.18562E+16,4.87547E+16
171250,9.1704E+18,9,2,61,0,2017,4,15,3,3,6,6,1,0,1,0,0,0,0,7.32917E+20,5.38087E+21,1.21555E+16,4.85377E+16
171251,9.1704E+18,9,2,79,122,2017,4,17,3,3,0,7,1,0,0,0,0,0,0,7.7311E+20,5.3992E+21,1.2711E+16,4.8686E+16
171252,9.1704E+18,9,1,73,147,2017,4,12,3,3,2,6,1,1,0,0,0,0,1,6.81003E+20,5.30908E+21,1.14223E+16,4.79095E+16
171253,9.1704E+18,9,1,90,138,2017,4,9,3,3,9,7,0,0,0,0,1,0,0,6.60948E+20,5.30798E+21,1.11537E+16,4.7905E+16
171254,9.1704E+18,9,1,90,140,2017,4,8,3,3,4,2,0,1,0,0,0,0,1,6.44187E+20,5.29543E+21,1.09254E+16,4.77961E+16
171255,9.1704E+18,9,1,83,113,2017,4,15,3,3,8,1,0,0,0,1,0,0,1,7.50782E+20,5.34294E+21,1.23745E+16,4.81901E+16
171256,9.1704E+18,9,1,83,128,2017,4,12,3,3,5,3,0,1,0,0,0,0,0,7.61153E+20,5.34978E+21,1.2518E+16,4.82474E+16
171257,9.1704E+18,9,1,82,123,2017,4,6,3,2,8,7,0,1,0,0,0,0,1,7.1586E+20,5.30479E+21,1.18861E+16,4.78601E+16
171258,9.1704E+18,9,1,78,145,2017,4,17,3,3,0,1,0,1,0,0,0,0,0,6.97395E+20,5.35486E+21,1.16626E+16,4.83161E+16
171259,9.1704E+18,9,1,62,0,2017,4,16,2,3,2,2,0,1,0,1,0,0,0,6.91314E+20,5.33341E+21,1.1571E+16,4.81251E+16
171260,9.1704E+18,9,1,62,0,2017,4,7,2,3,3,2,1,1,0,0,0,0,0,6.83409E+20,5.33568E+21,1.14659E+16,4.81479E+16
171261,9.1704E+18,9,1,62,0,2017,4,10,2,3,2,6,0,1,0,1,0,0,0,6.92031E+20,5.33758E+21,1.15825E+16,4.81624E+16
171262,9.1704E+18,9,1,84,136,2017,4,16,2,3,4,3,1,1,0,0,0,0,0,6.99249E+20,5.32664E+21,1.16744E+16,4.80619E+16
171263,9.1704E+18,9,1,62,0,2017,4,13,2,3,2,6,0,1,0,1,0,0,0,6.86808E+20,5.33952E+21,1.15132E+16,4.81814E+16
171264,9.1704E+18,9,1,62,0,2017,4,22,2,3,3,6,0,1,0,0,0,2,0,6.92072E+20,5.3345E+21,1.15817E+16,4.81347E+16
171265,9.1704E+18,9,1,62,0,2017,4,18,2,2,4,3,1,1,0,0,0,0,1,6.8968E+20,5.33219E+21,1.15485E+16,4.81147E+16
171266,9.1704E+18,9,1,62,0,2017,4,6,2,2,3,7,0,1,0,1,0,0,0,6.85622E+20,5.33272E+21,1.14943E+16,4.81206E+16
171267,9.1704E+18,9,1,62,0,2017,4,16,2,3,5,3,1,1,0,0,0,0,0,6.82864E+20,5.33585E+21,1.14586E+16,4.81496E+16
171268,9.1704E+18,9,1,62,0,2017,4,11,2,3,6,4,0,1,1,0,0,0,0,6.86341E+20,5.33461E+21,1.15048E+16,4.81374E+16
171269,9.1704E+18,9,1,62,0,2017,4,18,2,3,2,6,0,1,0,1,0,0,1,6.92594E+20,5.34044E+21,1.15914E+16,4.8188E+16
171270,9.1704E+18,9,1,62,0,2017,4,17,2,3,1,6,0,1,0,0,0,0,0,6.89696E+20,5.33188E+21,1.15486E+16,4.81119E+16
171271,9.1704E+18,9,1,62,0,2017,4,8,2,3,0,7,0,0,0,0,1,0,0,6.87977E+20,5.3343E+21,1.15266E+16,4.81342E+16
171272,9.1704E+18,9,1,62,0,2017,4,7,2,3,4,5,1,1,0,0,0,0,0,6.85575E+20,5.33359E+21,1.1494E+16,4.81285E+16
171273,9.1704E+18,9,1,84,127,2017,4,15,2,3,5,3,0,1,0,0,0,0,0,7.02455E+20,5.3223E+21,1.17153E+16,4.80219E+16
171274,9.1704E+18,9,1,62,0,2017,4,17,2,3,0,7,1,1,0,0,0,0,0,7.00881E+20,5.33456E+21,1.17E+16,4.81326E+16
171275,9.1704E+18,9,1,62,0,2017,4,14,2,3,5,3,0,1,0,0,1,0,0,7.00461E+20,5.33421E+21,1.16942E+16,4.81295E+16
171276,9.1704E+18,9,1,62,0,2017,4,11,2,2,6,7,0,1,1,0,0,0,0,6.9571E+20,5.33383E+21,1.16302E+16,4.81276E+16
171277,9.1704E+18,9,1,62,0,2017,4,7,2,3,1,6,0,1,0,1,0,0,0,6.90546E+20,5.33058E+21,1.15594E+16,4.80999E+16
171278,9.1704E+18,9,1,62,0,2017,4,16,2,3,3,6,1,0,0,0,0,0,0,6.90861E+20,5.33327E+21,1.15649E+16,4.8124E+16
171279,9.1704E+18,9,1,62,0,2017,4,12,2,3,0,1,1,0,0,0,0,0,0,6.92148E+20,5.33811E+21,1.15843E+16,4.81671E+16
171280,9.1704E+18,9,1,62,0,2017,4,9,2,3,1,7,1,1,0,0,0,0,0,6.91789E+20,5.33909E+21,1.15799E+16,4.81761E+16
171281,9.1704E+18,9,7,75,162,2017,4,12,2,3,4,6,0,1,0,0,1,0,0,5.79958E+20,5.34836E+21,1.00778E+16,4.82834E+16
171282,9.1704E+18,9,7,63,0,2017,4,18,2,3,2,6,0,1,0,0,0,0,1,5.99997E+20,5.28623E+21,1.03334E+16,4.77217E+16
171283,9.1704E+18,9,7,63,0,2017,4,20,2,3,5,3,0,1,0,0,0,2,0,5.98284E+20,5.28743E+21,1.03108E+16,4.77327E+16
171284,9.1704E+18,9,7,77,151,2017,4,11,2,3,8,1,0,1,0,0,0,0,0,6.21374E+20,5.29307E+21,1.06202E+16,4.77795E+16
171285,9.1704E+18,9,7,76,116,2017,4,11,2,2,0,1,1,0,0,0,0,0,0,5.51568E+20,5.26718E+21,9.68545E+15,4.7556E+16
171286,9.1704E+18,9,7,80,124,2017,4,6,2,3,5,3,0,1,0,0,1,0,0,5.9196E+20,5.2679E+21,1.02224E+16,4.7558E+16
171287,9.1704E+18,9,7,79,131,2017,4,16,2,3,1,2,0,1,0,0,0,0,0,6.31369E+20,5.39744E+21,1.0786E+16,4.87161E+16
171288,9.1704E+18,9,7,61,0,2017,4,8,2,3,0,7,1,1,0,0,0,0,0,6.38563E+20,5.35832E+21,1.08707E+16,4.83629E+16
171289,9.1704E+18,9,7,61,0,2017,4,16,2,3,3,7,0,1,0,0,1,0,0,6.41718E+20,5.35997E+21,1.09138E+16,4.83769E+16
171290,9.1704E+18,9,7,61,0,2017,4,8,2,3,0,7,0,0,0,1,0,0,0,6.4191E+20,5.35989E+21,1.09164E+16,4.83762E+16
171291,9.1704E+18,9,7,61,0,2017,4,17,2,3,4,2,0,1,0,0,0,0,0,6.39361E+20,5.35867E+21,1.08816E+16,4.83658E+16
171292,9.1704E+18,9,6,74,180,2017,4,12,2,3,0,1,1,0,0,0,0,0,0,6.01876E+20,5.5455E+21,1.04231E+16,5.00531E+16
171293,9.1704E+18,9,6,73,114,2017,4,22,2,2,0,1,1,0,0,0,0,2,0,5.86222E+20,5.57548E+21,1.02113E+16,5.03251E+16
171294,9.1704E+18,9,6,73,183,2017,4,8,2,3,5,2,0,1,0,0,0,0,0,5.87151E+20,5.58029E+21,1.02255E+16,5.03682E+16
171295,9.1704E+18,9,6,76,122,2017,4,21,2,3,1,5,0,1,0,0,0,2,0,5.12136E+20,5.51682E+21,9.16865E+15,4.98037E+16
171296,9.1704E+18,9,5,76,137,2017,4,16,2,3,5,3,0,1,0,0,0,0,0,6.49669E+20,5.46394E+21,1.10591E+16,4.93099E+16
171297,9.1704E+18,9,5,72,121,2017,4,10,2,3,4,2,0,1,0,0,0,0,0,6.58122E+20,5.4945E+21,1.11875E+16,4.95824E+16
171298,9.1704E+18,9,5,72,131,2017,4,6,2,3,1,5,1,1,0,0,0,1,0,6.55682E+20,5.48822E+21,1.11513E+16,4.95266E+16
171299,9.1704E+18,9,5,71,136,2017,4,14,2,3,3,6,1,1,0,0,0,0,0,5.9644E+20,5.437E+21,1.03206E+16,4.90783E+16
171300,9.1704E+18,9,5,75,115,2017,4,15,2,3,1,7,0,1,0,0,0,0,0,5.9593E+20,5.47815E+21,1.03235E+16,4.94485E+16
171301,9.1704E+18,9,5,71,189,2017,4,15,2,3,5,3,1,1,0,0,0,0,0,6.20761E+20,5.44849E+21,1.0657E+16,4.91773E+16
171302,9.1704E+18,9,4,75,181,2017,4,10,2,3,0,7,1,0,0,0,0,0,0,7.031E+20,5.58322E+21,1.18559E+16,5.0366E+16
171303,9.1704E+18,9,4,64,0,2017,4,16,2,3,5,3,1,1,0,0,0,0,0,7.07217E+20,5.57757E+21,1.19106E+16,5.03138E+16
171304,9.1704E+18,9,4,64,0,2017,4,10,2,3,6,4,0,1,1,0,0,0,0,7.08015E+20,5.57859E+21,1.19224E+16,5.03226E+16
171305,9.1704E+18,9,4,64,0,2017,4,7,2,3,0,1,0,0,0,1,0,0,0,7.07323E+20,5.57851E+21,1.19126E+16,5.03221E+16
171306,9.1704E+18,9,4,64,0,2017,4,10,2,3,2,6,0,1,0,0,1,0,0,7.08093E+20,5.57853E+21,1.19234E+16,5.03221E+16
171307,9.1704E+18,9,4,63,0,2017,4,6,2,3,6,4,0,1,1,0,0,0,0,6.40514E+20,5.56804E+21,1.09709E+16,5.02477E+16
171308,9.1704E+18,9,4,63,0,2017,4,12,2,3,0,3,0,1,0,0,0,0,0,6.40037E+20,5.56836E+21,1.09643E+16,5.02508E+16
171309,9.1704E+18,9,4,63,0,2017,4,14,2,3,0,1,1,0,0,0,0,0,0,6.40463E+20,5.57015E+21,1.09709E+16,5.02668E+16
171310,9.1704E+18,9,4,62,0,2017,4,11,2,3,4,2,0,1,0,0,0,0,0,6.84981E+20,5.53609E+21,1.15785E+16,4.99485E+16
171311,9.1704E+18,9,4,62,0,2017,4,6,2,3,0,6,0,1,0,0,0,0,0,6.84609E+20,5.53359E+21,1.15721E+16,4.99261E+16
171312,9.1704E+18,9,4,62,0,2017,4,14,2,3,5,2,0,1,0,1,0,0,0,6.86167E+20,5.5368E+21,1.15954E+16,4.99545E+16
171313,9.1704E+18,9,3,77,141,2017,4,7,2,3,2,2,0,1,0,0,1,0,0,7.33272E+20,5.53765E+21,1.22516E+16,4.99456E+16
171314,9.1704E+18,9,3,74,121,2017,4,18,2,3,0,6,1,0,0,0,1,0,0,7.3793E+20,5.51276E+21,1.23011E+16,4.97202E+16
171315,9.1704E+18,9,3,62,0,2017,4,13,2,3,5,2,1,1,0,0,0,0,1,7.22328E+20,5.43333E+21,1.20406E+16,4.90127E+16
171316,9.1704E+18,9,3,75,201,2017,4,13,2,2,0,7,1,0,0,0,0,0,0,7.45449E+20,5.41894E+21,1.23476E+16,4.88748E+16
171317,9.1704E+18,9,3,72,153,2017,4,13,2,3,4,6,0,1,0,0,0,0,0,7.53196E+20,5.45222E+21,1.24739E+16,4.91705E+16
171318,9.1704E+18,9,3,62,0,2017,4,11,2,3,4,6,1,0,0,0,0,0,0,7.26299E+20,5.43411E+21,1.20953E+16,4.90183E+16
171319,9.1704E+18,9,3,62,0,2017,4,13,2,3,5,3,0,1,0,1,0,0,0,7.23596E+20,5.43353E+21,1.20581E+16,4.90141E+16
171320,9.1704E+18,9,2,71,119,2017,4,17,2,3,2,6,0,0,0,1,1,0,0,7.90044E+20,5.4174E+21,1.29534E+16,4.88418E+16
171321,9.1704E+18,9,2,79,122,2017,4,15,2,3,2,6,0,1,0,0,0,0,0,7.71533E+20,5.39853E+21,1.26892E+16,4.86807E+16
171322,9.1704E+18,9,1,90,144,2017,4,17,2,3,0,1,0,0,0,1,0,0,0,6.57781E+20,5.30986E+21,1.1112E+16,4.79226E+16
171323,9.1704E+18,9,1,83,148,2017,4,16,2,3,0,1,1,0,0,0,0,0,0,7.53083E+20,5.34466E+21,1.24065E+16,4.82046E+16
171324,9.1704E+18,9,1,83,128,2017,4,18,2,3,5,3,0,1,0,0,0,0,0,7.61849E+20,5.3516E+21,1.25285E+16,4.82634E+16
171325,9.1704E+18,9,1,72,122,2017,4,17,2,2,0,7,1,0,0,0,0,0,0,7.93427E+20,5.31611E+21,1.29287E+16,4.79311E+16
171326,9.1704E+18,9,1,72,111,2017,4,17,2,3,4,6,0,1,0,0,0,0,0,7.92266E+20,5.30369E+21,1.29047E+16,4.78201E+16
171327,9.1704E+18,9,1,71,112,2017,4,12,2,2,5,3,1,1,0,0,0,0,0,7.8503E+20,5.34302E+21,1.28344E+16,4.81764E+16
171328,9.1704E+18,9,1,71,111,2017,4,19,2,3,5,2,1,1,0,0,0,1,1,7.73487E+20,5.34823E+21,1.26828E+16,4.82282E+16
171329,9.1704E+18,9,1,71,137,2017,4,14,2,3,5,3,0,1,0,0,1,0,0,7.73364E+20,5.35174E+21,1.26834E+16,4.82599E+16
171330,9.1704E+18,9,1,82,120,2017,4,7,2,3,0,7,1,0,0,0,0,0,0,7.01878E+20,5.30615E+21,1.17E+16,4.78769E+16
171331,9.1704E+18,9,1,87,117,2017,4,11,2,3,0,1,1,0,0,0,0,0,0,7.25184E+20,5.30562E+21,1.2011E+16,4.78644E+16
171332,9.1704E+18,9,1,86,143,2017,4,11,2,3,1,3,1,1,0,0,0,0,0,6.84953E+20,5.37846E+21,1.15054E+16,4.8532E+16
171333,9.1704E+18,9,1,74,115,2017,4,9,2,3,5,3,1,1,0,0,0,0,0,6.81393E+20,5.34746E+21,1.14438E+16,4.82543E+16
171334,9.1704E+18,9,1,77,117,2017,4,7,2,3,0,1,1,0,0,0,0,0,0,7.13789E+20,5.35445E+21,1.18833E+16,4.83071E+16
171335,9.1704E+18,9,1,84,114,2017,4,12,1,2,0,7,1,0,0,0,0,0,0,7.00221E+20,5.32065E+21,1.16846E+16,4.80078E+16
171336,9.1704E+18,9,1,62,0,2017,4,18,1,3,0,1,1,0,0,0,0,0,0,6.90341E+20,5.33348E+21,1.1558E+16,4.81261E+16
171337,9.1704E+18,9,1,62,0,2017,4,11,1,3,2,6,0,1,0,1,0,0,0,6.93239E+20,5.33234E+21,1.15964E+16,4.8115E+16
171338,9.1704E+18,9,1,84,144,2017,4,13,1,3,4,7,0,1,0,0,0,0,0,6.88535E+20,5.31649E+21,1.15262E+16,4.79739E+16
171339,9.1704E+18,9,1,84,144,2017,4,13,1,3,3,6,1,1,0,0,0,0,0,6.8853E+20,5.31651E+21,1.15262E+16,4.79741E+16
171340,9.1704E+18,9,1,62,0,2017,4,17,1,3,5,3,0,1,0,1,0,0,0,6.90558E+20,5.3307E+21,1.15596E+16,4.81011E+16
171341,9.1704E+18,9,1,62,0,2017,4,12,1,3,1,5,1,1,0,0,0,0,0,6.90856E+20,5.33541E+21,1.15657E+16,4.81433E+16
171342,9.1704E+18,9,1,62,0,2017,4,18,1,3,6,4,1,0,1,0,0,0,0,6.91378E+20,5.33425E+21,1.15722E+16,4.81327E+16
171343,9.1704E+18,9,1,62,0,2017,4,16,1,3,0,1,1,0,0,0,0,0,0,6.92283E+20,5.33835E+21,1.15862E+16,4.81693E+16
171344,9.1704E+18,9,1,62,0,2017,4,15,1,3,1,7,0,1,0,0,0,0,0,6.83554E+20,5.33756E+21,1.14686E+16,4.81648E+16
171345,9.1704E+18,9,1,62,0,2017,4,13,1,2,6,4,0,1,1,0,0,0,0,6.91319E+20,5.34E+21,1.1574E+16,4.81844E+16
171346,9.1704E+18,9,7,64,0,2017,4,12,1,3,1,7,1,1,0,0,0,0,0,5.87194E+20,5.31537E+21,1.01686E+16,4.79857E+16
171347,9.1704E+18,9,7,63,0,2017,4,19,1,3,4,2,0,1,0,0,0,0,0,5.97422E+20,5.28543E+21,1.02989E+16,4.77149E+16
171348,9.1704E+18,9,7,76,116,2017,4,17,1,3,0,1,1,0,0,0,0,0,0,5.50243E+20,5.26762E+21,9.66788E+15,4.75601E+16
171349,9.1704E+18,9,7,77,121,2017,4,15,1,2,4,2,0,1,0,1,0,0,0,6.27309E+20,5.32098E+21,1.07077E+16,4.80294E+16
171350,9.1704E+18,9,7,73,125,2017,4,18,1,3,5,3,1,1,0,0,0,0,0,6.11487E+20,5.38256E+21,1.05118E+16,4.85862E+16
171351,9.1704E+18,9,7,72,147,2017,4,17,1,2,0,7,1,0,0,0,0,0,0,6.38611E+20,5.36436E+21,1.08734E+16,4.84172E+16
171352,9.1704E+18,9,7,71,156,2017,4,18,1,3,5,3,0,1,0,1,0,0,0,6.54092E+20,5.38321E+21,1.10894E+16,4.8583E+16
171353,9.1704E+18,9,7,71,113,2017,4,18,1,3,0,1,0,0,0,1,0,0,1,6.60938E+20,5.36775E+21,1.11762E+16,4.84423E+16
171354,9.1704E+18,9,6,63,0,2017,4,12,1,3,5,3,0,1,0,0,0,0,0,5.68413E+20,5.51531E+21,9.9504E+15,4.97863E+16
171355,9.1704E+18,9,6,63,0,2017,4,16,1,3,2,1,0,1,0,1,0,0,0,5.67414E+20,5.51606E+21,9.93666E+15,4.97932E+16
171356,9.1704E+18,9,6,75,141,2017,4,10,1,3,5,3,1,1,0,0,0,0,0,5.85189E+20,5.50948E+21,1.01821E+16,4.97317E+16
171357,9.1704E+18,9,6,72,113,2017,4,16,1,2,0,1,1,0,0,0,0,0,0,5.56237E+20,5.57268E+21,9.78968E+15,5.03035E+16
171358,9.1704E+18,9,5,64,0,2017,4,15,1,3,6,4,0,1,1,0,0,0,0,6.48261E+20,5.47842E+21,1.10452E+16,4.94404E+16
171359,9.1704E+18,9,5,64,0,2017,4,3,1,2,9,1,0,1,0,0,0,2,0,6.48003E+20,5.48416E+21,1.10438E+16,4.9492E+16
171360,9.1704E+18,9,5,73,134,2017,4,17,1,3,0,2,1,0,0,0,0,0,0,6.4177E+20,5.47758E+21,1.09554E+16,4.94343E+16