OBJECTID,UIDENTSTLA,ULAND,UREGBEZ,UKREIS,UGEMEINDE,UJAHR,UMONAT,USTUNDE,UWOCHENTAG,UKATEGORIE,UART,UTYP1,IstRad,IstPKW,IstFuss,IstKrad,IstSonstig,LICHT,STRZUSTAND,LINREFX,LINREFY,XGCSWGS84,YGCSWGS84
171361,9.1704E+18,9,5,73,122,2017,4,17,1,3,4,6,1,1,0,0,0,0,1,6.43062E+20,5.47715E+21,1.0973E+16,4.94302E+16
171362,9.1704E+18,9,4,76,146,2017,4,9,1,3,0,7,1,1,0,0,0,0,0,6.62584E+20,5.56193E+21,1.12776E+16,5.01872E+16
171363,9.1704E+18,9,4,62,0,2017,4,11,1,3,1,3,1,1,0,0,0,0,0,6.83881E+20,5.53458E+21,1.15625E+16,4.99353E+16
171364,9.1704E+18,9,4,62,0,2017,4,3,1,3,5,3,0,1,0,0,0,2,0,6.84286E+20,5.5356E+21,1.15686E+16,4.99443E+16
171365,9.1704E+18,9,3,62,0,2017,4,18,1,3,2,6,0,1,0,0,0,0,0,7.27056E+20,5.43312E+21,1.21051E+16,4.90092E+16
171366,9.1704E+18,9,2,71,135,2017,4,15,1,3,0,1,1,0,0,0,0,0,0,7.90557E+20,5.4067E+21,1.29528E+16,4.87454E+16
171367,9.1704E+18,9,2,77,142,2017,4,16,1,3,5,6,1,0,0,1,0,0,0,7.90128E+20,5.39108E+21,1.2936E+16,4.86054E+16
171368,9.1704E+18,9,2,75,141,2017,4,10,1,2,6,4,0,1,1,0,0,0,0,8.19216E+20,5.37025E+21,1.33136E+16,4.84045E+16
171369,9.1704E+18,9,2,72,145,2017,4,15,1,3,8,1,0,0,0,1,0,0,0,8.09485E+20,5.41931E+21,1.32191E+16,4.88495E+16
171370,9.1704E+18,9,2,72,151,2017,4,11,1,3,2,1,0,1,0,1,0,0,0,8.38321E+20,5.40793E+21,1.36015E+16,4.87324E+16
171371,9.1704E+18,9,1,73,123,2017,4,18,1,3,3,2,0,0,0,1,1,0,0,6.79578E+20,5.30316E+21,1.14008E+16,4.78566E+16
171372,9.1704E+18,9,1,83,113,2017,4,1,1,3,8,1,0,1,0,0,0,2,0,7.50211E+20,5.3434E+21,1.23671E+16,4.81945E+16
171373,9.1704E+18,9,1,72,130,2017,4,16,1,3,1,1,0,1,0,1,0,0,0,7.96284E+20,5.3096E+21,1.29623E+16,4.78713E+16
171374,9.1704E+18,9,1,82,116,2017,4,17,1,3,0,1,1,0,0,0,0,0,0,7.0679E+20,5.29126E+21,1.17585E+16,4.77415E+16
171375,9.1704E+18,9,1,76,123,2017,4,15,1,3,6,4,0,1,1,0,0,0,0,6.60197E+20,5.41786E+21,1.11856E+16,4.88929E+16
171376,9.1704E+18,9,1,88,139,2017,4,14,1,3,0,1,1,0,0,0,0,0,0,6.7513E+20,5.31983E+21,1.13481E+16,4.80077E+16
171377,9.1704E+18,9,1,75,127,2017,4,16,1,3,0,1,1,0,0,0,0,0,0,7.11624E+20,5.34082E+21,1.18473E+16,4.81854E+16
171378,9.1704E+18,9,1,62,0,2017,4,10,7,3,5,2,1,0,0,0,1,0,0,6.9234E+20,5.33778E+21,1.15867E+16,4.81642E+16
171379,9.1704E+18,9,1,62,0,2017,4,16,7,3,5,2,0,1,0,0,0,0,0,6.86765E+20,5.33695E+21,1.15115E+16,4.81583E+16
171380,9.1704E+18,9,1,62,0,2017,4,9,7,3,4,2,0,1,0,0,0,0,0,6.8905E+20,5.33556E+21,1.15416E+16,4.81452E+16
171381,9.1704E+18,9,1,62,0,2017,4,13,7,2,5,3,1,1,0,0,0,0,0,6.91257E+20,5.33961E+21,1.1573E+16,4.81809E+16
171382,9.1704E+18,9,1,84,119,2017,4,12,7,2,6,6,1,0,1,0,0,0,0,6.97184E+20,5.34725E+21,1.16562E+16,4.82478E+16
171383,9.1704E+18,9,1,62,0,2017,4,21,7,3,6,7,0,1,1,0,0,2,0,6.8856E+20,5.33978E+21,1.15369E+16,4.81832E+16
171384,9.1704E+18,9,1,84,129,2017,4,12,7,3,0,7,1,0,0,0,0,0,0,6.99097E+20,5.32547E+21,1.16718E+16,4.80514E+16
171385,9.1704E+18,9,1,62,0,2017,4,18,7,2,0,7,1,0,0,0,0,0,0,6.96359E+20,5.33723E+21,1.16405E+16,4.8158E+16
171386,9.1704E+18,9,7,75,135,2017,4,17,7,3,1,7,1,1,0,0,0,0,0,5.74618E+20,5.35781E+21,1.00075E+16,4.8369E+16
171387,9.1704E+18,9,7,78,214,2017,4,4,7,3,8,1,1,0,0,0,0,2,0,5.97096E+20,5.31905E+21,1.03021E+16,4.80174E+16
171388,9.1704E+18,9,7,78,173,2017,4,11,7,3,6,4,0,1,1,0,0,0,0,6.11048E+20,5.32257E+21,1.049E+16,4.80468E+16
171389,9.1704E+18,9,7,78,149,2017,4,9,7,3,0,7,1,0,0,0,0,0,1,5.94384E+20,5.31386E+21,1.02646E+16,4.79711E+16
171390,9.1704E+18,9,7,75,162,2017,4,15,7,3,5,3,0,1,0,0,0,0,0,5.79829E+20,5.34922E+21,1.00762E+16,4.82911E+16
171391,9.1704E+18,9,7,77,112,2017,4,17,7,3,0,7,1,0,0,0,1,0,1,6.22693E+20,5.29643E+21,1.06388E+16,4.78096E+16
171392,9.1704E+18,9,7,76,116,2017,4,19,7,3,0,1,1,0,0,0,0,1,0,5.5357E+20,5.26729E+21,9.71207E+15,4.75568E+16
171393,9.1704E+18,9,7,73,182,2017,4,9,7,2,6,5,0,1,1,0,0,0,0,6.24158E+20,5.38016E+21,1.06828E+16,4.85622E+16
171394,9.1704E+18,9,7,72,130,2017,4,22,7,2,0,7,1,0,0,0,0,2,0,6.32152E+20,5.35762E+21,1.0784E+16,4.83579E+16
171395,9.1704E+18,9,7,71,146,2017,4,1,7,3,1,1,0,1,0,1,0,2,0,6.47433E+20,5.34757E+21,1.09866E+16,4.82641E+16
171396,9.1704E+18,9,7,71,142,2017,4,9,7,3,2,6,0,1,0,0,0,0,0,6.4618E+20,5.35215E+21,1.09714E+16,4.83057E+16
171397,9.1704E+18,9,7,61,0,2017,4,12,7,3,3,2,1,1,0,0,0,0,0,6.42695E+20,5.35985E+21,1.0927E+16,4.83757E+16
171398,9.1704E+18,9,7,61,0,2017,4,12,7,3,3,2,1,1,0,0,0,0,0,6.39735E+20,5.35709E+21,1.08861E+16,4.83515E+16
171399,9.1704E+18,9,7,61,0,2017,4,10,7,3,3,2,1,1,0,0,0,0,0,6.40244E+20,5.35892E+21,1.08936E+16,4.83679E+16
171400,9.1704E+18,9,6,77,131,2017,4,23,7,3,0,7,0,0,0,1,0,2,0,5.50995E+20,5.54385E+21,9.71222E+15,5.00448E+16
171401,9.1704E+18,9,6,75,112,2017,4,9,7,3,5,2,0,1,0,1,0,0,0,5.84363E+20,5.51323E+21,1.01715E+16,4.97656E+16
171402,9.1704E+18,9,6,74,147,2017,4,20,7,2,6,4,1,0,1,0,0,1,0,6.08035E+20,5.54399E+21,1.05087E+16,5.00384E+16
171403,9.1704E+18,9,6,76,116,2017,4,13,7,3,5,3,1,1,0,0,0,0,0,5.19074E+20,5.50605E+21,9.26454E+15,4.97067E+16
171404,9.1704E+18,9,5,74,123,2017,4,7,7,2,9,7,0,1,0,0,1,0,0,6.61909E+20,5.47966E+21,1.12338E+16,4.9448E+16
171405,9.1704E+18,9,5,62,0,2017,4,21,7,3,6,7,0,1,1,0,0,2,1,6.44714E+20,5.4962E+21,1.10028E+16,4.9601E+16
171406,9.1704E+18,9,5,74,138,2017,4,12,7,2,4,2,0,1,0,1,0,0,0,6.65963E+20,5.48628E+21,1.12925E+16,4.95064E+16
171407,9.1704E+18,9,5,74,112,2017,4,4,7,3,0,1,1,0,0,0,0,2,0,6.7132E+20,5.47351E+21,1.13609E+16,4.93901E+16
171408,9.1704E+18,9,5,64,0,2017,4,23,7,3,5,2,1,1,0,0,0,2,0,6.50867E+20,5.47919E+21,1.10814E+16,4.94466E+16
171409,9.1704E+18,9,5,64,0,2017,4,16,7,2,0,7,0,0,0,0,1,0,0,6.5049E+20,5.48004E+21,1.10765E+16,4.94544E+16
171410,9.1704E+18,9,5,64,0,2017,4,15,7,3,3,2,0,1,0,1,0,0,0,6.51992E+20,5.47755E+21,1.10963E+16,4.94316E+16
171411,9.1704E+18,9,5,64,0,2017,4,17,7,3,5,3,0,1,0,0,0,0,0,6.49499E+20,5.48073E+21,1.10631E+16,4.94608E+16
171412,9.1704E+18,9,5,64,0,2017,4,18,7,3,5,3,0,1,0,0,0,0,0,6.49377E+20,5.46886E+21,1.1057E+16,4.93542E+16
171413,9.1704E+18,9,5,64,0,2017,4,10,7,3,0,1,1,0,0,0,0,0,0,6.5489E+20,5.48075E+21,1.11375E+16,4.94597E+16
171414,9.1704E+18,9,5,64,0,2017,4,22,7,3,2,6,0,1,0,0,0,2,0,6.51708E+20,5.48099E+21,1.10937E+16,4.94626E+16
171415,9.1704E+18,9,5,64,0,2017,4,15,7,2,0,1,1,0,0,0,0,0,0,6.50171E+20,5.47475E+21,1.10701E+16,4.94069E+16
171416,9.1704E+18,9,4,76,178,2017,4,15,7,3,8,1,0,0,0,1,0,0,0,6.63803E+20,5.57426E+21,1.13E+16,5.02977E+16
171417,9.1704E+18,9,4,72,111,2017,4,13,7,3,0,1,1,0,0,0,0,0,0,6.7732E+20,5.52672E+21,1.14675E+16,4.98666E+16
171418,9.1704E+18,9,3,75,174,2017,4,10,7,2,5,3,0,1,0,0,0,0,0,7.34471E+20,5.43133E+21,1.22053E+16,4.89903E+16
171419,9.1704E+18,9,3,62,0,2017,4,17,7,3,5,3,1,1,0,0,0,0,0,7.24867E+20,5.43419E+21,1.20758E+16,4.90196E+16
171420,9.1704E+18,9,3,62,0,2017,4,15,7,3,2,6,0,1,0,0,0,0,0,7.2737E+20,5.43408E+21,1.21099E+16,4.90177E+16
171421,9.1704E+18,9,3,76,119,2017,4,18,7,3,5,3,0,1,0,0,0,0,0,7.21731E+20,5.45373E+21,1.20437E+16,4.91962E+16
171422,9.1704E+18,9,2,76,148,2017,4,11,7,2,5,3,1,1,0,0,0,0,0,8.09544E+20,5.43752E+21,1.32337E+16,4.90128E+16
171423,9.1704E+18,9,2,63,0,2017,4,14,7,2,0,1,0,0,0,1,0,0,0,7.62463E+20,5.41913E+21,1.25794E+16,4.88696E+16
171424,9.1704E+18,9,2,71,119,2017,4,11,7,3,5,3,0,1,0,0,0,0,0,7.91149E+20,5.41653E+21,1.29678E+16,4.88334E+16
171425,9.1704E+18,9,2,62,0,2017,4,12,7,3,2,6,0,1,0,0,0,0,0,8.2865E+20,5.38949E+21,1.34558E+16,4.85722E+16
171426,9.1704E+18,9,2,75,146,2017,4,10,7,3,5,3,1,1,0,0,0,0,0,8.29983E+20,5.39658E+21,1.34795E+16,4.86351E+16
171427,9.1704E+18,9,2,74,127,2017,4,22,7,2,0,1,1,0,0,0,0,2,0,7.35829E+20,5.39669E+21,1.22039E+16,4.86787E+16
171428,9.1704E+18,9,2,61,0,2017,4,16,7,3,3,6,0,1,0,0,0,0,0,7.3301E+20,5.38202E+21,1.21574E+16,4.8548E+16
171429,9.1704E+18,9,2,74,146,2017,4,21,7,2,0,1,1,0,0,0,0,2,0,7.32656E+20,5.37631E+21,1.21494E+16,4.84968E+16
171430,9.1704E+18,9,2,73,137,2017,4,17,7,3,2,5,0,1,0,0,0,0,0,7.11321E+20,5.42265E+21,1.18848E+16,4.89207E+16
171431,9.1704E+18,9,2,73,111,2017,4,10,7,3,6,6,0,1,1,0,0,0,0,7.0893E+20,5.41094E+21,1.18462E+16,4.88163E+16
171432,9.1704E+18,9,1,89,142,2017,4,15,7,3,4,1,0,1,1,0,0,0,0,7.51516E+20,5.32994E+21,1.23767E+16,4.80731E+16
171433,9.1704E+18,9,1,89,155,2017,4,17,7,3,5,3,0,1,0,0,0,0,0,7.72066E+20,5.30844E+21,1.26384E+16,4.78716E+16
171434,9.1704E+18,9,1,89,127,2017,4,18,7,3,0,7,0,1,0,1,0,0,0,7.86745E+20,5.31644E+21,1.28396E+16,4.79371E+16
171435,9.1704E+18,9,1,72,111,2017,4,12,7,3,0,1,1,0,0,0,0,0,0,7.95428E+20,5.30418E+21,1.29472E+16,4.78231E+16
171436,9.1704E+18,9,1,72,114,2017,4,15,7,2,6,7,1,0,1,0,0,0,0,7.9123E+20,5.29426E+21,1.28846E+16,4.77359E+16
171437,9.1704E+18,9,1,87,128,2017,4,16,7,2,8,1,0,0,0,1,0,0,0,7.45039E+20,5.30726E+21,1.2277E+16,4.78719E+16
171438,9.1704E+18,9,1,87,122,2017,4,14,7,3,0,1,1,0,0,0,0,0,0,7.21143E+20,5.30655E+21,1.19575E+16,4.78742E+16
171439,9.1704E+18,9,1,61,0,2017,4,20,7,2,3,6,1,0,0,0,0,2,0,6.79281E+20,5.40276E+21,1.14391E+16,4.8752E+16
171440,9.1704E+18,9,1,79,126,2017,4,9,7,3,6,7,0,1,1,0,0,0,0,6.76847E+20,5.34016E+21,1.13796E+16,4.81901E+16
171441,9.1704E+18,9,1,61,0,2017,4,20,7,3,2,6,0,1,0,0,0,2,0,6.77967E+20,5.40452E+21,1.1422E+16,4.87682E+16
171442,9.1704E+18,9,1,79,145,2017,4,13,7,3,5,3,1,1,0,0,0,0,0,6.75149E+20,5.33842E+21,1.1356E+16,4.81748E+16
171443,9.1704E+18,9,1,88,121,2017,4,12,7,3,5,2,0,1,0,0,0,0,0,6.6999E+20,5.32926E+21,1.1283E+16,4.80939E+16
171444,9.1704E+18,9,1,74,115,2017,4,13,7,3,0,1,1,0,0,0,0,0,0,6.81493E+20,5.34984E+21,1.14462E+16,4.82757E+16
171445,9.1704E+18,9,1,78,145,2017,4,11,7,3,4,1,1,1,0,0,0,0,0,6.9781E+20,5.35549E+21,1.16685E+16,4.83216E+16
171446,9.17033E+18,9,1,62,0,2017,3,10,6,3,2,6,0,1,0,0,0,0,0,6.96999E+20,5.33097E+21,1.16462E+16,4.81015E+16
171447,9.17033E+18,9,1,62,0,2017,3,10,6,3,5,3,1,0,0,0,1,0,0,6.92662E+20,5.3348E+21,1.15897E+16,4.81372E+16
171448,9.17033E+18,9,1,84,141,2017,3,12,6,2,0,7,1,0,0,0,0,0,0,6.985E+20,5.31617E+21,1.16595E+16,4.79681E+16
171449,9.17033E+18,9,1,62,0,2017,3,14,6,3,5,3,1,1,0,0,0,0,0,6.9776E+20,5.33176E+21,1.16568E+16,4.81083E+16
171450,9.17033E+18,9,1,62,0,2017,3,18,6,3,4,2,1,1,0,0,0,0,0,6.92729E+20,5.33891E+21,1.15925E+16,4.81741E+16
171451,9.17033E+18,9,1,62,0,2017,3,9,6,3,6,4,0,0,1,1,0,0,0,6.90256E+20,5.33364E+21,1.15569E+16,4.81275E+16
171452,9.17033E+18,9,1,62,0,2017,3,7,6,3,1,6,1,1,0,0,0,1,0,6.90317E+20,5.33598E+21,1.15588E+16,4.81486E+16
171453,9.17033E+18,9,1,62,0,2017,3,20,6,3,0,1,1,0,0,0,0,2,0,6.91472E+20,5.3372E+21,1.15748E+16,4.81592E+16
171454,9.17033E+18,9,1,62,0,2017,3,10,6,3,6,4,0,1,1,0,0,0,0,6.93128E+20,5.33189E+21,1.15947E+16,4.8111E+16
171455,9.17033E+18,9,1,62,0,2017,3,14,6,3,2,6,0,1,0,0,0,0,0,6.92975E+20,5.3404E+21,1.15965E+16,4.81875E+16
171456,9.17033E+18,9,1,62,0,2017,3,23,6,2,0,7,0,0,1,0,1,1,0,6.91258E+20,5.33709E+21,1.15719E+16,4.81583E+16
171457,9.17033E+18,9,1,62,0,2017,3,18,6,2,6,4,0,1,1,0,0,0,0,6.88409E+20,5.33582E+21,1.15331E+16,4.81477E+16
171458,9.17033E+18,9,1,62,0,2017,3,14,6,1,5,3,0,1,0,1,0,0,0,6.86229E+20,5.33281E+21,1.15025E+16,4.81213E+16
171459,9.17033E+18,9,1,62,0,2017,3,14,6,3,6,4,0,0,1,0,1,0,0,6.82973E+20,5.33579E+21,1.146E+16,4.8149E+16
171460,9.17033E+18,9,1,62,0,2017,3,18,6,3,3,6,1,0,0,0,0,0,0,6.9167E+20,5.33618E+21,1.1577E+16,4.81499E+16
171461,9.17033E+18,9,1,62,0,2017,3,16,6,3,5,3,1,1,0,0,0,0,0,6.91053E+20,5.33934E+21,1.15702E+16,4.81786E+16
171462,9.17033E+18,9,1,62,0,2017,3,18,6,3,5,3,1,1,0,0,0,0,0,6.84423E+20,5.33933E+21,1.14811E+16,4.81804E+16
171463,9.17033E+18,9,1,62,0,2017,3,8,6,3,1,5,0,1,0,0,0,0,0,6.88872E+20,5.34258E+21,1.15423E+16,4.82084E+16
171464,9.17033E+18,9,1,62,0,2017,3,14,6,3,5,3,1,1,0,0,0,0,0,6.88103E+20,5.33977E+21,1.15307E+16,4.81833E+16
171465,9.17033E+18,9,1,62,0,2017,3,11,6,3,0,7,0,0,0,0,1,0,0,6.89876E+20,5.34261E+21,1.15558E+16,4.82083E+16
171466,9.17033E+18,9,1,62,0,2017,3,4,6,3,0,7,0,0,0,0,1,2,0,6.94518E+20,5.33511E+21,1.16148E+16,4.81395E+16
171467,9.17033E+18,9,1,62,0,2017,3,8,6,3,5,2,0,1,0,0,0,0,0,6.93276E+20,5.33464E+21,1.15979E+16,4.81356E+16
171468,9.17033E+18,9,1,62,0,2017,3,10,6,3,6,7,0,0,1,0,1,0,0,6.91353E+20,5.33843E+21,1.15738E+16,4.81702E+16
171469,9.17033E+18,9,1,62,0,2017,3,15,6,2,5,3,1,1,0,0,0,0,0,6.92811E+20,5.33793E+21,1.15932E+16,4.81653E+16
171470,9.17033E+18,9,1,62,0,2017,3,14,6,3,2,6,0,1,0,1,0,0,0,6.91588E+20,5.33621E+21,1.15759E+16,4.81503E+16
171471,9.17033E+18,9,7,75,126,2017,3,16,6,3,2,2,0,1,0,0,0,0,0,5.82039E+20,5.35927E+21,1.0108E+16,4.83812E+16
171472,9.17033E+18,9,7,75,135,2017,3,13,6,3,5,3,1,1,0,0,0,0,0,5.74231E+20,5.3599E+21,1.00027E+16,4.83879E+16
171473,9.17033E+18,9,7,78,115,2017,3,5,6,3,0,7,1,0,0,0,1,1,0,5.93134E+20,5.33322E+21,1.02521E+16,4.81454E+16
171474,9.17033E+18,9,7,75,129,2017,3,22,6,2,0,1,1,0,0,0,0,2,0,5.8004E+20,5.34377E+21,1.0078E+16,4.82421E+16
171475,9.17033E+18,9,7,74,191,2017,3,12,6,2,0,1,1,0,0,0,0,0,0,5.95939E+20,5.35565E+21,1.02948E+16,4.83468E+16
171476,9.17033E+18,9,7,78,116,2017,3,15,6,2,5,3,1,1,0,0,0,0,0,6.19135E+20,5.31816E+21,1.05973E+16,4.80056E+16
171477,9.17033E+18,9,7,63,0,2017,3,15,6,3,0,1,0,0,0,1,0,0,0,5.99068E+20,5.28662E+21,1.03211E+16,4.77253E+16
171478,9.17033E+18,9,7,77,112,2017,3,12,6,3,8,1,1,0,0,0,0,0,0,6.23875E+20,5.29814E+21,1.0655E+16,4.78246E+16
171479,9.17033E+18,9,7,76,116,2017,3,16,6,3,1,1,0,1,0,0,0,0,0,5.52014E+20,5.26648E+21,9.69129E+15,4.75496E+16
171480,9.17033E+18,9,7,62,0,2017,3,23,6,3,1,1,0,1,0,0,0,2,0,6.21613E+20,5.30749E+21,1.06275E+16,4.79092E+16
171481,9.17033E+18,9,7,77,138,2017,3,14,6,2,8,1,1,0,0,0,0,0,0,6.07089E+20,5.2963E+21,1.04304E+16,4.78111E+16
171482,9.17033E+18,9,7,77,159,2017,3,11,6,2,0,7,1,0,0,0,0,0,0,6.17636E+20,5.26976E+21,1.05641E+16,4.75706E+16
171483,9.17033E+18,9,7,79,194,2017,3,15,6,2,9,1,0,1,0,0,0,0,0,6.07102E+20,5.41119E+21,1.04598E+16,4.88444E+16
171484,9.17033E+18,9,7,72,125,2017,3,9,6,3,5,3,0,1,0,0,0,0,0,6.33277E+20,5.34817E+21,1.07962E+16,4.82727E+16
171485,9.17033E+18,9,7,61,0,2017,3,15,6,3,5,3,1,1,0,0,0,0,0,6.44225E+20,5.35813E+21,1.09471E+16,4.83599E+16
171486,9.17033E+18,9,7,61,0,2017,3,21,6,2,9,1,0,0,0,1,0,2,0,6.37727E+20,5.35699E+21,1.0859E+16,4.83511E+16
171487,9.17033E+18,9,7,61,0,2017,3,6,6,3,0,1,0,0,0,1,0,0,0,6.41891E+20,5.35751E+21,1.09154E+16,4.83548E+16
171488,9.17033E+18,9,7,61,0,2017,3,14,6,2,3,2,1,0,0,0,1,0,0,6.41051E+20,5.35921E+21,1.09046E+16,4.83703E+16
171489,9.17033E+18,9,7,71,113,2017,3,20,6,3,6,4,0,1,1,0,0,2,0,6.57324E+20,5.3689E+21,1.11278E+16,4.84536E+16
171490,9.17033E+18,9,6,63,0,2017,3,18,6,3,2,6,1,1,0,0,0,0,0,5.67723E+20,5.51385E+21,9.94056E+15,4.97733E+16
171491,9.17033E+18,9,6,63,0,2017,3,8,6,3,5,3,1,1,0,0,0,0,0,5.67895E+20,5.51478E+21,9.94312E+15,4.97816E+16
171492,9.17033E+18,9,6,77,175,2017,3,10,6,3,5,6,0,1,0,0,0,0,0,5.63551E+20,5.52954E+21,9.8852E+15,4.99149E+16
171493,9.17041E+18,9,5,74,117,2017,4,16,1,3,0,1,1,0,0,0,0,0,0,6.67598E+20,5.4681E+21,1.13073E+16,4.93426E+16
171494,9.17041E+18,9,5,74,139,2017,4,17,1,3,5,3,1,0,0,1,0,0,0,6.66101E+20,5.4813E+21,1.12923E+16,4.94616E+16
171495,9.17041E+18,9,4,73,151,2017,4,11,1,3,5,3,0,1,0,0,0,0,0,6.51317E+20,5.57913E+21,1.11267E+16,5.03448E+16
171496,9.17041E+18,9,4,78,111,2017,4,18,1,2,0,1,0,0,0,1,0,0,0,6.60641E+20,5.55495E+21,1.12474E+16,5.0125E+16
171497,9.17041E+18,9,4,62,0,2017,4,15,1,3,0,1,1,0,0,0,0,0,0,6.82862E+20,5.53406E+21,1.1548E+16,4.99309E+16
171498,9.17041E+18,9,4,62,0,2017,4,15,1,2,0,1,1,0,0,0,0,0,0,6.83988E+20,5.53565E+21,1.15645E+16,4.99448E+16
171499,9.17041E+18,9,4,62,0,2017,4,10,1,2,0,1,0,0,0,1,0,0,0,6.82763E+20,5.53524E+21,1.15472E+16,4.99415E+16
171500,9.17041E+18,9,3,75,181,2017,4,9,1,3,1,7,0,1,0,0,0,0,0,7.20346E+20,5.43653E+21,1.20153E+16,4.90422E+16
171501,9.17041E+18,9,3,62,0,2017,4,1,1,3,0,7,1,0,0,0,0,2,0,7.26307E+20,5.43431E+21,1.20955E+16,4.90201E+16
171502,9.17041E+18,9,3,73,147,2017,4,9,1,3,0,1,1,0,0,0,0,0,0,6.78954E+20,5.4612E+21,1.14604E+16,4.92774E+16
171503,9.17041E+18,9,3,61,0,2017,4,13,1,3,1,7,0,1,0,0,0,0,0,7.06864E+20,5.48104E+21,1.1854E+16,4.94468E+16
171504,9.17041E+18,9,2,75,141,2017,4,15,1,3,0,7,1,0,0,0,0,0,0,8.20109E+20,5.37173E+21,1.33268E+16,4.84173E+16
171505,9.17041E+18,9,2,72,149,2017,4,13,1,3,5,3,0,1,0,1,0,0,0,8.17855E+20,5.42665E+21,1.33385E+16,4.89111E+16
171506,9.17041E+18,9,2,61,0,2017,4,14,1,3,4,2,0,1,0,0,0,0,0,7.31695E+20,5.38189E+21,1.21396E+16,4.85473E+16
171507,9.17041E+18,9,2,73,137,2017,4,14,1,2,5,3,0,1,0,1,0,0,0,7.11171E+20,5.42292E+21,1.18828E+16,4.89232E+16
171508,9.17041E+18,9,2,73,166,2017,4,15,1,3,0,1,1,0,0,0,0,0,0,7.14579E+20,5.42099E+21,1.19283E+16,4.89046E+16
171509,9.17041E+18,9,1,73,147,2017,4,19,1,3,1,5,1,1,0,0,0,1,0,6.81179E+20,5.31001E+21,1.1425E+16,4.79178E+16
171510,9.17041E+18,9,1,90,148,2017,4,17,1,3,6,4,0,1,1,0,0,0,0,6.40948E+20,5.29672E+21,1.08826E+16,4.78084E+16
171511,9.17041E+18,9,1,80,125,2017,4,13,1,3,0,1,1,0,0,0,0,0,0,6.5604E+20,5.27359E+21,1.10757E+16,4.75969E+16
171512,9.17041E+18,9,1,89,124,2017,4,14,1,3,1,7,0,1,0,1,0,0,0,7.80986E+20,5.29642E+21,1.27497E+16,4.77598E+16
171513,9.17041E+18,9,1,72,134,2017,4,14,1,3,0,1,1,0,0,0,0,0,0,7.91672E+20,5.3077E+21,1.28995E+16,4.78564E+16
171514,9.17041E+18,9,1,72,134,2017,4,14,1,3,0,1,1,0,0,0,0,0,0,7.91673E+20,5.30771E+21,1.28995E+16,4.78564E+16
171515,9.17041E+18,9,1,71,118,2017,4,0,1,2,0,1,1,0,0,0,0,2,0,7.88898E+20,5.34762E+21,1.28895E+16,4.8216E+16
171516,9.17041E+18,9,1,82,137,2017,4,15,1,3,0,1,0,0,0,1,0,0,0,7.11112E+20,5.30361E+21,1.18221E+16,4.78512E+16
171517,9.17041E+18,9,1,61,0,2017,6,12,6,3,1,5,0,1,0,0,0,0,0,6.76234E+20,5.40331E+21,1.1398E+16,4.87579E+16
171518,9.17041E+18,9,1,61,0,2017,4,15,1,2,0,1,0,0,0,1,0,0,0,6.77945E+20,5.39753E+21,1.14187E+16,4.87054E+16
171519,9.17041E+18,9,1,61,0,2017,4,16,1,3,0,6,1,1,0,0,0,0,0,6.78006E+20,5.40439E+21,1.14225E+16,4.87671E+16
171520,9.17041E+18,9,1,76,138,2017,4,14,1,3,2,6,0,1,0,1,0,0,0,6.7381E+20,5.42215E+21,1.1373E+16,4.89279E+16
171521,9.17041E+18,9,1,88,139,2017,4,16,1,3,1,7,1,1,0,0,0,0,0,6.76588E+20,5.31935E+21,1.13675E+16,4.8003E+16
171522,9.17041E+18,9,1,79,142,2017,4,14,1,3,0,1,0,0,0,1,0,0,1,6.75595E+20,5.3445E+21,1.13645E+16,4.82294E+16
171523,9.17041E+18,9,1,79,145,2017,4,3,1,3,0,1,1,0,0,0,0,2,0,6.74347E+20,5.33776E+21,1.1345E+16,4.81691E+16
171524,9.17041E+18,9,1,79,145,2017,4,13,1,2,5,3,1,1,0,0,0,0,0,6.75149E+20,5.3388E+21,1.13562E+16,4.81783E+16
171525,9.17041E+18,9,1,79,123,2017,4,12,1,3,0,7,1,0,0,0,0,0,0,6.75689E+20,5.33227E+21,1.13607E+16,4.81194E+16
171526,9.17041E+18,9,1,79,121,2017,4,16,1,3,5,3,0,1,0,0,0,0,0,6.67936E+20,5.33905E+21,1.12593E+16,4.81825E+16
171527,9.17041E+18,9,1,81,115,2017,4,14,1,3,0,1,1,0,0,0,0,0,0,6.569E+20,5.32574E+21,1.11061E+16,4.80656E+16
171528,9.17041E+18,9,1,62,0,2017,4,18,7,3,6,4,0,1,1,0,0,0,0,6.90145E+20,5.33468E+21,1.15559E+16,4.81369E+16
171529,9.17041E+18,9,1,62,0,2017,4,16,7,3,0,1,1,0,0,0,0,0,0,6.88704E+20,5.34337E+21,1.15404E+16,4.82155E+16
171530,9.17041E+18,9,1,62,0,2017,4,17,7,3,1,5,1,1,0,0,0,0,0,6.84553E+20,5.33327E+21,1.14802E+16,4.81259E+16
171531,9.17041E+18,9,1,62,0,2017,4,13,7,3,5,3,1,1,0,0,0,0,0,6.87445E+20,5.33616E+21,1.15203E+16,4.8151E+16
171532,9.17041E+18,9,1,62,0,2017,4,18,7,3,4,2,0,1,0,0,0,0,0,6.93375E+20,5.33099E+21,1.15976E+16,4.81028E+16
171533,9.17041E+18,9,1,62,0,2017,4,17,7,3,2,6,0,1,0,0,0,0,0,6.83459E+20,5.33751E+21,1.14673E+16,4.81643E+16