OBJECTID,UIDENTSTLA,ULAND,UREGBEZ,UKREIS,UGEMEINDE,UJAHR,UMONAT,USTUNDE,UWOCHENTAG,UKATEGORIE,UART,UTYP1,IstRad,IstPKW,IstFuss,IstKrad,IstSonstig,LICHT,STRZUSTAND,LINREFX,LINREFY,XGCSWGS84,YGCSWGS84
171705,9.17041E+18,9,1,62,0,2017,4,12,4,3,2,6,1,1,0,1,0,0,0,6.91016E+20,5.33591E+21,1.15681E+16,4.81477E+16
171706,9.17041E+18,9,1,62,0,2017,4,14,4,3,0,6,1,1,0,0,0,0,0,6.91188E+20,5.33514E+21,1.15701E+16,4.81407E+16
171707,9.17041E+18,9,7,64,0,2017,4,15,4,2,1,7,1,1,0,0,0,0,0,5.87606E+20,5.31532E+21,1.01741E+16,4.79852E+16
171708,9.17041E+18,9,7,77,163,2017,4,19,4,3,0,6,1,0,0,0,0,0,0,6.29547E+20,5.27531E+21,1.0724E+16,4.76182E+16
171709,9.17041E+18,9,7,73,182,2017,4,10,4,3,9,7,0,1,1,0,0,0,0,6.23395E+20,5.38041E+21,1.06726E+16,4.85647E+16
171710,9.17041E+18,9,7,61,0,2017,4,15,4,3,5,3,1,1,0,0,0,0,0,6.40571E+20,5.35372E+21,1.08963E+16,4.83211E+16
171711,9.17041E+18,9,7,61,0,2017,4,16,4,3,2,6,0,1,0,0,0,0,0,6.39724E+20,5.35896E+21,1.08866E+16,4.83683E+16
171712,9.17041E+18,9,7,61,0,2017,4,16,4,3,3,2,1,1,0,0,0,0,0,6.40095E+20,5.35907E+21,1.08916E+16,4.83692E+16
171713,9.17041E+18,9,6,79,170,2017,4,17,4,3,1,6,0,1,0,0,0,0,0,5.776E+20,5.50187E+21,1.00753E+16,4.96644E+16
171714,9.17041E+18,9,6,74,180,2017,4,9,4,2,0,7,0,0,0,0,1,0,0,6.01421E+20,5.54505E+21,1.04166E+16,5.00491E+16
171715,9.17041E+18,9,5,62,0,2017,4,14,4,3,0,7,0,1,0,1,0,0,0,6.41436E+20,5.49529E+21,1.09571E+16,4.95937E+16
171716,9.17041E+18,9,5,72,121,2017,4,12,4,3,5,3,0,1,0,0,0,0,0,6.58021E+20,5.49456E+21,1.11862E+16,4.9583E+16
171717,9.17041E+18,9,5,64,0,2017,4,12,4,3,2,6,0,1,0,0,1,0,0,6.5542E+20,5.47392E+21,1.11421E+16,4.93981E+16
171718,9.17041E+18,9,5,77,136,2017,4,10,4,3,1,7,0,1,0,0,0,0,0,6.25994E+20,5.44069E+21,1.07263E+16,4.91061E+16
171719,9.17041E+18,9,4,63,0,2017,4,16,4,3,5,3,0,1,0,0,0,0,0,6.41637E+20,5.57093E+21,1.09877E+16,5.02735E+16
171720,9.17041E+18,9,4,74,175,2017,4,7,4,2,5,3,0,1,0,0,0,0,0,6.53582E+20,5.50924E+21,1.11305E+16,4.9716E+16
171721,9.17041E+18,9,4,61,0,2017,4,9,4,3,5,2,1,1,0,0,0,0,0,6.36327E+20,5.52835E+21,1.0898E+16,4.9892E+16
171722,9.17041E+18,9,4,61,0,2017,4,9,4,3,5,3,0,1,0,1,0,0,0,6.36375E+20,5.52862E+21,1.08988E+16,4.98944E+16
171723,9.17041E+18,9,4,61,0,2017,4,15,4,2,3,2,1,1,0,0,0,0,0,6.35202E+20,5.52937E+21,1.08827E+16,4.99015E+16
171724,9.17041E+18,9,3,62,0,2017,4,7,4,3,2,6,0,1,0,0,0,0,0,7.24047E+20,5.43463E+21,1.20648E+16,4.90239E+16
171725,9.17041E+18,9,3,71,132,2017,4,17,4,3,8,1,1,0,0,0,0,0,0,6.9513E+20,5.47154E+21,1.16877E+16,4.93653E+16
171726,9.17041E+18,9,2,76,138,2017,4,14,4,3,6,4,0,1,1,0,0,0,0,8.01973E+20,5.43229E+21,1.31265E+16,4.89696E+16
171727,9.17041E+18,9,2,62,0,2017,4,9,4,3,1,6,0,1,0,1,0,0,0,8.28586E+20,5.38942E+21,1.34549E+16,4.85716E+16
171728,9.17041E+18,9,2,73,133,2017,4,16,4,3,0,1,0,0,0,1,0,0,0,7.10566E+20,5.42352E+21,1.18749E+16,4.89287E+16
171729,9.17041E+18,9,1,90,140,2017,4,1,4,3,0,1,1,0,0,0,0,2,0,6.44063E+20,5.29523E+21,1.09237E+16,4.77943E+16
171730,9.17041E+18,9,1,83,148,2017,4,16,4,3,6,4,1,0,1,0,0,0,0,7.52002E+20,5.34431E+21,1.23917E+16,4.8202E+16
171731,9.17041E+18,9,1,72,118,2017,4,14,4,3,3,6,0,1,0,1,0,0,0,7.97673E+20,5.30575E+21,1.29782E+16,4.78361E+16
171732,9.17041E+18,9,1,63,0,2017,4,7,4,3,6,4,0,1,1,0,0,0,0,7.32727E+20,5.30362E+21,1.21106E+16,4.78437E+16
171733,9.17041E+18,9,1,79,121,2017,4,12,4,3,0,7,1,0,0,0,1,0,0,6.67389E+20,5.33863E+21,1.12518E+16,4.81788E+16
171734,9.17041E+18,9,1,79,121,2017,4,16,4,3,1,7,1,1,0,0,0,0,0,6.6716E+20,5.33929E+21,1.1249E+16,4.81848E+16
171735,9.17041E+18,9,1,79,147,2017,4,13,4,2,0,7,1,0,0,0,0,0,0,6.63724E+20,5.33485E+21,1.12011E+16,4.81458E+16
171736,9.17041E+18,9,1,79,121,2017,4,12,4,3,6,7,0,0,1,0,1,0,0,6.65373E+20,5.33654E+21,1.12239E+16,4.81606E+16
171737,9.17041E+18,9,1,74,126,2017,4,23,4,3,0,7,0,0,0,1,0,2,0,6.82485E+20,5.34545E+21,1.14576E+16,4.8236E+16
171738,9.17041E+18,9,1,74,115,2017,4,7,4,3,1,6,0,1,0,0,1,0,0,6.85339E+20,5.34759E+21,1.1497E+16,4.82544E+16
171739,9.1704E+18,9,1,62,0,2017,4,18,3,3,5,2,1,1,0,0,0,0,1,6.91371E+20,5.33681E+21,1.15733E+16,4.81558E+16
171740,9.1704E+18,9,1,62,0,2017,4,15,3,3,5,7,0,1,0,0,1,0,0,6.93863E+20,5.33397E+21,1.16055E+16,4.81294E+16
171741,9.1704E+18,9,1,62,0,2017,4,9,3,3,0,1,1,0,0,0,0,0,0,6.91031E+20,5.33435E+21,1.15676E+16,4.81337E+16
171742,9.1704E+18,9,1,62,0,2017,4,10,3,3,3,7,0,1,0,0,0,0,1,6.89891E+20,5.33349E+21,1.15519E+16,4.81263E+16
171743,9.1704E+18,9,1,62,0,2017,4,15,3,3,0,7,1,0,0,0,0,0,0,6.92202E+20,5.33104E+21,1.15819E+16,4.81036E+16
171744,9.1704E+18,9,1,62,0,2017,4,18,3,3,5,3,0,1,0,0,0,0,1,6.9023E+20,5.33589E+21,1.15576E+16,4.81478E+16
171745,9.1704E+18,9,1,62,0,2017,4,19,3,3,3,6,0,1,0,1,0,1,1,6.91393E+20,5.33426E+21,1.15725E+16,4.81328E+16
171746,9.1704E+18,9,1,62,0,2017,4,17,3,3,2,6,0,1,0,1,0,0,1,6.90763E+20,5.3364E+21,1.1565E+16,4.81522E+16
171747,9.1704E+18,9,1,62,0,2017,4,8,3,3,4,2,0,1,0,0,0,0,0,6.90764E+20,5.34E+21,1.15666E+16,4.81846E+16
171748,9.1704E+18,9,1,62,0,2017,4,19,3,3,0,6,0,1,0,0,0,1,1,6.91775E+20,5.33208E+21,1.15766E+16,4.81131E+16
171749,9.1704E+18,9,1,62,0,2017,4,1,3,3,8,1,0,1,0,0,0,2,0,6.97E+20,5.33524E+21,1.16482E+16,4.81399E+16
171750,9.1704E+18,9,1,62,0,2017,4,17,3,3,3,6,0,1,0,1,0,0,1,6.87466E+20,5.33573E+21,1.15204E+16,4.81472E+16
171751,9.1704E+18,9,1,62,0,2017,4,18,3,3,0,3,0,1,0,1,0,0,1,6.94155E+20,5.33658E+21,1.16106E+16,4.81528E+16
171752,9.1704E+18,9,1,62,0,2017,4,8,3,2,3,6,1,0,0,0,0,0,0,6.94503E+20,5.33246E+21,1.16134E+16,4.81156E+16
171753,9.1704E+18,9,7,78,171,2017,4,16,3,3,3,6,1,1,0,0,0,0,0,5.8987E+20,5.31612E+21,1.02046E+16,4.79921E+16
171754,9.1704E+18,9,7,78,171,2017,4,7,3,3,5,3,1,1,0,0,0,0,1,5.90208E+20,5.31607E+21,1.02091E+16,4.79915E+16
171755,9.1704E+18,9,7,78,216,2017,4,7,3,2,4,1,0,1,0,0,0,0,1,6.23771E+20,5.32237E+21,1.06606E+16,4.80426E+16
171756,9.1704E+18,9,7,62,0,2017,4,14,3,3,4,6,0,1,0,0,1,0,0,6.2224E+20,5.30579E+21,1.06354E+16,4.78938E+16
171757,9.1704E+18,9,7,77,129,2017,4,13,3,2,5,3,0,1,0,0,0,0,0,6.27573E+20,5.2699E+21,1.06962E+16,4.757E+16
171758,9.1704E+18,9,7,71,122,2017,4,13,3,3,0,1,0,1,1,0,0,0,0,6.5439E+20,5.36182E+21,1.10855E+16,4.83907E+16
171759,9.1704E+18,9,7,72,125,2017,4,13,3,3,5,3,0,1,0,0,0,0,0,6.33918E+20,5.34841E+21,1.08049E+16,4.82747E+16
171760,9.1704E+18,9,7,61,0,2017,4,12,3,3,3,6,0,1,0,0,1,0,0,6.39281E+20,5.36121E+21,1.08814E+16,4.83887E+16
171761,9.1704E+18,9,7,61,0,2017,4,17,3,3,3,2,1,1,0,0,0,0,0,6.38798E+20,5.35695E+21,1.08734E+16,4.83505E+16
171762,9.1704E+18,9,6,79,180,2017,4,16,3,3,5,3,0,1,0,0,1,0,0,5.67465E+20,5.52246E+21,9.93847E+15,4.98507E+16
171763,9.1704E+18,9,6,63,0,2017,4,12,3,2,5,3,0,1,0,1,0,0,0,5.66931E+20,5.51479E+21,9.92972E+15,4.97819E+16
171764,9.17041E+18,9,1,62,0,2017,4,10,1,3,2,6,0,1,0,0,0,0,0,6.90895E+20,5.32952E+21,1.15636E+16,4.80903E+16
171765,9.17041E+18,9,1,62,0,2017,4,19,1,3,5,6,0,1,0,1,0,1,0,6.90493E+20,5.3367E+21,1.15615E+16,4.81549E+16
171766,9.17041E+18,9,1,62,0,2017,4,17,1,3,0,1,0,0,0,1,0,0,0,6.90792E+20,5.3333E+21,1.1564E+16,4.81243E+16
171767,9.17041E+18,9,5,65,0,2017,4,12,1,3,6,1,1,0,1,0,0,0,0,6.45079E+20,5.46634E+21,1.09969E+16,4.93325E+16
171768,9.17041E+18,9,1,62,0,2017,4,7,1,3,5,3,0,1,0,0,0,0,0,6.90341E+20,5.34313E+21,1.15623E+16,4.82128E+16
171769,9.17041E+18,9,7,62,0,2017,4,13,1,2,6,4,1,0,1,0,0,0,0,6.22959E+20,5.30798E+21,1.06456E+16,4.79134E+16
171770,9.17041E+18,9,7,80,114,2017,4,14,1,2,0,7,1,0,0,0,0,0,0,6.05262E+20,5.28735E+21,1.04038E+16,4.7731E+16
171771,9.17041E+18,9,7,63,0,2017,4,10,1,3,0,7,1,0,0,0,0,0,0,5.99034E+20,5.28501E+21,1.03203E+16,4.77108E+16
171772,9.17041E+18,9,7,74,135,2017,4,14,1,2,8,1,1,0,0,0,0,0,0,5.93555E+20,5.37418E+21,1.02668E+16,4.85138E+16
171773,9.17041E+18,9,1,62,0,2017,4,20,1,2,6,4,1,0,1,0,0,2,0,6.91965E+20,5.33619E+21,1.1581E+16,4.81499E+16
171774,9.17041E+18,9,6,74,221,2017,4,17,1,3,2,6,0,1,0,0,0,0,0,6.15518E+20,5.53988E+21,1.06119E+16,5E+16
171775,9.17041E+18,9,7,71,130,2017,4,13,1,2,5,1,0,1,0,1,0,0,0,6.48729E+20,5.36152E+21,1.1009E+16,4.83893E+16
171776,9.17041E+18,9,1,62,0,2017,4,11,1,3,6,4,1,0,1,0,0,0,0,6.91063E+20,5.33317E+21,1.15675E+16,4.81231E+16
171777,9.17041E+18,9,1,62,0,2017,4,18,1,2,0,7,1,0,0,0,1,0,0,6.99703E+20,5.33507E+21,1.16844E+16,4.81376E+16
171778,9.17041E+18,9,7,72,145,2017,4,0,1,2,8,1,0,1,0,0,0,2,0,6.31655E+20,5.36952E+21,1.0781E+16,4.84651E+16
171779,9.17041E+18,9,7,79,131,2017,4,17,1,3,0,1,1,0,0,0,0,0,0,6.30966E+20,5.39762E+21,1.07806E+16,4.87178E+16
171780,9.17041E+18,9,6,73,141,2017,4,18,1,3,0,1,1,0,0,0,0,0,0,6.0424E+20,5.57342E+21,1.04638E+16,5.03037E+16
171781,9.17041E+18,9,1,62,0,2017,4,23,1,2,1,1,0,1,0,1,0,2,0,6.9606E+20,5.33008E+21,1.16332E+16,4.80938E+16
171782,9.17041E+18,9,1,62,0,2017,4,2,1,3,5,7,0,1,0,0,1,2,0,6.90978E+20,5.33511E+21,1.15673E+16,4.81406E+16
171783,9.17041E+18,9,5,62,0,2017,4,12,1,3,5,3,0,1,0,0,0,0,0,6.46024E+20,5.49365E+21,1.102E+16,4.95778E+16
171784,9.17041E+18,9,1,62,0,2017,4,18,5,3,5,3,0,1,0,1,0,0,0,6.87924E+20,5.33668E+21,1.15269E+16,4.81555E+16
171785,9.17041E+18,9,1,62,0,2017,4,9,5,3,3,2,0,1,0,1,0,0,0,6.93818E+20,5.33609E+21,1.16058E+16,4.81485E+16
171786,9.17041E+18,9,1,84,112,2017,4,23,5,3,6,4,0,1,1,0,0,2,0,7.01053E+20,5.33788E+21,1.17038E+16,4.81624E+16
171787,9.17041E+18,9,1,62,0,2017,4,15,5,3,4,7,0,1,0,0,0,0,0,6.86229E+20,5.33366E+21,1.15029E+16,4.8129E+16
171788,9.17041E+18,9,1,62,0,2017,4,0,5,3,6,4,1,0,1,0,0,2,0,6.8987E+20,5.33532E+21,1.15525E+16,4.81428E+16
171789,9.17041E+18,9,1,62,0,2017,4,8,5,3,5,2,1,1,0,0,0,0,0,6.92206E+20,5.337E+21,1.15846E+16,4.81572E+16
171790,9.17041E+18,9,1,62,0,2017,4,9,5,3,5,3,1,1,0,0,0,0,0,6.93034E+20,5.33631E+21,1.15954E+16,4.81507E+16
171791,9.17041E+18,9,7,76,117,2017,4,17,5,3,6,4,0,1,1,0,0,0,0,5.66299E+20,5.27071E+21,9.88176E+15,4.75864E+16
171792,9.17041E+18,9,7,79,154,2017,4,15,5,3,1,7,0,1,0,0,0,0,0,6.18548E+20,5.42471E+21,1.06196E+16,4.89639E+16
171793,9.17041E+18,9,7,79,115,2017,4,16,5,3,5,3,0,1,0,0,1,0,1,6.33846E+20,5.39382E+21,1.08185E+16,4.8683E+16
171794,9.17041E+18,9,7,61,0,2017,4,16,5,3,1,6,0,1,0,0,0,0,0,6.39208E+20,5.35896E+21,1.08796E+16,4.83684E+16
171795,9.17041E+18,9,7,61,0,2017,4,16,5,3,1,7,0,1,0,0,0,0,0,6.38476E+20,5.35934E+21,1.08699E+16,4.8372E+16
171796,9.17041E+18,9,7,61,0,2017,4,21,5,3,2,6,0,1,0,0,0,2,0,6.41713E+20,5.35995E+21,1.09138E+16,4.83768E+16
171797,9.17041E+18,9,7,61,0,2017,4,14,5,3,5,3,0,1,0,0,0,0,0,6.40593E+20,5.35705E+21,1.08977E+16,4.83509E+16
171798,9.17041E+18,9,6,63,0,2017,4,15,5,3,5,3,0,1,0,1,0,0,0,5.66872E+20,5.51492E+21,9.92893E+15,4.9783E+16
171799,9.17041E+18,9,6,63,0,2017,4,18,5,3,4,3,0,1,0,0,0,0,0,5.64343E+20,5.5163E+21,9.89403E+15,4.97957E+16
171800,9.17041E+18,9,6,63,0,2017,4,17,5,3,2,6,0,1,0,0,1,0,0,5.66474E+20,5.51544E+21,9.92349E+15,4.97877E+16
171801,9.17041E+18,9,6,72,114,2017,4,11,5,3,6,7,0,1,1,0,0,0,0,5.77441E+20,5.5616E+21,1.00851E+16,5.02015E+16
171802,9.17041E+18,9,6,62,0,2017,4,13,5,3,5,3,1,1,0,0,0,0,0,5.88325E+20,5.545E+21,1.02338E+16,5.00507E+16
171803,9.17041E+18,9,6,76,133,2017,4,12,5,3,1,5,1,1,0,0,0,0,0,5.12288E+20,5.52458E+21,9.17101E+15,4.98735E+16
171804,9.17041E+18,9,6,76,132,2017,4,9,5,3,5,3,0,1,0,0,0,0,0,5.14996E+20,5.50706E+21,9.20802E+15,4.97159E+16
171805,9.17041E+18,9,5,72,135,2017,4,15,5,2,5,3,0,1,0,1,0,0,0,6.30982E+20,5.50641E+21,1.08163E+16,4.9696E+16
171806,9.17041E+18,9,5,62,0,2017,4,16,5,2,5,3,1,1,0,0,0,0,0,6.44813E+20,5.49227E+21,1.10027E+16,4.95657E+16
171807,9.17041E+18,9,5,64,0,2017,4,7,5,3,0,1,1,0,0,0,0,0,0,6.52605E+20,5.47935E+21,1.11054E+16,4.94476E+16
171808,9.17041E+18,9,5,64,0,2017,4,15,5,3,5,3,0,1,0,0,1,0,0,6.52135E+20,5.48206E+21,1.11E+16,4.94721E+16
171809,9.17041E+18,9,5,64,0,2017,4,17,5,3,5,3,1,0,0,0,0,0,0,6.49785E+20,5.4795E+21,1.10666E+16,4.94497E+16
171810,9.17041E+18,9,5,73,120,2017,4,16,5,3,2,2,0,1,0,0,1,0,0,6.3206E+20,5.48395E+21,1.08237E+16,4.94938E+16
171811,9.17041E+18,9,5,77,177,2017,4,15,5,3,5,3,1,1,0,0,0,0,0,6.43566E+20,5.43198E+21,1.09638E+16,4.9024E+16
171812,9.17041E+18,9,4,75,156,2017,4,8,5,3,1,5,1,1,0,0,0,0,1,6.92078E+20,5.57879E+21,1.16988E+16,5.03299E+16
171813,9.17041E+18,9,4,78,165,2017,4,11,5,3,6,1,0,1,1,0,0,0,0,6.42986E+20,5.55187E+21,1.09994E+16,5.01019E+16
171814,9.17041E+18,9,4,78,139,2017,4,21,5,3,5,3,0,1,0,0,0,2,0,6.46873E+20,5.5566E+21,1.10556E+16,5.01434E+16
171815,9.17041E+18,9,4,72,119,2017,4,5,5,3,0,3,0,1,0,1,0,2,1,6.87043E+20,5.5394E+21,1.16088E+16,4.99775E+16
171816,9.17041E+18,9,4,61,0,2017,4,17,5,3,4,6,1,0,0,0,0,0,0,6.3566E+20,5.52829E+21,1.08887E+16,4.98916E+16
171817,9.17041E+18,9,3,74,139,2017,4,18,5,3,5,3,0,1,0,0,0,0,0,7.29452E+20,5.51359E+21,1.21842E+16,4.9731E+16
171818,9.17041E+18,9,3,62,0,2017,4,14,5,3,5,3,0,0,0,0,1,0,0,7.27429E+20,5.43365E+21,1.21105E+16,4.90138E+16
171819,9.17041E+18,9,3,76,161,2017,4,16,5,3,1,1,0,1,0,0,1,0,1,7.27496E+20,5.46796E+21,1.21308E+16,4.93219E+16
171820,9.17041E+18,9,2,63,0,2017,4,14,5,2,4,2,0,1,0,0,0,0,1,7.64929E+20,5.42102E+21,1.26141E+16,4.88855E+16
171821,9.17041E+18,9,2,61,0,2017,4,16,5,3,5,3,0,1,0,1,0,0,0,7.31654E+20,5.38374E+21,1.214E+16,4.85639E+16
171822,9.17041E+18,9,2,79,112,2017,4,18,5,3,6,5,0,1,1,0,0,0,0,7.57749E+20,5.39291E+21,1.24988E+16,4.86361E+16
171823,9.17041E+18,9,1,90,148,2017,4,10,5,3,5,3,0,1,0,1,0,0,0,6.40715E+20,5.2967E+21,1.08795E+16,4.78083E+16
171824,9.17041E+18,9,1,71,123,2017,4,20,5,3,0,1,1,0,0,0,0,1,0,7.84831E+20,5.35102E+21,1.28371E+16,4.82483E+16
171825,9.17041E+18,9,1,71,117,2017,4,17,5,3,5,3,0,1,0,0,0,0,0,7.6631E+20,5.33733E+21,1.25795E+16,4.81334E+16
171826,9.17041E+18,9,1,71,111,2017,4,15,5,3,5,3,0,1,0,1,0,0,0,7.73195E+20,5.34778E+21,1.26786E+16,4.82243E+16
171827,9.17041E+18,9,1,61,0,2017,4,23,5,3,5,3,0,1,0,0,0,2,0,6.7807E+20,5.40153E+21,1.14221E+16,4.87413E+16
171828,9.17041E+18,9,1,85,158,2017,4,14,5,3,6,3,0,1,1,0,0,0,0,6.67162E+20,5.38008E+21,1.12652E+16,4.85515E+16
171829,9.17041E+18,9,1,85,149,2017,4,9,5,3,3,6,1,1,0,0,0,0,0,6.60398E+20,5.40057E+21,1.11816E+16,4.87375E+16
171830,9.17041E+18,9,1,79,123,2017,4,20,5,3,0,7,1,0,0,0,0,1,0,6.76186E+20,5.33419E+21,1.13682E+16,4.81365E+16
171831,9.17041E+18,9,1,74,115,2017,4,15,5,3,4,2,0,1,0,0,0,0,0,6.83467E+20,5.34917E+21,1.14725E+16,4.82691E+16
171832,9.17041E+18,9,1,74,137,2017,4,16,5,3,2,6,0,1,0,1,0,0,0,6.60976E+20,5.35169E+21,1.11706E+16,4.82979E+16
171833,9.17041E+18,9,1,77,117,2017,4,18,5,3,5,3,0,0,1,1,0,0,0,7.14823E+20,5.3535E+21,1.18967E+16,4.82982E+16
171834,9.17041E+18,9,1,62,0,2017,4,17,4,3,4,2,1,1,0,0,0,0,0,6.94575E+20,5.3358E+21,1.16159E+16,4.81456E+16
171835,9.17041E+18,9,1,62,0,2017,4,17,4,3,1,5,1,1,0,0,0,0,0,6.88817E+20,5.33495E+21,1.15382E+16,4.81398E+16
171836,9.17041E+18,9,1,62,0,2017,4,15,4,3,5,3,0,1,0,0,0,0,0,6.99993E+20,5.33529E+21,1.16884E+16,4.81394E+16
171837,9.17041E+18,9,1,62,0,2017,4,9,4,3,5,6,1,1,0,0,0,0,0,6.89049E+20,5.33232E+21,1.15401E+16,4.8116E+16
171838,9.17041E+18,9,1,62,0,2017,4,8,4,3,1,5,1,1,0,0,0,0,0,6.8566E+20,5.33234E+21,1.14946E+16,4.81172E+16
171839,9.17041E+18,9,1,62,0,2017,4,13,4,3,0,2,0,1,0,1,0,0,0,6.94369E+20,5.34172E+21,1.16158E+16,4.81989E+16
171840,9.17041E+18,9,1,62,0,2017,4,16,4,3,2,6,0,1,0,0,0,0,0,6.93252E+20,5.34036E+21,1.16002E+16,4.81871E+16
171841,9.17041E+18,9,1,62,0,2017,4,18,4,3,1,7,1,0,0,1,0,0,0,6.94122E+20,5.34221E+21,1.16127E+16,4.82034E+16
171842,9.17041E+18,9,1,62,0,2017,4,11,4,3,5,2,0,1,0,0,1,0,0,6.869E+20,5.33645E+21,1.15131E+16,4.81538E+16
171843,9.17041E+18,9,1,62,0,2017,4,10,4,3,5,3,1,1,0,0,0,0,0,6.84037E+20,5.33361E+21,1.14734E+16,4.81291E+16
171844,9.17041E+18,9,1,84,130,2017,4,19,4,3,1,5,1,1,0,0,0,0,0,6.99266E+20,5.3451E+21,1.16832E+16,4.82278E+16
171845,9.17041E+18,9,1,62,0,2017,4,15,4,3,5,2,0,1,0,1,0,0,0,6.9695E+20,5.33418E+21,1.1647E+16,4.81304E+16
171846,9.17041E+18,9,1,62,0,2017,4,18,4,3,5,3,1,1,0,0,0,0,0,6.92743E+20,5.33075E+21,1.1589E+16,4.81008E+16
171847,9.17041E+18,9,1,62,0,2017,4,8,4,3,1,3,1,1,0,0,0,0,0,6.91922E+20,5.33801E+21,1.15812E+16,4.81663E+16
171848,9.17041E+18,9,1,62,0,2017,4,22,4,3,1,5,1,1,0,0,0,2,0,6.90973E+20,5.33645E+21,1.15678E+16,4.81526E+16
171849,9.17041E+18,9,1,62,0,2017,4,18,4,3,2,6,1,0,0,0,0,0,0,6.90876E+20,5.33427E+21,1.15655E+16,4.81331E+16
171850,9.17041E+18,9,7,75,152,2017,4,11,4,3,4,6,0,1,0,0,1,0,0,5.76637E+20,5.35302E+21,1.00339E+16,4.83258E+16
171851,9.17041E+18,9,7,75,129,2017,4,14,4,3,5,3,1,1,0,0,0,0,0,5.81727E+20,5.34137E+21,1.01003E+16,4.82203E+16
171852,9.17041E+18,9,7,63,0,2017,4,19,4,3,1,7,0,1,0,0,0,0,0,5.98727E+20,5.28804E+21,1.03169E+16,4.77382E+16
171853,9.17041E+18,9,7,72,170,2017,4,14,4,3,4,1,0,0,0,0,1,0,0,6.31818E+20,5.3291E+21,1.07706E+16,4.81015E+16
171854,9.17041E+18,9,7,71,122,2017,4,18,4,2,0,1,0,0,0,1,0,0,0,6.51815E+20,5.36327E+21,1.10513E+16,4.84043E+16
171855,9.17041E+18,9,7,72,163,2017,4,14,4,3,4,2,0,1,0,0,0,0,0,6.40345E+20,5.34987E+21,1.08919E+16,4.82865E+16
171856,9.17041E+18,9,7,61,0,2017,4,14,4,3,5,3,1,1,0,0,0,0,0,6.41105E+20,5.35232E+21,1.0903E+16,4.83083E+16
171857,9.17041E+18,9,7,61,0,2017,4,18,4,3,0,1,1,0,0,0,0,0,0,6.40725E+20,5.35917E+21,1.09002E+16,4.837E+16
171858,9.17041E+18,9,7,61,0,2017,4,19,4,3,4,2,0,1,0,0,0,0,0,6.40741E+20,5.358E+21,1.09E+16,4.83595E+16
171859,9.17041E+18,9,7,61,0,2017,4,13,4,3,5,3,0,1,0,0,0,0,0,6.40178E+20,5.36003E+21,1.08931E+16,4.83778E+16
171860,9.17041E+18,9,6,63,0,2017,4,15,4,3,2,6,0,1,0,1,0,0,0,5.66847E+20,5.514E+21,9.92842E+15,4.97747E+16
171861,9.17041E+18,9,6,79,170,2017,4,16,4,3,0,7,1,0,0,0,0,0,0,5.76131E+20,5.50202E+21,1.0055E+16,4.96659E+16
171862,9.17041E+18,9,6,62,0,2017,4,9,4,3,5,3,0,1,0,0,0,0,0,5.86727E+20,5.54342E+21,1.02111E+16,5.00367E+16
171863,9.17041E+18,9,5,72,132,2017,4,18,4,3,5,2,0,1,0,1,0,0,0,6.3506E+20,5.49281E+21,1.08681E+16,4.95728E+16
171864,9.17041E+18,9,5,62,0,2017,4,8,4,3,3,2,1,1,0,0,0,0,0,6.44601E+20,5.49279E+21,1.1E+16,4.95704E+16
171865,9.17041E+18,9,5,65,0,2017,4,19,4,3,5,3,0,1,0,1,0,0,0,6.46139E+20,5.46647E+21,1.10115E+16,4.93334E+16
171866,9.17041E+18,9,5,63,0,2017,4,13,4,3,5,2,0,1,0,0,0,0,0,6.45546E+20,5.4806E+21,1.10086E+16,4.94606E+16
171867,9.17041E+18,9,5,63,0,2017,4,16,4,3,3,3,0,1,0,0,1,0,0,6.44015E+20,5.47971E+21,1.09871E+16,4.9453E+16
171868,9.17041E+18,9,5,64,0,2017,4,18,4,3,5,3,1,1,0,0,0,0,0,6.50149E+20,5.47922E+21,1.10715E+16,4.94471E+16
171869,9.17041E+18,9,5,64,0,2017,4,13,4,3,2,6,0,1,0,0,0,0,0,6.51381E+20,5.47931E+21,1.10885E+16,4.94476E+16
171870,9.17041E+18,9,5,64,0,2017,4,7,4,3,5,3,1,1,0,0,0,0,0,6.4902E+20,5.47877E+21,1.10558E+16,4.94433E+16
171871,9.17041E+18,9,5,64,0,2017,4,17,4,3,5,3,1,1,0,0,0,0,0,6.52327E+20,5.47885E+21,1.11014E+16,4.94432E+16
171872,9.17041E+18,9,5,64,0,2017,4,16,4,3,5,2,1,1,0,0,0,0,0,6.50797E+20,5.47917E+21,1.10804E+16,4.94464E+16
171873,9.17041E+18,9,4,75,162,2017,4,19,4,2,8,1,1,0,0,0,0,1,0,7.16038E+20,5.56889E+21,1.20294E+16,5.02327E+16
171874,9.17041E+18,9,4,77,128,2017,4,14,4,3,5,3,1,1,0,0,0,0,0,6.77351E+20,5.55433E+21,1.14807E+16,5.01147E+16
171875,9.17041E+18,9,3,62,0,2017,4,14,4,3,5,3,1,1,0,0,0,0,0,7.3241E+20,5.43026E+21,1.21765E+16,4.89814E+16
171876,9.17041E+18,9,3,62,0,2017,4,6,4,3,5,3,1,1,0,0,0,0,1,7.30909E+20,5.43108E+21,1.21565E+16,4.89894E+16
171877,9.17041E+18,9,3,71,120,2017,4,18,4,3,5,3,0,1,0,1,0,0,0,7.11856E+20,5.4723E+21,1.19182E+16,4.93666E+16