OBJECTID,UIDENTSTLA,ULAND,UREGBEZ,UKREIS,UGEMEINDE,UJAHR,UMONAT,USTUNDE,UWOCHENTAG,UKATEGORIE,UART,UTYP1,IstRad,IstPKW,IstFuss,IstKrad,IstSonstig,LICHT,STRZUSTAND,LINREFX,LINREFY,XGCSWGS84,YGCSWGS84
171878,9.17041E+18,9,2,76,118,2017,4,12,4,3,5,3,0,1,0,0,0,0,0,7.94723E+20,5.44122E+21,1.30342E+16,4.90532E+16
171879,9.17041E+18,9,2,63,0,2017,4,6,4,3,0,1,1,1,0,0,0,0,0,7.6162E+20,5.42063E+21,1.25688E+16,4.88834E+16
171880,9.17041E+18,9,2,71,119,2017,4,16,4,3,5,6,0,1,0,1,0,0,0,7.90487E+20,5.4177E+21,1.29596E+16,4.88442E+16
171881,9.17041E+18,9,2,71,116,2017,4,15,4,3,8,1,0,0,0,1,0,0,0,7.86742E+20,5.42459E+21,1.29135E+16,4.89077E+16
171882,9.17041E+18,9,2,61,0,2017,4,16,4,3,0,7,0,1,0,0,0,0,0,7.33704E+20,5.381E+21,1.21662E+16,4.85385E+16
171883,9.17041E+18,9,2,61,0,2017,4,19,4,3,0,1,1,0,0,0,0,0,0,7.32735E+20,5.38148E+21,1.21534E+16,4.85432E+16
171884,9.17041E+18,9,2,61,0,2017,4,18,4,3,5,3,0,1,0,0,0,0,0,7.33397E+20,5.38259E+21,1.2163E+16,4.85529E+16
171885,9.17041E+18,9,1,89,154,2017,4,6,4,3,0,3,1,0,0,0,0,1,0,7.68471E+20,5.31826E+21,1.25966E+16,4.79613E+16
171886,9.17041E+18,9,1,89,118,2017,4,13,4,2,0,1,1,0,0,0,0,0,0,7.84875E+20,5.3235E+21,1.28193E+16,4.80012E+16
171887,9.17041E+18,9,1,72,115,2017,4,12,4,3,0,6,0,1,0,0,1,0,0,7.91715E+20,5.29277E+21,1.28901E+16,4.77223E+16
171888,9.17041E+18,9,1,63,0,2017,4,18,4,3,0,1,1,0,0,0,0,0,0,7.33254E+20,5.30422E+21,1.2118E+16,4.7849E+16
171889,9.17041E+18,9,1,87,162,2017,4,14,4,3,1,7,1,1,0,0,0,0,0,7.51006E+20,5.30647E+21,1.23562E+16,4.78625E+16
171890,9.17041E+18,9,1,82,136,2017,4,17,4,3,0,7,1,0,0,0,0,0,0,7.03505E+20,5.30101E+21,1.17193E+16,4.78302E+16
171891,9.17041E+18,9,1,82,136,2017,4,6,4,3,5,3,0,1,0,0,0,0,0,7.04651E+20,5.30222E+21,1.17352E+16,4.78407E+16
171892,9.17041E+18,9,1,79,142,2017,4,15,4,2,0,2,1,0,0,0,1,0,0,6.73933E+20,5.34231E+21,1.13413E+16,4.82102E+16
171893,9.17041E+18,9,1,74,111,2017,4,19,4,3,6,6,0,0,1,1,0,0,0,6.66917E+20,5.36163E+21,1.12546E+16,4.83858E+16
171894,9.17041E+18,9,1,78,143,2017,4,12,4,3,5,3,0,1,0,0,0,0,0,7.16913E+20,5.3723E+21,1.19346E+16,4.84664E+16
171895,9.17041E+18,9,1,78,124,2017,4,17,4,2,0,1,1,0,0,0,0,0,0,7.0391E+20,5.36441E+21,1.1755E+16,4.83998E+16
171896,9.17041E+18,9,1,77,117,2017,4,9,4,2,2,5,0,0,0,1,1,0,0,7.15391E+20,5.35518E+21,1.19052E+16,4.83131E+16
171897,9.17041E+18,9,1,62,0,2017,4,13,3,3,0,6,0,1,0,0,1,0,0,6.90649E+20,5.34027E+21,1.15652E+16,4.81871E+16
171898,9.17041E+18,9,1,62,0,2017,4,17,3,3,3,6,0,1,0,1,0,0,0,6.89698E+20,5.33457E+21,1.15498E+16,4.8136E+16
171899,9.17041E+18,9,1,84,119,2017,4,18,3,3,5,3,1,1,0,0,0,0,0,6.95771E+20,5.34749E+21,1.16373E+16,4.82503E+16
171900,9.17041E+18,9,1,62,0,2017,4,17,3,3,0,6,1,1,0,0,0,0,0,6.88302E+20,5.33683E+21,1.15321E+16,4.81568E+16
171901,9.17041E+18,9,1,62,0,2017,4,16,3,3,5,3,0,1,0,1,0,0,0,6.97504E+20,5.33359E+21,1.16542E+16,4.81249E+16
171902,9.17041E+18,9,1,62,0,2017,4,12,3,3,5,2,0,1,0,1,0,0,0,6.93867E+20,5.33397E+21,1.16055E+16,4.81294E+16
171903,9.17041E+18,9,1,62,0,2017,4,12,3,3,5,2,0,1,0,1,0,0,0,6.8921E+20,5.333E+21,1.15426E+16,4.81222E+16
171904,9.17041E+18,9,1,62,0,2017,4,17,3,3,1,5,1,1,0,0,0,0,0,6.91506E+20,5.33399E+21,1.15738E+16,4.81303E+16
171905,9.17041E+18,9,7,75,135,2017,4,16,3,3,5,3,1,1,0,0,0,0,0,5.7615E+20,5.36101E+21,1.00288E+16,4.83976E+16
171906,9.17041E+18,9,7,61,0,2017,4,11,3,3,3,7,0,0,0,0,1,0,0,6.42696E+20,5.35987E+21,1.0927E+16,4.83758E+16
171907,9.17041E+18,9,6,72,114,2017,4,23,3,3,8,1,0,1,0,0,0,2,0,5.77759E+20,5.5619E+21,1.00896E+16,5.02042E+16
171908,9.17041E+18,9,6,76,122,2017,4,18,3,3,4,2,0,1,0,1,0,0,0,5.11471E+20,5.51696E+21,9.15942E+15,4.9805E+16
171909,9.17041E+18,9,6,71,155,2017,4,6,3,3,5,3,1,0,0,0,1,0,0,5.04876E+20,5.53514E+21,9.068E+15,4.99686E+16
171910,9.17041E+18,9,6,71,143,2017,4,11,3,2,0,7,0,1,0,0,0,0,0,5.14747E+20,5.54549E+21,9.20603E+15,5.00615E+16
171911,9.17041E+18,9,5,62,0,2017,4,10,3,3,2,6,0,1,0,0,0,0,0,6.46088E+20,5.4948E+21,1.10213E+16,4.95881E+16
171912,9.17041E+18,9,5,62,0,2017,4,16,3,3,0,2,1,1,0,0,0,0,0,6.45789E+20,5.49513E+21,1.10173E+16,4.95912E+16
171913,9.17041E+18,9,5,65,0,2017,4,10,3,3,0,7,1,0,0,0,0,0,0,6.47461E+20,5.46677E+21,1.10298E+16,4.93358E+16
171914,9.17041E+18,9,5,63,0,2017,4,15,3,3,5,7,1,1,0,0,0,0,0,6.44899E+20,5.48284E+21,1.10004E+16,4.94809E+16
171915,9.17041E+18,9,5,64,0,2017,4,17,3,3,2,7,0,1,0,0,1,0,0,6.48267E+20,5.47879E+21,1.10454E+16,4.94437E+16
171916,9.17041E+18,9,5,64,0,2017,4,17,3,3,1,7,0,1,0,1,0,0,0,6.51081E+20,5.4784E+21,1.1084E+16,4.94395E+16
171917,9.17041E+18,9,5,64,0,2017,4,14,3,3,5,3,1,1,0,0,0,0,0,6.48747E+20,5.48084E+21,1.10528E+16,4.9462E+16
171918,9.17041E+18,9,5,64,0,2017,4,8,3,3,3,2,1,1,0,0,0,0,0,6.52984E+20,5.47982E+21,1.11108E+16,4.94518E+16
171919,9.17041E+18,9,5,64,0,2017,4,14,3,3,0,3,1,1,0,0,0,0,0,6.49952E+20,5.48129E+21,1.10696E+16,4.94658E+16
171920,9.17041E+18,9,5,71,136,2017,4,16,3,3,5,3,0,1,0,0,0,0,0,5.96982E+20,5.43516E+21,1.03276E+16,4.90616E+16
171921,9.17041E+18,9,4,79,136,2017,4,12,3,3,5,3,0,1,0,1,0,0,0,7.22027E+20,5.54528E+21,1.20995E+16,5.00184E+16
171922,9.17041E+18,9,4,77,143,2017,4,9,3,2,5,3,0,1,0,0,0,0,0,6.84268E+20,5.55206E+21,1.15762E+16,5.00922E+16
171923,9.17041E+18,9,4,74,126,2017,4,22,3,3,0,1,0,0,0,1,0,2,0,6.48583E+20,5.50891E+21,1.10611E+16,4.97143E+16
171924,9.17041E+18,9,3,77,158,2017,4,12,3,3,4,2,0,1,0,0,0,0,0,7.36506E+20,5.54405E+21,1.23005E+16,5.00018E+16
171925,9.17041E+18,9,3,74,159,2017,4,15,3,3,8,1,1,0,0,0,0,0,0,7.40708E+20,5.49204E+21,1.23269E+16,4.95331E+16
171926,9.17041E+18,9,3,75,204,2017,4,8,3,3,0,1,1,0,0,0,0,0,0,7.31602E+20,5.43476E+21,1.21681E+16,4.90222E+16
171927,9.17041E+18,9,3,75,180,2017,4,17,3,3,0,7,0,0,0,0,1,0,0,7.24196E+20,5.43094E+21,1.20648E+16,4.89906E+16
171928,9.17041E+18,9,3,75,148,2017,4,9,3,2,5,3,0,1,0,0,0,0,0,7.0463E+20,5.43585E+21,1.18002E+16,4.90415E+16
171929,9.17041E+18,9,3,62,0,2017,4,0,3,2,1,7,1,1,0,0,0,2,0,7.26152E+20,5.43443E+21,1.20935E+16,4.90213E+16
171930,9.17041E+18,9,1,71,127,2017,4,12,3,3,5,3,0,1,0,0,0,0,0,7.66622E+20,5.35659E+21,1.25958E+16,4.83062E+16
171931,9.17041E+18,9,1,63,0,2017,4,17,3,3,4,2,1,1,0,0,0,0,0,7.32673E+20,5.30495E+21,1.21106E+16,4.78557E+16
171932,9.17041E+18,9,1,63,0,2017,4,17,3,3,5,2,1,1,0,0,0,0,1,7.32931E+20,5.30299E+21,1.2113E+16,4.7838E+16
171933,9.17041E+18,9,1,76,138,2017,4,20,3,3,0,1,1,0,0,0,0,2,0,6.75781E+20,5.42495E+21,1.14011E+16,4.89524E+16
171934,9.17041E+18,9,1,75,132,2017,4,16,3,3,1,5,1,1,0,0,0,0,0,7.05931E+20,5.33169E+21,1.17664E+16,4.81052E+16
171935,9.17041E+18,9,1,78,124,2017,4,9,3,3,5,3,0,1,0,0,0,0,0,7.02769E+20,5.36369E+21,1.17393E+16,4.83937E+16
171936,9.17041E+18,9,1,62,0,2017,4,8,2,2,6,7,0,1,1,0,0,0,0,6.89463E+20,5.33664E+21,1.15476E+16,4.81548E+16
171937,9.17041E+18,9,1,62,0,2017,4,10,2,3,5,3,1,1,0,0,0,0,0,6.90533E+20,5.33965E+21,1.15633E+16,4.81815E+16
171938,9.17041E+18,9,1,62,0,2017,4,18,2,3,0,7,1,1,0,0,0,0,0,6.98612E+20,5.33147E+21,1.16681E+16,4.81055E+16
171939,9.17041E+18,9,1,84,112,2017,4,16,2,3,0,7,1,0,0,0,0,0,0,7.03629E+20,5.33748E+21,1.17383E+16,4.81579E+16
171940,9.17041E+18,9,1,62,0,2017,4,16,2,3,4,2,0,1,0,1,0,0,0,6.8829E+20,5.33048E+21,1.15291E+16,4.80998E+16
171941,9.17041E+18,9,1,84,139,2017,4,16,2,2,0,6,0,1,0,1,0,0,0,6.88847E+20,5.3277E+21,1.15354E+16,4.80746E+16
171942,9.17041E+18,9,1,62,0,2017,4,9,2,3,5,7,0,0,0,1,1,0,0,6.90841E+20,5.33501E+21,1.15654E+16,4.81397E+16
171943,9.17041E+18,9,1,62,0,2017,4,10,2,3,4,2,0,1,0,0,0,0,0,6.90076E+20,5.33588E+21,1.15555E+16,4.81478E+16
171944,9.17041E+18,9,1,62,0,2017,4,11,2,3,3,6,0,1,0,0,1,0,0,6.86212E+20,5.33501E+21,1.15032E+16,4.81411E+16
171945,9.17041E+18,9,1,62,0,2017,4,9,2,3,6,4,1,0,1,0,0,0,0,6.85953E+20,5.33434E+21,1.14994E+16,4.81351E+16
171946,9.17041E+18,9,1,62,0,2017,4,15,2,3,5,2,1,1,0,0,0,0,0,6.9087E+20,5.33915E+21,1.15676E+16,4.81769E+16
171947,9.17041E+18,9,1,62,0,2017,4,17,2,3,6,4,0,1,1,0,0,0,0,6.92241E+20,5.3319E+21,1.15828E+16,4.81113E+16
171948,9.17041E+18,9,1,62,0,2017,4,18,2,3,1,5,1,1,0,0,0,0,0,6.91948E+20,5.33304E+21,1.15793E+16,4.81217E+16
171949,9.17041E+18,9,1,62,0,2017,4,18,2,3,5,2,1,1,0,0,0,0,0,6.89658E+20,5.3325E+21,1.15484E+16,4.81175E+16
171950,9.17041E+18,9,7,75,135,2017,4,11,2,3,0,7,1,0,0,0,0,0,0,5.75311E+20,5.35761E+21,1.00168E+16,4.83672E+16
171951,9.17041E+18,9,7,78,123,2017,4,10,2,3,0,7,0,1,0,0,1,0,1,5.84379E+20,5.31707E+21,1.01312E+16,4.80014E+16
171952,9.17041E+18,9,7,64,0,2017,4,16,2,3,2,6,0,1,0,0,0,0,0,5.87742E+20,5.31624E+21,1.01761E+16,4.79934E+16
171953,9.17041E+18,9,7,78,116,2017,4,17,2,3,5,3,0,1,0,0,0,0,0,6.19815E+20,5.31754E+21,1.06062E+16,4.79999E+16
171954,9.17041E+18,9,7,77,112,2017,4,12,2,3,0,1,0,0,0,1,0,0,1,6.25141E+20,5.29812E+21,1.06719E+16,4.78242E+16
171955,9.17041E+18,9,7,76,131,2017,4,18,2,2,8,7,0,1,0,0,0,0,0,5.66628E+20,5.27803E+21,9.88725E+15,4.76522E+16
171956,9.17041E+18,9,7,73,136,2017,4,6,2,3,5,3,1,1,0,0,0,0,0,6.00714E+20,5.37887E+21,1.03648E+16,4.85549E+16
171957,9.17041E+18,9,7,72,223,2017,4,19,2,3,5,3,1,1,0,0,0,0,0,6.17147E+20,5.35919E+21,1.0582E+16,4.8375E+16
171958,9.17041E+18,9,7,72,163,2017,4,17,2,3,5,3,1,1,0,0,0,0,0,6.40769E+20,5.35052E+21,1.08979E+16,4.82922E+16
171959,9.17041E+18,9,7,61,0,2017,4,14,2,2,6,4,0,1,1,0,0,0,0,6.3871E+20,5.3604E+21,1.08734E+16,4.83815E+16
171960,9.17041E+18,9,7,61,0,2017,4,17,2,3,1,4,1,1,1,0,0,0,0,6.40972E+20,5.36081E+21,1.09041E+16,4.83847E+16
171961,9.17041E+18,9,7,61,0,2017,4,11,2,2,0,1,0,0,0,1,0,0,0,6.41519E+20,5.35821E+21,1.09106E+16,4.83612E+16
171962,9.17041E+18,9,7,61,0,2017,4,18,2,3,1,5,0,1,0,1,0,0,0,6.41287E+20,5.35922E+21,1.09078E+16,4.83703E+16
171963,9.17041E+18,9,6,63,0,2017,4,16,2,2,0,7,0,1,0,1,0,0,0,5.71646E+20,5.51664E+21,9.99555E+15,4.9798E+16
171964,9.17041E+18,9,6,63,0,2017,4,15,2,3,1,2,1,1,0,0,0,0,0,5.71645E+20,5.51664E+21,9.99554E+15,4.9798E+16
171965,9.17041E+18,9,6,62,0,2017,4,10,2,3,0,7,0,1,0,0,0,0,0,5.89096E+20,5.54417E+21,1.02443E+16,5.00431E+16
171966,9.17041E+18,9,5,62,0,2017,4,16,2,3,1,5,1,1,0,0,0,0,0,6.44617E+20,5.49298E+21,1.10003E+16,4.95721E+16
171967,9.17041E+18,9,5,74,146,2017,4,17,2,3,4,1,0,1,0,0,0,0,0,6.69346E+20,5.48696E+21,1.13394E+16,4.95116E+16
171968,9.17041E+18,9,5,74,138,2017,4,16,2,3,2,6,0,1,0,0,0,0,0,6.65391E+20,5.4861E+21,1.12845E+16,4.95049E+16
171969,9.17041E+18,9,5,64,0,2017,4,18,2,3,6,4,1,0,1,0,0,0,0,6.48549E+20,5.47984E+21,1.10497E+16,4.9453E+16
171970,9.17041E+18,9,5,64,0,2017,4,17,2,3,6,1,0,1,1,0,0,0,0,6.46416E+20,5.47885E+21,1.10199E+16,4.94446E+16
171971,9.17041E+18,9,5,64,0,2017,4,23,2,3,2,7,0,1,0,0,0,2,0,6.5003E+20,5.47789E+21,1.10694E+16,4.94352E+16
171972,9.17041E+18,9,5,71,171,2017,4,15,2,3,2,2,0,1,0,1,0,0,0,6.09744E+20,5.46651E+21,1.05108E+16,4.93414E+16
171973,9.17041E+18,9,5,61,0,2017,4,17,2,3,5,3,0,1,0,0,0,0,0,6.1455E+20,5.46217E+21,1.05757E+16,4.93016E+16
171974,9.17041E+18,9,5,77,136,2017,4,18,2,3,5,3,0,1,0,1,0,0,0,6.28272E+20,5.44146E+21,1.07577E+16,4.91126E+16
171975,9.17041E+18,9,5,75,153,2017,4,7,2,3,1,5,0,1,0,0,0,0,0,6.16247E+20,5.49213E+21,1.06078E+16,4.95706E+16
171976,9.17041E+18,9,5,75,153,2017,4,14,2,3,1,3,1,1,0,0,0,0,0,6.16534E+20,5.49203E+21,1.06117E+16,4.95696E+16
171977,9.17041E+18,9,5,71,136,2017,4,10,2,2,2,6,0,1,0,0,0,0,0,5.96545E+20,5.43586E+21,1.03218E+16,4.9068E+16
171978,9.17041E+18,9,4,78,116,2017,4,16,2,2,3,6,0,1,0,1,0,0,0,6.60517E+20,5.55658E+21,1.12464E+16,5.01397E+16
171979,9.17041E+18,9,4,72,175,2017,4,17,2,3,5,3,0,1,0,0,0,0,0,6.83034E+20,5.51419E+21,1.15411E+16,4.97523E+16
171980,9.17041E+18,9,4,71,119,2017,4,15,2,2,4,2,0,1,0,1,0,0,0,6.38077E+20,5.53674E+21,1.09254E+16,4.9967E+16
171981,9.17041E+18,9,3,63,0,2017,4,20,2,3,0,7,1,0,0,0,0,2,1,7.2816E+20,5.50779E+21,1.21629E+16,4.96794E+16
171982,9.17041E+18,9,3,62,0,2017,4,11,2,2,0,1,1,0,0,0,0,0,0,7.22857E+20,5.43335E+21,1.20479E+16,4.90128E+16
171983,9.17041E+18,9,3,62,0,2017,4,7,2,3,5,2,1,1,0,0,0,0,0,7.29192E+20,5.43644E+21,1.21361E+16,4.90382E+16
171984,9.17041E+18,9,3,73,147,2017,4,16,2,3,5,3,1,1,0,0,0,0,0,6.79129E+20,5.46036E+21,1.14625E+16,4.92698E+16
171985,9.17041E+18,9,3,61,0,2017,4,8,2,3,1,6,0,1,0,0,0,0,0,7.07839E+20,5.48088E+21,1.18674E+16,4.9445E+16
171986,9.17041E+18,9,2,77,149,2017,4,1,2,3,0,7,1,0,0,0,0,2,0,7.97257E+20,5.37162E+21,1.30186E+16,4.84275E+16
171987,9.17041E+18,9,2,62,0,2017,4,18,2,3,6,4,0,0,1,1,0,0,0,8.28981E+20,5.38989E+21,1.34606E+16,4.85756E+16
171988,9.17041E+18,9,2,73,137,2017,4,13,2,3,0,1,1,0,0,0,0,0,0,7.11245E+20,5.42189E+21,1.18833E+16,4.89138E+16
171989,9.17041E+18,9,1,73,126,2017,4,12,2,2,5,3,1,1,0,0,0,0,0,6.85462E+20,5.3029E+21,1.14793E+16,4.78527E+16
171990,9.17041E+18,9,1,73,133,2017,4,12,2,3,5,3,1,1,0,0,0,0,0,6.77604E+20,5.28066E+21,1.13652E+16,4.76549E+16
171991,9.17041E+18,9,1,89,155,2017,4,11,2,2,0,7,1,0,0,0,0,0,0,7.72305E+20,5.30786E+21,1.26413E+16,4.78663E+16
171992,9.17041E+18,9,1,83,128,2017,4,23,2,3,1,7,1,1,0,0,0,2,0,7.61462E+20,5.35086E+21,1.25228E+16,4.82569E+16
171993,9.17041E+18,9,1,72,134,2017,4,18,2,3,2,6,0,1,0,0,0,0,0,7.85424E+20,5.30665E+21,1.28155E+16,4.78497E+16
171994,9.17041E+18,9,1,71,112,2017,4,12,2,3,5,3,1,1,0,0,0,0,0,7.84536E+20,5.34228E+21,1.28273E+16,4.817E+16
171995,9.17041E+18,9,1,71,111,2017,4,17,2,3,8,2,0,1,0,0,0,0,0,7.72703E+20,5.34817E+21,1.26722E+16,4.82281E+16
171996,9.17041E+18,9,1,71,125,2017,4,18,2,3,5,3,0,1,0,0,0,0,0,7.73079E+20,5.34955E+21,1.26782E+16,4.82403E+16
171997,9.17041E+18,9,1,63,0,2017,4,16,2,2,3,6,0,1,0,1,0,0,0,7.33208E+20,5.30458E+21,1.21176E+16,4.78522E+16
171998,9.17041E+18,9,1,63,0,2017,4,23,2,3,0,1,1,0,0,0,0,2,0,7.3383E+20,5.30474E+21,1.21259E+16,4.78534E+16
171999,9.17041E+18,9,1,61,0,2017,4,4,2,2,0,1,0,0,0,1,0,2,0,6.7806E+20,5.40599E+21,1.14239E+16,4.87814E+16
172000,9.17041E+18,9,1,86,122,2017,4,15,2,3,5,3,0,0,0,1,1,0,0,6.9334E+20,5.40174E+21,1.16297E+16,4.87386E+16
172001,9.17041E+18,9,1,79,142,2017,4,11,2,3,1,1,0,1,0,1,0,0,0,6.72992E+20,5.34132E+21,1.13282E+16,4.82015E+16
172002,9.17041E+18,9,1,81,128,2017,4,18,2,3,0,7,1,0,0,0,0,0,1,6.38065E+20,5.32865E+21,1.08543E+16,4.80961E+16
172003,9.17041E+18,9,1,88,124,2017,4,11,2,3,6,6,0,1,1,0,0,0,0,6.62285E+20,5.31815E+21,1.11754E+16,4.7996E+16
172004,9.17041E+18,9,1,88,121,2017,4,16,2,2,0,7,1,0,0,0,0,0,0,6.71312E+20,5.33083E+21,1.13014E+16,4.81076E+16
172005,9.17041E+18,9,1,78,124,2017,4,11,2,3,5,3,1,0,0,0,1,0,0,7.04027E+20,5.36393E+21,1.17564E+16,4.83955E+16
172006,9.17041E+18,9,1,77,117,2017,4,11,2,3,0,7,0,1,0,0,1,0,0,7.15344E+20,5.35508E+21,1.19045E+16,4.83122E+16
172007,9.17041E+18,9,1,62,0,2017,4,4,1,3,5,3,0,1,0,0,0,1,0,6.90951E+20,5.33509E+21,1.15669E+16,4.81404E+16
172008,9.17041E+18,9,1,62,0,2017,4,10,1,3,0,1,1,0,0,0,0,0,0,6.91397E+20,5.33403E+21,1.15724E+16,4.81307E+16
172009,9.17041E+18,9,1,62,0,2017,4,19,1,3,4,7,1,1,0,0,0,1,0,6.92531E+20,5.33326E+21,1.15873E+16,4.81235E+16
172010,9.17041E+18,9,6,72,114,2017,4,14,1,2,3,7,1,0,0,0,0,0,0,5.75825E+20,5.56439E+21,1.0063E+16,5.02268E+16
172011,9.17041E+18,9,1,62,0,2017,4,12,1,2,4,3,1,1,0,0,0,0,0,6.93807E+20,5.33511E+21,1.16052E+16,4.81397E+16
172012,9.17041E+18,9,1,62,0,2017,4,17,1,3,3,5,1,1,0,0,0,0,0,6.9064E+20,5.33604E+21,1.15631E+16,4.8149E+16
172013,9.17041E+18,9,5,62,0,2017,4,12,1,3,5,3,1,1,0,0,0,0,0,6.44421E+20,5.49238E+21,1.09973E+16,4.95668E+16
172014,9.17041E+18,9,7,63,0,2017,4,10,1,3,7,7,1,0,1,0,0,0,0,5.98898E+20,5.28702E+21,1.03189E+16,4.7729E+16
172015,9.17041E+18,9,1,84,129,2017,4,13,1,3,0,7,1,0,0,0,0,0,0,6.99652E+20,5.32629E+21,1.16796E+16,4.80586E+16
172016,9.17041E+18,9,6,72,139,2017,4,16,1,3,2,6,0,1,0,1,0,0,0,5.65541E+20,5.55865E+21,9.91789E+15,5.01764E+16
172017,9.17042E+18,9,4,63,0,2017,4,17,7,2,0,1,1,0,0,0,0,0,0,6.38851E+20,5.57083E+21,1.09486E+16,5.02733E+16
172018,9.17042E+18,9,3,62,0,2017,4,16,7,3,0,6,1,1,0,0,0,0,1,7.24135E+20,5.43386E+21,1.20656E+16,4.90168E+16
172019,9.17042E+18,9,3,73,156,2017,4,13,7,3,9,6,0,1,0,0,0,0,1,6.64612E+20,5.46559E+21,1.12652E+16,4.93209E+16
172020,9.17042E+18,9,3,76,170,2017,4,16,7,3,5,3,0,1,0,0,0,0,1,7.26728E+20,5.45939E+21,1.21154E+16,4.92453E+16
172021,9.17042E+18,9,1,90,140,2017,4,12,7,2,0,7,0,0,0,0,1,0,0,6.45703E+20,5.29506E+21,1.09455E+16,4.77924E+16
172022,9.17042E+18,9,1,61,0,2017,4,0,7,3,0,1,1,0,0,0,0,2,0,6.78998E+20,5.404E+21,1.14358E+16,4.87633E+16
172023,9.17042E+18,9,1,61,0,2017,4,18,7,3,6,4,0,1,1,0,0,0,0,6.78781E+20,5.40183E+21,1.14319E+16,4.87438E+16
172024,9.17042E+18,9,1,86,147,2017,4,14,7,2,5,3,1,1,0,0,0,0,0,6.80843E+20,5.39224E+21,1.14557E+16,4.8657E+16
172025,9.17042E+18,9,1,88,137,2017,4,11,7,3,5,2,0,1,0,0,1,0,0,6.71903E+20,5.31556E+21,1.13032E+16,4.79702E+16
172026,9.17042E+18,9,1,78,140,2017,4,11,7,3,0,1,0,1,0,0,0,0,0,7.06721E+20,5.3656E+21,1.17935E+16,4.84096E+16
172027,9.17042E+18,9,1,62,0,2017,4,7,6,3,5,3,0,0,0,1,1,0,0,6.88646E+20,5.33357E+21,1.15353E+16,4.81274E+16
172028,9.17042E+18,9,1,62,0,2017,4,15,6,2,5,3,1,0,0,1,0,0,0,6.91861E+20,5.33584E+21,1.15794E+16,4.81468E+16
172029,9.17042E+18,9,1,84,148,2017,4,14,6,3,5,3,1,1,0,0,0,0,0,6.9467E+20,5.32728E+21,1.16133E+16,4.80691E+16
172030,9.17042E+18,9,1,62,0,2017,4,18,6,3,0,7,0,1,1,0,0,0,0,6.93004E+20,5.33386E+21,1.15939E+16,4.81287E+16
172031,9.17042E+18,9,1,62,0,2017,4,16,6,3,5,2,1,1,0,0,0,0,0,6.8931E+20,5.333E+21,1.15439E+16,4.81221E+16
172032,9.17042E+18,9,7,64,0,2017,4,14,6,3,5,3,1,1,0,0,0,0,0,5.88111E+20,5.31579E+21,1.01809E+16,4.79893E+16
172033,9.17042E+18,9,7,80,139,2017,4,15,6,3,5,3,0,1,0,1,0,0,0,5.95531E+20,5.26421E+21,1.0269E+16,4.75243E+16
172034,9.17042E+18,9,7,80,139,2017,4,11,6,3,1,6,0,1,0,0,0,0,0,5.9704E+20,5.26292E+21,1.02888E+16,4.75125E+16
172035,9.17042E+18,9,7,62,0,2017,4,9,6,3,1,3,0,1,0,0,0,0,0,6.21539E+20,5.30483E+21,1.06257E+16,4.78853E+16
172036,9.17042E+18,9,7,72,149,2017,4,9,6,3,6,7,0,1,1,0,0,0,0,6.35957E+20,5.33845E+21,1.08292E+16,4.81847E+16
172037,9.17042E+18,9,5,64,0,2017,4,12,7,3,5,3,0,1,0,1,0,0,1,6.52369E+20,5.48082E+21,1.11027E+16,4.94609E+16
172038,9.17042E+18,9,7,61,0,2017,4,11,6,3,9,7,0,1,0,0,0,0,0,6.37855E+20,5.35807E+21,1.08611E+16,4.83608E+16
172039,9.17042E+18,9,7,61,0,2017,4,10,6,3,0,1,1,0,0,0,0,0,1,6.35458E+20,5.35361E+21,1.08273E+16,4.83212E+16
172040,9.17042E+18,9,7,61,0,2017,4,18,6,3,2,2,1,1,0,0,0,0,0,6.40786E+20,5.35924E+21,1.0901E+16,4.83706E+16
172041,9.17042E+18,9,7,61,0,2017,4,12,6,3,2,2,0,1,0,0,0,0,0,6.4042E+20,5.35835E+21,1.08958E+16,4.83627E+16
172042,9.17042E+18,9,7,61,0,2017,4,16,6,3,4,2,1,1,0,0,0,0,0,6.40312E+20,5.35915E+21,1.08946E+16,4.83699E+16
172043,9.17042E+18,9,7,71,144,2017,4,18,6,3,4,6,0,1,0,0,1,0,0,6.61932E+20,5.3761E+21,1.11929E+16,4.85171E+16
172044,9.17042E+18,9,6,63,0,2017,4,11,6,3,0,7,1,0,0,0,0,0,0,5.68818E+20,5.51658E+21,9.95625E+15,4.97978E+16
172045,9.17042E+18,9,6,77,155,2017,4,8,6,3,5,3,1,1,0,0,0,0,0,5.4027E+20,5.5379E+21,9.56182E+15,4.99921E+16
172046,9.17042E+18,9,6,61,0,2017,4,11,6,3,6,4,0,1,1,0,0,0,0,5.11231E+20,5.5361E+21,9.15663E+15,4.99772E+16
172047,9.17042E+18,9,5,72,159,2017,4,12,6,3,5,3,0,1,0,1,0,0,0,6.17354E+20,5.50511E+21,1.0627E+16,4.96871E+16
172048,9.17042E+18,9,5,72,132,2017,4,20,6,3,5,2,0,1,0,0,0,2,0,6.37012E+20,5.49202E+21,1.08948E+16,4.95652E+16
172049,9.17042E+18,9,5,62,0,2017,4,11,6,3,5,3,0,1,0,0,0,0,0,6.46872E+20,5.49311E+21,1.10315E+16,4.95728E+16