OBJECTID,UIDENTSTLA,ULAND,UREGBEZ,UKREIS,UGEMEINDE,UJAHR,UMONAT,USTUNDE,UWOCHENTAG,UKATEGORIE,UART,UTYP1,IstRad,IstPKW,IstFuss,IstKrad,IstSonstig,LICHT,STRZUSTAND,LINREFX,LINREFY,XGCSWGS84,YGCSWGS84
172050,9.17042E+18,9,5,64,0,2017,4,19,6,3,5,2,0,1,0,0,0,0,0,6.4867E+20,5.47254E+21,1.10486E+16,4.93874E+16
172051,9.17042E+18,9,5,64,0,2017,4,22,6,3,5,7,0,1,0,0,0,2,0,6.50131E+20,5.4771E+21,1.10705E+16,4.9428E+16
172052,9.17042E+18,9,5,64,0,2017,4,12,6,3,0,1,0,0,0,0,1,0,0,6.57757E+20,5.47516E+21,1.11748E+16,4.94087E+16
172053,9.17042E+18,9,4,72,175,2017,4,17,6,3,4,3,0,1,0,1,0,0,0,6.83627E+20,5.5148E+21,1.15496E+16,4.97576E+16
172054,9.17042E+18,9,4,72,179,2017,4,11,6,3,5,3,1,1,0,0,0,0,0,6.73969E+20,5.51217E+21,1.14144E+16,4.97368E+16
172055,9.17042E+18,9,4,62,0,2017,4,10,6,3,0,1,0,0,0,1,0,0,0,6.84965E+20,5.53663E+21,1.15785E+16,4.99533E+16
172056,9.17042E+18,9,2,63,0,2017,4,14,6,3,6,7,0,1,1,0,0,0,0,7.61571E+20,5.42044E+21,1.2568E+16,4.88816E+16
172057,9.17042E+18,9,2,71,146,2017,4,8,6,2,5,3,0,0,0,0,1,0,0,7.84119E+20,5.40978E+21,1.28675E+16,4.8776E+16
172058,9.17042E+18,9,2,78,154,2017,4,10,6,1,0,7,0,0,0,0,1,0,0,7.74617E+20,5.43141E+21,1.2753E+16,4.89745E+16
172059,9.17042E+18,9,2,75,143,2017,4,13,6,3,5,3,0,1,0,0,1,0,0,8.1184E+20,5.36985E+21,1.32139E+16,4.84045E+16
172060,9.17042E+18,9,2,73,147,2017,4,18,6,2,4,2,1,1,0,0,0,0,0,7.04438E+20,5.39112E+21,1.17752E+16,4.86397E+16
172061,9.17042E+18,9,2,79,122,2017,4,17,6,3,0,7,1,1,0,0,0,0,0,7.71844E+20,5.39754E+21,1.26928E+16,4.86717E+16
172062,9.17042E+18,9,2,79,125,2017,4,5,6,3,8,1,0,1,0,0,0,0,0,7.66811E+20,5.396E+21,1.26235E+16,4.866E+16
172063,9.17042E+18,9,1,90,157,2017,4,11,6,3,6,4,0,1,1,0,0,0,0,6.59987E+20,5.30078E+21,1.11382E+16,4.78405E+16
172064,9.17042E+18,9,1,83,148,2017,4,10,6,3,0,7,1,0,0,0,0,0,0,7.52609E+20,5.34506E+21,1.24003E+16,4.82085E+16
172065,9.17042E+18,9,1,63,0,2017,4,13,6,3,0,5,0,1,0,0,1,0,0,7.32635E+20,5.30451E+21,1.21099E+16,4.78518E+16
172066,9.17042E+18,9,1,63,0,2017,4,7,6,3,5,7,1,1,0,0,0,0,0,7.32681E+20,5.30412E+21,1.21103E+16,4.78483E+16
172067,9.17042E+18,9,1,87,117,2017,4,16,6,3,2,6,0,1,0,0,0,0,0,7.25403E+20,5.30514E+21,1.20137E+16,4.786E+16
172068,9.17042E+18,9,1,86,132,2017,4,13,6,2,8,1,1,0,0,0,0,0,0,6.79145E+20,5.36715E+21,1.14219E+16,4.8432E+16
172069,9.17042E+18,9,1,88,132,2017,4,10,6,3,8,7,0,1,0,0,0,0,0,6.63074E+20,5.32258E+21,1.11877E+16,4.80357E+16
172070,9.17042E+18,9,1,88,132,2017,4,9,6,3,0,7,1,0,0,0,0,0,0,6.63597E+20,5.32285E+21,1.11948E+16,4.80379E+16
172071,9.17042E+18,9,1,74,115,2017,4,8,6,2,4,1,0,0,0,0,1,0,0,6.81379E+20,5.34783E+21,1.14438E+16,4.82577E+16
172072,9.17042E+18,9,1,77,133,2017,4,17,6,3,5,3,0,1,0,0,0,0,0,7.06243E+20,5.35987E+21,1.17843E+16,4.83583E+16
172073,9.17042E+18,9,1,62,0,2017,4,14,5,3,3,3,1,0,0,0,1,0,0,6.91048E+20,5.33425E+21,1.15678E+16,4.81328E+16
172074,9.17042E+18,9,1,62,0,2017,4,9,5,3,5,3,0,1,0,0,0,0,0,6.9883E+20,5.33193E+21,1.16712E+16,4.81095E+16
172075,9.17042E+18,9,7,64,0,2017,4,8,5,3,2,6,0,1,0,0,1,0,1,5.87382E+20,5.31186E+21,1.01704E+16,4.79541E+16
172076,9.17042E+18,9,7,63,0,2017,4,12,5,2,6,4,0,0,1,0,1,0,0,5.98634E+20,5.28716E+21,1.03154E+16,4.77303E+16
172077,9.17042E+18,9,7,76,116,2017,4,7,5,3,5,3,0,1,0,0,0,0,0,5.5242E+20,5.26673E+21,9.69671E+15,4.75519E+16
172078,9.17042E+18,9,7,62,0,2017,4,15,5,3,2,6,0,1,0,0,0,0,0,6.22252E+20,5.30542E+21,1.06354E+16,4.78904E+16
172079,9.17042E+18,9,7,77,159,2017,4,16,5,2,6,4,0,1,1,0,0,0,0,6.17268E+20,5.27127E+21,1.05596E+16,4.75843E+16
172080,9.17042E+18,9,6,63,0,2017,4,16,5,3,5,7,1,1,0,0,0,0,0,5.69958E+20,5.51699E+21,9.97216E+15,4.98013E+16
172081,9.17042E+18,9,6,63,0,2017,4,6,5,3,4,2,0,1,0,0,0,0,0,5.66084E+20,5.51687E+21,9.91831E+15,4.98007E+16
172082,9.17042E+18,9,6,79,124,2017,4,14,5,2,0,7,0,1,0,0,0,0,0,5.72362E+20,5.50854E+21,1.0004E+16,4.9725E+16
172083,9.17042E+18,9,6,73,114,2017,4,13,5,3,5,3,0,1,0,0,0,0,0,5.85864E+20,5.57569E+21,1.02063E+16,5.0327E+16
172084,9.17042E+18,9,6,62,0,2017,4,11,5,3,4,2,0,1,0,0,0,0,0,5.87658E+20,5.54379E+21,1.02242E+16,5.00399E+16
172085,9.17042E+18,9,5,74,156,2017,4,9,5,3,1,7,0,1,0,0,0,0,0,6.59422E+20,5.48213E+21,1.12005E+16,4.94708E+16
172086,9.17042E+18,9,5,64,0,2017,4,8,5,3,1,5,1,0,0,0,1,0,0,6.49988E+20,5.48092E+21,1.10699E+16,4.94624E+16
172087,9.17042E+18,9,5,64,0,2017,4,16,5,3,4,6,1,0,0,0,0,0,0,6.50163E+20,5.47922E+21,1.10717E+16,4.9447E+16
172088,9.17042E+18,9,5,64,0,2017,4,20,5,3,1,5,1,1,0,0,0,0,0,6.524E+20,5.48063E+21,1.11031E+16,4.94592E+16
172089,9.17042E+18,9,5,64,0,2017,4,23,5,3,2,6,0,1,0,0,0,2,0,6.51246E+20,5.47996E+21,1.10869E+16,4.94535E+16
172090,9.17042E+18,9,5,61,0,2017,4,15,5,3,2,2,0,0,0,1,1,0,0,6.17844E+20,5.45771E+21,1.06197E+16,4.92608E+16
172091,9.17042E+18,9,4,79,145,2017,4,14,5,3,2,6,0,1,0,0,0,0,0,7.12928E+20,5.5521E+21,1.19764E+16,5.00829E+16
172092,9.17042E+18,9,4,72,150,2017,4,12,5,2,6,7,0,1,1,0,0,0,0,6.81366E+20,5.53779E+21,1.1529E+16,4.99649E+16
172093,9.17042E+18,9,3,75,190,2017,4,17,5,3,5,3,0,1,0,0,0,0,0,7.28182E+20,5.44657E+21,1.2128E+16,4.91296E+16
172094,9.17042E+18,9,3,75,208,2017,4,14,5,2,4,2,0,1,0,1,0,0,0,7.3263E+20,5.44082E+21,1.21856E+16,4.90762E+16
172095,9.17042E+18,9,3,62,0,2017,4,17,5,3,6,7,0,1,1,0,0,0,0,7.28729E+20,5.43692E+21,1.21301E+16,4.90427E+16
172096,9.17042E+18,9,3,73,147,2017,4,17,5,3,2,6,0,1,0,0,0,0,0,6.79144E+20,5.462E+21,1.14634E+16,4.92844E+16
172097,9.17042E+18,9,3,72,116,2017,4,18,5,3,2,2,0,1,0,1,0,0,0,7.68701E+20,5.45744E+21,1.26896E+16,4.92108E+16
172098,9.17042E+18,9,2,78,118,2017,4,16,5,3,0,1,1,0,0,0,0,0,0,7.70453E+20,5.42438E+21,1.26916E+16,4.89132E+16
172099,9.17042E+18,9,2,76,121,2017,4,17,5,3,0,7,1,0,0,0,0,0,0,8.14324E+20,5.43545E+21,1.32973E+16,4.89918E+16
172100,9.17042E+18,9,2,72,145,2017,4,17,5,2,5,3,1,1,0,0,0,0,0,8.1026E+20,5.41945E+21,1.32297E+16,4.88504E+16
172101,9.17042E+18,9,2,61,0,2017,4,1,5,3,0,3,1,0,0,1,0,2,0,7.33478E+20,5.38175E+21,1.21636E+16,4.85454E+16
172102,9.17042E+18,9,1,80,128,2017,4,7,5,3,5,3,0,1,0,0,0,0,1,6.6749E+20,5.28264E+21,1.12314E+16,4.76754E+16
172103,9.17042E+18,9,1,73,126,2017,4,11,5,3,5,3,1,0,0,0,0,0,0,6.84752E+20,5.30508E+21,1.14707E+16,4.78725E+16
172104,9.17042E+18,9,1,63,0,2017,4,16,5,3,3,6,1,0,0,0,0,0,0,7.33731E+20,5.30511E+21,1.21248E+16,4.78568E+16
172105,9.17042E+18,9,1,63,0,2017,4,15,5,3,2,6,0,1,0,0,1,0,0,7.32882E+20,5.30466E+21,1.21132E+16,4.78531E+16
172106,9.17042E+18,9,1,87,150,2017,4,17,5,3,8,1,0,0,0,1,0,0,0,7.30001E+20,5.30335E+21,1.20741E+16,4.78423E+16
172107,9.17042E+18,9,1,85,149,2017,4,16,5,3,0,7,1,0,0,0,0,0,0,6.60297E+20,5.39931E+21,1.11797E+16,4.87262E+16
172108,9.17042E+18,9,1,61,0,2017,4,16,5,3,5,3,1,1,0,0,0,0,0,6.7825E+20,5.40316E+21,1.14253E+16,4.87559E+16
172109,9.17042E+18,9,1,74,131,2017,4,14,5,3,5,3,0,1,0,0,0,0,0,6.75743E+20,5.35775E+21,1.1372E+16,4.83485E+16
172110,9.17042E+18,9,1,75,115,2017,4,20,5,2,8,1,0,1,0,0,0,1,0,7.21223E+20,5.32765E+21,1.19694E+16,4.80637E+16
172111,9.17042E+18,9,1,77,139,2017,4,7,5,3,5,3,0,1,0,0,1,0,0,7.31327E+20,5.3591E+21,1.2122E+16,4.83427E+16
172112,9.17042E+18,9,1,62,0,2017,4,8,4,3,5,3,1,1,0,0,0,0,1,6.8819E+20,5.33237E+21,1.15286E+16,4.81167E+16
172113,9.17042E+18,9,1,62,0,2017,4,19,4,3,0,6,0,1,0,1,0,0,0,6.90699E+20,5.33705E+21,1.15644E+16,4.81581E+16
172114,9.17042E+18,9,1,62,0,2017,4,15,4,3,1,6,0,1,0,0,0,0,0,7.00799E+20,5.33202E+21,1.16977E+16,4.81098E+16
172115,9.17042E+18,9,1,62,0,2017,4,8,4,3,0,3,1,0,0,0,1,0,0,6.93869E+20,5.33397E+21,1.16056E+16,4.81295E+16
172116,9.17042E+18,9,1,62,0,2017,4,15,4,3,5,3,0,1,0,0,0,0,1,6.90147E+20,5.33419E+21,1.15557E+16,4.81325E+16
172117,9.17042E+18,9,1,62,0,2017,4,18,4,3,5,3,1,1,0,0,0,0,0,6.9074E+20,5.33723E+21,1.1565E+16,4.81596E+16
172118,9.17042E+18,9,1,62,0,2017,4,15,4,3,2,6,0,1,0,0,0,0,1,6.92941E+20,5.33534E+21,1.15937E+16,4.8142E+16
172119,9.17042E+18,9,1,62,0,2017,4,13,4,3,2,6,0,1,0,0,0,0,0,6.91269E+20,5.33416E+21,1.15707E+16,4.81319E+16
172120,9.17042E+18,9,7,75,135,2017,4,15,4,3,6,7,0,1,1,0,0,0,0,5.78922E+20,5.36273E+21,1.00665E+16,4.84128E+16
172121,9.17042E+18,9,7,75,135,2017,4,13,4,3,5,3,0,1,0,0,0,0,1,5.7473E+20,5.36042E+21,1.00095E+16,4.83925E+16
172122,9.17042E+18,9,7,61,0,2017,4,17,4,3,5,3,1,1,0,0,0,0,0,6.38245E+20,5.36155E+21,1.08675E+16,4.8392E+16
172123,9.17042E+18,9,6,62,0,2017,4,12,4,3,0,2,1,0,0,0,0,0,1,5.89182E+20,5.54514E+21,1.02457E+16,5.00518E+16
172124,9.17042E+18,9,5,62,0,2017,4,20,4,3,9,1,0,1,0,0,0,2,0,6.46618E+20,5.49302E+21,1.10279E+16,4.95719E+16
172125,9.17042E+18,9,5,64,0,2017,4,13,4,3,3,6,0,1,0,1,0,0,0,6.52014E+20,5.47952E+21,1.10973E+16,4.94493E+16
172126,9.17042E+18,9,5,71,165,2017,4,7,4,3,1,7,1,1,0,0,0,0,0,6.30713E+20,5.46712E+21,1.07995E+16,4.93428E+16
172127,9.17042E+18,9,5,71,136,2017,4,13,4,2,4,6,0,1,0,0,1,0,0,5.96267E+20,5.43716E+21,1.03183E+16,4.90798E+16
172128,9.17042E+18,9,4,71,140,2017,4,10,4,3,3,7,0,1,0,0,1,0,1,6.35896E+20,5.53185E+21,1.08933E+16,4.99236E+16
172129,9.17042E+18,9,3,62,0,2017,4,8,4,3,2,6,0,1,0,0,0,0,1,7.25896E+20,5.43346E+21,1.20894E+16,4.90126E+16
172130,9.17042E+18,9,3,62,0,2017,4,21,4,3,5,6,0,1,0,1,0,2,0,7.2928E+20,5.4351E+21,1.21366E+16,4.90261E+16
172131,9.17042E+18,9,3,61,0,2017,4,16,4,3,5,3,0,1,0,0,0,0,0,7.08156E+20,5.48055E+21,1.18716E+16,4.94419E+16
172132,9.17042E+18,9,1,71,111,2017,4,14,4,3,5,3,0,1,0,1,0,0,0,7.73754E+20,5.34758E+21,1.2686E+16,4.82223E+16
172133,9.17042E+18,9,1,85,149,2017,4,21,4,3,5,3,0,1,0,1,0,2,1,6.60363E+20,5.40033E+21,1.1181E+16,4.87354E+16
172134,9.17042E+18,9,1,88,120,2017,4,16,4,3,5,3,0,1,0,1,0,0,0,6.76467E+20,5.32693E+21,1.1369E+16,4.80712E+16
172135,9.17042E+18,9,1,88,127,2017,4,8,4,3,2,6,0,1,0,0,0,0,1,6.76133E+20,5.32952E+21,1.13656E+16,4.80946E+16
172136,9.17042E+18,9,1,74,115,2017,4,13,4,3,0,6,0,1,1,0,0,0,0,6.81672E+20,5.34832E+21,1.14479E+16,4.8262E+16
172137,9.17042E+18,9,1,62,0,2017,4,9,3,3,4,3,0,1,0,0,0,0,1,6.88704E+20,5.34331E+21,1.15404E+16,4.82149E+16
172138,9.17042E+18,9,1,84,123,2017,4,10,3,3,5,3,1,1,0,0,0,0,1,7.03428E+20,5.33219E+21,1.1733E+16,4.81105E+16
172139,9.17042E+18,9,1,62,0,2017,4,0,3,3,9,1,0,1,0,0,0,2,1,6.96921E+20,5.3307E+21,1.1645E+16,4.80991E+16
172140,9.17042E+18,9,1,62,0,2017,4,8,3,3,5,2,1,1,0,0,0,0,1,6.91023E+20,5.33434E+21,1.15675E+16,4.81336E+16
172141,9.17042E+18,9,7,74,185,2017,4,8,3,3,0,7,1,0,0,0,0,0,1,6.08785E+20,5.34823E+21,1.04662E+16,4.82779E+16
172142,9.17042E+18,9,7,80,145,2017,4,6,3,2,4,1,0,1,0,0,0,0,2,6.07618E+20,5.27438E+21,1.04321E+16,4.76139E+16
172143,9.17042E+18,9,7,80,124,2017,4,14,3,3,2,6,0,1,0,0,0,0,1,5.92221E+20,5.26784E+21,1.02258E+16,4.75574E+16
172144,9.17042E+18,9,7,77,129,2017,4,17,3,3,8,1,1,0,0,0,0,0,1,6.27142E+20,5.27007E+21,1.06905E+16,4.75716E+16
172145,9.17042E+18,9,7,77,121,2017,4,17,3,3,5,3,0,1,0,1,0,0,1,6.27235E+20,5.32129E+21,1.07068E+16,4.80322E+16
172146,9.17042E+18,9,7,73,144,2017,4,15,3,3,2,1,0,1,0,1,0,0,0,6.05827E+20,5.381E+21,1.04347E+16,4.85731E+16
172147,9.17042E+18,9,7,72,163,2017,4,13,3,3,5,3,0,1,0,0,0,0,1,6.40069E+20,5.35043E+21,1.08884E+16,4.82916E+16
172148,9.17042E+18,9,7,61,0,2017,4,23,3,3,1,6,0,1,0,0,0,2,1,6.39294E+20,5.36022E+21,1.08812E+16,4.83798E+16
172149,9.17042E+18,9,7,61,0,2017,4,9,3,3,6,4,0,0,1,1,0,0,1,6.39363E+20,5.35729E+21,1.08812E+16,4.83534E+16
172150,9.17042E+18,9,6,63,0,2017,4,16,3,2,0,7,0,1,0,0,0,0,0,5.6955E+20,5.51748E+21,9.96657E+15,4.98058E+16
172151,9.17042E+18,9,6,77,157,2017,4,17,3,2,5,3,0,1,0,0,0,0,0,5.37756E+20,5.51963E+21,9.52495E+15,4.98279E+16
172152,9.17042E+18,9,6,62,0,2017,4,7,3,2,0,7,0,0,0,0,1,0,0,5.88093E+20,5.54484E+21,1.02305E+16,5.00493E+16
172153,9.17042E+18,9,6,62,0,2017,4,17,3,3,5,3,0,1,0,0,0,0,1,5.87834E+20,5.54499E+21,1.02269E+16,5.00507E+16
172154,9.17042E+18,9,5,62,0,2017,4,19,3,2,6,4,1,0,1,0,0,0,0,6.42905E+20,5.49536E+21,1.09775E+16,4.95939E+16
172155,9.17042E+18,9,5,64,0,2017,4,10,3,3,3,6,0,1,0,1,0,0,1,6.45735E+20,5.48097E+21,1.10113E+16,4.94639E+16
172156,9.17042E+18,9,5,64,0,2017,4,13,3,3,5,3,1,1,0,0,0,0,0,6.52503E+20,5.48075E+21,1.11045E+16,4.94602E+16
172157,9.17042E+18,9,5,64,0,2017,4,9,3,3,5,3,0,1,0,0,0,0,1,6.48182E+20,5.48001E+21,1.10447E+16,4.94546E+16
172158,9.17042E+18,9,5,64,0,2017,4,7,3,3,5,3,0,1,0,0,0,0,1,6.49598E+20,5.47689E+21,1.1063E+16,4.94262E+16
172159,9.17042E+18,9,5,64,0,2017,4,20,3,3,1,1,0,1,0,1,0,2,0,6.53405E+20,5.47973E+21,1.11166E+16,4.94508E+16
172160,9.17042E+18,9,5,77,136,2017,4,14,3,3,2,6,0,1,0,0,0,0,1,6.28368E+20,5.44226E+21,1.07593E+16,4.91198E+16
172161,9.17042E+18,9,5,75,153,2017,4,9,3,3,0,7,1,0,0,0,0,0,1,6.16227E+20,5.49381E+21,1.0608E+16,4.95857E+16
172162,9.17042E+18,9,5,61,0,2017,4,12,3,3,5,3,1,1,0,0,0,0,0,6.14994E+20,5.46194E+21,1.05817E+16,4.92993E+16
172163,9.17042E+18,9,4,78,155,2017,4,19,3,3,5,3,0,1,0,0,0,0,0,6.58378E+20,5.56E+21,1.12179E+16,5.0171E+16
172164,9.17042E+18,9,4,63,0,2017,4,13,3,3,9,1,0,1,0,1,0,0,1,6.39229E+20,5.5685E+21,1.0953E+16,5.02523E+16
172165,9.17042E+18,9,4,61,0,2017,4,15,3,3,3,7,0,1,0,0,0,0,1,6.37214E+20,5.52916E+21,1.09107E+16,4.9899E+16
172166,9.17042E+18,9,4,61,0,2017,4,20,3,3,5,3,0,1,0,0,0,1,1,6.36834E+20,5.53151E+21,1.09062E+16,4.99203E+16
172167,9.17042E+18,9,3,72,153,2017,4,17,3,3,0,3,0,1,0,1,0,0,0,7.5615E+20,5.45477E+21,1.25159E+16,4.91922E+16
172168,9.17042E+18,9,3,62,0,2017,4,10,3,3,2,6,0,1,0,0,0,0,1,7.28988E+20,5.43622E+21,1.21332E+16,4.90363E+16
172169,9.17042E+18,9,3,76,147,2017,4,17,3,3,0,1,0,1,0,0,0,0,2,7.48003E+20,5.47258E+21,1.24153E+16,4.93554E+16
172170,9.17042E+18,9,2,76,148,2017,4,12,3,2,6,4,0,1,1,0,0,0,1,8.09839E+20,5.43728E+21,1.32375E+16,4.90105E+16
172171,9.17042E+18,9,2,63,0,2017,4,5,3,3,1,6,0,1,0,1,0,2,1,7.615E+20,5.41935E+21,1.25664E+16,4.88719E+16
172172,9.17042E+18,9,2,75,141,2017,4,16,3,3,4,2,0,1,0,0,0,0,1,8.20751E+20,5.37119E+21,1.3335E+16,4.84121E+16
172173,9.17042E+18,9,2,72,126,2017,4,12,3,2,8,1,0,1,1,0,0,0,2,8.3883E+20,5.41804E+21,1.36168E+16,4.88228E+16
172174,9.17042E+18,9,2,79,134,2017,4,16,3,3,8,7,0,1,0,0,0,0,2,7.70602E+20,5.39078E+21,1.26715E+16,4.86115E+16
172175,9.17042E+18,9,1,73,126,2017,4,5,3,3,5,3,0,1,0,1,0,2,1,6.82513E+20,5.30686E+21,1.14415E+16,4.78891E+16
172176,9.17042E+18,9,1,73,126,2017,4,9,3,3,0,1,1,0,0,0,0,0,2,6.86243E+20,5.30362E+21,1.149E+16,4.78589E+16
172177,9.17042E+18,9,1,89,139,2017,4,16,3,3,9,1,0,1,0,0,0,0,2,7.6605E+20,5.28427E+21,1.25434E+16,4.7657E+16
172178,9.17042E+18,9,1,72,130,2017,4,16,3,2,8,1,0,1,0,0,0,0,1,7.93571E+20,5.30714E+21,1.29245E+16,4.78504E+16
172179,9.17042E+18,9,1,76,129,2017,4,8,3,2,0,1,1,0,0,0,0,0,1,6.83982E+20,5.40444E+21,1.15038E+16,4.87658E+16
172180,9.17042E+18,9,1,61,0,2017,4,14,3,3,0,3,1,0,0,0,0,0,0,6.77962E+20,5.40451E+21,1.1422E+16,4.87681E+16
172181,9.17042E+18,9,1,61,0,2017,4,16,3,3,5,3,0,1,0,0,0,0,0,6.78446E+20,5.40247E+21,1.14277E+16,4.87497E+16
172182,9.17042E+18,9,1,76,111,2017,4,22,3,3,1,5,1,1,0,0,0,2,1,6.58337E+20,5.41264E+21,1.11582E+16,4.88465E+16
172183,9.17042E+18,9,1,81,130,2017,4,15,3,3,8,1,0,1,0,0,0,0,2,6.4256E+20,5.32162E+21,1.09123E+16,4.80319E+16
172184,9.17042E+18,9,1,88,145,2017,4,10,3,3,6,6,0,1,1,0,0,0,1,6.63158E+20,5.32675E+21,1.11904E+16,4.80732E+16
172185,9.17042E+18,9,1,81,114,2017,4,9,3,3,4,6,0,1,0,0,0,0,1,6.57247E+20,5.31268E+21,1.11059E+16,4.79481E+16
172186,9.17042E+18,9,1,77,117,2017,4,8,3,3,0,7,0,1,1,0,0,0,1,7.1506E+20,5.35331E+21,1.18998E+16,4.82964E+16
172187,9.17042E+18,9,1,84,139,2017,4,12,2,3,0,7,1,0,1,0,0,0,0,6.89141E+20,5.32774E+21,1.15393E+16,4.80748E+16
172188,9.17042E+18,9,1,62,0,2017,4,0,2,3,1,5,0,1,0,0,0,2,0,6.9211E+20,5.33668E+21,1.15832E+16,4.81544E+16
172189,9.17042E+18,9,6,72,114,2017,4,6,2,3,1,7,0,1,0,0,0,1,0,5.77082E+20,5.55923E+21,1.00796E+16,5.01802E+16
172190,9.17042E+18,9,4,74,134,2017,4,17,2,3,5,3,0,1,0,0,0,0,0,6.47266E+20,5.50749E+21,1.10423E+16,4.97019E+16
172191,9.17042E+18,9,4,71,140,2017,4,22,2,3,5,3,0,1,0,1,0,2,1,6.34768E+20,5.53186E+21,1.08776E+16,4.99239E+16
172192,9.17042E+18,9,3,62,0,2017,4,17,2,2,4,2,0,1,0,0,0,0,1,7.27142E+20,5.43374E+21,1.21066E+16,4.90147E+16
172193,9.17042E+18,9,1,72,118,2017,4,21,2,3,0,1,1,0,0,0,0,2,1,7.97617E+20,5.30625E+21,1.29778E+16,4.78406E+16
172194,9.17042E+18,9,1,86,162,2017,4,13,2,3,0,1,1,0,0,0,0,0,1,6.91103E+20,5.38835E+21,1.15931E+16,4.8619E+16
172195,9.17042E+18,9,1,79,126,2017,4,19,2,2,0,1,1,0,0,0,1,0,1,6.76034E+20,5.34114E+21,1.13691E+16,4.81991E+16
172196,9.17042E+18,9,1,74,115,2017,4,11,2,2,6,4,0,1,1,0,0,0,1,6.82887E+20,5.34825E+21,1.14643E+16,4.8261E+16
172197,9.17042E+18,9,1,77,119,2017,4,7,2,3,9,1,0,1,0,0,0,0,0,7.21277E+20,5.34054E+21,1.19768E+16,4.81796E+16
172198,9.17042E+18,9,1,62,0,2017,4,0,1,3,6,7,0,0,1,0,1,2,1,6.86351E+20,5.33029E+21,1.1503E+16,4.80986E+16
172199,9.17042E+18,9,1,84,138,2017,4,18,1,3,1,1,0,1,0,0,0,0,1,6.82036E+20,5.33108E+21,1.14454E+16,4.81069E+16
172200,9.17042E+18,9,7,77,170,2017,4,4,1,3,6,4,0,1,1,0,0,2,1,6.1729E+20,5.27549E+21,1.0561E+16,4.76222E+16
172201,9.17042E+18,9,7,72,125,2017,4,18,1,3,5,2,0,1,0,0,0,0,0,6.36066E+20,5.34785E+21,1.08336E+16,4.82692E+16
172202,9.17042E+18,9,6,75,165,2017,4,4,1,3,8,1,0,1,0,0,0,2,0,5.89151E+20,5.51731E+21,1.02389E+16,4.98016E+16
172203,9.17042E+18,9,6,75,117,2017,4,2,1,3,9,7,0,1,0,0,0,2,0,5.76717E+20,5.51473E+21,1.00656E+16,4.97801E+16
172204,9.17042E+18,9,6,72,112,2017,4,15,1,2,4,6,0,1,0,0,0,0,0,5.78615E+20,5.57109E+21,1.01035E+16,5.02867E+16
172205,9.17042E+18,9,6,61,0,2017,4,5,1,3,8,1,0,1,0,0,0,2,0,5.09102E+20,5.53642E+21,9.12695E+15,4.998E+16
172206,9.17042E+18,9,5,73,134,2017,4,13,1,3,0,1,1,0,0,0,0,0,0,6.39521E+20,5.4777E+21,1.09244E+16,4.94359E+16
172207,9.17042E+18,9,4,73,174,2017,4,10,1,2,3,5,0,1,0,1,0,0,0,6.5266E+20,5.56339E+21,1.11392E+16,5.0203E+16
172208,9.17042E+18,9,4,63,0,2017,4,22,1,3,5,3,0,1,0,0,0,2,0,6.40646E+20,5.56776E+21,1.09726E+16,5.02453E+16
172209,9.17042E+18,9,4,61,0,2017,4,8,1,3,4,2,0,1,0,0,0,0,0,6.36684E+20,5.52814E+21,1.09029E+16,4.989E+16
172210,9.17042E+18,9,2,63,0,2017,4,14,1,3,5,3,0,1,0,0,0,0,0,7.61647E+20,5.41935E+21,1.25684E+16,4.88718E+16
172211,9.17042E+18,9,1,71,113,2017,4,20,1,3,5,3,0,1,0,0,0,2,1,7.7613E+20,5.34213E+21,1.27144E+16,4.81723E+16
172212,9.17042E+18,9,1,87,150,2017,4,21,1,3,0,1,1,0,0,0,0,2,1,7.2926E+20,5.30421E+21,1.20647E+16,4.78503E+16
172213,9.17042E+18,9,1,76,120,2017,4,6,1,3,8,1,0,1,0,0,0,0,0,6.80026E+20,5.4241E+21,1.14586E+16,4.89436E+16
172214,9.17042E+18,9,1,77,120,2017,4,18,1,3,8,1,0,1,0,0,0,0,1,7.19836E+20,5.35879E+21,1.1967E+16,4.8344E+16
172215,9.17042E+18,9,1,62,0,2017,4,15,7,3,0,7,0,1,0,1,0,0,1,6.90951E+20,5.33466E+21,1.15667E+16,4.81366E+16
172216,9.17042E+18,9,1,62,0,2017,4,9,7,3,2,6,0,1,0,0,0,0,0,6.90237E+20,5.33474E+21,1.15571E+16,4.81375E+16
172217,9.17042E+18,9,1,62,0,2017,4,17,7,3,4,2,0,1,0,0,0,0,1,6.94108E+20,5.33474E+21,1.16091E+16,4.81363E+16
172218,9.17042E+18,9,1,84,149,2017,4,20,7,3,0,7,0,1,0,0,0,2,1,6.91055E+20,5.34988E+21,1.15749E+16,4.82733E+16
172219,9.17042E+18,9,1,62,0,2017,4,14,7,3,2,6,0,1,0,0,0,0,0,6.9043E+20,5.3387E+21,1.15615E+16,4.8173E+16
172220,9.17042E+18,9,1,62,0,2017,4,10,7,3,0,7,1,0,0,0,0,0,0,6.89807E+20,5.34332E+21,1.15552E+16,4.82147E+16
172221,9.17042E+18,9,1,62,0,2017,4,18,7,3,5,2,0,1,0,1,0,0,1,6.88295E+20,5.33398E+21,1.15307E+16,4.81312E+16