OBJECTID,UIDENTSTLA,ULAND,UREGBEZ,UKREIS,UGEMEINDE,UJAHR,UMONAT,USTUNDE,UWOCHENTAG,UKATEGORIE,UART,UTYP1,IstRad,IstPKW,IstFuss,IstKrad,IstSonstig,LICHT,STRZUSTAND,LINREFX,LINREFY,XGCSWGS84,YGCSWGS84
172566,9.1705E+18,9,5,64,0,2017,5,11,2,2,5,3,1,1,0,0,0,0,0,6.50902E+20,5.47584E+21,1.10806E+16,4.94165E+16
172567,9.1705E+18,9,5,64,0,2017,5,23,2,2,6,4,0,1,1,0,0,2,1,6.52041E+20,5.47915E+21,1.10976E+16,4.9446E+16
172568,9.1705E+18,9,5,64,0,2017,5,12,2,3,5,3,0,1,0,1,0,0,0,6.48788E+20,5.48089E+21,1.10534E+16,4.94624E+16
172569,9.1705E+18,9,5,64,0,2017,5,13,2,3,2,6,0,1,0,0,0,0,0,6.54922E+20,5.47337E+21,1.1135E+16,4.93933E+16
172570,9.1705E+18,9,5,77,161,2017,5,9,2,3,0,7,0,1,0,0,0,0,0,6.44352E+20,5.44529E+21,1.09793E+16,4.91435E+16
172571,9.1705E+18,9,5,71,115,2017,5,19,2,3,9,1,0,1,0,0,0,0,1,6.13103E+20,5.44804E+21,1.05518E+16,4.91747E+16
172572,9.1705E+18,9,4,76,145,2017,5,16,2,3,0,7,1,0,0,0,0,0,0,6.65606E+20,5.56779E+21,1.13224E+16,5.0239E+16
172573,9.1705E+18,9,4,63,0,2017,5,21,2,3,5,3,1,1,0,0,0,2,0,6.4006E+20,5.57022E+21,1.09653E+16,5.02675E+16
172574,9.1705E+18,9,4,73,144,2017,5,22,2,2,5,3,0,1,0,0,1,2,1,6.36656E+20,5.57309E+21,1.09186E+16,5.02941E+16
172575,9.1705E+18,9,4,62,0,2017,5,11,2,3,0,1,1,0,0,0,0,0,0,6.83007E+20,5.53504E+21,1.15505E+16,4.99397E+16
172576,9.1705E+18,9,4,74,145,2017,5,15,2,2,0,1,0,1,0,0,0,0,0,6.5756E+20,5.50443E+21,1.11838E+16,4.96718E+16
172577,9.1705E+18,9,4,71,220,2017,5,17,2,3,9,1,0,0,0,1,0,0,0,6.12026E+20,5.51489E+21,1.0556E+16,4.97761E+16
172578,9.1705E+18,9,4,61,0,2017,5,16,2,3,0,7,1,0,0,0,0,0,0,6.36226E+20,5.52942E+21,1.0897E+16,4.99016E+16
172579,9.1705E+18,9,3,62,0,2017,5,1,2,3,6,4,0,1,1,0,0,2,0,7.26351E+20,5.43409E+21,1.2096E+16,4.90182E+16
172580,9.1705E+18,9,3,72,116,2017,5,15,2,3,5,3,1,1,0,0,0,0,0,7.6708E+20,5.45836E+21,1.2668E+16,4.92197E+16
172581,9.1705E+18,9,3,71,128,2017,5,15,2,2,0,7,1,0,0,0,0,0,0,6.84729E+20,5.49181E+21,1.1554E+16,4.95507E+16
172582,9.1705E+18,9,3,76,147,2017,5,19,2,3,5,3,1,1,0,0,0,1,1,7.45575E+20,5.4717E+21,1.23814E+16,4.93485E+16
172583,9.1705E+18,9,2,63,0,2017,5,18,2,3,1,5,1,1,0,0,0,0,0,7.61931E+20,5.42051E+21,1.2573E+16,4.88821E+16
172584,9.1705E+18,9,2,71,119,2017,5,20,2,3,0,7,0,0,0,1,0,2,1,7.94494E+20,5.41307E+21,1.30108E+16,4.88008E+16
172585,9.1705E+18,9,2,62,0,2017,5,0,2,3,6,7,0,1,1,0,0,2,0,8.25861E+20,5.38782E+21,1.34168E+16,4.85586E+16
172586,9.1705E+18,9,2,75,141,2017,5,13,2,3,1,1,0,1,0,1,0,0,0,8.2015E+20,5.37037E+21,1.33263E+16,4.84051E+16
172587,9.1705E+18,9,2,72,150,2017,5,11,2,3,8,7,0,0,0,0,1,0,0,8.16203E+20,5.41556E+21,1.33075E+16,4.88124E+16
172588,9.1705E+18,9,2,77,116,2017,5,22,2,3,5,3,0,1,0,0,0,2,1,7.77406E+20,5.36757E+21,1.27482E+16,4.84002E+16
172589,9.1705E+18,9,2,74,183,2017,5,8,2,2,9,1,0,1,0,0,0,0,0,7.4063E+20,5.36306E+21,1.22496E+16,4.83748E+16
172590,9.1705E+18,9,2,61,0,2017,5,13,2,3,0,1,1,0,0,0,0,0,0,7.3183E+20,5.37973E+21,1.21402E+16,4.85278E+16
172591,9.1705E+18,9,2,79,112,2017,5,19,2,3,8,1,1,0,0,0,0,0,1,7.5727E+20,5.39364E+21,1.24927E+16,4.86428E+16
172592,9.1705E+18,9,1,90,132,2017,5,15,2,3,4,1,0,1,0,0,0,0,1,6.71638E+20,5.29634E+21,1.1292E+16,4.77975E+16
172593,9.1705E+18,9,1,83,113,2017,5,9,2,3,0,7,1,0,0,0,0,0,0,7.50576E+20,5.34594E+21,1.23735E+16,4.82171E+16
172594,9.1705E+18,9,1,89,143,2017,5,11,2,2,4,2,1,1,0,0,0,0,0,7.59746E+20,5.31479E+21,1.24778E+16,4.79337E+16
172595,9.1705E+18,9,1,71,112,2017,5,13,2,3,0,1,1,0,0,0,0,0,0,7.84425E+20,5.34275E+21,1.28261E+16,4.81743E+16
172596,9.1705E+18,9,1,71,115,2017,5,8,2,3,0,1,1,0,0,0,0,0,0,7.77425E+20,5.35681E+21,1.27414E+16,4.83036E+16
172597,9.1705E+18,9,1,63,0,2017,5,11,2,3,1,1,0,1,0,1,0,0,0,7.34022E+20,5.30594E+21,1.21292E+16,4.78641E+16
172598,9.1705E+18,9,1,63,0,2017,5,12,2,2,0,1,0,0,0,1,0,0,0,7.31121E+20,5.30435E+21,1.20896E+16,4.78509E+16
172599,9.1705E+18,9,1,87,162,2017,5,20,2,2,4,3,1,1,0,0,0,2,1,7.50611E+20,5.306E+21,1.23506E+16,4.78584E+16
172600,9.1705E+18,9,1,79,142,2017,5,1,2,3,8,1,1,0,0,0,0,2,0,6.72849E+20,5.34308E+21,1.1327E+16,4.82173E+16
172601,9.1705E+18,9,1,78,140,2017,5,18,2,3,8,1,0,1,0,0,0,0,1,7.05975E+20,5.36572E+21,1.17835E+16,4.8411E+16
172602,9.1705E+18,9,1,77,114,2017,5,10,2,3,0,7,1,0,0,0,0,0,0,7.22646E+20,5.34379E+21,1.19969E+16,4.82083E+16
172603,9.1705E+18,9,1,77,118,2017,5,19,2,3,5,3,0,1,0,0,0,1,1,7.06194E+20,5.34828E+21,1.17779E+16,4.82541E+16
172604,9.17043E+18,9,1,62,0,2017,4,12,1,3,0,1,1,0,0,0,0,0,0,6.96754E+20,5.33524E+21,1.16449E+16,4.81399E+16
172605,9.17043E+18,9,1,62,0,2017,4,16,1,3,0,6,0,1,0,1,0,0,0,6.86294E+20,5.32984E+21,1.1502E+16,4.80945E+16
172606,9.17043E+18,9,1,62,0,2017,4,18,1,3,1,5,1,1,0,0,0,0,0,6.9037E+20,5.33462E+21,1.15589E+16,4.81364E+16
172607,9.17043E+18,9,1,62,0,2017,4,5,1,3,1,5,1,1,0,0,0,1,0,6.90746E+20,5.33737E+21,1.15652E+16,4.81609E+16
172608,9.17043E+18,9,1,62,0,2017,4,16,1,3,4,6,1,1,0,0,0,0,0,6.92999E+20,5.33933E+21,1.15963E+16,4.81779E+16
172609,9.17043E+18,9,1,62,0,2017,4,13,1,3,1,5,1,1,0,0,0,0,0,6.93801E+20,5.33935E+21,1.16071E+16,4.81778E+16
172610,9.17043E+18,9,1,62,0,2017,4,16,1,3,3,2,1,1,0,0,0,0,0,6.9109E+20,5.33422E+21,1.15684E+16,4.81325E+16
172611,9.17043E+18,9,7,75,111,2017,4,17,1,2,0,1,1,0,0,0,0,0,0,5.8241E+20,5.3356E+21,1.01084E+16,4.81683E+16
172612,9.17043E+18,9,7,80,139,2017,4,12,1,3,0,7,0,1,0,1,0,0,0,5.9727E+20,5.26284E+21,1.02918E+16,4.75117E+16
172613,9.17043E+18,9,7,79,194,2017,4,22,1,3,0,7,1,1,0,0,0,2,0,6.09101E+20,5.41215E+21,1.04873E+16,4.88528E+16
172614,9.17043E+18,9,7,79,231,2017,4,16,1,3,9,1,0,0,0,1,0,0,0,6.29925E+20,5.41833E+21,1.0773E+16,4.89042E+16
172615,9.17043E+18,9,7,61,0,2017,4,9,1,3,8,1,1,0,0,0,0,0,0,6.38449E+20,5.3572E+21,1.08688E+16,4.83528E+16
172616,9.17043E+18,9,7,61,0,2017,4,15,1,3,5,2,1,1,0,0,0,0,0,6.41332E+20,5.35228E+21,1.09061E+16,4.83079E+16
172617,9.17043E+18,9,6,63,0,2017,4,15,1,2,5,7,1,0,0,0,0,0,0,5.67255E+20,5.51531E+21,9.93432E+15,4.97865E+16
172618,9.17043E+18,9,6,63,0,2017,4,19,1,3,5,3,0,1,0,0,0,0,0,5.70359E+20,5.51808E+21,9.97793E+15,4.98111E+16
172619,9.17043E+18,9,6,79,170,2017,4,15,1,3,0,7,1,0,0,0,0,0,0,5.75789E+20,5.50221E+21,1.00503E+16,4.96677E+16
172620,9.17043E+18,9,6,62,0,2017,4,14,1,3,5,3,0,1,0,1,0,0,0,5.86523E+20,5.54394E+21,1.02083E+16,5.00415E+16
172621,9.17043E+18,9,6,71,136,2017,4,18,1,2,3,2,1,0,0,0,0,0,0,5.03981E+20,5.53919E+21,9.05555E+15,5.0005E+16
172622,9.17043E+18,9,6,61,0,2017,4,1,1,3,8,1,0,1,0,0,0,2,0,5.09846E+20,5.53549E+21,9.13731E+15,4.99717E+16
172623,9.17043E+18,9,5,76,113,2017,4,18,1,3,2,6,0,1,0,1,0,0,0,6.63709E+20,5.45751E+21,1.12495E+16,4.92484E+16
172624,9.17043E+18,9,5,74,139,2017,4,12,1,1,6,7,0,1,1,0,0,0,0,6.66873E+20,5.48101E+21,1.13028E+16,4.94588E+16
172625,9.17043E+18,9,5,63,0,2017,4,12,1,3,5,3,0,1,0,1,0,0,0,6.44116E+20,5.48138E+21,1.09891E+16,4.9468E+16
172626,9.17043E+18,9,5,64,0,2017,4,19,1,3,0,1,1,0,0,0,0,0,0,6.50232E+20,5.48001E+21,1.10729E+16,4.94541E+16
172627,9.17043E+18,9,5,77,177,2017,4,10,1,2,5,3,0,1,0,1,0,0,0,6.43795E+20,5.43206E+21,1.0967E+16,4.90246E+16
172628,9.17043E+18,9,5,75,153,2017,4,9,1,2,2,6,1,1,0,0,0,0,0,6.16143E+20,5.49329E+21,1.06067E+16,4.9581E+16
172629,9.17043E+18,9,4,79,158,2017,4,10,1,3,0,7,1,0,0,0,0,0,0,7.21674E+20,5.5513E+21,1.2098E+16,5.00726E+16
172630,9.17043E+18,9,4,76,145,2017,4,12,1,3,2,6,0,0,0,1,0,0,0,6.64996E+20,5.56732E+21,1.13137E+16,5.0235E+16
172631,9.17043E+18,9,4,63,0,2017,4,21,1,2,1,5,1,0,0,0,1,2,0,6.41417E+20,5.57247E+21,1.09852E+16,5.02874E+16
172632,9.17043E+18,9,4,72,139,2017,4,8,1,3,5,3,0,1,0,1,0,0,0,6.93517E+20,5.55465E+21,1.17067E+16,5.01126E+16
172633,9.17043E+18,9,3,62,0,2017,4,23,1,3,4,6,1,0,0,0,0,2,0,7.26882E+20,5.43424E+21,1.21033E+16,4.90193E+16
172634,9.17043E+18,9,3,62,0,2017,4,6,1,3,8,1,0,1,0,0,0,0,0,7.25386E+20,5.43099E+21,1.20811E+16,4.89906E+16
172635,9.17043E+18,9,3,62,0,2017,4,18,1,3,8,1,0,1,0,0,0,0,0,7.2735E+20,5.4345E+21,1.21099E+16,4.90215E+16
172636,9.17043E+18,9,2,75,154,2017,4,15,1,3,1,1,0,0,0,1,1,0,0,8.08795E+20,5.39487E+21,1.31914E+16,4.86305E+16
172637,9.17043E+18,9,2,77,145,2017,4,15,1,3,0,1,0,0,0,1,0,0,1,7.98349E+20,5.35311E+21,1.30202E+16,4.82608E+16
172638,9.17043E+18,9,2,73,111,2017,4,15,1,3,0,7,1,0,0,0,0,0,0,7.06885E+20,5.41337E+21,1.18196E+16,4.88388E+16
172639,9.17043E+18,9,1,83,148,2017,4,15,1,3,0,6,0,1,0,1,0,0,0,7.52608E+20,5.34505E+21,1.24003E+16,4.82083E+16
172640,9.17043E+18,9,1,89,155,2017,4,19,1,2,0,1,1,0,0,0,0,0,0,7.69119E+20,5.3067E+21,1.2598E+16,4.78572E+16
172641,9.17043E+18,9,1,72,118,2017,4,0,1,2,7,7,1,0,1,0,0,2,0,7.97121E+20,5.30599E+21,1.2971E+16,4.78386E+16
172642,9.17043E+18,9,1,72,114,2017,4,17,1,3,1,7,1,1,0,0,0,0,0,7.91454E+20,5.29369E+21,1.28872E+16,4.77307E+16
172643,9.17043E+18,9,1,72,112,2017,4,11,1,3,0,7,1,0,0,0,0,0,0,7.88708E+20,5.30168E+21,1.2856E+16,4.78037E+16
172644,9.17043E+18,9,1,87,169,2017,4,2,1,3,6,7,0,1,1,0,0,2,0,7.35934E+20,5.30133E+21,1.21522E+16,4.7822E+16
172645,9.17043E+18,9,1,63,0,2017,4,3,1,3,0,1,1,0,0,0,0,2,0,7.32681E+20,5.30584E+21,1.21112E+16,4.78638E+16
172646,9.17043E+18,9,1,87,162,2017,4,19,1,3,6,4,0,0,1,1,0,0,0,7.50284E+20,5.30569E+21,1.23461E+16,4.78558E+16
172647,9.17043E+18,9,1,82,133,2017,4,13,1,3,0,7,1,0,0,0,0,0,0,7.07015E+20,5.30777E+21,1.17694E+16,4.78898E+16
172648,9.17043E+18,9,1,87,150,2017,4,23,1,3,0,1,0,0,0,1,0,2,0,7.29048E+20,5.30434E+21,1.20619E+16,4.78515E+16
172649,9.17043E+18,9,1,76,150,2017,4,10,1,2,0,7,1,0,0,0,0,0,0,6.90284E+20,5.41221E+21,1.1593E+16,4.88337E+16
172650,9.17043E+18,9,1,79,149,2017,4,13,1,3,5,3,0,1,0,1,0,0,0,6.55232E+20,5.33051E+21,1.10854E+16,4.81089E+16
172651,9.17043E+18,9,1,81,144,2017,4,16,1,2,6,3,0,1,1,0,0,0,0,6.55715E+20,5.32071E+21,1.10883E+16,4.80207E+16
172652,9.17043E+18,9,1,74,122,2017,4,15,1,3,8,1,0,0,0,1,0,0,0,6.82014E+20,5.35193E+21,1.14541E+16,4.82944E+16
172653,9.17043E+18,9,1,78,130,2017,4,12,1,3,3,7,1,0,0,0,0,0,0,7.03271E+20,5.35456E+21,1.17416E+16,4.83115E+16
172654,9.17043E+18,9,1,78,145,2017,4,11,1,3,0,7,1,0,0,0,0,0,0,6.97149E+20,5.35397E+21,1.16589E+16,4.83082E+16
172655,9.17043E+18,9,1,78,143,2017,4,18,1,3,3,7,1,1,0,0,0,0,0,7.17263E+20,5.37222E+21,1.19392E+16,4.84655E+16
172656,9.17043E+18,9,1,62,0,2017,4,17,7,2,6,7,0,1,1,0,0,0,0,6.92688E+20,5.33419E+21,1.15898E+16,4.81318E+16
172657,9.17043E+18,9,1,62,0,2017,4,14,7,3,2,6,0,1,0,0,0,0,0,6.90901E+20,5.33511E+21,1.15662E+16,4.81406E+16
172658,9.17043E+18,9,1,62,0,2017,4,10,7,3,1,5,1,1,0,0,0,0,0,6.92001E+20,5.33346E+21,1.15802E+16,4.81254E+16
172659,9.17043E+18,9,1,62,0,2017,4,17,7,3,5,2,0,1,0,0,1,0,0,6.9192E+20,5.3322E+21,1.15786E+16,4.81142E+16
172660,9.17043E+18,9,1,62,0,2017,4,15,7,3,6,6,1,0,1,0,0,2,0,6.90141E+20,5.33509E+21,1.1556E+16,4.81406E+16
172661,9.17043E+18,9,1,62,0,2017,4,15,7,3,0,7,0,1,0,0,0,0,0,6.80872E+20,5.33763E+21,1.14326E+16,4.81662E+16
172662,9.17043E+18,9,1,62,0,2017,4,22,7,3,6,4,0,1,1,0,0,2,0,6.91088E+20,5.33514E+21,1.15687E+16,4.81408E+16
172663,9.17043E+18,9,1,62,0,2017,4,13,7,3,4,3,0,1,0,0,0,0,0,7.00048E+20,5.33522E+21,1.16891E+16,4.81388E+16
172664,9.17043E+18,9,1,62,0,2017,4,13,7,3,2,6,0,1,0,0,0,0,0,6.91487E+20,5.33235E+21,1.15729E+16,4.81156E+16
172665,9.17043E+18,9,1,62,0,2017,4,21,7,3,6,7,0,1,1,0,0,2,0,6.92041E+20,5.3333E+21,1.15807E+16,4.8124E+16
172666,9.17043E+18,9,1,62,0,2017,4,23,7,2,6,4,0,1,1,0,0,2,0,6.88702E+20,5.33344E+21,1.1536E+16,4.81262E+16
172667,9.17043E+18,9,7,75,135,2017,4,14,7,3,1,7,1,1,0,0,0,0,0,5.76547E+20,5.36001E+21,1.0034E+16,4.83886E+16
172668,9.17043E+18,9,7,78,116,2017,4,11,7,3,5,3,1,1,0,0,0,0,0,6.19216E+20,5.31859E+21,1.05985E+16,4.80095E+16
172669,9.17043E+18,9,7,78,116,2017,4,15,7,3,5,3,0,1,0,0,0,0,0,6.19411E+20,5.32018E+21,1.06015E+16,4.80237E+16
172670,9.17043E+18,9,7,63,0,2017,4,16,7,3,8,7,0,1,0,0,0,0,0,5.96966E+20,5.28815E+21,1.02934E+16,4.77395E+16
172671,9.17043E+18,9,7,80,123,2017,4,17,7,2,0,1,1,0,0,0,0,0,0,6.04496E+20,5.26117E+21,1.03874E+16,4.74956E+16
172672,9.17043E+18,9,7,79,169,2017,4,17,7,3,0,7,1,0,0,0,0,0,0,6.31284E+20,5.40372E+21,1.07868E+16,4.87727E+16
172673,9.17043E+18,9,7,73,144,2017,4,9,7,2,5,3,1,1,0,0,0,0,0,6.05484E+20,5.38068E+21,1.04299E+16,4.85703E+16
172674,9.17043E+18,9,7,71,130,2017,4,7,7,3,2,6,0,1,0,0,0,0,0,6.45455E+20,5.36096E+21,1.09646E+16,4.8385E+16
172675,9.17043E+18,9,7,71,130,2017,4,14,7,3,5,3,0,1,0,0,0,0,0,6.47363E+20,5.36051E+21,1.09902E+16,4.83806E+16
172676,9.17043E+18,9,7,61,0,2017,4,13,7,3,2,4,0,1,1,0,0,0,0,6.41468E+20,5.3582E+21,1.09099E+16,4.83611E+16
172677,9.17043E+18,9,6,63,0,2017,4,17,7,3,5,2,0,1,0,1,0,0,0,5.64383E+20,5.51722E+21,9.89474E+15,4.9804E+16
172678,9.17043E+18,9,6,73,175,2017,4,15,7,3,0,1,1,0,0,0,0,0,0,5.89864E+20,5.58159E+21,1.02639E+16,5.03795E+16
172679,9.17043E+18,9,6,61,0,2017,4,17,7,3,6,4,0,0,1,0,1,0,0,5.10345E+20,5.5364E+21,9.14429E+15,4.99798E+16
172680,9.17043E+18,9,5,63,0,2017,4,14,7,3,3,6,0,1,0,1,0,0,0,6.43306E+20,5.48592E+21,1.09796E+16,4.9509E+16
172681,9.17043E+18,9,5,64,0,2017,4,12,7,3,6,7,0,1,1,0,0,0,0,6.53879E+20,5.47639E+21,1.11218E+16,4.94207E+16
172682,9.17043E+18,9,5,64,0,2017,4,13,7,3,6,4,0,1,1,0,0,0,0,6.46702E+20,5.4806E+21,1.10245E+16,4.94603E+16
172683,9.17043E+18,9,5,64,0,2017,4,22,7,2,0,1,1,0,0,0,0,2,0,6.49117E+20,5.47782E+21,1.10567E+16,4.94347E+16
172684,9.17043E+18,9,5,71,229,2017,4,16,7,2,2,1,0,1,1,1,0,0,0,6.25889E+20,5.45363E+21,1.07289E+16,4.92226E+16
172685,9.17043E+18,9,4,64,0,2017,4,16,7,3,9,6,1,1,0,0,0,0,0,7.09892E+20,5.57987E+21,1.19494E+16,5.03335E+16
172686,9.17043E+18,9,4,74,137,2017,4,0,7,3,8,7,0,1,0,0,0,2,0,6.53714E+20,5.50024E+21,1.11288E+16,4.96351E+16
172687,9.17043E+18,9,3,62,0,2017,4,19,7,3,5,3,0,1,0,0,0,0,0,7.24329E+20,5.43466E+21,1.20687E+16,4.9024E+16
172688,9.17043E+18,9,3,62,0,2017,4,13,7,3,6,7,0,1,1,0,0,0,0,7.25512E+20,5.43224E+21,1.20835E+16,4.90018E+16
172689,9.17043E+18,9,3,62,0,2017,4,9,7,2,5,3,0,1,0,1,0,0,0,7.2766E+20,5.43588E+21,1.21149E+16,4.90337E+16
172690,9.17043E+18,9,3,73,147,2017,4,16,7,3,0,7,1,1,0,0,0,0,0,6.78944E+20,5.46122E+21,1.14603E+16,4.92776E+16
172691,9.17043E+18,9,2,71,119,2017,4,11,7,3,1,7,0,1,0,0,0,0,0,7.90586E+20,5.41679E+21,1.29603E+16,4.8836E+16
172692,9.17043E+18,9,1,73,147,2017,4,19,7,3,4,2,1,1,0,0,0,0,0,6.81051E+20,5.30938E+21,1.14231E+16,4.79122E+16
172693,9.17043E+18,9,1,80,117,2017,4,11,7,3,8,1,1,0,0,0,0,0,0,6.5823E+20,5.26227E+21,1.11008E+16,4.74947E+16
172694,9.17043E+18,9,1,87,117,2017,4,13,7,3,5,3,1,1,0,0,0,0,0,7.24307E+20,5.30672E+21,1.19999E+16,4.78746E+16
172695,9.17043E+18,9,1,86,162,2017,4,11,7,3,9,1,0,1,0,0,0,0,0,6.91557E+20,5.38826E+21,1.15993E+16,4.86181E+16
172696,9.17043E+18,9,1,86,162,2017,4,14,7,3,5,3,1,1,0,0,0,0,0,6.92879E+20,5.38761E+21,1.16169E+16,4.86118E+16
172697,9.17043E+18,9,1,79,142,2017,4,16,7,2,0,1,1,0,0,0,0,0,0,6.74499E+20,5.3432E+21,1.13493E+16,4.8218E+16
172698,9.17043E+18,9,1,79,145,2017,4,14,7,3,2,6,0,1,0,0,0,0,0,6.74443E+20,5.33564E+21,1.13454E+16,4.81501E+16
172699,9.17043E+18,9,1,74,115,2017,4,15,7,3,3,2,0,1,0,1,0,0,0,6.83344E+20,5.34826E+21,1.14704E+16,4.8261E+16
172700,9.17043E+18,9,1,77,133,2017,4,5,7,3,9,6,0,1,0,0,0,0,0,7.06515E+20,5.35909E+21,1.17876E+16,4.83512E+16
172701,9.17043E+18,9,1,77,133,2017,4,5,7,3,5,3,0,1,0,0,0,2,0,7.0645E+20,5.35948E+21,1.17869E+16,4.83547E+16
172702,9.17043E+18,9,1,77,133,2017,4,5,7,3,3,6,0,1,0,0,0,2,0,7.06347E+20,5.35926E+21,1.17854E+16,4.83528E+16
172703,9.17043E+18,9,1,78,124,2017,4,17,7,2,0,1,1,0,0,0,0,0,0,7.03474E+20,5.36492E+21,1.17494E+16,4.84045E+16
172704,9.17043E+18,9,1,84,123,2017,4,11,6,3,5,3,1,1,0,0,0,0,1,7.02461E+20,5.33193E+21,1.17199E+16,4.81084E+16
172705,9.17043E+18,9,1,62,0,2017,4,9,6,3,5,3,1,1,0,0,0,0,1,6.8477E+20,5.33459E+21,1.14837E+16,4.81377E+16
172706,9.17043E+18,9,1,62,0,2017,4,7,6,2,5,3,1,1,0,0,0,0,1,6.83986E+20,5.33988E+21,1.14754E+16,4.81855E+16
172707,9.17043E+18,9,1,62,0,2017,4,17,6,3,5,2,0,1,0,1,0,0,1,6.91341E+20,5.33842E+21,1.15736E+16,4.81702E+16
172708,9.17043E+18,9,1,62,0,2017,4,13,6,3,0,7,1,0,0,0,0,0,1,6.9174E+20,5.33503E+21,1.15774E+16,4.81396E+16
172709,9.17043E+18,9,1,88,127,2017,4,16,6,3,4,6,0,1,0,0,0,0,1,6.78146E+20,5.33062E+21,1.1393E+16,4.81039E+16
172710,9.17043E+18,9,1,84,140,2017,4,7,6,2,6,4,0,1,1,0,0,0,1,7.02264E+20,5.32835E+21,1.17156E+16,4.80764E+16
172711,9.17043E+18,9,1,62,0,2017,4,20,6,3,1,1,0,1,0,0,0,2,1,6.93229E+20,5.33451E+21,1.15972E+16,4.81345E+16
172712,9.17043E+18,9,7,75,135,2017,4,14,6,3,5,3,1,1,0,0,0,0,1,5.74385E+20,5.35947E+21,1.00047E+16,4.8384E+16
172713,9.17043E+18,9,7,75,135,2017,4,15,6,2,0,7,1,1,0,0,0,1,1,5.79138E+20,5.36333E+21,1.00696E+16,4.84182E+16
172714,9.17043E+18,9,7,78,173,2017,4,7,6,3,2,6,0,1,0,0,0,0,2,6.11754E+20,5.32285E+21,1.04996E+16,4.80492E+16
172715,9.17043E+18,9,7,64,0,2017,4,14,6,3,5,3,1,0,0,0,0,0,1,5.88184E+20,5.31558E+21,1.01819E+16,4.79874E+16
172716,9.17043E+18,9,7,78,157,2017,4,15,6,3,5,3,0,1,0,0,0,0,1,5.97114E+20,5.33437E+21,1.03058E+16,4.81552E+16
172717,9.17043E+18,9,7,74,171,2017,4,19,6,3,0,1,1,0,0,0,0,0,0,6.0106E+20,5.37053E+21,1.03675E+16,4.84797E+16
172718,9.17043E+18,9,7,80,134,2017,4,13,6,3,5,3,0,1,0,0,1,0,1,5.94775E+20,5.26029E+21,1.02582E+16,4.74891E+16
172719,9.17043E+18,9,7,80,133,2017,4,10,6,3,5,3,0,1,0,0,0,0,1,5.9712E+20,5.25083E+21,1.02872E+16,4.74037E+16
172720,9.17043E+18,9,7,77,151,2017,4,10,6,3,8,1,0,0,0,0,1,0,1,6.19149E+20,5.29004E+21,1.05897E+16,4.77527E+16
172721,9.17043E+18,9,7,77,151,2017,4,17,6,3,5,3,0,1,0,0,0,0,0,6.21055E+20,5.29166E+21,1.06156E+16,4.77669E+16
172722,9.17043E+18,9,7,72,200,2017,4,7,6,3,1,1,0,1,0,0,0,0,1,6.31231E+20,5.33802E+21,1.07655E+16,4.81819E+16
172723,9.17043E+18,9,7,61,0,2017,4,7,6,3,4,2,1,1,0,0,0,0,1,6.39148E+20,5.35922E+21,1.08789E+16,4.83708E+16
172724,9.17043E+18,9,7,61,0,2017,4,14,6,3,5,3,1,1,0,0,0,0,1,6.38989E+20,5.35644E+21,1.08758E+16,4.83458E+16
172725,9.17043E+18,9,7,61,0,2017,4,18,6,3,5,3,1,1,0,0,0,0,1,6.40313E+20,5.35916E+21,1.08946E+16,4.837E+16
172726,9.17043E+18,9,6,63,0,2017,4,14,6,3,1,7,1,1,0,0,0,0,0,5.67879E+20,5.51659E+21,9.9432E+15,4.9798E+16
172727,9.17043E+18,9,6,75,141,2017,4,16,6,3,6,7,0,1,1,0,0,0,0,5.84245E+20,5.51034E+21,1.01692E+16,4.97397E+16
172728,9.17043E+18,9,6,62,0,2017,4,13,6,3,1,5,0,1,0,1,0,0,0,5.86454E+20,5.54328E+21,1.02072E+16,5.00355E+16
172729,9.17043E+18,9,6,62,0,2017,4,15,6,3,0,7,0,1,0,0,0,0,0,5.89106E+20,5.54492E+21,1.02446E+16,5.00499E+16
172730,9.17043E+18,9,6,62,0,2017,4,10,6,1,6,4,0,1,1,0,0,0,0,5.8648E+20,5.54405E+21,1.02078E+16,5.00425E+16
172731,9.17043E+18,9,6,62,0,2017,4,14,6,3,3,2,1,1,0,0,0,0,0,5.865E+20,5.54346E+21,1.02079E+16,5.00371E+16
172732,9.17043E+18,9,5,62,0,2017,4,1,6,3,0,7,1,0,0,0,0,2,0,6.44836E+20,5.49569E+21,1.10043E+16,4.95964E+16
172733,9.17043E+18,9,5,62,0,2017,4,16,6,3,5,3,0,1,0,0,0,0,0,6.46069E+20,5.49464E+21,1.1021E+16,4.95867E+16
172734,9.17043E+18,9,5,62,0,2017,4,15,6,3,2,6,0,1,0,0,0,0,0,6.42341E+20,5.49528E+21,1.09696E+16,4.95933E+16
172735,9.17043E+18,9,5,63,0,2017,4,18,6,3,5,7,1,1,0,0,0,0,0,6.40576E+20,5.48398E+21,1.09412E+16,4.94922E+16
172736,9.17043E+18,9,5,64,0,2017,4,17,6,3,2,6,0,1,0,0,0,0,0,6.54919E+20,5.48226E+21,1.11384E+16,4.94732E+16
172737,9.17043E+18,9,5,64,0,2017,4,14,6,2,5,3,1,1,0,0,0,0,1,6.51986E+20,5.481E+21,1.10975E+16,4.94626E+16