OBJECTID,UIDENTSTLA,ULAND,UREGBEZ,UKREIS,UGEMEINDE,UJAHR,UMONAT,USTUNDE,UWOCHENTAG,UKATEGORIE,UART,UTYP1,IstRad,IstPKW,IstFuss,IstKrad,IstSonstig,LICHT,STRZUSTAND,LINREFX,LINREFY,XGCSWGS84,YGCSWGS84
173083,9.17051E+18,9,1,74,126,2017,5,19,5,3,8,1,1,0,0,0,0,1,0,6.82076E+20,5.34478E+21,1.14519E+16,4.82301E+16
173084,9.17051E+18,9,1,62,0,2017,5,14,4,3,3,1,0,1,0,1,0,0,0,6.90648E+20,5.33475E+21,1.15627E+16,4.81374E+16
173085,9.17051E+18,9,1,62,0,2017,5,8,4,3,1,7,1,1,0,0,0,0,0,6.88408E+20,5.33773E+21,1.15339E+16,4.81649E+16
173086,9.17051E+18,9,1,62,0,2017,5,13,4,3,4,7,1,0,0,0,0,0,0,6.96995E+20,5.33169E+21,1.16465E+16,4.8108E+16
173087,9.17051E+18,9,1,62,0,2017,5,14,4,3,3,7,1,1,0,0,0,0,0,6.90964E+20,5.33665E+21,1.15678E+16,4.81544E+16
173088,9.17051E+18,9,1,62,0,2017,5,18,4,2,0,7,1,0,0,0,0,0,0,6.94616E+20,5.34162E+21,1.16191E+16,4.8198E+16
173089,9.17051E+18,9,1,62,0,2017,5,7,4,2,5,2,1,1,0,0,0,0,0,6.92319E+20,5.34003E+21,1.15875E+16,4.81844E+16
173090,9.17051E+18,9,1,62,0,2017,5,17,4,3,5,2,1,1,0,0,0,0,0,6.92651E+20,5.3307E+21,1.15877E+16,4.81004E+16
173091,9.17051E+18,9,1,62,0,2017,5,18,4,2,6,6,0,1,1,0,0,0,0,6.94768E+20,5.34033E+21,1.16205E+16,4.81863E+16
173092,9.17051E+18,9,1,84,119,2017,5,20,4,3,5,3,1,1,0,0,0,1,0,6.97837E+20,5.34943E+21,1.1666E+16,4.82672E+16
173093,9.17051E+18,9,1,62,0,2017,5,18,4,2,3,6,0,1,0,1,0,0,0,6.89764E+20,5.34014E+21,1.15532E+16,4.81862E+16
173094,9.17051E+18,9,1,62,0,2017,5,10,4,3,5,3,0,1,0,0,0,0,0,6.86223E+20,5.33329E+21,1.15026E+16,4.81256E+16
173095,9.17051E+18,9,1,62,0,2017,5,11,4,3,2,6,1,0,0,0,0,0,0,6.92047E+20,5.33373E+21,1.1581E+16,4.81278E+16
173096,9.17051E+18,9,1,62,0,2017,5,14,4,3,5,7,0,1,0,0,0,0,0,6.93809E+20,5.33391E+21,1.16047E+16,4.81289E+16
173097,9.17051E+18,9,1,62,0,2017,5,18,4,3,3,6,0,1,0,1,0,0,0,6.93665E+20,5.33245E+21,1.16021E+16,4.81158E+16
173098,9.17051E+18,9,1,62,0,2017,5,16,4,3,0,1,1,0,0,0,0,0,0,6.86684E+20,5.33151E+21,1.1508E+16,4.81095E+16
173099,9.17051E+18,9,7,75,135,2017,5,16,4,3,1,6,1,1,0,0,0,0,0,5.78986E+20,5.36254E+21,1.00674E+16,4.8411E+16
173100,9.17051E+18,9,7,74,198,2017,5,17,4,3,0,7,1,0,0,0,0,0,0,6.13915E+20,5.34981E+21,1.05358E+16,4.82913E+16
173101,9.17051E+18,9,7,63,0,2017,5,15,4,3,4,6,1,1,0,0,0,0,0,5.97977E+20,5.28776E+21,1.03068E+16,4.77357E+16
173102,9.17051E+18,9,7,77,151,2017,5,14,4,3,5,3,1,1,0,0,0,0,0,6.21309E+20,5.29159E+21,1.06189E+16,4.77662E+16
173103,9.17051E+18,9,7,76,116,2017,5,11,4,2,0,1,1,0,0,0,0,0,0,5.52263E+20,5.2677E+21,9.69474E+15,4.75606E+16
173104,9.17051E+18,9,7,77,129,2017,5,18,4,3,6,6,0,1,1,0,0,0,0,6.27843E+20,5.26959E+21,1.06997E+16,4.75672E+16
173105,9.17051E+18,9,7,72,130,2017,5,8,4,3,6,4,0,1,1,0,0,0,0,6.31154E+20,5.35747E+21,1.07705E+16,4.83568E+16
173106,9.17051E+18,9,6,63,0,2017,5,16,4,3,2,6,0,1,0,0,0,0,0,5.71361E+20,5.5167E+21,9.9916E+15,4.97985E+16
173107,9.17051E+18,9,6,63,0,2017,5,8,4,3,5,3,0,1,0,1,0,0,0,5.65202E+20,5.5168E+21,9.90605E+15,4.98001E+16
173108,9.17051E+18,9,6,74,147,2017,5,14,4,3,0,1,0,0,0,1,0,0,0,6.09943E+20,5.54403E+21,1.05353E+16,5.00384E+16
173109,9.17051E+18,9,6,72,114,2017,5,7,4,3,3,5,0,1,0,0,0,0,0,5.77134E+20,5.56235E+21,1.0081E+16,5.02083E+16
173110,9.17051E+18,9,6,78,178,2017,5,15,4,3,5,3,0,1,0,1,0,0,0,5.89297E+20,5.54326E+21,1.02469E+16,5.0035E+16
173111,9.17051E+18,9,6,71,112,2017,5,15,4,2,0,7,1,0,0,0,0,0,0,5.18376E+20,5.53266E+21,9.25612E+15,4.9946E+16
173112,9.17051E+18,9,6,61,0,2017,5,18,4,3,1,3,1,1,0,0,0,0,0,5.10732E+20,5.53663E+21,9.14969E+15,4.99819E+16
173113,9.17051E+18,9,5,72,120,2017,5,7,4,3,5,6,1,1,0,0,0,0,0,6.4826E+20,5.4954E+21,1.10515E+16,4.9593E+16
173114,9.17051E+18,9,5,64,0,2017,5,7,4,3,5,3,1,1,0,0,0,0,0,6.56036E+20,5.47424E+21,1.11507E+16,4.94008E+16
173115,9.17051E+18,9,5,64,0,2017,5,7,4,2,5,3,0,1,0,1,0,0,0,6.4991E+20,5.47855E+21,1.10679E+16,4.94411E+16
173116,9.17051E+18,9,5,64,0,2017,5,20,4,3,5,3,0,1,0,0,0,0,0,6.53125E+20,5.48265E+21,1.11139E+16,4.94772E+16
173117,9.17051E+18,9,5,73,114,2017,5,11,4,3,5,3,0,1,0,0,0,0,0,6.35386E+20,5.48053E+21,1.08684E+16,4.94624E+16
173118,9.17051E+18,9,5,71,165,2017,5,11,4,3,5,2,0,1,0,0,0,0,0,6.29995E+20,5.46653E+21,1.07895E+16,4.93377E+16
173119,9.17051E+18,9,5,75,112,2017,5,19,4,3,4,2,0,1,0,1,0,0,0,6.02111E+20,5.48463E+21,1.04104E+16,4.95057E+16
173120,9.17051E+18,9,4,75,162,2017,5,17,4,3,5,7,1,1,0,0,0,0,0,7.16374E+20,5.57075E+21,1.20351E+16,5.02492E+16
173121,9.17051E+18,9,4,64,0,2017,5,6,4,2,6,4,0,1,1,0,0,0,0,7.08218E+20,5.57783E+21,1.19248E+16,5.03158E+16
173122,9.17051E+18,9,4,62,0,2017,5,9,4,3,1,7,1,1,0,0,0,0,0,6.84887E+20,5.53585E+21,1.15771E+16,4.99463E+16
173123,9.17051E+18,9,3,74,111,2017,5,13,4,3,0,1,1,0,0,0,0,0,0,7.27725E+20,5.51206E+21,1.21594E+16,4.97179E+16
173124,9.17051E+18,9,3,62,0,2017,5,20,4,3,0,7,0,0,0,1,1,0,1,7.24589E+20,5.43176E+21,1.20706E+16,4.89978E+16
173125,9.17051E+18,9,3,62,0,2017,5,13,4,3,2,6,0,1,0,1,0,0,0,7.26782E+20,5.43368E+21,1.21017E+16,4.90143E+16
173126,9.17051E+18,9,3,62,0,2017,5,19,4,2,6,4,0,1,1,0,0,0,0,7.27334E+20,5.43143E+21,1.21079E+16,4.89939E+16
173127,9.17051E+18,9,3,62,0,2017,5,7,4,3,2,6,0,1,0,0,0,0,0,7.25748E+20,5.43319E+21,1.20873E+16,4.90103E+16
173128,9.17051E+18,9,3,62,0,2017,5,13,4,2,0,7,1,0,0,0,0,0,0,7.28237E+20,5.43609E+21,1.21229E+16,4.90354E+16
173129,9.17051E+18,9,3,73,147,2017,5,17,4,2,5,3,0,1,0,1,0,0,0,6.77404E+20,5.46249E+21,1.14397E+16,4.92894E+16
173130,9.17051E+18,9,3,73,147,2017,5,17,4,3,5,3,0,1,0,0,0,0,0,6.78E+20,5.4623E+21,1.14478E+16,4.92875E+16
173131,9.17051E+18,9,3,72,116,2017,5,12,4,3,6,2,0,1,1,0,0,0,0,7.66785E+20,5.45822E+21,1.26639E+16,4.92186E+16
173132,9.17051E+18,9,2,75,116,2017,5,9,4,3,1,7,0,1,0,0,0,0,0,8.20689E+20,5.364E+21,1.33287E+16,4.83476E+16
173133,9.17051E+18,9,2,74,128,2017,5,16,4,3,5,3,1,1,0,0,0,0,0,7.35481E+20,5.38615E+21,1.21932E+16,4.85842E+16
173134,9.17051E+18,9,2,73,141,2017,5,15,4,3,0,7,1,0,0,0,0,0,0,7.23856E+20,5.41187E+21,1.20497E+16,4.88194E+16
173135,9.17051E+18,9,2,73,116,2017,5,6,4,3,4,6,0,1,0,0,0,0,0,7.22963E+20,5.42456E+21,1.20445E+16,4.89338E+16
173136,9.17051E+18,9,2,79,134,2017,5,17,4,2,5,3,1,1,0,0,0,0,0,7.67234E+20,5.38616E+21,1.26229E+16,4.85715E+16
173137,9.17051E+18,9,1,73,126,2017,5,9,4,3,5,3,1,1,0,0,0,0,0,6.84884E+20,5.3053E+21,1.14726E+16,4.78744E+16
173138,9.17051E+18,9,1,73,126,2017,5,10,4,2,7,7,1,0,0,0,1,0,0,6.85416E+20,5.30353E+21,1.14789E+16,4.78583E+16
173139,9.17051E+18,9,1,89,155,2017,5,11,4,3,5,3,0,1,0,0,1,0,0,7.7143E+20,5.30629E+21,1.26286E+16,4.78526E+16
173140,9.17051E+18,9,1,72,118,2017,5,14,4,3,0,7,1,1,0,0,0,0,0,7.97617E+20,5.30626E+21,1.29778E+16,4.78407E+16
173141,9.17051E+18,9,1,63,0,2017,5,17,4,3,6,7,0,0,1,0,1,0,0,7.3312E+20,5.30473E+21,1.21165E+16,4.78536E+16
173142,9.17051E+18,9,1,63,0,2017,5,16,4,3,2,6,0,1,0,0,0,0,0,7.34048E+20,5.30487E+21,1.21289E+16,4.78545E+16
173143,9.17051E+18,9,1,87,129,2017,5,15,4,2,4,6,1,0,0,0,0,0,0,7.23203E+20,5.29873E+21,1.1981E+16,4.78032E+16
173144,9.17051E+18,9,1,87,122,2017,5,16,4,3,0,5,0,1,0,1,0,0,0,7.17914E+20,5.30739E+21,1.19148E+16,4.78828E+16
173145,9.17051E+18,9,1,87,117,2017,5,18,4,3,0,1,0,0,0,1,0,0,0,7.23238E+20,5.30746E+21,1.1986E+16,4.78816E+16
173146,9.17051E+18,9,1,61,0,2017,5,14,4,3,6,4,0,1,1,0,0,0,0,6.76828E+20,5.40545E+21,1.14069E+16,4.87769E+16
173147,9.17051E+18,9,1,61,0,2017,5,8,4,3,6,4,0,1,0,0,1,0,0,6.79459E+20,5.40267E+21,1.14415E+16,4.87511E+16
173148,9.17051E+18,9,1,79,132,2017,5,7,4,3,3,5,0,0,0,1,1,0,0,6.61286E+20,5.3367E+21,1.1169E+16,4.8163E+16
173149,9.17051E+18,9,1,74,115,2017,5,18,4,3,3,2,0,1,0,1,0,0,0,6.80787E+20,5.34642E+21,1.14352E+16,4.82452E+16
173150,9.17051E+18,9,1,74,131,2017,5,17,4,2,5,3,1,1,0,0,0,0,0,6.75394E+20,5.35592E+21,1.13666E+16,4.83321E+16
173151,9.17051E+18,9,1,78,145,2017,5,8,4,3,5,3,1,1,0,0,0,0,0,6.97852E+20,5.35434E+21,1.16685E+16,4.83112E+16
173152,9.17051E+18,9,1,62,0,2017,5,15,3,3,3,2,1,1,0,0,0,0,0,6.89359E+20,5.33365E+21,1.15449E+16,4.81279E+16
173153,9.17051E+18,9,1,62,0,2017,5,7,3,3,5,3,1,1,0,0,0,0,0,6.90432E+20,5.33703E+21,1.15608E+16,4.8158E+16
173154,9.17051E+18,9,1,62,0,2017,5,13,3,3,3,6,1,0,0,0,0,0,0,6.86703E+20,5.33336E+21,1.15091E+16,4.81261E+16
173155,9.17051E+18,9,1,62,0,2017,5,15,3,3,2,6,0,1,0,0,0,0,0,6.91078E+20,5.33436E+21,1.15683E+16,4.81338E+16
173156,9.17051E+18,9,1,62,0,2017,5,14,3,3,0,7,1,0,0,0,1,0,0,6.87634E+20,5.33437E+21,1.1522E+16,4.81349E+16
173157,9.17051E+18,9,1,62,0,2017,5,18,3,3,5,3,1,1,0,0,0,0,0,6.88358E+20,5.33049E+21,1.153E+16,4.80998E+16
173158,9.17051E+18,9,1,62,0,2017,5,16,3,3,6,4,0,0,1,1,0,0,0,6.91508E+20,5.33245E+21,1.15732E+16,4.81165E+16
173159,9.17051E+18,9,1,62,0,2017,5,15,3,3,0,7,0,0,0,1,0,0,0,6.91499E+20,5.33703E+21,1.15751E+16,4.81576E+16
173160,9.17051E+18,9,7,75,152,2017,5,7,3,3,0,7,1,1,0,0,0,0,0,5.78513E+20,5.35302E+21,1.00592E+16,4.83255E+16
173161,9.17051E+18,9,7,74,135,2017,5,13,3,2,5,3,0,1,0,1,0,0,0,5.94648E+20,5.36746E+21,1.02801E+16,4.84531E+16
173162,9.17051E+18,9,7,80,133,2017,5,18,3,3,0,1,1,0,0,0,0,0,0,5.96381E+20,5.25175E+21,1.02776E+16,4.74121E+16
173163,9.17051E+18,9,7,76,116,2017,5,17,3,3,0,1,1,0,0,0,0,0,0,5.50825E+20,5.26745E+21,9.67559E+15,4.75585E+16
173164,9.17051E+18,9,7,62,0,2017,5,22,3,3,4,6,1,1,0,0,0,2,0,6.22273E+20,5.30424E+21,1.06354E+16,4.78798E+16
173165,9.17051E+18,9,7,73,125,2017,5,23,3,3,2,6,0,1,0,0,0,2,0,6.10663E+20,5.38107E+21,1.05002E+16,4.85729E+16
173166,9.17051E+18,9,7,72,202,2017,5,7,3,3,5,3,0,1,0,0,0,0,1,6.36998E+20,5.35681E+21,1.08491E+16,4.83496E+16
173167,9.17051E+18,9,7,61,0,2017,5,7,3,3,5,2,0,1,0,0,1,0,0,6.40797E+20,5.35651E+21,1.09003E+16,4.8346E+16
173168,9.17051E+18,9,7,61,0,2017,5,15,3,3,5,3,1,1,0,0,0,0,0,6.39628E+20,5.35955E+21,1.08855E+16,4.83737E+16
173169,9.17051E+18,9,6,63,0,2017,5,7,3,3,5,2,0,1,0,0,1,0,0,5.68802E+20,5.51532E+21,9.9558E+15,4.97864E+16
173170,9.17051E+18,9,6,62,0,2017,5,7,3,3,1,6,0,1,0,0,1,0,0,5.85961E+20,5.54441E+21,1.02006E+16,5.00458E+16
173171,9.17051E+18,9,6,78,168,2017,5,16,3,2,5,3,0,1,0,0,1,0,0,5.81269E+20,5.55024E+21,1.01363E+16,5.00989E+16
173172,9.17051E+18,9,6,76,145,2017,5,16,3,3,1,5,1,1,0,0,0,0,0,5.10603E+20,5.5216E+21,9.14748E+15,4.98468E+16
173173,9.17051E+18,9,6,71,140,2017,5,20,3,3,5,3,0,1,0,0,0,0,0,5.06734E+20,5.53624E+21,9.09392E+15,4.99785E+16
173174,9.17051E+18,9,5,72,135,2017,5,20,3,3,2,6,0,0,0,1,1,1,0,6.32237E+20,5.50739E+21,1.0834E+16,4.97045E+16
173175,9.17051E+18,9,5,74,128,2017,5,18,3,3,5,3,0,1,0,0,0,0,0,6.78907E+20,5.48544E+21,1.14707E+16,4.94952E+16
173176,9.17051E+18,9,5,64,0,2017,5,20,3,3,8,1,0,0,0,0,1,2,0,6.50335E+20,5.47926E+21,1.10741E+16,4.94474E+16
173177,9.17051E+18,9,5,64,0,2017,5,7,3,3,6,7,0,1,1,0,0,0,0,6.54412E+20,5.4762E+21,1.11291E+16,4.94189E+16
173178,9.17051E+18,9,5,64,0,2017,5,7,3,3,3,6,1,1,0,0,0,0,0,6.4994E+20,5.47891E+21,1.10685E+16,4.94444E+16
173179,9.17051E+18,9,5,61,0,2017,5,17,3,3,4,6,0,1,0,1,0,0,0,6.14265E+20,5.46192E+21,1.05717E+16,4.92994E+16
173180,9.17051E+18,9,5,77,177,2017,5,18,3,3,5,3,0,1,0,0,0,0,0,6.44158E+20,5.43187E+21,1.09719E+16,4.90228E+16
173181,9.17051E+18,9,5,71,145,2017,5,6,3,3,5,3,0,1,0,0,0,0,0,5.96051E+20,5.44701E+21,1.03177E+16,4.91684E+16
173182,9.17051E+18,9,5,71,224,2017,5,11,3,3,5,3,0,1,0,0,0,0,0,6.01701E+20,5.43162E+21,1.03913E+16,4.90291E+16
173183,9.17051E+18,9,4,75,136,2017,5,16,3,3,0,1,1,0,0,0,0,0,0,6.93468E+20,5.56854E+21,1.17131E+16,5.02374E+16
173184,9.17051E+18,9,4,78,139,2017,5,9,3,3,0,7,0,0,0,1,1,0,1,6.46872E+20,5.5566E+21,1.10556E+16,5.01434E+16
173185,9.17051E+18,9,4,77,128,2017,5,16,3,3,5,3,1,1,0,0,0,0,0,6.73275E+20,5.55247E+21,1.14229E+16,5.00992E+16
173186,9.17051E+18,9,4,62,0,2017,5,19,3,3,5,3,1,1,0,0,0,0,0,6.84896E+20,5.53671E+21,1.15776E+16,4.99541E+16
173187,9.17051E+18,9,4,71,145,2017,5,17,3,3,5,3,0,1,0,0,0,0,0,6.43355E+20,5.52058E+21,1.0993E+16,4.98205E+16
173188,9.17051E+18,9,3,75,118,2017,5,15,3,3,4,1,0,1,0,0,0,0,0,7.04713E+20,5.44212E+21,1.18045E+16,4.90979E+16
173189,9.17051E+18,9,3,62,0,2017,5,12,3,3,3,6,0,1,0,0,1,0,0,7.26146E+20,5.43206E+21,1.20921E+16,4.89999E+16
173190,9.17051E+18,9,2,75,111,2017,5,7,3,3,4,6,0,1,0,0,0,0,0,8.18611E+20,5.40105E+21,1.3329E+16,4.86811E+16
173191,9.17051E+18,9,1,83,148,2017,5,16,3,3,1,1,0,1,0,0,0,0,0,7.52222E+20,5.34372E+21,1.23943E+16,4.81966E+16
173192,9.17051E+18,9,1,63,0,2017,5,17,3,3,5,3,0,1,0,1,0,0,0,7.30982E+20,5.30405E+21,1.20876E+16,4.78483E+16
173193,9.17051E+18,9,1,63,0,2017,5,12,3,3,6,6,0,0,1,0,1,0,1,7.32944E+20,5.30303E+21,1.21132E+16,4.78384E+16
173194,9.17051E+18,9,1,63,0,2017,5,16,3,3,5,3,0,1,0,0,0,0,0,7.32643E+20,5.30687E+21,1.21113E+16,4.7873E+16
173195,9.17051E+18,9,1,61,0,2017,5,18,3,3,5,3,1,1,0,0,0,0,0,6.78664E+20,5.405E+21,1.14317E+16,4.87723E+16
173196,9.17051E+18,9,1,85,158,2017,5,8,3,2,1,6,0,0,0,1,0,0,0,6.67727E+20,5.38137E+21,1.12734E+16,4.8563E+16
173197,9.17051E+18,9,1,86,143,2017,5,7,3,3,0,1,0,0,0,1,0,0,0,6.84075E+20,5.37781E+21,1.14932E+16,4.85264E+16
173198,9.17051E+18,9,1,74,115,2017,5,18,3,3,1,3,1,0,0,0,1,0,0,6.82813E+20,5.34776E+21,1.1463E+16,4.82566E+16
173199,9.17051E+18,9,1,74,115,2017,5,17,3,3,2,2,0,1,0,0,1,0,0,6.81392E+20,5.34784E+21,1.1444E+16,4.82578E+16
173200,9.17051E+18,9,1,78,130,2017,5,7,3,3,0,1,1,0,0,0,1,0,0,7.03828E+20,5.35414E+21,1.17489E+16,4.83076E+16
173201,9.17051E+18,9,1,78,145,2017,5,8,3,2,0,7,1,0,0,0,0,0,0,6.97508E+20,5.35447E+21,1.1664E+16,4.83125E+16
173202,9.17051E+18,9,1,78,129,2017,5,17,3,3,5,3,1,1,0,0,0,0,0,7.10352E+20,5.37237E+21,1.18459E+16,4.84692E+16
173203,9.17051E+18,9,1,78,124,2017,5,8,3,3,0,1,1,0,0,0,0,0,1,7.04001E+20,5.36414E+21,1.17561E+16,4.83974E+16
173204,9.17051E+18,9,1,84,112,2017,5,7,2,3,2,6,0,1,0,0,0,0,1,7.00093E+20,5.33688E+21,1.16905E+16,4.81537E+16
173205,9.17051E+18,9,1,62,0,2017,5,14,2,3,2,6,0,1,0,0,1,0,1,6.95668E+20,5.3309E+21,1.16283E+16,4.81013E+16
173206,9.17051E+18,9,1,62,0,2017,5,14,2,3,5,3,0,1,0,0,0,0,1,6.8835E+20,5.33717E+21,1.15329E+16,4.81599E+16
173207,9.17051E+18,9,1,62,0,2017,5,13,2,3,5,2,0,1,0,0,0,0,1,6.86771E+20,5.33695E+21,1.15116E+16,4.81583E+16
173208,9.17051E+18,9,1,62,0,2017,5,18,2,3,1,5,0,1,0,0,0,1,1,6.94209E+20,5.33642E+21,1.16112E+16,4.81514E+16
173209,9.17051E+18,9,1,62,0,2017,5,6,2,3,3,5,0,1,0,1,0,0,1,6.91235E+20,5.33997E+21,1.15729E+16,4.81842E+16
173210,9.17051E+18,9,1,62,0,2017,5,11,2,3,5,3,0,1,0,0,0,0,1,6.79726E+20,5.33909E+21,1.14178E+16,4.81796E+16
173211,9.17051E+18,9,1,62,0,2017,5,19,2,3,4,6,1,0,0,0,0,1,1,6.92343E+20,5.33389E+21,1.1585E+16,4.81292E+16
173212,9.17051E+18,9,1,62,0,2017,5,13,2,3,5,3,0,1,0,0,0,0,1,6.90479E+20,5.33664E+21,1.15612E+16,4.81545E+16
173213,9.17051E+18,9,1,62,0,2017,5,18,2,3,2,6,0,1,0,0,0,0,1,6.91982E+20,5.34001E+21,1.15829E+16,4.81843E+16
173214,9.17051E+18,9,1,84,119,2017,5,17,2,3,6,2,0,1,1,0,0,0,1,6.95766E+20,5.34751E+21,1.16373E+16,4.82506E+16
173215,9.17051E+18,9,1,62,0,2017,5,8,2,3,0,3,1,0,0,0,1,0,1,6.87337E+20,5.33385E+21,1.15178E+16,4.81303E+16
173216,9.17051E+18,9,1,62,0,2017,5,5,2,3,6,3,0,1,1,0,0,0,1,6.90518E+20,5.33975E+21,1.15632E+16,4.81824E+16
173217,9.17051E+18,9,1,62,0,2017,5,16,2,3,3,6,0,0,0,0,1,0,1,6.88365E+20,5.33662E+21,1.15328E+16,4.81549E+16
173218,9.17051E+18,9,1,62,0,2017,5,22,2,3,1,1,0,1,0,1,0,2,1,6.91499E+20,5.33081E+21,1.15723E+16,4.81018E+16
173219,9.17051E+18,9,1,62,0,2017,5,14,2,3,4,2,0,1,0,1,0,0,1,6.90657E+20,5.33765E+21,1.15641E+16,4.81635E+16
173220,9.17051E+18,9,1,62,0,2017,5,16,2,3,1,6,0,1,0,0,0,0,1,6.9225E+20,5.33856E+21,1.15859E+16,4.81711E+16
173221,9.17051E+18,9,1,62,0,2017,5,20,2,3,5,7,0,1,0,0,0,1,0,6.91877E+20,5.33464E+21,1.15791E+16,4.8136E+16
173222,9.17051E+18,9,7,78,115,2017,5,15,2,3,5,3,0,1,0,0,1,0,1,5.93841E+20,5.33323E+21,1.02616E+16,4.81454E+16
173223,9.17051E+18,9,7,63,0,2017,5,6,2,3,0,5,1,1,0,0,0,1,1,6.00333E+20,5.28557E+21,1.03377E+16,4.77157E+16
173224,9.17051E+18,9,7,62,0,2017,5,12,2,3,5,3,0,1,0,0,0,0,1,6.20317E+20,5.30512E+21,1.06095E+16,4.78881E+16
173225,9.17051E+18,9,7,61,0,2017,5,8,2,3,1,6,0,1,0,0,0,0,0,6.39302E+20,5.36019E+21,1.08813E+16,4.83794E+16
173226,9.17051E+18,9,6,79,156,2017,5,17,2,3,5,3,1,1,0,0,0,0,0,5.75191E+20,5.52177E+21,1.00458E+16,4.98436E+16
173227,9.17051E+18,9,6,77,157,2017,5,8,2,3,5,3,0,1,0,0,0,0,0,5.44169E+20,5.52193E+21,9.61437E+15,4.98481E+16
173228,9.17051E+18,9,6,74,130,2017,5,10,2,3,6,4,0,0,1,1,0,0,0,6.28448E+20,5.55057E+21,1.07958E+16,5.00935E+16
173229,9.17051E+18,9,6,73,141,2017,5,17,2,3,5,3,1,1,0,0,0,0,0,6.04751E+20,5.57256E+21,1.04707E+16,5.02958E+16
173230,9.17051E+18,9,6,73,114,2017,5,7,2,3,5,3,0,1,0,1,0,0,0,5.86069E+20,5.57624E+21,1.02093E+16,5.0332E+16
173231,9.17051E+18,9,5,76,143,2017,5,12,2,3,4,6,0,1,0,0,0,0,0,6.53987E+20,5.45653E+21,1.11157E+16,4.92422E+16
173232,9.17051E+18,9,5,74,112,2017,5,14,2,3,5,3,1,1,0,0,0,0,0,6.71947E+20,5.47294E+21,1.13693E+16,4.93849E+16
173233,9.17051E+18,9,5,63,0,2017,5,7,2,3,1,6,0,1,0,0,0,0,1,6.40812E+20,5.48101E+21,1.09434E+16,4.94654E+16
173234,9.17051E+18,9,5,64,0,2017,5,8,2,3,5,3,0,1,0,0,0,0,0,6.51196E+20,5.47742E+21,1.10853E+16,4.94306E+16
173235,9.17051E+18,9,5,64,0,2017,5,6,2,3,2,6,0,1,0,0,0,0,1,6.5082E+20,5.4834E+21,1.10823E+16,4.94845E+16
173236,9.17051E+18,9,5,64,0,2017,5,16,2,2,5,3,1,0,0,0,0,0,0,6.49959E+20,5.47905E+21,1.10688E+16,4.94456E+16
173237,9.17051E+18,9,5,63,0,2017,5,18,2,3,2,6,0,1,0,0,1,1,0,6.44953E+20,5.4813E+21,1.10006E+16,4.94671E+16
173238,9.17051E+18,9,5,61,0,2017,5,23,2,3,9,1,0,1,0,0,0,2,1,6.14516E+20,5.46135E+21,1.0575E+16,4.92941E+16
173239,9.17051E+18,9,5,61,0,2017,5,7,2,3,5,2,0,1,0,0,0,0,1,6.15743E+20,5.46218E+21,1.05921E+16,4.93014E+16
173240,9.17051E+18,9,4,73,120,2017,5,17,2,3,3,5,1,1,0,0,0,0,0,6.4227E+20,5.57283E+21,1.09973E+16,5.02904E+16
173241,9.17051E+18,9,4,78,165,2017,5,19,2,2,4,2,0,1,0,1,0,0,0,6.42676E+20,5.55257E+21,1.09954E+16,5.01082E+16
173242,9.17051E+18,9,3,62,0,2017,5,16,2,3,6,4,0,1,1,0,0,0,1,7.27549E+20,5.432E+21,1.21112E+16,4.89989E+16
173243,9.17051E+18,9,3,62,0,2017,5,14,2,3,5,3,1,1,0,0,0,0,1,7.25573E+20,5.43136E+21,1.20838E+16,4.89939E+16
173244,9.17051E+18,9,3,62,0,2017,5,13,2,2,4,6,1,1,0,0,0,0,0,7.26184E+20,5.4346E+21,1.2094E+16,4.90228E+16
173245,9.17051E+18,9,2,76,148,2017,5,16,2,3,2,6,1,1,0,0,0,0,1,8.09218E+20,5.43755E+21,1.32293E+16,4.90132E+16
173246,9.17051E+18,9,2,63,0,2017,5,14,2,3,5,2,0,1,1,0,0,0,0,7.63437E+20,5.42069E+21,1.25936E+16,4.88831E+16
173247,9.17051E+18,9,2,62,0,2017,5,17,2,3,6,7,0,1,1,0,0,0,1,8.28603E+20,5.38942E+21,1.34551E+16,4.85716E+16
173248,9.17051E+18,9,2,75,116,2017,5,9,2,3,5,3,1,1,0,0,0,0,0,8.1889E+20,5.36394E+21,1.33044E+16,4.8348E+16
173249,9.17051E+18,9,2,77,124,2017,5,16,2,3,5,3,0,1,0,0,0,0,1,7.83539E+20,5.36911E+21,1.28319E+16,4.84113E+16
173250,9.17051E+18,9,2,74,132,2017,5,15,2,3,5,3,0,1,0,0,0,0,1,7.2268E+20,5.38578E+21,1.20197E+16,4.85855E+16
173251,9.17051E+18,9,2,79,135,2017,5,12,2,3,5,3,0,1,0,0,0,0,1,7.70628E+20,5.38313E+21,1.26669E+16,4.85428E+16
173252,9.17051E+18,9,2,79,112,2017,5,16,2,3,5,3,0,1,0,0,0,0,0,7.57447E+20,5.39388E+21,1.24953E+16,4.86449E+16
173253,9.17051E+18,9,1,83,119,2017,5,10,2,3,5,3,0,1,0,0,0,0,1,7.35413E+20,5.33807E+21,1.21654E+16,4.81522E+16
173254,9.17051E+18,9,1,83,128,2017,5,7,2,3,2,2,0,1,0,1,0,0,1,7.61595E+20,5.34904E+21,1.25235E+16,4.82405E+16