OBJECTID,UIDENTSTLA,ULAND,UREGBEZ,UKREIS,UGEMEINDE,UJAHR,UMONAT,USTUNDE,UWOCHENTAG,UKATEGORIE,UART,UTYP1,IstRad,IstPKW,IstFuss,IstKrad,IstSonstig,LICHT,STRZUSTAND,LINREFX,LINREFY,XGCSWGS84,YGCSWGS84
173255,9.17051E+18,9,1,72,134,2017,5,13,2,3,5,3,1,1,0,0,0,0,0,7.85707E+20,5.30663E+21,1.28193E+16,4.78494E+16
173256,9.17051E+18,9,1,72,118,2017,5,13,2,3,1,5,1,1,0,0,0,0,1,7.96739E+20,5.30715E+21,1.29667E+16,4.78491E+16
173257,9.17051E+18,9,1,71,111,2017,5,7,2,2,3,2,1,1,0,0,0,0,1,7.72627E+20,5.34795E+21,1.26711E+16,4.82261E+16
173258,9.17051E+18,9,1,63,0,2017,5,7,2,3,5,3,0,1,0,0,0,0,1,7.32175E+20,5.3046E+21,1.21038E+16,4.78528E+16
173259,9.17051E+18,9,1,87,150,2017,5,14,2,3,4,7,1,1,0,0,0,0,1,7.29274E+20,5.30349E+21,1.20645E+16,4.78438E+16
173260,9.17051E+18,9,1,61,0,2017,5,6,2,3,1,1,0,1,0,0,0,0,0,6.77912E+20,5.40152E+21,1.142E+16,4.87413E+16
173261,9.17051E+18,9,1,86,137,2017,5,20,2,3,8,1,1,0,0,0,0,0,0,6.80664E+20,5.39845E+21,1.1456E+16,4.87129E+16
173262,9.17051E+18,9,1,79,145,2017,5,20,2,3,0,7,1,0,0,0,0,2,1,6.75176E+20,5.33797E+21,1.13562E+16,4.81708E+16
173263,9.17051E+18,9,1,88,121,2017,5,13,2,3,5,3,1,1,0,0,0,0,1,6.70595E+20,5.3306E+21,1.12917E+16,4.81058E+16
173264,9.17051E+18,9,1,79,121,2017,5,17,2,3,2,6,0,1,0,0,0,0,1,6.66586E+20,5.33776E+21,1.12407E+16,4.81713E+16
173265,9.17051E+18,9,1,79,147,2017,5,11,2,3,8,1,0,1,0,0,0,0,1,6.64734E+20,5.33366E+21,1.12142E+16,4.81349E+16
173266,9.17051E+18,9,1,74,115,2017,5,19,2,3,5,3,0,1,0,0,0,0,0,6.80862E+20,5.34692E+21,1.14364E+16,4.82497E+16
173267,9.17051E+18,9,1,84,131,2017,5,18,1,3,5,3,1,1,0,0,0,0,0,7.05782E+20,5.33958E+21,1.17682E+16,4.81761E+16
173268,9.17051E+18,9,1,62,0,2017,5,8,1,3,0,1,0,0,0,1,0,0,1,6.88051E+20,5.33901E+21,1.15297E+16,4.81765E+16
173269,9.17051E+18,9,1,62,0,2017,5,13,1,3,1,5,0,1,0,0,0,0,1,6.8625E+20,5.33897E+21,1.15054E+16,4.81766E+16
173270,9.17051E+18,9,1,62,0,2017,5,10,1,3,0,7,0,0,0,0,1,0,1,6.93784E+20,5.33387E+21,1.16044E+16,4.81286E+16
173271,9.17051E+18,9,1,62,0,2017,5,18,1,3,5,2,1,0,0,0,1,0,1,6.90153E+20,5.33524E+21,1.15562E+16,4.8142E+16
173272,9.17051E+18,9,1,62,0,2017,5,11,1,3,6,4,0,1,1,0,0,0,1,6.92545E+20,5.33751E+21,1.15894E+16,4.81617E+16
173273,9.17051E+18,9,7,76,116,2017,5,21,1,3,8,1,0,1,0,0,0,2,1,5.51146E+20,5.26912E+21,9.68006E+15,4.75735E+16
173274,9.17051E+18,9,7,72,131,2017,5,16,1,3,2,6,0,1,0,0,0,0,1,6.18118E+20,5.35581E+21,1.05941E+16,4.83444E+16
173275,9.17051E+18,9,5,63,0,2017,5,18,1,2,6,4,1,0,1,0,0,0,0,6.44089E+20,5.48063E+21,1.09885E+16,4.94612E+16
173276,9.17051E+18,9,5,73,130,2017,5,10,1,3,0,1,1,0,0,0,0,0,0,6.35043E+20,5.48561E+21,1.08654E+16,4.95081E+16
173277,9.17051E+18,9,4,63,0,2017,5,19,1,2,0,1,1,0,0,0,0,0,1,6.40108E+20,5.57144E+21,1.09664E+16,5.02785E+16
173278,9.17051E+18,9,4,62,0,2017,5,16,1,2,3,2,1,1,0,0,0,0,1,6.86854E+20,5.53507E+21,1.16041E+16,4.99387E+16
173279,9.17051E+18,9,4,61,0,2017,5,1,1,3,0,1,1,0,0,0,0,2,0,6.35451E+20,5.52884E+21,1.0886E+16,4.98966E+16
173280,9.17051E+18,9,4,71,220,2017,5,11,1,3,0,1,1,0,0,0,0,0,0,6.20066E+20,5.51122E+21,1.06665E+16,4.97415E+16
173281,9.17051E+18,9,3,75,175,2017,5,14,1,3,8,1,0,1,0,0,0,0,0,7.18287E+20,5.43336E+21,1.19855E+16,4.90144E+16
173282,9.17051E+18,9,3,62,0,2017,5,11,1,3,5,3,0,1,0,1,0,0,0,7.27389E+20,5.43661E+21,1.21116E+16,4.90404E+16
173283,9.17051E+18,9,3,76,144,2017,5,2,1,3,9,1,0,1,0,0,0,2,0,7.30645E+20,5.48229E+21,1.21823E+16,4.94494E+16
173284,9.17051E+18,9,3,71,127,2017,5,1,1,3,5,3,0,1,0,0,0,2,1,7.1394E+20,5.49251E+21,1.19577E+16,4.95473E+16
173285,9.17051E+18,9,3,61,0,2017,5,17,1,3,1,7,1,1,0,0,0,0,0,7.07578E+20,5.48208E+21,1.18644E+16,4.94559E+16
173286,9.17051E+18,9,2,77,114,2017,5,3,1,3,6,6,0,1,1,0,0,2,0,7.95166E+20,5.37984E+21,1.29962E+16,4.85022E+16
173287,9.17051E+18,9,2,73,111,2017,5,16,1,2,5,3,0,1,0,0,0,0,0,7.0789E+20,5.41767E+21,1.18355E+16,4.88771E+16
173288,9.17051E+18,9,1,76,114,2017,5,11,1,3,5,3,1,1,0,0,0,0,0,6.80632E+20,5.43444E+21,1.14715E+16,4.90363E+16
173289,9.17051E+18,9,1,79,121,2017,5,3,1,3,9,1,0,1,0,0,0,2,1,6.6791E+20,5.33791E+21,1.12585E+16,4.81722E+16
173290,9.17051E+18,9,1,74,115,2017,5,15,1,3,2,6,0,1,0,0,0,0,1,6.81115E+20,5.34724E+21,1.144E+16,4.82525E+16
173291,9.17051E+18,9,1,62,0,2017,5,14,7,3,1,7,1,1,0,0,0,0,0,6.9052E+20,5.33973E+21,1.15632E+16,4.81822E+16
173292,9.17051E+18,9,1,62,0,2017,5,0,7,3,5,3,0,1,0,0,1,2,0,6.90155E+20,5.33524E+21,1.15563E+16,4.8142E+16
173293,9.17051E+18,9,1,62,0,2017,5,11,7,3,5,2,0,1,0,1,0,0,0,6.91531E+20,5.33428E+21,1.15743E+16,4.8133E+16
173294,9.17051E+18,9,1,62,0,2017,5,11,7,3,5,3,1,1,0,0,0,0,0,6.88411E+20,5.33097E+21,1.15309E+16,4.81041E+16
173295,9.17051E+18,9,1,62,0,2017,5,23,7,2,0,7,1,0,0,0,0,2,1,6.88177E+20,5.3399E+21,1.15318E+16,4.81845E+16
173296,9.17051E+18,9,1,62,0,2017,5,18,7,3,5,2,1,1,0,0,0,0,0,6.89381E+20,5.33714E+21,1.15467E+16,4.81592E+16
173297,9.17051E+18,9,1,84,140,2017,5,11,7,3,0,7,1,0,0,0,0,0,0,7.02191E+20,5.32879E+21,1.17148E+16,4.80803E+16
173298,9.17051E+18,9,1,62,0,2017,5,11,7,3,5,3,1,1,0,0,0,0,0,6.93152E+20,5.33272E+21,1.15954E+16,4.81184E+16
173299,9.17051E+18,9,7,75,135,2017,5,11,7,3,5,3,1,1,0,0,0,0,0,5.74535E+20,5.3587E+21,1.00066E+16,4.83771E+16
173300,9.17051E+18,9,7,64,0,2017,5,20,7,3,5,3,0,1,0,0,0,2,1,5.87038E+20,5.31726E+21,1.01669E+16,4.80027E+16
173301,9.17051E+18,9,7,77,151,2017,5,20,7,3,0,1,1,0,0,0,0,1,0,6.21157E+20,5.29349E+21,1.06174E+16,4.77834E+16
173302,9.17051E+18,9,7,76,116,2017,5,12,7,2,0,1,1,0,0,0,0,0,0,5.51277E+20,5.26626E+21,9.68146E+15,4.75477E+16
173303,9.17051E+18,9,7,80,132,2017,5,15,7,3,0,1,1,0,0,0,0,0,1,5.76897E+20,5.26722E+21,1.00221E+16,4.75538E+16
173304,9.17051E+18,9,7,80,124,2017,5,20,7,3,0,1,1,0,0,0,0,1,1,5.91916E+20,5.26782E+21,1.02218E+16,4.75573E+16
173305,9.17051E+18,9,7,79,131,2017,5,12,7,3,2,7,0,1,0,1,0,0,0,6.30468E+20,5.39839E+21,1.0774E+16,4.87249E+16
173306,9.17051E+18,9,7,72,170,2017,5,8,7,3,8,6,0,1,0,0,0,0,0,6.33145E+20,5.33036E+21,1.07888E+16,4.81126E+16
173307,9.17051E+18,9,7,61,0,2017,5,17,7,3,4,2,0,1,0,0,0,0,0,6.39273E+20,5.3612E+21,1.08812E+16,4.83886E+16
173308,9.17051E+18,9,7,61,0,2017,5,14,7,3,1,1,1,1,0,0,0,0,0,6.40577E+20,5.35911E+21,1.08982E+16,4.83695E+16
173309,9.17051E+18,9,7,61,0,2017,5,19,7,3,0,7,1,0,0,0,0,0,0,6.40595E+20,5.3594E+21,1.08985E+16,4.83721E+16
173310,9.17051E+18,9,7,71,112,2017,5,14,7,2,5,3,1,1,0,0,0,0,0,6.45133E+20,5.366E+21,1.0962E+16,4.84304E+16
173311,9.17051E+18,9,6,75,141,2017,5,11,7,3,5,3,0,1,0,0,0,0,0,5.83872E+20,5.51024E+21,1.0164E+16,4.97388E+16
173312,9.17051E+18,9,6,74,221,2017,5,19,7,3,8,1,0,0,0,0,1,0,0,6.12777E+20,5.54069E+21,1.05739E+16,5.00078E+16
173313,9.17051E+18,9,6,73,114,2017,5,23,7,3,0,1,1,0,0,0,0,2,0,5.87221E+20,5.57583E+21,1.02254E+16,5.03281E+16
173314,9.17051E+18,9,5,77,177,2017,5,7,5,3,6,6,0,1,1,0,0,0,0,6.46536E+20,5.43214E+21,1.10045E+16,4.90248E+16
173315,9.17052E+18,9,1,78,145,2017,5,7,3,3,5,3,0,1,0,1,0,0,0,6.9768E+20,5.3539E+21,1.1666E+16,4.83074E+16
173316,9.17052E+18,9,1,75,124,2017,5,12,3,3,7,1,0,1,0,0,0,0,0,7.143E+20,5.32908E+21,1.18773E+16,4.80789E+16
173317,9.17052E+18,9,1,84,148,2017,5,12,2,3,6,7,1,0,1,0,0,0,0,6.94835E+20,5.32652E+21,1.16151E+16,4.80622E+16
173318,9.17052E+18,9,1,62,0,2017,5,14,2,3,0,3,0,1,0,0,1,0,0,6.8573E+20,5.3338E+21,1.14962E+16,4.81303E+16
173319,9.17052E+18,9,1,62,0,2017,5,18,2,3,1,5,0,1,0,1,0,0,1,6.95324E+20,5.33671E+21,1.16263E+16,4.81536E+16
173320,9.17052E+18,9,1,62,0,2017,5,11,2,3,6,2,0,0,1,0,1,0,0,6.90612E+20,5.33724E+21,1.15633E+16,4.81598E+16
173321,9.17052E+18,9,1,88,139,2017,5,16,3,3,5,3,1,1,0,0,0,0,0,6.74809E+20,5.31965E+21,1.13438E+16,4.80062E+16
173322,9.17052E+18,9,1,88,127,2017,5,16,3,3,0,7,1,0,0,0,0,0,0,6.74582E+20,5.32829E+21,1.13443E+16,4.80839E+16
173323,9.17052E+18,9,1,79,121,2017,5,7,3,2,5,3,1,1,0,0,0,0,0,6.67765E+20,5.3381E+21,1.12567E+16,4.8174E+16
173324,9.17052E+18,9,1,79,121,2017,5,18,3,3,3,6,1,0,0,0,0,0,0,6.67229E+20,5.33847E+21,1.12496E+16,4.81774E+16
173325,9.17052E+18,9,1,79,119,2017,5,23,3,2,6,7,0,1,1,0,0,2,0,6.68759E+20,5.33944E+21,1.12705E+16,4.81857E+16
173326,9.17052E+18,9,1,74,113,2017,5,17,3,3,0,7,1,0,0,0,1,0,0,6.76938E+20,5.35002E+21,1.13849E+16,4.82786E+16
173327,9.17052E+18,9,1,62,0,2017,5,17,2,3,2,6,0,1,0,0,0,0,0,6.86372E+20,5.33841E+21,1.15068E+16,4.81716E+16
173328,9.17052E+18,9,1,84,149,2017,5,19,2,3,1,7,0,1,0,1,0,0,0,6.90492E+20,5.35023E+21,1.15675E+16,4.82766E+16
173329,9.17052E+18,9,1,62,0,2017,5,17,2,3,6,4,0,1,1,0,0,0,1,6.95892E+20,5.33335E+21,1.16324E+16,4.81232E+16
173330,9.17052E+18,9,1,62,0,2017,5,10,2,3,1,7,1,1,0,0,0,0,0,6.92216E+20,5.3376E+21,1.1585E+16,4.81626E+16
173331,9.17052E+18,9,1,62,0,2017,5,11,2,3,6,7,0,1,1,0,0,0,0,6.91653E+20,5.33638E+21,1.15769E+16,4.81517E+16
173332,9.17052E+18,9,1,62,0,2017,5,21,2,3,0,7,1,0,0,0,0,2,1,6.91361E+20,5.33623E+21,1.15729E+16,4.81505E+16
173333,9.17052E+18,9,7,75,152,2017,5,20,2,3,0,7,1,0,0,0,0,0,0,5.77304E+20,5.35242E+21,1.00428E+16,4.83202E+16
173334,9.17052E+18,9,7,75,135,2017,5,16,2,3,5,2,1,1,0,0,0,1,1,5.7422E+20,5.36019E+21,1.00026E+16,4.83905E+16
173335,9.17052E+18,9,7,75,135,2017,5,16,2,3,5,3,0,1,0,0,0,0,1,5.75684E+20,5.35912E+21,1.00221E+16,4.83807E+16
173336,9.17052E+18,9,7,64,0,2017,5,17,2,3,1,3,1,1,0,0,0,0,0,5.88294E+20,5.31547E+21,1.01833E+16,4.79864E+16
173337,9.17052E+18,9,7,75,129,2017,5,19,2,3,5,3,1,1,0,0,0,0,0,5.82855E+20,5.34111E+21,1.01154E+16,4.82178E+16
173338,9.17052E+18,9,7,79,131,2017,5,17,2,3,5,3,1,1,0,0,0,0,0,6.30229E+20,5.39745E+21,1.07705E+16,4.87164E+16
173339,9.17052E+18,9,7,71,130,2017,5,15,2,2,5,3,1,1,0,0,0,0,0,6.45949E+20,5.35818E+21,1.09703E+16,4.83599E+16
173340,9.17052E+18,9,7,72,163,2017,5,13,2,3,0,1,1,0,0,0,0,0,0,6.40219E+20,5.34929E+21,1.08901E+16,4.82813E+16
173341,9.17052E+18,9,7,61,0,2017,5,16,2,3,0,7,1,0,0,0,0,0,0,6.41001E+20,5.35862E+21,1.09037E+16,4.8365E+16
173342,9.17052E+18,9,7,61,0,2017,5,14,2,3,4,2,1,1,0,0,0,0,0,6.40542E+20,5.35932E+21,1.08977E+16,4.83714E+16
173343,9.17052E+18,9,6,63,0,2017,5,13,2,3,5,3,1,1,0,0,0,0,0,5.69512E+20,5.51703E+21,9.96598E+15,4.98017E+16
173344,9.17052E+18,9,6,63,0,2017,5,8,2,3,0,1,1,0,0,0,0,0,0,5.66818E+20,5.51727E+21,9.92858E+15,4.98042E+16
173345,9.17052E+18,9,6,75,169,2017,5,11,2,3,0,7,1,1,0,0,0,0,0,5.86477E+20,5.52043E+21,1.02024E+16,4.98301E+16
173346,9.17052E+18,9,6,72,114,2017,5,12,2,2,2,6,0,0,0,1,1,0,0,5.76745E+20,5.56126E+21,1.00753E+16,5.01986E+16
173347,9.17052E+18,9,6,72,114,2017,5,9,2,3,5,3,0,1,0,0,1,0,0,5.76959E+20,5.56174E+21,1.00784E+16,5.02028E+16
173348,9.17052E+18,9,5,62,0,2017,5,14,2,3,6,7,0,1,1,0,0,0,0,6.47561E+20,5.49603E+21,1.10421E+16,4.95989E+16
173349,9.17052E+18,9,5,62,0,2017,5,17,2,3,0,6,0,0,0,0,1,0,0,6.43875E+20,5.49376E+21,1.09903E+16,4.95793E+16
173350,9.17052E+18,9,5,63,0,2017,5,9,2,3,0,7,1,0,0,0,0,0,0,6.45191E+20,5.48121E+21,1.10039E+16,4.94662E+16
173351,9.17052E+18,9,5,64,0,2017,5,6,2,3,5,2,1,1,0,0,0,0,0,6.51052E+20,5.48022E+21,1.10843E+16,4.94559E+16
173352,9.17052E+18,9,5,64,0,2017,5,7,2,3,5,3,1,0,0,0,1,0,0,6.5091E+20,5.48428E+21,1.10839E+16,4.94924E+16
173353,9.17052E+18,9,5,64,0,2017,5,14,2,3,0,4,1,1,1,0,0,0,0,6.51861E+20,5.4807E+21,1.10957E+16,4.946E+16
173354,9.17052E+18,9,5,64,0,2017,5,15,2,3,4,2,0,1,0,0,0,0,0,6.46394E+20,5.47739E+21,1.1019E+16,4.94315E+16
173355,9.17052E+18,9,5,64,0,2017,5,15,2,2,6,7,0,1,1,0,0,0,0,6.5441E+20,5.48077E+21,1.11309E+16,4.94599E+16
173356,9.17052E+18,9,5,64,0,2017,5,15,2,3,2,6,0,1,0,0,0,0,0,6.52183E+20,5.47885E+21,1.10994E+16,4.94432E+16
173357,9.17052E+18,9,5,64,0,2017,5,18,2,3,1,5,0,1,0,0,0,0,0,6.48042E+20,5.47721E+21,1.10417E+16,4.94295E+16
173358,9.17052E+18,9,5,64,0,2017,5,15,2,3,5,3,1,1,0,0,0,0,0,6.48461E+20,5.47801E+21,1.10478E+16,4.94366E+16
173359,9.17052E+18,9,5,71,181,2017,5,14,2,2,0,1,1,0,0,0,0,0,0,5.89159E+20,5.4679E+21,1.02278E+16,4.93573E+16
173360,9.17052E+18,9,4,62,0,2017,5,7,2,3,9,1,1,0,0,0,0,0,0,6.88398E+20,5.5343E+21,1.16252E+16,4.99313E+16
173361,9.17052E+18,9,4,62,0,2017,5,19,2,3,0,7,1,0,0,0,0,0,0,6.84501E+20,5.53616E+21,1.15719E+16,4.99493E+16
173362,9.17052E+18,9,3,63,0,2017,5,6,2,3,0,3,1,1,0,0,0,0,0,7.24773E+20,5.50854E+21,1.21164E+16,4.96874E+16
173363,9.17052E+18,9,3,72,126,2017,5,16,2,2,5,3,0,0,0,1,1,0,1,7.80063E+20,5.46918E+21,1.28535E+16,4.9311E+16
173364,9.17052E+18,9,3,75,165,2017,5,10,2,3,0,7,0,1,0,0,1,0,0,7.25675E+20,5.43833E+21,1.20891E+16,4.90565E+16
173365,9.17052E+18,9,3,62,0,2017,5,12,2,3,0,7,1,0,1,0,0,0,0,7.2648E+20,5.4344E+21,1.20979E+16,4.90208E+16
173366,9.17052E+18,9,3,73,147,2017,5,18,2,3,4,2,0,1,0,0,0,0,0,6.7893E+20,5.46215E+21,1.14605E+16,4.92859E+16
173367,9.17052E+18,9,3,73,147,2017,5,12,2,3,6,4,0,1,1,0,0,0,0,6.78801E+20,5.46087E+21,1.14582E+16,4.92744E+16
173368,9.17052E+18,9,3,72,116,2017,5,17,2,3,3,6,1,1,0,0,0,0,0,7.67181E+20,5.45831E+21,1.26694E+16,4.92192E+16
173369,9.17052E+18,9,2,74,113,2017,5,6,2,2,5,3,0,1,0,1,0,0,0,7.29399E+20,5.38194E+21,1.21085E+16,4.85485E+16
173370,9.17052E+18,9,2,74,126,2017,5,15,2,3,0,7,1,0,0,0,1,0,1,7.33028E+20,5.3831E+21,1.21583E+16,4.85576E+16
173371,9.17052E+18,9,2,79,122,2017,5,7,2,3,5,3,0,1,0,0,0,0,0,7.71982E+20,5.39738E+21,1.26945E+16,4.86702E+16
173372,9.17052E+18,9,2,73,111,2017,5,17,2,3,4,6,0,1,0,0,1,0,0,7.11001E+20,5.41381E+21,1.18758E+16,4.88414E+16
173373,9.17052E+18,9,1,73,126,2017,5,17,2,3,5,3,0,1,0,0,0,0,0,6.86145E+20,5.30328E+21,1.14885E+16,4.78559E+16
173374,9.17052E+18,9,1,73,112,2017,5,12,2,2,0,7,1,0,0,0,0,0,1,6.91985E+20,5.29266E+21,1.15618E+16,4.77587E+16
173375,9.17052E+18,9,1,71,125,2017,5,13,2,3,5,2,0,1,0,0,1,0,0,7.7308E+20,5.34955E+21,1.26782E+16,4.82403E+16
173376,9.17052E+18,9,1,87,162,2017,5,12,2,3,0,1,1,0,0,0,0,0,1,7.50321E+20,5.30571E+21,1.23466E+16,4.78559E+16
173377,9.17052E+18,9,1,87,165,2017,5,4,2,3,4,1,1,1,0,0,0,2,0,7.33017E+20,5.29776E+21,1.21113E+16,4.7791E+16
173378,9.17052E+18,9,1,85,149,2017,5,16,2,3,0,4,0,1,1,0,0,0,0,6.60265E+20,5.39927E+21,1.11793E+16,4.87258E+16
173379,9.17052E+18,9,1,79,142,2017,5,7,2,3,0,7,1,1,0,0,0,0,0,6.73866E+20,5.34205E+21,1.13403E+16,4.82079E+16
173380,9.17052E+18,9,1,79,126,2017,5,11,2,3,1,5,1,1,0,0,0,0,1,6.76315E+20,5.34065E+21,1.13726E+16,4.81946E+16
173381,9.17052E+18,9,1,79,123,2017,5,13,2,3,5,2,1,1,0,0,0,0,0,6.76009E+20,5.3334E+21,1.13655E+16,4.81295E+16
173382,9.17051E+18,9,1,62,0,2017,5,15,1,3,0,7,1,0,0,0,0,0,1,6.87496E+20,5.32703E+21,1.15169E+16,4.8069E+16
173383,9.17051E+18,9,1,62,0,2017,5,13,1,3,2,6,0,1,0,1,0,0,0,6.94674E+20,5.33615E+21,1.16174E+16,4.81488E+16
173384,9.17051E+18,9,1,62,0,2017,5,12,1,3,2,6,0,1,0,0,0,0,0,6.80347E+20,5.33489E+21,1.14244E+16,4.81417E+16
173385,9.17051E+18,9,1,62,0,2017,5,13,1,3,0,1,1,0,0,0,0,0,0,6.92801E+20,5.33352E+21,1.1591E+16,4.81257E+16
173386,9.17051E+18,9,1,62,0,2017,5,18,1,2,4,7,1,0,0,0,0,0,1,6.90788E+20,5.33464E+21,1.15645E+16,4.81364E+16
173387,9.17051E+18,9,1,62,0,2017,5,15,1,3,6,2,0,1,1,0,0,0,1,6.91065E+20,5.34236E+21,1.15717E+16,4.82057E+16
173388,9.17051E+18,9,1,62,0,2017,5,21,1,2,5,3,0,1,0,0,1,2,1,6.90395E+20,5.33684E+21,1.15602E+16,4.81563E+16
173389,9.17051E+18,9,7,78,173,2017,5,23,1,3,9,1,0,1,0,0,0,2,0,6.10983E+20,5.32364E+21,1.04894E+16,4.80564E+16
173390,9.17051E+18,9,7,63,0,2017,5,9,1,2,0,7,0,1,0,0,0,0,0,5.9718E+20,5.28796E+21,1.02962E+16,4.77377E+16
173391,9.17051E+18,9,7,76,116,2017,5,15,1,3,2,6,0,1,0,1,0,0,1,5.52497E+20,5.26884E+21,9.69798E+15,4.75708E+16
173392,9.17051E+18,9,7,80,124,2017,5,17,1,2,0,1,1,0,0,0,0,0,1,5.88244E+20,5.27003E+21,1.01734E+16,4.75777E+16
173393,9.17051E+18,9,7,73,182,2017,5,13,1,3,5,7,1,1,0,0,0,0,0,6.24251E+20,5.37969E+21,1.06839E+16,4.8558E+16
173394,9.17051E+18,9,7,61,0,2017,5,11,1,3,5,3,1,1,0,0,0,0,0,6.38275E+20,5.35782E+21,1.08667E+16,4.83584E+16
173395,9.17051E+18,9,7,61,0,2017,5,17,1,3,6,4,0,1,1,0,0,0,0,6.42647E+20,5.35799E+21,1.09257E+16,4.8359E+16
173396,9.17051E+18,9,6,78,157,2017,5,20,1,3,0,1,1,0,0,0,0,0,1,6.03076E+20,5.53248E+21,1.04364E+16,4.99358E+16
173397,9.17051E+18,9,6,71,120,2017,5,18,1,3,0,7,1,0,0,0,0,0,1,5.10209E+20,5.53948E+21,9.14247E+15,5.00075E+16
173398,9.17051E+18,9,6,61,0,2017,5,20,1,3,5,3,0,1,0,0,0,0,0,5.10706E+20,5.53628E+21,9.14932E+15,4.99788E+16
173399,9.17051E+18,9,5,64,0,2017,5,17,1,3,4,3,0,1,0,0,0,0,1,6.5104E+20,5.47804E+21,1.10833E+16,4.94363E+16
173400,9.17051E+18,9,5,71,180,2017,5,11,1,2,5,3,1,1,0,0,0,0,0,6.30332E+20,5.4609E+21,1.07923E+16,4.9287E+16
173401,9.17051E+18,9,4,75,136,2017,5,12,1,3,5,3,0,1,0,0,0,0,0,6.93749E+20,5.56822E+21,1.17169E+16,5.02343E+16
173402,9.17051E+18,9,4,62,0,2017,5,16,1,3,2,6,0,1,0,0,0,0,0,6.85166E+20,5.53465E+21,1.15804E+16,4.99355E+16
173403,9.17051E+18,9,4,61,0,2017,5,0,1,3,0,7,1,0,0,0,0,2,0,6.35444E+20,5.52853E+21,1.08858E+16,4.98938E+16
173404,9.17051E+18,9,3,75,161,2017,5,21,1,3,6,7,0,1,1,0,0,2,0,7.33707E+20,5.42548E+21,1.21915E+16,4.8938E+16
173405,9.17051E+18,9,2,76,118,2017,5,11,1,2,8,1,0,1,0,0,0,0,0,7.96574E+20,5.43929E+21,1.30581E+16,4.9035E+16
173406,9.17051E+18,9,2,75,124,2017,5,18,1,3,5,3,1,1,0,0,0,0,0,8.10014E+20,5.37502E+21,1.31931E+16,4.84518E+16
173407,9.17051E+18,9,1,90,157,2017,5,12,1,1,5,3,1,0,0,0,1,0,0,6.61182E+20,5.30258E+21,1.11548E+16,4.78563E+16
173408,9.17051E+18,9,1,90,157,2017,5,9,1,3,5,3,0,1,0,0,0,0,0,6.59913E+20,5.30102E+21,1.11373E+16,4.78426E+16
173409,9.17051E+18,9,1,90,115,2017,5,16,1,3,0,7,1,0,0,0,0,0,1,6.71532E+20,5.3038E+21,1.12936E+16,4.78647E+16
173410,9.17051E+18,9,1,82,129,2017,5,2,1,2,0,1,1,0,0,0,0,2,0,7.09402E+20,5.28529E+21,1.17904E+16,4.76871E+16
173411,9.17051E+18,9,1,87,179,2017,5,17,1,2,0,1,1,0,0,0,0,0,0,7.20019E+20,5.31756E+21,1.19481E+16,4.79735E+16
173412,9.17051E+18,9,1,61,0,2017,5,21,1,3,8,1,0,1,0,0,0,2,0,6.78438E+20,5.40553E+21,1.14289E+16,4.87772E+16
173413,9.17051E+18,9,1,74,115,2017,5,3,1,3,5,3,0,1,0,0,0,2,0,6.82125E+20,5.34874E+21,1.14542E+16,4.82657E+16
173414,9.17051E+18,9,1,74,115,2017,5,0,1,3,5,3,0,1,0,0,0,2,0,6.81578E+20,5.34875E+21,1.14469E+16,4.82659E+16
173415,9.17051E+18,9,1,74,115,2017,5,20,1,2,4,1,0,1,0,0,0,0,0,6.79527E+20,5.34942E+21,1.14195E+16,4.82725E+16
173416,9.17051E+18,9,1,77,134,2017,5,13,1,3,0,1,1,0,0,0,0,0,0,7.12381E+20,5.34403E+21,1.18591E+16,4.8214E+16
173417,9.17051E+18,9,1,62,0,2017,5,22,7,2,9,7,0,0,0,1,0,2,0,6.80173E+20,5.3387E+21,1.14237E+16,4.8176E+16
173418,9.17051E+18,9,1,62,0,2017,5,14,7,3,1,5,1,1,0,0,0,0,0,6.9078E+20,5.33439E+21,1.15643E+16,4.81341E+16
173419,9.17051E+18,9,1,62,0,2017,5,11,7,3,5,3,0,1,0,0,0,0,0,6.86562E+20,5.32982E+21,1.15056E+16,4.80943E+16
173420,9.17051E+18,9,1,62,0,2017,5,19,7,3,2,6,0,1,0,0,0,0,0,6.85386E+20,5.33775E+21,1.14933E+16,4.81659E+16
173421,9.17051E+18,9,1,62,0,2017,5,22,7,3,2,6,0,1,0,0,0,2,0,6.89531E+20,5.34012E+21,1.15501E+16,4.8186E+16
173422,9.17051E+18,9,1,62,0,2017,5,18,7,3,2,6,0,1,0,0,0,0,0,6.87425E+20,5.34047E+21,1.15219E+16,4.81898E+16
173423,9.17051E+18,9,1,62,0,2017,5,19,7,2,4,2,0,1,0,0,0,0,0,6.86204E+20,5.33485E+21,1.1503E+16,4.81396E+16
173424,9.17051E+18,9,1,84,134,2017,5,13,7,3,3,2,1,0,0,0,0,0,0,6.91987E+20,5.3235E+21,1.15756E+16,4.80359E+16
173425,9.17051E+18,9,1,62,0,2017,5,14,7,3,6,4,1,0,1,0,0,0,0,6.86209E+20,5.33443E+21,1.15029E+16,4.81358E+16
173426,9.17051E+18,9,1,62,0,2017,5,12,7,3,0,1,1,0,0,0,0,0,0,6.97747E+20,5.33384E+21,1.16576E+16,4.81271E+16