OBJECTID,UIDENTSTLA,ULAND,UREGBEZ,UKREIS,UGEMEINDE,UJAHR,UMONAT,USTUNDE,UWOCHENTAG,UKATEGORIE,UART,UTYP1,IstRad,IstPKW,IstFuss,IstKrad,IstSonstig,LICHT,STRZUSTAND,LINREFX,LINREFY,XGCSWGS84,YGCSWGS84
173427,9.17051E+18,9,7,75,135,2017,5,16,7,3,6,1,1,0,1,0,0,0,0,5.75989E+20,5.35728E+21,1.00259E+16,4.83642E+16
173428,9.17051E+18,9,7,78,165,2017,5,0,7,2,1,7,1,0,0,0,1,2,0,5.8436E+20,5.30139E+21,1.01279E+16,4.78603E+16
173429,9.17051E+18,9,7,74,150,2017,5,10,7,3,5,7,1,1,0,0,0,0,0,6.00535E+20,5.34444E+21,1.03542E+16,4.82452E+16
173430,9.17051E+18,9,7,74,144,2017,5,11,7,3,5,3,1,1,0,0,0,0,0,6.06467E+20,5.36199E+21,1.04385E+16,4.84021E+16
173431,9.17051E+18,9,7,78,204,2017,5,7,7,2,4,1,0,1,0,0,0,0,0,6.13535E+20,5.32966E+21,1.05253E+16,4.81101E+16
173432,9.17051E+18,9,7,76,116,2017,5,15,7,3,5,3,0,1,0,1,0,0,0,5.53265E+20,5.26699E+21,9.70798E+15,4.75541E+16
173433,9.17051E+18,9,7,79,194,2017,5,9,7,3,4,7,0,1,0,0,0,0,0,6.10527E+20,5.41265E+21,1.05068E+16,4.8857E+16
173434,9.17051E+18,9,7,79,148,2017,5,18,7,3,0,1,0,0,0,1,0,0,0,6.29863E+20,5.41023E+21,1.07696E+16,4.88314E+16
173435,9.17051E+18,9,7,72,209,2017,5,12,7,3,8,1,1,0,0,0,0,0,0,6.36704E+20,5.33724E+21,1.08388E+16,4.81737E+16
173436,9.17051E+18,9,7,71,146,2017,5,6,7,3,0,1,1,0,0,0,0,0,0,6.47326E+20,5.34714E+21,1.0985E+16,4.82603E+16
173437,9.17051E+18,9,7,61,0,2017,5,18,7,3,6,7,1,1,1,0,0,0,0,6.40145E+20,5.35276E+21,1.08902E+16,4.83125E+16
173438,9.17051E+18,9,7,61,0,2017,5,17,7,3,1,5,1,1,0,0,0,0,0,6.39673E+20,5.36004E+21,1.08863E+16,4.83781E+16
173439,9.17051E+18,9,6,73,117,2017,5,9,7,3,1,1,0,1,0,0,0,0,0,5.72289E+20,5.58382E+21,1.00172E+16,5.0402E+16
173440,9.17051E+18,9,6,72,114,2017,5,11,7,3,6,4,0,1,1,0,0,0,0,5.76734E+20,5.56126E+21,1.00751E+16,5.01985E+16
173441,9.17051E+18,9,6,71,130,2017,5,17,7,3,0,7,0,0,0,0,1,0,0,5.16068E+20,5.53875E+21,9.2242E+15,5.00009E+16
173442,9.17051E+18,9,6,76,160,2017,5,13,7,3,5,3,0,1,0,0,1,0,0,5.11176E+20,5.52884E+21,9.15565E+15,4.99118E+16
173443,9.17051E+18,9,5,62,0,2017,5,12,7,3,1,5,0,1,0,0,1,0,0,6.42251E+20,5.49556E+21,1.09685E+16,4.95959E+16
173444,9.17051E+18,9,5,62,0,2017,5,14,7,3,5,3,1,1,0,0,0,0,0,6.45784E+20,5.49512E+21,1.10172E+16,4.95911E+16
173445,9.17051E+18,9,5,74,123,2017,5,9,7,3,5,3,0,1,0,0,0,0,0,6.60083E+20,5.4721E+21,1.12056E+16,4.93806E+16
173446,9.17051E+18,9,5,64,0,2017,5,11,7,3,3,6,0,1,0,1,0,0,0,6.52013E+20,5.48042E+21,1.10977E+16,4.94574E+16
173447,9.17051E+18,9,5,64,0,2017,5,5,7,2,0,7,1,0,0,0,0,1,0,6.46751E+20,5.48052E+21,1.10251E+16,4.94596E+16
173448,9.17051E+18,9,5,64,0,2017,5,19,7,3,6,1,0,1,1,0,0,0,0,6.50016E+20,5.47932E+21,1.10697E+16,4.9448E+16
173449,9.17051E+18,9,5,64,0,2017,5,10,7,3,0,1,0,0,0,0,1,0,0,6.53268E+20,5.47712E+21,1.11137E+16,4.94274E+16
173450,9.17051E+18,9,5,64,0,2017,5,18,7,3,2,6,0,1,0,0,0,0,0,6.47432E+20,5.48143E+21,1.10349E+16,4.94676E+16
173451,9.17051E+18,9,5,61,0,2017,5,13,7,3,2,6,0,1,0,0,0,0,0,6.14773E+20,5.46194E+21,1.05787E+16,4.92994E+16
173452,9.17051E+18,9,5,71,171,2017,5,17,7,3,1,6,0,1,0,1,0,0,0,6.09513E+20,5.46722E+21,1.05078E+16,4.93478E+16
173453,9.17051E+18,9,4,75,142,2017,5,15,7,3,5,7,0,1,0,0,0,0,0,7.02742E+20,5.57239E+21,1.18451E+16,5.02688E+16
173454,9.17051E+18,9,4,78,165,2017,5,17,7,3,8,7,1,0,0,0,0,0,0,6.42986E+20,5.55187E+21,1.09994E+16,5.01019E+16
173455,9.17051E+18,9,4,71,140,2017,5,7,7,3,0,1,0,0,0,1,0,0,0,6.35061E+20,5.53302E+21,1.0882E+16,4.99343E+16
173456,9.17051E+18,9,4,61,0,2017,5,11,7,3,5,3,0,1,0,0,1,0,0,6.3332E+20,5.52907E+21,1.08564E+16,4.98991E+16
173457,9.17051E+18,9,3,75,148,2017,5,12,7,3,1,1,0,1,0,0,1,0,0,7.03195E+20,5.43711E+21,1.17812E+16,4.90534E+16
173458,9.17051E+18,9,3,62,0,2017,5,22,7,2,0,1,0,0,0,1,0,2,0,7.27467E+20,5.43314E+21,1.21107E+16,4.90092E+16
173459,9.17051E+18,9,3,62,0,2017,5,13,7,2,5,3,1,1,0,0,0,0,0,7.27595E+20,5.43109E+21,1.21113E+16,4.89907E+16
173460,9.17051E+18,9,3,62,0,2017,5,14,7,3,5,3,1,0,0,0,0,0,0,7.23229E+20,5.43353E+21,1.2053E+16,4.90143E+16
173461,9.17051E+18,9,3,62,0,2017,5,12,7,3,4,2,1,1,0,0,0,0,0,7.27936E+20,5.43538E+21,1.21184E+16,4.90292E+16
173462,9.17051E+18,9,2,71,113,2017,5,21,7,3,7,7,0,0,0,1,0,2,0,7.98328E+20,5.41444E+21,1.30638E+16,4.88112E+16
173463,9.17051E+18,9,2,75,120,2017,5,13,7,3,0,3,0,1,0,1,0,0,0,8.13506E+20,5.40373E+21,1.32618E+16,4.87077E+16
173464,9.17051E+18,9,2,62,0,2017,5,17,7,3,2,6,0,1,0,0,0,0,0,8.26561E+20,5.38824E+21,1.34266E+16,4.85621E+16
173465,9.17051E+18,9,2,73,152,2017,5,18,7,3,0,7,1,0,0,0,0,0,0,7.02018E+20,5.4106E+21,1.1752E+16,4.88155E+16
173466,9.17051E+18,9,2,79,116,2017,5,21,7,3,8,7,1,0,0,0,0,2,0,7.60172E+20,5.39289E+21,1.25316E+16,4.86349E+16
173467,9.17051E+18,9,1,73,120,2017,5,14,7,3,4,6,1,1,0,0,0,0,0,6.84962E+20,5.31587E+21,1.14781E+16,4.79694E+16
173468,9.17051E+18,9,1,73,135,2017,5,19,7,3,0,1,1,0,0,0,0,0,0,6.93441E+20,5.28396E+21,1.15774E+16,4.76801E+16
173469,9.17051E+18,9,1,72,134,2017,5,8,7,3,9,1,0,0,0,0,1,0,1,7.88797E+20,5.30885E+21,1.2862E+16,4.7868E+16
173470,9.17051E+18,9,1,87,113,2017,5,18,7,2,0,1,0,0,0,1,0,0,0,7.46801E+20,5.32046E+21,1.23081E+16,4.79898E+16
173471,9.17051E+18,9,1,87,114,2017,5,12,7,3,0,1,1,0,0,0,0,0,0,7.48785E+20,5.29707E+21,1.23211E+16,4.77789E+16
173472,9.17051E+18,9,1,82,119,2017,5,16,7,3,0,7,1,0,0,0,0,0,0,7.12588E+20,5.29157E+21,1.18359E+16,4.77424E+16
173473,9.17051E+18,9,1,82,132,2017,5,9,7,3,0,1,1,0,0,0,0,0,0,7.08439E+20,5.28598E+21,1.1778E+16,4.76936E+16
173474,9.17051E+18,9,1,85,158,2017,5,13,7,2,7,7,1,0,1,0,0,0,0,6.66674E+20,5.38217E+21,1.12595E+16,4.85704E+16
173475,9.17051E+18,9,1,86,113,2017,5,9,7,3,5,3,0,1,0,0,1,0,0,6.83503E+20,5.39403E+21,1.14926E+16,4.86723E+16
173476,9.17051E+18,9,1,81,130,2017,5,17,7,3,0,1,1,0,0,0,0,0,1,6.36008E+20,5.31937E+21,1.08238E+16,4.80131E+16
173477,9.17051E+18,9,1,81,130,2017,5,11,7,3,2,6,0,1,0,0,0,0,0,6.39148E+20,5.3246E+21,1.08676E+16,4.80595E+16
173478,9.17051E+18,9,1,79,119,2017,5,15,7,3,0,7,1,0,0,0,1,0,0,6.70951E+20,5.33904E+21,1.12999E+16,4.81816E+16
173479,9.17051E+18,9,1,74,126,2017,5,8,7,3,9,1,0,1,0,0,0,0,0,6.82654E+20,5.3427E+21,1.14587E+16,4.82113E+16
173480,9.17051E+18,9,1,74,113,2017,5,16,7,3,5,3,0,1,0,1,0,0,1,6.78193E+20,5.3471E+21,1.14006E+16,4.82521E+16
173481,9.17051E+18,9,1,77,117,2017,5,12,7,3,5,3,1,1,0,0,0,0,0,7.15241E+20,5.35287E+21,1.1902E+16,4.82924E+16
173482,9.17051E+18,9,1,62,0,2017,5,7,6,3,5,3,1,1,0,0,0,0,1,6.91057E+20,5.33438E+21,1.1568E+16,4.8134E+16
173483,9.17051E+18,9,1,62,0,2017,5,19,6,3,3,7,0,1,0,1,0,0,0,6.93294E+20,5.33509E+21,1.15983E+16,4.81397E+16
173484,9.17051E+18,9,1,62,0,2017,5,11,6,3,0,7,1,1,0,0,0,0,0,6.87839E+20,5.33971E+21,1.15271E+16,4.81828E+16
173485,9.17051E+18,9,1,62,0,2017,5,21,6,3,5,3,0,1,0,0,0,2,1,6.84503E+20,5.33305E+21,1.14794E+16,4.81239E+16
173486,9.17051E+18,9,1,62,0,2017,5,17,6,3,3,7,0,1,0,0,0,0,0,6.80085E+20,5.33552E+21,1.14211E+16,4.81474E+16
173487,9.17051E+18,9,1,62,0,2017,5,15,6,3,5,3,1,0,0,0,0,0,0,6.9174E+20,5.33672E+21,1.15782E+16,4.81548E+16
173488,9.17051E+18,9,1,62,0,2017,5,17,6,3,6,7,0,0,1,0,1,0,0,6.91477E+20,5.33457E+21,1.15737E+16,4.81356E+16
173489,9.17051E+18,9,1,84,119,2017,5,9,6,3,4,6,0,1,0,0,1,0,0,6.94895E+20,5.34741E+21,1.16255E+16,4.82499E+16
173490,9.17051E+18,9,1,62,0,2017,5,7,6,3,2,6,0,1,0,0,0,0,1,6.93697E+20,5.34032E+21,1.16061E+16,4.81865E+16
173491,9.17051E+18,9,1,62,0,2017,5,11,6,2,0,2,0,0,0,0,1,0,0,6.88091E+20,5.33975E+21,1.15305E+16,4.81831E+16
173492,9.17051E+18,9,1,62,0,2017,5,18,6,3,0,6,1,0,1,0,0,0,0,6.88979E+20,5.3362E+21,1.15409E+16,4.8151E+16
173493,9.17051E+18,9,1,62,0,2017,5,16,6,3,5,7,1,1,0,0,0,0,0,6.97859E+20,5.3344E+21,1.16593E+16,4.8132E+16
173494,9.17051E+18,9,1,62,0,2017,5,14,6,3,5,2,1,1,0,0,0,0,0,6.92913E+20,5.33362E+21,1.15926E+16,4.81266E+16
173495,9.17051E+18,9,1,62,0,2017,5,9,6,3,5,2,1,0,0,0,1,0,0,6.92531E+20,5.33415E+21,1.15877E+16,4.81314E+16
173496,9.17051E+18,9,1,62,0,2017,5,22,6,3,6,4,0,1,1,0,0,2,1,6.93312E+20,5.33465E+21,1.15984E+16,4.81357E+16
173497,9.17051E+18,9,1,62,0,2017,5,9,6,3,5,3,1,1,0,0,0,0,0,6.91494E+20,5.33355E+21,1.15735E+16,4.81264E+16
173498,9.17051E+18,9,1,62,0,2017,5,16,6,3,5,2,1,1,0,0,0,0,0,6.91441E+20,5.33767E+21,1.15746E+16,4.81634E+16
173499,9.17051E+18,9,1,62,0,2017,5,14,6,3,3,2,1,1,0,0,0,0,0,6.92618E+20,5.3348E+21,1.15891E+16,4.81373E+16
173500,9.17051E+18,9,7,75,152,2017,5,7,6,3,5,3,1,1,0,0,0,1,1,5.7934E+20,5.3525E+21,1.00703E+16,4.83207E+16
173501,9.17051E+18,9,7,75,135,2017,5,7,6,3,0,6,1,0,0,1,0,0,0,5.77482E+20,5.36227E+21,1.0047E+16,4.84088E+16
173502,9.17051E+18,9,7,75,139,2017,5,7,6,3,5,3,1,1,0,0,0,0,0,5.77573E+20,5.36616E+21,1.00489E+16,4.84438E+16
173503,9.17051E+18,9,7,78,149,2017,5,14,6,2,5,3,1,1,0,0,0,0,0,5.94398E+20,5.31377E+21,1.02647E+16,4.79702E+16
173504,9.17051E+18,9,7,74,111,2017,5,17,6,2,0,7,1,0,0,0,0,0,0,6.04444E+20,5.33794E+21,1.04052E+16,4.81861E+16
173505,9.17051E+18,9,7,74,135,2017,5,12,6,3,0,3,1,1,0,0,0,0,0,5.95264E+20,5.36744E+21,1.02884E+16,4.84528E+16
173506,9.17051E+18,9,7,80,124,2017,5,14,6,1,0,7,0,0,1,0,1,0,0,5.92149E+20,5.26773E+21,1.02249E+16,4.75564E+16
173507,9.17051E+18,9,7,73,125,2017,5,19,6,3,1,3,1,1,0,0,0,0,0,6.1758E+20,5.3804E+21,1.05938E+16,4.85656E+16
173508,9.17051E+18,9,7,72,147,2017,5,13,6,3,5,3,0,1,0,1,0,0,0,6.38802E+20,5.3643E+21,1.08759E+16,4.84165E+16
173509,9.17051E+18,9,6,63,0,2017,5,16,6,3,5,3,0,1,0,0,0,0,0,5.68681E+20,5.50926E+21,9.95305E+15,4.97319E+16
173510,9.17051E+18,9,6,77,131,2017,5,19,6,3,5,3,0,1,0,0,0,0,0,5.48735E+20,5.54589E+21,9.68092E+15,5.00633E+16
173511,9.17051E+18,9,6,74,163,2017,5,10,6,2,0,7,1,0,0,0,0,0,0,6.10323E+20,5.53908E+21,1.05392E+16,4.99938E+16
173512,9.17051E+18,9,6,72,114,2017,5,16,6,3,2,2,0,1,0,0,0,0,0,5.77309E+20,5.56241E+21,1.00834E+16,5.02088E+16
173513,9.17051E+18,9,5,64,0,2017,5,9,6,3,2,6,0,1,0,0,0,0,0,6.53164E+20,5.47845E+21,1.11128E+16,4.94394E+16
173514,9.17051E+18,9,5,64,0,2017,5,16,6,3,1,5,0,1,0,0,1,0,0,6.50892E+20,5.48077E+21,1.10823E+16,4.94609E+16
173515,9.17051E+18,9,5,64,0,2017,5,9,6,3,6,4,0,1,1,0,0,0,0,6.51522E+20,5.48044E+21,1.10909E+16,4.94577E+16
173516,9.17051E+18,9,5,75,168,2017,5,17,6,3,5,2,1,1,0,0,0,0,0,5.89021E+20,5.48868E+21,1.02306E+16,4.95442E+16
173517,9.17051E+18,9,5,71,196,2017,5,18,6,3,5,3,0,1,0,0,0,0,0,6.21753E+20,5.46073E+21,1.06743E+16,4.92872E+16
173518,9.17051E+18,9,4,77,128,2017,5,12,6,3,5,3,1,1,0,0,0,0,0,6.75133E+20,5.55334E+21,1.14492E+16,5.01065E+16
173519,9.17051E+18,9,4,72,116,2017,5,7,6,3,5,3,0,1,0,0,0,0,1,6.90002E+20,5.54617E+21,1.16534E+16,5.00375E+16
173520,9.17051E+18,9,4,62,0,2017,5,15,6,2,5,3,0,1,0,0,0,0,1,6.84695E+20,5.53649E+21,1.15747E+16,4.99522E+16
173521,9.17051E+18,9,4,61,0,2017,5,15,6,3,0,7,1,0,0,0,0,0,0,6.34698E+20,5.52595E+21,1.08745E+16,4.98708E+16
173522,9.17051E+18,9,4,61,0,2017,5,14,6,3,9,7,1,0,0,0,0,0,0,6.34954E+20,5.52789E+21,1.08788E+16,4.98882E+16
173523,9.17051E+18,9,4,61,0,2017,5,7,6,3,5,3,1,0,0,0,1,0,0,6.35725E+20,5.52896E+21,1.08899E+16,4.98976E+16
173524,9.17051E+18,9,3,77,159,2017,5,13,6,2,6,4,0,1,1,0,0,0,0,7.28962E+20,5.53324E+21,1.2189E+16,4.99076E+16
173525,9.17051E+18,9,3,77,157,2017,5,17,6,3,1,6,0,1,0,0,1,0,0,7.19968E+20,5.54142E+21,1.20686E+16,4.99845E+16
173526,9.17051E+18,9,3,72,124,2017,5,7,6,3,0,1,0,0,0,1,0,0,1,7.83154E+20,5.46914E+21,1.28959E+16,4.93093E+16
173527,9.17051E+18,9,3,75,210,2017,5,9,6,3,6,4,0,1,1,0,0,0,0,7.48624E+20,5.43293E+21,1.23994E+16,4.89991E+16
173528,9.17051E+18,9,2,78,148,2017,5,18,6,1,5,3,0,0,0,1,1,0,0,7.35703E+20,5.40544E+21,1.22072E+16,4.87573E+16
173529,9.17051E+18,9,2,63,0,2017,5,10,6,3,5,3,0,1,0,0,0,0,0,7.60841E+20,5.42021E+21,1.2558E+16,4.88799E+16
173530,9.17051E+18,9,2,75,138,2017,5,19,6,3,5,3,1,1,0,0,0,0,0,8.10625E+20,5.38616E+21,1.32096E+16,4.85515E+16
173531,9.17051E+18,9,2,61,0,2017,5,12,6,2,1,3,1,1,0,0,0,0,0,7.31653E+20,5.38227E+21,1.21392E+16,4.85507E+16
173532,9.17051E+18,9,1,90,157,2017,5,12,6,3,6,3,0,1,1,0,0,0,0,6.60319E+20,5.30097E+21,1.11427E+16,4.78421E+16
173533,9.17051E+18,9,1,90,139,2017,5,6,6,3,5,3,0,1,0,0,0,0,1,6.54518E+20,5.29529E+21,1.10632E+16,4.77924E+16
173534,9.17051E+18,9,1,83,148,2017,5,16,6,3,3,3,1,1,0,0,0,0,0,7.5211E+20,5.34498E+21,1.23936E+16,4.82079E+16
173535,9.17051E+18,9,1,89,157,2017,5,10,6,3,3,2,0,1,0,1,0,0,0,7.6527E+20,5.3254E+21,1.25582E+16,4.80267E+16
173536,9.17051E+18,9,1,71,124,2017,5,14,6,2,2,6,0,1,0,0,0,0,0,7.82444E+20,5.34133E+21,1.27986E+16,4.81623E+16
173537,9.17051E+18,9,1,71,117,2017,5,13,6,3,0,1,1,0,0,0,0,0,0,7.64557E+20,5.33758E+21,1.25562E+16,4.81364E+16
173538,9.17051E+18,9,1,63,0,2017,5,4,6,3,1,6,0,1,0,0,1,2,0,7.34002E+20,5.30572E+21,1.21288E+16,4.78622E+16
173539,9.17051E+18,9,1,87,177,2017,5,16,6,3,1,5,0,1,0,1,0,0,0,7.37737E+20,5.30588E+21,1.21787E+16,4.78622E+16
173540,9.17051E+18,9,1,63,0,2017,5,17,6,3,1,5,1,1,0,0,0,0,0,7.34108E+20,5.30548E+21,1.21301E+16,4.78599E+16
173541,9.17051E+18,9,1,87,156,2017,5,18,6,3,4,6,1,1,0,0,0,0,0,7.35996E+20,5.29297E+21,1.21485E+16,4.77469E+16
173542,9.17051E+18,9,1,61,0,2017,5,10,6,3,0,5,1,1,0,0,0,0,0,6.7503E+20,5.40493E+21,1.13823E+16,4.87728E+16
173543,9.17051E+18,9,1,85,149,2017,5,17,6,2,0,7,0,0,1,0,1,0,0,6.60027E+20,5.39997E+21,1.11763E+16,4.87322E+16
173544,9.17051E+18,9,1,81,133,2017,5,16,6,3,5,3,1,1,0,0,0,0,0,6.45943E+20,5.31337E+21,1.09549E+16,4.7957E+16
173545,9.17051E+18,9,1,74,115,2017,5,19,6,3,0,1,1,0,0,0,0,0,0,6.83222E+20,5.34772E+21,1.14685E+16,4.82562E+16
173546,9.17051E+18,9,1,78,124,2017,5,17,6,3,2,6,0,1,0,0,0,0,0,7.04008E+20,5.36414E+21,1.17562E+16,4.83974E+16
173547,9.17051E+18,9,1,78,124,2017,5,13,6,3,0,2,1,1,0,0,0,0,0,7.04334E+20,5.36332E+21,1.17602E+16,4.83899E+16
173548,9.17051E+18,9,1,77,117,2017,5,15,6,3,5,3,1,1,0,0,0,0,0,7.13926E+20,5.35444E+21,1.18851E+16,4.83069E+16
173549,9.17051E+18,9,1,62,0,2017,5,3,5,3,0,7,0,0,0,1,1,2,0,6.89801E+20,5.33273E+21,1.15504E+16,4.81195E+16
173550,9.17051E+18,9,1,62,0,2017,5,15,5,3,5,3,1,1,0,0,0,0,0,6.90997E+20,5.33422E+21,1.15671E+16,4.81326E+16
173551,9.17051E+18,9,1,62,0,2017,5,8,5,3,0,7,1,0,0,0,0,0,0,6.91855E+20,5.33706E+21,1.15799E+16,4.81578E+16
173552,9.17051E+18,9,1,62,0,2017,5,14,5,3,4,6,1,0,0,0,0,0,0,6.91481E+20,5.33191E+21,1.15726E+16,4.81117E+16
173553,9.17051E+18,9,1,84,136,2017,5,14,5,3,3,5,1,1,0,0,0,0,0,6.98743E+20,5.32581E+21,1.16672E+16,4.80546E+16
173554,9.17051E+18,9,1,62,0,2017,5,13,5,3,4,7,1,1,0,0,0,0,0,6.91802E+20,5.33267E+21,1.15772E+16,4.81184E+16
173555,9.17051E+18,9,1,62,0,2017,5,21,5,3,3,6,0,1,0,0,0,2,0,6.91856E+20,5.33579E+21,1.15794E+16,4.81464E+16
173556,9.17051E+18,9,1,84,139,2017,5,16,5,3,5,3,1,1,0,0,0,0,0,6.87997E+20,5.32585E+21,1.15232E+16,4.80582E+16
173557,9.17051E+18,9,1,84,139,2017,5,8,5,2,3,6,1,1,0,0,0,0,0,6.87666E+20,5.32677E+21,1.15191E+16,4.80666E+16
173558,9.17051E+18,9,1,62,0,2017,5,17,5,3,1,5,1,1,0,0,0,0,0,6.83246E+20,5.33807E+21,1.14647E+16,4.81694E+16
173559,9.17051E+18,9,1,84,149,2017,5,12,5,3,5,3,0,1,0,0,0,0,0,6.90184E+20,5.35104E+21,1.15637E+16,4.8284E+16
173560,9.17051E+18,9,1,62,0,2017,5,17,5,3,5,2,1,0,0,1,0,0,0,6.9218E+20,5.33112E+21,1.15816E+16,4.81044E+16
173561,9.17051E+18,9,1,62,0,2017,5,11,5,3,4,2,1,1,0,0,0,0,0,6.9146E+20,5.3346E+21,1.15735E+16,4.81358E+16
173562,9.17051E+18,9,1,62,0,2017,5,8,5,3,0,6,1,0,0,0,0,0,0,6.88873E+20,5.33495E+21,1.15389E+16,4.81397E+16
173563,9.17051E+18,9,1,62,0,2017,5,7,5,3,0,3,1,1,0,0,0,0,0,6.94097E+20,5.33473E+21,1.1609E+16,4.81362E+16
173564,9.17051E+18,9,1,84,136,2017,5,7,5,3,5,3,0,1,1,0,0,0,0,7.00666E+20,5.32709E+21,1.16936E+16,4.80655E+16
173565,9.17051E+18,9,1,62,0,2017,5,9,5,3,5,2,1,0,0,0,1,0,0,6.91861E+20,5.33584E+21,1.15794E+16,4.81468E+16
173566,9.17051E+18,9,1,62,0,2017,5,7,5,3,0,7,1,1,0,0,0,0,0,6.85175E+20,5.33525E+21,1.14894E+16,4.81435E+16
173567,9.17051E+18,9,1,62,0,2017,5,15,5,3,0,5,1,1,0,0,0,0,0,6.86041E+20,5.33485E+21,1.15008E+16,4.81397E+16
173568,9.17051E+18,9,1,62,0,2017,5,12,5,3,3,2,1,1,0,0,0,0,0,6.95268E+20,5.33298E+21,1.16239E+16,4.81201E+16
173569,9.17051E+18,9,1,62,0,2017,5,8,5,3,5,2,0,1,0,0,0,0,0,6.9313E+20,5.33189E+21,1.15947E+16,4.81109E+16
173570,9.17051E+18,9,1,62,0,2017,5,18,5,3,3,5,1,1,0,0,0,0,0,6.89052E+20,5.33235E+21,1.15402E+16,4.81163E+16
173571,9.17051E+18,9,1,62,0,2017,5,8,5,3,3,6,1,1,0,0,0,0,0,6.92011E+20,5.33758E+21,1.15822E+16,4.81625E+16
173572,9.17051E+18,9,7,75,164,2017,5,16,5,3,5,3,1,1,0,0,1,0,0,5.86149E+20,5.35029E+21,1.01616E+16,4.82999E+16
173573,9.17051E+18,9,7,78,116,2017,5,16,5,3,5,3,1,1,0,0,0,0,1,6.19133E+20,5.31816E+21,1.05972E+16,4.80056E+16
173574,9.17051E+18,9,7,76,115,2017,5,13,5,2,0,7,1,0,0,0,0,0,0,5.58145E+20,5.27434E+21,9.7738E+15,4.76198E+16
173575,9.17051E+18,9,7,77,169,2017,5,12,5,3,1,6,1,1,0,0,0,0,0,6.3096E+20,5.27118E+21,1.07416E+16,4.75808E+16
173576,9.17051E+18,9,7,73,125,2017,5,15,5,3,0,1,1,0,0,0,0,0,0,6.08484E+20,5.38143E+21,1.04708E+16,4.85766E+16
173577,9.17051E+18,9,7,72,202,2017,5,10,5,2,5,3,0,1,0,0,0,0,0,6.37539E+20,5.35858E+21,1.0857E+16,4.83654E+16
173578,9.17051E+18,9,7,61,0,2017,5,17,5,3,5,3,1,1,0,0,0,0,0,6.39187E+20,5.35616E+21,1.08784E+16,4.83433E+16
173579,9.17051E+18,9,7,61,0,2017,5,13,5,3,3,6,0,1,0,0,1,0,0,6.41385E+20,5.35751E+21,1.09085E+16,4.83549E+16
173580,9.17051E+18,9,7,61,0,2017,5,7,5,3,1,5,1,1,0,0,0,0,0,6.39684E+20,5.35755E+21,1.08856E+16,4.83557E+16
173581,9.17051E+18,9,6,75,139,2017,5,16,5,2,5,3,1,0,0,1,0,0,0,5.90622E+20,5.50635E+21,1.02568E+16,4.97028E+16
173582,9.17051E+18,9,6,76,169,2017,5,13,5,3,1,5,0,1,0,1,0,0,0,5.11757E+20,5.51538E+21,9.16334E+15,4.97908E+16
173583,9.17051E+18,9,6,76,145,2017,5,23,5,3,4,1,0,1,0,0,0,2,1,5.09815E+20,5.51996E+21,9.13648E+15,4.9832E+16
173584,9.17051E+18,9,5,62,0,2017,5,8,5,3,5,2,0,1,0,1,0,0,0,6.46872E+20,5.49312E+21,1.10315E+16,4.95729E+16
173585,9.17052E+18,9,5,64,0,2017,5,17,5,3,2,6,0,1,0,0,0,0,0,6.51838E+20,5.4834E+21,1.10964E+16,4.94843E+16
173586,9.17052E+18,9,5,64,0,2017,5,5,5,3,5,3,0,1,0,0,0,0,0,6.48537E+20,5.47981E+21,1.10495E+16,4.94528E+16
173587,9.17052E+18,9,5,64,0,2017,5,12,5,3,3,2,1,1,0,0,0,0,0,6.50813E+20,5.48155E+21,1.10815E+16,4.94679E+16
173588,9.17052E+18,9,5,64,0,2017,5,14,5,3,1,7,1,1,0,0,0,0,0,6.52246E+20,5.48138E+21,1.11012E+16,4.9466E+16
173589,9.17052E+18,9,5,64,0,2017,5,11,5,3,2,6,0,1,0,0,0,0,0,6.50047E+20,5.48011E+21,1.10704E+16,4.94551E+16
173590,9.17052E+18,9,5,64,0,2017,5,15,5,3,5,3,1,1,0,0,0,0,0,6.49858E+20,5.47846E+21,1.10672E+16,4.94403E+16
173591,9.17052E+18,9,5,71,171,2017,5,17,5,2,5,3,0,1,0,1,0,0,0,6.09017E+20,5.46754E+21,1.05011E+16,4.93508E+16
173592,9.17052E+18,9,4,79,161,2017,5,16,5,2,6,6,1,0,1,0,0,0,0,7.09183E+20,5.54718E+21,1.19215E+16,5.00401E+16
173593,9.17052E+18,9,4,79,169,2017,5,17,5,3,0,1,1,0,0,0,0,0,0,7.11312E+20,5.54729E+21,1.19512E+16,5.00404E+16
173594,9.17052E+18,9,4,75,165,2017,5,7,5,2,1,6,0,1,0,0,1,0,0,6.92689E+20,5.57437E+21,1.17052E+16,5.02899E+16
173595,9.17052E+18,9,4,79,136,2017,5,17,5,3,2,6,0,1,0,1,0,0,0,7.21878E+20,5.54372E+21,1.20965E+16,5.00045E+16
173596,9.17052E+18,9,4,64,0,2017,5,23,5,3,0,7,1,0,0,0,0,2,0,7.07983E+20,5.57826E+21,1.19217E+16,5.03197E+16
173597,9.17052E+18,9,4,73,141,2017,5,13,5,3,0,2,0,0,0,1,1,0,0,6.40491E+20,5.57387E+21,1.09727E+16,5.03002E+16