OBJECTID,UIDENTSTLA,ULAND,UREGBEZ,UKREIS,UGEMEINDE,UJAHR,UMONAT,USTUNDE,UWOCHENTAG,UKATEGORIE,UART,UTYP1,IstRad,IstPKW,IstFuss,IstKrad,IstSonstig,LICHT,STRZUSTAND,LINREFX,LINREFY,XGCSWGS84,YGCSWGS84
173598,9.17052E+18,9,4,72,119,2017,5,16,5,2,0,1,1,0,0,0,0,0,0,6.87402E+20,5.53929E+21,1.16138E+16,4.99765E+16
173599,9.17052E+18,9,4,62,0,2017,5,12,5,3,4,2,1,1,0,0,0,0,0,6.85169E+20,5.53606E+21,1.15811E+16,4.99481E+16
173600,9.17052E+18,9,4,62,0,2017,5,17,5,3,0,7,0,1,1,0,0,0,0,6.84527E+20,5.53562E+21,1.1572E+16,4.99444E+16
173601,9.17052E+18,9,4,71,195,2017,5,15,5,3,5,3,0,1,0,0,1,0,0,6.41957E+20,5.52294E+21,1.09744E+16,4.98421E+16
173602,9.17052E+18,9,3,77,157,2017,5,17,5,3,5,3,1,1,0,0,0,0,0,7.2014E+20,5.54143E+21,1.2071E+16,4.99845E+16
173603,9.17052E+18,9,3,75,180,2017,5,15,5,3,4,2,0,1,0,1,0,0,0,7.24303E+20,5.42985E+21,1.20657E+16,4.89808E+16
173604,9.17052E+18,9,3,75,183,2017,5,19,5,3,7,7,0,0,0,1,0,0,0,7.50285E+20,5.42911E+21,1.24197E+16,4.89642E+16
173605,9.17052E+18,9,3,62,0,2017,5,9,5,2,5,2,1,1,0,0,0,0,0,7.27395E+20,5.4328E+21,1.21095E+16,4.90061E+16
173606,9.17052E+18,9,3,62,0,2017,5,20,5,3,0,1,1,0,0,0,0,0,0,7.26736E+20,5.43299E+21,1.21006E+16,4.90081E+16
173607,9.17052E+18,9,3,62,0,2017,5,18,5,3,5,3,1,1,0,0,0,0,0,7.27663E+20,5.43485E+21,1.21143E+16,4.90244E+16
173608,9.17052E+18,9,3,73,147,2017,5,11,5,3,0,1,1,0,0,0,0,0,0,6.7831E+20,5.46202E+21,1.1452E+16,4.92849E+16
173609,9.17052E+18,9,3,76,161,2017,5,8,5,3,8,1,0,1,0,0,0,0,0,7.25918E+20,5.4623E+21,1.21059E+16,4.92717E+16
173610,9.17052E+18,9,3,76,151,2017,5,14,5,3,9,1,0,1,0,0,0,0,0,7.50696E+20,5.49151E+21,1.24643E+16,4.95243E+16
173611,9.17052E+18,9,3,76,169,2017,5,18,5,3,5,3,0,1,0,0,0,0,0,7.27966E+20,5.47888E+21,1.21435E+16,4.94198E+16
173612,9.17052E+18,9,3,76,144,2017,5,13,5,3,5,3,1,1,0,0,0,0,0,7.30634E+20,5.48244E+21,1.21823E+16,4.94508E+16
173613,9.17052E+18,9,2,71,146,2017,5,8,5,3,5,3,0,1,0,0,0,0,0,7.84969E+20,5.4105E+21,1.28796E+16,4.87821E+16
173614,9.17052E+18,9,2,71,125,2017,5,7,5,3,1,6,0,1,0,1,0,0,0,7.97385E+20,5.40939E+21,1.30474E+16,4.87664E+16
173615,9.17052E+18,9,2,75,133,2017,5,12,5,3,2,2,0,1,0,0,0,0,0,8.21884E+20,5.38364E+21,1.33598E+16,4.85232E+16
173616,9.17052E+18,9,2,72,151,2017,5,16,5,3,4,6,0,1,0,0,1,0,0,8.38638E+20,5.4079E+21,1.36058E+16,4.87319E+16
173617,9.17052E+18,9,2,72,151,2017,5,9,5,3,5,3,1,1,0,0,0,0,0,8.39337E+20,5.40685E+21,1.36144E+16,4.87221E+16
173618,9.17052E+18,9,2,77,151,2017,5,18,5,1,4,6,0,1,0,1,0,0,0,7.7055E+20,5.36668E+21,1.26552E+16,4.83952E+16
173619,9.17052E+18,9,2,77,153,2017,5,11,5,3,5,3,0,1,0,0,0,0,0,7.83328E+20,5.36373E+21,1.28254E+16,4.83631E+16
173620,9.17052E+18,9,2,77,121,2017,5,9,5,3,4,6,0,1,0,0,0,0,0,7.64093E+20,5.37055E+21,1.25706E+16,4.84326E+16
173621,9.17052E+18,9,2,61,0,2017,5,5,5,3,8,1,1,0,0,0,0,0,0,7.34037E+20,5.38043E+21,1.21704E+16,4.85333E+16
173622,9.17052E+18,9,2,79,112,2017,5,10,5,3,6,7,0,1,1,0,0,0,0,7.57181E+20,5.39209E+21,1.24906E+16,4.86289E+16
173623,9.17052E+18,9,1,80,117,2017,5,12,5,3,5,7,0,1,0,1,0,0,0,6.55301E+20,5.26138E+21,1.10616E+16,4.74873E+16
173624,9.17052E+18,9,1,80,117,2017,5,12,5,2,3,6,0,0,0,1,1,0,0,6.57511E+20,5.26184E+21,1.10911E+16,4.74909E+16
173625,9.17052E+18,9,1,89,133,2017,5,7,5,3,4,6,0,0,0,0,1,0,0,7.54418E+20,5.32179E+21,1.24108E+16,4.79988E+16
173626,9.17052E+18,9,1,72,118,2017,5,13,5,3,5,3,1,0,0,0,0,0,0,7.9773E+20,5.30658E+21,1.29796E+16,4.78435E+16
173627,9.17052E+18,9,1,72,117,2017,5,18,5,3,5,3,0,1,0,1,0,0,0,7.9862E+20,5.2822E+21,1.29747E+16,4.76243E+16
173628,9.17052E+18,9,1,71,129,2017,5,16,5,2,8,1,0,0,0,1,0,0,0,7.74386E+20,5.35897E+21,1.27019E+16,4.83243E+16
173629,9.17052E+18,9,1,63,0,2017,5,6,5,3,4,3,1,1,0,0,0,0,0,7.31872E+20,5.30458E+21,1.20997E+16,4.78527E+16
173630,9.17052E+18,9,1,63,0,2017,5,16,5,3,5,3,1,1,0,0,0,0,0,7.31303E+20,5.30373E+21,1.20917E+16,4.78453E+16
173631,9.17052E+18,9,1,63,0,2017,5,14,5,3,0,1,1,0,0,0,0,0,0,7.30399E+20,5.30086E+21,1.20781E+16,4.78198E+16
173632,9.17052E+18,9,1,82,125,2017,5,9,5,2,6,7,0,1,1,0,0,0,0,7.12057E+20,5.2968E+21,1.18314E+16,4.77896E+16
173633,9.17052E+18,9,1,82,132,2017,5,15,5,2,3,2,1,0,0,0,0,0,0,7.07021E+20,5.28719E+21,1.17596E+16,4.77049E+16
173634,9.17052E+18,9,1,86,147,2017,5,20,5,3,3,6,0,1,0,1,0,0,0,6.81523E+20,5.39282E+21,1.14652E+16,4.8662E+16
173635,9.17052E+18,9,1,85,158,2017,5,15,5,2,5,3,1,1,0,0,0,0,0,6.68404E+20,5.38143E+21,1.12826E+16,4.85633E+16
173636,9.17052E+18,9,1,86,143,2017,5,17,5,3,0,6,1,1,0,0,0,0,0,6.85382E+20,5.37801E+21,1.1511E+16,4.85278E+16
173637,9.17052E+18,9,1,86,143,2017,5,16,5,3,1,6,0,1,0,1,0,0,0,6.84832E+20,5.37808E+21,1.15036E+16,4.85286E+16
173638,9.17052E+18,9,1,86,143,2017,5,10,5,2,5,3,1,1,0,0,0,0,0,6.84897E+20,5.37773E+21,1.15043E+16,4.85254E+16
173639,9.17052E+18,9,1,86,162,2017,5,7,5,3,4,2,0,1,0,0,0,0,0,6.94061E+20,5.38516E+21,1.16317E+16,4.85895E+16
173640,9.17052E+18,9,1,76,123,2017,5,22,5,3,5,3,0,1,0,0,0,2,0,6.60298E+20,5.4176E+21,1.11869E+16,4.88906E+16
173641,9.17052E+18,9,1,81,130,2017,5,7,5,3,5,7,1,1,0,0,0,0,0,6.39555E+20,5.32432E+21,1.08729E+16,4.80569E+16
173642,9.17052E+18,9,1,79,113,2017,5,14,5,3,4,7,1,0,0,0,0,0,0,6.70962E+20,5.33584E+21,1.12987E+16,4.81528E+16
173643,9.17052E+18,9,1,74,118,2017,5,15,5,3,9,7,0,1,0,0,0,0,0,6.66054E+20,5.35725E+21,1.12412E+16,4.83466E+16
173644,9.17052E+18,9,1,74,115,2017,5,17,5,3,0,1,1,0,0,0,0,0,0,6.81345E+20,5.34892E+21,1.14438E+16,4.82675E+16
173645,9.17052E+18,9,1,62,0,2017,5,10,4,3,5,2,1,1,0,0,0,0,0,6.96985E+20,5.33121E+21,1.16461E+16,4.81037E+16
173646,9.17052E+18,9,1,62,0,2017,5,6,4,3,2,6,0,1,0,0,0,0,0,6.90946E+20,5.34281E+21,1.15703E+16,4.82097E+16
173647,9.17052E+18,9,1,62,0,2017,5,18,4,2,5,3,0,1,0,1,0,0,0,6.85074E+20,5.34093E+21,1.14905E+16,4.81946E+16
173648,9.17052E+18,9,1,62,0,2017,5,16,4,3,4,2,0,1,0,0,0,0,0,6.85942E+20,5.34077E+21,1.15021E+16,4.8193E+16
173649,9.17052E+18,9,1,62,0,2017,5,16,4,3,2,6,0,1,0,0,0,0,0,6.92604E+20,5.33481E+21,1.15889E+16,4.81374E+16
173650,9.17052E+18,9,1,62,0,2017,5,17,4,3,5,3,1,0,0,0,0,0,0,6.8978E+20,5.33088E+21,1.15493E+16,4.81029E+16
173651,9.17052E+18,9,1,62,0,2017,5,16,4,2,2,6,0,1,0,1,0,0,0,6.8803E+20,5.33171E+21,1.15262E+16,4.81109E+16
173652,9.17052E+18,9,1,62,0,2017,5,17,4,3,5,3,1,1,0,0,0,0,0,6.83161E+20,5.33755E+21,1.14633E+16,4.81648E+16
173653,9.17052E+18,9,1,62,0,2017,5,19,4,3,2,6,0,1,0,0,0,1,0,6.8737E+20,5.33032E+21,1.15167E+16,4.80986E+16
173654,9.17052E+18,9,1,84,131,2017,5,18,4,3,5,3,0,1,0,0,0,0,0,7.04766E+20,5.33805E+21,1.17538E+16,4.81627E+16
173655,9.17052E+18,9,1,62,0,2017,5,18,4,3,2,6,0,1,0,0,0,0,0,6.92671E+20,5.34043E+21,1.15924E+16,4.81879E+16
173656,9.17052E+18,9,1,62,0,2017,5,19,4,2,4,7,0,1,0,1,0,0,0,6.92848E+20,5.33329E+21,1.15915E+16,4.81236E+16
173657,9.17052E+18,9,1,62,0,2017,5,7,4,2,1,3,0,1,0,1,0,0,0,6.91854E+20,5.33809E+21,1.15804E+16,4.81671E+16
173658,9.17052E+18,9,1,62,0,2017,5,17,4,3,2,6,0,1,0,0,0,0,0,6.9083E+20,5.34277E+21,1.15687E+16,4.82095E+16
173659,9.17052E+18,9,1,62,0,2017,5,18,4,3,1,6,1,1,0,0,0,0,0,6.89071E+20,5.33648E+21,1.15423E+16,4.81534E+16
173660,9.17052E+18,9,1,62,0,2017,5,17,4,3,6,2,0,1,1,0,0,0,0,6.84491E+20,5.33325E+21,1.14793E+16,4.81257E+16
173661,9.17052E+18,9,1,84,113,2017,5,9,4,3,4,6,1,0,0,0,0,0,0,6.86516E+20,5.3231E+21,1.15021E+16,4.80339E+16
173662,9.17052E+18,9,1,62,0,2017,5,9,4,3,5,3,1,1,0,0,0,0,0,6.87538E+20,5.33037E+21,1.1519E+16,4.80989E+16
173663,9.17052E+18,9,1,62,0,2017,5,11,4,3,3,2,1,0,0,0,1,0,0,6.91625E+20,5.33126E+21,1.15742E+16,4.81058E+16
173664,9.17052E+18,9,1,62,0,2017,5,1,4,3,0,7,1,0,0,0,1,2,0,6.91346E+20,5.33192E+21,1.15708E+16,4.81118E+16
173665,9.17052E+18,9,1,62,0,2017,5,8,4,3,3,2,1,0,0,0,1,0,0,6.90357E+20,5.3335E+21,1.15582E+16,4.81262E+16
173666,9.17052E+18,9,1,62,0,2017,5,14,4,3,3,6,1,0,0,0,0,0,0,6.91876E+20,5.33587E+21,1.15797E+16,4.81471E+16
173667,9.17052E+18,9,1,62,0,2017,5,12,4,3,0,7,0,1,0,1,0,0,0,6.91939E+20,5.33564E+21,1.15804E+16,4.8145E+16
173668,9.17052E+18,9,7,75,135,2017,5,18,4,3,5,3,1,0,0,1,0,0,0,5.74095E+20,5.36068E+21,1.0001E+16,4.83949E+16
173669,9.17052E+18,9,7,75,134,2017,5,8,4,2,0,7,1,0,0,0,0,0,0,5.85147E+20,5.36314E+21,1.01507E+16,4.84157E+16
173670,9.17052E+18,9,7,64,0,2017,5,14,4,3,1,7,1,1,0,0,0,0,0,5.88034E+20,5.31539E+21,1.01798E+16,4.79857E+16
173671,9.17052E+18,9,7,78,184,2017,5,21,4,3,7,7,0,0,0,1,0,2,0,5.97066E+20,5.32934E+21,1.0304E+16,4.811E+16
173672,9.17052E+18,9,7,78,186,2017,5,14,4,3,9,7,0,0,0,0,1,0,0,6.01473E+20,5.30632E+21,1.03578E+16,4.79022E+16
173673,9.17052E+18,9,7,75,162,2017,5,15,4,3,0,7,1,0,0,0,0,0,0,5.80281E+20,5.34718E+21,1.00819E+16,4.82727E+16
173674,9.17052E+18,9,7,63,0,2017,5,20,4,3,5,3,0,1,1,0,0,0,0,5.98273E+20,5.28576E+21,1.03103E+16,4.77177E+16
173675,9.17052E+18,9,7,63,0,2017,5,7,4,3,5,3,0,1,0,0,0,0,0,5.99497E+20,5.28722E+21,1.03269E+16,4.77307E+16
173676,9.17052E+18,9,7,78,111,2017,5,16,4,3,5,3,0,1,0,0,0,0,0,6.25211E+20,5.32517E+21,1.06807E+16,4.80675E+16
173677,9.17052E+18,9,7,77,121,2017,5,13,4,3,5,3,1,1,0,0,0,0,0,6.29382E+20,5.32164E+21,1.07356E+16,4.80349E+16
173678,9.17052E+18,9,7,79,194,2017,5,12,4,3,1,5,1,1,0,0,0,0,0,6.09385E+20,5.41175E+21,1.0491E+16,4.88491E+16
173679,9.17052E+18,9,7,79,131,2017,5,8,4,3,5,2,1,0,0,0,1,0,0,6.30778E+20,5.39818E+21,1.07782E+16,4.87229E+16
173680,9.17052E+18,9,7,73,182,2017,5,13,4,3,5,3,1,1,0,0,0,0,0,6.23535E+20,5.3804E+21,1.06744E+16,4.85645E+16
173681,9.17052E+18,9,7,73,182,2017,5,17,4,3,2,6,0,1,0,0,0,0,0,6.22465E+20,5.37999E+21,1.06598E+16,4.8561E+16
173682,9.17052E+18,9,7,72,130,2017,5,14,4,3,2,7,0,1,0,0,0,0,0,6.32323E+20,5.35788E+21,1.07864E+16,4.83602E+16
173683,9.17052E+18,9,7,72,200,2017,5,20,4,3,5,3,0,1,0,0,0,0,0,6.30618E+20,5.33846E+21,1.07574E+16,4.8186E+16
173684,9.17052E+18,9,7,71,130,2017,5,15,4,3,1,6,0,1,0,1,0,0,0,6.4551E+20,5.35649E+21,1.09638E+16,4.83448E+16
173685,9.17052E+18,9,7,71,130,2017,5,9,4,3,0,1,0,0,0,1,0,0,0,6.46523E+20,5.35765E+21,1.09779E+16,4.8355E+16
173686,9.17052E+18,9,7,72,163,2017,5,18,4,3,0,1,1,0,0,0,0,0,0,6.41091E+20,5.34793E+21,1.09014E+16,4.82688E+16
173687,9.17052E+18,9,7,61,0,2017,5,14,4,3,2,6,0,1,0,0,0,0,0,6.38396E+20,5.35936E+21,1.08688E+16,4.83722E+16
173688,9.17052E+18,9,7,61,0,2017,5,15,4,3,2,6,0,1,0,0,0,0,0,6.39295E+20,5.3588E+21,1.08808E+16,4.8367E+16
173689,9.17052E+18,9,7,61,0,2017,5,19,4,3,5,3,0,1,0,0,0,0,0,6.41712E+20,5.36076E+21,1.0914E+16,4.83841E+16
173690,9.17052E+18,9,7,61,0,2017,5,11,4,3,1,3,0,0,0,1,1,0,0,6.39804E+20,5.35642E+21,1.08868E+16,4.83455E+16
173691,9.17052E+18,9,7,61,0,2017,5,7,4,3,0,1,1,0,0,0,0,0,0,6.39111E+20,5.35796E+21,1.0878E+16,4.83595E+16
173692,9.17052E+18,9,6,63,0,2017,5,9,4,3,2,6,0,1,0,0,0,0,0,5.65461E+20,5.51698E+21,9.90967E+15,4.98017E+16
173693,9.17052E+18,9,6,63,0,2017,5,18,4,3,5,3,0,1,0,0,0,0,0,5.67551E+20,5.51382E+21,9.93816E+15,4.97731E+16
173694,9.17052E+18,9,6,63,0,2017,5,15,4,3,6,4,0,1,1,0,0,0,0,5.69335E+20,5.50823E+21,9.96194E+15,4.97225E+16
173695,9.17052E+18,9,6,77,157,2017,5,19,4,3,0,7,1,0,0,0,0,0,0,5.45133E+20,5.5221E+21,9.6278E+15,4.98496E+16
173696,9.17052E+18,9,6,74,184,2017,5,8,4,3,8,1,0,1,0,0,0,0,0,6.24523E+20,5.55637E+21,1.07429E+16,5.01464E+16
173697,9.17052E+18,9,6,76,121,2017,5,17,4,3,0,7,1,0,0,0,0,0,0,5.1158E+20,5.52156E+21,9.16107E+15,4.98464E+16
173698,9.17052E+18,9,5,72,111,2017,5,10,4,3,1,5,1,1,0,0,0,0,0,6.36587E+20,5.50863E+21,1.08947E+16,4.97146E+16
173699,9.17052E+18,9,5,62,0,2017,5,13,4,3,1,5,1,1,0,0,0,0,0,6.4275E+20,5.49576E+21,1.09755E+16,4.95975E+16
173700,9.17052E+18,9,5,76,143,2017,5,13,4,3,6,7,1,0,1,0,0,0,0,6.52342E+20,5.45562E+21,1.10927E+16,4.92344E+16
173701,9.17052E+18,9,5,76,143,2017,5,7,4,3,1,2,1,1,0,0,0,0,0,6.52203E+20,5.45742E+21,1.10915E+16,4.92506E+16
173702,9.17052E+18,9,5,63,0,2017,5,9,4,2,5,3,0,1,0,0,0,0,0,6.40568E+20,5.48511E+21,1.09415E+16,4.95023E+16
173703,9.17052E+18,9,5,64,0,2017,5,14,4,3,3,6,0,1,0,0,1,0,0,6.49729E+20,5.47927E+21,1.10657E+16,4.94476E+16
173704,9.17052E+18,9,5,64,0,2017,5,18,4,3,5,3,1,1,0,0,0,0,0,6.55395E+20,5.47544E+21,1.11423E+16,4.94118E+16
173705,9.17052E+18,9,5,64,0,2017,5,16,4,3,5,3,0,1,0,0,0,0,0,6.51439E+20,5.47915E+21,1.10893E+16,4.94461E+16
173706,9.17052E+18,9,5,64,0,2017,5,19,4,3,4,6,1,0,0,0,0,0,0,6.51254E+20,5.4801E+21,1.10871E+16,4.94547E+16
173707,9.17052E+18,9,5,64,0,2017,5,9,4,2,5,2,1,1,0,0,0,0,0,6.46967E+20,5.48164E+21,1.10285E+16,4.94696E+16
173708,9.17052E+18,9,5,64,0,2017,5,13,4,3,2,6,0,1,0,0,0,0,0,6.48931E+20,5.47968E+21,1.10549E+16,4.94515E+16
173709,9.17052E+18,9,5,64,0,2017,5,9,4,3,5,2,0,1,0,1,0,0,0,6.49251E+20,5.47951E+21,1.10592E+16,4.94499E+16
173710,9.17052E+18,9,5,64,0,2017,5,17,4,3,2,6,0,1,0,0,0,0,0,6.56461E+20,5.47456E+21,1.11567E+16,4.94036E+16
173711,9.17052E+18,9,5,64,0,2017,5,12,4,3,5,3,1,1,0,0,0,0,0,6.48787E+20,5.47953E+21,1.10528E+16,4.94502E+16
173712,9.17052E+18,9,5,64,0,2017,5,9,4,3,4,2,1,1,0,0,0,0,0,6.49854E+20,5.48037E+21,1.10679E+16,4.94574E+16
173713,9.17052E+18,9,5,64,0,2017,5,9,4,3,5,3,0,1,0,0,0,0,0,6.5214E+20,5.48045E+21,1.10994E+16,4.94576E+16
173714,9.17052E+18,9,5,64,0,2017,5,19,4,3,4,2,1,1,0,0,0,0,0,6.46648E+20,5.48086E+21,1.10238E+16,4.94626E+16
173715,9.17052E+18,9,5,64,0,2017,5,8,4,3,1,5,1,1,0,0,0,0,0,6.49615E+20,5.47913E+21,1.10641E+16,4.94464E+16
173716,9.17052E+18,9,5,64,0,2017,5,14,4,3,2,6,0,1,0,0,0,0,0,6.4975E+20,5.4793E+21,1.1066E+16,4.94479E+16
173717,9.17052E+18,9,5,61,0,2017,5,7,4,3,3,6,1,0,0,0,0,0,0,6.1702E+20,5.46131E+21,1.06094E+16,4.92933E+16
173718,9.17052E+18,9,5,71,196,2017,5,17,4,3,5,3,0,1,0,0,0,0,0,6.21067E+20,5.46163E+21,1.06651E+16,4.92954E+16
173719,9.17052E+18,9,4,64,0,2017,5,19,4,3,5,3,1,1,0,0,0,0,0,7.08169E+20,5.57702E+21,1.19236E+16,5.03085E+16
173720,9.17052E+18,9,4,64,0,2017,5,17,4,3,1,3,1,1,0,0,0,0,0,7.06803E+20,5.57836E+21,1.19052E+16,5.0321E+16
173721,9.17052E+18,9,4,73,151,2017,5,17,4,3,6,7,0,1,1,0,0,0,0,6.50718E+20,5.57724E+21,1.11176E+16,5.0328E+16
173722,9.17052E+18,9,4,78,145,2017,5,16,4,2,5,3,1,0,0,1,0,0,0,6.51447E+20,5.56018E+21,1.1121E+16,5.01745E+16
173723,9.17052E+18,9,4,63,0,2017,5,22,4,3,5,3,0,1,0,0,0,2,0,6.40205E+20,5.56811E+21,1.09666E+16,5.02485E+16
173724,9.17052E+18,9,3,62,0,2017,5,18,4,3,5,2,0,1,0,0,0,0,0,7.25974E+20,5.43535E+21,1.20915E+16,4.90296E+16
173725,9.17052E+18,9,3,62,0,2017,5,12,4,2,0,1,1,0,0,0,0,0,0,7.25972E+20,5.43542E+21,1.20916E+16,4.90303E+16
173726,9.17052E+18,9,3,73,115,2017,5,20,4,3,0,7,0,0,0,1,0,0,0,6.90448E+20,5.43931E+21,1.16079E+16,4.90771E+16
173727,9.17052E+18,9,3,73,160,2017,5,15,4,2,2,2,0,0,0,1,1,0,0,6.93845E+20,5.44679E+21,1.1658E+16,4.91433E+16
173728,9.17052E+18,9,3,73,147,2017,5,15,4,3,3,2,1,1,0,0,0,0,0,6.78695E+20,5.46174E+21,1.14571E+16,4.92823E+16
173729,9.17052E+18,9,3,72,116,2017,5,15,4,2,5,3,1,0,0,0,1,0,0,7.67129E+20,5.45789E+21,1.26684E+16,4.92155E+16
173730,9.17052E+18,9,3,76,147,2017,5,7,4,2,5,3,1,0,0,0,0,0,0,7.45688E+20,5.47182E+21,1.23831E+16,4.93495E+16
173731,9.17052E+18,9,2,78,192,2017,5,17,4,3,6,4,0,1,1,0,0,0,0,7.73024E+20,5.41554E+21,1.27207E+16,4.88327E+16
173732,9.17052E+18,9,2,63,0,2017,5,12,4,3,2,6,0,1,0,0,0,0,0,7.61828E+20,5.41893E+21,1.25706E+16,4.8868E+16
173733,9.17052E+18,9,2,63,0,2017,5,10,4,2,1,5,1,1,0,0,0,0,0,7.61511E+20,5.41923E+21,1.25665E+16,4.88708E+16
173734,9.17052E+18,9,2,71,141,2017,5,18,4,3,9,7,0,0,0,1,0,0,0,7.99056E+20,5.40129E+21,1.30642E+16,4.86929E+16
173735,9.17052E+18,9,2,62,0,2017,5,16,4,3,0,1,1,0,0,0,0,0,0,8.25351E+20,5.38712E+21,1.34094E+16,4.85527E+16
173736,9.17052E+18,9,2,77,153,2017,5,17,4,3,5,3,0,1,0,0,0,0,0,7.84329E+20,5.36377E+21,1.2839E+16,4.8363E+16
173737,9.17052E+18,9,2,77,121,2017,5,17,4,3,8,1,0,0,0,1,0,0,0,7.63227E+20,5.37118E+21,1.25593E+16,4.84386E+16
173738,9.17052E+18,9,2,61,0,2017,5,12,4,3,5,3,0,1,0,0,0,0,0,7.3072E+20,5.38036E+21,1.21255E+16,4.85339E+16
173739,9.17052E+18,9,1,73,112,2017,5,17,4,3,5,3,1,1,0,0,0,0,0,6.9206E+20,5.29182E+21,1.15625E+16,4.77512E+16
173740,9.17052E+18,9,1,89,157,2017,5,18,4,3,1,1,0,1,0,0,0,0,0,7.63503E+20,5.32465E+21,1.25341E+16,4.80207E+16
173741,9.17052E+18,9,1,89,127,2017,5,19,4,3,0,1,1,0,0,0,0,0,0,7.86543E+20,5.31929E+21,1.28388E+16,4.79627E+16
173742,9.17052E+18,9,1,89,162,2017,5,6,4,3,5,3,0,1,0,0,0,0,0,7.78638E+20,5.31556E+21,1.27307E+16,4.79327E+16
173743,9.17052E+18,9,1,87,168,2017,5,16,4,3,6,3,0,1,1,0,0,0,0,7.49561E+20,5.30829E+21,1.23379E+16,4.78794E+16
173744,9.17052E+18,9,1,87,182,2017,5,19,4,3,0,6,1,0,0,0,0,0,0,7.38597E+20,5.32701E+21,1.22019E+16,4.80517E+16
173745,9.17052E+18,9,1,87,179,2017,5,23,4,2,2,6,1,1,0,0,0,2,0,7.19315E+20,5.31748E+21,1.19387E+16,4.7973E+16
173746,9.17052E+18,9,1,87,122,2017,5,15,4,3,4,3,0,1,0,1,0,0,0,7.19234E+20,5.30795E+21,1.19327E+16,4.78874E+16
173747,9.17052E+18,9,1,61,0,2017,5,7,4,2,3,6,1,0,0,0,0,0,0,6.76804E+20,5.40546E+21,1.14066E+16,4.8777E+16
173748,9.17052E+18,9,1,61,0,2017,5,7,4,3,0,2,0,1,0,0,1,0,0,6.78531E+20,5.40361E+21,1.14293E+16,4.87599E+16
173749,9.17052E+18,9,1,85,166,2017,5,11,4,2,0,7,1,0,0,0,0,0,0,6.71366E+20,5.38112E+21,1.13226E+16,4.85598E+16
173750,9.17052E+18,9,1,86,143,2017,5,14,4,3,5,3,1,1,0,0,0,0,0,6.83757E+20,5.37811E+21,1.1489E+16,4.85292E+16
173751,9.17052E+18,9,1,85,149,2017,5,13,4,3,5,3,1,1,0,0,0,0,0,6.64481E+20,5.40066E+21,1.12371E+16,4.87373E+16
173752,9.17052E+18,9,1,61,0,2017,5,12,4,3,0,3,0,1,0,0,1,0,0,6.78353E+20,5.4037E+21,1.14269E+16,4.87608E+16
173753,9.17052E+18,9,1,86,113,2017,5,19,4,3,4,2,0,1,0,0,0,0,0,6.8147E+20,5.39386E+21,1.1465E+16,4.86714E+16
173754,9.17052E+18,9,1,62,0,2017,5,14,4,3,2,6,0,1,0,1,0,0,0,6.94698E+20,5.34155E+21,1.16202E+16,4.81973E+16
173755,9.17052E+18,9,1,81,146,2017,5,8,4,3,8,1,1,0,0,0,0,0,0,6.51663E+20,5.3259E+21,1.10359E+16,4.80683E+16
173756,9.17052E+18,9,1,79,126,2017,5,8,4,3,5,3,1,1,0,0,0,0,0,6.76802E+20,5.34079E+21,1.13792E+16,4.81957E+16
173757,9.17052E+18,9,1,79,123,2017,5,17,4,3,6,4,0,1,1,0,0,0,0,6.76803E+20,5.3341E+21,1.13765E+16,4.81356E+16
173758,9.17052E+18,9,1,88,127,2017,5,13,4,3,0,3,0,1,0,1,0,0,0,6.7659E+20,5.32948E+21,1.13717E+16,4.80941E+16
173759,9.17052E+18,9,1,79,125,2017,5,3,4,3,0,7,1,0,0,0,0,2,0,6.6038E+20,5.33249E+21,1.11553E+16,4.81254E+16
173760,9.17052E+18,9,1,79,121,2017,5,18,4,3,0,7,1,0,0,0,0,0,0,6.66074E+20,5.33801E+21,1.12339E+16,4.81736E+16
173761,9.17052E+18,9,1,74,141,2017,5,18,4,3,5,3,1,1,0,0,0,0,0,6.81022E+20,5.35613E+21,1.14425E+16,4.83324E+16
173762,9.17052E+18,9,1,74,115,2017,5,17,4,3,5,3,0,1,0,1,0,0,0,6.79385E+20,5.34654E+21,1.14164E+16,4.82467E+16
173763,9.17052E+18,9,1,78,124,2017,5,12,4,3,0,1,1,0,0,0,0,0,0,7.03032E+20,5.36419E+21,1.17431E+16,4.83981E+16
173764,9.17052E+18,9,1,62,0,2017,5,13,3,3,5,3,1,1,0,0,0,0,0,6.83E+20,5.33459E+21,1.14599E+16,4.81382E+16
173765,9.17052E+18,9,1,62,0,2017,5,8,3,3,6,4,1,1,1,0,0,0,0,6.89606E+20,5.33547E+21,1.1549E+16,4.81442E+16
173766,9.17052E+18,9,1,62,0,2017,5,19,3,3,4,2,1,1,0,0,0,0,0,6.87058E+20,5.32985E+21,1.15123E+16,4.80945E+16
173767,9.17052E+18,9,1,62,0,2017,5,18,3,3,0,7,1,0,1,0,0,0,0,6.83624E+20,5.33894E+21,1.14701E+16,4.81772E+16
173768,9.17052E+18,9,1,62,0,2017,5,18,3,2,5,7,1,0,0,0,0,0,0,6.90823E+20,5.33543E+21,1.15653E+16,4.81435E+16
173769,9.17052E+18,9,1,62,0,2017,5,20,3,3,3,6,1,1,0,0,0,1,0,6.88829E+20,5.33534E+21,1.15385E+16,4.81433E+16