OBJECTID,UIDENTSTLA,ULAND,UREGBEZ,UKREIS,UGEMEINDE,UJAHR,UMONAT,USTUNDE,UWOCHENTAG,UKATEGORIE,UART,UTYP1,IstRad,IstPKW,IstFuss,IstKrad,IstSonstig,LICHT,STRZUSTAND,LINREFX,LINREFY,XGCSWGS84,YGCSWGS84
173770,9.17052E+18,9,1,62,0,2017,5,17,3,3,5,3,1,1,0,0,0,0,0,6.91175E+20,5.33067E+21,1.15679E+16,4.81006E+16
173771,9.17052E+18,9,1,62,0,2017,5,22,3,2,5,3,0,1,0,0,1,2,0,6.9129E+20,5.3388E+21,1.15731E+16,4.81737E+16
173772,9.17052E+18,9,1,62,0,2017,5,16,3,3,3,6,1,0,0,1,0,0,0,6.91308E+20,5.33605E+21,1.15721E+16,4.81489E+16
173773,9.17052E+18,9,1,62,0,2017,5,19,3,3,4,6,1,0,0,0,0,0,0,6.94694E+20,5.34459E+21,1.16215E+16,4.82247E+16
173774,9.17052E+18,9,1,62,0,2017,5,6,3,3,6,2,0,1,1,0,0,0,0,6.81672E+20,5.33739E+21,1.14432E+16,4.81638E+16
173775,9.17052E+18,9,1,62,0,2017,5,18,3,3,3,2,1,1,0,0,0,0,0,6.89268E+20,5.33626E+21,1.15448E+16,4.81514E+16
173776,9.17052E+18,9,1,62,0,2017,5,18,3,3,6,4,1,0,1,0,0,0,0,6.86242E+20,5.33352E+21,1.1503E+16,4.81277E+16
173777,9.17052E+18,9,1,84,123,2017,5,10,3,3,1,5,0,1,0,0,1,0,0,7.03016E+20,5.33211E+21,1.17275E+16,4.81098E+16
173778,9.17052E+18,9,1,62,0,2017,5,7,3,3,0,6,0,1,0,1,0,0,1,6.98743E+20,5.32954E+21,1.16689E+16,4.80881E+16
173779,9.17052E+18,9,1,62,0,2017,5,7,3,3,2,6,0,1,0,0,0,0,0,6.92011E+20,5.33152E+21,1.15795E+16,4.8108E+16
173780,9.17052E+18,9,1,62,0,2017,5,14,3,3,0,2,0,0,1,1,0,0,0,6.94125E+20,5.33474E+21,1.16093E+16,4.81363E+16
173781,9.17052E+18,9,1,62,0,2017,5,16,3,3,5,3,1,1,0,0,0,0,0,6.88742E+20,5.33429E+21,1.15369E+16,4.81338E+16
173782,9.17052E+18,9,7,75,135,2017,5,18,3,3,0,7,0,0,0,1,1,0,1,5.76888E+20,5.35555E+21,1.00378E+16,4.83485E+16
173783,9.17052E+18,9,7,75,135,2017,5,15,3,3,6,4,0,1,1,0,0,0,0,5.74236E+20,5.35997E+21,1.00027E+16,4.83885E+16
173784,9.17052E+18,9,7,75,135,2017,5,11,3,3,0,7,1,0,0,0,0,0,0,5.7467E+20,5.35755E+21,1.00082E+16,4.83667E+16
173785,9.17052E+18,9,7,64,0,2017,5,15,3,3,0,7,0,0,0,0,1,0,0,5.82783E+20,5.31036E+21,1.01085E+16,4.79412E+16
173786,9.17052E+18,9,7,63,0,2017,5,12,3,3,1,7,1,1,0,0,0,0,0,5.99037E+20,5.28501E+21,1.03203E+16,4.77109E+16
173787,9.17052E+18,9,7,62,0,2017,5,11,3,3,6,7,0,1,1,0,0,0,0,6.21305E+20,5.30431E+21,1.06225E+16,4.78807E+16
173788,9.17052E+18,9,7,77,170,2017,5,13,3,3,5,3,0,1,0,0,0,0,0,6.19708E+20,5.27699E+21,1.05936E+16,4.76353E+16
173789,9.17052E+18,9,7,77,121,2017,5,16,3,3,8,1,0,1,0,0,1,0,0,6.27309E+20,5.32099E+21,1.07077E+16,4.80295E+16
173790,9.17052E+18,9,7,73,136,2017,5,5,3,3,0,1,1,0,0,0,0,1,0,6.025E+20,5.37936E+21,1.03892E+16,4.8559E+16
173791,9.17052E+18,9,7,72,184,2017,5,19,3,3,6,7,0,1,1,0,0,0,0,6.35846E+20,5.36151E+21,1.08351E+16,4.83921E+16
173792,9.17052E+18,9,7,71,149,2017,5,13,3,3,0,7,1,0,0,0,0,0,0,6.50496E+20,5.36596E+21,1.10345E+16,4.84288E+16
173793,9.17052E+18,9,6,63,0,2017,5,9,3,2,1,7,0,1,0,0,0,0,0,5.673E+20,5.51495E+21,9.93487E+15,4.97832E+16
173794,9.17052E+18,9,6,63,0,2017,5,8,3,3,5,3,0,1,0,1,0,0,0,5.66076E+20,5.51542E+21,9.91795E+15,4.97876E+16
173795,9.17052E+18,9,6,75,141,2017,5,20,3,3,1,1,0,1,0,0,0,1,0,5.85536E+20,5.50985E+21,1.0187E+16,4.97351E+16
173796,9.17052E+18,9,6,75,117,2017,5,15,3,3,4,2,1,1,0,0,0,0,0,5.83066E+20,5.517E+21,1.01543E+16,4.97997E+16
173797,9.17052E+18,9,6,78,134,2017,5,12,3,2,6,3,0,1,1,0,0,0,0,5.97082E+20,5.52818E+21,1.03518E+16,4.98981E+16
173798,9.17052E+18,9,6,62,0,2017,5,12,3,3,0,3,1,1,0,0,0,0,0,5.88394E+20,5.54342E+21,1.02343E+16,5.00365E+16
173799,9.17052E+18,9,6,62,0,2017,5,18,3,3,2,6,0,1,0,0,0,0,0,5.88567E+20,5.54351E+21,1.02368E+16,5.00373E+16
173800,9.17052E+18,9,6,62,0,2017,5,16,3,3,5,3,1,0,0,1,0,0,0,5.88364E+20,5.54195E+21,1.02336E+16,5.00233E+16
173801,9.17052E+18,9,6,76,145,2017,5,14,3,3,9,1,0,0,0,1,0,0,0,5.09581E+20,5.51971E+21,9.13322E+15,4.98298E+16
173802,9.17052E+18,9,6,76,133,2017,5,16,3,3,2,6,0,1,0,0,0,0,0,5.11986E+20,5.5236E+21,9.16678E+15,4.98647E+16
173803,9.17052E+18,9,6,71,155,2017,5,10,3,3,3,2,0,1,0,0,0,0,0,5.0623E+20,5.53452E+21,9.08686E+15,4.9963E+16
173804,9.17052E+18,9,5,72,135,2017,5,18,3,3,5,3,1,0,0,0,0,0,0,6.3112E+20,5.50725E+21,1.08185E+16,4.97035E+16
173805,9.17052E+18,9,5,62,0,2017,5,17,3,3,4,2,1,1,0,0,0,0,0,6.4584E+20,5.49577E+21,1.10182E+16,4.95969E+16
173806,9.17052E+18,9,5,62,0,2017,5,16,3,2,3,2,1,1,0,0,0,0,0,6.44992E+20,5.49398E+21,1.10058E+16,4.9581E+16
173807,9.17052E+18,9,5,64,0,2017,5,23,3,3,0,7,0,1,0,0,0,2,0,6.54018E+20,5.47713E+21,1.1124E+16,4.94273E+16
173808,9.17052E+18,9,5,64,0,2017,5,23,3,3,2,6,0,1,0,1,0,2,0,6.53302E+20,5.47582E+21,1.11137E+16,4.94157E+16
173809,9.17052E+18,9,5,64,0,2017,5,9,3,3,5,3,1,1,0,0,0,0,0,6.51369E+20,5.48043E+21,1.10888E+16,4.94576E+16
173810,9.17052E+18,9,5,64,0,2017,5,9,3,3,5,2,1,1,0,0,0,0,0,6.47902E+20,5.47775E+21,1.104E+16,4.94344E+16
173811,9.17052E+18,9,5,64,0,2017,5,9,3,3,5,3,1,1,0,0,0,0,0,6.47853E+20,5.47188E+21,1.10371E+16,4.93816E+16
173812,9.17052E+18,9,5,73,134,2017,5,7,3,3,0,4,0,1,1,0,0,0,0,6.41391E+20,5.47814E+21,1.09504E+16,4.94394E+16
173813,9.17052E+18,9,5,73,134,2017,5,8,3,3,1,6,0,1,0,1,0,0,0,6.42909E+20,5.47849E+21,1.09714E+16,4.94423E+16
173814,9.17052E+18,9,5,77,136,2017,5,12,3,3,2,6,0,1,0,1,0,0,0,6.28688E+20,5.4421E+21,1.07636E+16,4.91183E+16
173815,9.17052E+18,9,5,77,136,2017,5,7,3,3,2,6,0,1,0,0,0,0,0,6.28046E+20,5.44201E+21,1.07548E+16,4.91176E+16
173816,9.17052E+18,9,5,75,145,2017,5,20,3,3,0,1,1,0,0,0,0,0,0,6.19635E+20,5.48359E+21,1.0652E+16,4.94931E+16
173817,9.17052E+18,9,4,64,0,2017,5,19,3,3,4,6,1,1,0,0,0,0,0,7.07401E+20,5.57752E+21,1.19132E+16,5.03133E+16
173818,9.17052E+18,9,4,62,0,2017,5,14,3,3,0,3,1,0,0,1,0,0,0,6.86029E+20,5.53564E+21,1.15929E+16,4.99441E+16
173819,9.17052E+18,9,4,61,0,2017,5,6,3,3,5,3,0,1,0,0,0,0,0,6.33323E+20,5.52906E+21,1.08565E+16,4.98991E+16
173820,9.17052E+18,9,3,72,153,2017,5,17,3,3,1,7,0,1,0,1,1,0,0,7.56507E+20,5.45482E+21,1.25208E+16,4.91925E+16
173821,9.17052E+18,9,3,62,0,2017,5,16,3,3,2,1,0,1,0,0,0,0,0,7.23996E+20,5.43289E+21,1.20632E+16,4.90082E+16
173822,9.17052E+18,9,3,62,0,2017,5,15,3,3,1,6,0,1,0,0,0,0,0,7.28696E+20,5.43233E+21,1.2127E+16,4.90014E+16
173823,9.17052E+18,9,3,62,0,2017,5,19,3,3,8,1,0,1,0,0,0,0,0,7.29078E+20,5.43509E+21,1.21338E+16,4.90261E+16
173824,9.17052E+18,9,3,73,147,2017,5,18,3,3,5,3,1,1,0,0,0,0,0,6.78962E+20,5.46239E+21,1.14611E+16,4.9288E+16
173825,9.17052E+18,9,3,61,0,2017,5,21,3,3,2,6,0,1,0,0,0,2,0,7.06738E+20,5.48013E+21,1.18518E+16,4.94386E+16
173826,9.17052E+18,9,3,76,161,2017,5,18,3,3,0,1,1,0,0,0,0,0,0,7.28012E+20,5.46784E+21,1.21378E+16,4.93206E+16
173827,9.17052E+18,9,2,75,135,2017,5,14,3,3,4,2,0,1,0,0,0,0,0,8.22922E+20,5.40203E+21,1.33882E+16,4.86877E+16
173828,9.17052E+18,9,2,75,146,2017,5,7,3,3,8,6,0,0,0,1,1,0,0,8.30204E+20,5.39494E+21,1.34811E+16,4.86202E+16
173829,9.17052E+18,9,2,75,116,2017,5,15,3,3,3,2,1,1,0,0,0,0,0,8.19888E+20,5.3644E+21,1.33182E+16,4.83517E+16
173830,9.17052E+18,9,2,75,145,2017,5,17,3,2,9,7,0,1,0,0,0,0,0,8.20608E+20,5.37389E+21,1.33351E+16,4.84364E+16
173831,9.17052E+18,9,2,74,141,2017,5,13,3,2,4,6,0,1,0,1,0,0,0,7.27985E+20,5.39734E+21,1.20979E+16,4.86874E+16
173832,9.17052E+18,9,2,73,165,2017,5,7,3,3,8,7,0,0,0,1,1,0,0,7.20749E+20,5.40446E+21,1.20035E+16,4.8754E+16
173833,9.17052E+18,9,2,61,0,2017,5,18,3,3,5,3,0,1,0,0,0,0,0,7.31559E+20,5.38263E+21,1.21381E+16,4.85539E+16
173834,9.17052E+18,9,2,79,122,2017,5,8,3,3,5,3,1,1,0,0,0,0,0,7.71662E+20,5.39832E+21,1.26908E+16,4.86787E+16
173835,9.17052E+18,9,2,73,116,2017,5,20,3,3,0,7,1,0,0,0,0,0,0,7.21134E+20,5.42592E+21,1.20203E+16,4.89466E+16
173836,9.17052E+18,9,1,73,147,2017,5,10,3,3,7,7,0,1,0,0,0,0,0,6.81639E+20,5.31005E+21,1.14312E+16,4.7918E+16
173837,9.17052E+18,9,1,73,126,2017,5,14,3,3,2,2,0,1,0,1,0,0,0,6.85608E+20,5.30386E+21,1.14816E+16,4.78612E+16
173838,9.17052E+18,9,1,89,155,2017,5,7,3,3,5,3,1,1,0,0,0,0,0,7.72663E+20,5.30861E+21,1.26465E+16,4.78729E+16
173839,9.17052E+18,9,1,72,117,2017,5,17,3,2,4,3,1,0,0,0,0,0,0,7.97516E+20,5.28497E+21,1.29619E+16,4.76496E+16
173840,9.17052E+18,9,1,71,111,2017,5,11,3,2,5,5,0,1,0,1,0,0,0,7.72671E+20,5.34731E+21,1.26713E+16,4.82203E+16
173841,9.17052E+18,9,1,87,157,2017,5,8,3,3,8,1,1,0,0,0,0,0,0,7.38879E+20,5.28149E+21,1.21806E+16,4.76427E+16
173842,9.17052E+18,9,1,87,130,2017,5,13,3,3,0,1,1,0,0,0,0,0,0,7.12335E+20,5.30969E+21,1.18414E+16,4.79053E+16
173843,9.17052E+18,9,1,86,146,2017,5,19,3,2,0,1,0,0,0,1,0,0,0,6.83221E+20,5.3701E+21,1.14783E+16,4.84573E+16
173844,9.17052E+18,9,1,86,130,2017,5,7,3,3,5,1,1,1,0,0,0,0,0,6.84944E+20,5.37372E+21,1.15031E+16,4.84894E+16
173845,9.17052E+18,9,7,72,147,2017,5,5,2,3,5,3,1,0,0,0,1,0,0,6.38804E+20,5.36376E+21,1.08758E+16,4.84117E+16
173846,9.17052E+18,9,7,71,130,2017,5,16,2,3,0,7,1,0,0,0,0,0,0,6.4736E+20,5.36025E+21,1.09901E+16,4.83782E+16
173847,9.17052E+18,9,7,61,0,2017,5,17,2,3,5,3,0,1,0,0,0,0,0,6.39041E+20,5.36178E+21,1.08783E+16,4.83938E+16
173848,9.17052E+18,9,7,61,0,2017,5,16,2,2,0,1,1,0,0,0,0,0,0,6.34806E+20,5.35342E+21,1.08185E+16,4.83196E+16
173849,9.17052E+18,9,7,61,0,2017,5,17,2,3,6,4,0,1,1,0,0,0,0,6.41422E+20,5.35923E+21,1.09096E+16,4.83703E+16
173850,9.17052E+18,9,6,63,0,2017,5,8,2,3,0,7,1,0,0,0,0,0,0,5.66142E+20,5.51543E+21,9.91888E+15,4.97876E+16
173851,9.17052E+18,9,6,77,155,2017,5,16,2,3,0,7,1,0,0,0,0,0,0,5.40959E+20,5.53691E+21,9.57131E+15,4.99831E+16
173852,9.17052E+18,9,6,62,0,2017,5,14,2,3,5,3,0,1,0,0,0,0,0,5.88586E+20,5.54268E+21,1.02369E+16,5.00298E+16
173853,9.17052E+18,9,6,62,0,2017,5,14,2,3,5,3,1,1,0,0,0,0,0,5.87646E+20,5.54254E+21,1.02237E+16,5.00287E+16
173854,9.17052E+18,9,6,61,0,2017,5,13,2,3,0,7,1,0,0,0,0,0,0,5.0816E+20,5.53677E+21,9.11381E+15,4.99832E+16
173855,9.17052E+18,9,5,62,0,2017,5,14,2,3,5,3,1,0,0,0,0,0,0,6.46462E+20,5.49509E+21,1.10266E+16,4.95906E+16
173856,9.17052E+18,9,5,72,158,2017,5,8,2,3,0,1,0,0,0,1,0,0,0,6.49053E+20,5.49587E+21,1.10627E+16,4.9597E+16
173857,9.17052E+18,9,5,65,0,2017,5,18,2,2,5,3,0,1,0,0,0,0,0,6.47571E+20,5.46632E+21,1.10312E+16,4.93317E+16
173858,9.17052E+18,9,5,74,112,2017,5,12,2,3,5,3,1,1,0,0,0,0,0,6.71947E+20,5.47294E+21,1.13693E+16,4.93849E+16
173859,9.17052E+18,9,5,63,0,2017,5,9,2,3,5,3,1,1,0,0,0,0,0,6.44755E+20,5.48027E+21,1.09975E+16,4.94578E+16
173860,9.17052E+18,9,5,64,0,2017,5,10,2,3,3,6,1,1,0,0,0,0,0,6.53952E+20,5.47878E+21,1.11238E+16,4.94422E+16
173861,9.17052E+18,9,5,64,0,2017,5,17,2,3,5,3,1,1,0,0,0,0,0,6.45176E+20,5.47945E+21,1.1003E+16,4.94504E+16
173862,9.17052E+18,9,5,64,0,2017,5,14,2,3,2,6,0,1,0,1,0,0,0,6.52017E+20,5.47948E+21,1.10974E+16,4.9449E+16
173863,9.17052E+18,9,5,64,0,2017,5,7,2,3,6,2,0,1,1,0,0,0,0,6.48668E+20,5.47763E+21,1.10505E+16,4.94331E+16
173864,9.17052E+18,9,5,64,0,2017,5,17,2,3,3,2,1,1,0,0,0,0,0,6.53662E+20,5.47888E+21,1.11198E+16,4.94431E+16
173865,9.17052E+18,9,5,64,0,2017,5,14,2,2,0,1,0,0,0,1,0,0,0,6.46978E+20,5.47997E+21,1.10281E+16,4.94546E+16
173866,9.17052E+18,9,5,77,159,2017,5,14,2,3,0,1,1,0,0,0,0,0,0,6.35778E+20,5.44282E+21,1.0861E+16,4.91232E+16
173867,9.17052E+18,9,4,79,126,2017,5,9,2,2,8,6,0,0,0,1,1,0,0,7.19124E+20,5.55384E+21,1.20639E+16,5.00963E+16
173868,9.17052E+18,9,4,76,175,2017,5,16,2,3,4,6,0,1,0,0,1,0,0,6.68533E+20,5.59027E+21,1.13735E+16,5.04402E+16
173869,9.17052E+18,9,4,63,0,2017,5,11,2,2,0,3,1,1,0,0,0,0,0,6.39998E+20,5.56822E+21,1.09637E+16,5.02495E+16
173870,9.17052E+18,9,4,62,0,2017,5,12,2,3,5,3,1,1,0,0,0,0,0,6.86086E+20,5.53551E+21,1.15936E+16,4.99429E+16
173871,9.17052E+18,9,4,61,0,2017,5,5,2,3,0,6,1,0,0,1,0,1,0,6.36581E+20,5.52927E+21,1.09019E+16,4.99002E+16
173872,9.17052E+18,9,3,63,0,2017,5,16,2,3,5,2,0,1,0,1,0,0,0,7.26167E+20,5.50813E+21,1.21355E+16,4.96832E+16
173873,9.17052E+18,9,3,74,162,2017,5,18,2,3,0,7,1,1,0,0,0,0,0,7.40595E+20,5.50224E+21,1.23316E+16,4.96247E+16
173874,9.17052E+18,9,3,75,130,2017,5,17,2,2,8,7,1,0,0,0,0,0,0,7.34656E+20,5.43571E+21,1.22103E+16,4.90295E+16
173875,9.17052E+18,9,3,75,156,2017,5,14,2,3,4,6,1,1,0,0,0,0,0,7.15556E+20,5.44956E+21,1.19568E+16,4.9161E+16
173876,9.17052E+18,9,3,62,0,2017,5,12,2,3,5,5,0,1,0,0,0,0,0,7.23206E+20,5.43371E+21,1.20528E+16,4.90158E+16
173877,9.17052E+18,9,3,62,0,2017,5,7,2,2,0,5,1,1,0,0,0,0,0,7.244E+20,5.43379E+21,1.20692E+16,4.90162E+16
173878,9.17052E+18,9,3,62,0,2017,5,12,2,3,0,6,0,1,0,0,1,0,0,7.2591E+20,5.43356E+21,1.20897E+16,4.90136E+16
173879,9.17052E+18,9,3,62,0,2017,5,5,2,3,6,4,0,0,1,1,0,0,0,7.28056E+20,5.43639E+21,1.21206E+16,4.90382E+16
173880,9.17052E+18,9,3,62,0,2017,5,17,2,2,6,6,1,0,1,0,0,0,0,7.2774E+20,5.4359E+21,1.2116E+16,4.90339E+16
173881,9.17052E+18,9,3,73,126,2017,5,17,2,3,5,3,1,1,0,0,0,0,0,6.69926E+20,5.45196E+21,1.13325E+16,4.91969E+16
173882,9.17052E+18,9,3,72,116,2017,5,19,2,2,5,3,0,0,0,1,0,0,0,7.64696E+20,5.45773E+21,1.26349E+16,4.92151E+16
173883,9.17052E+18,9,2,76,144,2017,5,18,2,3,9,1,0,1,0,1,0,0,0,7.83563E+20,5.44346E+21,1.28834E+16,4.90786E+16
173884,9.17052E+18,9,2,63,0,2017,5,16,2,3,6,7,1,1,1,0,0,0,0,7.62709E+20,5.42091E+21,1.25838E+16,4.88854E+16
173885,9.17052E+18,9,2,63,0,2017,5,12,2,3,5,3,1,1,0,0,0,0,0,7.62959E+20,5.41861E+21,1.25858E+16,4.88646E+16
173886,9.17052E+18,9,2,63,0,2017,5,9,2,3,2,6,0,1,0,0,0,0,0,7.64333E+20,5.41964E+21,1.26051E+16,4.88733E+16
173887,9.17052E+18,9,2,76,117,2017,5,22,2,2,0,1,1,0,0,0,0,2,0,7.9881E+20,5.44218E+21,1.30907E+16,4.90599E+16
173888,9.17052E+18,9,2,61,0,2017,5,16,2,2,0,1,1,0,0,0,0,0,0,7.35273E+20,5.38098E+21,1.21875E+16,4.85378E+16
173889,9.17052E+18,9,2,74,126,2017,5,11,2,3,5,3,1,1,0,0,0,0,0,7.33205E+20,5.38389E+21,1.21611E+16,4.85647E+16
173890,9.17052E+18,9,1,90,157,2017,5,16,2,2,5,3,1,0,0,0,0,0,0,6.60867E+20,5.3003E+21,1.11498E+16,4.78359E+16
173891,9.17052E+18,9,1,90,141,2017,5,16,2,2,0,7,1,0,0,0,0,0,0,6.77916E+20,5.29129E+21,1.13737E+16,4.77504E+16
173892,9.17052E+18,9,1,80,125,2017,5,14,2,2,0,7,1,0,0,0,0,0,0,6.54774E+20,5.27394E+21,1.1059E+16,4.76004E+16
173893,9.17052E+18,9,1,89,162,2017,5,15,2,2,9,1,0,1,0,0,0,0,0,7.73477E+20,5.31885E+21,1.26639E+16,4.79645E+16
173894,9.17052E+18,9,1,82,120,2017,5,16,2,3,6,2,0,0,1,0,1,0,0,7.01627E+20,5.30693E+21,1.1697E+16,4.7884E+16
173895,9.17052E+18,9,1,87,154,2017,5,6,2,3,0,7,0,1,1,0,1,0,0,7.35365E+20,5.29667E+21,1.2142E+16,4.77804E+16
173896,9.17052E+18,9,1,87,122,2017,5,15,2,2,2,6,0,0,0,1,1,0,0,7.20481E+20,5.30542E+21,1.19481E+16,4.78642E+16
173897,9.17052E+18,9,1,61,0,2017,5,7,2,3,5,3,1,1,0,0,0,0,0,6.7985E+20,5.40295E+21,1.14469E+16,4.87536E+16
173898,9.17052E+18,9,1,76,124,2017,5,16,2,3,0,7,1,1,0,0,0,0,0,6.70245E+20,5.41023E+21,1.13194E+16,4.88217E+16
173899,9.17052E+18,9,1,81,130,2017,5,18,2,3,5,2,1,1,0,0,0,0,0,6.3866E+20,5.32503E+21,1.08611E+16,4.80634E+16
173900,9.17052E+18,9,1,81,130,2017,5,10,2,2,5,3,1,1,0,0,0,0,0,6.38775E+20,5.32502E+21,1.08627E+16,4.80633E+16
173901,9.17052E+18,9,1,81,130,2017,5,16,2,3,0,7,1,0,0,0,0,0,0,6.39674E+20,5.32378E+21,1.08743E+16,4.8052E+16
173902,9.17052E+18,9,1,79,121,2017,5,17,2,3,2,6,0,1,0,0,0,0,0,6.67164E+20,5.34021E+21,1.12494E+16,4.81931E+16
173903,9.17052E+18,9,1,78,157,2017,5,19,2,2,8,1,0,0,0,1,0,0,0,7.00807E+20,5.37217E+21,1.17169E+16,4.84706E+16
173904,9.17052E+18,9,1,62,0,2017,5,1,1,3,6,4,1,0,1,0,0,2,0,6.90839E+20,5.33472E+21,1.15652E+16,4.81371E+16
173905,9.17052E+18,9,1,84,148,2017,5,17,1,3,2,7,0,1,0,1,0,0,0,6.93865E+20,5.32778E+21,1.16027E+16,4.80738E+16
173906,9.17052E+18,9,1,62,0,2017,5,15,1,3,5,3,0,1,0,0,0,0,0,6.92662E+20,5.33094E+21,1.1588E+16,4.81025E+16
173907,9.17052E+18,9,1,62,0,2017,5,3,1,3,0,7,1,0,0,0,0,2,0,6.90859E+20,5.33691E+21,1.15665E+16,4.81568E+16
173908,9.17052E+18,9,1,62,0,2017,5,14,1,3,0,7,0,1,0,1,0,0,0,6.95548E+20,5.33927E+21,1.16305E+16,4.81766E+16
173909,9.17052E+18,9,7,77,151,2017,5,15,1,3,0,2,0,1,0,1,0,0,0,6.19751E+20,5.29201E+21,1.05983E+16,4.77703E+16
173910,9.17052E+18,9,7,79,131,2017,5,19,1,2,5,3,1,1,0,0,0,0,0,6.32538E+20,5.39847E+21,1.08022E+16,4.87252E+16
173911,9.17052E+18,9,7,61,0,2017,5,16,1,3,0,3,1,1,0,0,0,0,0,6.41376E+20,5.36108E+21,1.09096E+16,4.8387E+16
173912,9.17052E+18,9,7,61,0,2017,5,10,1,3,6,7,1,0,1,0,0,0,0,6.40745E+20,5.35803E+21,1.09001E+16,4.83597E+16
173913,9.17052E+18,9,6,63,0,2017,5,13,1,2,0,1,1,0,0,0,0,0,0,5.66783E+20,5.51724E+21,9.92809E+15,4.98039E+16
173914,9.17052E+18,9,6,62,0,2017,5,22,1,3,1,7,0,1,0,0,1,2,0,5.87051E+20,5.54526E+21,1.0216E+16,5.00532E+16
173915,9.17052E+18,9,6,78,123,2017,5,0,1,3,0,7,1,0,0,0,0,2,0,5.86906E+20,5.54778E+21,1.02146E+16,5.0076E+16
173916,9.17052E+18,9,6,61,0,2017,5,4,1,2,1,1,0,1,0,1,0,2,0,5.08917E+20,5.53168E+21,9.12426E+15,4.99374E+16
173917,9.17052E+18,9,6,61,0,2017,5,9,1,2,5,3,0,1,0,0,0,0,0,5.10828E+20,5.53701E+21,9.15104E+15,4.99853E+16
173918,9.17052E+18,9,6,71,159,2017,5,11,1,3,7,7,0,0,0,1,0,0,0,5.1738E+20,5.55134E+21,9.24309E+15,5.01141E+16
173919,9.17052E+18,9,5,62,0,2017,5,3,1,3,0,7,1,0,0,0,0,2,0,6.44771E+20,5.49594E+21,1.10035E+16,4.95986E+16
173920,9.17052E+18,9,5,64,0,2017,5,15,1,3,4,2,0,1,0,1,0,0,0,6.53776E+20,5.47791E+21,1.1121E+16,4.94344E+16
173921,9.17052E+18,9,5,64,0,2017,5,0,1,3,0,1,1,0,0,0,0,2,0,6.5051E+20,5.47945E+21,1.10766E+16,4.9449E+16
173922,9.17052E+18,9,5,64,0,2017,5,14,1,3,1,5,0,1,0,0,0,0,0,6.51895E+20,5.48115E+21,1.10963E+16,4.9464E+16
173923,9.17052E+18,9,5,64,0,2017,5,15,1,3,0,7,1,1,0,0,0,0,0,6.5012E+20,5.47952E+21,1.10712E+16,4.94497E+16
173924,9.17052E+18,9,5,64,0,2017,5,17,1,3,5,3,0,1,0,0,0,0,0,6.5153E+20,5.47851E+21,1.10903E+16,4.94403E+16
173925,9.17052E+18,9,5,77,162,2017,5,2,1,2,5,3,0,1,0,0,0,2,0,6.29301E+20,5.42156E+21,1.07655E+16,4.89334E+16
173926,9.17052E+18,9,5,75,153,2017,5,10,1,2,0,1,1,0,0,0,0,0,0,6.16455E+20,5.49315E+21,1.0611E+16,4.95797E+16
173927,9.17052E+18,9,5,75,118,2017,5,14,1,2,6,4,0,1,1,0,0,0,0,6.17627E+20,5.49432E+21,1.06275E+16,4.959E+16
173928,9.17052E+18,9,4,75,120,2017,5,16,1,2,0,1,1,0,0,0,0,0,0,7.11456E+20,5.57605E+21,1.19692E+16,5.02986E+16
173929,9.17052E+18,9,4,62,0,2017,5,11,1,3,0,1,1,0,0,0,0,0,0,6.845E+20,5.53616E+21,1.15719E+16,4.99492E+16
173930,9.17052E+18,9,3,62,0,2017,5,21,1,2,4,2,1,0,0,0,1,2,0,7.26155E+20,5.43319E+21,1.20928E+16,4.90101E+16
173931,9.17052E+18,9,3,62,0,2017,5,13,1,3,1,6,0,1,0,1,0,0,0,7.27248E+20,5.43412E+21,1.21083E+16,4.9018E+16
173932,9.17052E+18,9,2,76,138,2017,5,15,1,2,5,3,0,1,0,1,0,0,0,8.01814E+20,5.43289E+21,1.31248E+16,4.89751E+16
173933,9.17052E+18,9,2,73,165,2017,5,18,1,3,8,1,0,0,0,1,0,0,0,7.17913E+20,5.40611E+21,1.19658E+16,4.87698E+16
173934,9.17052E+18,9,2,61,0,2017,5,13,1,3,5,3,0,1,0,0,0,0,0,7.3072E+20,5.38036E+21,1.21255E+16,4.85339E+16
173935,9.17052E+18,9,1,90,148,2017,5,5,1,2,0,1,1,0,0,0,0,1,0,6.41841E+20,5.29587E+21,1.08942E+16,4.78006E+16
173936,9.17052E+18,9,1,80,116,2017,5,12,1,3,4,6,1,1,0,0,0,0,0,6.58954E+20,5.2662E+21,1.11118E+16,4.75298E+16
173937,9.17052E+18,9,1,89,119,2017,5,16,1,2,0,7,1,0,0,0,0,0,0,7.665E+20,5.30871E+21,1.25643E+16,4.78764E+16
173938,9.17052E+18,9,1,72,116,2017,5,13,1,3,0,2,1,0,1,0,0,0,0,8.01533E+20,5.28306E+21,1.3014E+16,4.76307E+16
173939,9.17052E+18,9,1,87,150,2017,5,16,1,3,5,7,1,1,0,0,0,0,0,7.29165E+20,5.3041E+21,1.20633E+16,4.78493E+16
173940,9.17052E+18,9,1,87,122,2017,5,16,1,3,0,7,1,0,0,0,0,0,0,7.1973E+20,5.30637E+21,1.19385E+16,4.78731E+16
173941,9.17052E+18,9,1,76,126,2017,5,16,1,3,0,1,1,0,0,0,0,0,0,6.73764E+20,5.40835E+21,1.13665E+16,4.88039E+16