OBJECTID,UIDENTSTLA,ULAND,UREGBEZ,UKREIS,UGEMEINDE,UJAHR,UMONAT,USTUNDE,UWOCHENTAG,UKATEGORIE,UART,UTYP1,IstRad,IstPKW,IstFuss,IstKrad,IstSonstig,LICHT,STRZUSTAND,LINREFX,LINREFY,XGCSWGS84,YGCSWGS84
173942,9.17052E+18,9,1,79,142,2017,5,15,1,3,3,3,1,1,0,0,0,0,0,6.74312E+20,5.34388E+21,1.1347E+16,4.82241E+16
173943,9.17052E+18,9,1,74,126,2017,5,18,1,3,0,5,1,1,0,0,0,0,0,6.83265E+20,5.34491E+21,1.14679E+16,4.82309E+16
173944,9.17052E+18,9,1,75,132,2017,5,17,1,3,1,5,1,1,0,0,0,0,0,7.05929E+20,5.33169E+21,1.17664E+16,4.81051E+16
173945,9.17052E+18,9,1,62,0,2017,5,15,7,3,6,4,0,1,1,0,0,0,0,6.91354E+20,5.33769E+21,1.15735E+16,4.81636E+16
173946,9.17052E+18,9,1,62,0,2017,5,22,7,3,5,2,0,1,0,0,0,2,0,6.90427E+20,5.34268E+21,1.15632E+16,4.82088E+16
173947,9.17052E+18,9,1,62,0,2017,5,17,7,3,3,6,0,1,0,1,0,0,0,6.89067E+20,5.33262E+21,1.15405E+16,4.81188E+16
173948,9.17052E+18,9,1,62,0,2017,5,7,7,3,0,7,1,0,0,0,1,0,0,6.85062E+20,5.34007E+21,1.149E+16,4.81869E+16
173949,9.17052E+18,9,1,62,0,2017,5,17,7,3,5,3,0,1,0,0,0,0,0,6.88922E+20,5.34331E+21,1.15433E+16,4.82149E+16
173950,9.17052E+18,9,1,62,0,2017,5,14,7,3,1,5,1,1,0,0,0,0,0,6.91538E+20,5.33596E+21,1.15752E+16,4.8148E+16
173951,9.17052E+18,9,1,84,139,2017,5,23,7,3,0,7,1,0,0,0,0,2,0,6.87729E+20,5.3266E+21,1.15199E+16,4.8065E+16
173952,9.17052E+18,9,1,62,0,2017,5,18,7,2,6,4,0,1,1,0,0,0,0,6.93606E+20,5.34187E+21,1.16056E+16,4.82005E+16
173953,9.17052E+18,9,1,62,0,2017,5,15,7,3,6,4,0,0,1,0,1,0,0,6.95407E+20,5.33251E+21,1.16255E+16,4.81158E+16
173954,9.17052E+18,9,1,62,0,2017,5,14,7,3,6,7,1,0,1,0,0,0,0,6.91017E+20,5.33692E+21,1.15686E+16,4.81568E+16
173955,9.17052E+18,9,1,62,0,2017,5,17,7,3,5,3,0,1,0,0,0,0,0,6.91977E+20,5.33232E+21,1.15794E+16,4.81152E+16
173956,9.17052E+18,9,1,62,0,2017,5,12,7,3,3,6,1,0,0,0,0,0,0,6.90184E+20,5.33332E+21,1.15558E+16,4.81247E+16
173957,9.17052E+18,9,7,80,112,2017,5,15,7,3,5,3,1,1,0,0,0,0,0,5.90566E+20,5.29573E+21,1.02096E+16,4.78085E+16
173958,9.17052E+18,9,7,62,0,2017,5,13,7,3,2,6,0,1,0,0,1,0,0,6.21602E+20,5.30496E+21,1.06266E+16,4.78864E+16
173959,9.17052E+18,9,7,80,132,2017,5,20,7,3,6,7,0,1,1,0,0,0,0,5.76653E+20,5.26725E+21,1.00188E+16,4.75541E+16
173960,9.17052E+18,9,7,73,144,2017,5,18,7,2,0,7,1,0,0,0,0,0,0,6.05762E+20,5.38099E+21,1.04338E+16,4.8573E+16
173961,9.17052E+18,9,7,71,130,2017,5,12,7,3,4,2,0,1,0,0,0,0,0,6.4488E+20,5.36354E+21,1.09577E+16,4.84084E+16
173962,9.17052E+18,9,7,61,0,2017,5,12,7,3,0,1,1,0,0,0,0,0,0,6.4467E+20,5.36028E+21,1.09538E+16,4.83791E+16
173963,9.17052E+18,9,7,61,0,2017,5,14,7,3,6,1,1,0,1,0,0,0,0,6.39527E+20,5.35769E+21,1.08835E+16,4.8357E+16
173964,9.17052E+18,9,6,72,127,2017,5,10,7,3,9,7,0,1,0,0,0,0,0,5.64782E+20,5.55219E+21,9.90617E+15,5.01184E+16
173965,9.17052E+18,9,6,76,144,2017,5,19,7,2,5,3,0,1,0,0,0,0,0,5.09389E+20,5.52961E+21,9.13079E+15,4.99188E+16
173966,9.17052E+18,9,6,61,0,2017,5,18,7,3,1,1,1,1,0,0,0,0,0,5.12119E+20,5.53445E+21,9.16897E+15,4.99623E+16
173967,9.17052E+18,9,5,62,0,2017,5,17,7,3,0,7,0,0,0,0,1,0,0,6.44761E+20,5.49564E+21,1.10032E+16,4.9596E+16
173968,9.17052E+18,9,5,76,117,2017,5,18,7,3,0,7,1,0,0,0,0,0,0,6.49745E+20,5.45895E+21,1.10583E+16,4.9265E+16
173969,9.17052E+18,9,5,74,138,2017,5,10,7,3,0,1,1,0,0,0,0,0,0,6.65199E+20,5.48679E+21,1.12821E+16,4.95112E+16
173970,9.17052E+18,9,5,63,0,2017,5,18,7,3,0,7,1,0,0,0,0,0,0,6.43857E+20,5.48284E+21,1.09861E+16,4.94812E+16
173971,9.17052E+18,9,5,63,0,2017,5,14,7,3,2,5,0,1,0,0,0,0,0,6.46387E+20,5.48191E+21,1.10206E+16,4.94722E+16
173972,9.17052E+18,9,5,63,0,2017,5,9,7,3,5,2,0,1,0,0,0,0,0,6.40245E+20,5.48107E+21,1.09356E+16,4.94661E+16
173973,9.17052E+18,9,5,63,0,2017,5,13,7,3,5,3,1,1,0,0,0,0,0,6.45089E+20,5.48471E+21,1.10037E+16,4.94976E+16
173974,9.17052E+18,9,5,77,173,2017,5,16,7,3,2,6,0,1,0,0,0,0,0,6.39574E+20,5.42478E+21,1.09068E+16,4.89602E+16
173975,9.17052E+18,9,4,79,136,2017,5,17,7,3,5,6,0,0,0,1,1,0,0,7.22428E+20,5.5416E+21,1.21029E+16,4.99852E+16
173976,9.17052E+18,9,4,75,142,2017,5,13,7,3,8,1,0,1,0,0,0,0,0,7.01411E+20,5.57437E+21,1.18274E+16,5.02871E+16
173977,9.17052E+18,9,4,71,120,2017,5,16,7,3,1,7,0,1,0,0,0,0,0,6.25489E+20,5.52084E+21,1.07448E+16,4.98269E+16
173978,9.17052E+18,9,4,61,0,2017,5,14,7,3,4,2,0,1,0,0,0,0,0,6.35196E+20,5.52938E+21,1.08827E+16,4.99015E+16
173979,9.17052E+18,9,3,74,159,2017,5,14,7,3,5,3,0,1,0,0,0,0,0,7.40799E+20,5.4919E+21,1.23281E+16,4.95318E+16
173980,9.17052E+18,9,2,73,172,2017,5,9,7,3,0,7,1,0,0,0,0,0,0,7.09158E+20,5.40442E+21,1.1846E+16,4.87576E+16
173981,9.17052E+18,9,2,79,130,2017,5,1,7,3,8,7,0,1,0,0,0,2,1,7.50009E+20,5.38494E+21,1.23891E+16,4.85676E+16
173982,9.17052E+18,9,1,80,117,2017,5,18,7,3,2,6,0,1,0,1,0,0,0,6.57704E+20,5.26232E+21,1.10938E+16,4.74952E+16
173983,9.17052E+18,9,1,72,118,2017,5,13,7,3,0,1,1,0,0,0,0,0,0,7.97932E+20,5.30578E+21,1.29817E+16,4.78362E+16
173984,9.17052E+18,9,1,87,124,2017,5,19,7,3,3,2,1,1,0,0,0,0,0,7.35586E+20,5.32806E+21,1.21622E+16,4.80623E+16
173985,9.17052E+18,9,1,82,132,2017,5,11,7,2,5,3,1,1,0,0,0,0,0,7.06823E+20,5.28783E+21,1.17573E+16,4.77107E+16
173986,9.17052E+18,9,1,86,162,2017,5,15,7,3,3,6,1,1,0,0,0,0,0,6.93077E+20,5.38725E+21,1.16194E+16,4.86085E+16
173987,9.17052E+18,9,1,61,0,2017,5,19,7,3,3,2,1,1,0,0,0,0,0,6.78095E+20,5.4042E+21,1.14236E+16,4.87653E+16
173988,9.17052E+18,9,1,76,126,2017,5,10,7,3,5,3,1,0,0,0,0,0,0,6.74925E+20,5.40652E+21,1.13815E+16,4.8787E+16
173989,9.17052E+18,9,1,85,149,2017,5,2,7,3,5,3,0,1,0,0,0,2,0,6.6125E+20,5.39924E+21,1.11926E+16,4.87253E+16
173990,9.17052E+18,9,1,88,120,2017,5,16,7,3,0,7,1,0,0,0,1,0,0,6.77498E+20,5.32689E+21,1.13828E+16,4.80706E+16
173991,9.17052E+18,9,1,79,121,2017,5,12,7,3,1,6,0,1,0,0,0,0,0,6.65225E+20,5.33672E+21,1.1222E+16,4.81622E+16
173992,9.17052E+18,9,1,78,124,2017,5,14,7,3,3,7,0,1,0,0,0,0,0,7.04123E+20,5.35909E+21,1.17553E+16,4.8352E+16
173993,9.17052E+18,9,1,75,135,2017,5,20,7,3,0,1,1,0,0,0,0,1,0,7.08347E+20,5.34018E+21,1.18029E+16,4.81807E+16
173994,9.17052E+18,9,1,78,124,2017,5,11,7,3,2,1,0,1,0,0,0,0,0,7.0338E+20,5.36478E+21,1.1748E+16,4.84034E+16
173995,9.17052E+18,9,1,77,117,2017,5,18,7,2,0,7,1,0,0,0,0,0,0,7.15161E+20,5.35449E+21,1.19018E+16,4.8307E+16
173996,9.17052E+18,9,1,62,0,2017,5,16,6,2,0,7,0,0,1,0,1,0,0,6.89916E+20,5.33273E+21,1.15519E+16,4.81195E+16
173997,9.17052E+18,9,1,62,0,2017,5,9,6,3,5,3,1,1,0,0,0,0,0,6.88949E+20,5.33335E+21,1.15392E+16,4.81254E+16
173998,9.17052E+18,9,1,62,0,2017,5,8,6,3,3,6,1,1,0,0,1,0,0,6.91233E+20,5.33442E+21,1.15704E+16,4.81342E+16
173999,9.17052E+18,9,1,84,132,2017,5,16,6,3,1,6,0,1,0,0,0,0,0,6.84035E+20,5.3293E+21,1.14715E+16,4.80904E+16
174000,9.17052E+18,9,1,62,0,2017,5,17,6,3,0,6,1,0,0,0,0,0,1,6.91868E+20,5.33584E+21,1.15795E+16,4.81468E+16
174001,9.17052E+18,9,1,62,0,2017,5,8,6,2,4,2,1,0,0,0,1,0,0,6.84663E+20,5.32916E+21,1.14799E+16,4.80889E+16
174002,9.17052E+18,9,1,62,0,2017,5,14,6,3,2,6,0,1,0,0,0,0,0,6.96142E+20,5.3369E+21,1.16374E+16,4.81551E+16
174003,9.17052E+18,9,1,62,0,2017,5,11,6,3,5,2,1,1,0,0,0,0,0,6.86771E+20,5.32984E+21,1.15084E+16,4.80944E+16
174004,9.17052E+18,9,1,62,0,2017,5,7,6,3,5,3,1,1,0,0,0,0,0,6.86253E+20,5.33983E+21,1.15059E+16,4.81844E+16
174005,9.17052E+18,9,1,62,0,2017,5,8,6,3,0,7,0,1,0,1,0,0,0,7.00435E+20,5.33462E+21,1.1694E+16,4.81332E+16
174006,9.17052E+18,9,1,62,0,2017,5,7,6,3,0,6,1,0,0,0,0,0,0,6.86136E+20,5.33225E+21,1.1501E+16,4.81163E+16
174007,9.17052E+18,9,1,62,0,2017,5,15,6,3,5,2,1,1,0,0,0,0,1,6.93616E+20,5.33467E+21,1.16025E+16,4.81358E+16
174008,9.17052E+18,9,1,62,0,2017,5,8,6,3,3,6,0,1,0,0,1,0,0,6.92993E+20,5.3353E+21,1.15944E+16,4.81416E+16
174009,9.17052E+18,9,1,62,0,2017,5,8,6,3,1,7,0,1,0,0,0,0,0,6.88527E+20,5.33634E+21,1.15349E+16,4.81524E+16
174010,9.17052E+18,9,1,84,149,2017,5,22,6,3,6,4,1,0,1,0,0,2,0,6.90546E+20,5.35069E+21,1.15685E+16,4.82807E+16
174011,9.17052E+18,9,1,62,0,2017,5,11,6,3,0,1,1,0,0,0,0,0,0,6.82374E+20,5.34189E+21,1.14546E+16,4.8204E+16
174012,9.17052E+18,9,1,62,0,2017,5,7,6,3,5,3,1,1,0,0,0,0,0,7.0129E+20,5.33464E+21,1.17055E+16,4.81332E+16
174013,9.17052E+18,9,1,62,0,2017,5,10,6,3,1,1,1,0,0,0,1,0,0,6.9059E+20,5.33284E+21,1.1561E+16,4.81203E+16
174014,9.17052E+18,9,1,62,0,2017,5,17,6,3,5,3,1,1,0,0,0,0,0,6.90558E+20,5.33702E+21,1.15625E+16,4.81578E+16
174015,9.17052E+18,9,7,75,135,2017,5,15,6,3,2,6,0,1,0,0,1,0,1,5.7675E+20,5.36067E+21,1.00368E+16,4.83946E+16
174016,9.17052E+18,9,7,64,0,2017,5,12,6,3,0,7,1,0,0,0,0,0,0,5.86696E+20,5.31539E+21,1.01619E+16,4.79859E+16
174017,9.17052E+18,9,7,78,203,2017,5,17,6,3,5,3,1,1,0,0,0,0,0,6.22204E+20,5.32453E+21,1.06402E+16,4.80623E+16
174018,9.17052E+18,9,7,63,0,2017,5,9,6,3,5,3,1,1,0,0,0,0,0,5.98588E+20,5.28552E+21,1.03144E+16,4.77155E+16
174019,9.17052E+18,9,7,73,125,2017,5,13,6,3,4,6,1,0,1,0,0,0,0,6.08785E+20,5.38142E+21,1.04749E+16,4.85764E+16
174020,9.17052E+18,9,7,72,125,2017,5,13,6,3,5,3,1,1,0,0,0,0,0,6.35947E+20,5.34768E+21,1.0832E+16,4.82678E+16
174021,9.17052E+18,9,7,61,0,2017,5,10,6,3,6,4,1,0,1,0,0,0,0,6.40527E+20,5.35804E+21,1.08971E+16,4.83599E+16
174022,9.17052E+18,9,7,61,0,2017,5,7,6,3,0,7,1,0,0,0,0,0,0,6.40131E+20,5.35827E+21,1.08919E+16,4.83621E+16
174023,9.17052E+18,9,7,71,113,2017,5,9,6,3,5,2,1,1,0,0,0,0,0,6.55959E+20,5.36686E+21,1.11086E+16,4.84356E+16
174024,9.17052E+18,9,6,63,0,2017,5,8,6,3,1,6,0,1,0,0,0,0,0,5.6831E+20,5.51692E+21,9.94925E+15,4.98009E+16
174025,9.17052E+18,9,6,63,0,2017,5,13,6,3,1,6,0,1,0,1,0,0,0,5.67034E+20,5.51455E+21,9.93111E+15,4.97797E+16
174026,9.17052E+18,9,6,63,0,2017,5,6,6,3,5,2,0,1,0,0,0,0,1,5.67592E+20,5.5155E+21,9.93903E+15,4.97881E+16
174027,9.17052E+18,9,6,62,0,2017,5,9,6,3,0,1,1,0,0,0,0,0,1,5.87329E+20,5.5455E+21,1.022E+16,5.00554E+16
174028,9.17052E+18,9,6,76,145,2017,5,10,6,3,5,3,0,1,0,0,0,0,0,5.10527E+20,5.52076E+21,9.1464E+15,4.98392E+16
174029,9.17052E+18,9,5,72,139,2017,5,14,6,3,6,7,0,1,1,0,0,0,0,6.27285E+20,5.50658E+21,1.07651E+16,4.96983E+16
174030,9.17052E+18,9,5,62,0,2017,5,6,6,2,0,2,0,1,0,1,0,0,0,6.43914E+20,5.49319E+21,1.09906E+16,4.95741E+16
174031,9.17052E+18,9,5,76,143,2017,5,13,6,3,0,7,1,0,0,0,0,0,0,6.52428E+20,5.45691E+21,1.10944E+16,4.9246E+16
174032,9.17052E+18,9,5,76,122,2017,5,15,6,3,5,3,1,1,0,0,0,0,1,6.72783E+20,5.43642E+21,1.1365E+16,4.90564E+16
174033,9.17052E+18,9,5,63,0,2017,5,7,6,3,5,3,0,1,0,0,0,0,0,6.40567E+20,5.48512E+21,1.09415E+16,4.95024E+16
174034,9.17052E+18,9,5,64,0,2017,5,17,6,3,5,2,0,1,0,0,1,0,1,6.49782E+20,5.47728E+21,1.10657E+16,4.94297E+16
174035,9.17052E+18,9,5,64,0,2017,5,8,6,3,0,7,0,0,0,0,1,0,0,6.50228E+20,5.4822E+21,1.10737E+16,4.94739E+16
174036,9.17052E+18,9,5,64,0,2017,5,21,6,3,0,1,0,0,0,1,0,2,1,6.49121E+20,5.48065E+21,1.10579E+16,4.94602E+16
174037,9.17052E+18,9,5,64,0,2017,5,18,6,3,4,2,1,1,0,0,0,0,1,6.49902E+20,5.47855E+21,1.10678E+16,4.94411E+16
174038,9.17052E+18,9,5,64,0,2017,5,7,6,3,0,1,1,0,0,0,0,0,0,6.55083E+20,5.47456E+21,1.11377E+16,4.9404E+16
174039,9.17052E+18,9,4,75,161,2017,5,22,6,2,0,1,1,0,0,0,0,2,1,7.1695E+20,5.57705E+21,1.20468E+16,5.03056E+16
174040,9.17052E+18,9,4,62,0,2017,5,11,6,3,5,3,0,1,0,1,0,0,0,6.84422E+20,5.53642E+21,1.15709E+16,4.99516E+16
174041,9.17052E+18,9,4,62,0,2017,5,10,6,3,5,3,1,1,0,0,0,0,0,6.85564E+20,5.53641E+21,1.15868E+16,4.99512E+16
174042,9.17052E+18,9,4,61,0,2017,5,15,6,3,0,7,1,0,0,0,0,0,0,6.36387E+20,5.52955E+21,1.08993E+16,4.99027E+16
174043,9.17052E+18,9,4,61,0,2017,5,19,6,2,0,1,0,0,0,1,0,0,1,6.34342E+20,5.52793E+21,1.08703E+16,4.98887E+16
174044,9.17052E+18,9,3,74,160,2017,5,7,6,3,3,6,0,1,0,1,0,0,0,7.32296E+20,5.51195E+21,1.22226E+16,4.97152E+16
174045,9.17052E+18,9,3,74,144,2017,5,7,6,3,2,6,0,1,0,0,0,0,0,7.21357E+20,5.51275E+21,1.20715E+16,4.97265E+16
174046,9.17052E+18,9,3,73,147,2017,5,16,6,3,5,3,0,1,0,1,0,0,1,6.79756E+20,5.4625E+21,1.1472E+16,4.92888E+16
174047,9.17052E+18,9,3,73,147,2017,5,18,6,3,1,6,0,1,0,0,0,0,1,6.78996E+20,5.4619E+21,1.14613E+16,4.92836E+16
174048,9.17052E+18,9,2,62,0,2017,5,13,6,3,5,3,0,1,0,0,0,0,0,8.25484E+20,5.38814E+21,1.3412E+16,4.85617E+16
174049,9.17052E+18,9,2,75,141,2017,5,15,6,2,3,2,1,1,0,0,0,0,0,8.20399E+20,5.37096E+21,1.33301E+16,4.84102E+16
174050,9.17052E+18,9,2,72,151,2017,5,17,6,3,4,2,0,1,0,0,0,0,0,8.38372E+20,5.4075E+21,1.36019E+16,4.87285E+16
174051,9.17052E+18,9,2,74,185,2017,5,11,6,3,5,3,0,1,0,0,0,0,0,7.30478E+20,5.3694E+21,1.21162E+16,4.84356E+16
174052,9.17052E+18,9,2,61,0,2017,5,18,6,3,0,1,1,0,0,0,0,0,1,7.33336E+20,5.38184E+21,1.21617E+16,4.85462E+16
174053,9.17052E+18,9,2,79,132,2017,5,15,6,3,5,3,1,1,0,0,0,0,0,7.68724E+20,5.40037E+21,1.26523E+16,4.86984E+16
174054,9.17052E+18,9,1,90,157,2017,5,9,6,2,0,1,1,0,0,0,0,0,0,6.60597E+20,5.30178E+21,1.11467E+16,4.78493E+16
174055,9.17052E+18,9,1,80,136,2017,5,13,6,3,0,1,1,0,0,0,0,0,0,6.70867E+20,5.26429E+21,1.12692E+16,4.75096E+16
174056,9.17052E+18,9,1,73,126,2017,5,13,6,3,3,2,0,1,0,1,0,0,0,6.86147E+20,5.30328E+21,1.14886E+16,4.78559E+16
174057,9.17052E+18,9,1,73,112,2017,5,12,6,3,0,3,0,1,0,1,0,0,0,6.93031E+20,5.29341E+21,1.15761E+16,4.77652E+16
174058,9.17052E+18,9,1,89,148,2017,5,21,6,2,8,6,0,1,0,1,0,2,1,7.77716E+20,5.30934E+21,1.27144E+16,4.78773E+16
174059,9.17052E+18,9,1,83,139,2017,5,18,6,3,5,3,1,1,0,0,0,0,1,7.35363E+20,5.33496E+21,1.2163E+16,4.81243E+16
174060,9.17052E+18,9,1,83,148,2017,5,11,6,3,0,7,1,0,0,0,0,0,0,7.53584E+20,5.34439E+21,1.2413E+16,4.82021E+16
174061,9.17052E+18,9,1,87,182,2017,5,15,6,3,6,7,0,0,1,1,0,0,0,7.39051E+20,5.32824E+21,1.22087E+16,4.80626E+16
174062,9.17052E+18,9,1,87,150,2017,5,13,6,3,5,3,1,1,0,0,0,0,0,7.29467E+20,5.3037E+21,1.20672E+16,4.78456E+16
174063,9.17052E+18,9,1,61,0,2017,5,12,6,3,1,6,0,1,0,0,0,0,0,6.76406E+20,5.40504E+21,1.1401E+16,4.87734E+16
174064,9.17052E+18,9,1,61,0,2017,5,6,6,3,5,3,0,1,0,0,0,0,0,6.77021E+20,5.40605E+21,1.14098E+16,4.87823E+16
174065,9.17052E+18,9,1,88,141,2017,5,7,6,2,0,7,1,0,0,0,1,0,0,6.7E+20,5.30906E+21,1.12752E+16,4.79123E+16
174066,9.17052E+18,9,1,79,145,2017,5,14,6,3,6,7,1,0,1,0,0,0,0,6.75653E+20,5.33854E+21,1.13629E+16,4.81758E+16
174067,9.17052E+18,9,1,74,115,2017,5,15,6,3,5,3,1,0,0,0,0,0,0,6.82281E+20,5.34767E+21,1.14558E+16,4.8256E+16
174068,9.17052E+18,9,1,78,124,2017,5,10,6,3,4,1,1,1,0,0,0,0,0,7.03079E+20,5.3639E+21,1.17436E+16,4.83956E+16
174069,9.17052E+18,9,1,62,0,2017,5,10,5,3,5,3,1,1,0,0,0,0,0,6.91237E+20,5.33927E+21,1.15726E+16,4.81778E+16
174070,9.17052E+18,9,1,62,0,2017,5,16,5,3,2,2,0,0,0,1,1,0,0,6.90157E+20,5.33323E+21,1.15554E+16,4.81239E+16
174071,9.17052E+18,9,1,62,0,2017,5,14,5,3,0,1,1,0,0,0,0,0,0,7.00968E+20,5.33151E+21,1.16997E+16,4.81052E+16
174072,9.17052E+18,9,1,62,0,2017,5,19,5,3,5,3,0,1,0,1,0,0,0,6.88832E+20,5.33624E+21,1.15389E+16,4.81513E+16
174073,9.17052E+18,9,1,62,0,2017,5,19,5,2,0,1,1,0,0,0,0,0,0,6.9331E+20,5.33612E+21,1.1599E+16,4.8149E+16
174074,9.17052E+18,9,1,62,0,2017,5,7,5,3,5,3,1,1,0,0,0,0,0,6.86194E+20,5.33507E+21,1.1503E+16,4.81416E+16
174075,9.17052E+18,9,1,84,136,2017,5,14,5,3,5,3,0,1,0,0,1,0,0,6.98302E+20,5.32635E+21,1.16615E+16,4.80596E+16
174076,9.17052E+18,9,1,62,0,2017,5,7,5,3,4,6,1,1,0,0,0,0,0,6.90721E+20,5.33374E+21,1.15632E+16,4.81283E+16
174077,9.17052E+18,9,1,62,0,2017,5,15,5,3,4,2,0,1,0,0,0,0,0,6.90597E+20,5.33724E+21,1.15631E+16,4.81598E+16
174078,9.17052E+18,9,1,62,0,2017,5,9,5,3,1,5,0,1,0,0,0,0,0,6.90936E+20,5.33733E+21,1.15677E+16,4.81606E+16
174079,9.17052E+18,9,1,62,0,2017,5,15,5,3,0,7,1,0,0,0,0,0,0,6.89098E+20,5.33292E+21,1.1541E+16,4.81214E+16
174080,9.17052E+18,9,1,62,0,2017,5,16,5,3,1,7,1,1,0,0,0,0,0,6.91588E+20,5.34051E+21,1.15779E+16,4.81889E+16
174081,9.17052E+18,9,1,62,0,2017,5,8,5,3,3,6,0,1,0,0,0,0,0,6.94054E+20,5.33125E+21,1.16068E+16,4.81049E+16
174082,9.17052E+18,9,1,62,0,2017,5,11,5,3,2,6,1,1,0,0,0,0,0,6.91469E+20,5.34188E+21,1.15769E+16,4.82012E+16
174083,9.17052E+18,9,1,62,0,2017,5,23,5,3,2,6,0,0,0,1,0,2,0,6.8852E+20,5.33901E+21,1.1536E+16,4.81763E+16
174084,9.17052E+18,9,1,62,0,2017,5,18,5,3,0,7,1,0,0,0,0,0,0,6.89707E+20,5.33851E+21,1.15517E+16,4.81715E+16
174085,9.17052E+18,9,1,62,0,2017,5,17,5,2,6,4,1,0,1,0,0,0,0,6.88484E+20,5.33644E+21,1.15343E+16,4.81532E+16
174086,9.17052E+18,9,1,62,0,2017,5,8,5,3,5,3,1,1,0,0,0,0,0,6.9782E+20,5.3338E+21,1.16585E+16,4.81267E+16
174087,9.17052E+18,9,1,62,0,2017,5,17,5,3,5,3,1,1,0,0,0,0,0,6.94777E+20,5.33669E+21,1.1619E+16,4.81536E+16
174088,9.17052E+18,9,1,62,0,2017,5,7,5,3,4,2,1,1,0,0,0,0,0,6.95495E+20,5.33604E+21,1.16283E+16,4.81476E+16
174089,9.17052E+18,9,1,62,0,2017,5,13,5,3,2,6,0,1,0,0,0,0,0,6.92314E+20,5.33776E+21,1.15864E+16,4.81639E+16
174090,9.17052E+18,9,1,62,0,2017,5,8,5,3,5,7,1,0,1,0,0,0,0,6.90252E+20,5.33557E+21,1.15577E+16,4.81449E+16
174091,9.17052E+18,9,1,62,0,2017,5,7,5,3,5,3,1,1,0,0,0,0,0,6.9056E+20,5.33708E+21,1.15625E+16,4.81584E+16
174092,9.17052E+18,9,7,78,144,2017,5,13,5,3,3,6,1,1,0,0,0,0,0,5.92462E+20,5.30216E+21,1.02363E+16,4.78661E+16
174093,9.17052E+18,9,7,80,112,2017,5,20,5,2,9,1,0,0,0,0,1,2,0,5.92583E+20,5.29299E+21,1.0236E+16,4.77836E+16
174094,9.17052E+18,9,7,63,0,2017,5,16,5,3,5,3,1,1,0,0,0,0,0,5.99688E+20,5.28688E+21,1.03294E+16,4.77276E+16
174095,9.17052E+18,9,7,61,0,2017,5,15,5,3,2,6,0,1,0,0,0,0,0,6.4179E+20,5.36207E+21,1.09155E+16,4.83958E+16
174096,9.17052E+18,9,7,61,0,2017,5,6,5,3,6,2,0,1,1,0,0,0,0,6.41786E+20,5.3536E+21,1.09126E+16,4.83196E+16
174097,9.17052E+18,9,6,63,0,2017,5,18,5,3,0,1,1,0,0,0,0,0,0,5.66751E+20,5.51571E+21,9.92737E+15,4.97902E+16
174098,9.17052E+18,9,6,79,128,2017,5,8,5,3,2,6,0,1,0,0,0,0,0,5.61125E+20,5.52281E+21,9.85035E+15,4.98545E+16
174099,9.17052E+18,9,6,63,0,2017,5,20,5,2,0,1,1,0,0,0,0,2,0,5.66578E+20,5.51505E+21,9.92487E+15,4.97842E+16
174100,9.17052E+18,9,6,73,142,2017,5,8,5,3,5,3,0,1,0,1,0,0,0,5.92656E+20,5.58705E+21,1.03045E+16,5.04282E+16
174101,9.17052E+18,9,6,74,171,2017,5,9,5,3,1,6,0,1,0,0,0,0,0,6.18423E+20,5.56172E+21,1.06592E+16,5.01958E+16
174102,9.17052E+18,9,6,62,0,2017,5,9,5,3,5,3,0,1,0,0,1,0,0,5.87643E+20,5.54362E+21,1.02239E+16,5.00385E+16
174103,9.17052E+18,9,6,61,0,2017,5,12,5,3,0,6,0,1,0,0,0,0,0,5.11528E+20,5.53582E+21,9.16077E+15,4.99746E+16
174104,9.17052E+18,9,6,71,140,2017,5,7,5,3,5,2,1,1,0,0,0,0,0,5.05681E+20,5.53625E+21,9.07924E+15,4.99786E+16
174105,9.17052E+18,9,6,61,0,2017,5,12,5,3,0,7,0,1,0,1,0,0,0,5.10395E+20,5.53639E+21,9.14498E+15,4.99798E+16
174106,9.17052E+18,9,5,76,137,2017,5,10,5,3,5,3,1,1,0,0,0,0,0,6.49342E+20,5.46431E+21,1.10548E+16,4.93132E+16
174107,9.17052E+18,9,5,62,0,2017,5,9,5,3,5,3,1,1,0,0,0,0,0,6.44999E+20,5.49501E+21,1.10063E+16,4.95903E+16
174108,9.17052E+18,9,5,62,0,2017,5,14,5,3,5,3,1,1,0,0,0,0,0,6.47114E+20,5.49544E+21,1.10357E+16,4.95936E+16
174109,9.17052E+18,9,5,62,0,2017,5,10,5,3,0,7,1,1,0,0,0,0,0,6.45024E+20,5.49576E+21,1.10069E+16,4.9597E+16
174110,9.17052E+18,9,5,64,0,2017,5,7,5,3,5,2,1,1,0,0,0,0,0,6.52452E+20,5.47921E+21,1.11032E+16,4.94464E+16
174111,9.17052E+18,9,7,77,159,2017,5,7,2,3,8,1,1,0,0,0,0,0,0,6.16876E+20,5.27062E+21,1.05542E+16,4.75785E+16
174112,9.17052E+18,9,7,62,0,2017,5,16,2,3,5,3,1,1,0,0,0,0,0,6.21214E+20,5.30465E+21,1.06213E+16,4.78837E+16
174113,9.17052E+18,9,1,62,0,2017,5,10,2,3,5,2,1,1,0,0,0,0,0,6.93891E+20,5.33132E+21,1.16046E+16,4.81056E+16