OBJECTID,UIDENTSTLA,ULAND,UREGBEZ,UKREIS,UGEMEINDE,UJAHR,UMONAT,USTUNDE,UWOCHENTAG,UKATEGORIE,UART,UTYP1,IstRad,IstPKW,IstFuss,IstKrad,IstSonstig,LICHT,STRZUSTAND,LINREFX,LINREFY,XGCSWGS84,YGCSWGS84
174114,9.17052E+18,9,1,62,0,2017,5,14,2,2,2,6,1,1,0,0,0,0,0,6.91399E+20,5.33403E+21,1.15724E+16,4.81307E+16
174115,9.17052E+18,9,1,62,0,2017,5,19,2,3,0,7,1,0,0,0,0,0,0,6.92076E+20,5.33624E+21,1.15825E+16,4.81504E+16
174116,9.17052E+18,9,1,62,0,2017,5,19,2,3,5,3,0,1,0,0,0,0,0,6.90439E+20,5.33558E+21,1.15602E+16,4.81449E+16
174117,9.17052E+18,9,1,62,0,2017,5,17,2,3,0,7,1,0,1,0,0,0,0,6.9097E+20,5.34187E+21,1.15702E+16,4.82013E+16
174118,9.17052E+18,9,7,62,0,2017,5,19,2,2,6,4,0,1,1,0,0,0,0,6.22372E+20,5.30557E+21,1.06371E+16,4.78918E+16
174119,9.17052E+18,9,7,80,114,2017,5,16,2,3,5,6,0,1,0,1,0,0,0,6.07896E+20,5.28885E+21,1.04393E+16,4.7744E+16
174120,9.17052E+18,9,1,62,0,2017,5,10,2,3,6,4,0,1,1,0,0,0,0,6.92961E+20,5.33518E+21,1.15939E+16,4.81406E+16
174121,9.17052E+18,9,1,62,0,2017,5,12,2,3,3,5,1,1,0,0,0,0,0,6.9258E+20,5.3352E+21,1.15888E+16,4.81409E+16
174122,9.17052E+18,9,1,62,0,2017,5,18,2,3,5,3,0,1,0,0,0,0,0,6.86607E+20,5.33236E+21,1.15074E+16,4.81171E+16
174123,9.17052E+18,9,1,62,0,2017,5,13,2,3,2,2,0,1,0,0,0,0,0,6.93004E+20,5.33385E+21,1.15939E+16,4.81286E+16
174124,9.17052E+18,9,7,63,0,2017,5,7,2,3,5,3,0,1,0,0,0,0,0,5.98578E+20,5.28586E+21,1.03144E+16,4.77186E+16
174125,9.17053E+18,9,7,79,176,2017,5,16,5,2,0,7,1,0,0,0,0,0,0,6.09189E+20,5.42061E+21,1.04907E+16,4.89288E+16
174126,9.17052E+18,9,7,80,123,2017,5,7,2,2,0,1,0,1,0,0,0,0,0,6.01813E+20,5.26229E+21,1.0352E+16,4.75061E+16
174127,9.17052E+18,9,7,64,0,2017,5,6,2,3,5,3,1,1,0,0,0,0,0,5.87474E+20,5.31573E+21,1.01724E+16,4.79888E+16
174128,9.17052E+18,9,7,75,135,2017,5,16,2,3,5,3,1,1,0,0,0,0,0,5.74385E+20,5.35947E+21,1.00047E+16,4.8384E+16
174129,9.17053E+18,9,7,73,144,2017,5,19,5,3,0,1,1,0,0,0,0,0,0,6.04638E+20,5.38009E+21,1.04183E+16,4.85652E+16
174130,9.17053E+18,9,7,72,130,2017,5,10,5,2,0,7,1,0,0,0,0,0,0,6.31377E+20,5.35532E+21,1.07728E+16,4.83374E+16
174131,9.17053E+18,9,7,71,145,2017,5,20,5,2,0,1,1,0,0,0,0,0,0,6.46064E+20,5.34543E+21,1.09675E+16,4.82453E+16
174132,9.17053E+18,9,7,72,163,2017,5,10,5,3,5,3,0,1,0,0,0,0,0,6.41076E+20,5.34842E+21,1.09013E+16,4.82733E+16
174133,9.17053E+18,9,7,72,202,2017,5,19,5,3,5,3,1,1,0,0,0,1,0,6.36908E+20,5.35874E+21,1.08485E+16,4.8367E+16
174134,9.17053E+18,9,7,61,0,2017,5,17,5,2,0,7,1,0,0,0,0,0,0,6.41582E+20,5.35586E+21,1.09106E+16,4.834E+16
174135,9.17053E+18,9,7,61,0,2017,5,19,5,3,0,1,1,0,0,0,0,0,0,6.41906E+20,5.35747E+21,1.09155E+16,4.83545E+16
174136,9.17053E+18,9,7,61,0,2017,5,11,5,3,5,2,1,1,0,0,0,0,0,6.40842E+20,5.35074E+21,1.08989E+16,4.82942E+16
174137,9.17053E+18,9,7,71,113,2017,5,16,5,3,8,1,1,0,0,0,0,0,0,6.61661E+20,5.36632E+21,1.11854E+16,4.84293E+16
174138,9.17053E+18,9,6,79,167,2017,5,16,5,2,0,1,1,0,0,0,0,0,0,5.83846E+20,5.52693E+21,1.01673E+16,4.98889E+16
174139,9.17053E+18,9,6,63,0,2017,5,11,5,3,3,7,0,1,0,0,1,0,0,5.67306E+20,5.51487E+21,9.93494E+15,4.97825E+16
174140,9.17053E+18,9,6,63,0,2017,5,1,5,3,6,7,0,1,1,0,0,2,0,5.69281E+20,5.51605E+21,9.96259E+15,4.97929E+16
174141,9.17053E+18,9,6,75,117,2017,5,20,5,2,0,7,1,0,0,0,0,0,0,5.84145E+20,5.51695E+21,1.01693E+16,4.97991E+16
174142,9.17053E+18,9,6,73,114,2017,5,12,5,3,0,1,0,0,0,1,0,0,0,5.87148E+20,5.57712E+21,1.02247E+16,5.03397E+16
174143,9.17053E+18,9,6,61,0,2017,5,16,5,3,0,7,1,0,0,0,0,0,0,5.10804E+20,5.53499E+21,9.15065E+15,4.99671E+16
174144,9.17053E+18,9,5,62,0,2017,5,20,5,2,5,3,1,0,0,0,0,0,0,6.44886E+20,5.4955E+21,1.10049E+16,4.95947E+16
174145,9.17053E+18,9,5,76,143,2017,5,15,5,3,0,7,0,0,0,1,0,0,0,6.51512E+20,5.45333E+21,1.10805E+16,4.9214E+16
174146,9.17053E+18,9,5,74,155,2017,5,12,5,2,9,1,0,0,0,1,0,0,1,6.72681E+20,5.49175E+21,1.13876E+16,4.95537E+16
174147,9.17053E+18,9,5,64,0,2017,5,7,5,3,5,3,0,1,0,0,0,0,0,6.53427E+20,5.47552E+21,1.11153E+16,4.9413E+16
174148,9.17053E+18,9,5,77,161,2017,5,13,5,2,2,6,0,1,0,1,0,0,0,6.44302E+20,5.4408E+21,1.0977E+16,4.91031E+16
174149,9.17053E+18,9,5,77,161,2017,5,10,5,3,5,3,0,1,0,0,1,0,0,6.40548E+20,5.44198E+21,1.0926E+16,4.91145E+16
174150,9.17053E+18,9,5,77,136,2017,5,14,5,3,8,1,1,0,0,0,0,0,0,6.31777E+20,5.44165E+21,1.08058E+16,4.91136E+16
174151,9.17053E+18,9,5,71,136,2017,5,22,5,3,1,7,0,1,0,0,0,2,0,5.96267E+20,5.43619E+21,1.0318E+16,4.9071E+16
174152,9.17053E+18,9,4,75,141,2017,5,13,5,3,8,1,0,0,0,0,1,0,0,7.03195E+20,5.58204E+21,1.18566E+16,5.03553E+16
174153,9.17053E+18,9,4,63,0,2017,5,19,5,3,0,1,1,0,0,0,0,0,0,6.4119E+20,5.56597E+21,1.09796E+16,5.0229E+16
174154,9.17053E+18,9,4,62,0,2017,5,17,5,3,5,3,1,1,0,0,0,0,0,6.83735E+20,5.53447E+21,1.15604E+16,4.99343E+16
174155,9.17053E+18,9,4,74,129,2017,5,23,5,2,7,7,0,1,0,0,0,2,0,6.70285E+20,5.51396E+21,1.13641E+16,4.9754E+16
174156,9.17053E+18,9,4,61,0,2017,5,14,5,2,6,4,1,0,1,0,0,0,0,6.35445E+20,5.52853E+21,1.08858E+16,4.98938E+16
174157,9.17053E+18,9,4,61,0,2017,5,21,5,2,7,7,1,0,0,0,0,0,0,6.34677E+20,5.52954E+21,1.08755E+16,4.99031E+16
174158,9.17053E+18,9,4,61,0,2017,5,14,5,3,2,6,0,1,0,0,0,0,0,6.37664E+20,5.52926E+21,1.0917E+16,4.98999E+16
174159,9.17053E+18,9,3,77,141,2017,5,14,5,2,0,1,1,0,0,0,0,0,0,7.32123E+20,5.53854E+21,1.22361E+16,4.9954E+16
174160,9.17053E+18,9,3,74,154,2017,5,21,5,3,0,1,0,0,0,1,0,1,1,7.3026E+20,5.50398E+21,1.21897E+16,4.96444E+16
174161,9.17053E+18,9,3,74,154,2017,5,21,5,3,1,5,0,1,0,0,0,2,0,7.28868E+20,5.50405E+21,1.21705E+16,4.96456E+16
174162,9.17053E+18,9,3,77,143,2017,5,19,5,2,0,7,1,0,0,0,0,0,0,7.14567E+20,5.53627E+21,1.19905E+16,4.99402E+16
174163,9.17053E+18,9,3,77,129,2017,5,17,5,3,5,3,1,1,0,0,0,0,0,7.07773E+20,5.52536E+21,1.189E+16,4.98446E+16
174164,9.17053E+18,9,3,74,124,2017,5,18,5,3,5,3,1,1,0,0,0,0,0,7.09408E+20,5.51139E+21,1.19052E+16,4.97186E+16
174165,9.17053E+18,9,3,62,0,2017,5,12,5,2,5,3,1,1,0,0,0,0,0,7.22714E+20,5.43393E+21,1.20462E+16,4.9018E+16
174166,9.17053E+18,9,3,62,0,2017,5,12,5,3,1,6,0,1,0,0,0,0,0,7.24861E+20,5.4339E+21,1.20755E+16,4.9017E+16
174167,9.17053E+18,9,3,62,0,2017,5,13,5,3,1,1,1,1,0,0,0,0,0,7.23131E+20,5.43311E+21,1.20515E+16,4.90105E+16
174168,9.17053E+18,9,3,62,0,2017,5,19,5,3,0,7,1,0,0,0,0,0,0,7.27941E+20,5.43525E+21,1.21184E+16,4.9028E+16
174169,9.17053E+18,9,3,73,126,2017,5,19,5,3,0,1,1,0,0,0,0,0,0,6.71882E+20,5.45378E+21,1.13601E+16,4.92126E+16
174170,9.17053E+18,9,3,76,161,2017,5,15,5,3,1,7,1,1,0,0,0,0,0,7.26095E+20,5.46782E+21,1.21114E+16,4.93212E+16
174171,9.17053E+18,9,2,76,142,2017,5,19,5,3,8,1,1,0,0,0,0,0,0,7.91383E+20,5.4333E+21,1.29829E+16,4.89838E+16
174172,9.17053E+18,9,2,77,118,2017,5,15,5,3,0,1,1,0,0,0,0,0,0,8.08262E+20,5.35756E+21,1.31567E+16,4.82961E+16
174173,9.17053E+18,9,2,75,145,2017,5,20,5,2,0,1,1,0,0,0,0,0,0,8.20611E+20,5.37322E+21,1.33347E+16,4.84304E+16
174174,9.17053E+18,9,2,75,130,2017,5,15,5,2,8,1,1,0,0,0,0,0,0,8.14469E+20,5.36378E+21,1.32448E+16,4.83488E+16
174175,9.17053E+18,9,2,61,0,2017,5,19,5,3,0,1,0,0,0,1,0,0,0,7.24287E+20,5.37825E+21,1.20374E+16,4.85172E+16
174176,9.17053E+18,9,1,80,134,2017,5,13,5,3,2,6,1,1,0,0,0,0,0,6.61823E+20,5.28656E+21,1.11574E+16,4.77122E+16
174177,9.17053E+18,9,1,83,148,2017,5,21,5,3,1,6,0,1,0,0,0,2,0,7.52194E+20,5.34542E+21,1.2395E+16,4.82119E+16
174178,9.17053E+18,9,1,63,0,2017,5,18,5,3,9,1,1,0,0,0,0,0,0,7.33229E+20,5.30285E+21,1.21169E+16,4.78367E+16
174179,9.17053E+18,9,1,63,0,2017,5,11,5,3,0,1,1,0,0,0,0,0,0,7.33342E+20,5.30528E+21,1.21197E+16,4.78584E+16
174180,9.17053E+18,9,1,87,117,2017,5,8,5,3,0,5,1,1,0,0,0,0,0,7.25208E+20,5.30665E+21,1.20119E+16,4.78736E+16
174181,9.17053E+18,9,1,86,143,2017,5,18,5,3,5,3,0,1,0,1,0,0,0,6.85167E+20,5.37878E+21,1.15084E+16,4.85348E+16
174182,9.17053E+18,9,1,88,113,2017,5,15,5,3,8,1,1,0,0,0,0,0,0,6.74984E+20,5.314E+21,1.13438E+16,4.79554E+16
174183,9.17053E+18,9,1,79,118,2017,5,16,5,2,0,1,1,0,0,0,0,0,0,6.72428E+20,5.33592E+21,1.13184E+16,4.81532E+16
174184,9.17053E+18,9,1,79,132,2017,5,13,5,3,0,1,1,0,0,0,0,0,0,6.61179E+20,5.33638E+21,1.11675E+16,4.81602E+16
174185,9.17053E+18,9,1,74,115,2017,5,18,5,3,0,1,1,0,0,0,0,0,0,6.81273E+20,5.3487E+21,1.14427E+16,4.82655E+16
174186,9.17053E+18,9,1,74,111,2017,5,19,5,3,5,3,1,1,0,0,0,0,0,6.66866E+20,5.36205E+21,1.1254E+16,4.83895E+16
174187,9.17053E+18,9,1,75,111,2017,5,17,5,3,0,1,0,0,0,1,0,0,0,7.11871E+20,5.33859E+21,1.18495E+16,4.81652E+16
174188,9.17053E+18,9,1,77,131,2017,5,16,5,2,0,1,1,0,0,0,0,0,0,7.11136E+20,5.34828E+21,1.18445E+16,4.82525E+16
174189,9.17052E+18,9,1,62,0,2017,5,8,4,3,6,4,0,1,1,0,0,0,0,6.89776E+20,5.33494E+21,1.1551E+16,4.81394E+16
174190,9.17052E+18,9,1,62,0,2017,5,22,4,3,2,6,0,1,0,1,0,2,1,6.92318E+20,5.33745E+21,1.15863E+16,4.81612E+16
174191,9.17052E+18,9,1,84,120,2017,5,20,4,3,5,3,1,1,0,0,0,0,0,6.80883E+20,5.33197E+21,1.14304E+16,4.81153E+16
174192,9.17052E+18,9,1,62,0,2017,5,11,4,3,6,7,0,1,1,0,0,0,0,6.90838E+20,5.3347E+21,1.15652E+16,4.81369E+16
174193,9.17052E+18,9,1,62,0,2017,5,23,4,3,0,7,1,1,0,0,0,2,0,6.91411E+20,5.33358E+21,1.15724E+16,4.81267E+16
174194,9.17052E+18,9,1,62,0,2017,5,17,4,3,5,3,1,1,0,0,0,0,0,6.87771E+20,5.32963E+21,1.15218E+16,4.80923E+16
174195,9.17052E+18,9,1,84,136,2017,5,17,4,3,5,3,1,1,0,0,0,0,0,6.98302E+20,5.32634E+21,1.16615E+16,4.80595E+16
174196,9.17052E+18,9,1,62,0,2017,5,16,4,3,5,2,1,1,0,0,0,0,0,6.95825E+20,5.33075E+21,1.16303E+16,4.80999E+16
174197,9.17052E+18,9,1,62,0,2017,5,11,4,3,5,7,1,1,0,0,0,0,0,6.93233E+20,5.33154E+21,1.15959E+16,4.81078E+16
174198,9.17052E+18,9,1,62,0,2017,5,7,4,3,0,1,1,0,0,0,0,0,0,6.91622E+20,5.33126E+21,1.15742E+16,4.81058E+16
174199,9.17052E+18,9,1,62,0,2017,5,19,4,3,1,5,1,1,0,0,0,0,0,6.90596E+20,5.33598E+21,1.15625E+16,4.81485E+16
174200,9.17052E+18,9,7,75,135,2017,5,15,4,3,2,6,0,1,0,0,1,0,0,5.74726E+20,5.36042E+21,1.00094E+16,4.83925E+16
174201,9.17052E+18,9,7,75,135,2017,5,8,4,3,1,2,0,1,0,0,0,0,0,5.73522E+20,5.36024E+21,9.99314E+15,4.8391E+16
174202,9.17052E+18,9,7,75,135,2017,5,16,4,3,4,7,1,0,0,0,0,0,0,5.75755E+20,5.36089E+21,1.00234E+16,4.83966E+16
174203,9.17052E+18,9,7,75,135,2017,5,16,4,3,4,2,1,1,0,0,0,0,0,5.75213E+20,5.35778E+21,1.00155E+16,4.83687E+16
174204,9.17052E+18,9,7,75,135,2017,5,14,4,3,4,6,0,1,0,1,0,0,0,5.76107E+20,5.35959E+21,1.00279E+16,4.83848E+16
174205,9.17052E+18,9,7,64,0,2017,5,10,4,3,4,7,1,1,0,0,0,0,0,5.88513E+20,5.31544E+21,1.01863E+16,4.79861E+16
174206,9.17052E+18,9,7,75,162,2017,5,10,4,3,5,3,1,1,0,0,0,0,0,5.79882E+20,5.3489E+21,1.00769E+16,4.82882E+16
174207,9.17052E+18,9,7,74,174,2017,5,16,4,3,5,3,0,1,0,0,0,0,0,6.02096E+20,5.36775E+21,1.03809E+16,4.84546E+16
174208,9.17052E+18,9,7,76,116,2017,5,11,4,3,2,6,1,1,0,0,0,0,0,5.53374E+20,5.26719E+21,9.70944E+15,4.75559E+16
174209,9.17052E+18,9,7,61,0,2017,5,22,4,3,5,3,0,1,0,0,0,2,1,6.4078E+20,5.35059E+21,1.08981E+16,4.82929E+16
174210,9.17052E+18,9,7,61,0,2017,5,18,4,3,1,5,1,1,0,0,0,0,0,6.40804E+20,5.35982E+21,1.09015E+16,4.83758E+16
174211,9.17052E+18,9,7,72,207,2017,5,9,4,3,5,3,0,1,0,0,0,0,0,6.39937E+20,5.38108E+21,1.08969E+16,4.85672E+16
174212,9.17052E+18,9,7,61,0,2017,5,21,4,3,0,1,1,0,0,0,0,2,1,6.39169E+20,5.36021E+21,1.08795E+16,4.83797E+16
174213,9.17052E+18,9,7,61,0,2017,5,17,4,3,5,3,1,1,0,0,0,0,0,6.4109E+20,5.35585E+21,1.0904E+16,4.83401E+16
174214,9.17052E+18,9,7,61,0,2017,5,18,4,3,6,4,0,1,1,0,0,0,0,6.40231E+20,5.35339E+21,1.08916E+16,4.83181E+16
174215,9.17052E+18,9,7,61,0,2017,5,17,4,3,5,2,1,1,0,0,0,0,0,6.39814E+20,5.35779E+21,1.08874E+16,4.83578E+16
174216,9.17052E+18,9,7,61,0,2017,5,8,4,3,0,1,0,0,0,1,0,0,0,6.40563E+20,5.35339E+21,1.08961E+16,4.83181E+16
174217,9.17052E+18,9,7,61,0,2017,5,11,4,3,5,3,0,1,0,0,0,0,0,6.40815E+20,5.35914E+21,1.09014E+16,4.83697E+16
174218,9.17052E+18,9,7,61,0,2017,5,17,4,3,0,7,0,0,1,0,1,0,0,6.40322E+20,5.35869E+21,1.08946E+16,4.83658E+16
174219,9.17052E+18,9,6,63,0,2017,5,22,4,3,1,1,0,1,0,1,0,0,0,5.67672E+20,5.51559E+21,9.94016E+15,4.9789E+16
174220,9.17052E+18,9,6,73,135,2017,5,7,4,3,5,3,0,1,0,0,0,0,0,5.83069E+20,5.57438E+21,1.01668E+16,5.03157E+16
174221,9.17052E+18,9,6,78,123,2017,5,6,4,3,5,3,0,1,0,1,0,0,0,5.87563E+20,5.54669E+21,1.02235E+16,5.00661E+16
174222,9.17052E+18,9,6,61,0,2017,5,18,4,3,0,1,1,0,0,0,0,0,1,5.11084E+20,5.53609E+21,9.15459E+15,4.99771E+16
174223,9.17052E+18,9,5,63,0,2017,5,14,4,3,0,7,1,0,0,0,0,0,0,6.44047E+20,5.48414E+21,1.09892E+16,4.94928E+16
174224,9.17052E+18,9,5,63,0,2017,5,8,4,3,5,3,1,1,0,0,0,0,0,6.44065E+20,5.48123E+21,1.09883E+16,4.94666E+16
174225,9.17052E+18,9,5,64,0,2017,5,7,4,3,6,4,0,0,1,0,1,0,0,6.50041E+20,5.48013E+21,1.10704E+16,4.94553E+16
174226,9.17052E+18,9,5,64,0,2017,5,11,4,3,0,1,0,1,0,1,0,0,0,6.49447E+20,5.47966E+21,1.1062E+16,4.94512E+16
174227,9.17052E+18,9,5,73,127,2017,5,11,4,2,0,1,1,0,0,0,0,0,0,6.45643E+20,5.47574E+21,1.10081E+16,4.94169E+16
174228,9.17052E+18,9,5,71,145,2017,5,7,4,2,0,4,0,0,1,1,0,0,0,5.97475E+20,5.44592E+21,1.03369E+16,4.91583E+16
174229,9.17052E+18,9,4,64,0,2017,5,15,4,3,0,3,0,1,0,1,0,0,0,7.08486E+20,5.57852E+21,1.19289E+16,5.03219E+16
174230,9.17052E+18,9,4,64,0,2017,5,14,4,3,5,3,0,1,0,1,0,0,0,7.07312E+20,5.57803E+21,1.19122E+16,5.03179E+16
174231,9.17052E+18,9,4,78,165,2017,5,14,4,2,5,3,0,1,0,1,0,0,0,6.39434E+20,5.55101E+21,1.09495E+16,5.00949E+16
174232,9.17052E+18,9,4,62,0,2017,5,17,4,3,5,3,0,1,0,0,0,0,1,6.83999E+20,5.53432E+21,1.1564E+16,4.99329E+16
174233,9.17052E+18,9,4,62,0,2017,5,22,4,3,9,1,0,1,0,0,0,2,1,6.84682E+20,5.53348E+21,1.15731E+16,4.99251E+16
174234,9.17052E+18,9,3,75,174,2017,5,12,4,3,8,1,0,0,0,1,0,0,0,7.35495E+20,5.42932E+21,1.22181E+16,4.89718E+16
174235,9.17052E+18,9,3,62,0,2017,5,16,4,3,5,3,0,1,0,1,0,0,0,7.24044E+20,5.43462E+21,1.20648E+16,4.90238E+16
174236,9.17052E+18,9,3,73,147,2017,5,14,4,2,5,7,1,1,0,0,0,0,0,6.78534E+20,5.46138E+21,1.14548E+16,4.92791E+16
174237,9.17052E+18,9,2,76,148,2017,5,10,4,3,5,3,0,1,0,0,0,0,0,8.0947E+20,5.43754E+21,1.32327E+16,4.9013E+16
174238,9.17052E+18,9,2,75,128,2017,5,17,4,3,6,4,0,1,1,0,0,0,0,8.32789E+20,5.40559E+21,1.35247E+16,4.87144E+16
174239,9.17052E+18,9,2,61,0,2017,5,13,4,3,4,2,0,1,0,0,0,0,0,7.31661E+20,5.38222E+21,1.21393E+16,4.85503E+16
174240,9.17052E+18,9,2,73,137,2017,5,14,4,2,0,1,1,0,0,0,0,0,0,7.10307E+20,5.4226E+21,1.18709E+16,4.89205E+16
174241,9.17052E+18,9,2,79,112,2017,5,18,4,2,6,4,0,1,1,0,0,0,0,7.56706E+20,5.39407E+21,1.24854E+16,4.86469E+16
174242,9.17052E+18,9,1,90,159,2017,5,7,4,3,4,3,1,1,0,0,0,0,0,6.61326E+20,5.30422E+21,1.11574E+16,4.7871E+16
174243,9.17052E+18,9,1,71,112,2017,5,16,4,3,4,2,1,1,0,0,0,0,0,7.85415E+20,5.3426E+21,1.28393E+16,4.81724E+16
174244,9.17052E+18,9,1,72,116,2017,5,18,4,3,0,1,1,0,0,0,0,0,0,8.00707E+20,5.28281E+21,1.30028E+16,4.76288E+16
174245,9.17052E+18,9,1,87,182,2017,5,20,4,3,0,1,1,0,0,0,0,0,0,7.38694E+20,5.32845E+21,1.2204E+16,4.80646E+16
174246,9.17052E+18,9,1,87,162,2017,5,10,4,3,2,6,0,1,0,0,0,0,0,7.50587E+20,5.30478E+21,1.23496E+16,4.78475E+16
174247,9.17052E+18,9,1,87,162,2017,5,18,4,3,6,4,1,0,1,0,0,0,0,7.50516E+20,5.30586E+21,1.23493E+16,4.78572E+16
174248,9.17052E+18,9,1,87,150,2017,5,23,4,3,9,1,0,1,0,0,0,2,0,7.29355E+20,5.30361E+21,1.20656E+16,4.78449E+16
174249,9.17052E+18,9,1,87,117,2017,5,11,4,3,1,6,1,1,0,0,0,0,0,7.24412E+20,5.30585E+21,1.20008E+16,4.78668E+16
174250,9.17052E+18,9,1,61,0,2017,5,18,4,3,0,6,1,1,0,0,0,0,0,6.74575E+20,5.40559E+21,1.13764E+16,4.87788E+16
174251,9.17052E+18,9,1,61,0,2017,5,12,4,3,0,1,1,0,0,0,0,0,0,6.78572E+20,5.40266E+21,1.14295E+16,4.87513E+16
174252,9.17052E+18,9,1,61,0,2017,5,7,4,3,4,2,0,1,0,0,0,0,0,6.7791E+20,5.40466E+21,1.14213E+16,4.87695E+16
174253,9.17052E+18,9,1,79,121,2017,5,15,4,3,0,7,1,0,0,0,0,0,0,6.65952E+20,5.33741E+21,1.1232E+16,4.81683E+16
174254,9.17052E+18,9,1,74,115,2017,5,11,4,3,0,7,0,1,0,0,0,0,0,6.80594E+20,5.34767E+21,1.14331E+16,4.82564E+16
174255,9.17052E+18,9,1,78,124,2017,5,15,4,3,5,3,0,1,0,0,1,0,0,7.01468E+20,5.365E+21,1.17223E+16,4.84059E+16
174256,9.17052E+18,9,1,77,112,2017,5,18,4,3,8,6,0,1,0,1,0,0,0,7.15456E+20,5.36272E+21,1.191E+16,4.83808E+16
174257,9.17052E+18,9,1,75,115,2017,5,16,4,2,5,3,0,1,0,1,0,0,0,7.20066E+20,5.32892E+21,1.19546E+16,4.80755E+16
174258,9.17052E+18,9,1,62,0,2017,5,14,3,3,5,2,1,1,0,0,0,0,0,6.88675E+20,5.33697E+21,1.15372E+16,4.8158E+16
174259,9.17052E+18,9,1,84,134,2017,5,17,3,3,5,3,1,1,0,0,0,0,1,6.92345E+20,5.32202E+21,1.15797E+16,4.80225E+16
174260,9.17052E+18,9,1,62,0,2017,5,0,3,3,3,7,0,1,0,1,0,2,0,6.90208E+20,5.33474E+21,1.15568E+16,4.81375E+16
174261,9.17052E+18,9,1,62,0,2017,5,15,3,2,5,3,0,1,0,1,0,0,0,6.8361E+20,5.33631E+21,1.14688E+16,4.81535E+16
174262,9.17052E+18,9,1,62,0,2017,5,17,3,3,0,7,1,0,0,0,0,0,0,6.92548E+20,5.33456E+21,1.15881E+16,4.81351E+16
174263,9.17052E+18,9,1,62,0,2017,5,6,3,3,5,2,1,1,0,0,0,0,0,6.92247E+20,5.33724E+21,1.15853E+16,4.81593E+16
174264,9.17052E+18,9,1,62,0,2017,5,16,3,3,2,7,0,0,0,1,1,0,0,6.87909E+20,5.32996E+21,1.15238E+16,4.80951E+16
174265,9.17052E+18,9,1,62,0,2017,5,8,3,3,1,7,0,1,0,0,0,0,0,6.87927E+20,5.3368E+21,1.1527E+16,4.81567E+16
174266,9.17052E+18,9,1,62,0,2017,5,18,3,2,5,3,1,1,0,0,0,0,0,6.87702E+20,5.3343E+21,1.15229E+16,4.81343E+16
174267,9.17052E+18,9,1,62,0,2017,5,15,3,3,0,7,1,0,0,0,0,0,0,6.84507E+20,5.33312E+21,1.14795E+16,4.81246E+16
174268,9.17052E+18,9,1,62,0,2017,5,15,3,3,4,7,0,1,0,0,1,0,0,6.83778E+20,5.33957E+21,1.14725E+16,4.81828E+16
174269,9.17052E+18,9,1,62,0,2017,5,18,3,2,6,7,0,1,1,0,0,0,0,6.9187E+20,5.34173E+21,1.15822E+16,4.81998E+16
174270,9.17052E+18,9,1,62,0,2017,5,21,3,2,5,3,1,1,0,0,0,2,0,6.8938E+20,5.33304E+21,1.15449E+16,4.81224E+16
174271,9.17052E+18,9,1,62,0,2017,5,17,3,3,5,3,1,0,0,0,0,0,0,6.89519E+20,5.33418E+21,1.15473E+16,4.81326E+16
174272,9.17052E+18,9,1,84,119,2017,5,8,3,3,0,7,1,0,0,0,0,0,0,6.95742E+20,5.34747E+21,1.16369E+16,4.82502E+16
174273,9.17052E+18,9,1,62,0,2017,5,11,3,3,0,7,1,0,0,0,0,0,0,6.94585E+20,5.34164E+21,1.16187E+16,4.81982E+16
174274,9.17052E+18,9,1,62,0,2017,5,17,3,3,1,5,1,1,0,0,0,0,0,6.96974E+20,5.33329E+21,1.16469E+16,4.81224E+16
174275,9.17052E+18,9,1,62,0,2017,5,9,3,3,0,1,0,0,0,1,1,0,1,6.90383E+20,5.33011E+21,1.1557E+16,4.80958E+16
174276,9.17052E+18,9,1,62,0,2017,5,20,3,3,5,3,0,1,0,1,0,2,0,6.94128E+20,5.3361E+21,1.161E+16,4.81485E+16
174277,9.17052E+18,9,1,62,0,2017,5,21,3,3,5,2,0,1,0,1,0,2,0,6.92709E+20,5.33412E+21,1.159E+16,4.81311E+16
174278,9.17052E+18,9,1,62,0,2017,5,18,3,3,5,3,1,1,0,0,0,0,0,6.88562E+20,5.33239E+21,1.15336E+16,4.81168E+16
174279,9.17052E+18,9,1,62,0,2017,5,11,3,3,5,2,1,0,0,0,1,0,0,6.89704E+20,5.33192E+21,1.15487E+16,4.81122E+16
174280,9.17052E+18,9,1,62,0,2017,5,16,3,3,1,7,1,1,0,0,0,0,0,6.92147E+20,5.33422E+21,1.15825E+16,4.81322E+16
174281,9.17052E+18,9,1,62,0,2017,5,15,3,3,2,6,1,1,0,0,0,0,0,6.91807E+20,5.33642E+21,1.1579E+16,4.81521E+16
174282,9.17052E+18,9,7,75,152,2017,5,17,3,3,0,1,1,0,0,0,1,0,0,5.76753E+20,5.35284E+21,1.00354E+16,4.83241E+16
174283,9.17052E+18,9,7,75,135,2017,5,16,3,3,5,7,1,1,0,0,0,0,0,5.74098E+20,5.36087E+21,1.0001E+16,4.83967E+16
174284,9.17052E+18,9,7,64,0,2017,5,9,3,3,5,3,1,1,0,0,0,0,0,5.87396E+20,5.31514E+21,1.01712E+16,4.79836E+16
174285,9.17052E+18,9,7,76,116,2017,5,15,3,2,1,1,0,1,0,0,0,0,0,5.51811E+20,5.26721E+21,9.68868E+15,4.75563E+16