OBJECTID,UIDENTSTLA,ULAND,UREGBEZ,UKREIS,UGEMEINDE,UJAHR,UMONAT,USTUNDE,UWOCHENTAG,UKATEGORIE,UART,UTYP1,IstRad,IstPKW,IstFuss,IstKrad,IstSonstig,LICHT,STRZUSTAND,LINREFX,LINREFY,XGCSWGS84,YGCSWGS84
174286,9.17052E+18,9,7,73,182,2017,5,14,3,2,0,1,1,0,0,0,0,0,0,6.24206E+20,5.37994E+21,1.06834E+16,4.85602E+16
174287,9.17052E+18,9,7,61,0,2017,5,11,3,3,2,6,0,1,0,0,0,0,0,6.37375E+20,5.36149E+21,1.08557E+16,4.83916E+16
174288,9.17052E+18,9,7,61,0,2017,5,17,3,2,5,2,1,0,0,1,0,0,0,6.41915E+20,5.35832E+21,1.09159E+16,4.83621E+16
174289,9.17052E+18,9,7,61,0,2017,5,14,3,3,0,6,1,1,0,0,0,0,0,6.39691E+20,5.3575E+21,1.08857E+16,4.83552E+16
174290,9.17052E+18,9,7,61,0,2017,5,15,3,3,1,1,1,1,0,0,0,0,0,6.38445E+20,5.35306E+21,1.08674E+16,4.83156E+16
174291,9.17052E+18,9,7,61,0,2017,5,7,3,3,0,1,1,0,0,0,0,0,0,6.42412E+20,5.35834E+21,1.09227E+16,4.83621E+16
174292,9.17052E+18,9,7,61,0,2017,5,6,3,3,0,7,1,0,0,0,0,0,0,6.40673E+20,5.36016E+21,1.08998E+16,4.83789E+16
174293,9.17052E+18,9,6,79,175,2017,5,16,3,2,5,2,1,1,0,0,0,0,0,5.7066E+20,5.51219E+21,9.98105E+15,4.97581E+16
174294,9.17052E+18,9,6,63,0,2017,5,14,3,3,3,6,0,1,0,1,0,0,0,5.63274E+20,5.51731E+21,9.87934E+15,4.98049E+16
174295,9.17052E+18,9,6,63,0,2017,5,12,3,3,2,1,0,1,0,0,0,0,0,5.69381E+20,5.51644E+21,9.96404E+15,4.97964E+16
174296,9.17052E+18,9,6,63,0,2017,5,10,3,3,6,6,0,1,1,0,0,0,0,5.66832E+20,5.51612E+21,9.92858E+15,4.97938E+16
174297,9.17052E+18,9,6,77,157,2017,5,20,3,3,0,1,1,0,0,0,0,0,0,5.44282E+20,5.52194E+21,9.61595E+15,4.98483E+16
174298,9.17052E+18,9,6,62,0,2017,5,6,3,3,4,2,0,1,0,0,0,0,0,5.87927E+20,5.54255E+21,1.02276E+16,5.00288E+16
174299,9.17052E+18,9,6,76,139,2017,5,10,3,3,5,3,1,1,0,0,0,0,0,5.1866E+20,5.50553E+21,9.25877E+15,4.9702E+16
174300,9.17052E+18,9,6,76,158,2017,5,17,3,3,6,3,0,1,1,0,0,0,0,5.29911E+20,5.51502E+21,9.41552E+15,4.97869E+16
174301,9.17052E+18,9,6,61,0,2017,5,20,3,3,0,7,1,0,0,0,0,0,0,5.08461E+20,5.53623E+21,9.11801E+15,4.99784E+16
174302,9.17052E+18,9,5,72,115,2017,5,18,3,3,8,7,0,0,0,1,0,0,0,6.46876E+20,5.50074E+21,1.10344E+16,4.96414E+16
174303,9.17052E+18,9,5,65,0,2017,5,7,3,3,5,3,1,1,0,0,0,0,0,6.46903E+20,5.46618E+21,1.10219E+16,4.93307E+16
174304,9.17052E+18,9,5,63,0,2017,5,11,3,3,5,2,1,1,0,0,0,0,0,6.40184E+20,5.48105E+21,1.09348E+16,4.94659E+16
174305,9.17052E+18,9,5,63,0,2017,5,7,3,3,0,7,1,0,0,0,0,0,0,6.42325E+20,5.48243E+21,1.09648E+16,4.94779E+16
174306,9.17052E+18,9,5,64,0,2017,5,16,3,3,0,1,1,0,0,0,0,0,0,6.53417E+20,5.48093E+21,1.11172E+16,4.94616E+16
174307,9.17052E+18,9,5,64,0,2017,5,13,3,3,3,6,1,0,0,0,0,0,0,6.51171E+20,5.48098E+21,1.10863E+16,4.94626E+16
174308,9.17052E+18,9,5,64,0,2017,5,9,3,3,2,7,0,1,0,0,0,0,0,6.47797E+20,5.48131E+21,1.10399E+16,4.94664E+16
174309,9.17052E+18,9,5,64,0,2017,5,16,3,3,5,3,1,1,0,0,0,0,0,6.47327E+20,5.47129E+21,1.10297E+16,4.93765E+16
174310,9.17052E+18,9,5,64,0,2017,5,15,3,3,2,6,0,1,0,1,0,0,0,6.48247E+20,5.47997E+21,1.10456E+16,4.94543E+16
174311,9.17052E+18,9,5,64,0,2017,5,17,3,3,5,3,0,1,0,0,0,0,0,6.50841E+20,5.48135E+21,1.10819E+16,4.94661E+16
174312,9.17052E+18,9,5,77,177,2017,5,12,3,3,0,1,1,0,0,0,0,0,0,6.44951E+20,5.43299E+21,1.09831E+16,4.90327E+16
174313,9.17052E+18,9,5,77,177,2017,5,15,3,2,2,6,0,0,0,1,0,0,0,6.43403E+20,5.43123E+21,1.09613E+16,4.90173E+16
174314,9.17052E+18,9,5,71,177,2017,5,7,3,3,5,3,0,1,0,0,0,0,0,6.2207E+20,5.45022E+21,1.06754E+16,4.91926E+16
174315,9.17052E+18,9,4,79,152,2017,5,7,3,3,2,6,0,1,0,0,0,0,0,7.23198E+20,5.56222E+21,1.21257E+16,5.01701E+16
174316,9.17052E+18,9,4,78,165,2017,5,19,3,3,0,1,1,0,0,0,0,0,0,6.42568E+20,5.55259E+21,1.09939E+16,5.01084E+16
174317,9.17052E+18,9,4,63,0,2017,5,6,3,2,0,3,1,1,0,0,0,0,0,6.40277E+20,5.57084E+21,1.09686E+16,5.0273E+16
174318,9.17052E+18,9,4,73,112,2017,5,14,3,3,5,3,1,1,0,0,0,0,0,6.36799E+20,5.56664E+21,1.09183E+16,5.02361E+16
174319,9.17052E+18,9,4,77,163,2017,5,19,3,3,0,7,0,1,0,0,0,0,0,6.86446E+20,5.55291E+21,1.16071E+16,5.00992E+16
174320,9.17052E+18,9,4,71,117,2017,5,9,3,3,5,3,0,1,0,0,1,0,0,6.31755E+20,5.53021E+21,1.0835E+16,4.99097E+16
174321,9.17052E+18,9,4,61,0,2017,5,9,3,3,5,3,0,1,0,1,0,0,0,6.35227E+20,5.52968E+21,1.08832E+16,4.99042E+16
174322,9.17052E+18,9,3,62,0,2017,5,14,3,3,3,2,1,1,0,0,0,0,0,7.24246E+20,5.43375E+21,1.2067E+16,4.90159E+16
174323,9.17052E+18,9,3,62,0,2017,5,15,3,3,3,2,1,1,0,0,0,0,0,7.24022E+20,5.43309E+21,1.20636E+16,4.901E+16
174324,9.17052E+18,9,3,62,0,2017,5,9,3,3,5,3,0,1,0,1,0,0,0,7.25716E+20,5.4327E+21,1.20865E+16,4.90058E+16
174325,9.17052E+18,9,2,63,0,2017,5,15,3,3,0,1,1,0,0,0,0,0,0,7.60981E+20,5.41926E+21,1.25593E+16,4.88713E+16
174326,9.17052E+18,9,2,71,149,2017,5,10,3,2,4,6,0,1,0,0,1,0,0,8.0643E+20,5.41061E+21,1.3171E+16,4.87729E+16
174327,9.17052E+18,9,2,62,0,2017,5,9,3,3,0,1,1,0,0,0,0,0,0,8.29079E+20,5.38991E+21,1.34619E+16,4.85757E+16
174328,9.17052E+18,9,2,77,119,2017,5,19,3,2,8,6,0,0,0,1,0,0,0,7.76693E+20,5.37317E+21,1.27423E+16,4.84507E+16
174329,9.17052E+18,9,2,77,116,2017,5,18,3,2,2,6,1,1,0,0,0,0,0,7.77551E+20,5.36769E+21,1.27502E+16,4.84012E+16
174330,9.17052E+18,9,2,74,113,2017,5,18,3,3,0,6,1,1,0,0,0,0,0,7.2819E+20,5.38354E+21,1.2093E+16,4.85634E+16
174331,9.17052E+18,9,2,73,125,2017,5,19,3,3,0,1,1,0,0,0,0,0,0,7.20074E+20,5.41606E+21,1.20005E+16,4.88584E+16
174332,9.17052E+18,9,2,79,112,2017,5,16,3,2,5,3,1,1,0,0,0,0,0,7.57916E+20,5.39294E+21,1.25011E+16,4.86363E+16
174333,9.17052E+18,9,1,80,117,2017,5,11,3,3,2,6,0,1,0,1,0,0,0,6.57914E+20,5.26215E+21,1.10965E+16,4.74936E+16
174334,9.17052E+18,9,1,83,113,2017,5,6,3,3,2,6,0,1,0,1,0,0,0,7.50771E+20,5.34295E+21,1.23744E+16,4.81902E+16
174335,9.17052E+18,9,1,89,155,2017,5,13,3,3,0,7,0,0,0,1,0,0,0,7.72975E+20,5.30828E+21,1.26505E+16,4.78697E+16
174336,9.17052E+18,9,1,72,114,2017,5,7,3,3,3,6,1,1,0,0,0,0,0,7.91305E+20,5.29403E+21,1.28855E+16,4.77338E+16
174337,9.17052E+18,9,1,63,0,2017,5,11,3,3,1,3,1,1,0,0,0,0,0,7.31994E+20,5.30459E+21,1.21014E+16,4.78527E+16
174338,9.17052E+18,9,1,63,0,2017,5,14,3,2,5,4,0,1,1,0,0,0,0,7.3409E+20,5.30486E+21,1.21295E+16,4.78544E+16
174339,9.17052E+18,9,1,87,150,2017,5,16,3,3,5,3,1,1,0,0,0,0,0,7.28563E+20,5.30364E+21,1.20551E+16,4.78454E+16
174340,9.17052E+18,9,1,85,149,2017,5,8,3,3,0,6,0,1,0,1,0,0,0,6.61581E+20,5.39957E+21,1.11973E+16,4.87282E+16
174341,9.17052E+18,9,1,79,142,2017,5,15,3,3,2,6,0,1,0,0,0,0,0,6.74237E+20,5.34292E+21,1.13456E+16,4.82155E+16
174342,9.17052E+18,9,1,88,124,2017,5,10,3,3,0,7,1,0,0,0,0,0,0,6.62186E+20,5.31814E+21,1.11741E+16,4.7996E+16
174343,9.17052E+18,9,1,79,123,2017,5,12,3,3,1,3,1,1,0,0,0,0,0,6.76732E+20,5.33433E+21,1.13756E+16,4.81376E+16
174344,9.17052E+18,9,1,88,127,2017,5,8,3,3,5,3,0,1,0,1,0,0,0,6.74581E+20,5.3283E+21,1.13443E+16,4.8084E+16
174345,9.17052E+18,9,1,78,144,2017,5,21,3,3,8,7,0,1,0,0,0,2,0,7.08098E+20,5.38268E+21,1.18206E+16,4.85626E+16
174346,9.17052E+18,9,1,77,118,2017,5,7,3,3,4,6,0,1,0,0,0,0,0,7.06472E+20,5.34725E+21,1.17812E+16,4.82448E+16
174347,9.17052E+18,9,1,62,0,2017,5,17,2,3,5,3,1,1,0,0,0,0,0,6.95211E+20,5.33432E+21,1.16237E+16,4.81321E+16
174348,9.17052E+18,9,1,62,0,2017,5,21,2,3,0,1,1,0,0,0,0,0,0,6.85994E+20,5.33485E+21,1.15002E+16,4.81397E+16
174349,9.17052E+18,9,1,62,0,2017,5,17,2,3,3,7,1,1,0,0,0,0,0,6.89529E+20,5.33499E+21,1.15477E+16,4.81399E+16
174350,9.17052E+18,9,1,62,0,2017,5,17,2,3,2,6,0,1,0,0,1,0,0,6.93964E+20,5.33633E+21,1.16079E+16,4.81506E+16
174351,9.17052E+18,9,1,62,0,2017,5,23,2,3,3,6,1,1,0,0,1,2,0,6.91179E+20,5.33406E+21,1.15695E+16,4.81311E+16
174352,9.17052E+18,9,1,84,130,2017,5,8,2,3,5,3,1,1,0,0,0,0,0,7.00136E+20,5.34801E+21,1.16963E+16,4.82537E+16
174353,9.17052E+18,9,1,62,0,2017,5,5,2,3,0,7,0,0,0,1,0,1,0,6.86333E+20,5.34338E+21,1.15085E+16,4.82162E+16
174354,9.17052E+18,9,1,62,0,2017,5,12,2,2,3,2,1,1,0,0,0,0,0,6.92302E+20,5.33502E+21,1.1585E+16,4.81394E+16
174355,9.17052E+18,9,1,84,146,2017,5,14,2,3,0,7,1,1,0,0,0,0,0,6.99529E+20,5.32804E+21,1.16788E+16,4.80744E+16
174356,9.17052E+18,9,1,62,0,2017,5,12,2,3,5,2,1,1,0,0,0,0,0,6.91828E+20,5.33399E+21,1.15782E+16,4.81302E+16
174357,9.17052E+18,9,1,62,0,2017,5,8,2,3,0,1,1,0,0,0,0,0,0,6.88819E+20,5.33401E+21,1.15378E+16,4.81313E+16
174358,9.17052E+18,9,1,62,0,2017,5,14,2,3,0,7,0,0,1,0,1,0,0,6.88982E+20,5.34267E+21,1.15438E+16,4.82091E+16
174359,9.17052E+18,9,1,62,0,2017,5,8,2,3,5,3,1,1,0,0,0,0,0,6.90502E+20,5.33581E+21,1.15612E+16,4.8147E+16
174360,9.17052E+18,9,7,80,139,2017,5,10,2,3,0,7,0,0,0,1,0,0,0,5.96161E+20,5.26311E+21,1.02772E+16,4.75143E+16
174361,9.17052E+18,9,7,75,135,2017,5,11,2,3,0,2,0,1,0,0,1,0,0,5.76721E+20,5.35948E+21,1.00362E+16,4.83839E+16
174362,9.17053E+18,9,7,63,0,2017,5,10,1,3,5,3,0,1,0,0,0,0,0,5.98455E+20,5.2861E+21,1.03128E+16,4.77208E+16
174363,9.17053E+18,9,7,77,139,2017,5,14,1,2,0,1,1,0,0,0,0,0,0,6.17093E+20,5.30768E+21,1.05671E+16,4.79118E+16
174364,9.17053E+18,9,7,73,125,2017,5,6,1,2,6,7,0,0,1,0,1,1,0,6.14944E+20,5.37954E+21,1.05578E+16,4.85584E+16
174365,9.17053E+18,9,7,73,182,2017,5,21,1,3,0,1,1,0,0,0,0,0,0,6.30768E+20,5.38072E+21,1.07725E+16,4.8566E+16
174366,9.17053E+18,9,6,63,0,2017,5,3,1,3,0,1,1,0,0,0,0,2,0,5.6694E+20,5.51566E+21,9.92999E+15,4.97897E+16
174367,9.17053E+18,9,6,77,203,2017,5,14,1,2,0,1,1,0,0,0,0,0,0,5.58187E+20,5.52871E+21,9.81037E+15,4.9908E+16
174368,9.17053E+18,9,6,72,121,2017,5,12,1,3,8,1,1,0,0,0,0,0,0,5.71181E+20,5.55437E+21,9.99606E+15,5.01372E+16
174369,9.17053E+18,9,6,72,114,2017,5,17,1,3,1,7,1,1,0,0,0,0,0,5.77956E+20,5.56232E+21,1.00925E+16,5.0208E+16
174370,9.17053E+18,9,6,78,123,2017,5,2,1,3,9,1,0,1,0,0,0,2,0,5.86214E+20,5.5497E+21,1.02053E+16,5.00933E+16
174371,9.17053E+18,9,5,74,158,2017,5,10,1,3,9,1,0,0,0,1,0,0,0,6.66194E+20,5.49755E+21,1.13004E+16,4.96077E+16
174372,9.17053E+18,9,5,63,0,2017,5,13,1,3,5,3,0,1,0,1,0,0,0,6.44684E+20,5.48027E+21,1.09965E+16,4.94578E+16
174373,9.17053E+18,9,1,62,0,2017,5,5,1,3,1,1,1,0,0,0,1,1,0,6.91834E+20,5.33432E+21,1.15784E+16,4.81332E+16
174374,9.17053E+18,9,5,63,0,2017,5,11,1,3,2,6,0,1,0,1,0,0,0,6.44777E+20,5.48282E+21,1.09987E+16,4.94807E+16
174375,9.17053E+18,9,5,64,0,2017,5,21,1,3,5,3,0,1,0,0,0,2,0,6.52193E+20,5.47884E+21,1.10995E+16,4.94431E+16
174376,9.17053E+18,9,5,64,0,2017,5,16,1,3,0,1,1,0,0,0,0,0,0,6.4896E+20,5.47997E+21,1.10554E+16,4.94541E+16
174377,9.17053E+18,9,7,80,123,2017,5,11,1,3,0,7,1,0,0,0,1,0,0,6.01662E+20,5.2619E+21,1.03499E+16,4.75026E+16
174378,9.17053E+18,9,7,76,116,2017,5,17,1,3,0,1,1,0,0,0,0,0,0,5.54866E+20,5.26549E+21,9.72906E+15,4.75405E+16
174379,9.17053E+18,9,5,64,0,2017,5,14,1,3,0,7,1,0,0,0,1,0,0,6.54453E+20,5.48098E+21,1.11315E+16,4.94618E+16
174380,9.17053E+18,9,5,71,145,2017,5,11,1,3,6,2,0,1,1,0,0,0,0,5.96882E+20,5.44689E+21,1.0329E+16,4.91672E+16
174381,9.17053E+18,9,4,64,0,2017,5,16,1,3,0,1,1,0,0,0,0,0,0,7.0905E+20,5.57528E+21,1.19351E+16,5.02926E+16
174382,9.17053E+18,9,4,76,145,2017,5,22,1,2,0,7,1,0,0,0,0,2,0,6.67769E+20,5.56804E+21,1.13528E+16,5.02406E+16
174383,9.17053E+18,9,4,61,0,2017,5,15,1,3,5,3,1,1,0,0,0,0,0,6.3652E+20,5.52851E+21,1.09008E+16,4.98934E+16
174384,9.17053E+18,9,3,62,0,2017,5,14,1,3,5,3,1,1,0,0,0,0,0,7.26609E+20,5.43349E+21,1.20992E+16,4.90126E+16
174385,9.17053E+18,9,3,62,0,2017,5,10,1,3,6,2,0,1,1,0,0,0,0,7.24487E+20,5.43075E+21,1.20687E+16,4.89888E+16
174386,9.17053E+18,9,3,73,153,2017,5,11,1,2,0,1,1,0,0,0,0,0,0,6.86165E+20,5.46549E+21,1.15615E+16,4.93137E+16
174387,9.17053E+18,9,3,61,0,2017,5,10,1,3,5,3,1,1,0,0,0,0,0,7.0836E+20,5.47945E+21,1.18738E+16,4.9432E+16
174388,9.17053E+18,9,2,78,172,2017,5,15,1,3,5,3,1,1,0,0,0,0,0,7.52505E+20,5.41868E+21,1.24435E+16,4.88696E+16
174389,9.17053E+18,9,2,62,0,2017,5,11,1,2,0,7,1,0,0,0,0,0,0,8.21943E+20,5.38789E+21,1.33639E+16,4.85613E+16
174390,9.17053E+18,9,2,75,144,2017,5,13,1,3,4,6,0,1,0,0,0,0,0,8.24768E+20,5.39945E+21,1.34111E+16,4.86635E+16
174391,9.17053E+18,9,2,75,124,2017,5,20,1,3,5,3,0,1,0,0,0,0,0,8.09976E+20,5.37381E+21,1.31917E+16,4.8441E+16
174392,9.17053E+18,9,2,77,121,2017,5,18,1,3,0,7,1,0,0,0,0,0,0,7.63753E+20,5.37157E+21,1.25666E+16,4.84419E+16
174393,9.17053E+18,9,2,74,183,2017,5,12,1,3,0,1,1,0,0,0,0,0,0,7.41664E+20,5.36285E+21,1.22634E+16,4.83725E+16
174394,9.17053E+18,9,2,74,132,2017,5,8,1,3,0,1,1,0,0,0,0,0,0,7.22371E+20,5.38656E+21,1.20159E+16,4.85926E+16
174395,9.17053E+18,9,2,61,0,2017,5,12,1,3,3,6,1,0,0,0,0,0,0,7.31512E+20,5.38247E+21,1.21374E+16,4.85526E+16
174396,9.17053E+18,9,1,90,139,2017,5,8,1,3,6,7,0,1,1,0,0,0,0,6.54983E+20,5.2942E+21,1.1069E+16,4.77825E+16
174397,9.17053E+18,9,1,83,148,2017,5,12,1,2,5,3,0,1,0,1,0,0,0,7.54637E+20,5.3455E+21,1.24278E+16,4.82116E+16
174398,9.17053E+18,9,1,89,120,2017,5,16,1,2,3,2,1,0,0,0,0,0,0,7.59876E+20,5.29724E+21,1.2469E+16,4.77761E+16
174399,9.17053E+18,9,1,72,114,2017,5,21,1,3,0,7,1,0,0,0,0,2,0,7.91762E+20,5.29463E+21,1.2892E+16,4.7739E+16
174400,9.17053E+18,9,1,87,174,2017,5,15,1,3,4,6,0,1,0,1,0,0,0,7.41433E+20,5.30952E+21,1.22301E+16,4.78936E+16
174401,9.17053E+18,9,1,87,174,2017,5,13,1,3,0,7,1,0,0,0,0,0,0,7.43279E+20,5.3097E+21,1.22549E+16,4.78945E+16
174402,9.17053E+18,9,1,87,162,2017,5,12,1,3,0,1,1,0,0,0,0,0,0,7.47128E+20,5.30399E+21,1.2303E+16,4.78417E+16
174403,9.17053E+18,9,1,87,150,2017,5,4,1,3,0,1,1,0,0,0,0,2,0,7.2893E+20,5.30421E+21,1.20603E+16,4.78504E+16
174404,9.17053E+18,9,1,61,0,2017,5,17,1,3,2,6,0,0,0,1,0,0,0,6.75432E+20,5.40514E+21,1.13878E+16,4.87745E+16
174405,9.17053E+18,9,1,86,137,2017,5,19,1,2,5,3,0,1,0,1,0,0,0,6.87611E+20,5.40036E+21,1.15512E+16,4.8728E+16
174406,9.17053E+18,9,1,85,149,2017,5,23,1,3,1,2,0,1,0,1,0,2,0,6.61606E+20,5.40008E+21,1.11978E+16,4.87328E+16
174407,9.17053E+18,9,1,85,149,2017,5,15,1,2,5,3,1,0,0,0,0,0,0,6.58526E+20,5.40287E+21,1.1157E+16,4.87586E+16
174408,9.17053E+18,9,1,85,149,2017,5,18,1,2,0,7,1,0,0,0,0,0,0,6.6034E+20,5.4002E+21,1.11806E+16,4.87342E+16
174409,9.17053E+18,9,1,61,0,2017,5,22,1,3,0,7,1,0,0,0,0,2,0,6.8023E+20,5.40467E+21,1.14529E+16,4.87689E+16
174410,9.17053E+18,9,1,76,160,2017,5,16,1,2,0,1,1,0,0,0,0,0,0,6.57092E+20,5.42149E+21,1.11447E+16,4.89264E+16
174411,9.17053E+18,9,1,79,134,2017,5,12,1,3,0,7,1,1,0,0,0,0,0,6.72519E+20,5.3442E+21,1.1323E+16,4.82275E+16
174412,9.17053E+18,9,1,79,113,2017,5,14,1,2,2,6,1,0,0,0,0,0,0,6.7096E+20,5.33584E+21,1.12987E+16,4.81528E+16
174413,9.17053E+18,9,1,75,139,2017,5,11,1,3,2,2,0,1,0,0,0,0,0,7.0994E+20,5.32939E+21,1.1819E+16,4.80832E+16
174414,9.17053E+18,9,1,78,143,2017,5,18,1,3,4,6,0,1,0,0,0,0,0,7.17373E+20,5.3734E+21,1.19413E+16,4.84761E+16
174415,9.17053E+18,9,1,62,0,2017,5,11,7,3,5,3,1,0,0,0,0,0,0,6.86027E+20,5.33195E+21,1.14994E+16,4.81137E+16
174416,9.17053E+18,9,1,62,0,2017,5,12,7,3,5,3,0,1,0,1,0,0,0,7.01961E+20,5.33517E+21,1.17148E+16,4.81377E+16
174417,9.17053E+18,9,1,62,0,2017,5,16,7,3,0,7,1,0,0,0,0,0,0,6.85143E+20,5.33446E+21,1.14886E+16,4.81365E+16
174418,9.17053E+18,9,1,62,0,2017,5,15,7,3,5,3,1,1,0,0,0,0,0,7.00876E+20,5.33465E+21,1.17E+16,4.81334E+16
174419,9.17053E+18,9,1,62,0,2017,5,13,7,3,5,2,0,1,0,0,0,0,0,6.91694E+20,5.33372E+21,1.15762E+16,4.81279E+16
174420,9.17053E+18,9,1,62,0,2017,5,9,7,3,5,3,1,1,0,0,0,0,0,7.00182E+20,5.33288E+21,1.16898E+16,4.81176E+16
174421,9.17053E+18,9,1,62,0,2017,5,15,7,3,3,7,1,1,1,0,0,0,0,6.90311E+20,5.33275E+21,1.15572E+16,4.81195E+16
174422,9.17053E+18,9,1,62,0,2017,5,13,7,2,5,3,1,1,0,0,0,0,0,6.93444E+20,5.33208E+21,1.1599E+16,4.81126E+16
174423,9.17053E+18,9,1,62,0,2017,5,14,7,3,5,2,0,1,0,0,0,0,0,6.84604E+20,5.33501E+21,1.14816E+16,4.81416E+16
174424,9.17053E+18,9,1,62,0,2017,5,15,7,3,1,2,0,1,0,0,0,0,0,6.82623E+20,5.33742E+21,1.1456E+16,4.81638E+16
174425,9.17053E+18,9,1,62,0,2017,5,11,7,3,5,2,1,1,0,0,0,0,0,6.88651E+20,5.3365E+21,1.15366E+16,4.81537E+16
174426,9.17053E+18,9,1,62,0,2017,5,12,7,3,6,4,1,0,1,0,0,0,0,6.8437E+20,5.33073E+21,1.14766E+16,4.81032E+16
174427,9.17053E+18,9,1,62,0,2017,5,13,7,3,0,7,1,0,0,0,0,0,0,6.98799E+20,5.33332E+21,1.16714E+16,4.81221E+16
174428,9.17053E+18,9,7,75,135,2017,5,10,7,3,5,3,1,1,0,0,0,0,0,5.74284E+20,5.35969E+21,1.00033E+16,4.8386E+16
174429,9.17053E+18,9,7,64,0,2017,5,10,7,3,2,6,0,1,0,1,0,0,0,5.88036E+20,5.31585E+21,1.018E+16,4.79899E+16
174430,9.17053E+18,9,7,78,116,2017,5,14,7,3,5,3,1,0,0,0,0,0,0,6.19349E+20,5.31921E+21,1.06004E+16,4.80151E+16
174431,9.17053E+18,9,7,80,139,2017,5,18,7,3,0,7,1,0,1,0,0,0,0,5.9585E+20,5.26401E+21,1.02732E+16,4.75225E+16
174432,9.17053E+18,9,7,80,139,2017,5,10,7,3,1,3,0,1,0,0,0,0,0,5.97406E+20,5.26345E+21,1.02938E+16,4.75172E+16
174433,9.17053E+18,9,7,80,139,2017,5,18,7,3,6,7,1,0,1,0,0,0,0,5.95481E+20,5.26275E+21,1.02681E+16,4.75112E+16
174434,9.17053E+18,9,7,79,187,2017,5,21,7,3,8,1,1,0,0,0,0,2,0,6.40267E+20,5.38737E+21,1.09035E+16,4.86237E+16
174435,9.17053E+18,9,7,79,130,2017,5,4,7,2,0,7,1,0,0,0,0,1,0,6.15273E+20,5.41288E+21,1.05716E+16,4.88581E+16
174436,9.17053E+18,9,7,73,186,2017,5,17,7,3,0,1,1,0,0,0,0,0,0,6.0288E+20,5.39011E+21,1.0397E+16,4.86556E+16
174437,9.17053E+18,9,7,72,223,2017,5,10,7,3,8,7,0,0,0,0,1,0,0,6.18753E+20,5.36135E+21,1.06042E+16,4.83941E+16
174438,9.17053E+18,9,7,71,130,2017,5,17,7,3,2,6,1,1,0,0,0,0,0,6.4472E+20,5.35775E+21,1.09536E+16,4.83563E+16
174439,9.17053E+18,9,7,61,0,2017,5,12,7,3,0,1,1,0,0,0,0,0,0,6.37692E+20,5.36144E+21,1.086E+16,4.83911E+16
174440,9.17053E+18,9,6,63,0,2017,5,16,7,3,2,7,0,1,0,0,1,0,0,5.66998E+20,5.51695E+21,9.93103E+15,4.98012E+16
174441,9.17053E+18,9,6,62,0,2017,5,14,7,3,5,3,0,1,0,0,0,0,0,5.88728E+20,5.54299E+21,1.02389E+16,5.00326E+16
174442,9.17053E+18,9,6,76,126,2017,5,13,7,3,5,6,1,1,0,0,0,0,0,5.11414E+20,5.52442E+21,9.15885E+15,4.9872E+16
174443,9.17053E+18,9,6,61,0,2017,5,14,7,3,2,6,1,0,0,0,0,0,0,5.08341E+20,5.53619E+21,9.11633E+15,4.9978E+16
174444,9.17053E+18,9,6,71,143,2017,5,18,7,3,4,6,1,1,0,0,0,0,0,5.08777E+20,5.54416E+21,9.1226E+15,5.00497E+16
174445,9.17053E+18,9,5,72,111,2017,5,1,7,3,8,7,0,1,0,0,0,2,0,6.37081E+20,5.50774E+21,1.09013E+16,4.97065E+16
174446,9.17053E+18,9,5,76,132,2017,5,18,7,3,0,7,1,0,0,0,0,0,0,6.5687E+20,5.46423E+21,1.11582E+16,4.93106E+16
174447,9.17053E+18,9,5,76,148,2017,5,14,7,3,3,6,1,0,0,0,0,0,0,6.67353E+20,5.43852E+21,1.12917E+16,4.90768E+16
174448,9.17053E+18,9,5,74,150,2017,5,2,7,3,0,1,1,0,0,0,0,2,0,6.71213E+20,5.48738E+21,1.13654E+16,4.95148E+16
174449,9.17053E+18,9,5,64,0,2017,5,19,7,3,6,4,0,1,1,0,0,0,0,6.55045E+20,5.47436E+21,1.11371E+16,4.94022E+16
174450,9.17053E+18,9,5,64,0,2017,5,17,7,3,5,3,0,1,0,0,0,0,0,6.51523E+20,5.47851E+21,1.10902E+16,4.94404E+16
174451,9.17053E+18,9,5,64,0,2017,5,19,7,3,0,1,1,0,0,0,0,0,0,6.51601E+20,5.47918E+21,1.10915E+16,4.94464E+16
174452,9.17053E+18,9,5,63,0,2017,5,15,7,3,0,7,0,0,0,0,1,0,0,6.40551E+20,5.48399E+21,1.09409E+16,4.94923E+16
174453,9.17053E+18,9,4,64,0,2017,5,12,7,2,6,4,0,1,1,0,0,0,0,7.08211E+20,5.57734E+21,1.19244E+16,5.03114E+16
174454,9.17053E+18,9,4,78,116,2017,5,17,7,3,0,1,1,0,0,0,0,0,0,6.60871E+20,5.55623E+21,1.12512E+16,5.01365E+16
174455,9.17053E+18,9,4,78,145,2017,5,15,7,3,0,1,1,0,0,0,0,0,0,6.5045E+20,5.55869E+21,1.11064E+16,5.01613E+16
174456,9.17053E+18,9,4,63,0,2017,5,16,7,3,4,2,0,1,0,0,0,0,0,6.39678E+20,5.5687E+21,1.09594E+16,5.02539E+16
174457,9.17053E+18,9,4,63,0,2017,5,18,7,2,4,2,0,1,0,0,0,0,0,6.39478E+20,5.57005E+21,1.09571E+16,5.02661E+16