OBJECTID,UIDENTSTLA,ULAND,UREGBEZ,UKREIS,UGEMEINDE,UJAHR,UMONAT,USTUNDE,UWOCHENTAG,UKATEGORIE,UART,UTYP1,IstRad,IstPKW,IstFuss,IstKrad,IstSonstig,LICHT,STRZUSTAND,LINREFX,LINREFY,XGCSWGS84,YGCSWGS84
174801,9.17053E+18,9,6,72,127,2017,5,15,2,2,8,1,1,0,0,0,0,0,0,5.6407E+20,5.55225E+21,9.89622E+15,5.0119E+16
174802,9.17053E+18,9,5,62,0,2017,5,6,2,3,5,3,1,1,0,0,0,0,1,6.4217E+20,5.49509E+21,1.09672E+16,4.95916E+16
174803,9.17053E+18,9,5,63,0,2017,5,17,2,3,0,7,0,0,0,1,0,0,0,6.44678E+20,5.48112E+21,1.09968E+16,4.94655E+16
174804,9.17053E+18,9,5,64,0,2017,5,19,2,3,2,6,0,1,0,0,0,0,0,6.51217E+20,5.47654E+21,1.10852E+16,4.94228E+16
174805,9.17053E+18,9,5,64,0,2017,5,15,2,3,2,6,0,1,0,0,0,0,0,6.50527E+20,5.47841E+21,1.10764E+16,4.94397E+16
174806,9.17053E+18,9,5,64,0,2017,5,23,2,3,0,7,0,1,0,0,0,2,0,6.53486E+20,5.47959E+21,1.11176E+16,4.94495E+16
174807,9.17053E+18,9,5,64,0,2017,5,14,2,3,0,1,1,0,0,0,0,0,0,6.51164E+20,5.4808E+21,1.10861E+16,4.94611E+16
174808,9.17053E+18,9,5,64,0,2017,5,19,2,3,2,7,0,0,0,1,1,0,0,6.50836E+20,5.47906E+21,1.10809E+16,4.94454E+16
174809,9.17053E+18,9,5,64,0,2017,5,15,2,3,0,6,0,1,0,0,1,0,0,6.49819E+20,5.48038E+21,1.10674E+16,4.94575E+16
174810,9.17053E+18,9,5,75,153,2017,5,12,2,3,5,3,0,1,0,0,1,0,0,6.18504E+20,5.49305E+21,1.06393E+16,4.95784E+16
174811,9.17053E+18,9,5,61,0,2017,5,6,2,3,5,3,1,1,0,0,0,0,0,6.16221E+20,5.45782E+21,1.05974E+16,4.92621E+16
174812,9.17053E+18,9,4,75,156,2017,5,13,2,3,0,6,0,1,1,0,0,0,0,6.90653E+20,5.57862E+21,1.16787E+16,5.03288E+16
174813,9.17053E+18,9,4,64,0,2017,5,6,2,3,5,3,0,1,0,1,0,0,0,7.08472E+20,5.57709E+21,1.19279E+16,5.0309E+16
174814,9.17053E+18,9,4,73,159,2017,5,19,2,3,2,6,0,1,0,1,0,0,0,6.46671E+20,5.57451E+21,1.10597E+16,5.03045E+16
174815,9.17053E+18,9,4,63,0,2017,5,16,2,3,5,2,0,1,0,0,0,0,0,6.38796E+20,5.57022E+21,1.09476E+16,5.02678E+16
174816,9.17053E+18,9,4,62,0,2017,5,17,2,3,2,6,0,1,0,0,0,0,0,6.83946E+20,5.5344E+21,1.15633E+16,4.99336E+16
174817,9.17053E+18,9,4,62,0,2017,5,12,2,3,2,6,0,1,0,0,1,0,0,6.86449E+20,5.53376E+21,1.15978E+16,4.99271E+16
174818,9.17053E+18,9,4,61,0,2017,5,17,2,3,5,2,1,1,0,0,0,0,0,6.36262E+20,5.52827E+21,1.08971E+16,4.98913E+16
174819,9.17053E+18,9,4,74,126,2017,5,22,2,3,8,1,1,0,0,0,0,2,0,6.4933E+20,5.50951E+21,1.10717E+16,4.97196E+16
174820,9.17053E+18,9,4,71,123,2017,5,8,2,3,5,3,1,1,0,0,0,0,0,6.46267E+20,5.51862E+21,1.10327E+16,4.98022E+16
174821,9.17053E+18,9,4,61,0,2017,5,16,2,3,6,7,0,1,1,0,0,0,0,6.37002E+20,5.52828E+21,1.09074E+16,4.98912E+16
174822,9.17053E+18,9,4,61,0,2017,5,18,2,3,3,6,1,0,0,0,0,0,0,6.36494E+20,5.52855E+21,1.09004E+16,4.98938E+16
174823,9.17053E+18,9,4,61,0,2017,5,17,2,3,0,3,1,1,0,0,0,0,0,6.36003E+20,5.52945E+21,1.08939E+16,4.9902E+16
174824,9.17053E+18,9,3,62,0,2017,5,16,2,3,0,3,0,1,0,0,0,0,0,7.2573E+20,5.43215E+21,1.20864E+16,4.90009E+16
174825,9.17053E+18,9,3,75,179,2017,5,18,2,3,0,1,1,0,0,0,0,0,0,7.31607E+20,5.42867E+21,1.21647E+16,4.89675E+16
174826,9.17053E+18,9,3,75,130,2017,5,11,2,3,0,7,1,0,0,0,0,0,0,7.34387E+20,5.43561E+21,1.22066E+16,4.90288E+16
174827,9.17053E+18,9,3,73,147,2017,5,10,2,2,0,1,1,0,0,0,0,0,0,6.77814E+20,5.46243E+21,1.14453E+16,4.92887E+16
174828,9.17053E+18,9,3,72,137,2017,5,19,2,3,4,2,0,1,0,1,0,0,0,7.8212E+20,5.45358E+21,1.28707E+16,4.91701E+16
174829,9.17053E+18,9,3,76,161,2017,5,7,2,3,3,2,1,1,0,0,0,0,0,7.25879E+20,5.46585E+21,1.21074E+16,4.93036E+16
174830,9.17053E+18,9,2,76,144,2017,5,6,2,3,4,1,0,1,0,0,0,0,0,7.87368E+20,5.44594E+21,1.29371E+16,4.90991E+16
174831,9.17053E+18,9,2,63,0,2017,5,18,2,3,3,3,0,1,0,0,0,0,0,7.62128E+20,5.41966E+21,1.25751E+16,4.88744E+16
174832,9.17053E+18,9,2,71,119,2017,5,17,2,3,5,3,0,1,0,0,0,0,0,7.90437E+20,5.41625E+21,1.29579E+16,4.88313E+16
174833,9.17053E+18,9,2,75,116,2017,5,14,2,3,2,7,1,0,0,0,0,0,0,8.13486E+20,5.35862E+21,1.32277E+16,4.8303E+16
174834,9.17053E+18,9,2,77,131,2017,5,6,2,3,6,4,0,1,1,0,0,0,0,7.76552E+20,5.38237E+21,1.27465E+16,4.85334E+16
174835,9.17053E+18,9,2,61,0,2017,5,20,2,3,5,3,0,1,0,0,0,1,0,7.32599E+20,5.38106E+21,1.21513E+16,4.85395E+16
174836,9.17053E+18,9,2,61,0,2017,5,11,2,2,5,3,1,0,0,0,0,0,0,7.32842E+20,5.38092E+21,1.21545E+16,4.85382E+16
174837,9.17053E+18,9,2,74,113,2017,5,7,2,3,7,7,1,0,0,0,0,0,0,7.28278E+20,5.38206E+21,1.20934E+16,4.855E+16
174838,9.17053E+18,9,1,89,157,2017,5,10,2,3,8,7,1,0,0,0,0,0,0,7.65499E+20,5.32567E+21,1.25614E+16,4.8029E+16
174839,9.17053E+18,9,1,83,128,2017,5,7,2,3,5,3,0,1,0,0,0,0,0,7.62446E+20,5.34844E+21,1.25346E+16,4.82348E+16
174840,9.17053E+18,9,1,89,118,2017,5,6,2,2,4,1,0,1,0,1,0,0,0,7.82189E+20,5.32414E+21,1.27838E+16,4.80082E+16
174841,9.17053E+18,9,1,87,122,2017,5,16,2,3,0,3,0,1,0,1,0,0,0,7.19353E+20,5.3071E+21,1.19339E+16,4.78797E+16
174842,9.17053E+18,9,1,87,162,2017,5,12,2,3,4,6,1,1,0,0,0,0,0,7.50308E+20,5.30625E+21,1.23467E+16,4.78607E+16
174843,9.17053E+18,9,1,82,131,2017,5,15,2,2,0,7,1,0,0,0,0,0,0,7.14796E+20,5.29128E+21,1.18652E+16,4.77391E+16
174844,9.17053E+18,9,1,87,179,2017,5,21,2,3,0,1,1,0,0,0,0,0,0,7.25416E+20,5.31357E+21,1.20182E+16,4.79357E+16
174845,9.17053E+18,9,1,87,117,2017,5,11,2,2,6,7,0,1,1,0,0,0,0,7.22404E+20,5.30319E+21,1.19726E+16,4.78436E+16
174846,9.17053E+18,9,1,61,0,2017,5,10,2,3,1,7,0,0,0,0,1,0,0,6.78029E+20,5.40471E+21,1.1423E+16,4.87699E+16
174847,9.17053E+18,9,1,76,139,2017,5,9,2,3,6,4,0,1,1,0,0,0,0,6.8354E+20,5.40946E+21,1.15E+16,4.8811E+16
174848,9.17053E+18,9,1,85,158,2017,5,16,2,3,6,7,1,0,1,0,0,0,0,6.66985E+20,5.38109E+21,1.12632E+16,4.85607E+16
174849,9.17053E+18,9,1,86,152,2017,5,12,2,3,5,3,0,1,0,0,0,0,0,6.92064E+20,5.37507E+21,1.16E+16,4.84994E+16
174850,9.17053E+18,9,1,86,126,2017,5,18,2,2,0,1,1,0,0,0,0,0,0,6.84863E+20,5.37639E+21,1.15032E+16,4.85133E+16
174851,9.17053E+18,9,1,88,139,2017,5,14,2,3,5,7,1,0,0,0,0,0,0,6.74781E+20,5.31947E+21,1.13433E+16,4.80046E+16
174852,9.17053E+18,9,1,79,142,2017,5,8,2,3,2,6,0,1,0,0,0,0,0,6.74203E+20,5.34389E+21,1.13456E+16,4.82243E+16
174853,9.17053E+18,9,1,81,130,2017,5,19,2,3,7,7,1,0,0,0,0,1,0,6.39209E+20,5.3225E+21,1.08677E+16,4.80406E+16
174854,9.17053E+18,9,1,81,121,2017,5,16,2,2,0,7,1,0,0,0,0,0,0,6.34247E+20,5.30966E+21,1.07971E+16,4.79262E+16
174855,9.17053E+18,9,1,81,128,2017,5,17,2,3,6,4,0,1,1,0,0,0,0,6.38142E+20,5.32826E+21,1.08552E+16,4.80926E+16
174856,9.17053E+18,9,1,79,126,2017,5,17,2,3,0,7,0,0,0,1,0,0,0,6.76404E+20,5.33995E+21,1.13735E+16,4.81883E+16
174857,9.17053E+18,9,1,79,126,2017,5,11,2,2,5,3,1,1,0,0,0,0,0,6.77275E+20,5.33987E+21,1.13852E+16,4.81873E+16
174858,9.17053E+18,9,1,79,121,2017,5,16,2,3,5,3,0,1,0,0,0,0,0,6.67204E+20,5.33891E+21,1.12494E+16,4.81814E+16
174859,9.17053E+18,9,1,81,114,2017,5,19,2,3,0,1,1,0,0,0,0,0,0,6.57138E+20,5.31239E+21,1.11044E+16,4.79455E+16
174860,9.17053E+18,9,1,74,126,2017,5,20,2,3,4,7,1,1,0,0,0,0,0,6.84171E+20,5.34623E+21,1.14807E+16,4.82425E+16
174861,9.17053E+18,9,1,78,124,2017,5,18,2,2,9,1,0,0,0,1,0,0,0,7.0455E+20,5.35893E+21,1.1761E+16,4.83504E+16
174862,9.17053E+18,9,1,77,139,2017,5,15,2,2,5,3,1,1,0,0,0,0,0,7.32937E+20,5.35914E+21,1.21437E+16,4.83424E+16
174863,9.17053E+18,9,1,84,136,2017,5,11,1,3,5,3,1,0,0,0,0,0,0,6.97665E+20,5.3266E+21,1.16531E+16,4.80621E+16
174864,9.17053E+18,9,1,62,0,2017,5,16,1,3,3,1,0,1,0,1,0,0,0,6.90793E+20,5.33973E+21,1.15668E+16,4.81821E+16
174865,9.17053E+18,9,1,62,0,2017,5,17,1,3,0,6,1,0,0,0,0,0,0,6.79602E+20,5.33769E+21,1.14156E+16,4.81671E+16
174866,9.17053E+18,9,1,62,0,2017,5,16,1,2,5,7,0,1,0,1,0,0,0,6.88358E+20,5.34111E+21,1.15347E+16,4.81952E+16
174867,9.17053E+18,9,1,62,0,2017,5,11,1,2,1,1,1,1,0,0,0,0,0,6.94918E+20,5.33114E+21,1.16183E+16,4.81037E+16
174868,9.17053E+18,9,1,62,0,2017,5,13,1,2,5,3,1,1,0,0,0,0,0,6.94195E+20,5.33132E+21,1.16087E+16,4.81055E+16
174869,9.17053E+18,9,1,62,0,2017,5,23,1,3,0,1,1,0,0,0,0,2,0,6.93955E+20,5.33509E+21,1.16072E+16,4.81394E+16
174870,9.1706E+18,9,5,65,0,2017,6,12,7,3,5,3,0,1,0,0,0,0,0,6.47405E+20,5.46652E+21,1.1029E+16,4.93336E+16
174871,9.1706E+18,9,5,62,0,2017,6,21,7,3,8,7,1,0,0,0,0,1,0,6.47216E+20,5.49563E+21,1.10372E+16,4.95953E+16
174872,9.1706E+18,9,5,64,0,2017,6,12,7,3,5,3,1,1,0,0,0,0,0,6.53101E+20,5.47909E+21,1.11122E+16,4.94452E+16
174873,9.1706E+18,9,5,64,0,2017,6,9,7,3,0,1,1,0,0,0,0,0,0,6.52406E+20,5.4837E+21,1.11043E+16,4.94868E+16
174874,9.1706E+18,9,5,64,0,2017,6,23,7,3,5,3,0,1,0,0,0,2,0,6.50052E+20,5.48186E+21,1.10712E+16,4.94709E+16
174875,9.1706E+18,9,5,64,0,2017,6,14,7,3,5,3,0,1,0,0,0,0,0,6.51331E+20,5.48084E+21,1.10884E+16,4.94613E+16
174876,9.1706E+18,9,5,64,0,2017,6,15,7,3,5,3,0,1,0,1,0,0,1,6.50287E+20,5.47858E+21,1.10732E+16,4.94413E+16
174877,9.1706E+18,9,5,77,162,2017,6,19,7,2,5,3,0,1,0,1,0,0,0,6.29301E+20,5.42156E+21,1.07655E+16,4.89334E+16
174878,9.1706E+18,9,5,75,152,2017,6,21,7,2,0,1,1,0,0,0,0,1,0,6.1827E+20,5.4773E+21,1.06313E+16,4.94368E+16
174879,9.1706E+18,9,5,71,189,2017,6,18,7,3,7,7,1,0,0,0,0,0,0,6.20687E+20,5.44817E+21,1.06559E+16,4.91745E+16
174880,9.1706E+18,9,6,61,0,2017,6,1,7,3,8,1,0,1,0,0,0,2,0,5.11994E+20,5.53466E+21,9.16723E+15,4.99641E+16
174881,9.1706E+18,9,6,61,0,2017,6,2,7,3,7,7,1,0,0,0,0,2,0,5.12615E+20,5.53578E+21,9.17592E+15,4.99742E+16
174882,9.1706E+18,9,6,71,113,2017,6,5,7,2,0,1,1,0,0,0,0,2,0,5.16046E+20,5.54498E+21,9.22417E+15,5.00569E+16
174883,9.1706E+18,9,4,75,171,2017,6,13,7,3,9,1,0,1,0,0,0,0,0,6.98776E+20,5.57855E+21,1.17927E+16,5.03255E+16
174884,9.1706E+18,9,4,75,154,2017,6,11,7,3,8,1,1,0,0,0,0,0,0,6.92435E+20,5.56478E+21,1.16967E+16,5.02039E+16
174885,9.1706E+18,9,4,78,145,2017,6,18,7,3,4,6,0,1,0,0,0,0,1,6.51064E+20,5.55889E+21,1.11151E+16,5.0163E+16
174886,9.1706E+18,9,4,62,0,2017,6,13,7,3,5,3,1,1,0,0,0,0,0,6.86816E+20,5.53759E+21,1.16048E+16,4.99614E+16
174887,9.1706E+18,9,4,74,121,2017,6,16,7,3,9,7,0,1,0,1,0,0,0,6.57462E+20,5.51649E+21,1.11873E+16,4.97802E+16
174888,9.1706E+18,9,4,61,0,2017,6,11,7,3,6,4,1,0,1,0,0,0,0,6.35894E+20,5.52833E+21,1.0892E+16,4.98919E+16
174889,9.1706E+18,9,3,75,208,2017,6,10,7,3,1,1,1,1,0,0,0,0,0,7.33567E+20,5.44065E+21,1.21983E+16,4.90744E+16
174890,9.1706E+18,9,3,62,0,2017,6,9,7,3,0,1,1,0,0,0,0,0,0,7.26041E+20,5.43177E+21,1.20905E+16,4.89974E+16
174891,9.1706E+18,9,3,73,121,2017,6,9,7,3,8,1,0,1,0,0,0,0,0,6.8598E+20,5.43439E+21,1.15446E+16,4.90343E+16
174892,9.1706E+18,9,3,76,119,2017,6,11,7,3,0,1,1,0,0,0,0,0,0,7.22966E+20,5.45479E+21,1.20612E+16,4.92053E+16
174893,9.1706E+18,9,2,71,119,2017,6,18,7,3,0,1,1,0,0,0,0,0,0,7.89444E+20,5.41667E+21,1.29447E+16,4.88354E+16
174894,9.1706E+18,9,2,75,152,2017,6,20,7,2,6,7,0,1,1,0,0,0,0,8.22074E+20,5.40654E+21,1.33802E+16,4.87285E+16
174895,9.1706E+18,9,2,62,0,2017,6,13,7,3,5,3,0,1,0,1,0,0,0,8.2852E+20,5.38982E+21,1.34543E+16,4.85752E+16
174896,9.1706E+18,9,2,77,116,2017,6,16,7,2,2,6,0,1,0,0,1,0,0,7.78828E+20,5.36711E+21,1.27671E+16,4.83954E+16
174897,9.1706E+18,9,1,73,137,2017,6,10,7,2,0,7,1,0,0,0,0,0,0,6.74717E+20,5.29877E+21,1.13341E+16,4.78185E+16
174898,9.1706E+18,9,1,90,148,2017,6,9,7,3,5,3,0,1,1,0,0,0,0,6.41815E+20,5.29765E+21,1.08944E+16,4.78166E+16
174899,9.1706E+18,9,1,73,126,2017,6,18,7,3,5,3,1,1,0,0,0,0,0,6.84945E+20,5.30337E+21,1.14726E+16,4.7857E+16
174900,9.1706E+18,9,1,83,124,2017,6,9,7,3,5,3,1,1,0,0,0,0,0,7.54797E+20,5.34242E+21,1.24281E+16,4.81839E+16
174901,9.1706E+18,9,1,83,119,2017,6,20,7,3,5,3,0,1,0,0,0,0,0,7.36182E+20,5.3394E+21,1.21764E+16,4.81639E+16
174902,9.1706E+18,9,1,83,123,2017,6,18,7,3,8,7,0,1,0,0,0,0,0,7.37748E+20,5.34072E+21,1.21982E+16,4.81752E+16
174903,9.1706E+18,9,1,89,140,2017,6,11,7,2,6,7,0,1,1,0,0,0,0,7.73106E+20,5.29632E+21,1.26447E+16,4.77624E+16
174904,9.1706E+18,9,1,83,144,2017,6,20,7,3,0,1,1,0,0,0,0,0,0,7.41524E+20,5.35155E+21,1.22551E+16,4.8271E+16
174905,9.1706E+18,9,1,72,118,2017,6,18,7,3,0,6,1,1,0,0,0,0,0,7.97524E+20,5.30696E+21,1.29771E+16,4.7847E+16
174906,9.1706E+18,9,1,72,116,2017,6,11,7,3,0,1,1,0,0,0,0,0,0,8.00772E+20,5.283E+21,1.30038E+16,4.76305E+16
174907,9.1706E+18,9,1,72,114,2017,6,16,7,3,8,7,1,0,0,0,0,0,0,7.94266E+20,5.29758E+21,1.29273E+16,4.77644E+16
174908,9.1706E+18,9,1,63,0,2017,6,6,7,3,9,1,0,1,0,0,0,0,0,7.33939E+20,5.30541E+21,1.21278E+16,4.78594E+16
174909,9.1706E+18,9,1,87,138,2017,6,13,7,2,0,7,0,1,0,0,0,0,0,7.55068E+20,5.31014E+21,1.24126E+16,4.78938E+16
174910,9.1706E+18,9,1,87,130,2017,6,12,7,3,3,6,1,0,0,0,0,0,0,7.13383E+20,5.30864E+21,1.18549E+16,4.78956E+16
174911,9.1706E+18,9,1,61,0,2017,6,16,7,3,1,5,1,1,0,0,0,0,0,6.76482E+20,5.40435E+21,1.14018E+16,4.87672E+16
174912,9.1706E+18,9,1,76,139,2017,6,15,7,3,5,2,1,1,0,0,0,0,0,6.83348E+20,5.40938E+21,1.14974E+16,4.88103E+16
174913,9.1706E+18,9,1,88,126,2017,6,15,7,3,0,7,1,0,0,0,0,0,0,6.58865E+20,5.32406E+21,1.11318E+16,4.805E+16
174914,9.1706E+18,9,1,74,115,2017,6,15,7,3,0,2,1,1,0,0,0,0,0,6.83818E+20,5.34838E+21,1.14768E+16,4.82619E+16
174915,9.1706E+18,9,1,74,147,2017,6,10,7,2,0,1,1,0,0,0,0,0,0,6.71892E+20,5.36711E+21,1.13239E+16,4.84337E+16
174916,9.1706E+18,9,1,74,135,2017,6,9,7,2,8,1,0,0,0,1,0,0,1,6.65438E+20,5.35006E+21,1.123E+16,4.82821E+16
174917,9.1706E+18,9,1,77,117,2017,6,10,7,3,2,6,0,1,0,0,0,0,0,7.14268E+20,5.35428E+21,1.18896E+16,4.83054E+16
174918,9.1706E+18,9,1,62,0,2017,6,13,6,3,5,3,0,1,0,1,0,0,0,6.87479E+20,5.33408E+21,1.15198E+16,4.81323E+16
174919,9.1706E+18,9,1,62,0,2017,6,18,6,3,5,2,0,1,0,1,0,0,0,6.90526E+20,5.3358E+21,1.15615E+16,4.81469E+16
174920,9.1706E+18,9,1,62,0,2017,6,9,6,3,3,2,1,1,0,0,0,0,0,6.92196E+20,5.33701E+21,1.15845E+16,4.81573E+16
174921,9.1706E+18,9,1,62,0,2017,6,20,6,3,4,2,0,1,0,0,0,0,0,6.89697E+20,5.33191E+21,1.15486E+16,4.81121E+16
174922,9.1706E+18,9,1,62,0,2017,6,16,6,3,5,3,1,0,0,0,1,0,0,6.90164E+20,5.33525E+21,1.15564E+16,4.81421E+16
174923,9.1706E+18,9,1,62,0,2017,6,14,6,3,0,7,1,0,0,0,0,0,0,6.88335E+20,5.34095E+21,1.15343E+16,4.81939E+16
174924,9.1706E+18,9,1,62,0,2017,6,11,6,3,6,2,0,0,1,0,1,0,0,6.90959E+20,5.3408E+21,1.15696E+16,4.81917E+16
174925,9.1706E+18,9,1,62,0,2017,6,9,6,2,4,7,0,1,0,1,0,0,0,6.95234E+20,5.3361E+21,1.16249E+16,4.81481E+16
174926,9.1706E+18,9,1,62,0,2017,6,8,6,3,3,6,1,0,0,0,1,0,0,6.93193E+20,5.33448E+21,1.15967E+16,4.81342E+16
174927,9.1706E+18,9,1,84,119,2017,6,10,6,3,8,7,1,0,0,0,0,0,0,6.97162E+20,5.3477E+21,1.16561E+16,4.82519E+16
174928,9.1706E+18,9,1,62,0,2017,6,14,6,3,2,6,0,1,0,0,0,0,0,6.90749E+20,5.34275E+21,1.15676E+16,4.82092E+16
174929,9.1706E+18,9,1,62,0,2017,6,16,6,3,5,3,1,1,0,0,0,0,0,6.88413E+20,5.33622E+21,1.15333E+16,4.81513E+16
174930,9.1706E+18,9,1,84,148,2017,6,16,6,2,0,1,1,0,0,0,0,0,0,6.94605E+20,5.32615E+21,1.16119E+16,4.80589E+16
174931,9.1706E+18,9,1,62,0,2017,6,16,6,3,5,3,1,1,0,0,0,0,0,6.89882E+20,5.33446E+21,1.15522E+16,4.8135E+16
174932,9.1706E+18,9,1,62,0,2017,6,8,6,3,3,7,0,1,0,1,0,0,0,6.91983E+20,5.33625E+21,1.15813E+16,4.81505E+16
174933,9.1706E+18,9,7,74,135,2017,6,14,6,3,5,3,1,1,0,0,0,0,0,5.93746E+20,5.3673E+21,1.02678E+16,4.84519E+16
174934,9.1706E+18,9,7,78,203,2017,6,12,6,3,5,3,1,1,0,0,0,0,1,6.22402E+20,5.32432E+21,1.06428E+16,4.80604E+16
174935,9.1706E+18,9,7,78,116,2017,6,14,6,3,5,3,1,1,0,0,0,0,0,6.18811E+20,5.31785E+21,1.05928E+16,4.80029E+16
174936,9.1706E+18,9,7,80,139,2017,6,14,6,3,6,7,0,1,1,0,0,0,0,5.94928E+20,5.26406E+21,1.0261E+16,4.7523E+16
174937,9.1706E+18,9,7,76,128,2017,6,12,6,3,0,1,1,0,0,0,0,0,0,5.48176E+20,5.26856E+21,9.64051E+15,4.75686E+16
174938,9.1706E+18,9,7,77,138,2017,6,15,6,2,8,1,0,0,0,1,0,0,1,6.07432E+20,5.29777E+21,1.04353E+16,4.78243E+16
174939,9.1706E+18,9,7,77,124,2017,6,7,6,3,5,3,0,1,0,1,0,0,0,6.09425E+20,5.30668E+21,1.04642E+16,4.79041E+16
174940,9.1706E+18,9,7,79,131,2017,6,7,6,3,5,3,1,0,0,0,0,0,0,6.30383E+20,5.39845E+21,1.07729E+16,4.87254E+16
174941,9.1706E+18,9,7,79,131,2017,6,14,6,3,5,3,0,1,0,0,0,0,0,6.30664E+20,5.39916E+21,1.07769E+16,4.87317E+16
174942,9.1706E+18,9,7,71,130,2017,6,22,6,2,4,2,0,1,0,0,0,2,0,6.45645E+20,5.35748E+21,1.0966E+16,4.83537E+16
174943,9.1706E+18,9,7,61,0,2017,6,14,6,3,5,2,0,1,0,1,0,0,0,6.38483E+20,5.35933E+21,1.087E+16,4.8372E+16
174944,9.1706E+18,9,7,61,0,2017,6,12,6,3,0,7,0,1,0,0,1,0,0,6.41777E+20,5.36019E+21,1.09147E+16,4.83789E+16
174945,9.1706E+18,9,7,61,0,2017,6,14,6,3,0,1,1,0,0,0,0,0,0,6.41543E+20,5.35458E+21,1.09097E+16,4.83285E+16
174946,9.1706E+18,9,7,61,0,2017,6,10,6,3,6,7,0,1,1,0,0,0,0,6.41023E+20,5.35145E+21,1.09016E+16,4.83005E+16
174947,9.1706E+18,9,7,61,0,2017,6,7,6,3,0,7,1,0,0,0,0,0,0,6.39719E+20,5.3563E+21,1.08856E+16,4.83444E+16
174948,9.1706E+18,9,7,61,0,2017,6,16,6,3,3,2,0,1,0,0,1,0,0,6.40022E+20,5.35923E+21,1.08907E+16,4.83707E+16
174949,9.1706E+18,9,7,61,0,2017,6,9,6,3,3,2,1,1,0,0,0,0,0,6.39968E+20,5.35918E+21,1.089E+16,4.83703E+16
174950,9.1706E+18,9,6,63,0,2017,6,19,6,3,4,2,0,1,0,0,0,0,0,5.69438E+20,5.51642E+21,9.96484E+15,4.97962E+16
174951,9.1706E+18,9,6,63,0,2017,6,13,6,3,6,7,0,0,1,0,1,0,0,5.67241E+20,5.51673E+21,9.93436E+15,4.97993E+16
174952,9.1706E+18,9,6,72,114,2017,6,16,6,3,6,4,0,1,1,0,0,0,0,5.75701E+20,5.56024E+21,1.00605E+16,5.01896E+16
174953,9.1706E+18,9,6,78,193,2017,6,18,6,3,0,5,0,1,0,0,1,0,0,5.78333E+20,5.53687E+21,1.00925E+16,4.9979E+16
174954,9.1706E+18,9,6,62,0,2017,6,16,6,3,2,2,0,1,0,0,0,0,0,5.86774E+20,5.54439E+21,1.02119E+16,5.00454E+16
174955,9.1706E+18,9,6,61,0,2017,6,8,6,3,3,5,1,1,0,0,0,0,0,5.10586E+20,5.53621E+21,9.14764E+15,4.99781E+16
174956,9.1706E+18,9,5,62,0,2017,6,11,6,3,5,3,1,0,0,0,0,0,0,6.46132E+20,5.49529E+21,1.10221E+16,4.95925E+16
174957,9.1706E+18,9,5,72,131,2017,6,10,6,3,0,6,1,0,1,0,0,0,0,6.55595E+20,5.48824E+21,1.11501E+16,4.95267E+16
174958,9.1706E+18,9,5,74,138,2017,6,17,6,2,0,1,1,0,0,0,0,0,0,6.65322E+20,5.48626E+21,1.12836E+16,4.95064E+16
174959,9.1706E+18,9,5,74,138,2017,6,15,6,3,5,3,1,1,0,0,0,0,0,6.64923E+20,5.48592E+21,1.1278E+16,4.95035E+16
174960,9.1706E+18,9,5,64,0,2017,6,18,6,2,4,2,0,1,0,1,0,0,0,6.48537E+20,5.47981E+21,1.10495E+16,4.94528E+16
174961,9.1706E+18,9,5,64,0,2017,6,23,6,3,1,1,0,1,0,0,0,2,0,6.52015E+20,5.4798E+21,1.10975E+16,4.94518E+16
174962,9.1706E+18,9,5,64,0,2017,6,19,6,3,0,1,1,0,0,0,0,0,0,6.50793E+20,5.47856E+21,1.10801E+16,4.9441E+16
174963,9.1706E+18,9,5,64,0,2017,6,12,6,3,4,6,0,1,0,1,0,0,0,6.51123E+20,5.47582E+21,1.10836E+16,4.94163E+16
174964,9.1706E+18,9,5,75,161,2017,6,22,6,2,8,1,0,0,0,1,0,2,0,6.06227E+20,5.50069E+21,1.04716E+16,4.96494E+16
174965,9.1706E+18,9,5,71,224,2017,6,19,6,3,4,6,0,1,0,0,1,0,0,6.02927E+20,5.43318E+21,1.04084E+16,4.90429E+16
174966,9.1706E+18,9,5,61,0,2017,6,7,6,3,5,3,1,1,0,0,0,0,0,6.15321E+20,5.46238E+21,1.05863E+16,4.93033E+16
174967,9.1706E+18,9,4,79,169,2017,6,1,6,3,6,7,0,1,1,0,0,2,0,7.1288E+20,5.54598E+21,1.19724E+16,5.00281E+16
174968,9.1706E+18,9,4,75,169,2017,6,16,6,3,0,7,1,0,0,0,0,0,0,6.87159E+20,5.57353E+21,1.16272E+16,5.02842E+16
174969,9.1706E+18,9,4,79,152,2017,6,13,6,3,4,2,0,1,0,1,0,0,0,7.23128E+20,5.56259E+21,1.21249E+16,5.01735E+16
174970,9.1706E+18,9,4,75,162,2017,6,13,6,3,5,3,0,1,0,0,0,0,0,7.16135E+20,5.57026E+21,1.20315E+16,5.02449E+16
174971,9.1706E+18,9,4,62,0,2017,6,11,6,3,5,2,0,1,0,0,0,0,0,6.86161E+20,5.53516E+21,1.15945E+16,4.99398E+16
174972,9.1706E+18,9,4,62,0,2017,6,15,6,3,5,3,0,1,0,0,0,0,0,6.84747E+20,5.53603E+21,1.15752E+16,4.9948E+16
174973,9.1706E+18,9,4,74,126,2017,6,17,6,3,2,6,0,1,0,0,1,0,0,6.4909E+20,5.50835E+21,1.10679E+16,4.97092E+16