OBJECTID,UIDENTSTLA,ULAND,UREGBEZ,UKREIS,UGEMEINDE,UJAHR,UMONAT,USTUNDE,UWOCHENTAG,UKATEGORIE,UART,UTYP1,IstRad,IstPKW,IstFuss,IstKrad,IstSonstig,LICHT,STRZUSTAND,LINREFX,LINREFY,XGCSWGS84,YGCSWGS84
174974,9.1706E+18,9,4,71,145,2017,6,14,6,3,5,3,1,1,0,0,0,0,0,6.42752E+20,5.51975E+21,1.09843E+16,4.98132E+16
174975,9.1706E+18,9,4,61,0,2017,6,23,6,2,8,7,1,0,0,0,0,2,0,6.35447E+20,5.52811E+21,1.08857E+16,4.98901E+16
174976,9.1706E+18,9,4,61,0,2017,6,7,6,3,5,3,1,1,0,0,0,0,0,6.36887E+20,5.52904E+21,1.09061E+16,4.98981E+16
174977,9.1706E+18,9,3,63,0,2017,6,13,6,3,6,4,0,0,1,0,1,0,0,7.27783E+20,5.50673E+21,1.21571E+16,4.967E+16
174978,9.1706E+18,9,3,77,154,2017,6,16,6,3,5,3,0,1,0,1,0,0,0,7.39896E+20,5.53022E+21,1.23391E+16,4.98762E+16
174979,9.1706E+18,9,3,75,174,2017,6,11,6,3,5,3,1,1,0,0,0,0,0,7.34518E+20,5.43125E+21,1.22059E+16,4.89896E+16
174980,9.1706E+18,9,3,62,0,2017,6,11,6,2,8,7,0,1,0,0,0,0,0,7.24569E+20,5.43156E+21,1.20703E+16,4.8996E+16
174981,9.1706E+18,9,3,62,0,2017,6,11,6,3,2,6,0,1,0,0,0,0,0,7.2829E+20,5.43594E+21,1.21235E+16,4.9034E+16
174982,9.1706E+18,9,3,73,151,2017,6,12,6,3,5,3,1,1,0,0,0,0,0,6.98265E+20,5.44873E+21,1.17195E+16,4.91593E+16
174983,9.1706E+18,9,3,73,155,2017,6,12,6,2,0,1,0,0,0,1,0,0,1,6.72348E+20,5.46536E+21,1.13715E+16,4.93166E+16
174984,9.1706E+18,9,3,73,147,2017,6,19,6,3,5,3,1,1,0,0,0,0,0,6.79164E+20,5.46155E+21,1.14635E+16,4.92804E+16
174985,9.1706E+18,9,2,78,113,2017,6,16,6,2,8,1,0,0,0,1,0,0,0,7.65335E+20,5.41511E+21,1.26158E+16,4.88322E+16
174986,9.1706E+18,9,2,63,0,2017,6,17,6,3,5,3,0,1,0,1,0,0,0,7.63683E+20,5.42105E+21,1.25972E+16,4.88862E+16
174987,9.1706E+18,9,2,71,119,2017,6,15,6,3,5,2,0,1,0,0,0,0,0,7.90436E+20,5.41638E+21,1.2958E+16,4.88324E+16
174988,9.1706E+18,9,2,61,0,2017,6,7,6,3,5,3,1,1,0,0,0,0,0,7.32934E+20,5.38193E+21,1.21563E+16,4.85472E+16
174989,9.1706E+18,9,2,73,111,2017,6,12,6,3,5,3,1,1,0,0,0,0,0,7.12916E+20,5.40993E+21,1.18999E+16,4.88058E+16
174990,9.1706E+18,9,2,73,116,2017,6,20,6,3,7,1,0,1,0,0,0,0,0,7.22524E+20,5.42457E+21,1.20385E+16,4.8934E+16
174991,9.1706E+18,9,2,79,112,2017,6,18,6,3,0,1,1,0,0,0,0,0,0,7.57701E+20,5.39244E+21,1.24978E+16,4.86318E+16
174992,9.1706E+18,9,1,90,139,2017,6,13,6,3,5,3,0,1,0,1,0,0,1,6.54624E+20,5.29608E+21,1.10649E+16,4.77995E+16
174993,9.1706E+18,9,1,89,157,2017,6,17,6,3,0,4,0,0,1,0,1,0,1,7.63972E+20,5.32503E+21,1.25406E+16,4.80239E+16
174994,9.1706E+18,9,1,89,143,2017,6,12,6,3,0,7,1,0,0,0,0,0,0,7.57899E+20,5.31881E+21,1.24555E+16,4.79706E+16
174995,9.1706E+18,9,1,87,177,2017,6,12,6,3,0,1,1,0,0,0,0,0,0,7.35478E+20,5.30543E+21,1.21483E+16,4.7859E+16
174996,9.1706E+18,9,1,87,157,2017,6,11,6,3,0,6,0,1,0,1,0,0,0,7.3789E+20,5.28297E+21,1.21682E+16,4.76564E+16
174997,9.1706E+18,9,1,87,122,2017,6,15,6,3,0,1,1,0,0,0,0,0,0,7.18315E+20,5.30733E+21,1.19201E+16,4.78822E+16
174998,9.1706E+18,9,1,81,130,2017,6,12,6,3,0,7,0,0,0,0,1,0,0,6.40804E+20,5.32405E+21,1.08896E+16,4.80542E+16
174999,9.1706E+18,9,1,79,126,2017,6,8,6,3,8,3,0,1,0,0,0,0,0,6.77393E+20,5.33915E+21,1.13865E+16,4.81808E+16
175000,9.1706E+18,9,1,74,137,2017,6,14,6,3,0,1,0,0,0,1,0,0,0,6.57688E+20,5.35222E+21,1.11265E+16,4.83035E+16
175001,9.1706E+18,9,1,75,132,2017,6,13,6,3,5,3,1,1,0,0,0,0,0,7.07016E+20,5.33161E+21,1.17809E+16,4.81041E+16
175002,9.1706E+18,9,1,78,124,2017,6,9,6,2,5,3,1,1,0,0,0,0,0,7.02599E+20,5.36521E+21,1.17377E+16,4.84074E+16
175003,9.1706E+18,9,1,62,0,2017,6,19,5,3,5,2,1,1,0,0,0,0,0,6.86787E+20,5.33912E+21,1.15127E+16,4.81778E+16
175004,9.1706E+18,9,1,84,130,2017,6,8,5,3,4,3,0,1,0,0,0,0,0,6.99279E+20,5.34514E+21,1.16834E+16,4.82281E+16
175005,9.1706E+18,9,1,62,0,2017,6,1,5,3,0,7,1,0,0,0,0,2,0,6.90874E+20,5.33436E+21,1.15655E+16,4.81338E+16
175006,9.1706E+18,9,1,62,0,2017,6,17,5,3,5,2,1,1,0,0,0,0,0,6.9231E+20,5.33813E+21,1.15865E+16,4.81673E+16
175007,9.1706E+18,9,1,62,0,2017,6,10,5,3,1,6,0,1,0,0,0,0,0,6.93866E+20,5.33311E+21,1.16051E+16,4.81217E+16
175008,9.1706E+18,9,1,62,0,2017,6,14,5,2,5,3,1,1,0,0,0,0,0,6.88288E+20,5.33049E+21,1.15291E+16,4.80999E+16
175009,9.1706E+18,9,1,62,0,2017,6,8,5,3,0,5,1,1,0,0,0,0,0,6.90849E+20,5.33485E+21,1.15654E+16,4.81383E+16
175010,9.1706E+18,9,1,62,0,2017,6,18,5,3,0,7,1,0,0,0,0,0,0,6.89969E+20,5.33886E+21,1.15554E+16,4.81746E+16
175011,9.1706E+18,9,1,62,0,2017,6,7,5,2,5,6,0,1,0,1,0,0,0,6.89795E+20,5.34318E+21,1.1555E+16,4.82134E+16
175012,9.1706E+18,9,1,62,0,2017,6,8,5,3,0,7,0,0,0,0,1,0,0,6.90047E+20,5.33293E+21,1.15538E+16,4.81212E+16
175013,9.1706E+18,9,1,62,0,2017,6,18,5,3,0,1,0,0,0,1,1,0,1,6.87309E+20,5.33482E+21,1.15179E+16,4.81391E+16
175014,9.1706E+18,9,1,62,0,2017,6,19,5,3,5,2,1,1,0,0,0,0,0,6.97483E+20,5.33183E+21,1.16531E+16,4.81091E+16
175015,9.1706E+18,9,1,62,0,2017,6,21,5,2,5,3,1,1,0,0,0,2,0,6.90479E+20,5.33664E+21,1.15612E+16,4.81545E+16
175016,9.1706E+18,9,1,62,0,2017,6,15,5,3,4,6,1,0,0,0,0,0,0,6.92106E+20,5.34086E+21,1.1585E+16,4.81919E+16
175017,9.1706E+18,9,1,62,0,2017,6,16,5,3,3,6,0,1,0,1,0,0,0,6.90862E+20,5.3392E+21,1.15675E+16,4.81774E+16
175018,9.1706E+18,9,1,62,0,2017,6,8,5,3,1,6,0,1,0,0,0,0,0,6.90699E+20,5.33812E+21,1.15649E+16,4.81677E+16
175019,9.1706E+18,9,1,62,0,2017,6,8,5,3,5,2,0,1,0,0,0,0,0,6.88287E+20,5.33573E+21,1.15314E+16,4.8147E+16
175020,9.1706E+18,9,1,62,0,2017,6,18,5,3,0,3,1,1,0,0,0,0,0,6.87068E+20,5.32929E+21,1.15122E+16,4.80894E+16
175021,9.1706E+18,9,1,62,0,2017,6,15,5,3,5,3,1,1,0,0,0,0,0,6.97485E+20,5.33057E+21,1.16525E+16,4.80978E+16
175022,9.1706E+18,9,1,62,0,2017,6,20,5,3,5,2,1,1,0,0,0,0,0,6.92969E+20,5.33232E+21,1.15927E+16,4.81149E+16
175023,9.1706E+18,9,1,62,0,2017,6,15,5,3,1,5,1,1,0,0,0,0,0,6.90145E+20,5.33471E+21,1.15559E+16,4.81372E+16
175024,9.1706E+18,9,1,62,0,2017,6,16,5,3,5,3,0,1,0,0,0,0,0,6.90357E+20,5.33351E+21,1.15582E+16,4.81263E+16
175025,9.1706E+18,9,1,62,0,2017,6,11,5,3,3,2,0,1,0,0,1,0,0,6.90664E+20,5.33765E+21,1.15642E+16,4.81635E+16
175026,9.1706E+18,9,1,62,0,2017,6,12,5,3,0,7,1,0,0,0,0,0,0,6.91747E+20,5.33615E+21,1.15781E+16,4.81497E+16
175027,9.1706E+18,9,1,62,0,2017,6,9,5,3,3,6,0,1,0,1,0,0,0,6.91141E+20,5.3356E+21,1.15697E+16,4.81449E+16
175028,9.1706E+18,9,7,75,135,2017,6,21,5,3,0,7,1,0,0,0,0,1,0,5.8131E+20,5.35472E+21,1.00973E+16,4.83405E+16
175029,9.1706E+18,9,7,74,171,2017,6,19,5,2,0,1,1,0,0,0,0,0,0,6.00624E+20,5.37016E+21,1.03615E+16,4.84765E+16
175030,9.1706E+18,9,7,77,151,2017,6,17,5,2,5,3,1,1,0,0,0,0,0,6.20741E+20,5.29277E+21,1.06117E+16,4.7777E+16
175031,9.1706E+18,9,7,62,0,2017,6,14,5,3,6,4,0,1,1,0,0,0,0,6.20591E+20,5.30479E+21,1.0613E+16,4.78851E+16
175032,9.1706E+18,9,7,62,0,2017,6,22,5,3,9,1,0,1,0,0,0,2,0,6.23249E+20,5.3082E+21,1.06496E+16,4.79153E+16
175033,9.1706E+18,9,7,79,194,2017,6,7,5,3,8,1,1,0,0,0,0,0,0,6.08479E+20,5.41306E+21,1.0479E+16,4.8861E+16
175034,9.1706E+18,9,7,79,115,2017,6,18,5,3,5,3,1,1,0,0,0,0,0,6.32872E+20,5.39299E+21,1.0805E+16,4.86758E+16
175035,9.1706E+18,9,7,73,182,2017,6,15,5,3,8,1,1,0,0,0,0,0,0,6.23595E+20,5.38033E+21,1.06752E+16,4.85639E+16
175036,9.1706E+18,9,7,73,144,2017,6,12,5,3,3,2,1,1,0,0,0,0,0,6.063E+20,5.38103E+21,1.04411E+16,4.85733E+16
175037,9.1706E+18,9,7,71,122,2017,6,17,5,3,6,7,0,1,1,0,0,0,0,6.51922E+20,5.36098E+21,1.10519E+16,4.83837E+16
175038,9.1706E+18,9,7,61,0,2017,6,16,5,3,5,2,1,1,0,0,0,0,0,6.40949E+20,5.3572E+21,1.09025E+16,4.83522E+16
175039,9.1706E+18,9,7,61,0,2017,6,14,5,3,1,7,0,1,0,0,0,0,0,6.38423E+20,5.35826E+21,1.08688E+16,4.83623E+16
175040,9.1706E+18,9,7,61,0,2017,6,7,5,3,6,4,0,0,1,1,0,0,0,6.41332E+20,5.36203E+21,1.09093E+16,4.83956E+16
175041,9.1706E+18,9,7,61,0,2017,6,16,5,3,5,3,0,1,0,0,0,0,0,6.40643E+20,5.35786E+21,1.08986E+16,4.83582E+16
175042,9.1706E+18,9,6,63,0,2017,6,19,5,3,5,3,1,1,0,0,0,0,0,5.67875E+20,5.5166E+21,9.94315E+15,4.9798E+16
175043,9.1706E+18,9,6,63,0,2017,6,11,5,3,0,7,1,1,0,0,0,0,0,5.67202E+20,5.51448E+21,9.93344E+15,4.9779E+16
175044,9.1706E+18,9,6,63,0,2017,6,15,5,3,5,3,0,1,0,0,0,0,0,5.66629E+20,5.51675E+21,9.92587E+15,4.97995E+16
175045,9.1706E+18,9,6,63,0,2017,6,9,5,3,5,3,1,1,0,0,0,0,0,5.64951E+20,5.51663E+21,9.90253E+15,4.97986E+16
175046,9.1706E+18,9,6,77,157,2017,6,18,5,3,5,3,0,1,0,0,0,0,0,5.4385E+20,5.52155E+21,9.60989E+15,4.98448E+16
175047,9.1706E+18,9,6,62,0,2017,6,15,5,3,6,4,0,1,1,0,0,0,0,5.87477E+20,5.54455E+21,1.02218E+16,5.00468E+16
175048,9.1706E+18,9,6,71,121,2017,6,15,5,3,4,6,0,1,0,0,0,0,0,5.1279E+20,5.53827E+21,9.17845E+15,4.99966E+16
175049,9.1706E+18,9,6,71,130,2017,6,16,5,3,0,7,1,0,0,0,0,0,0,5.14434E+20,5.53881E+21,9.20141E+15,5.00015E+16
175050,9.1706E+18,9,5,63,0,2017,6,16,5,3,2,6,0,1,0,0,0,0,0,6.43154E+20,5.48233E+21,1.09762E+16,4.94767E+16
175051,9.1706E+18,9,5,64,0,2017,6,6,5,3,8,7,0,1,0,0,1,0,0,6.56701E+20,5.47436E+21,1.11599E+16,4.94017E+16
175052,9.1706E+18,9,5,64,0,2017,6,9,5,3,4,6,1,0,0,0,0,0,0,6.52156E+20,5.47885E+21,1.1099E+16,4.94433E+16
175053,9.1706E+18,9,5,64,0,2017,6,6,5,3,0,1,1,0,0,0,0,0,0,6.50521E+20,5.48266E+21,1.10779E+16,4.94779E+16
175054,9.1706E+18,9,5,64,0,2017,6,17,5,3,5,3,1,1,0,0,0,0,0,6.53979E+20,5.47397E+21,1.11223E+16,4.93989E+16
175055,9.1706E+18,9,5,64,0,2017,6,19,5,3,5,7,1,1,0,0,0,0,0,6.50864E+20,5.48105E+21,1.10821E+16,4.94633E+16
175056,9.1706E+18,9,5,64,0,2017,6,16,5,3,0,1,1,0,0,0,0,0,0,6.48247E+20,5.48238E+21,1.10465E+16,4.94759E+16
175057,9.1706E+18,9,5,64,0,2017,6,22,5,3,0,3,1,0,0,0,1,2,0,6.51705E+20,5.47994E+21,1.10932E+16,4.94532E+16
175058,9.1706E+18,9,5,73,122,2017,6,7,5,3,0,7,0,1,0,0,0,0,0,6.42413E+20,5.47557E+21,1.09635E+16,4.94161E+16
175059,9.1706E+18,9,5,77,177,2017,6,20,5,3,0,1,1,0,0,0,0,0,0,6.43803E+20,5.43292E+21,1.09674E+16,4.90324E+16
175060,9.1706E+18,9,5,77,122,2017,6,17,5,3,5,3,0,1,0,0,0,0,0,6.31144E+20,5.43517E+21,1.0795E+16,4.90554E+16
175061,9.1706E+18,9,5,75,168,2017,6,15,5,3,5,3,0,1,0,0,0,0,0,5.89941E+20,5.48885E+21,1.02433E+16,4.95456E+16
175062,9.1706E+18,9,4,63,0,2017,6,16,5,1,8,1,1,0,0,0,0,0,0,6.39326E+20,5.56978E+21,1.09549E+16,5.02637E+16
175063,9.1706E+18,9,4,76,145,2017,6,14,5,3,3,2,1,0,0,0,1,0,0,6.6492E+20,5.56528E+21,1.13117E+16,5.02167E+16
175064,9.1706E+18,9,4,63,0,2017,6,21,5,3,0,7,1,0,1,0,0,1,0,6.39671E+20,5.56933E+21,1.09595E+16,5.02596E+16
175065,9.1706E+18,9,4,63,0,2017,6,15,5,3,8,1,0,1,0,0,0,0,0,6.43652E+20,5.56909E+21,1.10153E+16,5.02564E+16
175066,9.1706E+18,9,4,62,0,2017,6,11,5,3,5,2,1,1,0,0,0,0,0,6.84578E+20,5.53515E+21,1.15724E+16,4.99401E+16
175067,9.1706E+18,9,4,72,190,2017,6,8,5,3,5,3,0,1,0,1,0,0,0,6.99741E+20,5.52848E+21,1.17801E+16,4.98754E+16
175068,9.1706E+18,9,4,74,135,2017,6,19,5,2,0,7,1,1,0,0,0,0,0,6.44117E+20,5.50638E+21,1.09983E+16,4.96927E+16
175069,9.1706E+18,9,4,71,123,2017,6,13,5,3,0,7,1,0,0,0,0,0,0,6.45757E+20,5.51866E+21,1.10256E+16,4.98026E+16
175070,9.1706E+18,9,3,75,117,2017,6,16,5,3,5,3,1,1,0,0,0,0,0,7.35339E+20,5.43255E+21,1.22178E+16,4.90009E+16
175071,9.1706E+18,9,3,75,190,2017,6,19,5,2,6,4,0,1,1,0,0,0,0,7.28624E+20,5.44569E+21,1.21336E+16,4.91215E+16
175072,9.1706E+18,9,3,62,0,2017,6,17,5,3,6,7,0,1,1,0,0,0,0,7.26842E+20,5.43368E+21,1.21025E+16,4.90143E+16
175073,9.1706E+18,9,3,62,0,2017,6,22,5,3,9,1,0,0,0,1,0,2,0,7.29988E+20,5.43719E+21,1.21474E+16,4.90446E+16
175074,9.1706E+18,9,3,72,116,2017,6,18,5,3,6,7,0,1,1,0,0,0,0,7.66782E+20,5.45655E+21,1.26627E+16,4.92036E+16
175075,9.1706E+18,9,3,76,170,2017,6,17,5,3,0,1,1,1,0,0,0,0,0,7.23296E+20,5.45664E+21,1.20667E+16,4.92218E+16
175076,9.1706E+18,9,3,61,0,2017,6,7,5,2,6,4,0,1,1,0,0,0,0,7.06734E+20,5.48012E+21,1.18518E+16,4.94385E+16
175077,9.1706E+18,9,2,76,138,2017,6,17,5,3,9,5,0,1,0,0,0,0,0,8.02118E+20,5.43225E+21,1.31285E+16,4.89692E+16
175078,9.1706E+18,9,2,78,187,2017,6,7,5,3,9,7,0,1,0,0,0,0,0,7.78373E+20,5.42598E+21,1.28005E+16,4.89241E+16
175079,9.1706E+18,9,2,61,0,2017,6,7,5,2,2,6,1,0,0,0,0,0,0,7.31908E+20,5.37962E+21,1.21412E+16,4.85268E+16
175080,9.1706E+18,9,2,73,111,2017,6,10,5,3,5,3,0,1,0,0,0,0,0,7.09704E+20,5.41129E+21,1.18569E+16,4.88192E+16
175081,9.1706E+18,9,1,90,139,2017,6,16,5,3,7,1,1,0,0,0,0,0,0,6.54437E+20,5.29586E+21,1.10623E+16,4.77975E+16
175082,9.1706E+18,9,1,89,152,2017,6,13,5,3,5,3,0,1,0,0,0,0,0,7.77176E+20,5.33388E+21,1.27231E+16,4.80978E+16
175083,9.1706E+18,9,1,71,111,2017,6,20,5,3,5,3,0,1,0,1,0,0,0,7.73456E+20,5.34814E+21,1.26823E+16,4.82274E+16
175084,9.1706E+18,9,1,71,127,2017,6,13,5,3,4,6,1,1,0,0,0,0,0,7.66003E+20,5.35749E+21,1.25881E+16,4.83146E+16
175085,9.1706E+18,9,1,63,0,2017,6,21,5,3,0,1,1,0,0,0,0,1,0,7.3422E+20,5.30491E+21,1.21313E+16,4.78548E+16
175086,9.1706E+18,9,1,63,0,2017,6,15,5,2,4,2,0,1,0,1,0,0,0,7.32235E+20,5.3046E+21,1.21046E+16,4.78528E+16
175087,9.1706E+18,9,1,63,0,2017,6,8,5,3,1,7,1,1,0,0,0,0,0,7.33032E+20,5.30556E+21,1.21157E+16,4.78611E+16
175088,9.1706E+18,9,1,87,177,2017,6,9,5,3,0,1,1,0,0,0,0,0,0,7.35465E+20,5.3054E+21,1.21481E+16,4.78588E+16
175089,9.1706E+18,9,1,82,125,2017,6,10,5,2,0,1,0,0,0,1,0,0,1,7.12214E+20,5.29673E+21,1.18334E+16,4.7789E+16
175090,9.1706E+18,9,1,61,0,2017,6,19,5,3,1,5,1,1,0,0,0,0,0,6.72789E+20,5.40291E+21,1.13509E+16,4.87552E+16
175091,9.1706E+18,9,1,61,0,2017,6,17,5,3,5,3,0,1,0,0,0,0,0,6.78562E+20,5.40198E+21,1.1429E+16,4.87452E+16
175092,9.1706E+18,9,1,61,0,2017,6,12,5,3,0,6,0,0,0,1,0,0,0,6.78269E+20,5.40453E+21,1.14261E+16,4.87682E+16
175093,9.1706E+18,9,1,61,0,2017,6,11,5,3,5,3,1,1,0,0,0,0,0,6.79371E+20,5.40432E+21,1.1441E+16,4.8766E+16
175094,9.1706E+18,9,1,85,158,2017,6,16,5,3,5,3,1,1,0,0,0,0,0,6.67965E+20,5.38138E+21,1.12766E+16,4.8563E+16
175095,9.1706E+18,9,1,85,166,2017,6,18,5,3,4,6,1,0,0,0,0,0,0,6.72804E+20,5.38333E+21,1.1343E+16,4.85792E+16
175096,9.1706E+18,9,1,85,149,2017,6,7,5,2,1,7,1,1,0,0,0,0,0,6.61118E+20,5.39925E+21,1.11908E+16,4.87255E+16
175097,9.1706E+18,9,1,61,0,2017,6,19,5,3,5,3,1,1,0,0,0,0,0,6.79477E+20,5.40374E+21,1.14422E+16,4.87608E+16
175098,9.1706E+18,9,1,79,145,2017,6,18,5,3,0,7,1,0,0,0,0,0,0,6.74837E+20,5.33809E+21,1.13517E+16,4.81719E+16
175099,9.1706E+18,9,1,79,145,2017,6,7,5,3,4,6,0,1,0,1,0,0,0,6.75861E+20,5.33895E+21,1.13658E+16,4.81794E+16
175100,9.1706E+18,9,1,88,121,2017,6,4,5,3,1,5,0,1,0,0,0,1,0,6.70362E+20,5.33175E+21,1.1289E+16,4.81162E+16
175101,9.1706E+18,9,1,79,121,2017,6,15,5,2,6,7,0,1,1,0,0,0,0,6.65697E+20,5.33698E+21,1.12284E+16,4.81645E+16
175102,9.1706E+18,9,1,75,132,2017,6,18,5,3,5,3,0,1,0,0,0,0,0,7.05643E+20,5.33589E+21,1.17645E+16,4.8143E+16
175103,9.1706E+18,9,1,78,124,2017,6,13,5,3,2,6,0,1,0,0,0,0,0,7.02638E+20,5.36439E+21,1.17378E+16,4.84001E+16
175104,9.1706E+18,9,1,78,140,2017,6,18,5,3,0,1,1,0,0,0,0,0,0,7.06812E+20,5.3671E+21,1.17955E+16,4.84231E+16
175105,9.17053E+18,9,1,62,0,2017,5,18,4,3,6,4,0,1,1,0,0,0,0,6.84807E+20,5.32925E+21,1.14818E+16,4.80897E+16
175106,9.17053E+18,9,1,62,0,2017,5,19,4,3,5,2,1,1,0,0,0,0,0,6.91028E+20,5.33509E+21,1.15679E+16,4.81404E+16
175107,9.17053E+18,9,1,62,0,2017,5,11,4,3,0,7,1,0,0,0,0,0,0,6.89646E+20,5.33473E+21,1.15492E+16,4.81376E+16
175108,9.17053E+18,9,1,62,0,2017,5,23,4,3,0,1,0,1,0,1,0,2,0,6.90328E+20,5.3432E+21,1.15622E+16,4.82135E+16
175109,9.17053E+18,9,1,62,0,2017,5,5,4,3,0,7,0,0,0,1,0,0,1,6.9169E+20,5.33372E+21,1.15762E+16,4.81279E+16
175110,9.17053E+18,9,1,84,149,2017,5,13,4,3,5,3,0,1,0,0,0,0,0,6.91541E+20,5.35124E+21,1.15821E+16,4.82854E+16
175111,9.17053E+18,9,1,62,0,2017,5,14,4,3,0,7,0,1,0,0,1,0,0,6.925E+20,5.34089E+21,1.15903E+16,4.8192E+16
175112,9.17053E+18,9,1,62,0,2017,5,19,4,3,6,4,0,1,1,0,0,0,0,6.87985E+20,5.33777E+21,1.15282E+16,4.81653E+16
175113,9.17053E+18,9,1,62,0,2017,5,15,4,3,0,7,1,1,0,0,0,0,0,6.85272E+20,5.3327E+21,1.14896E+16,4.81206E+16
175114,9.17053E+18,9,1,62,0,2017,5,21,4,2,0,1,1,0,0,0,0,1,0,6.86718E+20,5.33028E+21,1.15079E+16,4.80984E+16
175115,9.17053E+18,9,1,62,0,2017,5,18,4,3,0,5,1,1,0,0,0,0,0,6.86315E+20,5.32816E+21,1.15016E+16,4.80795E+16
175116,9.17053E+18,9,1,62,0,2017,5,18,4,3,5,7,1,1,0,0,0,0,0,6.96093E+20,5.33009E+21,1.16336E+16,4.80939E+16
175117,9.17053E+18,9,1,62,0,2017,5,22,4,3,5,2,1,1,0,0,0,2,0,6.93366E+20,5.33101E+21,1.15975E+16,4.81029E+16
175118,9.17053E+18,9,1,62,0,2017,5,17,4,3,3,6,0,1,0,0,1,0,0,6.95588E+20,5.33671E+21,1.16299E+16,4.81535E+16
175119,9.17053E+18,9,1,62,0,2017,5,12,4,3,3,2,0,1,0,1,0,0,0,6.93372E+20,5.33505E+21,1.15994E+16,4.81393E+16
175120,9.17053E+18,9,1,62,0,2017,5,8,4,3,5,2,1,1,0,0,0,0,0,6.93475E+20,5.33354E+21,1.16001E+16,4.81257E+16
175121,9.17053E+18,9,1,62,0,2017,5,7,4,2,0,1,1,0,0,0,0,0,1,6.92524E+20,5.33413E+21,1.15876E+16,4.81313E+16
175122,9.17053E+18,9,1,62,0,2017,5,12,4,3,5,2,1,1,0,0,0,0,0,6.92198E+20,5.33701E+21,1.15845E+16,4.81572E+16
175123,9.17053E+18,9,1,62,0,2017,5,23,4,3,0,1,1,0,0,0,0,2,0,6.92242E+20,5.33856E+21,1.15858E+16,4.81711E+16
175124,9.17053E+18,9,1,62,0,2017,5,12,4,3,5,2,0,1,0,1,0,0,0,6.90597E+20,5.33724E+21,1.15631E+16,4.81598E+16
175125,9.17053E+18,9,1,62,0,2017,5,16,4,3,2,6,0,1,0,0,1,0,0,6.92699E+20,5.3354E+21,1.15905E+16,4.81427E+16
175126,9.17053E+18,9,1,62,0,2017,5,15,4,3,0,1,1,0,0,0,0,0,0,6.91344E+20,5.33408E+21,1.15717E+16,4.81312E+16
175127,9.1706E+18,9,5,62,0,2017,6,11,7,2,0,7,1,0,0,0,1,0,0,6.44912E+20,5.49556E+21,1.10053E+16,4.95952E+16
175128,9.17061E+18,9,5,71,137,2017,6,20,5,2,8,1,0,0,0,1,0,0,0,5.95032E+20,5.45596E+21,1.03058E+16,4.9249E+16
175129,9.17061E+18,9,4,79,152,2017,6,10,5,3,4,7,1,0,0,0,0,0,0,7.23234E+20,5.56261E+21,1.21264E+16,5.01736E+16
175130,9.17061E+18,9,4,73,159,2017,6,9,5,2,4,2,1,1,0,0,0,0,0,6.45783E+20,5.57264E+21,1.10465E+16,5.02879E+16
175131,9.17061E+18,9,4,63,0,2017,6,17,5,3,0,5,1,1,0,0,0,0,0,6.40064E+20,5.57092E+21,1.09656E+16,5.02737E+16
175132,9.17061E+18,9,5,72,135,2017,6,17,5,3,8,6,0,1,0,0,0,0,0,6.33005E+20,5.50797E+21,1.08448E+16,4.97095E+16
175133,9.17061E+18,9,4,62,0,2017,6,12,5,3,5,7,0,1,0,0,0,0,0,6.88247E+20,5.53722E+21,1.16245E+16,4.99576E+16
175134,9.17061E+18,9,3,74,118,2017,6,19,5,3,5,3,0,1,0,1,0,0,0,7.54579E+20,5.49822E+21,1.25222E+16,4.95829E+16
175135,9.17061E+18,9,3,61,0,2017,6,15,5,3,3,3,1,1,0,0,0,0,0,7.08285E+20,5.48029E+21,1.18732E+16,4.94395E+16
175136,9.17061E+18,9,2,63,0,2017,6,11,5,3,0,6,0,1,0,1,0,0,0,7.61887E+20,5.42078E+21,1.25726E+16,4.88846E+16
175137,9.17061E+18,9,5,62,0,2017,6,20,5,3,1,5,1,1,0,0,0,0,0,6.44479E+20,5.49632E+21,1.09996E+16,4.96022E+16
175138,9.17061E+18,9,5,65,0,2017,6,11,5,2,0,7,1,0,0,0,0,0,0,6.47866E+20,5.46445E+21,1.10345E+16,4.93149E+16
175139,9.17061E+18,9,5,74,112,2017,6,9,5,2,6,4,0,1,1,0,0,0,0,6.70907E+20,5.47316E+21,1.1355E+16,4.93871E+16
175140,9.17061E+18,9,5,64,0,2017,6,18,5,3,6,4,0,1,1,0,0,0,0,6.5013E+20,5.48087E+21,1.10719E+16,4.94619E+16
175141,9.17061E+18,9,5,64,0,2017,6,16,5,3,6,1,0,1,1,0,0,0,0,6.50988E+20,5.47804E+21,1.10826E+16,4.94362E+16
175142,9.17061E+18,9,5,64,0,2017,6,10,5,2,3,6,0,1,0,1,0,0,0,6.52017E+20,5.47946E+21,1.10973E+16,4.94488E+16
175143,9.17061E+18,9,2,63,0,2017,6,16,5,3,5,2,1,1,0,0,0,0,0,7.644E+20,5.42041E+21,1.26065E+16,4.88802E+16
175144,9.17061E+18,9,2,76,142,2017,6,14,5,2,0,1,1,0,0,0,0,0,0,7.91401E+20,5.4328E+21,1.29828E+16,4.89793E+16
175145,9.17061E+18,9,5,64,0,2017,6,13,5,3,0,2,1,1,0,0,0,0,0,6.4828E+20,5.47976E+21,1.10459E+16,4.94524E+16
175146,9.17061E+18,9,5,64,0,2017,6,19,5,3,0,2,0,1,0,1,0,0,0,6.48537E+20,5.47982E+21,1.10495E+16,4.94528E+16