OBJECTID,UIDENTSTLA,ULAND,UREGBEZ,UKREIS,UGEMEINDE,UJAHR,UMONAT,USTUNDE,UWOCHENTAG,UKATEGORIE,UART,UTYP1,IstRad,IstPKW,IstFuss,IstKrad,IstSonstig,LICHT,STRZUSTAND,LINREFX,LINREFY,XGCSWGS84,YGCSWGS84
175147,9.17061E+18,9,5,71,181,2017,6,17,5,2,9,1,1,0,0,0,0,0,0,5.88163E+20,5.47086E+21,1.02147E+16,4.93841E+16
175148,9.17061E+18,9,2,62,0,2017,6,23,5,3,0,7,1,0,0,0,0,2,0,8.29554E+20,5.38981E+21,1.34683E+16,4.85745E+16
175149,9.17061E+18,9,2,62,0,2017,6,17,5,2,0,7,1,0,0,0,1,0,0,8.27177E+20,5.39295E+21,1.34386E+16,4.8604E+16
175150,9.17061E+18,9,2,72,147,2017,6,18,5,3,0,7,0,1,0,0,0,0,0,8.18249E+20,5.41887E+21,1.33379E+16,4.88411E+16
175151,9.17061E+18,9,1,90,154,2017,6,21,5,3,0,7,0,0,0,1,1,0,0,6.39071E+20,5.28434E+21,1.08536E+16,4.76974E+16
175152,9.17061E+18,9,1,88,139,2017,6,18,5,3,5,7,1,0,0,1,0,0,0,6.72926E+20,5.31983E+21,1.13186E+16,4.80084E+16
175153,9.17061E+18,9,1,79,118,2017,6,22,5,3,2,6,0,0,0,1,0,2,0,6.72197E+20,5.33649E+21,1.13156E+16,4.81583E+16
175154,9.17061E+18,9,1,81,130,2017,6,17,5,3,5,2,0,1,0,0,0,0,0,6.39001E+20,5.32496E+21,1.08657E+16,4.80628E+16
175155,9.17061E+18,9,1,88,126,2017,6,16,5,3,5,2,1,0,0,0,0,0,0,6.6122E+20,5.3256E+21,1.1164E+16,4.80633E+16
175156,9.17061E+18,9,1,79,121,2017,6,6,5,3,6,4,0,1,1,0,0,0,0,6.67656E+20,5.33852E+21,1.12554E+16,4.81778E+16
175157,9.17061E+18,9,1,74,115,2017,6,16,5,3,5,3,1,1,0,0,0,0,0,6.82689E+20,5.34775E+21,1.14614E+16,4.82566E+16
175158,9.17061E+18,9,1,78,145,2017,6,21,5,3,2,6,0,1,0,0,0,0,0,6.97777E+20,5.35883E+21,1.16696E+16,4.83517E+16
175159,9.17061E+18,9,1,62,0,2017,6,15,4,3,5,3,1,1,0,0,0,0,0,6.98588E+20,5.33261E+21,1.16683E+16,4.81157E+16
175160,9.17061E+18,9,1,62,0,2017,6,8,4,2,5,2,0,1,0,1,0,0,0,6.87108E+20,5.338E+21,1.15165E+16,4.81677E+16
175161,9.17061E+18,9,1,62,0,2017,6,20,4,3,5,3,1,0,1,0,0,0,0,6.90559E+20,5.34306E+21,1.15652E+16,4.82122E+16
175162,9.17061E+18,9,1,62,0,2017,6,17,4,3,2,6,0,1,0,1,0,0,0,6.91412E+20,5.34089E+21,1.15757E+16,4.81923E+16
175163,9.17061E+18,9,1,62,0,2017,6,14,4,3,0,6,1,0,0,0,1,0,0,6.92262E+20,5.33725E+21,1.15855E+16,4.81594E+16
175164,9.17061E+18,9,1,62,0,2017,6,9,4,3,4,6,1,0,0,0,0,0,0,6.90352E+20,5.33586E+21,1.15592E+16,4.81475E+16
175165,9.17061E+18,9,1,62,0,2017,6,20,4,2,3,2,1,0,0,0,0,0,0,6.88017E+20,5.33192E+21,1.15261E+16,4.81128E+16
175166,9.17061E+18,9,1,62,0,2017,6,8,4,3,5,5,1,1,0,0,0,0,0,6.86098E+20,5.33793E+21,1.1503E+16,4.81674E+16
175167,9.17061E+18,9,1,62,0,2017,6,16,4,3,2,6,1,0,0,0,0,0,0,6.89991E+20,5.33594E+21,1.15544E+16,4.81483E+16
175168,9.17061E+18,9,1,62,0,2017,6,8,4,3,6,7,1,0,1,0,0,0,0,6.87411E+20,5.33566E+21,1.15196E+16,4.81466E+16
175169,9.17061E+18,9,1,62,0,2017,6,11,4,3,3,6,0,1,0,1,0,0,0,6.98794E+20,5.33325E+21,1.16713E+16,4.81215E+16
175170,9.17061E+18,9,1,62,0,2017,6,11,4,3,5,7,1,0,0,0,0,0,0,6.96985E+20,5.33091E+21,1.1646E+16,4.81009E+16
175171,9.17061E+18,9,1,62,0,2017,6,22,4,3,5,3,1,1,0,0,0,2,0,6.96565E+20,5.33264E+21,1.16411E+16,4.81167E+16
175172,9.17061E+18,9,1,62,0,2017,6,6,4,3,0,1,1,0,0,0,0,0,0,6.95682E+20,5.32984E+21,1.1628E+16,4.80918E+16
175173,9.17061E+18,9,1,62,0,2017,6,11,4,2,2,6,0,0,0,1,1,0,0,6.92501E+20,5.33264E+21,1.15866E+16,4.81179E+16
175174,9.17061E+18,9,1,62,0,2017,6,18,4,3,4,2,1,1,0,0,0,0,0,6.96696E+20,5.33777E+21,1.16453E+16,4.81627E+16
175175,9.17061E+18,9,1,62,0,2017,6,10,4,3,2,6,0,1,0,0,0,0,0,6.91017E+20,5.33741E+21,1.15688E+16,4.81612E+16
175176,9.17061E+18,9,7,78,123,2017,6,18,4,2,4,2,1,1,0,0,0,0,0,5.84573E+20,5.31703E+21,1.01338E+16,4.8001E+16
175177,9.17061E+18,9,7,80,124,2017,6,7,4,3,5,2,0,1,0,0,0,0,1,5.91782E+20,5.26794E+21,1.022E+16,4.75584E+16
175178,9.17061E+18,9,7,61,0,2017,6,12,4,3,0,7,0,1,0,0,1,0,0,6.38197E+20,5.35778E+21,1.08656E+16,4.8358E+16
175179,9.17061E+18,9,7,61,0,2017,6,19,4,2,3,2,0,0,0,1,1,0,0,6.38466E+20,5.36037E+21,1.08701E+16,4.83813E+16
175180,9.17061E+18,9,7,61,0,2017,6,18,4,3,0,7,1,0,0,0,0,0,0,6.40453E+20,5.35367E+21,1.08947E+16,4.83206E+16
175181,9.17061E+18,9,7,61,0,2017,6,7,4,3,5,3,1,1,0,0,0,0,1,6.42225E+20,5.35896E+21,1.09203E+16,4.83678E+16
175182,9.17061E+18,9,7,72,163,2017,6,14,4,3,0,1,0,0,0,1,0,0,1,6.39711E+20,5.34655E+21,1.08823E+16,4.82567E+16
175183,9.17061E+18,9,7,61,0,2017,6,16,4,3,3,5,1,1,0,0,0,0,1,6.40799E+20,5.35772E+21,1.09007E+16,4.8357E+16
175184,9.17061E+18,9,6,63,0,2017,6,12,4,3,5,3,0,1,0,1,0,0,0,5.6805E+20,5.51591E+21,9.94547E+15,4.97918E+16
175185,9.17061E+18,9,6,63,0,2017,6,6,4,3,6,7,0,1,1,1,1,0,0,5.70668E+20,5.51706E+21,9.98204E+15,4.98018E+16
175186,9.17061E+18,9,6,75,174,2017,6,17,4,3,5,3,0,1,0,0,0,0,0,5.88753E+20,5.52387E+21,1.02349E+16,4.98607E+16
175187,9.17061E+18,9,6,76,134,2017,6,19,4,2,0,1,1,0,0,0,0,0,0,5.13419E+20,5.51337E+21,9.18636E+15,4.97726E+16
175188,9.17061E+18,9,5,62,0,2017,6,17,4,3,3,2,1,1,0,0,0,0,0,6.45803E+20,5.49378E+21,1.1017E+16,4.95791E+16
175189,9.17061E+18,9,5,74,132,2017,6,16,4,3,5,3,1,1,0,0,0,0,0,6.76237E+20,5.48596E+21,1.14341E+16,4.95006E+16
175190,9.17061E+18,9,5,64,0,2017,6,13,4,3,2,6,0,1,0,0,0,0,0,6.51931E+20,5.47981E+21,1.10963E+16,4.94519E+16
175191,9.17061E+18,9,5,64,0,2017,6,18,4,2,6,4,0,1,1,0,0,0,0,6.51045E+20,5.47853E+21,1.10836E+16,4.94407E+16
175192,9.17061E+18,9,5,64,0,2017,6,16,4,3,5,2,0,1,0,0,0,0,0,6.52333E+20,5.47834E+21,1.11013E+16,4.94386E+16
175193,9.17061E+18,9,5,64,0,2017,6,8,4,3,5,3,0,1,0,1,0,0,0,6.4689E+20,5.47962E+21,1.10267E+16,4.94515E+16
175194,9.17061E+18,9,5,75,112,2017,6,19,4,3,6,4,0,1,1,0,0,0,0,6.02471E+20,5.48434E+21,1.04153E+16,4.9503E+16
175195,9.17061E+18,9,4,79,136,2017,6,23,4,2,5,3,0,1,0,0,0,2,0,7.21467E+20,5.54338E+21,1.20906E+16,5.00016E+16
175196,9.17061E+18,9,4,76,145,2017,6,17,4,3,1,3,1,1,0,0,0,0,1,6.66467E+20,5.56739E+21,1.13343E+16,5.02352E+16
175197,9.17061E+18,9,4,62,0,2017,6,5,4,3,4,2,0,1,0,0,0,0,0,6.86165E+20,5.53515E+21,1.15945E+16,4.99397E+16
175198,9.17061E+18,9,4,71,119,2017,6,15,4,3,5,3,0,1,0,0,0,0,0,6.35982E+20,5.53767E+21,1.08965E+16,4.99759E+16
175199,9.17061E+18,9,4,61,0,2017,6,13,4,3,5,3,0,1,0,1,0,0,0,6.36378E+20,5.52923E+21,1.08991E+16,4.98999E+16
175200,9.17061E+18,9,4,61,0,2017,6,10,4,2,0,7,1,0,0,0,1,0,0,6.36895E+20,5.52956E+21,1.09064E+16,4.99028E+16
175201,9.17061E+18,9,3,75,130,2017,6,11,4,2,6,4,0,1,1,0,0,0,0,7.35305E+20,5.43629E+21,1.22195E+16,4.90345E+16
175202,9.17061E+18,9,3,62,0,2017,6,17,4,3,5,2,0,1,0,0,0,0,0,7.26155E+20,5.4332E+21,1.20928E+16,4.90102E+16
175203,9.17061E+18,9,3,72,177,2017,6,16,4,3,6,4,0,1,1,0,0,0,0,7.71565E+20,5.45149E+21,1.27249E+16,4.91561E+16
175204,9.17061E+18,9,3,72,116,2017,6,8,4,3,5,3,0,1,0,0,0,0,0,7.66754E+20,5.4584E+21,1.26636E+16,4.92202E+16
175205,9.17061E+18,9,2,63,0,2017,6,8,4,3,1,3,1,1,0,0,0,0,0,7.61514E+20,5.41994E+21,1.2567E+16,4.88772E+16
175206,9.17061E+18,9,2,71,119,2017,6,18,4,3,4,6,0,1,0,0,0,0,0,7.94375E+20,5.41263E+21,1.30088E+16,4.87969E+16
175207,9.17061E+18,9,2,75,154,2017,6,14,4,3,8,6,0,1,0,0,1,0,0,8.05438E+20,5.39119E+21,1.31432E+16,4.85991E+16
175208,9.17061E+18,9,2,77,138,2017,6,19,4,3,4,6,1,0,0,0,0,0,0,7.90835E+20,5.37136E+21,1.29318E+16,4.84281E+16
175209,9.17061E+18,9,2,62,0,2017,6,18,4,3,5,3,1,1,0,0,0,0,0,8.28604E+20,5.38918E+21,1.34549E+16,4.85694E+16
175210,9.17061E+18,9,2,62,0,2017,6,8,4,3,1,7,0,1,0,0,1,0,0,8.28636E+20,5.38945E+21,1.34556E+16,4.85718E+16
175211,9.17061E+18,9,2,62,0,2017,6,12,4,3,5,3,1,1,0,0,0,0,0,8.24149E+20,5.39125E+21,1.33963E+16,4.85903E+16
175212,9.17061E+18,9,2,61,0,2017,6,10,4,3,5,3,1,1,0,0,0,0,0,7.31827E+20,5.37972E+21,1.21401E+16,4.85277E+16
175213,9.17061E+18,9,2,61,0,2017,6,21,4,3,0,1,1,0,0,0,0,0,0,7.31751E+20,5.38171E+21,1.21402E+16,4.85456E+16
175214,9.17061E+18,9,2,73,164,2017,6,12,4,3,3,6,0,1,0,1,0,0,0,6.96803E+20,5.4268E+21,1.16888E+16,4.89628E+16
175215,9.17061E+18,9,1,90,157,2017,6,20,4,2,4,1,0,1,0,0,0,0,0,6.59669E+20,5.29899E+21,1.11333E+16,4.78244E+16
175216,9.17061E+18,9,1,83,119,2017,6,13,4,3,0,3,1,1,0,0,0,0,0,7.36152E+20,5.33941E+21,1.2176E+16,4.8164E+16
175217,9.17061E+18,9,1,63,0,2017,6,15,4,3,6,4,1,0,1,0,0,0,0,7.33572E+20,5.30474E+21,1.21225E+16,4.78535E+16
175218,9.17061E+18,9,1,87,122,2017,6,18,4,3,5,3,0,1,0,1,0,0,0,7.20556E+20,5.30792E+21,1.19504E+16,4.78867E+16
175219,9.17061E+18,9,1,79,134,2017,6,7,4,3,1,6,0,1,0,0,1,0,0,6.67727E+20,5.34242E+21,1.12578E+16,4.82128E+16
175220,9.17061E+18,9,1,81,130,2017,6,10,4,2,0,5,1,1,0,0,0,0,0,6.39918E+20,5.32389E+21,1.08776E+16,4.80529E+16
175221,9.17061E+18,9,1,79,145,2017,6,15,4,2,0,7,0,0,0,1,0,0,1,6.74885E+20,5.33514E+21,1.13511E+16,4.81454E+16
175222,9.17061E+18,9,1,79,119,2017,6,15,4,3,5,3,0,1,0,0,0,0,0,6.6938E+20,5.33887E+21,1.12787E+16,4.81805E+16
175223,9.17061E+18,9,1,74,126,2017,6,16,4,3,5,3,1,1,0,0,0,0,0,6.84421E+20,5.34439E+21,1.14832E+16,4.82259E+16
175224,9.17061E+18,9,1,62,0,2017,6,7,3,3,1,5,1,1,0,0,0,0,0,6.89032E+20,5.33479E+21,1.1541E+16,4.81382E+16
175225,9.17061E+18,9,1,62,0,2017,6,10,3,3,3,6,0,1,0,1,0,0,1,6.89648E+20,5.33473E+21,1.15492E+16,4.81376E+16
175226,9.17061E+18,9,1,62,0,2017,6,16,3,3,3,7,0,1,0,1,0,0,1,6.91785E+20,5.33243E+21,1.15769E+16,4.81162E+16
175227,9.17061E+18,9,1,62,0,2017,6,8,3,3,5,7,0,1,0,0,1,0,0,6.87486E+20,5.33408E+21,1.15199E+16,4.81323E+16
175228,9.17061E+18,9,1,62,0,2017,6,9,3,2,3,2,1,0,0,0,1,0,1,6.98776E+20,5.33328E+21,1.16711E+16,4.81217E+16
175229,9.17061E+18,9,1,62,0,2017,6,15,3,3,2,6,0,1,0,0,0,0,1,6.94194E+20,5.33274E+21,1.16094E+16,4.81182E+16
175230,9.17061E+18,9,1,62,0,2017,6,11,3,3,2,6,0,1,0,0,0,0,1,6.82716E+20,5.3355E+21,1.14565E+16,4.81464E+16
175231,9.17061E+18,9,1,62,0,2017,6,14,3,3,2,6,0,1,0,0,1,0,1,6.83488E+20,5.33898E+21,1.14683E+16,4.81775E+16
175232,9.17061E+18,9,1,84,122,2017,6,17,3,3,2,7,1,1,0,0,0,0,1,6.88132E+20,5.32401E+21,1.15241E+16,4.80416E+16
175233,9.17061E+18,9,1,62,0,2017,6,9,3,3,5,3,0,1,0,0,0,0,1,6.99868E+20,5.33549E+21,1.16868E+16,4.81412E+16
175234,9.17061E+18,9,1,62,0,2017,6,14,3,3,0,1,1,0,0,0,0,0,1,6.97608E+20,5.33387E+21,1.16557E+16,4.81274E+16
175235,9.17061E+18,9,1,62,0,2017,6,9,3,3,4,2,0,1,0,1,0,0,1,6.95479E+20,5.33586E+21,1.1628E+16,4.81459E+16
175236,9.17061E+18,9,1,62,0,2017,6,9,3,3,0,1,1,0,0,0,0,0,1,6.90866E+20,5.33431E+21,1.15654E+16,4.81334E+16
175237,9.17061E+18,9,7,75,152,2017,6,17,3,3,5,7,0,1,0,0,1,0,0,5.77831E+20,5.35345E+21,1.00501E+16,4.83294E+16
175238,9.17061E+18,9,7,78,216,2017,6,13,3,3,0,1,0,0,0,1,0,0,1,6.25055E+20,5.32207E+21,1.06777E+16,4.80397E+16
175239,9.17061E+18,9,7,78,203,2017,6,20,3,3,5,3,0,1,0,0,0,0,1,6.2261E+20,5.32401E+21,1.06455E+16,4.80576E+16
175240,9.17061E+18,9,7,76,121,2017,6,16,3,3,0,1,1,0,0,0,0,0,1,5.71307E+20,5.26841E+21,9.94798E+15,4.75652E+16
175241,9.17061E+18,9,7,62,0,2017,6,9,3,3,2,6,0,1,0,0,0,0,1,6.2167E+20,5.30505E+21,1.06275E+16,4.78873E+16
175242,9.17061E+18,9,7,77,121,2017,6,13,3,3,4,1,0,1,0,0,0,0,1,6.2812E+20,5.32173E+21,1.07188E+16,4.8036E+16
175243,9.17061E+18,9,7,79,194,2017,6,17,3,3,1,7,0,1,0,0,0,0,0,6.0944E+20,5.41204E+21,1.04919E+16,4.88516E+16
175244,9.17061E+18,9,7,73,182,2017,6,16,3,3,2,5,0,1,0,0,0,0,1,6.22319E+20,5.37994E+21,1.06578E+16,4.85606E+16
175245,9.17061E+18,9,7,61,0,2017,6,16,3,3,5,3,1,1,0,0,0,0,0,6.41306E+20,5.35138E+21,1.09054E+16,4.82998E+16
175246,9.17061E+18,9,7,61,0,2017,6,15,3,3,2,6,0,1,0,0,0,0,1,6.39638E+20,5.35954E+21,1.08856E+16,4.83735E+16
175247,9.17061E+18,9,7,61,0,2017,6,7,3,3,3,2,1,1,0,0,0,0,0,6.40095E+20,5.35907E+21,1.08916E+16,4.83692E+16
175248,9.17061E+18,9,6,72,114,2017,6,16,3,3,6,4,0,1,1,0,0,0,0,5.76926E+20,5.56187E+21,1.0078E+16,5.0204E+16
175249,9.17061E+18,9,5,62,0,2017,6,8,3,3,5,3,1,1,0,0,0,0,0,6.4429E+20,5.49314E+21,1.09958E+16,4.95736E+16
175250,9.17061E+18,9,5,72,131,2017,6,17,3,3,5,3,0,1,0,1,0,0,0,6.5557E+20,5.48806E+21,1.11497E+16,4.95252E+16
175251,9.17061E+18,9,5,64,0,2017,6,16,3,3,5,2,1,1,0,0,0,0,1,6.4918E+20,5.47931E+21,1.10582E+16,4.94481E+16
175252,9.17061E+18,9,5,64,0,2017,6,9,3,2,0,1,1,0,0,0,0,0,0,6.46702E+20,5.48093E+21,1.10246E+16,4.94633E+16
175253,9.17061E+18,9,5,64,0,2017,6,11,3,3,5,3,0,1,0,0,0,0,0,6.48397E+20,5.47813E+21,1.10469E+16,4.94377E+16
175254,9.17061E+18,9,5,64,0,2017,6,14,3,3,3,7,0,1,0,0,1,0,1,6.48994E+20,5.4747E+21,1.10539E+16,4.94067E+16
175255,9.17061E+18,9,5,64,0,2017,6,16,3,3,2,6,0,1,0,0,0,0,1,6.49389E+20,5.47567E+21,1.10597E+16,4.94154E+16
175256,9.17061E+18,9,5,64,0,2017,6,14,3,3,5,3,1,1,0,0,0,0,1,6.48073E+20,5.47782E+21,1.10424E+16,4.9435E+16
175257,9.17061E+18,9,5,75,145,2017,6,16,3,2,5,3,0,1,0,0,0,0,1,6.19843E+20,5.4835E+21,1.06549E+16,4.94923E+16
175258,9.17061E+18,9,4,75,158,2017,6,13,3,3,0,7,0,0,1,0,1,0,0,7.0998E+20,5.57269E+21,1.19466E+16,5.0269E+16
175259,9.17061E+18,9,4,76,146,2017,6,22,3,3,8,1,0,1,0,0,0,2,0,6.64863E+20,5.56102E+21,1.13091E+16,5.01784E+16
175260,9.17061E+18,9,4,74,126,2017,6,9,3,3,5,3,0,1,0,0,0,0,0,6.49365E+20,5.50548E+21,1.10707E+16,4.96833E+16
175261,9.17061E+18,9,4,61,0,2017,6,23,3,3,0,7,1,0,0,0,0,2,0,6.35871E+20,5.52833E+21,1.08917E+16,4.9892E+16
175262,9.17061E+18,9,3,72,171,2017,6,10,3,2,0,7,1,0,0,0,0,0,0,7.69082E+20,5.47614E+21,1.27074E+16,4.93785E+16
175263,9.17061E+18,9,3,62,0,2017,6,13,3,3,5,3,0,1,0,0,0,0,1,7.24168E+20,5.43464E+21,1.20665E+16,4.90238E+16
175264,9.17061E+18,9,3,62,0,2017,6,9,3,2,6,4,0,1,1,0,0,0,0,7.267E+20,5.43349E+21,1.21004E+16,4.90126E+16
175265,9.17061E+18,9,3,62,0,2017,6,9,3,3,4,2,1,1,0,0,0,0,1,7.26246E+20,5.43386E+21,1.20944E+16,4.90161E+16
175266,9.17061E+18,9,3,62,0,2017,6,9,3,3,2,6,1,0,0,0,0,0,0,7.26801E+20,5.43318E+21,1.21016E+16,4.90098E+16
175267,9.17061E+18,9,3,62,0,2017,6,11,3,3,1,6,1,1,0,0,0,0,0,7.25827E+20,5.43366E+21,1.20886E+16,4.90145E+16
175268,9.17061E+18,9,3,62,0,2017,6,15,3,3,4,2,0,1,0,0,0,0,1,7.26947E+20,5.43144E+21,1.21026E+16,4.89941E+16
175269,9.17061E+18,9,3,76,161,2017,6,8,3,2,0,1,1,0,0,0,0,0,1,7.26462E+20,5.46818E+21,1.21167E+16,4.93242E+16
175270,9.17061E+18,9,1,83,113,2017,6,16,3,3,4,6,0,1,0,0,1,0,1,7.50782E+20,5.34294E+21,1.23745E+16,4.81901E+16
175271,9.17061E+18,9,1,71,112,2017,6,16,3,3,5,3,1,1,0,0,0,0,1,7.83886E+20,5.34137E+21,1.2818E+16,4.81621E+16
175272,9.17061E+18,9,1,72,132,2017,6,18,3,3,4,1,0,1,0,1,0,0,1,8.01209E+20,5.28065E+21,1.3008E+16,4.76092E+16
175273,9.17061E+18,9,1,87,117,2017,6,17,3,3,2,6,0,1,0,0,0,0,1,7.2561E+20,5.30464E+21,1.20162E+16,4.78555E+16
175274,9.17061E+18,9,1,61,0,2017,6,13,3,3,0,7,0,1,0,0,1,0,1,6.789E+20,5.40466E+21,1.14348E+16,4.87692E+16
175275,9.17061E+18,9,1,76,123,2017,6,9,3,3,0,7,0,0,0,1,0,0,1,6.59674E+20,5.41765E+21,1.11784E+16,4.88913E+16
175276,9.17061E+18,9,1,76,112,2017,6,14,3,3,9,1,0,1,0,0,0,0,1,6.94291E+20,5.42034E+21,1.16514E+16,4.89055E+16
175277,9.17061E+18,9,1,79,142,2017,6,10,3,3,2,6,0,1,0,1,0,0,1,6.72986E+20,5.34291E+21,1.13288E+16,4.82159E+16
175278,9.17061E+18,9,1,77,117,2017,6,8,3,3,0,1,1,0,0,0,0,0,0,7.15381E+20,5.35476E+21,1.19049E+16,4.83093E+16
175279,9.17061E+18,9,1,62,0,2017,6,21,2,3,0,6,1,0,0,0,0,2,1,6.93272E+20,5.3346E+21,1.15978E+16,4.81353E+16
175280,9.17061E+18,9,1,62,0,2017,6,13,2,3,0,1,1,0,0,0,0,0,0,6.85074E+20,5.34093E+21,1.14905E+16,4.81946E+16
175281,9.17061E+18,9,1,62,0,2017,6,15,2,3,5,2,1,1,0,0,0,0,0,6.86257E+20,5.33178E+21,1.15024E+16,4.8112E+16
175282,9.17061E+18,9,1,62,0,2017,6,17,2,2,6,3,0,1,1,0,0,0,1,6.90975E+20,5.33812E+21,1.15686E+16,4.81676E+16
175283,9.17061E+18,9,1,84,149,2017,6,11,2,3,5,2,0,1,0,1,0,0,0,6.91824E+20,5.34959E+21,1.15852E+16,4.82704E+16
175284,9.17061E+18,9,1,62,0,2017,6,14,2,2,3,6,1,0,0,0,0,0,0,6.89505E+20,5.33868E+21,1.15491E+16,4.81731E+16
175285,9.17061E+18,9,1,62,0,2017,6,20,2,2,5,2,1,1,0,0,0,0,1,6.86788E+20,5.33683E+21,1.15117E+16,4.81573E+16
175286,9.17061E+18,9,1,84,123,2017,6,14,2,3,3,2,1,1,0,0,0,0,0,7.03521E+20,5.33249E+21,1.17344E+16,4.81131E+16
175287,9.17061E+18,9,1,62,0,2017,6,15,2,3,2,6,0,1,0,0,0,0,0,6.98237E+20,5.33364E+21,1.1664E+16,4.81251E+16
175288,9.17061E+18,9,1,62,0,2017,6,18,2,3,2,6,0,1,0,1,0,0,1,6.91389E+20,5.33294E+21,1.15718E+16,4.81209E+16
175289,9.17061E+18,9,7,74,150,2017,6,20,2,2,0,7,1,0,0,0,0,0,0,6.02476E+20,5.34194E+21,1.03797E+16,4.82224E+16
175290,9.17061E+18,9,7,76,116,2017,6,15,2,3,0,3,0,0,0,1,0,0,1,5.54151E+20,5.26726E+21,9.71979E+15,4.75565E+16
175291,9.17061E+18,9,7,72,200,2017,6,18,2,3,5,3,0,1,0,0,0,0,0,6.30621E+20,5.33845E+21,1.07574E+16,4.81859E+16
175292,9.17061E+18,9,7,61,0,2017,6,16,2,3,0,1,1,0,0,0,0,0,1,6.42775E+20,5.35391E+21,1.09261E+16,4.83222E+16
175293,9.17061E+18,9,6,63,0,2017,6,16,2,3,0,1,0,0,0,1,0,0,1,5.68558E+20,5.51648E+21,9.95262E+15,4.97969E+16
175294,9.17061E+18,9,6,71,122,2017,6,11,2,2,0,7,0,0,0,1,0,0,0,5.04031E+20,5.52825E+21,9.05614E+15,4.99066E+16
175295,9.17061E+18,9,6,71,121,2017,6,18,2,2,0,7,1,0,0,0,0,0,0,5.11936E+20,5.54112E+21,9.16662E+15,5.00223E+16
175296,9.17061E+18,9,5,64,0,2017,6,1,2,3,0,7,0,0,0,0,1,2,0,6.52049E+20,5.479E+21,1.10976E+16,4.94446E+16
175297,9.17061E+18,9,5,64,0,2017,6,14,2,3,0,1,1,0,0,0,0,0,1,6.48738E+20,5.48025E+21,1.10524E+16,4.94567E+16
175298,9.17061E+18,9,5,64,0,2017,6,19,2,3,2,6,0,1,0,0,0,0,0,6.51021E+20,5.48083E+21,1.10841E+16,4.94614E+16
175299,9.17061E+18,9,5,71,145,2017,6,18,2,3,8,1,0,1,0,0,0,0,1,6.00535E+20,5.44618E+21,1.0379E+16,4.91602E+16
175300,9.17061E+18,9,4,79,152,2017,6,10,2,3,0,1,0,0,0,1,0,0,1,7.23808E+20,5.56327E+21,1.21348E+16,5.01793E+16
175301,9.17061E+18,9,3,74,166,2017,6,14,2,3,0,1,1,0,0,0,0,0,0,7.21024E+20,5.50291E+21,1.20614E+16,4.96382E+16
175302,9.17061E+18,9,3,75,199,2017,6,15,2,3,0,1,1,0,0,0,0,0,0,7.21285E+20,5.43352E+21,1.20265E+16,4.90148E+16
175303,9.17061E+18,9,2,71,119,2017,6,22,2,2,9,1,1,0,0,0,0,2,1,7.92199E+20,5.41639E+21,1.2982E+16,4.88317E+16
175304,9.17061E+18,9,2,78,118,2017,6,19,2,2,0,7,0,0,0,1,0,0,0,7.70597E+20,5.42356E+21,1.2693E+16,4.89058E+16
175305,9.17061E+18,9,2,79,115,2017,6,16,2,2,8,7,0,1,0,0,0,0,0,7.58561E+20,5.38088E+21,1.25023E+16,4.85277E+16
175306,9.17061E+18,9,1,73,131,2017,6,12,2,2,9,1,0,0,0,1,0,0,1,6.75643E+20,5.2715E+21,1.13355E+16,4.75731E+16
175307,9.17061E+18,9,1,89,114,2017,6,13,2,3,0,3,1,1,0,0,0,0,0,7.64733E+20,5.31027E+21,1.25417E+16,4.78911E+16
175308,9.17061E+18,9,1,83,112,2017,6,13,2,2,5,3,0,1,0,0,0,0,0,7.51993E+20,5.35045E+21,1.23953E+16,4.82571E+16
175309,9.17061E+18,9,1,89,139,2017,6,17,2,2,8,1,1,0,0,0,0,0,0,7.66327E+20,5.28435E+21,1.25471E+16,4.76577E+16
175310,9.17061E+18,9,1,71,113,2017,6,21,2,3,1,6,0,1,0,0,0,2,1,7.7668E+20,5.34228E+21,1.27218E+16,4.81734E+16
175311,9.17061E+18,9,1,63,0,2017,6,16,2,3,5,2,0,1,0,0,0,0,0,7.33455E+20,5.30611E+21,1.21217E+16,4.78658E+16
175312,9.17061E+18,9,1,88,139,2017,6,15,2,3,5,2,1,1,0,0,0,0,0,6.74675E+20,5.31851E+21,1.13415E+16,4.7996E+16
175313,9.17061E+18,9,1,81,116,2017,6,17,2,2,0,1,1,0,0,0,0,0,1,6.46067E+20,5.33857E+21,1.09651E+16,4.81836E+16
175314,9.17061E+18,9,1,79,126,2017,6,12,2,2,1,7,1,1,0,0,0,0,0,6.76655E+20,5.33994E+21,1.13769E+16,4.81881E+16
175315,9.17061E+18,9,1,79,121,2017,6,15,2,3,5,2,0,1,0,1,0,0,0,6.67656E+20,5.33852E+21,1.12554E+16,4.81778E+16
175316,9.17061E+18,9,1,74,115,2017,6,13,2,3,3,5,1,1,0,0,0,0,0,6.81325E+20,5.34758E+21,1.14429E+16,4.82554E+16
175317,9.17061E+18,9,1,75,111,2017,6,12,2,2,0,7,1,0,0,0,1,0,0,7.10765E+20,5.3372E+21,1.1834E+16,4.81531E+16
175318,9.1706E+18,9,1,62,0,2017,6,14,1,2,5,3,1,1,0,0,0,0,0,6.95353E+20,5.33314E+21,1.16251E+16,4.81215E+16