OBJECTID,UIDENTSTLA,ULAND,UREGBEZ,UKREIS,UGEMEINDE,UJAHR,UMONAT,USTUNDE,UWOCHENTAG,UKATEGORIE,UART,UTYP1,IstRad,IstPKW,IstFuss,IstKrad,IstSonstig,LICHT,STRZUSTAND,LINREFX,LINREFY,XGCSWGS84,YGCSWGS84
175491,9.17061E+18,9,1,62,0,2017,6,17,7,3,0,7,0,1,0,1,0,0,0,6.89352E+20,5.33611E+21,1.15459E+16,4.815E+16
175492,9.17061E+18,9,1,84,122,2017,6,11,7,3,0,7,1,0,0,0,1,0,0,6.89435E+20,5.32425E+21,1.15417E+16,4.80434E+16
175493,9.17061E+18,9,1,62,0,2017,6,17,7,3,4,2,1,0,0,0,0,0,0,6.92806E+20,5.33866E+21,1.15934E+16,4.81719E+16
175494,9.17061E+18,9,1,62,0,2017,6,3,7,3,6,4,0,1,1,0,0,2,1,6.90802E+20,5.33477E+21,1.15647E+16,4.81375E+16
175495,9.17061E+18,9,7,64,0,2017,6,19,7,3,0,1,1,0,0,0,0,0,0,5.88093E+20,5.31526E+21,1.01806E+16,4.79846E+16
175496,9.17061E+18,9,7,64,0,2017,6,16,7,3,3,2,1,1,0,0,0,0,0,5.87445E+20,5.31699E+21,1.01723E+16,4.80002E+16
175497,9.17061E+18,9,7,74,135,2017,6,18,7,2,8,1,0,1,0,0,0,0,0,5.93405E+20,5.3675E+21,1.02633E+16,4.84537E+16
175498,9.17061E+18,9,7,79,194,2017,6,15,7,3,1,5,0,1,0,1,0,0,0,6.1064E+20,5.41396E+21,1.05087E+16,4.88688E+16
175499,9.17061E+18,9,7,79,194,2017,6,9,7,3,2,6,0,1,0,1,0,0,0,6.10122E+20,5.41315E+21,1.05014E+16,4.88615E+16
175500,9.17061E+18,9,7,72,130,2017,6,10,7,3,6,7,0,0,1,0,1,0,0,6.32457E+20,5.35756E+21,1.07881E+16,4.83573E+16
175501,9.17061E+18,9,7,72,202,2017,6,9,7,3,5,3,0,1,0,0,0,0,0,6.34515E+20,5.35851E+21,1.08162E+16,4.83654E+16
175502,9.17061E+18,9,7,61,0,2017,6,11,7,3,5,3,1,0,0,1,0,0,0,6.43169E+20,5.35966E+21,1.09333E+16,4.83738E+16
175503,9.17061E+18,9,7,61,0,2017,6,20,7,3,5,3,1,1,0,0,0,0,0,6.41625E+20,5.35822E+21,1.0912E+16,4.83612E+16
175504,9.17061E+18,9,6,63,0,2017,6,12,7,3,0,1,1,0,0,0,0,0,0,5.63443E+20,5.51726E+21,9.88169E+15,4.98044E+16
175505,9.17061E+18,9,6,63,0,2017,6,13,7,3,0,7,0,1,0,0,0,0,0,5.66538E+20,5.51589E+21,9.92445E+15,4.97918E+16
175506,9.17061E+18,9,6,73,146,2017,6,18,7,2,9,1,0,1,0,0,0,0,0,5.84022E+20,5.57224E+21,1.01797E+16,5.02963E+16
175507,9.17061E+18,9,6,72,114,2017,6,19,7,3,1,5,0,1,0,0,0,0,0,5.76976E+20,5.56153E+21,1.00786E+16,5.02009E+16
175508,9.17061E+18,9,6,62,0,2017,6,18,7,2,7,7,1,0,0,0,0,0,0,5.87722E+20,5.54368E+21,1.0225E+16,5.00389E+16
175509,9.17061E+18,9,6,71,155,2017,6,9,7,3,5,3,0,1,0,0,0,0,0,5.04505E+20,5.53613E+21,9.06283E+15,4.99775E+16
175510,9.17061E+18,9,5,76,151,2017,6,11,7,2,0,3,1,0,0,0,0,0,0,6.57527E+20,5.46986E+21,1.11695E+16,4.93611E+16
175511,9.17061E+18,9,5,76,143,2017,6,8,7,3,1,5,0,1,0,0,0,0,0,6.50092E+20,5.4561E+21,1.1062E+16,4.92392E+16
175512,9.17061E+18,9,5,64,0,2017,6,12,7,2,1,1,0,1,0,0,1,0,0,6.54655E+20,5.47469E+21,1.11319E+16,4.94052E+16
175513,9.17061E+18,9,5,64,0,2017,6,18,7,3,2,6,0,1,0,1,0,0,0,6.49572E+20,5.47935E+21,1.10636E+16,4.94484E+16
175514,9.17061E+18,9,5,63,0,2017,6,8,7,3,1,5,1,1,0,0,0,0,0,6.44012E+20,5.48182E+21,1.09878E+16,4.94719E+16
175515,9.17061E+18,9,5,61,0,2017,6,1,7,2,0,7,1,0,0,0,0,2,0,6.14559E+20,5.46257E+21,1.05759E+16,4.93051E+16
175516,9.17061E+18,9,5,77,136,2017,6,23,7,3,7,7,0,0,0,1,0,2,0,6.25155E+20,5.44142E+21,1.0715E+16,4.91129E+16
175517,9.17061E+18,9,5,71,174,2017,6,20,7,3,0,1,1,0,0,0,0,0,0,6.06389E+20,5.46481E+21,1.04642E+16,4.93267E+16
175518,9.17061E+18,9,4,62,0,2017,6,20,7,3,4,2,1,1,0,0,0,0,0,6.86392E+20,5.53493E+21,1.15976E+16,4.99376E+16
175519,9.17061E+18,9,4,74,126,2017,6,19,7,3,4,6,1,1,0,0,0,0,0,6.4859E+20,5.50936E+21,1.10614E+16,4.97184E+16
175520,9.17061E+18,9,4,74,135,2017,6,18,7,3,0,1,1,0,0,0,0,0,0,6.44556E+20,5.50607E+21,1.10043E+16,4.96898E+16
175521,9.17061E+18,9,4,74,138,2017,6,11,7,3,0,7,1,0,0,0,0,0,0,6.65185E+20,5.50454E+21,1.12894E+16,4.96707E+16
175522,9.17061E+18,9,4,71,115,2017,6,2,7,3,0,1,1,0,0,0,0,2,1,6.34248E+20,5.54074E+21,1.08734E+16,5.00039E+16
175523,9.17061E+18,9,3,63,0,2017,6,18,7,3,5,3,1,1,0,0,0,0,0,7.29014E+20,5.5067E+21,1.21741E+16,4.96693E+16
175524,9.17061E+18,9,3,75,130,2017,6,15,7,3,6,7,0,1,1,0,0,0,0,7.35563E+20,5.43571E+21,1.22227E+16,4.90292E+16
175525,9.17061E+18,9,3,75,208,2017,6,19,7,2,5,3,0,1,0,0,0,0,0,7.3272E+20,5.44039E+21,1.21866E+16,4.90723E+16
175526,9.17061E+18,9,3,62,0,2017,6,15,7,3,0,1,0,0,0,1,0,0,0,7.21994E+20,5.43311E+21,1.20359E+16,4.90109E+16
175527,9.17061E+18,9,3,62,0,2017,6,11,7,3,5,7,0,1,0,1,0,0,0,7.27682E+20,5.43588E+21,1.21152E+16,4.90338E+16
175528,9.17061E+18,9,2,76,144,2017,6,11,7,2,9,7,0,1,0,0,0,0,0,7.89873E+20,5.44396E+21,1.297E+16,4.90801E+16
175529,9.17061E+18,9,2,77,113,2017,6,15,7,3,0,1,1,0,0,0,0,0,0,8.05873E+20,5.3725E+21,1.31354E+16,4.84313E+16
175530,9.17061E+18,9,2,75,125,2017,6,13,7,2,4,6,0,1,0,0,1,0,0,8.05618E+20,5.38159E+21,1.31386E+16,4.8513E+16
175531,9.17061E+18,9,2,77,111,2017,6,17,7,3,0,7,1,0,0,0,0,0,0,7.78751E+20,5.38286E+21,1.27765E+16,4.85369E+16
175532,9.17061E+18,9,1,90,140,2017,6,17,7,2,5,3,1,1,0,0,0,0,0,6.43995E+20,5.29551E+21,1.09228E+16,4.77969E+16
175533,9.17061E+18,9,1,90,157,2017,6,15,7,3,5,2,1,0,0,0,0,0,0,6.57254E+20,5.30433E+21,1.1103E+16,4.78731E+16
175534,9.17061E+18,9,1,90,148,2017,6,0,7,2,2,7,0,1,0,0,0,2,0,6.40706E+20,5.29659E+21,1.08793E+16,4.78073E+16
175535,9.17061E+18,9,1,73,111,2017,6,11,7,2,0,1,1,0,0,0,0,0,0,6.80349E+20,5.29319E+21,1.14069E+16,4.77668E+16
175536,9.17061E+18,9,1,83,147,2017,6,18,7,2,4,6,1,0,0,1,0,0,0,7.4388E+20,5.33525E+21,1.22774E+16,4.81238E+16
175537,9.17061E+18,9,1,83,148,2017,6,22,7,3,0,1,1,0,0,0,0,2,0,7.53119E+20,5.34565E+21,1.24075E+16,4.82135E+16
175538,9.17061E+18,9,1,71,112,2017,6,19,7,3,0,1,1,0,0,0,0,0,0,7.82718E+20,5.34142E+21,1.28023E+16,4.81631E+16
175539,9.17061E+18,9,1,72,132,2017,6,9,7,2,0,1,1,0,0,0,0,0,0,8.01132E+20,5.28115E+21,1.30073E+16,4.76137E+16
175540,9.17061E+18,9,1,87,177,2017,6,11,7,3,0,1,1,0,0,0,0,0,0,7.35277E+20,5.30556E+21,1.21457E+16,4.78603E+16
175541,9.17061E+18,9,1,82,111,2017,6,12,7,3,0,1,1,0,0,0,0,0,0,7.04163E+20,5.28689E+21,1.17215E+16,4.77031E+16
175542,9.17061E+18,9,1,85,113,2017,6,19,7,3,0,1,1,0,0,0,0,0,0,6.66225E+20,5.37741E+21,1.12515E+16,4.85277E+16
175543,9.17061E+18,9,1,61,0,2017,6,13,7,3,3,6,0,1,0,0,0,0,0,6.79483E+20,5.40571E+21,1.14432E+16,4.87785E+16
175544,9.17061E+18,9,1,61,0,2017,6,14,7,2,1,6,0,1,0,0,0,0,0,6.8064E+20,5.40529E+21,1.14587E+16,4.87743E+16
175545,9.17061E+18,9,1,79,142,2017,6,20,7,3,0,1,1,0,0,0,0,0,0,6.72542E+20,5.34198E+21,1.13224E+16,4.82075E+16
175546,9.17061E+18,9,1,81,133,2017,6,20,7,3,5,3,1,1,0,0,0,0,0,6.40196E+20,5.31321E+21,1.08779E+16,4.79569E+16
175547,9.17061E+18,9,1,79,126,2017,6,6,7,3,5,3,1,1,0,0,0,0,0,6.76294E+20,5.34132E+21,1.13726E+16,4.82006E+16
175548,9.17061E+18,9,1,79,121,2017,6,17,7,3,0,7,0,1,0,0,1,0,0,6.65778E+20,5.33823E+21,1.123E+16,4.81756E+16
175549,9.17061E+18,9,1,75,115,2017,6,13,7,3,0,1,0,0,0,1,0,0,0,7.20739E+20,5.32887E+21,1.19636E+16,4.80749E+16
175550,9.17061E+18,9,1,62,0,2017,6,10,6,3,5,3,1,1,0,0,0,0,0,6.90653E+20,5.33406E+21,1.15624E+16,4.81313E+16
175551,9.17061E+18,9,1,62,0,2017,6,21,6,3,5,3,0,1,0,0,0,2,1,6.83819E+20,5.34031E+21,1.14734E+16,4.81894E+16
175552,9.17061E+18,9,1,84,119,2017,6,17,6,3,6,4,1,0,1,0,0,0,0,6.9674E+20,5.34772E+21,1.16505E+16,4.82521E+16
175553,9.17061E+18,9,1,62,0,2017,6,14,6,3,0,7,1,0,0,0,0,0,0,6.83952E+20,5.33372E+21,1.14723E+16,4.81301E+16
175554,9.17061E+18,9,1,62,0,2017,6,2,6,3,1,7,0,1,0,0,1,2,0,6.99554E+20,5.33558E+21,1.16826E+16,4.81421E+16
175555,9.17061E+18,9,1,62,0,2017,6,16,6,3,0,7,1,1,0,0,0,0,0,6.8602E+20,5.33508E+21,1.15007E+16,4.81418E+16
175556,9.17061E+18,9,1,62,0,2017,6,6,6,2,5,3,1,1,0,0,0,0,0,6.93219E+20,5.3302E+21,1.15951E+16,4.80958E+16
175557,9.17061E+18,9,1,62,0,2017,6,15,6,3,6,7,1,0,1,0,0,0,0,6.81061E+20,5.33569E+21,1.14343E+16,4.81486E+16
175558,9.17061E+18,9,1,62,0,2017,6,14,6,3,1,3,0,1,0,0,1,0,0,6.79665E+20,5.33654E+21,1.14159E+16,4.81567E+16
175559,9.17061E+18,9,1,62,0,2017,6,15,6,3,5,3,1,0,0,1,0,0,0,6.84876E+20,5.33846E+21,1.14868E+16,4.81724E+16
175560,9.17061E+18,9,1,62,0,2017,6,11,6,3,0,1,0,0,0,1,0,0,0,6.96033E+20,5.33379E+21,1.16345E+16,4.81271E+16
175561,9.17061E+18,9,1,62,0,2017,6,10,6,3,3,2,1,0,0,0,1,0,0,6.93411E+20,5.33521E+21,1.16E+16,4.81407E+16
175562,9.17061E+18,9,1,62,0,2017,6,8,6,3,3,6,0,0,0,1,1,0,0,6.93474E+20,5.33354E+21,1.16001E+16,4.81257E+16
175563,9.17061E+18,9,1,62,0,2017,6,17,6,3,5,2,1,1,0,0,0,0,0,6.89309E+20,5.333E+21,1.15439E+16,4.81221E+16
175564,9.17061E+18,9,7,75,135,2017,6,15,6,3,5,3,1,1,0,0,0,0,0,5.76422E+20,5.35959E+21,1.00322E+16,4.83849E+16
175565,9.17061E+18,9,7,78,219,2017,6,20,6,3,5,3,1,1,0,0,0,0,0,5.89838E+20,5.30854E+21,1.02026E+16,4.79238E+16
175566,9.17061E+18,9,7,63,0,2017,6,14,6,3,5,7,1,1,0,0,0,0,0,5.96965E+20,5.28564E+21,1.02928E+16,4.77169E+16
175567,9.17061E+18,9,7,76,116,2017,6,15,6,2,0,1,1,0,0,0,0,0,0,5.52053E+20,5.26728E+21,9.6919E+15,4.75569E+16
175568,9.17061E+18,9,7,77,121,2017,6,11,6,2,0,1,1,0,0,0,0,0,0,6.28118E+20,5.31977E+21,1.07181E+16,4.80184E+16
175569,9.17061E+18,9,7,79,194,2017,6,18,6,3,5,2,0,1,0,0,0,0,0,6.10469E+20,5.41146E+21,1.05057E+16,4.88463E+16
175570,9.17061E+18,9,7,79,194,2017,6,8,6,3,5,3,0,1,0,1,0,0,0,6.10893E+20,5.41283E+21,1.05119E+16,4.88585E+16
175571,9.17061E+18,9,7,73,125,2017,6,7,6,3,8,1,0,1,0,0,0,0,0,6.11459E+20,5.38345E+21,1.05116E+16,4.85942E+16
175572,9.17061E+18,9,7,73,125,2017,6,12,6,2,0,1,1,0,0,0,0,0,0,6.10024E+20,5.38262E+21,1.0492E+16,4.8587E+16
175573,9.17061E+18,9,7,72,177,2017,6,19,6,3,1,3,0,1,0,0,0,0,0,6.366E+20,5.3796E+21,1.08512E+16,4.85546E+16
175574,9.17061E+18,9,7,61,0,2017,6,13,6,3,3,3,1,1,0,0,0,0,0,6.3924E+20,5.35708E+21,1.08794E+16,4.83515E+16
175575,9.17061E+18,9,7,61,0,2017,6,18,6,3,3,3,1,0,0,0,1,0,1,6.3924E+20,5.35862E+21,1.088E+16,4.83654E+16
175576,9.17061E+18,9,7,71,113,2017,6,3,6,2,9,1,0,1,0,0,0,2,0,6.61367E+20,5.36704E+21,1.11817E+16,4.84358E+16
175577,9.17061E+18,9,6,79,136,2017,6,17,6,3,4,2,1,1,0,0,0,0,0,5.70824E+20,5.51443E+21,9.98372E+15,4.97782E+16
175578,9.17061E+18,9,6,73,114,2017,6,12,6,2,0,1,1,0,0,0,0,0,0,5.87662E+20,5.57535E+21,1.02315E+16,5.03237E+16
175579,9.17061E+18,9,5,65,0,2017,6,16,6,3,0,6,0,1,0,0,0,0,0,6.47242E+20,5.46587E+21,1.10265E+16,4.93277E+16
175580,9.17061E+18,9,5,76,143,2017,6,23,6,3,0,7,0,0,0,1,0,2,1,6.53237E+20,5.45634E+21,1.11053E+16,4.92407E+16
175581,9.17061E+18,9,5,74,138,2017,6,15,6,3,0,1,1,0,0,0,0,0,0,6.65504E+20,5.4878E+21,1.12868E+16,4.95202E+16
175582,9.17061E+18,9,5,63,0,2017,6,6,6,3,5,7,1,1,0,0,0,0,0,6.4412E+20,5.48086E+21,1.0989E+16,4.94633E+16
175583,9.17061E+18,9,5,63,0,2017,6,15,6,3,5,2,0,1,0,0,0,0,0,6.45634E+20,5.48443E+21,1.10112E+16,4.9495E+16
175584,9.17061E+18,9,5,63,0,2017,6,12,6,3,1,5,1,1,0,0,0,0,0,6.43985E+20,5.48075E+21,1.09871E+16,4.94624E+16
175585,9.17061E+18,9,5,64,0,2017,6,10,6,3,0,5,0,0,0,0,1,0,0,6.49991E+20,5.48085E+21,1.10699E+16,4.94617E+16
175586,9.17061E+18,9,5,64,0,2017,6,15,6,3,6,4,0,1,1,0,0,0,0,6.51512E+20,5.47697E+21,1.10894E+16,4.94265E+16
175587,9.17061E+18,9,5,64,0,2017,6,17,6,3,5,3,0,1,0,0,0,0,0,6.46813E+20,5.4817E+21,1.10264E+16,4.94702E+16
175588,9.17061E+18,9,5,73,127,2017,6,9,6,2,8,1,1,0,0,0,0,0,0,6.45723E+20,5.47397E+21,1.10086E+16,4.9401E+16
175589,9.17061E+18,9,5,71,145,2017,6,10,6,2,0,7,1,0,0,0,1,0,1,5.97035E+20,5.44651E+21,1.0331E+16,4.91637E+16
175590,9.17061E+18,9,5,75,112,2017,6,12,6,3,5,3,0,1,0,0,0,0,0,6.02267E+20,5.48399E+21,1.04124E+16,4.94999E+16
175591,9.17061E+18,9,4,64,0,2017,6,16,6,3,2,7,0,0,0,1,1,0,0,7.07326E+20,5.57803E+21,1.19124E+16,5.03178E+16
175592,9.17061E+18,9,4,61,0,2017,6,15,6,3,3,6,1,0,0,0,0,0,0,6.36278E+20,5.52949E+21,1.08978E+16,4.99023E+16
175593,9.17061E+18,9,3,74,144,2017,6,7,6,3,5,2,0,1,0,1,0,0,0,7.1951E+20,5.51351E+21,1.20464E+16,4.9734E+16
175594,9.17061E+18,9,3,62,0,2017,6,13,6,3,5,2,1,1,0,0,0,0,0,7.26785E+20,5.43358E+21,1.21016E+16,4.90134E+16
175595,9.17061E+18,9,3,73,147,2017,6,12,6,3,5,3,0,1,0,0,0,0,0,6.79597E+20,5.46106E+21,1.14692E+16,4.92759E+16
175596,9.17061E+18,9,3,72,116,2017,6,9,6,3,2,6,0,1,0,0,0,0,0,7.67181E+20,5.45833E+21,1.26694E+16,4.92194E+16
175597,9.17061E+18,9,2,76,138,2017,6,13,6,3,0,3,0,1,0,0,1,0,0,8.00165E+20,5.43226E+21,1.31019E+16,4.89702E+16
175598,9.17061E+18,9,2,71,119,2017,6,14,6,3,0,1,1,0,0,0,0,0,0,7.90295E+20,5.41684E+21,1.29564E+16,4.88365E+16
175599,9.17061E+18,9,2,77,112,2017,6,13,6,3,4,6,0,1,0,0,0,0,0,8.04218E+20,5.36838E+21,1.31101E+16,4.83951E+16
175600,9.17061E+18,9,2,62,0,2017,6,9,6,3,6,7,0,1,1,0,0,0,0,8.28809E+20,5.38991E+21,1.34583E+16,4.85759E+16
175601,9.17061E+18,9,2,61,0,2017,6,10,6,2,5,3,1,0,0,1,0,0,0,7.31409E+20,5.38295E+21,1.21363E+16,4.85569E+16
175602,9.17061E+18,9,2,79,137,2017,6,14,6,3,8,1,0,1,0,0,0,0,0,7.71866E+20,5.4062E+21,1.26988E+16,4.87494E+16
175603,9.17061E+18,9,2,73,116,2017,6,16,6,2,2,6,0,1,0,1,0,0,0,7.22967E+20,5.42342E+21,1.20439E+16,4.89235E+16
175604,9.17061E+18,9,1,90,160,2017,6,12,6,3,5,2,1,1,0,0,0,0,0,6.48313E+20,5.282E+21,1.09759E+16,4.76744E+16
175605,9.17061E+18,9,1,89,162,2017,6,22,6,2,0,7,1,0,0,0,0,2,0,7.78458E+20,5.31548E+21,1.27283E+16,4.79321E+16
175606,9.17061E+18,9,1,89,157,2017,6,10,6,2,1,6,0,1,0,0,0,0,0,7.63893E+20,5.32448E+21,1.25392E+16,4.8019E+16
175607,9.17061E+18,9,1,72,114,2017,6,16,6,3,1,5,1,1,0,0,0,0,0,7.9168E+20,5.29472E+21,1.28909E+16,4.77398E+16
175608,9.17061E+18,9,1,87,150,2017,6,6,6,3,0,6,1,0,0,0,0,0,0,7.29238E+20,5.30417E+21,1.20644E+16,4.785E+16
175609,9.17061E+18,9,1,85,158,2017,6,17,6,3,5,3,0,1,0,1,0,0,0,6.67609E+20,5.38286E+21,1.12724E+16,4.85764E+16
175610,9.17061E+18,9,1,79,121,2017,6,23,6,3,8,7,0,0,0,1,0,2,0,6.64871E+20,5.33952E+21,1.12183E+16,4.81875E+16
175611,9.17061E+18,9,1,74,121,2017,6,11,6,3,0,1,1,0,0,0,0,0,0,6.88397E+20,5.35347E+21,1.15408E+16,4.83063E+16
175612,9.17061E+18,9,1,78,124,2017,6,8,6,3,0,2,1,1,0,0,0,0,0,7.02677E+20,5.36428E+21,1.17383E+16,4.83991E+16
175613,9.17061E+18,9,1,62,0,2017,6,22,5,3,6,4,1,0,1,0,0,2,0,6.93064E+20,5.33573E+21,1.15956E+16,4.81455E+16
175614,9.17061E+18,9,1,62,0,2017,6,20,5,3,4,6,0,1,0,0,0,0,0,6.922E+20,5.33701E+21,1.15845E+16,4.81572E+16
175615,9.17061E+18,9,1,84,112,2017,6,8,5,3,5,3,1,1,0,0,0,0,0,7.01584E+20,5.33872E+21,1.17114E+16,4.81697E+16
175616,9.17061E+18,9,1,62,0,2017,6,9,5,3,6,7,0,1,1,0,0,0,0,6.91365E+20,5.33499E+21,1.15724E+16,4.81393E+16
175617,9.17061E+18,9,1,62,0,2017,6,22,5,2,4,2,0,1,0,1,0,2,0,6.96731E+20,5.33346E+21,1.16437E+16,4.8124E+16
175618,9.17061E+18,9,1,62,0,2017,6,13,5,3,6,7,0,0,1,0,1,0,0,6.95178E+20,5.33413E+21,1.16232E+16,4.81305E+16
175619,9.17061E+18,9,1,84,119,2017,6,17,5,3,8,6,1,1,0,0,0,0,0,6.96841E+20,5.34792E+21,1.16519E+16,4.82539E+16
175620,9.17061E+18,9,1,62,0,2017,6,17,5,3,1,6,0,1,0,0,0,0,0,6.91676E+20,5.34037E+21,1.1579E+16,4.81877E+16
175621,9.17061E+18,9,1,62,0,2017,6,18,5,3,0,2,0,0,0,1,0,0,1,6.80003E+20,5.33853E+21,1.14213E+16,4.81745E+16
175622,9.17061E+18,9,1,62,0,2017,6,16,5,3,2,6,0,1,0,0,0,0,0,6.907E+20,5.34039E+21,1.15659E+16,4.81881E+16
175623,9.17061E+18,9,1,62,0,2017,6,17,5,3,1,6,0,1,0,0,0,0,0,6.89704E+20,5.34012E+21,1.15524E+16,4.8186E+16
175624,9.17061E+18,9,1,62,0,2017,6,9,5,3,1,6,1,1,0,0,0,0,0,6.88031E+20,5.33559E+21,1.15279E+16,4.81458E+16
175625,9.17061E+18,9,1,62,0,2017,6,9,5,3,4,2,1,1,0,0,0,0,0,6.85885E+20,5.33395E+21,1.14984E+16,4.81316E+16
175626,9.17061E+18,9,1,62,0,2017,6,13,5,2,2,6,0,1,0,0,0,0,0,7.00027E+20,5.33486E+21,1.16886E+16,4.81355E+16
175627,9.17061E+18,9,1,62,0,2017,6,0,5,3,5,3,1,1,0,0,0,2,0,6.93479E+20,5.33356E+21,1.16001E+16,4.81258E+16
175628,9.17061E+18,9,1,62,0,2017,6,11,5,3,5,3,0,1,0,1,0,0,0,6.94522E+20,5.33509E+21,1.16148E+16,4.81393E+16
175629,9.17061E+18,9,1,62,0,2017,6,8,5,3,4,2,0,1,0,0,0,0,0,6.94457E+20,5.33303E+21,1.1613E+16,4.81208E+16
175630,9.17061E+18,9,1,62,0,2017,6,7,5,3,3,2,1,1,0,0,0,0,0,6.9295E+20,5.33232E+21,1.15925E+16,4.81149E+16
175631,9.17061E+18,9,1,62,0,2017,6,18,5,3,5,3,0,1,0,1,0,0,0,6.92537E+20,5.33415E+21,1.15878E+16,4.81315E+16
175632,9.17061E+18,9,1,62,0,2017,6,18,5,3,0,7,1,0,0,0,0,0,0,6.89696E+20,5.33188E+21,1.15486E+16,4.81119E+16
175633,9.17061E+18,9,1,62,0,2017,6,18,5,3,2,6,0,1,0,0,0,0,0,6.92175E+20,5.33533E+21,1.15834E+16,4.81422E+16
175634,9.17061E+18,9,7,64,0,2017,6,19,5,3,5,3,0,1,0,0,0,0,0,5.86548E+20,5.31624E+21,1.01601E+16,4.79936E+16
175635,9.17061E+18,9,7,64,0,2017,6,20,5,3,4,2,1,1,0,0,0,0,0,5.88469E+20,5.31688E+21,1.0186E+16,4.79991E+16
175636,9.17061E+18,9,7,78,219,2017,6,18,5,3,9,6,0,1,0,0,0,0,0,5.88423E+20,5.30729E+21,1.01834E+16,4.79128E+16
175637,9.17061E+18,9,7,74,162,2017,6,16,5,3,7,7,0,1,0,0,0,0,0,5.99082E+20,5.35206E+21,1.03364E+16,4.8314E+16
175638,9.17061E+18,9,7,80,120,2017,6,17,5,3,6,4,0,1,1,0,0,0,0,6.00921E+20,5.28343E+21,1.03451E+16,4.76963E+16
175639,9.17061E+18,9,7,80,139,2017,6,11,5,3,5,4,0,1,1,0,0,0,0,5.9609E+20,5.2625E+21,1.02761E+16,4.75088E+16
175640,9.17061E+18,9,7,73,144,2017,6,17,5,2,4,6,1,0,0,0,0,0,0,6.05881E+20,5.381E+21,1.04354E+16,4.85732E+16
175641,9.17061E+18,9,7,61,0,2017,6,18,5,3,5,3,0,1,0,0,0,0,0,6.41117E+20,5.35274E+21,1.09033E+16,4.83121E+16
175642,9.17061E+18,9,7,72,121,2017,6,7,5,3,5,2,0,1,0,1,0,0,0,6.33898E+20,5.37561E+21,1.08133E+16,4.85194E+16
175643,9.17061E+18,9,7,72,147,2017,6,16,5,3,6,4,1,0,1,0,0,0,0,6.39031E+20,5.36498E+21,1.08792E+16,4.84226E+16
175644,9.17061E+18,9,7,72,125,2017,6,11,5,3,5,2,1,1,0,0,0,0,0,6.33939E+20,5.3484E+21,1.08052E+16,4.82746E+16
175645,9.17061E+18,9,7,72,163,2017,6,12,5,3,0,7,1,0,0,0,0,0,0,6.40052E+20,5.34866E+21,1.08876E+16,4.82757E+16
175646,9.17061E+18,9,7,61,0,2017,6,15,5,3,3,2,0,1,0,0,1,0,0,6.38474E+20,5.36037E+21,1.08702E+16,4.83813E+16
175647,9.17061E+18,9,7,61,0,2017,6,12,5,3,1,6,1,1,0,0,0,0,0,6.39503E+20,5.3567E+21,1.08829E+16,4.83481E+16
175648,9.17061E+18,9,7,61,0,2017,6,16,5,3,1,5,1,1,0,0,0,0,0,6.40224E+20,5.35849E+21,1.08932E+16,4.8364E+16
175649,9.17061E+18,9,6,63,0,2017,6,14,5,2,4,1,1,0,0,0,0,0,0,5.67E+20,5.51607E+21,9.9309E+15,4.97933E+16
175650,9.17061E+18,9,6,63,0,2017,6,16,5,3,2,6,0,1,0,0,0,0,0,5.6708E+20,5.51523E+21,9.93187E+15,4.97857E+16
175651,9.17061E+18,9,6,79,187,2017,6,18,5,3,0,7,1,0,1,0,0,0,0,5.73735E+20,5.50598E+21,1.00226E+16,4.97018E+16
175652,9.17061E+18,9,6,62,0,2017,6,14,5,3,2,6,0,1,0,0,0,0,0,5.88539E+20,5.54315E+21,1.02363E+16,5.0034E+16
175653,9.17061E+18,9,6,76,169,2017,6,17,5,3,2,6,1,1,0,0,0,0,0,5.11006E+20,5.51594E+21,9.15293E+15,4.97958E+16
175654,9.17061E+18,9,6,76,126,2017,6,7,5,3,5,3,0,1,0,0,0,0,0,5.11101E+20,5.5255E+21,9.15452E+15,4.98818E+16
175655,9.17061E+18,9,6,71,139,2017,6,14,5,3,0,7,0,1,0,0,0,0,0,5.23599E+20,5.53991E+21,9.32936E+15,5.0011E+16
175656,9.17061E+18,9,6,71,111,2017,6,5,5,3,9,1,0,0,0,0,1,1,0,5.0495E+20,5.54723E+21,9.06918E+15,5.00773E+16
175657,9.17062E+18,9,1,63,0,2017,6,23,6,3,0,1,1,0,0,0,0,2,0,7.3267E+20,5.30494E+21,1.21106E+16,4.78556E+16
175658,9.17062E+18,9,1,82,136,2017,6,12,6,2,8,1,0,1,0,0,0,0,0,7.07403E+20,5.29575E+21,1.17688E+16,4.77817E+16
175659,9.17062E+18,9,1,82,127,2017,6,11,6,3,5,3,0,1,0,0,0,0,0,7.00092E+20,5.30976E+21,1.16778E+16,4.79099E+16
175660,9.17062E+18,9,1,82,129,2017,6,17,6,2,0,1,1,0,0,0,0,0,1,7.12909E+20,5.28165E+21,1.18353E+16,4.76532E+16
175661,9.17062E+18,9,1,85,149,2017,6,15,6,3,5,3,1,0,0,1,0,0,0,6.60582E+20,5.40009E+21,1.11839E+16,4.87332E+16
175662,9.17062E+18,9,1,76,126,2017,6,1,6,3,5,3,0,1,0,0,0,2,1,6.74883E+20,5.40651E+21,1.13809E+16,4.8787E+16