OBJECTID,UIDENTSTLA,ULAND,UREGBEZ,UKREIS,UGEMEINDE,UJAHR,UMONAT,USTUNDE,UWOCHENTAG,UKATEGORIE,UART,UTYP1,IstRad,IstPKW,IstFuss,IstKrad,IstSonstig,LICHT,STRZUSTAND,LINREFX,LINREFY,XGCSWGS84,YGCSWGS84
175663,9.17062E+18,9,1,79,142,2017,6,16,6,2,0,1,0,1,0,1,0,0,0,6.73426E+20,5.34418E+21,1.13352E+16,4.82271E+16
175664,9.17062E+18,9,1,78,143,2017,6,15,6,3,0,7,1,0,0,0,0,0,0,7.16774E+20,5.37332E+21,1.19332E+16,4.84756E+16
175665,9.17062E+18,9,1,62,0,2017,6,17,5,3,4,2,1,1,0,0,0,0,0,6.86775E+20,5.33635E+21,1.15113E+16,4.81529E+16
175666,9.17062E+18,9,1,62,0,2017,6,0,5,2,6,4,0,1,1,0,0,2,0,6.9784E+20,5.33434E+21,1.1659E+16,4.81315E+16
175667,9.17062E+18,9,1,62,0,2017,6,6,5,3,0,1,1,0,0,0,0,0,0,6.92064E+20,5.33648E+21,1.15825E+16,4.81525E+16
175668,9.17062E+18,9,1,62,0,2017,6,20,5,3,3,6,1,1,0,0,0,0,0,6.91633E+20,5.33572E+21,1.15763E+16,4.81459E+16
175669,9.17062E+18,9,1,62,0,2017,6,18,5,3,4,6,1,0,0,0,0,0,0,6.87445E+20,5.33615E+21,1.15203E+16,4.81509E+16
175670,9.17062E+18,9,1,62,0,2017,6,13,5,3,3,6,1,0,0,0,0,0,0,6.92746E+20,5.33074E+21,1.1589E+16,4.81007E+16
175671,9.17062E+18,9,1,62,0,2017,6,19,5,3,5,3,1,0,0,0,0,1,0,6.95539E+20,5.33806E+21,1.16299E+16,4.81657E+16
175672,9.17062E+18,9,1,62,0,2017,6,19,5,3,1,3,0,1,0,0,0,0,0,6.90145E+20,5.33473E+21,1.15559E+16,4.81374E+16
175673,9.17062E+18,9,1,62,0,2017,6,10,5,3,1,2,1,1,0,0,0,0,0,6.90349E+20,5.33474E+21,1.15586E+16,4.81374E+16
175674,9.17062E+18,9,1,62,0,2017,6,20,5,3,0,1,1,0,0,0,0,0,0,6.9209E+20,5.33494E+21,1.15821E+16,4.81387E+16
175675,9.17062E+18,9,7,80,144,2017,6,12,5,3,0,1,1,0,0,0,0,0,0,5.90478E+20,5.27906E+21,1.0205E+16,4.76586E+16
175676,9.17062E+18,9,7,80,112,2017,6,20,5,2,9,1,0,0,0,1,0,1,1,5.89639E+20,5.29362E+21,1.01968E+16,4.77897E+16
175677,9.17062E+18,9,7,76,126,2017,6,16,5,2,8,1,1,0,0,0,0,0,0,5.55931E+20,5.26771E+21,9.7435E+15,4.75604E+16
175678,9.17062E+18,9,7,80,132,2017,6,18,5,3,6,7,0,1,1,0,0,0,0,5.7689E+20,5.26718E+21,1.0022E+16,4.75535E+16
175679,9.17062E+18,9,7,80,132,2017,6,19,5,3,8,1,1,0,0,0,0,0,0,5.77935E+20,5.26854E+21,1.00361E+16,4.75656E+16
175680,9.17062E+18,9,7,72,184,2017,6,19,5,2,0,7,1,0,0,0,0,0,0,6.32904E+20,5.36088E+21,1.07952E+16,4.83871E+16
175681,9.17062E+18,9,7,72,125,2017,6,19,5,2,0,1,1,0,0,0,0,0,0,6.36589E+20,5.34793E+21,1.08407E+16,4.82699E+16
175682,9.17062E+18,9,7,72,125,2017,6,14,5,2,5,3,0,1,0,1,0,0,0,6.37427E+20,5.34822E+21,1.08521E+16,4.82722E+16
175683,9.17062E+18,9,7,72,125,2017,6,11,5,3,6,4,0,1,1,0,0,0,0,6.35936E+20,5.34891E+21,1.08322E+16,4.82788E+16
175684,9.17062E+18,9,7,61,0,2017,6,16,5,3,2,2,0,1,0,0,0,0,0,6.40575E+20,5.35804E+21,1.08978E+16,4.83599E+16
175685,9.17062E+18,9,7,61,0,2017,6,2,5,3,0,1,1,0,0,0,0,2,0,6.40955E+20,5.35791E+21,1.09029E+16,4.83587E+16
175686,9.17062E+18,9,6,79,153,2017,6,21,5,3,8,1,0,0,0,0,1,2,0,5.62804E+20,5.49952E+21,9.86995E+15,4.96449E+16
175687,9.17062E+18,9,6,63,0,2017,6,3,5,2,0,1,1,0,0,0,0,2,0,5.66992E+20,5.51556E+21,9.9307E+15,4.97888E+16
175688,9.17062E+18,9,6,79,187,2017,6,17,5,3,4,6,1,1,0,0,0,0,0,5.73748E+20,5.50542E+21,1.00226E+16,4.96968E+16
175689,9.17062E+18,9,6,72,127,2017,6,15,5,3,5,3,0,1,0,1,0,0,0,5.6433E+20,5.55161E+21,9.89974E+15,5.01133E+16
175690,9.17062E+18,9,6,71,114,2017,6,23,5,3,0,1,1,0,0,0,0,2,0,5.02946E+20,5.54275E+21,9.04113E+15,5.00371E+16
175691,9.17062E+18,9,5,62,0,2017,6,22,5,3,5,3,0,1,0,0,0,2,0,6.45775E+20,5.49366E+21,1.10165E+16,4.95779E+16
175692,9.17062E+18,9,5,74,138,2017,6,14,5,3,1,1,1,1,0,0,0,0,0,6.65109E+20,5.48591E+21,1.12805E+16,4.95033E+16
175693,9.17062E+18,9,5,74,132,2017,6,10,5,2,5,2,1,1,0,0,0,0,0,6.74908E+20,5.48674E+21,1.14161E+16,4.9508E+16
175694,9.17062E+18,9,5,74,157,2017,6,12,5,3,0,7,1,0,0,0,0,0,0,6.61811E+20,5.46965E+21,1.12284E+16,4.93581E+16
175695,9.17062E+18,9,5,64,0,2017,6,15,5,2,5,2,0,1,0,1,0,0,0,6.51398E+20,5.47888E+21,1.10886E+16,4.94437E+16
175696,9.17062E+18,9,5,64,0,2017,6,15,5,3,6,4,0,1,1,0,0,0,0,6.50627E+20,5.47759E+21,1.10775E+16,4.94323E+16
175697,9.17062E+18,9,5,64,0,2017,6,19,5,3,0,1,1,0,0,0,0,0,0,6.5756E+20,5.4755E+21,1.11722E+16,4.94117E+16
175698,9.17062E+18,9,5,64,0,2017,6,2,5,3,6,4,0,1,1,0,0,2,0,6.5192E+20,5.48114E+21,1.10967E+16,4.94639E+16
175699,9.17062E+18,9,5,75,115,2017,6,18,5,2,0,1,1,0,0,0,0,0,0,5.95448E+20,5.47721E+21,1.03166E+16,4.94401E+16
175700,9.17062E+18,9,4,79,136,2017,6,3,5,3,6,7,0,1,1,0,0,2,0,7.20563E+20,5.54425E+21,1.20785E+16,5.00097E+16
175701,9.17062E+18,9,4,73,151,2017,6,15,5,3,5,3,1,1,0,0,0,0,0,6.51446E+20,5.57703E+21,1.11277E+16,5.03259E+16
175702,9.17062E+18,9,4,73,159,2017,6,13,5,3,0,1,1,0,0,0,0,0,0,6.4867E+20,5.57287E+21,1.10871E+16,5.02892E+16
175703,9.17062E+18,9,4,78,139,2017,6,15,5,2,0,1,1,0,0,0,0,0,0,6.47333E+20,5.55754E+21,1.10624E+16,5.01518E+16
175704,9.17062E+18,9,4,72,197,2017,6,16,5,2,4,2,0,0,0,1,0,0,0,6.70521E+20,5.52371E+21,1.13717E+16,4.98415E+16
175705,9.17062E+18,9,3,75,174,2017,6,18,5,2,0,1,1,0,0,0,0,0,0,7.3318E+20,5.43073E+21,1.21873E+16,4.89854E+16
175706,9.17062E+18,9,3,75,119,2017,6,10,5,2,0,1,1,0,0,0,0,0,0,7.38529E+20,5.44695E+21,1.22699E+16,4.91291E+16
175707,9.17062E+18,9,3,62,0,2017,6,22,5,3,3,7,0,1,0,1,0,2,0,7.28562E+20,5.43513E+21,1.21268E+16,4.90267E+16
175708,9.17062E+18,9,3,62,0,2017,6,14,5,3,6,7,0,1,1,0,0,0,0,7.25371E+20,5.4352E+21,1.20832E+16,4.90285E+16
175709,9.17062E+18,9,3,72,116,2017,6,12,5,3,5,3,0,1,0,0,0,0,0,7.67061E+20,5.45803E+21,1.26675E+16,4.92168E+16
175710,9.17062E+18,9,3,76,175,2017,6,21,5,3,1,5,0,1,0,0,0,2,0,7.33081E+20,5.47085E+21,1.22092E+16,4.93458E+16
175711,9.17062E+18,9,3,71,113,2017,6,13,5,1,9,1,0,0,0,1,0,0,0,6.91354E+20,5.50649E+21,1.16527E+16,4.96805E+16
175712,9.17062E+18,9,3,61,0,2017,6,16,5,2,0,7,1,0,0,0,0,0,0,7.06886E+20,5.4805E+21,1.18541E+16,4.94419E+16
175713,9.17062E+18,9,3,71,111,2017,6,18,5,3,0,1,1,0,0,0,0,0,0,7.00639E+20,5.47815E+21,1.17668E+16,4.94229E+16
175714,9.17062E+18,9,2,78,123,2017,6,10,5,3,0,1,1,0,0,0,0,0,0,7.52407E+20,5.41473E+21,1.24398E+16,4.88341E+16
175715,9.17062E+18,9,2,71,122,2017,6,16,5,3,4,6,0,1,0,0,0,0,0,7.91539E+20,5.42937E+21,1.29822E+16,4.89485E+16
175716,9.17062E+18,9,2,74,184,2017,6,10,5,2,0,7,0,0,0,0,1,0,0,7.48112E+20,5.37234E+21,1.2356E+16,4.84552E+16
175717,9.17062E+18,9,2,61,0,2017,6,17,5,3,0,7,1,0,0,0,0,0,0,7.33868E+20,5.37972E+21,1.21677E+16,4.8527E+16
175718,9.17062E+18,9,2,61,0,2017,6,17,5,3,9,1,1,0,0,0,0,0,0,7.36239E+20,5.38446E+21,1.22025E+16,4.85686E+16
175719,9.17062E+18,9,2,61,0,2017,6,11,5,3,0,7,1,0,0,0,0,0,0,7.32642E+20,5.381E+21,1.21519E+16,4.85389E+16
175720,9.17062E+18,9,2,73,141,2017,6,13,5,2,5,2,0,1,0,0,0,0,0,7.23825E+20,5.4128E+21,1.20498E+16,4.88278E+16
175721,9.17062E+18,9,2,73,141,2017,6,18,5,3,0,7,1,0,0,0,0,0,0,7.21494E+20,5.40813E+21,1.20156E+16,4.87867E+16
175722,9.17062E+18,9,1,73,134,2017,6,15,5,2,0,1,1,0,0,0,0,0,0,6.86152E+20,5.30172E+21,1.1488E+16,4.78418E+16
175723,9.17062E+18,9,1,89,129,2017,6,21,5,3,2,6,1,1,0,0,0,2,0,7.59216E+20,5.29543E+21,1.24592E+16,4.77601E+16
175724,9.17062E+18,9,1,71,133,2017,6,14,5,1,0,1,1,0,0,0,0,0,0,7.66906E+20,5.34585E+21,1.25929E+16,4.82097E+16
175725,9.17062E+18,9,1,82,123,2017,6,11,5,3,0,7,1,0,0,0,0,0,0,7.1827E+20,5.30249E+21,1.19171E+16,4.78387E+16
175726,9.17062E+18,9,1,87,162,2017,6,16,5,3,2,6,0,1,0,0,0,0,0,7.50376E+20,5.30575E+21,1.23474E+16,4.78562E+16
175727,9.17062E+18,9,1,87,129,2017,6,11,5,2,8,1,1,0,0,0,0,0,0,7.23659E+20,5.29743E+21,1.19864E+16,4.77913E+16
175728,9.17062E+18,9,1,87,130,2017,6,13,5,2,0,1,1,0,0,0,0,0,0,7.12552E+20,5.30859E+21,1.18438E+16,4.78954E+16
175729,9.17062E+18,9,1,61,0,2017,6,13,5,3,2,6,1,0,0,0,0,0,0,6.77186E+20,5.40259E+21,1.14106E+16,4.87511E+16
175730,9.17062E+18,9,1,85,158,2017,6,14,5,3,5,3,0,1,0,0,0,0,0,6.68462E+20,5.3811E+21,1.12833E+16,4.85603E+16
175731,9.17062E+18,9,1,86,144,2017,6,0,5,3,9,1,0,0,0,1,0,2,0,6.82373E+20,5.38912E+21,1.14751E+16,4.86285E+16
175732,9.17062E+18,9,1,81,128,2017,6,19,5,3,8,7,1,0,0,0,0,0,0,6.38484E+20,5.32827E+21,1.08598E+16,4.80927E+16
175733,9.17062E+18,9,1,88,144,2017,6,17,5,2,2,2,0,1,0,1,0,0,0,6.69705E+20,5.32868E+21,1.1279E+16,4.80888E+16
175734,9.17062E+18,9,1,74,115,2017,6,17,5,3,0,1,1,0,0,0,0,0,0,6.81877E+20,5.34841E+21,1.14507E+16,4.82628E+16
175735,9.17062E+18,9,1,74,115,2017,6,14,5,3,2,6,0,1,0,0,0,0,0,6.79948E+20,5.34746E+21,1.14244E+16,4.82548E+16
175736,9.17062E+18,9,1,78,143,2017,6,15,5,3,5,3,0,1,0,0,0,0,0,7.1719E+20,5.37226E+21,1.19383E+16,4.84659E+16
175737,9.17062E+18,9,1,77,115,2017,6,8,5,3,5,3,1,1,0,0,0,0,0,7.3462E+20,5.35219E+21,1.21625E+16,4.82794E+16
175738,9.17061E+18,9,1,62,0,2017,6,20,4,3,1,6,0,0,0,1,1,0,0,6.92446E+20,5.33403E+21,1.15865E+16,4.81304E+16
175739,9.17061E+18,9,1,62,0,2017,6,17,4,3,0,7,1,0,0,0,0,0,0,6.85342E+20,5.34082E+21,1.1494E+16,4.81935E+16
175740,9.17061E+18,9,1,84,131,2017,6,13,4,3,0,7,0,1,0,0,0,0,0,7.05077E+20,5.33799E+21,1.1758E+16,4.8162E+16
175741,9.17061E+18,9,1,62,0,2017,6,15,4,3,3,6,0,1,0,1,0,0,0,6.90904E+20,5.33503E+21,1.15662E+16,4.81398E+16
175742,9.17061E+18,9,1,62,0,2017,6,1,4,3,0,7,1,1,0,0,0,2,0,6.90236E+20,5.33552E+21,1.15575E+16,4.81445E+16
175743,9.17061E+18,9,1,62,0,2017,6,8,4,3,5,7,1,1,0,0,0,0,0,6.99004E+20,5.33374E+21,1.16744E+16,4.81257E+16
175744,9.17061E+18,9,1,62,0,2017,6,0,4,3,0,1,0,0,0,1,0,2,0,6.92275E+20,5.3419E+21,1.15877E+16,4.82012E+16
175745,9.17061E+18,9,1,62,0,2017,6,12,4,3,5,3,1,1,0,0,0,0,0,6.86046E+20,5.34029E+21,1.15033E+16,4.81886E+16
175746,9.17061E+18,9,1,62,0,2017,6,17,4,3,4,6,1,1,0,0,0,0,0,6.88876E+20,5.33766E+21,1.15402E+16,4.81641E+16
175747,9.17061E+18,9,1,62,0,2017,6,17,4,3,3,2,1,1,0,0,0,0,0,6.86225E+20,5.33269E+21,1.15024E+16,4.81202E+16
175748,9.17061E+18,9,1,62,0,2017,6,14,4,3,3,2,0,0,0,0,1,0,0,7.00038E+20,5.33523E+21,1.1689E+16,4.81388E+16
175749,9.17061E+18,9,1,62,0,2017,6,16,4,3,5,2,1,1,0,0,0,0,0,6.92501E+20,5.3306E+21,1.15857E+16,4.80996E+16
175750,9.17061E+18,9,1,62,0,2017,6,14,4,3,0,7,1,0,0,0,0,0,0,6.89656E+20,5.33316E+21,1.15486E+16,4.81234E+16
175751,9.17061E+18,9,1,62,0,2017,6,22,4,3,5,3,0,1,0,0,1,2,0,6.91816E+20,5.33501E+21,1.15785E+16,4.81394E+16
175752,9.17061E+18,9,7,64,0,2017,6,12,4,3,5,3,1,1,0,0,0,0,0,5.87604E+20,5.31567E+21,1.01741E+16,4.79883E+16
175753,9.17061E+18,9,7,74,145,2017,6,21,4,2,0,1,0,0,0,1,1,1,0,6.0286E+20,5.35724E+21,1.03886E+16,4.836E+16
175754,9.17061E+18,9,7,78,116,2017,6,19,4,3,9,7,0,0,0,1,0,0,0,6.19168E+20,5.31745E+21,1.05975E+16,4.79993E+16
175755,9.17061E+18,9,7,78,137,2017,6,13,4,3,8,1,0,1,0,0,0,0,0,6.25318E+20,5.33547E+21,1.06852E+16,4.81601E+16
175756,9.17061E+18,9,7,63,0,2017,6,20,4,3,6,7,0,1,1,0,0,0,0,5.99026E+20,5.28535E+21,1.03202E+16,4.77139E+16
175757,9.17061E+18,9,7,80,139,2017,6,15,4,3,1,5,1,1,0,0,0,0,0,5.96575E+20,5.26398E+21,1.02829E+16,4.7522E+16
175758,9.17061E+18,9,7,80,115,2017,6,11,4,2,4,6,1,1,0,0,0,0,0,5.84175E+20,5.26044E+21,1.01175E+16,4.7492E+16
175759,9.17061E+18,9,7,73,182,2017,6,12,4,3,2,5,0,1,0,0,0,0,0,6.24072E+20,5.38013E+21,1.06816E+16,4.8562E+16
175760,9.17061E+18,9,7,61,0,2017,6,17,4,3,0,7,1,1,0,0,0,0,0,6.39149E+20,5.36022E+21,1.08793E+16,4.83798E+16
175761,9.17061E+18,9,6,63,0,2017,6,9,4,3,5,7,0,1,0,0,1,0,0,5.67158E+20,5.51373E+21,9.93269E+15,4.97723E+16
175762,9.17061E+18,9,6,63,0,2017,6,21,4,3,0,7,1,0,0,0,0,1,0,5.66716E+20,5.51638E+21,9.92701E+15,4.97961E+16
175763,9.17061E+18,9,6,77,155,2017,6,13,4,3,4,2,0,1,0,0,0,0,0,5.41263E+20,5.53678E+21,9.57554E+15,4.99819E+16
175764,9.17061E+18,9,6,62,0,2017,6,15,4,3,0,1,1,0,0,0,0,0,0,5.88129E+20,5.54427E+21,1.02308E+16,5.00442E+16
175765,9.17061E+18,9,6,62,0,2017,6,19,4,3,1,6,0,1,0,0,0,0,0,5.86517E+20,5.54395E+21,1.02083E+16,5.00416E+16
175766,9.17061E+18,9,6,78,168,2017,6,19,4,3,5,3,0,1,0,0,0,0,0,5.81731E+20,5.55058E+21,1.01429E+16,5.01018E+16
175767,9.17061E+18,9,6,61,0,2017,6,16,4,1,3,2,1,0,0,0,1,0,0,5.12018E+20,5.53736E+21,9.16765E+15,4.99885E+16
175768,9.17061E+18,9,6,61,0,2017,6,18,4,3,0,7,0,0,0,0,1,0,0,5.0844E+20,5.5373E+21,9.11774E+15,4.9988E+16
175769,9.17061E+18,9,6,61,0,2017,6,17,4,2,0,7,1,0,0,0,0,0,0,5.08096E+20,5.53619E+21,9.11292E+15,4.9978E+16
175770,9.17061E+18,9,5,72,135,2017,6,18,4,3,0,7,1,1,0,0,0,0,0,6.30269E+20,5.50798E+21,1.08069E+16,4.97102E+16
175771,9.17061E+18,9,5,72,160,2017,6,17,4,3,0,1,1,0,0,0,0,0,0,6.23817E+20,5.51185E+21,1.07187E+16,4.97464E+16
175772,9.17061E+18,9,5,62,0,2017,6,16,4,3,0,7,1,0,0,0,0,0,0,6.44645E+20,5.49344E+21,1.10008E+16,4.95762E+16
175773,9.17061E+18,9,5,76,141,2017,6,16,4,2,4,6,0,1,0,0,1,0,0,6.48866E+20,5.44692E+21,1.10418E+16,4.91571E+16
175774,9.17061E+18,9,5,74,132,2017,6,10,4,3,6,7,1,0,1,0,0,0,0,6.75703E+20,5.48682E+21,1.14271E+16,4.95085E+16
175775,9.17061E+18,9,5,63,0,2017,6,18,4,3,5,3,0,1,0,0,0,0,0,6.45742E+20,5.48303E+21,1.10121E+16,4.94824E+16
175776,9.17061E+18,9,5,64,0,2017,6,18,4,3,5,3,0,1,0,1,0,0,0,6.49905E+20,5.48146E+21,1.1069E+16,4.94673E+16
175777,9.17061E+18,9,5,64,0,2017,6,15,4,2,5,3,1,1,0,0,0,0,0,6.5098E+20,5.47966E+21,1.10831E+16,4.94508E+16
175778,9.17061E+18,9,5,64,0,2017,6,18,4,3,5,3,1,1,0,0,0,0,0,6.46891E+20,5.48364E+21,1.10282E+16,4.94876E+16
175779,9.17061E+18,9,5,64,0,2017,6,15,4,3,5,3,1,1,0,0,0,0,0,6.50878E+20,5.48162E+21,1.10825E+16,4.94684E+16
175780,9.17061E+18,9,5,64,0,2017,6,7,4,3,0,1,0,0,0,1,0,0,0,6.49255E+20,5.4806E+21,1.10597E+16,4.94597E+16
175781,9.17061E+18,9,5,64,0,2017,6,14,4,2,6,4,0,1,1,0,0,0,0,6.49451E+20,5.48057E+21,1.10624E+16,4.94594E+16
175782,9.17061E+18,9,4,79,150,2017,6,12,4,2,0,7,0,0,0,1,0,0,0,7.2039E+20,5.56527E+21,1.20882E+16,5.01985E+16
175783,9.17061E+18,9,4,72,175,2017,6,14,4,2,0,1,1,0,0,0,0,0,0,6.85925E+20,5.51841E+21,1.15832E+16,4.97894E+16
175784,9.17061E+18,9,4,62,0,2017,6,11,4,3,0,3,1,1,0,0,0,0,0,6.84183E+20,5.5365E+21,1.15676E+16,4.99524E+16
175785,9.17061E+18,9,4,62,0,2017,6,8,4,2,5,3,1,1,0,0,0,0,0,6.83373E+20,5.53534E+21,1.15558E+16,4.99422E+16
175786,9.17061E+18,9,4,71,123,2017,6,9,4,3,1,1,0,1,0,0,1,0,0,6.45554E+20,5.51833E+21,1.10227E+16,4.97998E+16
175787,9.17061E+18,9,4,61,0,2017,6,19,4,3,5,3,1,1,0,0,0,0,0,6.36965E+20,5.52979E+21,1.09074E+16,4.99048E+16
175788,9.17061E+18,9,4,61,0,2017,6,14,4,2,5,3,1,1,0,0,0,0,0,6.3506E+20,5.52947E+21,1.08808E+16,4.99024E+16
175789,9.17061E+18,9,3,74,162,2017,6,20,4,2,9,1,0,0,0,1,0,0,0,7.41756E+20,5.50547E+21,1.23496E+16,4.96533E+16
175790,9.17061E+18,9,3,74,162,2017,6,14,4,3,5,7,0,1,0,0,0,0,0,7.35701E+20,5.50395E+21,1.22649E+16,4.96421E+16
175791,9.17061E+18,9,3,76,117,2017,6,19,4,3,5,2,0,1,0,0,0,0,0,7.40878E+20,5.46059E+21,1.23102E+16,4.92506E+16
175792,9.17061E+18,9,2,76,118,2017,6,22,4,2,8,1,0,1,0,1,0,2,0,7.94792E+20,5.44139E+21,1.30353E+16,4.90547E+16
175793,9.17061E+18,9,2,62,0,2017,6,8,4,3,5,3,0,1,0,0,0,0,0,8.23984E+20,5.39043E+21,1.33935E+16,4.85831E+16
175794,9.17061E+18,9,2,79,137,2017,6,16,4,3,0,7,1,0,0,0,0,0,0,7.79733E+20,5.40048E+21,1.28017E+16,4.86946E+16
175795,9.17061E+18,9,1,73,135,2017,6,11,4,3,1,7,1,1,0,0,0,0,0,6.93298E+20,5.28332E+21,1.15752E+16,4.76744E+16
175796,9.17061E+18,9,1,83,147,2017,6,10,4,3,0,1,1,0,0,0,0,0,0,7.42654E+20,5.33585E+21,1.22613E+16,4.81296E+16
175797,9.17061E+18,9,1,89,161,2017,6,13,4,3,0,7,1,0,0,0,0,0,0,7.69149E+20,5.30526E+21,1.25975E+16,4.78442E+16
175798,9.17061E+18,9,1,89,154,2017,6,16,4,3,0,7,1,0,0,0,0,0,0,7.67693E+20,5.318E+21,1.2586E+16,4.79593E+16
175799,9.17061E+18,9,1,72,114,2017,6,10,4,3,0,7,1,0,0,0,0,0,0,7.90256E+20,5.29298E+21,1.28708E+16,4.77249E+16
175800,9.17061E+18,9,1,63,0,2017,6,16,4,3,2,6,0,1,0,0,0,0,0,7.34042E+20,5.30506E+21,1.2129E+16,4.78563E+16
175801,9.17061E+18,9,1,87,162,2017,6,12,4,2,3,6,1,1,0,0,0,0,0,7.5033E+20,5.30728E+21,1.23476E+16,4.787E+16
175802,9.17061E+18,9,1,87,162,2017,6,13,4,3,3,2,1,1,0,0,0,0,0,7.50583E+20,5.30481E+21,1.23496E+16,4.78478E+16
175803,9.17061E+18,9,1,87,129,2017,6,18,4,3,5,3,0,1,1,0,0,0,0,7.25512E+20,5.29558E+21,1.20101E+16,4.77741E+16
175804,9.17061E+18,9,1,87,130,2017,6,16,4,3,0,3,1,1,0,0,0,0,0,7.11659E+20,5.30975E+21,1.18324E+16,4.79062E+16
175805,9.17061E+18,9,1,61,0,2017,6,21,4,2,1,7,0,1,0,0,0,2,0,6.77376E+20,5.40144E+21,1.14127E+16,4.87407E+16
175806,9.17061E+18,9,1,61,0,2017,6,15,4,3,1,1,0,1,0,1,0,0,0,6.79013E+20,5.40619E+21,1.1437E+16,4.87829E+16
175807,9.17061E+18,9,1,61,0,2017,6,12,4,2,0,1,1,0,0,0,0,0,0,6.77515E+20,5.40408E+21,1.14157E+16,4.87644E+16
175808,9.17061E+18,9,1,61,0,2017,6,8,4,3,2,6,0,1,0,0,0,0,0,6.78613E+20,5.40358E+21,1.14304E+16,4.87596E+16
175809,9.17061E+18,9,1,79,126,2017,6,12,4,3,0,7,1,0,0,0,0,0,0,6.75669E+20,5.34026E+21,1.13638E+16,4.81912E+16
175810,9.17061E+18,9,1,79,123,2017,6,13,4,3,0,7,1,0,0,0,0,0,0,6.77492E+20,5.33453E+21,1.13859E+16,4.81392E+16
175811,9.17061E+18,9,1,88,127,2017,6,12,4,2,4,3,0,1,0,0,0,0,0,6.76757E+20,5.32986E+21,1.13741E+16,4.80974E+16
175812,9.17061E+18,9,1,77,117,2017,6,16,4,3,5,7,1,1,0,0,0,0,0,7.15601E+20,5.35461E+21,1.19078E+16,4.83079E+16
175813,9.17061E+18,9,1,62,0,2017,6,18,3,3,3,2,1,1,0,0,0,0,0,6.92532E+20,5.33481E+21,1.1588E+16,4.81374E+16
175814,9.17061E+18,9,1,84,149,2017,6,12,3,3,0,1,1,0,0,0,0,0,0,6.90393E+20,5.35032E+21,1.15662E+16,4.82774E+16
175815,9.17061E+18,9,1,62,0,2017,6,22,3,3,5,3,0,1,0,0,0,2,0,6.89187E+20,5.33694E+21,1.1544E+16,4.81575E+16
175816,9.17061E+18,9,1,62,0,2017,6,21,3,3,4,6,1,0,0,0,0,1,0,6.91325E+20,5.33855E+21,1.15735E+16,4.81714E+16
175817,9.17061E+18,9,1,84,131,2017,6,13,3,3,4,6,0,0,0,1,1,0,0,7.05072E+20,5.33768E+21,1.17577E+16,4.81593E+16
175818,9.17061E+18,9,1,62,0,2017,6,15,3,3,1,7,0,1,1,1,0,0,0,6.87764E+20,5.33979E+21,1.15262E+16,4.81836E+16
175819,9.17061E+18,9,1,62,0,2017,6,14,3,2,5,3,0,1,0,1,0,0,0,6.90422E+20,5.34251E+21,1.15631E+16,4.82072E+16
175820,9.17061E+18,9,1,62,0,2017,6,15,3,2,5,3,1,0,0,0,1,0,0,6.92315E+20,5.33151E+21,1.15836E+16,4.81078E+16
175821,9.17061E+18,9,1,62,0,2017,6,17,3,3,3,6,1,0,0,0,1,0,0,6.90871E+20,5.33428E+21,1.15655E+16,4.81332E+16
175822,9.17061E+18,9,1,62,0,2017,6,11,3,3,5,3,1,1,0,0,0,0,0,6.83617E+20,5.33543E+21,1.14685E+16,4.81456E+16
175823,9.17061E+18,9,1,62,0,2017,6,9,3,3,5,2,1,1,0,0,0,0,0,6.8894E+20,5.33621E+21,1.15404E+16,4.81511E+16
175824,9.17061E+18,9,1,62,0,2017,6,17,3,3,0,1,0,0,0,1,0,0,0,7.01725E+20,5.33487E+21,1.17114E+16,4.81351E+16
175825,9.17061E+18,9,1,62,0,2017,6,6,3,3,5,2,1,1,0,0,0,0,0,6.95139E+20,5.333E+21,1.16222E+16,4.81204E+16
175826,9.17061E+18,9,1,62,0,2017,6,18,3,3,5,3,1,1,0,0,0,0,0,6.94021E+20,5.33412E+21,1.16077E+16,4.81307E+16
175827,9.17061E+18,9,7,78,216,2017,6,21,3,3,4,6,1,0,0,0,1,0,0,6.24366E+20,5.3218E+21,1.06684E+16,4.80374E+16
175828,9.17061E+18,9,7,80,143,2017,6,22,3,3,8,1,1,0,0,0,0,2,0,5.9886E+20,5.28292E+21,1.03175E+16,4.76921E+16
175829,9.17061E+18,9,7,80,128,2017,6,14,3,2,8,7,1,0,0,0,0,0,0,6.08664E+20,5.27808E+21,1.04469E+16,4.7647E+16
175830,9.17061E+18,9,7,80,139,2017,6,14,3,3,0,7,1,0,0,0,0,0,0,5.96208E+20,5.26271E+21,1.02777E+16,4.75107E+16
175831,9.17061E+18,9,7,79,194,2017,6,10,3,3,0,7,0,0,0,0,1,0,0,6.10408E+20,5.41203E+21,1.0505E+16,4.88514E+16
175832,9.17061E+18,9,7,79,131,2017,6,17,3,2,5,3,0,1,0,0,0,0,0,6.26214E+20,5.39947E+21,1.07166E+16,4.87354E+16
175833,9.17061E+18,9,7,61,0,2017,6,12,3,3,1,6,0,1,0,0,0,0,0,6.39297E+20,5.36156E+21,1.08817E+16,4.83918E+16