OBJECTID,UIDENTSTLA,ULAND,UREGBEZ,UKREIS,UGEMEINDE,UJAHR,UMONAT,USTUNDE,UWOCHENTAG,UKATEGORIE,UART,UTYP1,IstRad,IstPKW,IstFuss,IstKrad,IstSonstig,LICHT,STRZUSTAND,LINREFX,LINREFY,XGCSWGS84,YGCSWGS84
175834,9.17061E+18,9,7,61,0,2017,6,7,3,3,4,2,1,0,0,0,1,0,0,6.38697E+20,5.3604E+21,1.08732E+16,4.83815E+16
175835,9.17061E+18,9,7,61,0,2017,6,20,3,3,5,3,1,1,0,0,0,0,0,6.41233E+20,5.35801E+21,1.09066E+16,4.83595E+16
175836,9.17061E+18,9,7,61,0,2017,6,14,3,3,0,7,1,0,0,0,0,0,0,6.39625E+20,5.35953E+21,1.08855E+16,4.83735E+16
175837,9.17061E+18,9,7,71,113,2017,6,15,3,3,2,6,0,1,0,0,0,0,0,6.57189E+20,5.37085E+21,1.11267E+16,4.84711E+16
175838,9.17061E+18,9,6,63,0,2017,6,18,3,2,5,3,1,0,0,0,1,0,0,5.68538E+20,5.51682E+21,9.95241E+15,4.97999E+16
175839,9.17061E+18,9,6,63,0,2017,6,20,3,3,0,3,0,0,0,1,1,0,0,5.68033E+20,5.51712E+21,9.94544E+15,4.98027E+16
175840,9.17061E+18,9,6,63,0,2017,6,10,3,3,5,3,1,1,0,0,0,0,0,5.67858E+20,5.51586E+21,9.94278E+15,4.97914E+16
175841,9.17061E+18,9,6,78,168,2017,6,15,3,1,4,1,1,0,0,0,1,0,0,5.84115E+20,5.54972E+21,1.0176E+16,5.00938E+16
175842,9.17061E+18,9,6,71,121,2017,6,21,3,3,5,3,0,1,0,0,0,1,0,5.1315E+20,5.53853E+21,9.18348E+15,4.99989E+16
175843,9.17061E+18,9,5,62,0,2017,6,16,3,3,2,6,0,1,0,0,0,0,0,6.45044E+20,5.49485E+21,1.10069E+16,4.95888E+16
175844,9.17061E+18,9,5,62,0,2017,6,14,3,2,3,2,0,1,0,1,0,0,0,6.44911E+20,5.49449E+21,1.10049E+16,4.95857E+16
175845,9.17061E+18,9,5,64,0,2017,6,8,3,3,0,1,1,0,0,0,0,0,0,6.50413E+20,5.479E+21,1.10751E+16,4.9445E+16
175846,9.17061E+18,9,5,64,0,2017,6,15,3,3,5,2,1,1,0,0,0,0,0,6.49856E+20,5.47836E+21,1.10671E+16,4.94395E+16
175847,9.17061E+18,9,5,71,136,2017,6,12,3,2,4,2,0,1,0,1,0,0,0,6.01656E+20,5.43584E+21,1.03917E+16,4.9067E+16
175848,9.17061E+18,9,5,61,0,2017,6,8,3,2,0,7,1,0,0,0,0,0,0,6.15093E+20,5.46256E+21,1.05833E+16,4.93049E+16
175849,9.17061E+18,9,4,77,128,2017,6,16,3,2,0,7,0,0,0,0,1,0,0,6.75194E+20,5.55362E+21,1.14502E+16,5.01089E+16
175850,9.17061E+18,9,4,74,126,2017,6,15,3,2,0,7,0,0,1,0,1,0,0,6.48536E+20,5.50931E+21,1.10606E+16,4.9718E+16
175851,9.17061E+18,9,4,74,126,2017,6,15,3,3,7,1,0,0,0,0,1,0,0,6.48747E+20,5.50786E+21,1.1063E+16,4.97049E+16
175852,9.17061E+18,9,3,63,0,2017,6,17,3,3,4,2,0,1,0,0,0,0,0,7.263E+20,5.50929E+21,1.2138E+16,4.96936E+16
175853,9.17061E+18,9,3,72,171,2017,6,16,3,3,1,6,0,1,0,0,0,0,0,7.68927E+20,5.47612E+21,1.27053E+16,4.93783E+16
175854,9.17061E+18,9,3,75,174,2017,6,15,3,3,0,1,0,0,0,1,0,0,0,7.34631E+20,5.43055E+21,1.2207E+16,4.89833E+16
175855,9.17061E+18,9,3,75,190,2017,6,17,3,3,5,3,1,1,0,0,0,0,0,7.27467E+20,5.4456E+21,1.21177E+16,4.91211E+16
175856,9.17061E+18,9,3,62,0,2017,6,17,3,3,5,3,0,1,0,0,0,0,0,7.27948E+20,5.43512E+21,1.21184E+16,4.90268E+16
175857,9.17061E+18,9,3,72,151,2017,6,1,3,3,8,1,0,1,0,0,0,2,0,7.82131E+20,5.45977E+21,1.28752E+16,4.92257E+16
175858,9.17061E+18,9,3,76,163,2017,6,11,3,3,2,2,0,1,0,0,1,0,0,7.27659E+20,5.47406E+21,1.21365E+16,4.93767E+16
175859,9.17061E+18,9,2,74,183,2017,6,16,3,3,0,1,1,0,0,0,0,0,0,7.41721E+20,5.36267E+21,1.22641E+16,4.83708E+16
175860,9.17061E+18,9,2,74,126,2017,6,12,3,3,1,5,0,1,0,0,0,0,0,7.33598E+20,5.38484E+21,1.2167E+16,4.85731E+16
175861,9.17061E+18,9,2,61,0,2017,6,16,3,3,4,6,1,0,0,0,0,0,0,7.3202E+20,5.38065E+21,1.21433E+16,4.8536E+16
175862,9.17061E+18,9,2,73,152,2017,6,12,3,3,0,3,0,1,0,1,0,0,0,7.03116E+20,5.40927E+21,1.17662E+16,4.88032E+16
175863,9.17061E+18,9,1,90,141,2017,6,12,3,3,5,3,1,0,0,0,0,0,0,6.77753E+20,5.29133E+21,1.13716E+16,4.77508E+16
175864,9.17061E+18,9,1,80,118,2017,6,12,3,3,0,1,1,0,0,0,0,0,0,6.54009E+20,5.25894E+21,1.10436E+16,4.74657E+16
175865,9.17061E+18,9,1,73,112,2017,6,15,3,3,5,3,0,1,0,0,0,0,0,6.92358E+20,5.29151E+21,1.15663E+16,4.77483E+16
175866,9.17061E+18,9,1,83,128,2017,6,20,3,3,0,7,0,0,0,1,0,0,0,7.62747E+20,5.34801E+21,1.25384E+16,4.82308E+16
175867,9.17061E+18,9,1,72,132,2017,6,12,3,2,5,2,1,1,0,0,0,0,0,7.99589E+20,5.2802E+21,1.29862E+16,4.76059E+16
175868,9.17061E+18,9,1,63,0,2017,6,16,3,3,6,6,1,0,1,0,0,0,0,7.33075E+20,5.30497E+21,1.2116E+16,4.78557E+16
175869,9.17061E+18,9,1,87,162,2017,6,13,3,2,0,7,1,0,0,0,0,0,0,7.50525E+20,5.30587E+21,1.23494E+16,4.78573E+16
175870,9.17061E+18,9,1,87,138,2017,6,16,3,3,0,1,1,0,0,0,0,0,0,7.54312E+20,5.30856E+21,1.24015E+16,4.788E+16
175871,9.17061E+18,9,1,82,116,2017,6,13,3,3,0,1,1,0,0,0,0,0,0,7.05652E+20,5.29208E+21,1.17437E+16,4.77493E+16
175872,9.17061E+18,9,1,87,117,2017,6,14,3,3,0,3,1,1,0,0,0,0,0,7.24466E+20,5.3061E+21,1.20016E+16,4.78689E+16
175873,9.17061E+18,9,1,61,0,2017,6,11,3,2,5,3,1,1,0,0,0,0,0,6.75371E+20,5.40463E+21,1.13868E+16,4.87699E+16
175874,9.17061E+18,9,1,61,0,2017,6,16,3,3,3,2,1,1,0,0,0,0,0,6.76266E+20,5.40503E+21,1.13991E+16,4.87733E+16
175875,9.17061E+18,9,1,79,142,2017,6,19,3,3,0,6,1,1,0,0,0,0,0,6.75065E+20,5.34379E+21,1.13571E+16,4.82232E+16
175876,9.17061E+18,9,1,81,124,2017,6,16,3,3,4,6,0,1,0,0,1,0,0,6.47544E+20,5.31821E+21,1.0978E+16,4.80001E+16
175877,9.17061E+18,9,1,79,123,2017,6,14,3,2,6,4,0,1,1,0,0,0,0,6.76E+20,5.33337E+21,1.13654E+16,4.81292E+16
175878,9.17061E+18,9,1,79,123,2017,6,9,3,3,6,4,0,1,1,0,0,0,0,6.76035E+20,5.33325E+21,1.13658E+16,4.81281E+16
175879,9.17061E+18,9,1,62,0,2017,6,8,2,3,4,2,1,1,0,0,0,0,0,6.91432E+20,5.33534E+21,1.15735E+16,4.81425E+16
175880,9.17061E+18,9,1,62,0,2017,6,13,2,3,5,3,1,1,0,0,0,0,0,6.90593E+20,5.33331E+21,1.15613E+16,4.81245E+16
175881,9.17061E+18,9,1,62,0,2017,6,9,2,3,1,5,1,1,0,0,0,0,0,6.93237E+20,5.33332E+21,1.15968E+16,4.81238E+16
175882,9.17061E+18,9,1,62,0,2017,6,19,2,3,0,1,1,0,1,0,0,0,0,6.9224E+20,5.33865E+21,1.15858E+16,4.8172E+16
175883,9.17061E+18,9,1,62,0,2017,6,15,2,3,0,7,0,1,0,1,0,0,1,6.91366E+20,5.33576E+21,1.15728E+16,4.81463E+16
175884,9.17061E+18,9,1,62,0,2017,6,15,2,2,6,4,0,1,1,0,0,0,0,6.8805E+20,5.33963E+21,1.15299E+16,4.81821E+16
175885,9.17061E+18,9,1,62,0,2017,6,8,2,2,0,7,1,0,0,0,0,0,0,6.88441E+20,5.33642E+21,1.15338E+16,4.81531E+16
175886,9.17061E+18,9,1,62,0,2017,6,18,2,3,3,3,1,1,0,0,0,0,0,6.97927E+20,5.33092E+21,1.16586E+16,4.81008E+16
175887,9.17061E+18,9,1,84,149,2017,6,9,2,2,5,3,1,1,0,0,0,0,0,6.90879E+20,5.34968E+21,1.15725E+16,4.82716E+16
175888,9.17061E+18,9,1,62,0,2017,6,7,2,3,0,7,1,0,0,0,0,0,0,6.95028E+20,5.34082E+21,1.16243E+16,4.81907E+16
175889,9.17061E+18,9,1,62,0,2017,6,15,2,3,6,2,0,1,1,0,0,0,0,6.86472E+20,5.32845E+21,1.15038E+16,4.80821E+16
175890,9.17061E+18,9,1,62,0,2017,6,9,2,3,5,2,1,1,0,0,0,0,0,6.91696E+20,5.33704E+21,1.15778E+16,4.81577E+16
175891,9.17061E+18,9,7,75,152,2017,6,17,2,3,5,3,0,1,0,0,0,0,0,5.77325E+20,5.35267E+21,1.00431E+16,4.83225E+16
175892,9.17061E+18,9,7,75,134,2017,6,16,2,3,4,2,1,1,0,0,0,0,0,5.82612E+20,5.3646E+21,1.01168E+16,4.84292E+16
175893,9.17061E+18,9,7,75,135,2017,6,10,2,2,4,7,1,1,0,0,0,0,0,5.74063E+20,5.36039E+21,1.00005E+16,4.83923E+16
175894,9.17061E+18,9,7,64,0,2017,6,19,2,3,5,3,0,1,0,0,0,0,0,5.86674E+20,5.31565E+21,1.01617E+16,4.79883E+16
175895,9.17061E+18,9,7,64,0,2017,6,11,2,3,2,6,0,1,0,0,0,0,0,5.86667E+20,5.31602E+21,1.01617E+16,4.79916E+16
175896,9.17061E+18,9,7,63,0,2017,6,17,2,3,6,7,0,1,1,0,0,0,0,5.98371E+20,5.28663E+21,1.03118E+16,4.77255E+16
175897,9.17061E+18,9,7,63,0,2017,6,16,2,2,8,1,1,0,0,0,0,0,0,5.98734E+20,5.28698E+21,1.03167E+16,4.77287E+16
175898,9.17061E+18,9,7,76,117,2017,6,17,2,3,0,1,1,0,0,0,0,0,0,5.65552E+20,5.27256E+21,9.87211E+15,4.76032E+16
175899,9.17061E+18,9,7,73,125,2017,6,18,2,3,5,3,1,1,0,0,0,0,0,6.10153E+20,5.38164E+21,1.04935E+16,4.85781E+16
175900,9.17061E+18,9,7,72,177,2017,6,21,2,3,8,5,0,1,0,1,0,1,0,6.36756E+20,5.3799E+21,1.08534E+16,4.85572E+16
175901,9.17061E+18,9,7,72,147,2017,6,16,2,3,5,3,1,1,0,0,0,0,0,6.39153E+20,5.3643E+21,1.08807E+16,4.84165E+16
175902,9.17061E+18,9,7,72,217,2017,6,8,2,2,3,6,1,1,0,0,0,0,0,6.35468E+20,5.38166E+21,1.08365E+16,4.85734E+16
175903,9.17061E+18,9,7,71,130,2017,6,15,2,3,6,4,0,1,1,0,0,0,0,6.46544E+20,5.35765E+21,1.09782E+16,4.83551E+16
175904,9.17061E+18,9,7,72,202,2017,6,16,2,3,1,6,0,1,0,0,0,0,0,6.36433E+20,5.35889E+21,1.08422E+16,4.83684E+16
175905,9.17061E+18,9,7,61,0,2017,6,16,2,3,6,4,1,0,1,0,0,0,0,6.40088E+20,5.35907E+21,1.08915E+16,4.83693E+16
175906,9.17061E+18,9,7,61,0,2017,6,16,2,3,0,7,1,0,0,0,0,0,0,6.40183E+20,5.35877E+21,1.08927E+16,4.83665E+16
175907,9.17061E+18,9,6,63,0,2017,6,12,2,3,2,6,0,1,0,0,0,0,0,5.67787E+20,5.51665E+21,9.94193E+15,4.97984E+16
175908,9.17061E+18,9,6,77,151,2017,6,6,2,3,5,3,0,1,0,0,0,0,0,5.37391E+20,5.51302E+21,9.51925E+15,4.97685E+16
175909,9.17061E+18,9,6,76,134,2017,6,3,2,3,6,7,0,1,1,0,0,2,0,5.1282E+20,5.51299E+21,9.17803E+15,4.97693E+16
175910,9.17061E+18,9,6,71,140,2017,6,7,2,3,5,3,0,1,0,1,0,0,0,5.05634E+20,5.53735E+21,9.07859E+15,4.99885E+16
175911,9.17061E+18,9,5,72,132,2017,6,14,2,3,5,6,0,1,0,0,0,0,0,6.36972E+20,5.49256E+21,1.08944E+16,4.95701E+16
175912,9.17061E+18,9,5,72,132,2017,6,17,2,3,5,3,1,1,0,0,0,0,0,6.36073E+20,5.49252E+21,1.0882E+16,4.957E+16
175913,9.17061E+18,9,5,62,0,2017,6,7,2,3,5,3,0,1,0,0,0,0,0,6.45792E+20,5.49512E+21,1.10173E+16,4.95911E+16
175914,9.17061E+18,9,5,76,143,2017,6,15,2,3,0,7,1,0,0,0,0,0,0,6.59713E+20,5.45513E+21,1.11937E+16,4.92282E+16
175915,9.17061E+18,9,5,63,0,2017,6,12,2,3,1,7,0,1,0,0,0,0,0,6.44112E+20,5.48138E+21,1.09891E+16,4.9468E+16
175916,9.17061E+18,9,5,63,0,2017,6,15,2,3,6,4,1,0,1,0,0,0,0,6.44947E+20,5.48128E+21,1.10005E+16,4.94669E+16
175917,9.17061E+18,9,5,64,0,2017,6,15,2,3,5,3,1,0,0,0,1,0,0,6.45383E+20,5.47869E+21,1.10056E+16,4.94435E+16
175918,9.17061E+18,9,5,77,177,2017,6,18,2,3,4,3,1,1,0,0,0,0,0,6.40509E+20,5.4319E+21,1.0922E+16,4.90239E+16
175919,9.17062E+18,9,7,74,143,2017,6,11,2,3,0,3,1,1,0,0,0,0,0,5.97261E+20,5.35884E+21,1.03134E+16,4.83752E+16
175920,9.17062E+18,9,7,78,173,2017,6,11,2,3,4,2,1,1,0,0,0,0,0,6.10839E+20,5.32268E+21,1.04873E+16,4.80478E+16
175921,9.17062E+18,9,7,64,0,2017,6,17,2,3,2,6,1,0,0,0,0,0,0,5.87098E+20,5.3171E+21,1.01676E+16,4.80013E+16
175922,9.17062E+18,9,7,78,184,2017,6,18,2,2,2,6,0,1,0,0,0,0,0,5.97708E+20,5.32984E+21,1.03128E+16,4.81144E+16
175923,9.17062E+18,9,7,63,0,2017,6,15,2,2,6,4,0,1,1,0,0,0,0,5.99489E+20,5.28723E+21,1.03268E+16,4.77308E+16
175924,9.17062E+18,9,7,77,151,2017,6,22,2,2,0,1,1,0,0,0,0,2,0,6.21421E+20,5.29285E+21,1.06208E+16,4.77776E+16
175925,9.17062E+18,9,7,77,175,2017,6,20,2,2,4,6,0,1,0,0,1,0,0,6.11891E+20,5.29614E+21,1.04945E+16,4.78089E+16
175926,9.17062E+18,9,7,76,120,2017,6,11,2,2,0,1,1,0,0,0,0,0,0,5.47106E+20,5.26883E+21,9.62632E+15,4.75711E+16
175927,9.17062E+18,9,7,79,201,2017,6,20,2,2,0,7,1,1,0,0,0,0,0,6.4183E+20,5.39441E+21,1.09271E+16,4.86866E+16
175928,9.17062E+18,9,7,79,194,2017,6,17,2,3,5,3,0,1,0,0,0,0,0,6.09545E+20,5.41243E+21,1.04934E+16,4.88552E+16
175929,9.17062E+18,9,7,79,115,2017,6,16,2,3,0,1,1,0,0,0,0,0,0,6.33847E+20,5.39382E+21,1.08185E+16,4.86831E+16
175930,9.17062E+18,9,7,72,200,2017,6,16,2,3,5,3,0,1,0,1,0,0,0,6.30403E+20,5.33842E+21,1.07545E+16,4.81856E+16
175931,9.17062E+18,9,7,72,207,2017,6,17,2,3,2,6,1,0,0,0,0,0,0,6.40651E+20,5.38118E+21,1.09066E+16,4.85679E+16
175932,9.17062E+18,9,7,72,184,2017,6,18,2,3,5,7,1,1,0,0,0,0,0,6.35241E+20,5.35983E+21,1.08264E+16,4.83771E+16
175933,9.17062E+18,9,7,72,171,2017,6,13,2,3,5,3,1,1,0,0,0,0,0,6.37986E+20,5.36968E+21,1.08667E+16,4.84651E+16
175934,9.17062E+18,9,7,71,130,2017,6,20,2,3,9,1,0,1,0,0,0,0,0,6.44959E+20,5.35894E+21,1.09572E+16,4.83669E+16
175935,9.17062E+18,9,7,61,0,2017,6,8,2,3,5,3,0,1,0,1,0,0,0,6.38068E+20,5.35823E+21,1.0864E+16,4.83622E+16
175936,9.17062E+18,9,7,61,0,2017,6,8,2,2,4,2,1,1,0,0,0,0,0,6.42938E+20,5.36207E+21,1.0931E+16,4.83956E+16
175937,9.17062E+18,9,7,61,0,2017,6,13,2,3,6,4,0,1,1,0,0,0,0,6.3909E+20,5.35554E+21,1.08769E+16,4.83377E+16
175938,9.17062E+18,9,7,61,0,2017,6,8,2,3,5,3,1,1,0,0,0,0,0,6.40744E+20,5.3557E+21,1.08993E+16,4.83388E+16
175939,9.17062E+18,9,7,61,0,2017,6,17,2,3,1,6,0,1,0,0,0,0,0,6.40731E+20,5.35558E+21,1.08991E+16,4.83377E+16
175940,9.17062E+18,9,7,61,0,2017,6,9,2,3,1,5,1,1,0,0,0,0,0,6.41822E+20,5.36146E+21,1.09158E+16,4.83904E+16
175941,9.17062E+18,9,6,63,0,2017,6,16,2,3,5,1,0,1,0,1,0,0,0,5.67684E+20,5.51424E+21,9.94008E+15,4.97768E+16
175942,9.17062E+18,9,6,75,141,2017,6,17,2,3,0,7,1,0,0,0,0,0,0,5.82337E+20,5.51057E+21,1.01428E+16,4.9742E+16
175943,9.17062E+18,9,6,72,114,2017,6,18,2,3,1,7,1,1,0,0,0,0,0,5.76686E+20,5.56139E+21,1.00745E+16,5.01997E+16
175944,9.17062E+18,9,6,62,0,2017,6,13,2,3,2,6,0,1,0,1,0,0,0,5.86811E+20,5.54439E+21,1.02125E+16,5.00454E+16
175945,9.17062E+18,9,6,62,0,2017,6,12,2,3,0,7,0,0,0,0,1,0,0,5.87553E+20,5.54429E+21,1.02228E+16,5.00444E+16
175946,9.17062E+18,9,6,62,0,2017,6,8,2,3,5,2,1,1,0,0,0,0,0,5.86255E+20,5.54328E+21,1.02044E+16,5.00355E+16
175947,9.17062E+18,9,6,62,0,2017,6,19,2,3,0,7,1,0,0,0,0,0,0,5.85967E+20,5.54484E+21,1.02008E+16,5.00496E+16
175948,9.17062E+18,9,6,72,145,2017,6,15,2,2,9,1,0,0,0,1,0,0,0,5.62968E+20,5.57453E+21,9.8845E+15,5.03195E+16
175949,9.17062E+18,9,6,61,0,2017,6,12,2,3,2,6,0,1,0,0,0,0,0,5.10769E+20,5.53512E+21,9.15017E+15,4.99683E+16
175950,9.17062E+18,9,5,72,135,2017,6,18,2,3,2,6,0,1,0,0,0,0,0,6.29701E+20,5.50764E+21,1.07989E+16,4.97072E+16
175951,9.17062E+18,9,5,64,0,2017,6,17,2,3,0,6,1,1,0,0,0,0,0,6.4851E+20,5.47504E+21,1.10473E+16,4.94099E+16
175952,9.17062E+18,9,5,64,0,2017,6,19,2,3,4,2,0,1,0,0,1,2,0,6.50984E+20,5.47955E+21,1.10831E+16,4.94498E+16
175953,9.17062E+18,9,5,64,0,2017,6,17,2,2,6,2,0,1,1,0,0,0,0,6.46959E+20,5.48162E+21,1.10284E+16,4.94694E+16
175954,9.17062E+18,9,5,64,0,2017,6,0,2,3,1,1,0,1,0,0,0,2,0,6.4961E+20,5.47932E+21,1.10641E+16,4.94481E+16
175955,9.17062E+18,9,5,64,0,2017,6,7,2,3,5,2,1,1,0,0,0,0,0,6.50889E+20,5.48093E+21,1.10824E+16,4.94623E+16
175956,9.17062E+18,9,5,64,0,2017,6,15,2,3,0,7,0,0,0,0,1,0,0,6.50074E+20,5.48299E+21,1.10719E+16,4.94809E+16
175957,9.17062E+18,9,5,64,0,2017,6,15,2,3,0,1,1,0,0,0,0,0,0,6.50693E+20,5.47765E+21,1.10784E+16,4.94328E+16
175958,9.17062E+18,9,5,64,0,2017,6,15,2,3,5,2,0,1,0,1,0,0,0,6.5103E+20,5.47805E+21,1.10832E+16,4.94363E+16
175959,9.17062E+18,9,5,77,136,2017,6,7,2,3,2,6,0,1,0,0,0,0,0,6.28822E+20,5.44262E+21,1.07656E+16,4.91229E+16
175960,9.17062E+18,9,4,75,168,2017,6,15,2,2,8,1,0,0,0,1,0,0,0,7.09681E+20,5.56811E+21,1.19399E+16,5.02279E+16
175961,9.17062E+18,9,4,64,0,2017,6,16,2,3,1,5,0,1,0,0,0,0,0,7.06056E+20,5.57706E+21,1.1894E+16,5.03096E+16
175962,9.17062E+18,9,4,73,151,2017,6,14,2,3,2,6,0,1,0,0,0,0,0,6.50364E+20,5.57723E+21,1.11126E+16,5.0328E+16
175963,9.17062E+18,9,4,78,139,2017,6,17,2,3,9,1,0,1,0,0,0,0,0,6.48271E+20,5.55714E+21,1.10753E+16,5.01479E+16
175964,9.17062E+18,9,4,63,0,2017,6,16,2,3,5,3,1,1,0,0,0,0,0,6.40764E+20,5.57057E+21,1.09753E+16,5.02704E+16
175965,9.17062E+18,9,4,73,144,2017,6,20,2,2,7,7,0,0,0,1,0,0,0,6.31696E+20,5.58077E+21,1.08517E+16,5.03642E+16
175966,9.17062E+18,9,4,77,156,2017,6,6,2,2,4,2,1,1,0,0,0,0,0,6.79598E+20,5.56434E+21,1.15168E+16,5.0204E+16
175967,9.17062E+18,9,4,62,0,2017,6,6,2,3,0,3,0,1,0,1,0,0,0,6.85313E+20,5.53546E+21,1.15828E+16,4.99427E+16
175968,9.17062E+18,9,4,61,0,2017,6,15,2,3,5,3,1,0,0,0,0,0,0,6.37199E+20,5.53032E+21,1.09109E+16,4.99095E+16
175969,9.17062E+18,9,4,61,0,2017,6,10,2,3,3,6,1,1,0,0,0,0,0,6.36096E+20,5.52904E+21,1.08951E+16,4.98982E+16
175970,9.17062E+18,9,3,75,174,2017,6,17,2,3,0,1,1,0,0,0,0,0,0,7.34749E+20,5.43214E+21,1.22095E+16,4.89975E+16
175971,9.17062E+18,9,3,62,0,2017,6,16,2,3,4,5,1,1,0,0,0,0,0,7.24857E+20,5.43434E+21,1.20757E+16,4.90209E+16
175972,9.17062E+18,9,3,62,0,2017,6,6,2,3,5,3,1,1,0,0,0,0,0,7.26531E+20,5.43528E+21,1.20991E+16,4.90288E+16
175973,9.17062E+18,9,3,76,117,2017,6,22,2,3,0,1,0,0,0,1,0,2,0,7.40954E+20,5.4595E+21,1.23106E+16,4.92408E+16
175974,9.17062E+18,9,2,76,148,2017,6,6,2,3,5,3,0,1,0,0,0,0,0,8.08651E+20,5.43851E+21,1.32223E+16,4.90221E+16
175975,9.17062E+18,9,2,77,138,2017,6,20,2,2,4,6,1,1,0,0,1,0,0,7.92673E+20,5.37258E+21,1.29575E+16,4.84382E+16
175976,9.17062E+18,9,2,72,149,2017,6,16,2,3,4,6,0,1,0,1,0,0,0,8.19E+20,5.42676E+21,1.33542E+16,4.89115E+16
175977,9.17062E+18,9,2,72,118,2017,6,8,2,3,0,1,0,0,0,1,0,0,0,8.33659E+20,5.41662E+21,1.35454E+16,4.88128E+16
175978,9.17062E+18,9,1,90,141,2017,6,12,2,3,0,1,0,0,0,1,0,0,0,6.77194E+20,5.2927E+21,1.13647E+16,4.77633E+16
175979,9.17062E+18,9,1,80,117,2017,6,17,2,3,5,3,1,1,0,0,0,0,0,6.57119E+20,5.26212E+21,1.1086E+16,4.74935E+16
175980,9.17062E+18,9,1,83,119,2017,6,13,2,3,0,7,0,0,0,0,1,0,0,7.38043E+20,5.33884E+21,1.22011E+16,4.81582E+16
175981,9.17062E+18,9,1,83,148,2017,6,13,2,3,0,7,1,0,0,0,0,0,0,7.52278E+20,5.34388E+21,1.23952E+16,4.8198E+16
175982,9.17062E+18,9,1,83,128,2017,6,12,2,3,5,3,1,1,0,0,0,0,0,7.60039E+20,5.34951E+21,1.25029E+16,4.82454E+16
175983,9.17062E+18,9,1,63,0,2017,6,14,2,3,1,6,1,1,0,0,0,0,0,7.33564E+20,5.30474E+21,1.21224E+16,4.78535E+16
175984,9.17062E+18,9,1,87,142,2017,6,18,2,3,0,1,1,0,0,0,0,0,0,7.33148E+20,5.31153E+21,1.21205E+16,4.79147E+16
175985,9.17062E+18,9,1,87,122,2017,6,16,2,3,0,2,1,0,0,1,0,0,0,7.19405E+20,5.30682E+21,1.19344E+16,4.78772E+16
175986,9.17062E+18,9,1,87,150,2017,6,7,2,3,2,6,0,1,0,0,1,0,0,7.29587E+20,5.30416E+21,1.2069E+16,4.78498E+16
175987,9.17062E+18,9,1,61,0,2017,6,10,2,3,5,3,1,1,0,0,0,0,0,6.76897E+20,5.40851E+21,1.14092E+16,4.88044E+16
175988,9.17062E+18,9,1,85,149,2017,6,14,2,3,6,2,0,1,1,0,0,0,0,6.60011E+20,5.39998E+21,1.11761E+16,4.87323E+16
175989,9.17062E+18,9,1,76,160,2017,6,13,2,3,5,3,0,1,0,0,0,0,0,6.56967E+20,5.41869E+21,1.11419E+16,4.89013E+16
175990,9.17062E+18,9,1,88,141,2017,6,6,2,2,5,2,0,1,0,1,0,0,0,6.69771E+20,5.30837E+21,1.12718E+16,4.79062E+16
175991,9.17062E+18,9,1,79,142,2017,6,17,2,3,0,1,1,0,0,0,0,0,0,6.74213E+20,5.34289E+21,1.13453E+16,4.82153E+16
175992,9.17062E+18,9,1,79,118,2017,6,17,2,2,5,3,0,1,0,0,0,0,0,6.73043E+20,5.33849E+21,1.13277E+16,4.81761E+16
175993,9.17062E+18,9,1,79,136,2017,6,7,2,3,0,7,1,0,0,0,0,0,0,6.60281E+20,5.34161E+21,1.11574E+16,4.82075E+16
175994,9.17062E+18,9,1,81,144,2017,6,10,2,2,0,1,1,0,0,0,0,0,0,6.55614E+20,5.32113E+21,1.10871E+16,4.80245E+16
175995,9.17062E+18,9,1,74,126,2017,6,19,2,3,8,1,1,0,0,0,0,0,0,6.82804E+20,5.34445E+21,1.14615E+16,4.82269E+16
175996,9.17062E+18,9,1,74,115,2017,6,13,2,2,4,6,1,0,0,0,0,0,0,6.82023E+20,5.34876E+21,1.14528E+16,4.82659E+16
175997,9.17062E+18,9,1,74,115,2017,6,14,2,3,5,2,1,1,0,0,0,0,0,6.82285E+20,5.34777E+21,1.14559E+16,4.82569E+16
175998,9.17062E+18,9,1,74,115,2017,6,7,2,3,0,1,1,0,0,0,0,0,0,6.82244E+20,5.34694E+21,1.1455E+16,4.82495E+16
175999,9.17062E+18,9,1,74,115,2017,6,5,2,3,5,3,1,1,0,0,0,0,0,6.81335E+20,5.34729E+21,1.1443E+16,4.82529E+16
176000,9.17062E+18,9,1,78,124,2017,6,8,2,3,5,3,1,1,0,0,0,0,0,7.00289E+20,5.36067E+21,1.17044E+16,4.83674E+16
176001,9.17062E+18,9,1,62,0,2017,6,18,1,3,0,1,1,0,0,0,0,0,0,6.91785E+20,5.33803E+21,1.15794E+16,4.81665E+16
176002,9.17062E+18,9,1,62,0,2017,6,15,1,3,2,6,0,1,0,0,0,0,0,6.91824E+20,5.33566E+21,1.15789E+16,4.81453E+16
176003,9.17062E+18,9,1,62,0,2017,6,15,1,3,5,3,1,1,0,0,0,0,0,6.94705E+20,5.33487E+21,1.16172E+16,4.81373E+16
176004,9.17062E+18,9,1,62,0,2017,6,12,1,3,5,3,1,1,0,0,0,0,0,6.94457E+20,5.33303E+21,1.1613E+16,4.81208E+16
176005,9.17062E+18,9,1,62,0,2017,6,20,1,2,9,1,0,0,0,1,0,1,0,6.88359E+20,5.33349E+21,1.15314E+16,4.81267E+16