OBJECTID,UIDENTSTLA,ULAND,UREGBEZ,UKREIS,UGEMEINDE,UJAHR,UMONAT,USTUNDE,UWOCHENTAG,UKATEGORIE,UART,UTYP1,IstRad,IstPKW,IstFuss,IstKrad,IstSonstig,LICHT,STRZUSTAND,LINREFX,LINREFY,XGCSWGS84,YGCSWGS84
176177,9.17062E+18,9,2,73,111,2017,6,15,6,3,5,3,0,1,0,1,0,0,0,7.08783E+20,5.41089E+21,1.18442E+16,4.88159E+16
176178,9.17062E+18,9,1,73,147,2017,6,13,6,2,0,1,0,0,0,1,0,0,0,6.8167E+20,5.30897E+21,1.14312E+16,4.79083E+16
176179,9.17062E+18,9,1,90,144,2017,6,21,6,3,5,3,0,1,0,1,0,1,1,6.57291E+20,5.30874E+21,1.11051E+16,4.79127E+16
176180,9.17062E+18,9,1,89,159,2017,6,23,6,3,0,7,1,0,0,0,0,2,0,7.60218E+20,5.30228E+21,1.24766E+16,4.78212E+16
176181,9.17062E+18,9,1,72,111,2017,6,8,6,2,0,1,0,0,0,0,1,0,1,7.95922E+20,5.30573E+21,1.29549E+16,4.78367E+16
176182,9.17062E+18,9,1,72,114,2017,6,10,6,2,6,7,0,1,1,0,0,0,0,7.9097E+20,5.29322E+21,1.28805E+16,4.77267E+16
176183,9.17062E+18,9,7,64,0,2017,6,5,2,2,4,3,1,0,0,0,0,1,0,5.835E+20,5.31198E+21,1.01184E+16,4.79557E+16
176184,9.17062E+18,9,1,62,0,2017,6,16,5,3,3,2,1,1,0,0,0,0,0,6.94596E+20,5.33617E+21,1.16163E+16,4.8149E+16
176185,9.17062E+18,9,1,62,0,2017,6,22,5,3,2,6,0,0,0,1,0,2,0,6.90145E+20,5.33477E+21,1.15559E+16,4.81377E+16
176186,9.17062E+18,9,1,62,0,2017,6,6,5,3,5,3,1,0,0,0,0,0,0,6.90105E+20,5.33391E+21,1.1555E+16,4.81301E+16
176187,9.17062E+18,9,7,80,133,2017,6,12,5,3,6,7,0,1,1,0,0,0,0,5.96348E+20,5.25161E+21,1.02771E+16,4.74108E+16
176188,9.17062E+18,9,1,62,0,2017,6,19,5,3,0,7,1,0,0,0,0,0,0,6.92131E+20,5.33039E+21,1.15806E+16,4.80978E+16
176189,9.17062E+18,9,1,62,0,2017,6,17,5,3,2,6,0,1,0,0,0,0,0,6.93365E+20,5.33098E+21,1.15974E+16,4.81027E+16
176190,9.17062E+18,9,7,79,181,2017,6,16,5,3,2,6,0,1,0,1,0,0,0,6.33703E+20,5.39081E+21,1.08155E+16,4.86561E+16
176191,9.17062E+18,9,7,79,131,2017,6,11,5,3,1,5,0,1,0,1,0,0,0,6.28934E+20,5.39748E+21,1.07529E+16,4.8717E+16
176192,9.17062E+18,9,1,62,0,2017,6,22,5,2,0,1,1,0,0,0,0,2,0,6.92174E+20,5.33463E+21,1.15831E+16,4.81359E+16
176193,9.17062E+18,9,1,62,0,2017,6,7,5,3,2,7,1,0,0,0,0,0,0,6.90836E+20,5.33464E+21,1.15651E+16,4.81364E+16
176194,9.17062E+18,9,7,75,164,2017,6,20,5,2,5,3,1,1,0,0,0,0,0,5.86125E+20,5.35108E+21,1.01615E+16,4.83071E+16
176195,9.17062E+18,9,7,75,135,2017,6,7,5,3,6,4,0,1,1,0,0,0,0,5.74643E+20,5.36068E+21,1.00084E+16,4.83949E+16
176196,9.17062E+18,9,7,75,135,2017,6,18,5,3,3,3,1,1,0,0,0,0,0,5.74554E+20,5.35859E+21,1.00068E+16,4.83761E+16
176197,9.17062E+18,9,7,80,139,2017,6,12,5,3,5,3,1,0,0,0,1,0,0,5.96102E+20,5.26325E+21,1.02764E+16,4.75156E+16
176198,9.17062E+18,9,7,72,141,2017,6,13,5,2,0,7,1,0,0,0,0,0,0,6.23044E+20,5.34928E+21,1.06587E+16,4.82847E+16
176199,9.17062E+18,9,7,72,162,2017,6,10,5,3,5,3,1,1,0,0,0,0,0,6.3609E+20,5.33559E+21,1.083E+16,4.8159E+16
176200,9.17062E+18,9,7,61,0,2017,6,19,5,3,0,7,1,1,0,0,0,0,0,6.3711E+20,5.36017E+21,1.08517E+16,4.83798E+16
176201,9.17062E+18,9,7,61,0,2017,6,13,5,3,5,3,1,1,0,0,0,0,0,6.41781E+20,5.36154E+21,1.09152E+16,4.8391E+16
176202,9.17062E+18,9,7,61,0,2017,6,16,5,3,4,6,1,0,0,0,0,0,0,6.40423E+20,5.35591E+21,1.0895E+16,4.83408E+16
176203,9.17062E+18,9,7,61,0,2017,6,15,5,3,5,3,1,1,0,0,0,0,0,6.41735E+20,5.35936E+21,1.09139E+16,4.83715E+16
176204,9.17062E+18,9,7,61,0,2017,6,22,5,3,5,3,1,1,0,0,0,2,0,6.4109E+20,5.35555E+21,1.09039E+16,4.83374E+16
176205,9.17062E+18,9,7,61,0,2017,6,8,5,3,4,1,1,0,0,0,0,0,0,6.40672E+20,5.35503E+21,1.08981E+16,4.83328E+16
176206,9.17062E+18,9,7,61,0,2017,6,6,5,2,0,1,1,0,0,0,0,0,0,6.39389E+20,5.3586E+21,1.0882E+16,4.83652E+16
176207,9.17062E+18,9,6,79,147,2017,6,15,5,3,0,7,1,0,0,0,0,0,0,5.64479E+20,5.51534E+21,9.89576E+15,4.97871E+16
176208,9.17062E+18,9,6,79,136,2017,6,16,5,3,2,6,0,1,0,0,0,0,0,5.70821E+20,5.51516E+21,9.98382E+15,4.97847E+16
176209,9.17062E+18,9,6,63,0,2017,6,15,5,3,1,6,0,1,0,1,0,0,0,5.69855E+20,5.51512E+21,9.97039E+15,4.97845E+16
176210,9.17062E+18,9,6,63,0,2017,6,20,5,3,0,6,0,1,0,0,0,0,0,5.64585E+20,5.5133E+21,9.89689E+15,4.97687E+16
176211,9.17062E+18,9,6,75,141,2017,6,10,5,2,5,2,0,1,0,1,0,0,0,5.84802E+20,5.51222E+21,1.01774E+16,4.97565E+16
176212,9.17062E+18,9,6,72,127,2017,6,10,5,2,0,1,1,0,0,0,0,0,0,5.63605E+20,5.5518E+21,9.88964E+15,5.01151E+16
176213,9.17062E+18,9,6,78,134,2017,6,19,5,3,6,1,1,0,1,0,0,0,0,5.96996E+20,5.5282E+21,1.03506E+16,4.98983E+16
176214,9.17062E+18,9,6,73,114,2017,6,8,5,2,0,1,1,0,0,0,0,0,0,5.85429E+20,5.57512E+21,1.02001E+16,5.0322E+16
176215,9.17062E+18,9,6,78,135,2017,6,6,5,3,2,6,0,1,0,0,0,0,0,5.90886E+20,5.54192E+21,1.02688E+16,5.00226E+16
176216,9.17062E+18,9,6,62,0,2017,6,9,5,3,5,3,0,1,0,0,1,0,0,5.88834E+20,5.54285E+21,1.02404E+16,5.00313E+16
176217,9.17062E+18,9,6,76,117,2017,6,13,5,3,4,2,1,0,0,0,1,0,0,5.23176E+20,5.51327E+21,9.32187E+15,4.97714E+16
176218,9.17062E+18,9,6,71,140,2017,6,8,5,3,3,6,0,1,0,0,0,0,0,5.06456E+20,5.53675E+21,9.09006E+15,4.9983E+16
176219,9.17062E+18,9,5,62,0,2017,6,16,5,3,1,5,1,0,0,0,1,0,0,6.44715E+20,5.49381E+21,1.10019E+16,4.95795E+16
176220,9.17062E+18,9,5,64,0,2017,6,9,5,2,5,3,1,1,0,0,0,0,0,6.52678E+20,5.4768E+21,1.11054E+16,4.94247E+16
176221,9.17062E+18,9,5,64,0,2017,6,12,5,3,5,3,0,1,0,1,0,0,0,6.50241E+20,5.47679E+21,1.10719E+16,4.94252E+16
176222,9.17062E+18,9,5,64,0,2017,6,12,5,3,2,6,0,1,0,1,0,0,0,6.5518E+20,5.47418E+21,1.11389E+16,4.94005E+16
176223,9.17062E+18,9,5,64,0,2017,6,7,5,3,3,6,1,0,0,0,0,0,0,6.48049E+20,5.47466E+21,1.10408E+16,4.94066E+16
176224,9.17062E+18,9,5,73,134,2017,6,17,5,3,4,2,1,1,0,0,0,0,0,6.41974E+20,5.4786E+21,1.09586E+16,4.94435E+16
176225,9.17062E+18,9,5,77,177,2017,6,9,5,3,0,7,0,1,0,0,1,0,0,6.43162E+20,5.43377E+21,1.09589E+16,4.90402E+16
176226,9.17062E+18,9,5,77,136,2017,6,16,5,3,5,3,0,1,0,0,0,0,0,6.28896E+20,5.44268E+21,1.07667E+16,4.91234E+16
176227,9.17062E+18,9,5,61,0,2017,6,7,5,3,4,2,0,1,0,1,0,0,0,6.14715E+20,5.46206E+21,1.05779E+16,4.93005E+16
176228,9.17062E+18,9,4,75,168,2017,6,13,5,3,0,1,1,0,0,0,0,0,0,7.09148E+20,5.56748E+21,1.19321E+16,5.02225E+16
176229,9.17062E+18,9,4,76,145,2017,6,13,5,3,2,6,0,1,0,1,0,0,0,6.68143E+20,5.57112E+21,1.13594E+16,5.02683E+16
176230,9.17062E+18,9,4,62,0,2017,6,17,5,2,0,2,1,1,0,0,0,0,0,6.84941E+20,5.53698E+21,1.15784E+16,4.99565E+16
176231,9.17062E+18,9,3,75,182,2017,6,20,5,3,5,3,0,1,0,0,0,0,0,7.36513E+20,5.41655E+21,1.22246E+16,4.88568E+16
176232,9.17062E+18,9,3,62,0,2017,6,10,5,3,5,2,1,1,0,0,0,0,0,7.25187E+20,5.434E+21,1.208E+16,4.90177E+16
176233,9.17062E+18,9,3,62,0,2017,6,18,5,3,5,2,1,1,0,0,0,0,0,7.26977E+20,5.43144E+21,1.21031E+16,4.89941E+16
176234,9.17062E+18,9,3,73,147,2017,6,7,5,3,5,3,1,1,0,0,0,0,0,6.79095E+20,5.46156E+21,1.14625E+16,4.92805E+16
176235,9.17062E+18,9,3,76,161,2017,6,9,5,3,2,6,0,1,0,0,0,0,0,7.25271E+20,5.46677E+21,1.20995E+16,4.93121E+16
176236,9.17062E+18,9,3,76,161,2017,6,19,5,3,6,4,0,1,1,0,0,0,0,7.2565E+20,5.46873E+21,1.21058E+16,4.93296E+16
176237,9.17062E+18,9,2,71,111,2017,6,9,5,3,1,5,0,1,0,0,1,0,0,7.84668E+20,5.40598E+21,1.28724E+16,4.87417E+16
176238,9.17062E+18,9,2,62,0,2017,6,17,5,3,2,6,0,1,0,0,0,0,0,8.24155E+20,5.3894E+21,1.3395E+16,4.85737E+16
176239,9.17062E+18,9,2,62,0,2017,6,13,5,3,1,6,0,1,0,1,0,0,0,8.28826E+20,5.38933E+21,1.34581E+16,4.85706E+16
176240,9.17062E+18,9,2,61,0,2017,6,12,5,3,1,7,0,1,0,0,0,0,0,7.32837E+20,5.38102E+21,1.21545E+16,4.8539E+16
176241,9.17062E+18,9,2,74,113,2017,6,11,5,3,0,1,0,0,0,1,0,0,0,7.27049E+20,5.38464E+21,1.20782E+16,4.85736E+16
176242,9.17062E+18,9,2,61,0,2017,6,9,5,2,4,2,0,1,0,1,0,0,0,7.31697E+20,5.38189E+21,1.21396E+16,4.85473E+16
176243,9.17062E+18,9,1,90,139,2017,6,17,5,3,2,1,0,1,0,1,0,0,0,6.54278E+20,5.29498E+21,1.10599E+16,4.77897E+16
176244,9.17062E+18,9,1,73,111,2017,6,17,5,3,0,7,1,0,0,0,0,0,0,6.84583E+20,5.29098E+21,1.14624E+16,4.77457E+16
176245,9.17062E+18,9,1,83,119,2017,6,16,5,3,2,6,0,1,0,1,0,0,0,7.36261E+20,5.3394E+21,1.21775E+16,4.81639E+16
176246,9.17062E+18,9,1,89,155,2017,6,21,5,3,0,7,1,0,0,0,0,2,0,7.71318E+20,5.30937E+21,1.2629E+16,4.78803E+16
176247,9.17062E+18,9,1,72,128,2017,6,9,5,3,5,3,1,1,0,0,0,0,0,7.93189E+20,5.29828E+21,1.29134E+16,4.77711E+16
176248,9.17062E+18,9,1,63,0,2017,6,11,5,3,0,1,1,0,0,0,0,0,0,7.31793E+20,5.30455E+21,1.20987E+16,4.78525E+16
176249,9.17062E+18,9,1,87,162,2017,6,17,5,3,0,1,1,0,0,0,0,0,0,7.50312E+20,5.30571E+21,1.23465E+16,4.78559E+16
176250,9.17062E+18,9,1,87,128,2017,6,2,5,3,9,1,1,0,0,0,0,2,0,7.46076E+20,5.31199E+21,1.22935E+16,4.7914E+16
176251,9.17062E+18,9,1,87,120,2017,6,16,5,3,4,6,1,0,0,0,0,0,0,7.33007E+20,5.29147E+21,1.21078E+16,4.77345E+16
176252,9.17062E+18,9,1,87,130,2017,6,6,5,3,4,2,1,1,0,0,0,0,0,7.11631E+20,5.30979E+21,1.1832E+16,4.79065E+16
176253,9.17062E+18,9,1,61,0,2017,6,8,5,3,4,6,1,0,0,0,0,0,0,6.78341E+20,5.40398E+21,1.14269E+16,4.87633E+16
176254,9.17062E+18,9,1,61,0,2017,6,9,5,3,5,3,1,1,0,0,0,0,0,6.76232E+20,5.40457E+21,1.13985E+16,4.87692E+16
176255,9.17062E+18,9,1,76,129,2017,6,13,5,3,5,3,0,1,0,0,1,0,0,6.84632E+20,5.40706E+21,1.15138E+16,4.87891E+16
176256,9.17062E+18,9,1,61,0,2017,6,10,5,3,2,6,1,0,0,0,0,0,0,6.7516E+20,5.40479E+21,1.1384E+16,4.87714E+16
176257,9.17062E+18,9,1,61,0,2017,6,11,5,3,5,3,0,1,0,0,0,0,0,6.74943E+20,5.40422E+21,1.13808E+16,4.87664E+16
176258,9.17062E+18,9,1,88,141,2017,6,5,5,3,2,5,0,1,0,0,0,0,0,6.69823E+20,5.30851E+21,1.12726E+16,4.79074E+16
176259,9.17062E+18,9,1,81,116,2017,6,13,5,3,5,3,0,1,0,0,0,0,0,6.47172E+20,5.33915E+21,1.09802E+16,4.81885E+16
176260,9.17062E+18,9,1,74,146,2017,6,12,5,3,1,6,0,1,0,1,0,0,0,6.65916E+20,5.35208E+21,1.12373E+16,4.83001E+16
176261,9.17062E+18,9,1,74,115,2017,6,16,5,3,2,6,1,0,0,0,1,0,0,6.81571E+20,5.34783E+21,1.14464E+16,4.82577E+16
176262,9.17062E+18,9,1,77,117,2017,6,19,5,3,0,7,1,0,0,0,0,0,0,7.15504E+20,5.35437E+21,1.19063E+16,4.83058E+16
176263,9.17062E+18,9,1,62,0,2017,6,12,4,3,0,7,0,1,0,1,0,0,0,6.90914E+20,5.33593E+21,1.15668E+16,4.8148E+16
176264,9.17062E+18,9,1,62,0,2017,6,17,4,3,4,2,1,1,0,0,0,0,0,6.90015E+20,5.34019E+21,1.15566E+16,4.81865E+16
176265,9.17062E+18,9,1,84,144,2017,6,18,4,3,5,3,1,1,0,0,0,0,0,6.8849E+20,5.31586E+21,1.15254E+16,4.79682E+16
176266,9.17062E+18,9,1,62,0,2017,6,18,4,3,5,2,1,0,0,0,1,0,0,6.887E+20,5.33342E+21,1.15359E+16,4.81261E+16
176267,9.17062E+18,9,1,62,0,2017,6,11,4,3,2,4,0,1,1,0,0,0,0,6.89261E+20,5.33613E+21,1.15447E+16,4.81503E+16
176268,9.17062E+18,9,1,62,0,2017,6,13,4,3,6,3,0,1,1,0,0,0,0,6.91502E+20,5.33241E+21,1.15731E+16,4.81161E+16
176269,9.17062E+18,9,1,62,0,2017,6,7,4,3,1,7,1,1,0,0,0,0,0,6.91825E+20,5.33955E+21,1.15806E+16,4.81802E+16
176270,9.17062E+18,9,1,62,0,2017,6,7,4,3,1,7,1,0,0,0,0,0,0,6.95967E+20,5.33279E+21,1.16332E+16,4.81182E+16
176271,9.17062E+18,9,1,62,0,2017,6,15,4,3,5,2,1,1,0,0,0,0,0,6.91241E+20,5.33927E+21,1.15727E+16,4.81778E+16
176272,9.17062E+18,9,1,62,0,2017,6,18,4,3,0,7,1,0,0,0,0,0,0,6.79715E+20,5.33632E+21,1.14165E+16,4.81547E+16
176273,9.17062E+18,9,1,62,0,2017,6,13,4,3,2,6,0,1,0,0,0,0,0,6.88049E+20,5.33901E+21,1.15296E+16,4.81765E+16
176274,9.17062E+18,9,1,84,140,2017,6,12,4,3,5,3,1,1,0,0,0,0,0,7.00616E+20,5.32824E+21,1.16934E+16,4.80758E+16
176275,9.17062E+18,9,1,62,0,2017,6,18,4,3,5,3,0,1,0,1,0,0,0,7.0045E+20,5.33443E+21,1.16941E+16,4.81315E+16
176276,9.17062E+18,9,1,62,0,2017,6,19,4,3,6,4,0,1,1,0,0,0,0,6.93885E+20,5.33134E+21,1.16046E+16,4.81058E+16
176277,9.17062E+18,9,1,62,0,2017,6,17,4,3,2,6,0,1,0,0,0,0,0,6.94468E+20,5.3348E+21,1.1614E+16,4.81367E+16
176278,9.17062E+18,9,1,62,0,2017,6,8,4,3,1,5,1,1,0,0,0,0,0,6.91187E+20,5.33779E+21,1.15713E+16,4.81646E+16
176279,9.17062E+18,9,1,62,0,2017,6,0,4,2,0,1,1,0,0,0,0,2,0,6.91999E+20,5.3352E+21,1.1581E+16,4.81411E+16
176280,9.17062E+18,9,7,64,0,2017,6,7,4,3,0,7,0,0,0,1,1,0,1,5.89808E+20,5.31942E+21,1.02044E+16,4.80217E+16
176281,9.17062E+18,9,7,63,0,2017,6,15,4,2,5,2,1,1,0,0,0,0,0,5.98512E+20,5.28635E+21,1.03136E+16,4.7723E+16
176282,9.17062E+18,9,7,63,0,2017,6,11,4,3,5,2,1,1,0,0,0,0,0,5.98159E+20,5.28571E+21,1.03088E+16,4.77173E+16
176283,9.17062E+18,9,7,63,0,2017,6,9,4,3,2,6,0,1,0,0,0,0,0,5.97327E+20,5.28521E+21,1.02976E+16,4.77129E+16
176284,9.17062E+18,9,7,76,120,2017,6,13,4,3,0,1,1,0,0,0,0,0,0,5.45965E+20,5.26958E+21,9.61123E+15,4.7578E+16
176285,9.17062E+18,9,7,63,0,2017,6,22,4,3,5,3,0,1,0,0,0,2,0,5.98263E+20,5.28683E+21,1.03104E+16,4.77274E+16
176286,9.17062E+18,9,7,79,167,2017,6,10,4,2,0,1,1,0,0,0,0,0,0,6.26327E+20,5.41023E+21,1.07214E+16,4.88322E+16
176287,9.17062E+18,9,7,72,147,2017,6,13,4,3,4,2,0,1,0,1,0,0,0,6.38195E+20,5.36383E+21,1.08676E+16,4.84125E+16
176288,9.17062E+18,9,7,71,146,2017,6,14,4,3,5,3,0,1,0,0,0,0,0,6.47457E+20,5.3482E+21,1.09872E+16,4.82698E+16
176289,9.17062E+18,9,7,61,0,2017,6,18,4,3,2,6,0,1,0,1,0,0,0,6.39281E+20,5.36122E+21,1.08814E+16,4.83888E+16
176290,9.17062E+18,9,7,61,0,2017,6,17,4,3,4,2,0,1,0,1,0,0,0,6.41314E+20,5.36073E+21,1.09086E+16,4.83839E+16
176291,9.17062E+18,9,7,61,0,2017,6,20,4,3,5,3,1,1,0,0,0,0,0,6.39691E+20,5.36004E+21,1.08865E+16,4.83781E+16
176292,9.17062E+18,9,7,71,114,2017,6,16,4,3,8,1,0,0,0,0,1,0,0,6.44289E+20,5.3766E+21,1.09543E+16,4.85259E+16
176293,9.17062E+18,9,6,63,0,2017,6,16,4,3,6,4,0,0,1,0,1,0,0,5.67067E+20,5.51536E+21,9.9317E+15,4.97869E+16
176294,9.17062E+18,9,6,75,139,2017,6,7,4,3,8,6,1,0,0,0,0,0,0,5.90707E+20,5.50563E+21,1.02578E+16,4.96963E+16
176295,9.17062E+18,9,6,72,127,2017,6,11,4,3,6,4,0,1,1,0,0,0,0,5.64046E+20,5.55218E+21,9.89587E+15,5.01184E+16
176296,9.17062E+18,9,6,74,130,2017,6,8,4,2,0,1,1,0,0,0,0,0,0,6.27675E+20,5.5526E+21,1.07857E+16,5.01119E+16
176297,9.17062E+18,9,6,62,0,2017,6,6,4,3,5,3,0,1,0,0,0,1,0,5.87978E+20,5.54227E+21,1.02283E+16,5.00262E+16
176298,9.17062E+18,9,6,76,169,2017,6,8,4,3,0,7,0,0,0,0,1,0,0,5.11578E+20,5.51549E+21,9.16086E+15,4.97918E+16
176299,9.17062E+18,9,6,71,130,2017,6,21,4,2,0,7,1,0,0,0,0,0,0,5.14692E+20,5.53935E+21,9.20503E+15,5.00063E+16
176300,9.17062E+18,9,6,71,111,2017,6,20,4,3,4,6,1,0,0,0,0,0,0,5.04515E+20,5.54501E+21,9.06307E+15,5.00573E+16
176301,9.17062E+18,9,5,72,126,2017,6,14,4,3,1,3,1,1,0,0,0,0,0,6.32492E+20,5.5065E+21,1.08372E+16,4.96965E+16
176302,9.17062E+18,9,5,62,0,2017,6,8,4,3,0,4,1,0,1,0,0,0,0,6.4614E+20,5.49575E+21,1.10224E+16,4.95966E+16
176303,9.17062E+18,9,5,65,0,2017,6,7,4,3,5,3,0,1,0,1,0,0,0,6.46626E+20,5.46688E+21,1.10184E+16,4.9337E+16
176304,9.17062E+18,9,5,65,0,2017,6,17,4,3,5,3,1,1,0,0,0,0,0,6.4687E+20,5.46532E+21,1.10212E+16,4.93229E+16
176305,9.17062E+18,9,5,63,0,2017,6,15,4,3,6,4,0,1,1,0,0,0,0,6.44807E+20,5.48088E+21,1.09985E+16,4.94633E+16
176306,9.17062E+18,9,5,64,0,2017,6,18,4,3,5,3,1,1,0,0,0,0,0,6.5145E+20,5.47873E+21,1.10892E+16,4.94423E+16
176307,9.17062E+18,9,5,64,0,2017,6,18,4,2,0,7,1,0,0,0,0,0,0,6.50852E+20,5.4813E+21,1.1082E+16,4.94656E+16
176308,9.17062E+18,9,5,64,0,2017,6,18,4,3,5,2,1,1,0,0,0,0,0,6.52127E+20,5.47963E+21,1.10989E+16,4.94502E+16
176309,9.17062E+18,9,5,64,0,2017,6,8,4,3,0,6,1,1,0,0,0,0,0,6.50532E+20,5.47762E+21,1.10762E+16,4.94326E+16
176310,9.17062E+18,9,5,64,0,2017,6,16,4,3,8,1,0,1,0,0,0,0,0,6.53681E+20,5.48179E+21,1.11212E+16,4.94693E+16
176311,9.17062E+18,9,5,64,0,2017,6,19,4,3,5,2,0,1,0,0,0,0,0,6.48631E+20,5.47487E+21,1.10489E+16,4.94084E+16
176312,9.17062E+18,9,5,64,0,2017,6,9,4,3,2,6,0,1,0,0,0,0,0,6.5054E+20,5.47529E+21,1.10754E+16,4.94116E+16
176313,9.17062E+18,9,5,77,136,2017,6,6,4,3,0,1,1,0,0,0,0,0,0,6.27669E+20,5.44609E+21,1.07509E+16,4.91543E+16
176314,9.17062E+18,9,5,71,145,2017,6,7,4,2,5,3,0,1,0,1,0,0,0,5.98534E+20,5.44359E+21,1.03509E+16,4.91372E+16
176315,9.17062E+18,9,5,61,0,2017,6,15,4,3,4,2,0,1,0,1,0,0,0,6.14781E+20,5.46192E+21,1.05788E+16,4.92993E+16
176316,9.17062E+18,9,4,79,136,2017,6,17,4,3,6,7,0,1,1,0,0,0,0,7.20939E+20,5.54333E+21,1.20832E+16,5.00013E+16
176317,9.17062E+18,9,4,79,136,2017,6,15,4,2,5,3,0,1,0,1,0,0,0,7.25699E+20,5.54347E+21,1.21496E+16,5.00007E+16
176318,9.17062E+18,9,4,64,0,2017,6,18,4,3,5,3,0,1,0,0,0,0,0,7.09376E+20,5.57856E+21,1.19414E+16,5.03219E+16
176319,9.17062E+18,9,4,63,0,2017,6,9,4,2,0,1,0,0,0,1,0,0,0,6.39588E+20,5.5692E+21,1.09583E+16,5.02585E+16
176320,9.17062E+18,9,4,63,0,2017,6,19,4,2,5,3,1,1,0,0,0,0,0,6.4051E+20,5.56803E+21,1.09708E+16,5.02477E+16
176321,9.17062E+18,9,4,62,0,2017,6,13,4,3,5,3,0,1,0,0,0,0,0,6.84595E+20,5.5366E+21,1.15734E+16,4.99532E+16
176322,9.17062E+18,9,4,77,143,2017,6,14,4,3,4,6,0,1,0,1,0,0,0,6.84436E+20,5.5518E+21,1.15785E+16,5.00898E+16
176323,9.17062E+18,9,3,77,129,2017,6,18,4,3,9,1,0,0,0,1,0,0,0,7.0793E+20,5.52687E+21,1.1893E+16,4.98581E+16
176324,9.17062E+18,9,3,62,0,2017,6,7,4,3,0,6,1,0,0,0,0,0,0,7.24009E+20,5.43369E+21,1.20638E+16,4.90153E+16
176325,9.17062E+18,9,3,62,0,2017,6,10,4,2,9,1,0,1,0,0,0,0,0,7.27185E+20,5.43026E+21,1.21052E+16,4.89834E+16
176326,9.17062E+18,9,3,62,0,2017,6,8,4,3,5,1,1,1,0,0,0,0,0,7.28332E+20,5.43516E+21,1.21237E+16,4.90271E+16
176327,9.17062E+18,9,3,73,147,2017,6,18,4,3,0,4,0,1,1,0,0,0,0,6.78808E+20,5.4618E+21,1.14587E+16,4.92828E+16
176328,9.17062E+18,9,3,73,147,2017,6,19,4,3,5,2,0,1,0,1,0,0,0,6.78434E+20,5.4608E+21,1.14531E+16,4.92739E+16
176329,9.17062E+18,9,3,76,161,2017,6,8,4,2,4,6,1,1,0,0,0,0,0,7.25528E+20,5.46815E+21,1.21038E+16,4.93244E+16
176330,9.17062E+18,9,3,76,161,2017,6,12,4,3,5,3,1,1,0,0,0,0,0,7.26986E+20,5.46729E+21,1.21234E+16,4.93161E+16
176331,9.17062E+18,9,3,61,0,2017,6,13,4,3,2,6,0,1,0,0,0,0,0,7.08276E+20,5.47966E+21,1.18728E+16,4.94339E+16
176332,9.17062E+18,9,3,61,0,2017,6,11,4,3,2,6,0,1,0,0,0,0,0,7.08857E+20,5.4805E+21,1.18812E+16,4.94412E+16
176333,9.17062E+18,9,2,78,123,2017,6,14,4,3,0,1,1,0,0,0,0,0,0,7.49574E+20,5.41378E+21,1.24006E+16,4.88268E+16
176334,9.17062E+18,9,2,63,0,2017,6,19,4,3,4,6,1,0,0,0,0,0,0,7.61524E+20,5.41985E+21,1.2567E+16,4.88764E+16
176335,9.17062E+18,9,2,71,111,2017,6,14,4,3,8,1,0,0,0,1,0,0,0,7.84362E+20,5.4054E+21,1.28678E+16,4.87366E+16
176336,9.17062E+18,9,2,62,0,2017,6,9,4,3,5,3,1,1,0,0,0,0,0,8.27965E+20,5.38856E+21,1.34458E+16,4.85642E+16
176337,9.17062E+18,9,2,75,145,2017,6,16,4,2,5,3,0,1,0,1,0,0,0,8.20635E+20,5.3732E+21,1.3335E+16,4.84302E+16
176338,9.17062E+18,9,2,74,128,2017,6,13,4,3,9,1,0,1,0,0,0,0,0,7.34734E+20,5.38929E+21,1.21848E+16,4.86126E+16
176339,9.17062E+18,9,1,90,157,2017,6,7,4,3,0,1,0,0,0,1,0,0,0,6.5912E+20,5.29974E+21,1.11262E+16,4.78313E+16
176340,9.17062E+18,9,1,73,133,2017,6,11,4,2,0,7,1,0,0,0,0,0,0,6.79088E+20,5.28245E+21,1.13857E+16,4.76706E+16
176341,9.17062E+18,9,1,87,179,2017,6,13,4,3,0,3,0,0,0,1,1,0,1,7.19246E+20,5.3175E+21,1.19377E+16,4.79732E+16
176342,9.17062E+18,9,1,61,0,2017,6,15,4,3,5,3,1,1,0,0,0,0,0,6.76061E+20,5.40654E+21,1.1397E+16,4.8787E+16
176343,9.17062E+18,9,1,61,0,2017,6,8,4,3,6,4,1,0,1,0,0,0,0,6.78149E+20,5.40407E+21,1.14243E+16,4.87642E+16
176344,9.17062E+18,9,1,88,121,2017,6,8,4,3,5,2,0,1,0,0,0,0,0,6.70776E+20,5.33012E+21,1.12939E+16,4.81014E+16
176345,9.17062E+18,9,1,79,121,2017,6,16,4,3,5,2,0,1,0,0,0,0,0,6.66503E+20,5.33776E+21,1.12396E+16,4.81713E+16
176346,9.17062E+18,9,1,74,131,2017,6,19,4,3,0,1,1,0,0,0,0,0,0,6.76497E+20,5.35884E+21,1.13827E+16,4.83581E+16
176347,9.17062E+18,9,1,75,139,2017,6,14,4,3,2,7,0,0,0,1,1,0,0,7.10956E+20,5.33078E+21,1.18334E+16,4.80954E+16
176348,9.17062E+18,9,1,78,130,2017,6,14,4,3,5,3,0,1,0,0,0,0,0,7.02767E+20,5.35661E+21,1.17358E+16,4.83301E+16