OBJECTID,UIDENTSTLA,ULAND,UREGBEZ,UKREIS,UGEMEINDE,UJAHR,UMONAT,USTUNDE,UWOCHENTAG,UKATEGORIE,UART,UTYP1,IstRad,IstPKW,IstFuss,IstKrad,IstSonstig,LICHT,STRZUSTAND,LINREFX,LINREFY,XGCSWGS84,YGCSWGS84
176349,9.17062E+18,9,1,75,137,2017,6,9,4,3,5,3,0,1,0,0,0,0,0,7.25451E+20,5.33023E+21,1.20275E+16,4.80854E+16
176350,9.17062E+18,9,1,77,139,2017,6,7,4,3,2,6,1,1,0,0,0,0,0,7.32741E+20,5.35908E+21,1.2141E+16,4.8342E+16
176351,9.17062E+18,9,1,62,0,2017,6,20,3,3,2,6,1,1,0,0,0,0,0,6.90203E+20,5.33543E+21,1.1557E+16,4.81437E+16
176352,9.17062E+18,9,1,62,0,2017,6,17,3,3,6,4,0,0,1,0,1,0,0,6.83743E+20,5.33536E+21,1.14702E+16,4.81449E+16
176353,9.17062E+18,9,1,62,0,2017,6,11,3,3,5,5,1,1,0,0,0,0,0,6.85729E+20,5.3338E+21,1.14962E+16,4.81303E+16
176354,9.17062E+18,9,1,62,0,2017,6,15,3,3,3,2,1,1,0,0,0,0,0,6.88653E+20,5.3361E+21,1.15365E+16,4.81502E+16
176355,9.17062E+18,9,1,62,0,2017,6,6,3,2,0,7,0,0,0,1,0,0,0,6.91691E+20,5.33416E+21,1.15764E+16,4.81318E+16
176356,9.17062E+18,9,1,62,0,2017,6,13,3,3,3,6,1,0,0,0,0,0,0,6.91764E+20,5.34038E+21,1.15802E+16,4.81877E+16
176357,9.17062E+18,9,1,62,0,2017,6,20,3,3,5,3,1,1,0,0,0,0,0,6.83027E+20,5.33606E+21,1.14609E+16,4.81514E+16
176358,9.17062E+18,9,1,62,0,2017,6,8,3,3,5,2,1,0,0,1,0,0,0,6.90792E+20,5.33979E+21,1.15669E+16,4.81827E+16
176359,9.17062E+18,9,1,62,0,2017,6,18,3,3,1,3,0,1,0,1,0,0,0,6.86652E+20,5.33617E+21,1.15096E+16,4.81513E+16
176360,9.17062E+18,9,1,62,0,2017,6,7,3,3,3,2,1,1,0,0,0,0,0,6.96544E+20,5.33434E+21,1.16416E+16,4.81319E+16
176361,9.17062E+18,9,1,62,0,2017,6,13,3,3,5,2,1,1,0,0,0,0,0,6.93119E+20,5.33191E+21,1.15946E+16,4.81111E+16
176362,9.17062E+18,9,1,62,0,2017,6,19,3,3,6,4,1,0,1,0,0,0,0,6.93886E+20,5.33134E+21,1.16046E+16,4.81058E+16
176363,9.17062E+18,9,1,62,0,2017,6,11,3,3,3,2,1,1,0,0,0,0,0,6.93929E+20,5.33122E+21,1.16051E+16,4.81047E+16
176364,9.17062E+18,9,1,62,0,2017,6,17,3,3,5,2,1,1,0,0,0,0,0,6.88576E+20,5.33218E+21,1.15337E+16,4.81149E+16
176365,9.17062E+18,9,1,62,0,2017,6,18,3,3,0,6,0,1,0,1,0,0,0,6.90913E+20,5.33444E+21,1.15661E+16,4.81345E+16
176366,9.17062E+18,9,7,75,152,2017,6,6,3,2,5,2,1,1,0,0,0,0,0,5.76996E+20,5.35307E+21,1.00387E+16,4.83262E+16
176367,9.17062E+18,9,7,75,135,2017,6,16,3,3,0,7,0,0,0,1,0,0,1,5.74247E+20,5.36004E+21,1.00029E+16,4.83891E+16
176368,9.17062E+18,9,7,78,218,2017,4,16,2,3,4,6,0,1,0,0,0,0,0,5.95212E+20,5.3046E+21,1.02736E+16,4.78876E+16
176369,9.17062E+18,9,7,64,0,2017,6,17,3,3,3,6,0,1,0,1,0,0,0,5.88701E+20,5.31581E+21,1.01889E+16,4.79894E+16
176370,9.17062E+18,9,7,80,121,2017,6,15,3,2,0,1,1,0,0,0,0,0,0,5.95674E+20,5.25664E+21,1.02693E+16,4.74562E+16
176371,9.17062E+18,9,7,80,124,2017,6,15,3,3,0,1,1,0,0,0,0,0,0,5.89686E+20,5.26912E+21,1.01924E+16,4.75693E+16
176372,9.17062E+18,9,7,73,122,2017,6,7,3,2,4,2,1,1,0,0,0,0,0,6.25917E+20,5.38451E+21,1.0708E+16,4.8601E+16
176373,9.17062E+18,9,7,61,0,2017,6,16,3,2,5,3,0,1,0,1,0,0,0,6.38853E+20,5.35924E+21,1.08749E+16,4.8371E+16
176374,9.17062E+18,9,7,61,0,2017,6,14,3,3,0,1,0,0,0,1,0,0,0,6.37921E+20,5.35799E+21,1.0862E+16,4.836E+16
176375,9.17062E+18,9,7,61,0,2017,6,18,3,2,5,6,1,0,0,0,0,0,0,6.35916E+20,5.36087E+21,1.08358E+16,4.83864E+16
176376,9.17062E+18,9,7,61,0,2017,6,17,3,3,3,6,1,1,0,0,0,0,0,6.39331E+20,5.35866E+21,1.08812E+16,4.83657E+16
176377,9.17062E+18,9,7,61,0,2017,6,11,3,3,0,7,1,0,0,0,0,0,0,6.40615E+20,5.35493E+21,1.08973E+16,4.83319E+16
176378,9.17062E+18,9,7,61,0,2017,6,10,3,3,5,3,1,1,0,0,0,0,0,6.39736E+20,5.35644E+21,1.08859E+16,4.83456E+16
176379,9.17062E+18,9,6,79,156,2017,6,6,3,3,5,2,1,1,0,0,0,0,0,5.74925E+20,5.52185E+21,1.00421E+16,4.98444E+16
176380,9.17062E+18,9,6,63,0,2017,6,7,3,2,5,3,0,1,0,0,0,0,0,5.69039E+20,5.51529E+21,9.95909E+15,4.97861E+16
176381,9.17062E+18,9,6,63,0,2017,6,13,3,2,0,1,0,0,0,1,0,0,0,5.6737E+20,5.51465E+21,9.9358E+15,4.97805E+16
176382,9.17062E+18,9,6,63,0,2017,6,17,3,3,6,2,0,1,1,0,0,0,0,5.67902E+20,5.51603E+21,9.94343E+15,4.97929E+16
176383,9.17062E+18,9,6,63,0,2017,6,7,3,3,4,2,0,1,0,0,0,0,0,5.69451E+20,5.51677E+21,9.96507E+15,4.97994E+16
176384,9.17062E+18,9,6,77,114,2017,6,13,3,3,5,3,0,1,0,0,0,0,0,5.68942E+20,5.53678E+21,9.96157E+15,4.99794E+16
176385,9.17062E+18,9,6,74,147,2017,6,17,3,3,4,6,0,1,0,0,0,0,0,6.05799E+20,5.54306E+21,1.04772E+16,5.00305E+16
176386,9.17062E+18,9,6,62,0,2017,6,6,3,3,2,6,0,1,0,0,0,0,0,5.85415E+20,5.54612E+21,1.01934E+16,5.00612E+16
176387,9.17062E+18,9,6,62,0,2017,6,17,3,3,2,2,0,1,0,0,0,0,0,5.8679E+20,5.54439E+21,1.02122E+16,5.00454E+16
176388,9.17062E+18,9,6,76,139,2017,6,19,3,3,8,7,0,0,0,1,0,0,0,5.18092E+20,5.50629E+21,9.25093E+15,4.97089E+16
176389,9.17062E+18,9,6,61,0,2017,6,11,3,3,2,6,0,1,0,0,0,0,0,5.10333E+20,5.53623E+21,9.14411E+15,4.99783E+16
176390,9.17062E+18,9,5,62,0,2017,6,16,3,3,4,2,1,0,0,0,0,0,0,6.45047E+20,5.49647E+21,1.10075E+16,4.96034E+16
176391,9.17062E+18,9,5,62,0,2017,6,10,3,3,4,6,0,1,0,1,0,0,0,6.46042E+20,5.49703E+21,1.10215E+16,4.96082E+16
176392,9.17062E+18,9,5,65,0,2017,6,13,3,3,5,2,1,1,0,0,0,0,0,6.46691E+20,5.46561E+21,1.10188E+16,4.93255E+16
176393,9.17062E+18,9,5,63,0,2017,6,17,3,3,2,6,0,1,0,1,0,0,0,6.42406E+20,5.48244E+21,1.09659E+16,4.94779E+16
176394,9.17062E+18,9,5,64,0,2017,6,8,3,2,7,6,1,0,0,0,0,0,0,6.52246E+20,5.48479E+21,1.11026E+16,4.94966E+16
176395,9.17062E+18,9,5,64,0,2017,6,12,3,2,5,2,1,1,0,0,0,0,0,6.48264E+20,5.48117E+21,1.10462E+16,4.9465E+16
176396,9.17062E+18,9,5,64,0,2017,6,9,3,3,2,6,0,1,0,0,0,0,0,6.5085E+20,5.4788E+21,1.1081E+16,4.94431E+16
176397,9.17062E+18,9,5,64,0,2017,6,21,3,3,1,1,1,1,0,0,0,1,0,6.52336E+20,5.48055E+21,1.11022E+16,4.94585E+16
176398,9.17062E+18,9,5,77,125,2017,6,16,3,3,5,3,0,1,0,0,0,0,0,6.41475E+20,5.43771E+21,1.09372E+16,4.9076E+16
176399,9.17062E+18,9,5,71,193,2017,6,11,3,3,1,7,0,0,0,1,1,0,0,5.86271E+20,5.46991E+21,1.01885E+16,4.93758E+16
176400,9.17062E+18,9,5,71,224,2017,6,11,3,3,0,6,0,1,0,1,0,0,0,6.01274E+20,5.43214E+21,1.03856E+16,4.90338E+16
176401,9.17062E+18,9,4,79,161,2017,6,10,3,3,0,7,0,0,0,1,0,0,0,7.11205E+20,5.54469E+21,1.19483E+16,5.00171E+16
176402,9.17062E+18,9,4,78,145,2017,6,12,3,3,5,3,0,0,0,1,1,0,0,6.50409E+20,5.55951E+21,1.11062E+16,5.01687E+16
176403,9.17062E+18,9,4,63,0,2017,6,15,3,3,6,4,0,1,1,0,0,0,0,6.40148E+20,5.56877E+21,1.0966E+16,5.02545E+16
176404,9.17062E+18,9,4,62,0,2017,6,17,3,3,5,3,0,1,0,0,0,0,0,6.83729E+20,5.53446E+21,1.15603E+16,4.99343E+16
176405,9.17062E+18,9,3,63,0,2017,6,9,3,3,5,3,1,1,0,0,0,0,0,7.26448E+20,5.50934E+21,1.21401E+16,4.9694E+16
176406,9.17062E+18,9,3,62,0,2017,6,11,3,3,1,6,0,1,0,0,0,0,0,7.25071E+20,5.43396E+21,1.20784E+16,4.90174E+16
176407,9.17062E+18,9,3,72,171,2017,6,19,3,3,5,3,0,1,0,0,0,0,0,7.68859E+20,5.47646E+21,1.27046E+16,4.93814E+16
176408,9.17062E+18,9,3,75,199,2017,6,14,3,3,1,7,0,1,0,0,0,0,0,7.21411E+20,5.43205E+21,1.20274E+16,4.90016E+16
176409,9.17062E+18,9,3,62,0,2017,6,16,3,3,4,2,0,1,0,0,0,0,0,7.25843E+20,5.43384E+21,1.20889E+16,4.90161E+16
176410,9.17062E+18,9,3,62,0,2017,6,11,3,3,6,7,0,0,1,0,1,0,0,7.27424E+20,5.43406E+21,1.21106E+16,4.90175E+16
176411,9.17062E+18,9,3,62,0,2017,6,5,3,3,5,3,1,1,0,0,0,1,0,7.25239E+20,5.4331E+21,1.20802E+16,4.90096E+16
176412,9.17062E+18,9,3,62,0,2017,6,17,3,3,3,7,1,1,0,0,0,0,0,7.27729E+20,5.43484E+21,1.21152E+16,4.90243E+16
176413,9.17062E+18,9,3,73,140,2017,6,19,3,3,5,3,1,1,0,0,0,0,0,6.86194E+20,5.4687E+21,1.15634E+16,4.93426E+16
176414,9.17062E+18,9,3,73,147,2017,6,22,3,3,6,7,1,0,1,0,0,1,0,6.78898E+20,5.46176E+21,1.14599E+16,4.92824E+16
176415,9.17062E+18,9,3,73,146,2017,6,15,3,3,5,3,0,1,0,0,0,0,0,6.78467E+20,5.44979E+21,1.14487E+16,4.91749E+16
176416,9.17062E+18,9,3,73,147,2017,6,11,3,3,9,1,1,0,0,0,0,0,0,6.78087E+20,5.46137E+21,1.14486E+16,4.92791E+16
176417,9.17062E+18,9,3,72,116,2017,6,15,3,2,0,7,1,0,0,0,0,0,0,7.68591E+20,5.45865E+21,1.26889E+16,4.92216E+16
176418,9.17062E+18,9,3,71,126,2017,6,7,3,3,5,3,1,0,0,0,0,0,0,7.03419E+20,5.49042E+21,1.18114E+16,4.95322E+16
176419,9.17062E+18,9,2,71,119,2017,6,17,3,3,4,6,0,1,0,0,0,0,0,7.93714E+20,5.41658E+21,1.30027E+16,4.88326E+16
176420,9.17062E+18,9,2,75,114,2017,6,19,3,2,0,7,1,0,0,0,1,0,0,7.97255E+20,5.38883E+21,1.30308E+16,4.85819E+16
176421,9.17062E+18,9,2,75,146,2017,6,18,3,2,4,1,0,1,0,1,0,0,0,8.2829E+20,5.39285E+21,1.34536E+16,4.86025E+16
176422,9.17062E+18,9,2,77,116,2017,6,19,3,3,3,6,0,1,0,1,0,0,0,7.78663E+20,5.3681E+21,1.27655E+16,4.84044E+16
176423,9.17062E+18,9,2,74,126,2017,6,19,3,3,1,6,0,1,0,0,0,0,0,7.33348E+20,5.38244E+21,1.21622E+16,4.85516E+16
176424,9.17062E+18,9,2,61,0,2017,6,7,3,3,0,7,0,0,0,1,1,0,0,7.36003E+20,5.38419E+21,1.21991E+16,4.85663E+16
176425,9.17062E+18,9,2,61,0,2017,6,17,3,3,2,6,0,1,0,1,0,0,0,7.32572E+20,5.38243E+21,1.21517E+16,4.85518E+16
176426,9.17062E+18,9,2,73,111,2017,6,20,3,3,5,3,1,1,0,0,0,0,0,7.08614E+20,5.40972E+21,1.18413E+16,4.88055E+16
176427,9.17062E+18,9,1,90,141,2017,6,15,3,2,0,7,0,0,0,1,0,0,0,6.77801E+20,5.2912E+21,1.13721E+16,4.77496E+16
176428,9.17062E+18,9,1,89,111,2017,6,22,3,3,0,1,1,0,0,0,0,2,0,7.63508E+20,5.32234E+21,1.25327E+16,4.8E+16
176429,9.17062E+18,9,1,71,125,2017,6,15,3,2,0,7,1,0,0,0,0,0,0,7.73859E+20,5.34927E+21,1.26885E+16,4.82375E+16
176430,9.17062E+18,9,1,87,168,2017,6,14,3,3,8,1,1,0,0,0,0,0,0,7.50276E+20,5.30869E+21,1.23477E+16,4.78827E+16
176431,9.17062E+18,9,1,82,120,2017,6,12,3,3,5,3,1,1,0,0,0,0,0,7.01804E+20,5.30675E+21,1.16993E+16,4.78823E+16
176432,9.17062E+18,9,1,87,120,2017,6,6,3,2,0,7,1,0,0,0,1,0,0,7.33198E+20,5.29027E+21,1.21097E+16,4.77237E+16
176433,9.17062E+18,9,1,87,154,2017,6,20,3,3,6,7,1,0,1,0,0,0,0,7.34971E+20,5.29543E+21,1.21361E+16,4.77694E+16
176434,9.17062E+18,9,1,61,0,2017,6,8,3,3,5,3,1,1,0,0,0,0,0,6.7746E+20,5.40529E+21,1.14155E+16,4.87753E+16
176435,9.17062E+18,9,1,61,0,2017,6,16,3,3,5,3,1,1,0,0,0,0,0,6.78814E+20,5.4041E+21,1.14334E+16,4.87642E+16
176436,9.17062E+18,9,1,61,0,2017,6,15,3,3,2,6,1,1,0,0,0,0,0,6.77829E+20,5.40531E+21,1.14205E+16,4.87753E+16
176437,9.17062E+18,9,1,86,147,2017,6,10,3,2,5,3,1,1,1,0,0,0,0,6.82275E+20,5.39204E+21,1.14751E+16,4.86548E+16
176438,9.17062E+18,9,1,79,142,2017,6,12,3,3,0,3,0,1,0,0,0,0,0,6.73095E+20,5.34349E+21,1.13305E+16,4.8221E+16
176439,9.17062E+18,9,1,81,130,2017,6,9,3,3,5,3,0,1,0,0,0,0,0,6.38383E+20,5.32602E+21,1.08577E+16,4.80724E+16
176440,9.17062E+18,9,1,88,121,2017,6,16,3,3,5,3,1,1,0,0,0,0,0,6.71959E+20,5.33032E+21,1.13099E+16,4.81029E+16
176441,9.17062E+18,9,1,78,124,2017,6,11,3,3,0,1,0,0,0,1,0,0,0,7.02591E+20,5.36523E+21,1.17376E+16,4.84076E+16
176442,9.17062E+18,9,1,62,0,2017,6,7,2,3,7,1,1,0,0,0,0,0,0,6.90685E+20,5.33414E+21,1.15629E+16,4.81319E+16
176443,9.17062E+18,9,1,62,0,2017,6,22,2,3,5,3,0,1,0,0,0,2,0,6.91202E+20,5.33582E+21,1.15706E+16,4.81469E+16
176444,9.17062E+18,9,1,84,120,2017,6,8,2,3,3,2,1,1,0,0,0,0,0,6.80927E+20,5.33226E+21,1.14311E+16,4.81179E+16
176445,9.17062E+18,9,1,62,0,2017,6,17,2,3,3,7,0,1,0,1,0,0,0,6.90641E+20,5.33522E+21,1.15628E+16,4.81416E+16
176446,9.17062E+18,9,1,62,0,2017,6,8,2,3,5,2,0,1,0,1,0,0,0,6.97512E+20,5.33283E+21,1.16539E+16,4.81181E+16
176447,9.17062E+18,9,1,84,134,2017,6,15,2,2,0,7,1,0,0,0,0,0,0,6.90235E+20,5.31687E+21,1.15492E+16,4.79768E+16
176448,9.17062E+18,9,1,62,0,2017,6,7,2,3,3,2,1,1,0,0,0,0,0,6.92949E+20,5.33235E+21,1.15925E+16,4.81152E+16
176449,9.17062E+18,9,1,62,0,2017,6,17,2,2,5,5,0,1,0,1,0,0,0,6.98299E+20,5.3345E+21,1.16653E+16,4.81328E+16
176450,9.17062E+18,9,1,62,0,2017,6,7,2,3,5,6,1,0,0,0,1,0,0,6.9469E+20,5.33667E+21,1.16178E+16,4.81535E+16
176451,9.17062E+18,9,1,62,0,2017,6,12,2,3,3,3,1,1,0,0,0,0,0,6.90344E+20,5.33352E+21,1.1558E+16,4.81265E+16
176452,9.17062E+18,9,1,62,0,2017,6,16,2,3,5,3,1,1,0,0,0,0,0,6.88016E+20,5.3402E+21,1.15297E+16,4.81872E+16
176453,9.17062E+18,9,1,62,0,2017,6,10,2,3,5,2,1,0,0,0,1,0,0,6.85077E+20,5.33925E+21,1.14898E+16,4.81795E+16
176454,9.17062E+18,9,1,62,0,2017,6,15,2,3,0,5,0,0,0,0,1,0,0,6.88445E+20,5.34199E+21,1.15363E+16,4.82032E+16
176455,9.17062E+18,9,1,62,0,2017,6,8,2,3,5,7,1,1,0,0,0,0,0,6.92887E+20,5.33535E+21,1.1593E+16,4.81422E+16
176456,9.17062E+18,9,1,62,0,2017,6,15,2,3,0,4,0,0,1,0,1,0,0,6.86747E+20,5.33726E+21,1.15114E+16,4.81611E+16
176457,9.17062E+18,9,1,62,0,2017,6,21,2,3,6,4,1,0,1,0,0,0,0,6.86216E+20,5.33392E+21,1.15028E+16,4.81313E+16
176458,9.17062E+18,9,1,62,0,2017,6,14,2,2,7,7,1,0,0,0,1,0,0,6.99774E+20,5.33225E+21,1.1684E+16,4.81122E+16
176459,9.17062E+18,9,1,62,0,2017,6,15,2,3,0,6,0,0,0,1,0,0,0,6.932E+20,5.33342E+21,1.15963E+16,4.81247E+16
176460,9.17062E+18,9,1,62,0,2017,6,13,2,3,5,3,1,1,0,0,0,0,0,6.92933E+20,5.33891E+21,1.15952E+16,4.81742E+16
176461,9.17062E+18,9,7,75,135,2017,6,9,2,2,0,7,1,0,0,0,0,0,0,5.75298E+20,5.35795E+21,1.00167E+16,4.83702E+16
176462,9.17062E+18,9,7,79,181,2017,6,8,5,3,4,3,1,1,0,0,0,0,0,6.33651E+20,5.39052E+21,1.08147E+16,4.86534E+16
176463,9.17062E+18,9,1,62,0,2017,6,15,5,3,5,7,1,0,0,0,0,0,0,6.91977E+20,5.3362E+21,1.15812E+16,4.81501E+16
176464,9.17062E+18,9,1,62,0,2017,6,17,5,2,0,5,1,0,0,0,0,0,0,6.88395E+20,5.3365E+21,1.15332E+16,4.81538E+16
176465,9.17062E+18,9,1,62,0,2017,6,13,5,3,5,3,1,1,0,0,0,0,0,6.96759E+20,5.33033E+21,1.16427E+16,4.80958E+16
176466,9.17062E+18,9,1,62,0,2017,6,14,5,3,3,2,0,1,0,1,0,0,0,6.87463E+20,5.33588E+21,1.15204E+16,4.81485E+16
176467,9.17062E+18,9,1,62,0,2017,6,12,5,3,2,6,0,1,0,0,1,0,0,6.86468E+20,5.33835E+21,1.15081E+16,4.8171E+16
176468,9.17062E+18,9,1,77,117,2017,6,17,6,3,1,1,1,1,0,0,0,0,0,7.15803E+20,5.35389E+21,1.19101E+16,4.83014E+16
176469,9.17062E+18,9,1,77,117,2017,6,7,6,3,0,1,1,0,0,0,0,0,0,7.15545E+20,5.35285E+21,1.19061E+16,4.82921E+16
176470,9.17062E+18,9,1,62,0,2017,6,7,5,3,0,4,1,0,1,0,0,0,0,6.89274E+20,5.33619E+21,1.15449E+16,4.81507E+16
176471,9.17062E+18,9,1,76,124,2017,6,18,6,2,1,5,1,1,0,0,0,0,0,6.70814E+20,5.4102E+21,1.13271E+16,4.88213E+16
176472,9.17062E+18,9,1,61,0,2017,6,14,6,3,4,6,1,1,0,0,0,0,0,6.80599E+20,5.40613E+21,1.14585E+16,4.8782E+16
176473,9.17062E+18,9,1,62,0,2017,6,17,5,3,3,7,0,1,0,1,0,0,0,6.8656E+20,5.32982E+21,1.15056E+16,4.80943E+16
176474,9.17062E+18,9,1,62,0,2017,6,20,5,2,6,4,0,1,1,0,0,0,0,6.93307E+20,5.33196E+21,1.15971E+16,4.81115E+16
176475,9.17062E+18,9,1,74,115,2017,6,16,6,3,5,3,1,1,0,0,0,0,0,6.82375E+20,5.348E+21,1.14573E+16,4.82589E+16
176476,9.17062E+18,9,1,62,0,2017,6,2,5,3,1,7,1,0,0,0,1,2,0,6.90565E+20,5.33661E+21,1.15624E+16,4.81541E+16
176477,9.17062E+18,9,1,62,0,2017,6,15,5,3,6,7,0,1,1,0,0,0,0,6.86691E+20,5.33651E+21,1.15103E+16,4.81545E+16
176478,9.17062E+18,9,1,62,0,2017,6,10,5,3,0,3,1,1,0,0,0,0,0,6.81877E+20,5.33864E+21,1.14465E+16,4.81749E+16
176479,9.17062E+18,9,1,86,143,2017,6,13,6,3,5,3,0,1,0,1,0,0,0,6.84884E+20,5.37812E+21,1.15043E+16,4.85289E+16
176480,9.17062E+18,9,1,61,0,2017,6,7,6,3,3,2,1,1,0,0,0,0,0,6.74928E+20,5.4047E+21,1.13808E+16,4.87707E+16
176481,9.17062E+18,9,1,84,121,2017,6,7,5,3,6,3,0,1,1,0,0,0,0,7.05502E+20,5.33121E+21,1.17604E+16,4.8101E+16
176482,9.17062E+18,9,1,62,0,2017,6,22,5,3,3,2,1,1,0,0,0,2,0,6.90789E+20,5.33464E+21,1.15645E+16,4.81364E+16
176483,9.17062E+18,9,1,62,0,2017,6,11,5,1,1,7,0,1,1,0,0,0,0,6.83307E+20,5.33793E+21,1.14654E+16,4.81682E+16
176484,9.17063E+18,9,7,72,125,2017,6,1,1,3,1,1,1,1,0,0,0,2,0,6.37048E+20,5.34772E+21,1.08468E+16,4.82678E+16
176485,9.17063E+18,9,7,61,0,2017,6,19,1,3,5,3,1,0,0,0,0,0,0,6.41977E+20,5.36289E+21,1.09183E+16,4.84032E+16
176486,9.17063E+18,9,7,61,0,2017,6,15,1,3,0,1,1,0,0,0,0,0,0,6.43471E+20,5.35729E+21,1.09366E+16,4.83525E+16
176487,9.17063E+18,9,7,61,0,2017,6,21,1,3,8,1,0,1,0,0,0,1,0,6.41086E+20,5.3582E+21,1.09047E+16,4.83612E+16
176488,9.17063E+18,9,6,73,162,2017,6,2,1,3,8,6,0,0,0,1,0,2,0,5.71558E+20,5.5777E+21,1.00058E+16,5.0347E+16
176489,9.17063E+18,9,6,71,114,2017,6,2,1,3,1,7,0,1,0,0,0,2,0,5.00175E+20,5.54385E+21,9.00245E+15,5.00469E+16
176490,9.17063E+18,9,5,64,0,2017,6,12,1,3,5,3,1,1,0,0,0,0,0,6.45276E+20,5.48752E+21,1.10074E+16,4.95228E+16
176491,9.17063E+18,9,5,64,0,2017,6,16,1,3,5,3,0,1,0,0,0,0,0,6.51781E+20,5.47827E+21,1.10936E+16,4.94381E+16
176492,9.17063E+18,9,5,64,0,2017,6,14,1,3,1,7,0,1,0,0,1,0,0,6.49638E+20,5.4767E+21,1.10635E+16,4.94245E+16
176493,9.17063E+18,9,5,64,0,2017,6,20,1,3,8,5,1,1,0,0,0,0,0,6.51276E+20,5.47734E+21,1.10863E+16,4.94299E+16
176494,9.17063E+18,9,5,71,216,2017,6,14,1,3,0,7,1,0,0,0,0,0,0,6.20223E+20,5.45094E+21,1.06503E+16,4.91994E+16
176495,9.17063E+18,9,5,61,0,2017,6,22,1,3,5,2,0,1,0,1,0,2,0,6.1424E+20,5.46207E+21,1.05714E+16,4.93007E+16
176496,9.17063E+18,9,4,75,154,2017,6,16,1,2,6,4,0,1,1,0,0,0,0,6.98482E+20,5.56262E+21,1.17802E+16,5.01825E+16
176497,9.17063E+18,9,4,75,168,2017,6,9,1,3,5,3,1,1,0,0,0,0,0,7.10383E+20,5.56707E+21,1.19492E+16,5.02183E+16
176498,9.17063E+18,9,4,63,0,2017,6,16,1,3,0,7,1,0,0,0,0,0,0,6.39139E+20,5.57048E+21,1.09525E+16,5.027E+16
176499,9.17063E+18,9,3,73,121,2017,6,20,1,3,8,1,1,0,0,0,0,0,0,6.8915E+20,5.43455E+21,1.1588E+16,4.90348E+16
176500,9.17063E+18,9,3,62,0,2017,6,18,1,3,0,7,1,0,0,0,0,0,0,7.26144E+20,5.43658E+21,1.20946E+16,4.90406E+16
176501,9.17063E+18,9,2,73,116,2017,6,10,1,3,2,2,1,0,0,0,0,0,0,7.19479E+20,5.42424E+21,1.19968E+16,4.89321E+16
176502,9.17063E+18,9,1,90,145,2017,6,13,1,3,0,1,0,0,0,1,0,0,1,6.46041E+20,5.28892E+21,1.09479E+16,4.77371E+16
176503,9.17063E+18,9,1,90,141,2017,6,18,1,3,1,5,1,1,0,0,0,0,0,6.78722E+20,5.29142E+21,1.13845E+16,4.77513E+16
176504,9.17063E+18,9,1,83,124,2017,6,0,1,2,0,1,1,0,0,0,0,2,0,7.58832E+20,5.34436E+21,1.24835E+16,4.81997E+16
176505,9.17063E+18,9,1,89,142,2017,6,2,1,2,9,1,0,1,0,0,0,2,0,7.50333E+20,5.33145E+21,1.23617E+16,4.80871E+16
176506,9.17063E+18,9,1,83,138,2017,6,21,1,2,0,7,1,0,0,0,0,1,1,7.45811E+20,5.34636E+21,1.23097E+16,4.82227E+16
176507,9.17063E+18,9,1,87,128,2017,6,11,1,3,0,7,1,0,0,0,0,0,1,7.46159E+20,5.31117E+21,1.22942E+16,4.79066E+16
176508,9.17063E+18,9,1,61,0,2017,6,11,1,3,3,6,1,1,0,0,0,0,0,6.77786E+20,5.40526E+21,1.14199E+16,4.87749E+16
176509,9.17063E+18,9,1,86,122,2017,6,15,1,3,8,1,0,0,0,1,0,0,0,6.90738E+20,5.39235E+21,1.159E+16,4.8655E+16
176510,9.17063E+18,9,1,88,141,2017,6,20,1,3,9,7,0,0,0,1,0,0,0,6.67911E+20,5.30943E+21,1.12474E+16,4.79162E+16
176511,9.17063E+18,9,1,79,123,2017,6,12,1,3,0,7,1,0,0,0,0,0,1,6.75236E+20,5.33303E+21,1.1355E+16,4.81264E+16
176512,9.17062E+18,9,1,62,0,2017,6,22,7,2,0,7,1,0,0,0,0,2,0,6.92148E+20,5.33493E+21,1.15829E+16,4.81386E+16
176513,9.17062E+18,9,1,62,0,2017,6,23,7,3,0,7,1,0,0,0,0,2,0,6.87857E+20,5.34292E+21,1.15288E+16,4.82117E+16
176514,9.17062E+18,9,1,62,0,2017,6,23,7,3,0,1,1,0,0,0,0,2,0,6.93566E+20,5.33339E+21,1.16012E+16,4.81243E+16
176515,9.17062E+18,9,1,84,138,2017,6,12,7,3,2,6,1,1,0,0,0,0,0,6.79826E+20,5.33084E+21,1.14157E+16,4.81054E+16
176516,9.17062E+18,9,1,62,0,2017,6,5,7,3,0,7,1,0,0,0,0,0,0,6.93928E+20,5.34234E+21,1.16102E+16,4.82046E+16
176517,9.17062E+18,9,1,62,0,2017,6,17,7,3,0,7,1,0,0,0,0,0,0,6.96445E+20,5.33691E+21,1.16415E+16,4.81551E+16
176518,9.17062E+18,9,1,62,0,2017,6,19,7,2,0,7,1,0,0,0,0,0,0,6.86491E+20,5.33444E+21,1.15067E+16,4.81358E+16
176519,9.17062E+18,9,1,62,0,2017,6,20,7,3,0,1,1,0,0,0,0,0,0,6.91071E+20,5.33441E+21,1.15682E+16,4.81343E+16
176520,9.17062E+18,9,1,62,0,2017,6,17,7,3,3,6,0,1,0,1,0,0,0,6.93003E+20,5.33384E+21,1.15939E+16,4.81286E+16