OBJECTID,UIDENTSTLA,ULAND,UREGBEZ,UKREIS,UGEMEINDE,UJAHR,UMONAT,USTUNDE,UWOCHENTAG,UKATEGORIE,UART,UTYP1,IstRad,IstPKW,IstFuss,IstKrad,IstSonstig,LICHT,STRZUSTAND,LINREFX,LINREFY,XGCSWGS84,YGCSWGS84
176693,9.17062E+18,9,1,73,113,2017,6,7,6,2,5,7,1,1,0,0,0,0,0,6.81571E+20,5.28709E+21,1.14207E+16,4.77116E+16
176694,9.17062E+18,9,1,73,112,2017,6,15,6,3,5,3,1,1,0,0,0,0,0,6.92087E+20,5.29177E+21,1.15628E+16,4.77507E+16
176695,9.17062E+18,9,1,89,143,2017,6,10,6,2,0,1,0,0,0,0,1,0,0,7.60685E+20,5.31975E+21,1.24934E+16,4.79779E+16
176696,9.17062E+18,9,1,89,145,2017,6,8,6,2,5,3,1,1,0,0,0,0,0,7.7271E+20,5.3025E+21,1.26433E+16,4.7818E+16
176697,9.17062E+18,9,1,89,140,2017,6,13,6,3,0,1,1,0,0,0,0,0,0,7.73212E+20,5.29636E+21,1.26461E+16,4.77626E+16
176698,9.17062E+18,9,1,89,155,2017,6,13,6,3,0,7,1,0,0,0,0,0,0,7.70466E+20,5.30823E+21,1.2617E+16,4.78704E+16
176699,9.17062E+18,9,1,72,130,2017,6,9,6,3,0,1,1,0,0,0,0,0,0,7.96675E+20,5.3102E+21,1.2968E+16,4.78765E+16
176700,9.17062E+18,9,1,71,112,2017,6,15,6,3,5,2,1,0,0,0,0,0,0,7.84254E+20,5.3418E+21,1.28232E+16,4.81658E+16
176701,9.17062E+18,9,1,72,116,2017,6,11,6,3,0,7,0,0,0,1,0,0,0,8.04475E+20,5.28556E+21,1.30548E+16,4.76517E+16
176702,9.17062E+18,9,1,72,114,2017,6,14,6,3,1,5,1,1,0,0,0,0,0,7.91677E+20,5.2942E+21,1.28905E+16,4.77352E+16
176703,9.17062E+18,9,1,63,0,2017,6,7,6,3,5,7,1,1,0,0,0,0,0,7.33975E+20,5.3038E+21,1.21274E+16,4.78449E+16
176704,9.17062E+18,9,1,63,0,2017,6,15,6,3,3,5,1,1,0,0,0,0,0,7.32866E+20,5.3051E+21,1.21133E+16,4.7857E+16
176705,9.17062E+18,9,1,87,150,2017,6,22,6,3,0,1,1,0,0,0,0,2,0,7.30176E+20,5.30412E+21,1.20768E+16,4.78492E+16
176706,9.17062E+18,9,1,87,117,2017,6,1,6,3,0,1,1,0,0,0,0,2,0,7.24817E+20,5.30571E+21,1.20061E+16,4.78653E+16
176707,9.17062E+18,9,1,62,0,2017,6,7,5,3,2,6,1,1,0,0,0,0,0,6.94008E+20,5.33412E+21,1.16075E+16,4.81308E+16
176708,9.17062E+18,9,1,77,117,2017,6,12,6,3,5,3,1,1,0,0,0,0,0,7.1524E+20,5.35288E+21,1.1902E+16,4.82924E+16
176709,9.17062E+18,9,1,62,0,2017,6,2,5,3,9,1,0,1,0,0,0,2,0,6.91024E+20,5.33327E+21,1.1567E+16,4.8124E+16
176710,9.17062E+18,9,1,62,0,2017,6,13,5,3,1,5,1,1,0,0,0,0,0,6.87873E+20,5.33705E+21,1.15264E+16,4.81589E+16
176711,9.17062E+18,9,1,79,134,2017,6,11,6,3,2,7,0,1,0,0,0,0,0,6.67516E+20,5.34247E+21,1.1255E+16,4.82133E+16
176712,9.17062E+18,9,1,62,0,2017,6,21,5,2,6,7,1,0,1,0,0,2,0,6.87499E+20,5.33756E+21,1.15216E+16,4.81636E+16
176713,9.17062E+18,9,1,62,0,2017,6,11,5,3,9,1,0,0,0,1,0,0,0,6.96437E+20,5.33834E+21,1.16421E+16,4.81679E+16
176714,9.17063E+18,9,4,61,0,2017,6,14,4,3,5,3,1,1,0,0,0,0,0,6.36504E+20,5.53062E+21,1.09013E+16,4.99123E+16
176715,9.17063E+18,9,3,77,146,2017,6,16,4,2,0,7,0,0,0,0,1,0,0,7.39623E+20,5.52042E+21,1.23293E+16,4.97884E+16
176716,9.17063E+18,9,3,72,171,2017,6,12,4,3,4,2,0,1,0,0,1,0,0,7.68683E+20,5.47615E+21,1.2702E+16,4.93788E+16
176717,9.17063E+18,9,3,72,126,2017,6,13,4,3,1,5,0,1,0,0,0,0,0,7.79098E+20,5.46896E+21,1.28401E+16,4.93095E+16
176718,9.17063E+18,9,3,62,0,2017,6,16,4,3,0,3,1,0,0,0,0,0,0,7.23787E+20,5.43313E+21,1.20604E+16,4.90104E+16
176719,9.17063E+18,9,3,62,0,2017,6,14,4,3,5,7,1,1,0,0,0,0,0,7.2671E+20,5.4319E+21,1.20997E+16,4.89984E+16
176720,9.17063E+18,9,3,62,0,2017,6,14,4,2,3,2,1,0,0,0,1,0,0,7.26155E+20,5.43319E+21,1.20928E+16,4.90101E+16
176721,9.17063E+18,9,3,62,0,2017,6,19,4,3,3,2,1,1,0,0,0,0,0,7.25824E+20,5.43348E+21,1.20884E+16,4.90128E+16
176722,9.17063E+18,9,3,62,0,2017,6,17,4,3,0,1,1,0,0,0,0,0,0,7.26162E+20,5.43206E+21,1.20923E+16,4.9E+16
176723,9.17063E+18,9,3,73,147,2017,6,15,4,3,2,6,0,1,0,0,1,0,0,6.78427E+20,5.46152E+21,1.14533E+16,4.92803E+16
176724,9.17063E+18,9,3,72,177,2017,6,16,4,3,8,1,0,1,0,0,0,0,0,7.69591E+20,5.44906E+21,1.26962E+16,4.91352E+16
176725,9.17063E+18,9,3,71,156,2017,6,18,4,2,5,3,0,1,0,0,0,0,0,6.98071E+20,5.4984E+21,1.17416E+16,4.96057E+16
176726,9.17063E+18,9,2,62,0,2017,6,10,4,3,0,7,0,0,0,0,1,0,0,8.28527E+20,5.38973E+21,1.34543E+16,4.85744E+16
176727,9.17063E+18,9,2,61,0,2017,6,10,4,3,0,1,1,0,0,0,0,0,0,7.31664E+20,5.38219E+21,1.21393E+16,4.855E+16
176728,9.17063E+18,9,1,73,134,2017,6,15,4,3,0,7,1,0,0,0,0,0,0,6.86157E+20,5.30171E+21,1.1488E+16,4.78418E+16
176729,9.17063E+18,9,1,73,112,2017,6,13,4,3,6,4,0,1,1,0,0,0,0,6.91735E+20,5.29267E+21,1.15585E+16,4.77589E+16
176730,9.17063E+18,9,1,89,148,2017,6,14,4,2,9,1,0,1,0,0,0,0,0,7.77057E+20,5.30897E+21,1.27054E+16,4.78743E+16
176731,9.17063E+18,9,1,83,128,2017,6,8,4,2,3,2,0,1,0,1,0,0,1,7.6286E+20,5.35155E+21,1.25421E+16,4.82625E+16
176732,9.17063E+18,9,1,63,0,2017,6,17,4,3,2,7,0,1,0,1,0,0,1,7.32831E+20,5.3054E+21,1.2113E+16,4.78597E+16
176733,9.17063E+18,9,1,82,131,2017,6,12,4,2,5,3,0,1,0,1,0,0,1,7.1568E+20,5.28731E+21,1.1875E+16,4.77031E+16
176734,9.17063E+18,9,1,82,136,2017,6,14,4,2,0,1,1,0,0,0,0,0,0,7.03972E+20,5.30113E+21,1.17256E+16,4.78311E+16
176735,9.17063E+18,9,4,72,119,2017,6,12,4,3,5,3,0,1,0,0,0,0,0,6.87683E+20,5.53928E+21,1.16177E+16,4.99763E+16
176736,9.17063E+18,9,4,62,0,2017,6,20,4,2,0,7,1,0,1,0,0,0,0,6.86078E+20,5.53487E+21,1.15932E+16,4.99372E+16
176737,9.17063E+18,9,4,62,0,2017,6,16,4,2,5,3,0,1,0,1,0,0,0,6.86548E+20,5.53832E+21,1.16014E+16,4.9968E+16
176738,9.17063E+18,9,4,71,159,2017,6,12,4,3,4,7,0,1,0,0,1,0,0,6.37993E+20,5.53252E+21,1.09227E+16,4.99291E+16
176739,9.17063E+18,9,1,87,117,2017,6,10,4,2,7,7,1,0,0,0,1,0,1,7.20875E+20,5.30202E+21,1.19516E+16,4.78335E+16
176740,9.17063E+18,9,1,86,143,2017,6,17,4,3,0,7,0,1,1,0,0,0,0,6.85434E+20,5.37754E+21,1.15115E+16,4.85236E+16
176741,9.17063E+18,9,1,74,115,2017,6,11,4,3,5,3,1,1,0,0,0,0,0,6.8175E+20,5.34847E+21,1.1449E+16,4.82633E+16
176742,9.17063E+18,9,1,78,124,2017,6,7,4,3,5,2,1,1,0,0,0,0,1,7.02612E+20,5.36425E+21,1.17374E+16,4.83988E+16
176743,9.17063E+18,9,1,62,0,2017,6,18,3,3,0,1,1,0,0,0,0,0,0,6.95981E+20,5.33677E+21,1.16352E+16,4.8154E+16
176744,9.17063E+18,9,1,62,0,2017,6,8,3,3,5,3,0,1,0,1,0,0,0,6.93249E+20,5.33333E+21,1.15969E+16,4.81239E+16
176745,9.17063E+18,9,1,62,0,2017,6,19,3,3,5,3,0,1,0,0,0,0,0,6.92391E+20,5.33016E+21,1.1584E+16,4.80957E+16
176746,9.17063E+18,9,1,62,0,2017,6,9,3,3,1,7,0,1,0,1,0,0,0,6.9211E+20,5.33494E+21,1.15824E+16,4.81387E+16
176747,9.17063E+18,9,1,62,0,2017,6,6,3,3,0,1,0,0,0,1,0,0,1,6.87822E+20,5.33446E+21,1.15246E+16,4.81356E+16
176748,9.17063E+18,9,1,62,0,2017,6,14,3,3,5,3,1,0,0,0,0,0,0,6.92082E+20,5.33624E+21,1.15826E+16,4.81503E+16
176749,9.17063E+18,9,1,62,0,2017,6,7,3,3,4,2,0,1,0,1,0,0,1,6.91149E+20,5.34104E+21,1.15722E+16,4.81938E+16
176750,9.17063E+18,9,1,62,0,2017,6,16,3,3,5,2,0,1,0,0,0,0,0,6.9718E+20,5.33217E+21,1.16492E+16,4.81123E+16
176751,9.17063E+18,9,1,62,0,2017,6,10,3,2,5,3,0,0,0,1,1,0,0,6.8824E+20,5.33376E+21,1.15299E+16,4.81292E+16
176752,9.17063E+18,9,1,62,0,2017,6,12,3,3,3,2,0,1,0,0,0,0,0,6.82961E+20,5.33754E+21,1.14606E+16,4.81648E+16
176753,9.17063E+18,9,1,62,0,2017,6,6,3,3,0,7,0,1,0,1,0,0,1,6.87603E+20,5.34122E+21,1.15246E+16,4.81965E+16
176754,9.17063E+18,9,1,62,0,2017,6,20,3,3,3,3,0,1,0,1,0,0,0,6.91773E+20,5.33222E+21,1.15766E+16,4.81144E+16
176755,9.17063E+18,9,1,84,119,2017,6,19,3,3,5,3,1,0,0,0,0,0,0,6.97088E+20,5.34763E+21,1.16551E+16,4.82512E+16
176756,9.17063E+18,9,1,62,0,2017,6,17,3,3,2,6,0,1,0,0,1,0,0,6.93253E+20,5.34036E+21,1.16002E+16,4.81871E+16
176757,9.17063E+18,9,1,62,0,2017,6,8,3,3,5,3,1,1,0,0,0,0,1,6.87632E+20,5.33883E+21,1.1524E+16,4.8175E+16
176758,9.17063E+18,9,1,62,0,2017,6,7,3,3,0,7,0,0,0,1,0,0,1,6.90513E+20,5.33981E+21,1.15631E+16,4.81829E+16
176759,9.17063E+18,9,1,62,0,2017,6,13,3,3,2,6,0,1,0,0,0,0,0,6.86428E+20,5.33752E+21,1.15072E+16,4.81636E+16
176760,9.17063E+18,9,1,62,0,2017,6,7,3,2,0,2,1,1,0,0,0,0,1,6.90232E+20,5.33623E+21,1.15577E+16,4.81508E+16
176761,9.17063E+18,9,1,62,0,2017,6,7,3,3,6,7,0,0,1,0,1,0,1,6.90403E+20,5.33519E+21,1.15596E+16,4.81415E+16
176762,9.17063E+18,9,1,84,131,2017,6,13,3,3,5,4,1,0,1,0,0,0,0,7.05589E+20,5.33836E+21,1.1765E+16,4.81652E+16
176763,9.17063E+18,9,1,62,0,2017,6,13,3,3,1,7,1,1,0,0,0,0,0,6.96993E+20,5.33248E+21,1.16468E+16,4.8115E+16
176764,9.17063E+18,9,1,62,0,2017,6,7,3,3,2,5,0,1,0,0,1,0,1,6.96996E+20,5.3316E+21,1.16464E+16,4.81072E+16
176765,9.17063E+18,9,1,84,131,2017,6,7,3,3,6,4,0,0,1,1,0,0,0,7.04383E+20,5.33949E+21,1.17494E+16,4.81757E+16
176766,9.17063E+18,9,1,62,0,2017,6,16,3,3,1,5,0,1,0,0,0,0,0,6.96356E+20,5.33063E+21,1.16374E+16,4.80987E+16
176767,9.17063E+18,9,1,62,0,2017,6,11,3,3,5,3,1,1,0,1,0,0,0,6.93575E+20,5.33518E+21,1.16022E+16,4.81404E+16
176768,9.17063E+18,9,1,62,0,2017,6,8,3,3,0,6,1,0,0,0,0,0,0,6.93403E+20,5.33384E+21,1.15992E+16,4.81284E+16
176769,9.17063E+18,9,1,62,0,2017,6,23,3,3,5,3,0,1,0,0,0,2,0,6.91657E+20,5.33279E+21,1.15753E+16,4.81195E+16
176770,9.17063E+18,9,1,62,0,2017,6,9,3,3,5,2,1,1,0,0,0,0,0,6.93817E+20,5.33438E+21,1.1605E+16,4.81331E+16
176771,9.17063E+18,9,1,62,0,2017,6,11,3,3,5,4,1,1,1,0,0,0,0,6.8931E+20,5.333E+21,1.15439E+16,4.81221E+16
176772,9.17063E+18,9,1,62,0,2017,6,9,3,3,0,7,0,0,0,1,1,0,0,6.91213E+20,5.33642E+21,1.1571E+16,4.81522E+16
176773,9.17063E+18,9,1,62,0,2017,6,9,3,3,0,1,1,0,0,0,0,0,0,6.90445E+20,5.33559E+21,1.15603E+16,4.81451E+16
176774,9.17063E+18,9,1,62,0,2017,6,11,3,3,2,6,0,1,0,0,0,0,0,6.93434E+20,5.33666E+21,1.16009E+16,4.81537E+16
176775,9.17063E+18,9,1,62,0,2017,6,1,3,3,0,1,1,0,0,0,0,2,1,6.91133E+20,5.33515E+21,1.15694E+16,4.81409E+16
176776,9.17063E+18,9,7,64,0,2017,6,7,3,3,6,3,0,1,1,0,0,0,0,5.88486E+20,5.31582E+21,1.0186E+16,4.79895E+16
176777,9.17063E+18,9,7,64,0,2017,6,8,3,3,5,6,0,1,0,1,0,0,0,5.87978E+20,5.31661E+21,1.01793E+16,4.79967E+16
176778,9.17063E+18,9,7,78,115,2017,6,17,3,2,4,2,1,1,0,0,0,0,0,5.93424E+20,5.33281E+21,1.02559E+16,4.81417E+16
176779,9.17063E+18,9,7,74,144,2017,6,17,3,3,6,6,0,1,1,0,0,0,0,6.06209E+20,5.36081E+21,1.04347E+16,4.83915E+16
176780,9.17063E+18,9,7,63,0,2017,6,19,3,3,0,7,1,0,0,0,0,0,0,5.9826E+20,5.2866E+21,1.03103E+16,4.77253E+16
176781,9.17063E+18,9,7,80,133,2017,6,13,3,3,0,7,1,0,0,0,0,0,0,5.97429E+20,5.25104E+21,1.02913E+16,4.74056E+16
176782,9.17063E+18,9,7,76,111,2017,6,19,3,3,0,1,1,0,0,0,0,0,0,5.50055E+20,5.2681E+21,9.66543E+15,4.75644E+16
176783,9.17063E+18,9,7,79,194,2017,6,11,3,3,0,7,1,0,0,0,0,0,0,6.1013E+20,5.41231E+21,1.05013E+16,4.8854E+16
176784,9.17063E+18,9,7,61,0,2017,6,17,3,3,5,3,1,1,0,0,0,0,0,6.44155E+20,5.35811E+21,1.09461E+16,4.83597E+16
176785,9.17063E+18,9,7,72,125,2017,6,12,3,3,5,3,0,1,0,0,1,0,0,6.36484E+20,5.34868E+21,1.08395E+16,4.82766E+16
176786,9.17063E+18,9,7,61,0,2017,6,5,3,3,5,3,1,0,0,0,0,1,1,6.37725E+20,5.36025E+21,1.086E+16,4.83803E+16
176787,9.17063E+18,9,7,61,0,2017,6,7,3,3,2,2,1,1,0,0,0,0,1,6.38482E+20,5.35955E+21,1.087E+16,4.83739E+16
176788,9.17063E+18,9,7,61,0,2017,6,20,3,3,0,7,0,0,0,1,0,0,1,6.42654E+20,5.36091E+21,1.09268E+16,4.83852E+16
176789,9.17063E+18,9,7,61,0,2017,6,11,3,3,8,1,1,1,0,0,0,0,0,6.40754E+20,5.35527E+21,1.08993E+16,4.83349E+16
176790,9.17063E+18,9,7,61,0,2017,6,17,3,3,4,6,1,0,0,0,0,0,0,6.39963E+20,5.35809E+21,1.08895E+16,4.83605E+16
176791,9.17063E+18,9,7,61,0,2017,6,7,3,3,0,1,0,0,0,1,0,0,1,6.39498E+20,5.35737E+21,1.0883E+16,4.8354E+16
176792,9.17063E+18,9,7,61,0,2017,6,19,3,3,0,3,1,1,0,0,0,0,1,6.39817E+20,5.35945E+21,1.0888E+16,4.83728E+16
176793,9.17063E+18,9,7,61,0,2017,6,7,3,3,2,6,0,1,0,0,0,0,1,6.40767E+20,5.35925E+21,1.09008E+16,4.83707E+16
176794,9.17063E+18,9,6,79,185,2017,6,23,3,3,0,1,1,0,0,0,0,2,0,5.74475E+20,5.51525E+21,1.00346E+16,4.97851E+16
176795,9.17063E+18,9,6,63,0,2017,6,16,3,3,5,7,0,1,0,0,0,0,0,5.64449E+20,5.51635E+21,9.89551E+15,4.97962E+16
176796,9.17063E+18,9,6,63,0,2017,6,8,3,3,9,7,0,0,0,1,0,0,1,5.68143E+20,5.51149E+21,9.94597E+15,4.97521E+16
176797,9.17063E+18,9,6,62,0,2017,6,14,3,3,5,3,0,1,0,0,0,0,0,5.86802E+20,5.54464E+21,1.02124E+16,5.00477E+16
176798,9.17063E+18,9,6,72,121,2017,6,10,3,3,0,7,1,0,0,0,0,0,0,5.67774E+20,5.55274E+21,9.94811E+15,5.0123E+16
176799,9.17063E+18,9,6,78,181,2017,6,21,3,3,0,1,1,0,0,0,0,1,0,5.97074E+20,5.56043E+21,1.03598E+16,5.01881E+16
176800,9.17063E+18,9,6,62,0,2017,6,12,3,3,0,7,1,0,0,0,0,0,0,5.85968E+20,5.54439E+21,1.02007E+16,5.00456E+16
176801,9.17063E+18,9,5,62,0,2017,6,10,3,3,5,3,1,1,0,0,0,0,0,6.46018E+20,5.49576E+21,1.10207E+16,4.95968E+16
176802,9.17063E+18,9,5,74,138,2017,6,15,3,2,5,3,1,1,0,0,0,0,0,6.65641E+20,5.48744E+21,1.12885E+16,4.9517E+16
176803,9.17063E+18,9,5,74,147,2017,6,7,3,2,4,6,0,1,0,0,1,0,1,6.80054E+20,5.48679E+21,1.14872E+16,4.9507E+16
176804,9.17063E+18,9,5,64,0,2017,6,7,3,3,4,2,1,1,0,0,0,0,1,6.5008E+20,5.48219E+21,1.10717E+16,4.94738E+16
176805,9.17063E+18,9,5,64,0,2017,6,12,3,3,8,1,0,1,0,0,0,0,0,6.50028E+20,5.48106E+21,1.10705E+16,4.94636E+16
176806,9.17063E+18,9,5,64,0,2017,6,7,3,3,4,2,0,1,0,0,0,0,1,6.51398E+20,5.48043E+21,1.10892E+16,4.94577E+16
176807,9.17063E+18,9,5,64,0,2017,6,12,3,3,0,7,1,0,0,0,0,0,0,6.51861E+20,5.47914E+21,1.10951E+16,4.94459E+16
176808,9.17063E+18,9,4,63,0,2017,6,13,3,3,5,3,1,1,0,0,0,0,0,6.39624E+20,5.56943E+21,1.09589E+16,5.02605E+16
176809,9.17063E+18,9,4,62,0,2017,6,15,3,3,0,1,1,0,0,0,0,0,0,6.82725E+20,5.53544E+21,1.15468E+16,4.99433E+16
176810,9.17063E+18,9,4,62,0,2017,6,16,3,2,5,3,0,1,0,0,0,0,0,6.87472E+20,5.53782E+21,1.1614E+16,4.99632E+16
176811,9.17063E+18,9,4,62,0,2017,6,10,3,3,0,1,1,0,0,0,0,0,1,6.84467E+20,5.53415E+21,1.15704E+16,4.99312E+16
176812,9.17063E+18,9,3,62,0,2017,6,10,3,2,0,1,1,0,0,0,0,0,1,7.25136E+20,5.43398E+21,1.20793E+16,4.90176E+16
176813,9.17063E+18,9,3,62,0,2017,6,12,3,3,1,1,1,1,0,0,1,0,0,7.24801E+20,5.43434E+21,1.2075E+16,4.9021E+16
176814,9.17063E+18,9,3,62,0,2017,6,6,3,2,5,3,1,1,0,0,0,0,1,7.2759E+20,5.4344E+21,1.21131E+16,4.90204E+16
176815,9.17063E+18,9,3,62,0,2017,6,15,3,3,5,3,1,1,0,0,0,0,0,7.2608E+20,5.4319E+21,1.20911E+16,4.89985E+16
176816,9.17063E+18,9,3,62,0,2017,6,9,3,3,8,1,0,1,1,0,0,0,1,7.25814E+20,5.43351E+21,1.20883E+16,4.90131E+16
176817,9.17063E+18,9,3,62,0,2017,6,14,3,3,0,3,1,1,0,0,0,0,0,7.27708E+20,5.43566E+21,1.21154E+16,4.90317E+16
176818,9.17063E+18,9,3,73,147,2017,6,7,3,2,0,1,1,1,0,0,0,0,0,6.80378E+20,5.46176E+21,1.14803E+16,4.9282E+16
176819,9.17063E+18,9,3,73,147,2017,6,11,3,3,6,7,0,1,1,0,0,0,0,6.79302E+20,5.46022E+21,1.14648E+16,4.92685E+16
176820,9.17063E+18,9,2,75,138,2017,6,14,3,3,0,7,1,0,0,0,0,0,0,8.08054E+20,5.38447E+21,1.31737E+16,4.85376E+16
176821,9.17063E+18,9,2,62,0,2017,6,17,3,2,5,2,0,1,0,1,0,0,0,8.26312E+20,5.38955E+21,1.34242E+16,4.85739E+16
176822,9.17063E+18,9,2,75,116,2017,6,14,3,3,4,6,1,0,0,0,1,0,0,8.20456E+20,5.36366E+21,1.33253E+16,4.83447E+16
176823,9.17063E+18,9,2,74,153,2017,6,0,3,3,0,1,1,0,0,0,0,2,0,7.34471E+20,5.40312E+21,1.21891E+16,4.87369E+16
176824,9.17063E+18,9,2,61,0,2017,6,15,3,3,3,7,1,1,0,0,0,0,0,7.33015E+20,5.38204E+21,1.21575E+16,4.85481E+16
176825,9.17063E+18,9,2,79,122,2017,6,16,3,3,4,6,0,1,0,1,0,0,0,7.71604E+20,5.39748E+21,1.26895E+16,4.86712E+16
176826,9.17063E+18,9,1,62,0,2017,6,19,3,3,5,2,1,1,0,0,0,0,0,6.90296E+20,5.33603E+21,1.15585E+16,4.8149E+16
176827,9.17063E+18,9,1,72,114,2017,6,8,3,3,0,7,1,0,0,1,0,0,1,7.90858E+20,5.29342E+21,1.28791E+16,4.77285E+16
176828,9.17063E+18,9,1,63,0,2017,6,18,3,3,1,3,1,1,0,0,0,0,1,7.32845E+20,5.30546E+21,1.21132E+16,4.78602E+16
176829,9.17063E+18,9,1,63,0,2017,6,12,3,3,0,1,1,0,0,0,0,0,0,7.32796E+20,5.30576E+21,1.21127E+16,4.7863E+16
176830,9.17063E+18,9,1,85,149,2017,6,7,3,3,0,7,1,1,0,0,0,0,1,6.61903E+20,5.39995E+21,1.12018E+16,4.87315E+16
176831,9.17063E+18,9,1,79,134,2017,6,0,3,3,0,1,1,0,0,0,0,2,1,6.68014E+20,5.34354E+21,1.12622E+16,4.82228E+16
176832,9.17063E+18,9,1,79,145,2017,6,21,3,3,4,2,1,1,0,0,0,1,0,6.75466E+20,5.33845E+21,1.13603E+16,4.8175E+16
176833,9.17063E+18,9,1,79,126,2017,6,7,3,3,2,6,0,1,0,0,0,0,1,6.77525E+20,5.34158E+21,1.13893E+16,4.82026E+16
176834,9.17063E+18,9,1,88,121,2017,6,18,3,3,5,3,1,1,0,0,0,0,0,6.70011E+20,5.32901E+21,1.12832E+16,4.80917E+16
176835,9.17063E+18,9,1,79,123,2017,6,14,3,3,5,3,0,0,0,1,1,0,0,6.76735E+20,5.33219E+21,1.13748E+16,4.81184E+16
176836,9.17063E+18,9,1,79,123,2017,6,12,3,3,5,2,1,1,0,0,0,0,0,6.73115E+20,5.33312E+21,1.13265E+16,4.81278E+16
176837,9.17063E+18,9,1,74,111,2017,6,20,3,3,9,1,0,1,0,0,0,1,1,6.6213E+20,5.35984E+21,1.11893E+16,4.83709E+16
176838,9.17063E+18,9,1,74,115,2017,6,17,3,3,5,3,0,1,0,0,1,0,0,6.82285E+20,5.34777E+21,1.14559E+16,4.82569E+16
176839,9.17063E+18,9,1,75,132,2017,6,20,3,3,5,3,0,1,0,0,0,0,0,7.07204E+20,5.33619E+21,1.17856E+16,4.81452E+16
176840,9.17063E+18,9,1,78,124,2017,6,16,3,3,6,4,0,1,1,0,0,0,0,7.04525E+20,5.36346E+21,1.17629E+16,4.83911E+16
176841,9.17063E+18,9,1,62,0,2017,6,8,2,3,5,3,1,0,0,0,0,0,0,6.8906E+20,5.33562E+21,1.15417E+16,4.81457E+16
176842,9.17063E+18,9,1,62,0,2017,6,8,2,2,5,3,1,1,0,0,0,0,0,6.96734E+20,5.33346E+21,1.16438E+16,4.8124E+16
176843,9.17063E+18,9,1,84,123,2017,6,15,2,3,0,1,1,1,0,0,0,0,0,7.02837E+20,5.33204E+21,1.1725E+16,4.81093E+16
176844,9.17063E+18,9,1,62,0,2017,6,17,2,3,6,4,1,0,1,0,0,0,0,6.87506E+20,5.34363E+21,1.15244E+16,4.82181E+16
176845,9.17063E+18,9,1,84,135,2017,6,22,2,2,0,7,1,0,0,0,0,2,0,6.89811E+20,5.34829E+21,1.15575E+16,4.82594E+16
176846,9.17063E+18,9,1,62,0,2017,6,15,2,3,5,3,1,1,0,0,0,0,0,6.8166E+20,5.3358E+21,1.14424E+16,4.81495E+16
176847,9.17063E+18,9,1,84,130,2017,6,6,2,3,0,1,1,0,0,0,0,0,0,6.98502E+20,5.34432E+21,1.16726E+16,4.8221E+16
176848,9.17063E+18,9,1,62,0,2017,6,19,2,3,2,7,1,1,0,0,0,0,0,6.91271E+20,5.33747E+21,1.15722E+16,4.81617E+16
176849,9.17063E+18,9,1,62,0,2017,6,11,2,3,5,2,1,1,0,0,0,0,0,6.95056E+20,5.33613E+21,1.16225E+16,4.81485E+16
176850,9.17063E+18,9,1,62,0,2017,6,17,2,3,5,3,1,0,0,0,0,0,0,6.86974E+20,5.33731E+21,1.15145E+16,4.81615E+16
176851,9.17063E+18,9,1,62,0,2017,6,7,2,3,0,7,1,0,0,0,0,0,0,6.89798E+20,5.34305E+21,1.1555E+16,4.82123E+16
176852,9.17063E+18,9,1,84,140,2017,6,9,2,3,0,7,1,0,0,0,0,0,0,7.00631E+20,5.32823E+21,1.16936E+16,4.80758E+16
176853,9.17063E+18,9,1,62,0,2017,6,15,2,3,6,2,0,1,1,0,0,0,0,6.94455E+20,5.33346E+21,1.16132E+16,4.81247E+16
176854,9.17063E+18,9,1,62,0,2017,6,18,2,3,4,6,1,0,0,0,0,0,0,6.936E+20,5.33261E+21,1.16013E+16,4.81173E+16
176855,9.17063E+18,9,1,62,0,2017,6,17,2,3,0,1,1,0,0,0,0,0,0,6.8971E+20,5.33456E+21,1.155E+16,4.8136E+16
176856,9.17063E+18,9,1,62,0,2017,6,22,2,3,1,5,1,1,0,0,0,1,0,6.91018E+20,5.33397E+21,1.15673E+16,4.81303E+16
176857,9.17063E+18,9,1,62,0,2017,6,8,2,3,6,4,1,0,1,0,0,0,0,6.92585E+20,5.33758E+21,1.159E+16,4.81623E+16
176858,9.17063E+18,9,1,62,0,2017,6,21,2,3,1,2,1,1,0,0,0,1,0,6.91519E+20,5.33663E+21,1.15752E+16,4.8154E+16
176859,9.17063E+18,9,1,62,0,2017,6,22,2,3,0,2,1,1,0,0,0,2,0,6.90848E+20,5.33422E+21,1.15651E+16,4.81326E+16
176860,9.17063E+18,9,7,75,139,2017,6,17,2,3,2,6,1,1,0,0,0,0,0,5.77494E+20,5.36524E+21,1.00477E+16,4.84356E+16
176861,9.17063E+18,9,7,64,0,2017,6,15,2,3,2,6,1,0,0,0,0,0,0,5.87607E+20,5.31538E+21,1.01741E+16,4.79857E+16
176862,9.17063E+18,9,7,78,123,2017,6,17,2,3,0,1,1,0,0,0,0,0,0,5.84568E+20,5.31634E+21,1.01336E+16,4.79947E+16
176863,9.17063E+18,9,7,64,0,2017,6,18,2,3,0,1,0,0,0,1,0,0,0,5.86584E+20,5.31332E+21,1.016E+16,4.79673E+16
176864,9.17063E+18,9,7,74,150,2017,6,17,2,3,1,7,1,1,0,0,0,0,0,6.00455E+20,5.34503E+21,1.03532E+16,4.82505E+16