OBJECTID,UIDENTSTLA,ULAND,UREGBEZ,UKREIS,UGEMEINDE,UJAHR,UMONAT,USTUNDE,UWOCHENTAG,UKATEGORIE,UART,UTYP1,IstRad,IstPKW,IstFuss,IstKrad,IstSonstig,LICHT,STRZUSTAND,LINREFX,LINREFY,XGCSWGS84,YGCSWGS84
176865,9.17063E+18,9,7,74,150,2017,6,17,2,3,4,7,1,0,0,0,0,0,0,6.01236E+20,5.34483E+21,1.03637E+16,4.82486E+16
176866,9.17063E+18,9,7,76,116,2017,6,16,2,3,9,1,0,1,0,0,0,0,0,5.50219E+20,5.26772E+21,9.66757E+15,4.7561E+16
176867,9.17063E+18,9,7,76,116,2017,6,11,2,3,0,1,1,0,0,0,0,0,0,5.50779E+20,5.26746E+21,9.67499E+15,4.75586E+16
176868,9.17063E+18,9,7,77,139,2017,6,8,2,3,0,1,1,0,0,0,0,0,0,6.17317E+20,5.30742E+21,1.057E+16,4.79094E+16
176869,9.17063E+18,9,7,62,0,2017,6,15,2,3,3,6,0,1,0,1,0,0,0,6.21261E+20,5.3035E+21,1.06216E+16,4.78734E+16
176870,9.17063E+18,9,7,80,132,2017,6,14,2,2,8,2,1,1,0,0,0,0,0,5.7842E+20,5.26853E+21,1.00426E+16,4.75655E+16
176871,9.17063E+18,9,7,77,170,2017,6,17,2,3,0,6,1,0,0,0,0,0,0,6.21711E+20,5.28004E+21,1.06211E+16,4.76623E+16
176872,9.17063E+18,9,7,79,181,2017,6,13,2,2,4,6,0,1,0,0,1,0,0,6.33572E+20,5.39182E+21,1.08141E+16,4.86651E+16
176873,9.17063E+18,9,7,79,194,2017,6,12,2,3,1,5,1,1,0,0,0,0,0,6.09383E+20,5.41175E+21,1.0491E+16,4.88491E+16
176874,9.17063E+18,9,7,79,194,2017,6,10,2,3,5,3,1,1,0,0,0,0,0,6.09004E+20,5.41182E+21,1.04858E+16,4.88497E+16
176875,9.17063E+18,9,7,72,200,2017,6,8,2,3,0,1,0,0,0,1,0,0,0,6.29498E+20,5.33689E+21,1.07418E+16,4.8172E+16
176876,9.17063E+18,9,7,72,184,2017,6,16,2,3,5,3,1,1,0,0,0,0,0,6.35043E+20,5.36164E+21,1.08243E+16,4.83935E+16
176877,9.17063E+18,9,7,72,202,2017,6,13,2,3,0,5,1,1,0,0,0,0,0,6.36424E+20,5.35689E+21,1.08414E+16,4.83505E+16
176878,9.17063E+18,9,7,61,0,2017,6,7,2,3,6,7,1,0,1,0,0,0,0,6.37231E+20,5.36018E+21,1.08534E+16,4.83798E+16
176879,9.17063E+18,9,7,61,0,2017,6,18,2,3,5,3,0,1,0,0,0,0,0,6.41776E+20,5.36159E+21,1.09152E+16,4.83915E+16
176880,9.17063E+18,9,7,61,0,2017,6,12,2,3,0,7,1,0,0,0,0,0,0,6.44115E+20,5.35809E+21,1.09456E+16,4.83596E+16
176881,9.17063E+18,9,7,61,0,2017,6,11,2,3,5,2,1,1,0,0,0,0,0,6.40216E+20,5.35729E+21,1.08927E+16,4.83532E+16
176882,9.17063E+18,9,7,61,0,2017,6,16,2,2,6,7,1,0,1,0,0,0,0,6.40807E+20,5.3567E+21,1.09005E+16,4.83478E+16
176883,9.17063E+18,9,7,61,0,2017,6,8,2,3,0,1,0,0,0,1,0,0,0,6.41327E+20,5.35892E+21,1.09082E+16,4.83676E+16
176884,9.17063E+18,9,6,63,0,2017,6,9,2,3,6,7,0,1,1,0,0,0,0,5.68894E+20,5.50998E+21,9.95613E+15,4.97384E+16
176885,9.17063E+18,9,6,77,155,2017,6,19,2,3,5,3,0,1,0,0,0,0,0,5.40827E+20,5.53804E+21,9.5696E+15,4.99933E+16
176886,9.17063E+18,9,6,75,174,2017,6,10,2,3,5,3,1,1,0,0,0,0,0,5.88465E+20,5.52422E+21,1.02309E+16,4.98639E+16
176887,9.17063E+18,9,6,62,0,2017,6,19,2,3,4,2,1,1,0,0,0,0,0,5.87276E+20,5.54486E+21,1.02191E+16,5.00496E+16
176888,9.17063E+18,9,6,76,144,2017,6,8,2,3,5,3,1,0,0,0,0,0,0,5.09902E+20,5.52867E+21,9.13791E+15,4.99104E+16
176889,9.17063E+18,9,6,71,130,2017,6,7,2,3,0,7,1,0,0,0,0,0,0,5.14525E+20,5.53858E+21,9.20267E+15,4.99994E+16
176890,9.17063E+18,9,5,74,123,2017,6,16,2,3,2,6,0,1,0,0,1,0,0,6.61893E+20,5.47959E+21,1.12335E+16,4.94474E+16
176891,9.17063E+18,9,5,76,143,2017,6,9,2,2,0,3,0,1,0,0,1,0,0,6.52484E+20,5.45665E+21,1.10951E+16,4.92436E+16
176892,9.17063E+18,9,5,63,0,2017,6,8,2,3,9,7,0,1,0,0,0,0,0,6.43216E+20,5.48004E+21,1.09762E+16,4.94562E+16
176893,9.17063E+18,9,5,64,0,2017,6,13,2,3,0,3,0,1,0,0,0,0,0,6.52028E+20,5.47901E+21,1.10973E+16,4.94448E+16
176894,9.17063E+18,9,5,64,0,2017,6,17,2,3,2,6,0,1,0,0,0,0,0,6.4698E+20,5.47794E+21,1.10273E+16,4.94363E+16
176895,9.17063E+18,9,5,73,134,2017,6,17,2,3,5,2,1,1,0,0,0,0,0,6.421E+20,5.47767E+21,1.096E+16,4.94351E+16
176896,9.17063E+18,9,5,71,193,2017,6,23,2,3,9,1,0,1,0,1,0,2,0,5.85734E+20,5.47152E+21,1.01814E+16,4.93904E+16
176897,9.17063E+18,9,5,71,181,2017,6,14,2,3,0,7,0,1,0,0,0,0,0,5.89228E+20,5.46969E+21,1.02291E+16,4.93734E+16
176898,9.17063E+18,9,5,71,145,2017,6,14,2,3,5,3,0,1,0,1,0,0,0,5.96693E+20,5.4464E+21,1.03263E+16,4.91628E+16
176899,9.17063E+18,9,5,71,145,2017,6,12,2,2,8,1,0,0,0,1,1,0,0,5.91534E+20,5.45333E+21,1.02572E+16,4.92259E+16
176900,9.17063E+18,9,4,72,197,2017,6,22,2,3,0,1,0,0,0,0,1,2,0,6.67766E+20,5.52631E+21,1.13345E+16,4.98656E+16
176901,9.17063E+18,9,4,62,0,2017,6,11,2,3,5,3,0,1,0,0,0,0,0,6.83057E+20,5.53454E+21,1.1551E+16,4.99351E+16
176902,9.17063E+18,9,4,71,145,2017,6,7,2,3,5,3,0,1,0,0,1,0,0,6.45568E+20,5.52123E+21,1.10239E+16,4.98258E+16
176903,9.17063E+18,9,3,77,146,2017,6,6,2,2,0,7,0,0,0,1,0,0,0,7.40898E+20,5.52606E+21,1.23505E+16,4.98385E+16
176904,9.17063E+18,9,3,62,0,2017,6,18,2,3,1,6,1,1,0,0,0,0,0,7.24551E+20,5.43148E+21,1.207E+16,4.89953E+16
176905,9.17063E+18,9,3,62,0,2017,6,18,2,3,6,4,1,0,1,0,0,0,0,7.2824E+20,5.43702E+21,1.21234E+16,4.90437E+16
176906,9.17063E+18,9,3,62,0,2017,6,19,2,3,6,2,0,1,1,0,0,0,0,7.28245E+20,5.43672E+21,1.21233E+16,4.90411E+16
176907,9.17063E+18,9,3,72,155,2017,6,7,2,3,5,3,0,1,0,0,0,0,0,7.71981E+20,5.45838E+21,1.27352E+16,4.92177E+16
176908,9.17063E+18,9,3,76,141,2017,6,16,2,2,5,3,0,1,0,1,0,0,0,7.2536E+20,5.45044E+21,1.20916E+16,4.91654E+16
176909,9.17063E+18,9,2,63,0,2017,6,19,2,3,5,3,1,1,0,0,0,0,0,7.61726E+20,5.42081E+21,1.25704E+16,4.8885E+16
176910,9.17063E+18,9,2,63,0,2017,6,14,2,3,6,7,1,0,1,0,0,0,0,7.62082E+20,5.42087E+21,1.25753E+16,4.88853E+16
176911,9.17063E+18,9,2,63,0,2017,6,17,2,3,2,7,0,1,0,0,0,0,0,7.61521E+20,5.42034E+21,1.25673E+16,4.88808E+16
176912,9.17063E+18,9,2,71,146,2017,6,19,2,3,8,1,1,0,0,0,0,0,0,7.83008E+20,5.40997E+21,1.28526E+16,4.87783E+16
176913,9.17063E+18,9,2,71,146,2017,6,18,2,3,5,3,1,1,0,0,0,0,0,7.83843E+20,5.41068E+21,1.28644E+16,4.87843E+16
176914,9.17063E+18,9,2,71,119,2017,6,13,2,3,2,6,0,1,0,1,0,0,0,7.90401E+20,5.41825E+21,1.29588E+16,4.88491E+16
176915,9.17063E+18,9,2,75,114,2017,6,17,2,3,0,7,1,0,0,0,0,0,0,8.00595E+20,5.38813E+21,1.30755E+16,4.85741E+16
176916,9.17063E+18,9,2,75,152,2017,6,13,2,2,5,3,0,1,0,1,0,0,0,8.22061E+20,5.40768E+21,1.33809E+16,4.87387E+16
176917,9.17063E+18,9,2,72,151,2017,6,7,2,3,0,7,0,0,0,1,0,0,0,8.38478E+20,5.40809E+21,1.36038E+16,4.87338E+16
176918,9.17063E+18,9,2,74,184,2017,6,19,2,3,5,3,0,1,0,0,1,0,0,7.47242E+20,5.37161E+21,1.23438E+16,4.8449E+16
176919,9.17063E+18,9,2,73,137,2017,6,10,2,3,2,1,1,0,0,0,0,0,0,7.10727E+20,5.4218E+21,1.18762E+16,4.89133E+16
176920,9.17063E+18,9,2,73,137,2017,6,15,2,3,5,3,0,1,0,0,0,0,0,7.12027E+20,5.42063E+21,1.18933E+16,4.89023E+16
176921,9.17063E+18,9,2,79,112,2017,6,7,2,3,5,3,1,1,0,0,0,0,0,7.55897E+20,5.3933E+21,1.24739E+16,4.86403E+16
176922,9.17063E+18,9,1,90,157,2017,6,18,2,3,0,7,1,1,0,0,0,0,0,6.60486E+20,5.30031E+21,1.11447E+16,4.78361E+16
176923,9.17063E+18,9,1,90,159,2017,6,17,2,3,0,7,0,0,0,1,0,0,0,6.63177E+20,5.30503E+21,1.11824E+16,4.78779E+16
176924,9.17063E+18,9,1,80,117,2017,6,19,2,3,5,7,0,1,0,0,1,0,0,6.56968E+20,5.26218E+21,1.1084E+16,4.74941E+16
176925,9.17063E+18,9,1,80,117,2017,6,19,2,2,0,7,1,0,0,0,0,1,0,6.58475E+20,5.26486E+21,1.1105E+16,4.75178E+16
176926,9.17063E+18,9,1,73,112,2017,6,19,2,3,9,1,0,0,0,1,0,0,0,6.91787E+20,5.29261E+21,1.15592E+16,4.77583E+16
176927,9.17063E+18,9,1,73,140,2017,6,12,2,2,8,1,0,0,0,1,0,0,0,6.96749E+20,5.29313E+21,1.16256E+16,4.77614E+16
176928,9.17063E+18,9,1,89,155,2017,6,16,2,3,1,7,0,1,0,0,1,0,0,7.72909E+20,5.30827E+21,1.26496E+16,4.78697E+16
176929,9.17063E+18,9,1,89,114,2017,6,11,2,3,0,7,1,0,0,0,0,0,0,7.61127E+20,5.31358E+21,1.24955E+16,4.79223E+16
176930,9.17063E+18,9,1,72,130,2017,6,16,2,2,5,2,1,1,0,0,0,0,0,7.92714E+20,5.31272E+21,1.29168E+16,4.79009E+16
176931,9.17063E+18,9,1,63,0,2017,6,18,2,3,5,3,0,1,0,0,0,0,0,7.33296E+20,5.30573E+21,1.21194E+16,4.78625E+16
176932,9.17063E+18,9,1,87,118,2017,6,11,2,2,0,1,1,0,0,0,0,0,0,7.54604E+20,5.30332E+21,1.24024E+16,4.78328E+16
176933,9.17063E+18,9,1,82,112,2017,6,15,2,2,1,7,0,1,0,0,0,0,0,7.25676E+20,5.28475E+21,1.20067E+16,4.76767E+16
176934,9.17063E+18,9,1,87,150,2017,6,7,2,2,4,2,0,1,0,1,0,0,0,7.2941E+20,5.30441E+21,1.20668E+16,4.78521E+16
176935,9.17063E+18,9,1,61,0,2017,6,17,2,3,4,2,0,1,0,1,0,0,0,6.78238E+20,5.40386E+21,1.14254E+16,4.87622E+16
176936,9.17063E+18,9,1,86,143,2017,6,14,2,3,0,1,1,0,0,0,0,0,0,6.85164E+20,5.37955E+21,1.15087E+16,4.85417E+16
176937,9.17063E+18,9,1,85,150,2017,6,7,2,2,4,2,1,1,0,0,0,0,0,6.53787E+20,5.39845E+21,1.10909E+16,4.87201E+16
176938,9.17063E+18,9,1,85,149,2017,6,18,2,3,1,6,0,1,0,0,0,0,0,6.61855E+20,5.40059E+21,1.12014E+16,4.87373E+16
176939,9.17063E+18,9,1,85,149,2017,6,18,2,3,0,2,1,0,1,0,0,0,0,6.60391E+20,5.39962E+21,1.11811E+16,4.8729E+16
176940,9.17063E+18,9,1,76,114,2017,6,17,2,3,5,3,1,1,0,0,0,0,0,6.80759E+20,5.43435E+21,1.14732E+16,4.90355E+16
176941,9.17063E+18,9,1,79,142,2017,6,20,2,2,0,1,1,0,0,0,0,0,0,6.73063E+20,5.34103E+21,1.13291E+16,4.81989E+16
176942,9.17063E+18,9,1,74,115,2017,6,18,2,3,5,3,1,1,0,0,0,0,0,6.80948E+20,5.34882E+21,1.14384E+16,4.82667E+16
176943,9.17063E+18,9,1,74,126,2017,6,18,2,2,5,3,1,0,0,0,1,0,0,6.83299E+20,5.34444E+21,1.14682E+16,4.82267E+16
176944,9.17063E+18,9,1,78,124,2017,6,8,2,2,5,2,1,1,0,0,0,0,0,7.04307E+20,5.35944E+21,1.1758E+16,4.83551E+16
176945,9.17063E+18,9,1,75,139,2017,6,7,2,2,2,2,1,1,0,0,0,0,0,7.10335E+20,5.32937E+21,1.18243E+16,4.80828E+16
176946,9.17063E+18,9,1,78,124,2017,6,16,2,3,0,1,1,0,0,0,1,0,0,7.026E+20,5.36445E+21,1.17374E+16,4.84006E+16
176947,9.17063E+18,9,1,78,124,2017,6,16,2,3,8,1,1,0,0,0,0,0,0,7.02596E+20,5.36574E+21,1.17379E+16,4.84122E+16
176948,9.17063E+18,9,1,78,124,2017,6,12,2,3,5,3,0,1,0,0,0,0,0,6.9979E+20,5.36192E+21,1.16982E+16,4.83788E+16
176949,9.17063E+18,9,1,77,117,2017,6,16,2,2,0,1,1,0,0,0,0,0,0,7.15635E+20,5.3553E+21,1.19086E+16,4.83141E+16
176950,9.17063E+18,9,1,62,0,2017,6,17,1,3,0,7,0,0,0,0,1,0,0,6.91572E+20,5.33455E+21,1.1575E+16,4.81353E+16
176951,9.17063E+18,9,1,62,0,2017,6,5,1,2,9,6,0,1,0,0,0,0,0,6.90766E+20,5.33116E+21,1.15626E+16,4.81051E+16
176952,9.17063E+18,9,1,62,0,2017,6,14,1,3,5,3,0,1,0,0,0,0,0,7.00283E+20,5.33464E+21,1.1692E+16,4.81335E+16
176953,9.17063E+18,9,1,62,0,2017,6,16,1,2,5,2,1,1,0,0,0,0,0,6.87827E+20,5.34329E+21,1.15286E+16,4.8215E+16
176954,9.17063E+18,9,1,62,0,2017,6,0,1,2,3,6,0,1,0,1,0,2,0,6.87986E+20,5.33626E+21,1.15276E+16,4.81518E+16
176955,9.17063E+18,9,1,62,0,2017,6,23,1,3,0,1,1,0,0,0,0,2,0,6.91641E+20,5.33412E+21,1.15757E+16,4.81315E+16
176956,9.17063E+18,9,1,62,0,2017,6,17,1,3,0,6,1,0,0,0,0,0,0,6.91397E+20,5.33808E+21,1.15742E+16,4.81671E+16
176957,9.17063E+18,9,1,62,0,2017,6,14,1,3,4,2,0,1,0,0,0,0,0,6.90201E+20,5.33543E+21,1.1557E+16,4.81437E+16
176958,9.17063E+18,9,7,64,0,2017,6,0,1,3,0,7,1,0,0,0,0,2,0,5.88366E+20,5.31549E+21,1.01843E+16,4.79866E+16
176959,9.17063E+18,9,7,64,0,2017,6,16,1,3,0,7,1,0,0,0,0,0,0,5.87483E+20,5.31904E+21,1.01732E+16,4.80187E+16
176960,9.17063E+18,9,7,78,186,2017,6,17,1,3,6,7,0,1,1,0,0,0,0,5.96818E+20,5.31066E+21,1.02965E+16,4.79419E+16
176961,9.17063E+18,9,7,75,129,2017,6,15,1,3,5,3,1,1,0,0,0,0,0,5.8123E+20,5.34177E+21,1.00937E+16,4.82239E+16
176962,9.17063E+18,9,7,80,144,2017,6,17,1,2,2,6,0,0,0,1,0,0,0,5.905E+20,5.28025E+21,1.02055E+16,4.76693E+16
176963,9.17063E+18,9,7,76,116,2017,6,19,1,3,0,1,1,0,0,0,0,0,0,5.53177E+20,5.26688E+21,9.7068E+15,4.75532E+16
176964,9.17063E+18,9,7,62,0,2017,6,14,1,3,1,6,0,1,0,0,0,0,0,6.22096E+20,5.30527E+21,1.06333E+16,4.78892E+16
176965,9.17063E+18,9,7,80,115,2017,6,0,1,3,0,1,1,0,0,0,0,2,0,5.9511E+20,5.26589E+21,1.02638E+16,4.75394E+16
176966,9.17063E+18,9,7,79,194,2017,6,15,1,3,8,7,1,0,0,0,0,0,0,6.08186E+20,5.41276E+21,1.0475E+16,4.88584E+16
176967,9.17063E+18,9,7,72,177,2017,6,15,1,3,1,5,1,1,0,0,0,0,0,6.36918E+20,5.38124E+21,1.0856E+16,4.85693E+16
176968,9.1707E+18,9,5,65,0,2017,7,14,7,3,6,4,0,1,1,0,0,0,0,6.46907E+20,5.46577E+21,1.10218E+16,4.9327E+16
176969,9.1707E+18,9,5,74,117,2017,7,20,7,3,6,6,0,0,1,1,0,2,1,6.69847E+20,5.46667E+21,1.13377E+16,4.93291E+16
176970,9.1707E+18,9,5,63,0,2017,7,13,7,3,5,2,0,1,0,1,0,0,0,6.45256E+20,5.48114E+21,1.10047E+16,4.94655E+16
176971,9.1707E+18,9,5,64,0,2017,7,13,7,3,5,3,0,1,0,0,0,0,0,6.48875E+20,5.47978E+21,1.10541E+16,4.94524E+16
176972,9.1707E+18,9,5,64,0,2017,7,12,7,3,5,3,1,1,0,0,0,0,1,6.47898E+20,5.47803E+21,1.104E+16,4.9437E+16
176973,9.1707E+18,9,5,64,0,2017,7,17,7,3,5,7,1,1,0,0,0,0,0,6.48371E+20,5.47913E+21,1.1047E+16,4.94467E+16
176974,9.1707E+18,9,5,64,0,2017,7,16,7,3,2,6,0,1,0,0,0,0,0,6.5094E+20,5.4794E+21,1.10825E+16,4.94485E+16
176975,9.1707E+18,9,5,64,0,2017,7,17,7,3,9,1,0,1,0,0,0,0,0,6.51601E+20,5.47813E+21,1.10911E+16,4.94369E+16
176976,9.1707E+18,9,4,74,123,2017,7,12,7,3,5,3,0,1,0,0,0,0,0,6.51364E+20,5.51357E+21,1.11015E+16,4.97555E+16
176977,9.1707E+18,9,4,71,154,2017,7,15,7,3,0,6,0,1,0,1,0,0,0,6.24388E+20,5.52901E+21,1.07321E+16,4.99006E+16
176978,9.1707E+18,9,3,62,0,2017,7,16,7,3,9,1,0,1,0,0,0,0,0,7.23691E+20,5.43316E+21,1.20591E+16,4.90107E+16
176979,9.1707E+18,9,3,62,0,2017,7,16,7,3,0,6,0,1,0,1,0,0,0,7.2827E+20,5.43397E+21,1.21221E+16,4.90163E+16
176980,9.1707E+18,9,3,62,0,2017,7,11,7,3,0,3,1,1,0,0,0,0,0,7.28642E+20,5.43754E+21,1.21292E+16,4.90482E+16
176981,9.1707E+18,9,2,76,122,2017,7,18,7,2,8,1,1,0,0,0,0,0,1,7.89265E+20,5.43783E+21,1.29573E+16,4.90254E+16
176982,9.1707E+18,9,2,75,146,2017,7,18,7,2,0,7,1,0,0,0,0,0,0,8.30023E+20,5.3949E+21,1.34787E+16,4.862E+16
176983,9.1707E+18,9,2,74,153,2017,7,15,7,2,1,6,1,0,0,0,1,0,0,7.29877E+20,5.40118E+21,1.21257E+16,4.87213E+16
176984,9.1707E+18,9,2,73,147,2017,7,8,7,3,2,6,0,1,0,0,0,0,0,7.05125E+20,5.39138E+21,1.17847E+16,4.86418E+16
176985,9.1707E+18,9,2,61,0,2017,7,7,7,3,2,2,1,1,0,0,0,0,0,7.32118E+20,5.38104E+21,1.21448E+16,4.85395E+16
176986,9.1707E+18,9,1,73,126,2017,7,20,7,3,5,3,0,1,0,0,0,0,0,6.85153E+20,5.30444E+21,1.14758E+16,4.78666E+16
176987,9.1707E+18,9,1,83,148,2017,7,16,7,3,1,7,1,1,0,0,0,0,0,7.52515E+20,5.34458E+21,1.23988E+16,4.82042E+16
176988,9.1707E+18,9,1,89,140,2017,7,17,7,2,0,7,1,0,0,0,1,0,0,7.72487E+20,5.2946E+21,1.26354E+16,4.77472E+16
176989,9.1707E+18,9,5,76,151,2017,7,6,7,3,1,7,0,1,0,0,1,0,0,6.56323E+20,5.46898E+21,1.11526E+16,4.93535E+16
176990,9.1707E+18,9,1,89,155,2017,7,11,7,3,6,4,0,1,1,0,0,0,0,7.7164E+20,5.30796E+21,1.26325E+16,4.78674E+16
176991,9.1707E+18,9,1,63,0,2017,7,11,7,3,0,6,0,1,0,1,0,0,0,7.32861E+20,5.30301E+21,1.21121E+16,4.78382E+16
176992,9.1707E+18,9,1,63,0,2017,7,15,7,3,1,5,1,1,0,0,0,0,0,7.33365E+20,5.30468E+21,1.21197E+16,4.78531E+16
176993,9.1707E+18,9,1,87,137,2017,7,20,7,3,5,3,0,1,0,0,0,1,0,7.30212E+20,5.31004E+21,1.20805E+16,4.79023E+16
176994,9.1707E+18,9,1,86,137,2017,7,17,7,3,3,5,1,0,0,0,1,0,0,6.82011E+20,5.39941E+21,1.14748E+16,4.87211E+16
176995,9.1707E+18,9,1,85,113,2017,7,14,7,3,5,1,1,1,0,0,0,0,0,6.68939E+20,5.37482E+21,1.12872E+16,4.85037E+16
176996,9.1707E+18,9,1,85,149,2017,7,17,7,3,5,3,1,1,0,0,0,0,0,6.60572E+20,5.40029E+21,1.11838E+16,4.8735E+16
176997,9.1707E+18,9,1,85,125,2017,7,12,7,2,6,7,0,1,1,0,0,0,0,6.47577E+20,5.39604E+21,1.10057E+16,4.86999E+16
176998,9.1707E+18,9,1,61,0,2017,7,8,7,3,3,7,0,1,0,0,0,0,0,6.78457E+20,5.40388E+21,1.14284E+16,4.87623E+16
176999,9.1707E+18,9,1,86,162,2017,7,10,7,3,8,1,0,0,0,1,0,0,0,6.93903E+20,5.38625E+21,1.16301E+16,4.85992E+16
177000,9.1707E+18,9,1,88,141,2017,7,11,7,3,5,2,0,1,0,1,0,0,0,6.69982E+20,5.30853E+21,1.12747E+16,4.79076E+16
177001,9.1707E+18,9,1,79,118,2017,7,1,7,3,0,1,1,0,0,0,0,2,1,6.72567E+20,5.33801E+21,1.13212E+16,4.81719E+16
177002,9.1707E+18,9,1,81,121,2017,7,16,7,3,0,7,1,0,0,0,0,0,0,6.3635E+20,5.31034E+21,1.08255E+16,4.79318E+16
177003,9.1707E+18,9,1,81,118,2017,7,17,7,3,6,5,0,1,1,0,0,0,0,6.52067E+20,5.32905E+21,1.10424E+16,4.80965E+16
177004,9.1707E+18,9,1,79,123,2017,7,22,7,3,0,6,0,0,0,1,0,2,1,6.75978E+20,5.33346E+21,1.13651E+16,4.81301E+16
177005,9.1707E+18,9,1,79,123,2017,7,14,7,3,0,4,1,0,1,0,0,0,0,6.76164E+20,5.3324E+21,1.13672E+16,4.81205E+16
177006,9.1707E+18,9,1,74,115,2017,7,15,7,3,8,1,1,0,0,0,0,0,0,6.81408E+20,5.34556E+21,1.14432E+16,4.82373E+16
177007,9.1707E+18,9,1,74,115,2017,7,13,7,3,0,7,0,0,0,0,1,0,0,6.82868E+20,5.34813E+21,1.1464E+16,4.82599E+16
177008,9.1707E+18,9,1,78,145,2017,7,14,7,3,5,3,1,1,0,0,0,0,0,6.96586E+20,5.35447E+21,1.16515E+16,4.83128E+16
177009,9.1707E+18,9,1,77,117,2017,7,19,7,3,1,2,1,1,0,0,0,0,0,7.14468E+20,5.35419E+21,1.18923E+16,4.83045E+16
177010,9.1707E+18,9,1,77,133,2017,7,9,7,3,9,1,0,1,0,0,0,0,0,7.06485E+20,5.35697E+21,1.17861E+16,4.83322E+16
177011,9.1707E+18,9,1,77,117,2017,7,11,7,3,0,7,1,0,0,0,0,0,0,7.15574E+20,5.35451E+21,1.19073E+16,4.8307E+16
177012,9.1707E+18,9,1,75,114,2017,7,15,7,2,0,1,1,0,0,0,0,0,0,7.17929E+20,5.3252E+21,1.1924E+16,4.80429E+16
177013,9.17063E+18,9,1,62,0,2017,6,19,6,3,1,6,1,1,0,0,0,0,0,6.95744E+20,5.33382E+21,1.16307E+16,4.81275E+16
177014,9.17063E+18,9,1,62,0,2017,6,19,6,3,4,6,1,0,0,0,0,0,0,6.89376E+20,5.33384E+21,1.15452E+16,4.81296E+16
177015,9.17063E+18,9,1,62,0,2017,6,7,6,3,5,2,1,1,0,0,0,0,0,6.89069E+20,5.33335E+21,1.15408E+16,4.81253E+16
177016,9.17063E+18,9,1,84,122,2017,6,15,6,3,3,7,0,1,0,1,0,0,0,6.88944E+20,5.32372E+21,1.15349E+16,4.80388E+16
177017,9.17063E+18,9,1,62,0,2017,6,9,6,3,4,2,0,1,0,0,1,0,0,6.79381E+20,5.33411E+21,1.14111E+16,4.81349E+16
177018,9.17063E+18,9,1,62,0,2017,6,18,6,3,5,7,1,1,0,0,0,0,0,6.87588E+20,5.34127E+21,1.15244E+16,4.8197E+16
177019,9.17063E+18,9,1,62,0,2017,6,16,6,2,4,7,0,1,0,1,0,0,0,6.91914E+20,5.33389E+21,1.15793E+16,4.81293E+16
177020,9.17063E+18,9,1,62,0,2017,6,17,6,3,4,6,1,1,0,0,0,0,0,6.98833E+20,5.33143E+21,1.1671E+16,4.81051E+16
177021,9.17063E+18,9,1,84,119,2017,6,11,6,3,1,5,1,1,0,0,0,0,0,6.97148E+20,5.34714E+21,1.16557E+16,4.82468E+16
177022,9.17063E+18,9,1,62,0,2017,6,13,6,3,0,7,1,0,0,0,0,0,0,6.81127E+20,5.33639E+21,1.14355E+16,4.81549E+16
177023,9.17063E+18,9,1,62,0,2017,6,21,6,3,2,7,0,1,0,0,0,2,0,6.81384E+20,5.338E+21,1.14396E+16,4.81694E+16
177024,9.17063E+18,9,1,62,0,2017,6,17,6,3,0,7,0,1,0,0,1,0,0,6.87765E+20,5.33661E+21,1.15248E+16,4.81549E+16
177025,9.17063E+18,9,1,84,141,2017,6,20,6,3,6,7,0,1,1,0,0,0,0,6.96756E+20,5.31374E+21,1.1635E+16,4.79467E+16
177026,9.17063E+18,9,1,62,0,2017,6,13,6,3,2,6,0,1,0,0,0,0,0,6.86536E+20,5.32992E+21,1.15053E+16,4.80952E+16
177027,9.17063E+18,9,1,62,0,2017,6,12,6,3,5,3,0,1,0,1,0,0,0,6.88106E+20,5.33388E+21,1.15282E+16,4.81304E+16
177028,9.17063E+18,9,1,62,0,2017,6,13,6,3,4,2,1,1,0,0,0,0,0,6.9101E+20,5.3359E+21,1.1568E+16,4.81476E+16
177029,9.17063E+18,9,7,64,0,2017,6,9,6,3,5,3,1,1,0,0,0,0,0,5.88454E+20,5.31488E+21,1.01854E+16,4.79811E+16
177030,9.17063E+18,9,7,64,0,2017,6,13,6,3,1,7,0,1,0,0,0,0,0,5.88443E+20,5.31592E+21,1.01854E+16,4.79905E+16
177031,9.17063E+18,9,7,80,120,2017,6,11,6,3,8,1,0,0,0,1,0,0,0,6.02025E+20,5.2845E+21,1.036E+16,4.77058E+16
177032,9.17063E+18,9,7,63,0,2017,6,20,6,3,4,3,0,1,0,0,0,2,0,5.99035E+20,5.28554E+21,1.03204E+16,4.77156E+16
177033,9.17063E+18,9,7,80,128,2017,6,20,6,3,6,6,0,1,1,0,0,0,0,6.12149E+20,5.27775E+21,1.04932E+16,4.76434E+16
177034,9.17063E+18,9,7,80,133,2017,6,7,6,3,5,3,1,1,0,0,0,0,0,5.96212E+20,5.25184E+21,1.02754E+16,4.7413E+16
177035,9.17063E+18,9,7,80,124,2017,6,12,6,3,1,6,0,1,0,1,0,0,0,5.91833E+20,5.26794E+21,1.02207E+16,4.75584E+16
177036,9.17063E+18,9,7,72,147,2017,6,18,6,2,0,7,1,0,0,0,0,0,0,6.39385E+20,5.3665E+21,1.08845E+16,4.84362E+16