OBJECTID,UIDENTSTLA,ULAND,UREGBEZ,UKREIS,UGEMEINDE,UJAHR,UMONAT,USTUNDE,UWOCHENTAG,UKATEGORIE,UART,UTYP1,IstRad,IstPKW,IstFuss,IstKrad,IstSonstig,LICHT,STRZUSTAND,LINREFX,LINREFY,XGCSWGS84,YGCSWGS84
177037,9.17063E+18,9,7,61,0,2017,6,18,6,3,5,3,1,0,0,0,0,0,0,6.38739E+20,5.35814E+21,1.0873E+16,4.83612E+16
177038,9.17063E+18,9,7,61,0,2017,6,11,6,3,1,6,0,1,0,0,0,0,0,6.39297E+20,5.36174E+21,1.08818E+16,4.83935E+16
177039,9.17063E+18,9,7,61,0,2017,6,21,6,3,0,1,1,0,0,0,0,2,1,6.43473E+20,5.35864E+21,1.09371E+16,4.83646E+16
177040,9.17063E+18,9,7,61,0,2017,6,13,6,3,0,4,0,1,1,0,0,0,0,6.40562E+20,5.35809E+21,1.08976E+16,4.83603E+16
177041,9.17063E+18,9,7,61,0,2017,6,13,6,3,4,2,0,1,0,0,0,0,0,6.39927E+20,5.35914E+21,1.08894E+16,4.83699E+16
177042,9.17063E+18,9,6,79,175,2017,6,17,6,3,0,7,1,1,0,0,0,0,0,5.70995E+20,5.51254E+21,9.98576E+15,4.97611E+16
177043,9.17063E+18,9,6,63,0,2017,6,19,6,3,0,4,1,0,1,0,0,0,0,5.6661E+20,5.51654E+21,9.92556E+15,4.97976E+16
177044,9.17063E+18,9,6,77,125,2017,6,17,6,2,0,7,1,1,0,0,0,0,0,5.44509E+20,5.51979E+21,9.61885E+15,4.98289E+16
177045,9.17063E+18,9,6,78,186,2017,6,14,6,3,0,7,0,1,0,0,0,0,0,5.89073E+20,5.54961E+21,1.02453E+16,5.00921E+16
177046,9.17063E+18,9,6,71,155,2017,6,19,6,3,8,1,1,0,0,0,0,0,0,5.0298E+20,5.53596E+21,9.04156E+15,4.9976E+16
177047,9.17063E+18,9,5,76,143,2017,6,9,6,3,0,7,1,0,0,0,0,0,0,6.52486E+20,5.45666E+21,1.10951E+16,4.92437E+16
177048,9.17063E+18,9,5,62,0,2017,6,17,6,3,0,7,0,0,0,1,1,0,1,6.449E+20,5.49497E+21,1.10049E+16,4.95899E+16
177049,9.17063E+18,9,5,74,156,2017,6,7,6,3,1,5,1,1,0,0,0,0,0,6.58709E+20,5.48217E+21,1.11907E+16,4.94714E+16
177050,9.17063E+18,9,5,63,0,2017,6,7,6,3,0,7,1,0,0,0,0,0,1,6.38714E+20,5.48068E+21,1.09143E+16,4.94629E+16
177051,9.17063E+18,9,5,64,0,2017,6,20,6,3,1,7,1,1,0,0,0,0,0,6.48994E+20,5.47986E+21,1.10558E+16,4.94531E+16
177052,9.17063E+18,9,5,64,0,2017,6,9,6,3,0,1,0,0,0,1,0,0,0,6.50318E+20,5.48076E+21,1.10744E+16,4.94609E+16
177053,9.17063E+18,9,5,64,0,2017,6,19,6,2,5,7,0,1,0,1,0,0,0,6.5016E+20,5.47951E+21,1.10718E+16,4.94496E+16
177054,9.17063E+18,9,5,64,0,2017,6,11,6,3,2,6,0,1,0,0,0,0,0,6.57281E+20,5.47524E+21,1.11682E+16,4.94095E+16
177055,9.17063E+18,9,5,64,0,2017,6,19,6,3,5,3,1,1,0,0,0,0,0,6.53059E+20,5.47997E+21,1.11119E+16,4.94531E+16
177056,9.17063E+18,9,5,64,0,2017,6,17,6,3,4,6,1,1,0,0,0,0,0,6.54389E+20,5.47836E+21,1.11296E+16,4.94383E+16
177057,9.17063E+18,9,5,61,0,2017,6,22,6,3,6,4,1,0,1,0,0,2,1,6.14082E+20,5.46233E+21,1.05693E+16,4.93031E+16
177058,9.17063E+18,9,4,73,159,2017,6,13,6,3,4,6,0,0,0,1,1,0,0,6.45828E+20,5.57256E+21,1.10471E+16,5.02872E+16
177059,9.17063E+18,9,4,62,0,2017,6,12,6,3,0,1,0,0,0,1,0,0,0,6.84723E+20,5.53619E+21,1.1575E+16,4.99494E+16
177060,9.17063E+18,9,4,62,0,2017,6,15,6,3,4,7,0,1,0,1,0,0,0,6.8528E+20,5.53536E+21,1.15823E+16,4.99419E+16
177061,9.17063E+18,9,4,74,134,2017,6,16,6,3,0,1,1,0,0,0,0,0,0,6.4468E+20,5.50815E+21,1.10067E+16,4.97084E+16
177062,9.17063E+18,9,4,71,220,2017,6,16,6,3,0,7,0,1,0,0,0,0,0,6.16764E+20,5.51286E+21,1.06211E+16,4.97569E+16
177063,9.17063E+18,9,4,71,140,2017,6,20,6,2,0,6,0,0,0,1,0,0,0,6.34737E+20,5.53185E+21,1.08771E+16,4.99238E+16
177064,9.17063E+18,9,3,75,205,2017,6,22,6,2,7,7,0,0,0,1,0,2,1,7.29513E+20,5.42008E+21,1.21313E+16,4.88911E+16
177065,9.17063E+18,9,3,62,0,2017,6,13,6,3,5,2,1,0,0,0,1,0,0,7.23578E+20,5.43295E+21,1.20575E+16,4.90089E+16
177066,9.17063E+18,9,3,62,0,2017,6,13,6,3,5,3,0,1,0,0,0,0,0,7.26777E+20,5.43369E+21,1.21016E+16,4.90144E+16
177067,9.17063E+18,9,3,62,0,2017,6,6,6,3,6,2,0,1,1,0,0,0,0,7.25317E+20,5.43228E+21,1.20809E+16,4.90022E+16
177068,9.17063E+18,9,3,71,141,2017,6,19,6,3,9,1,0,0,0,1,0,0,0,6.89839E+20,5.4896E+21,1.16235E+16,4.95292E+16
177069,9.17063E+18,9,2,78,123,2017,6,10,6,3,5,1,0,1,0,1,0,0,0,7.49191E+20,5.41359E+21,1.23953E+16,4.88252E+16
177070,9.17063E+18,9,2,76,138,2017,6,12,6,2,5,2,0,1,0,1,0,0,0,8.02124E+20,5.43225E+21,1.31286E+16,4.89692E+16
177071,9.17063E+18,9,2,71,146,2017,6,11,6,3,5,3,0,0,0,1,1,0,0,7.87619E+20,5.41159E+21,1.29163E+16,4.87907E+16
177072,9.17063E+18,9,2,73,147,2017,6,21,6,3,4,2,0,1,0,1,0,2,0,7.05317E+20,5.39145E+21,1.17873E+16,4.86424E+16
177073,9.17063E+18,9,2,61,0,2017,6,18,6,3,1,2,1,1,0,0,0,0,0,7.3301E+20,5.38079E+21,1.21567E+16,4.85369E+16
177074,9.17063E+18,9,2,61,0,2017,6,14,6,3,6,4,0,1,1,0,0,0,0,7.32601E+20,5.38106E+21,1.21513E+16,4.85395E+16
177075,9.17063E+18,9,2,61,0,2017,6,9,6,3,2,6,0,1,0,0,0,0,0,7.31617E+20,5.38366E+21,1.21395E+16,4.85632E+16
177076,9.17063E+18,9,2,73,164,2017,6,20,6,3,0,7,1,0,0,0,0,0,0,6.96338E+20,5.42681E+21,1.16825E+16,4.8963E+16
177077,9.17063E+18,9,2,73,111,2017,6,18,6,3,6,4,0,0,1,0,1,0,0,7.0902E+20,5.41174E+21,1.18478E+16,4.88235E+16
177078,9.17063E+18,9,1,90,157,2017,6,22,6,2,0,7,1,0,0,0,0,2,0,6.60627E+20,5.30165E+21,1.11471E+16,4.78481E+16
177079,9.17063E+18,9,1,80,117,2017,6,16,6,3,5,3,0,1,0,0,0,0,0,6.58794E+20,5.2651E+21,1.11093E+16,4.75199E+16
177080,9.17063E+18,9,1,73,112,2017,6,18,6,3,0,7,0,0,1,0,1,0,0,6.90953E+20,5.29247E+21,1.1548E+16,4.77573E+16
177081,9.17063E+18,9,1,83,148,2017,6,12,6,3,4,7,0,1,0,0,0,0,0,7.53732E+20,5.34424E+21,1.24149E+16,4.82006E+16
177082,9.17063E+18,9,1,89,154,2017,6,7,6,3,5,2,1,1,0,0,0,0,0,7.69338E+20,5.31706E+21,1.26074E+16,4.79502E+16
177083,9.17063E+18,9,1,63,0,2017,6,12,6,2,1,7,1,1,0,0,0,0,0,7.33474E+20,5.30691E+21,1.21224E+16,4.78731E+16
177084,9.17063E+18,9,1,87,162,2017,6,10,6,3,5,3,1,1,0,0,0,0,0,7.50629E+20,5.3051E+21,1.23504E+16,4.78503E+16
177085,9.17063E+18,9,1,87,169,2017,6,19,6,3,0,1,0,0,0,1,0,0,0,7.39165E+20,5.29728E+21,1.2193E+16,4.77844E+16
177086,9.17063E+18,9,1,87,130,2017,6,11,6,2,5,3,1,1,0,0,0,0,0,7.12635E+20,5.3104E+21,1.18458E+16,4.79116E+16
177087,9.17063E+18,9,1,61,0,2017,6,7,6,3,5,3,1,1,0,0,0,0,0,6.78075E+20,5.40244E+21,1.14226E+16,4.87495E+16
177088,9.17063E+18,9,1,85,149,2017,6,12,6,3,0,1,1,0,0,0,0,0,0,6.61965E+20,5.39944E+21,1.12024E+16,4.87269E+16
177089,9.17063E+18,9,1,61,0,2017,6,16,6,3,2,6,0,1,0,1,0,0,0,6.76496E+20,5.40558E+21,1.14025E+16,4.87782E+16
177090,9.17063E+18,9,1,81,132,2017,6,18,6,3,5,3,1,1,0,0,0,0,0,6.43734E+20,5.32596E+21,1.09295E+16,4.80707E+16
177091,9.17063E+18,9,1,81,130,2017,6,11,6,3,8,1,0,1,0,0,0,0,0,6.38647E+20,5.3261E+21,1.08613E+16,4.80731E+16
177092,9.17063E+18,9,1,79,123,2017,6,8,6,3,5,3,1,1,0,0,0,0,0,6.77454E+20,5.33508E+21,1.13856E+16,4.81442E+16
177093,9.17063E+18,9,1,79,123,2017,6,6,6,3,0,3,0,0,0,1,1,0,0,6.76327E+20,5.33249E+21,1.13694E+16,4.81213E+16
177094,9.17063E+18,9,1,79,121,2017,6,10,6,3,5,2,0,1,0,1,0,0,0,6.65532E+20,5.33781E+21,1.12265E+16,4.81719E+16
177095,9.17063E+18,9,1,77,117,2017,6,11,6,3,5,3,1,1,0,0,0,0,0,7.14969E+20,5.35398E+21,1.18989E+16,4.83025E+16
177096,9.17063E+18,9,1,62,0,2017,6,22,5,3,4,2,0,1,0,1,0,2,0,6.91864E+20,5.33717E+21,1.15801E+16,4.81588E+16
177097,9.17063E+18,9,1,62,0,2017,6,14,5,3,3,6,0,1,0,1,0,0,0,6.88512E+20,5.3324E+21,1.15329E+16,4.81169E+16
177098,9.17063E+18,9,1,62,0,2017,6,10,5,3,1,5,1,1,0,0,0,0,0,6.92686E+20,5.33088E+21,1.15883E+16,4.8102E+16
177099,9.17063E+18,9,1,84,119,2017,6,8,5,3,5,3,1,0,0,0,1,0,1,6.95273E+20,5.34726E+21,1.16305E+16,4.82484E+16
177100,9.17063E+18,9,1,62,0,2017,6,17,5,3,0,7,1,0,0,0,1,0,0,6.91135E+20,5.34122E+21,1.15721E+16,4.81954E+16
177101,9.17063E+18,9,1,62,0,2017,6,8,5,3,2,6,0,1,0,0,1,0,1,6.79995E+20,5.33853E+21,1.14212E+16,4.81745E+16
177102,9.17063E+18,9,1,62,0,2017,6,19,5,3,0,1,0,0,0,1,0,0,1,6.87865E+20,5.33693E+21,1.15263E+16,4.81578E+16
177103,9.17063E+18,9,1,62,0,2017,6,17,5,3,5,3,0,1,0,0,0,0,0,6.85714E+20,5.33509E+21,1.14966E+16,4.81419E+16
177104,9.17063E+18,9,1,84,134,2017,6,20,5,3,2,6,1,1,0,0,0,2,1,6.9103E+20,5.31967E+21,1.15611E+16,4.80018E+16
177105,9.17063E+18,9,1,62,0,2017,6,19,5,3,4,2,1,1,0,0,0,0,1,6.92939E+20,5.33368E+21,1.15929E+16,4.81271E+16
177106,9.17063E+18,9,1,62,0,2017,6,7,5,3,0,7,1,0,1,0,0,0,1,6.88503E+20,5.33281E+21,1.1533E+16,4.81206E+16
177107,9.17063E+18,9,1,62,0,2017,6,19,5,2,6,3,1,0,1,0,0,0,1,6.92303E+20,5.33805E+21,1.15864E+16,4.81666E+16
177108,9.17063E+18,9,7,75,135,2017,6,17,5,3,6,4,0,1,1,0,0,0,0,5.76651E+20,5.35513E+21,1.00345E+16,4.83447E+16
177109,9.17063E+18,9,7,75,135,2017,6,10,5,3,5,6,1,1,0,0,0,0,0,5.74623E+20,5.35888E+21,1.00078E+16,4.83786E+16
177110,9.17063E+18,9,7,74,121,2017,6,16,5,3,6,4,0,1,1,0,0,0,0,6.04084E+20,5.36539E+21,1.04071E+16,4.8433E+16
177111,9.17063E+18,9,7,76,111,2017,6,12,5,2,0,1,1,0,0,0,0,0,0,5.49766E+20,5.26944E+21,9.66175E+15,4.75765E+16
177112,9.17063E+18,9,7,79,131,2017,6,16,5,3,2,6,0,1,0,0,0,0,1,6.2974E+20,5.39808E+21,1.0764E+16,4.87222E+16
177113,9.17063E+18,9,7,72,184,2017,6,12,5,3,1,5,0,1,0,0,0,0,0,6.33884E+20,5.36035E+21,1.08082E+16,4.83821E+16
177114,9.17063E+18,9,7,61,0,2017,6,20,5,3,0,6,1,1,0,0,0,0,0,6.37413E+20,5.36166E+21,1.08563E+16,4.83931E+16
177115,9.17063E+18,9,7,61,0,2017,6,16,5,3,4,2,0,1,0,0,1,0,0,6.38359E+20,5.36307E+21,1.08695E+16,4.84056E+16
177116,9.17063E+18,9,7,61,0,2017,6,8,5,3,5,3,0,1,0,1,0,0,1,6.40485E+20,5.35545E+21,1.08957E+16,4.83366E+16
177117,9.17063E+18,9,7,61,0,2017,6,13,5,2,6,7,0,1,1,0,0,0,0,6.40363E+20,5.35978E+21,1.08955E+16,4.83756E+16
177118,9.17063E+18,9,6,63,0,2017,6,11,5,2,1,1,1,1,0,0,0,0,1,5.68352E+20,5.51655E+21,9.94977E+15,4.97975E+16
177119,9.17063E+18,9,6,72,127,2017,6,14,5,2,9,1,1,0,0,0,0,0,1,5.63876E+20,5.55185E+21,9.89343E+15,5.01155E+16
177120,9.17063E+18,9,6,78,168,2017,6,18,5,3,5,3,0,1,0,0,0,0,0,5.79954E+20,5.54837E+21,1.01175E+16,5.00822E+16
177121,9.17063E+18,9,6,62,0,2017,6,14,5,2,6,1,1,0,1,0,0,0,1,5.8813E+20,5.54427E+21,1.02309E+16,5.00442E+16
177122,9.17063E+18,9,6,62,0,2017,6,21,5,3,0,1,0,0,0,1,0,2,1,5.88355E+20,5.5434E+21,1.02338E+16,5.00364E+16
177123,9.17063E+18,9,6,61,0,2017,6,12,5,3,0,1,1,0,0,0,0,0,0,5.10648E+20,5.53633E+21,9.14851E+15,4.99792E+16
177124,9.17063E+18,9,5,64,0,2017,6,11,5,3,0,6,0,1,0,1,0,0,1,6.54433E+20,5.4749E+21,1.11289E+16,4.94072E+16
177125,9.17063E+18,9,5,64,0,2017,6,11,5,3,5,3,1,1,0,0,0,0,1,6.50791E+20,5.47918E+21,1.10803E+16,4.94465E+16
177126,9.17063E+18,9,5,64,0,2017,6,7,5,3,4,6,1,0,0,0,0,0,1,6.51548E+20,5.48158E+21,1.10917E+16,4.94679E+16
177127,9.17063E+18,9,5,64,0,2017,6,22,5,3,5,3,0,1,0,1,0,2,1,6.4718E+20,5.48138E+21,1.10314E+16,4.94672E+16
177128,9.17063E+18,9,5,64,0,2017,6,3,5,3,9,1,0,1,0,0,0,2,1,6.49332E+20,5.47571E+21,1.10589E+16,4.94157E+16
177129,9.17063E+18,9,5,64,0,2017,6,21,5,3,0,6,0,1,0,1,0,2,1,6.49931E+20,5.47924E+21,1.10685E+16,4.94473E+16
177130,9.17063E+18,9,5,64,0,2017,6,16,5,3,5,3,0,1,0,1,0,0,0,6.50441E+20,5.47775E+21,1.1075E+16,4.94338E+16
177131,9.17063E+18,9,5,64,0,2017,6,23,5,3,4,3,0,1,0,1,0,2,0,6.50986E+20,5.47955E+21,1.10832E+16,4.94498E+16
177132,9.17063E+18,9,5,64,0,2017,6,17,5,2,5,3,1,1,0,0,0,0,0,6.50385E+20,5.47821E+21,1.10744E+16,4.94379E+16
177133,9.17063E+18,9,5,64,0,2017,6,15,5,3,4,6,0,1,0,0,0,0,0,6.51443E+20,5.47915E+21,1.10893E+16,4.94462E+16
177134,9.17063E+18,9,5,64,0,2017,6,7,5,3,4,6,0,1,0,0,1,0,1,6.46778E+20,5.47261E+21,1.10226E+16,4.93885E+16
177135,9.17063E+18,9,5,64,0,2017,6,18,5,3,0,1,0,0,0,1,0,0,0,6.51131E+20,5.48117E+21,1.10858E+16,4.94643E+16
177136,9.17063E+18,9,5,64,0,2017,6,17,5,3,0,7,0,0,0,0,1,0,0,6.51154E+20,5.47085E+21,1.10822E+16,4.93716E+16
177137,9.17063E+18,9,5,73,122,2017,6,11,5,3,5,3,1,1,0,0,0,0,1,6.43146E+20,5.47691E+21,1.09741E+16,4.9428E+16
177138,9.17063E+18,9,4,64,0,2017,6,20,5,3,0,5,0,1,0,1,0,1,0,7.07978E+20,5.57733E+21,1.19211E+16,5.03113E+16
177139,9.17063E+18,9,4,76,145,2017,6,13,5,3,5,3,0,1,0,0,0,0,0,6.65961E+20,5.5671E+21,1.13271E+16,5.02327E+16
177140,9.17063E+18,9,4,63,0,2017,6,12,5,3,5,3,0,1,0,0,1,0,1,6.39132E+20,5.57205E+21,1.0953E+16,5.02841E+16
177141,9.17063E+18,9,4,77,128,2017,6,16,5,3,0,1,0,0,0,1,0,0,1,6.74654E+20,5.55297E+21,1.14424E+16,5.01033E+16
177142,9.17063E+18,9,4,62,0,2017,6,16,5,2,9,1,0,1,0,0,0,0,1,6.86432E+20,5.53728E+21,1.15993E+16,4.99587E+16
177143,9.17063E+18,9,3,72,157,2017,6,18,5,2,4,6,0,1,0,0,0,0,0,7.60604E+20,5.47119E+21,1.25876E+16,4.93377E+16
177144,9.17063E+18,9,3,75,180,2017,6,17,5,3,2,6,0,1,0,1,0,0,0,7.23957E+20,5.43061E+21,1.20614E+16,4.89878E+16
177145,9.17063E+18,9,3,75,196,2017,6,11,5,3,5,3,0,1,0,0,0,0,0,7.32644E+20,5.41153E+21,1.21691E+16,4.88131E+16
177146,9.17063E+18,9,3,75,208,2017,6,17,5,3,5,7,0,1,0,0,1,0,0,7.33608E+20,5.43935E+21,1.21981E+16,4.90627E+16
177147,9.17063E+18,9,2,71,153,2017,6,16,5,2,5,3,0,0,0,1,1,0,0,7.98974E+20,5.40562E+21,1.30662E+16,4.87318E+16
177148,9.17063E+18,9,2,61,0,2017,6,7,5,3,5,3,1,1,0,0,0,0,1,7.33153E+20,5.38124E+21,1.21589E+16,4.85409E+16
177149,9.17063E+18,9,2,74,128,2017,6,14,5,3,5,3,0,1,0,0,0,0,0,7.36944E+20,5.389E+21,1.22146E+16,4.86092E+16
177150,9.17063E+18,9,2,79,126,2017,6,5,5,3,9,1,0,1,0,0,0,0,0,7.62165E+20,5.38255E+21,1.25521E+16,4.85412E+16
177151,9.17063E+18,9,1,80,134,2017,6,15,5,3,5,3,0,1,0,0,1,0,0,6.61784E+20,5.28748E+21,1.11572E+16,4.77204E+16
177152,9.17063E+18,9,1,83,113,2017,6,17,5,3,2,6,0,1,0,0,0,0,0,7.4941E+20,5.3437E+21,1.23565E+16,4.81975E+16
177153,9.17063E+18,9,1,89,155,2017,6,22,5,2,0,7,1,0,0,0,0,2,1,7.72995E+20,5.30827E+21,1.26507E+16,4.78696E+16
177154,9.17063E+18,9,1,83,128,2017,6,15,5,3,5,3,0,1,0,0,0,0,0,7.62446E+20,5.34844E+21,1.25346E+16,4.82348E+16
177155,9.17063E+18,9,1,89,118,2017,6,14,5,3,0,7,1,0,0,0,0,0,0,7.85198E+20,5.32294E+21,1.28233E+16,4.7996E+16
177156,9.17063E+18,9,1,63,0,2017,6,15,5,3,5,3,1,1,0,0,0,0,0,7.31533E+20,5.30506E+21,1.20955E+16,4.78571E+16
177157,9.17063E+18,9,1,63,0,2017,6,15,5,3,5,3,1,1,0,0,0,0,0,7.31592E+20,5.30436E+21,1.20959E+16,4.78508E+16
177158,9.17063E+18,9,1,63,0,2017,6,18,5,2,5,3,1,1,0,0,0,0,0,7.33678E+20,5.3037E+21,1.21234E+16,4.78442E+16
177159,9.17063E+18,9,1,63,0,2017,6,20,5,3,0,3,1,0,0,0,0,0,1,7.31956E+20,5.30539E+21,1.21013E+16,4.786E+16
177160,9.17063E+18,9,1,82,127,2017,6,10,5,3,8,1,1,0,0,0,0,0,0,7.00678E+20,5.30973E+21,1.16856E+16,4.79095E+16
177161,9.17063E+18,9,1,82,129,2017,6,16,5,2,1,6,1,1,0,0,0,0,1,7.07989E+20,5.28459E+21,1.17713E+16,4.76812E+16
177162,9.17063E+18,9,1,62,0,2017,6,18,5,3,2,6,0,1,0,0,1,0,0,6.79847E+20,5.33803E+21,1.1419E+16,4.817E+16
177163,9.17063E+18,9,1,81,130,2017,6,11,5,3,0,7,1,0,0,0,0,0,0,6.39218E+20,5.32432E+21,1.08684E+16,4.8057E+16
177164,9.17063E+18,9,1,74,115,2017,6,7,5,3,5,2,1,1,0,0,0,0,1,6.81747E+20,5.3488E+21,1.14492E+16,4.82663E+16
177165,9.17063E+18,9,1,74,111,2017,6,17,5,2,6,7,1,0,1,0,0,0,0,6.68033E+20,5.36071E+21,1.12693E+16,4.83771E+16
177166,9.17063E+18,9,1,78,124,2017,6,15,5,3,2,6,0,1,0,1,0,0,0,7.02896E+20,5.36456E+21,1.17414E+16,4.84015E+16
177167,9.17063E+18,9,1,77,117,2017,6,7,5,3,0,7,1,0,0,0,0,0,1,7.1554E+20,5.35437E+21,1.19068E+16,4.83058E+16
177168,9.17063E+18,9,1,62,0,2017,6,22,4,3,5,2,1,1,0,0,0,2,0,6.88123E+20,5.33687E+21,1.15297E+16,4.81572E+16
177169,9.17063E+18,9,1,62,0,2017,6,20,4,3,0,7,0,1,0,1,0,1,0,6.93998E+20,5.33639E+21,1.16084E+16,4.81511E+16
177170,9.17063E+18,9,1,62,0,2017,6,14,4,3,5,2,0,1,0,0,0,0,0,6.92447E+20,5.33059E+21,1.15849E+16,4.80995E+16
177171,9.17063E+18,9,1,62,0,2017,6,16,4,3,5,3,1,1,0,0,0,0,0,6.89382E+20,5.3344E+21,1.15455E+16,4.81346E+16
177172,9.17063E+18,9,1,62,0,2017,6,9,4,3,0,7,0,0,0,0,1,0,0,6.84369E+20,5.33685E+21,1.14793E+16,4.81581E+16
177173,9.17063E+18,9,1,62,0,2017,6,17,4,3,5,2,0,1,0,0,0,0,0,7.004E+20,5.333E+21,1.16928E+16,4.81187E+16
177174,9.17063E+18,9,1,62,0,2017,6,21,4,3,4,2,0,1,0,0,0,1,0,6.87488E+20,5.33892E+21,1.15221E+16,4.81759E+16
177175,9.17063E+18,9,1,62,0,2017,6,18,4,3,6,4,0,1,1,0,0,0,0,6.92152E+20,5.34002E+21,1.15852E+16,4.81843E+16
177176,9.17063E+18,9,1,62,0,2017,6,19,4,3,1,7,1,1,0,0,0,0,0,6.83741E+20,5.33536E+21,1.14702E+16,4.81449E+16
177177,9.17063E+18,9,1,62,0,2017,6,17,4,3,3,2,1,1,0,0,0,0,0,6.9029E+20,5.33616E+21,1.15585E+16,4.81502E+16
177178,9.17063E+18,9,1,62,0,2017,6,19,4,3,5,3,0,1,0,1,0,0,0,6.84405E+20,5.33245E+21,1.14778E+16,4.81186E+16
177179,9.17063E+18,9,1,84,131,2017,6,7,4,3,2,6,0,1,0,0,0,0,0,7.0419E+20,5.33942E+21,1.17467E+16,4.81751E+16
177180,9.17063E+18,9,1,84,118,2017,6,13,4,3,5,3,1,1,0,0,0,0,0,7.02606E+20,5.33697E+21,1.17243E+16,4.81536E+16
177181,9.17063E+18,9,1,62,0,2017,6,12,4,3,5,3,1,0,0,0,1,0,1,6.9844E+20,5.33118E+21,1.16656E+16,4.81029E+16
177182,9.17063E+18,9,1,62,0,2017,6,9,4,3,2,6,0,1,0,0,0,0,0,6.92783E+20,5.33477E+21,1.15913E+16,4.81369E+16
177183,9.17063E+18,9,1,62,0,2017,6,9,4,3,3,6,1,1,0,0,0,0,0,6.9376E+20,5.33439E+21,1.16043E+16,4.81332E+16
177184,9.17063E+18,9,1,62,0,2017,6,15,4,3,5,2,1,1,0,0,0,0,0,6.90799E+20,5.33486E+21,1.15647E+16,4.81384E+16
177185,9.17063E+18,9,7,75,164,2017,6,7,4,2,4,3,1,0,0,0,1,0,1,5.85916E+20,5.35155E+21,1.01588E+16,4.83113E+16
177186,9.17063E+18,9,7,64,0,2017,6,17,4,3,5,3,1,1,0,0,0,0,0,5.88509E+20,5.31511E+21,1.01861E+16,4.79832E+16
177187,9.17063E+18,9,7,74,143,2017,6,7,4,3,5,3,0,0,0,1,1,0,1,5.97131E+20,5.35768E+21,1.03114E+16,4.83648E+16
177188,9.17063E+18,9,7,78,116,2017,6,16,4,3,0,1,1,0,0,0,0,0,0,6.19684E+20,5.3193E+21,1.06049E+16,4.80158E+16
177189,9.17063E+18,9,7,80,147,2017,6,14,4,2,0,7,0,0,0,1,0,0,0,6.05432E+20,5.29182E+21,1.04072E+16,4.77711E+16
177190,9.17063E+18,9,7,77,163,2017,6,11,4,2,0,6,1,0,0,0,0,0,0,6.29905E+20,5.27801E+21,1.07296E+16,4.76424E+16
177191,9.17063E+18,9,7,71,122,2017,6,17,4,3,0,7,1,0,0,0,0,0,0,6.5256E+20,5.36E+21,1.10602E+16,4.83747E+16
177192,9.17063E+18,9,7,61,0,2017,6,8,4,3,5,3,0,1,0,1,0,0,0,6.38302E+20,5.35754E+21,1.08669E+16,4.83559E+16
177193,9.17063E+18,9,7,61,0,2017,6,8,4,3,4,2,0,1,0,1,0,0,0,6.39375E+20,5.35868E+21,1.08818E+16,4.83659E+16
177194,9.17063E+18,9,7,61,0,2017,6,13,4,3,2,6,0,1,0,0,0,0,0,6.38346E+20,5.35466E+21,1.08666E+16,4.833E+16
177195,9.17063E+18,9,7,61,0,2017,6,17,4,3,6,4,0,1,1,0,0,0,0,6.40735E+20,5.35504E+21,1.08989E+16,4.83328E+16
177196,9.17063E+18,9,7,61,0,2017,6,9,4,3,2,6,0,1,0,0,0,0,0,6.3952E+20,5.35958E+21,1.0884E+16,4.8374E+16
177197,9.17063E+18,9,6,63,0,2017,6,17,4,3,0,2,1,1,0,0,0,0,0,5.69878E+20,5.51663E+21,9.97099E+15,4.9798E+16
177198,9.17063E+18,9,6,63,0,2017,6,17,4,3,2,6,0,1,0,1,0,0,0,5.67174E+20,5.51371E+21,9.93292E+15,4.97721E+16
177199,9.17063E+18,9,6,63,0,2017,6,13,4,3,2,6,0,1,0,1,0,0,1,5.66663E+20,5.51465E+21,9.92598E+15,4.97806E+16
177200,9.17063E+18,9,6,63,0,2017,6,14,4,3,2,6,0,1,0,0,0,0,0,5.6868E+20,5.51683E+21,9.95438E+15,4.98E+16
177201,9.17063E+18,9,6,74,221,2017,6,8,4,2,0,1,0,0,0,1,0,0,1,6.13769E+20,5.54122E+21,1.05879E+16,5.00124E+16
177202,9.17063E+18,9,6,74,130,2017,6,17,4,3,0,1,1,0,0,0,0,0,0,6.28862E+20,5.55066E+21,1.08016E+16,5.00942E+16
177203,9.17063E+18,9,6,76,132,2017,6,7,4,3,5,2,0,1,0,0,0,0,0,5.1516E+20,5.50746E+21,9.21031E+15,4.97194E+16
177204,9.17063E+18,9,6,61,0,2017,6,11,4,3,2,6,0,1,0,0,1,0,1,5.10884E+20,5.53678E+21,9.15181E+15,4.99833E+16
177205,9.17063E+18,9,5,62,0,2017,6,14,4,3,5,3,1,1,0,0,0,0,0,6.43049E+20,5.49639E+21,1.09798E+16,4.96032E+16
177206,9.17063E+18,9,5,62,0,2017,6,12,4,2,0,7,1,1,0,0,0,0,0,6.41997E+20,5.49521E+21,1.09649E+16,4.95928E+16
177207,9.17063E+18,9,5,62,0,2017,6,21,4,3,5,3,0,1,0,1,0,2,0,6.44985E+20,5.49397E+21,1.10057E+16,4.9581E+16
177208,9.17063E+18,9,5,76,143,2017,6,19,4,3,0,1,1,0,0,0,0,0,0,6.5167E+20,5.4561E+21,1.10837E+16,4.92389E+16