OBJECTID,UIDENTSTLA,ULAND,UREGBEZ,UKREIS,UGEMEINDE,UJAHR,UMONAT,USTUNDE,UWOCHENTAG,UKATEGORIE,UART,UTYP1,IstRad,IstPKW,IstFuss,IstKrad,IstSonstig,LICHT,STRZUSTAND,LINREFX,LINREFY,XGCSWGS84,YGCSWGS84
177209,9.17063E+18,9,5,64,0,2017,6,22,4,3,2,6,0,1,0,1,0,2,0,6.49546E+20,5.47586E+21,1.10619E+16,4.94171E+16
177210,9.17063E+18,9,5,64,0,2017,6,8,4,3,0,1,1,0,0,0,0,0,1,6.5016E+20,5.47922E+21,1.10717E+16,4.9447E+16
177211,9.17063E+18,9,5,64,0,2017,6,7,4,3,3,6,0,1,0,1,0,0,1,6.52107E+20,5.47894E+21,1.10984E+16,4.94441E+16
177212,9.17063E+18,9,5,64,0,2017,6,17,4,3,5,2,1,0,0,0,1,0,0,6.45176E+20,5.47945E+21,1.1003E+16,4.94504E+16
177213,9.17063E+18,9,5,64,0,2017,6,18,4,2,6,7,0,1,1,0,0,0,0,6.54596E+20,5.47797E+21,1.11323E+16,4.94347E+16
177214,9.17063E+18,9,5,64,0,2017,6,13,4,3,0,6,0,1,0,1,0,0,0,6.45938E+20,5.47951E+21,1.10136E+16,4.94507E+16
177215,9.17063E+18,9,5,77,161,2017,6,19,4,3,0,3,1,1,0,0,0,0,0,6.44733E+20,5.44109E+21,1.0983E+16,4.91056E+16
177216,9.17063E+18,9,5,75,153,2017,6,2,4,3,9,1,0,1,0,0,0,2,0,6.18551E+20,5.49292E+21,1.06399E+16,4.95772E+16
177217,9.17063E+18,9,4,73,151,2017,6,15,4,3,3,6,0,1,1,0,0,0,0,6.51577E+20,5.57767E+21,1.11298E+16,5.03316E+16
177218,9.17063E+18,9,4,76,179,2017,6,8,4,3,9,7,0,1,0,0,0,0,0,6.60359E+20,5.59348E+21,1.12598E+16,5.04713E+16
177219,9.17063E+18,9,4,78,111,2017,6,17,4,2,1,3,0,1,0,1,0,0,0,6.5964E+20,5.55444E+21,1.12332E+16,5.01207E+16
177220,9.17063E+18,9,4,63,0,2017,6,17,4,3,4,2,1,1,0,0,0,0,0,6.39471E+20,5.57006E+21,1.0957E+16,5.02662E+16
177221,9.17063E+18,9,4,62,0,2017,6,17,4,3,2,6,0,1,0,0,0,0,0,6.8369E+20,5.53445E+21,1.15598E+16,4.99341E+16
177222,9.17071E+18,9,1,90,130,2017,7,16,4,3,5,3,0,1,0,0,0,0,0,6.50859E+20,5.29497E+21,1.10143E+16,4.77904E+16
177223,9.17071E+18,9,1,80,113,2017,7,13,4,3,2,6,0,1,0,1,0,0,0,6.49119E+20,5.28416E+21,1.09873E+16,4.76936E+16
177224,9.17071E+18,9,1,73,142,2017,7,17,4,2,0,7,1,0,0,0,0,0,0,6.73984E+20,5.27968E+21,1.13167E+16,4.76471E+16
177225,9.17071E+18,9,1,83,118,2017,7,16,4,2,5,3,0,1,0,1,0,0,0,7.42351E+20,5.33863E+21,1.22588E+16,4.81546E+16
177226,9.17071E+18,9,1,89,114,2017,7,16,4,3,5,3,0,1,0,0,1,0,0,7.64838E+20,5.31438E+21,1.25456E+16,4.7928E+16
177227,9.17071E+18,9,1,72,111,2017,7,6,4,3,5,3,1,0,0,0,0,0,0,7.95868E+20,5.30547E+21,1.2954E+16,4.78344E+16
177228,9.17071E+18,9,1,72,118,2017,7,16,4,3,1,7,0,1,0,1,0,0,0,7.97637E+20,5.30659E+21,1.29783E+16,4.78437E+16
177229,9.17071E+18,9,1,71,125,2017,7,13,4,3,5,3,0,1,0,0,0,0,0,7.73791E+20,5.35013E+21,1.26881E+16,4.82452E+16
177230,9.17071E+18,9,1,71,111,2017,7,14,4,3,5,3,1,1,0,0,0,0,0,7.73989E+20,5.34755E+21,1.26891E+16,4.82219E+16
177231,9.17071E+18,9,1,87,162,2017,7,7,4,3,5,3,1,1,0,0,0,0,0,7.51007E+20,5.30713E+21,1.23566E+16,4.78684E+16
177232,9.17071E+18,9,1,87,118,2017,7,20,4,2,0,1,1,0,0,0,0,0,0,7.53122E+20,5.29996E+21,1.23806E+16,4.78032E+16
177233,9.17071E+18,9,1,87,138,2017,7,13,4,3,0,1,1,0,0,0,0,0,0,7.56128E+20,5.31029E+21,1.24268E+16,4.78948E+16
177234,9.17071E+18,9,1,82,129,2017,7,22,4,2,0,1,1,0,0,0,0,2,0,7.08427E+20,5.28543E+21,1.17775E+16,4.76886E+16
177235,9.17071E+18,9,2,61,0,2017,7,18,4,3,5,2,1,1,0,0,0,0,0,7.31676E+20,5.38189E+21,1.21393E+16,4.85473E+16
177236,9.17071E+18,9,1,87,179,2017,7,13,4,3,0,6,0,1,0,0,1,0,0,7.21635E+20,5.31527E+21,1.19686E+16,4.79524E+16
177237,9.17071E+18,9,1,61,0,2017,7,17,4,3,6,4,0,1,1,0,0,0,0,6.77111E+20,5.40527E+21,1.14107E+16,4.87752E+16
177238,9.17071E+18,9,1,61,0,2017,7,9,4,3,5,3,1,1,0,0,0,0,0,6.79125E+20,5.40421E+21,1.14376E+16,4.87651E+16
177239,9.17071E+18,9,2,74,126,2017,7,19,4,3,0,1,1,0,0,0,0,0,0,7.33916E+20,5.38249E+21,1.21699E+16,4.85518E+16
177240,9.17071E+18,9,2,79,122,2017,7,16,4,3,2,6,0,1,0,1,0,0,0,7.72884E+20,5.39699E+21,1.27065E+16,4.86662E+16
177241,9.17071E+18,9,2,73,137,2017,7,15,4,3,0,7,1,1,0,0,0,0,0,7.11013E+20,5.4225E+21,1.18805E+16,4.89194E+16
177242,9.17071E+18,9,1,90,139,2017,7,17,4,2,5,3,1,1,0,0,0,0,0,6.55041E+20,5.29664E+21,1.10707E+16,4.78045E+16
177243,9.17071E+18,9,1,61,0,2017,7,8,4,3,5,3,1,1,0,0,0,0,0,6.76423E+20,5.40576E+21,1.14016E+16,4.87798E+16
177244,9.17071E+18,9,1,76,126,2017,7,12,4,3,0,1,1,0,0,0,0,0,0,6.73883E+20,5.40842E+21,1.13681E+16,4.88044E+16
177245,9.17071E+18,9,1,61,0,2017,7,10,4,3,5,3,0,1,0,1,0,0,0,6.79351E+20,5.40553E+21,1.14413E+16,4.87769E+16
177246,9.17071E+18,9,1,85,149,2017,7,11,4,2,0,3,1,1,0,0,0,0,0,6.62631E+20,5.40066E+21,1.1212E+16,4.87377E+16
177247,9.17071E+18,9,1,85,149,2017,7,7,4,3,5,3,1,1,0,0,0,0,0,6.61268E+20,5.39956E+21,1.1193E+16,4.87282E+16
177248,9.17071E+18,9,1,61,0,2017,7,13,4,2,3,7,0,1,0,1,0,0,0,6.78489E+20,5.40468E+21,1.14292E+16,4.87695E+16
177249,9.17071E+18,9,1,79,142,2017,7,17,4,3,4,6,0,1,0,0,0,0,0,6.7052E+20,5.34061E+21,1.12947E+16,4.81958E+16
177250,9.17071E+18,9,1,79,142,2017,7,8,4,2,9,6,0,0,0,1,1,0,0,6.73653E+20,5.34441E+21,1.13384E+16,4.82291E+16
177251,9.17071E+18,9,1,79,118,2017,7,16,4,3,0,1,1,0,0,0,0,0,0,6.72304E+20,5.33821E+21,1.13177E+16,4.81738E+16
177252,9.17071E+18,9,1,74,115,2017,7,12,4,3,3,6,1,0,0,1,0,0,0,6.8076E+20,5.3485E+21,1.14357E+16,4.82639E+16
177253,9.17071E+18,9,1,74,115,2017,7,19,4,3,5,3,1,1,0,0,0,0,0,6.81689E+20,5.3488E+21,1.14484E+16,4.82663E+16
177254,9.17071E+18,9,1,74,115,2017,7,14,4,3,5,2,0,1,0,1,0,0,0,6.82918E+20,5.34842E+21,1.14648E+16,4.82626E+16
177255,9.17071E+18,9,1,75,139,2017,7,18,4,2,0,7,1,0,0,0,0,0,0,7.07949E+20,5.328E+21,1.17917E+16,4.80713E+16
177256,9.17071E+18,9,1,78,120,2017,7,16,4,3,0,1,0,0,0,0,1,0,0,6.94493E+20,5.35295E+21,1.16226E+16,4.82998E+16
177257,9.1707E+18,9,1,62,0,2017,7,17,3,3,3,1,1,1,0,0,0,0,0,6.92102E+20,5.33667E+21,1.15831E+16,4.81543E+16
177258,9.1707E+18,9,1,62,0,2017,7,20,3,3,5,3,1,0,0,0,0,0,0,6.94535E+20,5.3402E+21,1.16173E+16,4.81852E+16
177259,9.1707E+18,9,1,62,0,2017,7,16,3,3,5,3,1,1,0,0,0,0,0,6.88409E+20,5.3324E+21,1.15316E+16,4.8117E+16
177260,9.1707E+18,9,1,62,0,2017,7,15,3,3,4,6,1,0,0,0,0,0,0,6.92574E+20,5.33544E+21,1.15888E+16,4.8143E+16
177261,9.1707E+18,9,1,62,0,2017,7,15,3,3,5,3,1,0,0,0,0,0,0,6.88487E+20,5.33264E+21,1.15327E+16,4.81191E+16
177262,9.1707E+18,9,1,62,0,2017,7,18,3,2,0,3,1,1,0,0,0,0,0,6.90133E+20,5.34019E+21,1.15582E+16,4.81864E+16
177263,9.1707E+18,9,1,62,0,2017,7,6,3,3,5,3,1,1,0,0,0,0,0,6.94188E+20,5.34024E+21,1.16127E+16,4.81857E+16
177264,9.1707E+18,9,1,62,0,2017,7,19,3,3,6,7,1,0,1,0,0,0,0,6.91721E+20,5.33468E+21,1.1577E+16,4.81365E+16
177265,9.1707E+18,9,1,62,0,2017,7,16,3,2,4,2,0,1,0,1,0,0,0,6.87979E+20,5.33864E+21,1.15285E+16,4.81731E+16
177266,9.1707E+18,9,1,62,0,2017,7,19,3,2,5,2,1,1,0,0,0,0,0,6.87678E+20,5.33431E+21,1.15226E+16,4.81343E+16
177267,9.1707E+18,9,1,62,0,2017,7,12,3,3,2,6,0,1,0,0,1,0,0,6.9336E+20,5.33098E+21,1.15974E+16,4.81027E+16
177268,9.1707E+18,9,1,62,0,2017,7,8,3,3,0,7,1,0,0,0,0,0,0,6.90663E+20,5.33337E+21,1.15622E+16,4.8125E+16
177269,9.1707E+18,9,1,62,0,2017,7,16,3,3,5,3,1,1,0,0,0,0,0,6.93604E+20,5.34209E+21,1.16057E+16,4.82025E+16
177270,9.1707E+18,9,1,62,0,2017,7,18,3,3,5,3,1,1,0,0,0,0,0,6.86264E+20,5.33193E+21,1.15026E+16,4.81134E+16
177271,9.1707E+18,9,1,62,0,2017,7,17,3,3,5,3,1,0,0,0,0,0,0,6.8858E+20,5.33031E+21,1.15329E+16,4.80981E+16
177272,9.1707E+18,9,1,84,146,2017,7,16,3,3,5,3,1,0,0,0,0,0,0,6.98219E+20,5.32837E+21,1.16614E+16,4.80778E+16
177273,9.1707E+18,9,1,84,112,2017,7,13,3,3,0,7,0,0,0,0,1,0,0,7.00288E+20,5.33705E+21,1.16932E+16,4.81551E+16
177274,9.1707E+18,9,1,62,0,2017,7,19,3,3,5,3,0,1,0,0,0,0,0,7.00876E+20,5.33467E+21,1.17E+16,4.81335E+16
177275,9.1707E+18,9,1,62,0,2017,7,19,3,3,0,1,0,0,0,1,0,0,0,6.92463E+20,5.33351E+21,1.15865E+16,4.81257E+16
177276,9.1707E+18,9,1,62,0,2017,7,13,3,3,5,3,1,1,0,0,0,0,0,6.89764E+20,5.33252E+21,1.15498E+16,4.81176E+16
177277,9.1707E+18,9,1,62,0,2017,7,18,3,3,5,7,1,1,0,0,0,0,0,6.90912E+20,5.33511E+21,1.15664E+16,4.81406E+16
177278,9.1707E+18,9,7,75,129,2017,7,14,3,3,5,3,1,1,0,0,0,0,0,5.80988E+20,5.34062E+21,1.00902E+16,4.82136E+16
177279,9.1707E+18,9,7,75,162,2017,7,17,3,3,0,1,1,0,0,0,0,0,0,5.80065E+20,5.34732E+21,1.00791E+16,4.82741E+16
177280,9.1707E+18,9,7,75,129,2017,7,14,3,3,0,1,1,0,0,0,0,0,0,5.81518E+20,5.34149E+21,1.00975E+16,4.82214E+16
177281,9.1707E+18,9,7,74,135,2017,7,12,3,3,5,3,0,1,0,0,1,0,0,5.95667E+20,5.36451E+21,1.02932E+16,4.84265E+16
177282,9.1707E+18,9,7,74,178,2017,7,19,3,2,5,6,0,1,0,0,1,0,0,6.06578E+20,5.36497E+21,1.04407E+16,4.84289E+16
177283,9.1707E+18,9,7,63,0,2017,7,9,3,3,0,7,1,0,0,0,0,0,0,5.97812E+20,5.2881E+21,1.03047E+16,4.77389E+16
177284,9.1707E+18,9,7,63,0,2017,7,20,3,3,5,3,0,1,0,0,0,0,0,5.97402E+20,5.28783E+21,1.02991E+16,4.77365E+16
177285,9.1707E+18,9,7,80,143,2017,7,14,3,3,4,6,0,1,0,0,0,0,0,5.98084E+20,5.28034E+21,1.03066E+16,4.7669E+16
177286,9.1707E+18,9,7,76,120,2017,7,11,3,3,8,1,1,0,0,0,0,0,0,5.471E+20,5.26882E+21,9.62624E+15,4.75711E+16
177287,9.1707E+18,9,7,79,181,2017,7,20,3,3,4,2,0,1,0,1,0,0,0,6.33158E+20,5.39092E+21,1.08082E+16,4.86571E+16
177288,9.1707E+18,9,7,72,184,2017,7,17,3,3,4,2,0,1,0,1,0,0,0,6.3454E+20,5.36176E+21,1.08175E+16,4.83946E+16
177289,9.1707E+18,9,7,71,146,2017,7,13,3,3,5,3,1,0,0,0,1,0,0,6.47075E+20,5.34819E+21,1.0982E+16,4.82698E+16
177290,9.1707E+18,9,7,72,163,2017,7,12,3,3,4,2,1,1,0,0,0,0,0,6.40327E+20,5.3469E+21,1.08907E+16,4.82598E+16
177291,9.1707E+18,9,7,72,163,2017,7,7,3,3,4,6,1,1,0,0,0,0,0,6.41012E+20,5.34612E+21,1.08997E+16,4.82526E+16
177292,9.1707E+18,9,7,61,0,2017,7,23,3,3,0,7,1,0,0,0,1,2,0,6.40855E+20,5.3615E+21,1.09027E+16,4.83909E+16
177293,9.1707E+18,9,7,61,0,2017,7,16,3,3,2,6,0,1,0,0,0,0,0,6.40452E+20,5.35919E+21,1.08965E+16,4.83702E+16
177294,9.1707E+18,9,6,63,0,2017,7,17,3,3,6,2,0,1,1,0,0,0,0,5.67445E+20,5.51691E+21,9.93724E+15,4.98009E+16
177295,9.1707E+18,9,6,63,0,2017,7,16,3,3,4,2,0,1,0,0,0,0,0,5.67948E+20,5.51325E+21,9.94358E+15,4.97679E+16
177296,9.1707E+18,9,6,63,0,2017,7,19,3,3,5,3,1,1,0,0,0,0,0,5.666E+20,5.51573E+21,9.92529E+15,4.97903E+16
177297,9.1707E+18,9,6,72,114,2017,7,18,3,2,0,1,1,0,0,0,0,0,0,5.70881E+20,5.56471E+21,9.9938E+15,5.02303E+16
177298,9.1707E+18,9,6,78,123,2017,7,16,3,3,1,5,1,1,0,0,0,0,0,5.87222E+20,5.54795E+21,1.0219E+16,5.00775E+16
177299,9.1707E+18,9,6,62,0,2017,7,8,3,3,5,3,1,1,0,0,0,0,0,5.85954E+20,5.54241E+21,1.02001E+16,5.00278E+16
177300,9.1707E+18,9,6,62,0,2017,7,17,3,3,5,3,0,1,0,1,1,0,0,5.8798E+20,5.54391E+21,1.02287E+16,5.0041E+16
177301,9.1707E+18,9,6,62,0,2017,7,17,3,3,5,3,1,1,0,0,0,0,0,5.87386E+20,5.54363E+21,1.02203E+16,5.00386E+16
177302,9.1707E+18,9,5,72,131,2017,7,17,3,3,5,3,1,1,0,0,0,0,0,6.55869E+20,5.4884E+21,1.1154E+16,4.95281E+16
177303,9.1707E+18,9,5,74,156,2017,7,18,3,2,0,7,1,0,0,0,1,0,1,6.59202E+20,5.48334E+21,1.1198E+16,4.94818E+16
177304,9.1707E+18,9,5,74,155,2017,7,18,3,3,5,3,0,1,0,0,0,0,0,6.66376E+20,5.49497E+21,1.13018E+16,4.95844E+16
177305,9.1707E+18,9,5,74,135,2017,7,6,3,3,0,7,0,0,0,1,0,0,0,6.75994E+20,5.49701E+21,1.14357E+16,4.96E+16
177306,9.1707E+18,9,5,63,0,2017,7,10,3,3,5,3,1,1,0,0,0,0,0,6.40812E+20,5.48101E+21,1.09434E+16,4.94654E+16
177307,9.1707E+18,9,5,64,0,2017,7,17,3,3,5,7,0,1,0,1,0,0,0,6.5019E+20,5.48183E+21,1.10731E+16,4.94705E+16
177308,9.1707E+18,9,5,64,0,2017,7,18,3,3,0,1,0,0,0,0,1,0,0,6.53365E+20,5.47811E+21,1.11154E+16,4.94363E+16
177309,9.1707E+18,9,5,64,0,2017,7,0,3,3,0,1,1,0,0,0,0,2,0,6.50606E+20,5.4799E+21,1.10781E+16,4.94531E+16
177310,9.1707E+18,9,5,73,127,2017,7,16,3,3,5,3,0,1,0,0,0,0,0,6.43196E+20,5.47301E+21,1.09734E+16,4.93929E+16
177311,9.1707E+18,9,5,77,177,2017,7,15,3,3,5,3,0,1,0,0,1,0,0,6.4279E+20,5.42982E+21,1.09524E+16,4.90047E+16
177312,9.1707E+18,9,5,77,114,2017,7,19,3,1,4,1,0,1,0,1,0,0,0,6.26698E+20,5.44586E+21,1.07376E+16,4.91525E+16
177313,9.1707E+18,9,5,75,153,2017,7,20,3,2,2,2,0,1,0,1,0,0,0,6.17224E+20,5.4932E+21,1.06216E+16,4.958E+16
177314,9.1707E+18,9,5,71,165,2017,7,19,3,3,8,7,0,1,0,0,0,0,0,6.29623E+20,5.46749E+21,1.07846E+16,4.93464E+16
177315,9.1707E+18,9,5,75,163,2017,7,19,3,3,9,7,0,1,0,0,0,0,0,5.84068E+20,5.48803E+21,1.0162E+16,4.9539E+16
177316,9.1707E+18,9,4,78,145,2017,7,7,3,2,5,3,0,0,0,1,1,0,0,6.51107E+20,5.55893E+21,1.11157E+16,5.01633E+16
177317,9.1707E+18,9,3,75,179,2017,7,12,3,2,0,1,0,0,0,1,0,0,0,7.31604E+20,5.42867E+21,1.21646E+16,4.89675E+16
177318,9.1707E+18,9,3,72,153,2017,7,14,3,3,0,1,1,0,0,0,0,0,0,7.55189E+20,5.45543E+21,1.25032E+16,4.91985E+16
177319,9.1707E+18,9,3,62,0,2017,7,11,3,2,1,6,0,1,0,0,0,0,0,7.27273E+20,5.43142E+21,1.21071E+16,4.89938E+16
177320,9.1707E+18,9,3,62,0,2017,7,9,3,3,2,6,0,1,0,0,1,0,0,7.29425E+20,5.43496E+21,1.21385E+16,4.90248E+16
177321,9.1707E+18,9,3,62,0,2017,7,15,3,3,5,2,1,0,0,0,0,0,0,7.27636E+20,5.43493E+21,1.2114E+16,4.90252E+16
177322,9.1707E+18,9,3,76,161,2017,7,12,3,3,2,1,0,1,0,1,0,0,0,7.28847E+20,5.46735E+21,1.2149E+16,4.9316E+16
177323,9.1707E+18,9,3,61,0,2017,7,14,3,2,5,3,0,1,0,1,0,0,0,7.08351E+20,5.47956E+21,1.18737E+16,4.94329E+16
177324,9.1707E+18,9,2,76,148,2017,7,10,3,3,0,2,1,1,0,0,0,0,0,8.09353E+20,5.43825E+21,1.32316E+16,4.90195E+16
177325,9.1707E+18,9,2,63,0,2017,7,15,3,3,5,2,0,1,0,0,0,0,0,7.65677E+20,5.42109E+21,1.26244E+16,4.88858E+16
177326,9.1707E+18,9,2,62,0,2017,7,10,3,3,3,6,1,0,0,0,1,0,0,8.25697E+20,5.38956E+21,1.3416E+16,4.85743E+16
177327,9.1707E+18,9,2,62,0,2017,7,16,3,2,4,2,1,1,0,0,0,0,0,8.25444E+20,5.38761E+21,1.3411E+16,4.8557E+16
177328,9.1707E+18,9,1,90,139,2017,7,9,3,3,5,3,1,1,0,0,0,0,0,6.54518E+20,5.29544E+21,1.10632E+16,4.77937E+16
177329,9.1707E+18,9,1,80,117,2017,7,11,3,3,2,6,1,1,0,0,0,0,0,6.58826E+20,5.26235E+21,1.11087E+16,4.74952E+16
177330,9.1707E+18,9,1,83,129,2017,7,19,3,3,0,7,1,0,0,0,0,0,0,7.59636E+20,5.36255E+21,1.25055E+16,4.83627E+16
177331,9.1707E+18,9,1,89,150,2017,7,19,3,3,0,1,1,0,0,0,0,0,0,7.78499E+20,5.32243E+21,1.27333E+16,4.79945E+16
177332,9.1707E+18,9,1,72,118,2017,7,13,3,3,0,1,1,0,0,0,0,0,0,7.97667E+20,5.30575E+21,1.29781E+16,4.78361E+16
177333,9.1707E+18,9,1,71,112,2017,7,16,3,3,4,2,1,1,0,0,0,0,0,7.84318E+20,5.34284E+21,1.28247E+16,4.81751E+16
177334,9.1707E+18,9,1,87,162,2017,7,12,3,2,6,4,0,0,1,0,1,0,0,7.50292E+20,5.30559E+21,1.23461E+16,4.78549E+16
177335,9.1707E+18,9,1,87,162,2017,7,19,3,3,5,3,1,1,0,0,0,0,0,7.49933E+20,5.3055E+21,1.23413E+16,4.78542E+16
177336,9.1707E+18,9,1,87,162,2017,7,11,3,2,0,7,1,0,0,0,0,0,0,7.51626E+20,5.30631E+21,1.23644E+16,4.78608E+16
177337,9.1707E+18,9,1,61,0,2017,7,17,3,3,2,6,0,1,0,0,0,0,0,6.80654E+20,5.40526E+21,1.14589E+16,4.87741E+16
177338,9.1707E+18,9,1,76,139,2017,7,17,3,2,3,6,1,1,0,0,0,0,0,6.83403E+20,5.4094E+21,1.14981E+16,4.88105E+16
177339,9.1707E+18,9,1,85,149,2017,7,18,3,3,0,3,0,1,0,1,0,0,0,6.60442E+20,5.39954E+21,1.11818E+16,4.87282E+16
177340,9.1707E+18,9,1,86,113,2017,7,13,3,3,4,6,1,0,0,0,0,0,0,6.81526E+20,5.39375E+21,1.14657E+16,4.86704E+16
177341,9.1707E+18,9,1,88,121,2017,7,16,3,2,0,7,1,0,0,0,0,0,0,6.71099E+20,5.33041E+21,1.12984E+16,4.81039E+16
177342,9.1707E+18,9,1,75,139,2017,7,9,3,3,0,7,0,1,0,1,0,0,0,7.1011E+20,5.32941E+21,1.18213E+16,4.80833E+16
177343,9.1707E+18,9,1,78,145,2017,7,20,3,2,0,1,1,0,1,0,0,0,0,6.98164E+20,5.35349E+21,1.16723E+16,4.83035E+16
177344,9.1707E+18,9,1,78,124,2017,7,11,3,2,5,3,0,0,0,1,1,0,0,7.0202E+20,5.3648E+21,1.17297E+16,4.8404E+16
177345,9.1707E+18,9,1,78,124,2017,7,11,3,3,5,6,1,1,0,0,0,0,0,7.03878E+20,5.36497E+21,1.17549E+16,4.84049E+16
177346,9.1707E+18,9,1,62,0,2017,7,16,2,3,0,6,0,1,0,1,0,0,0,6.93014E+20,5.33384E+21,1.1594E+16,4.81285E+16
177347,9.1707E+18,9,1,62,0,2017,7,21,2,3,0,1,1,0,0,0,0,1,0,6.91687E+20,5.33538E+21,1.15769E+16,4.81428E+16
177348,9.1707E+18,9,1,62,0,2017,7,8,2,2,3,6,0,1,0,0,1,0,0,6.9372E+20,5.33248E+21,1.16029E+16,4.81161E+16
177349,9.1707E+18,9,1,62,0,2017,7,12,2,3,0,1,0,0,0,1,0,0,0,6.8685E+20,5.33024E+21,1.15097E+16,4.8098E+16
177350,9.1707E+18,9,1,62,0,2017,7,18,2,3,3,2,0,1,0,0,1,0,0,6.92286E+20,5.33813E+21,1.15862E+16,4.81673E+16
177351,9.1707E+18,9,1,84,119,2017,7,16,2,3,3,7,0,1,0,0,0,0,0,6.97786E+20,5.34947E+21,1.16654E+16,4.82675E+16
177352,9.1707E+18,9,1,62,0,2017,7,13,2,3,5,3,0,1,0,0,0,0,0,6.8792E+20,5.33074E+21,1.15243E+16,4.81022E+16
177353,9.1707E+18,9,1,62,0,2017,7,23,2,3,5,3,1,1,0,0,0,2,0,6.91034E+20,5.33039E+21,1.15659E+16,4.80981E+16
177354,9.1707E+18,9,1,62,0,2017,7,15,2,3,3,6,1,0,0,0,0,0,0,6.91635E+20,5.33539E+21,1.15762E+16,4.81429E+16
177355,9.1707E+18,9,1,62,0,2017,7,8,2,3,6,4,0,0,1,0,1,0,0,6.9169E+20,5.33472E+21,1.15766E+16,4.81368E+16
177356,9.1707E+18,9,1,62,0,2017,7,14,2,3,5,3,0,1,0,1,0,0,0,6.92094E+20,5.33495E+21,1.15822E+16,4.81387E+16
177357,9.1707E+18,9,1,62,0,2017,7,14,2,3,0,1,1,0,0,0,0,0,0,6.91112E+20,5.33409E+21,1.15686E+16,4.81313E+16
177358,9.1707E+18,9,7,75,152,2017,7,9,2,3,5,3,1,1,0,0,0,0,0,5.7683E+20,5.35345E+21,1.00366E+16,4.83296E+16
177359,9.1707E+18,9,7,75,135,2017,7,18,2,3,4,6,0,1,0,1,0,0,0,5.73543E+20,5.36015E+21,9.99341E+15,4.83903E+16
177360,9.1707E+18,9,7,78,120,2017,7,19,2,3,0,7,1,0,0,0,0,0,0,5.89311E+20,5.32518E+21,1.0199E+16,4.80736E+16
177361,9.1707E+18,9,7,74,119,2017,7,13,2,3,6,4,0,1,1,0,0,0,0,5.87967E+20,5.36348E+21,1.01889E+16,4.84183E+16
177362,9.1707E+18,9,7,74,135,2017,7,7,2,3,4,6,0,1,0,0,0,0,0,5.95934E+20,5.36743E+21,1.02975E+16,4.84527E+16
177363,9.1707E+18,9,7,74,121,2017,7,7,2,3,5,7,1,1,0,0,0,0,0,6.04661E+20,5.36467E+21,1.04148E+16,4.84265E+16
177364,9.1707E+18,9,7,80,133,2017,7,16,2,3,0,7,0,1,0,0,1,0,0,5.96556E+20,5.25202E+21,1.028E+16,4.74145E+16
177365,9.1707E+18,9,7,61,0,2017,7,11,2,3,6,4,0,1,1,0,0,0,0,6.39626E+20,5.35955E+21,1.08855E+16,4.83737E+16
177366,9.1707E+18,9,7,72,151,2017,7,18,2,3,5,3,0,1,0,1,0,0,0,6.31675E+20,5.34317E+21,1.0773E+16,4.8228E+16
177367,9.1707E+18,9,7,72,184,2017,7,14,2,3,0,7,1,0,0,0,0,0,0,6.3535E+20,5.35974E+21,1.08278E+16,4.83763E+16
177368,9.1707E+18,9,7,71,146,2017,7,14,2,3,0,7,1,0,0,0,0,0,0,6.47514E+20,5.34798E+21,1.09879E+16,4.82679E+16
177369,9.1707E+18,9,7,61,0,2017,7,11,2,3,0,1,1,0,0,0,0,0,0,6.3743E+20,5.3602E+21,1.0856E+16,4.838E+16
177370,9.1707E+18,9,7,61,0,2017,7,9,2,3,5,3,1,1,0,0,0,0,0,6.38341E+20,5.35885E+21,1.08679E+16,4.83676E+16
177371,9.1707E+18,9,7,61,0,2017,7,15,2,2,0,7,1,0,0,0,1,0,0,6.41031E+20,5.35264E+21,1.09021E+16,4.83112E+16
177372,9.1707E+18,9,7,61,0,2017,7,18,2,3,0,1,1,0,0,0,0,0,0,6.37806E+20,5.35261E+21,1.08586E+16,4.83116E+16
177373,9.1707E+18,9,7,61,0,2017,7,16,2,3,2,6,0,1,0,0,0,0,0,6.4015E+20,5.35889E+21,1.08923E+16,4.83676E+16
177374,9.1707E+18,9,6,62,0,2017,7,13,2,3,6,7,1,0,1,0,0,0,0,5.87836E+20,5.5447E+21,1.02269E+16,5.00481E+16
177375,9.1707E+18,9,6,76,121,2017,7,10,2,3,6,7,0,1,1,0,0,0,0,5.1159E+20,5.52156E+21,9.1612E+15,4.98464E+16
177376,9.1707E+18,9,5,64,0,2017,7,20,2,3,5,2,1,1,0,0,0,0,0,6.50543E+20,5.47921E+21,1.10769E+16,4.94468E+16
177377,9.1707E+18,9,5,64,0,2017,7,11,2,3,2,6,0,1,0,0,0,0,0,6.45861E+20,5.47878E+21,1.10122E+16,4.94441E+16
177378,9.1707E+18,9,5,64,0,2017,7,8,2,2,0,1,0,0,0,1,0,0,0,6.50475E+20,5.47796E+21,1.10755E+16,4.94357E+16
177379,9.1707E+18,9,5,64,0,2017,7,12,2,3,5,3,0,1,0,0,1,0,0,6.51525E+20,5.47851E+21,1.10902E+16,4.94404E+16
177380,9.1707E+18,9,5,64,0,2017,7,15,2,3,4,3,0,1,0,0,0,0,0,6.58211E+20,5.47327E+21,1.11803E+16,4.93916E+16
177381,9.1707E+18,9,5,64,0,2017,7,11,2,3,6,7,0,1,1,0,0,0,0,6.46891E+20,5.47623E+21,1.10255E+16,4.9421E+16