OBJECTID,UIDENTSTLA,ULAND,UREGBEZ,UKREIS,UGEMEINDE,UJAHR,UMONAT,USTUNDE,UWOCHENTAG,UKATEGORIE,UART,UTYP1,IstRad,IstPKW,IstFuss,IstKrad,IstSonstig,LICHT,STRZUSTAND,LINREFX,LINREFY,XGCSWGS84,YGCSWGS84
177382,9.1707E+18,9,5,64,0,2017,7,15,2,2,5,2,1,0,0,0,1,0,0,6.48778E+20,5.47875E+21,1.10524E+16,4.94432E+16
177383,9.1707E+18,9,5,64,0,2017,7,12,2,3,3,6,0,1,0,1,0,0,0,6.45938E+20,5.47951E+21,1.10135E+16,4.94507E+16
177384,9.1707E+18,9,4,64,0,2017,7,7,2,3,0,5,1,1,0,0,0,0,0,7.07292E+20,5.57662E+21,1.19111E+16,5.03052E+16
177385,9.1707E+18,9,4,72,139,2017,7,18,2,2,0,7,0,0,0,1,0,0,0,6.96786E+20,5.55117E+21,1.17506E+16,5.00801E+16
177386,9.1707E+18,9,4,62,0,2017,7,7,2,3,0,1,0,0,0,1,0,0,0,6.86858E+20,5.53508E+21,1.16042E+16,4.99388E+16
177387,9.1707E+18,9,4,61,0,2017,7,14,2,2,0,1,0,0,0,1,0,0,0,6.3672E+20,5.5291E+21,1.09038E+16,4.98986E+16
177388,9.1707E+18,9,3,63,0,2017,7,12,2,3,4,2,0,1,0,0,0,0,0,7.2682E+20,5.50911E+21,1.21451E+16,4.96917E+16
177389,9.1707E+18,9,3,74,166,2017,7,21,2,3,8,1,0,1,0,0,0,1,0,7.2213E+20,5.50393E+21,1.20772E+16,4.9647E+16
177390,9.1707E+18,9,3,62,0,2017,7,12,2,3,0,3,0,1,0,0,0,0,0,7.30098E+20,5.43355E+21,1.21469E+16,4.90119E+16
177391,9.1707E+18,9,3,62,0,2017,7,8,2,3,5,3,1,1,0,0,0,0,0,7.26208E+20,5.43128E+21,1.20925E+16,4.89929E+16
177392,9.1707E+18,9,3,62,0,2017,7,7,2,3,5,3,1,1,0,0,0,0,0,7.26541E+20,5.43515E+21,1.20992E+16,4.90276E+16
177393,9.1707E+18,9,2,63,0,2017,7,16,2,3,5,3,0,1,0,0,0,0,0,7.6145E+20,5.42079E+21,1.25666E+16,4.88848E+16
177394,9.1707E+18,9,2,62,0,2017,7,14,2,3,4,6,0,1,0,0,0,0,0,8.23389E+20,5.39004E+21,1.33851E+16,4.85799E+16
177395,9.1707E+18,9,2,75,141,2017,7,17,2,2,5,3,1,1,0,0,0,0,0,8.19477E+20,5.37091E+21,1.33176E+16,4.84102E+16
177396,9.1707E+18,9,2,73,115,2017,7,11,2,3,9,1,0,1,0,0,0,0,0,7.1052E+20,5.39405E+21,1.18592E+16,4.8664E+16
177397,9.1707E+18,9,2,73,137,2017,7,7,2,3,6,4,0,1,1,0,0,0,0,7.11104E+20,5.42121E+21,1.1881E+16,4.89078E+16
177398,9.1707E+18,9,1,90,154,2017,7,20,2,3,4,6,1,1,0,0,0,0,0,6.3926E+20,5.28514E+21,1.08563E+16,4.77046E+16
177399,9.1707E+18,9,1,80,117,2017,7,12,2,3,6,2,0,1,1,0,0,0,0,6.58227E+20,5.262E+21,1.11006E+16,4.74922E+16
177400,9.1707E+18,9,1,80,117,2017,7,19,2,3,0,1,1,0,0,0,0,0,0,6.58147E+20,5.26174E+21,1.10995E+16,4.74899E+16
177401,9.1707E+18,9,1,83,148,2017,7,7,2,2,0,7,1,0,0,0,0,0,1,7.52507E+20,5.34457E+21,1.23987E+16,4.82041E+16
177402,9.1707E+18,9,1,63,0,2017,7,7,2,3,5,2,1,1,0,0,0,0,1,7.31624E+20,5.30441E+21,1.20963E+16,4.78512E+16
177403,9.1707E+18,9,1,63,0,2017,7,17,2,3,5,3,1,1,0,0,0,0,0,7.32633E+20,5.30687E+21,1.21111E+16,4.78729E+16
177404,9.1707E+18,9,1,82,136,2017,7,22,2,2,9,1,1,0,0,0,0,2,0,7.03338E+20,5.30131E+21,1.17172E+16,4.7833E+16
177405,9.1707E+18,9,1,61,0,2017,7,12,2,3,2,6,0,1,0,0,0,0,0,6.78123E+20,5.40528E+21,1.14245E+16,4.8775E+16
177406,9.1707E+18,9,1,88,139,2017,7,11,2,3,0,7,1,0,0,0,0,0,0,6.78186E+20,5.32069E+21,1.13894E+16,4.80146E+16
177407,9.1707E+18,9,1,81,130,2017,7,19,2,3,0,1,0,0,0,1,0,0,0,6.39106E+20,5.32372E+21,1.08667E+16,4.80516E+16
177408,9.1707E+18,9,1,79,123,2017,7,15,2,3,6,4,0,1,1,0,0,0,0,6.75617E+20,5.33343E+21,1.13603E+16,4.81299E+16
177409,9.1707E+18,9,1,74,115,2017,7,17,2,3,2,6,0,1,0,0,0,0,0,6.79857E+20,5.34758E+21,1.14232E+16,4.82559E+16
177410,9.1707E+18,9,1,74,115,2017,7,10,2,3,4,2,0,1,0,0,1,0,0,6.82128E+20,5.34872E+21,1.14542E+16,4.82655E+16
177411,9.1707E+18,9,1,77,117,2017,7,17,2,3,6,7,1,0,1,0,0,0,0,7.14806E+20,5.35366E+21,1.18966E+16,4.82997E+16
177412,9.1707E+18,9,1,84,136,2017,7,23,1,2,1,5,0,1,0,0,1,2,1,6.98214E+20,5.32554E+21,1.166E+16,4.80524E+16
177413,9.1707E+18,9,1,62,0,2017,7,10,1,3,5,3,0,1,0,0,0,0,1,6.91415E+20,5.33542E+21,1.15733E+16,4.81432E+16
177414,9.1707E+18,9,1,62,0,2017,7,11,1,3,3,2,1,1,0,0,0,0,1,6.90131E+20,5.33493E+21,1.15558E+16,4.81392E+16
177415,9.1707E+18,9,1,62,0,2017,7,1,1,2,0,7,1,0,0,0,0,2,0,6.91945E+20,5.33717E+21,1.15812E+16,4.81587E+16
177416,9.1707E+18,9,1,62,0,2017,7,23,1,3,0,6,0,1,0,1,0,2,1,6.90453E+20,5.34015E+21,1.15625E+16,4.8186E+16
177417,9.1707E+18,9,1,84,148,2017,7,21,1,3,1,1,0,1,0,0,0,2,1,6.93952E+20,5.32869E+21,1.16043E+16,4.8082E+16
177418,9.1707E+18,9,1,62,0,2017,7,18,1,3,0,1,1,0,0,0,0,0,1,6.97914E+20,5.33197E+21,1.16589E+16,4.81102E+16
177419,9.1707E+18,9,1,62,0,2017,7,13,1,3,5,3,0,1,0,0,0,0,0,6.80591E+20,5.3399E+21,1.14298E+16,4.81867E+16
177420,9.1707E+18,9,1,62,0,2017,7,20,1,3,5,3,1,1,0,0,0,1,1,6.86872E+20,5.33437E+21,1.15118E+16,4.81351E+16
177421,9.1707E+18,9,1,62,0,2017,7,18,1,3,5,3,0,1,0,0,0,0,0,6.8573E+20,5.33528E+21,1.14969E+16,4.81437E+16
177422,9.1707E+18,9,1,62,0,2017,7,12,1,3,0,1,0,0,0,1,0,0,0,6.95902E+20,5.33447E+21,1.16331E+16,4.81333E+16
177423,9.1707E+18,9,7,61,0,2017,7,15,1,3,0,1,1,0,0,0,0,0,1,6.41815E+20,5.3586E+21,1.09147E+16,4.83647E+16
177424,9.1707E+18,9,7,61,0,2017,7,16,1,3,1,1,0,1,0,1,0,0,1,6.39662E+20,5.36004E+21,1.08861E+16,4.83781E+16
177425,9.1707E+18,9,6,75,141,2017,7,6,1,3,9,1,0,1,0,0,0,0,1,5.85587E+20,5.51015E+21,1.01878E+16,4.97378E+16
177426,9.1707E+18,9,6,62,0,2017,7,13,1,3,5,3,0,1,0,0,0,0,0,5.86392E+20,5.54381E+21,1.02065E+16,5.00403E+16
177427,9.1707E+18,9,6,76,122,2017,7,10,1,3,1,5,1,1,0,0,0,0,0,5.10966E+20,5.51685E+21,9.15239E+15,4.9804E+16
177428,9.1707E+18,9,6,71,120,2017,7,16,1,3,4,6,1,1,0,0,0,0,0,5.10579E+20,5.53921E+21,9.14762E+15,5.00051E+16
177429,9.1707E+18,9,5,64,0,2017,7,13,1,3,2,6,0,1,0,0,0,0,0,6.55672E+20,5.47539E+21,1.11461E+16,4.94113E+16
177430,9.1707E+18,9,5,64,0,2017,7,18,1,3,5,3,1,1,0,0,0,0,0,6.50384E+20,5.4792E+21,1.10747E+16,4.94469E+16
177431,9.1707E+18,9,5,64,0,2017,7,16,1,3,5,3,0,1,0,0,0,0,0,6.49644E+20,5.48045E+21,1.1065E+16,4.94583E+16
177432,9.1707E+18,9,5,64,0,2017,7,1,1,2,0,1,1,0,0,0,0,2,1,6.54962E+20,5.48188E+21,1.11389E+16,4.94698E+16
177433,9.1707E+18,9,4,63,0,2017,7,18,1,3,0,1,1,0,0,0,0,0,1,6.39128E+20,5.57243E+21,1.0953E+16,5.02875E+16
177434,9.1707E+18,9,4,74,132,2017,7,14,1,3,8,5,0,1,0,0,0,0,0,6.61857E+20,5.50173E+21,1.12421E+16,4.96464E+16
177435,9.1707E+18,9,4,71,207,2017,7,12,1,3,0,1,1,0,0,0,0,0,0,6.25182E+20,5.53196E+21,1.07441E+16,4.99269E+16
177436,9.1707E+18,9,4,61,0,2017,7,17,1,3,5,3,0,1,0,1,0,0,0,6.37077E+20,5.52983E+21,1.0909E+16,4.99051E+16
177437,9.1707E+18,9,3,75,211,2017,7,18,1,2,8,1,1,0,0,0,0,0,0,7.17115E+20,5.44364E+21,1.1975E+16,4.91072E+16
177438,9.1707E+18,9,3,71,128,2017,7,12,1,2,0,1,1,0,0,0,0,0,0,6.86871E+20,5.49422E+21,1.15847E+16,4.95717E+16
177439,9.1707E+18,9,2,71,128,2017,7,0,1,3,8,1,0,1,0,0,0,2,1,7.99034E+20,5.39823E+21,1.30617E+16,4.86654E+16
177440,9.1707E+18,9,2,75,150,2017,7,17,1,3,0,7,1,0,0,0,0,0,0,8.34726E+20,5.39234E+21,1.35402E+16,4.85945E+16
177441,9.1707E+18,9,2,72,120,2017,7,14,1,3,2,6,0,1,0,0,0,0,0,8.21879E+20,5.42079E+21,1.33887E+16,4.88565E+16
177442,9.1707E+18,9,2,74,146,2017,7,15,1,3,0,1,1,0,0,0,0,0,0,7.32457E+20,5.3761E+21,1.21466E+16,4.8495E+16
177443,9.1707E+18,9,1,90,133,2017,7,17,1,3,5,3,1,1,0,0,0,0,0,6.33606E+20,5.29726E+21,1.07847E+16,4.78148E+16
177444,9.1707E+18,9,1,72,118,2017,7,11,1,3,5,3,0,1,0,0,0,0,1,7.97649E+20,5.30659E+21,1.29785E+16,4.78437E+16
177445,9.1707E+18,9,1,72,114,2017,7,14,1,3,5,2,1,1,0,0,0,0,1,7.90743E+20,5.29392E+21,1.28779E+16,4.77331E+16
177446,9.1707E+18,9,1,72,114,2017,7,0,1,2,0,7,1,0,0,0,0,2,1,7.90431E+20,5.29311E+21,1.28732E+16,4.77259E+16
177447,9.1707E+18,9,1,86,152,2017,7,15,1,2,7,7,1,0,0,0,0,0,0,6.90816E+20,5.37348E+21,1.15824E+16,4.84854E+16
177448,9.1707E+18,9,1,79,121,2017,7,20,1,2,0,7,1,0,0,0,0,0,0,6.66858E+20,5.33976E+21,1.12451E+16,4.81891E+16
177449,9.1707E+18,9,1,74,115,2017,7,19,1,3,0,1,1,0,0,0,0,0,0,6.81117E+20,5.34724E+21,1.144E+16,4.82525E+16
177450,9.1707E+18,9,1,74,151,2017,7,16,1,3,9,1,0,1,0,0,0,0,0,6.79104E+20,5.36334E+21,1.14198E+16,4.83978E+16
177451,9.1707E+18,9,1,74,115,2017,7,18,1,3,0,1,1,0,0,0,0,0,0,6.82116E+20,5.34855E+21,1.1454E+16,4.8264E+16
177452,9.1707E+18,9,1,75,112,2017,7,22,1,2,8,1,0,1,0,0,0,2,1,7.21921E+20,5.31907E+21,1.19744E+16,4.79864E+16
177453,9.1707E+18,9,1,62,0,2017,7,22,7,3,6,7,1,0,1,0,0,2,1,6.9222E+20,5.33555E+21,1.15841E+16,4.81441E+16
177454,9.1707E+18,9,1,62,0,2017,7,19,7,3,2,6,0,1,0,1,0,0,0,6.88577E+20,5.33216E+21,1.15337E+16,4.81148E+16
177455,9.1707E+18,9,1,62,0,2017,7,14,7,3,5,3,0,1,0,0,1,0,0,6.89998E+20,5.34027E+21,1.15564E+16,4.81872E+16
177456,9.1707E+18,9,1,62,0,2017,7,4,7,2,0,7,1,0,0,0,0,2,0,6.91977E+20,5.33497E+21,1.15806E+16,4.8139E+16
177457,9.1707E+18,9,1,62,0,2017,7,1,7,3,1,7,0,1,0,1,0,2,0,6.93679E+20,5.33566E+21,1.16038E+16,4.81447E+16
177458,9.1707E+18,9,1,62,0,2017,7,23,7,3,0,1,1,0,0,0,0,2,0,6.89301E+20,5.3375E+21,1.15458E+16,4.81626E+16
177459,9.1707E+18,9,1,62,0,2017,7,17,7,2,5,3,0,1,0,1,0,0,0,6.90833E+20,5.33814E+21,1.15667E+16,4.81678E+16
177460,9.1707E+18,9,1,62,0,2017,7,12,7,2,2,7,0,1,0,0,0,0,0,6.85279E+20,5.3392E+21,1.14925E+16,4.8179E+16
177461,9.1707E+18,9,1,84,147,2017,7,13,7,3,0,7,1,0,0,0,0,0,0,6.97332E+20,5.34177E+21,1.16557E+16,4.81985E+16
177462,9.1707E+18,9,1,62,0,2017,7,11,7,3,2,6,0,1,0,0,0,0,0,6.91621E+20,5.33271E+21,1.15748E+16,4.81188E+16
177463,9.1707E+18,9,1,62,0,2017,7,18,7,3,3,7,1,0,0,0,0,0,0,6.89448E+20,5.33128E+21,1.1545E+16,4.81066E+16
177464,9.1707E+18,9,1,62,0,2017,7,19,7,3,3,2,0,1,0,1,0,0,0,6.90154E+20,5.33423E+21,1.15558E+16,4.81329E+16
177465,9.1707E+18,9,1,62,0,2017,7,16,7,3,1,5,1,1,0,0,0,0,0,6.91764E+20,5.33405E+21,1.15773E+16,4.81308E+16
177466,9.1707E+18,9,1,62,0,2017,7,3,7,3,6,4,1,0,1,0,0,2,0,6.90836E+20,5.33463E+21,1.15651E+16,4.81363E+16
177467,9.1707E+18,9,7,75,135,2017,7,15,7,3,1,7,1,1,0,0,0,0,0,5.74216E+20,5.36055E+21,1.00026E+16,4.83938E+16
177468,9.1707E+18,9,7,64,0,2017,7,11,7,3,6,4,0,1,1,0,0,0,0,5.88348E+20,5.3157E+21,1.01841E+16,4.79885E+16
177469,9.1707E+18,9,7,77,171,2017,7,14,7,3,0,7,1,0,0,0,0,0,0,6.26821E+20,5.28851E+21,1.06916E+16,4.77375E+16
177470,9.1707E+18,9,7,76,126,2017,7,14,7,3,0,6,0,1,0,1,0,0,0,5.55097E+20,5.26847E+21,9.73251E+15,4.75673E+16
177471,9.1707E+18,9,7,77,177,2017,7,14,7,2,0,1,0,0,0,0,1,0,0,6.34318E+20,5.31757E+21,1.08006E+16,4.79973E+16
177472,9.1707E+18,9,7,72,200,2017,7,15,7,3,8,1,0,1,0,0,0,0,0,6.33665E+20,5.33903E+21,1.07985E+16,4.81904E+16
177473,9.1707E+18,9,7,71,142,2017,7,0,7,3,1,1,0,1,0,0,0,2,0,6.47256E+20,5.35161E+21,1.09857E+16,4.83006E+16
177474,9.1707E+18,9,7,72,163,2017,7,15,7,3,3,5,1,1,0,0,0,0,0,6.39713E+20,5.34655E+21,1.08823E+16,4.82568E+16
177475,9.1707E+18,9,7,61,0,2017,7,23,7,3,0,1,1,0,0,0,0,2,0,6.38795E+20,5.35843E+21,1.08739E+16,4.83638E+16
177476,9.1707E+18,9,7,61,0,2017,7,1,7,3,4,7,1,1,0,0,0,2,0,6.40137E+20,5.35831E+21,1.08919E+16,4.83624E+16
177477,9.1707E+18,9,7,71,113,2017,7,13,7,3,5,3,0,1,0,0,0,0,0,6.55533E+20,5.3682E+21,1.11033E+16,4.84478E+16
177478,9.1707E+18,9,6,63,0,2017,7,21,7,3,1,6,0,1,0,0,0,2,1,5.67554E+20,5.51383E+21,9.93821E+15,4.97731E+16
177479,9.1707E+18,9,6,63,0,2017,7,23,7,2,5,3,0,1,0,0,0,2,1,5.68297E+20,5.51515E+21,9.94875E+15,4.97849E+16
177480,9.17071E+18,9,7,75,129,2017,7,21,6,3,6,4,0,1,1,0,0,0,1,5.81626E+20,5.3417E+21,1.0099E+16,4.82233E+16
177481,9.17071E+18,9,7,74,148,2017,7,12,6,3,8,1,0,0,0,1,0,0,0,5.97921E+20,5.36265E+21,1.03232E+16,4.84094E+16
177482,9.17071E+18,9,7,77,112,2017,7,12,6,3,4,6,1,1,0,0,0,0,0,6.21736E+20,5.2967E+21,1.06261E+16,4.78122E+16
177483,9.17071E+18,9,7,76,116,2017,7,11,6,3,0,1,1,0,0,0,0,0,0,5.53113E+20,5.26665E+21,9.70592E+15,4.75511E+16
177484,9.17071E+18,9,7,76,116,2017,7,17,6,3,2,1,0,1,0,0,0,0,0,5.52E+20,5.26646E+21,9.6911E+15,4.75495E+16
177485,9.17071E+18,9,7,77,121,2017,7,9,6,3,2,6,0,1,0,0,0,0,0,6.28209E+20,5.3216E+21,1.07199E+16,4.80348E+16
177486,9.17071E+18,9,7,73,122,2017,7,17,6,3,4,6,0,1,0,1,0,0,1,6.28448E+20,5.38717E+21,1.07431E+16,4.86244E+16
177487,9.17071E+18,9,7,72,177,2017,7,19,6,3,5,3,1,1,0,0,0,0,0,6.36599E+20,5.3796E+21,1.08512E+16,4.85546E+16
177488,9.17071E+18,9,7,71,130,2017,7,16,6,2,4,2,1,1,0,0,0,0,0,6.47978E+20,5.35688E+21,1.09972E+16,4.83477E+16
177489,9.17071E+18,9,7,72,125,2017,7,11,6,2,5,3,0,1,0,0,0,0,0,6.35799E+20,5.34775E+21,1.083E+16,4.82684E+16
177490,9.17071E+18,9,7,61,0,2017,7,9,6,2,6,6,1,0,1,0,0,0,0,6.39016E+20,5.36126E+21,1.08778E+16,4.83892E+16
177491,9.17071E+18,9,7,61,0,2017,7,13,6,2,5,3,1,1,0,0,0,0,0,6.40926E+20,5.36074E+21,1.09034E+16,4.8384E+16
177492,9.17071E+18,9,1,62,0,2017,7,17,6,2,4,6,1,0,0,0,0,0,0,6.99103E+20,5.33223E+21,1.1675E+16,4.81122E+16
177493,9.17071E+18,9,1,84,136,2017,7,23,6,2,8,7,1,0,0,0,0,2,1,6.98393E+20,5.32677E+21,1.16629E+16,4.80634E+16
177494,9.17071E+18,9,1,62,0,2017,7,7,6,3,3,6,1,1,0,0,0,0,0,6.9364E+20,5.33335E+21,1.16022E+16,4.81239E+16
177495,9.17071E+18,9,7,61,0,2017,7,22,6,3,5,2,1,1,0,0,0,2,1,6.39237E+20,5.35707E+21,1.08794E+16,4.83515E+16
177496,9.17071E+18,9,1,62,0,2017,7,15,6,3,3,2,1,1,0,0,0,0,0,6.9364E+20,5.33335E+21,1.16022E+16,4.81239E+16
177497,9.17071E+18,9,1,62,0,2017,7,9,6,3,5,7,1,0,0,1,0,0,0,6.91541E+20,5.33609E+21,1.15753E+16,4.81492E+16
177498,9.17071E+18,9,1,62,0,2017,7,17,6,3,5,2,1,1,0,0,0,0,0,6.91387E+20,5.33629E+21,1.15733E+16,4.8151E+16
177499,9.17071E+18,9,7,64,0,2017,7,7,6,3,5,3,1,1,0,0,0,0,0,5.87733E+20,5.31431E+21,1.01756E+16,4.79761E+16
177500,9.17071E+18,9,7,75,162,2017,7,7,6,3,5,3,1,0,0,0,0,0,0,5.80746E+20,5.34699E+21,1.00882E+16,4.8271E+16
177501,9.17071E+18,9,7,61,0,2017,7,17,6,3,5,2,1,1,0,0,0,0,0,6.39975E+20,5.35808E+21,1.08897E+16,4.83604E+16
177502,9.17071E+18,9,7,61,0,2017,7,14,6,3,0,2,1,0,0,0,1,0,0,6.41307E+20,5.35922E+21,1.0908E+16,4.83703E+16
177503,9.17071E+18,9,6,63,0,2017,7,8,6,3,8,1,0,1,0,1,0,0,1,5.68693E+20,5.51683E+21,9.95455E+15,4.98E+16
177504,9.17071E+18,9,6,63,0,2017,7,16,6,3,4,6,1,0,0,0,0,0,0,5.66788E+20,5.51448E+21,9.92768E+15,4.97791E+16
177505,9.17071E+18,9,6,63,0,2017,7,19,6,3,0,1,1,0,0,0,0,0,0,5.66588E+20,5.51541E+21,9.92507E+15,4.97874E+16
177506,9.17071E+18,9,6,63,0,2017,7,20,6,3,4,2,1,1,0,0,0,0,0,5.69345E+20,5.51644E+21,9.96354E+15,4.97964E+16
177507,9.17071E+18,9,6,73,130,2017,7,7,6,3,4,1,0,1,0,0,0,0,1,6.00281E+20,5.58208E+21,1.04105E+16,5.03823E+16
177508,9.17071E+18,9,6,62,0,2017,7,20,6,3,0,1,0,0,0,1,0,0,0,5.85379E+20,5.54156E+21,1.01918E+16,5.00203E+16
177509,9.17071E+18,9,6,76,139,2017,7,15,6,3,6,4,0,1,1,0,0,0,0,5.17951E+20,5.5058E+21,9.24895E+15,4.97045E+16
177510,9.17071E+18,9,6,61,0,2017,7,14,6,3,4,6,0,1,0,0,0,0,0,5.10684E+20,5.53498E+21,9.14897E+15,4.9967E+16
177511,9.17071E+18,9,6,61,0,2017,7,17,6,3,1,1,1,1,0,0,0,0,0,5.10314E+20,5.53669E+21,9.14387E+15,4.99825E+16
177512,9.17071E+18,9,6,61,0,2017,7,22,6,3,0,1,1,0,0,0,0,2,0,5.10208E+20,5.5355E+21,9.14235E+15,4.99717E+16
177513,9.17071E+18,9,5,62,0,2017,7,7,6,2,4,6,1,0,0,0,0,0,1,6.44634E+20,5.49304E+21,1.10005E+16,4.95726E+16
177514,9.17071E+18,9,5,74,123,2017,7,12,6,3,5,3,1,1,0,0,0,0,0,6.60307E+20,5.47147E+21,1.12084E+16,4.93748E+16
177515,9.17071E+18,9,5,64,0,2017,7,12,6,3,6,7,0,0,1,0,1,0,0,6.52548E+20,5.48286E+21,1.1106E+16,4.94792E+16
177516,9.17071E+18,9,5,64,0,2017,7,14,6,3,8,1,0,1,0,0,0,0,0,6.5418E+20,5.48108E+21,1.11278E+16,4.94628E+16
177517,9.17071E+18,9,5,64,0,2017,7,20,6,3,6,4,0,1,1,0,0,0,0,6.49296E+20,5.47672E+21,1.10588E+16,4.94248E+16
177518,9.17071E+18,9,5,64,0,2017,7,6,6,3,0,1,0,0,0,1,0,0,1,6.5013E+20,5.48033E+21,1.10717E+16,4.94571E+16
177519,9.17071E+18,9,5,64,0,2017,7,18,6,3,6,4,0,1,1,0,0,0,0,6.51254E+20,5.4783E+21,1.10864E+16,4.94385E+16
177520,9.17071E+18,9,5,64,0,2017,7,9,6,3,5,3,0,1,0,0,0,0,0,6.51612E+20,5.47869E+21,1.10915E+16,4.9442E+16
177521,9.17071E+18,9,5,64,0,2017,7,16,6,3,2,6,0,1,0,0,1,0,0,6.49656E+20,5.4792E+21,1.10647E+16,4.9447E+16
177522,9.17071E+18,9,5,73,127,2017,7,6,6,3,5,3,0,1,0,0,0,0,0,6.46228E+20,5.4756E+21,1.10161E+16,4.94155E+16
177523,9.17071E+18,9,4,75,168,2017,7,17,6,3,5,3,1,1,0,0,0,0,0,7.09494E+20,5.56737E+21,1.19369E+16,5.02213E+16
177524,9.17071E+18,9,4,73,151,2017,7,17,6,3,0,1,1,0,0,0,0,0,0,6.51265E+20,5.57667E+21,1.1125E+16,5.03227E+16
177525,9.17071E+18,9,4,78,111,2017,7,11,6,3,5,3,0,1,0,1,0,0,0,6.60599E+20,5.55562E+21,1.12471E+16,5.01311E+16
177526,9.17071E+18,9,4,63,0,2017,7,14,6,3,4,2,0,1,0,1,0,0,0,6.40405E+20,5.56821E+21,1.09694E+16,5.02494E+16
177527,9.17071E+18,9,4,77,128,2017,7,16,6,3,8,1,1,0,0,0,0,0,0,6.75851E+20,5.55379E+21,1.14595E+16,5.01103E+16
177528,9.17071E+18,9,4,62,0,2017,7,19,6,2,0,1,1,0,0,0,0,0,0,6.86905E+20,5.5367E+21,1.16056E+16,4.99534E+16
177529,9.17071E+18,9,4,71,195,2017,7,12,6,2,0,7,0,1,0,1,0,0,0,6.40891E+20,5.52319E+21,1.09597E+16,4.98446E+16
177530,9.17071E+18,9,4,61,0,2017,7,15,6,3,3,6,0,1,0,1,0,0,0,6.36046E+20,5.52889E+21,1.08943E+16,4.98969E+16
177531,9.17071E+18,9,4,61,0,2017,7,21,6,3,0,7,1,0,0,0,0,0,0,6.3661E+20,5.52962E+21,1.09024E+16,4.99034E+16
177532,9.17071E+18,9,3,74,139,2017,7,11,6,3,0,7,0,1,0,0,1,0,0,7.28893E+20,5.51377E+21,1.21765E+16,4.97328E+16
177533,9.17071E+18,9,3,75,174,2017,7,13,6,3,5,3,1,1,0,0,0,0,0,7.33361E+20,5.42967E+21,1.21892E+16,4.89758E+16
177534,9.17071E+18,9,3,62,0,2017,7,20,6,3,5,3,0,1,0,0,0,1,1,7.2834E+20,5.43247E+21,1.21222E+16,4.90028E+16
177535,9.17071E+18,9,3,62,0,2017,7,22,6,2,7,1,0,0,0,1,0,1,1,7.29047E+20,5.43281E+21,1.21321E+16,4.90056E+16
177536,9.17071E+18,9,3,62,0,2017,7,9,6,3,0,1,1,0,0,0,0,0,1,7.26499E+20,5.43421E+21,1.20981E+16,4.90192E+16
177537,9.17071E+18,9,3,73,155,2017,7,3,6,3,8,1,1,0,0,0,0,2,1,6.71639E+20,5.46318E+21,1.13608E+16,4.92972E+16
177538,9.17071E+18,9,3,76,175,2017,7,14,6,3,0,1,1,0,0,0,0,0,0,7.31E+20,5.46655E+21,1.21781E+16,4.93079E+16
177539,9.17071E+18,9,2,63,0,2017,7,14,6,3,0,1,1,0,0,0,0,0,1,7.61577E+20,5.42046E+21,1.25681E+16,4.88818E+16
177540,9.17071E+18,9,2,71,146,2017,7,18,6,3,6,7,1,0,1,0,0,0,0,7.84246E+20,5.41048E+21,1.28697E+16,4.87823E+16
177541,9.17071E+18,9,2,71,119,2017,7,19,6,2,8,1,0,1,0,0,0,0,0,7.86742E+20,5.41625E+21,1.29077E+16,4.88329E+16
177542,9.17071E+18,9,2,77,139,2017,7,21,6,2,0,7,0,0,0,1,0,2,0,7.85088E+20,5.37491E+21,1.28567E+16,4.84626E+16
177543,9.17071E+18,9,2,77,138,2017,7,13,6,2,0,1,1,0,0,0,0,0,1,7.9062E+20,5.37222E+21,1.29295E+16,4.8436E+16
177544,9.17071E+18,9,2,62,0,2017,7,17,6,3,2,6,0,1,0,0,0,0,0,8.28818E+20,5.38989E+21,1.34584E+16,4.85757E+16
177545,9.17071E+18,9,2,77,116,2017,7,13,6,2,0,1,0,0,0,1,0,0,1,7.78296E+20,5.36811E+21,1.27606E+16,4.84046E+16
177546,9.17071E+18,9,2,74,187,2017,7,21,6,3,0,7,0,0,1,1,0,1,1,7.20734E+20,5.38949E+21,1.19953E+16,4.86195E+16
177547,9.17071E+18,9,2,73,147,2017,7,17,6,3,5,5,0,1,0,0,0,0,0,7.05334E+20,5.39553E+21,1.17896E+16,4.8679E+16
177548,9.17071E+18,9,2,73,119,2017,7,7,6,3,5,3,0,0,0,1,1,0,0,7.09102E+20,5.40663E+21,1.18463E+16,4.87775E+16
177549,9.17071E+18,9,2,61,0,2017,7,10,6,2,3,6,1,0,0,0,0,0,0,7.32515E+20,5.38056E+21,1.21499E+16,4.85351E+16
177550,9.17071E+18,9,2,73,116,2017,7,20,6,3,6,4,0,1,1,0,0,0,1,7.2173E+20,5.42479E+21,1.20278E+16,4.89363E+16
177551,9.17071E+18,9,2,73,111,2017,7,13,6,2,0,7,1,0,0,0,0,0,1,7.09739E+20,5.41143E+21,1.18574E+16,4.88204E+16
177552,9.17071E+18,9,1,90,157,2017,7,6,6,3,5,3,1,1,0,0,0,0,0,6.60555E+20,5.30143E+21,1.1146E+16,4.78461E+16
177553,9.17071E+18,9,1,89,127,2017,7,7,6,3,5,2,0,1,0,0,1,0,0,7.86849E+20,5.3181E+21,1.28421E+16,4.79519E+16
177554,9.17071E+18,9,1,72,118,2017,7,14,6,3,4,7,0,1,0,1,0,0,0,7.95328E+20,5.30671E+21,1.29476E+16,4.78458E+16