OBJECTID,UIDENTSTLA,ULAND,UREGBEZ,UKREIS,UGEMEINDE,UJAHR,UMONAT,USTUNDE,UWOCHENTAG,UKATEGORIE,UART,UTYP1,IstRad,IstPKW,IstFuss,IstKrad,IstSonstig,LICHT,STRZUSTAND,LINREFX,LINREFY,XGCSWGS84,YGCSWGS84
177555,9.17071E+18,9,1,72,116,2017,7,7,6,2,4,6,1,0,0,1,0,0,0,8.01951E+20,5.28411E+21,1.30202E+16,4.76399E+16
177556,9.17071E+18,9,1,85,158,2017,7,16,6,2,5,3,1,0,0,0,0,0,0,6.66993E+20,5.38171E+21,1.12636E+16,4.85662E+16
177557,9.17071E+18,9,1,61,0,2017,7,16,6,2,3,2,1,1,0,0,0,0,0,6.77897E+20,5.40465E+21,1.14211E+16,4.87694E+16
177558,9.17071E+18,9,1,61,0,2017,7,16,6,3,0,1,1,0,0,0,0,0,0,6.7739E+20,5.4053E+21,1.14145E+16,4.87754E+16
177559,9.17071E+18,9,1,86,113,2017,7,10,6,3,5,6,0,1,0,1,0,0,0,6.81467E+20,5.39411E+21,1.1465E+16,4.86737E+16
177560,9.17071E+18,9,1,88,118,2017,7,14,6,2,5,2,1,1,0,0,0,0,0,6.70925E+20,5.31287E+21,1.1289E+16,4.79463E+16
177561,9.17071E+18,9,1,79,142,2017,7,22,6,3,1,6,0,1,0,1,0,2,1,6.71877E+20,5.34179E+21,1.13134E+16,4.82061E+16
177562,9.17071E+18,9,1,79,123,2017,7,13,6,2,6,7,0,1,1,0,1,0,0,6.75209E+20,5.33486E+21,1.13554E+16,4.81429E+16
177563,9.17071E+18,9,1,88,121,2017,7,19,6,3,0,7,1,0,0,0,0,0,0,6.71188E+20,5.33074E+21,1.12997E+16,4.81069E+16
177564,9.17071E+18,9,1,88,120,2017,7,9,6,3,5,2,1,1,0,0,0,0,0,6.79439E+20,5.32679E+21,1.14088E+16,4.80691E+16
177565,9.17071E+18,9,1,74,113,2017,7,22,6,2,9,1,0,1,0,0,0,2,1,6.72643E+20,5.34924E+21,1.13268E+16,4.82728E+16
177566,9.17071E+18,9,1,74,111,2017,7,10,6,3,6,4,0,1,1,0,0,0,0,6.66846E+20,5.36162E+21,1.12536E+16,4.83856E+16
177567,9.17071E+18,9,1,74,115,2017,7,6,6,3,0,1,1,0,0,0,0,0,0,6.80401E+20,5.34852E+21,1.14309E+16,4.82642E+16
177568,9.17071E+18,9,1,75,132,2017,7,11,6,3,5,3,1,1,0,0,0,0,0,7.07455E+20,5.33092E+21,1.17864E+16,4.80977E+16
177569,9.17071E+18,9,1,78,145,2017,7,10,6,3,8,1,0,0,0,1,0,0,0,6.98281E+20,5.35217E+21,1.16733E+16,4.82916E+16
177570,9.17071E+18,9,1,78,120,2017,7,15,6,3,2,6,0,1,0,0,0,0,0,6.95404E+20,5.35369E+21,1.16352E+16,4.83062E+16
177571,9.17071E+18,9,1,78,143,2017,7,18,6,3,5,3,1,0,0,0,0,0,0,7.15656E+20,5.37147E+21,1.19171E+16,4.84593E+16
177572,9.17071E+18,9,1,62,0,2017,7,9,5,3,3,3,1,1,0,0,0,0,0,6.91082E+20,5.33421E+21,1.15683E+16,4.81325E+16
177573,9.17071E+18,9,1,62,0,2017,7,14,5,3,3,6,0,1,0,1,0,0,0,6.90584E+20,5.33578E+21,1.15623E+16,4.81467E+16
177574,9.17071E+18,9,1,62,0,2017,7,21,5,3,5,2,1,1,0,0,0,1,0,6.90132E+20,5.33493E+21,1.15558E+16,4.81392E+16
177575,9.17071E+18,9,1,62,0,2017,7,8,5,3,5,3,1,1,0,0,0,0,0,6.94446E+20,5.33296E+21,1.16128E+16,4.81202E+16
177576,9.17071E+18,9,1,62,0,2017,7,11,5,3,0,7,1,1,0,0,0,0,0,6.9104E+20,5.33741E+21,1.15691E+16,4.81612E+16
177577,9.17071E+18,9,1,62,0,2017,7,19,5,3,6,4,1,0,1,0,0,0,0,6.93797E+20,5.33936E+21,1.1607E+16,4.81779E+16
177578,9.17071E+18,9,1,62,0,2017,7,10,5,3,2,6,0,1,0,0,0,0,0,6.91769E+20,5.33548E+21,1.1578E+16,4.81437E+16
177579,9.17071E+18,9,1,62,0,2017,7,16,5,3,2,6,0,1,0,0,1,0,0,6.90705E+20,5.33809E+21,1.15649E+16,4.81674E+16
177580,9.17071E+18,9,1,84,145,2017,7,13,5,3,6,3,0,1,1,0,0,0,0,6.94171E+20,5.32538E+21,1.16057E+16,4.80521E+16
177581,9.17071E+18,9,1,62,0,2017,7,17,5,3,5,3,0,1,0,1,0,0,0,6.88567E+20,5.33417E+21,1.15345E+16,4.81328E+16
177582,9.17071E+18,9,1,62,0,2017,7,7,5,3,5,3,0,1,0,0,0,0,0,6.91887E+20,5.33834E+21,1.15809E+16,4.81693E+16
177583,9.17071E+18,9,1,62,0,2017,7,15,5,3,3,2,1,1,0,0,0,0,0,6.92277E+20,5.3419E+21,1.15878E+16,4.82012E+16
177584,9.17071E+18,9,1,62,0,2017,7,7,5,3,5,3,1,1,0,0,0,0,0,6.90872E+20,5.33912E+21,1.15676E+16,4.81766E+16
177585,9.17071E+18,9,1,84,145,2017,7,20,5,3,1,5,1,1,0,0,0,0,0,6.94553E+20,5.32557E+21,1.16109E+16,4.80537E+16
177586,9.17071E+18,9,1,62,0,2017,7,12,5,2,5,2,1,1,0,0,0,0,0,6.87868E+20,5.3302E+21,1.15233E+16,4.80973E+16
177587,9.17071E+18,9,1,62,0,2017,7,8,5,2,0,4,1,0,1,0,0,0,0,6.96023E+20,5.33501E+21,1.1635E+16,4.81381E+16
177588,9.17071E+18,9,1,62,0,2017,7,11,5,3,2,6,0,1,0,0,0,0,0,6.92254E+20,5.3385E+21,1.15859E+16,4.81706E+16
177589,9.17071E+18,9,1,62,0,2017,7,23,5,2,0,7,1,0,0,0,0,2,1,6.90439E+20,5.33558E+21,1.15602E+16,4.81449E+16
177590,9.17071E+18,9,1,62,0,2017,7,13,5,3,5,3,0,1,0,1,0,0,0,6.91438E+20,5.33642E+21,1.1574E+16,4.81522E+16
177591,9.17071E+18,9,1,62,0,2017,7,11,5,3,3,2,1,1,0,0,0,0,0,6.91982E+20,5.3362E+21,1.15812E+16,4.81501E+16
177592,9.17071E+18,9,1,62,0,2017,7,19,5,3,3,6,0,1,0,0,0,0,0,6.91561E+20,5.33569E+21,1.15754E+16,4.81456E+16
177593,9.17071E+18,9,7,64,0,2017,7,18,5,3,4,2,1,1,0,0,0,0,0,5.88364E+20,5.31386E+21,1.01839E+16,4.79719E+16
177594,9.17071E+18,9,7,63,0,2017,7,13,5,2,5,3,0,1,0,1,0,0,0,5.98306E+20,5.28655E+21,1.03109E+16,4.77249E+16
177595,9.17071E+18,9,7,77,151,2017,7,16,5,3,4,3,1,1,0,0,0,0,0,6.20917E+20,5.29327E+21,1.06142E+16,4.77814E+16
177596,9.17071E+18,9,7,79,224,2017,7,17,5,3,5,3,1,1,0,0,0,0,0,6.07358E+20,5.41604E+21,1.04645E+16,4.8888E+16
177597,9.17071E+18,9,7,73,125,2017,7,14,5,3,6,7,1,0,1,0,0,0,0,6.10415E+20,5.3814E+21,1.04969E+16,4.85759E+16
177598,9.17071E+18,9,7,78,169,2017,7,15,5,2,0,1,1,0,0,0,0,0,0,6.17006E+20,5.33628E+21,1.05737E+16,4.81689E+16
177599,9.17071E+18,9,7,72,147,2017,7,8,5,3,5,3,0,1,0,0,1,0,0,6.37706E+20,5.36611E+21,1.08617E+16,4.84331E+16
177600,9.17071E+18,9,7,61,0,2017,7,15,5,3,1,6,0,1,0,0,0,0,0,6.37549E+20,5.36077E+21,1.08578E+16,4.83851E+16
177601,9.17071E+18,9,7,61,0,2017,7,16,5,2,5,3,1,1,0,0,0,0,0,6.37748E+20,5.35942E+21,1.08601E+16,4.83729E+16
177602,9.17071E+18,9,7,61,0,2017,7,13,5,3,0,1,1,0,0,0,0,0,0,6.39528E+20,5.35817E+21,1.08837E+16,4.83612E+16
177603,9.17071E+18,9,7,61,0,2017,7,14,5,3,0,7,0,0,0,0,1,0,0,6.40531E+20,5.3568E+21,1.08968E+16,4.83487E+16
177604,9.17071E+18,9,7,61,0,2017,7,17,5,3,3,2,1,1,0,0,0,0,0,6.39741E+20,5.35644E+21,1.0886E+16,4.83456E+16
177605,9.17071E+18,9,7,61,0,2017,7,14,5,3,4,6,1,0,0,0,0,0,0,6.39973E+20,5.35806E+21,1.08897E+16,4.83602E+16
177606,9.17071E+18,9,7,61,0,2017,7,15,5,3,0,5,1,1,0,0,0,0,0,6.3988E+20,5.36031E+21,1.08891E+16,4.83804E+16
177607,9.17071E+18,9,7,61,0,2017,7,18,5,3,1,5,1,1,0,0,0,0,0,6.3963E+20,5.36005E+21,1.08857E+16,4.83782E+16
177608,9.17071E+18,9,7,61,0,2017,7,10,5,3,0,7,1,0,0,0,0,0,0,6.40276E+20,5.35845E+21,1.08939E+16,4.83637E+16
177609,9.17071E+18,9,7,71,113,2017,7,16,5,3,5,3,1,1,0,0,0,0,0,6.57288E+20,5.36955E+21,1.11276E+16,4.84594E+16
177610,9.17071E+18,9,7,71,113,2017,7,7,5,3,5,3,1,1,0,0,0,0,0,6.56958E+20,5.37019E+21,1.11233E+16,4.84653E+16
177611,9.17071E+18,9,7,71,113,2017,7,10,5,2,6,4,0,1,1,0,0,0,0,6.57623E+20,5.36952E+21,1.11321E+16,4.8459E+16
177612,9.17071E+18,9,6,63,0,2017,7,12,5,3,8,7,0,1,0,0,0,0,0,5.65526E+20,5.51547E+21,9.91032E+15,4.97881E+16
177613,9.17071E+18,9,6,63,0,2017,7,9,5,2,0,7,0,1,0,0,0,0,0,5.66717E+20,5.51622E+21,9.927E+15,4.97948E+16
177614,9.17071E+18,9,6,75,117,2017,7,8,5,3,5,2,0,1,0,1,0,0,0,5.83241E+20,5.5174E+21,1.01568E+16,4.98033E+16
177615,9.17071E+18,9,6,61,0,2017,7,8,5,2,4,2,1,1,0,0,0,0,0,5.1115E+20,5.53603E+21,9.1555E+15,4.99765E+16
177616,9.17071E+18,9,5,72,132,2017,7,9,5,2,5,3,1,1,0,0,0,0,0,6.36802E+20,5.49197E+21,1.08919E+16,4.95649E+16
177617,9.17071E+18,9,5,62,0,2017,7,16,5,3,0,3,0,1,0,0,1,0,0,6.45599E+20,5.49409E+21,1.10143E+16,4.95819E+16
177618,9.17071E+18,9,5,62,0,2017,7,20,5,2,5,3,1,0,0,0,0,0,0,6.42703E+20,5.49528E+21,1.09746E+16,4.95933E+16
177619,9.17071E+18,9,5,62,0,2017,7,16,5,3,4,6,1,1,0,0,0,0,0,6.4659E+20,5.49035E+21,1.10266E+16,4.9548E+16
177620,9.17071E+18,9,5,62,0,2017,7,10,5,3,5,3,1,1,0,0,0,0,0,6.465E+20,5.491E+21,1.10256E+16,4.95539E+16
177621,9.17071E+18,9,5,62,0,2017,7,8,5,3,0,2,1,1,0,0,0,0,0,6.42225E+20,5.49371E+21,1.09675E+16,4.95792E+16
177622,9.17071E+18,9,5,76,137,2017,7,16,5,2,5,3,0,1,0,1,0,0,0,6.50167E+20,5.46325E+21,1.10657E+16,4.93035E+16
177623,9.17071E+18,9,5,74,123,2017,7,17,5,3,5,3,0,1,0,0,0,0,0,6.60397E+20,5.47166E+21,1.12097E+16,4.93765E+16
177624,9.17071E+18,9,5,63,0,2017,7,14,5,3,5,7,1,1,0,0,0,0,0,6.44078E+20,5.48094E+21,1.09884E+16,4.9464E+16
177625,9.17071E+18,9,5,63,0,2017,7,8,5,3,1,6,0,1,0,0,0,0,0,6.40862E+20,5.48113E+21,1.09441E+16,4.94665E+16
177626,9.17071E+18,9,5,64,0,2017,7,16,5,2,0,1,0,0,0,1,0,0,0,6.47341E+20,5.47674E+21,1.10319E+16,4.94255E+16
177627,9.17071E+18,9,5,64,0,2017,7,14,5,3,2,6,0,1,0,0,1,0,0,6.46348E+20,5.47733E+21,1.10184E+16,4.9431E+16
177628,9.17071E+18,9,5,64,0,2017,7,19,5,3,5,3,0,1,0,1,0,0,0,6.50706E+20,5.47845E+21,1.10789E+16,4.94401E+16
177629,9.17071E+18,9,5,64,0,2017,7,9,5,3,5,3,1,1,0,0,0,0,0,6.52774E+20,5.48217E+21,1.11088E+16,4.94729E+16
177630,9.17071E+18,9,5,64,0,2017,7,17,5,3,3,6,1,1,0,0,0,0,0,6.52404E+20,5.4837E+21,1.11043E+16,4.94868E+16
177631,9.17071E+18,9,5,73,122,2017,7,20,5,3,0,6,1,1,0,0,0,0,0,6.42171E+20,5.4772E+21,1.09608E+16,4.94308E+16
177632,9.17071E+18,9,5,77,140,2017,7,15,5,2,8,6,0,1,0,1,0,0,0,6.23738E+20,5.42902E+21,1.06918E+16,4.90016E+16
177633,9.17071E+18,9,5,71,166,2017,7,23,5,3,0,7,0,1,1,0,0,2,0,6.06692E+20,5.45735E+21,1.04663E+16,4.92596E+16
177634,9.17071E+18,9,4,75,156,2017,7,18,5,2,4,6,1,1,0,0,0,0,0,6.92924E+20,5.57878E+21,1.17107E+16,5.03295E+16
177635,9.17071E+18,9,4,78,165,2017,7,17,5,2,5,3,0,1,0,1,0,0,0,6.4243E+20,5.55194E+21,1.09917E+16,5.01026E+16
177636,9.17071E+18,9,4,62,0,2017,7,12,5,3,0,7,1,0,0,0,0,0,0,6.86089E+20,5.5355E+21,1.15937E+16,4.99428E+16
177637,9.17071E+18,9,4,71,207,2017,7,19,5,3,8,1,1,0,0,1,0,0,0,6.26924E+20,5.531E+21,1.07681E+16,4.99179E+16
177638,9.17071E+18,9,4,71,185,2017,7,20,5,3,0,7,1,0,0,0,0,0,0,6.43333E+20,5.53573E+21,1.09983E+16,4.99567E+16
177639,9.17071E+18,9,3,77,158,2017,7,7,5,3,0,7,1,1,0,0,0,0,0,7.36624E+20,5.54404E+21,1.23021E+16,5.00017E+16
177640,9.17071E+18,9,3,74,168,2017,7,22,5,3,0,1,1,0,0,0,0,2,0,7.27224E+20,5.52092E+21,1.21576E+16,4.97977E+16
177641,9.17071E+18,9,3,75,208,2017,7,17,5,3,2,6,0,1,0,0,1,0,0,7.31577E+20,5.44147E+21,1.21716E+16,4.90825E+16
177642,9.17071E+18,9,3,62,0,2017,7,15,5,3,0,2,1,1,0,0,0,0,0,7.26016E+20,5.43381E+21,1.20913E+16,4.90157E+16
177643,9.17071E+18,9,3,62,0,2017,7,16,5,3,2,6,0,1,0,0,0,0,0,7.28908E+20,5.43511E+21,1.21315E+16,4.90264E+16
177644,9.17071E+18,9,3,62,0,2017,7,18,5,3,6,7,0,1,1,0,0,0,0,7.28439E+20,5.43557E+21,1.21253E+16,4.90306E+16
177645,9.17071E+18,9,3,62,0,2017,7,15,5,3,2,6,0,1,0,0,0,0,0,7.28944E+20,5.4351E+21,1.2132E+16,4.90262E+16
177646,9.17071E+18,9,2,63,0,2017,7,7,5,3,4,6,1,0,0,0,0,0,0,7.62664E+20,5.42003E+21,1.25827E+16,4.88775E+16
177647,9.17071E+18,9,2,77,124,2017,7,23,5,3,8,1,0,1,0,0,0,2,1,7.81308E+20,5.3681E+21,1.28011E+16,4.84032E+16
177648,9.17071E+18,9,2,72,151,2017,7,16,5,2,0,7,1,0,0,0,0,0,0,8.37938E+20,5.40751E+21,1.3596E+16,4.87288E+16
177649,9.17071E+18,9,2,74,146,2017,7,11,5,2,0,7,1,0,0,0,0,0,0,7.32993E+20,5.37804E+21,1.2155E+16,4.85122E+16
177650,9.17071E+18,9,2,74,113,2017,7,7,5,3,5,2,1,1,0,0,0,0,0,7.28835E+20,5.38232E+21,1.21011E+16,4.85522E+16
177651,9.17071E+18,9,2,73,166,2017,7,17,5,3,4,2,0,1,0,0,0,0,0,7.14711E+20,5.42063E+21,1.19299E+16,4.89013E+16
177652,9.17071E+18,9,1,73,123,2017,7,18,5,3,5,3,0,1,0,1,0,0,0,6.80066E+20,5.30308E+21,1.14073E+16,4.78558E+16
177653,9.17071E+18,9,1,73,147,2017,7,8,5,3,0,7,1,0,0,0,0,0,0,6.81679E+20,5.30892E+21,1.14313E+16,4.79079E+16
177654,9.17071E+18,9,1,90,157,2017,7,12,5,2,0,7,1,1,0,0,0,0,0,6.60336E+20,5.30059E+21,1.11428E+16,4.78386E+16
177655,9.17071E+18,9,1,80,117,2017,7,16,5,3,0,1,0,0,0,1,0,0,1,6.58115E+20,5.26196E+21,1.10991E+16,4.74918E+16
177656,9.17071E+18,9,1,73,135,2017,7,14,5,2,0,7,1,0,0,0,0,0,0,6.93988E+20,5.28269E+21,1.15841E+16,4.76685E+16
177657,9.17071E+18,9,1,89,115,2017,7,8,5,2,0,7,1,0,0,0,0,0,0,7.63926E+20,5.33565E+21,1.25465E+16,4.81194E+16
177658,9.17071E+18,9,1,83,128,2017,7,18,5,3,5,3,1,1,0,0,0,0,0,7.61701E+20,5.34911E+21,1.2525E+16,4.82411E+16
177659,9.17071E+18,9,1,89,159,2017,7,16,5,2,0,7,1,0,0,0,0,0,0,7.5728E+20,5.30118E+21,1.24368E+16,4.78125E+16
177660,9.17071E+18,9,1,89,129,2017,7,11,5,3,0,1,1,0,0,0,0,0,0,7.59372E+20,5.29547E+21,1.24612E+16,4.77603E+16
177661,9.17071E+18,9,1,84,114,2017,7,16,5,2,2,6,0,1,0,1,0,0,0,6.96901E+20,5.3227E+21,1.16411E+16,4.80272E+16
177662,9.17071E+18,9,1,63,0,2017,7,10,5,3,5,1,1,0,0,0,1,0,0,7.33737E+20,5.30515E+21,1.21249E+16,4.78571E+16
177663,9.17071E+18,9,1,87,157,2017,7,11,5,3,0,1,1,0,0,0,0,0,0,7.28765E+20,5.28444E+21,1.20477E+16,4.76729E+16
177664,9.17071E+18,9,1,87,122,2017,7,17,5,3,5,3,0,1,0,0,0,0,0,7.19404E+20,5.30683E+21,1.19344E+16,4.78773E+16
177665,9.17071E+18,9,1,88,137,2017,7,19,5,3,0,1,1,0,0,0,0,0,0,6.71866E+20,5.31577E+21,1.13028E+16,4.79722E+16
177666,9.17071E+18,9,1,81,128,2017,7,14,5,3,5,2,1,0,0,0,0,0,0,6.376E+20,5.32717E+21,1.08476E+16,4.8083E+16
177667,9.17071E+18,9,1,79,123,2017,7,9,5,3,0,7,1,0,0,0,0,0,0,6.75143E+20,5.33215E+21,1.13534E+16,4.81185E+16
177668,9.17071E+18,9,1,88,121,2017,7,21,5,3,3,6,1,1,0,0,0,1,0,6.70502E+20,5.32985E+21,1.12901E+16,4.80991E+16
177669,9.17071E+18,9,1,79,119,2017,7,8,5,3,6,3,0,1,1,0,0,0,0,6.69392E+20,5.33981E+21,1.12792E+16,4.81889E+16
177670,9.17071E+18,9,1,81,114,2017,7,15,5,3,0,1,1,0,0,0,0,0,0,6.57347E+20,5.31276E+21,1.11073E+16,4.79489E+16
177671,9.17071E+18,9,1,74,113,2017,7,20,5,3,0,1,1,0,0,0,0,0,0,6.79404E+20,5.34261E+21,1.1415E+16,4.82113E+16
177672,9.17071E+18,9,1,74,115,2017,7,16,5,2,5,3,1,0,0,0,0,0,0,6.81296E+20,5.34823E+21,1.14428E+16,4.82613E+16
177673,9.17071E+18,9,1,74,126,2017,7,14,5,3,2,6,0,1,0,0,0,0,0,6.82642E+20,5.34519E+21,1.14596E+16,4.82336E+16
177674,9.17071E+18,9,1,74,115,2017,7,13,5,3,0,7,0,0,0,1,0,0,0,6.80032E+20,5.34871E+21,1.1426E+16,4.8266E+16
177675,9.17071E+18,9,1,75,118,2017,7,18,5,3,3,3,1,0,0,1,0,0,0,7.16367E+20,5.33891E+21,1.19101E+16,4.81666E+16
177676,9.17071E+18,9,1,78,124,2017,7,14,5,3,5,3,0,1,0,1,0,0,0,7.03984E+20,5.36501E+21,1.17563E+16,4.84052E+16
177677,9.17071E+18,9,1,77,117,2017,7,13,5,3,5,3,1,0,0,1,0,0,0,7.16018E+20,5.35308E+21,1.19126E+16,4.8294E+16
177678,9.17071E+18,9,1,77,117,2017,7,14,5,3,2,6,0,1,0,0,0,0,0,7.15761E+20,5.35442E+21,1.19098E+16,4.83061E+16
177679,9.17071E+18,9,1,62,0,2017,7,15,4,3,3,2,1,1,0,0,0,0,0,6.91023E+20,5.33434E+21,1.15675E+16,4.81336E+16
177680,9.17071E+18,9,1,62,0,2017,7,19,4,3,0,5,0,1,0,1,0,0,0,6.91027E+20,5.3341E+21,1.15675E+16,4.81315E+16
177681,9.17071E+18,9,1,62,0,2017,7,18,4,2,3,6,1,0,0,0,0,0,0,6.90536E+20,5.33279E+21,1.15603E+16,4.81198E+16
177682,9.17071E+18,9,1,62,0,2017,7,18,4,3,1,5,1,1,0,0,0,0,0,6.83406E+20,5.33875E+21,1.14671E+16,4.81755E+16
177683,9.17071E+18,9,1,62,0,2017,7,18,4,3,5,3,1,1,0,0,0,0,0,6.90167E+20,5.33568E+21,1.15566E+16,4.81459E+16
177684,9.17071E+18,9,1,62,0,2017,7,7,4,3,0,7,1,0,0,0,0,0,0,6.91508E+20,5.33287E+21,1.15734E+16,4.81203E+16
177685,9.17071E+18,9,1,62,0,2017,7,12,4,2,0,1,1,0,0,0,0,0,0,6.91481E+20,5.3371E+21,1.15749E+16,4.81583E+16
177686,9.17071E+18,9,1,62,0,2017,7,8,4,3,5,2,0,1,0,1,0,0,0,6.88478E+20,5.33239E+21,1.15325E+16,4.81169E+16
177687,9.17071E+18,9,1,62,0,2017,7,11,4,3,0,7,0,0,0,0,1,0,0,6.93176E+20,5.33184E+21,1.15953E+16,4.81105E+16
177688,9.17071E+18,9,1,62,0,2017,7,23,4,3,0,1,1,0,0,0,0,2,0,6.84316E+20,5.33752E+21,1.14788E+16,4.81642E+16
177689,9.17071E+18,9,1,62,0,2017,7,14,4,3,5,3,1,1,0,0,0,0,0,6.9159E+20,5.33968E+21,1.15775E+16,4.81814E+16
177690,9.17071E+18,9,1,62,0,2017,7,15,4,3,1,5,1,1,0,0,0,0,0,6.92876E+20,5.33418E+21,1.15923E+16,4.81316E+16
177691,9.17071E+18,9,1,62,0,2017,7,20,4,3,3,6,1,0,0,0,0,0,0,6.89973E+20,5.33175E+21,1.15523E+16,4.81107E+16
177692,9.17071E+18,9,1,62,0,2017,7,13,4,3,1,7,1,1,0,0,0,0,0,6.87017E+20,5.334E+21,1.15136E+16,4.81318E+16
177693,9.17071E+18,9,1,62,0,2017,7,16,4,3,5,3,1,1,0,0,0,0,0,6.86271E+20,5.33179E+21,1.15026E+16,4.81121E+16
177694,9.17071E+18,9,1,84,146,2017,7,18,4,2,0,7,1,0,0,0,0,0,0,6.97972E+20,5.32829E+21,1.1658E+16,4.80771E+16
177695,9.17071E+18,9,1,62,0,2017,7,9,4,3,5,3,1,1,0,0,0,0,0,6.99626E+20,5.33283E+21,1.16823E+16,4.81174E+16
177696,9.17071E+18,9,1,62,0,2017,7,18,4,3,6,2,0,1,1,0,0,0,0,6.92016E+20,5.3324E+21,1.158E+16,4.81158E+16
177697,9.17071E+18,9,1,62,0,2017,7,9,4,3,5,2,1,1,0,0,0,0,0,6.93919E+20,5.33305E+21,1.16058E+16,4.81211E+16
177698,9.17071E+18,9,1,62,0,2017,7,11,4,3,3,6,0,1,0,1,0,0,0,6.89821E+20,5.33266E+21,1.15506E+16,4.81189E+16
177699,9.17071E+18,9,1,62,0,2017,7,9,4,3,3,2,1,0,0,0,1,0,0,6.90361E+20,5.33387E+21,1.15584E+16,4.81296E+16
177700,9.17071E+18,9,1,62,0,2017,7,16,4,2,6,4,1,0,1,0,0,0,0,6.93034E+20,5.33548E+21,1.1595E+16,4.81432E+16
177701,9.17071E+18,9,1,62,0,2017,7,8,4,3,3,6,0,1,0,1,0,0,0,6.92969E+20,5.3352E+21,1.1594E+16,4.81408E+16
177702,9.17071E+18,9,1,62,0,2017,7,15,4,3,3,5,1,1,0,0,1,0,0,6.92011E+20,5.33496E+21,1.15811E+16,4.81389E+16
177703,9.17071E+18,9,7,75,135,2017,7,10,4,3,0,3,1,1,0,0,0,0,0,5.74882E+20,5.36104E+21,1.00117E+16,4.83981E+16
177704,9.17071E+18,9,7,75,139,2017,7,18,4,3,4,2,1,0,0,0,0,0,0,5.82851E+20,5.36692E+21,1.01205E+16,4.845E+16
177705,9.17071E+18,9,7,75,135,2017,7,7,4,3,6,4,0,1,1,0,0,0,0,5.7482E+20,5.36116E+21,1.00108E+16,4.83992E+16
177706,9.17071E+18,9,7,75,135,2017,7,6,4,2,5,3,1,0,0,0,0,0,0,5.73671E+20,5.36036E+21,9.99517E+15,4.83921E+16
177707,9.17071E+18,9,7,78,221,2017,7,12,4,3,5,3,0,1,0,0,1,0,0,5.94534E+20,5.33882E+21,1.02721E+16,4.81956E+16
177708,9.17071E+18,9,7,80,146,2017,7,18,4,3,8,1,0,0,0,1,0,0,0,5.94562E+20,5.28648E+21,1.0261E+16,4.77248E+16
177709,9.17071E+18,9,7,63,0,2017,7,16,4,3,0,7,1,0,1,0,0,0,0,5.98213E+20,5.28827E+21,1.03101E+16,4.77403E+16
177710,9.17071E+18,9,7,80,119,2017,7,11,4,3,5,3,1,1,0,0,0,0,0,5.96677E+20,5.29573E+21,1.02912E+16,4.78076E+16
177711,9.17071E+18,9,7,80,139,2017,7,22,4,3,1,6,0,1,0,0,0,2,0,5.96185E+20,5.2631E+21,1.02775E+16,4.75143E+16
177712,9.17071E+18,9,7,76,125,2017,7,10,4,3,0,7,1,0,0,0,0,0,0,5.63181E+20,5.26706E+21,9.83977E+15,4.75539E+16
177713,9.17071E+18,9,7,77,169,2017,7,8,4,3,5,3,1,1,0,0,0,0,0,6.29605E+20,5.27037E+21,1.07233E+16,4.75738E+16
177714,9.17071E+18,9,7,79,131,2017,7,10,4,3,5,3,1,1,0,0,0,0,0,6.29359E+20,5.39772E+21,1.07588E+16,4.87191E+16
177715,9.17071E+18,9,7,71,130,2017,7,13,4,3,5,2,1,0,0,0,1,0,0,6.44386E+20,5.36222E+21,1.09506E+16,4.83966E+16
177716,9.17071E+18,9,7,61,0,2017,7,19,4,3,0,1,1,0,0,0,0,0,0,6.38366E+20,5.35934E+21,1.08684E+16,4.8372E+16
177717,9.17071E+18,9,7,61,0,2017,7,10,4,2,8,1,0,0,0,1,0,0,0,6.43322E+20,5.3636E+21,1.09367E+16,4.84092E+16
177718,9.17071E+18,9,7,61,0,2017,7,7,4,3,5,3,0,1,0,0,0,0,0,6.40732E+20,5.3519E+21,1.08978E+16,4.83046E+16
177719,9.17071E+18,9,5,74,138,2017,7,18,4,2,0,5,1,1,0,0,0,0,0,6.65373E+20,5.48703E+21,1.12846E+16,4.95133E+16
177720,9.17071E+18,9,5,76,122,2017,7,17,4,2,3,6,1,0,0,0,0,0,0,6.71352E+20,5.43503E+21,1.13449E+16,4.90443E+16
177721,9.17071E+18,9,5,63,0,2017,7,18,4,3,5,3,0,1,0,1,0,0,0,6.4505E+20,5.4798E+21,1.10014E+16,4.94536E+16
177722,9.17071E+18,9,5,63,0,2017,7,17,4,2,5,3,0,1,0,0,1,0,0,6.45282E+20,5.48292E+21,1.10058E+16,4.94815E+16
177723,9.17071E+18,9,5,64,0,2017,7,21,4,3,5,3,0,1,0,1,0,1,0,6.48558E+20,5.47888E+21,1.10494E+16,4.94444E+16
177724,9.17071E+18,9,5,64,0,2017,7,13,4,3,4,2,1,0,0,0,1,0,0,6.54284E+20,5.47755E+21,1.11278E+16,4.9431E+16
177725,9.17071E+18,9,5,75,145,2017,7,21,4,3,0,7,1,0,0,0,0,0,0,6.19122E+20,5.48408E+21,1.06451E+16,4.94977E+16
177726,9.17071E+18,9,5,75,121,2017,7,14,4,3,0,1,0,0,0,1,0,0,0,6.23016E+20,5.49052E+21,1.07009E+16,4.95548E+16