OBJECTID,UIDENTSTLA,ULAND,UREGBEZ,UKREIS,UGEMEINDE,UJAHR,UMONAT,USTUNDE,UWOCHENTAG,UKATEGORIE,UART,UTYP1,IstRad,IstPKW,IstFuss,IstKrad,IstSonstig,LICHT,STRZUSTAND,LINREFX,LINREFY,XGCSWGS84,YGCSWGS84
177899,9.17071E+18,9,1,77,112,2017,7,17,1,2,9,1,0,0,0,1,0,0,0,7.15924E+20,5.36307E+21,1.19164E+16,4.83838E+16
177900,9.17071E+18,9,1,62,0,2017,7,15,7,3,1,5,1,1,0,0,0,0,0,6.91139E+20,5.33408E+21,1.15689E+16,4.81312E+16
177901,9.17071E+18,9,1,62,0,2017,7,11,7,3,5,3,0,1,0,0,0,0,0,6.9385E+20,5.33151E+21,1.16042E+16,4.81073E+16
177902,9.17071E+18,9,1,62,0,2017,7,15,7,3,1,5,1,1,0,0,0,0,0,6.86454E+20,5.34154E+21,1.15093E+16,4.81997E+16
177903,9.17071E+18,9,1,62,0,2017,7,11,7,3,5,3,0,1,0,0,0,0,0,6.84236E+20,5.3327E+21,1.14757E+16,4.81209E+16
177904,9.17071E+18,9,1,62,0,2017,7,16,7,3,3,6,0,1,0,1,1,0,1,6.96919E+20,5.33231E+21,1.16457E+16,4.81136E+16
177905,9.17071E+18,9,1,62,0,2017,7,15,7,3,4,6,1,1,0,0,0,0,0,6.89325E+20,5.32934E+21,1.15425E+16,4.80892E+16
177906,9.17071E+18,9,1,62,0,2017,7,5,7,3,1,7,0,1,0,0,0,0,0,6.85478E+20,5.33368E+21,1.14928E+16,4.81293E+16
177907,9.17071E+18,9,1,84,138,2017,7,12,7,3,1,7,1,1,0,0,0,0,0,6.80982E+20,5.33143E+21,1.14315E+16,4.81104E+16
177908,9.17071E+18,9,1,62,0,2017,7,9,7,3,5,3,1,1,0,0,0,0,0,6.90541E+20,5.34048E+21,1.15638E+16,4.81889E+16
177909,9.17071E+18,9,1,62,0,2017,7,20,7,3,1,6,0,1,0,1,0,0,0,6.88734E+20,5.33627E+21,1.15376E+16,4.81516E+16
177910,9.17071E+18,9,1,62,0,2017,7,12,7,3,5,3,1,0,0,0,0,0,0,6.93381E+20,5.331E+21,1.15977E+16,4.81029E+16
177911,9.17071E+18,9,1,62,0,2017,7,17,7,3,3,7,1,1,0,0,0,0,1,6.86451E+20,5.33121E+21,1.15048E+16,4.81068E+16
177912,9.17071E+18,9,1,62,0,2017,7,14,7,3,3,2,1,1,0,0,0,0,0,6.90918E+20,5.33505E+21,1.15664E+16,4.814E+16
177913,9.17071E+18,9,7,64,0,2017,7,19,7,3,4,3,0,1,0,1,0,0,0,5.86055E+20,5.31686E+21,1.01536E+16,4.79993E+16
177914,9.17071E+18,9,7,64,0,2017,7,14,7,3,0,7,1,0,0,0,0,0,0,5.86666E+20,5.31535E+21,1.01615E+16,4.79856E+16
177915,9.17071E+18,9,7,78,144,2017,7,13,7,3,8,7,1,0,0,0,0,0,0,5.93308E+20,5.3033E+21,1.02479E+16,4.78763E+16
177916,9.17071E+18,9,7,74,150,2017,7,11,7,3,4,7,1,1,0,0,0,0,0,6.00602E+20,5.34529E+21,1.03553E+16,4.82528E+16
177917,9.17071E+18,9,7,75,162,2017,7,15,7,2,1,7,1,1,0,0,0,0,0,5.7972E+20,5.34715E+21,1.00744E+16,4.82725E+16
177918,9.17071E+18,9,7,80,112,2017,7,10,7,3,8,6,0,0,0,1,1,0,0,5.94112E+20,5.29392E+21,1.02566E+16,4.77918E+16
177919,9.17071E+18,9,7,76,116,2017,7,14,7,3,0,1,1,0,0,0,0,0,0,5.4948E+20,5.26762E+21,9.65774E+15,4.75601E+16
177920,9.17071E+18,9,7,76,120,2017,7,14,7,3,0,1,1,0,0,0,0,0,0,5.46359E+20,5.26893E+21,9.61639E+15,4.75721E+16
177921,9.17071E+18,9,7,77,129,2017,7,22,7,3,0,3,1,0,0,0,0,2,1,6.27741E+20,5.26991E+21,1.06984E+16,4.75701E+16
177922,9.17071E+18,9,7,79,149,2017,7,15,7,3,0,3,1,1,0,0,0,0,0,6.36145E+20,5.39665E+21,1.08506E+16,4.87081E+16
177923,9.17071E+18,9,7,79,194,2017,7,16,7,2,0,2,1,0,0,0,1,0,1,6.08775E+20,5.41166E+21,1.04827E+16,4.88484E+16
177924,9.17071E+18,9,7,72,200,2017,7,22,7,3,3,6,1,1,0,0,0,1,0,6.30527E+20,5.33893E+21,1.07563E+16,4.81902E+16
177925,9.17071E+18,9,7,61,0,2017,7,15,7,3,0,1,1,0,0,0,0,0,1,6.3791E+20,5.36093E+21,1.08628E+16,4.83865E+16
177926,9.17071E+18,9,6,63,0,2017,7,17,7,3,5,3,0,1,0,0,0,0,0,5.67046E+20,5.51496E+21,9.93134E+15,4.97834E+16
177927,9.17071E+18,9,6,75,141,2017,7,21,7,2,0,7,1,0,0,0,0,1,0,5.8314E+20,5.50991E+21,1.01538E+16,4.97359E+16
177928,9.17071E+18,9,6,72,121,2017,7,22,7,3,1,1,0,1,0,0,0,2,0,5.67707E+20,5.55269E+21,9.94717E+15,5.01226E+16
177929,9.17071E+18,9,6,78,123,2017,7,13,7,2,1,5,1,1,0,0,0,0,0,5.86914E+20,5.54749E+21,1.02146E+16,5.00733E+16
177930,9.17071E+18,9,6,62,0,2017,7,9,7,3,6,4,1,0,1,0,0,0,0,5.89192E+20,5.54576E+21,1.0246E+16,5.00575E+16
177931,9.17071E+18,9,6,76,132,2017,7,19,7,3,5,3,0,1,0,0,0,0,0,5.15365E+20,5.50772E+21,9.21317E+15,4.97218E+16
177932,9.17071E+18,9,6,61,0,2017,7,20,7,2,0,1,1,0,0,0,0,0,0,5.10022E+20,5.53551E+21,9.13975E+15,4.99718E+16
177933,9.17071E+18,9,6,61,0,2017,7,11,7,2,0,1,1,0,0,0,0,0,0,5.10757E+20,5.53456E+21,9.14998E+15,4.99633E+16
177934,9.17071E+18,9,6,71,155,2017,7,12,7,2,0,7,1,0,0,0,0,0,0,5.04056E+20,5.53739E+21,9.05659E+15,4.99888E+16
177935,9.17071E+18,9,5,62,0,2017,7,10,7,2,6,7,1,0,1,0,0,0,0,6.443E+20,5.49573E+21,1.09969E+16,4.95969E+16
177936,9.17071E+18,9,5,64,0,2017,7,18,7,3,0,2,0,1,1,0,0,0,0,6.51726E+20,5.47941E+21,1.10933E+16,4.94484E+16
177937,9.17071E+18,9,5,64,0,2017,7,17,7,3,9,1,0,1,0,0,0,0,0,6.49918E+20,5.47775E+21,1.10678E+16,4.94339E+16
177938,9.17071E+18,9,5,64,0,2017,7,9,7,3,0,1,0,0,0,1,0,0,0,6.46747E+20,5.48101E+21,1.10253E+16,4.9464E+16
177939,9.17071E+18,9,5,64,0,2017,7,20,7,3,1,5,0,1,0,0,0,0,0,6.49976E+20,5.47439E+21,1.10673E+16,4.94037E+16
177940,9.17071E+18,9,5,64,0,2017,7,9,7,3,6,7,0,1,1,0,0,0,0,6.48659E+20,5.48097E+21,1.10516E+16,4.94632E+16
177941,9.17071E+18,9,5,71,165,2017,7,11,7,3,0,7,1,0,0,0,0,0,0,6.30217E+20,5.46705E+21,1.07927E+16,4.93423E+16
177942,9.17071E+18,9,5,71,214,2017,7,14,7,3,1,5,1,1,0,0,0,0,0,6.17057E+20,5.43338E+21,1.06018E+16,4.90422E+16
177943,9.17071E+18,9,4,75,137,2017,7,17,7,3,0,1,0,0,0,0,1,0,0,6.93664E+20,5.58202E+21,1.17227E+16,5.03583E+16
177944,9.17071E+18,9,4,79,112,2017,7,15,7,3,0,7,1,0,0,0,0,0,0,7.27382E+20,5.54614E+21,1.21746E+16,5.00241E+16
177945,9.17071E+18,9,4,64,0,2017,7,13,7,3,0,3,0,1,0,0,1,0,0,7.0896E+20,5.5779E+21,1.19352E+16,5.03161E+16
177946,9.17071E+18,9,4,73,174,2017,7,17,7,3,4,6,1,0,0,0,1,0,0,6.50878E+20,5.56366E+21,1.11144E+16,5.02059E+16
177947,9.17071E+18,9,4,62,0,2017,7,10,7,2,0,4,0,1,1,0,0,0,0,6.83847E+20,5.53502E+21,1.15622E+16,4.99392E+16
177948,9.17071E+18,9,4,71,145,2017,7,8,7,2,5,3,1,1,0,0,0,0,0,6.43455E+20,5.51976E+21,1.0994E+16,4.98131E+16
177949,9.17071E+18,9,4,61,0,2017,7,10,7,2,0,2,0,1,0,1,0,0,0,6.36361E+20,5.52925E+21,1.08988E+16,4.99001E+16
177950,9.17071E+18,9,3,75,174,2017,7,22,7,3,0,7,0,1,0,0,0,2,0,7.34592E+20,5.42941E+21,1.22058E+16,4.8973E+16
177951,9.17071E+18,9,3,75,208,2017,7,11,7,3,0,7,0,0,0,1,0,0,0,7.34001E+20,5.43964E+21,1.22037E+16,4.90651E+16
177952,9.17071E+18,9,3,62,0,2017,7,20,7,3,5,3,1,1,0,0,0,0,0,7.28535E+20,5.43756E+21,1.21278E+16,4.90485E+16
177953,9.17071E+18,9,3,73,147,2017,7,9,7,3,2,6,0,1,0,0,0,0,0,6.80423E+20,5.46119E+21,1.14806E+16,4.92768E+16
177954,9.17071E+18,9,3,76,172,2017,7,15,7,3,8,7,0,1,0,0,0,0,0,7.51839E+20,5.47561E+21,1.247E+16,4.93811E+16
177955,9.17071E+18,9,3,76,116,2017,7,22,7,3,7,1,0,0,0,1,0,2,0,7.40002E+20,5.46346E+21,1.22999E+16,4.92767E+16
177956,9.17071E+18,9,3,76,163,2017,7,18,7,3,5,3,0,1,0,0,0,0,0,7.28986E+20,5.47527E+21,1.21554E+16,4.9387E+16
177957,9.17071E+18,9,2,77,128,2017,7,16,7,2,8,1,0,1,0,1,0,0,1,7.94032E+20,5.35113E+21,1.29608E+16,4.82451E+16
177958,9.17071E+18,9,2,75,141,2017,7,12,7,3,8,1,1,0,0,0,0,0,0,8.19809E+20,5.36683E+21,1.3319E+16,4.83735E+16
177959,9.17071E+18,9,2,75,130,2017,7,5,7,3,5,3,0,1,0,0,0,0,0,8.1611E+20,5.36403E+21,1.32671E+16,4.83502E+16
177960,9.17071E+18,9,2,74,127,2017,7,8,7,3,8,1,0,1,0,0,0,0,0,7.39136E+20,5.40093E+21,1.22512E+16,4.87155E+16
177961,9.17071E+18,9,2,74,126,2017,7,10,7,3,0,1,1,0,0,0,0,0,0,7.33903E+20,5.38254E+21,1.21698E+16,4.85523E+16
177962,9.17071E+18,9,2,61,0,2017,7,10,7,3,0,7,0,0,0,0,1,0,0,7.32947E+20,5.38078E+21,1.21559E+16,4.85369E+16
177963,9.17071E+18,9,2,61,0,2017,7,14,7,3,5,3,0,1,0,0,0,0,0,7.30018E+20,5.38169E+21,1.21168E+16,4.85461E+16
177964,9.17071E+18,9,2,79,122,2017,7,16,7,3,5,3,0,1,0,0,0,0,0,7.71446E+20,5.39743E+21,1.26873E+16,4.86709E+16
177965,9.17071E+18,9,2,73,111,2017,7,12,7,3,5,3,1,1,0,0,0,0,0,7.06588E+20,5.41371E+21,1.18157E+16,4.8842E+16
177966,9.17071E+18,9,1,73,123,2017,7,13,7,3,0,1,1,0,0,0,0,0,0,6.80366E+20,5.30024E+21,1.14101E+16,4.78302E+16
177967,9.17071E+18,9,1,89,140,2017,7,14,7,3,0,7,1,0,0,0,0,0,0,7.73456E+20,5.29619E+21,1.26493E+16,4.7761E+16
177968,9.17071E+18,9,1,89,145,2017,7,10,7,3,2,6,1,0,0,0,0,0,0,7.75817E+20,5.30217E+21,1.26845E+16,4.78137E+16
177969,9.17071E+18,9,1,89,150,2017,7,12,7,2,0,1,1,0,0,0,0,0,0,7.7818E+20,5.32241E+21,1.2729E+16,4.79944E+16
177970,9.17071E+18,9,1,72,134,2017,7,8,7,2,0,7,1,0,0,0,0,0,0,7.85939E+20,5.3066E+21,1.28223E+16,4.78491E+16
177971,9.17071E+18,9,1,71,132,2017,7,11,7,3,0,3,0,1,0,1,0,0,0,7.65962E+20,5.35146E+21,1.25837E+16,4.82605E+16
177972,9.17071E+18,9,1,87,117,2017,7,14,7,3,0,6,0,1,0,1,0,0,0,7.24983E+20,5.30556E+21,1.20083E+16,4.78639E+16
177973,9.17071E+18,9,1,87,130,2017,7,13,7,3,0,1,1,0,0,0,0,0,0,7.11517E+20,5.31119E+21,1.18312E+16,4.79191E+16
177974,9.17071E+18,9,1,61,0,2017,7,11,7,2,5,3,1,1,0,0,0,0,0,6.77214E+20,5.40531E+21,1.14121E+16,4.87756E+16
177975,9.17071E+18,9,1,85,158,2017,7,0,7,3,0,1,1,0,0,0,0,2,0,6.67931E+20,5.38139E+21,1.12762E+16,4.85631E+16
177976,9.17071E+18,9,1,86,147,2017,7,10,7,3,5,3,1,1,0,0,0,0,0,6.8229E+20,5.39195E+21,1.14753E+16,4.8654E+16
177977,9.17071E+18,9,1,88,137,2017,7,9,7,3,0,7,1,0,0,0,0,0,1,6.7232E+20,5.31451E+21,1.13084E+16,4.79607E+16
177978,9.17071E+18,9,1,79,121,2017,7,19,7,3,2,6,1,0,0,0,0,0,0,6.6555E+20,5.33751E+21,1.12267E+16,4.81692E+16
177979,9.17071E+18,9,1,74,141,2017,7,11,7,2,6,7,0,1,1,0,0,0,0,6.8355E+20,5.35584E+21,1.14765E+16,4.8329E+16
177980,9.17071E+18,9,1,78,124,2017,7,18,7,2,5,3,0,1,0,0,1,0,0,7.04579E+20,5.35891E+21,1.17614E+16,4.83502E+16
177981,9.17071E+18,9,1,75,127,2017,7,15,7,3,8,7,0,0,0,1,0,0,0,7.13679E+20,5.34059E+21,1.18748E+16,4.81826E+16
177982,9.17071E+18,9,1,78,120,2017,7,7,7,2,0,1,1,0,0,0,0,0,0,6.98179E+20,5.35123E+21,1.16715E+16,4.82833E+16
177983,9.17071E+18,9,1,75,123,2017,7,14,7,3,5,3,1,1,0,0,0,0,0,7.22192E+20,5.33831E+21,1.1988E+16,4.81592E+16
177984,9.17071E+18,9,1,77,139,2017,7,10,7,3,1,3,0,1,1,0,0,0,0,7.30906E+20,5.3598E+21,1.21167E+16,4.83492E+16
177985,9.17071E+18,9,1,84,130,2017,7,14,6,3,5,3,0,1,0,0,0,0,0,6.98652E+20,5.34437E+21,1.16746E+16,4.82214E+16
177986,9.17071E+18,9,1,62,0,2017,7,11,6,3,5,3,1,1,0,0,0,0,0,6.91244E+20,5.32977E+21,1.15684E+16,4.80925E+16
177987,9.17071E+18,9,1,62,0,2017,7,16,6,3,1,6,0,1,0,0,0,0,0,6.89691E+20,5.33331E+21,1.15492E+16,4.81247E+16
177988,9.17071E+18,9,1,62,0,2017,7,15,6,3,2,6,0,1,0,1,0,0,0,6.89561E+20,5.34042E+21,1.15506E+16,4.81887E+16
177989,9.17071E+18,9,1,84,134,2017,7,7,6,3,0,7,0,1,1,0,1,0,0,6.92245E+20,5.32169E+21,1.15782E+16,4.80196E+16
177990,9.17071E+18,9,1,62,0,2017,7,12,6,3,5,3,1,1,0,0,0,0,0,6.83119E+20,5.33483E+21,1.14616E+16,4.81404E+16
177991,9.17071E+18,9,1,62,0,2017,7,11,6,3,5,3,1,1,0,0,0,0,0,6.86029E+20,5.34036E+21,1.15031E+16,4.81892E+16
177992,9.17071E+18,9,1,62,0,2017,7,22,6,3,5,3,1,1,0,0,0,2,1,6.89611E+20,5.33474E+21,1.15487E+16,4.81376E+16
177993,9.17071E+18,9,1,62,0,2017,7,14,6,3,5,3,0,1,0,0,0,0,0,6.8745E+20,5.33605E+21,1.15203E+16,4.815E+16
177994,9.17071E+18,9,1,62,0,2017,7,9,6,3,2,6,0,1,0,0,1,0,0,6.86665E+20,5.3382E+21,1.15107E+16,4.81697E+16
177995,9.17071E+18,9,1,62,0,2017,7,8,6,3,5,3,1,0,0,1,0,0,0,6.86716E+20,5.33851E+21,1.15115E+16,4.81724E+16
177996,9.17071E+18,9,1,62,0,2017,7,16,6,3,5,3,0,1,0,1,0,0,0,6.86398E+20,5.33754E+21,1.15068E+16,4.81637E+16
177997,9.17071E+18,9,1,62,0,2017,7,15,6,3,1,7,0,1,0,0,0,0,0,6.87956E+20,5.33819E+21,1.1528E+16,4.81691E+16
177998,9.17071E+18,9,1,62,0,2017,7,22,6,3,6,4,0,1,1,0,0,2,1,6.9051E+20,5.33506E+21,1.15609E+16,4.81402E+16
177999,9.17071E+18,9,1,62,0,2017,7,15,6,3,5,3,1,1,0,0,0,0,0,6.91078E+20,5.33464E+21,1.15684E+16,4.81363E+16
178000,9.17071E+18,9,1,62,0,2017,7,7,6,2,4,6,0,1,0,0,0,0,0,6.79221E+20,5.33447E+21,1.14091E+16,4.81382E+16
178001,9.17071E+18,9,1,62,0,2017,7,12,6,3,5,3,0,1,0,1,0,0,0,6.91472E+20,5.34035E+21,1.15762E+16,4.81875E+16
178002,9.17071E+18,9,1,62,0,2017,7,22,6,3,5,3,1,1,0,0,0,2,1,7.00104E+20,5.33264E+21,1.16886E+16,4.81156E+16
178003,9.17071E+18,9,3,62,0,2017,7,10,6,3,3,2,1,0,0,1,0,0,0,7.23585E+20,5.4332E+21,1.20577E+16,4.90111E+16
178004,9.17071E+18,9,3,62,0,2017,7,14,6,3,2,6,0,1,0,0,0,0,0,7.24534E+20,5.43099E+21,1.20695E+16,4.89909E+16
178005,9.17071E+18,9,3,73,147,2017,7,11,6,3,4,6,1,0,0,0,0,0,0,6.78779E+20,5.46126E+21,1.14581E+16,4.92779E+16
178006,9.17071E+18,9,3,72,116,2017,7,12,6,3,0,1,0,0,0,1,0,0,0,7.66418E+20,5.45645E+21,1.26577E+16,4.92028E+16
178007,9.17071E+18,9,3,71,146,2017,7,5,6,3,0,7,0,1,0,0,0,0,0,7.106E+20,5.46753E+21,1.18984E+16,4.93241E+16
178008,9.17071E+18,9,5,73,134,2017,7,7,6,3,5,3,1,1,0,0,0,0,0,6.41702E+20,5.47842E+21,1.09548E+16,4.94419E+16
178009,9.17071E+18,9,2,63,0,2017,7,10,6,3,0,1,1,1,0,0,0,0,0,7.61925E+20,5.42051E+21,1.25729E+16,4.88821E+16
178010,9.17071E+18,9,2,77,116,2017,7,15,6,3,8,7,0,0,0,1,0,0,0,7.78606E+20,5.36895E+21,1.27653E+16,4.8412E+16
178011,9.17071E+18,9,5,77,138,2017,7,21,6,2,8,1,0,1,0,0,0,2,0,6.29017E+20,5.44847E+21,1.07702E+16,4.91755E+16
178012,9.17071E+18,9,5,75,145,2017,7,12,6,2,8,1,0,0,0,1,0,0,0,6.1716E+20,5.48515E+21,1.06183E+16,4.95076E+16
178013,9.17071E+18,9,2,61,0,2017,7,13,6,3,4,6,1,0,0,0,0,0,0,7.32408E+20,5.38127E+21,1.21489E+16,4.85414E+16
178014,9.17071E+18,9,4,64,0,2017,7,8,6,3,1,7,0,0,0,1,1,0,0,7.07904E+20,5.57687E+21,1.19198E+16,5.03073E+16
178015,9.17071E+18,9,2,73,137,2017,7,15,6,3,5,6,0,1,0,1,0,0,0,7.12887E+20,5.4208E+21,1.19051E+16,4.89035E+16
178016,9.17071E+18,9,4,64,0,2017,7,14,6,3,0,3,1,1,0,0,0,0,0,7.07502E+20,5.57696E+21,1.19143E+16,5.03082E+16
178017,9.17071E+18,9,4,76,175,2017,7,10,6,3,2,6,0,1,0,0,0,0,0,6.6826E+20,5.59013E+21,1.13696E+16,5.0439E+16
178018,9.17071E+18,9,4,63,0,2017,7,18,6,3,1,1,1,1,0,0,0,0,0,6.3744E+20,5.57211E+21,1.09293E+16,5.02851E+16
178019,9.17071E+18,9,4,63,0,2017,7,16,6,3,1,3,1,1,0,0,0,0,0,6.39021E+20,5.57031E+21,1.09508E+16,5.02685E+16
178020,9.17071E+18,9,4,72,164,2017,7,8,6,2,5,3,0,1,0,1,0,0,0,7.05723E+20,5.53954E+21,1.18691E+16,4.99727E+16
178021,9.17071E+18,9,4,61,0,2017,7,8,6,3,0,7,1,0,0,0,0,0,0,6.36429E+20,5.52951E+21,1.08999E+16,4.99024E+16
178022,9.17071E+18,9,4,61,0,2017,7,22,6,3,5,3,1,0,0,0,0,2,1,6.36119E+20,5.52828E+21,1.08951E+16,4.98914E+16
178023,9.17071E+18,9,3,72,154,2017,7,16,6,3,0,1,0,0,0,1,0,0,0,7.57952E+20,5.46814E+21,1.25492E+16,4.93115E+16
178024,9.17071E+18,9,1,90,140,2017,7,16,6,3,6,6,1,0,1,0,0,0,0,6.44003E+20,5.2955E+21,1.09229E+16,4.77967E+16
178025,9.17071E+18,9,1,90,140,2017,7,8,6,3,5,3,0,1,0,0,0,0,1,6.44881E+20,5.2954E+21,1.09346E+16,4.77956E+16
178026,9.17071E+18,9,1,73,126,2017,7,9,6,2,0,1,0,0,0,1,0,0,1,6.85166E+20,5.30244E+21,1.14751E+16,4.78486E+16
178027,9.17071E+18,9,1,83,148,2017,7,4,6,3,0,7,1,0,0,0,0,1,0,7.5284E+20,5.34597E+21,1.2404E+16,4.82166E+16
178028,9.17071E+18,9,1,71,112,2017,7,6,6,3,4,2,1,1,0,0,0,0,0,7.84563E+20,5.34266E+21,1.28279E+16,4.81734E+16
178029,9.17071E+18,9,1,63,0,2017,7,7,6,3,5,3,1,1,0,0,0,0,0,7.33324E+20,5.30582E+21,1.21198E+16,4.78633E+16
178030,9.17071E+18,9,1,63,0,2017,7,9,6,3,3,2,1,0,0,0,0,0,1,7.31437E+20,5.30418E+21,1.20937E+16,4.78492E+16
178031,9.17071E+18,9,1,82,125,2017,7,14,6,3,0,7,1,0,0,0,0,0,0,7.12242E+20,5.29647E+21,1.18337E+16,4.77866E+16
178032,9.17071E+18,9,1,87,122,2017,7,16,6,3,5,3,0,1,0,1,0,0,1,7.18008E+20,5.31001E+21,1.19174E+16,4.79063E+16
178033,9.17071E+18,9,1,86,137,2017,7,18,6,3,0,2,1,1,0,0,0,0,1,6.81863E+20,5.39803E+21,1.14721E+16,4.87088E+16
178034,9.17071E+18,9,1,85,149,2017,7,9,6,2,0,6,1,1,0,0,0,0,0,6.60946E+20,5.40049E+21,1.1189E+16,4.87366E+16
178035,9.17071E+18,9,1,61,0,2017,7,7,6,3,5,3,1,0,0,0,1,0,0,6.76714E+20,5.40834E+21,1.14066E+16,4.8803E+16
178036,9.17071E+18,9,1,79,142,2017,7,18,6,2,8,1,0,1,0,0,0,0,1,6.7297E+20,5.34287E+21,1.13286E+16,4.82155E+16
178037,9.17071E+18,9,1,79,142,2017,7,15,6,3,2,6,0,1,0,0,0,0,0,6.73053E+20,5.34103E+21,1.13289E+16,4.81989E+16
178038,9.17071E+18,9,1,81,130,2017,7,16,6,2,0,7,0,0,0,0,1,0,0,6.38735E+20,5.32503E+21,1.08621E+16,4.80635E+16
178039,9.17071E+18,9,1,88,132,2017,7,20,6,3,5,3,0,1,0,0,0,0,1,6.65066E+20,5.32256E+21,1.12144E+16,4.8035E+16
178040,9.17071E+18,9,1,79,121,2017,7,13,6,3,4,6,1,0,0,0,0,0,0,6.672E+20,5.33779E+21,1.12489E+16,4.81713E+16
178041,9.17071E+18,9,1,79,121,2017,7,18,6,3,5,2,1,1,0,0,0,0,0,6.66549E+20,5.339E+21,1.12407E+16,4.81824E+16
178042,9.17071E+18,9,1,74,115,2017,7,9,6,3,6,4,0,1,1,0,0,0,0,6.8133E+20,5.34747E+21,1.1443E+16,4.82545E+16
178043,9.17071E+18,9,1,75,127,2017,7,22,6,3,8,1,0,1,0,0,0,2,1,7.11632E+20,5.34081E+21,1.18474E+16,4.81852E+16
178044,9.17071E+18,9,1,75,139,2017,7,19,6,3,6,4,0,1,1,0,0,0,1,7.10225E+20,5.32945E+21,1.18229E+16,4.80837E+16
178045,9.17071E+18,9,1,62,0,2017,7,9,5,3,2,6,1,1,0,0,0,0,0,6.90855E+20,5.33607E+21,1.1566E+16,4.81493E+16
178046,9.17071E+18,9,1,62,0,2017,7,13,5,3,5,3,1,1,0,0,0,0,0,6.85166E+20,5.33768E+21,1.14903E+16,4.81654E+16
178047,9.17071E+18,9,1,62,0,2017,7,22,5,3,2,6,0,1,0,1,0,2,0,6.88401E+20,5.33642E+21,1.15332E+16,4.81531E+16
178048,9.17071E+18,9,1,62,0,2017,7,19,5,3,3,2,1,0,0,1,0,0,0,6.87349E+20,5.33494E+21,1.15185E+16,4.81401E+16
178049,9.17071E+18,9,1,62,0,2017,7,13,5,3,0,7,1,0,0,0,0,0,0,6.91101E+20,5.33409E+21,1.15684E+16,4.81314E+16
178050,9.17071E+18,9,1,62,0,2017,7,12,5,3,6,4,1,0,1,0,0,0,0,6.91141E+20,5.33567E+21,1.15697E+16,4.81455E+16
178051,9.17071E+18,9,1,62,0,2017,7,18,5,3,3,6,0,0,0,1,0,0,0,6.89282E+20,5.33101E+21,1.15427E+16,4.81042E+16
178052,9.17071E+18,9,1,62,0,2017,7,18,5,3,3,7,0,1,0,1,0,0,0,6.80468E+20,5.33464E+21,1.14259E+16,4.81394E+16
178053,9.17071E+18,9,1,62,0,2017,7,9,5,3,5,2,1,1,0,0,0,0,0,6.92275E+20,5.3419E+21,1.15877E+16,4.82012E+16
178054,9.17071E+18,9,1,62,0,2017,7,11,5,3,6,4,0,1,1,0,0,0,0,6.91429E+20,5.3364E+21,1.15739E+16,4.8152E+16
178055,9.17071E+18,9,1,84,136,2017,7,19,5,2,5,3,1,1,0,0,0,0,0,6.97642E+20,5.32633E+21,1.16527E+16,4.80596E+16
178056,9.17071E+18,9,1,62,0,2017,7,18,5,3,4,2,1,1,0,0,0,0,0,6.9695E+20,5.33417E+21,1.1647E+16,4.81303E+16
178057,9.17071E+18,9,1,62,0,2017,7,17,5,3,5,3,0,1,0,0,1,0,0,6.9019E+20,5.33374E+21,1.15561E+16,4.81284E+16
178058,9.17071E+18,9,1,62,0,2017,7,13,5,3,5,3,1,0,0,0,0,0,0,6.98179E+20,5.33599E+21,1.16644E+16,4.81462E+16
178059,9.17071E+18,9,1,84,120,2017,7,10,5,3,0,6,1,0,1,0,0,0,0,6.81071E+20,5.33183E+21,1.14328E+16,4.8114E+16
178060,9.17071E+18,9,1,62,0,2017,7,11,5,3,5,3,1,1,0,0,0,0,0,6.78789E+20,5.33898E+21,1.14052E+16,4.81789E+16
178061,9.17071E+18,9,1,62,0,2017,7,8,5,3,3,2,1,1,0,0,0,0,0,6.92771E+20,5.33234E+21,1.15901E+16,4.81151E+16
178062,9.17071E+18,9,7,74,143,2017,7,10,5,3,0,1,1,0,0,0,0,0,0,5.96638E+20,5.36039E+21,1.03054E+16,4.83893E+16
178063,9.17071E+18,9,7,80,143,2017,7,19,5,3,5,3,1,1,0,0,0,0,0,5.9784E+20,5.2808E+21,1.03034E+16,4.76731E+16
178064,9.17071E+18,9,7,76,114,2017,7,9,5,3,0,1,1,0,0,0,0,0,0,5.65914E+20,5.27559E+21,9.87737E+15,4.76303E+16
178065,9.17071E+18,9,7,79,194,2017,7,11,5,3,5,3,1,1,0,0,0,0,0,6.10345E+20,5.41093E+21,1.05039E+16,4.88415E+16
178066,9.17071E+18,9,7,79,131,2017,7,17,5,3,5,3,1,1,0,0,0,0,0,6.29547E+20,5.39725E+21,1.07612E+16,4.87148E+16
178067,9.17071E+18,9,7,72,223,2017,7,17,5,3,0,7,1,0,0,0,0,0,0,6.24566E+20,5.3636E+21,1.06834E+16,4.84132E+16
178068,9.17071E+18,9,7,61,0,2017,7,18,5,3,0,1,1,1,0,0,0,0,0,6.41221E+20,5.35219E+21,1.09045E+16,4.83071E+16
178069,9.17071E+18,9,7,61,0,2017,7,13,5,3,5,2,1,0,0,0,1,0,0,6.41512E+20,5.35821E+21,1.09105E+16,4.83612E+16