OBJECTID,UIDENTSTLA,ULAND,UREGBEZ,UKREIS,UGEMEINDE,UJAHR,UMONAT,USTUNDE,UWOCHENTAG,UKATEGORIE,UART,UTYP1,IstRad,IstPKW,IstFuss,IstKrad,IstSonstig,LICHT,STRZUSTAND,LINREFX,LINREFY,XGCSWGS84,YGCSWGS84
178242,9.17071E+18,9,1,62,0,2017,7,12,3,3,1,6,0,1,0,1,0,0,0,6.9325E+20,5.33146E+21,1.15961E+16,4.8107E+16
178243,9.17071E+18,9,1,62,0,2017,7,21,3,3,0,7,1,0,0,0,0,2,0,6.91751E+20,5.33541E+21,1.15778E+16,4.8143E+16
178244,9.17071E+18,9,1,62,0,2017,7,14,3,3,2,6,0,1,0,0,0,0,0,6.90145E+20,5.33474E+21,1.15559E+16,4.81375E+16
178245,9.17071E+18,9,7,75,135,2017,7,18,3,3,5,3,1,1,0,0,0,0,0,5.74241E+20,5.35998E+21,1.00028E+16,4.83886E+16
178246,9.17071E+18,9,7,75,135,2017,7,10,3,2,5,3,0,1,0,1,0,0,0,5.74281E+20,5.35969E+21,1.00033E+16,4.8386E+16
178247,9.17071E+18,9,7,64,0,2017,7,16,3,3,2,6,0,1,0,0,0,0,1,5.88459E+20,5.31492E+21,1.01854E+16,4.79815E+16
178248,9.17071E+18,9,7,63,0,2017,7,12,3,3,8,1,1,0,0,0,0,0,0,5.97753E+20,5.28568E+21,1.03033E+16,4.77171E+16
178249,9.17071E+18,9,7,80,139,2017,7,9,3,3,3,2,1,1,0,0,0,0,0,5.9791E+20,5.2628E+21,1.03003E+16,4.75112E+16
178250,9.17071E+18,9,7,76,116,2017,7,8,3,2,5,2,1,1,0,0,0,0,0,5.50731E+20,5.26747E+21,9.67435E+15,4.75587E+16
178251,9.17071E+18,9,7,62,0,2017,7,8,3,3,5,3,0,1,0,0,0,0,0,6.2323E+20,5.30779E+21,1.06492E+16,4.79116E+16
178252,9.17071E+18,9,7,77,129,2017,7,21,3,3,3,3,1,1,0,0,0,2,0,6.27813E+20,5.26988E+21,1.06994E+16,4.75698E+16
178253,9.17071E+18,9,7,77,169,2017,7,15,3,2,7,6,1,0,0,0,0,0,0,6.28926E+20,5.26968E+21,1.07141E+16,4.75677E+16
178254,9.17071E+18,9,7,73,144,2017,7,18,3,2,0,1,0,0,0,1,0,0,0,6.05427E+20,5.38056E+21,1.04291E+16,4.85693E+16
178255,9.17071E+18,9,7,61,0,2017,7,12,3,3,5,3,1,1,0,0,0,0,0,6.38664E+20,5.36056E+21,1.08728E+16,4.83829E+16
178256,9.17071E+18,9,7,61,0,2017,7,21,3,3,0,1,1,0,0,0,0,2,1,6.37431E+20,5.36078E+21,1.08563E+16,4.83852E+16
178257,9.17071E+18,9,7,72,163,2017,7,14,3,3,0,1,1,0,0,0,0,0,0,6.3971E+20,5.34654E+21,1.08823E+16,4.82567E+16
178258,9.17071E+18,9,7,61,0,2017,7,17,3,3,2,6,1,1,0,0,0,0,0,6.38917E+20,5.35848E+21,1.08755E+16,4.83642E+16
178259,9.17071E+18,9,7,61,0,2017,7,21,3,3,5,3,0,1,0,0,0,2,0,6.38307E+20,5.35826E+21,1.08672E+16,4.83624E+16
178260,9.17071E+18,9,7,61,0,2017,7,12,3,3,1,6,1,1,0,0,0,0,0,6.38055E+20,5.3582E+21,1.08638E+16,4.83619E+16
178261,9.17071E+18,9,7,61,0,2017,7,13,3,3,5,3,1,0,0,1,0,0,0,6.39289E+20,5.36212E+21,1.08818E+16,4.83968E+16
178262,9.17071E+18,9,7,61,0,2017,7,20,3,3,2,6,0,1,0,0,0,0,0,6.3929E+20,5.36152E+21,1.08816E+16,4.83915E+16
178263,9.17071E+18,9,7,61,0,2017,7,14,3,3,5,2,1,1,0,0,0,0,0,6.39664E+20,5.35745E+21,1.08853E+16,4.83548E+16
178264,9.17071E+18,9,6,63,0,2017,7,11,3,2,2,6,0,1,0,1,0,0,0,5.6608E+20,5.51688E+21,9.91826E+15,4.98008E+16
178265,9.17071E+18,9,6,72,121,2017,7,17,3,3,5,3,0,1,0,0,1,0,0,5.67983E+20,5.55307E+21,9.95109E+15,5.0126E+16
178266,9.17071E+18,9,6,71,155,2017,7,17,3,3,9,7,1,0,0,0,1,0,0,5.06437E+20,5.53457E+21,9.08975E+15,4.99635E+16
178267,9.17071E+18,9,6,71,126,2017,7,7,3,2,8,1,1,0,0,0,0,0,1,5.26875E+20,5.54179E+21,9.37521E+15,5.00278E+16
178268,9.17071E+18,9,6,61,0,2017,7,14,3,3,0,7,1,0,0,0,0,0,0,5.09817E+20,5.53721E+21,9.13694E+15,4.99872E+16
178269,9.17071E+18,9,5,62,0,2017,7,13,3,3,1,5,0,1,0,1,0,0,0,6.42314E+20,5.49519E+21,1.09692E+16,4.95925E+16
178270,9.17071E+18,9,5,62,0,2017,7,12,3,3,0,6,1,0,0,0,1,0,0,6.47759E+20,5.4961E+21,1.10449E+16,4.95994E+16
178271,9.17071E+18,9,5,62,0,2017,7,12,3,3,0,7,1,0,0,0,0,0,1,6.45804E+20,5.49536E+21,1.10176E+16,4.95932E+16
178272,9.17071E+18,9,5,76,151,2017,7,17,3,3,5,3,1,1,0,0,0,0,0,6.57524E+20,5.47007E+21,1.11695E+16,4.93629E+16
178273,9.17071E+18,9,5,63,0,2017,7,7,3,3,6,2,0,1,1,0,0,0,0,6.44872E+20,5.48324E+21,1.10002E+16,4.94845E+16
178274,9.17071E+18,9,5,64,0,2017,7,17,3,3,5,2,0,1,0,0,0,0,0,6.513E+20,5.47755E+21,1.10867E+16,4.94318E+16
178275,9.17072E+18,9,1,62,0,2017,7,19,2,3,2,6,0,1,0,1,0,0,0,6.92583E+20,5.33418E+21,1.15884E+16,4.81317E+16
178276,9.17072E+18,9,1,62,0,2017,7,18,2,3,5,3,1,1,0,0,0,0,0,6.91036E+20,5.33701E+21,1.15689E+16,4.81576E+16
178277,9.17072E+18,9,1,62,0,2017,7,16,2,3,2,2,0,0,0,1,1,0,0,6.89482E+20,5.33492E+21,1.15471E+16,4.81393E+16
178278,9.17072E+18,9,1,62,0,2017,7,8,2,3,5,2,1,1,0,0,0,0,0,6.92232E+20,5.3355E+21,1.15843E+16,4.81436E+16
178279,9.17072E+18,9,1,62,0,2017,7,9,2,3,4,7,1,0,1,0,0,0,0,6.91556E+20,5.33442E+21,1.15747E+16,4.81342E+16
178280,9.17072E+18,9,1,62,0,2017,7,14,2,3,6,4,0,0,1,0,1,0,0,6.97946E+20,5.33293E+21,1.16598E+16,4.81189E+16
178281,9.17072E+18,9,1,62,0,2017,7,9,2,3,3,5,1,1,0,0,0,0,0,6.91915E+20,5.33241E+21,1.15786E+16,4.8116E+16
178282,9.17072E+18,9,1,62,0,2017,7,16,2,3,4,6,1,0,0,0,0,0,0,6.92349E+20,5.33552E+21,1.15858E+16,4.81439E+16
178283,9.17072E+18,9,1,62,0,2017,7,15,2,3,3,6,0,1,0,0,1,0,0,6.91171E+20,5.33519E+21,1.15699E+16,4.81412E+16
178284,9.17072E+18,9,1,62,0,2017,7,12,2,3,0,7,0,0,0,1,1,0,1,6.92248E+20,5.33507E+21,1.15843E+16,4.81398E+16
178285,9.17072E+18,9,1,62,0,2017,7,13,2,3,3,6,1,1,0,0,0,0,0,6.90714E+20,5.33875E+21,1.15653E+16,4.81734E+16
178286,9.17072E+18,9,1,62,0,2017,7,18,2,2,6,4,0,0,1,0,1,0,0,6.93882E+20,5.33135E+21,1.16045E+16,4.81059E+16
178287,9.17072E+18,9,1,62,0,2017,7,18,2,3,6,4,0,1,1,0,0,0,0,6.90454E+20,5.33479E+21,1.15601E+16,4.81378E+16
178288,9.17072E+18,9,1,62,0,2017,7,13,2,3,4,2,1,1,0,0,0,0,0,6.95508E+20,5.33732E+21,1.16291E+16,4.8159E+16
178289,9.17072E+18,9,1,62,0,2017,7,4,2,3,8,1,0,1,0,0,0,2,0,6.90359E+20,5.3439E+21,1.15629E+16,4.82198E+16
178290,9.17072E+18,9,1,62,0,2017,7,8,2,3,0,5,1,1,0,0,0,0,0,6.92425E+20,5.33304E+21,1.15857E+16,4.81215E+16
178291,9.17072E+18,9,1,62,0,2017,7,7,2,3,3,6,0,1,0,0,1,0,0,6.92093E+20,5.34043E+21,1.15846E+16,4.81881E+16
178292,9.17072E+18,9,1,62,0,2017,7,19,2,3,0,7,1,1,0,0,0,0,0,6.83094E+20,5.33721E+21,1.14623E+16,4.81617E+16
178293,9.17072E+18,9,1,84,136,2017,7,8,2,3,0,3,0,1,0,1,0,0,0,6.98602E+20,5.32635E+21,1.16656E+16,4.80595E+16
178294,9.17072E+18,9,1,62,0,2017,7,10,2,3,0,7,1,0,0,0,0,0,0,6.98129E+20,5.3334E+21,1.16625E+16,4.8123E+16
178295,9.17072E+18,9,1,62,0,2017,7,6,2,3,5,7,0,1,0,0,0,0,0,6.96788E+20,5.32929E+21,1.16426E+16,4.80865E+16
178296,9.17072E+18,9,1,62,0,2017,7,15,2,3,0,1,1,0,0,0,0,0,0,6.91485E+20,5.33734E+21,1.15751E+16,4.81604E+16
178297,9.17072E+18,9,1,62,0,2017,7,8,2,3,0,1,1,0,0,0,0,0,0,6.92082E+20,5.33655E+21,1.15827E+16,4.81531E+16
178298,9.17072E+18,9,1,62,0,2017,7,23,2,3,5,6,1,1,0,0,0,2,0,6.91824E+20,5.33566E+21,1.15789E+16,4.81453E+16
178299,9.17072E+18,9,7,64,0,2017,7,11,2,3,0,1,1,0,0,0,0,0,0,5.86913E+20,5.31338E+21,1.01644E+16,4.79679E+16
178300,9.17072E+18,9,7,74,135,2017,7,17,2,3,5,3,0,1,0,1,0,0,0,5.94516E+20,5.36737E+21,1.02783E+16,4.84524E+16
178301,9.17072E+18,9,7,74,135,2017,7,19,2,3,5,3,1,0,0,0,1,0,0,5.95482E+20,5.36557E+21,1.02909E+16,4.8436E+16
178302,9.17072E+18,9,7,78,116,2017,7,17,2,3,0,1,1,0,0,0,0,0,0,6.1926E+20,5.31801E+21,1.05989E+16,4.80043E+16
178303,9.17072E+18,9,7,77,165,2017,7,15,2,2,5,3,0,1,0,0,0,0,0,6.06131E+20,5.30639E+21,1.04201E+16,4.79021E+16
178304,9.17072E+18,9,7,77,121,2017,7,23,2,2,8,1,1,0,0,0,0,2,0,6.29073E+20,5.32237E+21,1.07317E+16,4.80416E+16
178305,9.17072E+18,9,7,79,194,2017,7,12,2,3,6,7,0,1,1,0,0,0,0,6.09275E+20,5.41186E+21,1.04896E+16,4.88501E+16
178306,9.17072E+18,9,7,79,186,2017,7,11,2,3,8,7,0,0,0,1,0,0,0,6.36639E+20,5.41176E+21,1.08623E+16,4.88438E+16
178307,9.17072E+18,9,7,79,131,2017,7,7,2,3,2,6,0,1,0,0,0,0,0,6.30692E+20,5.39779E+21,1.07769E+16,4.87194E+16
178308,9.17072E+18,9,7,72,177,2017,7,14,2,3,5,3,1,1,0,0,0,0,0,6.36694E+20,5.3798E+21,1.08525E+16,4.85564E+16
178309,9.17072E+18,9,7,72,202,2017,7,17,2,3,0,1,1,0,0,0,0,0,0,6.36391E+20,5.35751E+21,1.08411E+16,4.8356E+16
178310,9.17072E+18,9,7,61,0,2017,7,15,2,3,1,7,0,1,0,0,0,0,0,6.3724E+20,5.36016E+21,1.08535E+16,4.83797E+16
178311,9.17072E+18,9,7,61,0,2017,7,9,2,3,5,3,1,1,0,0,0,0,0,6.37903E+20,5.36074E+21,1.08626E+16,4.83848E+16
178312,9.17072E+18,9,7,61,0,2017,7,17,2,3,0,1,1,0,0,0,0,0,0,6.38768E+20,5.3604E+21,1.08742E+16,4.83815E+16
178313,9.17072E+18,9,7,61,0,2017,7,10,2,3,5,3,1,1,0,0,0,0,0,6.44049E+20,5.35755E+21,1.09445E+16,4.83547E+16
178314,9.17072E+18,9,7,61,0,2017,7,15,2,3,5,3,1,1,0,0,0,0,0,6.38764E+20,5.35723E+21,1.08731E+16,4.8353E+16
178315,9.17072E+18,9,7,61,0,2017,7,12,2,3,6,6,1,1,1,0,0,0,0,6.40461E+20,5.35825E+21,1.08963E+16,4.83618E+16
178316,9.17072E+18,9,6,75,149,2017,7,23,2,2,1,1,0,1,0,0,0,2,0,5.81761E+20,5.5056E+21,1.01338E+16,4.96973E+16
178317,9.17072E+18,9,6,75,174,2017,7,11,2,2,4,1,0,1,0,0,1,0,0,5.90894E+20,5.52446E+21,1.02648E+16,4.98656E+16
178318,9.17072E+18,9,6,62,0,2017,7,14,2,3,0,6,0,1,0,0,1,0,0,5.87483E+20,5.54376E+21,1.02217E+16,5.00397E+16
178319,9.17072E+18,9,6,62,0,2017,7,14,2,3,0,7,0,0,0,1,0,0,0,5.87661E+20,5.54493E+21,1.02245E+16,5.00502E+16
178320,9.17072E+18,9,6,76,134,2017,7,0,2,2,8,1,0,0,0,1,0,2,0,5.13405E+20,5.51266E+21,9.18614E+15,4.97663E+16
178321,9.17072E+18,9,6,61,0,2017,7,12,2,3,2,6,0,1,0,0,0,0,0,5.07039E+20,5.53252E+21,9.09811E+15,4.9945E+16
178322,9.17072E+18,9,5,65,0,2017,7,12,2,3,0,7,1,0,0,0,0,0,0,6.4863E+20,5.46741E+21,1.10461E+16,4.93413E+16
178323,9.17072E+18,9,5,64,0,2017,7,12,2,3,5,3,1,0,0,0,0,0,0,6.45761E+20,5.48035E+21,1.10114E+16,4.94583E+16
178324,9.17072E+18,9,5,64,0,2017,7,21,2,3,3,2,1,1,0,0,0,0,0,6.48992E+20,5.47853E+21,1.10553E+16,4.94412E+16
178325,9.17072E+18,9,5,64,0,2017,7,12,2,2,6,2,0,1,1,0,0,0,0,6.48916E+20,5.47967E+21,1.10547E+16,4.94515E+16
178326,9.17072E+18,9,5,64,0,2017,7,7,2,3,5,3,0,1,0,1,0,0,0,6.46708E+20,5.48084E+21,1.10247E+16,4.94625E+16
178327,9.17072E+18,9,5,64,0,2017,7,14,2,3,2,6,0,1,0,0,0,0,0,6.45176E+20,5.47945E+21,1.1003E+16,4.94504E+16
178328,9.17072E+18,9,5,64,0,2017,7,12,2,3,2,6,0,1,0,0,0,0,0,6.48534E+20,5.47982E+21,1.10495E+16,4.94528E+16
178329,9.17072E+18,9,5,64,0,2017,7,7,2,3,5,3,0,1,0,0,0,0,0,6.50822E+20,5.47547E+21,1.10794E+16,4.94132E+16
178330,9.17072E+18,9,5,64,0,2017,7,7,2,3,4,6,1,0,0,0,0,0,0,6.55061E+20,5.47513E+21,1.11376E+16,4.94091E+16
178331,9.17072E+18,9,5,75,112,2017,7,15,2,2,5,3,1,1,0,0,0,0,0,6.01425E+20,5.4837E+21,1.04007E+16,4.94974E+16
178332,9.17072E+18,9,4,75,154,2017,7,18,2,3,0,3,1,1,0,0,0,0,1,6.9934E+20,5.56352E+21,1.17927E+16,5.01903E+16
178333,9.17072E+18,9,4,73,159,2017,7,16,2,2,4,6,1,1,0,0,0,0,0,6.44615E+20,5.57274E+21,1.10301E+16,5.02891E+16
178334,9.17072E+18,9,4,74,126,2017,7,15,2,3,2,7,0,1,0,0,0,0,0,6.49624E+20,5.50914E+21,1.10756E+16,4.97162E+16
178335,9.17072E+18,9,4,71,159,2017,7,18,2,3,5,3,1,1,0,0,0,0,0,6.40825E+20,5.53293E+21,1.09623E+16,4.99321E+16
178336,9.17072E+18,9,3,74,137,2017,7,17,2,3,2,2,0,1,0,1,0,0,0,7.46217E+20,5.49878E+21,1.24071E+16,4.95914E+16
178337,9.17072E+18,9,3,77,159,2017,7,22,2,3,0,1,0,0,0,1,0,2,0,7.27905E+20,5.53447E+21,1.2175E+16,4.99191E+16
178338,9.17072E+18,9,3,75,120,2017,7,6,2,2,7,7,0,0,1,1,0,0,0,7.48059E+20,5.44281E+21,1.23977E+16,4.90881E+16
178339,9.17072E+18,9,3,75,170,2017,7,19,2,3,5,3,0,1,0,1,0,0,0,7.37433E+20,5.42761E+21,1.22435E+16,4.89558E+16
178340,9.17072E+18,9,3,62,0,2017,7,13,2,3,0,7,0,1,1,0,0,0,0,7.24186E+20,5.43383E+21,1.20663E+16,4.90165E+16
178341,9.17072E+18,9,3,73,147,2017,7,12,2,3,3,6,1,1,0,0,0,0,0,6.79281E+20,5.46074E+21,1.14647E+16,4.92731E+16
178342,9.17072E+18,9,3,72,168,2017,7,12,2,3,8,1,0,1,0,0,0,0,0,7.67894E+20,5.46446E+21,1.26833E+16,4.92741E+16
178343,9.17072E+18,9,3,76,161,2017,7,10,2,3,9,1,0,1,0,0,0,0,0,7.24449E+20,5.46859E+21,1.20893E+16,4.93287E+16
178344,9.17072E+18,9,3,76,175,2017,7,4,2,2,9,6,0,1,0,1,0,1,0,7.34301E+20,5.46787E+21,1.22242E+16,4.93185E+16
178345,9.17072E+18,9,3,76,161,2017,7,12,2,3,5,3,0,1,0,0,0,0,0,7.26458E+20,5.4681E+21,1.21166E+16,4.93236E+16
178346,9.17072E+18,9,3,76,119,2017,7,16,2,3,0,7,1,0,0,0,0,0,0,7.21558E+20,5.45352E+21,1.20412E+16,4.91944E+16
178347,9.17072E+18,9,3,61,0,2017,7,15,2,3,5,3,1,1,0,0,0,0,0,7.06684E+20,5.48067E+21,1.18514E+16,4.94435E+16
178348,9.17072E+18,9,3,71,127,2017,7,9,2,3,7,7,1,0,0,0,1,0,0,7.12E+20,5.49241E+21,1.19309E+16,4.95471E+16
178349,9.17072E+18,9,2,76,148,2017,7,13,2,2,8,7,0,1,0,0,0,0,0,8.09506E+20,5.4377E+21,1.32333E+16,4.90145E+16
178350,9.17072E+18,9,2,76,138,2017,7,15,2,3,5,2,0,1,0,0,1,0,0,8.01268E+20,5.43315E+21,1.31176E+16,4.89777E+16
178351,9.17072E+18,9,2,77,154,2017,7,16,2,3,1,1,0,0,0,1,1,0,0,7.85844E+20,5.35889E+21,1.28561E+16,4.83185E+16
178352,9.17072E+18,9,2,77,114,2017,7,14,2,3,0,7,0,0,0,1,0,0,0,7.86756E+20,5.37713E+21,1.28808E+16,4.84818E+16
178353,9.17072E+18,9,2,77,138,2017,7,7,2,3,8,1,0,0,0,1,0,0,0,7.91409E+20,5.37388E+21,1.29413E+16,4.84505E+16
178354,9.17072E+18,9,2,72,151,2017,7,5,2,3,7,7,0,1,0,0,0,0,0,8.425E+20,5.40324E+21,1.36543E+16,4.86881E+16
178355,9.17072E+18,9,2,74,146,2017,7,18,2,2,0,1,1,0,0,0,0,0,0,7.32784E+20,5.37814E+21,1.21522E+16,4.85131E+16
178356,9.17072E+18,9,2,79,112,2017,7,9,2,3,0,7,1,0,0,0,0,0,0,7.57639E+20,5.3925E+21,1.2497E+16,4.86325E+16
178357,9.17072E+18,9,1,90,136,2017,7,16,2,3,0,7,1,0,0,0,1,0,0,6.67544E+20,5.29256E+21,1.12359E+16,4.77646E+16
178358,9.17072E+18,9,1,80,124,2017,7,14,2,2,5,3,1,1,0,0,0,0,0,6.65399E+20,5.28214E+21,1.12034E+16,4.76715E+16
178359,9.17072E+18,9,1,73,126,2017,7,14,2,3,5,3,1,1,0,0,1,0,0,6.85422E+20,5.30372E+21,1.14791E+16,4.78601E+16
178360,9.17072E+18,9,1,80,117,2017,7,10,2,3,3,2,1,1,0,0,0,0,0,6.57249E+20,5.26168E+21,1.10876E+16,4.74896E+16
178361,9.17072E+18,9,1,89,140,2017,7,7,2,3,4,3,1,1,0,0,0,0,0,7.74561E+20,5.29582E+21,1.26637E+16,4.77572E+16
178362,9.17072E+18,9,1,72,116,2017,7,17,2,2,0,4,0,0,1,0,1,0,0,8.00584E+20,5.28305E+21,1.30014E+16,4.7631E+16
178363,9.17072E+18,9,1,71,135,2017,7,22,2,2,0,7,1,0,0,0,0,2,0,7.69046E+20,5.34108E+21,1.26186E+16,4.8166E+16
178364,9.17072E+18,9,1,71,121,2017,7,11,2,3,0,7,1,0,0,0,0,0,0,7.74598E+20,5.34448E+21,1.26953E+16,4.81942E+16
178365,9.17072E+18,9,1,87,167,2017,7,21,2,2,0,1,1,0,0,0,0,1,0,7.42639E+20,5.30496E+21,1.22436E+16,4.78522E+16
178366,9.17072E+18,9,1,63,0,2017,7,7,2,3,6,4,0,1,1,0,0,0,0,7.33556E+20,5.30474E+21,1.21223E+16,4.78535E+16
178367,9.17072E+18,9,1,87,138,2017,7,15,2,3,4,6,0,1,0,0,1,0,0,7.55178E+20,5.30989E+21,1.24139E+16,4.78916E+16
178368,9.17072E+18,9,1,87,156,2017,7,16,2,3,5,7,1,1,0,0,0,0,0,7.35263E+20,5.29238E+21,1.21384E+16,4.77418E+16
178369,9.17072E+18,9,1,61,0,2017,7,12,2,3,0,1,1,0,0,0,0,0,0,6.78618E+20,5.40173E+21,1.14297E+16,4.87429E+16
178370,9.17072E+18,9,1,61,0,2017,7,5,2,3,5,3,1,0,0,0,0,0,0,6.78972E+20,5.40707E+21,1.14368E+16,4.87909E+16
178371,9.17072E+18,9,1,86,149,2017,7,17,2,2,5,3,1,0,0,0,1,0,0,6.89042E+20,5.38679E+21,1.15645E+16,4.86056E+16
178372,9.17072E+18,9,1,86,122,2017,7,17,2,3,5,3,0,1,0,0,0,0,0,6.92023E+20,5.39579E+21,1.16091E+16,4.86856E+16
178373,9.17072E+18,9,1,79,126,2017,7,14,2,3,5,3,1,0,0,1,0,0,0,6.77514E+20,5.3397E+21,1.13883E+16,4.81857E+16
178374,9.17072E+18,9,1,79,125,2017,7,13,2,3,5,7,1,1,0,0,0,0,0,6.61274E+20,5.33236E+21,1.11672E+16,4.81241E+16
178375,9.17072E+18,9,1,81,144,2017,7,7,2,3,5,7,1,1,0,0,0,0,0,6.55607E+20,5.32113E+21,1.1087E+16,4.80245E+16
178376,9.17072E+18,9,1,78,145,2017,7,7,2,3,5,3,1,1,0,0,0,0,0,6.9638E+20,5.35435E+21,1.16487E+16,4.83118E+16
178377,9.17072E+18,9,1,77,117,2017,7,15,2,3,5,3,1,0,0,0,0,0,0,7.15607E+20,5.35516E+21,1.19081E+16,4.83128E+16
178378,9.17072E+18,9,1,75,122,2017,7,13,2,3,6,4,0,1,1,0,0,0,0,7.21477E+20,5.32607E+21,1.1972E+16,4.80495E+16
178379,9.17072E+18,9,1,62,0,2017,7,14,1,3,0,7,0,0,0,0,1,0,0,6.91381E+20,5.33849E+21,1.15742E+16,4.81708E+16
178380,9.17072E+18,9,1,62,0,2017,7,18,1,3,1,6,0,1,0,0,0,0,0,6.90823E+20,5.33514E+21,1.15652E+16,4.81409E+16
178381,9.17072E+18,9,1,62,0,2017,7,19,1,3,1,5,1,0,0,1,0,0,0,6.89664E+20,5.3431E+21,1.15532E+16,4.82128E+16
178382,9.17072E+18,9,1,62,0,2017,7,1,1,3,3,2,0,1,0,1,0,2,0,6.90908E+20,5.33621E+21,1.15668E+16,4.81504E+16
178383,9.17072E+18,9,1,62,0,2017,7,15,1,2,4,2,1,1,0,0,0,0,0,6.94192E+20,5.33432E+21,1.161E+16,4.81325E+16
178384,9.17072E+18,9,1,62,0,2017,7,16,1,2,0,5,1,1,0,0,0,0,0,6.87551E+20,5.34003E+21,1.15234E+16,4.81858E+16
178385,9.17072E+18,9,1,62,0,2017,7,15,1,3,2,6,0,1,0,1,0,0,0,6.98289E+20,5.33321E+21,1.16645E+16,4.81213E+16
178386,9.17072E+18,9,1,62,0,2017,7,22,1,3,0,1,0,0,0,1,0,2,0,6.96178E+20,5.32976E+21,1.16346E+16,4.80909E+16
178387,9.17072E+18,9,1,62,0,2017,7,13,1,3,0,1,1,0,1,0,0,0,0,6.91523E+20,5.33286E+21,1.15736E+16,4.81202E+16
178388,9.17072E+18,9,7,75,139,2017,7,18,1,3,3,7,1,0,0,0,0,0,0,5.83408E+20,5.36704E+21,1.0128E+16,4.84509E+16
178389,9.17072E+18,9,7,74,135,2017,7,21,1,2,0,1,1,0,0,0,0,1,0,5.97007E+20,5.36436E+21,1.03113E+16,4.84249E+16
178390,9.17072E+18,9,7,63,0,2017,7,17,1,2,8,1,0,0,0,1,0,0,0,6.00431E+20,5.28632E+21,1.03392E+16,4.77225E+16
178391,9.17072E+18,9,7,80,124,2017,7,15,1,3,7,7,1,0,0,0,1,0,0,5.89762E+20,5.27544E+21,1.01947E+16,4.76261E+16
178392,9.17072E+18,9,7,80,123,2017,7,15,1,2,8,1,1,0,0,0,0,0,0,6.08439E+20,5.25674E+21,1.04386E+16,4.7455E+16
178393,9.17072E+18,9,7,80,123,2017,7,13,1,3,0,1,1,0,0,0,0,0,0,6.03847E+20,5.26241E+21,1.03791E+16,4.75068E+16
178394,9.17072E+18,9,7,77,151,2017,7,19,1,2,1,1,1,0,0,0,1,0,0,6.21084E+20,5.29295E+21,1.06163E+16,4.77785E+16
178395,9.17072E+18,9,7,72,184,2017,7,8,1,3,5,3,0,1,0,0,0,0,0,6.35845E+20,5.36192E+21,1.08352E+16,4.83958E+16
178396,9.17072E+18,9,7,61,0,2017,7,9,1,3,5,2,1,1,0,0,0,0,0,6.37071E+20,5.36082E+21,1.08514E+16,4.83857E+16
178397,9.17072E+18,9,7,61,0,2017,7,20,1,2,0,1,1,0,0,0,0,0,0,6.41028E+20,5.36124E+21,1.0905E+16,4.83886E+16
178398,9.17072E+18,9,7,61,0,2017,7,20,1,3,0,7,1,0,0,0,0,1,0,6.40718E+20,5.35723E+21,1.08994E+16,4.83526E+16
178399,9.17072E+18,9,6,79,180,2017,7,14,1,3,0,7,0,0,0,1,0,0,0,5.68689E+20,5.52302E+21,9.9556E+15,4.98556E+16
178400,9.17072E+18,9,6,73,142,2017,7,14,1,3,5,3,0,1,0,0,1,0,0,5.92923E+20,5.58738E+21,1.03084E+16,5.04311E+16
178401,9.17072E+18,9,6,78,174,2017,7,19,1,3,0,1,1,0,0,0,0,0,0,5.98351E+20,5.54575E+21,1.0374E+16,5.00559E+16
178402,9.17072E+18,9,6,62,0,2017,7,13,1,3,3,6,0,1,0,1,0,0,0,5.86897E+20,5.54336E+21,1.02134E+16,5.00362E+16
178403,9.17072E+18,9,6,76,145,2017,7,10,1,3,8,1,1,0,0,0,0,0,1,5.10341E+20,5.52175E+21,9.14384E+15,4.98481E+16
178404,9.17072E+18,9,5,74,150,2017,7,14,1,2,0,1,1,0,0,1,0,0,0,6.71909E+20,5.48895E+21,1.13757E+16,4.95288E+16
178405,9.17072E+18,9,5,63,0,2017,7,13,1,3,4,2,0,1,0,0,0,0,0,6.45496E+20,5.48299E+21,1.10087E+16,4.94821E+16
178406,9.17072E+18,9,5,64,0,2017,7,13,1,3,0,1,0,0,0,0,1,0,0,6.52072E+20,5.48199E+21,1.10991E+16,4.94715E+16
178407,9.17072E+18,9,5,64,0,2017,7,3,1,3,7,1,1,0,0,0,0,2,0,6.51213E+20,5.47663E+21,1.10852E+16,4.94236E+16
178408,9.17072E+18,9,5,64,0,2017,7,8,1,3,2,2,1,1,0,0,0,0,0,6.50879E+20,5.47958E+21,1.10817E+16,4.94501E+16
178409,9.17072E+18,9,5,64,0,2017,7,8,1,3,3,7,0,1,0,0,1,0,0,6.51731E+20,5.4794E+21,1.10934E+16,4.94483E+16
178410,9.17072E+18,9,5,64,0,2017,7,19,1,3,6,7,0,1,1,0,0,0,0,6.52753E+20,5.48268E+21,1.11087E+16,4.94776E+16
178411,9.17072E+18,9,5,64,0,2017,7,0,1,3,8,1,0,1,0,0,0,2,0,6.52478E+20,5.48342E+21,1.11052E+16,4.94842E+16
178412,9.17072E+18,9,5,64,0,2017,7,18,1,3,0,1,1,0,0,0,0,0,0,6.50407E+20,5.48029E+21,1.10755E+16,4.94567E+16
178413,9.17072E+18,9,5,64,0,2017,7,18,1,3,0,6,0,1,0,1,0,0,0,6.50391E+20,5.47911E+21,1.10748E+16,4.9446E+16