OBJECTID,UIDENTSTLA,ULAND,UREGBEZ,UKREIS,UGEMEINDE,UJAHR,UMONAT,USTUNDE,UWOCHENTAG,UKATEGORIE,UART,UTYP1,IstRad,IstPKW,IstFuss,IstKrad,IstSonstig,LICHT,STRZUSTAND,LINREFX,LINREFY,XGCSWGS84,YGCSWGS84
178758,9.17072E+18,9,5,62,0,2017,7,17,3,3,6,7,0,1,1,0,0,0,0,6.46069E+20,5.49353E+21,1.10206E+16,4.95768E+16
178759,9.17072E+18,9,5,62,0,2017,7,15,3,3,2,6,0,1,0,0,0,0,0,6.45712E+20,5.49603E+21,1.10165E+16,4.95993E+16
178760,9.17072E+18,9,5,76,151,2017,7,10,3,3,5,3,1,1,0,0,0,0,0,6.54641E+20,5.46791E+21,1.1129E+16,4.93443E+16
178761,9.17072E+18,9,5,74,152,2017,7,15,3,3,4,7,1,1,0,0,0,0,0,6.62551E+20,5.48403E+21,1.12444E+16,4.94871E+16
178762,9.17072E+18,9,5,74,138,2017,7,16,3,3,0,6,1,1,0,0,0,0,0,6.63859E+20,5.48769E+21,1.1264E+16,4.95197E+16
178763,9.17072E+18,9,5,76,127,2017,7,14,3,3,5,3,1,1,0,0,0,0,0,6.59703E+20,5.45067E+21,1.11918E+16,4.9188E+16
178764,9.17072E+18,9,5,64,0,2017,7,16,3,3,0,7,1,0,0,0,0,0,0,6.49352E+20,5.47931E+21,1.10605E+16,4.94481E+16
178765,9.17072E+18,9,5,64,0,2017,7,19,3,2,5,3,1,0,0,0,0,0,0,6.49117E+20,5.47906E+21,1.10572E+16,4.94459E+16
178766,9.17072E+18,9,5,64,0,2017,7,17,3,1,6,4,0,1,1,0,0,0,0,6.51555E+20,5.47829E+21,1.10905E+16,4.94384E+16
178767,9.17072E+18,9,5,64,0,2017,7,14,3,3,5,3,0,1,0,0,0,0,0,6.5159E+20,5.47869E+21,1.10912E+16,4.94419E+16
178768,9.17072E+18,9,5,73,134,2017,7,7,3,3,4,2,0,1,0,1,0,0,0,6.40562E+20,5.47715E+21,1.09386E+16,4.94307E+16
178769,9.17072E+18,9,5,71,166,2017,7,9,3,3,5,7,0,1,0,0,1,0,0,6.09019E+20,5.4545E+21,1.04975E+16,4.92336E+16
178770,9.17072E+18,9,4,64,0,2017,7,20,3,3,0,2,0,1,0,0,0,1,0,7.03508E+20,5.57698E+21,1.18583E+16,5.03098E+16
178771,9.17072E+18,9,4,64,0,2017,7,7,3,3,2,6,0,1,0,0,0,0,0,7.0798E+20,5.57787E+21,1.19215E+16,5.03162E+16
178772,9.17072E+18,9,4,77,128,2017,7,12,3,3,4,1,0,1,0,1,0,0,0,6.74841E+20,5.55767E+21,1.14472E+16,5.01454E+16
178773,9.17072E+18,9,4,62,0,2017,7,7,3,3,2,6,0,1,0,0,0,0,0,6.86554E+20,5.53364E+21,1.15992E+16,4.9926E+16
178774,9.17072E+18,9,4,61,0,2017,7,8,3,3,5,3,0,1,0,0,0,0,0,6.36514E+20,5.52762E+21,1.09004E+16,4.98854E+16
178775,9.17072E+18,9,4,61,0,2017,7,13,3,3,0,7,1,0,0,0,0,0,0,6.35476E+20,5.52847E+21,1.08862E+16,4.98932E+16
178776,9.17072E+18,9,4,61,0,2017,7,7,3,3,0,7,1,0,0,0,0,0,0,6.33645E+20,5.52959E+21,1.08611E+16,4.99037E+16
178777,9.17072E+18,9,3,74,160,2017,7,19,3,3,0,1,1,0,0,0,0,0,0,7.31114E+20,5.51056E+21,1.22054E+16,4.97031E+16
178778,9.17072E+18,9,3,74,124,2017,7,16,3,2,0,3,0,0,0,1,1,0,0,7.0778E+20,5.5133E+21,1.18837E+16,4.97363E+16
178779,9.17072E+18,9,3,75,171,2017,7,20,3,3,0,7,0,0,0,1,1,0,1,7.49373E+20,5.42191E+21,1.24029E+16,4.88998E+16
178780,9.17072E+18,9,3,75,190,2017,7,21,3,3,8,7,0,1,0,0,0,1,0,7.27443E+20,5.44579E+21,1.21175E+16,4.91228E+16
178781,9.17072E+18,9,3,62,0,2017,7,7,3,3,6,7,1,0,1,0,0,0,0,7.25456E+20,5.43215E+21,1.20827E+16,4.9001E+16
178782,9.17072E+18,9,3,62,0,2017,7,13,3,3,5,2,1,1,0,0,0,0,0,7.28319E+20,5.43518E+21,1.21235E+16,4.90272E+16
178783,9.17072E+18,9,2,75,119,2017,7,5,3,3,5,3,0,1,0,1,0,0,0,8.33308E+20,5.40269E+21,1.35294E+16,4.86881E+16
178784,9.17072E+18,9,2,77,111,2017,7,17,3,3,3,6,1,0,0,1,0,0,0,7.81656E+20,5.38616E+21,1.2818E+16,4.85652E+16
178785,9.17072E+18,9,2,74,146,2017,7,10,3,3,4,6,1,0,0,0,0,0,0,7.33376E+20,5.3775E+21,1.21599E+16,4.85072E+16
178786,9.17072E+18,9,2,61,0,2017,7,20,3,3,0,6,0,1,0,1,0,0,0,7.32796E+20,5.3805E+21,1.21537E+16,4.85344E+16
178787,9.17072E+18,9,2,74,126,2017,7,9,3,3,0,1,1,0,0,0,0,0,0,7.33397E+20,5.38407E+21,1.21638E+16,4.85663E+16
178788,9.17072E+18,9,2,61,0,2017,7,11,3,3,2,6,1,1,0,0,0,0,0,7.34128E+20,5.38171E+21,1.21724E+16,4.85448E+16
178789,9.17072E+18,9,2,73,111,2017,7,17,3,3,5,6,0,1,0,1,0,0,0,7.08775E+20,5.41101E+21,1.18441E+16,4.88169E+16
178790,9.17072E+18,9,1,80,117,2017,7,12,3,3,5,3,1,1,0,0,0,0,0,6.58075E+20,5.26254E+21,1.10988E+16,4.74971E+16
178791,9.17072E+18,9,1,89,114,2017,7,14,3,3,0,1,1,0,0,0,0,0,0,7.62113E+20,5.3119E+21,1.25077E+16,4.79068E+16
178792,9.17072E+18,9,1,83,112,2017,7,17,3,3,8,7,0,1,0,0,0,0,0,7.53466E+20,5.35003E+21,1.24148E+16,4.82527E+16
178793,9.17072E+18,9,1,72,116,2017,7,8,3,3,0,1,1,0,0,0,0,0,0,8.00497E+20,5.28715E+21,1.3003E+16,4.76679E+16
178794,9.17072E+18,9,1,63,0,2017,7,14,3,3,5,3,1,1,0,0,0,0,0,7.33452E+20,5.30528E+21,1.21212E+16,4.78584E+16
178795,9.17072E+18,9,1,87,162,2017,7,10,3,3,0,6,1,1,0,0,0,0,0,7.50891E+20,5.30623E+21,1.23545E+16,4.78603E+16
178796,9.17072E+18,9,1,82,119,2017,7,11,3,3,0,7,1,0,0,0,0,0,0,7.12997E+20,5.29428E+21,1.18427E+16,4.77667E+16
178797,9.17072E+18,9,1,87,129,2017,7,10,3,2,0,1,1,1,0,0,0,0,0,7.25422E+20,5.29533E+21,1.20088E+16,4.77719E+16
178798,9.17072E+18,9,1,61,0,2017,7,13,3,2,2,6,1,0,0,0,0,0,0,6.79084E+20,5.4045E+21,1.14372E+16,4.87677E+16
178799,9.17072E+18,9,1,86,128,2017,7,17,3,3,4,6,0,1,0,1,0,0,0,6.79496E+20,5.38923E+21,1.14362E+16,4.86304E+16
178800,9.17072E+18,9,1,79,145,2017,7,11,3,3,0,7,1,0,0,0,0,0,0,6.76398E+20,5.33942E+21,1.13732E+16,4.81835E+16
178801,9.17072E+18,9,1,79,126,2017,7,10,3,2,0,7,1,0,0,0,0,0,0,6.75649E+20,5.34153E+21,1.1364E+16,4.82027E+16
178802,9.17072E+18,9,1,79,123,2017,7,18,3,3,0,7,1,1,0,0,0,0,1,6.74677E+20,5.33328E+21,1.13476E+16,4.81288E+16
178803,9.17072E+18,9,1,88,120,2017,7,16,3,3,3,6,1,0,0,0,0,0,0,6.78287E+20,5.32591E+21,1.1393E+16,4.80616E+16
178804,9.17072E+18,9,1,79,125,2017,7,11,3,3,1,5,0,1,0,0,0,0,0,6.60387E+20,5.33262E+21,1.11554E+16,4.81266E+16
178805,9.17072E+18,9,1,74,115,2017,7,23,3,3,8,1,0,1,0,0,0,2,0,6.82148E+20,5.34581E+21,1.14533E+16,4.82393E+16
178806,9.17072E+18,9,1,78,143,2017,7,11,3,3,3,6,1,0,0,0,1,0,0,7.17144E+20,5.37245E+21,1.19378E+16,4.84677E+16
178807,9.17072E+18,9,1,77,130,2017,7,16,3,3,4,6,0,0,0,1,0,0,0,7.10269E+20,5.35033E+21,1.18338E+16,4.82712E+16
178808,9.17072E+18,9,1,62,0,2017,7,19,2,3,2,6,1,1,0,0,0,0,0,6.91472E+20,5.33625E+21,1.15744E+16,4.81507E+16
178809,9.17072E+18,9,1,84,147,2017,7,17,5,3,1,6,0,1,0,1,0,0,1,6.95586E+20,5.3396E+21,1.16312E+16,4.81795E+16
178810,9.17072E+18,9,1,62,0,2017,7,5,5,3,3,7,0,1,0,1,0,1,0,6.834E+20,5.33756E+21,1.14665E+16,4.81648E+16
178811,9.17072E+18,9,1,77,117,2017,7,11,6,3,0,7,1,0,0,0,0,0,0,7.1571E+20,5.35384E+21,1.19088E+16,4.8301E+16
178812,9.17072E+18,9,1,78,124,2017,7,17,6,3,5,3,0,1,0,1,0,0,0,7.02545E+20,5.36349E+21,1.17362E+16,4.83921E+16
178813,9.17072E+18,9,1,62,0,2017,7,11,5,3,1,5,1,1,0,0,0,0,0,6.86865E+20,5.33383E+21,1.15115E+16,4.81303E+16
178814,9.17072E+18,9,1,62,0,2017,7,13,5,3,5,3,0,1,0,0,0,0,0,6.84504E+20,5.33326E+21,1.14795E+16,4.81258E+16
178815,9.17072E+18,9,1,61,0,2017,7,22,6,3,5,3,1,1,0,0,0,2,0,6.78189E+20,5.40393E+21,1.14248E+16,4.87629E+16
178816,9.17072E+18,9,1,63,0,2017,7,7,6,3,5,3,1,1,0,0,0,0,0,7.32463E+20,5.3046E+21,1.21076E+16,4.78527E+16
178817,9.17072E+18,9,1,88,139,2017,7,16,6,3,0,1,0,0,0,1,0,0,1,6.75867E+20,5.31902E+21,1.13577E+16,4.80003E+16
178818,9.17072E+18,9,1,76,120,2017,7,9,6,2,4,2,1,0,0,0,0,0,0,6.7979E+20,5.42256E+21,1.14547E+16,4.89298E+16
178819,9.17072E+18,9,1,71,111,2017,7,19,6,3,0,7,1,0,0,0,0,0,1,7.73235E+20,5.34789E+21,1.26792E+16,4.82253E+16
178820,9.17072E+18,9,1,88,144,2017,7,18,6,3,0,7,1,0,0,0,0,0,0,6.69808E+20,5.32881E+21,1.12804E+16,4.809E+16
178821,9.17072E+18,9,1,62,0,2017,7,12,5,3,0,3,1,1,0,0,0,0,0,6.85077E+20,5.33932E+21,1.14898E+16,4.81802E+16
178822,9.17072E+18,9,1,62,0,2017,7,9,5,3,5,3,1,0,0,0,0,0,0,6.90141E+20,5.33808E+21,1.15573E+16,4.81675E+16
178823,9.17072E+18,9,7,75,135,2017,7,7,5,3,6,7,0,1,1,0,0,0,0,5.74966E+20,5.358E+21,1.00122E+16,4.83707E+16
178824,9.17072E+18,9,7,75,135,2017,7,18,5,2,5,3,0,1,0,1,0,0,0,5.77193E+20,5.35574E+21,1.00419E+16,4.83501E+16
178825,9.17072E+18,9,1,62,0,2017,7,9,5,3,0,7,1,0,1,0,0,0,0,6.92246E+20,5.3343E+21,1.15839E+16,4.81329E+16
178826,9.17072E+18,9,1,62,0,2017,7,8,5,2,5,2,1,1,0,0,0,0,0,6.93817E+20,5.33438E+21,1.1605E+16,4.81331E+16
178827,9.17072E+18,9,1,84,120,2017,7,17,5,3,0,1,1,0,0,0,0,0,1,6.82432E+20,5.33301E+21,1.14516E+16,4.81242E+16
178828,9.17072E+18,9,1,62,0,2017,7,18,5,3,4,7,0,1,0,1,0,0,1,6.92122E+20,5.33675E+21,1.15834E+16,4.81549E+16
178829,9.17072E+18,9,1,62,0,2017,7,17,5,3,5,3,0,1,0,0,0,0,0,6.89127E+20,5.33474E+21,1.15422E+16,4.81378E+16
178830,9.17072E+18,9,1,77,123,2017,7,11,6,2,5,3,1,1,0,0,0,0,0,7.26439E+20,5.34392E+21,1.2048E+16,4.82081E+16
178831,9.17072E+18,9,1,78,130,2017,7,9,6,3,5,2,0,1,0,1,0,0,0,7.03632E+20,5.35438E+21,1.17464E+16,4.83098E+16
178832,9.17072E+18,9,1,62,0,2017,7,14,5,3,2,2,0,1,0,1,0,0,1,6.91485E+20,5.34037E+21,1.15764E+16,4.81877E+16
178833,9.17072E+18,9,1,62,0,2017,7,16,5,3,5,2,1,1,0,0,0,0,1,6.95825E+20,5.33075E+21,1.16303E+16,4.80999E+16
178834,9.17072E+18,9,1,75,122,2017,7,7,2,3,5,3,1,1,0,0,0,0,0,7.21278E+20,5.32583E+21,1.19692E+16,4.80474E+16
178835,9.17072E+18,9,1,62,0,2017,7,18,1,3,2,6,0,1,0,0,0,0,0,6.89275E+20,5.34013E+21,1.15466E+16,4.81862E+16
178836,9.17072E+18,9,1,84,149,2017,7,13,1,3,1,7,1,1,0,0,0,0,0,6.91182E+20,5.34961E+21,1.15765E+16,4.82708E+16
178837,9.17072E+18,9,1,84,123,2017,7,6,1,3,8,7,0,1,0,0,0,1,1,7.04301E+20,5.33389E+21,1.17456E+16,4.81255E+16
178838,9.17072E+18,9,1,88,127,2017,7,16,1,2,0,7,1,0,0,0,1,0,0,6.78477E+20,5.3301E+21,1.13973E+16,4.80992E+16
178839,9.17072E+18,9,1,62,0,2017,7,18,1,3,1,1,1,1,0,0,0,0,0,6.93757E+20,5.33204E+21,1.16032E+16,4.81121E+16
178840,9.17072E+18,9,1,62,0,2017,7,21,1,3,5,3,0,1,0,0,0,2,0,6.94187E+20,5.33432E+21,1.161E+16,4.81325E+16
178841,9.17072E+18,9,1,62,0,2017,7,18,1,3,2,7,0,1,0,1,0,0,0,6.88008E+20,5.3396E+21,1.15294E+16,4.81818E+16
178842,9.17072E+18,9,1,62,0,2017,7,21,1,3,5,3,1,1,0,0,0,2,1,6.90624E+20,5.33377E+21,1.15619E+16,4.81286E+16
178843,9.17072E+18,9,1,62,0,2017,7,17,1,3,4,6,1,0,0,0,0,0,0,6.9494E+20,5.33168E+21,1.16189E+16,4.81085E+16
178844,9.17072E+18,9,1,62,0,2017,7,19,1,3,0,3,0,1,0,1,0,0,0,6.88575E+20,5.3323E+21,1.15337E+16,4.8116E+16
178845,9.17072E+18,9,1,62,0,2017,7,11,1,3,0,1,1,0,0,0,0,0,0,6.90093E+20,5.33493E+21,1.15553E+16,4.81392E+16
178846,9.17072E+18,9,1,62,0,2017,7,14,1,2,6,4,1,0,1,0,0,0,0,6.91133E+20,5.33712E+21,1.15702E+16,4.81586E+16
178847,9.17072E+18,9,1,62,0,2017,7,5,1,3,9,1,0,1,0,0,0,1,1,6.93507E+20,5.33679E+21,1.1602E+16,4.81549E+16
178848,9.17072E+18,9,7,74,135,2017,7,2,1,2,0,1,1,0,0,0,0,2,1,5.95907E+20,5.36549E+21,1.02967E+16,4.84352E+16
178849,9.17072E+18,9,7,74,145,2017,7,3,1,3,1,7,0,1,0,0,1,2,0,6.00536E+20,5.36107E+21,1.03582E+16,4.83948E+16
178850,9.17072E+18,9,7,76,116,2017,7,19,1,3,2,1,0,1,0,1,0,0,0,5.54397E+20,5.2672E+21,9.72304E+15,4.75559E+16
178851,9.17072E+18,9,7,77,169,2017,7,17,1,3,7,6,1,0,0,0,0,0,0,6.28921E+20,5.26968E+21,1.0714E+16,4.75677E+16
178852,9.17072E+18,9,7,77,173,2017,7,11,1,3,5,6,1,0,0,0,0,0,0,6.36917E+20,5.27649E+21,1.08224E+16,4.76274E+16
178853,9.17072E+18,9,7,72,163,2017,7,11,1,2,4,1,1,1,0,0,0,0,0,6.40014E+20,5.34927E+21,1.08873E+16,4.82811E+16
178854,9.17072E+18,9,7,61,0,2017,7,3,1,3,2,6,0,1,0,0,0,2,1,6.39115E+20,5.35915E+21,1.08784E+16,4.83701E+16
178855,9.17072E+18,9,7,61,0,2017,7,10,1,3,5,3,0,1,0,0,0,0,0,6.39037E+20,5.36285E+21,1.08786E+16,4.84035E+16
178856,9.17072E+18,9,7,61,0,2017,7,11,1,1,0,7,1,0,0,0,0,0,0,6.42272E+20,5.36115E+21,1.09217E+16,4.83874E+16
178857,9.17072E+18,9,7,71,113,2017,7,4,1,3,6,4,0,1,1,0,0,2,0,6.5219E+20,5.36762E+21,1.10579E+16,4.84433E+16
178858,9.17072E+18,9,6,76,139,2017,7,13,1,3,5,3,1,1,0,0,0,0,0,5.18206E+20,5.50569E+21,9.25248E+15,4.97034E+16
178859,9.17072E+18,9,5,72,149,2017,7,12,1,3,0,7,0,0,0,1,1,0,0,6.38865E+20,5.50354E+21,1.09245E+16,4.96683E+16
178860,9.17072E+18,9,5,74,138,2017,7,17,1,3,5,3,1,1,0,0,0,0,0,6.65267E+20,5.48635E+21,1.12829E+16,4.95072E+16
178861,9.17072E+18,9,5,64,0,2017,7,17,1,3,0,1,1,0,0,0,0,0,0,6.4921E+20,5.48034E+21,1.1059E+16,4.94574E+16
178862,9.17072E+18,9,5,64,0,2017,7,19,1,3,0,1,1,0,0,0,0,0,0,6.51154E+20,5.4796E+21,1.10855E+16,4.94502E+16
178863,9.17072E+18,9,5,77,136,2017,7,0,1,3,4,1,0,1,0,0,0,2,0,6.27983E+20,5.44225E+21,1.0754E+16,4.91198E+16
178864,9.17072E+18,9,5,61,0,2017,7,21,1,3,5,3,0,1,0,0,0,2,0,6.14055E+20,5.46209E+21,1.05689E+16,4.93009E+16
178865,9.17072E+18,9,4,63,0,2017,7,2,1,2,0,1,1,0,0,0,0,2,0,6.39783E+20,5.56825E+21,1.09607E+16,5.02498E+16
178866,9.17072E+18,9,4,72,143,2017,7,16,1,2,0,1,1,0,0,0,0,0,0,6.92655E+20,5.54335E+21,1.1689E+16,5.00113E+16
178867,9.17072E+18,9,4,62,0,2017,7,12,1,3,5,3,0,1,0,0,0,0,0,6.85112E+20,5.53455E+21,1.15796E+16,4.99346E+16
178868,9.17072E+18,9,4,71,195,2017,7,11,1,3,0,1,1,0,0,0,0,0,0,6.41353E+20,5.52294E+21,1.0966E+16,4.98422E+16
178869,9.17072E+18,9,4,61,0,2017,7,19,1,3,3,7,0,1,0,1,0,0,0,6.36014E+20,5.5287E+21,1.08938E+16,4.98952E+16
178870,9.17072E+18,9,4,61,0,2017,7,16,1,3,4,2,1,1,0,0,0,0,0,6.36557E+20,5.52878E+21,1.09014E+16,4.98958E+16
178871,9.17072E+18,9,3,75,180,2017,7,12,1,3,0,1,1,0,0,0,0,0,0,7.24439E+20,5.42963E+21,1.20674E+16,4.89787E+16
178872,9.17072E+18,9,3,62,0,2017,7,11,1,2,5,2,0,1,0,1,0,0,0,7.24604E+20,5.43384E+21,1.2072E+16,4.90166E+16
178873,9.17072E+18,9,3,62,0,2017,7,16,1,3,5,2,1,1,0,0,0,0,0,7.26786E+20,5.43369E+21,1.21017E+16,4.90144E+16
178874,9.17072E+18,9,3,62,0,2017,7,18,1,2,8,1,1,0,0,0,0,0,0,7.30345E+20,5.43713E+21,1.21523E+16,4.90439E+16
178875,9.17072E+18,9,3,71,148,2017,7,19,1,3,8,1,0,1,0,0,0,0,0,7.13454E+20,5.45797E+21,1.19325E+16,4.92372E+16
178876,9.17072E+18,9,2,63,0,2017,7,17,1,3,5,3,1,1,0,0,0,0,0,7.64029E+20,5.42085E+21,1.26018E+16,4.88843E+16
178877,9.17072E+18,9,2,77,139,2017,7,9,1,2,8,1,0,0,0,1,0,0,1,7.89225E+20,5.36996E+21,1.29092E+16,4.84163E+16
178878,9.17072E+18,9,2,73,111,2017,7,2,1,3,0,7,0,1,0,0,0,2,0,7.13497E+20,5.40968E+21,1.19077E+16,4.88034E+16
178879,9.17072E+18,9,2,79,112,2017,7,18,1,3,5,2,0,1,0,0,1,0,0,7.56937E+20,5.39327E+21,1.2488E+16,4.86396E+16
178880,9.17072E+18,9,1,89,145,2017,7,14,1,2,2,6,1,1,0,0,0,0,1,7.72169E+20,5.3008E+21,1.2635E+16,4.78029E+16
178881,9.17072E+18,9,1,89,154,2017,7,14,1,3,1,1,1,1,0,0,0,0,0,7.67859E+20,5.31816E+21,1.25883E+16,4.79606E+16
178882,9.17072E+18,9,1,71,118,2017,7,0,1,3,0,1,1,1,0,0,0,2,0,7.86606E+20,5.34521E+21,1.2857E+16,4.81953E+16
178883,9.17072E+18,9,1,72,116,2017,7,13,1,3,6,4,1,0,1,0,0,0,0,8.00709E+20,5.28281E+21,1.30029E+16,4.76288E+16
178884,9.17072E+18,9,1,72,114,2017,7,13,1,3,1,5,1,1,0,0,0,0,0,7.91154E+20,5.29407E+21,1.28835E+16,4.77343E+16
178885,9.17072E+18,9,1,87,118,2017,7,17,1,3,6,4,1,0,1,0,0,0,0,7.53144E+20,5.29938E+21,1.23806E+16,4.77979E+16
178886,9.17072E+18,9,1,87,179,2017,7,19,1,3,0,3,0,1,1,0,0,0,0,7.21902E+20,5.31602E+21,1.19725E+16,4.7959E+16
178887,9.17072E+18,9,1,81,131,2017,7,15,1,3,0,7,0,0,0,0,1,0,0,6.34481E+20,5.33422E+21,1.0808E+16,4.8147E+16
178888,9.17072E+18,9,1,79,126,2017,7,13,1,3,0,1,0,1,0,1,0,0,0,6.76275E+20,5.34069E+21,1.13721E+16,4.8195E+16
178889,9.17072E+18,9,1,88,121,2017,7,0,1,3,5,3,0,1,0,0,0,2,0,6.70064E+20,5.32928E+21,1.1284E+16,4.80941E+16
178890,9.17072E+18,9,1,79,132,2017,7,17,1,3,4,6,0,1,0,0,1,0,0,6.6115E+20,5.33675E+21,1.11672E+16,4.81635E+16
178891,9.17072E+18,9,1,62,0,2017,7,18,7,3,5,3,0,1,0,0,0,0,0,6.85795E+20,5.33953E+21,1.14996E+16,4.81818E+16
178892,9.17072E+18,9,1,62,0,2017,7,15,7,3,0,7,1,0,0,0,1,0,0,6.93276E+20,5.33385E+21,1.15975E+16,4.81285E+16
178893,9.17072E+18,9,1,62,0,2017,7,11,7,3,6,1,0,1,1,0,0,0,0,6.96396E+20,5.33621E+21,1.16405E+16,4.81488E+16
178894,9.17072E+18,9,1,62,0,2017,7,19,7,3,0,7,0,1,0,0,0,0,0,6.90804E+20,5.33814E+21,1.15663E+16,4.81678E+16
178895,9.17072E+18,9,1,62,0,2017,7,0,7,3,5,3,0,1,0,0,0,2,0,6.91245E+20,5.3353E+21,1.15709E+16,4.81422E+16
178896,9.17072E+18,9,1,62,0,2017,7,15,7,3,6,7,1,0,1,0,0,0,0,6.92083E+20,5.33973E+21,1.15842E+16,4.81817E+16
178897,9.17072E+18,9,1,62,0,2017,7,13,7,3,3,2,1,1,0,0,0,0,0,6.79406E+20,5.33708E+21,1.14127E+16,4.81616E+16
178898,9.17072E+18,9,1,62,0,2017,7,12,7,3,2,6,0,1,0,0,0,0,0,6.88694E+20,5.33787E+21,1.15378E+16,4.8166E+16
178899,9.17072E+18,9,1,62,0,2017,7,18,7,3,0,1,0,0,0,1,0,0,0,6.90356E+20,5.33351E+21,1.15582E+16,4.81264E+16
178900,9.17072E+18,9,1,62,0,2017,7,16,7,3,3,6,0,1,0,0,1,0,0,6.94594E+20,5.33607E+21,1.16163E+16,4.81481E+16
178901,9.17072E+18,9,1,62,0,2017,7,20,7,3,4,7,0,1,0,1,0,0,0,6.93005E+20,5.33385E+21,1.15939E+16,4.81286E+16
178902,9.17072E+18,9,1,62,0,2017,7,16,7,3,2,6,0,1,0,0,0,0,0,6.92294E+20,5.3382E+21,1.15863E+16,4.81679E+16
178903,9.17072E+18,9,1,62,0,2017,7,11,7,3,5,3,0,1,0,1,0,0,0,6.92622E+20,5.33482E+21,1.15892E+16,4.81374E+16
178904,9.17072E+18,9,7,64,0,2017,7,21,7,3,5,3,0,1,0,0,0,2,0,5.85988E+20,5.31437E+21,1.01522E+16,4.79768E+16
178905,9.17072E+18,9,7,78,221,2017,7,12,7,3,0,1,1,0,0,0,0,0,1,5.94278E+20,5.34097E+21,1.02691E+16,4.8215E+16
178906,9.17072E+18,9,7,78,116,2017,7,2,7,2,0,1,1,0,0,0,0,2,0,6.20148E+20,5.31939E+21,1.06112E+16,4.80165E+16
178907,9.17072E+18,9,7,76,116,2017,7,16,7,3,5,3,0,1,0,1,0,0,0,5.54043E+20,5.26729E+21,9.71836E+15,4.75568E+16
178908,9.17072E+18,9,7,80,124,2017,7,12,7,3,3,7,0,1,0,0,0,0,0,5.91668E+20,5.26809E+21,1.02185E+16,4.75598E+16
178909,9.17072E+18,9,7,72,130,2017,7,11,7,3,0,7,1,1,0,0,0,0,0,6.31645E+20,5.3562E+21,1.07767E+16,4.83452E+16
178910,9.17072E+18,9,7,72,136,2017,7,23,7,3,1,5,1,1,0,0,0,2,0,6.38031E+20,5.38453E+21,1.08722E+16,4.85986E+16
178911,9.17072E+18,9,7,72,202,2017,7,11,7,3,5,3,1,1,0,0,0,0,0,6.37177E+20,5.35708E+21,1.08516E+16,4.8352E+16
178912,9.17072E+18,9,7,61,0,2017,7,13,7,3,7,1,1,0,0,0,0,0,0,6.40123E+20,5.35955E+21,1.08922E+16,4.83736E+16
178913,9.17072E+18,9,7,61,0,2017,7,13,7,3,0,1,1,0,0,0,0,0,0,6.40522E+20,5.35938E+21,1.08975E+16,4.8372E+16
178914,9.17072E+18,9,7,71,144,2017,7,14,7,3,4,6,1,0,0,1,0,0,0,6.6214E+20,5.37666E+21,1.11959E+16,4.85221E+16
178915,9.17072E+18,9,6,63,0,2017,7,15,7,2,0,7,1,0,0,0,0,0,0,5.67668E+20,5.51609E+21,9.94018E+15,4.97935E+16
178916,9.17072E+18,9,6,77,157,2017,7,4,7,3,5,3,0,1,0,0,0,1,1,5.44169E+20,5.52193E+21,9.61437E+15,4.98481E+16
178917,9.17072E+18,9,6,78,135,2017,7,15,7,3,0,1,1,0,0,0,0,0,0,5.91932E+20,5.54176E+21,1.02833E+16,5.0021E+16
178918,9.17072E+18,9,6,71,139,2017,7,5,7,3,0,7,1,0,0,0,0,0,0,5.21436E+20,5.54008E+21,9.29918E+15,5.00126E+16
178919,9.17072E+18,9,5,72,132,2017,7,23,7,3,0,1,1,0,0,0,0,2,0,6.35364E+20,5.49293E+21,1.08723E+16,4.95738E+16
178920,9.17072E+18,9,5,72,132,2017,7,0,7,2,0,1,1,0,0,0,0,2,0,6.36888E+20,5.49101E+21,1.08927E+16,4.95562E+16
178921,9.17072E+18,9,5,62,0,2017,7,11,7,3,0,7,1,0,0,0,0,0,0,6.45836E+20,5.49433E+21,1.10176E+16,4.9584E+16
178922,9.17072E+18,9,5,62,0,2017,7,12,7,3,5,3,0,1,0,0,0,0,0,6.44087E+20,5.49257E+21,1.09928E+16,4.95685E+16
178923,9.17072E+18,9,5,72,131,2017,7,10,7,3,7,7,0,0,1,0,1,0,0,6.55686E+20,5.4888E+21,1.11516E+16,4.95318E+16
178924,9.17072E+18,9,5,63,0,2017,7,12,7,3,6,4,0,1,1,0,0,0,0,6.44962E+20,5.4811E+21,1.10007E+16,4.94653E+16
178925,9.17072E+18,9,5,64,0,2017,7,10,7,3,5,3,1,1,0,0,0,0,0,6.49671E+20,5.47921E+21,1.10649E+16,4.94471E+16
178926,9.17072E+18,9,5,64,0,2017,7,14,7,3,1,5,0,1,0,0,0,0,0,6.51768E+20,5.47875E+21,1.10936E+16,4.94424E+16
178927,9.17072E+18,9,5,77,177,2017,7,22,7,3,7,5,0,1,0,1,0,2,0,6.43145E+20,5.4325E+21,1.09583E+16,4.90287E+16
178928,9.17072E+18,9,5,75,112,2017,7,10,7,3,0,6,1,1,0,0,0,0,0,6.0238E+20,5.48514E+21,1.04143E+16,4.95102E+16