OBJECTID,UIDENTSTLA,ULAND,UREGBEZ,UKREIS,UGEMEINDE,UJAHR,UMONAT,USTUNDE,UWOCHENTAG,UKATEGORIE,UART,UTYP1,IstRad,IstPKW,IstFuss,IstKrad,IstSonstig,LICHT,STRZUSTAND,LINREFX,LINREFY,XGCSWGS84,YGCSWGS84
179273,9.17072E+18,9,5,72,132,2017,7,22,2,3,5,3,0,1,0,1,0,2,0,6.37732E+20,5.49182E+21,1.09047E+16,4.95633E+16
179274,9.17072E+18,9,5,72,132,2017,7,12,2,3,0,1,0,1,0,0,0,0,0,6.35462E+20,5.49205E+21,1.08734E+16,4.95659E+16
179275,9.17072E+18,9,5,62,0,2017,7,17,2,3,0,7,1,1,0,0,0,0,0,6.43981E+20,5.49077E+21,1.09907E+16,4.95524E+16
179276,9.17072E+18,9,5,62,0,2017,7,21,2,3,4,2,0,1,0,0,0,1,0,6.4463E+20,5.49303E+21,1.10005E+16,4.95725E+16
179277,9.17072E+18,9,5,74,146,2017,7,14,2,3,0,1,1,0,0,0,0,0,1,6.6913E+20,5.48665E+21,1.13363E+16,4.95088E+16
179278,9.17072E+18,9,5,64,0,2017,7,20,2,3,5,2,0,1,0,0,0,0,1,6.51621E+20,5.47808E+21,1.10914E+16,4.94365E+16
179279,9.17072E+18,9,5,64,0,2017,7,14,2,3,5,3,0,1,0,0,1,0,0,6.50522E+20,5.47783E+21,1.10761E+16,4.94345E+16
179280,9.17072E+18,9,5,64,0,2017,7,12,2,3,0,1,0,0,0,1,0,0,1,6.53183E+20,5.48005E+21,1.11136E+16,4.94538E+16
179281,9.17072E+18,9,5,64,0,2017,7,12,2,2,0,3,0,1,0,1,0,0,1,6.51669E+20,5.47802E+21,1.1092E+16,4.94359E+16
179282,9.17072E+18,9,5,64,0,2017,7,13,2,3,5,3,0,1,0,0,0,0,1,6.45648E+20,5.48017E+21,1.10098E+16,4.94567E+16
179283,9.17072E+18,9,5,64,0,2017,7,11,2,3,5,2,0,1,0,0,0,0,1,6.54388E+20,5.47749E+21,1.11293E+16,4.94305E+16
179284,9.17072E+18,9,5,64,0,2017,7,11,2,3,6,1,0,1,1,0,0,0,0,6.46332E+20,5.48183E+21,1.10198E+16,4.94715E+16
179285,9.17072E+18,9,5,64,0,2017,7,2,2,3,0,2,0,1,0,1,0,2,0,6.48639E+20,5.47976E+21,1.10509E+16,4.94523E+16
179286,9.17072E+18,9,5,64,0,2017,7,15,2,3,5,3,1,1,0,0,0,0,0,6.50431E+20,5.48103E+21,1.10761E+16,4.94633E+16
179287,9.17072E+18,9,5,64,0,2017,7,10,2,3,0,2,1,1,0,0,0,0,1,6.49875E+20,5.47988E+21,1.1068E+16,4.9453E+16
179288,9.17072E+18,9,5,73,133,2017,7,7,2,3,1,1,1,1,0,0,0,0,0,6.25115E+20,5.4822E+21,1.07272E+16,4.94795E+16
179289,9.17072E+18,9,5,73,129,2017,7,17,2,2,0,1,1,0,0,0,0,0,0,6.34845E+20,5.48752E+21,1.08633E+16,4.95253E+16
179290,9.17072E+18,9,5,71,136,2017,7,18,2,2,0,7,1,0,0,0,0,0,0,5.90999E+20,5.43918E+21,1.02466E+16,4.90988E+16
179291,9.17072E+18,9,4,75,168,2017,7,12,2,3,8,1,0,0,0,1,0,0,0,7.09227E+20,5.56585E+21,1.19323E+16,5.02078E+16
179292,9.17072E+18,9,4,74,126,2017,7,1,2,2,8,1,1,0,0,0,0,2,0,6.49146E+20,5.51047E+21,1.10695E+16,4.97283E+16
179293,9.17072E+18,9,4,61,0,2017,7,12,2,3,6,7,1,0,1,0,0,0,0,6.36932E+20,5.52948E+21,1.09068E+16,4.9902E+16
179294,9.17072E+18,9,3,62,0,2017,7,15,2,3,0,1,0,0,0,1,0,0,1,7.27951E+20,5.43906E+21,1.21206E+16,4.90621E+16
179295,9.17072E+18,9,3,62,0,2017,7,13,2,3,0,6,0,1,0,1,0,0,1,7.25811E+20,5.43353E+21,1.20883E+16,4.90133E+16
179296,9.17072E+18,9,3,62,0,2017,7,8,2,3,5,3,0,1,0,0,1,0,0,7.26777E+20,5.43369E+21,1.21016E+16,4.90144E+16
179297,9.17072E+18,9,3,62,0,2017,7,13,2,3,3,2,1,1,0,0,0,0,1,7.27653E+20,5.4352E+21,1.21144E+16,4.90276E+16
179298,9.17072E+18,9,3,76,153,2017,7,15,2,3,5,7,1,1,0,0,0,0,0,7.30047E+20,5.487E+21,1.21768E+16,4.9492E+16
179299,9.17072E+18,9,2,72,120,2017,7,7,2,3,6,4,0,0,1,0,1,0,1,8.21924E+20,5.4208E+21,1.33893E+16,4.88565E+16
179300,9.17072E+18,9,2,72,151,2017,7,13,2,3,5,2,0,1,0,0,0,0,0,8.38683E+20,5.4082E+21,1.36067E+16,4.87346E+16
179301,9.17072E+18,9,1,73,118,2017,7,12,2,3,6,7,0,1,1,0,0,0,0,6.94101E+20,5.30278E+21,1.15946E+16,4.78491E+16
179302,9.17072E+18,9,1,83,140,2017,7,13,2,3,8,6,0,1,0,1,0,0,0,7.41737E+20,5.3408E+21,1.22518E+16,4.81744E+16
179303,9.17072E+18,9,1,89,155,2017,7,14,2,2,0,6,1,1,0,0,0,0,1,7.71927E+20,5.30764E+21,1.26361E+16,4.78645E+16
179304,9.17072E+18,9,1,72,134,2017,7,10,2,3,5,3,0,1,0,0,0,0,0,7.87023E+20,5.30645E+21,1.28367E+16,4.78472E+16
179305,9.17072E+18,9,1,71,111,2017,7,18,2,3,4,6,1,0,0,0,0,0,1,7.72894E+20,5.3481E+21,1.26748E+16,4.82274E+16
179306,9.17072E+18,9,1,63,0,2017,7,7,2,3,5,3,0,1,0,0,0,0,1,7.35051E+20,5.30419E+21,1.21419E+16,4.7848E+16
179307,9.17072E+18,9,1,82,134,2017,7,13,2,3,0,1,1,0,0,0,0,0,1,7.01456E+20,5.29212E+21,1.16878E+16,4.77509E+16
179308,9.17072E+18,9,1,61,0,2017,7,17,2,3,3,6,1,1,0,0,0,0,0,6.78324E+20,5.40391E+21,1.14266E+16,4.87626E+16
179309,9.17072E+18,9,1,85,158,2017,7,20,2,3,0,1,1,0,0,0,0,0,1,6.68828E+20,5.38153E+21,1.12884E+16,4.85641E+16
179310,9.17072E+18,9,1,79,142,2017,7,8,2,3,5,3,1,1,0,0,0,0,0,6.74456E+20,5.34315E+21,1.13487E+16,4.82175E+16
179311,9.17072E+18,9,1,74,115,2017,7,15,2,3,2,6,0,1,0,0,0,0,1,6.81866E+20,5.3478E+21,1.14503E+16,4.82573E+16
179312,9.17072E+18,9,1,75,118,2017,7,9,2,3,5,3,1,1,0,0,0,0,0,7.16396E+20,5.33901E+21,1.19105E+16,4.81674E+16
179313,9.17072E+18,9,1,78,145,2017,7,13,2,3,5,2,1,1,0,0,0,0,1,6.96759E+20,5.35457E+21,1.16539E+16,4.83137E+16
179314,9.17072E+18,9,1,77,117,2017,7,10,2,3,5,3,1,1,0,0,0,0,0,7.14797E+20,5.35089E+21,1.1895E+16,4.82748E+16
179315,9.17073E+18,9,1,88,141,2017,7,18,2,3,5,3,1,1,0,0,0,0,0,6.68789E+20,5.31241E+21,1.12603E+16,4.79427E+16
179316,9.17073E+18,9,1,81,130,2017,7,17,2,2,0,7,1,0,0,0,0,0,0,6.37148E+20,5.32093E+21,1.08395E+16,4.8027E+16
179317,9.17073E+18,9,1,81,130,2017,7,12,2,3,0,7,0,0,0,1,0,0,0,6.38984E+20,5.32217E+21,1.08646E+16,4.80376E+16
179318,9.17073E+18,9,1,88,124,2017,7,12,2,2,5,3,0,1,0,1,0,0,0,6.62616E+20,5.31866E+21,1.11801E+16,4.80006E+16
179319,9.17073E+18,9,1,78,145,2017,7,10,2,3,1,5,1,1,0,0,0,0,0,6.97339E+20,5.35506E+21,1.1662E+16,4.83179E+16
179320,9.17073E+18,9,1,77,115,2017,7,20,2,1,0,1,0,0,0,0,1,0,0,7.31054E+20,5.34955E+21,1.21131E+16,4.8257E+16
179321,9.17073E+18,9,1,62,0,2017,7,16,1,3,5,3,1,1,0,0,0,0,0,6.85678E+20,5.33177E+21,1.14946E+16,4.81121E+16
179322,9.17073E+18,9,1,62,0,2017,7,15,1,3,2,6,0,1,0,0,0,0,0,6.86545E+20,5.33635E+21,1.15083E+16,4.8153E+16
179323,9.17073E+18,9,1,62,0,2017,7,23,1,3,0,7,1,0,0,0,0,2,1,6.90435E+20,5.33643E+21,1.15606E+16,4.81526E+16
179324,9.17073E+18,9,1,62,0,2017,7,17,1,2,1,5,0,1,0,1,0,0,0,6.89521E+20,5.33314E+21,1.15468E+16,4.81233E+16
179325,9.17073E+18,9,1,62,0,2017,7,22,1,2,3,2,0,1,0,0,0,2,0,6.8776E+20,5.33038E+21,1.1522E+16,4.8099E+16
179326,9.17073E+18,9,1,62,0,2017,7,18,1,3,6,2,0,0,1,1,0,0,0,6.94613E+20,5.33615E+21,1.16166E+16,4.81488E+16
179327,9.17073E+18,9,1,62,0,2017,7,15,1,3,0,1,0,0,0,1,0,0,0,6.91081E+20,5.33315E+21,1.15678E+16,4.81229E+16
179328,9.17073E+18,9,1,62,0,2017,7,19,1,2,4,2,0,1,0,1,0,0,1,6.89062E+20,5.33335E+21,1.15407E+16,4.81253E+16
179329,9.17073E+18,9,7,75,135,2017,7,14,1,3,5,2,0,1,0,1,0,0,0,5.75762E+20,5.35714E+21,1.00228E+16,4.83629E+16
179330,9.17073E+18,9,7,78,163,2017,7,19,1,3,0,1,1,0,0,0,0,0,0,5.95917E+20,5.32379E+21,1.02873E+16,4.80602E+16
179331,9.17073E+18,9,7,78,180,2017,7,18,1,2,9,1,1,0,0,0,0,0,0,6.03859E+20,5.32043E+21,1.03931E+16,4.80287E+16
179332,9.17073E+18,9,7,78,186,2017,7,17,1,3,0,7,1,0,0,0,0,0,0,5.9732E+20,5.31079E+21,1.03032E+16,4.7943E+16
179333,9.17073E+18,9,7,74,155,2017,7,16,1,3,5,3,0,1,0,0,0,0,0,5.9041E+20,5.36717E+21,1.02227E+16,4.84512E+16
179334,9.17073E+18,9,7,63,0,2017,7,3,1,3,6,6,1,0,1,0,0,2,0,5.97716E+20,5.291E+21,1.0304E+16,4.7765E+16
179335,9.17073E+18,9,1,82,111,2017,7,19,2,3,0,1,1,0,0,0,0,0,0,7.05324E+20,5.28699E+21,1.1737E+16,4.77036E+16
179336,9.17073E+18,9,1,87,142,2017,7,16,2,3,7,1,1,0,0,0,0,0,0,7.33249E+20,5.31479E+21,1.21236E+16,4.79439E+16
179337,9.17073E+18,9,1,87,168,2017,7,21,2,3,4,6,1,0,0,0,0,2,0,7.50141E+20,5.30765E+21,1.23453E+16,4.78735E+16
179338,9.17073E+18,9,1,87,169,2017,7,19,2,2,0,1,0,0,0,1,0,0,0,7.35918E+20,5.30261E+21,1.21527E+16,4.78335E+16
179339,9.17073E+18,9,1,87,122,2017,7,10,2,2,5,3,1,1,0,0,0,0,0,7.18897E+20,5.30752E+21,1.1928E+16,4.78837E+16
179340,9.17073E+18,9,7,80,132,2017,7,23,1,2,0,1,0,0,0,1,0,2,1,5.76965E+20,5.26797E+21,1.00231E+16,4.75606E+16
179341,9.17073E+18,9,7,77,129,2017,7,10,1,3,5,3,1,1,0,0,0,0,0,6.2712E+20,5.2697E+21,1.06901E+16,4.75683E+16
179342,9.17073E+18,9,1,61,0,2017,7,10,2,3,5,3,1,1,0,0,0,0,0,6.79902E+20,5.40508E+21,1.14486E+16,4.87727E+16
179343,9.17073E+18,9,1,86,147,2017,7,15,2,3,5,3,1,1,0,0,0,0,0,6.81464E+20,5.39292E+21,1.14645E+16,4.86629E+16
179344,9.17073E+18,9,1,88,141,2017,7,18,2,3,0,1,1,0,0,0,0,0,0,6.69555E+20,5.30942E+21,1.12694E+16,4.79157E+16
179345,9.17073E+18,9,7,72,177,2017,7,0,1,3,0,1,1,0,0,0,0,2,0,6.36932E+20,5.3821E+21,1.08565E+16,4.85771E+16
179346,9.17073E+18,9,7,72,184,2017,7,18,1,3,0,1,0,0,0,1,0,0,0,6.36776E+20,5.3639E+21,1.08484E+16,4.84134E+16
179347,9.17073E+18,9,7,71,142,2017,7,14,1,3,0,7,1,0,0,0,0,0,0,6.45555E+20,5.35187E+21,1.09628E+16,4.83033E+16
179348,9.17073E+18,9,7,72,163,2017,7,1,1,3,0,7,1,0,0,0,0,2,0,6.40222E+20,5.34706E+21,1.08894E+16,4.82612E+16
179349,9.17073E+18,9,7,61,0,2017,7,20,1,3,5,3,1,1,0,0,0,1,0,6.38987E+20,5.35644E+21,1.08758E+16,4.83458E+16
179350,9.17073E+18,9,6,74,130,2017,7,8,1,3,0,6,1,1,0,0,0,0,0,6.27833E+20,5.55052E+21,1.07872E+16,5.00932E+16
179351,9.17073E+18,9,6,72,131,2017,7,11,1,3,5,6,0,1,0,1,0,0,0,5.88112E+20,5.56318E+21,1.0235E+16,5.02142E+16
179352,9.17073E+18,9,6,76,139,2017,7,15,1,2,0,7,1,0,0,0,0,0,0,5.16091E+20,5.50541E+21,9.22314E+15,4.9701E+16
179353,9.17073E+18,9,5,72,135,2017,7,15,1,3,0,1,1,0,0,0,0,0,0,6.32508E+20,5.5075E+21,1.08378E+16,4.97054E+16
179354,9.17073E+18,9,5,64,0,2017,7,15,1,2,0,1,1,0,0,0,0,0,0,6.52676E+20,5.48632E+21,1.11091E+16,4.95102E+16
179355,9.17073E+18,9,5,64,0,2017,7,5,1,3,0,1,1,0,0,0,0,1,0,6.49498E+20,5.47937E+21,1.10626E+16,4.94486E+16
179356,9.17073E+18,9,5,73,123,2017,7,12,1,3,5,2,0,1,0,1,0,0,0,6.379E+20,5.48769E+21,1.09056E+16,4.95261E+16
179357,9.17073E+18,9,4,78,165,2017,7,13,1,3,5,3,0,1,0,0,0,0,0,6.42764E+20,5.5529E+21,1.09967E+16,5.01111E+16
179358,9.17073E+18,9,4,77,128,2017,7,12,1,3,0,1,0,0,0,1,0,0,0,6.74997E+20,5.55399E+21,1.14476E+16,5.01123E+16
179359,9.17073E+18,9,3,74,137,2017,7,16,1,3,0,7,1,0,0,0,0,0,0,7.46625E+20,5.49858E+21,1.24126E+16,4.95894E+16
179360,9.17073E+18,9,3,73,151,2017,7,12,1,2,8,6,0,1,0,1,0,0,0,6.97039E+20,5.45061E+21,1.17036E+16,4.91766E+16
179361,9.17073E+18,9,3,73,147,2017,7,16,1,3,5,3,1,1,0,0,0,0,0,6.79306E+20,5.46152E+21,1.14654E+16,4.92801E+16
179362,9.17073E+18,9,3,61,0,2017,7,21,1,3,0,7,1,0,0,0,0,2,0,7.0668E+20,5.48374E+21,1.18529E+16,4.94711E+16
179363,9.17073E+18,9,3,61,0,2017,7,2,1,2,0,1,0,0,0,1,0,2,0,7.09611E+20,5.48184E+21,1.18923E+16,4.9453E+16
179364,9.17073E+18,9,2,76,142,2017,7,10,1,3,4,6,0,1,0,0,1,0,0,7.90452E+20,5.4336E+21,1.29704E+16,4.89869E+16
179365,9.17073E+18,9,2,77,138,2017,7,5,1,3,5,3,0,1,0,0,0,2,0,7.9151E+20,5.37197E+21,1.29414E+16,4.84333E+16
179366,9.17073E+18,9,2,72,118,2017,7,13,1,2,0,1,1,0,0,0,0,0,0,8.37045E+20,5.41456E+21,1.35897E+16,4.87926E+16
179367,9.17073E+18,9,2,77,111,2017,7,1,1,3,8,1,0,1,0,0,0,2,0,7.84582E+20,5.38514E+21,1.28569E+16,4.85547E+16
179368,9.17073E+18,9,1,73,120,2017,7,15,1,2,0,1,1,0,0,0,0,0,0,6.83054E+20,5.31022E+21,1.14502E+16,4.79192E+16
179369,9.17073E+18,9,1,73,118,2017,7,15,1,3,0,7,1,0,0,0,0,0,0,6.88158E+20,5.30414E+21,1.15158E+16,4.7863E+16
179370,9.17073E+18,9,1,83,148,2017,7,1,1,3,8,7,1,0,0,0,0,2,0,7.52167E+20,5.34395E+21,1.23937E+16,4.81986E+16
179371,9.17073E+18,9,1,71,111,2017,7,16,1,3,6,6,0,1,1,0,0,0,0,7.72181E+20,5.34763E+21,1.26649E+16,4.82234E+16
179372,9.17073E+18,9,1,87,118,2017,7,14,1,3,0,7,1,0,0,0,0,0,0,7.53688E+20,5.30118E+21,1.23889E+16,4.78139E+16
179373,9.17073E+18,9,1,82,125,2017,7,18,1,3,0,7,1,0,0,0,0,0,0,7.12272E+20,5.29673E+21,1.18342E+16,4.77889E+16
179374,9.17073E+18,9,1,82,129,2017,7,19,1,3,4,6,1,0,0,0,0,0,0,7.08577E+20,5.28547E+21,1.17795E+16,4.76889E+16
179375,9.17073E+18,9,1,61,0,2017,7,10,1,2,1,5,1,1,0,0,0,0,0,6.76315E+20,5.40332E+21,1.13991E+16,4.87579E+16
179376,9.17073E+18,9,1,85,149,2017,7,12,1,3,5,3,0,1,0,0,0,0,0,6.60691E+20,5.40003E+21,1.11853E+16,4.87326E+16
179377,9.17073E+18,9,1,76,123,2017,7,13,1,3,5,3,1,0,0,0,1,0,0,6.5927E+20,5.41942E+21,1.11736E+16,4.89073E+16
179378,9.17073E+18,9,1,79,134,2017,7,14,1,3,8,1,1,0,0,0,0,0,0,6.67108E+20,5.34459E+21,1.12504E+16,4.82325E+16
179379,9.17073E+18,9,1,79,123,2017,7,17,1,3,0,1,1,0,0,0,0,0,0,6.77534E+20,5.33428E+21,1.13864E+16,4.8137E+16
179380,9.17073E+18,9,1,79,136,2017,7,16,1,3,4,7,0,1,1,0,0,0,0,6.61009E+20,5.34218E+21,1.11674E+16,4.82124E+16
179381,9.17073E+18,9,1,78,120,2017,7,12,1,2,2,1,1,0,0,0,0,0,0,6.94735E+20,5.35247E+21,1.16257E+16,4.82954E+16
179382,9.17073E+18,9,1,77,113,2017,7,18,1,2,1,7,1,1,0,0,0,0,0,7.21387E+20,5.35559E+21,1.19862E+16,4.83147E+16
179383,9.17073E+18,9,1,62,0,2017,7,20,7,3,2,6,0,1,0,1,0,1,0,6.91845E+20,5.33575E+21,1.15792E+16,4.81461E+16
179384,9.17073E+18,9,1,84,119,2017,7,17,7,2,0,7,1,0,0,0,0,0,0,6.96779E+20,5.34807E+21,1.16512E+16,4.82552E+16
179385,9.17073E+18,9,1,62,0,2017,7,10,7,2,2,6,0,1,0,1,0,0,0,6.83797E+20,5.33756E+21,1.14719E+16,4.81647E+16
179386,9.17073E+18,9,1,62,0,2017,7,18,7,2,6,7,0,1,1,0,0,0,0,6.89423E+20,5.33709E+21,1.15473E+16,4.81588E+16
179387,9.17073E+18,9,1,62,0,2017,7,7,7,2,6,4,0,0,1,0,1,0,0,6.84805E+20,5.33375E+21,1.14838E+16,4.81302E+16
179388,9.17073E+18,9,1,62,0,2017,7,22,7,3,5,3,0,1,0,0,0,2,0,6.80111E+20,5.33552E+21,1.14215E+16,4.81474E+16
179389,9.17073E+18,9,1,62,0,2017,7,14,7,3,0,2,1,1,0,0,0,0,0,6.89412E+20,5.33715E+21,1.15471E+16,4.81594E+16
179390,9.17073E+18,9,1,62,0,2017,7,16,7,3,0,7,1,0,0,0,0,0,0,6.8746E+20,5.33557E+21,1.15202E+16,4.81458E+16
179391,9.17073E+18,9,1,62,0,2017,7,8,7,3,0,3,0,1,0,1,0,0,0,6.86233E+20,5.33352E+21,1.15028E+16,4.81277E+16
179392,9.17073E+18,9,1,62,0,2017,7,16,7,3,2,6,0,1,0,0,1,0,0,6.90948E+20,5.33209E+21,1.15655E+16,4.81134E+16
179393,9.17073E+18,9,1,62,0,2017,7,15,7,3,3,6,1,0,0,0,0,0,0,6.90154E+20,5.33445E+21,1.15559E+16,4.81349E+16
179394,9.17073E+18,9,1,62,0,2017,7,20,7,3,3,6,0,1,0,1,0,1,0,6.91773E+20,5.33379E+21,1.15773E+16,4.81284E+16
179395,9.17073E+18,9,7,75,135,2017,7,23,7,3,8,1,1,0,0,0,0,2,0,5.74621E+20,5.35888E+21,1.00077E+16,4.83787E+16
179396,9.17073E+18,9,7,64,0,2017,7,13,7,2,5,3,1,1,0,0,0,0,0,5.87796E+20,5.31551E+21,1.01767E+16,4.79869E+16
179397,9.17073E+18,9,7,74,143,2017,7,18,7,2,0,1,1,0,0,0,0,0,0,5.96907E+20,5.36007E+21,1.03089E+16,4.83864E+16
179398,9.17073E+18,9,7,80,117,2017,7,18,7,3,4,6,1,0,0,1,0,0,0,5.89789E+20,5.28224E+21,1.01965E+16,4.76873E+16
179399,9.17073E+18,9,7,80,143,2017,7,18,7,3,2,6,0,0,0,1,0,0,0,5.9797E+20,5.28143E+21,1.03053E+16,4.76788E+16
179400,9.17073E+18,9,7,80,132,2017,7,18,7,2,5,3,0,1,0,1,0,0,0,5.7731E+20,5.26759E+21,1.00276E+16,4.75571E+16
179401,9.17073E+18,9,7,79,194,2017,7,1,7,2,4,7,1,0,0,0,0,2,0,6.09179E+20,5.412E+21,1.04883E+16,4.88514E+16
179402,9.17073E+18,9,7,72,200,2017,7,20,7,3,0,1,1,0,0,0,0,0,0,6.3045E+20,5.33814E+21,1.0755E+16,4.81831E+16
179403,9.17073E+18,9,7,61,0,2017,7,1,7,3,8,7,1,0,0,0,0,2,0,6.37592E+20,5.36077E+21,1.08584E+16,4.8385E+16
179404,9.17073E+18,9,7,61,0,2017,7,17,7,2,0,7,1,0,0,0,1,0,0,6.38003E+20,5.35565E+21,1.08623E+16,4.8339E+16
179405,9.17073E+18,9,7,61,0,2017,7,9,7,3,0,7,1,0,0,0,0,0,0,6.39059E+20,5.35554E+21,1.08765E+16,4.83377E+16
179406,9.17073E+18,9,7,61,0,2017,7,20,7,3,0,7,1,0,0,0,0,0,0,6.40071E+20,5.35814E+21,1.0891E+16,4.83609E+16
179407,9.17073E+18,9,6,72,112,2017,7,18,7,2,0,7,1,0,0,0,0,0,0,5.76815E+20,5.56889E+21,1.00778E+16,5.02671E+16
179408,9.17073E+18,9,6,72,114,2017,7,20,7,3,1,7,0,1,1,0,0,0,0,5.76955E+20,5.56152E+21,1.00783E+16,5.02008E+16
179409,9.17073E+18,9,6,78,175,2017,7,14,7,2,4,7,0,1,0,0,0,0,0,5.82506E+20,5.53041E+21,1.01494E+16,4.99204E+16
179410,9.17073E+18,9,6,76,123,2017,7,19,7,3,5,7,0,1,0,1,0,0,0,5.18159E+20,5.51834E+21,9.25243E+15,4.98172E+16
179411,9.17073E+18,9,6,71,143,2017,7,10,7,3,0,7,1,0,0,0,0,0,0,5.13193E+20,5.54882E+21,9.18443E+15,5.00915E+16
179412,9.17073E+18,9,5,72,160,2017,7,19,7,3,0,1,0,0,0,1,0,0,0,6.24182E+20,5.5144E+21,1.07246E+16,4.97692E+16
179413,9.17073E+18,9,5,64,0,2017,7,14,7,3,2,6,0,1,0,0,0,0,0,6.50385E+20,5.4792E+21,1.10747E+16,4.94468E+16
179414,9.17073E+18,9,5,64,0,2017,7,15,7,3,5,2,1,1,0,0,0,0,0,6.46769E+20,5.48153E+21,1.10258E+16,4.94686E+16
179415,9.17073E+18,9,5,64,0,2017,7,16,7,3,5,3,1,1,0,0,0,0,0,6.51995E+20,5.48056E+21,1.10975E+16,4.94586E+16
179416,9.17073E+18,9,4,75,154,2017,7,16,7,3,2,5,1,1,0,0,0,0,0,6.99472E+20,5.56392E+21,1.17948E+16,5.01939E+16
179417,9.17073E+18,9,4,79,166,2017,7,20,7,2,4,6,0,1,0,1,0,0,0,7.04307E+20,5.55399E+21,1.18571E+16,5.0103E+16
179418,9.17073E+18,9,4,75,175,2017,7,15,7,3,8,1,0,1,0,0,0,0,0,6.89877E+20,5.55656E+21,1.16568E+16,5.01309E+16
179419,9.17073E+18,9,4,64,0,2017,7,10,7,3,6,4,1,0,1,0,0,0,0,7.07656E+20,5.57823E+21,1.19171E+16,5.03196E+16
179420,9.17073E+18,9,4,78,139,2017,7,15,7,3,5,3,1,1,0,0,0,0,0,6.55126E+20,5.55261E+21,1.11694E+16,5.01054E+16
179421,9.17073E+18,9,4,71,140,2017,7,9,7,3,2,6,0,0,0,1,1,0,0,6.34222E+20,5.53066E+21,1.08695E+16,4.99133E+16
179422,9.17073E+18,9,4,61,0,2017,7,13,7,3,6,7,1,0,1,0,0,0,0,6.35976E+20,5.52827E+21,1.08931E+16,4.98914E+16
179423,9.17073E+18,9,3,77,143,2017,7,16,7,2,9,1,0,0,0,1,0,0,0,7.12976E+20,5.5354E+21,1.19678E+16,4.9933E+16
179424,9.17073E+18,9,3,75,174,2017,7,15,7,3,2,1,1,0,0,0,0,0,0,7.35713E+20,5.43094E+21,1.2222E+16,4.89864E+16
179425,9.17073E+18,9,3,72,153,2017,7,8,7,3,0,2,0,1,0,1,0,0,0,7.54509E+20,5.46048E+21,1.24971E+16,4.92441E+16
179426,9.17073E+18,9,3,75,156,2017,7,13,7,3,0,7,1,0,0,0,1,0,0,7.17909E+20,5.45166E+21,1.19902E+16,4.9179E+16
179427,9.17073E+18,9,3,62,0,2017,7,15,7,3,0,6,1,0,0,0,0,0,0,7.26749E+20,5.4318E+21,1.21001E+16,4.89974E+16
179428,9.17073E+18,9,3,62,0,2017,7,1,7,3,6,7,0,1,1,0,0,2,0,7.26124E+20,5.43421E+21,1.2093E+16,4.90193E+16
179429,9.17073E+18,9,3,62,0,2017,7,11,7,2,5,3,0,1,0,1,0,0,0,7.25314E+20,5.43405E+21,1.20818E+16,4.90182E+16
179430,9.17073E+18,9,3,62,0,2017,7,19,7,3,9,1,0,0,0,0,1,0,0,7.2814E+20,5.43875E+21,1.2123E+16,4.90593E+16
179431,9.17073E+18,9,3,76,161,2017,7,13,7,3,3,6,1,1,0,0,0,0,0,7.26313E+20,5.46799E+21,1.21145E+16,4.93226E+16
179432,9.17073E+18,9,3,76,141,2017,7,13,7,3,5,6,1,1,0,0,0,0,0,7.25528E+20,5.45386E+21,1.20958E+16,4.9196E+16
179433,9.17073E+18,9,2,63,0,2017,7,17,7,3,2,6,0,1,0,1,0,0,0,7.61521E+20,5.41991E+21,1.2567E+16,4.88769E+16
179434,9.17073E+18,9,2,63,0,2017,7,20,7,3,5,3,0,1,0,1,0,0,0,7.61512E+20,5.42E+21,1.2567E+16,4.88777E+16
179435,9.17073E+18,9,2,71,119,2017,7,0,7,3,0,7,1,0,0,0,0,2,0,7.90732E+20,5.41621E+21,1.29619E+16,4.88308E+16
179436,9.17073E+18,9,2,75,154,2017,7,22,7,3,4,6,0,1,0,1,0,2,0,8.06423E+20,5.3965E+21,1.31605E+16,4.86464E+16
179437,9.17073E+18,9,2,77,148,2017,7,21,7,3,0,1,1,0,0,0,0,2,0,7.90572E+20,5.36209E+21,1.29219E+16,4.83451E+16
179438,9.17073E+18,9,2,72,127,2017,7,3,7,2,8,1,0,0,0,1,0,2,0,8.27973E+20,5.42043E+21,1.34712E+16,4.885E+16
179439,9.17073E+18,9,1,73,120,2017,7,13,7,3,3,6,1,0,0,0,0,0,0,6.84828E+20,5.31462E+21,1.14758E+16,4.79582E+16
179440,9.17073E+18,9,1,90,135,2017,7,11,7,2,0,1,1,0,0,0,0,0,0,6.59556E+20,5.29483E+21,1.11302E+16,4.7787E+16
179441,9.17073E+18,9,1,90,157,2017,7,14,7,3,5,3,1,1,0,0,0,0,0,6.60123E+20,5.30065E+21,1.114E+16,4.78392E+16
179442,9.17073E+18,9,1,73,126,2017,7,8,7,3,0,7,1,0,0,0,0,0,0,6.85143E+20,5.30562E+21,1.14762E+16,4.78772E+16
179443,9.17073E+18,9,1,80,125,2017,7,18,7,2,5,3,1,1,0,0,0,0,0,6.55659E+20,5.27368E+21,1.10707E+16,4.75978E+16
179444,9.17073E+18,9,1,73,112,2017,7,13,7,3,3,6,1,1,0,0,0,0,0,6.91966E+20,5.29255E+21,1.15615E+16,4.77577E+16