OBJECTID,UIDENTSTLA,ULAND,UREGBEZ,UKREIS,UGEMEINDE,UJAHR,UMONAT,USTUNDE,UWOCHENTAG,UKATEGORIE,UART,UTYP1,IstRad,IstPKW,IstFuss,IstKrad,IstSonstig,LICHT,STRZUSTAND,LINREFX,LINREFY,XGCSWGS84,YGCSWGS84
179790,9.17073E+18,9,7,72,184,2017,7,9,2,3,4,2,0,1,0,0,0,0,0,6.34944E+20,5.36167E+21,1.0823E+16,4.83938E+16
179791,9.17073E+18,9,7,72,163,2017,7,14,2,2,0,3,1,0,0,0,0,0,0,6.40449E+20,5.34981E+21,1.08933E+16,4.82859E+16
179792,9.17073E+18,9,7,61,0,2017,7,14,2,3,1,6,0,1,0,0,0,0,0,6.37111E+20,5.35931E+21,1.08515E+16,4.83721E+16
179793,9.17073E+18,9,7,61,0,2017,7,7,2,3,5,3,1,1,0,0,0,0,0,6.368E+20,5.36084E+21,1.08478E+16,4.83859E+16
179794,9.17073E+18,9,7,61,0,2017,7,21,2,3,0,7,1,0,0,0,0,2,0,6.41157E+20,5.35987E+21,1.09062E+16,4.83762E+16
179795,9.17073E+18,9,6,79,128,2017,7,15,2,3,0,1,1,0,0,0,0,0,1,5.60629E+20,5.52335E+21,9.84353E+15,4.98595E+16
179796,9.17073E+18,9,6,71,122,2017,7,7,2,3,5,3,1,1,0,0,0,0,0,5.02947E+20,5.53138E+21,9.04106E+15,4.99348E+16
179797,9.17073E+18,9,6,71,121,2017,7,20,2,3,0,7,1,0,0,0,0,0,0,5.12777E+20,5.53825E+21,9.17827E+15,4.99965E+16
179798,9.17073E+18,9,5,65,0,2017,7,12,2,3,4,6,0,1,0,0,0,0,0,6.47686E+20,5.46445E+21,1.10321E+16,4.93149E+16
179799,9.17073E+18,9,5,64,0,2017,7,16,2,3,5,7,0,1,0,1,0,0,0,6.4916E+20,5.48064E+21,1.10584E+16,4.94601E+16
179800,9.17073E+18,9,5,64,0,2017,7,19,2,3,5,3,0,1,0,1,0,0,0,6.48739E+20,5.47971E+21,1.10522E+16,4.94519E+16
179801,9.17073E+18,9,5,64,0,2017,7,7,2,3,0,1,1,0,0,0,0,0,0,6.52015E+20,5.48338E+21,1.10988E+16,4.9484E+16
179802,9.17073E+18,9,5,64,0,2017,7,11,2,3,5,3,1,1,0,0,0,0,0,6.5119E+20,5.48019E+21,1.10862E+16,4.94556E+16
179803,9.17073E+18,9,5,64,0,2017,7,15,2,3,3,6,0,1,0,0,0,0,0,6.49495E+20,5.47926E+21,1.10625E+16,4.94476E+16
179804,9.17073E+18,9,5,64,0,2017,7,17,2,3,5,3,1,1,0,0,0,0,0,6.45383E+20,5.47869E+21,1.10056E+16,4.94435E+16
179805,9.17073E+18,9,5,64,0,2017,7,8,2,3,0,2,1,1,0,0,0,0,0,6.50356E+20,5.48094E+21,1.1075E+16,4.94625E+16
179806,9.17073E+18,9,5,77,173,2017,7,14,2,3,5,3,1,1,0,0,0,0,0,6.39476E+20,5.42582E+21,1.09058E+16,4.89695E+16
179807,9.17073E+18,9,5,75,121,2017,7,17,2,3,4,6,1,1,0,0,0,0,0,6.24137E+20,5.49012E+21,1.07162E+16,4.95509E+16
179808,9.17073E+18,9,5,71,214,2017,7,14,2,3,5,3,0,1,0,0,0,0,0,6.17184E+20,5.43379E+21,1.06036E+16,4.90458E+16
179809,9.17073E+18,9,5,61,0,2017,7,14,2,3,0,1,1,0,0,0,0,0,0,6.1452E+20,5.46262E+21,1.05754E+16,4.93056E+16
179810,9.17073E+18,9,5,71,113,2017,7,18,2,3,8,1,0,1,0,0,0,0,0,6.17566E+20,5.44478E+21,1.06121E+16,4.91446E+16
179811,9.17073E+18,9,4,64,0,2017,7,12,2,3,5,3,0,1,0,0,0,0,0,7.06913E+20,5.57709E+21,1.19061E+16,5.03096E+16
179812,9.17073E+18,9,4,63,0,2017,7,18,2,3,0,1,0,0,0,1,0,0,0,6.39688E+20,5.5689E+21,1.09596E+16,5.02557E+16
179813,9.17073E+18,9,4,62,0,2017,7,7,2,3,5,3,0,1,0,0,0,0,1,6.85212E+20,5.53625E+21,1.15818E+16,4.99499E+16
179814,9.17073E+18,9,3,62,0,2017,7,16,2,3,2,6,0,1,0,0,0,0,0,7.30972E+20,5.43026E+21,1.21569E+16,4.89821E+16
179815,9.17073E+18,9,3,62,0,2017,7,20,2,3,0,1,1,0,0,0,0,2,0,7.2594E+20,5.43574E+21,1.20913E+16,4.90331E+16
179816,9.17073E+18,9,3,73,112,2017,7,4,2,3,7,1,0,1,0,0,0,2,1,6.79764E+20,5.44404E+21,1.14639E+16,4.91229E+16
179817,9.17073E+18,9,2,63,0,2017,7,14,2,3,3,6,1,0,0,0,1,0,0,7.63231E+20,5.42117E+21,1.25911E+16,4.88875E+16
179818,9.17073E+18,9,2,71,118,2017,7,6,2,3,9,1,0,0,0,1,0,1,1,7.88639E+20,5.40051E+21,1.29224E+16,4.86908E+16
179819,9.17073E+18,9,2,71,119,2017,7,17,2,3,5,3,0,1,0,0,0,0,0,7.91097E+20,5.41659E+21,1.29671E+16,4.8834E+16
179820,9.17073E+18,9,2,72,146,2017,7,9,2,3,5,3,0,1,0,1,0,0,0,8.27568E+20,5.42444E+21,1.34689E+16,4.88862E+16
179821,9.17073E+18,9,2,74,172,2017,7,17,2,3,5,3,0,0,0,1,1,0,0,7.18809E+20,5.39307E+21,1.19711E+16,4.86524E+16
179822,9.17073E+18,9,2,79,122,2017,7,12,2,3,0,7,0,1,0,0,0,0,0,7.71731E+20,5.39718E+21,1.2691E+16,4.86685E+16
179823,9.17073E+18,9,1,73,120,2017,7,16,2,3,4,2,0,1,0,0,0,0,0,6.888E+20,5.31246E+21,1.1528E+16,4.79376E+16
179824,9.17073E+18,9,1,90,148,2017,7,18,2,2,5,3,1,0,0,0,0,0,0,6.40901E+20,5.29695E+21,1.0882E+16,4.78104E+16
179825,9.17073E+18,9,1,90,148,2017,7,19,2,3,1,6,0,1,0,1,0,0,0,6.41904E+20,5.29719E+21,1.08955E+16,4.78124E+16
179826,9.17073E+18,9,1,90,132,2017,7,15,2,3,5,2,1,1,0,0,0,0,0,6.74657E+20,5.29544E+21,1.13319E+16,4.77886E+16
179827,9.17073E+18,9,1,80,134,2017,7,18,2,3,0,7,1,0,0,0,1,0,0,6.61677E+20,5.28622E+21,1.11553E+16,4.77091E+16
179828,9.17073E+18,9,1,83,139,2017,7,18,2,2,8,1,0,1,0,0,0,0,0,7.35347E+20,5.33507E+21,1.21628E+16,4.81253E+16
179829,9.17073E+18,9,1,83,128,2017,7,6,2,3,4,6,1,1,0,0,0,0,0,7.62037E+20,5.34944E+21,1.25297E+16,4.8244E+16
179830,9.17073E+18,9,1,72,130,2017,7,7,2,3,5,3,0,1,0,0,0,0,0,7.96244E+20,5.30973E+21,1.29619E+16,4.78725E+16
179831,9.17073E+18,9,1,71,112,2017,7,7,2,3,5,3,0,1,0,0,0,0,0,7.80944E+20,5.33895E+21,1.27769E+16,4.81417E+16
179832,9.17073E+18,9,1,72,114,2017,7,14,2,2,0,1,1,0,0,0,0,0,0,7.9138E+20,5.29434E+21,1.28867E+16,4.77365E+16
179833,9.17073E+18,9,1,72,128,2017,7,10,2,3,5,3,0,1,0,0,0,0,0,7.92621E+20,5.2969E+21,1.29049E+16,4.7759E+16
179834,9.17073E+18,9,1,71,121,2017,7,10,2,3,5,3,0,1,0,0,0,0,0,7.74742E+20,5.34501E+21,1.26976E+16,4.81988E+16
179835,9.17081E+18,9,2,73,152,2017,8,17,2,3,2,6,0,1,0,0,1,0,0,7.02884E+20,5.4097E+21,1.17633E+16,4.88072E+16
179836,9.17081E+18,9,1,80,124,2017,8,17,2,3,0,4,1,0,1,0,0,0,0,6.65146E+20,5.28305E+21,1.12003E+16,4.76797E+16
179837,9.17081E+18,9,1,89,159,2017,8,11,2,3,0,1,1,0,0,0,0,0,0,7.60006E+20,5.30526E+21,1.24756E+16,4.7848E+16
179838,9.17081E+18,9,1,72,118,2017,8,17,2,3,5,3,1,1,0,0,0,0,0,7.97681E+20,5.30702E+21,1.29792E+16,4.78475E+16
179839,9.17081E+18,9,1,72,130,2017,8,16,2,3,3,2,1,1,0,0,0,0,0,7.9583E+20,5.30974E+21,1.29564E+16,4.78727E+16
179840,9.17081E+18,9,1,71,111,2017,8,16,2,3,0,7,1,0,0,0,1,0,0,7.73256E+20,5.34864E+21,1.268E+16,4.8232E+16
179841,9.17081E+18,9,1,82,137,2017,8,7,2,3,0,7,1,0,0,0,0,0,0,7.08867E+20,5.30111E+21,1.17909E+16,4.78294E+16
179842,9.17081E+18,9,1,82,129,2017,8,11,2,3,0,2,1,1,0,0,0,0,0,7.07526E+20,5.28542E+21,1.17655E+16,4.76889E+16
179843,9.17081E+18,9,1,87,179,2017,8,18,2,3,5,3,1,1,0,0,0,0,0,7.20738E+20,5.31601E+21,1.19569E+16,4.79593E+16
179844,9.17081E+18,9,1,86,147,2017,8,17,2,3,3,2,1,1,0,0,0,0,0,6.82023E+20,5.39231E+21,1.14718E+16,4.86573E+16
179845,9.17081E+18,9,1,79,142,2017,8,17,2,3,2,6,0,1,0,0,0,0,0,6.73946E+20,5.34408E+21,1.13422E+16,4.82261E+16
179846,9.17081E+18,9,1,81,128,2017,8,13,2,3,0,7,1,0,0,0,0,0,0,6.38401E+20,5.32861E+21,1.08588E+16,4.80957E+16
179847,9.17081E+18,9,1,77,144,2017,8,17,2,3,7,7,0,0,0,1,0,0,0,7.18787E+20,5.34778E+21,1.19471E+16,4.82454E+16
179848,9.17081E+18,9,1,75,122,2017,8,13,2,2,0,1,1,0,0,0,0,0,0,7.21156E+20,5.32615E+21,1.19678E+16,4.80503E+16
179849,9.17081E+18,9,1,62,0,2017,8,21,1,3,1,3,0,1,0,1,0,2,0,6.93749E+20,5.33347E+21,1.16037E+16,4.81249E+16
179850,9.17081E+18,9,1,62,0,2017,8,10,1,3,6,4,1,0,1,0,0,0,0,6.8905E+20,5.3324E+21,1.15402E+16,4.81167E+16
179851,9.17081E+18,9,1,84,123,2017,8,20,1,3,1,5,0,1,0,0,0,2,0,7.0296E+20,5.33222E+21,1.17268E+16,4.81109E+16
179852,9.17081E+18,9,1,62,0,2017,8,18,1,3,5,3,0,1,0,0,0,0,0,6.89362E+20,5.34139E+21,1.15484E+16,4.81975E+16
179853,9.17081E+18,9,7,78,203,2017,8,3,1,3,9,7,0,1,0,0,0,2,0,6.19961E+20,5.32286E+21,1.06097E+16,4.80477E+16
179854,9.17081E+18,9,7,77,129,2017,8,15,1,3,5,3,0,1,0,0,0,1,1,6.27383E+20,5.27001E+21,1.06937E+16,4.7571E+16
179855,9.17081E+18,9,7,72,125,2017,8,15,1,2,0,1,1,0,0,0,0,0,0,6.36235E+20,5.35018E+21,1.08367E+16,4.82901E+16
179856,9.17081E+18,9,7,61,0,2017,8,19,1,2,5,3,0,1,0,0,0,0,0,6.42478E+20,5.36081E+21,1.09244E+16,4.83844E+16
179857,9.17081E+18,9,6,72,124,2017,8,0,1,3,1,5,1,1,0,0,0,2,0,5.67303E+20,5.55115E+21,9.94124E+15,5.01087E+16
179858,9.17081E+18,9,6,73,114,2017,8,11,1,3,6,7,0,1,1,0,0,0,0,5.86215E+20,5.5761E+21,1.02113E+16,5.03307E+16
179859,9.17081E+18,9,6,76,136,2017,8,21,1,2,4,6,1,1,0,0,0,1,0,5.14354E+20,5.52804E+21,9.1999E+15,4.99045E+16
179860,9.17081E+18,9,5,72,111,2017,8,15,1,2,9,1,0,0,0,1,0,0,0,6.3518E+20,5.50597E+21,1.08743E+16,4.96911E+16
179861,9.17081E+18,9,5,72,133,2017,8,18,1,3,4,2,1,1,0,0,0,0,0,6.38035E+20,5.49876E+21,1.09113E+16,4.96256E+16
179862,9.17081E+18,9,5,76,143,2017,8,13,1,3,0,7,1,0,0,0,0,0,0,6.52387E+20,5.45725E+21,1.1094E+16,4.9249E+16
179863,9.17081E+18,9,5,74,112,2017,8,15,1,3,2,6,0,1,0,0,0,0,0,6.70396E+20,5.47281E+21,1.13479E+16,4.93842E+16
179864,9.17081E+18,9,5,64,0,2017,8,20,1,3,5,2,1,1,0,0,0,0,0,6.50554E+20,5.47919E+21,1.10771E+16,4.94467E+16
179865,9.17081E+18,9,5,64,0,2017,8,18,1,3,6,7,0,1,1,0,0,0,0,6.49301E+20,5.47662E+21,1.10588E+16,4.94239E+16
179866,9.17081E+18,9,5,71,217,2017,8,2,1,3,8,1,0,1,0,0,0,2,0,6.20994E+20,5.46884E+21,1.06663E+16,4.93602E+16
179867,9.17081E+18,9,4,64,0,2017,8,23,1,3,9,1,0,0,0,1,0,2,0,7.06621E+20,5.58014E+21,1.19036E+16,5.03371E+16
179868,9.17081E+18,9,4,76,177,2017,8,15,1,3,0,7,1,0,0,0,0,0,0,6.74388E+20,5.57395E+21,1.14483E+16,5.02919E+16
179869,9.17081E+18,9,3,74,122,2017,8,11,1,3,8,1,0,0,0,1,0,0,0,7.4063E+20,5.51329E+21,1.23388E+16,4.9724E+16
179870,9.17081E+18,9,3,72,126,2017,8,19,1,3,1,5,1,1,0,0,0,0,0,7.79572E+20,5.46905E+21,1.28467E+16,4.93101E+16
179871,9.17081E+18,9,3,62,0,2017,8,1,1,3,0,1,1,0,0,0,0,2,0,7.32218E+20,5.43076E+21,1.21742E+16,4.89861E+16
179872,9.17081E+18,9,3,71,144,2017,8,17,1,3,0,7,1,0,0,0,0,0,0,7.05072E+20,5.48483E+21,1.18313E+16,4.94814E+16
179873,9.17081E+18,9,3,76,170,2017,8,1,1,2,0,1,1,0,0,0,0,2,0,7.26059E+20,5.45972E+21,1.21064E+16,4.92485E+16
179874,9.17081E+18,9,2,71,119,2017,8,1,1,3,8,1,0,1,0,0,0,2,0,7.8699E+20,5.41528E+21,1.29104E+16,4.88241E+16
179875,9.17081E+18,9,2,75,120,2017,8,13,1,3,6,7,0,0,1,1,0,0,0,8.13792E+20,5.40236E+21,1.32647E+16,4.86953E+16
179876,9.17081E+18,9,1,73,118,2017,8,3,1,3,6,6,0,1,1,0,0,2,1,6.87274E+20,5.30662E+21,1.15051E+16,4.78856E+16
179877,9.17081E+18,9,1,82,124,2017,8,10,1,2,0,1,1,0,0,0,0,0,1,7.06413E+20,5.28051E+21,1.17484E+16,4.7645E+16
179878,9.17081E+18,9,1,76,139,2017,8,16,1,2,0,1,1,0,0,0,0,0,0,6.83125E+20,5.40957E+21,1.14944E+16,4.88121E+16
179879,9.17081E+18,9,1,86,143,2017,8,13,1,3,2,6,0,1,0,0,0,0,0,6.84934E+20,5.37819E+21,1.1505E+16,4.85296E+16
179880,9.17081E+18,9,1,79,111,2017,8,18,1,3,5,3,0,1,0,1,0,0,0,6.57337E+20,5.33882E+21,1.11168E+16,4.81831E+16
179881,9.17081E+18,9,1,79,121,2017,8,0,1,3,0,1,1,0,0,0,0,2,0,6.68028E+20,5.34037E+21,1.12611E+16,4.81943E+16
179882,9.17081E+18,9,1,77,117,2017,8,20,1,3,0,7,1,0,0,0,0,0,0,7.14269E+20,5.35553E+21,1.18903E+16,4.83166E+16
179883,9.17081E+18,9,1,62,0,2017,8,18,7,3,5,7,1,1,0,0,0,0,0,6.92332E+20,5.3317E+21,1.15839E+16,4.81095E+16
179884,9.17081E+18,9,1,84,141,2017,8,15,7,3,4,7,0,1,0,0,1,0,0,6.96458E+20,5.31277E+21,1.16306E+16,4.79381E+16
179885,9.17081E+18,9,1,62,0,2017,8,10,7,3,5,2,1,1,0,0,0,0,0,6.84596E+20,5.33502E+21,1.14815E+16,4.81416E+16
179886,9.17081E+18,9,1,62,0,2017,8,22,7,3,5,3,1,1,0,0,0,2,1,6.89508E+20,5.33259E+21,1.15464E+16,4.81184E+16
179887,9.17081E+18,9,1,88,120,2017,8,13,7,2,0,1,1,0,0,0,0,0,0,6.78473E+20,5.32824E+21,1.13964E+16,4.80824E+16
179888,9.17081E+18,9,1,62,0,2017,8,21,7,3,5,3,1,1,0,0,0,2,1,6.91725E+20,5.33469E+21,1.15771E+16,4.81365E+16
179889,9.17081E+18,9,1,84,131,2017,8,22,7,3,6,7,0,0,1,1,0,2,1,7.04804E+20,5.33775E+21,1.17542E+16,4.816E+16
179890,9.17081E+18,9,1,62,0,2017,8,16,7,2,6,4,0,1,1,0,0,0,0,6.86762E+20,5.33664E+21,1.15113E+16,4.81556E+16
179891,9.17081E+18,9,1,62,0,2017,8,17,7,3,1,7,1,1,0,0,0,0,0,6.94057E+20,5.34283E+21,1.16121E+16,4.8209E+16
179892,9.17081E+18,9,1,62,0,2017,8,19,7,3,0,6,1,0,0,0,0,1,1,6.90779E+20,5.33814E+21,1.15659E+16,4.81678E+16
179893,9.17081E+18,9,1,84,131,2017,8,20,7,3,0,1,1,0,0,0,0,0,0,7.04089E+20,5.33911E+21,1.17452E+16,4.81724E+16
179894,9.17081E+18,9,1,62,0,2017,8,13,7,3,8,7,0,1,0,0,0,0,0,6.93259E+20,5.33009E+21,1.15956E+16,4.80947E+16
179895,9.17081E+18,9,1,62,0,2017,8,6,7,2,0,7,1,0,0,0,0,0,0,6.88562E+20,5.33239E+21,1.15336E+16,4.81168E+16
179896,9.17081E+18,9,1,62,0,2017,8,2,7,2,0,1,1,0,0,0,0,2,0,6.91775E+20,5.33404E+21,1.15775E+16,4.81307E+16
179897,9.17081E+18,9,7,64,0,2017,8,9,7,3,1,7,1,1,0,0,0,0,0,5.87626E+20,5.31572E+21,1.01744E+16,4.79888E+16
179898,9.17081E+18,9,7,63,0,2017,8,1,7,3,1,5,0,1,0,1,0,2,0,5.98741E+20,5.28615E+21,1.03166E+16,4.77212E+16
179899,9.17081E+18,9,7,79,184,2017,8,3,7,3,0,7,0,1,0,0,0,2,0,6.15865E+20,5.40364E+21,1.0577E+16,4.8775E+16
179900,9.17081E+18,9,7,72,163,2017,8,16,7,3,0,1,0,0,0,1,0,0,0,6.4003E+20,5.34776E+21,1.0887E+16,4.82675E+16
179901,9.17081E+18,9,7,72,163,2017,8,1,7,3,9,1,1,0,0,0,0,2,0,6.38581E+20,5.34785E+21,1.08675E+16,4.82687E+16
179902,9.17081E+18,9,7,61,0,2017,8,15,7,3,5,3,0,1,0,0,0,0,0,6.38656E+20,5.36071E+21,1.08728E+16,4.83843E+16
179903,9.17081E+18,9,7,61,0,2017,8,14,7,3,5,3,1,1,0,0,0,0,0,6.39427E+20,5.35998E+21,1.08829E+16,4.83775E+16
179904,9.17081E+18,9,7,61,0,2017,8,11,7,3,5,3,1,1,0,0,0,0,0,6.39388E+20,5.36005E+21,1.08824E+16,4.83782E+16
179905,9.17081E+18,9,7,61,0,2017,8,11,7,3,0,7,1,0,0,0,0,0,0,6.39706E+20,5.35883E+21,1.08863E+16,4.83672E+16
179906,9.17081E+18,9,6,63,0,2017,8,20,7,3,4,2,0,1,0,0,0,0,0,5.69223E+20,5.51848E+21,9.96221E+15,4.98148E+16
179907,9.17081E+18,9,6,63,0,2017,8,19,7,3,0,1,1,0,0,0,0,0,0,5.69152E+20,5.51568E+21,9.96072E+15,4.97896E+16
179908,9.17081E+18,9,6,77,203,2017,8,10,7,3,0,1,1,1,0,0,0,0,0,5.59546E+20,5.52833E+21,9.82923E+15,4.99044E+16
179909,9.17081E+18,9,6,78,150,2017,8,12,7,2,3,6,1,1,0,0,0,0,0,5.90732E+20,5.53469E+21,1.02649E+16,4.99577E+16
179910,9.17081E+18,9,5,72,132,2017,8,13,7,3,0,1,0,1,0,1,0,0,0,6.35964E+20,5.49211E+21,1.08803E+16,4.95663E+16
179911,9.17081E+18,9,5,62,0,2017,8,13,7,3,4,2,1,1,0,0,0,0,0,6.42397E+20,5.49555E+21,1.09705E+16,4.95958E+16
179912,9.17081E+18,9,5,65,0,2017,8,16,7,2,0,7,1,0,0,0,0,0,0,6.46681E+20,5.46409E+21,1.10181E+16,4.93119E+16
179913,9.17081E+18,9,5,63,0,2017,8,11,7,3,5,2,0,1,0,0,0,0,0,6.42325E+20,5.48243E+21,1.09648E+16,4.94779E+16
179914,9.17081E+18,9,5,64,0,2017,8,2,7,3,6,7,0,1,1,0,0,2,0,6.52967E+20,5.48252E+21,1.11116E+16,4.9476E+16
179915,9.17081E+18,9,5,64,0,2017,8,14,7,3,5,7,1,1,0,0,0,0,0,6.48803E+20,5.48033E+21,1.10534E+16,4.94574E+16
179916,9.17081E+18,9,5,73,127,2017,8,13,7,3,0,1,1,0,0,0,0,0,0,6.45013E+20,5.47591E+21,1.09995E+16,4.94186E+16
179917,9.17081E+18,9,5,77,177,2017,8,16,7,3,5,3,1,0,0,0,0,0,0,6.43684E+20,5.43168E+21,1.09653E+16,4.90212E+16
179918,9.17081E+18,9,5,77,140,2017,8,13,7,3,5,7,1,1,0,0,0,0,0,6.26805E+20,5.42649E+21,1.0733E+16,4.89783E+16
179919,9.17081E+18,9,5,71,180,2017,8,14,7,3,0,1,1,0,0,0,0,0,0,6.30215E+20,5.46097E+21,1.07907E+16,4.92876E+16
179920,9.17081E+18,9,5,75,112,2017,8,16,7,2,5,3,1,1,0,0,0,0,0,6.03205E+20,5.4842E+21,1.04254E+16,4.95016E+16
179921,9.17081E+18,9,5,61,0,2017,8,19,7,3,5,2,1,1,0,0,0,0,0,6.15582E+20,5.46203E+21,1.05898E+16,4.93001E+16
179922,9.17081E+18,9,4,71,165,2017,8,18,7,3,5,3,0,1,0,0,0,0,0,6.28472E+20,5.53284E+21,1.07902E+16,4.99341E+16
179923,9.17081E+18,9,3,63,0,2017,8,9,7,3,0,1,1,0,0,0,0,0,0,7.28877E+20,5.50763E+21,1.21727E+16,4.96777E+16
179924,9.17081E+18,9,3,62,0,2017,8,18,7,3,0,2,1,0,0,0,1,0,0,7.26521E+20,5.43496E+21,1.20988E+16,4.90259E+16
179925,9.17081E+18,9,3,76,119,2017,8,18,7,3,0,7,1,0,0,0,0,0,0,7.22397E+20,5.45435E+21,1.20531E+16,4.92015E+16
179926,9.17081E+18,9,2,63,0,2017,8,15,7,3,0,3,1,1,0,0,0,0,0,7.63176E+20,5.41964E+21,1.25894E+16,4.88738E+16
179927,9.17081E+18,9,2,76,117,2017,8,19,7,3,2,6,1,0,0,0,0,0,0,7.9924E+20,5.44317E+21,1.30973E+16,4.90686E+16
179928,9.17081E+18,9,2,77,116,2017,8,15,7,2,8,7,1,0,0,0,0,0,0,7.77937E+20,5.36717E+21,1.27551E+16,4.83964E+16
179929,9.17081E+18,9,2,74,184,2017,8,12,7,3,0,1,1,1,0,0,0,0,0,7.4658E+20,5.37416E+21,1.23363E+16,4.84722E+16
179930,9.17081E+18,9,2,74,124,2017,8,16,7,3,0,1,1,0,0,0,0,0,0,7.22325E+20,5.37519E+21,1.20092E+16,4.84904E+16
179931,9.17081E+18,9,1,80,134,2017,8,17,7,2,0,7,1,0,0,0,0,0,0,6.62145E+20,5.28629E+21,1.11616E+16,4.77096E+16
179932,9.17081E+18,9,1,80,122,2017,8,16,7,3,0,1,0,0,0,0,1,0,0,6.6484E+20,5.25883E+21,1.11872E+16,4.7462E+16
179933,9.17081E+18,9,1,71,112,2017,8,17,7,2,0,1,1,0,0,0,0,0,0,7.84104E+20,5.34107E+21,1.28207E+16,4.81593E+16
179934,9.17081E+18,9,1,82,137,2017,8,11,7,3,0,1,1,0,0,0,0,0,0,7.08596E+20,5.31031E+21,1.17917E+16,4.79121E+16
179935,9.17081E+18,9,1,87,169,2017,8,10,7,3,0,7,1,0,0,0,1,0,0,7.36667E+20,5.29904E+21,1.21607E+16,4.78011E+16
179936,9.17081E+18,9,1,82,129,2017,8,13,7,3,0,1,1,0,0,0,0,0,0,7.07747E+20,5.28367E+21,1.17676E+16,4.7673E+16
179937,9.17081E+18,9,1,82,111,2017,8,21,7,2,0,1,0,0,0,1,0,2,0,7.04419E+20,5.28803E+21,1.17254E+16,4.77133E+16
179938,9.17081E+18,9,1,61,0,2017,8,16,7,3,0,1,1,0,0,0,0,0,0,6.78313E+20,5.4041E+21,1.14266E+16,4.87643E+16
179939,9.17081E+18,9,1,61,0,2017,8,9,7,3,5,2,0,1,0,0,0,0,0,6.78487E+20,5.40387E+21,1.14288E+16,4.87622E+16
179940,9.17081E+18,9,1,76,124,2017,8,19,7,3,5,3,0,1,0,0,1,0,0,6.70178E+20,5.4107E+21,1.13187E+16,4.88259E+16
179941,9.17081E+18,9,1,88,113,2017,8,19,7,2,0,1,1,0,0,0,0,0,0,6.77314E+20,5.31708E+21,1.13763E+16,4.79825E+16
179942,9.17081E+18,9,1,79,123,2017,8,16,7,3,1,3,1,1,0,0,0,0,0,6.76131E+20,5.33392E+21,1.13674E+16,4.81341E+16
179943,9.17081E+18,9,1,79,121,2017,8,18,7,3,0,7,1,0,0,0,0,0,0,6.65225E+20,5.33672E+21,1.1222E+16,4.81623E+16
179944,9.17081E+18,9,1,74,122,2017,8,14,7,2,5,3,0,1,0,0,0,0,0,6.82812E+20,5.35169E+21,1.14647E+16,4.8292E+16
179945,9.17081E+18,9,1,78,120,2017,8,21,7,3,0,1,1,0,0,0,0,1,0,6.94532E+20,5.35222E+21,1.16228E+16,4.82933E+16
179946,9.17081E+18,9,1,75,135,2017,8,15,7,2,0,7,1,0,0,0,0,0,0,7.0962E+20,5.33921E+21,1.18196E+16,4.81716E+16
179947,9.17081E+18,9,1,78,143,2017,8,11,7,2,0,1,1,0,0,0,0,0,0,7.16777E+20,5.37333E+21,1.19333E+16,4.84757E+16
179948,9.17081E+18,9,1,78,124,2017,8,22,7,3,0,1,1,0,0,0,0,2,0,7.01864E+20,5.36399E+21,1.17272E+16,4.83967E+16
179949,9.17081E+18,9,1,77,118,2017,8,11,7,3,5,3,1,1,0,0,0,0,0,7.07952E+20,5.34424E+21,1.17996E+16,4.82173E+16
179950,9.17081E+18,9,1,77,116,2017,8,3,7,2,8,1,1,0,0,0,0,2,0,7.1396E+20,5.36029E+21,1.18885E+16,4.83595E+16
179951,9.1708E+18,9,1,62,0,2017,8,17,6,3,2,6,0,1,0,0,0,0,0,6.90491E+20,5.33725E+21,1.15617E+16,4.816E+16
179952,9.1708E+18,9,1,62,0,2017,8,20,6,3,5,2,1,0,0,0,0,0,0,6.85217E+20,5.33383E+21,1.14893E+16,4.81308E+16
179953,9.1708E+18,9,1,62,0,2017,8,0,6,3,6,7,0,1,1,0,0,2,1,6.9051E+20,5.33505E+21,1.15609E+16,4.81402E+16
179954,9.1708E+18,9,1,62,0,2017,8,21,6,2,5,3,0,1,0,0,0,2,0,6.9101E+20,5.3359E+21,1.1568E+16,4.81476E+16
179955,9.1708E+18,9,1,62,0,2017,8,10,6,3,2,6,0,1,0,0,0,0,0,6.93709E+20,5.33223E+21,1.16026E+16,4.81138E+16
179956,9.1708E+18,9,1,62,0,2017,8,17,6,3,0,7,1,0,0,0,0,0,0,6.93376E+20,5.3393E+21,1.16014E+16,4.81775E+16
179957,9.1708E+18,9,1,62,0,2017,8,19,6,3,6,4,1,0,1,0,0,0,0,6.89024E+20,5.33717E+21,1.15419E+16,4.81596E+16
179958,9.1708E+18,9,1,62,0,2017,8,16,6,3,2,6,0,1,0,0,1,0,0,6.87366E+20,5.33031E+21,1.15166E+16,4.80984E+16
179959,9.1708E+18,9,1,62,0,2017,8,11,6,3,0,7,1,0,0,0,0,0,0,6.87035E+20,5.33024E+21,1.15122E+16,4.80979E+16
179960,9.1708E+18,9,1,62,0,2017,8,12,6,3,6,4,0,0,1,1,0,0,0,6.91671E+20,5.33375E+21,1.1576E+16,4.81281E+16