OBJECTID,UIDENTSTLA,ULAND,UREGBEZ,UKREIS,UGEMEINDE,UJAHR,UMONAT,USTUNDE,UWOCHENTAG,UKATEGORIE,UART,UTYP1,IstRad,IstPKW,IstFuss,IstKrad,IstSonstig,LICHT,STRZUSTAND,LINREFX,LINREFY,XGCSWGS84,YGCSWGS84
179961,9.1708E+18,9,1,62,0,2017,8,13,6,3,2,6,0,1,0,1,0,0,0,6.92672E+20,5.33419E+21,1.15896E+16,4.81317E+16
179962,9.1708E+18,9,1,62,0,2017,8,9,6,3,0,5,1,1,0,0,0,0,0,6.88498E+20,5.32816E+21,1.15309E+16,4.80789E+16
179963,9.1708E+18,9,1,62,0,2017,8,12,6,3,5,2,1,1,0,0,0,0,0,6.90904E+20,5.33324E+21,1.15654E+16,4.81238E+16
179964,9.1708E+18,9,7,75,152,2017,8,15,6,3,5,7,1,0,0,1,0,0,0,5.77456E+20,5.35285E+21,1.00449E+16,4.83241E+16
179965,9.1708E+18,9,7,75,135,2017,8,16,6,3,6,4,0,0,1,0,1,0,0,5.74569E+20,5.35987E+21,1.00072E+16,4.83876E+16
179966,9.1708E+18,9,7,74,178,2017,8,18,6,3,5,3,0,1,0,0,0,0,0,6.06725E+20,5.36473E+21,1.04427E+16,4.84267E+16
179967,9.1708E+18,9,7,63,0,2017,8,17,6,3,2,6,0,1,0,1,0,0,0,5.99914E+20,5.28607E+21,1.03322E+16,4.77202E+16
179968,9.1708E+18,9,7,80,139,2017,8,22,6,3,0,1,1,0,0,0,0,2,0,5.97165E+20,5.2629E+21,1.02904E+16,4.75123E+16
179969,9.1708E+18,9,7,76,112,2017,8,17,6,2,4,6,0,1,0,0,0,0,0,5.75275E+20,5.27795E+21,1.00024E+16,4.76505E+16
179970,9.1708E+18,9,7,79,194,2017,8,23,6,3,8,7,1,0,0,0,0,2,0,6.0949E+20,5.41247E+21,1.04926E+16,4.88556E+16
179971,9.1708E+18,9,7,79,194,2017,8,8,6,3,1,5,0,1,0,1,0,0,0,6.09635E+20,5.41207E+21,1.04945E+16,4.88519E+16
179972,9.1708E+18,9,7,73,144,2017,8,16,6,3,9,1,1,0,0,0,0,0,0,6.05816E+20,5.38091E+21,1.04345E+16,4.85723E+16
179973,9.1708E+18,9,7,61,0,2017,8,7,6,3,5,3,1,1,0,0,0,0,1,6.4116E+20,5.35364E+21,1.09042E+16,4.83202E+16
179974,9.1708E+18,9,7,61,0,2017,8,16,6,3,0,1,1,0,0,0,0,0,0,6.40352E+20,5.35854E+21,1.08949E+16,4.83644E+16
179975,9.1708E+18,9,7,61,0,2017,8,13,6,3,6,4,0,0,1,1,0,0,0,6.3947E+20,5.36008E+21,1.08835E+16,4.83784E+16
179976,9.1708E+18,9,6,63,0,2017,8,14,6,3,5,3,0,1,0,0,0,0,0,5.68891E+20,5.51573E+21,9.95711E+15,4.97901E+16
179977,9.1708E+18,9,6,63,0,2017,8,10,6,3,5,2,0,1,0,1,0,0,0,5.6755E+20,5.51517E+21,9.93839E+15,4.97852E+16
179978,9.1708E+18,9,6,63,0,2017,8,16,6,3,4,6,0,0,0,1,0,0,0,5.63201E+20,5.5189E+21,9.87859E+15,4.98192E+16
179979,9.1708E+18,9,6,63,0,2017,8,9,6,2,1,5,1,1,0,0,0,0,0,5.66045E+20,5.51606E+21,9.91764E+15,4.97934E+16
179980,9.1708E+18,9,6,74,163,2017,8,12,6,3,1,1,0,1,0,0,0,0,0,6.1152E+20,5.53871E+21,1.05558E+16,4.99903E+16
179981,9.1708E+18,9,6,72,114,2017,8,7,6,3,6,4,0,1,1,0,0,0,0,5.77118E+20,5.56089E+21,1.00805E+16,5.01951E+16
179982,9.1708E+18,9,6,78,135,2017,8,18,6,3,4,2,0,1,0,0,0,0,0,5.9187E+20,5.54168E+21,1.02825E+16,5.00204E+16
179983,9.1708E+18,9,6,62,0,2017,8,16,6,3,3,6,0,1,0,0,1,0,0,5.86946E+20,5.54337E+21,1.02141E+16,5.00363E+16
179984,9.1708E+18,9,5,62,0,2017,8,22,6,2,0,7,1,0,0,0,1,2,0,6.4167E+20,5.49504E+21,1.09603E+16,4.95913E+16
179985,9.1708E+18,9,5,62,0,2017,8,8,6,3,4,2,1,1,0,0,0,0,0,6.45204E+20,5.49499E+21,1.10091E+16,4.959E+16
179986,9.1708E+18,9,5,76,143,2017,8,18,6,2,0,3,0,1,0,1,0,0,0,6.52255E+20,5.46013E+21,1.10932E+16,4.9275E+16
179987,9.1708E+18,9,5,74,132,2017,8,14,6,2,5,3,1,1,0,0,0,0,0,6.75778E+20,5.48593E+21,1.14278E+16,4.95005E+16
179988,9.1708E+18,9,5,64,0,2017,8,19,6,3,0,2,0,1,0,0,1,0,0,6.49964E+20,5.47984E+21,1.10692E+16,4.94527E+16
179989,9.1708E+18,9,5,64,0,2017,8,21,6,2,3,6,0,1,0,0,0,2,0,6.53382E+20,5.47587E+21,1.11148E+16,4.94161E+16
179990,9.1708E+18,9,5,64,0,2017,8,22,6,2,3,6,1,0,0,0,0,2,0,6.51215E+20,5.4799E+21,1.10865E+16,4.94529E+16
179991,9.1708E+18,9,5,64,0,2017,8,12,6,3,5,5,1,1,0,0,0,0,0,6.51162E+20,5.48219E+21,1.10866E+16,4.94735E+16
179992,9.1708E+18,9,5,64,0,2017,8,15,6,3,0,3,0,0,0,0,1,0,0,6.54613E+20,5.47463E+21,1.11313E+16,4.94047E+16
179993,9.1708E+18,9,5,64,0,2017,8,14,6,3,1,1,1,1,0,0,0,0,0,6.52002E+20,5.47774E+21,1.10965E+16,4.94333E+16
179994,9.1708E+18,9,5,61,0,2017,8,16,6,3,8,6,0,1,0,1,0,0,0,6.1077E+20,5.46389E+21,1.05242E+16,4.93177E+16
179995,9.1708E+18,9,4,75,169,2017,8,16,6,3,5,3,1,1,0,0,0,0,0,6.86778E+20,5.57323E+21,1.16217E+16,5.02817E+16
179996,9.1708E+18,9,4,75,136,2017,8,10,6,2,5,3,0,1,0,0,0,0,0,6.93749E+20,5.56822E+21,1.17169E+16,5.02343E+16
179997,9.1708E+18,9,4,76,145,2017,8,20,6,3,6,2,0,1,1,0,0,0,0,6.68416E+20,5.57099E+21,1.13632E+16,5.0267E+16
179998,9.1708E+18,9,4,73,141,2017,8,16,6,3,0,1,1,0,0,0,0,0,0,6.4062E+20,5.57348E+21,1.09744E+16,5.02967E+16
179999,9.1708E+18,9,4,72,176,2017,8,22,6,3,0,1,0,0,0,1,0,2,0,6.66479E+20,5.52874E+21,1.13177E+16,4.98879E+16
180000,9.1708E+18,9,4,74,134,2017,8,13,6,3,5,3,1,1,0,0,0,0,0,6.46175E+20,5.50593E+21,1.10266E+16,4.96882E+16
180001,9.1708E+18,9,4,71,133,2017,8,17,6,3,0,1,0,0,0,1,0,0,0,6.29297E+20,5.54374E+21,1.08054E+16,5.00319E+16
180002,9.1708E+18,9,3,75,174,2017,8,13,6,3,5,3,0,1,0,1,0,0,0,7.33318E+20,5.43097E+21,1.21893E+16,4.89875E+16
180003,9.1708E+18,9,3,62,0,2017,8,13,6,3,1,6,0,1,0,0,1,0,0,7.28669E+20,5.43229E+21,1.21266E+16,4.90011E+16
180004,9.1708E+18,9,3,62,0,2017,8,1,6,3,0,7,1,0,0,0,0,2,0,7.26541E+20,5.43507E+21,1.20991E+16,4.90269E+16
180005,9.1708E+18,9,3,72,116,2017,8,11,6,3,2,6,0,1,0,0,0,0,0,7.66125E+20,5.45907E+21,1.26554E+16,4.92265E+16
180006,9.1708E+18,9,2,63,0,2017,8,21,6,3,5,3,0,1,0,1,0,1,0,7.64411E+20,5.42042E+21,1.26067E+16,4.88803E+16
180007,9.1708E+18,9,2,63,0,2017,8,6,6,3,5,3,1,1,0,0,0,0,1,7.62547E+20,5.41852E+21,1.25801E+16,4.8864E+16
180008,9.1708E+18,9,2,75,116,2017,8,15,6,2,5,3,1,1,0,0,0,0,0,8.20157E+20,5.36399E+21,1.33215E+16,4.83479E+16
180009,9.1708E+18,9,2,74,184,2017,8,5,6,3,0,1,0,0,0,1,0,0,1,7.47793E+20,5.37163E+21,1.23512E+16,4.8449E+16
180010,9.1708E+18,9,2,61,0,2017,8,19,6,3,0,1,1,0,0,0,0,0,0,7.33075E+20,5.38175E+21,1.21582E+16,4.85455E+16
180011,9.1708E+18,9,1,90,157,2017,8,16,6,3,0,4,0,0,0,0,1,0,0,6.59187E+20,5.30146E+21,1.11278E+16,4.78468E+16
180012,9.1708E+18,9,1,73,131,2017,8,13,6,3,4,6,1,0,0,1,0,0,0,6.80405E+20,5.27426E+21,1.13999E+16,4.75967E+16
180013,9.1708E+18,9,1,73,112,2017,8,18,6,3,1,6,0,1,0,0,0,0,0,6.91736E+20,5.29265E+21,1.15585E+16,4.77587E+16
180014,9.1708E+18,9,1,89,120,2017,8,18,6,3,5,3,0,1,0,0,0,0,0,7.5545E+20,5.29903E+21,1.24111E+16,4.77939E+16
180015,9.1708E+18,9,1,63,0,2017,8,13,6,3,2,6,0,1,0,0,1,0,0,7.32798E+20,5.30687E+21,1.21133E+16,4.78729E+16
180016,9.1708E+18,9,1,63,0,2017,8,11,6,2,0,1,1,0,0,0,0,0,0,7.3226E+20,5.30521E+21,1.21052E+16,4.78582E+16
180017,9.1708E+18,9,1,87,121,2017,8,13,6,2,0,1,1,0,0,0,0,0,0,7.53501E+20,5.30881E+21,1.23909E+16,4.78826E+16
180018,9.1708E+18,9,1,82,116,2017,8,11,6,3,0,1,1,1,0,0,0,0,0,7.05725E+20,5.29541E+21,1.17463E+16,4.77792E+16
180019,9.1708E+18,9,1,85,158,2017,8,10,6,3,0,1,1,0,0,0,0,0,1,6.67198E+20,5.38143E+21,1.12663E+16,4.85637E+16
180020,9.1708E+18,9,1,61,0,2017,8,12,6,3,5,7,0,1,0,0,0,0,0,6.75406E+20,5.40544E+21,1.13876E+16,4.87772E+16
180021,9.1708E+18,9,1,81,143,2017,8,19,6,3,0,7,1,0,0,0,0,0,0,6.3622E+20,5.31539E+21,1.08253E+16,4.79773E+16
180022,9.1708E+18,9,1,81,145,2017,8,13,6,3,5,3,0,1,0,0,0,0,0,6.47625E+20,5.33003E+21,1.09831E+16,4.81064E+16
180023,9.1708E+18,9,1,79,121,2017,8,14,6,3,5,3,0,1,0,0,0,0,0,6.67753E+20,5.33898E+21,1.12568E+16,4.81819E+16
180024,9.1708E+18,9,1,79,121,2017,8,12,6,3,0,2,1,1,0,0,0,0,0,6.65225E+20,5.33671E+21,1.1222E+16,4.81621E+16
180025,9.1708E+18,9,1,74,115,2017,8,22,6,3,4,2,1,1,0,0,0,2,0,6.80525E+20,5.34813E+21,1.14324E+16,4.82606E+16
180026,9.1708E+18,9,1,75,132,2017,8,15,6,3,1,5,1,1,0,0,0,0,0,7.0655E+20,5.33198E+21,1.17748E+16,4.81076E+16
180027,9.1708E+18,9,1,78,124,2017,8,6,6,3,0,1,1,0,0,0,0,1,1,7.00453E+20,5.36067E+21,1.17066E+16,4.83673E+16
180028,9.1708E+18,9,1,62,0,2017,8,21,5,3,5,3,1,1,0,0,0,2,0,6.88711E+20,5.33614E+21,1.15373E+16,4.81505E+16
180029,9.1708E+18,9,1,62,0,2017,8,9,5,3,5,3,1,0,0,1,0,0,0,6.81131E+20,5.33802E+21,1.14363E+16,4.81696E+16
180030,9.1708E+18,9,1,62,0,2017,8,17,5,3,5,3,0,1,0,0,0,0,0,6.92293E+20,5.33813E+21,1.15863E+16,4.81673E+16
180031,9.1708E+18,9,1,62,0,2017,8,8,5,3,4,6,1,0,0,0,0,0,0,6.89395E+20,5.33722E+21,1.15469E+16,4.816E+16
180032,9.1708E+18,9,1,84,135,2017,8,8,5,3,4,6,0,1,0,0,0,0,0,6.8649E+20,5.34901E+21,1.15131E+16,4.82668E+16
180033,9.1708E+18,9,1,62,0,2017,8,2,5,3,8,1,0,1,0,0,0,1,0,6.93431E+20,5.34036E+21,1.16026E+16,4.8187E+16
180034,9.1708E+18,9,1,62,0,2017,8,10,5,3,5,3,1,1,0,0,0,0,0,6.86793E+20,5.33667E+21,1.15117E+16,4.81558E+16
180035,9.1708E+18,9,1,84,144,2017,8,14,5,3,9,1,0,1,0,0,0,0,0,6.88304E+20,5.31702E+21,1.15234E+16,4.79788E+16
180036,9.1708E+18,9,1,62,0,2017,8,12,5,2,4,6,1,0,0,0,0,0,0,6.91092E+20,5.33801E+21,1.15701E+16,4.81666E+16
180037,9.1708E+18,9,1,62,0,2017,8,21,5,3,6,4,0,1,1,0,0,2,0,6.90538E+20,5.33526E+21,1.15614E+16,4.8142E+16
180038,9.1708E+18,9,1,84,135,2017,8,14,5,3,0,1,1,0,0,0,0,0,0,6.89829E+20,5.34756E+21,1.15574E+16,4.82528E+16
180039,9.1708E+18,9,1,62,0,2017,8,22,5,3,0,7,1,0,0,0,0,2,0,6.87205E+20,5.33787E+21,1.15178E+16,4.81665E+16
180040,9.1708E+18,9,1,62,0,2017,8,16,5,3,5,2,0,1,0,0,0,0,0,6.84382E+20,5.33219E+21,1.14774E+16,4.81162E+16
180041,9.1708E+18,9,1,62,0,2017,8,5,5,3,0,7,0,0,0,1,1,0,1,6.9051E+20,5.33495E+21,1.15609E+16,4.81393E+16
180042,9.1708E+18,9,7,75,152,2017,8,14,5,3,5,3,0,1,0,0,0,0,0,5.7751E+20,5.35289E+21,1.00456E+16,4.83245E+16
180043,9.1708E+18,9,7,75,135,2017,8,8,5,3,1,1,0,1,0,0,1,0,0,5.75118E+20,5.36147E+21,1.00149E+16,4.84019E+16
180044,9.1708E+18,9,7,78,171,2017,8,12,5,3,2,6,0,1,0,0,0,0,0,5.90915E+20,5.316E+21,1.02186E+16,4.79908E+16
180045,9.1708E+18,9,7,74,185,2017,8,18,5,3,5,3,0,1,0,1,0,0,1,6.08661E+20,5.3489E+21,1.04647E+16,4.8284E+16
180046,9.1708E+18,9,7,74,135,2017,8,17,5,3,9,1,1,0,0,0,0,0,0,5.94096E+20,5.36755E+21,1.02726E+16,4.8454E+16
180047,9.1708E+18,9,7,78,116,2017,8,18,5,3,3,2,1,1,0,0,0,0,0,6.22186E+20,5.31706E+21,1.06378E+16,4.79951E+16
180048,9.1708E+18,9,7,63,0,2017,8,7,5,3,0,7,1,0,0,0,0,0,0,5.99051E+20,5.28553E+21,1.03206E+16,4.77155E+16
180049,9.1708E+18,9,7,80,124,2017,8,17,5,3,0,7,0,0,0,1,0,0,0,5.92996E+20,5.26773E+21,1.02361E+16,4.75564E+16
180050,9.1708E+18,9,7,63,0,2017,8,10,5,2,5,3,0,1,0,1,0,0,0,6.00272E+20,5.29108E+21,1.03382E+16,4.77652E+16
180051,9.1708E+18,9,7,80,123,2017,8,13,5,2,0,1,0,0,0,1,0,0,0,6.08092E+20,5.2577E+21,1.04343E+16,4.74638E+16
180052,9.1708E+18,9,7,76,128,2017,8,11,5,3,8,1,1,0,0,0,0,0,0,5.4789E+20,5.26984E+21,9.63685E+15,4.75802E+16
180053,9.1708E+18,9,7,80,124,2017,8,12,5,3,8,1,0,1,0,0,0,0,0,5.92214E+20,5.26835E+21,1.02259E+16,4.75621E+16
180054,9.1708E+18,9,7,79,194,2017,8,6,5,3,5,3,1,1,0,0,0,0,0,6.09801E+20,5.41184E+21,1.04967E+16,4.88498E+16
180055,9.1708E+18,9,7,61,0,2017,8,16,5,3,4,2,0,1,0,0,0,0,0,6.39367E+20,5.36089E+21,1.08824E+16,4.83857E+16
180056,9.1708E+18,9,7,61,0,2017,8,9,5,3,5,3,0,1,0,0,0,0,0,6.40467E+20,5.35823E+21,1.08964E+16,4.83616E+16
180057,9.1708E+18,9,7,61,0,2017,8,8,5,3,2,6,0,1,0,0,0,0,0,6.40076E+20,5.35909E+21,1.08914E+16,4.83694E+16
180058,9.1708E+18,9,6,63,0,2017,8,18,5,3,0,2,1,1,0,0,0,0,0,5.6991E+20,5.5164E+21,9.97139E+15,4.9796E+16
180059,9.1708E+18,9,6,63,0,2017,8,18,5,3,5,3,0,1,0,0,1,0,0,5.68033E+20,5.51712E+21,9.94544E+15,4.98027E+16
180060,9.1708E+18,9,6,71,156,2017,8,21,5,3,0,6,0,1,0,0,0,2,0,5.21064E+20,5.53583E+21,9.29376E+15,4.99745E+16
180061,9.1708E+18,9,5,62,0,2017,8,17,5,3,1,3,1,0,0,0,1,0,0,6.46716E+20,5.48995E+21,1.10282E+16,4.95444E+16
180062,9.1708E+18,9,5,62,0,2017,8,9,5,3,2,6,0,1,0,0,0,0,1,6.44786E+20,5.4933E+21,1.10027E+16,4.95749E+16
180063,9.1708E+18,9,5,74,132,2017,8,19,5,3,5,3,1,1,0,0,0,0,1,6.76511E+20,5.48621E+21,1.1438E+16,4.95028E+16
180064,9.1708E+18,9,5,63,0,2017,8,10,5,3,5,2,1,1,0,0,0,0,1,6.44852E+20,5.48124E+21,1.09992E+16,4.94665E+16
180065,9.1708E+18,9,5,64,0,2017,8,16,5,3,2,6,0,1,0,1,0,0,0,6.51416E+20,5.47933E+21,1.1089E+16,4.94478E+16
180066,9.1708E+18,9,5,64,0,2017,8,12,5,3,2,6,0,1,0,0,0,0,1,6.52757E+20,5.47977E+21,1.11077E+16,4.94514E+16
180067,9.1708E+18,9,5,64,0,2017,8,20,5,3,2,6,0,1,0,0,1,0,1,6.52485E+20,5.47968E+21,1.11039E+16,4.94506E+16
180068,9.1708E+18,9,5,64,0,2017,8,13,5,3,5,7,0,1,0,1,0,0,0,6.49866E+20,5.47745E+21,1.10669E+16,4.94312E+16
180069,9.1708E+18,9,5,64,0,2017,8,11,5,3,5,3,0,1,0,0,0,0,1,6.46497E+20,5.48058E+21,1.10217E+16,4.94602E+16
180070,9.1708E+18,9,5,64,0,2017,8,7,5,3,0,1,0,0,0,1,0,0,0,6.49449E+20,5.47886E+21,1.10617E+16,4.9444E+16
180071,9.1708E+18,9,5,64,0,2017,8,14,5,3,5,3,0,1,0,0,0,0,0,6.49118E+20,5.4771E+21,1.10565E+16,4.94282E+16
180072,9.1708E+18,9,5,64,0,2017,8,9,5,3,5,2,1,1,0,0,0,0,0,6.48332E+20,5.48142E+21,1.10473E+16,4.94673E+16
180073,9.1708E+18,9,5,73,134,2017,8,18,5,3,1,6,0,1,0,0,0,0,0,6.40307E+20,5.47759E+21,1.09352E+16,4.94348E+16
180074,9.1708E+18,9,5,77,177,2017,8,17,5,3,5,7,1,1,0,0,0,0,0,6.44072E+20,5.43343E+21,1.09713E+16,4.90369E+16
180075,9.1708E+18,9,5,77,173,2017,8,19,5,3,5,3,0,0,0,1,1,0,0,6.3976E+20,5.42467E+21,1.09093E+16,4.89591E+16
180076,9.1708E+18,9,5,75,118,2017,8,17,5,3,0,1,1,0,0,0,0,0,0,6.1738E+20,5.49428E+21,1.06241E+16,4.95897E+16
180077,9.1708E+18,9,5,61,0,2017,8,12,5,3,5,3,0,1,0,0,0,0,1,6.13773E+20,5.46166E+21,1.05649E+16,4.92971E+16
180078,9.1708E+18,9,4,62,0,2017,8,11,5,3,2,6,0,1,0,0,0,0,0,6.838E+20,5.53477E+21,1.15614E+16,4.9937E+16
180079,9.1708E+18,9,3,62,0,2017,8,22,5,3,6,6,0,1,1,0,0,2,0,7.26582E+20,5.43432E+21,1.20993E+16,4.90202E+16
180080,9.1708E+18,9,3,72,116,2017,8,9,5,2,8,1,1,0,0,0,0,0,0,7.6665E+20,5.45823E+21,1.2662E+16,4.92187E+16
180081,9.1708E+18,9,3,61,0,2017,8,10,5,3,5,3,1,1,0,0,0,0,0,7.08834E+20,5.47984E+21,1.18805E+16,4.94353E+16
180082,9.1708E+18,9,2,63,0,2017,8,16,5,3,5,3,0,1,0,1,0,0,0,7.61826E+20,5.41891E+21,1.25705E+16,4.88678E+16
180083,9.1708E+18,9,2,63,0,2017,8,13,5,3,2,6,0,1,0,1,0,0,0,7.64943E+20,5.42093E+21,1.26143E+16,4.88847E+16
180084,9.1708E+18,9,2,71,119,2017,8,20,5,3,8,1,0,1,0,0,0,2,0,7.89865E+20,5.41838E+21,1.29516E+16,4.88506E+16
180085,9.1708E+18,9,2,77,145,2017,8,19,5,3,5,3,1,1,0,0,0,0,0,7.986E+20,5.35351E+21,1.30239E+16,4.82644E+16
180086,9.1708E+18,9,2,75,146,2017,8,12,5,3,2,6,0,1,0,0,0,0,0,8.30092E+20,5.39504E+21,1.34797E+16,4.86212E+16
180087,9.1708E+18,9,2,75,141,2017,8,14,5,3,5,3,1,1,0,0,0,0,0,8.18994E+20,5.37035E+21,1.33107E+16,4.84055E+16
180088,9.1708E+18,9,2,74,184,2017,8,17,5,3,5,3,0,1,0,0,0,0,0,7.47466E+20,5.37087E+21,1.23464E+16,4.84423E+16
180089,9.1708E+18,9,1,90,141,2017,8,13,5,3,0,7,0,1,0,0,0,0,0,6.78119E+20,5.29185E+21,1.13767E+16,4.77554E+16
180090,9.1708E+18,9,1,80,122,2017,8,17,5,3,1,6,1,1,0,0,0,0,0,6.66844E+20,5.26202E+21,1.1215E+16,4.74902E+16
180091,9.1708E+18,9,1,80,117,2017,8,17,5,2,6,4,0,1,1,0,0,0,0,6.58456E+20,5.26214E+21,1.11037E+16,4.74934E+16
180092,9.17081E+18,9,1,63,0,2017,8,8,6,2,5,3,1,0,0,0,1,0,1,7.31435E+20,5.30418E+21,1.20937E+16,4.78492E+16
180093,9.17081E+18,9,1,76,137,2017,8,9,6,2,4,6,0,1,0,0,1,0,1,6.69623E+20,5.42939E+21,1.13189E+16,4.89941E+16
180094,9.17081E+18,9,1,81,121,2017,8,18,6,3,5,3,0,1,0,0,0,0,0,6.37048E+20,5.31211E+21,1.08354E+16,4.79477E+16
180095,9.17081E+18,9,1,79,132,2017,8,1,6,3,9,1,0,1,0,0,0,2,1,6.60495E+20,5.33844E+21,1.11591E+16,4.81789E+16
180096,9.17081E+18,9,1,81,144,2017,8,16,6,3,0,1,1,0,0,0,0,0,1,6.55573E+20,5.32127E+21,1.10866E+16,4.80258E+16
180097,9.17081E+18,9,1,78,124,2017,8,13,6,3,3,2,1,1,0,0,0,0,0,7.03983E+20,5.3594E+21,1.17536E+16,4.83548E+16
180098,9.17081E+18,9,1,78,143,2017,8,9,6,2,0,7,1,0,0,0,0,0,1,7.16775E+20,5.37332E+21,1.19332E+16,4.84756E+16
180099,9.17081E+18,9,1,62,0,2017,8,18,5,3,5,2,1,1,0,0,0,0,0,6.91345E+20,5.33843E+21,1.15737E+16,4.81703E+16
180100,9.17081E+18,9,1,62,0,2017,8,14,5,3,0,2,0,1,0,0,1,0,1,6.86214E+20,5.33484E+21,1.15032E+16,4.81396E+16
180101,9.17081E+18,9,1,62,0,2017,8,15,5,3,5,3,0,1,0,1,0,0,1,6.97735E+20,5.3368E+21,1.16588E+16,4.81537E+16
180102,9.17081E+18,9,1,62,0,2017,8,22,5,3,4,2,0,1,0,0,0,2,1,6.91384E+20,5.33808E+21,1.1574E+16,4.81672E+16
180103,9.17081E+18,9,1,62,0,2017,8,22,5,2,1,2,0,1,1,0,0,2,1,6.85457E+20,5.33911E+21,1.14949E+16,4.81781E+16
180104,9.17081E+18,9,1,62,0,2017,8,16,5,3,4,2,1,1,0,0,0,0,1,6.93944E+20,5.33367E+21,1.16064E+16,4.81268E+16
180105,9.17081E+18,9,1,84,119,2017,8,21,5,3,6,4,0,1,1,0,0,2,1,6.94522E+20,5.34775E+21,1.16206E+16,4.82531E+16
180106,9.17081E+18,9,1,62,0,2017,8,23,5,3,0,1,0,0,0,1,0,2,0,6.82886E+20,5.3341E+21,1.14581E+16,4.81338E+16
180107,9.17081E+18,9,1,62,0,2017,8,17,5,3,5,2,1,1,0,0,0,0,1,6.89236E+20,5.34014E+21,1.15461E+16,4.81863E+16
180108,9.17081E+18,9,3,62,0,2017,8,6,6,2,2,6,0,1,0,0,1,0,1,7.29342E+20,5.43505E+21,1.21374E+16,4.90257E+16
180109,9.17081E+18,9,3,62,0,2017,8,15,6,3,0,1,0,0,0,1,0,0,1,7.2931E+20,5.43502E+21,1.21369E+16,4.90254E+16
180110,9.17081E+18,9,3,71,122,2017,8,13,6,3,4,6,0,1,0,0,0,0,1,7.17523E+20,5.48532E+21,1.20032E+16,4.94815E+16
180111,9.17081E+18,9,2,62,0,2017,8,17,6,3,0,6,1,0,0,0,0,0,1,8.30542E+20,5.39178E+21,1.34832E+16,4.85918E+16
180112,9.17081E+18,9,1,62,0,2017,8,21,5,3,0,7,1,0,0,0,0,2,1,6.8798E+20,5.33863E+21,1.15285E+16,4.81731E+16
180113,9.17081E+18,9,1,62,0,2017,8,12,5,3,2,6,0,1,0,0,0,0,0,6.9166E+20,5.33279E+21,1.15754E+16,4.81195E+16
180114,9.17081E+18,9,1,84,130,2017,8,8,5,3,0,3,0,1,0,0,1,0,0,6.99874E+20,5.34548E+21,1.16916E+16,4.8231E+16
180115,9.17081E+18,9,1,62,0,2017,8,17,5,3,5,3,1,1,0,0,0,1,1,6.88452E+20,5.33381E+21,1.15328E+16,4.81296E+16
180116,9.17081E+18,9,1,62,0,2017,8,17,5,3,0,5,0,1,0,1,0,0,1,6.91338E+20,5.33394E+21,1.15716E+16,4.813E+16
180117,9.17081E+18,9,7,64,0,2017,8,17,5,3,4,2,0,1,0,0,0,0,1,5.88748E+20,5.31465E+21,1.01892E+16,4.7979E+16
180118,9.17081E+18,9,7,80,114,2017,8,23,5,2,8,1,0,1,0,0,0,2,1,6.06325E+20,5.28868E+21,1.04183E+16,4.77427E+16
180119,9.17081E+18,9,7,62,0,2017,8,10,5,3,5,3,0,1,0,0,0,0,1,6.21215E+20,5.30465E+21,1.06213E+16,4.78837E+16
180120,9.17081E+18,9,7,62,0,2017,8,8,5,2,0,1,1,0,0,0,0,0,1,6.20237E+20,5.30525E+21,1.06084E+16,4.78893E+16
180121,9.17081E+18,9,7,79,131,2017,8,13,5,2,0,1,1,0,0,0,0,0,0,6.30236E+20,5.39741E+21,1.07706E+16,4.87162E+16
180122,9.17081E+18,9,7,73,125,2017,8,15,5,3,0,1,1,0,0,0,0,0,0,6.10032E+20,5.38261E+21,1.04921E+16,4.85869E+16
180123,9.17081E+18,9,7,72,200,2017,8,15,5,3,1,6,0,1,0,0,0,0,1,6.31059E+20,5.33743E+21,1.0763E+16,4.81766E+16
180124,9.17081E+18,9,7,71,129,2017,8,15,5,3,0,7,1,0,0,0,0,0,1,6.54445E+20,5.35608E+21,1.10842E+16,4.8339E+16
180125,9.17081E+18,9,7,61,0,2017,8,11,5,3,5,3,0,1,0,1,0,0,0,6.38377E+20,5.35847E+21,1.08683E+16,4.83642E+16
180126,9.17081E+18,9,7,61,0,2017,8,8,5,3,0,7,1,0,0,0,0,0,0,6.3694E+20,5.36254E+21,1.08502E+16,4.84012E+16
180127,9.17081E+18,9,7,61,0,2017,8,12,5,3,0,5,1,1,0,0,0,0,0,6.40535E+20,5.36194E+21,1.08985E+16,4.83949E+16
180128,9.17081E+18,9,7,61,0,2017,8,16,5,3,0,1,1,0,0,0,0,0,1,6.40317E+20,5.35878E+21,1.08945E+16,4.83665E+16
180129,9.17081E+18,9,7,71,113,2017,8,16,5,3,5,3,0,1,0,1,0,0,1,6.5722E+20,5.37083E+21,1.11271E+16,4.8471E+16
180130,9.17081E+18,9,6,79,175,2017,8,11,5,3,5,3,0,1,0,1,0,0,1,5.71076E+20,5.51172E+21,9.98673E+15,4.97537E+16
180131,9.17081E+18,9,6,73,114,2017,8,14,5,3,5,3,0,1,0,1,0,0,0,5.86415E+20,5.57482E+21,1.02139E+16,5.03191E+16
180132,9.17081E+18,9,6,72,114,2017,8,14,5,3,0,7,1,0,0,0,0,0,0,5.76713E+20,5.56144E+21,1.00749E+16,5.02001E+16
180133,9.17081E+18,9,6,78,160,2017,8,7,5,3,0,7,1,0,0,0,1,0,0,5.82741E+20,5.54718E+21,1.01562E+16,5.00712E+16