OBJECTID,UIDENTSTLA,ULAND,UREGBEZ,UKREIS,UGEMEINDE,UJAHR,UMONAT,USTUNDE,UWOCHENTAG,UKATEGORIE,UART,UTYP1,IstRad,IstPKW,IstFuss,IstKrad,IstSonstig,LICHT,STRZUSTAND,LINREFX,LINREFY,XGCSWGS84,YGCSWGS84
180478,9.17081E+18,9,5,62,0,2017,8,12,2,3,5,3,1,1,0,0,0,0,0,6.41007E+20,5.4954E+21,1.09512E+16,4.95947E+16
180479,9.17081E+18,9,5,74,138,2017,8,12,2,2,0,1,1,0,0,0,0,0,0,6.61629E+20,5.4894E+21,1.12339E+16,4.95357E+16
180480,9.17081E+18,9,5,63,0,2017,8,16,2,3,4,2,0,1,0,0,0,0,0,6.42765E+20,5.48074E+21,1.09702E+16,4.94625E+16
180481,9.17081E+18,9,5,64,0,2017,8,18,2,3,2,6,0,1,0,1,0,0,0,6.48547E+20,5.47781E+21,1.10489E+16,4.94348E+16
180482,9.17081E+18,9,5,64,0,2017,8,8,2,2,1,5,1,1,0,0,0,0,0,6.48164E+20,5.47707E+21,1.10433E+16,4.94282E+16
180483,9.17081E+18,9,5,64,0,2017,8,15,2,3,0,7,0,0,0,0,1,0,0,6.49966E+20,5.47905E+21,1.10689E+16,4.94456E+16
180484,9.17081E+18,9,5,64,0,2017,8,8,2,3,5,3,1,1,0,0,0,0,0,6.5072E+20,5.47868E+21,1.10792E+16,4.94421E+16
180485,9.17081E+18,9,5,71,223,2017,8,21,2,3,9,1,0,1,0,0,0,2,0,6.09431E+20,5.44884E+21,1.05017E+16,4.91826E+16
180486,9.17081E+18,9,5,71,224,2017,8,15,2,2,9,1,1,0,0,0,0,0,0,6.02398E+20,5.4308E+21,1.04006E+16,4.90216E+16
180487,9.17081E+18,9,4,64,0,2017,8,23,2,3,8,7,0,1,0,0,0,2,0,7.08458E+20,5.57851E+21,1.19285E+16,5.03218E+16
180488,9.17081E+18,9,4,72,175,2017,8,10,2,3,5,3,0,1,0,0,1,0,0,6.83038E+20,5.51419E+21,1.15411E+16,4.97523E+16
180489,9.17081E+18,9,4,72,175,2017,8,9,2,2,5,3,1,1,0,0,0,0,0,6.83282E+20,5.51406E+21,1.15444E+16,4.97511E+16
180490,9.17081E+18,9,4,62,0,2017,8,18,2,3,6,4,0,1,1,0,0,0,0,6.86364E+20,5.53746E+21,1.15984E+16,4.99604E+16
180491,9.17081E+18,9,4,71,195,2017,8,19,2,2,0,1,1,0,0,0,0,0,0,6.4481E+20,5.52778E+21,1.10158E+16,4.98849E+16
180492,9.17081E+18,9,3,77,159,2017,8,15,2,3,5,3,0,1,0,0,0,0,0,7.28655E+20,5.53355E+21,1.21849E+16,4.99105E+16
180493,9.17081E+18,9,3,77,148,2017,8,16,2,2,6,7,0,1,1,0,0,0,0,7.15567E+20,5.5353E+21,1.20038E+16,4.99312E+16
180494,9.17081E+18,9,3,77,129,2017,8,20,2,3,4,1,0,1,0,0,0,1,0,7.07772E+20,5.52837E+21,1.18916E+16,4.98716E+16
180495,9.17081E+18,9,3,77,129,2017,8,12,2,3,5,3,0,1,0,0,0,0,0,7.07457E+20,5.52902E+21,1.18876E+16,4.98776E+16
180496,9.17081E+18,9,3,72,126,2017,8,17,2,3,5,3,1,1,0,0,0,0,0,7.7987E+20,5.46851E+21,1.28504E+16,4.93051E+16
180497,9.17081E+18,9,3,72,116,2017,8,20,2,3,9,1,0,1,0,0,0,0,0,7.62988E+20,5.45598E+21,1.26104E+16,4.92002E+16
180498,9.17081E+18,9,3,72,153,2017,8,10,2,3,0,3,0,1,0,1,0,0,0,7.56891E+20,5.45632E+21,1.25271E+16,4.92057E+16
180499,9.17081E+18,9,3,75,131,2017,8,14,2,3,5,3,0,1,0,0,0,0,0,7.1227E+20,5.44588E+21,1.19098E+16,4.9129E+16
180500,9.17081E+18,9,3,76,161,2017,8,12,2,2,5,3,0,1,0,0,0,0,0,7.25828E+20,5.46857E+21,1.21082E+16,4.9328E+16
180501,9.17081E+18,9,3,76,146,2017,8,13,2,3,0,7,0,0,0,1,0,0,0,7.4403E+20,5.46574E+21,1.23566E+16,4.92956E+16
180502,9.17081E+18,9,3,61,0,2017,8,18,2,3,5,3,0,1,0,0,0,0,0,7.06099E+20,5.47982E+21,1.18428E+16,4.9436E+16
180503,9.17081E+18,9,2,76,130,2017,8,13,2,3,6,6,0,1,1,0,0,0,0,8.08817E+20,5.44371E+21,1.32285E+16,4.90687E+16
180504,9.17081E+18,9,2,76,146,2017,8,11,2,2,5,3,0,1,0,0,0,0,0,7.96832E+20,5.43133E+21,1.30558E+16,4.89635E+16
180505,9.17081E+18,9,2,71,119,2017,8,15,2,2,4,7,1,1,0,0,0,0,0,7.90843E+20,5.41595E+21,1.29632E+16,4.88284E+16
180506,9.17081E+18,9,2,71,122,2017,8,9,2,3,4,6,0,1,0,0,0,0,0,7.90143E+20,5.42217E+21,1.29581E+16,4.88845E+16
180507,9.17081E+18,9,2,77,145,2017,8,17,2,3,0,1,0,1,0,0,0,0,0,7.98749E+20,5.3538E+21,1.30261E+16,4.82668E+16
180508,9.17081E+18,9,2,77,117,2017,8,16,2,3,0,7,0,0,0,1,1,0,0,7.99265E+20,5.38337E+21,1.30541E+16,4.8532E+16
180509,9.17081E+18,9,1,90,120,2017,8,16,2,3,5,3,1,1,0,0,0,0,0,6.64823E+20,5.29574E+21,1.12009E+16,4.77939E+16
180510,9.17081E+18,9,1,90,148,2017,8,15,2,3,5,3,1,1,0,0,0,0,0,6.40238E+20,5.29675E+21,1.08731E+16,4.78088E+16
180511,9.17081E+18,9,1,80,124,2017,8,15,2,2,1,1,0,1,1,0,0,0,0,6.65332E+20,5.28314E+21,1.12029E+16,4.76805E+16
180512,9.17081E+18,9,1,83,148,2017,8,22,2,3,0,1,1,0,0,0,0,2,0,7.52501E+20,5.34406E+21,1.23983E+16,4.81995E+16
180513,9.17081E+18,9,1,86,113,2017,8,4,2,3,4,2,0,1,0,1,0,1,0,6.81524E+20,5.39388E+21,1.14657E+16,4.86716E+16
180514,9.17081E+18,9,1,76,148,2017,8,11,2,2,8,7,1,0,0,0,0,0,0,6.48302E+20,5.41546E+21,1.10226E+16,4.88743E+16
180515,9.17081E+18,9,1,79,142,2017,8,11,2,3,2,2,1,1,0,0,0,0,0,6.72922E+20,5.34313E+21,1.1328E+16,4.82178E+16
180516,9.17081E+18,9,1,81,130,2017,8,14,2,3,6,7,0,1,1,0,0,0,0,6.3989E+20,5.32356E+21,1.08772E+16,4.80499E+16
180517,9.17081E+18,9,1,81,130,2017,8,8,2,2,0,7,1,0,0,0,0,0,0,6.40028E+20,5.32327E+21,1.08789E+16,4.80473E+16
180518,9.17081E+18,9,1,79,123,2017,8,13,2,3,9,6,0,1,0,1,0,0,0,6.72632E+20,5.33275E+21,1.13199E+16,4.81246E+16
180519,9.17081E+18,9,1,79,123,2017,8,16,2,3,3,6,1,0,0,0,1,0,0,6.75932E+20,5.33362E+21,1.13646E+16,4.81315E+16
180520,9.17081E+18,9,1,88,127,2017,8,16,2,3,2,6,0,1,0,0,0,0,0,6.7653E+20,5.32972E+21,1.1371E+16,4.80962E+16
180521,9.17081E+18,9,1,79,121,2017,8,17,2,3,0,7,1,0,0,0,0,0,0,6.68434E+20,5.33871E+21,1.12659E+16,4.81793E+16
180522,9.17081E+18,9,1,74,115,2017,8,13,2,3,3,3,1,1,0,0,1,0,0,6.83709E+20,5.34804E+21,1.14752E+16,4.82589E+16
180523,9.17081E+18,9,1,74,126,2017,8,11,2,3,5,3,1,1,0,0,0,0,0,6.83356E+20,5.34432E+21,1.14689E+16,4.82255E+16
180524,9.17081E+18,9,1,62,0,2017,8,14,1,3,0,1,0,0,0,1,0,0,0,6.92176E+20,5.33437E+21,1.1583E+16,4.81335E+16
180525,9.17081E+18,9,1,84,139,2017,8,18,1,3,7,1,1,0,0,0,0,0,0,6.87769E+20,5.32645E+21,1.15203E+16,4.80637E+16
180526,9.17081E+18,9,1,62,0,2017,8,14,1,3,5,2,0,1,0,0,0,0,0,6.8768E+20,5.33431E+21,1.15226E+16,4.81343E+16
180527,9.17081E+18,9,1,62,0,2017,8,14,1,3,5,3,1,1,0,0,0,0,0,6.8398E+20,5.33808E+21,1.14746E+16,4.81693E+16
180528,9.17081E+18,9,1,84,134,2017,8,18,1,2,5,2,1,1,0,0,0,0,0,6.91566E+20,5.32171E+21,1.15691E+16,4.802E+16
180529,9.17081E+18,9,1,62,0,2017,8,17,1,3,1,1,1,0,0,0,1,0,0,6.93145E+20,5.3318E+21,1.15948E+16,4.81101E+16
180530,9.17081E+18,9,1,62,0,2017,8,17,1,3,1,2,1,1,0,0,0,0,0,6.88969E+20,5.33196E+21,1.15389E+16,4.81128E+16
180531,9.17081E+18,9,7,74,135,2017,8,1,1,3,0,7,1,0,0,0,0,2,0,5.94394E+20,5.36825E+21,1.02768E+16,4.84603E+16
180532,9.17081E+18,9,7,80,144,2017,8,18,1,3,0,7,1,0,0,0,0,0,0,5.81969E+20,5.2765E+21,1.00912E+16,4.76367E+16
180533,9.17081E+18,9,7,77,129,2017,8,12,1,3,6,4,1,0,1,0,0,0,0,6.27791E+20,5.2699E+21,1.06991E+16,4.75699E+16
180534,9.17081E+18,9,7,71,113,2017,8,14,1,3,0,3,0,1,0,1,0,0,0,6.52185E+20,5.36759E+21,1.10579E+16,4.84431E+16
180535,9.17081E+18,9,6,73,116,2017,8,14,1,3,0,7,1,0,0,0,0,0,0,5.86799E+20,5.58243E+21,1.0221E+16,5.03875E+16
180536,9.17081E+18,9,6,78,115,2017,8,18,1,2,1,5,1,1,0,0,0,0,0,5.84407E+20,5.54039E+21,1.0178E+16,5.00099E+16
180537,9.17081E+18,9,5,64,0,2017,8,18,1,3,4,7,0,1,0,0,0,0,0,6.49924E+20,5.47774E+21,1.10678E+16,4.94338E+16
180538,9.17081E+18,9,5,64,0,2017,8,10,1,3,0,6,1,0,0,0,0,0,0,6.45249E+20,5.48736E+21,1.10069E+16,4.95214E+16
180539,9.17081E+18,9,5,77,179,2017,8,5,1,3,0,7,1,0,0,0,0,2,0,6.2161E+20,5.42911E+21,1.06628E+16,4.90029E+16
180540,9.17081E+18,9,4,78,139,2017,8,21,1,3,6,4,0,1,1,0,0,2,0,6.47083E+20,5.55673E+21,1.10586E+16,5.01445E+16
180541,9.17081E+18,9,4,62,0,2017,8,15,1,3,0,6,1,0,0,0,1,0,0,6.83631E+20,5.53565E+21,1.15595E+16,4.99449E+16
180542,9.17081E+18,9,4,61,0,2017,8,23,1,3,0,7,0,1,0,0,0,2,0,6.3501E+20,5.52755E+21,1.08794E+16,4.98851E+16
180543,9.17081E+18,9,3,62,0,2017,8,18,1,3,5,3,0,1,0,0,0,0,0,7.25278E+20,5.4322E+21,1.20803E+16,4.90015E+16
180544,9.17081E+18,9,3,73,147,2017,8,16,1,3,2,6,0,1,0,0,1,0,0,6.80644E+20,5.46215E+21,1.14841E+16,4.92854E+16
180545,9.17081E+18,9,3,61,0,2017,8,12,1,3,0,7,1,0,1,0,0,0,0,7.08016E+20,5.47981E+21,1.18693E+16,4.94354E+16
180546,9.17081E+18,9,2,62,0,2017,8,15,1,3,0,7,1,0,0,0,0,0,0,8.2946E+20,5.38993E+21,1.34671E+16,4.85757E+16
180547,9.17081E+18,9,2,75,124,2017,8,15,1,2,9,1,0,1,0,0,0,0,0,8.09763E+20,5.37555E+21,1.31901E+16,4.84567E+16
180548,9.17081E+18,9,2,75,124,2017,8,7,1,3,0,1,0,0,0,1,0,0,1,8.09908E+20,5.37421E+21,1.31911E+16,4.84446E+16
180549,9.17081E+18,9,2,74,183,2017,8,16,1,3,0,7,1,0,0,0,0,0,0,7.40936E+20,5.36196E+21,1.22531E+16,4.83647E+16
180550,9.17081E+18,9,2,61,0,2017,8,14,1,3,1,7,0,1,0,0,0,0,0,7.32842E+20,5.3809E+21,1.21545E+16,4.85379E+16
180551,9.17081E+18,9,2,79,113,2017,8,13,1,3,5,3,1,1,0,0,0,0,0,7.84227E+20,5.3938E+21,1.2858E+16,4.86326E+16
180552,9.17081E+18,9,2,79,134,2017,8,3,1,3,8,1,0,1,0,0,0,2,0,7.72738E+20,5.38839E+21,1.26988E+16,4.85891E+16
180553,9.17081E+18,9,1,73,112,2017,8,18,1,3,5,3,0,1,0,1,0,0,0,6.90853E+20,5.29244E+21,1.15467E+16,4.7757E+16
180554,9.17081E+18,9,1,73,112,2017,8,18,1,3,8,1,0,0,0,1,0,0,0,6.91881E+20,5.29229E+21,1.15603E+16,4.77554E+16
180555,9.17081E+18,9,1,82,129,2017,8,20,1,3,0,1,1,0,0,0,0,1,0,7.09386E+20,5.28529E+21,1.17902E+16,4.76871E+16
180556,9.17081E+18,9,1,87,150,2017,8,0,1,3,8,1,0,0,0,1,0,2,0,7.29306E+20,5.3042E+21,1.20653E+16,4.78502E+16
180557,9.17081E+18,9,1,86,146,2017,8,21,1,3,8,1,0,0,0,1,0,2,0,6.83582E+20,5.37095E+21,1.14835E+16,4.84649E+16
180558,9.17081E+18,9,1,85,149,2017,8,22,1,2,8,1,0,1,0,0,0,2,1,6.58274E+20,5.39992E+21,1.11525E+16,4.87322E+16
180559,9.17081E+18,9,1,79,147,2017,8,11,1,2,1,7,1,1,0,0,0,0,0,6.64413E+20,5.33397E+21,1.121E+16,4.81377E+16
180560,9.17081E+18,9,1,62,0,2017,8,4,7,3,2,6,0,1,0,0,0,2,1,6.90707E+20,5.33413E+21,1.15632E+16,4.81319E+16
180561,9.17081E+18,9,1,62,0,2017,8,23,7,3,3,7,1,0,0,0,0,2,0,6.90797E+20,5.3347E+21,1.15646E+16,4.81369E+16
180562,9.17081E+18,9,1,62,0,2017,8,21,7,3,5,2,0,1,0,0,0,2,0,6.94989E+20,5.33299E+21,1.16201E+16,4.81203E+16
180563,9.17081E+18,9,1,62,0,2017,8,23,7,3,1,5,0,1,0,0,0,2,0,6.90919E+20,5.33931E+21,1.15683E+16,4.81783E+16
180564,9.17081E+18,9,1,62,0,2017,8,17,7,3,3,5,1,1,0,0,0,0,0,6.89685E+20,5.3333E+21,1.15491E+16,4.81247E+16
180565,9.17081E+18,9,7,78,171,2017,8,12,7,3,0,1,1,0,0,0,0,0,0,5.89919E+20,5.31611E+21,1.02052E+16,4.7992E+16
180566,9.17081E+18,9,7,76,128,2017,8,15,7,3,9,1,1,0,0,0,0,0,0,5.47959E+20,5.26892E+21,9.63766E+15,4.75719E+16
180567,9.17081E+18,9,7,79,131,2017,8,16,7,3,0,1,1,0,0,0,0,0,0,6.31744E+20,5.39973E+21,1.07918E+16,4.87367E+16
180568,9.17081E+18,9,7,72,216,2017,8,14,7,3,9,7,0,1,0,0,0,0,0,6.23099E+20,5.36859E+21,1.06651E+16,4.84584E+16
180569,9.17081E+18,9,7,72,184,2017,8,11,7,3,5,3,0,1,0,0,0,0,0,6.34972E+20,5.36199E+21,1.08234E+16,4.83966E+16
180570,9.17081E+18,9,7,61,0,2017,8,11,7,3,0,5,1,1,0,0,0,0,0,6.44074E+20,5.35731E+21,1.09447E+16,4.83525E+16
180571,9.17081E+18,9,7,61,0,2017,8,18,7,3,2,6,0,1,0,0,0,0,0,6.40766E+20,5.35925E+21,1.09008E+16,4.83707E+16
180572,9.17081E+18,9,6,63,0,2017,8,15,7,3,3,1,1,1,0,0,0,0,0,5.63607E+20,5.51856E+21,9.88417E+15,4.98161E+16
180573,9.17081E+18,9,6,75,117,2017,8,18,7,2,0,7,1,0,0,0,0,0,0,5.80595E+20,5.51704E+21,1.012E+16,4.98004E+16
180574,9.17081E+18,9,6,72,135,2017,8,15,7,3,6,4,0,1,0,0,1,0,0,5.84721E+20,5.56651E+21,1.01882E+16,5.02447E+16
180575,9.17081E+18,9,6,61,0,2017,8,17,7,3,0,1,0,0,0,1,0,0,1,5.09671E+20,5.53554E+21,9.13487E+15,4.99721E+16
180576,9.17081E+18,9,5,64,0,2017,8,14,7,2,6,7,0,1,1,0,0,0,0,6.52801E+20,5.47557E+21,1.11067E+16,4.94136E+16
180577,9.17081E+18,9,5,64,0,2017,8,11,7,3,0,7,0,0,0,0,1,0,0,6.53451E+20,5.48022E+21,1.11174E+16,4.94552E+16
180578,9.17081E+18,9,5,63,0,2017,8,16,7,3,2,6,1,1,0,0,0,0,0,6.43705E+20,5.48131E+21,1.09834E+16,4.94674E+16
180579,9.17081E+18,9,5,71,193,2017,8,10,7,3,0,1,1,0,0,0,0,0,1,5.8626E+20,5.47083E+21,1.01885E+16,4.93841E+16
180580,9.17081E+18,9,5,75,128,2017,8,14,7,2,0,1,1,0,0,0,0,0,0,6.18573E+20,5.50034E+21,1.06424E+16,4.96439E+16
180581,9.17081E+18,9,4,62,0,2017,8,14,7,3,1,5,1,1,0,0,0,0,0,6.85058E+20,5.53495E+21,1.1579E+16,4.99382E+16
180582,9.17081E+18,9,3,74,155,2017,8,7,7,2,0,7,1,0,0,0,0,0,0,6.96505E+20,5.52015E+21,1.17309E+16,4.98016E+16
180583,9.17081E+18,9,3,75,174,2017,8,13,7,3,2,6,0,1,0,0,0,0,0,7.33406E+20,5.42952E+21,1.21897E+16,4.89744E+16
180584,9.17081E+18,9,3,62,0,2017,8,12,7,3,0,1,1,0,0,0,0,0,0,7.31428E+20,5.43277E+21,1.21646E+16,4.90044E+16
180585,9.17081E+18,9,3,62,0,2017,8,8,7,2,0,1,1,0,0,0,0,0,0,7.30417E+20,5.43464E+21,1.21518E+16,4.90216E+16
180586,9.17081E+18,9,2,76,111,2017,8,17,7,3,4,6,0,1,0,0,0,0,0,7.88402E+20,5.43145E+21,1.2941E+16,4.89686E+16
180587,9.17081E+18,9,2,79,112,2017,8,20,7,3,0,7,1,0,0,0,0,2,0,7.58199E+20,5.39307E+21,1.2505E+16,4.86373E+16
180588,9.17081E+18,9,1,80,117,2017,8,15,7,3,4,2,1,1,0,0,0,0,0,6.5748E+20,5.26189E+21,1.10907E+16,4.74914E+16
180589,9.17081E+18,9,1,72,130,2017,8,9,7,3,5,3,1,1,0,0,0,0,0,7.96175E+20,5.30955E+21,1.29609E+16,4.78709E+16
180590,9.17081E+18,9,1,71,125,2017,8,10,7,3,5,3,1,1,0,0,0,0,1,7.73333E+20,5.35021E+21,1.2682E+16,4.82461E+16
180591,9.17081E+18,9,1,63,0,2017,8,12,7,3,5,3,1,1,0,0,0,0,0,7.3333E+20,5.30528E+21,1.21196E+16,4.78584E+16
180592,9.17081E+18,9,1,81,130,2017,8,13,7,3,5,3,0,1,0,0,0,0,0,6.38904E+20,5.3226E+21,1.08636E+16,4.80416E+16
180593,9.17081E+18,9,1,81,134,2017,8,12,7,2,0,7,0,0,0,0,1,0,1,6.43259E+20,5.34E+21,1.09279E+16,4.81971E+16
180594,9.17081E+18,9,1,78,120,2017,8,14,7,3,4,1,0,1,0,0,0,0,0,6.95671E+20,5.35386E+21,1.16389E+16,4.83077E+16
180595,9.17081E+18,9,1,75,115,2017,8,22,7,3,0,1,1,0,0,0,0,2,0,7.21339E+20,5.32891E+21,1.19716E+16,4.8075E+16
180596,9.17081E+18,9,1,62,0,2017,8,8,6,3,5,3,0,1,0,0,0,0,1,6.9153E+20,5.33428E+21,1.15743E+16,4.81329E+16
180597,9.17081E+18,9,1,84,139,2017,8,13,6,3,0,7,1,0,0,0,1,0,1,6.86686E+20,5.32394E+21,1.15047E+16,4.80414E+16
180598,9.17081E+18,9,1,62,0,2017,8,13,6,3,5,1,1,1,0,0,0,0,1,6.93869E+20,5.33298E+21,1.16051E+16,4.81205E+16
180599,9.17081E+18,9,1,62,0,2017,8,22,6,3,3,2,0,1,0,0,1,2,0,6.86634E+20,5.3374E+21,1.15099E+16,4.81624E+16
180600,9.17081E+18,9,1,84,123,2017,8,16,6,3,6,4,0,1,1,0,0,0,1,7.02103E+20,5.33225E+21,1.17153E+16,4.81114E+16
180601,9.17081E+18,9,7,75,143,2017,8,9,6,3,5,3,0,1,0,0,0,0,0,5.85554E+20,5.35748E+21,1.01551E+16,4.83647E+16
180602,9.17081E+18,9,7,75,135,2017,8,21,6,3,6,4,0,1,1,0,0,2,1,5.74234E+20,5.36005E+21,1.00027E+16,4.83892E+16
180603,9.17081E+18,9,7,78,203,2017,8,15,6,3,1,7,1,0,0,0,1,0,1,6.22211E+20,5.32135E+21,1.06394E+16,4.80337E+16
180604,9.17081E+18,9,7,77,151,2017,8,13,6,3,3,5,0,1,0,0,0,0,0,6.21018E+20,5.29311E+21,1.06155E+16,4.778E+16
180605,9.17081E+18,9,7,76,116,2017,8,10,6,3,0,1,1,0,0,0,0,0,1,5.50709E+20,5.26748E+21,9.67406E+15,4.75588E+16
180606,9.17081E+18,9,7,77,130,2017,8,14,6,3,2,6,0,1,0,0,0,0,0,6.22953E+20,5.30698E+21,1.06452E+16,4.79043E+16
180607,9.17081E+18,9,7,77,129,2017,8,12,6,2,0,6,1,0,0,0,0,0,1,6.26847E+20,5.27039E+21,1.06867E+16,4.75745E+16
180608,9.17081E+18,9,6,63,0,2017,8,19,6,2,0,1,1,0,0,0,0,0,1,5.67012E+20,5.5165E+21,9.93114E+15,4.97972E+16
180609,9.17081E+18,9,6,79,170,2017,8,18,6,2,3,2,0,1,0,1,0,0,1,5.7709E+20,5.50167E+21,1.00682E+16,4.96626E+16
180610,9.17081E+18,9,6,75,141,2017,8,14,6,3,5,3,1,1,0,0,0,0,1,5.83129E+20,5.50993E+21,1.01536E+16,4.97361E+16
180611,9.17081E+18,9,6,61,0,2017,8,0,6,3,8,1,0,1,0,0,0,2,1,5.11533E+20,5.53595E+21,9.16084E+15,4.99758E+16
180612,9.17081E+18,9,5,63,0,2017,8,8,6,3,0,7,0,0,0,1,0,0,1,6.41676E+20,5.48274E+21,1.09559E+16,4.94808E+16
180613,9.17081E+18,9,5,63,0,2017,8,8,6,2,4,6,0,1,0,0,0,0,1,6.38653E+20,5.48066E+21,1.09135E+16,4.94628E+16
180614,9.17081E+18,9,5,64,0,2017,8,11,6,3,1,7,0,1,0,0,0,0,0,6.49355E+20,5.47888E+21,1.10604E+16,4.94442E+16
180615,9.17081E+18,9,5,64,0,2017,8,22,6,3,4,2,1,1,0,0,0,2,1,6.49238E+20,5.47947E+21,1.1059E+16,4.94496E+16
180616,9.17081E+18,9,5,64,0,2017,8,20,6,3,4,2,0,1,0,0,0,2,1,6.46964E+20,5.48163E+21,1.10285E+16,4.94695E+16
180617,9.17081E+18,9,5,64,0,2017,8,9,6,3,5,3,0,1,0,0,0,0,0,6.52794E+20,5.4836E+21,1.11097E+16,4.94858E+16
180618,9.17081E+18,9,5,64,0,2017,8,11,6,2,0,6,1,1,0,0,0,0,1,6.52678E+20,5.47574E+21,1.1105E+16,4.94152E+16
180619,9.17081E+18,9,5,64,0,2017,8,17,6,3,5,3,1,1,0,0,0,0,1,6.50392E+20,5.47914E+21,1.10748E+16,4.94463E+16
180620,9.17081E+18,9,5,73,134,2017,8,19,6,3,8,1,0,1,0,0,0,1,0,6.3979E+20,5.48038E+21,1.09291E+16,4.946E+16
180621,9.17081E+18,9,5,77,125,2017,8,10,6,3,5,3,1,1,0,0,0,0,0,6.43377E+20,5.4365E+21,1.09628E+16,4.90646E+16
180622,9.17081E+18,9,4,64,0,2017,8,15,6,3,0,1,0,0,0,1,0,0,0,7.08517E+20,5.57553E+21,1.19277E+16,5.0295E+16
180623,9.17081E+18,9,4,72,175,2017,8,14,6,3,0,1,1,0,0,0,0,0,0,6.86507E+20,5.51677E+21,1.15905E+16,4.97744E+16
180624,9.17081E+18,9,3,62,0,2017,8,16,6,3,2,6,0,1,0,0,0,0,0,7.24044E+20,5.43311E+21,1.20639E+16,4.90102E+16
180625,9.17081E+18,9,3,72,153,2017,8,15,6,3,5,3,0,1,0,0,0,0,0,7.56304E+20,5.45532E+21,1.25184E+16,4.91971E+16
180626,9.17081E+18,9,3,62,0,2017,8,17,6,3,5,3,1,1,0,0,0,0,0,7.26761E+20,5.43418E+21,1.21016E+16,4.90187E+16
180627,9.17082E+18,9,1,62,0,2017,8,22,2,3,0,1,1,0,0,0,0,2,0,6.89318E+20,5.33493E+21,1.15449E+16,4.81394E+16
180628,9.17082E+18,9,7,75,152,2017,8,10,2,3,0,1,1,0,0,0,0,0,0,5.76955E+20,5.35283E+21,1.00382E+16,4.8324E+16
180629,9.17082E+18,9,7,75,135,2017,8,11,2,3,4,2,0,1,0,0,0,0,0,5.76822E+20,5.35522E+21,1.00368E+16,4.83455E+16
180630,9.17082E+18,9,7,63,0,2017,8,17,2,3,5,3,1,1,0,0,0,0,0,5.98714E+20,5.28678E+21,1.03164E+16,4.77268E+16
180631,9.17082E+18,9,7,80,133,2017,8,12,2,3,6,6,1,0,1,0,0,0,0,5.9668E+20,5.25109E+21,1.02814E+16,4.74061E+16
180632,9.17082E+18,9,7,79,187,2017,8,13,2,3,1,7,0,1,0,0,1,0,0,6.40594E+20,5.38763E+21,1.0908E+16,4.86259E+16
180633,9.17082E+18,9,7,73,144,2017,8,15,2,3,5,3,0,1,0,1,0,0,0,6.05401E+20,5.38086E+21,1.04288E+16,4.85719E+16
180634,9.17082E+18,9,7,72,184,2017,8,17,2,3,4,2,0,1,0,0,0,0,0,6.3606E+20,5.36414E+21,1.08388E+16,4.84158E+16
180635,9.17082E+18,9,7,72,163,2017,8,18,2,2,0,6,1,1,0,0,0,0,0,6.40056E+20,5.34765E+21,1.08873E+16,4.82666E+16
180636,9.17082E+18,9,7,72,163,2017,8,21,2,3,4,6,0,1,0,0,1,2,0,6.39831E+20,5.34639E+21,1.08839E+16,4.82553E+16
180637,9.17082E+18,9,6,75,139,2017,8,15,2,3,5,3,1,1,0,0,0,0,0,5.90908E+20,5.50696E+21,1.02609E+16,4.97083E+16
180638,9.17082E+18,9,6,74,129,2017,8,19,2,2,0,7,1,0,0,0,0,0,0,6.20568E+20,5.53862E+21,1.06819E+16,4.99878E+16
180639,9.17082E+18,9,6,72,117,2017,8,7,2,3,5,3,0,1,0,0,0,0,0,5.72041E+20,5.56652E+21,1.00104E+16,5.02464E+16
180640,9.17082E+18,9,6,78,193,2017,8,11,2,3,5,3,0,1,0,0,0,0,0,5.78328E+20,5.53706E+21,1.00925E+16,4.99808E+16
180641,9.17082E+18,9,6,76,122,2017,8,11,2,3,6,7,0,1,1,0,0,0,0,5.11105E+20,5.51666E+21,9.15432E+15,4.98023E+16
180642,9.17082E+18,9,6,76,125,2017,8,14,2,3,5,7,1,1,0,0,0,0,0,5.15933E+20,5.5082E+21,9.22106E+15,4.97261E+16
180643,9.17082E+18,9,5,63,0,2017,8,12,2,3,6,4,0,0,1,0,1,0,0,6.44013E+20,5.48251E+21,1.09881E+16,4.94782E+16
180644,9.17082E+18,9,5,63,0,2017,8,10,2,3,2,6,0,1,0,0,1,0,0,6.40891E+20,5.48393E+21,1.09455E+16,4.94916E+16
180645,9.17082E+18,9,5,64,0,2017,8,21,2,3,3,3,0,1,0,1,0,2,0,6.52338E+20,5.47918E+21,1.11017E+16,4.94462E+16
180646,9.17082E+18,9,5,64,0,2017,8,8,2,2,8,1,0,1,0,1,0,0,0,6.50351E+20,5.48095E+21,1.10749E+16,4.94625E+16
180647,9.17082E+18,9,5,64,0,2017,8,6,2,2,5,3,1,0,0,0,0,0,0,6.49444E+20,5.47531E+21,1.10603E+16,4.94121E+16
180648,9.17082E+18,9,5,64,0,2017,8,15,2,3,0,1,0,0,1,0,1,0,0,6.4637E+20,5.47983E+21,1.10196E+16,4.94535E+16