OBJECTID,UIDENTSTLA,ULAND,UREGBEZ,UKREIS,UGEMEINDE,UJAHR,UMONAT,USTUNDE,UWOCHENTAG,UKATEGORIE,UART,UTYP1,IstRad,IstPKW,IstFuss,IstKrad,IstSonstig,LICHT,STRZUSTAND,LINREFX,LINREFY,XGCSWGS84,YGCSWGS84
180649,9.17082E+18,9,5,64,0,2017,8,14,2,3,5,2,1,0,0,0,1,0,0,6.47361E+20,5.48146E+21,1.10339E+16,4.94679E+16
180650,9.17082E+18,9,5,71,214,2017,8,13,2,3,0,7,0,1,0,0,0,0,0,6.16537E+20,5.43375E+21,1.05948E+16,4.90456E+16
180651,9.17082E+18,9,4,78,116,2017,8,11,2,3,6,6,1,0,1,0,0,0,0,6.60764E+20,5.55666E+21,1.12499E+16,5.01404E+16
180652,9.17082E+18,9,4,76,145,2017,8,22,2,3,2,6,0,0,0,1,0,2,0,6.6731E+20,5.56698E+21,1.13459E+16,5.02313E+16
180653,9.17082E+18,9,4,76,145,2017,8,19,2,2,5,3,0,0,0,1,1,0,0,6.70216E+20,5.56548E+21,1.1386E+16,5.0217E+16
180654,9.17082E+18,9,3,75,165,2017,8,5,2,3,5,2,0,1,0,1,0,0,0,7.26128E+20,5.43662E+21,1.20943E+16,4.90409E+16
180655,9.17082E+18,9,2,76,144,2017,8,12,2,3,2,2,0,1,0,0,0,0,0,7.83517E+20,5.44336E+21,1.28827E+16,4.90777E+16
180656,9.17082E+18,9,2,78,144,2017,8,9,2,2,0,1,1,0,0,0,0,0,0,7.43792E+20,5.41021E+21,1.23199E+16,4.8797E+16
180657,9.17082E+18,9,2,71,146,2017,8,16,2,3,5,3,0,1,0,0,0,0,0,7.84636E+20,5.41139E+21,1.28757E+16,4.87903E+16
180658,9.17082E+18,9,2,77,118,2017,8,17,2,3,8,1,0,0,0,1,0,0,0,8.0583E+20,5.35883E+21,1.31249E+16,4.83087E+16
180659,9.17082E+18,9,2,72,118,2017,8,14,2,3,0,1,0,0,0,1,0,0,0,8.33405E+20,5.41721E+21,1.35424E+16,4.88182E+16
180660,9.17082E+18,9,2,73,164,2017,8,15,2,2,0,7,1,0,0,0,0,0,0,6.97356E+20,5.42652E+21,1.16962E+16,4.89601E+16
180661,9.17082E+18,9,1,90,139,2017,8,14,2,3,3,3,0,1,0,0,0,0,0,6.54829E+20,5.29617E+21,1.10677E+16,4.78003E+16
180662,9.17082E+18,9,1,80,124,2017,8,13,2,3,0,6,1,0,0,0,0,0,0,6.68268E+20,5.28409E+21,1.12423E+16,4.76883E+16
180663,9.17082E+18,9,1,83,128,2017,8,18,2,3,5,3,0,1,0,0,1,0,0,7.59661E+20,5.35004E+21,1.24981E+16,4.82503E+16
180664,9.17082E+18,9,1,72,116,2017,8,15,2,2,0,7,0,1,0,0,0,0,0,8.00239E+20,5.28278E+21,1.29966E+16,4.76287E+16
180665,9.17082E+18,9,1,71,132,2017,8,18,2,3,5,3,1,1,0,0,0,0,0,7.65756E+20,5.3517E+21,1.25811E+16,4.82627E+16
180666,9.17082E+18,9,1,76,126,2017,8,13,2,3,5,2,0,1,0,1,0,0,0,6.74626E+20,5.40615E+21,1.13773E+16,4.87838E+16
180667,9.17082E+18,9,1,85,125,2017,8,18,2,3,1,7,0,1,0,0,0,0,0,6.49251E+20,5.39574E+21,1.10283E+16,4.86968E+16
180668,9.17082E+18,9,1,75,135,2017,8,23,2,3,1,5,1,1,0,0,0,2,0,7.08514E+20,5.33971E+21,1.1805E+16,4.81764E+16
180669,9.17082E+18,9,1,78,124,2017,8,16,2,3,2,1,0,1,0,1,0,0,0,7.0503E+20,5.36357E+21,1.17697E+16,4.8392E+16
180670,9.17082E+18,9,1,77,117,2017,8,8,2,2,4,2,1,1,0,0,0,0,0,7.16424E+20,5.35428E+21,1.19187E+16,4.83047E+16
180671,9.17082E+18,9,1,62,0,2017,8,0,1,2,7,7,1,0,0,0,0,2,0,6.87416E+20,5.33533E+21,1.15195E+16,4.81436E+16
180672,9.17082E+18,9,1,62,0,2017,8,15,1,2,0,7,1,0,0,0,0,0,0,6.84524E+20,5.33448E+21,1.14803E+16,4.81368E+16
180673,9.17082E+18,9,1,62,0,2017,8,20,1,3,5,3,0,1,0,0,0,1,0,6.87357E+20,5.33195E+21,1.15172E+16,4.81133E+16
180674,9.17082E+18,9,1,62,0,2017,8,11,1,3,0,4,0,0,1,0,1,0,0,6.92943E+20,5.33235E+21,1.15924E+16,4.81152E+16
180675,9.17082E+18,9,1,74,122,2017,8,10,1,3,8,6,1,1,0,0,0,0,0,6.81474E+20,5.35146E+21,1.14466E+16,4.82903E+16
180676,9.17082E+18,9,1,62,0,2017,8,11,1,3,0,3,0,1,0,1,0,0,0,6.88397E+20,5.33664E+21,1.15333E+16,4.81551E+16
180677,9.17082E+18,9,7,64,0,2017,8,13,1,3,5,3,0,1,0,1,0,0,0,5.87892E+20,5.31575E+21,1.0178E+16,4.7989E+16
180678,9.17082E+18,9,7,78,209,2017,8,6,1,3,1,1,0,1,0,0,0,0,0,6.18267E+20,5.32406E+21,1.05873E+16,4.80589E+16
180679,9.17082E+18,9,7,80,133,2017,8,15,1,3,0,1,1,0,0,0,0,0,0,5.88708E+20,5.251E+21,1.01758E+16,4.74065E+16
180680,9.17082E+18,9,7,72,147,2017,8,11,1,2,8,7,0,0,0,1,0,0,0,6.39088E+20,5.36344E+21,1.08795E+16,4.84087E+16
180681,9.17082E+18,9,7,71,130,2017,8,17,1,3,0,7,1,0,0,0,0,0,0,6.46807E+20,5.35823E+21,1.09819E+16,4.83601E+16
180682,9.17082E+18,9,6,63,0,2017,8,15,1,3,0,1,1,0,0,0,0,0,0,5.7205E+20,5.51602E+21,1.0001E+16,4.97923E+16
180683,9.17082E+18,9,6,77,157,2017,8,19,1,3,5,3,0,1,0,0,0,0,0,5.44169E+20,5.52193E+21,9.61437E+15,4.98481E+16
180684,9.17082E+18,9,6,74,133,2017,8,16,1,3,0,1,1,0,0,0,0,0,0,6.23539E+20,5.53435E+21,1.0722E+16,4.99487E+16
180685,9.17082E+18,9,6,71,130,2017,8,16,1,3,0,1,1,0,0,0,0,0,0,5.14999E+20,5.53855E+21,9.20928E+15,4.9999E+16
180686,9.17082E+18,9,6,61,0,2017,8,18,1,3,0,1,1,0,0,0,0,0,0,5.11602E+20,5.53037E+21,9.16164E+15,4.99255E+16
180687,9.17082E+18,9,5,74,138,2017,8,2,1,2,1,7,0,1,0,0,0,2,0,6.63588E+20,5.48712E+21,1.126E+16,4.95146E+16
180688,9.17082E+18,9,5,64,0,2017,8,12,1,2,5,3,1,1,0,0,0,0,0,6.49902E+20,5.47855E+21,1.10678E+16,4.94411E+16
180689,9.17082E+18,9,5,64,0,2017,8,0,1,3,5,3,0,1,0,0,0,2,0,6.51728E+20,5.47941E+21,1.10933E+16,4.94484E+16
180690,9.17082E+18,9,5,73,127,2017,8,12,1,3,0,7,0,1,0,0,1,0,0,6.45315E+20,5.47476E+21,1.10032E+16,4.94082E+16
180691,9.17082E+18,9,5,77,136,2017,8,14,1,3,4,6,1,0,0,0,0,0,0,6.26839E+20,5.44115E+21,1.0738E+16,4.91101E+16
180692,9.17082E+18,9,5,71,193,2017,8,19,1,3,5,2,1,1,0,0,0,0,0,5.85899E+20,5.47004E+21,1.01834E+16,4.9377E+16
180693,9.17082E+18,9,4,77,128,2017,8,20,1,3,5,7,1,1,0,0,0,2,0,6.75682E+20,5.55388E+21,1.14572E+16,5.01111E+16
180694,9.17082E+18,9,4,62,0,2017,8,16,1,3,6,7,0,1,1,0,0,0,0,6.82603E+20,5.53655E+21,1.15456E+16,4.99533E+16
180695,9.17082E+18,9,3,75,181,2017,8,10,1,3,0,1,1,0,0,0,0,0,0,7.21866E+20,5.43442E+21,1.20349E+16,4.90228E+16
180696,9.17082E+18,9,3,73,147,2017,8,16,1,2,8,1,0,0,0,1,0,0,0,6.7714E+20,5.46255E+21,1.14361E+16,4.929E+16
180697,9.17082E+18,9,3,73,147,2017,8,21,1,3,0,7,1,0,0,0,0,2,0,6.79129E+20,5.46036E+21,1.14625E+16,4.92698E+16
180698,9.17082E+18,9,3,72,116,2017,8,14,1,2,3,2,0,1,0,1,0,0,0,7.6647E+20,5.45804E+21,1.26595E+16,4.92171E+16
180699,9.17082E+18,9,2,75,154,2017,8,19,1,2,0,7,1,0,0,0,1,0,0,8.13045E+20,5.39041E+21,1.32456E+16,4.85884E+16
180700,9.17082E+18,9,2,61,0,2017,8,15,1,3,0,1,1,0,0,0,0,0,0,7.27665E+20,5.3804E+21,1.20842E+16,4.85353E+16
180701,9.17082E+18,9,1,87,163,2017,8,17,1,2,8,1,1,0,0,0,0,0,0,7.41374E+20,5.30848E+21,1.22287E+16,4.78842E+16
180702,9.17082E+18,9,1,61,0,2017,8,21,1,3,0,1,1,0,0,0,0,2,0,6.78337E+20,5.40548E+21,1.14275E+16,4.87767E+16
180703,9.17082E+18,9,1,77,117,2017,8,13,1,3,5,3,0,1,0,0,0,0,0,7.14729E+20,5.35094E+21,1.18941E+16,4.82752E+16
180704,9.17082E+18,9,1,62,0,2017,8,4,7,3,5,3,0,1,0,0,0,2,1,6.90145E+20,5.33473E+21,1.15559E+16,4.81374E+16
180705,9.17082E+18,9,1,62,0,2017,8,10,7,3,4,2,0,1,0,0,0,0,0,6.86247E+20,5.33178E+21,1.15023E+16,4.8112E+16
180706,9.17082E+18,9,7,75,152,2017,8,13,7,3,5,3,0,1,0,0,0,0,0,5.77134E+20,5.35364E+21,1.00407E+16,4.83312E+16
180707,9.17082E+18,9,7,75,135,2017,8,13,7,3,0,7,1,0,0,0,0,0,0,5.74056E+20,5.36072E+21,1.00004E+16,4.83953E+16
180708,9.17082E+18,9,7,75,129,2017,8,9,7,2,0,1,1,0,0,0,0,0,1,5.81867E+20,5.34141E+21,1.01022E+16,4.82206E+16
180709,9.17082E+18,9,7,74,155,2017,8,11,7,3,7,7,1,0,0,0,0,0,0,5.91369E+20,5.36637E+21,1.02355E+16,4.84438E+16
180710,9.17082E+18,9,7,74,135,2017,8,10,7,3,0,7,1,0,0,0,0,0,0,5.93929E+20,5.36685E+21,1.02702E+16,4.84478E+16
180711,9.17082E+18,9,7,72,148,2017,8,11,7,2,0,7,1,1,0,0,0,0,0,6.28665E+20,5.3543E+21,1.07359E+16,4.83287E+16
180712,9.17082E+18,9,7,61,0,2017,8,13,7,3,1,6,1,1,0,0,0,0,0,6.38051E+20,5.35855E+21,1.08639E+16,4.8365E+16
180713,9.17082E+18,9,7,61,0,2017,8,13,7,3,5,2,1,0,0,0,1,0,0,6.39098E+20,5.36025E+21,1.08786E+16,4.838E+16
180714,9.17082E+18,9,7,61,0,2017,8,18,7,3,6,4,0,1,1,0,0,0,0,6.42667E+20,5.36108E+21,1.0927E+16,4.83867E+16
180715,9.17082E+18,9,7,61,0,2017,8,19,7,2,6,4,0,1,1,0,0,0,0,6.42858E+20,5.35832E+21,1.09287E+16,4.83619E+16
180716,9.17082E+18,9,6,63,0,2017,8,18,7,2,6,7,1,0,1,0,0,0,0,5.66575E+20,5.51657E+21,9.92508E+15,4.97979E+16
180717,9.17082E+18,9,6,63,0,2017,8,16,7,3,0,7,1,1,0,0,0,0,0,5.68704E+20,5.51668E+21,9.95469E+15,4.97987E+16
180718,9.17082E+18,9,6,73,186,2017,8,0,7,3,8,7,0,1,0,0,0,2,0,5.81017E+20,5.56918E+21,1.01368E+16,5.02692E+16
180719,9.17082E+18,9,6,76,158,2017,8,23,7,3,0,7,0,0,1,1,0,2,0,5.29835E+20,5.51489E+21,9.41447E+15,4.97858E+16
180720,9.17082E+18,9,6,76,139,2017,8,17,7,3,5,3,1,1,0,0,0,0,0,5.19314E+20,5.50584E+21,9.26786E+15,4.97047E+16
180721,9.17082E+18,9,5,72,141,2017,8,18,7,2,0,1,1,0,0,0,0,0,0,6.48486E+20,5.49957E+21,1.10562E+16,4.96304E+16
180722,9.17082E+18,9,5,63,0,2017,8,11,7,3,0,7,0,1,0,0,0,0,0,6.43502E+20,5.48271E+21,1.09811E+16,4.94801E+16
180723,9.17082E+18,9,5,64,0,2017,8,12,7,3,6,1,0,1,1,0,0,0,0,6.51248E+20,5.48137E+21,1.10875E+16,4.94661E+16
180724,9.17082E+18,9,4,63,0,2017,8,13,7,2,2,6,1,1,0,0,0,0,0,6.413E+20,5.56782E+21,1.09818E+16,5.02457E+16
180725,9.17082E+18,9,4,71,150,2017,8,11,7,3,5,3,0,1,0,0,0,0,0,6.34579E+20,5.53498E+21,1.0876E+16,4.9952E+16
180726,9.17082E+18,9,3,63,0,2017,8,11,7,3,5,3,0,1,0,0,0,0,0,7.26817E+20,5.5091E+21,1.21451E+16,4.96917E+16
180727,9.17082E+18,9,3,77,154,2017,8,11,7,3,0,1,1,0,0,0,0,0,0,7.401E+20,5.52976E+21,1.23417E+16,4.98721E+16
180728,9.17082E+18,9,3,62,0,2017,8,14,7,3,5,3,1,1,0,0,0,0,0,7.23547E+20,5.43373E+21,1.20575E+16,4.90159E+16
180729,9.17082E+18,9,2,63,0,2017,8,17,7,3,4,7,1,1,0,0,0,0,0,7.6124E+20,5.42047E+21,1.25636E+16,4.88821E+16
180730,9.17082E+18,9,2,63,0,2017,8,15,7,3,5,3,1,1,0,0,0,0,0,7.62135E+20,5.41903E+21,1.25748E+16,4.88687E+16
180731,9.17082E+18,9,2,75,153,2017,8,0,7,2,7,7,0,0,0,1,0,2,1,8.42562E+20,5.39473E+21,1.36481E+16,4.86118E+16
180732,9.17082E+18,9,2,75,116,2017,8,11,7,3,5,3,1,1,0,0,0,0,1,8.18825E+20,5.36463E+21,1.33041E+16,4.83542E+16
180733,9.17082E+18,9,1,80,124,2017,8,16,7,3,0,1,0,0,0,1,0,0,1,6.65387E+20,5.28302E+21,1.12036E+16,4.76794E+16
180734,9.17082E+18,9,1,63,0,2017,8,8,7,3,5,3,0,1,0,0,0,0,1,7.31376E+20,5.30409E+21,1.20928E+16,4.78485E+16
180735,9.17082E+18,9,1,87,145,2017,8,17,7,3,5,3,0,1,0,0,0,0,0,7.477E+20,5.31496E+21,1.23169E+16,4.794E+16
180736,9.17082E+18,9,1,82,120,2017,8,7,7,3,9,1,0,1,0,0,0,0,1,7.00745E+20,5.3046E+21,1.16841E+16,4.78634E+16
180737,9.17082E+18,9,1,76,143,2017,8,11,7,3,5,3,1,1,0,0,0,0,0,6.7986E+20,5.40964E+21,1.145E+16,4.88137E+16
180738,9.17082E+18,9,1,85,149,2017,8,15,7,3,1,5,0,1,0,0,0,0,0,6.61673E+20,5.40059E+21,1.11989E+16,4.87373E+16
180739,9.17082E+18,9,1,76,114,2017,8,10,7,3,0,7,0,1,0,0,0,0,0,6.80659E+20,5.43441E+21,1.14719E+16,4.90361E+16
180740,9.17082E+18,9,1,78,143,2017,8,13,7,2,0,7,1,0,0,0,0,0,1,7.16775E+20,5.37332E+21,1.19332E+16,4.84756E+16
180741,9.17082E+18,9,1,62,0,2017,8,15,6,3,4,2,1,1,0,0,0,0,0,6.92437E+20,5.33815E+21,1.15882E+16,4.81674E+16
180742,9.17082E+18,9,1,62,0,2017,8,15,6,3,3,6,0,1,0,0,0,0,0,6.92054E+20,5.33229E+21,1.15804E+16,4.81149E+16
180743,9.17082E+18,9,1,62,0,2017,8,19,6,2,1,1,0,1,0,1,0,0,0,6.94845E+20,5.33532E+21,1.16193E+16,4.81413E+16
180744,9.17082E+18,9,1,62,0,2017,8,18,6,3,5,3,0,1,0,0,0,0,0,6.86266E+20,5.33118E+21,1.15023E+16,4.81066E+16
180745,9.17082E+18,9,1,62,0,2017,8,16,6,3,0,1,1,0,0,0,0,0,0,6.85998E+20,5.32989E+21,1.14981E+16,4.80951E+16
180746,9.17082E+18,9,1,62,0,2017,8,14,6,3,0,7,1,0,0,0,0,0,0,6.91064E+20,5.33319E+21,1.15675E+16,4.81232E+16
180747,9.17082E+18,9,1,62,0,2017,8,9,6,3,2,6,0,1,0,0,1,0,0,6.93498E+20,5.33465E+21,1.16009E+16,4.81356E+16
180748,9.17082E+18,9,1,62,0,2017,8,15,6,2,5,3,1,1,0,0,0,0,0,6.83126E+20,5.33608E+21,1.14622E+16,4.81515E+16
180749,9.17082E+18,9,1,62,0,2017,8,14,6,3,0,7,1,0,0,0,1,0,0,6.91631E+20,5.33498E+21,1.1576E+16,4.81392E+16
180750,9.17082E+18,9,1,62,0,2017,8,23,6,3,5,3,0,1,0,0,0,2,1,6.91658E+20,5.33279E+21,1.15753E+16,4.81195E+16
180751,9.17082E+18,9,1,62,0,2017,8,22,6,3,5,3,0,1,0,0,0,2,1,6.91658E+20,5.33279E+21,1.15753E+16,4.81195E+16
180752,9.17082E+18,9,1,84,123,2017,8,18,6,2,0,5,1,1,0,0,0,0,0,7.02253E+20,5.33172E+21,1.1717E+16,4.81066E+16
180753,9.17082E+18,9,1,62,0,2017,8,8,6,3,4,2,1,1,0,0,0,0,0,6.88298E+20,5.33195E+21,1.15299E+16,4.81129E+16
180754,9.17082E+18,9,1,62,0,2017,8,13,6,3,5,3,1,1,0,0,0,0,0,6.91922E+20,5.338E+21,1.15812E+16,4.81662E+16
180755,9.17082E+18,9,7,75,135,2017,8,8,6,2,0,7,1,0,0,0,0,0,1,5.76403E+20,5.35756E+21,1.00316E+16,4.83666E+16
180756,9.17082E+18,9,7,64,0,2017,8,17,6,3,5,3,1,1,0,0,0,0,0,5.89139E+20,5.31621E+21,1.01948E+16,4.7993E+16
180757,9.17082E+18,9,7,74,135,2017,8,15,6,2,3,6,1,1,0,0,0,0,0,5.96735E+20,5.36834E+21,1.03085E+16,4.84607E+16
180758,9.17082E+18,9,7,62,0,2017,8,15,6,3,1,5,1,1,0,0,0,0,0,6.21964E+20,5.30809E+21,1.06323E+16,4.79146E+16
180759,9.17082E+18,9,7,77,121,2017,8,16,6,2,5,3,0,0,0,1,0,0,0,6.27874E+20,5.32255E+21,1.07157E+16,4.80434E+16
180760,9.17082E+18,9,7,73,125,2017,8,20,6,3,5,3,0,1,0,0,0,1,0,6.08163E+20,5.38228E+21,1.04667E+16,4.85843E+16
180761,9.17082E+18,9,7,71,111,2017,8,12,6,3,0,1,1,0,0,0,0,0,0,6.58556E+20,5.35888E+21,1.11407E+16,4.83632E+16
180762,9.17082E+18,9,7,61,0,2017,8,12,6,3,4,2,0,1,0,0,0,0,0,6.41854E+20,5.36117E+21,1.09161E+16,4.83877E+16
180763,9.17082E+18,9,7,61,0,2017,8,7,6,3,0,7,1,1,0,0,0,0,0,6.4048E+20,5.3602E+21,1.08972E+16,4.83793E+16
180764,9.17082E+18,9,6,63,0,2017,8,14,6,3,5,7,0,1,0,0,1,0,0,5.65988E+20,5.51652E+21,9.91692E+15,4.97975E+16
180765,9.17082E+18,9,6,63,0,2017,8,14,6,3,0,7,0,1,0,0,0,0,0,5.65447E+20,5.51664E+21,9.90942E+15,4.97987E+16
180766,9.17082E+18,9,6,63,0,2017,8,10,6,2,6,7,1,0,1,0,0,0,0,5.67342E+20,5.51656E+21,9.93574E+15,4.97977E+16
180767,9.17082E+18,9,6,63,0,2017,8,14,6,3,1,6,0,1,0,0,0,0,0,5.66568E+20,5.51546E+21,9.92479E+15,4.97879E+16
180768,9.17082E+18,9,6,63,0,2017,8,14,6,3,9,7,0,1,0,0,0,0,0,5.65458E+20,5.51654E+21,9.90956E+15,4.97977E+16
180769,9.17082E+18,9,6,63,0,2017,8,14,6,3,4,1,0,1,0,0,0,0,0,5.65758E+20,5.51654E+21,9.91373E+15,4.97977E+16
180770,9.17082E+18,9,6,63,0,2017,8,13,6,3,0,3,0,1,0,1,0,0,0,5.68552E+20,5.51723E+21,9.95266E+15,4.98036E+16
180771,9.17082E+18,9,6,77,177,2017,8,10,6,3,6,7,0,0,1,0,1,0,0,5.46475E+20,5.54917E+21,9.64974E+15,5.0093E+16
180772,9.17082E+18,9,6,74,147,2017,8,13,6,3,0,6,1,0,0,0,1,0,0,6.1001E+20,5.54226E+21,1.05358E+16,5.00225E+16
180773,9.17082E+18,9,5,72,135,2017,8,19,6,2,0,6,1,1,0,0,0,0,1,6.30642E+20,5.50823E+21,1.08122E+16,4.97124E+16
180774,9.17082E+18,9,5,62,0,2017,8,20,6,3,1,5,1,1,0,0,0,0,0,6.44715E+20,5.49617E+21,1.10028E+16,4.96008E+16
180775,9.17082E+18,9,5,76,111,2017,8,17,6,3,8,1,0,0,0,1,0,0,0,6.43845E+20,5.45898E+21,1.09773E+16,4.92666E+16
180776,9.17082E+18,9,5,63,0,2017,8,9,6,3,5,2,0,1,0,0,0,0,0,6.44268E+20,5.482E+21,1.09914E+16,4.94735E+16
180777,9.17082E+18,9,5,64,0,2017,8,17,6,3,0,2,1,1,0,0,0,0,1,6.49273E+20,5.47652E+21,1.10584E+16,4.9423E+16
180778,9.17082E+18,9,5,64,0,2017,8,16,6,3,0,7,0,1,0,0,0,0,0,6.48837E+20,5.47507E+21,1.10518E+16,4.94101E+16
180779,9.17082E+18,9,5,64,0,2017,8,21,6,3,6,2,0,1,1,0,0,2,1,6.49238E+20,5.47947E+21,1.1059E+16,4.94496E+16
180780,9.17082E+18,9,5,64,0,2017,8,19,6,3,1,6,0,1,0,0,0,1,1,6.52161E+20,5.47887E+21,1.10991E+16,4.94435E+16
180781,9.17082E+18,9,5,64,0,2017,8,20,6,3,5,2,1,1,0,0,0,2,1,6.46926E+20,5.48146E+21,1.10279E+16,4.9468E+16
180782,9.17082E+18,9,5,64,0,2017,8,18,6,2,0,1,0,0,0,1,0,1,1,6.52999E+20,5.47484E+21,1.11091E+16,4.9407E+16
180783,9.17082E+18,9,5,64,0,2017,8,18,6,3,0,1,1,0,0,0,0,0,1,6.49902E+20,5.47855E+21,1.10678E+16,4.94411E+16
180784,9.17082E+18,9,5,73,130,2017,8,15,6,3,4,2,1,1,0,0,0,0,0,6.34366E+20,5.48574E+21,1.08561E+16,4.95094E+16
180785,9.17082E+18,9,5,71,193,2017,8,10,6,3,1,7,0,0,0,1,1,0,0,5.8648E+20,5.47032E+21,1.01914E+16,4.93794E+16
180786,9.17082E+18,9,5,71,165,2017,8,7,6,3,5,3,0,1,0,1,0,0,0,6.31105E+20,5.46723E+21,1.0805E+16,4.93437E+16
180787,9.17082E+18,9,5,75,112,2017,8,20,6,2,5,3,0,1,0,0,0,0,1,6.01631E+20,5.48388E+21,1.04036E+16,4.94991E+16
180788,9.17082E+18,9,4,64,0,2017,8,9,6,3,0,7,0,1,0,0,0,0,0,7.08151E+20,5.57849E+21,1.19242E+16,5.03217E+16
180789,9.17082E+18,9,4,64,0,2017,8,21,6,3,7,7,0,1,0,0,0,2,1,7.09219E+20,5.57711E+21,1.19384E+16,5.03089E+16
180790,9.17082E+18,9,4,76,152,2017,8,15,6,2,7,7,1,0,0,0,0,0,0,6.65571E+20,5.59621E+21,1.13344E+16,5.04944E+16
180791,9.17082E+18,9,4,71,119,2017,8,10,6,3,5,3,0,1,0,1,0,0,0,6.35875E+20,5.53698E+21,1.08948E+16,4.99697E+16
180792,9.17082E+18,9,4,61,0,2017,8,12,6,3,5,3,1,1,0,0,0,0,0,6.36438E+20,5.52915E+21,1.08999E+16,4.98991E+16
180793,9.17082E+18,9,4,61,0,2017,8,10,6,3,3,7,0,1,0,1,0,0,0,6.36919E+20,5.52818E+21,1.09062E+16,4.98903E+16
180794,9.17082E+18,9,3,75,196,2017,8,12,6,2,6,1,0,0,1,0,1,0,0,7.29832E+20,5.41482E+21,1.21327E+16,4.88438E+16
180795,9.17082E+18,9,3,75,190,2017,8,14,6,2,0,1,0,0,0,1,0,0,0,7.23429E+20,5.44463E+21,1.20619E+16,4.91139E+16
180796,9.17082E+18,9,3,62,0,2017,8,9,6,3,5,3,1,1,0,0,0,0,0,7.23398E+20,5.43342E+21,1.20553E+16,4.90132E+16
180797,9.17082E+18,9,3,73,147,2017,8,14,6,2,0,7,1,0,0,0,0,0,0,6.78944E+20,5.46122E+21,1.14603E+16,4.92776E+16
180798,9.17082E+18,9,2,75,152,2017,8,16,6,3,0,1,0,0,0,1,0,0,0,8.22341E+20,5.40689E+21,1.33841E+16,4.87315E+16
180799,9.17082E+18,9,2,61,0,2017,8,14,6,3,5,3,0,1,0,1,0,0,0,7.3065E+20,5.38293E+21,1.2126E+16,4.8557E+16
180800,9.17082E+18,9,1,80,117,2017,8,10,6,3,1,3,0,1,0,1,0,0,0,6.57169E+20,5.26193E+21,1.10866E+16,4.74918E+16
180801,9.17082E+18,9,1,89,119,2017,8,1,6,3,8,1,0,0,0,1,0,2,1,7.65703E+20,5.3059E+21,1.2552E+16,4.78514E+16
180802,9.17082E+18,9,1,89,141,2017,8,18,6,3,1,7,1,0,0,0,0,0,0,7.57364E+20,5.29331E+21,1.24332E+16,4.77418E+16
180803,9.17082E+18,9,1,71,133,2017,8,19,6,3,6,4,0,1,1,0,0,0,0,7.66881E+20,5.34514E+21,1.25921E+16,4.82034E+16
180804,9.17082E+18,9,1,63,0,2017,8,13,6,3,5,3,1,1,0,0,0,0,0,7.33451E+20,5.30591E+21,1.21215E+16,4.78641E+16
180805,9.17082E+18,9,1,87,148,2017,8,14,6,3,0,7,0,1,0,0,0,0,0,7.39198E+20,5.27746E+21,1.21826E+16,4.76063E+16
180806,9.17082E+18,9,1,87,172,2017,8,11,6,3,2,6,1,0,0,0,0,0,0,7.398E+20,5.29673E+21,1.22012E+16,4.77793E+16
180807,9.17082E+18,9,1,87,150,2017,8,19,6,3,0,1,0,0,0,1,0,0,0,7.28438E+20,5.30538E+21,1.20543E+16,4.78611E+16
180808,9.17082E+18,9,1,86,143,2017,8,17,6,2,4,2,0,1,0,0,0,0,0,6.84014E+20,5.37831E+21,1.14926E+16,4.85309E+16
180809,9.17082E+18,9,1,88,144,2017,8,21,6,2,7,7,1,0,0,0,0,2,1,6.67541E+20,5.32649E+21,1.12491E+16,4.80697E+16
180810,9.17082E+18,9,1,79,126,2017,8,17,6,3,0,7,1,0,0,0,1,0,0,6.7537E+20,5.34162E+21,1.13603E+16,4.82036E+16
180811,9.17082E+18,9,1,74,115,2017,8,15,6,3,5,3,0,1,0,0,0,0,0,6.83398E+20,5.34815E+21,1.14711E+16,4.826E+16
180812,9.17082E+18,9,1,77,133,2017,8,14,6,2,5,2,0,0,0,1,1,0,0,7.06545E+20,5.35889E+21,1.17879E+16,4.83494E+16
180813,9.17082E+18,9,1,75,132,2017,8,11,6,2,5,2,0,0,0,1,1,0,0,7.07447E+20,5.33092E+21,1.17863E+16,4.80977E+16
180814,9.17082E+18,9,1,75,139,2017,8,18,6,2,0,7,0,0,0,1,0,0,0,7.10313E+20,5.33165E+21,1.18252E+16,4.81034E+16
180815,9.17082E+18,9,1,77,117,2017,8,21,6,3,0,1,1,0,0,0,0,2,0,7.15561E+20,5.35425E+21,1.1907E+16,4.83047E+16
180816,9.17082E+18,9,1,77,117,2017,8,9,6,3,5,3,0,1,0,0,0,0,0,7.14682E+20,5.35503E+21,1.18956E+16,4.8312E+16
180817,9.17082E+18,9,1,75,115,2017,8,15,6,3,0,1,1,0,0,0,0,0,0,7.2119E+20,5.32893E+21,1.19696E+16,4.80752E+16
180818,9.17082E+18,9,1,62,0,2017,8,16,5,3,0,4,1,0,1,0,0,0,0,6.88133E+20,5.33632E+21,1.15296E+16,4.81523E+16
180819,9.17082E+18,9,1,62,0,2017,8,5,5,2,4,2,1,1,0,0,0,2,0,6.91281E+20,5.33189E+21,1.15699E+16,4.81116E+16
180820,9.17082E+18,9,1,62,0,2017,8,18,5,2,4,2,0,1,0,1,0,0,0,6.91107E+20,5.33422E+21,1.15686E+16,4.81325E+16