OBJECTID,UIDENTSTLA,ULAND,UREGBEZ,UKREIS,UGEMEINDE,UJAHR,UMONAT,USTUNDE,UWOCHENTAG,UKATEGORIE,UART,UTYP1,IstRad,IstPKW,IstFuss,IstKrad,IstSonstig,LICHT,STRZUSTAND,LINREFX,LINREFY,XGCSWGS84,YGCSWGS84
181164,9.17082E+18,9,1,62,0,2017,8,8,2,3,6,4,0,0,1,0,1,0,0,6.87382E+20,5.33175E+21,1.15175E+16,4.81114E+16
181165,9.17082E+18,9,1,62,0,2017,8,18,2,3,6,4,1,0,1,0,0,0,0,6.87866E+20,5.33224E+21,1.15242E+16,4.81157E+16
181166,9.17083E+18,9,1,62,0,2017,8,11,6,3,5,3,1,1,0,0,0,0,0,6.88001E+20,5.33945E+21,1.15292E+16,4.81805E+16
181167,9.17083E+18,9,2,73,152,2017,8,10,7,3,0,1,1,0,0,0,0,0,0,7.04439E+20,5.41113E+21,1.17852E+16,4.88195E+16
181168,9.17083E+18,9,1,90,142,2017,8,4,7,3,0,1,0,1,0,0,0,2,0,6.60419E+20,5.29762E+21,1.11428E+16,4.78119E+16
181169,9.17083E+18,9,2,73,141,2017,8,13,7,3,0,7,1,0,0,0,0,0,0,7.23465E+20,5.41266E+21,1.20448E+16,4.88267E+16
181170,9.17083E+18,9,1,62,0,2017,8,9,6,3,0,7,1,0,0,0,1,0,0,6.89958E+20,5.33492E+21,1.15535E+16,4.81391E+16
181171,9.17083E+18,9,2,73,172,2017,8,20,7,3,0,1,1,0,0,0,0,1,0,7.09454E+20,5.40422E+21,1.18499E+16,4.87557E+16
181172,9.17083E+18,9,1,62,0,2017,8,9,6,3,2,6,0,1,0,1,0,0,0,6.92317E+20,5.33813E+21,1.15866E+16,4.81673E+16
181173,9.17083E+18,9,1,62,0,2017,8,11,6,3,3,6,1,1,0,0,0,0,0,6.83716E+20,5.33953E+21,1.14716E+16,4.81825E+16
181174,9.17083E+18,9,1,83,120,2017,8,15,7,3,0,7,1,0,0,0,0,0,0,7.49449E+20,5.34865E+21,1.236E+16,4.8242E+16
181175,9.17083E+18,9,1,62,0,2017,8,9,6,3,2,6,0,1,0,0,0,0,0,6.88937E+20,5.33241E+21,1.15387E+16,4.81169E+16
181176,9.17083E+18,9,1,84,119,2017,8,16,6,2,5,3,1,1,0,0,0,0,0,6.98142E+20,5.34877E+21,1.16698E+16,4.82611E+16
181177,9.17083E+18,9,4,73,151,2017,8,16,7,3,0,1,1,0,0,0,0,0,0,6.50656E+20,5.57814E+21,1.1117E+16,5.03361E+16
181178,9.17083E+18,9,5,75,166,2017,8,23,7,2,0,7,1,0,0,0,0,2,0,6.1534E+20,5.47976E+21,1.05916E+16,4.94596E+16
181179,9.17083E+18,9,1,80,117,2017,8,1,7,3,0,1,1,0,0,0,0,2,0,6.58872E+20,5.2622E+21,1.11093E+16,4.74938E+16
181180,9.17083E+18,9,1,82,129,2017,8,23,7,3,7,1,0,0,0,1,0,2,0,7.06447E+20,5.28594E+21,1.17514E+16,4.76938E+16
181181,9.17083E+18,9,1,89,119,2017,8,21,7,3,0,7,0,1,0,0,0,2,0,7.65013E+20,5.30542E+21,1.25425E+16,4.78474E+16
181182,9.17083E+18,9,1,83,148,2017,8,16,7,3,5,3,0,1,0,1,0,0,0,7.51384E+20,5.34383E+21,1.23831E+16,4.81978E+16
181183,9.17083E+18,9,3,73,147,2017,8,17,7,3,4,2,1,1,0,0,0,0,0,6.7946E+20,5.4606E+21,1.14671E+16,4.92718E+16
181184,9.17083E+18,9,3,62,0,2017,8,23,7,3,6,4,0,1,1,0,0,2,0,7.25799E+20,5.43466E+21,1.20888E+16,4.90235E+16
181185,9.17083E+18,9,2,75,143,2017,8,5,7,3,5,3,1,1,0,0,0,1,0,8.11336E+20,5.36459E+21,1.32032E+16,4.83576E+16
181186,9.17083E+18,9,1,86,137,2017,8,0,7,3,8,1,1,0,0,0,0,2,0,6.80327E+20,5.39876E+21,1.14516E+16,4.87157E+16
181187,9.17083E+18,9,1,82,116,2017,8,11,7,3,8,1,1,0,0,0,0,0,0,7.05739E+20,5.29537E+21,1.17464E+16,4.77788E+16
181188,9.17083E+18,9,3,76,119,2017,8,19,7,2,0,7,0,0,0,1,0,0,0,7.21758E+20,5.45348E+21,1.20439E+16,4.91939E+16
181189,9.17083E+18,9,1,89,140,2017,8,16,4,3,0,6,1,0,0,0,0,0,0,7.75437E+20,5.29556E+21,1.26752E+16,4.77545E+16
181190,9.17083E+18,9,1,71,113,2017,8,14,4,3,2,6,0,1,0,0,0,0,0,7.78476E+20,5.33979E+21,1.27443E+16,4.81503E+16
181191,9.17083E+18,9,1,78,136,2017,8,11,7,3,0,7,1,0,0,0,0,0,0,6.98769E+20,5.36904E+21,1.16878E+16,4.8443E+16
181192,9.17083E+18,9,1,88,124,2017,8,16,7,3,5,2,1,1,0,0,0,0,0,6.61878E+20,5.31806E+21,1.11699E+16,4.79954E+16
181193,9.17083E+18,9,1,82,116,2017,8,16,7,2,0,1,1,0,0,0,0,0,0,7.05396E+20,5.2924E+21,1.17405E+16,4.77522E+16
181194,9.17083E+18,9,1,72,128,2017,8,7,4,2,8,1,1,0,0,0,0,0,0,7.93386E+20,5.298E+21,1.29158E+16,4.77685E+16
181195,9.17083E+18,9,1,71,117,2017,8,7,4,3,5,3,0,1,0,0,0,0,0,7.66593E+20,5.33752E+21,1.25835E+16,4.8135E+16
181196,9.17083E+18,9,1,63,0,2017,8,21,4,3,5,3,0,1,0,1,0,2,0,7.34079E+20,5.30488E+21,1.21294E+16,4.78546E+16
181197,9.17083E+18,9,1,82,125,2017,8,17,4,3,0,7,1,0,0,0,0,0,0,7.12239E+20,5.29648E+21,1.18337E+16,4.77867E+16
181198,9.17083E+18,9,1,87,172,2017,8,15,4,3,3,6,1,1,0,0,0,0,0,7.3904E+20,5.29697E+21,1.21912E+16,4.77817E+16
181199,9.17083E+18,9,1,87,150,2017,8,12,4,3,2,6,0,1,0,0,1,0,0,7.29318E+20,5.30346E+21,1.2065E+16,4.78435E+16
181200,9.17083E+18,9,1,61,0,2017,8,20,4,2,4,2,1,1,0,0,0,2,0,6.78097E+20,5.4042E+21,1.14237E+16,4.87653E+16
181201,9.17083E+18,9,1,85,149,2017,8,14,4,3,0,1,1,0,0,0,0,0,0,6.6202E+20,5.40026E+21,1.12035E+16,4.87342E+16
181202,9.17083E+18,9,1,76,123,2017,8,17,4,3,0,7,0,1,0,0,0,0,0,6.61087E+20,5.4173E+21,1.11975E+16,4.88877E+16
181203,9.17083E+18,9,1,88,121,2017,8,1,4,3,1,5,0,1,0,0,1,2,0,6.70578E+20,5.32993E+21,1.12912E+16,4.80998E+16
181204,9.17083E+18,9,1,79,121,2017,8,15,4,3,8,1,0,1,0,0,0,0,0,6.66138E+20,5.33958E+21,1.12354E+16,4.81877E+16
181205,9.17083E+18,9,1,74,143,2017,8,23,4,2,0,1,1,0,0,0,0,2,0,6.73719E+20,5.35626E+21,1.13441E+16,4.83356E+16
181206,9.17083E+18,9,1,78,124,2017,8,12,4,3,5,2,1,1,0,0,0,0,0,7.03785E+20,5.36494E+21,1.17536E+16,4.84047E+16
181207,9.17083E+18,9,1,77,117,2017,8,13,4,3,6,4,0,1,1,0,0,0,0,7.16059E+20,5.35533E+21,1.19143E+16,4.83142E+16
181208,9.17083E+18,9,1,62,0,2017,8,14,3,2,0,7,0,0,0,0,1,0,0,6.8792E+20,5.3368E+21,1.15269E+16,4.81567E+16
181209,9.17083E+18,9,1,62,0,2017,8,11,3,3,3,2,1,1,0,0,0,0,0,6.88285E+20,5.33636E+21,1.15316E+16,4.81526E+16
181210,9.17083E+18,9,1,62,0,2017,8,12,3,2,1,3,1,1,0,0,0,0,0,6.86219E+20,5.33521E+21,1.15034E+16,4.81428E+16
181211,9.17083E+18,9,1,62,0,2017,8,8,3,3,5,3,1,1,0,0,0,0,1,6.91317E+20,5.33641E+21,1.15724E+16,4.81521E+16
181212,9.17083E+18,9,1,62,0,2017,8,16,3,3,5,3,1,0,0,0,1,0,0,7.00033E+20,5.33521E+21,1.16889E+16,4.81387E+16
181213,9.17083E+18,9,1,84,120,2017,8,17,3,3,2,6,0,1,0,0,0,0,0,6.81539E+20,5.33314E+21,1.14397E+16,4.81256E+16
181214,9.17083E+18,9,1,62,0,2017,8,16,3,3,4,6,0,1,0,0,0,0,0,6.98077E+20,5.33123E+21,1.16608E+16,4.81035E+16
181215,9.17083E+18,9,1,62,0,2017,8,14,3,3,6,7,0,1,1,0,0,0,0,6.93437E+20,5.3336E+21,1.15996E+16,4.81262E+16
181216,9.17083E+18,9,1,62,0,2017,8,16,3,3,5,3,0,1,0,1,0,0,0,6.90667E+20,5.33657E+21,1.15637E+16,4.81537E+16
181217,9.17083E+18,9,1,62,0,2017,8,9,3,3,5,2,0,1,0,1,0,0,0,6.85117E+20,5.3327E+21,1.14875E+16,4.81206E+16
181218,9.17083E+18,9,1,62,0,2017,8,15,3,3,2,7,0,1,0,0,1,0,0,6.89707E+20,5.33205E+21,1.15488E+16,4.81134E+16
181219,9.17083E+18,9,1,62,0,2017,8,19,3,3,3,6,1,1,0,0,0,0,0,6.92698E+20,5.33256E+21,1.15892E+16,4.81171E+16
181220,9.17083E+18,9,1,84,135,2017,8,11,3,3,5,7,1,1,0,0,0,0,0,6.8986E+20,5.34701E+21,1.15576E+16,4.82478E+16
181221,9.17083E+18,9,1,62,0,2017,8,12,3,3,3,2,1,1,0,0,0,0,0,6.82932E+20,5.33551E+21,1.14594E+16,4.81465E+16
181222,9.17083E+18,9,1,62,0,2017,8,14,3,3,5,5,1,0,0,0,0,0,0,6.8605E+20,5.34027E+21,1.15033E+16,4.81884E+16
181223,9.17083E+18,9,1,84,141,2017,8,16,3,3,5,3,1,1,0,0,0,0,0,6.95089E+20,5.31477E+21,1.16132E+16,4.79565E+16
181224,9.17083E+18,9,1,84,136,2017,8,17,3,3,5,2,0,1,0,1,0,0,0,6.97617E+20,5.32682E+21,1.16526E+16,4.8064E+16
181225,9.17083E+18,9,1,62,0,2017,8,23,3,3,6,4,1,0,1,0,0,2,0,6.92E+20,5.33231E+21,1.15797E+16,4.81151E+16
181226,9.17083E+18,9,1,62,0,2017,8,16,3,3,5,2,1,0,0,0,0,0,0,6.9178E+20,5.3335E+21,1.15773E+16,4.81258E+16
181227,9.17083E+18,9,1,62,0,2017,8,11,3,3,2,6,0,1,0,1,0,0,0,6.89049E+20,5.33241E+21,1.15402E+16,4.81169E+16
181228,9.17083E+18,9,1,62,0,2017,8,11,3,3,6,2,0,1,1,0,0,0,0,6.91014E+20,5.33534E+21,1.15678E+16,4.81426E+16
181229,9.17083E+18,9,1,62,0,2017,8,10,3,3,0,1,0,0,0,1,0,0,0,6.92327E+20,5.33777E+21,1.15866E+16,4.8164E+16
181230,9.17083E+18,9,1,62,0,2017,8,11,3,3,1,6,0,1,0,1,0,0,0,6.91488E+20,5.33456E+21,1.15739E+16,4.81355E+16
181231,9.17083E+18,9,7,78,204,2017,8,17,3,3,4,2,0,1,0,0,0,0,0,6.16206E+20,5.32873E+21,1.05609E+16,4.81012E+16
181232,9.17083E+18,9,7,75,135,2017,8,16,3,3,5,3,1,1,0,0,0,0,0,5.73348E+20,5.36008E+21,9.99076E+15,4.83896E+16
181233,9.17083E+18,9,7,80,123,2017,8,14,3,3,1,6,1,1,0,0,0,0,0,6.06526E+20,5.26644E+21,1.04156E+16,4.75426E+16
181234,9.17083E+18,9,7,80,118,2017,8,17,3,3,0,1,1,0,0,0,0,0,0,5.96867E+20,5.2658E+21,1.02871E+16,4.75384E+16
181235,9.17083E+18,9,7,80,123,2017,8,13,3,3,0,1,1,0,0,0,0,0,0,6.08457E+20,5.25667E+21,1.04388E+16,4.74544E+16
181236,9.17083E+18,9,7,80,115,2017,8,9,3,3,0,1,1,0,0,0,0,0,0,5.94805E+20,5.26469E+21,1.02595E+16,4.75287E+16
181237,9.17083E+18,9,7,80,145,2017,8,19,3,3,0,1,1,0,0,0,0,0,0,6.06185E+20,5.27159E+21,1.04123E+16,4.7589E+16
181238,9.17083E+18,9,7,80,145,2017,8,19,3,3,0,1,1,0,0,0,0,0,0,6.06193E+20,5.27165E+21,1.04124E+16,4.75896E+16
181239,9.17083E+18,9,7,61,0,2017,8,8,3,3,4,2,1,1,0,0,0,0,0,6.44134E+20,5.35642E+21,1.09452E+16,4.83445E+16
181240,9.17083E+18,9,7,61,0,2017,8,7,3,3,0,7,1,0,0,0,0,0,0,6.40042E+20,5.35767E+21,1.08905E+16,4.83566E+16
181241,9.17083E+18,9,7,61,0,2017,8,19,3,2,8,7,0,0,0,1,0,0,0,6.40738E+20,5.36011E+21,1.09007E+16,4.83785E+16
181242,9.17083E+18,9,6,77,157,2017,8,18,3,3,5,3,1,1,0,0,0,0,0,5.43281E+20,5.52212E+21,9.60205E+15,4.98499E+16
181243,9.17083E+18,9,6,72,127,2017,8,14,3,3,1,3,0,1,0,0,0,0,0,5.63399E+20,5.55281E+21,9.88693E+15,5.01242E+16
181244,9.17083E+18,9,6,73,146,2017,8,19,3,3,9,1,0,0,0,1,0,1,0,5.84803E+20,5.57171E+21,1.01905E+16,5.02914E+16
181245,9.17083E+18,9,6,72,114,2017,8,19,3,3,5,3,0,1,0,0,0,0,0,5.77216E+20,5.56134E+21,1.00819E+16,5.01992E+16
181246,9.17083E+18,9,6,76,126,2017,8,20,3,2,5,2,0,1,0,1,0,1,0,5.10881E+20,5.52579E+21,9.15146E+15,4.98844E+16
181247,9.17083E+18,9,6,71,122,2017,8,18,3,3,5,2,0,1,0,1,0,0,0,5.04114E+20,5.52807E+21,9.05729E+15,4.9905E+16
181248,9.17083E+18,9,5,62,0,2017,8,1,3,3,0,7,1,0,0,0,0,2,0,6.45083E+20,5.49622E+21,1.10079E+16,4.96011E+16
181249,9.17083E+18,9,5,76,151,2017,8,9,3,3,5,3,0,1,0,0,1,0,0,6.58075E+20,5.47268E+21,1.11782E+16,4.93863E+16
181250,9.17083E+18,9,5,64,0,2017,8,15,3,3,2,6,0,1,0,0,0,0,0,6.51212E+20,5.47651E+21,1.10851E+16,4.94224E+16
181251,9.17083E+18,9,5,64,0,2017,8,17,3,3,3,6,0,1,0,0,0,0,0,6.46099E+20,5.47984E+21,1.10159E+16,4.94537E+16
181252,9.17083E+18,9,5,64,0,2017,8,16,3,3,2,6,0,0,0,1,0,0,0,6.52326E+20,5.47918E+21,1.11015E+16,4.94461E+16
181253,9.17083E+18,9,5,64,0,2017,8,12,3,3,0,1,1,0,0,0,0,0,0,6.50831E+20,5.47571E+21,1.10796E+16,4.94154E+16
181254,9.17083E+18,9,5,64,0,2017,8,13,3,3,1,5,1,0,0,0,1,0,0,6.5028E+20,5.48076E+21,1.10739E+16,4.94609E+16
181255,9.17083E+18,9,5,64,0,2017,8,9,3,3,2,6,0,1,0,0,0,0,0,6.45004E+20,5.47929E+21,1.10006E+16,4.9449E+16
181256,9.17083E+18,9,5,64,0,2017,8,15,3,3,2,1,0,1,0,1,0,0,0,6.52773E+20,5.4791E+21,1.11076E+16,4.94453E+16
181257,9.17083E+18,9,5,73,134,2017,8,19,3,3,9,1,0,1,0,0,0,1,0,6.39794E+20,5.4776E+21,1.09282E+16,4.9435E+16
181258,9.17083E+18,9,5,73,122,2017,8,10,3,3,5,3,1,1,0,0,0,0,0,6.42764E+20,5.47761E+21,1.09691E+16,4.94344E+16
181259,9.17083E+18,9,5,71,205,2017,8,5,3,2,7,7,0,0,0,1,0,1,0,5.8892E+20,5.47695E+21,1.02265E+16,4.94387E+16
181260,9.17083E+18,9,5,71,226,2017,8,7,3,3,1,7,0,1,0,0,0,0,0,6.36089E+20,5.45846E+21,1.08706E+16,4.92637E+16
181261,9.17083E+18,9,5,61,0,2017,8,11,3,3,5,7,0,1,0,0,1,0,0,6.14134E+20,5.4631E+21,1.05702E+16,4.93099E+16
181262,9.17083E+18,9,4,75,113,2017,8,15,3,3,8,1,0,1,0,0,0,0,0,6.96889E+20,5.5831E+21,1.17686E+16,5.0367E+16
181263,9.17083E+18,9,4,79,136,2017,8,16,3,3,0,3,0,1,0,0,1,0,0,7.19991E+20,5.54335E+21,1.207E+16,5.00018E+16
181264,9.17083E+18,9,4,76,177,2017,8,20,3,3,8,1,0,1,0,0,0,1,0,6.75422E+20,5.57405E+21,1.14628E+16,5.02925E+16
181265,9.17083E+18,9,3,74,166,2017,8,20,3,1,3,6,1,1,0,0,0,2,0,7.22216E+20,5.50165E+21,1.20771E+16,4.96265E+16
181266,9.17083E+18,9,3,62,0,2017,8,13,3,3,4,2,0,1,0,0,0,0,0,7.26176E+20,5.43284E+21,1.20929E+16,4.9007E+16
181267,9.17083E+18,9,3,62,0,2017,8,10,3,3,2,5,0,1,0,1,0,0,0,7.24443E+20,5.43296E+21,1.20693E+16,4.90086E+16
181268,9.17083E+18,9,3,62,0,2017,8,9,3,3,2,6,0,1,0,0,0,0,0,7.26619E+20,5.43673E+21,1.21011E+16,4.90418E+16
181269,9.17083E+18,9,2,62,0,2017,8,14,3,3,5,3,0,1,0,0,0,0,0,8.26669E+20,5.38915E+21,1.34288E+16,4.85701E+16
181270,9.17083E+18,9,2,75,145,2017,8,14,3,3,1,5,0,1,0,0,0,0,0,8.21128E+20,5.37392E+21,1.33422E+16,4.84364E+16
181271,9.17083E+18,9,2,79,132,2017,8,17,3,3,4,1,0,1,0,1,0,0,0,7.69438E+20,5.3971E+21,1.26599E+16,4.86688E+16
181272,9.17083E+18,9,1,90,148,2017,8,6,3,2,5,3,1,1,0,0,0,1,0,6.41434E+20,5.29666E+21,1.0889E+16,4.78077E+16
181273,9.17083E+18,9,1,83,119,2017,8,15,3,3,5,3,1,1,0,0,0,0,0,7.36199E+20,5.33967E+21,1.21768E+16,4.81664E+16
181274,9.17083E+18,9,1,89,139,2017,8,10,3,3,0,1,1,0,0,0,0,0,0,7.60288E+20,5.28631E+21,1.2468E+16,4.76778E+16
181275,9.17083E+18,9,1,89,159,2017,8,15,3,3,8,1,1,0,0,0,0,0,0,7.61467E+20,5.30242E+21,1.24933E+16,4.7822E+16
181276,9.17083E+18,9,1,87,162,2017,8,12,3,2,0,1,1,0,0,0,0,0,0,7.50525E+20,5.30587E+21,1.23494E+16,4.78573E+16
181277,9.17083E+18,9,1,87,117,2017,8,19,3,3,5,3,1,1,0,0,0,0,0,7.25368E+20,5.30471E+21,1.2013E+16,4.78562E+16
181278,9.17083E+18,9,1,85,149,2017,8,16,3,2,5,3,1,1,0,0,0,0,0,6.61247E+20,5.39924E+21,1.11926E+16,4.87253E+16
181279,9.17083E+18,9,1,79,121,2017,8,16,3,3,1,6,0,1,0,1,0,0,0,6.6692E+20,5.33775E+21,1.12452E+16,4.81711E+16
181280,9.17083E+18,9,1,74,122,2017,8,17,3,3,5,3,1,0,0,0,0,0,0,6.84226E+20,5.35324E+21,1.14845E+16,4.83055E+16
181281,9.17083E+18,9,1,62,0,2017,8,17,2,3,5,2,0,1,0,1,0,0,0,6.91767E+20,5.33205E+21,1.15765E+16,4.81128E+16
181282,9.17083E+18,9,1,84,135,2017,8,17,2,2,3,6,1,0,0,0,1,0,0,6.89796E+20,5.34815E+21,1.15572E+16,4.82581E+16
181283,9.17083E+18,9,1,62,0,2017,8,2,2,3,0,7,1,0,0,0,1,2,0,6.8876E+20,5.33659E+21,1.15381E+16,4.81545E+16
181284,9.17083E+18,9,1,62,0,2017,8,11,2,3,2,6,0,1,0,0,0,0,1,6.88091E+20,5.33732E+21,1.15295E+16,4.81613E+16
181285,9.17083E+18,9,1,62,0,2017,8,17,2,3,1,5,1,1,0,0,0,0,0,6.90146E+20,5.33466E+21,1.15559E+16,4.81368E+16
181286,9.17083E+18,9,1,62,0,2017,8,15,2,3,0,7,1,1,0,0,0,0,0,6.9158E+20,5.33467E+21,1.15751E+16,4.81365E+16
181287,9.17083E+18,9,7,75,152,2017,8,17,2,3,5,3,1,1,0,0,0,0,0,5.76674E+20,5.35336E+21,1.00345E+16,4.83287E+16
181288,9.17083E+18,9,7,74,150,2017,8,14,2,3,5,3,1,1,0,0,0,0,0,6.01297E+20,5.34433E+21,1.03644E+16,4.82441E+16
181289,9.17083E+18,9,7,75,162,2017,8,17,2,3,1,3,0,1,0,0,0,0,0,5.80027E+20,5.34777E+21,1.00786E+16,4.82781E+16
181290,9.17083E+18,9,7,74,135,2017,8,13,2,3,5,3,0,1,0,1,0,0,0,5.9594E+20,5.36734E+21,1.02975E+16,4.84519E+16
181291,9.17083E+18,9,7,74,121,2017,8,17,2,3,6,7,0,1,1,0,0,0,0,6.04101E+20,5.36511E+21,1.04073E+16,4.84305E+16
181292,9.17083E+18,9,7,63,0,2017,8,17,2,3,5,3,0,1,0,0,0,0,0,5.99911E+20,5.28608E+21,1.03322E+16,4.77204E+16
181293,9.17083E+18,9,7,80,121,2017,8,18,2,2,0,6,1,0,0,0,0,0,0,5.95549E+20,5.25508E+21,1.02673E+16,4.74421E+16
181294,9.17083E+18,9,7,80,119,2017,8,17,2,3,0,7,0,1,0,1,0,0,0,5.96241E+20,5.29567E+21,1.02854E+16,4.78072E+16
181295,9.17083E+18,9,7,77,163,2017,8,18,2,3,9,1,1,0,0,0,0,0,0,6.29995E+20,5.27801E+21,1.07308E+16,4.76424E+16
181296,9.17083E+18,9,7,73,122,2017,8,5,2,3,0,1,0,0,0,1,0,1,0,6.28818E+20,5.38712E+21,1.07481E+16,4.86238E+16
181297,9.17083E+18,9,7,72,171,2017,8,15,2,3,0,7,1,0,0,0,0,0,0,6.3716E+20,5.37213E+21,1.08563E+16,4.84873E+16
181298,9.17083E+18,9,7,61,0,2017,8,13,2,3,1,6,0,1,1,0,0,0,0,6.3907E+20,5.35824E+21,1.08775E+16,4.8362E+16
181299,9.17083E+18,9,7,61,0,2017,8,15,2,3,0,7,1,0,0,0,0,0,0,6.43471E+20,5.35729E+21,1.09366E+16,4.83525E+16
181300,9.17083E+18,9,7,61,0,2017,8,5,2,3,0,7,1,0,0,0,0,1,0,6.39876E+20,5.35937E+21,1.08888E+16,4.8372E+16
181301,9.17083E+18,9,7,61,0,2017,8,19,2,3,0,3,1,1,0,0,0,0,0,6.40857E+20,5.35906E+21,1.09019E+16,4.83689E+16
181302,9.17083E+18,9,6,79,147,2017,8,14,2,3,4,2,0,1,0,1,0,0,0,5.63824E+20,5.51513E+21,9.88663E+15,4.97853E+16
181303,9.17083E+18,9,6,62,0,2017,8,12,2,3,5,3,1,0,0,0,1,0,0,5.87053E+20,5.54135E+21,1.02152E+16,5.00181E+16
181304,9.17083E+18,9,6,62,0,2017,8,15,2,3,5,3,0,1,0,1,0,0,0,5.88728E+20,5.54299E+21,1.02389E+16,5.00326E+16
181305,9.17083E+18,9,6,76,121,2017,8,15,2,3,1,7,1,1,0,0,0,0,0,5.11556E+20,5.52091E+21,9.16072E+15,4.98405E+16
181306,9.17083E+18,9,6,71,155,2017,8,18,2,2,5,3,1,1,0,0,0,0,0,5.04067E+20,5.53583E+21,9.05672E+15,4.99748E+16
181307,9.17083E+18,9,6,61,0,2017,8,12,2,3,1,6,0,1,0,1,0,0,0,5.06649E+20,5.53553E+21,9.09272E+15,4.99721E+16
181308,9.17083E+18,9,5,76,113,2017,8,17,2,3,2,6,0,1,0,1,0,0,0,6.61725E+20,5.45388E+21,1.12208E+16,4.92163E+16
181309,9.17083E+18,9,5,64,0,2017,8,17,2,3,5,3,1,1,0,0,0,0,0,6.50738E+20,5.47908E+21,1.10796E+16,4.94457E+16
181310,9.17083E+18,9,5,64,0,2017,8,9,2,3,5,3,1,0,0,0,0,0,0,6.54841E+20,5.47428E+21,1.11343E+16,4.94015E+16
181311,9.17083E+18,9,5,64,0,2017,8,13,2,3,5,3,0,1,0,0,1,0,0,6.49569E+20,5.47396E+21,1.10615E+16,4.94E+16
181312,9.17083E+18,9,4,73,151,2017,8,14,2,2,0,1,1,0,0,0,0,0,0,6.49393E+20,5.57824E+21,1.10994E+16,5.03373E+16
181313,9.17083E+18,9,4,62,0,2017,8,19,2,3,5,3,1,1,0,0,0,1,0,6.86087E+20,5.5355E+21,1.15936E+16,4.99429E+16
181314,9.17083E+18,9,4,74,134,2017,8,19,2,3,0,6,0,1,0,1,0,0,0,6.46393E+20,5.50589E+21,1.10296E+16,4.96877E+16
181315,9.17083E+18,9,4,61,0,2017,8,20,2,3,0,7,0,0,0,1,1,1,0,6.35895E+20,5.52871E+21,1.08921E+16,4.98953E+16
181316,9.17083E+18,9,3,62,0,2017,8,13,2,3,5,2,0,1,0,1,0,0,0,7.30701E+20,5.43112E+21,1.21537E+16,4.89899E+16
181317,9.17083E+18,9,3,73,147,2017,8,6,2,3,5,3,1,1,0,0,0,0,0,6.79887E+20,5.4597E+21,1.14726E+16,4.92636E+16
181318,9.17083E+18,9,3,76,161,2017,8,7,2,3,4,2,1,1,0,0,0,0,0,7.24616E+20,5.46778E+21,1.20911E+16,4.93214E+16
181319,9.17083E+18,9,7,77,147,2017,8,9,2,3,0,7,1,0,0,0,0,0,0,6.3511E+20,5.28533E+21,1.08011E+16,4.77072E+16
181320,9.17083E+18,9,1,83,128,2017,8,7,2,3,5,3,1,1,0,0,0,0,0,7.61182E+20,5.35062E+21,1.25189E+16,4.82549E+16
181321,9.17083E+18,9,1,72,114,2017,8,17,2,2,5,2,0,1,0,1,0,0,1,7.9348E+20,5.29571E+21,1.29155E+16,4.77479E+16
181322,9.17083E+18,9,1,82,120,2017,8,8,2,3,0,1,1,0,0,0,0,0,0,7.01578E+20,5.30618E+21,1.1696E+16,4.78773E+16
181323,9.17083E+18,9,1,82,129,2017,8,16,2,2,0,1,1,0,0,0,0,0,1,7.07102E+20,5.28588E+21,1.17601E+16,4.76931E+16
181324,9.17083E+18,9,1,76,126,2017,8,22,2,3,4,2,0,1,0,1,0,2,0,6.73701E+20,5.40787E+21,1.13654E+16,4.87995E+16
181325,9.17083E+18,9,1,61,0,2017,8,17,2,3,0,1,1,0,0,0,0,0,0,6.78157E+20,5.40403E+21,1.14244E+16,4.87637E+16
181326,9.17083E+18,9,1,81,130,2017,8,12,2,3,6,3,0,1,1,0,0,0,0,6.38683E+20,5.32513E+21,1.08615E+16,4.80644E+16
181327,9.17083E+18,9,1,74,146,2017,8,17,2,3,0,1,1,0,0,0,0,0,0,6.6757E+20,5.35038E+21,1.12589E+16,4.82844E+16
181328,9.17083E+18,9,1,77,117,2017,8,22,2,3,6,4,0,1,1,0,0,2,0,7.16028E+20,5.35533E+21,1.19139E+16,4.83142E+16
181329,9.17083E+18,9,1,62,0,2017,8,0,1,3,0,1,1,0,0,0,0,2,0,6.85679E+20,5.33236E+21,1.14949E+16,4.81174E+16
181330,9.17083E+18,9,1,62,0,2017,8,17,1,2,0,1,0,0,0,1,0,0,1,6.89046E+20,5.33248E+21,1.15402E+16,4.81175E+16
181331,9.17083E+18,9,1,84,123,2017,8,19,1,3,0,1,1,0,0,0,0,0,0,7.02745E+20,5.33439E+21,1.17249E+16,4.81304E+16
181332,9.17083E+18,9,1,62,0,2017,8,18,1,3,5,2,1,0,0,1,0,0,1,6.88285E+20,5.33636E+21,1.15316E+16,4.81526E+16
181333,9.17083E+18,9,1,62,0,2017,8,15,1,3,0,1,1,0,0,0,0,0,0,6.90324E+20,5.32953E+21,1.1556E+16,4.80906E+16
181334,9.17083E+18,9,1,62,0,2017,8,15,1,3,5,3,0,1,0,0,0,0,0,6.88059E+20,5.33278E+21,1.1527E+16,4.81205E+16
181335,9.17083E+18,9,7,80,143,2017,8,22,1,3,0,7,1,0,0,0,0,2,0,5.92417E+20,5.27571E+21,1.02301E+16,4.76282E+16