OBJECTID,UIDENTSTLA,ULAND,UREGBEZ,UKREIS,UGEMEINDE,UJAHR,UMONAT,USTUNDE,UWOCHENTAG,UKATEGORIE,UART,UTYP1,IstRad,IstPKW,IstFuss,IstKrad,IstSonstig,LICHT,STRZUSTAND,LINREFX,LINREFY,XGCSWGS84,YGCSWGS84
181336,9.17083E+18,9,7,80,133,2017,8,11,1,3,5,3,0,1,0,0,0,0,0,5.96196E+20,5.25126E+21,1.02751E+16,4.74077E+16
181337,9.17083E+18,9,7,80,133,2017,8,16,1,3,0,1,1,0,0,0,0,0,0,5.98237E+20,5.24627E+21,1.0301E+16,4.73625E+16
181338,9.17083E+18,9,7,76,128,2017,8,13,1,3,0,1,1,0,0,0,0,0,0,5.47552E+20,5.26851E+21,9.63221E+15,4.75683E+16
181339,9.17083E+18,9,7,77,173,2017,8,12,1,3,0,6,1,0,0,0,0,0,0,6.33446E+20,5.27663E+21,1.07763E+16,4.76293E+16
181340,9.17083E+18,9,7,78,216,2017,8,18,1,2,0,1,1,0,0,0,0,0,1,6.25863E+20,5.32207E+21,1.06886E+16,4.80395E+16
181341,9.17083E+18,9,7,73,125,2017,8,1,1,3,0,1,0,1,0,0,0,2,0,6.09858E+20,5.38246E+21,1.04897E+16,4.85856E+16
181342,9.17083E+18,9,7,61,0,2017,8,11,1,3,4,6,1,0,0,0,0,0,1,6.38885E+20,5.35916E+21,1.08753E+16,4.83703E+16
181343,9.17083E+18,9,7,71,113,2017,8,11,1,3,0,1,1,0,0,0,0,0,0,6.57949E+20,5.37263E+21,1.11377E+16,4.8487E+16
181344,9.17083E+18,9,6,63,0,2017,8,17,1,3,5,3,1,0,0,0,0,0,0,5.67744E+20,5.51675E+21,9.94136E+15,4.97994E+16
181345,9.17083E+18,9,6,73,186,2017,8,4,1,3,0,1,0,1,0,0,0,2,0,5.84246E+20,5.57013E+21,1.01824E+16,5.02773E+16
181346,9.17083E+18,9,6,62,0,2017,8,2,1,3,5,3,0,1,0,0,0,2,1,5.88139E+20,5.54293E+21,1.02307E+16,5.00321E+16
181347,9.17083E+18,9,6,76,121,2017,8,18,1,3,0,7,1,0,0,0,0,0,0,5.1154E+20,5.52156E+21,9.16051E+15,4.98463E+16
181348,9.17083E+18,9,6,61,0,2017,8,11,1,3,0,1,1,0,0,0,0,0,0,5.11184E+20,5.53496E+21,9.15595E+15,4.99669E+16
181349,9.17083E+18,9,6,71,111,2017,8,13,1,3,8,1,0,1,0,0,0,0,0,5.0463E+20,5.54839E+21,9.06473E+15,5.00878E+16
181350,9.17083E+18,9,5,64,0,2017,8,12,1,3,5,3,1,1,0,0,0,0,0,6.52332E+20,5.48114E+21,1.11023E+16,4.94638E+16
181351,9.17083E+18,9,5,64,0,2017,8,15,1,3,1,5,1,1,0,0,0,0,0,6.45979E+20,5.47735E+21,1.10133E+16,4.94313E+16
181352,9.17083E+18,9,5,77,148,2017,8,16,1,3,1,5,1,1,0,0,0,0,0,6.42154E+20,5.4171E+21,1.09393E+16,4.88905E+16
181353,9.17083E+18,9,5,71,192,2017,8,19,1,2,0,1,1,0,0,0,0,1,1,6.148E+20,5.43366E+21,1.0571E+16,4.90451E+16
181354,9.17083E+18,9,4,61,0,2017,8,14,1,3,8,7,1,0,0,0,0,0,0,6.35848E+20,5.52776E+21,1.08912E+16,4.98868E+16
181355,9.17083E+18,9,4,61,0,2017,8,17,1,1,0,7,1,0,0,0,0,0,0,6.3697E+20,5.5258E+21,1.09061E+16,4.98689E+16
181356,9.17083E+18,9,3,62,0,2017,8,11,1,3,1,5,1,1,0,0,0,0,0,7.25258E+20,5.43403E+21,1.2081E+16,4.9018E+16
181357,9.17083E+18,9,3,62,0,2017,8,17,1,3,0,1,1,0,0,0,0,0,0,7.23488E+20,5.43472E+21,1.20572E+16,4.90249E+16
181358,9.17083E+18,9,3,73,146,2017,8,19,1,3,0,1,1,0,0,0,0,0,0,6.76022E+20,5.45084E+21,1.14156E+16,4.91851E+16
181359,9.17083E+18,9,2,71,119,2017,8,14,1,3,0,6,0,0,0,1,0,0,0,7.90513E+20,5.41728E+21,1.29597E+16,4.88404E+16
181360,9.17083E+18,9,2,79,112,2017,8,12,1,3,0,7,1,0,0,0,0,0,0,7.58613E+20,5.39351E+21,1.25109E+16,4.86411E+16
181361,9.17083E+18,9,1,90,157,2017,8,15,1,3,4,6,1,0,0,0,0,0,0,6.6063E+20,5.30165E+21,1.11471E+16,4.78481E+16
181362,9.17083E+18,9,1,89,140,2017,8,12,1,3,0,7,1,0,0,0,0,0,0,7.73556E+20,5.29568E+21,1.26503E+16,4.77564E+16
181363,9.17083E+18,9,1,83,128,2017,8,9,1,3,5,2,0,1,0,1,0,0,0,7.60544E+20,5.34954E+21,1.25097E+16,4.82455E+16
181364,9.17083E+18,9,1,83,114,2017,8,13,1,2,0,7,1,0,0,0,0,0,0,7.42731E+20,5.35581E+21,1.22738E+16,4.83089E+16
181365,9.17083E+18,9,1,72,118,2017,8,11,1,3,5,3,0,1,0,0,0,0,0,7.96421E+20,5.30746E+21,1.29627E+16,4.7852E+16
181366,9.17083E+18,9,1,87,124,2017,8,16,1,3,5,7,1,1,0,0,0,0,0,7.35609E+20,5.32691E+21,1.21618E+16,4.8052E+16
181367,9.17083E+18,9,1,87,114,2017,8,9,1,3,6,4,0,1,1,0,0,0,0,7.49122E+20,5.2954E+21,1.23247E+16,4.77637E+16
181368,9.17083E+18,9,1,85,158,2017,8,18,1,3,5,3,1,1,0,0,0,0,0,6.6658E+20,5.37968E+21,1.12572E+16,4.85481E+16
181369,9.17083E+18,9,1,88,141,2017,8,10,1,3,0,7,1,0,0,0,0,0,0,6.67572E+20,5.30852E+21,1.12425E+16,4.79081E+16
181370,9.17083E+18,9,1,74,115,2017,8,12,1,3,0,6,1,1,0,0,0,0,0,6.80827E+20,5.34704E+21,1.1436E+16,4.82508E+16
181371,9.17083E+18,9,1,75,118,2017,8,4,1,3,8,1,0,1,0,0,0,1,0,7.15428E+20,5.33886E+21,1.18974E+16,4.81664E+16
181372,9.17083E+18,9,1,75,112,2017,8,11,1,2,0,7,0,0,0,0,1,0,0,7.23553E+20,5.31806E+21,1.19957E+16,4.79767E+16
181373,9.17083E+18,9,1,62,0,2017,8,10,7,3,1,5,1,1,0,0,0,0,0,6.91711E+20,5.33589E+21,1.15774E+16,4.81474E+16
181374,9.17083E+18,9,1,62,0,2017,8,11,7,2,2,6,0,1,0,1,0,0,0,6.86251E+20,5.33162E+21,1.15022E+16,4.81106E+16
181375,9.17083E+18,9,1,62,0,2017,8,15,7,3,0,1,1,0,0,0,0,0,0,6.89624E+20,5.33604E+21,1.15495E+16,4.81493E+16
181376,9.17083E+18,9,1,62,0,2017,8,18,7,3,3,2,0,1,0,0,0,0,0,6.89824E+20,5.3349E+21,1.15517E+16,4.8139E+16
181377,9.17083E+18,9,1,62,0,2017,8,4,7,2,1,1,1,1,0,0,0,2,0,6.91833E+20,5.33477E+21,1.15786E+16,4.81372E+16
181378,9.17083E+18,9,1,62,0,2017,8,22,7,3,0,1,1,0,0,0,0,2,0,6.83367E+20,5.33915E+21,1.14668E+16,4.81791E+16
181379,9.17083E+18,9,1,62,0,2017,8,11,7,3,3,3,1,1,0,0,0,0,0,6.90436E+20,5.34269E+21,1.15634E+16,4.82088E+16
181380,9.17083E+18,9,1,62,0,2017,8,17,7,3,8,2,1,0,0,0,0,0,0,6.89003E+20,5.34164E+21,1.15436E+16,4.81998E+16
181381,9.17083E+18,9,1,62,0,2017,8,21,7,3,0,1,1,0,0,0,0,2,0,6.85994E+20,5.33485E+21,1.15002E+16,4.81397E+16
181382,9.17083E+18,9,1,62,0,2017,8,18,7,2,5,2,0,1,0,1,0,0,0,6.8769E+20,5.33431E+21,1.15227E+16,4.81343E+16
181383,9.17083E+18,9,1,62,0,2017,8,15,7,3,4,6,1,0,0,0,0,0,0,6.92181E+20,5.33112E+21,1.15816E+16,4.81044E+16
181384,9.17083E+18,9,1,62,0,2017,8,18,7,3,1,5,1,1,0,0,0,0,0,6.90914E+20,5.33397E+21,1.15659E+16,4.81303E+16
181385,9.17083E+18,9,7,78,202,2017,8,19,7,3,5,7,0,1,0,0,0,0,0,5.90356E+20,5.31734E+21,1.02114E+16,4.8003E+16
181386,9.17083E+18,9,7,75,139,2017,8,17,7,2,4,1,1,1,0,0,0,0,0,5.77141E+20,5.36496E+21,1.00429E+16,4.84331E+16
181387,9.17083E+18,9,7,64,0,2017,8,9,7,3,2,6,0,1,0,0,0,0,0,5.86991E+20,5.31725E+21,1.01662E+16,4.80026E+16
181388,9.17083E+18,9,7,80,128,2017,8,11,7,3,0,7,1,0,0,0,0,0,0,6.09087E+20,5.27798E+21,1.04525E+16,4.7646E+16
181389,9.17083E+18,9,7,76,128,2017,8,17,7,3,8,1,1,0,0,0,0,0,0,5.47253E+20,5.26971E+21,9.62836E+15,4.75791E+16
181390,9.17083E+18,9,7,61,0,2017,8,0,7,2,7,1,1,0,0,0,0,2,0,6.40982E+20,5.36059E+21,1.09041E+16,4.83828E+16
181391,9.17083E+18,9,7,61,0,2017,8,13,7,3,5,3,1,1,0,0,0,0,0,6.39187E+20,5.35616E+21,1.08784E+16,4.83433E+16
181392,9.17083E+18,9,7,61,0,2017,8,16,7,3,0,1,0,0,0,1,0,0,0,6.41977E+20,5.35812E+21,1.09167E+16,4.83603E+16
181393,9.17083E+18,9,7,61,0,2017,8,12,7,3,2,6,0,1,0,0,0,0,0,6.39759E+20,5.35879E+21,1.0887E+16,4.83668E+16
181394,9.17083E+18,9,7,71,113,2017,8,12,7,3,5,2,0,1,0,0,0,0,0,6.58206E+20,5.368E+21,1.11394E+16,4.84452E+16
181395,9.17083E+18,9,6,63,0,2017,8,9,7,3,0,1,1,0,0,0,0,0,0,5.63427E+20,5.51728E+21,9.88146E+15,4.98046E+16
181396,9.17083E+18,9,6,79,138,2017,8,9,7,3,0,7,0,1,0,0,0,0,0,5.65288E+20,5.49995E+21,9.90442E+15,4.96486E+16
181397,9.17083E+18,9,6,77,148,2017,8,17,7,3,6,6,0,1,1,0,0,0,0,5.55279E+20,5.53304E+21,9.77049E+15,4.99471E+16
181398,9.17083E+18,9,6,61,0,2017,8,16,7,3,2,6,0,1,0,0,0,0,0,5.10265E+20,5.53548E+21,9.14314E+15,4.99716E+16
181399,9.17083E+18,9,5,72,133,2017,8,20,7,2,5,3,1,0,0,0,0,0,0,6.37501E+20,5.50006E+21,1.09044E+16,4.96374E+16
181400,9.17083E+18,9,5,72,131,2017,8,16,7,3,0,7,0,0,0,1,0,0,0,6.54124E+20,5.48788E+21,1.11297E+16,4.9524E+16
181401,9.17083E+18,9,5,65,0,2017,8,13,7,3,0,7,0,0,0,1,0,0,0,6.46215E+20,5.46665E+21,1.10126E+16,4.9335E+16
181402,9.17083E+18,9,5,74,158,2017,8,18,7,3,0,1,0,1,0,1,0,0,0,6.69066E+20,5.49721E+21,1.134E+16,4.96038E+16
181403,9.17083E+18,9,5,74,138,2017,8,1,7,3,8,1,0,1,0,0,0,2,1,6.59936E+20,5.49055E+21,1.1211E+16,4.95464E+16
181404,9.17083E+18,9,5,76,148,2017,8,13,7,3,1,5,1,1,0,0,0,0,0,6.61709E+20,5.43985E+21,1.1215E+16,4.90902E+16
181405,9.17083E+18,9,5,64,0,2017,8,16,7,3,5,3,1,1,0,0,0,0,0,6.49E+20,5.47854E+21,1.10554E+16,4.94412E+16
181406,9.17083E+18,9,5,64,0,2017,8,18,7,3,5,2,0,1,0,0,0,0,0,6.49925E+20,5.47788E+21,1.10679E+16,4.94351E+16
181407,9.17083E+18,9,5,64,0,2017,8,17,7,3,0,6,0,1,0,0,0,0,0,6.49442E+20,5.47562E+21,1.10604E+16,4.94149E+16
181408,9.17083E+18,9,5,64,0,2017,8,18,7,3,0,7,0,0,0,1,0,0,1,6.49298E+20,5.4841E+21,1.10616E+16,4.94911E+16
181409,9.17083E+18,9,5,64,0,2017,8,15,7,3,5,3,0,1,0,1,0,0,0,6.52212E+20,5.4834E+21,1.11015E+16,4.94841E+16
181410,9.17083E+18,9,5,64,0,2017,8,8,7,3,5,3,0,1,0,0,0,0,0,6.50849E+20,5.48135E+21,1.1082E+16,4.9466E+16
181411,9.17083E+18,9,1,82,129,2017,8,23,7,3,7,6,0,0,0,1,0,2,0,7.0642E+20,5.28596E+21,1.17511E+16,4.7694E+16
181412,9.17083E+18,9,5,71,145,2017,8,9,7,3,0,7,1,0,0,0,0,0,0,5.97064E+20,5.44818E+21,1.03318E+16,4.91788E+16
181413,9.17083E+18,9,1,89,113,2017,8,14,7,2,8,7,1,0,0,0,0,0,0,7.69196E+20,5.30007E+21,1.25949E+16,4.77976E+16
181414,9.17083E+18,9,1,62,0,2017,8,22,6,3,5,2,1,1,0,0,0,2,0,6.90018E+20,5.33575E+21,1.15546E+16,4.81466E+16
181415,9.17083E+18,9,1,87,165,2017,8,16,7,2,0,7,1,0,0,0,0,0,0,7.33931E+20,5.29463E+21,1.21218E+16,4.77626E+16
181416,9.17083E+18,9,1,90,152,2017,8,17,7,3,0,1,0,0,0,1,0,0,0,6.71543E+20,5.29925E+21,1.12919E+16,4.78237E+16
181417,9.17083E+18,9,1,62,0,2017,8,2,6,3,0,1,1,0,0,0,0,2,0,6.8932E+20,5.33482E+21,1.15449E+16,4.81384E+16
181418,9.17083E+18,9,3,71,156,2017,8,17,7,3,5,3,1,1,0,0,0,0,0,7.02612E+20,5.49981E+21,1.18051E+16,4.96168E+16
181419,9.17083E+18,9,3,72,168,2017,8,22,7,2,6,1,0,1,1,0,0,2,0,7.68557E+20,5.46424E+21,1.26922E+16,4.92718E+16
181420,9.1709E+18,9,1,74,115,2017,9,15,2,3,5,3,1,1,0,0,0,0,0,6.83669E+20,5.34786E+21,1.14746E+16,4.82573E+16
181421,9.1709E+18,9,1,75,128,2017,9,18,2,3,2,6,1,1,0,0,0,0,0,7.14004E+20,5.32337E+21,1.18705E+16,4.80277E+16
181422,9.1709E+18,9,1,62,0,2017,9,6,1,2,7,7,1,0,0,0,1,1,0,6.90689E+20,5.34055E+21,1.15658E+16,4.81896E+16
181423,9.1709E+18,9,1,62,0,2017,9,2,1,3,1,5,0,1,0,0,0,2,1,6.90097E+20,5.33605E+21,1.15558E+16,4.81493E+16
181424,9.1709E+18,9,1,62,0,2017,9,15,1,3,6,2,0,1,1,0,0,0,1,6.88167E+20,5.32851E+21,1.15266E+16,4.80821E+16
181425,9.1709E+18,9,1,62,0,2017,9,16,1,3,1,5,1,1,0,0,0,0,0,6.88869E+20,5.33398E+21,1.15384E+16,4.8131E+16
181426,9.1709E+18,9,1,62,0,2017,9,0,1,3,5,3,0,1,0,0,0,2,1,6.91278E+20,5.33345E+21,1.15705E+16,4.81256E+16
181427,9.1709E+18,9,7,80,139,2017,9,3,1,3,6,7,0,1,1,0,0,2,0,5.96852E+20,5.26359E+21,1.02865E+16,4.75185E+16
181428,9.1709E+18,9,7,61,0,2017,9,22,1,3,0,7,0,1,0,0,0,2,0,6.39785E+20,5.35871E+21,1.08873E+16,4.83661E+16
181429,9.1709E+18,9,6,63,0,2017,9,12,1,3,2,6,0,1,0,0,0,0,0,5.69165E+20,5.51761E+21,9.96124E+15,4.98069E+16
181430,9.1709E+18,9,6,76,140,2017,9,19,1,3,0,7,0,0,0,1,0,2,0,5.06109E+20,5.52268E+21,9.08499E+15,4.98565E+16
181431,9.1709E+18,9,6,61,0,2017,9,19,1,3,0,3,0,1,0,1,0,0,0,5.1147E+20,5.53448E+21,9.15992E+15,4.99626E+16
181432,9.1709E+18,9,5,74,123,2017,9,16,1,3,0,3,0,1,0,1,0,0,1,6.60449E+20,5.47183E+21,1.12105E+16,4.93781E+16
181433,9.1709E+18,9,5,64,0,2017,9,13,1,3,0,6,0,1,0,0,0,0,0,6.46926E+20,5.48117E+21,1.10278E+16,4.94654E+16
181434,9.1709E+18,9,5,64,0,2017,9,11,1,3,4,3,0,1,0,1,0,0,0,6.55421E+20,5.4748E+21,1.11424E+16,4.9406E+16
181435,9.1709E+18,9,5,73,134,2017,9,14,1,3,8,1,0,1,0,0,0,0,0,6.42584E+20,5.47918E+21,1.09672E+16,4.94485E+16
181436,9.1709E+18,9,5,73,134,2017,9,14,1,3,8,1,0,1,0,0,0,0,0,6.42576E+20,5.47916E+21,1.09671E+16,4.94484E+16
181437,9.1709E+18,9,4,79,166,2017,9,5,1,3,0,7,0,1,1,0,0,2,0,7.05779E+20,5.55324E+21,1.18773E+16,5.00957E+16
181438,9.1709E+18,9,4,77,142,2017,9,2,1,3,8,1,0,1,0,0,0,2,0,6.78208E+20,5.54738E+21,1.14894E+16,5.0052E+16
181439,9.1709E+18,9,4,71,185,2017,9,16,1,3,5,3,0,1,0,0,0,0,1,6.46065E+20,5.53759E+21,1.1037E+16,4.99727E+16
181440,9.1709E+18,9,4,71,119,2017,9,16,1,3,2,6,0,1,0,0,0,0,0,6.34992E+20,5.53729E+21,1.08826E+16,4.99726E+16
181441,9.1709E+18,9,4,61,0,2017,9,19,1,3,0,7,1,0,0,0,0,0,0,6.37345E+20,5.53217E+21,1.09136E+16,4.99261E+16
181442,9.1709E+18,9,1,87,162,2017,9,18,2,2,0,7,1,0,0,0,0,0,0,7.50304E+20,5.3057E+21,1.23464E+16,4.78559E+16
181443,9.1709E+18,9,4,61,0,2017,9,12,1,3,4,2,1,1,0,0,0,0,0,6.36507E+20,5.52869E+21,1.09007E+16,4.9895E+16
181444,9.1709E+18,9,1,87,131,2017,9,11,2,3,5,2,0,1,0,0,0,0,0,7.34344E+20,5.29128E+21,1.21255E+16,4.77323E+16
181445,9.1709E+18,9,1,87,122,2017,9,19,2,2,0,1,1,0,0,0,0,0,0,7.194E+20,5.30664E+21,1.19343E+16,4.78756E+16
181446,9.1709E+18,9,1,61,0,2017,9,18,2,3,5,3,1,1,0,0,0,0,0,6.77052E+20,5.40354E+21,1.14092E+16,4.87597E+16
181447,9.1709E+18,9,1,79,145,2017,9,16,2,3,4,6,0,1,0,0,0,0,0,6.7587E+20,5.33895E+21,1.13659E+16,4.81794E+16
181448,9.1709E+18,9,3,77,158,2017,9,14,1,3,6,4,0,1,1,0,0,0,0,7.37058E+20,5.5443E+21,1.23083E+16,5.00038E+16
181449,9.1709E+18,9,3,75,174,2017,9,5,1,3,0,6,0,1,0,1,0,2,0,7.33861E+20,5.43069E+21,1.21966E+16,4.89848E+16
181450,9.1709E+18,9,3,75,130,2017,9,15,1,3,5,2,0,1,0,0,0,0,0,7.34216E+20,5.4356E+21,1.22043E+16,4.90288E+16
181451,9.1709E+18,9,2,71,119,2017,9,9,1,3,5,3,0,1,0,0,0,0,0,7.91854E+20,5.41821E+21,1.29786E+16,4.88482E+16
181452,9.1709E+18,9,2,75,141,2017,9,22,1,3,6,2,0,1,1,0,0,2,0,8.19812E+20,5.37028E+21,1.33216E+16,4.84044E+16
181453,9.1709E+18,9,2,72,128,2017,9,17,1,3,5,3,0,1,0,1,0,0,0,8.13765E+20,5.42009E+21,1.32778E+16,4.88543E+16
181454,9.1709E+18,9,2,77,116,2017,9,15,1,3,8,7,0,1,0,0,0,0,0,7.76978E+20,5.36898E+21,1.27434E+16,4.84131E+16
181455,9.1709E+18,9,2,73,152,2017,9,14,1,3,0,7,1,0,0,0,0,0,1,7.0424E+20,5.41136E+21,1.17826E+16,4.88216E+16
181456,9.1709E+18,9,2,73,152,2017,9,14,1,3,0,7,1,0,0,0,0,0,1,7.0424E+20,5.41136E+21,1.17826E+16,4.88216E+16
181457,9.1709E+18,9,1,62,0,2017,9,22,7,3,1,6,0,1,0,0,0,2,0,6.93447E+20,5.33464E+21,1.16002E+16,4.81356E+16
181458,9.1709E+18,9,1,62,0,2017,9,8,7,3,5,3,0,1,0,0,1,0,1,6.91202E+20,5.33582E+21,1.15706E+16,4.81469E+16
181459,9.1709E+18,9,1,62,0,2017,9,13,7,3,2,6,0,1,0,0,0,0,0,6.88554E+20,5.33952E+21,1.15367E+16,4.81809E+16
181460,9.1709E+18,9,1,62,0,2017,9,9,7,3,5,2,0,1,0,0,0,0,1,6.91034E+20,5.33415E+21,1.15676E+16,4.81319E+16
181461,9.1709E+18,9,1,62,0,2017,9,22,7,3,8,1,0,1,0,0,1,2,1,6.91717E+20,5.33537E+21,1.15773E+16,4.81427E+16
181462,9.1709E+18,9,1,62,0,2017,9,15,7,3,0,1,1,0,0,0,0,0,1,6.92927E+20,5.33473E+21,1.15932E+16,4.81365E+16
181463,9.1709E+18,9,1,62,0,2017,9,23,7,3,5,3,0,1,0,0,0,2,1,6.9223E+20,5.33046E+21,1.1582E+16,4.80984E+16
181464,9.1709E+18,9,7,61,0,2017,9,15,7,3,0,1,1,0,0,0,0,0,1,6.38788E+20,5.36041E+21,1.08744E+16,4.83816E+16
181465,9.1709E+18,9,7,61,0,2017,9,20,7,3,4,2,0,1,0,0,0,2,1,6.41266E+20,5.35229E+21,1.09052E+16,4.8308E+16
181466,9.1709E+18,9,7,61,0,2017,9,3,7,3,5,3,1,1,0,0,0,2,1,6.4078E+20,5.35651E+21,1.09E+16,4.83461E+16
181467,9.1709E+18,9,7,61,0,2017,9,14,7,3,0,1,1,0,0,0,0,0,0,6.39515E+20,5.35877E+21,1.08837E+16,4.83667E+16
181468,9.1709E+18,9,7,71,113,2017,9,17,7,3,0,1,1,0,0,0,0,0,0,6.57292E+20,5.36902E+21,1.11274E+16,4.84546E+16
181469,9.1709E+18,9,6,63,0,2017,9,16,7,3,0,1,0,1,0,1,0,0,0,5.67244E+20,5.51619E+21,9.93431E+15,4.97944E+16
181470,9.1709E+18,9,6,73,114,2017,9,10,7,3,0,1,0,1,0,1,0,0,0,5.88285E+20,5.57643E+21,1.02405E+16,5.03334E+16
181471,9.1709E+18,9,5,62,0,2017,9,15,7,3,0,5,1,1,0,0,0,0,0,6.472E+20,5.4961E+21,1.10371E+16,4.95995E+16
181472,9.1709E+18,9,5,76,143,2017,9,12,7,2,4,1,0,1,0,0,1,0,0,6.52011E+20,5.46014E+21,1.10899E+16,4.92751E+16
181473,9.1709E+18,9,5,74,123,2017,9,17,7,3,7,1,1,0,0,0,0,0,0,6.6053E+20,5.47202E+21,1.12117E+16,4.93797E+16
181474,9.1709E+18,9,5,64,0,2017,9,13,7,3,0,7,0,0,0,1,0,0,0,6.47144E+20,5.48391E+21,1.10318E+16,4.949E+16
181475,9.1709E+18,9,5,64,0,2017,9,11,7,2,1,7,1,0,0,0,0,0,0,6.54704E+20,5.48011E+21,1.11347E+16,4.94539E+16
181476,9.1709E+18,9,5,64,0,2017,9,9,7,3,5,3,0,1,0,0,0,0,0,6.48151E+20,5.47826E+21,1.10436E+16,4.94389E+16
181477,9.1709E+18,9,5,64,0,2017,9,10,7,3,5,3,0,1,0,1,0,0,0,6.49326E+20,5.46837E+21,1.10561E+16,4.93497E+16
181478,9.1709E+18,9,4,64,0,2017,9,12,7,3,1,7,0,1,0,1,0,0,1,7.07725E+20,5.57851E+21,1.19182E+16,5.03221E+16
181479,9.1709E+18,9,4,73,151,2017,9,9,7,2,6,4,0,1,1,0,0,0,0,6.51396E+20,5.57836E+21,1.11275E+16,5.03379E+16
181480,9.1709E+18,9,4,76,145,2017,9,11,7,3,5,3,0,1,0,0,0,0,0,6.64642E+20,5.56677E+21,1.13085E+16,5.02301E+16
181481,9.1709E+18,9,3,77,128,2017,9,20,7,3,6,4,0,1,1,0,0,2,1,7.08389E+20,5.52374E+21,1.18977E+16,4.98298E+16
181482,9.1709E+18,9,2,75,111,2017,9,12,7,3,9,1,0,0,0,1,0,0,0,8.15672E+20,5.39954E+21,1.3288E+16,4.8669E+16
181483,9.1709E+18,9,2,73,166,2017,9,13,7,2,0,7,0,1,0,0,0,0,1,7.15032E+20,5.4207E+21,1.19343E+16,4.89019E+16
181484,9.1709E+18,9,1,74,126,2017,9,18,7,3,6,7,0,1,1,0,0,0,0,6.83652E+20,5.3449E+21,1.14731E+16,4.82307E+16
181485,9.1709E+18,9,1,78,143,2017,9,16,7,3,0,7,1,0,0,0,0,0,0,7.16775E+20,5.37332E+21,1.19332E+16,4.84756E+16
181486,9.1709E+18,9,1,62,0,2017,9,22,6,3,1,5,0,1,0,0,0,2,1,6.92259E+20,5.3349E+21,1.15844E+16,4.81383E+16
181487,9.1709E+18,9,1,62,0,2017,9,11,6,2,6,2,0,1,1,0,0,0,1,6.90718E+20,5.33814E+21,1.15651E+16,4.81679E+16
181488,9.1709E+18,9,1,62,0,2017,9,12,6,3,8,1,0,1,0,0,0,0,1,6.82508E+20,5.33779E+21,1.14547E+16,4.81671E+16
181489,9.1709E+18,9,1,62,0,2017,9,10,6,3,5,3,0,1,0,0,0,0,1,6.9444E+20,5.3333E+21,1.16129E+16,4.81233E+16
181490,9.1709E+18,9,1,62,0,2017,9,15,6,3,2,6,0,1,0,0,1,0,1,6.89056E+20,5.33494E+21,1.15414E+16,4.81396E+16
181491,9.1709E+18,9,7,75,135,2017,9,15,6,3,5,3,0,1,0,1,0,0,1,5.74886E+20,5.36104E+21,1.00117E+16,4.83981E+16
181492,9.1709E+18,9,7,75,135,2017,9,14,6,3,5,3,0,1,0,0,0,0,1,5.74703E+20,5.35844E+21,1.00088E+16,4.83747E+16
181493,9.1709E+18,9,7,78,157,2017,9,15,6,3,4,2,0,1,0,0,0,0,1,5.95679E+20,5.33535E+21,1.02867E+16,4.81642E+16
181494,9.1709E+18,9,7,74,135,2017,9,12,6,3,5,3,1,1,0,0,0,0,1,5.94642E+20,5.368E+21,1.02801E+16,4.8458E+16
181495,9.1709E+18,9,7,78,116,2017,9,19,6,3,0,7,1,0,0,0,0,0,0,6.2042E+20,5.31791E+21,1.06144E+16,4.80031E+16
181496,9.1709E+18,9,7,63,0,2017,9,10,6,3,0,6,0,1,0,0,1,0,1,5.98585E+20,5.28588E+21,1.03145E+16,4.77188E+16
181497,9.1709E+18,9,7,80,139,2017,9,9,6,3,5,3,1,1,0,0,0,0,1,5.96186E+20,5.26257E+21,1.02774E+16,4.75095E+16
181498,9.1709E+18,9,7,77,129,2017,9,15,6,3,0,7,0,0,0,1,0,0,1,6.26978E+20,5.26971E+21,1.06882E+16,4.75683E+16
181499,9.1709E+18,9,7,72,171,2017,9,9,6,3,9,1,0,1,0,0,0,0,1,6.37896E+20,5.37076E+21,1.08658E+16,4.84749E+16
181500,9.1709E+18,9,7,61,0,2017,9,13,6,3,0,1,1,0,0,0,0,0,1,6.38744E+20,5.35679E+21,1.08726E+16,4.8349E+16
181501,9.1709E+18,9,7,61,0,2017,9,18,6,3,1,6,0,1,0,0,0,1,1,6.40942E+20,5.35118E+21,1.09004E+16,4.82981E+16
181502,9.1709E+18,9,7,61,0,2017,9,16,6,3,0,7,1,0,0,0,0,0,1,6.39083E+20,5.35855E+21,1.08778E+16,4.83648E+16
181503,9.1709E+18,9,7,61,0,2017,9,13,6,3,1,1,0,1,0,1,0,0,1,6.3963E+20,5.36005E+21,1.08857E+16,4.83782E+16
181504,9.1709E+18,9,6,63,0,2017,9,7,6,3,5,3,1,1,0,0,0,0,0,5.6931E+20,5.51686E+21,9.96313E+15,4.98002E+16
181505,9.1709E+18,9,6,62,0,2017,9,14,6,3,1,5,1,1,0,0,0,0,0,5.87905E+20,5.54445E+21,1.02278E+16,5.00458E+16
181506,9.1709E+18,9,6,76,125,2017,9,21,6,3,9,7,0,1,0,0,0,2,0,5.15945E+20,5.50823E+21,9.22123E+15,4.97264E+16
181507,9.1709E+18,9,6,71,122,2017,9,17,6,2,8,1,0,0,0,1,0,0,0,5.04742E+20,5.52966E+21,9.06606E+15,4.99193E+16