OBJECTID,UIDENTSTLA,ULAND,UREGBEZ,UKREIS,UGEMEINDE,UJAHR,UMONAT,USTUNDE,UWOCHENTAG,UKATEGORIE,UART,UTYP1,IstRad,IstPKW,IstFuss,IstKrad,IstSonstig,LICHT,STRZUSTAND,LINREFX,LINREFY,XGCSWGS84,YGCSWGS84
181508,9.1709E+18,9,5,62,0,2017,9,15,6,3,6,4,0,1,1,0,0,0,1,6.42342E+20,5.49522E+21,1.09696E+16,4.95928E+16
181509,9.1709E+18,9,5,64,0,2017,9,7,6,3,5,2,1,0,0,0,1,0,1,6.51201E+20,5.47661E+21,1.1085E+16,4.94234E+16
181510,9.1709E+18,9,5,77,177,2017,9,15,6,3,5,3,0,1,0,0,0,0,1,6.43783E+20,5.43202E+21,1.09668E+16,4.90243E+16
181511,9.1709E+18,9,5,77,136,2017,9,21,6,3,0,2,0,1,0,1,0,2,1,6.28469E+20,5.44132E+21,1.07604E+16,4.91113E+16
181512,9.1709E+18,9,4,78,120,2017,9,23,6,2,8,7,0,1,0,0,0,2,0,6.37669E+20,5.54899E+21,1.09241E+16,5.00772E+16
181513,9.1709E+18,9,4,76,145,2017,9,19,6,3,0,7,1,0,0,0,1,0,0,6.65752E+20,5.56693E+21,1.13241E+16,5.02313E+16
181514,9.1709E+18,9,4,62,0,2017,9,15,6,3,6,4,1,0,1,0,0,0,0,6.87512E+20,5.53698E+21,1.16142E+16,4.99557E+16
181515,9.1709E+18,9,4,61,0,2017,9,20,6,3,6,7,1,0,1,0,0,1,0,6.36171E+20,5.52882E+21,1.0896E+16,4.98963E+16
181516,9.1709E+18,9,3,63,0,2017,9,16,6,3,4,2,0,1,0,0,0,0,0,7.26902E+20,5.51008E+21,1.21468E+16,4.97005E+16
181517,9.1709E+18,9,3,63,0,2017,9,11,6,3,5,3,0,1,0,0,0,0,1,7.27137E+20,5.5062E+21,1.21478E+16,4.96656E+16
181518,9.1709E+18,9,3,62,0,2017,9,5,6,3,8,1,0,1,0,0,0,2,1,7.23429E+20,5.43454E+21,1.20563E+16,4.90232E+16
181519,9.1709E+18,9,3,73,147,2017,9,13,6,3,5,3,0,1,0,0,0,0,0,6.79193E+20,5.46041E+21,1.14634E+16,4.92702E+16
181520,9.1709E+18,9,2,63,0,2017,9,17,6,3,5,3,0,1,0,0,0,0,1,7.60393E+20,5.41972E+21,1.25516E+16,4.88757E+16
181521,9.1709E+18,9,2,71,116,2017,9,11,6,3,5,3,0,1,0,0,0,0,1,7.84675E+20,5.42586E+21,1.28863E+16,4.89201E+16
181522,9.1709E+18,9,2,75,116,2017,9,8,6,3,0,1,0,0,0,1,0,0,1,8.19375E+20,5.36389E+21,1.33109E+16,4.83473E+16
181523,9.1709E+18,9,2,72,136,2017,9,12,6,3,5,3,0,1,0,0,0,0,1,8.4837E+20,5.40955E+21,1.37391E+16,4.87414E+16
181524,9.1709E+18,9,2,77,116,2017,9,12,6,3,5,3,0,1,0,0,0,0,1,7.78353E+20,5.36775E+21,1.27611E+16,4.84014E+16
181525,9.1709E+18,9,2,61,0,2017,9,6,6,3,5,2,1,1,0,0,0,2,1,7.31737E+20,5.38191E+21,1.21401E+16,4.85474E+16
181526,9.1709E+18,9,2,73,137,2017,9,12,6,3,5,3,0,1,0,0,0,0,1,7.11537E+20,5.42234E+21,1.18875E+16,4.89178E+16
181527,9.1709E+18,9,1,73,135,2017,9,21,6,3,4,1,0,1,0,1,0,2,1,6.93395E+20,5.28403E+21,1.15768E+16,4.76807E+16
181528,9.1709E+18,9,1,89,145,2017,9,15,6,3,0,1,1,0,0,0,0,0,1,7.72792E+20,5.30297E+21,1.26447E+16,4.78222E+16
181529,9.1709E+18,9,1,89,155,2017,9,12,6,3,4,2,0,1,0,1,0,0,1,7.71632E+20,5.30772E+21,1.26322E+16,4.78653E+16
181530,9.1709E+18,9,1,72,118,2017,9,16,6,3,0,1,0,0,0,1,0,0,1,7.97888E+20,5.30583E+21,1.29811E+16,4.78367E+16
181531,9.1709E+18,9,1,72,116,2017,9,1,6,3,9,1,0,1,0,0,0,2,1,8.00756E+20,5.28319E+21,1.30037E+16,4.76322E+16
181532,9.1709E+18,9,1,63,0,2017,9,13,6,3,6,7,0,1,1,0,0,0,0,7.33156E+20,5.30527E+21,1.21172E+16,4.78584E+16
181533,9.1709E+18,9,1,87,162,2017,9,13,6,3,8,1,0,1,0,0,0,0,1,7.5152E+20,5.30655E+21,1.23631E+16,4.7863E+16
181534,9.1709E+18,9,1,87,150,2017,9,17,6,3,1,6,0,1,0,0,0,0,1,7.29323E+20,5.3034E+21,1.20651E+16,4.7843E+16
181535,9.1709E+18,9,1,81,130,2017,9,11,6,3,5,3,1,1,0,0,0,0,1,6.38636E+20,5.32513E+21,1.08609E+16,4.80643E+16
181536,9.1709E+18,9,1,79,147,2017,9,15,6,3,1,7,1,1,0,0,0,0,1,6.63314E+20,5.33469E+21,1.11955E+16,4.81445E+16
181537,9.1709E+18,9,1,74,126,2017,9,13,6,3,6,7,0,1,1,0,0,0,0,6.83891E+20,5.34423E+21,1.1476E+16,4.82246E+16
181538,9.1709E+18,9,1,75,118,2017,9,22,6,2,1,5,1,1,0,0,0,2,1,7.1618E+20,5.33855E+21,1.19074E+16,4.81634E+16
181539,9.1709E+18,9,1,77,130,2017,9,8,6,3,3,6,0,1,0,1,0,0,1,7.10541E+20,5.3508E+21,1.18377E+16,4.82754E+16
181540,9.1709E+18,9,1,77,117,2017,9,12,6,3,2,7,0,1,0,0,0,0,1,7.15076E+20,5.35294E+21,1.18998E+16,4.8293E+16
181541,9.17083E+18,9,1,62,0,2017,8,11,5,3,5,2,1,1,0,0,0,0,0,6.96919E+20,5.3307E+21,1.1645E+16,4.80991E+16
181542,9.17083E+18,9,1,62,0,2017,8,18,5,3,0,7,0,0,0,0,1,0,1,6.86633E+20,5.33825E+21,1.15103E+16,4.81701E+16
181543,9.17083E+18,9,1,62,0,2017,8,17,5,2,5,7,0,1,0,0,0,0,1,6.89909E+20,5.33473E+21,1.15527E+16,4.81375E+16
181544,9.17083E+18,9,1,62,0,2017,8,17,5,3,5,2,1,1,0,0,0,0,1,6.91704E+20,5.33999E+21,1.15792E+16,4.81842E+16
181545,9.17083E+18,9,1,62,0,2017,8,20,5,2,6,4,0,1,1,0,0,2,1,6.90821E+20,5.34226E+21,1.15684E+16,4.82049E+16
181546,9.17083E+18,9,1,84,114,2017,8,13,5,3,3,2,1,1,0,0,0,0,0,6.98348E+20,5.32434E+21,1.16612E+16,4.80416E+16
181547,9.17083E+18,9,1,62,0,2017,8,17,5,2,0,1,0,0,0,1,0,0,1,6.98446E+20,5.33118E+21,1.16657E+16,4.81029E+16
181548,9.17083E+18,9,1,62,0,2017,8,8,5,3,5,2,0,0,0,1,1,0,0,7.01398E+20,5.33519E+21,1.17072E+16,4.81381E+16
181549,9.17083E+18,9,1,62,0,2017,8,16,5,3,5,2,0,1,0,1,0,0,1,6.92649E+20,5.33236E+21,1.15885E+16,4.81153E+16
181550,9.17083E+18,9,1,62,0,2017,8,17,5,3,3,5,1,1,0,0,0,0,1,6.96489E+20,5.33597E+21,1.16417E+16,4.81466E+16
181551,9.17083E+18,9,7,75,135,2017,8,8,5,3,0,7,1,1,0,0,0,0,0,5.75714E+20,5.36127E+21,1.00229E+16,4.84E+16
181552,9.17083E+18,9,7,63,0,2017,8,17,5,3,2,6,0,1,0,0,0,0,1,5.98269E+20,5.28677E+21,1.03105E+16,4.77269E+16
181553,9.17083E+18,9,7,63,0,2017,8,18,5,3,2,6,0,1,0,0,0,1,1,5.98301E+20,5.28661E+21,1.03109E+16,4.77254E+16
181554,9.17083E+18,9,7,77,151,2017,8,22,5,2,8,1,1,0,0,0,0,2,1,6.21372E+20,5.29306E+21,1.06202E+16,4.77795E+16
181555,9.17083E+18,9,7,77,130,2017,8,5,5,3,6,4,0,1,1,0,0,2,0,6.22737E+20,5.30718E+21,1.06424E+16,4.79062E+16
181556,9.17083E+18,9,7,61,0,2017,8,17,5,3,0,1,0,0,0,1,0,0,1,6.39103E+20,5.35856E+21,1.08781E+16,4.83649E+16
181557,9.17083E+18,9,7,61,0,2017,8,19,5,3,1,7,0,1,0,0,0,1,1,6.38214E+20,5.36161E+21,1.08671E+16,4.83925E+16
181558,9.17083E+18,9,7,61,0,2017,8,9,5,3,3,2,1,0,0,1,0,0,0,6.41987E+20,5.36042E+21,1.09176E+16,4.83809E+16
181559,9.17083E+18,9,7,61,0,2017,8,20,5,3,1,6,0,1,0,0,0,2,1,6.41754E+20,5.35997E+21,1.09143E+16,4.83769E+16
181560,9.17083E+18,9,7,61,0,2017,8,13,5,3,0,1,1,0,0,0,0,0,1,6.41783E+20,5.36021E+21,1.09148E+16,4.83791E+16
181561,9.17083E+18,9,7,61,0,2017,8,16,5,3,3,2,1,1,0,0,0,0,1,6.4105E+20,5.35922E+21,1.09046E+16,4.83703E+16
181562,9.17083E+18,9,6,63,0,2017,8,16,5,3,6,2,0,1,1,0,0,0,0,5.6816E+20,5.51309E+21,9.94649E+15,4.97664E+16
181563,9.17083E+18,9,6,63,0,2017,8,17,5,2,6,3,0,1,1,0,0,0,0,5.68472E+20,5.51701E+21,9.95152E+15,4.98017E+16
181564,9.17083E+18,9,6,63,0,2017,8,14,5,3,0,7,0,0,0,0,1,0,0,5.68239E+20,5.51555E+21,9.94803E+15,4.97885E+16
181565,9.17083E+18,9,6,71,122,2017,8,17,5,2,0,7,1,0,0,0,0,0,1,5.05389E+20,5.52992E+21,9.07507E+15,4.99216E+16
181566,9.17083E+18,9,6,61,0,2017,8,6,5,2,4,1,0,1,0,0,0,0,0,5.11568E+20,5.53601E+21,9.16133E+15,4.99763E+16
181567,9.17083E+18,9,6,61,0,2017,8,10,5,2,0,1,1,0,0,0,0,0,1,5.10718E+20,5.53627E+21,9.14948E+15,4.99787E+16
181568,9.17083E+18,9,5,62,0,2017,8,17,5,3,4,2,1,1,0,0,0,0,1,6.44789E+20,5.49332E+21,1.10028E+16,4.95751E+16
181569,9.17083E+18,9,5,72,131,2017,8,7,5,3,5,3,0,1,0,0,0,0,0,6.55664E+20,5.48807E+21,1.1151E+16,4.95253E+16
181570,9.17083E+18,9,5,76,143,2017,8,16,5,3,0,6,0,1,0,1,0,0,1,6.52091E+20,5.45643E+21,1.10896E+16,4.92418E+16
181571,9.17083E+18,9,5,74,138,2017,8,6,5,3,5,3,1,1,0,0,0,0,1,6.65268E+20,5.48635E+21,1.12829E+16,4.95072E+16
181572,9.17083E+18,9,5,64,0,2017,8,9,5,3,2,6,0,1,0,0,1,0,0,6.50071E+20,5.4803E+21,1.10708E+16,4.94568E+16
181573,9.17083E+18,9,5,64,0,2017,8,13,5,3,2,6,0,1,0,0,0,0,1,6.45787E+20,5.4811E+21,1.10121E+16,4.9465E+16
181574,9.17083E+18,9,5,64,0,2017,8,18,5,3,1,7,1,1,0,0,0,0,0,6.51636E+20,5.48046E+21,1.10925E+16,4.94579E+16
181575,9.17083E+18,9,5,64,0,2017,8,6,5,3,0,7,0,1,0,1,1,0,1,6.51228E+20,5.47664E+21,1.10854E+16,4.94237E+16
181576,9.17083E+18,9,5,64,0,2017,8,20,5,3,2,7,0,1,0,0,0,2,0,6.50797E+20,5.4791E+21,1.10804E+16,4.94458E+16
181577,9.17083E+18,9,5,73,122,2017,8,13,5,3,4,6,0,1,0,0,0,0,1,6.42097E+20,5.47526E+21,1.09591E+16,4.94134E+16
181578,9.17083E+18,9,5,73,122,2017,8,10,5,2,5,3,1,1,0,0,0,0,0,6.43631E+20,5.47697E+21,1.09808E+16,4.94284E+16
181579,9.17083E+18,9,5,77,136,2017,8,17,5,3,9,2,1,0,0,0,0,0,1,6.30156E+20,5.44248E+21,1.07839E+16,4.91214E+16
181580,9.17083E+18,9,4,62,0,2017,8,23,5,3,9,1,0,1,0,0,0,2,1,6.84639E+20,5.53503E+21,1.15732E+16,4.99391E+16
181581,9.17083E+18,9,4,62,0,2017,8,17,5,3,1,7,0,1,0,0,0,0,1,6.86403E+20,5.53754E+21,1.1599E+16,4.99611E+16
181582,9.17083E+18,9,3,75,174,2017,8,14,5,3,2,6,0,0,0,1,1,0,0,7.32992E+20,5.43032E+21,1.21845E+16,4.89818E+16
181583,9.17083E+18,9,3,62,0,2017,8,20,5,3,4,2,0,1,0,1,0,2,1,7.26155E+20,5.43319E+21,1.20928E+16,4.90101E+16
181584,9.17083E+18,9,3,73,147,2017,8,18,5,3,0,3,0,1,0,1,0,0,1,6.7944E+20,5.46132E+21,1.14672E+16,4.92783E+16
181585,9.17083E+18,9,3,61,0,2017,8,10,5,3,1,6,0,1,0,1,0,0,1,7.08347E+20,5.48117E+21,1.18745E+16,4.94475E+16
181586,9.17083E+18,9,3,71,132,2017,8,17,5,3,0,1,0,0,0,1,0,0,1,6.94932E+20,5.47205E+21,1.16852E+16,4.93699E+16
181587,9.17083E+18,9,3,71,136,2017,8,14,5,3,5,3,0,1,0,0,1,0,1,7.09634E+20,5.47834E+21,1.18908E+16,4.94216E+16
181588,9.17083E+18,9,2,63,0,2017,8,17,5,3,1,6,0,1,0,0,0,0,0,7.61559E+20,5.42022E+21,1.25677E+16,4.88797E+16
181589,9.17083E+18,9,2,71,119,2017,8,6,5,3,4,2,0,1,0,1,0,0,0,7.90895E+20,5.41694E+21,1.29646E+16,4.88372E+16
181590,9.17083E+18,9,2,75,159,2017,8,20,5,3,0,1,0,0,0,1,0,2,0,8.11361E+20,5.39479E+21,1.32261E+16,4.86286E+16
181591,9.17083E+18,9,2,61,0,2017,8,13,5,3,7,1,1,0,0,0,0,0,0,7.30209E+20,5.38086E+21,1.21189E+16,4.85386E+16
181592,9.17083E+18,9,1,73,126,2017,8,18,5,2,5,3,0,1,0,0,0,0,1,6.85616E+20,5.30361E+21,1.14816E+16,4.7859E+16
181593,9.17083E+18,9,1,73,118,2017,8,7,5,3,4,6,0,1,0,0,1,0,0,6.94292E+20,5.30791E+21,1.15994E+16,4.78951E+16
181594,9.17083E+18,9,1,83,119,2017,8,9,5,3,2,6,1,0,0,0,1,0,0,7.35667E+20,5.33931E+21,1.21695E+16,4.81633E+16
181595,9.17083E+18,9,1,89,155,2017,8,13,5,3,2,6,0,0,0,0,1,0,0,7.71969E+20,5.3082E+21,1.2637E+16,4.78695E+16
181596,9.17083E+18,9,1,71,116,2017,8,10,5,2,9,1,1,0,0,0,0,0,0,7.69119E+20,5.33337E+21,1.26147E+16,4.80967E+16
181597,9.17083E+18,9,1,87,177,2017,8,7,5,3,0,3,0,1,0,1,0,0,0,7.37247E+20,5.30581E+21,1.21721E+16,4.78618E+16
181598,9.17083E+18,9,1,63,0,2017,8,8,5,3,0,7,1,0,0,0,0,0,0,7.34175E+20,5.30208E+21,1.21291E+16,4.78294E+16
181599,9.17083E+18,9,1,63,0,2017,8,17,5,3,5,3,0,1,0,0,0,0,1,7.33181E+20,5.30457E+21,1.21172E+16,4.78521E+16
181600,9.17083E+18,9,1,87,117,2017,8,14,5,3,5,2,0,1,0,0,0,0,1,7.24416E+20,5.30587E+21,1.20009E+16,4.78669E+16
181601,9.17083E+18,9,1,61,0,2017,8,20,5,3,5,3,1,1,0,0,0,2,1,6.77051E+20,5.40527E+21,1.14099E+16,4.87752E+16
181602,9.17083E+18,9,1,79,145,2017,8,10,5,3,0,7,1,0,0,0,0,0,0,6.7623E+20,5.33904E+21,1.13708E+16,4.81802E+16
181603,9.17083E+18,9,1,74,115,2017,8,16,5,3,1,6,0,1,0,0,0,0,1,6.81191E+20,5.34711E+21,1.14409E+16,4.82513E+16
181604,9.17083E+18,9,1,74,115,2017,8,13,5,3,5,3,0,1,0,0,0,0,0,6.80386E+20,5.3474E+21,1.14302E+16,4.82541E+16
181605,9.17083E+18,9,1,74,115,2017,8,9,5,3,0,6,0,1,0,1,0,0,0,6.81602E+20,5.3483E+21,1.1447E+16,4.82619E+16
181606,9.17083E+18,9,1,77,117,2017,8,14,5,3,0,7,1,0,0,0,0,0,0,7.1446E+20,5.35451E+21,1.18923E+16,4.83074E+16
181607,9.17083E+18,9,1,62,0,2017,8,14,4,3,5,6,1,0,0,0,0,0,0,6.91743E+20,5.33537E+21,1.15776E+16,4.81427E+16
181608,9.17083E+18,9,1,62,0,2017,8,9,4,3,3,2,1,1,0,0,0,0,0,6.89637E+20,5.33343E+21,1.15485E+16,4.81259E+16
181609,9.17083E+18,9,1,62,0,2017,8,15,4,3,0,7,1,1,0,0,0,0,0,6.90423E+20,5.33584E+21,1.15601E+16,4.81473E+16
181610,9.17083E+18,9,1,62,0,2017,8,16,4,3,3,6,0,1,0,0,0,0,0,6.91409E+20,5.33575E+21,1.15733E+16,4.81462E+16
181611,9.17083E+18,9,1,62,0,2017,8,11,4,3,7,7,1,0,0,0,0,0,0,6.9221E+20,5.3357E+21,1.15841E+16,4.81455E+16
181612,9.17083E+18,9,1,62,0,2017,8,14,4,3,1,7,1,1,0,0,0,0,0,6.98989E+20,5.32867E+21,1.16718E+16,4.80802E+16
181613,9.17083E+18,9,1,62,0,2017,8,16,4,3,6,7,1,0,1,0,0,0,0,6.90641E+20,5.33522E+21,1.15628E+16,4.81416E+16
181614,9.17083E+18,9,1,62,0,2017,8,9,4,3,5,3,1,1,0,0,0,0,0,6.85996E+20,5.33851E+21,1.15018E+16,4.81726E+16
181615,9.17083E+18,9,1,84,122,2017,8,23,4,2,0,7,1,0,0,0,0,2,0,6.87979E+20,5.32373E+21,1.1522E+16,4.80392E+16
181616,9.17083E+18,9,1,62,0,2017,8,23,4,2,6,1,0,1,1,0,0,2,0,6.90354E+20,5.33436E+21,1.15585E+16,4.8134E+16
181617,9.17083E+18,9,1,62,0,2017,8,11,4,3,0,7,1,0,0,0,0,0,0,6.92667E+20,5.34097E+21,1.15926E+16,4.81928E+16
181618,9.17083E+18,9,1,84,120,2017,8,18,4,3,4,3,1,1,0,0,0,0,0,6.81983E+20,5.33316E+21,1.14456E+16,4.81256E+16
181619,9.17083E+18,9,1,62,0,2017,8,18,4,3,0,6,0,0,0,1,0,0,0,6.88135E+20,5.33844E+21,1.15306E+16,4.81713E+16
181620,9.17083E+18,9,1,62,0,2017,8,14,4,2,5,3,0,0,0,1,1,0,0,6.90772E+20,5.339E+21,1.15662E+16,4.81756E+16
181621,9.17083E+18,9,1,62,0,2017,8,18,4,3,1,6,1,0,0,0,0,0,0,6.88301E+20,5.33601E+21,1.15317E+16,4.81494E+16
181622,9.17083E+18,9,1,62,0,2017,8,10,4,3,0,7,0,0,0,1,1,0,1,6.91879E+20,5.33353E+21,1.15786E+16,4.81261E+16
181623,9.17083E+18,9,1,62,0,2017,8,13,4,3,4,1,1,0,0,1,0,0,0,6.95345E+20,5.33119E+21,1.16241E+16,4.8104E+16
181624,9.17083E+18,9,1,62,0,2017,8,11,4,2,8,1,0,1,0,0,0,0,0,6.9637E+20,5.33054E+21,1.16376E+16,4.80978E+16
181625,9.17083E+18,9,1,62,0,2017,8,7,4,3,5,2,1,1,0,0,0,0,0,6.97218E+20,5.32996E+21,1.16487E+16,4.80924E+16
181626,9.17083E+18,9,1,62,0,2017,8,18,4,2,5,3,1,1,0,0,0,0,0,6.93425E+20,5.33522E+21,1.16002E+16,4.81408E+16
181627,9.17083E+18,9,1,62,0,2017,8,13,4,3,1,5,1,1,0,0,0,0,0,6.92557E+20,5.33801E+21,1.15898E+16,4.81662E+16
181628,9.17083E+18,9,1,62,0,2017,8,18,4,3,0,2,1,0,1,0,0,0,0,6.92258E+20,5.3349E+21,1.15843E+16,4.81383E+16
181629,9.17083E+18,9,7,75,135,2017,8,6,4,2,8,1,0,1,0,0,0,0,0,5.80831E+20,5.36057E+21,1.00919E+16,4.83931E+16
181630,9.17083E+18,9,7,78,144,2017,8,17,4,2,0,1,1,0,0,0,0,0,0,5.90798E+20,5.30335E+21,1.02143E+16,4.78771E+16
181631,9.17083E+18,9,7,74,144,2017,8,10,4,3,8,1,1,0,0,0,0,0,0,6.05894E+20,5.36291E+21,1.0431E+16,4.84105E+16
181632,9.17083E+18,9,7,76,116,2017,8,10,4,3,0,1,1,0,0,0,0,0,0,5.53002E+20,5.26744E+21,9.70453E+15,4.75582E+16
181633,9.17083E+18,9,7,62,0,2017,8,18,4,3,6,4,0,1,1,0,0,0,0,6.2164E+20,5.30507E+21,1.06271E+16,4.78874E+16
181634,9.17083E+18,9,7,79,130,2017,8,13,4,3,5,3,0,1,0,1,0,0,0,6.15727E+20,5.41262E+21,1.05777E+16,4.88557E+16
181635,9.17083E+18,9,7,71,122,2017,8,7,4,3,0,7,0,0,0,1,0,0,0,6.51579E+20,5.36091E+21,1.10473E+16,4.83831E+16
181636,9.17083E+18,9,7,72,163,2017,8,15,4,3,4,1,1,0,0,0,0,0,0,6.39847E+20,5.34832E+21,1.08847E+16,4.82726E+16
181637,9.17083E+18,9,7,61,0,2017,8,21,4,3,2,6,0,0,0,1,0,2,0,6.3817E+20,5.35937E+21,1.08658E+16,4.83724E+16
181638,9.17083E+18,9,7,61,0,2017,8,18,4,3,3,7,0,1,0,0,1,0,0,6.41252E+20,5.35921E+21,1.09073E+16,4.83703E+16
181639,9.17083E+18,9,6,62,0,2017,8,18,4,3,1,7,1,1,0,0,0,0,0,5.88095E+20,5.54442E+21,1.02304E+16,5.00456E+16
181640,9.17083E+18,9,6,62,0,2017,8,6,4,3,4,2,1,1,0,0,0,0,0,5.88194E+20,5.543E+21,1.02315E+16,5.00327E+16
181641,9.17083E+18,9,6,76,145,2017,8,6,4,2,9,1,1,0,0,0,0,0,0,5.09796E+20,5.51869E+21,9.13618E+15,4.98205E+16
181642,9.17083E+18,9,6,71,143,2017,8,18,4,3,0,7,0,1,1,0,0,0,0,5.0835E+20,5.5443E+21,9.11664E+15,5.00509E+16
181643,9.17083E+18,9,5,76,147,2017,8,22,4,3,8,1,0,0,0,1,0,2,0,6.3736E+20,5.44641E+21,1.08839E+16,4.91551E+16
181644,9.17083E+18,9,5,64,0,2017,8,15,4,2,6,2,0,1,1,0,0,0,0,6.49235E+20,5.48071E+21,1.10595E+16,4.94607E+16
181645,9.17083E+18,9,5,64,0,2017,8,18,4,2,6,4,0,1,1,0,0,0,0,6.52386E+20,5.48376E+21,1.11041E+16,4.94873E+16
181646,9.17083E+18,9,5,64,0,2017,8,9,4,3,0,1,1,0,0,0,0,0,0,6.51412E+20,5.48045E+21,1.10894E+16,4.94578E+16
181647,9.17083E+18,9,5,64,0,2017,8,19,4,2,5,3,1,1,0,0,0,0,0,6.51114E+20,5.4808E+21,1.10854E+16,4.9461E+16
181648,9.17083E+18,9,5,64,0,2017,8,16,4,3,3,2,1,1,0,0,0,0,0,6.52048E+20,5.47914E+21,1.10977E+16,4.94459E+16
181649,9.17083E+18,9,5,64,0,2017,8,13,4,3,5,3,1,1,0,0,0,0,0,6.50245E+20,5.47684E+21,1.10719E+16,4.94256E+16
181650,9.17083E+18,9,5,64,0,2017,8,18,4,3,5,3,1,1,0,0,0,0,0,6.48384E+20,5.47992E+21,1.10474E+16,4.94538E+16
181651,9.17083E+18,9,5,64,0,2017,8,16,4,3,5,3,1,1,0,0,0,0,0,6.51648E+20,5.48048E+21,1.10927E+16,4.94581E+16
181652,9.17083E+18,9,5,73,127,2017,8,8,4,3,0,3,0,1,0,1,0,0,0,6.45263E+20,5.47486E+21,1.10025E+16,4.94091E+16
181653,9.17083E+18,9,5,75,152,2017,8,10,4,3,0,7,0,0,0,0,1,0,0,6.22445E+20,5.48053E+21,1.06899E+16,4.9465E+16
181654,9.17083E+18,9,5,71,145,2017,8,7,4,3,4,2,1,1,0,0,0,0,0,5.97201E+20,5.44685E+21,1.03334E+16,4.91668E+16
181655,9.17083E+18,9,5,71,166,2017,8,14,4,3,8,1,0,1,0,0,0,0,0,6.08248E+20,5.45553E+21,1.04872E+16,4.92429E+16
181656,9.17083E+18,9,4,79,136,2017,8,5,4,2,0,3,1,1,0,0,0,2,0,7.20415E+20,5.54373E+21,1.20761E+16,5.00051E+16
181657,9.17083E+18,9,4,79,136,2017,8,17,4,3,3,2,1,1,0,0,0,0,0,7.21184E+20,5.54252E+21,1.20861E+16,4.99939E+16
181658,9.17083E+18,9,4,78,145,2017,8,11,4,3,6,7,0,1,1,0,0,0,0,6.50804E+20,5.55895E+21,1.11115E+16,5.01636E+16
181659,9.17083E+18,9,4,71,131,2017,8,20,4,2,9,1,0,1,0,0,0,1,0,6.33147E+20,5.52057E+21,1.08511E+16,4.98227E+16
181660,9.17083E+18,9,4,61,0,2017,8,23,4,3,1,7,1,1,0,0,0,2,0,6.35769E+20,5.52893E+21,1.08905E+16,4.98973E+16
181661,9.17083E+18,9,3,75,196,2017,8,11,4,2,0,1,1,0,0,0,0,0,0,7.30053E+20,5.41337E+21,1.21349E+16,4.88306E+16
181662,9.17083E+18,9,3,75,174,2017,8,15,4,3,5,3,0,1,0,0,0,0,0,7.33321E+20,5.43097E+21,1.21894E+16,4.89875E+16
181663,9.17083E+18,9,3,62,0,2017,8,17,4,3,3,6,0,1,0,0,0,0,0,7.25718E+20,5.43319E+21,1.20868E+16,4.90103E+16
181664,9.17083E+18,9,3,62,0,2017,8,4,4,3,1,7,1,1,0,0,0,2,0,7.26215E+20,5.43485E+21,1.20946E+16,4.9025E+16
181665,9.17083E+18,9,3,71,151,2017,8,18,4,2,4,2,1,0,0,0,1,0,0,6.98464E+20,5.48657E+21,1.1741E+16,4.94992E+16
181666,9.17083E+18,9,3,76,161,2017,8,15,4,3,5,3,0,1,0,1,0,0,0,7.23574E+20,5.46682E+21,1.20762E+16,4.93132E+16
181667,9.17083E+18,9,3,61,0,2017,8,9,4,3,1,6,0,1,0,0,0,0,0,7.06718E+20,5.4801E+21,1.18515E+16,4.94384E+16
181668,9.17083E+18,9,2,63,0,2017,8,7,4,2,0,6,0,1,0,1,0,0,0,7.62643E+20,5.4191E+21,1.25818E+16,4.88692E+16
181669,9.17083E+18,9,2,77,138,2017,8,19,4,3,5,3,1,1,0,0,0,1,0,7.91119E+20,5.37183E+21,1.2936E+16,4.84322E+16
181670,9.17083E+18,9,2,75,128,2017,8,20,4,3,8,1,0,0,0,1,0,2,0,8.29352E+20,5.40176E+21,1.3475E+16,4.86819E+16
181671,9.17083E+18,9,2,61,0,2017,8,20,4,3,0,1,1,0,0,0,0,1,0,7.33703E+20,5.381E+21,1.21662E+16,4.85385E+16
181672,9.17083E+18,9,2,61,0,2017,8,3,4,3,0,1,1,0,0,0,0,2,0,7.31291E+20,5.38246E+21,1.21344E+16,4.85525E+16
181673,9.17083E+18,9,2,74,126,2017,8,10,4,3,1,7,1,1,0,0,0,0,0,7.33414E+20,5.38298E+21,1.21634E+16,4.85565E+16
181674,9.17083E+18,9,2,61,0,2017,8,14,4,3,0,1,1,0,0,0,0,0,0,7.32757E+20,5.38161E+21,1.21538E+16,4.85444E+16
181675,9.17083E+18,9,2,79,112,2017,8,20,4,3,0,7,1,0,0,0,0,1,0,7.55447E+20,5.39315E+21,1.24677E+16,4.86391E+16
181676,9.17083E+18,9,1,90,148,2017,8,16,4,3,4,6,0,1,0,0,0,0,0,6.42281E+20,5.29848E+21,1.09009E+16,4.7824E+16
181677,9.17083E+18,9,1,73,118,2017,8,18,4,3,5,3,0,0,0,0,1,0,0,6.89849E+20,5.30287E+21,1.15378E+16,4.78511E+16
181678,9.17091E+18,9,6,72,114,2017,9,20,6,2,0,7,1,0,0,0,0,2,0,5.74957E+20,5.5604E+21,1.00501E+16,5.0191E+16
181679,9.17091E+18,9,6,78,190,2017,9,8,6,3,0,1,0,0,0,1,0,0,0,5.80191E+20,5.53541E+21,1.01181E+16,4.99656E+16
181680,9.17091E+18,9,6,61,0,2017,9,5,6,3,8,1,0,1,0,0,0,2,0,5.11467E+20,5.53563E+21,9.15992E+15,4.99729E+16