OBJECTID,UIDENTSTLA,ULAND,UREGBEZ,UKREIS,UGEMEINDE,UJAHR,UMONAT,USTUNDE,UWOCHENTAG,UKATEGORIE,UART,UTYP1,IstRad,IstPKW,IstFuss,IstKrad,IstSonstig,LICHT,STRZUSTAND,LINREFX,LINREFY,XGCSWGS84,YGCSWGS84
181681,9.17091E+18,9,5,76,132,2017,9,19,6,2,0,1,0,0,1,1,0,0,0,6.53221E+20,5.46422E+21,1.11081E+16,4.93114E+16
181682,9.17091E+18,9,5,63,0,2017,9,14,6,3,2,6,0,1,0,0,0,0,0,6.43005E+20,5.48391E+21,1.09747E+16,4.9491E+16
181683,9.17091E+18,9,5,64,0,2017,9,20,6,3,3,2,1,1,0,0,0,2,0,6.50624E+20,5.48007E+21,1.10784E+16,4.94546E+16
181684,9.17091E+18,9,5,64,0,2017,9,13,6,3,2,6,0,1,0,1,0,0,0,6.46436E+20,5.47982E+21,1.10205E+16,4.94534E+16
181685,9.17091E+18,9,5,64,0,2017,9,2,6,3,2,6,0,1,0,0,0,2,0,6.50863E+20,5.47919E+21,1.10813E+16,4.94466E+16
181686,9.17091E+18,9,5,64,0,2017,9,9,6,3,5,2,0,1,0,0,0,0,0,6.49243E+20,5.47948E+21,1.10591E+16,4.94497E+16
181687,9.17091E+18,9,4,62,0,2017,9,18,6,3,4,2,1,1,0,0,0,0,0,6.83356E+20,5.53433E+21,1.1555E+16,4.99332E+16
181688,9.17091E+18,9,4,74,126,2017,9,13,6,2,0,1,1,0,0,0,0,0,0,6.49957E+20,5.50933E+21,1.10803E+16,4.97178E+16
181689,9.17091E+18,9,3,74,162,2017,9,19,6,2,2,7,0,1,0,1,0,0,0,7.41827E+20,5.50192E+21,1.23484E+16,4.96214E+16
181690,9.17091E+18,9,3,75,165,2017,9,12,6,3,0,1,1,0,0,0,0,0,0,7.25252E+20,5.43764E+21,1.20829E+16,4.90504E+16
181691,9.17091E+18,9,3,62,0,2017,9,17,6,3,6,4,0,0,1,0,1,0,0,7.26678E+20,5.43369E+21,1.21002E+16,4.90144E+16
181692,9.17091E+18,9,3,62,0,2017,9,12,6,3,1,6,0,1,0,0,0,0,0,7.27668E+20,5.43521E+21,1.21146E+16,4.90277E+16
181693,9.17091E+18,9,3,73,147,2017,9,10,6,3,0,7,0,1,1,0,1,0,0,6.79125E+20,5.46102E+21,1.14627E+16,4.92757E+16
181694,9.17091E+18,9,3,61,0,2017,9,15,6,3,5,3,1,0,0,0,1,0,0,7.08829E+20,5.47974E+21,1.18804E+16,4.94345E+16
181695,9.17091E+18,9,2,75,138,2017,9,7,6,3,5,3,0,1,0,0,0,0,0,8.12619E+20,5.3897E+21,1.32393E+16,4.85823E+16
181696,9.17091E+18,9,2,75,151,2017,9,6,6,3,5,3,0,1,0,0,0,0,0,8.25107E+20,5.3969E+21,1.34137E+16,4.86405E+16
181697,9.17091E+18,9,2,75,141,2017,9,20,6,3,0,1,1,0,0,0,0,0,0,8.1994E+20,5.37016E+21,1.33233E+16,4.84033E+16
181698,9.17091E+18,9,2,75,116,2017,9,17,6,3,3,6,1,1,0,0,0,0,0,8.19182E+20,5.36437E+21,1.33087E+16,4.83517E+16
181699,9.17091E+18,9,2,72,118,2017,9,21,6,3,8,1,0,1,0,0,0,2,0,8.31277E+20,5.41564E+21,1.35123E+16,4.88053E+16
181700,9.17091E+18,9,1,83,136,2017,9,12,6,3,4,1,0,1,0,0,0,0,0,7.60257E+20,5.3477E+21,1.25047E+16,4.82291E+16
181701,9.17091E+18,9,1,87,159,2017,9,18,6,3,1,5,1,1,0,0,0,0,0,7.31862E+20,5.3266E+21,1.21115E+16,4.80505E+16
181702,9.17091E+18,9,1,87,142,2017,9,9,6,3,6,4,1,0,1,0,0,0,0,7.33516E+20,5.3129E+21,1.21262E+16,4.79269E+16
181703,9.17091E+18,9,1,63,0,2017,9,14,6,3,5,3,1,1,0,0,0,0,0,7.32729E+20,5.30505E+21,1.21114E+16,4.78566E+16
181704,9.17091E+18,9,1,87,165,2017,9,16,6,2,0,1,1,0,0,0,0,0,0,7.29473E+20,5.29526E+21,1.20628E+16,4.77698E+16
181705,9.17091E+18,9,1,87,120,2017,9,12,6,2,8,6,1,1,0,0,0,0,0,7.34513E+20,5.29276E+21,1.21286E+16,4.77456E+16
181706,9.17091E+18,9,1,61,0,2017,9,18,6,3,0,6,1,1,0,0,0,0,0,6.78013E+20,5.40437E+21,1.14226E+16,4.87669E+16
181707,9.17091E+18,9,1,79,138,2017,9,18,6,3,3,7,1,0,0,0,0,0,0,6.51072E+20,5.33653E+21,1.10317E+16,4.8164E+16
181708,9.17091E+18,9,1,77,144,2017,9,13,6,2,5,3,0,1,0,0,0,0,0,7.18081E+20,5.3473E+21,1.19374E+16,4.82414E+16
181709,9.17091E+18,9,1,78,120,2017,9,11,6,3,5,3,0,1,0,0,0,0,0,6.95327E+20,5.35364E+21,1.16342E+16,4.83058E+16
181710,9.17091E+18,9,1,62,0,2017,9,9,5,3,3,2,0,1,0,1,0,0,1,6.89939E+20,5.33661E+21,1.1554E+16,4.81543E+16
181711,9.17091E+18,9,1,62,0,2017,9,14,5,3,5,3,0,1,0,0,0,0,0,6.99769E+20,5.33485E+21,1.16852E+16,4.81355E+16
181712,9.17091E+18,9,1,62,0,2017,9,8,5,3,2,6,0,1,0,0,0,0,1,6.88646E+20,5.33566E+21,1.15362E+16,4.81462E+16
181713,9.17091E+18,9,1,62,0,2017,9,0,5,3,5,3,1,1,0,0,0,2,0,6.92545E+20,5.3392E+21,1.15901E+16,4.81768E+16
181714,9.17091E+18,9,1,62,0,2017,9,11,5,3,5,3,0,1,0,0,0,0,0,6.91781E+20,5.33205E+21,1.15767E+16,4.81128E+16
181715,9.17091E+18,9,1,62,0,2017,9,14,5,3,2,6,0,1,0,0,0,0,0,6.84426E+20,5.33247E+21,1.14781E+16,4.81188E+16
181716,9.17091E+18,9,1,62,0,2017,9,13,5,3,1,5,1,1,0,0,0,0,1,6.86774E+20,5.33629E+21,1.15113E+16,4.81524E+16
181717,9.17091E+18,9,1,62,0,2017,9,11,5,2,6,4,0,1,1,0,1,0,0,6.94779E+20,5.33496E+21,1.16182E+16,4.81381E+16
181718,9.17091E+18,9,1,62,0,2017,9,9,5,3,6,4,0,0,1,1,0,0,1,6.90365E+20,5.33495E+21,1.15589E+16,4.81393E+16
181719,9.17091E+18,9,1,62,0,2017,9,16,5,3,3,6,0,1,0,1,0,0,0,6.88679E+20,5.33567E+21,1.15366E+16,4.81462E+16
181720,9.17091E+18,9,1,62,0,2017,9,5,5,3,1,3,1,1,0,0,0,2,1,6.86858E+20,5.34434E+21,1.1516E+16,4.82247E+16
181721,9.17091E+18,9,1,62,0,2017,9,12,5,3,5,2,0,1,0,0,0,0,0,6.87967E+20,5.33858E+21,1.15284E+16,4.81726E+16
181722,9.17091E+18,9,1,62,0,2017,9,14,5,3,5,3,0,1,0,0,0,0,0,6.86252E+20,5.33329E+21,1.1503E+16,4.81256E+16
181723,9.17091E+18,9,1,62,0,2017,9,19,5,3,5,2,1,0,0,0,1,0,0,6.93523E+20,5.33519E+21,1.16015E+16,4.81405E+16
181724,9.17091E+18,9,1,62,0,2017,9,13,5,3,4,6,1,0,0,0,0,0,0,6.90628E+20,5.33337E+21,1.15618E+16,4.8125E+16
181725,9.17091E+18,9,7,75,135,2017,9,16,5,3,6,4,1,0,1,0,0,0,0,5.74301E+20,5.36046E+21,1.00037E+16,4.83929E+16
181726,9.17091E+18,9,7,64,0,2017,9,21,5,3,5,3,1,1,0,0,0,2,0,5.8663E+20,5.31603E+21,1.01612E+16,4.79917E+16
181727,9.17091E+18,9,7,64,0,2017,9,23,5,3,0,7,1,0,0,0,0,2,0,5.88988E+20,5.31584E+21,1.01927E+16,4.79897E+16
181728,9.17091E+18,9,7,62,0,2017,9,17,5,3,3,6,0,1,0,0,0,0,0,6.2154E+20,5.30484E+21,1.06257E+16,4.78854E+16
181729,9.17091E+18,9,7,77,129,2017,9,14,5,2,0,6,1,0,0,0,0,0,0,6.24971E+20,5.269E+21,1.06613E+16,4.75624E+16
181730,9.17091E+18,9,7,79,155,2017,9,19,5,1,4,1,0,1,0,1,0,1,0,6.26215E+20,5.40194E+21,1.07173E+16,4.87577E+16
181731,9.17091E+18,9,7,73,144,2017,9,13,5,3,5,3,0,1,0,1,0,0,0,6.06302E+20,5.38103E+21,1.04411E+16,4.85733E+16
181732,9.17091E+18,9,7,72,148,2017,9,18,5,2,8,1,0,1,0,0,0,0,0,6.28309E+20,5.35428E+21,1.07311E+16,4.83287E+16
181733,9.17091E+18,9,7,61,0,2017,9,16,5,3,1,6,0,1,0,0,0,0,0,6.36788E+20,5.36086E+21,1.08476E+16,4.8386E+16
181734,9.17091E+18,9,7,61,0,2017,9,10,5,3,2,6,0,1,0,0,0,0,0,6.41947E+20,5.36063E+21,1.09172E+16,4.83828E+16
181735,9.17091E+18,9,6,75,174,2017,9,12,5,3,0,7,1,1,0,0,0,0,0,5.88481E+20,5.52421E+21,1.02312E+16,4.98638E+16
181736,9.17091E+18,9,6,74,163,2017,9,12,5,3,5,3,1,1,0,0,0,0,0,6.10758E+20,5.53894E+21,1.05452E+16,4.99925E+16
181737,9.17091E+18,9,6,76,121,2017,9,12,5,3,2,6,0,1,0,0,0,0,0,5.11393E+20,5.52064E+21,9.15844E+15,4.98381E+16
181738,9.17091E+18,9,5,64,0,2017,9,2,5,3,4,6,1,0,0,0,0,2,0,6.48914E+20,5.47967E+21,1.10547E+16,4.94515E+16
181739,9.17091E+18,9,5,64,0,2017,9,19,5,3,5,3,0,1,0,0,0,0,0,6.51093E+20,5.48343E+21,1.10861E+16,4.94847E+16
181740,9.17091E+18,9,4,64,0,2017,9,14,5,3,5,3,0,1,0,0,1,0,0,7.07622E+20,5.57744E+21,1.19162E+16,5.03125E+16
181741,9.17091E+18,9,4,63,0,2017,9,10,5,3,0,3,0,1,0,1,0,0,0,6.40266E+20,5.5691E+21,1.09678E+16,5.02573E+16
181742,9.17091E+18,9,4,63,0,2017,9,15,5,3,5,7,0,1,0,0,1,0,0,6.41555E+20,5.57072E+21,1.09865E+16,5.02717E+16
181743,9.17091E+18,9,4,74,126,2017,9,17,5,2,0,7,0,1,0,1,0,0,0,6.4818E+20,5.51083E+21,1.10563E+16,4.97317E+16
181744,9.17091E+18,9,4,74,121,2017,9,16,5,2,5,3,1,1,0,0,0,0,0,6.57072E+20,5.51647E+21,1.11818E+16,4.97801E+16
181745,9.17091E+18,9,4,71,140,2017,9,14,5,3,2,6,0,1,0,0,0,0,0,6.33625E+20,5.53084E+21,1.08613E+16,4.9915E+16
181746,9.17091E+18,9,4,71,195,2017,9,13,5,3,0,1,1,0,0,0,0,0,1,6.48517E+20,5.52691E+21,1.10671E+16,4.98761E+16
181747,9.17091E+18,9,3,77,154,2017,9,8,5,3,0,7,0,0,1,0,1,0,0,7.39208E+20,5.53123E+21,1.23302E+16,4.98856E+16
181748,9.17091E+18,9,3,74,117,2017,9,18,5,3,6,4,0,1,1,0,0,0,0,7.04049E+20,5.51504E+21,1.18329E+16,4.97531E+16
181749,9.17091E+18,9,3,62,0,2017,9,10,5,3,2,2,0,1,0,1,0,0,0,7.23585E+20,5.43353E+21,1.20579E+16,4.90141E+16
181750,9.17091E+18,9,3,75,196,2017,9,10,5,3,4,3,1,1,0,0,0,0,0,7.30172E+20,5.41338E+21,1.21365E+16,4.88307E+16
181751,9.17091E+18,9,3,75,165,2017,9,19,5,2,0,1,1,0,0,0,0,1,0,7.22533E+20,5.43831E+21,1.20462E+16,4.90575E+16
181752,9.17091E+18,9,3,73,159,2017,9,7,5,3,5,3,1,1,0,0,0,0,0,6.78863E+20,5.45622E+21,1.1457E+16,4.92326E+16
181753,9.17091E+18,9,3,61,0,2017,9,14,5,3,5,3,0,1,0,0,0,0,0,7.09273E+20,5.47956E+21,1.18864E+16,4.94327E+16
181754,9.17091E+18,9,2,63,0,2017,9,11,5,3,5,3,1,1,0,0,0,0,0,7.61576E+20,5.41958E+21,1.25676E+16,4.88739E+16
181755,9.17091E+18,9,2,63,0,2017,9,10,5,3,6,7,1,0,1,0,0,0,0,7.61597E+20,5.42046E+21,1.25684E+16,4.88818E+16
181756,9.17091E+18,9,2,71,141,2017,9,5,5,1,9,1,0,1,0,0,0,2,1,7.95246E+20,5.39138E+21,1.30055E+16,4.86058E+16
181757,9.17091E+18,9,2,73,111,2017,9,17,5,3,3,2,1,1,0,0,0,0,0,7.07E+20,5.41338E+21,1.18212E+16,4.88389E+16
181758,9.17091E+18,9,1,80,123,2017,9,8,5,2,6,1,0,0,1,0,1,0,0,6.7061E+20,5.25772E+21,1.12633E+16,4.74505E+16
181759,9.17091E+18,9,1,83,148,2017,9,11,5,3,1,6,0,1,0,1,0,0,0,7.51632E+20,5.34468E+21,1.2387E+16,4.82054E+16
181760,9.17091E+18,9,1,83,148,2017,9,11,5,3,0,1,1,0,0,0,0,0,0,7.52801E+20,5.34492E+21,1.24028E+16,4.82071E+16
181761,9.17091E+18,9,1,89,127,2017,9,10,5,2,5,3,0,1,0,0,0,0,0,7.88995E+20,5.31729E+21,1.28702E+16,4.79436E+16
181762,9.17091E+18,9,1,63,0,2017,9,22,5,3,3,6,1,0,0,1,0,1,0,7.33557E+20,5.30585E+21,1.21229E+16,4.78635E+16
181763,9.17091E+18,9,1,87,118,2017,9,14,5,3,6,7,0,1,1,0,0,0,1,7.53042E+20,5.30131E+21,1.23803E+16,4.78153E+16
181764,9.17091E+18,9,1,87,122,2017,9,17,5,2,0,1,0,0,0,1,0,0,0,7.1747E+20,5.30599E+21,1.19082E+16,4.78704E+16
181765,9.17091E+18,9,1,61,0,2017,9,11,5,3,0,3,1,1,0,0,0,0,0,6.8002E+20,5.40561E+21,1.14504E+16,4.87774E+16
181766,9.17091E+18,9,1,85,158,2017,9,8,5,2,0,7,1,0,0,0,0,0,1,6.68194E+20,5.38208E+21,1.128E+16,4.85693E+16
181767,9.17091E+18,9,1,86,147,2017,9,10,5,2,5,3,1,1,0,0,0,0,0,6.82275E+20,5.39204E+21,1.14751E+16,4.86548E+16
181768,9.17091E+18,9,1,81,130,2017,9,7,5,3,5,3,1,1,0,0,0,0,1,6.38996E+20,5.32468E+21,1.08655E+16,4.80602E+16
181769,9.17091E+18,9,1,88,121,2017,9,18,5,3,5,2,1,1,0,0,0,0,0,6.70817E+20,5.33017E+21,1.12945E+16,4.81019E+16
181770,9.17091E+18,9,1,77,133,2017,9,13,5,3,3,3,0,1,0,0,0,0,0,7.06344E+20,5.35928E+21,1.17854E+16,4.83529E+16
181771,9.17091E+18,9,1,78,145,2017,9,13,5,2,3,6,1,0,0,1,0,0,0,6.96973E+20,5.35465E+21,1.16568E+16,4.83143E+16
181772,9.17091E+18,9,1,77,117,2017,9,14,5,3,2,7,0,1,0,0,0,0,0,7.15085E+20,5.35294E+21,1.19E+16,4.82931E+16
181773,9.17091E+18,9,1,75,115,2017,9,14,5,3,0,2,0,1,0,1,0,0,0,7.20648E+20,5.329E+21,1.19624E+16,4.80761E+16
181774,9.17091E+18,9,1,62,0,2017,9,18,4,3,3,2,1,0,0,0,0,0,1,6.91607E+20,5.33268E+21,1.15746E+16,4.81185E+16
181775,9.17091E+18,9,1,62,0,2017,9,11,4,3,5,3,0,1,0,0,0,0,1,6.84774E+20,5.33362E+21,1.14833E+16,4.8129E+16
181776,9.17091E+18,9,1,62,0,2017,9,9,4,3,5,2,0,1,0,0,0,0,0,6.91476E+20,5.34037E+21,1.15763E+16,4.81877E+16
181777,9.17091E+18,9,1,62,0,2017,9,9,4,3,2,6,0,1,0,1,0,0,0,6.90623E+20,5.33906E+21,1.15643E+16,4.81761E+16
181778,9.17091E+18,9,1,62,0,2017,9,18,4,3,5,3,0,1,0,0,0,0,1,6.96858E+20,5.33047E+21,1.16441E+16,4.80971E+16
181779,9.17091E+18,9,1,62,0,2017,9,8,4,3,0,7,0,0,0,0,1,0,1,6.93398E+20,5.33346E+21,1.1599E+16,4.8125E+16
181780,9.17091E+18,9,1,62,0,2017,9,9,4,3,5,3,1,1,0,0,0,0,0,6.92545E+20,5.3392E+21,1.15901E+16,4.81768E+16
181781,9.17091E+18,9,1,62,0,2017,9,15,4,3,5,3,1,1,0,0,0,0,0,6.86443E+20,5.33917E+21,1.15081E+16,4.81784E+16
181782,9.17091E+18,9,1,62,0,2017,9,16,4,3,5,2,1,1,0,0,0,0,0,6.91281E+20,5.33189E+21,1.15699E+16,4.81116E+16
181783,9.17091E+18,9,1,62,0,2017,9,18,4,3,5,3,1,1,0,0,0,2,1,6.92275E+20,5.33276E+21,1.15836E+16,4.81191E+16
181784,9.17091E+18,9,1,62,0,2017,9,20,4,3,4,2,1,1,0,0,0,1,1,6.90509E+20,5.33294E+21,1.156E+16,4.81212E+16
181785,9.17091E+18,9,1,62,0,2017,9,21,4,3,1,5,1,1,0,0,0,2,1,6.9048E+20,5.33463E+21,1.15604E+16,4.81363E+16
181786,9.17091E+18,9,7,75,135,2017,9,11,4,3,0,7,1,0,0,0,0,0,0,5.73741E+20,5.36076E+21,9.9962E+15,4.83957E+16
181787,9.17091E+18,9,7,64,0,2017,9,6,4,3,5,3,1,1,0,0,0,1,1,5.89461E+20,5.31604E+21,1.01991E+16,4.79914E+16
181788,9.17091E+18,9,7,74,150,2017,9,6,4,3,0,7,0,0,0,1,0,0,1,6.00961E+20,5.34316E+21,1.03596E+16,4.82336E+16
181789,9.17091E+18,9,7,78,116,2017,9,14,4,3,5,3,0,1,0,0,0,0,0,6.20299E+20,5.31864E+21,1.0613E+16,4.80097E+16
181790,9.17091E+18,9,7,77,114,2017,9,10,4,3,0,1,1,0,0,0,0,0,0,6.1679E+20,5.31244E+21,1.05643E+16,4.79546E+16
181791,9.17091E+18,9,7,80,132,2017,9,17,4,3,6,7,0,1,1,0,0,0,0,5.76973E+20,5.26726E+21,1.00231E+16,4.75542E+16
181792,9.17091E+18,9,7,73,182,2017,9,15,4,3,5,3,0,1,0,1,0,0,0,6.29211E+20,5.37731E+21,1.07504E+16,4.85356E+16
181793,9.17091E+18,9,7,72,163,2017,9,14,4,3,5,7,1,1,0,0,0,0,0,6.40192E+20,5.3503E+21,1.089E+16,4.82904E+16
181794,9.17091E+18,9,7,61,0,2017,9,9,4,3,4,2,0,1,0,0,1,0,0,6.40505E+20,5.35367E+21,1.08954E+16,4.83206E+16
181795,9.17091E+18,9,7,61,0,2017,9,18,4,3,0,7,1,0,0,0,0,0,0,6.40205E+20,5.35877E+21,1.0893E+16,4.83665E+16
181796,9.17091E+18,9,6,79,176,2017,9,14,4,3,2,6,0,1,0,0,0,0,0,5.66755E+20,5.5092E+21,9.92632E+15,4.97316E+16
181797,9.17091E+18,9,6,63,0,2017,9,11,4,3,4,2,0,1,0,0,0,0,1,5.70319E+20,5.5153E+21,9.97687E+15,4.97861E+16
181798,9.17091E+18,9,6,73,114,2017,9,16,4,2,6,2,0,1,1,0,0,0,0,5.85493E+20,5.57556E+21,1.02011E+16,5.0326E+16
181799,9.17091E+18,9,6,78,160,2017,9,9,4,3,0,1,1,0,0,0,0,0,0,5.82978E+20,5.54748E+21,1.01596E+16,5.00738E+16
181800,9.17091E+18,9,5,62,0,2017,9,21,4,2,4,2,1,1,0,0,0,2,0,6.45816E+20,5.49465E+21,1.10175E+16,4.95869E+16
181801,9.17091E+18,9,5,76,143,2017,9,11,4,2,5,2,0,1,0,0,1,0,0,6.52137E+20,5.45718E+21,1.10905E+16,4.92484E+16
181802,9.17091E+18,9,5,64,0,2017,9,18,4,3,6,4,0,1,1,0,0,0,0,6.5266E+20,5.47897E+21,1.1106E+16,4.94442E+16
181803,9.17091E+18,9,5,64,0,2017,9,22,4,3,1,7,1,1,0,0,0,2,0,6.49686E+20,5.48047E+21,1.10656E+16,4.94585E+16
181804,9.17091E+18,9,5,64,0,2017,9,16,4,3,2,6,0,1,0,0,0,0,0,6.52742E+20,5.47977E+21,1.11075E+16,4.94513E+16
181805,9.17091E+18,9,5,73,134,2017,9,18,4,2,5,2,1,1,0,0,0,0,0,6.4099E+20,5.47681E+21,1.09444E+16,4.94276E+16
181806,9.17091E+18,9,5,75,122,2017,9,5,4,3,5,3,0,1,0,1,0,2,1,5.96308E+20,5.48506E+21,1.03304E+16,4.95105E+16
181807,9.17091E+18,9,4,64,0,2017,9,17,4,3,4,2,0,1,0,1,0,0,1,7.07151E+20,5.57587E+21,1.19087E+16,5.02986E+16
181808,9.17091E+18,9,4,62,0,2017,9,13,4,2,2,6,0,1,0,0,0,0,0,6.8433E+20,5.53656E+21,1.15697E+16,4.99529E+16
181809,9.17091E+18,9,4,61,0,2017,9,17,4,3,0,1,1,0,0,0,0,0,0,6.36711E+20,5.52891E+21,1.09036E+16,4.98969E+16
181810,9.17091E+18,9,3,75,204,2017,9,13,4,3,5,3,1,1,0,0,0,0,0,7.31908E+20,5.43506E+21,1.21724E+16,4.90247E+16
181811,9.17091E+18,9,3,62,0,2017,9,16,4,2,6,6,1,0,1,0,0,0,0,7.26615E+20,5.43439E+21,1.20998E+16,4.90207E+16
181812,9.17091E+18,9,3,62,0,2017,9,14,4,3,5,3,1,0,0,0,1,0,0,7.27548E+20,5.43327E+21,1.21119E+16,4.90103E+16
181813,9.17091E+18,9,3,76,175,2017,9,5,4,3,5,3,0,1,0,0,0,1,1,7.34612E+20,5.4676E+21,1.22283E+16,4.9316E+16
181814,9.17091E+18,9,2,78,121,2017,9,16,4,3,5,3,0,1,0,0,0,0,0,7.58995E+20,5.4154E+21,1.25298E+16,4.88374E+16
181815,9.17091E+18,9,2,71,141,2017,9,5,4,3,8,6,0,1,0,0,0,2,0,7.95226E+20,5.40142E+21,1.30124E+16,4.86959E+16
181816,9.17091E+18,9,2,75,146,2017,9,16,4,3,0,6,0,0,0,1,0,0,0,8.30357E+20,5.39469E+21,1.3483E+16,4.86179E+16
181817,9.17091E+18,9,2,75,124,2017,9,12,4,3,0,1,1,0,0,0,0,0,0,8.10084E+20,5.37547E+21,1.31944E+16,4.84558E+16
181818,9.17091E+18,9,2,74,184,2017,9,17,4,3,5,3,0,1,0,0,0,0,0,7.46972E+20,5.37182E+21,1.23403E+16,4.8451E+16
181819,9.17091E+18,9,2,61,0,2017,9,14,4,3,5,7,1,1,0,0,0,0,0,7.31175E+20,5.38042E+21,1.21317E+16,4.85342E+16
181820,9.17091E+18,9,2,61,0,2017,9,15,4,3,5,3,0,1,0,0,0,0,0,7.3228E+20,5.38182E+21,1.21474E+16,4.85464E+16
181821,9.17091E+18,9,1,89,142,2017,9,17,4,3,4,6,0,1,0,1,0,0,1,7.51076E+20,5.32994E+21,1.23708E+16,4.80733E+16
181822,9.17091E+18,9,1,87,177,2017,9,12,4,3,0,6,1,0,0,0,0,0,0,7.36316E+20,5.30502E+21,1.21593E+16,4.78551E+16
181823,9.17091E+18,9,1,87,148,2017,9,14,4,3,0,7,1,0,0,0,0,0,0,7.38324E+20,5.2786E+21,1.21716E+16,4.76169E+16
181824,9.17091E+18,9,1,61,0,2017,9,6,4,3,8,1,0,1,0,0,0,1,1,6.78012E+20,5.39962E+21,1.14205E+16,4.87242E+16
181825,9.17091E+18,9,1,76,123,2017,9,13,4,3,6,3,0,1,1,0,0,0,0,6.60089E+20,5.41793E+21,1.11841E+16,4.88936E+16
181826,9.17091E+18,9,1,79,142,2017,9,7,4,3,0,7,0,1,0,1,0,0,0,6.74298E+20,5.34392E+21,1.13468E+16,4.82245E+16
181827,9.17091E+18,9,1,74,121,2017,9,11,4,3,0,1,1,0,0,0,0,0,1,6.89106E+20,5.35473E+21,1.15509E+16,4.83175E+16
181828,9.17091E+18,9,1,74,115,2017,9,9,4,3,1,5,0,1,0,0,0,0,0,6.8064E+20,5.34769E+21,1.14338E+16,4.82566E+16
181829,9.17091E+18,9,1,75,127,2017,9,11,4,3,5,3,1,1,0,0,0,0,1,7.1287E+20,5.34189E+21,1.18646E+16,4.81946E+16
181830,9.17091E+18,9,1,62,0,2017,9,14,3,3,0,4,0,0,1,0,1,0,0,6.88686E+20,5.3324E+21,1.15353E+16,4.81169E+16
181831,9.17091E+18,9,1,62,0,2017,9,14,3,3,1,5,1,1,0,0,0,0,0,6.90364E+20,5.33376E+21,1.15584E+16,4.81286E+16
181832,9.17091E+18,9,1,62,0,2017,9,12,3,3,2,2,1,0,0,0,1,0,0,6.90628E+20,5.33512E+21,1.15626E+16,4.81407E+16
181833,9.17091E+18,9,1,62,0,2017,9,12,3,3,4,2,1,1,0,0,0,0,0,6.90323E+20,5.33585E+21,1.15588E+16,4.81474E+16
181834,9.17091E+18,9,1,62,0,2017,9,22,3,3,2,6,0,1,0,0,0,2,0,6.92282E+20,5.33836E+21,1.15862E+16,4.81694E+16
181835,9.17091E+18,9,1,62,0,2017,9,6,3,3,5,2,1,1,0,0,0,2,0,6.97914E+20,5.33097E+21,1.16585E+16,4.81012E+16
181836,9.17091E+18,9,1,62,0,2017,9,18,3,3,5,3,1,1,0,0,0,0,0,6.88139E+20,5.33843E+21,1.15306E+16,4.81713E+16
181837,9.17091E+18,9,1,62,0,2017,9,17,3,3,0,7,1,0,0,0,0,0,0,6.89822E+20,5.3374E+21,1.15528E+16,4.81615E+16
181838,9.17091E+18,9,7,75,135,2017,9,17,3,3,5,3,0,1,0,1,0,0,0,5.74241E+20,5.35998E+21,1.00028E+16,4.83886E+16
181839,9.17091E+18,9,7,74,160,2017,9,14,3,3,8,6,0,1,0,0,0,0,0,6.07645E+20,5.3523E+21,1.04519E+16,4.83147E+16
181840,9.17091E+18,9,7,76,116,2017,9,17,3,3,5,3,0,1,0,1,0,0,0,5.48956E+20,5.27162E+21,9.65122E+15,4.75961E+16
181841,9.17091E+18,9,7,76,116,2017,9,14,3,3,4,6,0,1,0,1,0,0,0,5.54163E+20,5.26853E+21,9.7201E+15,4.75679E+16
181842,9.17091E+18,9,7,79,192,2017,9,15,3,2,0,7,1,0,0,0,0,0,0,6.4077E+20,5.39685E+21,1.09135E+16,4.87088E+16
181843,9.17091E+18,9,7,71,130,2017,9,16,3,3,5,3,1,1,0,0,0,0,0,6.46242E+20,5.35739E+21,1.0974E+16,4.83528E+16
181844,9.17091E+18,9,7,72,125,2017,9,19,3,3,4,6,0,0,0,1,1,1,0,6.34075E+20,5.34886E+21,1.08071E+16,4.82788E+16
181845,9.17091E+18,9,7,61,0,2017,9,15,3,2,5,3,1,1,0,0,0,0,0,6.40551E+20,5.35928E+21,1.08979E+16,4.8371E+16
181846,9.17091E+18,9,6,63,0,2017,9,17,3,3,1,6,0,1,0,1,0,0,0,5.65261E+20,5.51549E+21,9.90665E+15,4.97883E+16
181847,9.17091E+18,9,6,63,0,2017,9,17,3,3,1,6,0,1,0,0,0,0,0,5.66003E+20,5.51673E+21,9.91717E+15,4.97994E+16
181848,9.17091E+18,9,6,72,135,2017,9,14,3,2,8,1,0,1,0,0,0,0,0,5.79803E+20,5.56895E+21,1.01198E+16,5.02673E+16
181849,9.17091E+18,9,6,62,0,2017,9,17,3,3,2,6,0,1,0,0,0,0,0,5.86514E+20,5.54367E+21,1.02082E+16,5.00391E+16
181850,9.17091E+18,9,6,62,0,2017,9,6,3,3,4,2,0,1,0,0,0,0,0,5.87234E+20,5.54177E+21,1.02178E+16,5.00218E+16
181851,9.17091E+18,9,5,76,137,2017,9,16,3,3,3,6,0,1,0,1,0,0,0,6.49056E+20,5.4635E+21,1.10505E+16,4.9306E+16