OBJECTID,UIDENTSTLA,ULAND,UREGBEZ,UKREIS,UGEMEINDE,UJAHR,UMONAT,USTUNDE,UWOCHENTAG,UKATEGORIE,UART,UTYP1,IstRad,IstPKW,IstFuss,IstKrad,IstSonstig,LICHT,STRZUSTAND,LINREFX,LINREFY,XGCSWGS84,YGCSWGS84
181852,9.17091E+18,9,5,64,0,2017,9,17,3,3,6,7,0,1,1,0,0,0,0,6.50048E+20,5.47799E+21,1.10696E+16,4.94361E+16
181853,9.17091E+18,9,5,64,0,2017,9,8,3,3,0,1,1,1,0,0,0,0,0,6.50741E+20,5.47761E+21,1.10791E+16,4.94325E+16
181854,9.17091E+18,9,5,64,0,2017,9,14,3,3,3,5,1,1,0,0,0,0,0,6.51599E+20,5.48045E+21,1.1092E+16,4.94578E+16
181855,9.17091E+18,9,5,64,0,2017,9,20,3,3,3,2,0,1,0,1,0,2,0,6.53771E+20,5.47522E+21,1.11199E+16,4.94103E+16
181856,9.17091E+18,9,5,64,0,2017,9,18,3,3,2,6,0,1,0,0,0,0,0,6.51518E+20,5.48344E+21,1.1092E+16,4.94846E+16
181857,9.17091E+18,9,5,75,112,2017,9,11,3,3,1,6,1,1,0,0,0,0,0,6.02358E+20,5.48419E+21,1.04137E+16,4.95017E+16
181858,9.17091E+18,9,4,79,136,2017,9,12,3,3,1,6,1,1,0,0,0,0,0,7.20234E+20,5.54344E+21,1.20734E+16,5.00025E+16
181859,9.17091E+18,9,4,63,0,2017,9,16,3,3,2,6,0,1,0,0,0,0,0,6.39888E+20,5.5689E+21,1.09624E+16,5.02557E+16
181860,9.17091E+18,9,4,62,0,2017,9,10,3,3,5,3,0,1,0,0,0,0,0,6.84502E+20,5.53616E+21,1.15719E+16,4.99493E+16
181861,9.17091E+18,9,4,71,195,2017,9,11,3,3,1,7,0,1,0,0,1,0,0,6.41338E+20,5.52293E+21,1.09658E+16,4.98422E+16
181862,9.17091E+18,9,4,61,0,2017,9,15,3,3,0,7,0,0,1,0,1,0,0,6.36439E+20,5.52915E+21,1.08999E+16,4.98991E+16
181863,9.17091E+18,9,4,61,0,2017,9,6,3,3,5,3,0,0,0,1,1,1,0,6.37662E+20,5.52856E+21,1.09167E+16,4.98936E+16
181864,9.17091E+18,9,2,71,119,2017,9,19,3,3,1,6,0,1,0,0,0,0,0,7.90733E+20,5.41716E+21,1.29626E+16,4.88392E+16
181865,9.17091E+18,9,2,71,119,2017,9,16,3,3,5,3,0,1,0,1,0,0,0,7.90604E+20,5.41822E+21,1.29616E+16,4.88488E+16
181866,9.17091E+18,9,2,71,119,2017,9,14,3,3,1,7,1,0,0,0,1,0,0,7.90334E+20,5.41688E+21,1.29569E+16,4.88369E+16
181867,9.17091E+18,9,2,75,154,2017,9,13,3,3,0,7,0,0,1,1,0,0,0,8.08261E+20,5.39134E+21,1.31815E+16,4.85991E+16
181868,9.17091E+18,9,2,61,0,2017,9,14,3,3,3,3,1,1,0,0,0,0,0,7.31545E+20,5.38267E+21,1.2138E+16,4.85543E+16
181869,9.17091E+18,9,2,61,0,2017,9,15,3,3,5,3,0,1,0,1,0,0,0,7.32796E+20,5.3805E+21,1.21537E+16,4.85344E+16
181870,9.17091E+18,9,1,73,126,2017,9,14,3,3,5,3,1,1,0,0,0,0,0,6.84297E+20,5.30628E+21,1.14651E+16,4.78834E+16
181871,9.17091E+18,9,1,83,128,2017,9,9,3,3,2,6,1,1,0,0,0,0,0,7.58024E+20,5.34974E+21,1.24759E+16,4.82483E+16
181872,9.17091E+18,9,1,71,124,2017,9,11,3,3,0,1,1,0,0,0,0,0,0,7.83875E+20,5.34317E+21,1.2819E+16,4.81783E+16
181873,9.17091E+18,9,1,71,125,2017,9,16,3,2,5,7,1,0,0,0,0,0,0,7.73926E+20,5.34942E+21,1.26895E+16,4.82388E+16
181874,9.17091E+18,9,1,63,0,2017,9,17,3,3,4,6,1,1,0,0,0,0,0,7.31036E+20,5.30455E+21,1.20885E+16,4.78527E+16
181875,9.17091E+18,9,1,63,0,2017,9,17,3,3,2,6,1,0,0,0,0,0,0,7.30843E+20,5.30101E+21,1.20841E+16,4.78209E+16
181876,9.17091E+18,9,1,87,150,2017,9,19,3,3,5,3,1,1,0,0,0,0,0,7.28561E+20,5.30364E+21,1.2055E+16,4.78454E+16
181877,9.17091E+18,9,1,61,0,2017,9,17,3,3,5,7,1,1,0,0,0,0,0,6.76553E+20,5.40564E+21,1.14033E+16,4.87787E+16
181878,9.17091E+18,9,1,76,139,2017,9,18,3,2,4,6,0,1,0,1,0,0,0,6.8339E+20,5.4094E+21,1.14979E+16,4.88105E+16
181879,9.17091E+18,9,1,61,0,2017,9,16,3,3,5,3,1,0,0,0,1,0,0,6.79075E+20,5.40204E+21,1.1436E+16,4.87456E+16
181880,9.17091E+18,9,1,79,142,2017,9,12,3,2,0,7,1,0,0,0,1,0,0,6.73028E+20,5.3422E+21,1.13291E+16,4.82095E+16
181881,9.17091E+18,9,1,88,124,2017,9,15,3,3,6,4,0,1,1,0,0,0,0,6.62135E+20,5.3192E+21,1.11738E+16,4.80055E+16
181882,9.17091E+18,9,1,88,121,2017,9,16,3,3,5,2,0,1,0,1,0,0,0,6.70431E+20,5.32978E+21,1.12892E+16,4.80985E+16
181883,9.17091E+18,9,1,77,117,2017,9,14,3,3,0,7,1,0,0,0,0,0,0,7.15349E+20,5.35552E+21,1.19048E+16,4.83162E+16
181884,9.17091E+18,9,1,75,124,2017,9,19,3,3,5,3,1,1,0,0,0,0,0,7.13871E+20,5.32933E+21,1.18717E+16,4.80814E+16
181885,9.1709E+18,9,1,62,0,2017,9,11,2,3,2,2,0,1,0,0,0,0,0,6.97112E+20,5.3321E+21,1.16482E+16,4.81117E+16
181886,9.1709E+18,9,1,62,0,2017,9,17,2,3,5,3,0,1,0,1,0,0,0,6.96639E+20,5.33524E+21,1.16433E+16,4.814E+16
181887,9.1709E+18,9,1,84,119,2017,9,10,2,3,6,4,0,1,1,0,0,0,0,6.95614E+20,5.34767E+21,1.16353E+16,4.8252E+16
181888,9.1709E+18,9,1,62,0,2017,9,18,2,3,5,3,1,1,0,1,0,0,0,6.91007E+20,5.33673E+21,1.15684E+16,4.81551E+16
181889,9.1709E+18,9,1,62,0,2017,9,18,2,3,2,6,0,1,0,1,0,0,0,6.94529E+20,5.33496E+21,1.16149E+16,4.81382E+16
181890,9.1709E+18,9,1,62,0,2017,9,9,2,2,5,3,0,1,0,0,1,0,0,6.94212E+20,5.33276E+21,1.16096E+16,4.81185E+16
181891,9.1709E+18,9,1,62,0,2017,9,15,2,2,5,2,0,1,0,1,0,0,0,6.88922E+20,5.34331E+21,1.15433E+16,4.82148E+16
181892,9.1709E+18,9,1,62,0,2017,9,5,2,3,6,2,0,1,1,0,0,2,0,6.90043E+20,5.33547E+21,1.15549E+16,4.81441E+16
181893,9.1709E+18,9,1,84,149,2017,9,10,2,3,0,7,1,0,0,0,0,0,0,6.91652E+20,5.35052E+21,1.15833E+16,4.82789E+16
181894,9.1709E+18,9,1,62,0,2017,9,18,2,3,2,6,0,1,0,0,0,0,0,6.86243E+20,5.3327E+21,1.15026E+16,4.81203E+16
181895,9.1709E+18,9,1,84,147,2017,9,18,2,3,5,2,1,1,0,0,0,0,0,6.97009E+20,5.34024E+21,1.16506E+16,4.81849E+16
181896,9.1709E+18,9,1,62,0,2017,9,14,2,3,0,7,0,1,0,0,0,0,0,6.90519E+20,5.33455E+21,1.15608E+16,4.81356E+16
181897,9.1709E+18,9,1,62,0,2017,9,16,2,3,6,4,0,0,1,1,0,0,0,6.90461E+20,5.33474E+21,1.15601E+16,4.81374E+16
181898,9.1709E+18,9,1,62,0,2017,9,9,2,3,3,2,1,1,0,0,0,0,0,6.92332E+20,5.33425E+21,1.1585E+16,4.81324E+16
181899,9.1709E+18,9,7,75,135,2017,9,14,2,3,5,3,1,1,0,0,0,0,0,5.76914E+20,5.36091E+21,1.00391E+16,4.83966E+16
181900,9.1709E+18,9,7,63,0,2017,9,11,2,3,6,4,0,1,1,0,0,0,0,5.98308E+20,5.28655E+21,1.03109E+16,4.77249E+16
181901,9.1709E+18,9,7,79,148,2017,9,18,2,2,9,1,0,0,0,1,0,0,0,6.30351E+20,5.41222E+21,1.07768E+16,4.88493E+16
181902,9.1709E+18,9,7,72,186,2017,9,17,2,3,5,3,0,1,0,0,0,0,0,6.38143E+20,5.34405E+21,1.08604E+16,4.82346E+16
181903,9.1709E+18,9,7,61,0,2017,9,18,2,3,0,7,1,0,0,0,0,0,0,6.42495E+20,5.35331E+21,1.09221E+16,4.83169E+16
181904,9.1709E+18,9,6,79,202,2017,9,15,2,3,6,7,0,1,1,0,0,0,0,5.62547E+20,5.52015E+21,9.8697E+15,4.98305E+16
181905,9.1709E+18,9,6,63,0,2017,9,17,2,3,3,6,1,0,0,0,0,0,0,5.66252E+20,5.51367E+21,9.9201E+15,4.97719E+16
181906,9.1709E+18,9,6,71,124,2017,9,17,2,2,6,4,0,1,1,0,0,0,0,5.13905E+20,5.53461E+21,9.19387E+15,4.99637E+16
181907,9.1709E+18,9,5,62,0,2017,9,16,2,2,5,3,1,1,0,0,0,0,0,6.44883E+20,5.49507E+21,1.10047E+16,4.95908E+16
181908,9.1709E+18,9,5,74,138,2017,9,15,2,2,0,7,1,0,0,0,1,0,0,6.65056E+20,5.4862E+21,1.12799E+16,4.95059E+16
181909,9.1709E+18,9,5,74,147,2017,9,7,2,3,5,3,1,1,0,0,0,0,0,6.79878E+20,5.48682E+21,1.14847E+16,4.95073E+16
181910,9.1709E+18,9,5,64,0,2017,9,8,2,3,5,2,1,1,0,0,0,0,0,6.49622E+20,5.47978E+21,1.10644E+16,4.94522E+16
181911,9.1709E+18,9,5,64,0,2017,9,10,2,3,6,4,0,1,1,0,0,0,0,6.50178E+20,5.47922E+21,1.10719E+16,4.94471E+16
181912,9.1709E+18,9,5,64,0,2017,9,22,2,3,2,6,0,1,0,0,0,2,0,6.52013E+20,5.47946E+21,1.10973E+16,4.94488E+16
181913,9.1709E+18,9,5,64,0,2017,9,21,2,3,0,1,0,1,0,1,0,2,0,6.52137E+20,5.48072E+21,1.10995E+16,4.94601E+16
181914,9.1709E+18,9,5,61,0,2017,9,9,2,3,5,3,0,1,0,1,0,0,0,6.13951E+20,5.46153E+21,1.05673E+16,4.92958E+16
181915,9.1709E+18,9,5,77,136,2017,9,14,2,3,1,6,0,1,0,0,0,0,0,6.28926E+20,5.44275E+21,1.07671E+16,4.9124E+16
181916,9.1709E+18,9,5,71,216,2017,9,17,2,2,8,1,0,1,0,1,0,0,0,6.18042E+20,5.45508E+21,1.06216E+16,4.92371E+16
181917,9.1709E+18,9,4,79,166,2017,9,14,2,3,0,7,0,0,0,0,1,0,0,7.06064E+20,5.55375E+21,1.18815E+16,5.01002E+16
181918,9.1709E+18,9,4,79,169,2017,9,7,2,3,1,5,0,1,0,0,0,0,0,7.14853E+20,5.54763E+21,1.20008E+16,5.00421E+16
181919,9.1709E+18,9,4,74,126,2017,9,17,2,3,6,4,0,1,1,0,0,0,0,6.49151E+20,5.50812E+21,1.10687E+16,4.97071E+16
181920,9.1709E+18,9,4,71,140,2017,9,12,2,3,1,6,0,1,0,0,0,0,0,6.34435E+20,5.53115E+21,1.08727E+16,4.99176E+16
181921,9.1709E+18,9,3,63,0,2017,9,18,2,3,2,6,0,1,0,0,0,0,0,7.26527E+20,5.50855E+21,1.21407E+16,4.96869E+16
181922,9.1709E+18,9,3,75,183,2017,9,16,2,3,0,7,1,0,0,0,0,0,0,7.4421E+20,5.43004E+21,1.23374E+16,4.89749E+16
181923,9.1709E+18,9,3,75,165,2017,9,15,2,3,5,3,0,1,0,0,0,0,0,7.25886E+20,5.43768E+21,1.20916E+16,4.90506E+16
181924,9.1709E+18,9,3,62,0,2017,9,12,2,3,2,6,0,1,0,0,1,0,0,7.27907E+20,5.4352E+21,1.21179E+16,4.90275E+16
181925,9.1709E+18,9,3,61,0,2017,9,15,2,3,4,2,0,1,0,0,0,0,0,7.06976E+20,5.48124E+21,1.18557E+16,4.94485E+16
181926,9.1709E+18,9,2,63,0,2017,9,10,2,3,0,1,1,0,0,0,0,0,0,7.61531E+20,5.42032E+21,1.25674E+16,4.88806E+16
181927,9.1709E+18,9,2,71,141,2017,9,16,2,3,5,3,0,1,0,0,0,0,0,7.95949E+20,5.40208E+21,1.30226E+16,4.87015E+16
181928,9.1709E+18,9,2,71,119,2017,9,18,2,3,4,2,0,1,0,1,0,0,0,7.9271E+20,5.41674E+21,1.29891E+16,4.88345E+16
181929,9.1709E+18,9,1,90,139,2017,9,16,2,3,5,3,1,1,0,0,0,0,0,6.55131E+20,5.29619E+21,1.10717E+16,4.78004E+16
181930,9.1709E+18,9,1,73,112,2017,9,16,2,3,4,2,0,1,0,1,0,0,0,6.92129E+20,5.29175E+21,1.15634E+16,4.77505E+16
181931,9.1709E+18,9,1,83,148,2017,9,18,2,3,0,1,0,0,0,1,0,0,0,7.53748E+20,5.34426E+21,1.24151E+16,4.82008E+16
181932,9.1709E+18,9,1,87,162,2017,9,6,2,3,5,3,1,1,0,0,0,0,0,7.5061E+20,5.30597E+21,1.23506E+16,4.78582E+16
181933,9.17091E+18,9,1,62,0,2017,9,12,4,3,5,7,0,1,0,0,0,0,1,6.89768E+20,5.33339E+21,1.15502E+16,4.81255E+16
181934,9.17091E+18,9,1,62,0,2017,9,8,4,3,5,2,1,1,0,0,0,0,0,6.89167E+20,5.33429E+21,1.15426E+16,4.81337E+16
181935,9.17091E+18,9,7,75,135,2017,9,13,4,3,0,7,1,0,0,0,0,0,0,5.74981E+20,5.36059E+21,1.00129E+16,4.8394E+16
181936,9.17091E+18,9,7,78,134,2017,9,16,4,2,8,6,1,1,0,0,0,0,1,6.12884E+20,5.33541E+21,1.05181E+16,4.81619E+16
181937,9.17091E+18,9,7,63,0,2017,9,22,4,3,5,3,0,1,0,0,0,2,0,5.9863E+20,5.28549E+21,1.0315E+16,4.77153E+16
181938,9.17091E+18,9,7,62,0,2017,9,16,4,3,8,1,0,1,0,0,0,0,0,6.19639E+20,5.30511E+21,1.06004E+16,4.78882E+16
181939,9.17091E+18,9,7,62,0,2017,9,10,4,3,3,6,1,1,0,0,0,0,0,6.21897E+20,5.30446E+21,1.06304E+16,4.78819E+16
181940,9.17091E+18,9,7,61,0,2017,9,7,4,3,3,2,1,1,0,0,0,0,0,6.41851E+20,5.36117E+21,1.0916E+16,4.83877E+16
181941,9.17091E+18,9,7,61,0,2017,9,19,4,3,5,2,1,1,0,0,0,0,0,6.40951E+20,5.3572E+21,1.09026E+16,4.83522E+16
181942,9.17091E+18,9,7,61,0,2017,9,11,4,3,5,3,0,1,0,0,1,0,0,6.39966E+20,5.3607E+21,1.08904E+16,4.83839E+16
181943,9.17091E+18,9,7,61,0,2017,9,16,4,2,6,4,1,0,1,0,0,0,0,6.40687E+20,5.35997E+21,1.08999E+16,4.83772E+16
181944,9.17091E+18,9,6,63,0,2017,9,8,4,3,0,7,1,1,0,0,0,1,1,5.67578E+20,5.51418E+21,9.9386E+15,4.97763E+16
181945,9.17091E+18,9,6,63,0,2017,9,16,4,3,5,3,0,1,0,0,1,0,0,5.67154E+20,5.51373E+21,9.93264E+15,4.97723E+16
181946,9.17091E+18,9,6,63,0,2017,9,19,4,3,5,3,1,1,0,0,0,2,1,5.66524E+20,5.51672E+21,9.9244E+15,4.97992E+16
181947,9.17091E+18,9,6,63,0,2017,9,10,4,2,6,7,0,1,1,0,1,0,0,5.6888E+20,5.51744E+21,9.95726E+15,4.98054E+16
181948,9.17091E+18,9,6,77,157,2017,9,10,4,3,5,7,1,1,0,0,0,0,0,5.43509E+20,5.52155E+21,9.60515E+15,4.98448E+16
181949,9.17091E+18,9,6,78,176,2017,9,20,4,3,5,3,0,1,0,0,1,2,1,5.89649E+20,5.53904E+21,1.02509E+16,4.9997E+16
181950,9.17091E+18,9,6,76,125,2017,9,17,4,3,5,3,1,1,0,0,0,0,1,5.16389E+20,5.50835E+21,9.22739E+15,4.97274E+16
181951,9.17091E+18,9,6,71,155,2017,9,17,4,3,5,3,0,1,0,0,0,0,0,5.05597E+20,5.53477E+21,9.07805E+15,4.99652E+16
181952,9.17091E+18,9,6,61,0,2017,9,16,4,3,5,3,0,1,0,1,0,0,0,5.11539E+20,5.537E+21,9.16096E+15,4.99853E+16
181953,9.17091E+18,9,1,62,0,2017,9,18,4,3,0,6,0,0,0,1,1,0,1,6.90457E+20,5.34013E+21,1.15625E+16,4.81858E+16
181954,9.17091E+18,9,1,62,0,2017,9,16,4,3,1,6,0,1,0,0,0,0,1,6.89808E+20,5.33672E+21,1.15523E+16,4.81554E+16
181955,9.17091E+18,9,1,62,0,2017,9,7,4,3,5,2,1,1,0,0,0,0,0,6.97256E+20,5.33408E+21,1.16511E+16,4.81294E+16
181956,9.17091E+18,9,1,62,0,2017,9,12,4,3,0,3,0,1,0,0,1,0,0,7.00979E+20,5.33178E+21,1.17E+16,4.81076E+16
181957,9.17091E+18,9,1,62,0,2017,9,18,4,3,5,2,0,1,0,1,0,1,0,6.9635E+20,5.33579E+21,1.16397E+16,4.8145E+16
181958,9.17091E+18,9,6,71,122,2017,9,7,4,3,0,7,1,0,0,0,0,0,1,5.05445E+20,5.52987E+21,9.07585E+15,4.99212E+16
181959,9.17091E+18,9,5,65,0,2017,9,9,4,2,2,6,0,1,0,0,0,0,0,6.47666E+20,5.4659E+21,1.10323E+16,4.9328E+16
181960,9.17091E+18,9,5,64,0,2017,9,18,4,3,2,6,0,1,0,0,0,0,0,6.49618E+20,5.47943E+21,1.10643E+16,4.94491E+16
181961,9.17091E+18,9,5,64,0,2017,9,11,4,3,6,7,0,1,1,0,0,0,0,6.51196E+20,5.47931E+21,1.1086E+16,4.94476E+16
181962,9.17091E+18,9,5,64,0,2017,9,16,4,3,5,2,1,1,0,0,0,0,0,6.50957E+20,5.47836E+21,1.10823E+16,4.94392E+16
181963,9.17091E+18,9,5,77,136,2017,9,7,4,3,5,2,1,1,0,0,0,0,0,6.28629E+20,5.44209E+21,1.07628E+16,4.91182E+16
181964,9.17091E+18,9,4,78,165,2017,9,15,4,3,5,3,0,1,0,0,0,0,0,6.42593E+20,5.55178E+21,1.09939E+16,5.01011E+16
181965,9.17091E+18,9,4,77,128,2017,9,7,4,3,0,6,0,1,1,0,0,0,0,6.7504E+20,5.55201E+21,1.14473E+16,5.00945E+16
181966,9.17091E+18,9,4,62,0,2017,9,16,4,3,0,7,1,1,0,0,0,0,0,6.85999E+20,5.53362E+21,1.15915E+16,4.9926E+16
181967,9.17091E+18,9,3,63,0,2017,9,16,4,3,5,3,0,1,0,0,0,0,0,7.27258E+20,5.5068E+21,1.21498E+16,4.96709E+16
181968,9.17091E+18,9,3,75,174,2017,9,11,4,3,6,1,0,1,1,0,0,0,0,7.33696E+20,5.43173E+21,1.21949E+16,4.89942E+16
181969,9.17091E+18,9,3,76,161,2017,9,11,4,3,0,1,1,0,0,0,0,0,0,7.26119E+20,5.4679E+21,1.21118E+16,4.93219E+16
181970,9.17091E+18,9,3,76,144,2017,9,16,4,2,1,7,0,1,1,0,0,0,0,7.30104E+20,5.48163E+21,1.21745E+16,4.94437E+16
181971,9.17091E+18,9,3,76,119,2017,9,18,4,3,5,3,0,1,0,0,0,0,0,7.22061E+20,5.45392E+21,1.20483E+16,4.91978E+16
181972,9.17091E+18,9,2,75,126,2017,9,14,4,3,5,3,0,1,0,0,0,0,1,8.39881E+20,5.39869E+21,1.36151E+16,4.86487E+16
181973,9.17091E+18,9,2,75,141,2017,9,16,4,3,5,3,0,1,0,1,0,0,1,8.20616E+20,5.37109E+21,1.33331E+16,4.84113E+16
181974,9.17091E+18,9,1,90,157,2017,9,7,4,3,5,2,1,1,0,0,0,0,0,6.60608E+20,5.3013E+21,1.11467E+16,4.7845E+16
181975,9.17091E+18,9,1,90,148,2017,9,7,4,3,0,1,1,0,0,0,0,0,0,6.4158E+20,5.29678E+21,1.0891E+16,4.78088E+16
181976,9.17091E+18,9,1,80,124,2017,9,7,4,3,0,7,1,0,0,0,1,0,0,6.65382E+20,5.28393E+21,1.12038E+16,4.76876E+16
181977,9.17091E+18,9,1,89,154,2017,9,8,4,3,0,7,1,0,0,0,0,0,0,7.69013E+20,5.31584E+21,1.26023E+16,4.79393E+16
181978,9.17091E+18,9,1,63,0,2017,9,12,4,3,0,1,1,0,0,0,0,0,0,7.32684E+20,5.30475E+21,1.21107E+16,4.7854E+16
181979,9.17091E+18,9,1,87,128,2017,9,16,4,3,6,4,1,0,1,0,0,0,0,7.46238E+20,5.31073E+21,1.2295E+16,4.79026E+16
181980,9.17091E+18,9,1,87,118,2017,9,16,4,3,3,6,0,1,0,1,0,0,0,7.52503E+20,5.30092E+21,1.23729E+16,4.7812E+16
181981,9.17091E+18,9,1,88,139,2017,9,16,4,3,6,4,1,0,1,0,0,0,1,6.74856E+20,5.31896E+21,1.13441E+16,4.8E+16
181982,9.17091E+18,9,1,74,113,2017,9,17,4,3,9,7,0,1,0,0,0,0,1,6.75123E+20,5.3467E+21,1.13591E+16,4.82493E+16
181983,9.17091E+18,9,1,77,133,2017,9,22,4,3,0,7,0,1,0,0,1,0,0,7.06661E+20,5.35955E+21,1.17898E+16,4.83553E+16
181984,9.17091E+18,9,1,78,145,2017,9,7,4,3,4,2,1,1,0,0,0,0,0,6.97418E+20,5.3548E+21,1.16629E+16,4.83156E+16
181985,9.17091E+18,9,1,78,130,2017,9,7,4,3,2,6,0,1,0,0,0,0,0,7.0257E+20,5.35642E+21,1.17331E+16,4.83284E+16
181986,9.17091E+18,9,1,78,124,2017,9,10,4,3,5,3,0,1,0,0,0,0,0,7.02795E+20,5.36363E+21,1.17396E+16,4.83932E+16
181987,9.17091E+18,9,1,77,118,2017,9,13,4,3,0,6,0,1,0,0,0,0,0,7.08552E+20,5.34527E+21,1.18082E+16,4.82264E+16
181988,9.17091E+18,9,1,75,114,2017,9,9,4,3,4,6,0,1,0,0,0,0,0,7.17421E+20,5.32304E+21,1.19161E+16,4.80236E+16
181989,9.17091E+18,9,1,75,123,2017,9,7,4,3,4,6,0,1,0,0,0,0,0,7.22061E+20,5.33876E+21,1.19864E+16,4.81633E+16
181990,9.17091E+18,9,1,62,0,2017,9,16,3,3,5,3,0,1,0,0,0,0,0,6.92703E+20,5.33799E+21,1.15917E+16,4.81659E+16
181991,9.17091E+18,9,1,62,0,2017,9,16,3,3,5,3,1,1,0,0,0,0,0,6.8862E+20,5.33268E+21,1.15345E+16,4.81194E+16
181992,9.17091E+18,9,1,62,0,2017,9,19,3,3,3,2,0,1,0,1,0,0,0,6.9211E+20,5.33728E+21,1.15834E+16,4.81597E+16
181993,9.17091E+18,9,1,62,0,2017,9,9,3,3,5,2,1,1,0,0,0,0,1,6.91662E+20,5.3328E+21,1.15754E+16,4.81196E+16
181994,9.17091E+18,9,1,62,0,2017,9,22,3,3,5,3,1,1,0,0,0,2,0,6.90343E+20,5.33883E+21,1.15604E+16,4.81741E+16
181995,9.17091E+18,9,1,62,0,2017,9,19,3,3,5,3,0,1,0,0,1,0,0,6.83956E+20,5.3392E+21,1.14747E+16,4.81794E+16
181996,9.17091E+18,9,1,62,0,2017,9,9,3,3,0,2,0,1,0,0,1,0,1,6.84366E+20,5.33212E+21,1.14772E+16,4.81156E+16
181997,9.17091E+18,9,1,62,0,2017,9,12,3,2,1,1,0,1,0,0,1,0,0,6.87161E+20,5.32806E+21,1.15129E+16,4.80783E+16
181998,9.17091E+18,9,1,62,0,2017,9,9,3,2,0,7,0,0,0,0,1,0,1,6.92084E+20,5.33456E+21,1.15819E+16,4.81353E+16
181999,9.17091E+18,9,1,62,0,2017,9,17,3,3,5,3,0,1,0,0,0,0,0,6.91917E+20,5.33809E+21,1.15812E+16,4.81671E+16
182000,9.17091E+18,9,1,62,0,2017,9,14,3,2,3,7,0,1,0,0,1,0,1,6.892E+20,5.33494E+21,1.15433E+16,4.81395E+16
182001,9.17091E+18,9,1,62,0,2017,9,10,3,3,5,2,1,1,0,0,0,0,1,6.89726E+20,5.33601E+21,1.15508E+16,4.8149E+16
182002,9.17091E+18,9,1,62,0,2017,9,10,3,3,0,7,0,0,0,0,1,0,1,6.918E+20,5.33278E+21,1.15772E+16,4.81194E+16
182003,9.17091E+18,9,1,84,119,2017,9,14,3,3,1,6,0,1,0,0,1,0,1,6.97502E+20,5.34885E+21,1.16613E+16,4.82621E+16
182004,9.17091E+18,9,1,62,0,2017,9,16,3,3,1,2,0,1,0,0,1,0,1,6.92762E+20,5.3314E+21,1.15895E+16,4.81066E+16
182005,9.17091E+18,9,7,75,134,2017,9,6,3,3,0,7,1,0,0,0,0,1,0,5.82667E+20,5.36463E+21,1.01175E+16,4.84294E+16
182006,9.17091E+18,9,7,64,0,2017,9,14,3,3,5,3,1,1,0,0,0,0,0,5.88946E+20,5.31657E+21,1.01923E+16,4.79963E+16
182007,9.17091E+18,9,7,75,162,2017,9,7,3,3,4,2,0,1,0,1,0,0,0,5.78275E+20,5.35044E+21,1.00555E+16,4.83023E+16
182008,9.17091E+18,9,7,74,171,2017,9,16,3,2,5,3,1,1,0,0,0,0,0,6.00776E+20,5.37047E+21,1.03637E+16,4.84792E+16
182009,9.17091E+18,9,7,72,159,2017,9,10,3,3,5,3,1,1,0,0,0,0,0,6.24856E+20,5.36159E+21,1.06867E+16,4.83951E+16
182010,9.17091E+18,9,7,72,160,2017,9,18,3,3,4,6,0,1,0,0,0,0,0,6.38308E+20,5.34238E+21,1.08621E+16,4.82196E+16
182011,9.17091E+18,9,7,72,171,2017,9,17,3,3,2,6,0,1,0,0,0,0,1,6.38207E+20,5.3692E+21,1.08695E+16,4.84607E+16
182012,9.17091E+18,9,7,72,147,2017,9,9,3,3,1,6,0,1,0,0,0,0,0,6.39033E+20,5.36502E+21,1.08793E+16,4.8423E+16
182013,9.17091E+18,9,7,71,130,2017,9,13,3,3,0,1,1,0,0,0,0,0,1,6.44951E+20,5.35774E+21,1.09567E+16,4.83562E+16
182014,9.17091E+18,9,7,72,163,2017,9,19,3,3,5,3,1,1,0,0,0,2,1,6.40704E+20,5.35028E+21,1.08969E+16,4.82901E+16
182015,9.17091E+18,9,7,72,163,2017,9,14,3,3,2,1,0,1,0,0,0,0,1,6.3999E+20,5.34769E+21,1.08864E+16,4.8267E+16
182016,9.17091E+18,9,7,61,0,2017,9,16,3,3,3,2,1,1,0,0,0,0,0,6.38341E+20,5.35886E+21,1.08679E+16,4.83677E+16
182017,9.17091E+18,9,7,61,0,2017,9,17,3,3,1,6,1,1,0,0,0,1,1,6.38713E+20,5.35615E+21,1.0872E+16,4.83433E+16
182018,9.17091E+18,9,7,61,0,2017,9,20,3,3,0,1,1,0,0,0,0,2,1,6.37898E+20,5.35307E+21,1.086E+16,4.83157E+16
182019,9.17091E+18,9,7,61,0,2017,9,11,3,3,6,4,0,1,1,0,0,0,0,6.41615E+20,5.35969E+21,1.09124E+16,4.83745E+16
182020,9.17091E+18,9,7,61,0,2017,9,20,3,3,0,1,1,0,0,0,0,2,1,6.40859E+20,5.35854E+21,1.09018E+16,4.83643E+16
182021,9.17091E+18,9,6,63,0,2017,9,7,3,2,3,6,0,0,0,1,1,0,0,5.67075E+20,5.51522E+21,9.9318E+15,4.97857E+16
182022,9.17091E+18,9,6,73,116,2017,9,8,3,3,6,7,0,1,1,0,0,0,0,5.83711E+20,5.58509E+21,1.01782E+16,5.04119E+16
182023,9.17091E+18,9,6,78,168,2017,9,15,3,3,5,3,1,1,0,0,0,0,0,5.81355E+20,5.55025E+21,1.01375E+16,5.00989E+16
182024,9.17091E+18,9,6,62,0,2017,9,12,3,3,0,1,1,0,0,0,0,0,0,5.88259E+20,5.54568E+21,1.0233E+16,5.00568E+16