OBJECTID,UIDENTSTLA,ULAND,UREGBEZ,UKREIS,UGEMEINDE,UJAHR,UMONAT,USTUNDE,UWOCHENTAG,UKATEGORIE,UART,UTYP1,IstRad,IstPKW,IstFuss,IstKrad,IstSonstig,LICHT,STRZUSTAND,LINREFX,LINREFY,XGCSWGS84,YGCSWGS84
182197,9.17092E+18,9,1,62,0,2017,9,20,2,3,0,5,1,1,0,0,0,2,0,6.84432E+20,5.33665E+21,1.148E+16,4.81563E+16
182198,9.17092E+18,9,1,62,0,2017,9,16,2,3,3,6,1,0,0,0,1,0,0,6.90807E+20,5.33515E+21,1.1565E+16,4.8141E+16
182199,9.17092E+18,9,1,62,0,2017,9,11,2,3,5,3,0,1,0,0,1,0,0,6.80594E+20,5.3399E+21,1.14298E+16,4.81867E+16
182200,9.17092E+18,9,1,62,0,2017,9,18,2,3,5,2,0,1,0,1,0,0,0,6.88284E+20,5.33573E+21,1.15314E+16,4.81469E+16
182201,9.17092E+18,9,1,62,0,2017,9,17,2,3,5,3,0,1,0,0,0,0,0,6.92475E+20,5.33446E+21,1.15871E+16,4.81342E+16
182202,9.17092E+18,9,1,62,0,2017,9,11,2,2,5,3,0,1,0,0,0,0,1,6.88302E+20,5.33398E+21,1.15308E+16,4.81312E+16
182203,9.17092E+18,9,1,62,0,2017,9,18,2,3,0,6,0,1,0,0,1,0,0,6.90361E+20,5.33387E+21,1.15584E+16,4.81296E+16
182204,9.17092E+18,9,1,62,0,2017,9,17,2,3,5,2,1,1,0,0,0,0,0,6.98206E+20,5.32944E+21,1.16617E+16,4.80874E+16
182205,9.17092E+18,9,1,62,0,2017,9,17,2,3,0,4,0,1,1,0,0,0,0,6.91887E+20,5.33231E+21,1.15782E+16,4.81151E+16
182206,9.17092E+18,9,1,62,0,2017,9,15,2,3,6,7,1,0,1,0,0,0,0,6.88991E+20,5.33257E+21,1.15394E+16,4.81184E+16
182207,9.17092E+18,9,1,62,0,2017,9,20,2,3,1,5,1,1,0,0,0,2,0,6.89715E+20,5.33473E+21,1.15501E+16,4.81375E+16
182208,9.17092E+18,9,1,62,0,2017,9,16,2,3,0,2,0,1,0,0,1,0,0,6.90365E+20,5.33387E+21,1.15585E+16,4.81296E+16
182209,9.17092E+18,9,1,75,132,2017,9,7,3,3,1,5,1,1,0,0,0,0,1,7.07647E+20,5.33132E+21,1.17892E+16,4.81013E+16
182210,9.17092E+18,9,1,62,0,2017,9,10,2,3,1,2,0,1,0,1,0,0,0,6.91561E+20,5.33691E+21,1.15759E+16,4.81565E+16
182211,9.17092E+18,9,1,62,0,2017,9,17,2,3,5,3,1,1,0,0,0,0,0,6.92134E+20,5.33522E+21,1.15828E+16,4.81412E+16
182212,9.17092E+18,9,1,62,0,2017,9,8,2,3,1,7,1,1,0,0,0,0,0,6.91019E+20,5.33649E+21,1.15684E+16,4.8153E+16
182213,9.17092E+18,9,1,62,0,2017,9,7,2,3,4,2,1,1,0,0,0,0,0,6.94475E+20,5.33372E+21,1.16136E+16,4.8127E+16
182214,9.17092E+18,9,7,75,152,2017,9,18,2,2,6,4,0,1,1,0,0,0,0,5.76555E+20,5.35335E+21,1.00329E+16,4.83287E+16
182215,9.17092E+18,9,1,62,0,2017,9,14,2,3,5,2,1,1,0,0,0,0,0,6.91504E+20,5.33726E+21,1.15753E+16,4.81597E+16
182216,9.17092E+18,9,1,84,127,2017,9,0,2,3,8,7,0,1,0,0,0,2,0,7.02174E+20,5.32201E+21,1.17114E+16,4.80194E+16
182217,9.17092E+18,9,7,80,124,2017,9,16,2,3,5,2,1,1,0,0,0,0,0,5.92516E+20,5.26766E+21,1.02297E+16,4.75558E+16
182218,9.17092E+18,9,7,72,184,2017,9,13,2,3,5,3,0,1,0,1,0,0,0,6.3584E+20,5.36192E+21,1.08351E+16,4.83958E+16
182219,9.17092E+18,9,7,61,0,2017,9,12,2,3,2,6,0,1,0,0,0,0,0,6.39298E+20,5.36177E+21,1.08818E+16,4.83937E+16
182220,9.17092E+18,9,7,61,0,2017,9,13,2,2,0,7,1,0,0,0,0,0,0,6.42005E+20,5.36165E+21,1.09183E+16,4.8392E+16
182221,9.17092E+18,9,7,61,0,2017,9,12,2,3,4,6,0,1,0,0,0,0,0,6.40153E+20,5.35861E+21,1.08923E+16,4.8365E+16
182222,9.17092E+18,9,6,63,0,2017,9,18,2,3,0,6,0,1,0,1,0,0,1,5.66662E+20,5.51663E+21,9.9263E+15,4.97984E+16
182223,9.17092E+18,9,6,63,0,2017,9,18,2,3,5,3,0,1,0,1,0,0,1,5.67725E+20,5.51704E+21,9.94114E+15,4.98019E+16
182224,9.17092E+18,9,6,63,0,2017,9,10,2,3,5,3,1,1,0,0,0,0,0,5.65463E+20,5.51699E+21,9.9097E+15,4.98018E+16
182225,9.17092E+18,9,6,63,0,2017,9,18,2,3,5,3,0,1,0,0,0,0,1,5.68033E+20,5.51712E+21,9.94544E+15,4.98027E+16
182226,9.17092E+18,9,6,72,114,2017,9,10,2,3,6,4,0,1,1,0,0,0,0,5.76721E+20,5.56159E+21,1.0075E+16,5.02015E+16
182227,9.17092E+18,9,6,62,0,2017,9,13,2,3,2,6,0,1,0,0,0,0,0,5.87897E+20,5.54412E+21,1.02276E+16,5.00428E+16
182228,9.17092E+18,9,6,76,121,2017,9,16,2,2,5,2,1,1,0,0,0,0,0,5.11675E+20,5.52152E+21,9.16238E+15,4.9846E+16
182229,9.17092E+18,9,5,72,111,2017,9,12,2,3,3,5,0,1,0,0,1,0,0,6.35676E+20,5.50733E+21,1.08816E+16,4.97032E+16
182230,9.17092E+18,9,5,72,132,2017,9,15,2,1,5,3,0,1,0,0,1,0,0,6.36249E+20,5.49322E+21,1.08847E+16,4.95762E+16
182231,9.17092E+18,9,5,72,142,2017,9,15,2,3,0,7,1,0,0,0,0,0,0,6.44378E+20,5.50039E+21,1.09997E+16,4.96388E+16
182232,9.17092E+18,9,5,74,117,2017,9,23,2,3,0,7,0,1,0,0,0,2,0,6.69637E+20,5.46575E+21,1.13344E+16,4.93209E+16
182233,9.17092E+18,9,5,63,0,2017,9,11,2,3,2,6,0,1,0,0,0,0,0,6.45352E+20,5.48047E+21,1.10058E+16,4.94595E+16
182234,9.17092E+18,9,5,61,0,2017,9,18,2,3,5,3,0,1,0,1,0,0,0,6.14164E+20,5.46121E+21,1.05701E+16,4.92929E+16
182235,9.17092E+18,9,4,64,0,2017,9,17,2,3,5,3,0,1,0,0,1,0,0,7.07626E+20,5.57689E+21,1.1916E+16,5.03075E+16
182236,9.17092E+18,9,4,77,157,2017,9,22,2,3,8,1,0,0,0,1,0,2,0,6.74876E+20,5.54836E+21,1.14434E+16,5.00618E+16
182237,9.17092E+18,9,4,71,140,2017,9,21,2,3,0,1,0,0,0,1,0,2,1,6.34041E+20,5.5311E+21,1.08672E+16,4.99173E+16
182238,9.17092E+18,9,4,71,155,2017,9,18,2,3,0,7,1,1,0,0,0,0,0,6.4422E+20,5.53057E+21,1.10087E+16,4.99101E+16
182239,9.17092E+18,9,4,61,0,2017,9,13,2,3,3,5,0,1,0,1,0,0,0,6.37425E+20,5.52873E+21,1.09135E+16,4.98952E+16
182240,9.17092E+18,9,4,61,0,2017,9,12,2,3,2,6,0,1,0,0,0,0,1,6.36386E+20,5.52955E+21,1.08993E+16,4.99027E+16
182241,9.17092E+18,9,3,75,174,2017,9,16,2,3,5,1,0,1,0,1,0,0,0,7.3397E+20,5.43091E+21,1.21982E+16,4.89867E+16
182242,9.17092E+18,9,3,62,0,2017,9,6,2,3,6,4,0,1,1,0,0,2,1,7.26833E+20,5.43358E+21,1.21023E+16,4.90133E+16
182243,9.17092E+18,9,3,62,0,2017,9,11,2,3,5,3,0,1,0,0,0,0,0,7.28723E+20,5.43542E+21,1.21291E+16,4.90292E+16
182244,9.17092E+18,9,3,73,147,2017,9,11,2,3,5,2,0,1,0,0,0,0,0,6.78918E+20,5.46186E+21,1.14603E+16,4.92833E+16
182245,9.17092E+18,9,3,73,147,2017,9,7,2,3,5,3,0,1,0,0,1,0,1,6.79674E+20,5.46126E+21,1.14704E+16,4.92776E+16
182246,9.17092E+18,9,3,73,147,2017,9,18,2,3,2,6,0,1,0,0,0,0,0,6.78143E+20,5.46213E+21,1.14497E+16,4.92859E+16
182247,9.17092E+18,9,3,71,151,2017,9,10,2,2,5,3,0,1,0,0,1,0,1,6.98775E+20,5.48583E+21,1.1745E+16,4.94926E+16
182248,9.17092E+18,9,2,71,146,2017,9,15,2,3,5,3,1,1,0,0,0,0,0,7.83288E+20,5.41069E+21,1.28569E+16,4.87846E+16
182249,9.17092E+18,9,2,71,119,2017,9,10,2,3,5,3,0,1,0,0,0,0,0,7.90803E+20,5.41616E+21,1.29628E+16,4.88302E+16
182250,9.17092E+18,9,2,75,145,2017,9,13,2,3,3,6,0,1,0,0,0,0,0,8.13787E+20,5.37853E+21,1.32466E+16,4.84815E+16
182251,9.17092E+18,9,2,74,176,2017,9,14,2,3,5,3,0,1,0,0,0,0,0,7.22281E+20,5.3986E+21,1.20211E+16,4.87008E+16
182252,9.17092E+18,9,2,61,0,2017,9,7,2,3,6,7,0,1,1,0,0,0,0,7.3186E+20,5.37959E+21,1.21405E+16,4.85265E+16
182253,9.17092E+18,9,2,79,122,2017,9,12,2,3,5,2,1,0,0,0,1,0,0,7.71697E+20,5.39804E+21,1.26911E+16,4.86762E+16
182254,9.17092E+18,9,1,73,134,2017,9,6,2,3,9,1,0,1,0,0,0,1,1,6.8652E+20,5.30235E+21,1.14932E+16,4.78474E+16
182255,9.17092E+18,9,1,89,114,2017,9,17,2,2,5,3,0,1,0,0,1,0,0,7.64497E+20,5.3112E+21,1.25391E+16,4.78996E+16
182256,9.17092E+18,9,1,63,0,2017,9,13,2,3,1,6,0,1,0,0,1,0,0,7.32473E+20,5.30461E+21,1.21078E+16,4.78528E+16
182257,9.17092E+18,9,1,61,0,2017,9,7,2,3,2,7,0,1,0,0,0,0,0,6.78507E+20,5.40471E+21,1.14295E+16,4.87698E+16
182258,9.17092E+18,9,1,86,137,2017,9,11,2,3,5,3,0,1,0,0,0,0,0,6.82144E+20,5.39948E+21,1.14766E+16,4.87217E+16
182259,9.17092E+18,9,1,81,128,2017,9,8,2,3,0,7,1,1,0,0,0,0,1,6.37657E+20,5.32727E+21,1.08484E+16,4.80839E+16
182260,9.17092E+18,9,1,79,126,2017,9,12,2,3,5,3,0,1,0,0,0,0,0,6.7646E+20,5.34178E+21,1.13751E+16,4.82047E+16
182261,9.17092E+18,9,1,79,123,2017,9,9,2,3,2,7,1,1,0,0,0,0,0,6.76045E+20,5.33322E+21,1.13659E+16,4.81279E+16
182262,9.17092E+18,9,1,77,133,2017,9,18,2,3,2,6,0,1,0,0,0,0,0,7.07789E+20,5.36019E+21,1.18053E+16,4.83607E+16
182263,9.17092E+18,9,1,62,0,2017,9,4,1,3,0,7,1,0,0,0,0,2,0,6.92026E+20,5.33561E+21,1.15815E+16,4.81447E+16
182264,9.17092E+18,9,1,62,0,2017,9,0,1,3,1,5,0,1,0,0,0,2,0,6.92179E+20,5.33695E+21,1.15842E+16,4.81568E+16
182265,9.17092E+18,9,1,62,0,2017,9,12,1,3,5,7,0,1,0,0,0,0,0,6.93169E+20,5.33981E+21,1.15988E+16,4.81822E+16
182266,9.17092E+18,9,1,62,0,2017,9,21,1,3,5,3,1,1,0,0,0,2,0,6.83476E+20,5.33667E+21,1.14672E+16,4.81568E+16
182267,9.17092E+18,9,7,76,131,2017,9,16,1,3,0,1,1,0,0,0,0,0,0,5.63008E+20,5.27893E+21,9.83918E+15,4.76607E+16
182268,9.17092E+18,9,7,62,0,2017,9,15,1,3,4,2,0,1,0,1,0,0,0,6.21938E+20,5.30522E+21,1.06312E+16,4.78887E+16
182269,9.17092E+18,9,7,77,121,2017,9,9,1,2,5,2,0,1,0,1,0,0,0,6.28725E+20,5.32179E+21,1.07269E+16,4.80364E+16
182270,9.17092E+18,9,7,73,136,2017,9,2,1,3,0,1,1,0,0,0,0,2,0,6.01203E+20,5.37623E+21,1.03708E+16,4.8531E+16
182271,9.17092E+18,9,7,72,184,2017,9,16,1,3,4,2,0,1,0,0,0,0,0,6.36191E+20,5.36285E+21,1.08402E+16,4.8404E+16
182272,9.17092E+18,9,7,61,0,2017,9,18,1,3,5,3,1,1,0,0,0,0,0,6.37902E+20,5.35925E+21,1.08621E+16,4.83714E+16
182273,9.17092E+18,9,7,61,0,2017,9,5,1,3,1,6,0,1,0,0,0,2,0,6.3914E+20,5.35904E+21,1.08787E+16,4.83692E+16
182274,9.17092E+18,9,7,61,0,2017,9,18,1,2,8,1,0,0,0,1,0,0,0,6.4197E+20,5.36511E+21,1.0919E+16,4.84232E+16
182275,9.17092E+18,9,7,61,0,2017,9,18,1,3,4,6,1,0,0,0,1,0,0,6.42031E+20,5.35228E+21,1.09155E+16,4.83077E+16
182276,9.17092E+18,9,6,79,185,2017,9,17,1,3,4,6,1,1,0,0,0,0,0,5.74035E+20,5.51585E+21,1.00286E+16,4.97906E+16
182277,9.17092E+18,9,6,61,0,2017,9,12,1,3,5,3,0,1,0,0,0,0,0,5.10593E+20,5.5372E+21,9.14777E+15,4.99871E+16
182278,9.17092E+18,9,6,71,111,2017,9,18,1,2,4,6,1,0,0,0,0,0,0,5.076E+20,5.55015E+21,9.10628E+15,5.01036E+16
182279,9.17092E+18,9,5,74,128,2017,9,2,1,3,9,1,0,1,0,0,0,2,0,6.80089E+20,5.48182E+21,1.14854E+16,4.94623E+16
182280,9.17092E+18,9,5,64,0,2017,9,17,1,3,5,3,1,1,0,0,0,0,0,6.49185E+20,5.48073E+21,1.10588E+16,4.94608E+16
182281,9.17092E+18,9,4,78,139,2017,9,12,1,3,5,2,0,1,0,0,0,0,0,6.47604E+20,5.55749E+21,1.10661E+16,5.01512E+16
182282,9.17092E+18,9,4,61,0,2017,9,2,1,3,0,7,1,0,0,0,0,2,0,6.34866E+20,5.52832E+21,1.08777E+16,4.9892E+16
182283,9.17092E+18,9,3,63,0,2017,9,16,1,3,5,3,0,1,0,1,0,0,0,7.2689E+20,5.50928E+21,1.21462E+16,4.96933E+16
182284,9.17092E+18,9,3,73,147,2017,9,15,1,3,5,3,0,1,0,0,0,0,1,6.79308E+20,5.46152E+21,1.14655E+16,4.92801E+16
182285,9.17092E+18,9,1,85,149,2017,9,10,1,2,0,1,1,0,0,0,0,0,1,6.61841E+20,5.39973E+21,1.12009E+16,4.87295E+16
182286,9.17092E+18,9,1,86,158,2017,9,1,1,2,1,6,1,1,0,0,0,2,0,6.92198E+20,5.40516E+21,1.16158E+16,4.87697E+16
182287,9.17092E+18,9,1,79,136,2017,9,11,1,2,5,3,0,1,0,0,0,0,0,6.60667E+20,5.34175E+21,1.11626E+16,4.82086E+16
182288,9.17092E+18,9,1,79,121,2017,9,14,1,2,6,7,1,0,1,0,0,0,0,6.66607E+20,5.33908E+21,1.12415E+16,4.81831E+16
182289,9.17092E+18,9,1,62,0,2017,9,10,7,3,5,3,0,1,0,0,1,0,1,6.9096E+20,5.33512E+21,1.1567E+16,4.81407E+16
182290,9.17092E+18,9,1,62,0,2017,9,23,7,3,6,4,0,1,1,0,0,2,0,6.89351E+20,5.33364E+21,1.15448E+16,4.81278E+16
182291,9.17092E+18,9,1,62,0,2017,9,16,7,3,2,6,0,1,0,0,0,0,0,6.8895E+20,5.33411E+21,1.15396E+16,4.81322E+16
182292,9.17092E+18,9,1,62,0,2017,9,10,7,3,5,2,0,1,0,0,0,0,1,6.91261E+20,5.33929E+21,1.15729E+16,4.8178E+16
182293,9.17092E+18,9,1,62,0,2017,9,10,7,3,2,6,0,1,0,0,0,0,1,6.88161E+20,5.33842E+21,1.15309E+16,4.81711E+16
182294,9.17092E+18,9,1,62,0,2017,9,10,7,3,5,3,0,1,0,0,0,0,1,6.92537E+20,5.33695E+21,1.1589E+16,4.81566E+16
182295,9.17092E+18,9,1,62,0,2017,9,16,7,3,0,7,0,1,0,0,1,0,0,6.93883E+20,5.33134E+21,1.16046E+16,4.81058E+16
182296,9.17092E+18,9,1,62,0,2017,9,16,7,3,2,6,0,1,0,0,0,0,0,6.88012E+20,5.33581E+21,1.15277E+16,4.81478E+16
182297,9.17092E+18,9,1,84,127,2017,9,13,7,2,0,7,0,1,0,0,0,0,1,7.0372E+20,5.32213E+21,1.17322E+16,4.802E+16
182298,9.17092E+18,9,1,62,0,2017,9,11,7,3,2,6,0,1,0,1,0,0,1,6.92885E+20,5.34099E+21,1.15955E+16,4.81928E+16
182299,9.17092E+18,9,1,62,0,2017,9,15,7,3,5,3,1,1,0,0,0,0,0,6.8442E+20,5.33259E+21,1.14781E+16,4.81199E+16
182300,9.17092E+18,9,1,62,0,2017,9,17,7,3,0,7,1,0,0,0,0,0,0,6.8644E+20,5.32982E+21,1.1504E+16,4.80943E+16
182301,9.17092E+18,9,7,80,112,2017,9,14,7,3,8,7,0,1,0,0,0,0,0,5.91001E+20,5.29603E+21,1.02155E+16,4.78112E+16
182302,9.17092E+18,9,7,63,0,2017,9,11,7,3,5,3,0,1,0,0,0,0,0,5.9817E+20,5.28772E+21,1.03094E+16,4.77353E+16
182303,9.17092E+18,9,7,62,0,2017,9,17,7,3,3,6,0,1,0,0,0,0,0,6.22513E+20,5.30793E+21,1.06396E+16,4.7913E+16
182304,9.17092E+18,9,7,62,0,2017,9,16,7,3,0,1,1,0,0,0,0,0,0,6.21908E+20,5.3062E+21,1.06311E+16,4.78975E+16
182305,9.17092E+18,9,7,61,0,2017,9,18,7,3,1,7,1,1,0,0,0,0,0,6.396E+20,5.35815E+21,1.08847E+16,4.83611E+16
182306,9.17092E+18,9,7,61,0,2017,9,4,7,3,0,1,1,0,0,0,0,2,0,6.40742E+20,5.35831E+21,1.09001E+16,4.83622E+16
182307,9.17092E+18,9,6,63,0,2017,9,1,7,2,6,2,0,1,1,0,0,2,1,5.66864E+20,5.51691E+21,9.92916E+15,4.9801E+16
182308,9.17092E+18,9,6,77,157,2017,9,9,7,2,6,4,0,1,1,0,0,0,0,5.43501E+20,5.52165E+21,9.60505E+15,4.98456E+16
182309,9.17092E+18,9,6,72,122,2017,9,19,7,3,8,1,0,1,0,0,0,0,0,5.77542E+20,5.5558E+21,1.00854E+16,5.01494E+16
182310,9.17092E+18,9,6,74,210,2017,9,13,7,3,5,3,0,1,0,0,1,0,0,6.32909E+20,5.54944E+21,1.08578E+16,5.00824E+16
182311,9.17092E+18,9,6,62,0,2017,9,14,7,3,5,3,0,1,0,0,0,0,0,5.87238E+20,5.54178E+21,1.02178E+16,5.00219E+16
182312,9.17092E+18,9,6,62,0,2017,9,13,7,2,6,7,0,1,1,0,0,0,0,5.86586E+20,5.54444E+21,1.02093E+16,5.0046E+16
182313,9.17092E+18,9,5,64,0,2017,9,12,7,3,5,3,0,1,0,0,0,0,0,6.48847E+20,5.47951E+21,1.10537E+16,4.945E+16
182314,9.17092E+18,9,5,64,0,2017,9,16,7,2,0,1,1,0,0,0,0,0,0,6.50031E+20,5.48012E+21,1.10702E+16,4.94552E+16
182315,9.17092E+18,9,4,79,136,2017,9,0,7,3,5,3,0,1,0,0,0,1,0,7.20746E+20,5.5433E+21,1.20805E+16,5.00011E+16
182316,9.17092E+18,9,4,62,0,2017,9,17,7,3,2,6,0,1,0,0,0,0,0,6.82543E+20,5.53491E+21,1.1544E+16,4.99386E+16
182317,9.17092E+18,9,4,71,220,2017,9,14,7,3,0,1,0,0,0,1,0,0,0,6.12236E+20,5.51429E+21,1.05587E+16,4.97706E+16
182318,9.17092E+18,9,3,75,181,2017,9,18,7,2,0,1,1,0,0,0,0,0,0,7.21365E+20,5.43376E+21,1.20277E+16,4.9017E+16
182319,9.17092E+18,9,3,62,0,2017,9,11,7,3,0,7,0,1,0,0,0,0,1,7.23989E+20,5.43279E+21,1.2063E+16,4.90073E+16
182320,9.17092E+18,9,3,62,0,2017,9,13,7,3,4,2,0,1,0,0,0,0,1,7.32628E+20,5.43257E+21,1.21808E+16,4.90022E+16
182321,9.17092E+18,9,2,62,0,2017,9,17,7,3,2,6,0,1,0,0,1,0,0,8.27536E+20,5.38886E+21,1.34403E+16,4.85671E+16
182322,9.17092E+18,9,2,75,150,2017,9,11,7,1,5,3,0,1,0,0,0,0,1,8.3554E+20,5.39203E+21,1.3551E+16,4.85913E+16
182323,9.17092E+18,9,2,77,116,2017,9,6,7,2,0,7,0,1,1,0,0,2,0,7.77385E+20,5.36794E+21,1.27482E+16,4.84035E+16
182324,9.17092E+18,9,2,61,0,2017,9,14,7,3,1,6,0,1,0,0,1,0,0,7.31186E+20,5.38121E+21,1.21323E+16,4.85413E+16
182325,9.17092E+18,9,2,61,0,2017,9,8,7,3,1,7,1,1,0,0,0,0,0,7.32491E+20,5.3805E+21,1.21496E+16,4.85345E+16
182326,9.17092E+18,9,2,61,0,2017,9,13,7,3,8,6,0,0,0,1,1,0,0,7.33384E+20,5.37951E+21,1.21611E+16,4.85253E+16
182327,9.17092E+18,9,2,74,126,2017,9,1,7,2,0,1,1,0,0,0,0,2,0,7.35074E+20,5.38505E+21,1.21871E+16,4.85744E+16
182328,9.17092E+18,9,1,90,157,2017,9,11,7,3,0,3,1,1,0,0,0,0,1,6.60106E+20,5.30049E+21,1.11397E+16,4.78378E+16
182329,9.17092E+18,9,1,71,113,2017,9,10,7,2,5,3,0,1,0,0,0,0,1,7.77049E+20,5.34016E+21,1.27254E+16,4.81542E+16
182330,9.17092E+18,9,1,86,143,2017,9,18,7,3,5,3,1,1,0,0,0,1,1,6.84726E+20,5.378E+21,1.15021E+16,4.85279E+16
182331,9.17092E+18,9,1,86,143,2017,9,18,7,3,9,7,1,1,0,0,0,0,0,6.85534E+20,5.37811E+21,1.15131E+16,4.85287E+16
182332,9.17092E+18,9,1,61,0,2017,9,13,7,3,5,3,0,1,0,0,0,0,0,6.79788E+20,5.40137E+21,1.14454E+16,4.87394E+16
182333,9.17092E+18,9,1,88,113,2017,9,11,7,3,0,3,0,1,0,1,0,0,1,6.75934E+20,5.31517E+21,1.1357E+16,4.79657E+16
182334,9.17092E+18,9,1,79,142,2017,9,19,7,2,0,7,0,0,0,0,1,2,0,6.73289E+20,5.34344E+21,1.13331E+16,4.82205E+16
182335,9.17092E+18,9,1,77,117,2017,9,14,7,3,0,1,1,0,0,0,0,0,0,7.14827E+20,5.35359E+21,1.18968E+16,4.8299E+16
182336,9.17092E+18,9,1,62,0,2017,9,16,6,3,4,6,1,0,0,0,0,0,0,6.91644E+20,5.33379E+21,1.15756E+16,4.81285E+16
182337,9.17092E+18,9,1,62,0,2017,9,23,6,3,4,2,1,0,0,1,0,2,0,6.9036E+20,5.33388E+21,1.15584E+16,4.81297E+16
182338,9.17092E+18,9,1,62,0,2017,9,11,6,3,5,3,1,1,0,0,0,0,0,6.92717E+20,5.33882E+21,1.15923E+16,4.81734E+16
182339,9.17092E+18,9,1,62,0,2017,9,13,6,3,2,2,0,1,0,0,0,0,0,6.88667E+20,5.33315E+21,1.15354E+16,4.81236E+16
182340,9.17092E+18,9,1,62,0,2017,9,10,6,3,0,4,1,0,1,0,0,0,1,6.92335E+20,5.33778E+21,1.15867E+16,4.81642E+16
182341,9.17092E+18,9,1,62,0,2017,9,15,6,3,3,6,1,1,0,1,0,0,0,6.93524E+20,5.33517E+21,1.16015E+16,4.81404E+16
182342,9.17092E+18,9,1,62,0,2017,9,12,6,3,6,4,0,1,1,0,0,0,0,6.96606E+20,5.33851E+21,1.16444E+16,4.81694E+16
182343,9.17092E+18,9,1,62,0,2017,9,9,6,3,6,2,0,1,1,0,0,0,0,6.86693E+20,5.32976E+21,1.15074E+16,4.80938E+16
182344,9.17092E+18,9,1,84,149,2017,9,12,6,3,5,3,1,1,0,0,0,0,0,6.90887E+20,5.35115E+21,1.15732E+16,4.82847E+16
182345,9.17092E+18,9,1,62,0,2017,9,13,6,3,5,3,1,1,0,0,0,0,0,6.91248E+20,5.33243E+21,1.15697E+16,4.81163E+16
182346,9.17092E+18,9,1,62,0,2017,9,3,6,2,6,7,0,1,1,0,0,2,0,6.90482E+20,5.33344E+21,1.15598E+16,4.81257E+16
182347,9.17092E+18,9,1,62,0,2017,9,12,6,2,5,3,0,1,0,1,0,0,0,6.87763E+20,5.33815E+21,1.15254E+16,4.81688E+16
182348,9.17092E+18,9,1,62,0,2017,9,7,6,3,5,3,0,1,0,0,0,0,0,6.88059E+20,5.33278E+21,1.1527E+16,4.81205E+16
182349,9.17092E+18,9,1,62,0,2017,9,16,6,3,5,2,1,1,0,0,0,0,0,6.89126E+20,5.3331E+21,1.15415E+16,4.8123E+16
182350,9.17092E+18,9,1,62,0,2017,9,16,6,3,0,1,0,0,0,1,0,0,0,6.9051E+20,5.33294E+21,1.156E+16,4.81212E+16
182351,9.17092E+18,9,1,62,0,2017,9,17,6,3,1,1,1,1,0,0,0,0,0,6.89033E+20,5.3345E+21,1.15409E+16,4.81357E+16
182352,9.17092E+18,9,1,62,0,2017,9,20,6,3,1,6,0,1,0,0,0,2,1,6.90686E+20,5.33621E+21,1.15638E+16,4.81505E+16
182353,9.17092E+18,9,7,75,152,2017,9,16,6,3,0,1,0,0,0,1,0,0,0,5.78309E+20,5.35182E+21,1.00562E+16,4.83147E+16
182354,9.17092E+18,9,7,64,0,2017,9,14,6,3,5,3,1,1,0,0,0,0,0,5.88782E+20,5.31401E+21,1.01896E+16,4.79733E+16
182355,9.17092E+18,9,7,74,135,2017,9,13,6,3,2,6,0,1,0,0,0,0,0,5.94693E+20,5.36753E+21,1.02807E+16,4.84538E+16
182356,9.17092E+18,9,7,74,121,2017,9,7,6,3,4,2,0,1,0,1,0,0,0,6.04089E+20,5.3656E+21,1.04073E+16,4.8435E+16
182357,9.17092E+18,9,7,63,0,2017,9,18,6,3,5,3,0,1,0,1,0,2,0,5.97684E+20,5.28587E+21,1.03025E+16,4.77189E+16
182358,9.17092E+18,9,7,77,159,2017,9,11,6,3,0,1,1,0,0,0,0,0,0,6.17618E+20,5.27268E+21,1.05646E+16,4.75969E+16
182359,9.17092E+18,9,7,79,194,2017,9,15,6,3,1,7,1,1,0,0,0,0,0,6.06751E+20,5.40768E+21,1.04541E+16,4.88129E+16
182360,9.17092E+18,9,7,79,148,2017,9,10,6,3,8,7,0,0,0,1,0,0,0,6.31562E+20,5.41086E+21,1.07929E+16,4.88368E+16
182361,9.17092E+18,9,7,73,182,2017,9,15,6,3,5,3,1,1,0,0,0,0,0,6.24145E+20,5.38013E+21,1.06826E+16,4.8562E+16
182362,9.17092E+18,9,7,73,125,2017,9,20,6,3,5,2,1,1,0,0,0,1,0,6.08183E+20,5.38221E+21,1.04669E+16,4.85836E+16
182363,9.17092E+18,9,7,61,0,2017,9,13,6,2,6,7,1,0,1,0,0,0,0,6.40805E+20,5.35615E+21,1.09002E+16,4.83428E+16
182364,9.17092E+18,9,6,63,0,2017,9,16,6,3,5,3,1,1,0,0,0,0,0,5.68362E+20,5.51691E+21,9.94997E+15,4.98008E+16
182365,9.17092E+18,9,6,79,114,2017,9,14,6,2,6,4,0,0,1,0,1,0,0,5.7538E+20,5.48925E+21,1.00421E+16,4.95512E+16
182366,9.17092E+18,9,6,77,154,2017,9,16,6,2,8,1,0,0,0,1,0,0,0,5.43017E+20,5.51907E+21,9.59803E+15,4.98225E+16
182367,9.17092E+18,9,6,62,0,2017,9,7,6,3,8,7,0,0,0,1,0,0,1,5.87367E+20,5.54355E+21,1.022E+16,5.00378E+16
182368,9.17092E+18,9,6,76,144,2017,9,17,6,3,5,3,0,1,0,0,0,0,0,5.10117E+20,5.52857E+21,9.14091E+15,4.99094E+16