OBJECTID,UIDENTSTLA,ULAND,UREGBEZ,UKREIS,UGEMEINDE,UJAHR,UMONAT,USTUNDE,UWOCHENTAG,UKATEGORIE,UART,UTYP1,IstRad,IstPKW,IstFuss,IstKrad,IstSonstig,LICHT,STRZUSTAND,LINREFX,LINREFY,XGCSWGS84,YGCSWGS84
182369,9.17092E+18,9,6,76,116,2017,9,12,6,3,8,7,1,0,0,0,0,0,0,5.19028E+20,5.50608E+21,9.2639E+15,4.9707E+16
182370,9.17092E+18,9,6,71,135,2017,9,18,6,2,9,1,0,1,0,0,0,0,1,5.19147E+20,5.55097E+21,9.26778E+15,5.01107E+16
182371,9.17092E+18,9,5,62,0,2017,9,6,6,3,4,2,1,1,0,0,0,1,0,6.44983E+20,5.49397E+21,1.10057E+16,4.9581E+16
182372,9.17092E+18,9,5,65,0,2017,9,18,6,2,5,3,1,1,0,0,0,0,0,6.49587E+20,5.46538E+21,1.10585E+16,4.93228E+16
182373,9.17092E+18,9,5,74,155,2017,9,16,6,3,6,4,0,0,1,1,0,0,0,6.69377E+20,5.49231E+21,1.13422E+16,4.95596E+16
182374,9.17092E+18,9,5,73,120,2017,9,7,6,3,5,7,0,1,0,0,1,0,0,6.27298E+20,5.48393E+21,1.07579E+16,4.94947E+16
182375,9.17092E+18,9,5,64,0,2017,9,7,6,3,5,3,1,1,0,0,0,0,0,6.51879E+20,5.47899E+21,1.10953E+16,4.94446E+16
182376,9.17092E+18,9,5,64,0,2017,9,6,6,3,8,1,0,1,0,0,0,0,1,6.48663E+20,5.47863E+21,1.10508E+16,4.94421E+16
182377,9.17092E+18,9,5,64,0,2017,9,17,6,3,6,4,0,1,1,0,0,0,0,6.52644E+20,5.48207E+21,1.1107E+16,4.94721E+16
182378,9.17092E+18,9,4,79,136,2017,9,10,6,3,6,7,0,0,1,0,1,0,0,7.21375E+20,5.5442E+21,1.20898E+16,5.00089E+16
182379,9.17092E+18,9,4,61,0,2017,9,15,6,3,5,3,1,1,0,0,0,0,0,6.38332E+20,5.52814E+21,1.09259E+16,4.98897E+16
182380,9.17092E+18,9,3,62,0,2017,9,18,6,3,2,6,0,1,0,1,0,0,0,7.26782E+20,5.43362E+21,1.21016E+16,4.90138E+16
182381,9.17092E+18,9,3,62,0,2017,9,2,6,3,1,7,0,1,0,0,0,2,0,7.24646E+20,5.43417E+21,1.20728E+16,4.90195E+16
182382,9.17092E+18,9,3,62,0,2017,9,15,6,2,6,4,0,0,1,1,0,0,0,7.28263E+20,5.43694E+21,1.21237E+16,4.9043E+16
182383,9.17092E+18,9,3,73,151,2017,9,18,6,3,0,3,0,1,0,1,0,0,1,6.98317E+20,5.44865E+21,1.17202E+16,4.91586E+16
182384,9.17092E+18,9,3,71,151,2017,9,16,6,3,5,3,1,1,0,0,0,0,0,7.01137E+20,5.48563E+21,1.17774E+16,4.94899E+16
182385,9.17092E+18,9,3,61,0,2017,9,8,6,2,0,1,0,0,0,1,0,0,1,7.07437E+20,5.4815E+21,1.18622E+16,4.94508E+16
182386,9.17092E+18,9,2,78,148,2017,9,14,6,3,0,3,1,1,0,0,0,0,0,7.37608E+20,5.40724E+21,1.22341E+16,4.87727E+16
182387,9.17092E+18,9,2,71,146,2017,9,16,6,3,2,6,0,1,0,0,0,0,0,7.85835E+20,5.41124E+21,1.28919E+16,4.87884E+16
182388,9.17092E+18,9,2,77,116,2017,9,14,6,3,8,7,1,0,0,0,0,0,0,7.79388E+20,5.36824E+21,1.27754E+16,4.84053E+16
182389,9.17092E+18,9,2,77,116,2017,9,18,6,2,6,4,0,1,1,0,0,0,0,7.78184E+20,5.3682E+21,1.27591E+16,4.84055E+16
182390,9.17092E+18,9,2,61,0,2017,9,23,6,3,0,1,0,0,0,1,0,2,0,7.31317E+20,5.38316E+21,1.21351E+16,4.85588E+16
182391,9.17092E+18,9,2,74,194,2017,9,15,6,3,5,3,1,1,0,0,0,0,0,7.21389E+20,5.3779E+21,1.1998E+16,4.85152E+16
182392,9.17092E+18,9,2,61,0,2017,9,11,6,3,2,6,0,0,0,1,0,0,0,7.32272E+20,5.38243E+21,1.21477E+16,4.85519E+16
182393,9.17092E+18,9,1,90,139,2017,9,14,6,2,6,4,0,1,1,0,0,0,0,6.54745E+20,5.29518E+21,1.10662E+16,4.77913E+16
182394,9.17092E+18,9,1,80,117,2017,9,17,6,2,0,1,1,0,0,0,0,0,1,6.58392E+20,5.26325E+21,1.11033E+16,4.75034E+16
182395,9.17092E+18,9,1,87,162,2017,9,21,6,2,6,4,0,1,1,0,0,2,0,7.50508E+20,5.30506E+21,1.23487E+16,4.785E+16
182396,9.17092E+18,9,1,87,138,2017,9,21,6,3,0,7,0,1,0,0,0,2,1,7.55473E+20,5.30895E+21,1.24173E+16,4.7883E+16
182397,9.17092E+18,9,1,61,0,2017,9,18,6,3,0,3,0,1,0,0,1,1,0,6.77189E+20,5.40137E+21,1.14101E+16,4.87401E+16
182398,9.17092E+18,9,1,61,0,2017,9,11,6,3,6,4,1,0,1,0,0,0,0,6.77995E+20,5.40443E+21,1.14224E+16,4.87674E+16
182399,9.17092E+18,9,1,76,114,2017,9,15,6,2,6,7,0,1,1,0,0,0,0,6.80642E+20,5.43443E+21,1.14716E+16,4.90362E+16
182400,9.17092E+18,9,1,79,123,2017,9,13,6,3,5,3,1,0,0,0,1,0,0,6.77454E+20,5.33508E+21,1.13856E+16,4.81442E+16
182401,9.17092E+18,9,1,74,115,2017,9,14,6,3,5,3,1,1,0,0,0,0,1,6.83484E+20,5.34885E+21,1.14725E+16,4.82662E+16
182402,9.17092E+18,9,1,74,115,2017,9,13,6,3,8,1,1,0,0,0,0,0,0,6.80494E+20,5.34764E+21,1.14318E+16,4.82562E+16
182403,9.17092E+18,9,1,77,120,2017,9,6,6,2,6,4,0,1,1,0,0,0,0,7.24684E+20,5.3615E+21,1.20338E+16,4.83666E+16
182404,9.17092E+18,9,1,77,131,2017,9,11,6,3,6,4,1,0,1,0,0,0,0,7.11878E+20,5.3466E+21,1.18536E+16,4.82372E+16
182405,9.17092E+18,9,1,75,115,2017,9,10,6,2,5,3,0,1,0,1,0,0,0,7.19996E+20,5.3289E+21,1.19536E+16,4.80754E+16
182406,9.17091E+18,9,1,62,0,2017,9,11,5,3,3,6,0,1,0,0,0,0,1,6.93084E+20,5.33593E+21,1.15959E+16,4.81473E+16
182407,9.17091E+18,9,1,62,0,2017,9,17,5,3,4,3,0,1,0,0,0,0,1,7.00148E+20,5.33487E+21,1.16903E+16,4.81356E+16
182408,9.17091E+18,9,1,62,0,2017,9,17,5,3,6,7,0,1,1,0,0,0,1,6.93161E+20,5.3341E+21,1.15961E+16,4.81308E+16
182409,9.17091E+18,9,1,62,0,2017,9,11,5,3,2,6,0,1,0,0,0,0,1,6.86043E+20,5.33869E+21,1.15025E+16,4.81742E+16
182410,9.17091E+18,9,1,62,0,2017,9,14,5,3,6,4,1,0,1,0,0,0,1,6.86173E+20,5.33528E+21,1.15028E+16,4.81435E+16
182411,9.17091E+18,9,1,84,146,2017,9,15,5,3,0,7,0,0,0,1,0,0,1,6.96387E+20,5.32891E+21,1.1637E+16,4.80832E+16
182412,9.17091E+18,9,1,62,0,2017,9,16,5,3,5,2,1,1,0,0,0,0,1,6.90344E+20,5.33385E+21,1.15582E+16,4.81294E+16
182413,9.17091E+18,9,1,62,0,2017,9,18,5,3,3,5,1,1,0,0,0,1,0,6.94482E+20,5.33544E+21,1.16145E+16,4.81425E+16
182414,9.17091E+18,9,1,62,0,2017,9,13,5,3,3,2,0,1,0,0,1,0,1,6.91439E+20,5.33545E+21,1.15736E+16,4.81435E+16
182415,9.17091E+18,9,1,62,0,2017,9,16,5,3,6,7,1,0,1,0,0,0,0,6.91192E+20,5.33504E+21,1.15701E+16,4.81398E+16
182416,9.17091E+18,9,7,63,0,2017,9,20,5,3,8,1,1,0,0,0,0,2,0,5.97874E+20,5.28679E+21,1.03052E+16,4.77271E+16
182417,9.17091E+18,9,7,63,0,2017,9,5,5,3,5,3,0,1,0,0,0,2,1,5.9863E+20,5.28549E+21,1.0315E+16,4.77152E+16
182418,9.17091E+18,9,7,62,0,2017,9,8,5,1,6,4,0,1,1,0,0,0,0,6.21334E+20,5.30464E+21,1.06229E+16,4.78836E+16
182419,9.17091E+18,9,7,77,129,2017,9,15,5,3,2,6,0,1,0,0,0,0,1,6.28057E+20,5.27012E+21,1.07027E+16,4.75719E+16
182420,9.17091E+18,9,7,73,125,2017,9,10,5,2,0,7,0,1,0,0,0,0,1,6.09139E+20,5.38135E+21,1.04796E+16,4.85757E+16
182421,9.17091E+18,9,7,72,200,2017,9,8,5,3,5,3,0,1,0,0,0,0,0,6.30459E+20,5.33911E+21,1.07554E+16,4.81919E+16
182422,9.17091E+18,9,7,72,202,2017,9,12,5,2,6,4,0,1,1,0,0,0,1,6.36444E+20,5.35986E+21,1.08426E+16,4.83771E+16
182423,9.17091E+18,9,7,61,0,2017,9,9,5,3,5,3,0,1,0,0,1,0,0,6.39729E+20,5.35644E+21,1.08858E+16,4.83456E+16
182424,9.17091E+18,9,7,61,0,2017,9,13,5,3,0,7,0,0,0,1,0,0,1,6.41264E+20,5.35229E+21,1.09051E+16,4.8308E+16
182425,9.17091E+18,9,7,61,0,2017,9,11,5,3,9,1,0,1,0,0,0,0,1,6.40399E+20,5.35367E+21,1.08939E+16,4.83206E+16
182426,9.17091E+18,9,6,63,0,2017,9,18,5,3,5,3,0,1,0,0,0,0,0,5.70219E+20,5.51492E+21,9.97541E+15,4.97826E+16
182427,9.17091E+18,9,6,63,0,2017,9,7,5,3,0,1,1,1,0,0,0,0,1,5.69312E+20,5.51853E+21,9.96345E+15,4.98152E+16
182428,9.17091E+18,9,6,63,0,2017,9,16,5,3,2,6,0,1,0,0,0,0,1,5.68692E+20,5.51668E+21,9.95451E+15,4.97986E+16
182429,9.17091E+18,9,6,77,157,2017,9,16,5,3,1,6,0,1,0,0,1,0,1,5.44105E+20,5.52163E+21,9.61345E+15,4.98454E+16
182430,9.17091E+18,9,6,72,114,2017,9,7,5,3,6,7,0,1,1,0,0,0,1,5.77602E+20,5.56178E+21,1.00874E+16,5.02032E+16
182431,9.17091E+18,9,5,64,0,2017,9,17,5,3,6,4,0,1,1,0,0,0,0,6.48458E+20,5.47894E+21,1.10481E+16,4.9445E+16
182432,9.17091E+18,9,5,64,0,2017,9,10,5,3,5,5,1,1,0,0,0,0,1,6.5134E+20,5.48032E+21,1.10883E+16,4.94567E+16
182433,9.17091E+18,9,5,64,0,2017,9,13,5,3,5,5,0,1,0,0,0,0,1,6.55021E+20,5.4757E+21,1.11373E+16,4.94142E+16
182434,9.17091E+18,9,5,73,134,2017,9,18,5,3,5,3,0,1,0,1,0,1,1,6.39778E+20,5.48029E+21,1.09289E+16,4.94592E+16
182435,9.17091E+18,9,5,77,136,2017,9,7,5,2,4,2,0,1,0,1,0,1,1,6.27964E+20,5.4422E+21,1.07537E+16,4.91193E+16
182436,9.17091E+18,9,4,75,136,2017,9,13,5,3,2,6,0,1,0,0,0,0,1,6.95016E+20,5.56804E+21,1.17345E+16,5.02323E+16
182437,9.17091E+18,9,4,64,0,2017,9,12,5,3,1,5,1,1,0,0,0,0,1,7.0669E+20,5.5773E+21,1.19031E+16,5.03115E+16
182438,9.17091E+18,9,4,76,178,2017,9,9,5,3,1,5,1,1,0,0,0,0,1,6.62876E+20,5.57473E+21,1.12872E+16,5.03022E+16
182439,9.17091E+18,9,3,73,147,2017,9,6,5,3,4,6,1,0,0,0,0,2,1,6.79158E+20,5.46181E+21,1.14635E+16,4.92828E+16
182440,9.17091E+18,9,3,73,147,2017,9,17,5,3,5,7,1,1,0,0,0,0,0,6.78547E+20,5.46185E+21,1.14551E+16,4.92833E+16
182441,9.17091E+18,9,3,76,161,2017,9,18,5,3,5,3,0,1,0,0,0,0,0,7.26459E+20,5.4681E+21,1.21166E+16,4.93235E+16
182442,9.17091E+18,9,3,76,119,2017,9,17,5,3,0,7,0,0,0,1,0,0,1,7.21174E+20,5.45315E+21,1.20357E+16,4.91912E+16
182443,9.17091E+18,9,2,78,148,2017,9,11,5,3,8,1,0,0,0,1,0,0,0,7.36228E+20,5.40974E+21,1.22168E+16,4.87957E+16
182444,9.17091E+18,9,2,75,137,2017,9,16,5,3,5,3,0,1,0,0,0,0,1,8.41059E+20,5.38875E+21,1.36229E+16,4.8559E+16
182445,9.17091E+18,9,2,79,122,2017,9,15,5,3,2,6,0,1,0,0,0,0,1,7.7168E+20,5.39905E+21,1.26915E+16,4.86853E+16
182446,9.17091E+18,9,1,90,141,2017,9,13,5,3,6,3,0,1,1,0,0,0,1,6.78052E+20,5.29104E+21,1.13754E+16,4.77482E+16
182447,9.17091E+18,9,1,83,148,2017,9,11,5,3,1,7,0,1,0,0,1,0,0,7.5292E+20,5.34481E+21,1.24044E+16,4.82061E+16
182448,9.17091E+18,9,1,89,155,2017,9,13,5,3,1,7,1,1,0,0,0,0,0,7.71678E+20,5.30782E+21,1.26329E+16,4.78662E+16
182449,9.17091E+18,9,1,71,132,2017,9,7,5,2,6,4,1,0,1,0,0,0,0,7.65736E+20,5.35171E+21,1.25808E+16,4.82628E+16
182450,9.17091E+18,9,1,63,0,2017,9,9,5,3,2,6,1,1,0,0,0,0,0,7.3403E+20,5.30363E+21,1.2128E+16,4.78433E+16
182451,9.17091E+18,9,1,61,0,2017,9,12,5,3,5,3,1,1,0,0,0,0,1,6.78097E+20,5.40422E+21,1.14237E+16,4.87655E+16
182452,9.17091E+18,9,1,61,0,2017,9,7,5,3,2,6,1,1,0,0,0,0,0,6.78053E+20,5.40428E+21,1.14231E+16,4.87661E+16
182453,9.17091E+18,9,1,86,143,2017,9,18,5,3,1,5,1,1,0,0,0,0,0,6.84906E+20,5.37771E+21,1.15044E+16,4.85252E+16
182454,9.17091E+18,9,1,79,121,2017,9,15,5,3,2,7,0,1,0,0,1,0,0,6.66914E+20,5.33775E+21,1.12451E+16,4.8171E+16
182455,9.17091E+18,9,1,77,115,2017,9,14,5,3,6,6,0,1,1,0,0,0,1,7.35295E+20,5.35103E+21,1.2171E+16,4.82687E+16
182456,9.17091E+18,9,1,62,0,2017,9,14,4,3,0,6,0,1,0,1,0,0,1,6.91351E+20,5.33408E+21,1.15718E+16,4.81312E+16
182457,9.17091E+18,9,1,62,0,2017,9,17,4,3,4,7,0,1,0,1,0,0,1,6.89688E+20,5.33213E+21,1.15486E+16,4.81141E+16
182458,9.17091E+18,9,1,62,0,2017,9,17,4,3,5,3,0,1,0,0,0,0,1,6.97733E+20,5.3368E+21,1.16587E+16,4.81537E+16
182459,9.17091E+18,9,1,84,112,2017,9,10,4,3,5,3,0,1,0,1,0,0,1,7.02969E+20,5.33837E+21,1.17298E+16,4.81661E+16
182460,9.17091E+18,9,1,62,0,2017,9,15,4,2,0,7,0,0,0,0,1,0,0,6.975E+20,5.33258E+21,1.16537E+16,4.81158E+16
182461,9.17091E+18,9,1,62,0,2017,9,9,4,3,0,7,0,1,1,0,0,0,0,6.91234E+20,5.33415E+21,1.15703E+16,4.81318E+16
182462,9.17091E+18,9,1,62,0,2017,9,7,4,3,5,3,1,1,0,0,0,0,0,6.90129E+20,5.33757E+21,1.1557E+16,4.8163E+16
182463,9.17092E+18,9,7,80,133,2017,9,11,6,3,1,7,1,1,0,0,0,0,0,5.96533E+20,5.25144E+21,1.02796E+16,4.74093E+16
182464,9.17092E+18,9,7,73,113,2017,9,19,6,3,0,7,1,0,0,0,0,2,1,5.97367E+20,5.37782E+21,1.03193E+16,4.85459E+16
182465,9.17092E+18,9,7,71,130,2017,9,7,6,3,5,2,1,1,0,0,0,0,0,6.45948E+20,5.35738E+21,1.097E+16,4.83528E+16
182466,9.17092E+18,9,7,61,0,2017,9,19,6,3,5,3,0,1,0,0,0,2,0,6.38366E+20,5.35935E+21,1.08684E+16,4.83721E+16
182467,9.17092E+18,9,7,61,0,2017,9,19,6,3,5,3,1,0,0,0,0,0,0,6.38811E+20,5.36048E+21,1.08748E+16,4.83822E+16
182468,9.17092E+18,9,7,61,0,2017,9,15,6,3,0,1,1,0,0,0,0,0,0,6.40586E+20,5.35893E+21,1.08982E+16,4.83679E+16
182469,9.17092E+18,9,6,73,146,2017,9,12,6,3,1,7,0,1,0,0,0,0,0,5.84791E+20,5.57146E+21,1.01903E+16,5.02892E+16
182470,9.17092E+18,9,6,76,121,2017,9,16,6,3,0,7,0,0,0,0,1,0,0,5.11725E+20,5.52211E+21,9.1631E+15,4.98513E+16
182471,9.17092E+18,9,6,76,151,2017,9,15,6,3,0,7,1,0,0,0,0,0,0,5.18199E+20,5.51297E+21,9.25273E+15,4.97689E+16
182472,9.17092E+18,9,5,62,0,2017,9,22,6,3,5,3,1,1,0,0,0,2,0,6.42673E+20,5.49694E+21,1.09748E+16,4.96082E+16
182473,9.17092E+18,9,5,62,0,2017,9,11,6,3,2,6,0,1,0,1,0,0,0,6.44771E+20,5.49221E+21,1.10021E+16,4.95652E+16
182474,9.17092E+18,9,5,62,0,2017,9,8,6,3,0,7,1,0,0,0,0,0,0,6.46939E+20,5.49521E+21,1.10332E+16,4.95916E+16
182475,9.17092E+18,9,5,72,115,2017,9,13,6,3,1,7,1,1,0,0,0,0,0,6.46957E+20,5.50299E+21,1.10364E+16,4.96615E+16
182476,9.17092E+18,9,5,63,0,2017,9,13,6,3,5,3,0,1,0,0,0,0,0,6.41597E+20,5.48395E+21,1.09553E+16,4.94917E+16
182477,9.17092E+18,9,5,64,0,2017,9,21,6,3,1,7,0,1,0,0,0,2,0,6.50628E+20,5.47815E+21,1.10777E+16,4.94373E+16
182478,9.17092E+18,9,5,64,0,2017,9,12,6,3,3,6,0,1,0,0,0,0,0,6.51314E+20,5.4802E+21,1.10879E+16,4.94556E+16
182479,9.17092E+18,9,5,64,0,2017,9,1,6,3,9,1,0,1,0,0,0,2,0,6.52461E+20,5.48601E+21,1.1106E+16,4.95075E+16
182480,9.17092E+18,9,5,64,0,2017,9,15,6,3,5,3,1,1,0,0,0,0,0,6.4907E+20,5.47971E+21,1.10568E+16,4.94518E+16
182481,9.17092E+18,9,5,64,0,2017,9,14,6,3,5,2,1,1,0,0,0,0,0,6.48359E+20,5.47749E+21,1.10462E+16,4.9432E+16
182482,9.17092E+18,9,5,71,181,2017,9,19,6,2,4,6,0,1,0,0,1,2,0,5.88475E+20,5.47068E+21,1.0219E+16,4.93824E+16
182483,9.17092E+18,9,5,61,0,2017,9,16,6,2,6,4,0,1,1,0,0,0,0,6.14254E+20,5.46198E+21,1.05716E+16,4.92999E+16
182484,9.17092E+18,9,5,61,0,2017,9,12,6,2,4,2,0,1,0,1,0,0,0,6.13843E+20,5.46156E+21,1.05658E+16,4.92962E+16
182485,9.17092E+18,9,5,61,0,2017,9,14,6,2,6,7,0,1,1,0,0,0,0,6.14423E+20,5.46272E+21,1.05741E+16,4.93065E+16
182486,9.17092E+18,9,5,61,0,2017,9,13,6,3,0,1,1,0,0,0,0,0,0,6.13496E+20,5.46141E+21,1.0561E+16,4.92949E+16
182487,9.17092E+18,9,5,61,0,2017,9,20,6,3,6,4,0,1,1,0,0,2,0,6.14041E+20,5.46174E+21,1.05686E+16,4.92977E+16
182488,9.17092E+18,9,4,75,123,2017,9,14,6,3,5,3,0,1,0,0,0,0,0,7.0899E+20,5.58332E+21,1.19387E+16,5.03648E+16
182489,9.17092E+18,9,4,78,127,2017,9,16,6,2,0,1,1,0,0,0,0,0,0,6.54607E+20,5.55818E+21,1.11644E+16,5.01557E+16
182490,9.17092E+18,9,4,63,0,2017,9,7,6,3,4,6,1,0,0,1,0,0,0,6.40047E+20,5.56997E+21,1.0965E+16,5.02653E+16
182491,9.17092E+18,9,4,72,119,2017,9,16,6,3,5,3,0,1,0,0,0,0,0,6.87373E+20,5.53931E+21,1.16134E+16,4.99766E+16
182492,9.17092E+18,9,4,77,128,2017,9,14,6,3,5,3,1,1,0,0,0,0,0,6.7484E+20,5.55274E+21,1.14449E+16,5.01012E+16
182493,9.17092E+18,9,4,77,128,2017,9,11,6,3,5,3,0,1,0,0,1,0,0,6.72952E+20,5.55234E+21,1.14183E+16,5.00981E+16
182494,9.17092E+18,9,4,74,126,2017,9,7,6,2,4,3,1,1,0,0,0,0,0,6.47567E+20,5.51035E+21,1.10476E+16,4.97276E+16
182495,9.17092E+18,9,4,71,122,2017,9,16,6,3,5,3,1,0,0,0,1,0,0,6.16282E+20,5.52047E+21,1.06167E+16,4.98254E+16
182496,9.17092E+18,9,4,71,115,2017,9,13,6,2,8,1,0,0,0,1,0,0,0,6.30257E+20,5.54037E+21,1.08176E+16,5.00014E+16
182497,9.17092E+18,9,4,61,0,2017,9,7,6,3,0,7,0,1,0,0,0,0,0,6.36917E+20,5.52852E+21,1.09063E+16,4.98934E+16
182498,9.17092E+18,9,4,61,0,2017,9,8,6,3,5,3,1,1,0,0,0,0,0,6.36374E+20,5.52862E+21,1.08988E+16,4.98944E+16
182499,9.17092E+18,9,3,62,0,2017,9,9,6,3,5,3,1,1,0,0,0,0,0,7.26003E+20,5.43354E+21,1.20909E+16,4.90133E+16
182500,9.17092E+18,9,3,62,0,2017,9,7,6,3,2,6,0,1,0,0,0,0,0,7.28958E+20,5.43657E+21,1.2133E+16,4.90394E+16
182501,9.17092E+18,9,3,76,163,2017,9,10,6,3,5,3,0,1,0,0,0,0,0,7.27448E+20,5.47555E+21,1.21344E+16,4.93901E+16
182502,9.17092E+18,9,2,76,148,2017,9,10,6,3,5,3,0,1,0,1,0,0,0,8.09921E+20,5.4381E+21,1.32393E+16,4.90178E+16
182503,9.17092E+18,9,2,76,113,2017,9,23,6,2,9,1,0,1,0,0,0,2,0,7.92406E+20,5.45018E+21,1.30091E+16,4.91348E+16
182504,9.17092E+18,9,2,63,0,2017,9,9,6,3,0,1,1,0,0,0,0,0,0,7.62077E+20,5.42011E+21,1.25747E+16,4.88784E+16
182505,9.17092E+18,9,2,75,122,2017,9,17,6,3,7,7,1,0,0,0,0,0,0,8.22406E+20,5.38538E+21,1.33682E+16,4.85386E+16
182506,9.17092E+18,9,1,90,157,2017,9,17,6,3,8,7,1,0,0,0,0,0,0,6.59912E+20,5.30056E+21,1.11371E+16,4.78385E+16
182507,9.17092E+18,9,1,90,148,2017,9,10,6,3,3,6,1,1,0,0,0,0,0,6.40878E+20,5.29681E+21,1.08817E+16,4.78092E+16
182508,9.17092E+18,9,1,73,145,2017,9,22,6,2,9,1,0,1,0,0,0,2,0,6.90496E+20,5.2884E+21,1.15401E+16,4.77208E+16
182509,9.17092E+18,9,1,83,148,2017,9,19,6,3,8,7,1,0,0,0,0,2,0,7.52584E+20,5.34517E+21,1.24001E+16,4.82094E+16
182510,9.17092E+18,9,1,71,117,2017,9,18,6,3,6,7,0,1,1,0,0,1,0,7.66444E+20,5.33796E+21,1.25817E+16,4.81391E+16
182511,9.17092E+18,9,1,63,0,2017,9,7,6,3,0,1,1,0,0,0,0,0,0,7.334E+20,5.30635E+21,1.21211E+16,4.7868E+16
182512,9.17092E+18,9,1,82,116,2017,9,18,6,3,4,1,1,1,0,0,0,0,0,7.0557E+20,5.2933E+21,1.17432E+16,4.77603E+16
182513,9.17092E+18,9,1,85,143,2017,9,18,6,3,5,3,0,1,0,1,0,1,0,6.62801E+20,5.38622E+21,1.12086E+16,4.86078E+16
182514,9.17092E+18,9,1,79,118,2017,9,10,6,2,0,1,1,0,0,0,0,0,0,6.72982E+20,5.33705E+21,1.13264E+16,4.81632E+16
182515,9.17092E+18,9,1,81,130,2017,9,16,6,3,0,7,1,0,0,0,0,0,0,6.39238E+20,5.32433E+21,1.08687E+16,4.80571E+16
182516,9.17092E+18,9,1,81,130,2017,9,16,6,3,2,6,0,1,0,0,0,0,0,6.39755E+20,5.32416E+21,1.08756E+16,4.80554E+16
182517,9.17092E+18,9,1,81,130,2017,9,13,6,3,5,2,1,1,0,0,0,0,0,6.38781E+20,5.32288E+21,1.08621E+16,4.80441E+16
182518,9.17092E+18,9,1,81,130,2017,9,5,6,3,5,3,1,1,0,0,0,2,0,6.3866E+20,5.32503E+21,1.08611E+16,4.80634E+16
182519,9.17092E+18,9,1,75,132,2017,9,9,6,2,5,3,1,1,0,0,0,0,0,7.0753E+20,5.33178E+21,1.17879E+16,4.81055E+16
182520,9.17092E+18,9,1,77,117,2017,9,13,6,3,1,7,0,1,0,0,0,0,0,7.1477E+20,5.35473E+21,1.18966E+16,4.83093E+16
182521,9.17092E+18,9,1,75,113,2017,9,18,6,2,4,1,0,0,0,1,0,0,0,7.16943E+20,5.31518E+21,1.19058E+16,4.79531E+16
182522,9.17092E+18,9,1,62,0,2017,9,17,5,3,5,2,1,1,0,0,0,0,0,6.99625E+20,5.33283E+21,1.16823E+16,4.81174E+16
182523,9.17092E+18,9,1,62,0,2017,9,12,5,3,5,3,1,1,0,0,0,0,0,6.93516E+20,5.33563E+21,1.16016E+16,4.81444E+16
182524,9.17092E+18,9,1,62,0,2017,9,7,5,3,5,3,1,1,0,0,0,0,0,6.91719E+20,5.33241E+21,1.1576E+16,4.81161E+16
182525,9.17092E+18,9,1,62,0,2017,9,8,5,3,5,2,1,1,0,0,0,0,0,6.89651E+20,5.3326E+21,1.15483E+16,4.81184E+16
182526,9.17092E+18,9,1,62,0,2017,9,19,5,3,0,7,1,0,0,0,0,1,0,6.93754E+20,5.33768E+21,1.16057E+16,4.81628E+16
182527,9.17092E+18,9,1,62,0,2017,9,11,5,3,2,6,1,0,0,0,0,0,0,6.92473E+20,5.33711E+21,1.15882E+16,4.81581E+16
182528,9.17092E+18,9,1,62,0,2017,9,19,5,3,5,2,1,1,0,0,0,2,0,6.87212E+20,5.33243E+21,1.15155E+16,4.81176E+16
182529,9.17092E+18,9,1,62,0,2017,9,18,5,3,5,3,1,0,0,0,0,0,0,6.91027E+20,5.3373E+21,1.15689E+16,4.81602E+16
182530,9.17092E+18,9,1,62,0,2017,9,18,5,2,6,6,1,0,1,0,0,0,0,6.88331E+20,5.34073E+21,1.15342E+16,4.81918E+16
182531,9.17092E+18,9,1,62,0,2017,9,16,5,3,4,2,1,1,0,0,0,0,0,6.94042E+20,5.34181E+21,1.16115E+16,4.81999E+16
182532,9.17092E+18,9,1,62,0,2017,9,13,5,3,0,6,1,1,0,0,0,0,0,6.90125E+20,5.33474E+21,1.15556E+16,4.81375E+16
182533,9.17092E+18,9,1,62,0,2017,9,16,5,3,5,3,0,1,0,0,0,0,0,6.85824E+20,5.33338E+21,1.14973E+16,4.81265E+16
182534,9.17092E+18,9,1,84,136,2017,9,15,5,3,5,3,0,1,0,0,0,0,0,6.97763E+20,5.3257E+21,1.1654E+16,4.80539E+16
182535,9.17092E+18,9,1,62,0,2017,9,8,5,3,4,2,1,1,0,0,0,0,0,6.94585E+20,5.33417E+21,1.16153E+16,4.8131E+16
182536,9.17092E+18,9,1,62,0,2017,9,8,5,3,5,2,1,1,0,0,0,0,0,6.88949E+20,5.33336E+21,1.15392E+16,4.81255E+16
182537,9.17092E+18,9,1,62,0,2017,9,21,5,3,5,2,1,1,0,0,0,2,0,6.89577E+20,5.33352E+21,1.15477E+16,4.81267E+16
182538,9.17092E+18,9,1,62,0,2017,9,17,5,3,4,1,1,0,0,1,0,0,0,6.88505E+20,5.33824E+21,1.15354E+16,4.81694E+16
182539,9.17092E+18,9,7,78,171,2017,9,23,5,3,0,1,0,0,0,1,0,2,0,5.91447E+20,5.31585E+21,1.02257E+16,4.79894E+16
182540,9.17092E+18,9,7,64,0,2017,9,15,5,2,3,3,0,1,0,1,0,0,0,5.86891E+20,5.31581E+21,1.01646E+16,4.79897E+16