OBJECTID,UIDENTSTLA,ULAND,UREGBEZ,UKREIS,UGEMEINDE,UJAHR,UMONAT,USTUNDE,UWOCHENTAG,UKATEGORIE,UART,UTYP1,IstRad,IstPKW,IstFuss,IstKrad,IstSonstig,LICHT,STRZUSTAND,LINREFX,LINREFY,XGCSWGS84,YGCSWGS84
182884,9.17092E+18,9,6,71,141,2017,9,20,1,3,9,1,0,1,0,0,0,2,0,5.20759E+20,5.53088E+21,9.28923E+15,4.99299E+16
182885,9.17092E+18,9,6,61,0,2017,9,8,1,2,6,4,0,1,1,0,0,0,1,5.11221E+20,5.53489E+21,9.15646E+15,4.99663E+16
182886,9.17092E+18,9,5,76,143,2017,9,17,1,3,0,3,0,1,0,1,0,0,0,6.56459E+20,5.45426E+21,1.11487E+16,4.92211E+16
182887,9.17092E+18,9,5,64,0,2017,9,18,1,2,6,1,1,0,1,0,0,1,0,6.50709E+20,5.47943E+21,1.10793E+16,4.94488E+16
182888,9.17092E+18,9,5,64,0,2017,9,0,1,3,9,1,1,0,0,0,0,2,0,6.51411E+20,5.4803E+21,1.10893E+16,4.94564E+16
182889,9.17092E+18,9,5,64,0,2017,9,16,1,3,0,1,0,1,0,1,0,0,0,6.52038E+20,5.47929E+21,1.10976E+16,4.94472E+16
182890,9.17092E+18,9,5,64,0,2017,9,17,1,3,4,6,0,1,0,1,0,0,0,6.51429E+20,5.47661E+21,1.10882E+16,4.94233E+16
182891,9.17092E+18,9,5,71,145,2017,9,10,1,3,0,1,1,1,0,0,0,0,0,5.97022E+20,5.44726E+21,1.0331E+16,4.91704E+16
182892,9.17092E+18,9,5,75,179,2017,9,16,1,3,5,3,0,1,0,1,0,0,0,5.9124E+20,5.49259E+21,1.02621E+16,4.9579E+16
182893,9.17092E+18,9,4,79,136,2017,9,15,1,3,0,7,1,0,0,0,0,0,0,7.22939E+20,5.54636E+21,1.21128E+16,5.00278E+16
182894,9.17092E+18,9,4,61,0,2017,9,19,1,3,0,7,1,0,0,0,0,1,0,6.36522E+20,5.52874E+21,1.09009E+16,4.98955E+16
182895,9.17092E+18,9,3,72,124,2017,9,14,1,2,5,3,0,1,0,1,0,0,0,7.87445E+20,5.46919E+21,1.29548E+16,4.93077E+16
182896,9.17092E+18,9,3,75,174,2017,9,21,1,3,5,3,0,1,0,0,0,2,0,7.33336E+20,5.43021E+21,1.21891E+16,4.89807E+16
182897,9.17092E+18,9,3,75,127,2017,9,13,1,2,1,1,1,1,0,0,0,0,0,7.12458E+20,5.43542E+21,1.19069E+16,4.90351E+16
182898,9.17092E+18,9,3,76,161,2017,9,12,1,3,1,7,0,1,0,0,0,0,0,7.25003E+20,5.46811E+21,1.20966E+16,4.93242E+16
182899,9.17092E+18,9,2,71,111,2017,9,18,1,2,5,3,1,1,0,0,0,0,0,7.84969E+20,5.40531E+21,1.2876E+16,4.87355E+16
182900,9.17092E+18,9,2,62,0,2017,9,15,1,2,4,2,0,1,0,1,0,0,0,8.30578E+20,5.39171E+21,1.34836E+16,4.85911E+16
182901,9.17092E+18,9,2,75,116,2017,9,15,1,3,0,3,1,0,0,0,1,0,0,8.19513E+20,5.36465E+21,1.33133E+16,4.83541E+16
182902,9.17092E+18,9,2,72,145,2017,9,18,1,2,8,1,0,0,0,1,0,1,0,8.10005E+20,5.41819E+21,1.32253E+16,4.88392E+16
182903,9.17092E+18,9,2,73,116,2017,9,12,1,2,0,7,1,0,0,0,0,0,0,7.22549E+20,5.42469E+21,1.20389E+16,4.8935E+16
182904,9.17092E+18,9,1,71,113,2017,9,12,1,3,8,1,0,0,0,1,0,0,0,7.78418E+20,5.33574E+21,1.27409E+16,4.8114E+16
182905,9.17092E+18,9,1,87,130,2017,9,7,1,3,8,1,0,1,0,0,0,1,0,7.12312E+20,5.30854E+21,1.18405E+16,4.7895E+16
182906,9.17092E+18,9,1,87,179,2017,9,3,1,3,9,1,0,1,0,0,0,2,0,7.21542E+20,5.31494E+21,1.19671E+16,4.79494E+16
182907,9.17092E+18,9,1,79,142,2017,9,14,1,3,5,3,1,1,0,0,0,0,0,6.73333E+20,5.3436E+21,1.13337E+16,4.82219E+16
182908,9.17092E+18,9,1,79,134,2017,9,17,1,2,5,3,0,1,1,0,0,0,0,6.6511E+20,5.34344E+21,1.12231E+16,4.82227E+16
182909,9.17092E+18,9,1,81,132,2017,9,16,1,3,0,1,0,0,0,1,0,0,0,6.4334E+20,5.32604E+21,1.09243E+16,4.80715E+16
182910,9.17092E+18,9,1,79,126,2017,9,18,1,3,0,7,1,0,0,0,0,1,0,6.76611E+20,5.34064E+21,1.13766E+16,4.81944E+16
182911,9.17092E+18,9,1,79,119,2017,9,5,1,3,7,1,0,1,0,0,0,2,0,6.69414E+20,5.33954E+21,1.12794E+16,4.81865E+16
182912,9.17092E+18,9,1,74,115,2017,9,12,1,3,5,3,0,1,0,1,0,0,0,6.80813E+20,5.34866E+21,1.14365E+16,4.82653E+16
182913,9.17092E+18,9,1,74,115,2017,9,16,1,3,4,6,0,1,0,1,0,0,0,6.81722E+20,5.34759E+21,1.14483E+16,4.82555E+16
182914,9.17092E+18,9,1,78,130,2017,9,21,1,3,2,6,1,0,0,1,0,2,0,7.02703E+20,5.35459E+21,1.1734E+16,4.8312E+16
182915,9.17092E+18,9,1,75,113,2017,9,5,1,2,7,1,0,1,0,0,0,2,0,7.16381E+20,5.31579E+21,1.18985E+16,4.79589E+16
182916,9.17092E+18,9,1,62,0,2017,9,1,7,3,9,1,0,1,0,0,0,2,0,6.93128E+20,5.3413E+21,1.15989E+16,4.81955E+16
182917,9.17092E+18,9,1,62,0,2017,9,11,7,3,5,2,0,1,0,0,0,0,0,6.83181E+20,5.34074E+21,1.1465E+16,4.81934E+16
182918,9.17092E+18,9,1,62,0,2017,9,9,7,3,5,3,0,1,0,0,0,0,0,6.87888E+20,5.33412E+21,1.15253E+16,4.81326E+16
182919,9.17092E+18,9,1,62,0,2017,9,10,7,3,0,1,0,0,0,1,0,0,0,6.91359E+20,5.33407E+21,1.15719E+16,4.81311E+16
182920,9.17092E+18,9,1,62,0,2017,9,23,7,3,3,6,1,1,0,0,0,2,0,6.92208E+20,5.33491E+21,1.15837E+16,4.81384E+16
182921,9.17092E+18,9,1,62,0,2017,9,10,7,3,4,2,0,1,0,0,0,0,0,6.90722E+20,5.33814E+21,1.15652E+16,4.81679E+16
182922,9.17092E+18,9,1,62,0,2017,9,14,7,3,4,3,0,1,0,0,0,0,0,6.90698E+20,5.33815E+21,1.15649E+16,4.8168E+16
182923,9.17092E+18,9,1,62,0,2017,9,9,7,3,5,3,1,1,0,0,0,0,0,6.97794E+20,5.33381E+21,1.16582E+16,4.81268E+16
182924,9.17092E+18,9,1,62,0,2017,9,13,7,3,4,7,0,1,0,0,0,0,0,7.00655E+20,5.33295E+21,1.16962E+16,4.81182E+16
182925,9.17092E+18,9,1,62,0,2017,9,0,7,3,6,7,0,1,1,0,0,2,0,7.00341E+20,5.33239E+21,1.16917E+16,4.81132E+16
182926,9.17092E+18,9,1,62,0,2017,9,20,7,3,0,7,1,0,0,0,0,2,0,6.89566E+20,5.33318E+21,1.15474E+16,4.81237E+16
182927,9.17092E+18,9,1,62,0,2017,9,13,7,3,1,5,1,1,0,0,0,0,0,6.90352E+20,5.33457E+21,1.15586E+16,4.81359E+16
182928,9.17092E+18,9,7,75,152,2017,9,15,7,3,2,7,0,1,0,0,0,0,0,5.77623E+20,5.35321E+21,1.00472E+16,4.83273E+16
182929,9.17092E+18,9,7,78,186,2017,9,17,7,2,1,1,1,1,0,0,0,0,0,5.97486E+20,5.31031E+21,1.03053E+16,4.79387E+16
182930,9.17092E+18,9,7,75,129,2017,9,11,7,2,5,3,0,1,0,1,0,0,0,5.8017E+20,5.34324E+21,1.00797E+16,4.82373E+16
182931,9.17092E+18,9,7,74,178,2017,9,12,7,3,0,7,1,0,0,0,1,0,0,6.06934E+20,5.36483E+21,1.04455E+16,4.84275E+16
182932,9.17092E+18,9,7,80,139,2017,9,16,7,3,4,6,1,1,0,0,0,0,0,5.99539E+20,5.26251E+21,1.03219E+16,4.75084E+16
182933,9.17092E+18,9,7,80,133,2017,9,16,7,3,0,1,0,0,0,0,1,0,0,5.97405E+20,5.25089E+21,1.0291E+16,4.74042E+16
182934,9.17092E+18,9,7,63,0,2017,9,23,7,3,3,7,0,1,0,0,0,2,0,5.98631E+20,5.28549E+21,1.0315E+16,4.77152E+16
182935,9.17092E+18,9,7,71,163,2017,9,13,7,3,5,3,1,0,0,0,0,0,0,6.42501E+20,5.3444E+21,1.09192E+16,4.82368E+16
182936,9.17092E+18,9,7,61,0,2017,9,22,7,2,1,6,0,1,0,0,0,2,0,6.38166E+20,5.36065E+21,1.08661E+16,4.83839E+16
182937,9.17092E+18,9,7,61,0,2017,9,22,7,3,2,6,0,1,0,0,0,2,0,6.39298E+20,5.36178E+21,1.08818E+16,4.83938E+16
182938,9.17092E+18,9,7,71,113,2017,9,16,7,3,3,6,1,0,0,0,0,0,0,6.58109E+20,5.37265E+21,1.11398E+16,4.84871E+16
182939,9.17092E+18,9,6,79,155,2017,9,14,7,3,0,7,1,0,0,0,0,0,0,5.6077E+20,5.50589E+21,9.84277E+15,4.97024E+16
182940,9.17092E+18,9,6,75,161,2017,9,14,7,2,5,3,1,1,0,0,0,0,0,5.89774E+20,5.50921E+21,1.02457E+16,4.97287E+16
182941,9.17092E+18,9,6,73,141,2017,9,13,7,2,0,1,1,0,0,0,0,0,0,6.0449E+20,5.57307E+21,1.04672E+16,5.03005E+16
182942,9.17092E+18,9,6,78,170,2017,9,13,7,3,0,1,0,0,0,1,0,0,0,5.85177E+20,5.53357E+21,1.01873E+16,4.99484E+16
182943,9.17092E+18,9,6,71,140,2017,9,21,7,3,8,1,0,0,0,1,0,2,0,5.07533E+20,5.53694E+21,9.10508E+15,4.99847E+16
182944,9.17092E+18,9,5,74,128,2017,9,18,7,3,9,7,0,1,0,0,0,0,0,6.7894E+20,5.48516E+21,1.1471E+16,4.94927E+16
182945,9.17092E+18,9,5,64,0,2017,9,11,7,3,4,2,0,1,0,1,0,0,0,6.54616E+20,5.47463E+21,1.11313E+16,4.94047E+16
182946,9.17092E+18,9,5,64,0,2017,9,15,7,3,4,3,0,1,0,1,0,0,0,6.50162E+20,5.47842E+21,1.10714E+16,4.94399E+16
182947,9.17092E+18,9,5,61,0,2017,9,16,7,3,1,6,1,1,0,0,0,0,0,6.15016E+20,5.46194E+21,1.0582E+16,4.92993E+16
182948,9.17092E+18,9,4,74,126,2017,9,10,7,3,0,7,1,1,0,0,0,0,0,6.48431E+20,5.50958E+21,1.10593E+16,4.97204E+16
182949,9.17092E+18,9,4,61,0,2017,9,21,7,3,7,7,1,0,0,0,0,2,0,6.37843E+20,5.52689E+21,1.09186E+16,4.98786E+16
182950,9.17092E+18,9,4,61,0,2017,9,14,7,3,0,7,1,0,0,0,0,0,0,6.36018E+20,5.52889E+21,1.08939E+16,4.9897E+16
182951,9.17092E+18,9,3,74,168,2017,9,13,7,3,2,2,0,1,0,0,0,0,0,7.26769E+20,5.52176E+21,1.21518E+16,4.98053E+16
182952,9.17092E+18,9,3,73,160,2017,9,15,7,3,5,3,0,1,0,1,0,0,0,6.90073E+20,5.4518E+21,1.16087E+16,4.91895E+16
182953,9.17092E+18,9,3,73,146,2017,9,18,7,2,8,1,0,0,0,1,0,0,0,6.8101E+20,5.44939E+21,1.14834E+16,4.91706E+16
182954,9.17092E+18,9,2,76,148,2017,9,15,7,3,0,1,1,0,0,0,0,0,0,8.07425E+20,5.44026E+21,1.32069E+16,4.90385E+16
182955,9.17092E+18,9,2,71,125,2017,9,10,7,3,0,1,0,0,0,1,0,0,0,8.01448E+20,5.40781E+21,1.31014E+16,4.87502E+16
182956,9.17092E+18,9,2,77,138,2017,9,13,7,3,5,3,1,1,0,0,0,0,0,7.9219E+20,5.37163E+21,1.29503E+16,4.84299E+16
182957,9.17092E+18,9,2,75,144,2017,9,17,7,3,0,7,1,0,0,0,0,0,0,8.22504E+20,5.40012E+21,1.3381E+16,4.86707E+16
182958,9.17092E+18,9,2,61,0,2017,9,17,7,3,0,1,1,0,0,0,0,0,0,7.32088E+20,5.38068E+21,1.21442E+16,4.85363E+16
182959,9.17092E+18,9,1,80,117,2017,9,2,7,2,1,5,0,1,0,1,0,2,0,6.58742E+20,5.26177E+21,1.11074E+16,4.749E+16
182960,9.17092E+18,9,1,87,167,2017,9,16,7,3,5,3,1,1,0,0,0,0,0,7.41595E+20,5.30429E+21,1.22293E+16,4.78465E+16
182961,9.17092E+18,9,1,87,120,2017,9,13,7,2,0,1,1,0,0,0,0,0,0,7.32805E+20,5.292E+21,1.21054E+16,4.77393E+16
182962,9.17092E+18,9,1,61,0,2017,9,15,7,3,6,4,0,1,1,0,0,0,0,6.76931E+20,5.40539E+21,1.14083E+16,4.87763E+16
182963,9.17092E+18,9,1,85,158,2017,9,17,7,2,5,2,1,1,0,0,0,0,0,6.67164E+20,5.38008E+21,1.12653E+16,4.85515E+16
182964,9.17092E+18,9,1,76,111,2017,9,10,7,3,5,3,0,1,0,0,0,0,0,6.64233E+20,5.41474E+21,1.12394E+16,4.88639E+16
182965,9.17092E+18,9,1,88,139,2017,9,14,7,2,5,6,1,0,0,0,0,0,0,6.77694E+20,5.32241E+21,1.13836E+16,4.80302E+16
182966,9.17092E+18,9,1,81,128,2017,9,18,7,2,5,3,0,1,0,1,0,0,0,6.39484E+20,5.3305E+21,1.0874E+16,4.81125E+16
182967,9.17092E+18,9,1,79,123,2017,9,11,7,3,5,3,0,1,0,0,0,0,0,6.76713E+20,5.33217E+21,1.13744E+16,4.81182E+16
182968,9.17092E+18,9,1,62,0,2017,9,13,6,3,5,3,1,1,0,0,0,0,0,6.96769E+20,5.33073E+21,1.1643E+16,4.80994E+16
182969,9.17092E+18,9,1,62,0,2017,9,14,6,3,4,7,0,1,0,1,0,0,0,6.88397E+20,5.33432E+21,1.15322E+16,4.81342E+16
182970,9.17092E+18,9,1,62,0,2017,9,9,6,3,1,6,0,1,0,0,1,0,0,6.90358E+20,5.33394E+21,1.15584E+16,4.81302E+16
182971,9.17092E+18,9,1,84,148,2017,9,10,6,3,0,7,0,0,0,0,1,0,0,6.95283E+20,5.3269E+21,1.16213E+16,4.80655E+16
182972,9.17092E+18,9,1,62,0,2017,9,17,6,3,2,7,0,1,0,0,0,0,0,6.86109E+20,5.33486E+21,1.15018E+16,4.81397E+16
182973,9.17092E+18,9,1,62,0,2017,9,9,6,3,4,7,0,1,0,0,0,0,0,6.92074E+20,5.33495E+21,1.15819E+16,4.81388E+16
182974,9.17092E+18,9,1,62,0,2017,9,19,6,1,8,1,0,0,0,1,0,2,0,6.96616E+20,5.33314E+21,1.1642E+16,4.81211E+16
182975,9.17092E+18,9,1,62,0,2017,9,18,6,3,1,6,0,1,0,0,0,0,0,6.8663E+20,5.33647E+21,1.15095E+16,4.81541E+16
182976,9.17092E+18,9,1,62,0,2017,9,7,6,1,8,1,0,0,0,1,0,0,0,6.83454E+20,5.33417E+21,1.14658E+16,4.81343E+16
182977,9.17092E+18,9,1,62,0,2017,9,13,6,2,3,6,1,0,0,0,0,0,0,6.91455E+20,5.33397E+21,1.15731E+16,4.81301E+16
182978,9.17092E+18,9,1,62,0,2017,9,14,6,3,0,7,0,0,0,1,0,0,0,6.89895E+20,5.3426E+21,1.15561E+16,4.82082E+16
182979,9.17092E+18,9,1,62,0,2017,9,7,6,3,6,2,0,1,1,0,0,0,0,6.87468E+20,5.33579E+21,1.15204E+16,4.81477E+16
182980,9.17092E+18,9,1,62,0,2017,9,16,6,3,5,3,1,1,0,0,0,0,0,6.87195E+20,5.33348E+21,1.15157E+16,4.8127E+16
182981,9.17092E+18,9,1,62,0,2017,9,13,6,2,6,7,1,0,1,0,0,0,0,6.88672E+20,5.33314E+21,1.15354E+16,4.81236E+16
182982,9.17092E+18,9,1,62,0,2017,9,16,6,3,0,2,1,1,0,0,0,0,0,6.89699E+20,5.33192E+21,1.15487E+16,4.81122E+16
182983,9.17092E+18,9,7,75,143,2017,9,15,6,3,4,3,1,1,0,0,0,0,0,5.90015E+20,5.35619E+21,1.0215E+16,4.83524E+16
182984,9.17092E+18,9,7,78,136,2017,9,7,6,2,4,6,0,1,0,0,0,0,0,6.006E+20,5.32502E+21,1.03505E+16,4.80706E+16
182985,9.17093E+18,9,6,61,0,2017,9,22,7,3,1,1,0,1,0,0,1,2,1,5.11122E+20,5.53502E+21,9.15508E+15,4.99675E+16
182986,9.17093E+18,9,6,71,114,2017,9,13,7,3,0,1,1,0,0,0,0,0,0,5.02501E+20,5.54251E+21,9.03492E+15,5.00349E+16
182987,9.17093E+18,9,5,62,0,2017,9,14,7,3,0,7,1,0,0,0,0,0,0,6.44749E+20,5.49554E+21,1.1003E+16,4.95951E+16
182988,9.17093E+18,9,5,63,0,2017,9,22,7,3,5,3,0,1,0,0,0,2,1,6.41677E+20,5.48274E+21,1.0956E+16,4.94807E+16
182989,9.17093E+18,9,5,63,0,2017,9,10,7,3,5,3,0,1,0,1,0,0,0,6.44476E+20,5.47893E+21,1.09932E+16,4.94459E+16
182990,9.17093E+18,9,5,64,0,2017,9,13,7,3,3,6,0,1,0,0,0,0,0,6.5458E+20,5.47716E+21,1.11318E+16,4.94275E+16
182991,9.17093E+18,9,5,64,0,2017,9,15,7,3,5,3,0,1,0,1,0,0,0,6.5018E+20,5.47933E+21,1.1072E+16,4.94481E+16
182992,9.17093E+18,9,5,64,0,2017,9,18,7,3,2,6,0,1,0,0,0,1,0,6.503E+20,5.47904E+21,1.10735E+16,4.94454E+16
182993,9.17093E+18,9,5,64,0,2017,9,21,7,3,0,1,1,0,0,0,0,2,0,6.49519E+20,5.48052E+21,1.10633E+16,4.94589E+16
182994,9.17093E+18,9,5,64,0,2017,9,13,7,2,0,1,1,0,0,0,0,0,0,6.51443E+20,5.47917E+21,1.10893E+16,4.94463E+16
182995,9.17093E+18,9,5,73,127,2017,9,9,7,2,0,6,1,0,0,0,0,0,0,6.46047E+20,5.47509E+21,1.10134E+16,4.94109E+16
182996,9.17093E+18,9,5,75,165,2017,9,14,7,2,8,1,0,0,0,1,0,0,0,6.03646E+20,5.4976E+21,1.0435E+16,4.9622E+16
182997,9.17093E+18,9,6,63,0,2017,9,18,7,3,0,1,0,0,0,1,0,1,1,5.68559E+20,5.51648E+21,9.95263E+15,4.97969E+16
182998,9.17093E+18,9,6,75,139,2017,9,17,7,3,0,7,0,0,0,0,1,1,0,5.91018E+20,5.50672E+21,1.02623E+16,4.97061E+16
182999,9.17093E+18,9,6,76,134,2017,9,21,7,3,1,5,0,1,0,1,0,2,1,5.1335E+20,5.5137E+21,9.18541E+15,4.97757E+16
183000,9.17093E+18,9,5,71,165,2017,9,17,7,3,4,2,0,1,0,0,0,0,0,6.30147E+20,5.46689E+21,1.07917E+16,4.93408E+16
183001,9.17093E+18,9,5,71,127,2017,9,8,7,3,5,3,0,1,0,0,0,0,0,6.15841E+20,5.45575E+21,1.05916E+16,4.92435E+16
183002,9.17093E+18,9,4,62,0,2017,9,18,7,3,5,2,1,1,0,0,0,0,0,6.83751E+20,5.53306E+21,1.15599E+16,4.99217E+16
183003,9.17093E+18,9,4,61,0,2017,9,21,7,3,0,7,1,0,0,0,0,2,1,6.35697E+20,5.529E+21,1.08895E+16,4.9898E+16
183004,9.17093E+18,9,4,61,0,2017,9,17,7,3,5,3,1,1,0,0,0,1,0,6.34456E+20,5.52947E+21,1.08724E+16,4.99025E+16
183005,9.17093E+18,9,4,61,0,2017,9,14,7,3,0,7,1,0,0,0,0,0,0,6.35982E+20,5.52865E+21,1.08933E+16,4.98947E+16
183006,9.17093E+18,9,4,61,0,2017,9,14,7,3,0,5,1,1,0,0,0,0,0,6.35788E+20,5.52868E+21,1.08906E+16,4.98951E+16
183007,9.17093E+18,9,3,77,141,2017,9,18,7,3,2,6,0,0,0,1,0,0,0,7.29088E+20,5.5371E+21,1.2193E+16,4.99423E+16
183008,9.17093E+18,9,3,62,0,2017,9,16,7,3,0,3,0,1,0,1,0,0,0,7.27392E+20,5.43145E+21,1.21087E+16,4.89941E+16
183009,9.17093E+18,9,3,76,150,2017,9,23,7,3,8,1,0,0,0,1,0,2,0,7.28362E+20,5.49229E+21,1.21567E+16,4.95401E+16
183010,9.17093E+18,9,2,76,148,2017,9,10,7,3,5,3,0,1,0,1,0,0,0,8.10295E+20,5.43753E+21,1.32439E+16,4.90125E+16
183011,9.17093E+18,9,2,63,0,2017,9,14,7,3,2,6,0,1,0,0,0,0,0,7.61536E+20,5.41979E+21,1.25672E+16,4.88758E+16
183012,9.17093E+18,9,2,76,138,2017,9,19,7,3,2,1,0,1,0,0,0,2,0,8.02055E+20,5.43213E+21,1.31275E+16,4.89682E+16
183013,9.17093E+18,9,2,75,141,2017,9,18,7,3,0,1,1,0,0,0,0,1,0,8.19406E+20,5.37049E+21,1.33163E+16,4.84065E+16
183014,9.17093E+18,9,2,77,116,2017,9,10,7,3,5,3,0,1,0,0,0,0,0,7.77557E+20,5.3674E+21,1.27501E+16,4.83986E+16
183015,9.17093E+18,9,2,79,112,2017,9,16,7,3,0,7,1,0,0,0,0,0,0,7.5749E+20,5.39241E+21,1.2495E+16,4.86317E+16
183016,9.17093E+18,9,1,80,117,2017,9,12,7,3,0,7,0,1,0,0,0,0,0,6.57322E+20,5.26145E+21,1.10884E+16,4.74875E+16
183017,9.17093E+18,9,1,89,140,2017,9,14,7,2,8,1,1,0,0,0,0,0,0,7.70861E+20,5.29428E+21,1.26135E+16,4.7745E+16
183018,9.17093E+18,9,1,89,154,2017,9,10,7,3,1,7,1,1,0,0,0,0,0,7.68553E+20,5.3183E+21,1.25977E+16,4.79616E+16
183019,9.17093E+18,9,1,88,141,2017,9,11,7,2,6,6,0,1,1,0,0,0,0,6.70523E+20,5.30878E+21,1.1282E+16,4.79097E+16
183020,9.17093E+18,9,1,79,111,2017,9,22,7,3,5,3,0,1,0,0,0,2,1,6.56967E+20,5.33952E+21,1.1112E+16,4.81895E+16
183021,9.17093E+18,9,1,74,115,2017,9,15,7,3,3,6,1,0,0,0,0,0,0,6.81691E+20,5.3488E+21,1.14484E+16,4.82663E+16
183022,9.17093E+18,9,1,62,0,2017,9,8,6,3,5,2,1,1,0,0,0,0,0,6.89524E+20,5.3353E+21,1.15478E+16,4.81427E+16
183023,9.17093E+18,9,1,62,0,2017,9,8,6,3,0,7,1,0,0,0,0,0,0,6.90717E+20,5.33572E+21,1.1564E+16,4.81462E+16
183024,9.17093E+18,9,1,62,0,2017,9,11,6,3,5,3,0,1,0,0,0,0,0,6.95077E+20,5.3356E+21,1.16225E+16,4.81437E+16
183025,9.17093E+18,9,1,62,0,2017,9,6,6,3,6,2,0,1,1,0,0,1,0,6.87609E+20,5.34123E+21,1.15247E+16,4.81965E+16
183026,9.17093E+18,9,1,62,0,2017,9,17,6,3,2,6,0,1,0,0,0,0,1,6.92232E+20,5.3355E+21,1.15843E+16,4.81436E+16
183027,9.17093E+18,9,1,62,0,2017,9,7,6,3,0,1,1,0,0,0,0,0,0,6.83451E+20,5.33614E+21,1.14666E+16,4.8152E+16
183028,9.17093E+18,9,1,62,0,2017,9,11,6,3,3,5,1,1,0,0,0,0,0,6.91745E+20,5.33538E+21,1.15777E+16,4.81428E+16
183029,9.17093E+18,9,1,62,0,2017,9,16,6,3,1,5,0,1,0,1,0,0,0,6.90581E+20,5.33716E+21,1.15628E+16,4.81591E+16
183030,9.17093E+18,9,1,62,0,2017,9,14,6,3,0,7,0,0,0,0,1,0,0,6.891E+20,5.33295E+21,1.15411E+16,4.81217E+16
183031,9.17093E+18,9,1,62,0,2017,9,21,6,3,5,3,1,1,0,0,0,2,0,6.90086E+20,5.33313E+21,1.15544E+16,4.8123E+16
183032,9.17093E+18,9,1,62,0,2017,9,15,6,3,5,2,0,1,0,0,0,0,0,6.886E+20,5.33567E+21,1.15356E+16,4.81463E+16
183033,9.17093E+18,9,1,62,0,2017,9,16,6,3,1,6,0,1,0,0,0,0,0,6.96995E+20,5.3317E+21,1.16465E+16,4.81081E+16
183034,9.17093E+18,9,1,62,0,2017,9,17,6,3,5,3,0,1,0,0,0,0,0,6.95687E+20,5.33501E+21,1.16305E+16,4.81383E+16
183035,9.17093E+18,9,1,62,0,2017,9,11,6,3,2,6,0,1,0,1,0,0,0,6.88959E+20,5.33427E+21,1.15398E+16,4.81336E+16
183036,9.17093E+18,9,1,62,0,2017,9,14,6,2,6,4,1,0,1,0,0,0,0,6.91648E+20,5.33389E+21,1.15757E+16,4.81294E+16
183037,9.17093E+18,9,7,74,150,2017,9,12,6,3,5,3,1,1,0,0,0,0,0,6.00825E+20,5.34513E+21,1.03583E+16,4.82514E+16
183038,9.17093E+18,9,7,74,135,2017,9,12,6,3,5,2,1,1,0,0,0,0,0,5.94659E+20,5.36689E+21,1.02801E+16,4.8448E+16
183039,9.17093E+18,9,7,63,0,2017,9,11,6,3,5,3,0,1,0,1,0,0,1,5.97369E+20,5.28497E+21,1.02981E+16,4.77108E+16
183040,9.17093E+18,9,7,63,0,2017,9,19,6,3,0,7,1,0,0,0,0,1,0,5.98616E+20,5.28728E+21,1.03152E+16,4.77314E+16
183041,9.17093E+18,9,7,80,139,2017,9,11,6,3,5,3,1,1,0,0,0,0,1,5.95528E+20,5.26422E+21,1.0269E+16,4.75244E+16
183042,9.17093E+18,9,7,80,133,2017,9,20,6,2,9,1,0,0,0,1,0,2,1,5.96554E+20,5.24804E+21,1.02791E+16,4.73786E+16
183043,9.17093E+18,9,7,76,116,2017,9,15,6,3,0,1,1,0,0,0,0,0,0,5.54524E+20,5.26636E+21,9.72462E+15,4.75484E+16
183044,9.17093E+18,9,7,76,120,2017,9,11,6,3,5,3,1,1,0,0,0,0,0,5.45887E+20,5.26928E+21,9.61015E+15,4.75753E+16
183045,9.17093E+18,9,7,77,130,2017,9,19,6,3,9,1,0,1,0,0,0,2,0,6.22674E+20,5.30705E+21,1.06415E+16,4.7905E+16
183046,9.17093E+18,9,7,77,170,2017,9,7,6,3,6,4,0,1,1,0,0,0,0,6.20926E+20,5.27919E+21,1.06104E+16,4.76548E+16
183047,9.17093E+18,9,7,79,155,2017,9,19,6,3,5,3,0,1,0,0,0,2,0,6.21121E+20,5.40856E+21,1.065E+16,4.88182E+16
183048,9.17093E+18,9,7,79,131,2017,9,16,6,2,3,2,1,1,0,0,0,0,0,6.29537E+20,5.39742E+21,1.07611E+16,4.87163E+16
183049,9.17093E+18,9,7,73,136,2017,9,19,6,3,2,6,0,1,0,0,0,1,0,6.02015E+20,5.3789E+21,1.03825E+16,4.85549E+16
183050,9.17093E+18,9,7,72,184,2017,9,16,6,3,2,6,0,1,0,1,0,0,0,6.34979E+20,5.36209E+21,1.08236E+16,4.83975E+16
183051,9.17093E+18,9,7,72,163,2017,9,7,6,3,1,5,0,1,0,0,0,0,0,6.40204E+20,5.3484E+21,1.08896E+16,4.82733E+16
183052,9.17093E+18,9,7,72,202,2017,9,15,6,3,0,7,0,1,0,0,0,0,0,6.36903E+20,5.35811E+21,1.08482E+16,4.83614E+16
183053,9.17093E+18,9,7,61,0,2017,9,16,6,3,0,3,0,0,0,1,0,0,1,6.38327E+20,5.36239E+21,1.08689E+16,4.83995E+16
183054,9.17093E+18,9,7,61,0,2017,9,16,6,3,2,6,0,1,0,0,0,0,1,6.42637E+20,5.35992E+21,1.09262E+16,4.83763E+16
183055,9.17093E+18,9,7,61,0,2017,9,16,6,3,0,1,0,0,0,1,0,0,1,6.40234E+20,5.35852E+21,1.08933E+16,4.83642E+16