OBJECTID,UIDENTSTLA,ULAND,UREGBEZ,UKREIS,UGEMEINDE,UJAHR,UMONAT,USTUNDE,UWOCHENTAG,UKATEGORIE,UART,UTYP1,IstRad,IstPKW,IstFuss,IstKrad,IstSonstig,LICHT,STRZUSTAND,LINREFX,LINREFY,XGCSWGS84,YGCSWGS84
183056,9.17093E+18,9,7,71,144,2017,9,7,6,3,0,7,0,0,0,1,1,0,1,6.60683E+20,5.3735E+21,1.1175E+16,4.8494E+16
183057,9.17093E+18,9,6,77,159,2017,9,11,6,3,1,3,0,1,0,0,0,0,0,5.43985E+20,5.56021E+21,9.61621E+15,5.01925E+16
183058,9.17093E+18,9,6,77,131,2017,9,8,6,3,1,7,1,1,0,0,0,0,1,5.50222E+20,5.54457E+21,9.70152E+15,5.00513E+16
183059,9.17093E+18,9,6,76,122,2017,9,4,6,3,5,3,0,1,0,0,0,2,0,5.113E+20,5.51731E+21,9.15705E+15,4.98081E+16
183060,9.17093E+18,9,6,71,114,2017,9,13,6,2,5,3,1,0,0,0,1,0,0,5.02451E+20,5.54334E+21,9.03423E+15,5.00424E+16
183061,9.17093E+18,9,5,72,115,2017,9,22,6,3,8,7,0,1,0,0,0,2,0,6.46975E+20,5.50212E+21,1.10363E+16,4.96537E+16
183062,9.17093E+18,9,5,64,0,2017,9,7,6,3,0,7,1,0,0,0,0,1,0,6.51086E+20,5.47983E+21,1.10847E+16,4.94524E+16
183063,9.17093E+18,9,5,64,0,2017,9,21,6,3,5,2,1,1,0,0,0,2,0,6.51547E+20,5.47828E+21,1.10904E+16,4.94383E+16
183064,9.17093E+18,9,5,64,0,2017,9,15,6,3,0,1,1,0,0,0,0,0,1,6.5468E+20,5.48086E+21,1.11346E+16,4.94607E+16
183065,9.17093E+18,9,5,64,0,2017,9,5,6,3,4,2,1,1,0,0,0,2,0,6.5182E+20,5.48116E+21,1.10953E+16,4.94641E+16
183066,9.17093E+18,9,5,64,0,2017,9,14,6,3,3,6,0,1,0,1,0,0,0,6.51221E+20,5.47658E+21,1.10853E+16,4.94231E+16
183067,9.17093E+18,9,5,64,0,2017,9,9,6,3,5,3,1,1,0,0,0,0,1,6.5193E+20,5.47911E+21,1.1096E+16,4.94456E+16
183068,9.17093E+18,9,5,73,126,2017,9,13,6,3,4,6,0,1,0,0,0,0,1,6.37194E+20,5.48319E+21,1.08943E+16,4.94858E+16
183069,9.17093E+18,9,5,71,190,2017,9,13,6,3,8,1,0,1,0,0,0,0,1,6.24303E+20,5.46403E+21,1.07104E+16,4.93163E+16
183070,9.17093E+18,9,5,71,165,2017,9,15,6,2,0,7,1,0,0,0,0,0,1,6.30145E+20,5.46587E+21,1.07913E+16,4.93316E+16
183071,9.17093E+18,9,4,75,136,2017,9,16,6,3,0,6,1,1,0,0,0,0,0,6.93604E+20,5.56819E+21,1.17148E+16,5.02341E+16
183072,9.17093E+18,9,4,78,139,2017,9,12,6,3,2,1,0,1,0,0,0,0,0,6.47115E+20,5.55638E+21,1.10589E+16,5.01414E+16
183073,9.17093E+18,9,4,63,0,2017,9,6,6,3,4,2,0,1,0,1,0,0,0,6.39869E+20,5.56895E+21,1.09622E+16,5.02561E+16
183074,9.17093E+18,9,4,62,0,2017,9,18,6,3,5,3,1,1,0,0,0,0,0,6.83356E+20,5.53433E+21,1.1555E+16,4.99332E+16
183075,9.17093E+18,9,4,62,0,2017,9,7,6,3,5,2,1,1,0,0,0,0,0,6.86532E+20,5.53511E+21,1.15996E+16,4.99392E+16
183076,9.17093E+18,9,4,71,140,2017,9,12,6,3,0,1,0,0,0,1,0,0,1,6.34905E+20,5.53262E+21,1.08797E+16,4.99307E+16
183077,9.17093E+18,9,4,61,0,2017,9,13,6,3,0,7,1,0,0,0,0,0,1,6.35699E+20,5.529E+21,1.08895E+16,4.98979E+16
183078,9.17093E+18,9,4,61,0,2017,9,16,6,3,0,7,1,0,0,0,0,0,0,6.3631E+20,5.5289E+21,1.0898E+16,4.9897E+16
183079,9.17093E+18,9,3,75,184,2017,9,8,6,1,9,1,1,0,0,0,0,0,0,7.15794E+20,5.43962E+21,1.19547E+16,4.90716E+16
183080,9.17093E+18,9,3,62,0,2017,9,11,6,3,2,6,0,1,0,0,0,0,0,7.2977E+20,5.43668E+21,1.21442E+16,4.90402E+16
183081,9.17093E+18,9,3,62,0,2017,9,7,6,3,5,7,1,0,0,0,0,2,0,7.24127E+20,5.43497E+21,1.20661E+16,4.90269E+16
183082,9.17093E+18,9,3,62,0,2017,9,8,6,3,3,6,1,0,0,0,0,0,0,7.25419E+20,5.43354E+21,1.2083E+16,4.90135E+16
183083,9.17093E+18,9,3,62,0,2017,9,15,6,3,0,2,1,0,1,0,0,0,0,7.26175E+20,5.43285E+21,1.20929E+16,4.9007E+16
183084,9.17093E+18,9,3,73,147,2017,9,13,6,2,5,2,0,1,0,1,0,0,0,6.78437E+20,5.46079E+21,1.14532E+16,4.92738E+16
183085,9.17093E+18,9,2,76,148,2017,9,15,6,3,2,6,0,1,0,0,0,0,0,8.09416E+20,5.43763E+21,1.3232E+16,4.90139E+16
183086,9.17093E+18,9,2,78,144,2017,9,20,6,3,5,3,0,1,0,1,0,2,0,7.44679E+20,5.40824E+21,1.23308E+16,4.8779E+16
183087,9.17093E+18,9,2,76,129,2017,9,16,6,2,5,3,0,1,0,0,0,0,0,8.03165E+20,5.43743E+21,1.31466E+16,4.90152E+16
183088,9.17093E+18,9,2,71,119,2017,9,17,6,3,2,6,0,1,0,0,0,0,0,7.9015E+20,5.41757E+21,1.29549E+16,4.88432E+16
183089,9.17093E+18,9,2,78,118,2017,9,15,6,3,0,7,1,0,0,0,0,0,0,7.72131E+20,5.42273E+21,1.27133E+16,4.88977E+16
183090,9.17093E+18,9,2,77,116,2017,9,15,6,3,5,3,0,1,0,1,0,0,0,7.77426E+20,5.36744E+21,1.27484E+16,4.8399E+16
183091,9.17093E+18,9,2,73,137,2017,9,14,6,3,0,7,1,0,0,0,0,0,0,7.10255E+20,5.42263E+21,1.18702E+16,4.89209E+16
183092,9.17093E+18,9,1,90,159,2017,9,7,6,3,5,3,0,1,0,1,0,0,0,6.63182E+20,5.3052E+21,1.11825E+16,4.78793E+16
183093,9.17093E+18,9,1,90,148,2017,9,12,6,3,1,6,0,1,0,0,1,0,0,6.41608E+20,5.29692E+21,1.08914E+16,4.781E+16
183094,9.17093E+18,9,1,73,112,2017,9,15,6,2,8,7,0,0,0,1,0,0,0,6.9336E+20,5.29364E+21,1.15806E+16,4.77671E+16
183095,9.17093E+18,9,1,89,113,2017,9,15,6,3,4,1,1,1,0,0,0,0,0,7.68094E+20,5.29983E+21,1.25801E+16,4.7796E+16
183096,9.17093E+18,9,1,71,124,2017,9,6,6,3,5,3,0,1,0,1,0,2,0,7.80163E+20,5.3443E+21,1.27699E+16,4.81901E+16
183097,9.17093E+18,9,1,72,114,2017,9,18,6,2,0,1,1,0,0,0,0,0,0,7.91311E+20,5.29401E+21,1.28855E+16,4.77336E+16
183098,9.17093E+18,9,1,87,182,2017,9,16,6,3,0,1,0,0,0,1,0,0,1,7.39988E+20,5.32807E+21,1.22212E+16,4.80608E+16
183099,9.17093E+18,9,1,63,0,2017,9,10,6,3,5,3,0,1,0,0,1,0,0,7.30972E+20,5.30405E+21,1.20874E+16,4.78482E+16
183100,9.17093E+18,9,1,87,130,2017,9,9,6,3,5,3,0,1,0,0,1,0,0,7.15393E+20,5.30644E+21,1.18807E+16,4.78751E+16
183101,9.17093E+18,9,1,82,120,2017,9,21,6,3,4,6,0,1,0,0,0,2,0,7.02283E+20,5.30735E+21,1.1706E+16,4.78876E+16
183102,9.17093E+18,9,1,85,149,2017,9,13,6,3,0,1,1,0,0,0,0,0,1,6.60491E+20,5.40018E+21,1.11827E+16,4.87339E+16
183103,9.17093E+18,9,1,86,122,2017,9,16,6,3,1,1,1,1,0,0,0,0,0,6.92931E+20,5.39431E+21,1.16207E+16,4.8672E+16
183104,9.17093E+18,9,1,76,120,2017,9,15,6,2,6,7,1,0,1,0,0,0,0,6.81518E+20,5.42145E+21,1.14778E+16,4.89193E+16
183105,9.17093E+18,9,1,79,126,2017,9,10,6,3,3,7,1,1,0,0,0,0,0,6.76361E+20,5.341E+21,1.13734E+16,4.81977E+16
183106,9.17093E+18,9,1,62,0,2017,9,11,5,3,2,7,0,1,0,0,0,0,0,6.90184E+20,5.33474E+21,1.15564E+16,4.81375E+16
183107,9.17093E+18,9,1,62,0,2017,9,21,5,3,5,2,0,1,0,0,0,2,0,6.90477E+20,5.33664E+21,1.15612E+16,4.81545E+16
183108,9.17093E+18,9,1,62,0,2017,9,16,5,3,3,3,1,1,0,0,0,0,0,6.91983E+20,5.33513E+21,1.15808E+16,4.81405E+16
183109,9.17093E+18,9,1,62,0,2017,9,8,5,3,6,7,1,0,1,0,0,0,0,6.91062E+20,5.33558E+21,1.15686E+16,4.81447E+16
183110,9.17093E+18,9,1,62,0,2017,9,14,5,3,0,7,1,0,0,0,0,0,0,6.86243E+20,5.33267E+21,1.15026E+16,4.81201E+16
183111,9.17093E+18,9,1,62,0,2017,9,14,5,3,2,2,1,1,0,0,0,0,0,6.90143E+20,5.33524E+21,1.15561E+16,4.81419E+16
183112,9.17093E+18,9,1,62,0,2017,9,15,5,3,6,4,0,1,1,0,0,0,0,6.89949E+20,5.33321E+21,1.15526E+16,4.81238E+16
183113,9.17093E+18,9,1,84,138,2017,9,23,5,3,0,1,1,0,0,0,0,2,0,6.83089E+20,5.33115E+21,1.14596E+16,4.81073E+16
183114,9.17093E+18,9,1,62,0,2017,9,11,5,3,6,4,0,1,1,0,0,0,0,6.85004E+20,5.33514E+21,1.1487E+16,4.81426E+16
183115,9.17093E+18,9,1,62,0,2017,9,13,5,3,1,5,0,1,0,1,0,0,0,6.87701E+20,5.33991E+21,1.15254E+16,4.81846E+16
183116,9.17093E+18,9,1,62,0,2017,9,12,5,3,2,1,0,1,0,1,0,0,0,6.97547E+20,5.33394E+21,1.16549E+16,4.8128E+16
183117,9.17093E+18,9,1,62,0,2017,9,9,5,3,0,1,1,0,0,0,0,0,0,6.93413E+20,5.33521E+21,1.16E+16,4.81407E+16
183118,9.17093E+18,9,1,62,0,2017,9,20,5,2,0,7,0,0,0,1,0,2,0,6.89065E+20,5.33256E+21,1.15404E+16,4.81182E+16
183119,9.17093E+18,9,1,62,0,2017,9,9,5,3,1,7,1,1,0,0,0,0,0,6.92956E+20,5.33516E+21,1.15938E+16,4.81404E+16
183120,9.17093E+18,9,7,64,0,2017,9,18,5,3,8,7,0,1,0,0,0,0,0,5.86864E+20,5.31536E+21,1.01641E+16,4.79856E+16
183121,9.17093E+18,9,7,64,0,2017,9,12,5,3,5,3,1,1,0,0,0,0,0,5.87253E+20,5.31583E+21,1.01695E+16,4.79898E+16
183122,9.17093E+18,9,7,78,186,2017,9,13,5,3,1,7,0,1,0,0,1,0,0,5.9705E+20,5.3101E+21,1.02994E+16,4.79368E+16
183123,9.17093E+18,9,7,74,135,2017,9,17,5,3,5,3,0,1,0,1,0,0,0,5.93225E+20,5.36733E+21,1.02608E+16,4.84522E+16
183124,9.17093E+18,9,7,78,116,2017,9,14,5,2,5,2,1,1,0,0,0,0,0,6.1881E+20,5.31851E+21,1.0593E+16,4.80088E+16
183125,9.17093E+18,9,7,77,121,2017,9,18,5,3,5,3,0,1,0,0,0,0,0,6.27333E+20,5.32206E+21,1.07083E+16,4.80392E+16
183126,9.17093E+18,9,7,72,200,2017,9,11,5,2,2,6,0,1,0,0,0,0,0,6.30343E+20,5.33852E+21,1.07537E+16,4.81865E+16
183127,9.17093E+18,9,7,61,0,2017,9,19,5,3,2,6,0,1,0,0,0,0,0,6.37133E+20,5.36082E+21,1.08522E+16,4.83856E+16
183128,9.17093E+18,9,7,61,0,2017,9,17,5,3,5,3,1,1,0,0,0,0,0,6.4313E+20,5.36009E+21,1.09329E+16,4.83777E+16
183129,9.17093E+18,9,7,61,0,2017,9,16,5,3,0,7,1,0,0,0,0,0,0,6.42728E+20,5.36059E+21,1.09277E+16,4.83823E+16
183130,9.17093E+18,9,7,61,0,2017,9,9,5,3,4,2,0,1,0,1,0,0,0,6.41258E+20,5.35817E+21,1.0907E+16,4.83609E+16
183131,9.17093E+18,9,7,61,0,2017,9,13,5,2,6,2,0,0,1,0,1,0,0,6.41409E+20,5.35922E+21,1.09094E+16,4.83703E+16
183132,9.17093E+18,9,7,71,113,2017,9,16,5,3,0,1,1,0,0,0,0,0,0,6.59505E+20,5.37155E+21,1.11583E+16,4.84768E+16
183133,9.17093E+18,9,7,71,113,2017,9,13,5,3,5,3,1,1,0,0,0,0,0,6.57282E+20,5.369E+21,1.11273E+16,4.84545E+16
183134,9.17093E+18,9,6,79,147,2017,9,13,5,3,5,7,0,1,0,1,0,0,0,5.63977E+20,5.51564E+21,9.88883E+15,4.97898E+16
183135,9.17093E+18,9,6,63,0,2017,9,14,5,3,6,2,0,0,1,0,1,0,0,5.68457E+20,5.51507E+21,9.95096E+15,4.97842E+16
183136,9.17093E+18,9,6,62,0,2017,9,19,5,3,2,6,0,1,0,0,0,2,0,5.8916E+20,5.54525E+21,1.02455E+16,5.00528E+16
183137,9.17093E+18,9,5,62,0,2017,9,18,5,3,6,7,0,0,1,0,1,1,0,6.44721E+20,5.49565E+21,1.10027E+16,4.95961E+16
183138,9.17093E+18,9,5,62,0,2017,9,17,5,3,0,6,0,1,0,1,0,0,0,6.42265E+20,5.49558E+21,1.09687E+16,4.9596E+16
183139,9.17093E+18,9,5,62,0,2017,9,11,5,3,0,7,0,1,0,1,0,0,0,6.4696E+20,5.49578E+21,1.10337E+16,4.95967E+16
183140,9.17093E+18,9,5,62,0,2017,9,7,5,3,4,2,1,1,0,0,0,0,0,6.44093E+20,5.49323E+21,1.09931E+16,4.95745E+16
183141,9.17093E+18,9,5,72,131,2017,9,16,5,3,4,6,0,1,0,0,0,0,0,6.53167E+20,5.48782E+21,1.11164E+16,4.95236E+16
183142,9.17093E+18,9,5,74,138,2017,9,11,5,2,1,1,0,1,0,0,0,0,0,6.65482E+20,5.48615E+21,1.12858E+16,4.95054E+16
183143,9.17093E+18,9,5,74,138,2017,9,10,5,3,0,1,1,0,0,0,0,0,0,6.64717E+20,5.48654E+21,1.12754E+16,4.95091E+16
183144,9.17093E+18,9,5,64,0,2017,9,16,5,3,1,6,1,1,0,0,0,0,0,6.49781E+20,5.47925E+21,1.10664E+16,4.94475E+16
183145,9.17093E+18,9,5,64,0,2017,9,19,5,3,0,2,1,1,0,0,0,0,0,6.46687E+20,5.48176E+21,1.10247E+16,4.94708E+16
183146,9.17093E+18,9,5,64,0,2017,9,17,5,3,2,6,0,1,0,1,0,0,0,6.52791E+20,5.48146E+21,1.11088E+16,4.94665E+16
183147,9.17093E+18,9,5,71,180,2017,9,16,5,3,5,7,1,1,0,0,0,0,0,6.30631E+20,5.46056E+21,1.07963E+16,4.92839E+16
183148,9.17093E+18,9,5,71,199,2017,9,7,5,3,9,1,1,0,0,0,0,0,0,5.87714E+20,5.44946E+21,1.02039E+16,4.91917E+16
183149,9.17093E+18,9,5,71,214,2017,9,5,5,3,8,1,0,0,0,1,0,2,0,6.19985E+20,5.43142E+21,1.06413E+16,4.9024E+16
183150,9.17093E+18,9,5,71,136,2017,9,15,5,3,2,6,0,1,0,0,1,0,0,5.97289E+20,5.43577E+21,1.03319E+16,4.90671E+16
183151,9.17093E+18,9,5,61,0,2017,9,15,5,3,2,2,0,1,0,1,0,0,0,6.14249E+20,5.45821E+21,1.05704E+16,4.9266E+16
183152,9.17093E+18,9,4,79,136,2017,9,16,5,3,4,2,0,1,0,0,1,0,0,7.2087E+20,5.54359E+21,1.20824E+16,5.00037E+16
183153,9.17093E+18,9,4,63,0,2017,9,10,5,3,8,1,0,1,0,0,0,0,0,6.41042E+20,5.56696E+21,1.09779E+16,5.0238E+16
183154,9.17093E+18,9,4,62,0,2017,9,18,5,3,5,3,0,1,0,0,0,0,0,6.84452E+20,5.53587E+21,1.1571E+16,4.99467E+16
183155,9.17093E+18,9,4,71,159,2017,9,17,5,3,4,3,0,1,0,0,0,0,0,6.38942E+20,5.53208E+21,1.09358E+16,4.99249E+16
183156,9.17093E+18,9,3,63,0,2017,9,10,5,3,4,2,0,1,0,0,0,0,0,7.27623E+20,5.50796E+21,1.21556E+16,4.96811E+16
183157,9.17093E+18,9,3,62,0,2017,9,17,5,3,5,3,0,1,0,0,0,0,0,7.27237E+20,5.43366E+21,1.21078E+16,4.9014E+16
183158,9.17093E+18,9,3,62,0,2017,9,5,5,3,4,6,1,0,0,0,0,2,0,7.30295E+20,5.43226E+21,1.21488E+16,4.90002E+16
183159,9.17093E+18,9,3,62,0,2017,9,11,5,3,5,3,0,1,0,0,0,0,0,7.26623E+20,5.43734E+21,1.21015E+16,4.90472E+16
183160,9.17093E+18,9,3,73,147,2017,9,13,5,3,1,6,0,1,0,0,1,0,0,6.79875E+20,5.46005E+21,1.14726E+16,4.92668E+16
183161,9.17093E+18,9,3,76,161,2017,9,18,5,2,1,5,1,1,0,0,0,0,0,7.25785E+20,5.46847E+21,1.21075E+16,4.93271E+16
183162,9.17093E+18,9,3,71,113,2017,9,12,5,2,4,6,1,0,0,0,0,0,0,6.89289E+20,5.50809E+21,1.16248E+16,4.96956E+16
183163,9.17093E+18,9,2,61,0,2017,9,15,5,3,0,1,1,0,0,0,0,0,0,7.32568E+20,5.38048E+21,1.21506E+16,4.85343E+16
183164,9.17093E+18,9,2,79,137,2017,9,16,5,2,8,6,0,1,0,1,0,0,0,7.73786E+20,5.40242E+21,1.27223E+16,4.87146E+16
183165,9.17093E+18,9,2,79,126,2017,9,14,5,3,0,7,1,0,0,0,0,0,0,7.60574E+20,5.38418E+21,1.25316E+16,4.85565E+16
183166,9.17093E+18,9,1,80,125,2017,9,12,5,2,6,7,0,0,1,0,1,0,0,6.56027E+20,5.27295E+21,1.10753E+16,4.75912E+16
183167,9.17093E+18,9,1,80,117,2017,9,11,5,2,6,7,0,0,1,0,1,0,0,6.57852E+20,5.2623E+21,1.10958E+16,4.7495E+16
183168,9.17093E+18,9,1,83,148,2017,9,17,5,3,2,7,0,0,0,1,1,0,0,7.53615E+20,5.34442E+21,1.24135E+16,4.82023E+16
183169,9.17093E+18,9,1,72,128,2017,9,11,5,2,0,7,1,0,0,0,0,0,0,7.92339E+20,5.29564E+21,1.29003E+16,4.77478E+16
183170,9.17093E+18,9,1,71,117,2017,9,10,5,3,5,3,0,1,0,0,0,0,0,7.66969E+20,5.33749E+21,1.25885E+16,4.81346E+16
183171,9.17093E+18,9,1,63,0,2017,9,7,5,3,3,6,1,0,0,0,0,0,0,7.34851E+20,5.30494E+21,1.21397E+16,4.78548E+16
183172,9.17093E+18,9,1,87,131,2017,9,19,5,2,6,7,0,1,1,0,0,1,0,7.34066E+20,5.29066E+21,1.21215E+16,4.77268E+16
183173,9.17093E+18,9,1,61,0,2017,9,17,5,3,0,2,1,0,0,0,1,0,0,6.77585E+20,5.40527E+21,1.14172E+16,4.87751E+16
183174,9.17093E+18,9,1,86,143,2017,9,10,5,3,1,6,0,1,0,0,0,0,0,6.85491E+20,5.37796E+21,1.15124E+16,4.85273E+16
183175,9.17093E+18,9,1,88,121,2017,9,8,5,3,2,6,0,1,0,1,0,0,0,6.70619E+20,5.33062E+21,1.1292E+16,4.8106E+16
183176,9.17093E+18,9,1,79,123,2017,9,7,5,3,6,2,0,1,1,0,0,0,0,6.76101E+20,5.33267E+21,1.13664E+16,4.81229E+16
183177,9.17093E+18,9,1,77,117,2017,9,17,5,3,5,3,0,1,0,1,0,0,0,7.15882E+20,5.35307E+21,1.19108E+16,4.8294E+16
183178,9.17093E+18,9,1,77,133,2017,9,7,5,3,6,7,0,1,1,0,0,0,0,7.06225E+20,5.35984E+21,1.1784E+16,4.8358E+16
183179,9.17093E+18,9,1,75,132,2017,9,16,5,3,5,3,1,1,0,0,0,0,0,7.071E+20,5.33166E+21,1.1782E+16,4.81045E+16
183180,9.17093E+18,9,1,78,120,2017,9,19,5,2,3,1,1,1,0,0,0,1,0,6.95818E+20,5.35362E+21,1.16408E+16,4.83055E+16
183181,9.17093E+18,9,1,78,145,2017,9,15,5,3,2,2,0,1,0,1,0,0,0,6.97662E+20,5.35546E+21,1.16665E+16,4.83214E+16
183182,9.17093E+18,9,1,78,124,2017,9,8,5,3,5,3,0,1,0,0,0,0,0,7.03849E+20,5.36354E+21,1.17538E+16,4.8392E+16
183183,9.17093E+18,9,1,77,117,2017,9,11,5,3,6,4,0,1,1,0,0,0,0,7.15637E+20,5.35475E+21,1.19083E+16,4.83091E+16
183184,9.17093E+18,9,1,62,0,2017,9,7,4,3,5,2,1,1,0,0,0,0,0,6.92458E+20,5.33545E+21,1.15873E+16,4.81432E+16
183185,9.17093E+18,9,1,62,0,2017,9,21,4,3,5,2,0,1,0,0,0,2,0,6.87407E+20,5.3396E+21,1.15213E+16,4.81819E+16
183186,9.17093E+18,9,1,62,0,2017,9,16,4,3,3,6,0,1,0,0,0,0,0,6.87456E+20,5.33605E+21,1.15204E+16,4.815E+16
183187,9.17093E+18,9,1,62,0,2017,9,21,4,3,0,7,1,0,0,0,0,2,0,6.91064E+20,5.33317E+21,1.15675E+16,4.81231E+16
183188,9.17093E+18,9,1,62,0,2017,9,9,4,3,0,1,0,0,0,1,0,0,0,6.89409E+20,5.33718E+21,1.15471E+16,4.81596E+16
183189,9.17093E+18,9,1,62,0,2017,9,17,4,3,5,3,1,1,0,0,0,0,0,6.91275E+20,5.33901E+21,1.1573E+16,4.81756E+16
183190,9.17093E+18,9,1,62,0,2017,9,15,4,3,2,6,0,1,0,0,1,0,0,6.86237E+20,5.33312E+21,1.15027E+16,4.81241E+16
183191,9.17093E+18,9,1,62,0,2017,9,9,4,3,2,7,0,1,0,0,1,0,0,6.94281E+20,5.33384E+21,1.1611E+16,4.81282E+16
183192,9.17093E+18,9,1,62,0,2017,9,18,4,3,5,3,1,1,0,0,0,0,0,6.8855E+20,5.33472E+21,1.15345E+16,4.81377E+16
183193,9.17093E+18,9,1,62,0,2017,9,15,4,3,3,2,1,0,0,0,0,0,0,6.92056E+20,5.33644E+21,1.15823E+16,4.81522E+16
183194,9.17093E+18,9,1,62,0,2017,9,6,4,3,5,2,1,1,0,0,0,1,0,6.93032E+20,5.3363E+21,1.15954E+16,4.81507E+16
183195,9.17093E+18,9,1,62,0,2017,9,18,4,2,4,7,1,1,0,0,0,0,0,6.92064E+20,5.33494E+21,1.15818E+16,4.81387E+16
183196,9.17093E+18,9,1,62,0,2017,9,17,4,3,5,2,0,1,0,0,1,0,0,6.87407E+20,5.33959E+21,1.15213E+16,4.81819E+16
183197,9.17093E+18,9,1,84,134,2017,9,11,4,3,6,4,0,1,1,0,0,0,0,6.93543E+20,5.32243E+21,1.1596E+16,4.80258E+16
183198,9.17093E+18,9,1,62,0,2017,9,12,4,3,5,3,0,1,0,1,0,0,0,6.9021E+20,5.3337E+21,1.15563E+16,4.81281E+16
183199,9.17093E+18,9,7,78,123,2017,9,16,4,3,9,7,1,0,0,0,0,0,0,5.84557E+20,5.3163E+21,1.01334E+16,4.79944E+16
183200,9.17093E+18,9,7,78,127,2017,9,14,4,3,7,7,1,0,0,0,1,0,0,6.12366E+20,5.31764E+21,1.05064E+16,4.80021E+16
183201,9.17093E+18,9,7,78,127,2017,9,17,4,3,0,7,1,0,0,0,0,0,0,6.11924E+20,5.31781E+21,1.05005E+16,4.80038E+16
183202,9.17093E+18,9,7,74,121,2017,9,18,4,2,1,1,1,1,0,0,0,0,0,6.04708E+20,5.36468E+21,1.04154E+16,4.84265E+16
183203,9.17093E+18,9,7,80,133,2017,9,17,4,2,0,1,1,0,0,0,0,0,0,5.97162E+20,5.24878E+21,1.02873E+16,4.73853E+16
183204,9.17093E+18,9,7,77,151,2017,9,7,4,3,5,3,1,0,0,1,0,0,1,6.2052E+20,5.29231E+21,1.06086E+16,4.77728E+16
183205,9.17093E+18,9,7,62,0,2017,9,12,4,3,5,3,0,1,0,1,0,0,0,6.20329E+20,5.30502E+21,1.06096E+16,4.78872E+16
183206,9.17093E+18,9,7,72,147,2017,9,16,4,3,5,3,1,1,0,0,0,0,0,6.38802E+20,5.36429E+21,1.08759E+16,4.84165E+16
183207,9.17093E+18,9,7,71,122,2017,9,11,4,3,2,6,0,1,0,0,0,0,0,6.56336E+20,5.36103E+21,1.11115E+16,4.8383E+16
183208,9.17093E+18,9,7,61,0,2017,9,15,4,3,6,4,1,1,1,0,0,0,0,6.41369E+20,5.35296E+21,1.09068E+16,4.8314E+16
183209,9.17093E+18,9,7,61,0,2017,9,13,4,3,3,7,1,0,0,0,0,0,0,6.41056E+20,5.35851E+21,1.09044E+16,4.8364E+16
183210,9.17093E+18,9,6,63,0,2017,9,20,4,2,5,3,0,1,0,1,0,2,0,5.66514E+20,5.51621E+21,9.92418E+15,4.97946E+16
183211,9.17093E+18,9,6,63,0,2017,9,14,4,3,0,3,0,1,1,0,0,0,0,5.6746E+20,5.51496E+21,9.93711E+15,4.97833E+16
183212,9.17093E+18,9,6,73,114,2017,9,22,4,3,1,5,0,1,0,0,0,2,0,5.87079E+20,5.57641E+21,1.02235E+16,5.03333E+16
183213,9.17093E+18,9,6,62,0,2017,9,5,4,3,0,3,0,1,0,1,0,2,1,5.85341E+20,5.54574E+21,1.01923E+16,5.00578E+16
183214,9.17093E+18,9,6,62,0,2017,9,17,4,3,4,2,0,1,0,1,0,0,0,5.85544E+20,5.54364E+21,1.01946E+16,5.00389E+16
183215,9.17093E+18,9,6,76,119,2017,9,7,4,3,5,3,0,1,0,1,0,0,0,5.24038E+20,5.50564E+21,9.33336E+15,4.97028E+16
183216,9.17093E+18,9,5,62,0,2017,9,16,4,2,6,7,0,0,1,0,1,0,0,6.44582E+20,5.49556E+21,1.10007E+16,4.95953E+16
183217,9.17093E+18,9,5,62,0,2017,9,12,4,3,4,5,1,1,0,0,0,0,0,6.45079E+20,5.49628E+21,1.10079E+16,4.96017E+16
183218,9.17093E+18,9,5,74,132,2017,9,16,4,3,0,7,0,0,0,1,0,0,0,6.74421E+20,5.48678E+21,1.14094E+16,4.95086E+16
183219,9.17093E+18,9,5,64,0,2017,9,19,4,3,0,5,1,1,0,0,0,2,0,6.50713E+20,5.47949E+21,1.10794E+16,4.94493E+16
183220,9.17093E+18,9,5,64,0,2017,9,7,4,3,0,3,0,1,0,0,1,0,0,6.49905E+20,5.47855E+21,1.10679E+16,4.94411E+16
183221,9.17093E+18,9,5,64,0,2017,9,13,4,3,5,3,1,0,0,0,1,0,0,6.52478E+20,5.47969E+21,1.11038E+16,4.94507E+16
183222,9.17093E+18,9,5,64,0,2017,9,14,4,3,5,7,1,0,0,0,1,0,0,6.50722E+20,5.47868E+21,1.10792E+16,4.94421E+16
183223,9.17093E+18,9,5,64,0,2017,9,9,4,3,5,3,0,1,0,0,1,0,0,6.45092E+20,5.48722E+21,1.10047E+16,4.95203E+16
183224,9.17093E+18,9,5,77,177,2017,9,12,4,3,9,1,0,1,0,0,0,0,0,6.41808E+20,5.43413E+21,1.09405E+16,4.90437E+16
183225,9.17093E+18,9,4,79,136,2017,9,10,4,3,5,7,1,1,0,0,0,0,0,7.2235E+20,5.54378E+21,1.21031E+16,5.00048E+16
183226,9.17093E+18,9,4,64,0,2017,9,21,4,3,4,6,1,0,0,0,1,2,0,7.07561E+20,5.57763E+21,1.19155E+16,5.03142E+16
183227,9.17093E+18,9,4,64,0,2017,9,18,4,3,0,1,1,0,0,0,0,0,0,7.0864E+20,5.57489E+21,1.19291E+16,5.02892E+16