OBJECTID,UIDENTSTLA,ULAND,UREGBEZ,UKREIS,UGEMEINDE,UJAHR,UMONAT,USTUNDE,UWOCHENTAG,UKATEGORIE,UART,UTYP1,IstRad,IstPKW,IstFuss,IstKrad,IstSonstig,LICHT,STRZUSTAND,LINREFX,LINREFY,XGCSWGS84,YGCSWGS84
183228,9.17093E+18,9,4,64,0,2017,9,7,4,3,2,6,0,1,0,0,0,0,0,7.07463E+20,5.57853E+21,1.19146E+16,5.03223E+16
183229,9.17093E+18,9,4,73,151,2017,9,16,4,3,5,3,0,1,0,0,0,0,0,6.538E+20,5.57165E+21,1.11586E+16,5.02769E+16
183230,9.17093E+18,9,4,78,139,2017,9,20,4,3,5,3,0,1,0,0,0,2,0,6.48214E+20,5.55607E+21,1.10741E+16,5.01384E+16
183231,9.17093E+18,9,4,62,0,2017,9,16,4,3,2,6,0,1,0,0,0,0,0,6.84587E+20,5.53457E+21,1.15723E+16,4.9935E+16
183232,9.17093E+18,9,4,62,0,2017,9,7,4,3,1,6,0,1,0,0,0,0,0,6.85965E+20,5.53518E+21,1.15918E+16,4.994E+16
183233,9.17093E+18,9,4,62,0,2017,9,13,4,3,2,6,0,1,0,0,0,0,0,6.84019E+20,5.53547E+21,1.15648E+16,4.99432E+16
183234,9.17093E+18,9,4,61,0,2017,9,19,4,3,3,2,1,1,0,0,0,1,0,6.37253E+20,5.52991E+21,1.09115E+16,4.99058E+16
183235,9.17093E+18,9,4,61,0,2017,9,20,4,2,6,7,1,0,1,0,0,2,0,6.37734E+20,5.52927E+21,1.09179E+16,4.99E+16
183236,9.17093E+18,9,3,63,0,2017,9,4,4,3,1,5,0,1,0,0,0,2,1,7.23406E+20,5.50864E+21,1.20976E+16,4.96888E+16
183237,9.17093E+18,9,3,74,137,2017,9,22,4,3,0,7,0,0,0,1,0,2,0,7.46775E+20,5.49844E+21,1.24146E+16,4.95881E+16
183238,9.17093E+18,9,3,74,162,2017,9,16,4,3,4,6,1,0,0,0,0,0,0,7.40912E+20,5.50245E+21,1.23361E+16,4.96265E+16
183239,9.17093E+18,9,3,74,111,2017,9,17,4,3,5,3,1,1,0,0,0,0,0,7.27292E+20,5.51231E+21,1.21535E+16,4.97203E+16
183240,9.17093E+18,9,3,72,157,2017,9,17,4,2,4,6,0,0,0,1,1,0,0,7.6098E+20,5.47112E+21,1.25928E+16,4.93369E+16
183241,9.17093E+18,9,3,75,183,2017,9,16,4,3,4,2,0,1,0,1,0,0,0,7.4688E+20,5.42859E+21,1.2373E+16,4.89609E+16
183242,9.17093E+18,9,3,72,116,2017,9,17,4,3,2,7,0,1,0,1,0,0,0,7.67731E+20,5.45886E+21,1.26773E+16,4.92239E+16
183243,9.17093E+18,9,3,73,147,2017,9,8,4,3,5,3,1,1,0,0,0,0,0,6.79129E+20,5.46036E+21,1.14625E+16,4.92698E+16
183244,9.17093E+18,9,2,62,0,2017,9,13,4,3,0,6,0,0,0,1,0,0,0,8.26835E+20,5.38842E+21,1.34304E+16,4.85635E+16
183245,9.17093E+18,9,2,75,124,2017,9,13,4,2,0,7,1,1,0,0,0,0,0,8.10228E+20,5.37406E+21,1.31953E+16,4.84431E+16
183246,9.17093E+18,9,2,73,147,2017,9,17,4,3,0,7,0,1,0,1,0,0,0,7.04822E+20,5.39118E+21,1.17805E+16,4.86401E+16
183247,9.17093E+18,9,2,73,116,2017,9,17,4,3,7,7,1,0,0,0,0,0,0,7.21272E+20,5.42605E+21,1.20222E+16,4.89477E+16
183248,9.17093E+18,9,1,73,126,2017,9,19,4,3,1,3,1,1,0,0,0,1,0,6.86016E+20,5.30336E+21,1.14869E+16,4.78567E+16
183249,9.17093E+18,9,1,83,148,2017,9,7,4,3,5,3,0,1,0,0,0,0,0,7.52208E+20,5.34392E+21,1.23943E+16,4.81983E+16
183250,9.17093E+18,9,1,89,143,2017,9,12,4,3,5,2,0,1,0,1,0,0,0,7.61239E+20,5.31751E+21,1.24994E+16,4.79576E+16
183251,9.17093E+18,9,6,76,134,2017,9,11,7,3,2,6,0,1,0,0,0,0,0,5.13704E+20,5.51286E+21,9.19031E+15,4.97681E+16
183252,9.17101E+18,9,6,78,115,2017,10,15,5,2,5,2,0,0,0,1,1,0,1,5.84234E+20,5.53939E+21,1.01754E+16,5.00009E+16
183253,9.17101E+18,9,5,63,0,2017,10,16,5,3,5,2,0,1,0,0,0,0,1,6.40866E+20,5.48388E+21,1.09452E+16,4.94912E+16
183254,9.17101E+18,9,5,64,0,2017,10,16,5,3,5,2,1,1,0,0,0,0,1,6.56273E+20,5.47464E+21,1.11541E+16,4.94043E+16
183255,9.17101E+18,9,5,64,0,2017,10,16,5,3,2,6,0,1,0,0,0,0,0,6.53534E+20,5.48027E+21,1.11186E+16,4.94557E+16
183256,9.17101E+18,9,5,64,0,2017,10,16,5,2,0,3,1,1,0,0,0,0,0,6.51435E+20,5.48132E+21,1.109E+16,4.94657E+16
183257,9.17101E+18,9,5,64,0,2017,10,6,5,3,5,3,0,1,0,0,0,0,0,6.51116E+20,5.48079E+21,1.10854E+16,4.94609E+16
183258,9.17101E+18,9,5,64,0,2017,10,5,5,3,2,6,0,1,0,0,0,2,1,6.52036E+20,5.47903E+21,1.10974E+16,4.94449E+16
183259,9.17101E+18,9,5,61,0,2017,10,17,5,3,5,3,1,1,0,0,0,0,1,6.14892E+20,5.46239E+21,1.05805E+16,4.93035E+16
183260,9.17101E+18,9,4,79,169,2017,10,16,5,3,4,2,0,1,0,1,0,0,1,7.14909E+20,5.54714E+21,1.20013E+16,5.00377E+16
183261,9.17101E+18,9,7,61,0,2017,10,22,5,3,5,7,1,1,0,0,0,2,0,6.39257E+20,5.36038E+21,1.08808E+16,4.83812E+16
183262,9.17101E+18,9,7,61,0,2017,10,7,5,3,4,1,1,1,0,0,0,0,0,6.40918E+20,5.3572E+21,1.09021E+16,4.83522E+16
183263,9.17101E+18,9,4,78,145,2017,10,6,5,3,6,4,0,1,1,0,0,2,1,6.50767E+20,5.55885E+21,1.11109E+16,5.01627E+16
183264,9.17101E+18,9,4,63,0,2017,10,13,5,2,2,6,0,1,0,0,1,0,1,6.40639E+20,5.57143E+21,1.09739E+16,5.02782E+16
183265,9.17101E+18,9,4,72,175,2017,10,16,5,3,5,3,1,1,0,0,0,0,1,6.83048E+20,5.51418E+21,1.15413E+16,4.97522E+16
183266,9.17101E+18,9,7,61,0,2017,10,9,5,3,0,7,1,0,0,0,0,0,0,6.40551E+20,5.35448E+21,1.08963E+16,4.83279E+16
183267,9.17101E+18,9,7,61,0,2017,10,14,5,3,5,3,1,1,0,0,0,0,0,6.40399E+20,5.35922E+21,1.08958E+16,4.83705E+16
183268,9.17101E+18,9,7,71,156,2017,10,7,5,3,8,1,0,1,0,0,0,0,0,6.50534E+20,5.38566E+21,1.10421E+16,4.86059E+16
183269,9.17101E+18,9,6,63,0,2017,10,15,5,3,2,6,0,1,0,0,1,0,1,5.67866E+20,5.51672E+21,9.94305E+15,4.97991E+16
183270,9.17101E+18,9,6,63,0,2017,10,17,5,3,5,2,1,1,0,0,0,0,0,5.66855E+20,5.5168E+21,9.92901E+15,4.97999E+16
183271,9.17101E+18,9,6,75,141,2017,10,15,5,2,0,1,0,0,0,1,0,0,1,5.83921E+20,5.50983E+21,1.01646E+16,4.97351E+16
183272,9.17101E+18,9,4,61,0,2017,10,17,5,2,2,6,0,0,0,1,1,0,1,6.35125E+20,5.52956E+21,1.08817E+16,4.99031E+16
183273,9.17101E+18,9,4,61,0,2017,10,9,5,3,1,6,0,1,0,1,0,0,0,6.36105E+20,5.52905E+21,1.08952E+16,4.98983E+16
183274,9.17101E+18,9,3,74,137,2017,10,6,5,3,6,4,0,1,1,0,0,2,0,7.49287E+20,5.49942E+21,1.24499E+16,4.95958E+16
183275,9.17101E+18,9,3,72,126,2017,10,10,5,3,0,3,1,1,0,0,0,0,0,7.78513E+20,5.4684E+21,1.28317E+16,4.93048E+16
183276,9.17101E+18,9,3,62,0,2017,10,16,5,3,0,1,1,0,0,0,0,0,0,7.25396E+20,5.43316E+21,1.20824E+16,4.90101E+16
183277,9.17101E+18,9,3,62,0,2017,10,7,5,3,3,6,0,1,0,0,0,0,0,7.25124E+20,5.43096E+21,1.20775E+16,4.89905E+16
183278,9.17101E+18,9,3,62,0,2017,10,17,5,2,1,5,1,1,0,0,0,0,1,7.31607E+20,5.4309E+21,1.2166E+16,4.89875E+16
183279,9.17101E+18,9,3,62,0,2017,10,14,5,3,4,2,1,1,0,0,0,0,0,7.25823E+20,5.43348E+21,1.20884E+16,4.90128E+16
183280,9.17101E+18,9,3,62,0,2017,10,17,5,3,1,6,0,1,0,0,0,0,1,7.27386E+20,5.43298E+21,1.21095E+16,4.90078E+16
183281,9.17101E+18,9,2,75,112,2017,10,15,5,3,5,7,0,1,0,0,0,0,0,8.02484E+20,5.38677E+21,1.31001E+16,4.85609E+16
183282,9.17101E+18,9,2,62,0,2017,10,18,5,2,4,2,0,1,0,1,0,2,1,8.26609E+20,5.38827E+21,1.34273E+16,4.85623E+16
183283,9.17101E+18,9,2,61,0,2017,10,22,5,3,0,1,1,0,0,0,0,2,1,7.3284E+20,5.38076E+21,1.21544E+16,4.85367E+16
183284,9.17101E+18,9,2,61,0,2017,10,7,5,3,3,6,0,1,0,0,1,0,0,7.31727E+20,5.38163E+21,1.21399E+16,4.85449E+16
183285,9.17101E+18,9,1,90,160,2017,10,13,5,2,4,1,1,1,0,0,0,0,0,6.44478E+20,5.28233E+21,1.09249E+16,4.76782E+16
183286,9.17101E+18,9,1,80,117,2017,10,14,5,3,2,6,1,1,0,0,0,0,0,6.57934E+20,5.2621E+21,1.10968E+16,4.74932E+16
183287,9.17101E+18,9,1,73,115,2017,10,16,5,3,2,6,0,1,0,0,0,0,0,6.80929E+20,5.28821E+21,1.14126E+16,4.77219E+16
183288,9.17101E+18,9,1,89,155,2017,10,14,5,2,6,7,0,0,1,0,1,0,0,7.72458E+20,5.30836E+21,1.26436E+16,4.78707E+16
183289,9.17101E+18,9,1,63,0,2017,10,18,5,3,4,3,0,1,0,0,0,1,1,7.33877E+20,5.30533E+21,1.21269E+16,4.78587E+16
183290,9.17101E+18,9,1,63,0,2017,10,2,5,3,5,3,1,1,0,0,0,2,0,7.34433E+20,5.30489E+21,1.21341E+16,4.78546E+16
183291,9.17101E+18,9,1,82,123,2017,10,5,5,2,9,1,0,1,0,0,0,2,0,7.17433E+20,5.29689E+21,1.19031E+16,4.77886E+16
183292,9.17101E+18,9,1,87,172,2017,10,16,5,3,0,1,1,0,0,0,0,0,0,7.43047E+20,5.29782E+21,1.22451E+16,4.77878E+16
183293,9.17101E+18,9,1,61,0,2017,10,15,5,3,3,6,1,0,0,0,0,0,0,6.79079E+20,5.40588E+21,1.14377E+16,4.87801E+16
183294,9.17101E+18,9,1,85,149,2017,10,9,5,3,1,5,0,1,0,0,0,0,0,6.61467E+20,5.39957E+21,1.11957E+16,4.87283E+16
183295,9.17101E+18,9,1,74,113,2017,10,17,5,3,2,6,0,1,0,1,0,0,0,6.73638E+20,5.3472E+21,1.13393E+16,4.82542E+16
183296,9.17101E+18,9,1,78,124,2017,10,18,5,3,5,3,1,1,0,0,0,2,1,7.03031E+20,5.36416E+21,1.1743E+16,4.83978E+16
183297,9.17101E+18,9,1,77,135,2017,10,11,5,3,4,7,0,1,0,0,1,0,0,7.19122E+20,5.34279E+21,1.19491E+16,4.82005E+16
183298,9.171E+18,9,1,62,0,2017,10,20,4,3,0,7,1,0,0,0,0,2,0,6.95275E+20,5.33623E+21,1.16255E+16,4.81493E+16
183299,9.171E+18,9,1,62,0,2017,10,4,4,3,1,1,1,1,0,0,0,2,1,6.95872E+20,5.33113E+21,1.16311E+16,4.81033E+16
183300,9.171E+18,9,1,62,0,2017,10,7,4,3,0,7,0,0,0,0,1,0,1,6.86247E+20,5.34176E+21,1.15066E+16,4.82017E+16
183301,9.171E+18,9,1,62,0,2017,10,7,4,3,6,7,0,1,1,0,0,1,0,6.91987E+20,5.34026E+21,1.15831E+16,4.81865E+16
183302,9.171E+18,9,1,62,0,2017,10,13,4,3,5,2,1,1,0,0,0,0,0,6.90915E+20,5.33565E+21,1.15666E+16,4.81454E+16
183303,9.171E+18,9,1,62,0,2017,10,8,4,3,3,2,1,1,0,0,0,0,0,6.94207E+20,5.33453E+21,1.16103E+16,4.81343E+16
183304,9.171E+18,9,1,62,0,2017,10,18,4,3,0,5,0,1,0,0,1,2,0,6.90566E+20,5.33326E+21,1.15609E+16,4.81241E+16
183305,9.171E+18,9,1,84,135,2017,10,18,4,3,5,3,0,1,0,1,0,2,1,6.89832E+20,5.34815E+21,1.15577E+16,4.82581E+16
183306,9.171E+18,9,1,62,0,2017,10,15,4,2,6,4,0,0,1,0,1,0,0,6.94515E+20,5.33509E+21,1.16147E+16,4.81393E+16
183307,9.171E+18,9,1,62,0,2017,10,12,4,2,0,5,1,1,0,0,0,0,0,6.99031E+20,5.33373E+21,1.16747E+16,4.81257E+16
183308,9.171E+18,9,1,62,0,2017,10,18,4,3,5,3,0,1,0,1,0,1,0,6.9475E+20,5.33426E+21,1.16175E+16,4.81318E+16
183309,9.171E+18,9,1,62,0,2017,10,12,4,3,1,7,1,0,0,0,1,0,0,6.90429E+20,5.33496E+21,1.15598E+16,4.81394E+16
183310,9.171E+18,9,1,62,0,2017,10,13,4,3,0,2,1,0,0,0,1,0,0,6.88964E+20,5.34173E+21,1.15432E+16,4.82006E+16
183311,9.171E+18,9,1,62,0,2017,10,10,4,3,5,3,1,1,0,0,0,0,0,6.86047E+20,5.34029E+21,1.15033E+16,4.81885E+16
183312,9.171E+18,9,1,62,0,2017,10,17,4,3,2,6,0,1,0,0,0,0,0,6.86523E+20,5.33963E+21,1.15094E+16,4.81825E+16
183313,9.171E+18,9,1,62,0,2017,10,16,4,2,0,1,0,0,0,1,0,0,0,6.89356E+20,5.33546E+21,1.15456E+16,4.81442E+16
183314,9.171E+18,9,1,62,0,2017,10,19,4,2,5,3,0,1,0,0,0,2,0,6.86789E+20,5.32806E+21,1.15079E+16,4.80784E+16
183315,9.171E+18,9,1,62,0,2017,10,8,4,3,0,1,1,0,0,0,0,0,0,6.92464E+20,5.33351E+21,1.15865E+16,4.81257E+16
183316,9.171E+18,9,1,62,0,2017,10,10,4,3,0,7,1,0,0,0,0,0,1,6.86678E+20,5.33157E+21,1.1508E+16,4.811E+16
183317,9.171E+18,9,1,62,0,2017,10,19,4,3,0,1,1,0,0,0,0,2,1,6.90852E+20,5.33857E+21,1.15671E+16,4.81717E+16
183318,9.171E+18,9,7,75,164,2017,10,5,4,3,6,4,0,1,1,0,0,2,0,5.85809E+20,5.35133E+21,1.01573E+16,4.83094E+16
183319,9.171E+18,9,7,75,135,2017,10,16,4,3,5,2,0,1,0,0,0,0,0,5.75617E+20,5.36001E+21,1.00214E+16,4.83888E+16
183320,9.171E+18,9,7,78,173,2017,10,13,4,3,0,3,1,1,0,0,0,0,0,6.12107E+20,5.32223E+21,1.05042E+16,4.80435E+16
183321,9.171E+18,9,7,80,139,2017,10,12,4,3,5,3,1,1,0,0,0,0,0,5.9746E+20,5.26372E+21,1.02945E+16,4.75196E+16
183322,9.171E+18,9,7,80,123,2017,10,13,4,2,0,1,1,0,0,0,0,0,1,6.07943E+20,5.25542E+21,1.04317E+16,4.74433E+16
183323,9.171E+18,9,7,76,116,2017,10,15,4,3,0,1,1,0,0,0,0,0,0,5.50357E+20,5.26762E+21,9.66939E+15,4.756E+16
183324,9.171E+18,9,7,79,194,2017,10,12,4,3,7,7,1,0,0,0,0,0,0,6.10573E+20,5.41171E+21,1.05072E+16,4.88485E+16
183325,9.171E+18,9,7,79,131,2017,10,15,4,3,5,3,0,1,0,1,0,0,0,6.29165E+20,5.39686E+21,1.07559E+16,4.87114E+16
183326,9.171E+18,9,7,73,139,2017,10,16,4,2,5,2,1,1,0,0,0,0,0,6.15476E+20,5.38594E+21,1.05668E+16,4.86159E+16
183327,9.171E+18,9,7,61,0,2017,10,9,4,3,0,7,0,0,0,0,1,0,0,6.41062E+20,5.36119E+21,1.09054E+16,4.83881E+16
183328,9.171E+18,9,7,61,0,2017,10,15,4,3,4,3,1,0,0,0,0,0,0,6.41963E+20,5.35996E+21,1.09171E+16,4.83768E+16
183329,9.171E+18,9,7,61,0,2017,10,6,4,3,6,1,0,1,1,0,0,2,0,6.39978E+20,5.35807E+21,1.08897E+16,4.83603E+16
183330,9.171E+18,9,7,61,0,2017,10,16,4,3,0,2,0,1,0,1,0,0,0,6.39839E+20,5.36E+21,1.08885E+16,4.83777E+16
183331,9.171E+18,9,7,71,141,2017,10,6,4,3,1,5,0,1,0,0,0,2,0,6.56046E+20,5.37524E+21,1.11129E+16,4.85109E+16
183332,9.171E+18,9,6,61,0,2017,10,16,4,3,0,1,1,0,0,0,0,0,0,5.08286E+20,5.53383E+21,9.11552E+15,4.99567E+16
183333,9.171E+18,9,6,61,0,2017,10,7,4,3,5,3,1,1,0,0,0,0,0,5.09547E+20,5.53701E+21,9.13317E+15,4.99853E+16
183334,9.171E+18,9,5,76,147,2017,10,22,4,3,0,7,0,1,0,0,0,2,0,6.43809E+20,5.44915E+21,1.09733E+16,4.91783E+16
183335,9.171E+18,9,5,74,123,2017,10,10,4,2,6,4,0,1,1,0,0,0,0,6.60582E+20,5.47151E+21,1.12122E+16,4.93751E+16
183336,9.171E+18,9,5,64,0,2017,10,15,4,3,5,2,1,1,0,0,0,0,0,6.51E+20,5.48078E+21,1.10838E+16,4.94609E+16
183337,9.171E+18,9,5,64,0,2017,10,18,4,2,2,6,0,1,0,0,0,0,0,6.49725E+20,5.4795E+21,1.10658E+16,4.94497E+16
183338,9.171E+18,9,5,64,0,2017,10,16,4,3,5,2,0,1,0,0,0,0,0,6.51272E+20,5.47946E+21,1.10871E+16,4.94489E+16
183339,9.171E+18,9,5,64,0,2017,10,18,4,3,6,4,0,1,1,0,0,0,0,6.51163E+20,5.47852E+21,1.10852E+16,4.94406E+16
183340,9.171E+18,9,5,64,0,2017,10,14,4,3,5,3,0,1,0,0,0,0,0,6.47893E+20,5.47774E+21,1.10398E+16,4.94343E+16
183341,9.171E+18,9,5,64,0,2017,10,14,4,3,3,6,0,1,0,0,0,0,0,6.5169E+20,5.47809E+21,1.10923E+16,4.94365E+16
183342,9.171E+18,9,5,64,0,2017,10,7,4,3,2,6,0,1,0,0,0,0,0,6.45636E+20,5.48018E+21,1.10096E+16,4.94568E+16
183343,9.171E+18,9,5,71,145,2017,10,17,4,3,5,3,0,1,0,0,0,0,0,5.96881E+20,5.44689E+21,1.0329E+16,4.91672E+16
183344,9.171E+18,9,4,64,0,2017,10,12,4,3,5,3,0,1,0,0,0,0,0,7.0877E+20,5.57816E+21,1.19327E+16,5.03186E+16
183345,9.171E+18,9,4,62,0,2017,10,17,4,3,6,2,0,1,1,0,0,0,0,6.82928E+20,5.53569E+21,1.15497E+16,4.99456E+16
183346,9.171E+18,9,4,74,154,2017,10,8,4,2,1,5,0,1,0,0,1,0,0,6.53851E+20,5.49726E+21,1.11296E+16,4.96083E+16
183347,9.171E+18,9,4,61,0,2017,10,17,4,3,6,7,0,0,1,0,1,0,0,6.38685E+20,5.5269E+21,1.09303E+16,4.98784E+16
183348,9.171E+18,9,3,63,0,2017,10,6,4,3,4,6,1,1,0,0,0,2,0,7.24311E+20,5.50759E+21,1.21095E+16,4.9679E+16
183349,9.171E+18,9,3,63,0,2017,10,7,4,2,1,5,0,1,0,0,0,0,0,7.26741E+20,5.50885E+21,1.21439E+16,4.96895E+16
183350,9.171E+18,9,3,75,174,2017,10,8,4,2,6,4,0,1,1,0,0,0,0,7.34111E+20,5.43137E+21,1.22004E+16,4.89908E+16
183351,9.171E+18,9,3,62,0,2017,10,14,4,3,3,6,1,1,0,0,0,0,0,7.25341E+20,5.43375E+21,1.2082E+16,4.90155E+16
183352,9.171E+18,9,3,76,163,2017,10,14,4,3,5,3,0,1,0,0,1,0,0,7.27448E+20,5.47555E+21,1.21344E+16,4.93901E+16
183353,9.171E+18,9,2,75,126,2017,10,21,4,3,9,1,0,1,0,0,0,2,0,8.36939E+20,5.39758E+21,1.35744E+16,4.86404E+16
183354,9.171E+18,9,2,77,138,2017,10,6,4,3,4,2,1,1,0,0,0,1,0,7.90892E+20,5.37158E+21,1.29328E+16,4.84301E+16
183355,9.171E+18,9,2,77,133,2017,10,17,4,3,2,6,0,1,0,0,0,0,0,7.66857E+20,5.36709E+21,1.26057E+16,4.84004E+16
183356,9.171E+18,9,2,77,116,2017,10,7,4,3,5,3,0,1,0,0,0,0,0,7.78747E+20,5.36814E+21,1.27667E+16,4.84047E+16
183357,9.171E+18,9,2,79,115,2017,10,20,4,3,0,7,1,0,0,0,0,2,0,7.60411E+20,5.38291E+21,1.25286E+16,4.85452E+16
183358,9.171E+18,9,1,83,148,2017,10,0,4,3,1,1,0,1,0,0,1,2,0,7.53775E+20,5.34555E+21,1.24163E+16,4.82124E+16
183359,9.171E+18,9,1,89,155,2017,10,10,4,2,0,7,1,0,0,0,0,0,0,7.71782E+20,5.30919E+21,1.26351E+16,4.78784E+16
183360,9.171E+18,9,1,61,0,2017,10,13,4,3,1,5,0,1,0,0,0,0,0,6.78426E+20,5.40256E+21,1.14274E+16,4.87505E+16
183361,9.171E+18,9,1,61,0,2017,10,10,4,3,5,2,0,1,0,0,0,0,0,6.80166E+20,5.40555E+21,1.14524E+16,4.87768E+16
183362,9.171E+18,9,1,85,149,2017,10,13,4,3,4,6,1,0,0,0,0,0,0,6.60973E+20,5.40002E+21,1.11892E+16,4.87324E+16
183363,9.171E+18,9,1,86,122,2017,10,16,4,3,0,1,1,0,0,0,0,0,0,6.92293E+20,5.39562E+21,1.16126E+16,4.8684E+16
183364,9.171E+18,9,1,76,123,2017,10,16,4,3,0,7,1,1,0,0,0,0,0,6.58405E+20,5.41847E+21,1.11614E+16,4.88989E+16
183365,9.171E+18,9,1,81,138,2017,10,17,4,3,0,7,1,0,0,0,0,0,0,6.40924E+20,5.33721E+21,1.08955E+16,4.81725E+16
183366,9.171E+18,9,1,88,121,2017,10,15,4,3,5,3,1,1,0,0,0,0,0,6.69932E+20,5.33214E+21,1.12834E+16,4.81199E+16
183367,9.171E+18,9,1,74,126,2017,10,16,4,3,0,1,1,0,0,0,0,0,0,6.82629E+20,5.34285E+21,1.14585E+16,4.82126E+16
183368,9.171E+18,9,1,75,139,2017,10,9,4,3,6,6,0,1,1,0,0,0,0,7.10343E+20,5.33063E+21,1.18251E+16,4.80942E+16
183369,9.171E+18,9,1,77,117,2017,10,15,4,3,0,7,1,0,0,0,0,0,0,7.14712E+20,5.35343E+21,1.18952E+16,4.82976E+16
183370,9.171E+18,9,1,77,119,2017,10,12,4,3,0,7,1,0,0,0,0,0,0,7.21427E+20,5.34112E+21,1.19792E+16,4.81847E+16
183371,9.171E+18,9,1,77,117,2017,10,11,4,3,5,3,1,1,0,0,0,0,0,7.15137E+20,5.35465E+21,1.19015E+16,4.83084E+16
183372,9.171E+18,9,1,62,0,2017,10,20,3,3,5,3,0,1,0,0,0,2,0,6.92634E+20,5.33484E+21,1.15894E+16,4.81376E+16
183373,9.171E+18,9,1,62,0,2017,10,17,3,3,0,4,1,0,1,0,0,0,0,6.92185E+20,5.33435E+21,1.15831E+16,4.81334E+16
183374,9.171E+18,9,1,62,0,2017,10,1,3,3,2,6,1,1,0,0,0,2,1,6.90952E+20,5.33509E+21,1.15669E+16,4.81404E+16
183375,9.171E+18,9,1,62,0,2017,10,1,3,3,5,2,0,1,0,0,0,2,1,6.90247E+20,5.33624E+21,1.15579E+16,4.81509E+16
183376,9.171E+18,9,7,80,133,2017,10,17,3,3,0,1,0,0,0,0,1,0,0,5.99164E+20,5.24936E+21,1.0314E+16,4.73901E+16
183377,9.171E+18,9,7,80,132,2017,10,22,3,3,6,4,0,1,1,0,0,2,0,5.76927E+20,5.26728E+21,1.00225E+16,4.75544E+16
183378,9.171E+18,9,6,74,147,2017,10,18,3,2,6,4,0,1,1,0,0,0,0,6.07708E+20,5.54311E+21,1.05039E+16,5.00306E+16
183379,9.171E+18,9,6,76,121,2017,10,11,3,3,5,3,1,0,0,0,1,0,0,5.11394E+20,5.52066E+21,9.15846E+15,4.98383E+16
183380,9.171E+18,9,5,64,0,2017,10,18,3,3,5,2,0,1,0,0,0,2,1,6.50149E+20,5.47909E+21,1.10715E+16,4.9446E+16
183381,9.171E+18,9,5,71,136,2017,10,15,3,2,0,7,1,0,0,0,0,0,0,5.98397E+20,5.43548E+21,1.0347E+16,4.90643E+16
183382,9.171E+18,9,4,75,171,2017,10,13,3,3,4,3,1,1,0,0,0,0,1,6.95734E+20,5.57726E+21,1.17493E+16,5.03149E+16
183383,9.171E+18,9,4,78,111,2017,10,14,3,3,5,3,0,1,0,1,0,0,1,6.60376E+20,5.55575E+21,1.12441E+16,5.01323E+16
183384,9.171E+18,9,4,61,0,2017,10,11,3,3,2,6,0,1,0,0,0,0,1,6.36013E+20,5.5287E+21,1.08938E+16,4.98952E+16
183385,9.171E+18,9,3,75,190,2017,10,13,3,3,5,3,0,1,0,0,0,0,0,7.27005E+20,5.44433E+21,1.21107E+16,4.91098E+16
183386,9.171E+18,9,3,62,0,2017,10,16,3,2,7,1,1,0,0,0,0,0,0,7.25715E+20,5.4335E+21,1.2087E+16,4.9013E+16
183387,9.171E+18,9,2,71,135,2017,10,15,3,3,4,6,0,1,0,1,0,0,0,7.91063E+20,5.40676E+21,1.29597E+16,4.87458E+16
183388,9.171E+18,9,2,75,134,2017,10,17,3,3,0,7,0,0,1,0,1,0,1,8.24474E+20,5.37458E+21,1.33878E+16,4.84406E+16
183389,9.171E+18,9,2,74,146,2017,10,13,3,3,5,3,1,1,0,0,0,0,1,7.32976E+20,5.37657E+21,1.21539E+16,4.8499E+16
183390,9.171E+18,9,1,90,148,2017,10,13,3,3,0,1,1,0,0,0,0,0,1,6.43804E+20,5.29722E+21,1.09209E+16,4.78123E+16
183391,9.171E+18,9,1,88,145,2017,10,17,3,2,0,7,1,0,0,0,0,0,0,6.63842E+20,5.32683E+21,1.11996E+16,4.80737E+16
183392,9.171E+18,9,1,62,0,2017,10,22,2,3,5,3,0,1,0,0,0,2,1,6.91879E+20,5.33464E+21,1.15791E+16,4.8136E+16
183393,9.171E+18,9,1,84,120,2017,10,17,2,3,5,3,0,1,0,0,0,0,0,6.8019E+20,5.33266E+21,1.14213E+16,4.81217E+16
183394,9.171E+18,9,1,62,0,2017,10,16,2,3,0,7,0,0,0,0,1,0,1,6.89638E+20,5.34215E+21,1.15524E+16,4.82042E+16
183395,9.171E+18,9,1,62,0,2017,10,8,2,3,2,6,0,1,0,1,0,0,0,6.90538E+20,5.33526E+21,1.15614E+16,4.8142E+16
183396,9.171E+18,9,1,62,0,2017,10,15,2,3,5,7,0,1,0,0,0,0,0,6.91568E+20,5.34051E+21,1.15776E+16,4.81889E+16
183397,9.171E+18,9,1,62,0,2017,10,0,2,3,5,2,1,1,0,0,0,2,0,6.89643E+20,5.33566E+21,1.15496E+16,4.81459E+16
183398,9.171E+18,9,1,62,0,2017,10,8,2,3,3,2,0,1,0,0,1,0,0,6.86507E+20,5.33487E+21,1.15071E+16,4.81397E+16
183399,9.171E+18,9,1,84,145,2017,10,19,2,3,6,7,0,1,1,0,0,2,1,6.94846E+20,5.32494E+21,1.16146E+16,4.8048E+16