OBJECTID,UIDENTSTLA,ULAND,UREGBEZ,UKREIS,UGEMEINDE,UJAHR,UMONAT,USTUNDE,UWOCHENTAG,UKATEGORIE,UART,UTYP1,IstRad,IstPKW,IstFuss,IstKrad,IstSonstig,LICHT,STRZUSTAND,LINREFX,LINREFY,XGCSWGS84,YGCSWGS84
183573,9.17101E+18,9,5,61,0,2017,10,8,3,3,0,7,1,0,0,0,0,0,0,6.15238E+20,5.46186E+21,1.05851E+16,4.92986E+16
183574,9.17101E+18,9,4,73,151,2017,10,20,3,3,4,2,0,1,0,0,0,2,0,6.49551E+20,5.57606E+21,1.11007E+16,5.03176E+16
183575,9.17101E+18,9,4,63,0,2017,10,7,3,3,4,2,0,1,0,1,0,0,1,6.40702E+20,5.56908E+21,1.09739E+16,5.02571E+16
183576,9.17101E+18,9,4,62,0,2017,10,19,3,3,0,7,0,1,1,0,0,2,1,6.84819E+20,5.53703E+21,1.15767E+16,4.99569E+16
183577,9.17101E+18,9,4,62,0,2017,10,8,3,3,5,3,0,1,0,1,0,0,1,6.87265E+20,5.53774E+21,1.16111E+16,4.99626E+16
183578,9.17101E+18,9,4,74,126,2017,10,18,3,3,0,7,0,1,1,0,0,0,0,6.4914E+20,5.50918E+21,1.10689E+16,4.97166E+16
183579,9.17101E+18,9,3,72,158,2017,10,8,3,3,8,1,0,1,0,0,0,0,0,7.63544E+20,5.45459E+21,1.26171E+16,4.91874E+16
183580,9.17101E+18,9,3,62,0,2017,10,15,3,3,1,6,0,1,0,0,0,0,0,7.25812E+20,5.43339E+21,1.20882E+16,4.9012E+16
183581,9.17101E+18,9,3,73,126,2017,10,7,3,3,2,6,0,1,0,0,0,0,1,6.69768E+20,5.45649E+21,1.13323E+16,4.92377E+16
183582,9.17101E+18,9,3,76,175,2017,10,17,3,3,0,6,1,1,1,0,0,0,0,7.30822E+20,5.46663E+21,1.21757E+16,4.93087E+16
183583,9.17101E+18,9,2,76,148,2017,10,13,3,3,1,3,0,1,0,0,0,0,1,8.0835E+20,5.43845E+21,1.32181E+16,4.90218E+16
183584,9.17101E+18,9,2,71,119,2017,10,15,3,3,2,6,0,1,0,0,0,0,0,7.9032E+20,5.41863E+21,1.2958E+16,4.88526E+16
183585,9.17101E+18,9,2,62,0,2017,10,11,3,3,0,7,0,1,0,0,0,0,0,8.25469E+20,5.38734E+21,1.34111E+16,4.85545E+16
183586,9.17101E+18,9,2,61,0,2017,10,15,3,3,0,7,1,1,0,0,0,0,0,7.32102E+20,5.38109E+21,1.21446E+16,4.85399E+16
183587,9.17101E+18,9,2,73,116,2017,10,19,3,3,5,3,0,1,0,1,0,2,1,7.23047E+20,5.42513E+21,1.2046E+16,4.89389E+16
183588,9.17101E+18,9,1,73,112,2017,10,9,3,3,0,7,0,0,0,1,1,0,1,6.92105E+20,5.29271E+21,1.15635E+16,4.77591E+16
183589,9.17101E+18,9,1,73,112,2017,10,9,3,3,0,7,0,0,0,1,1,0,1,6.92109E+20,5.29271E+21,1.15635E+16,4.77591E+16
183590,9.17101E+18,9,1,63,0,2017,10,14,3,3,3,5,1,1,0,0,0,0,0,7.33455E+20,5.30459E+21,1.21209E+16,4.78522E+16
183591,9.17101E+18,9,1,61,0,2017,10,10,3,3,5,3,1,1,0,0,0,0,0,6.76241E+20,5.40461E+21,1.13986E+16,4.87695E+16
183592,9.17101E+18,9,1,79,126,2017,10,7,3,3,5,3,1,1,0,0,0,0,0,6.77468E+20,5.34013E+21,1.13879E+16,4.81896E+16
183593,9.17101E+18,9,1,74,115,2017,10,15,3,2,0,2,0,1,0,1,0,0,0,6.81191E+20,5.34711E+21,1.14409E+16,4.82513E+16
183594,9.17101E+18,9,1,62,0,2017,10,18,2,3,5,7,1,1,0,0,0,2,1,6.88869E+20,5.33131E+21,1.15372E+16,4.8107E+16
183595,9.17101E+18,9,1,62,0,2017,10,9,2,3,5,3,0,1,0,0,0,0,1,6.9548E+20,5.335E+21,1.16277E+16,4.81382E+16
183596,9.17101E+18,9,1,62,0,2017,10,8,2,3,5,2,0,1,0,0,1,0,1,6.80638E+20,5.33848E+21,1.14298E+16,4.81739E+16
183597,9.17101E+18,9,1,62,0,2017,10,16,2,3,4,6,1,0,0,0,0,0,1,6.90378E+20,5.33852E+21,1.15607E+16,4.81714E+16
183598,9.17101E+18,9,1,62,0,2017,10,15,2,3,5,3,0,1,0,0,0,0,0,6.88949E+20,5.33335E+21,1.15392E+16,4.81253E+16
183599,9.17101E+18,9,1,62,0,2017,10,14,2,3,6,5,0,1,1,0,0,0,0,6.91759E+20,5.332E+21,1.15763E+16,4.81124E+16
183600,9.17101E+18,9,1,62,0,2017,10,8,2,3,5,2,1,1,0,0,0,0,1,6.88356E+20,5.3308E+21,1.15301E+16,4.81026E+16
183601,9.17101E+18,9,1,62,0,2017,10,12,2,3,2,6,0,1,0,0,0,0,0,6.8239E+20,5.33404E+21,1.14515E+16,4.81334E+16
183602,9.17101E+18,9,1,62,0,2017,10,11,2,3,5,3,0,1,0,0,0,0,1,6.87912E+20,5.34361E+21,1.15298E+16,4.82178E+16
183603,9.17101E+18,9,1,62,0,2017,10,16,2,3,1,7,1,1,0,0,0,0,0,6.89449E+20,5.33708E+21,1.15476E+16,4.81588E+16
183604,9.17101E+18,9,1,62,0,2017,10,20,2,3,0,6,1,0,1,0,0,2,0,6.88916E+20,5.33672E+21,1.15403E+16,4.81557E+16
183605,9.17101E+18,9,1,62,0,2017,10,8,2,3,0,1,0,0,0,1,0,0,1,6.86244E+20,5.33324E+21,1.15029E+16,4.81251E+16
183606,9.17101E+18,9,1,62,0,2017,10,8,2,3,0,1,0,0,0,1,0,0,1,6.95476E+20,5.33107E+21,1.16258E+16,4.81029E+16
183607,9.17101E+18,9,1,62,0,2017,10,10,2,3,5,3,0,1,0,0,1,0,1,6.94166E+20,5.33461E+21,1.16098E+16,4.81351E+16
183608,9.17101E+18,9,1,62,0,2017,10,15,2,3,3,5,1,1,0,0,0,0,0,6.91761E+20,5.33494E+21,1.15777E+16,4.81388E+16
183609,9.17101E+18,9,7,62,0,2017,10,13,2,3,0,1,1,0,0,0,0,0,0,6.21803E+20,5.3038E+21,1.0629E+16,4.78759E+16
183610,9.17101E+18,9,7,76,116,2017,10,18,2,3,0,1,1,0,0,0,0,0,0,5.52602E+20,5.26803E+21,9.69928E+15,4.75636E+16
183611,9.17101E+18,9,7,76,116,2017,10,16,2,3,5,2,1,1,0,0,0,0,0,5.50802E+20,5.26746E+21,9.6753E+15,4.75586E+16
183612,9.17101E+18,9,7,76,116,2017,10,17,2,3,0,3,0,1,1,0,0,0,1,5.50316E+20,5.26763E+21,9.66885E+15,4.75601E+16
183613,9.17101E+18,9,7,77,129,2017,10,17,2,2,0,6,1,0,0,0,0,0,1,6.27789E+20,5.26965E+21,1.0699E+16,4.75677E+16
183614,9.17101E+18,9,7,61,0,2017,10,9,2,3,5,3,1,0,0,0,0,0,1,6.39303E+20,5.36013E+21,1.08813E+16,4.83789E+16
183615,9.17101E+18,9,7,61,0,2017,10,8,2,3,0,3,0,1,0,0,1,0,1,6.40959E+20,5.3572E+21,1.09027E+16,4.83523E+16
183616,9.17101E+18,9,6,77,157,2017,10,7,2,3,5,2,0,1,0,1,0,0,0,5.44896E+20,5.52188E+21,9.62448E+15,4.98476E+16
183617,9.17101E+18,9,6,76,122,2017,10,14,2,3,6,4,0,1,1,0,0,0,0,5.11326E+20,5.51664E+21,9.1574E+15,4.98021E+16
183618,9.17101E+18,9,5,72,132,2017,10,12,2,2,5,2,1,0,0,0,1,0,0,6.36992E+20,5.49215E+21,1.08946E+16,4.95665E+16
183619,9.17101E+18,9,5,62,0,2017,10,17,2,3,0,7,1,0,0,0,0,0,0,6.45043E+20,5.49576E+21,1.10072E+16,4.9597E+16
183620,9.17101E+18,9,5,64,0,2017,10,9,2,3,3,7,0,1,0,0,1,0,0,6.52383E+20,5.48069E+21,1.11029E+16,4.94597E+16
183621,9.17101E+18,9,5,64,0,2017,10,11,2,3,0,7,0,1,0,0,0,0,0,6.50481E+20,5.48444E+21,1.10781E+16,4.9494E+16
183622,9.17101E+18,9,5,71,145,2017,10,6,2,3,0,3,0,1,0,0,0,2,1,5.98361E+20,5.4502E+21,1.03501E+16,4.91967E+16
183623,9.17101E+18,9,4,75,136,2017,10,6,2,3,5,3,0,1,0,0,0,1,1,6.93457E+20,5.56818E+21,1.17128E+16,5.02341E+16
183624,9.17101E+18,9,4,72,175,2017,10,17,2,3,8,1,0,0,0,1,0,0,0,6.83157E+20,5.51442E+21,1.15429E+16,4.97544E+16
183625,9.17101E+18,9,3,62,0,2017,10,19,2,3,5,3,1,1,0,0,0,2,1,7.25486E+20,5.43214E+21,1.20831E+16,4.90009E+16
183626,9.17101E+18,9,3,62,0,2017,10,19,2,3,2,6,0,1,0,0,0,2,0,7.27467E+20,5.4323E+21,1.21102E+16,4.90016E+16
183627,9.17101E+18,9,3,73,147,2017,10,12,2,3,5,3,0,1,0,0,0,0,0,6.79764E+20,5.46024E+21,1.14711E+16,4.92685E+16
183628,9.17101E+18,9,2,76,130,2017,10,15,2,3,4,6,1,0,0,0,0,0,0,8.10911E+20,5.43983E+21,1.32541E+16,4.90329E+16
183629,9.17101E+18,9,2,61,0,2017,10,17,2,3,5,3,1,1,0,0,0,0,0,7.31465E+20,5.3818E+21,1.21364E+16,4.85465E+16
183630,9.17101E+18,9,2,61,0,2017,10,16,2,3,6,7,1,0,1,0,0,0,0,7.32385E+20,5.38141E+21,1.21486E+16,4.85427E+16
183631,9.17101E+18,9,2,74,113,2017,10,17,2,3,0,6,1,0,0,1,0,0,0,7.29717E+20,5.38277E+21,1.21133E+16,4.85559E+16
183632,9.17101E+18,9,2,73,166,2017,10,7,2,3,0,7,1,0,0,0,0,0,1,7.14004E+20,5.42033E+21,1.19201E+16,4.88989E+16
183633,9.17101E+18,9,1,72,118,2017,10,7,2,3,5,3,0,1,0,1,0,1,1,7.9648E+20,5.30579E+21,1.29624E+16,4.7837E+16
183634,9.17101E+18,9,1,63,0,2017,10,13,2,3,2,6,0,1,0,0,0,0,0,7.31912E+20,5.30458E+21,1.21003E+16,4.78527E+16
183635,9.17101E+18,9,1,63,0,2017,10,17,2,3,5,3,0,1,0,0,0,0,0,7.32208E+20,5.3046E+21,1.21042E+16,4.78528E+16
183636,9.17101E+18,9,1,61,0,2017,10,8,2,3,2,6,0,1,0,0,1,0,0,6.77611E+20,5.40408E+21,1.1417E+16,4.87643E+16
183637,9.17101E+18,9,1,74,126,2017,10,11,2,3,0,7,1,1,0,0,0,0,0,6.83448E+20,5.34494E+21,1.14704E+16,4.82311E+16
183638,9.17101E+18,9,1,74,115,2017,10,19,2,3,5,3,0,1,0,0,0,2,0,6.80814E+20,5.34716E+21,1.14359E+16,4.82519E+16
183639,9.17101E+18,9,1,74,126,2017,10,16,2,3,1,6,0,1,0,0,0,0,0,6.83411E+20,5.34457E+21,1.14697E+16,4.82278E+16
183640,9.17101E+18,9,1,74,115,2017,10,13,2,3,5,2,0,1,0,0,0,0,1,6.81314E+20,5.34783E+21,1.14429E+16,4.82578E+16
183641,9.17101E+18,9,1,75,135,2017,10,15,2,2,6,4,1,0,1,0,0,0,0,7.09306E+20,5.33867E+21,1.18151E+16,4.81668E+16
183642,9.17101E+18,9,1,78,120,2017,10,8,2,3,0,1,1,0,0,0,0,0,1,6.94023E+20,5.35282E+21,1.16162E+16,4.82988E+16
183643,9.17101E+18,9,1,62,0,2017,10,5,1,3,9,1,0,1,1,0,0,2,1,6.9234E+20,5.33778E+21,1.15868E+16,4.81642E+16
183644,9.17101E+18,9,1,62,0,2017,10,18,1,3,2,2,0,1,0,0,0,2,1,6.89015E+20,5.3362E+21,1.15414E+16,4.81509E+16
183645,9.17101E+18,9,1,62,0,2017,10,18,1,2,5,3,0,1,0,1,0,2,1,6.92457E+20,5.33212E+21,1.15858E+16,4.81132E+16
183646,9.17101E+18,9,7,72,147,2017,10,19,1,3,4,2,1,1,0,0,0,2,1,6.39025E+20,5.36503E+21,1.08792E+16,4.84231E+16
183647,9.17101E+18,9,7,61,0,2017,10,17,1,3,5,3,0,1,1,0,0,1,0,6.44139E+20,5.35642E+21,1.09453E+16,4.83445E+16
183648,9.17101E+18,9,7,61,0,2017,10,20,1,3,5,3,0,1,0,1,0,2,1,6.39614E+20,5.36006E+21,1.08855E+16,4.83782E+16
183649,9.17101E+18,9,6,62,0,2017,10,16,1,3,5,3,0,1,0,0,0,0,0,5.86436E+20,5.54425E+21,1.02072E+16,5.00443E+16
183650,9.17101E+18,9,6,71,130,2017,10,12,1,3,8,1,0,1,0,0,0,2,0,5.14725E+20,5.54317E+21,9.20563E+15,5.00406E+16
183651,9.17101E+18,9,5,74,123,2017,10,19,1,3,2,6,0,1,0,0,0,0,0,6.59412E+20,5.4743E+21,1.11972E+16,4.94005E+16
183652,9.17101E+18,9,5,65,0,2017,10,14,1,3,0,7,0,0,0,1,0,0,1,6.47567E+20,5.46633E+21,1.10311E+16,4.93318E+16
183653,9.17101E+18,9,5,65,0,2017,10,14,1,3,0,5,0,1,0,1,0,0,0,6.47746E+20,5.46683E+21,1.10338E+16,4.93363E+16
183654,9.17101E+18,9,5,65,0,2017,10,12,1,2,5,3,0,1,0,0,0,0,0,6.49651E+20,5.46511E+21,1.10593E+16,4.93203E+16
183655,9.17101E+18,9,5,63,0,2017,10,12,1,2,0,7,0,0,0,0,1,0,0,6.44117E+20,5.48241E+21,1.09895E+16,4.94772E+16
183656,9.17101E+18,9,3,71,151,2017,10,14,1,3,2,6,0,1,0,0,0,0,1,6.97137E+20,5.48756E+21,1.17232E+16,4.95086E+16
183657,9.17101E+18,9,3,76,163,2017,10,18,1,3,4,2,0,1,0,0,0,2,1,7.27386E+20,5.47621E+21,1.2134E+16,4.9396E+16
183658,9.17101E+18,9,2,73,177,2017,10,12,1,3,5,3,0,1,0,0,0,0,1,7.07849E+20,5.40185E+21,1.18269E+16,4.8735E+16
183659,9.17101E+18,9,1,80,124,2017,10,11,1,3,5,3,0,1,0,0,1,0,0,6.66379E+20,5.28468E+21,1.12174E+16,4.76941E+16
183660,9.17101E+18,9,1,87,177,2017,10,15,1,3,6,4,1,0,1,0,0,0,0,7.38259E+20,5.30497E+21,1.21852E+16,4.78538E+16
183661,9.17101E+18,9,1,87,122,2017,10,0,1,3,0,1,1,0,0,0,0,2,1,7.16768E+20,5.30669E+21,1.18991E+16,4.7877E+16
183662,9.17101E+18,9,1,74,137,2017,10,11,1,3,4,6,0,1,0,0,0,0,0,6.59333E+20,5.35308E+21,1.1149E+16,4.83108E+16
183663,9.17101E+18,9,1,62,0,2017,10,14,7,3,6,1,1,0,1,0,0,0,0,6.91968E+20,5.33851E+21,1.15821E+16,4.81708E+16
183664,9.17101E+18,9,1,62,0,2017,10,15,7,3,4,3,0,1,0,0,0,0,0,6.93906E+20,5.3351E+21,1.16066E+16,4.81396E+16
183665,9.17101E+18,9,1,62,0,2017,10,11,7,3,2,6,0,1,0,0,0,0,0,6.91471E+20,5.33744E+21,1.15749E+16,4.81613E+16
183666,9.17101E+18,9,1,62,0,2017,10,22,7,3,5,3,0,1,0,0,0,2,0,6.89892E+20,5.33155E+21,1.15511E+16,4.81089E+16
183667,9.17101E+18,9,1,62,0,2017,10,15,7,3,5,2,1,1,0,0,0,0,0,6.85458E+20,5.32874E+21,1.14904E+16,4.80849E+16
183668,9.17101E+18,9,1,62,0,2017,10,5,7,3,6,7,0,0,1,0,1,2,1,6.93809E+20,5.33391E+21,1.16047E+16,4.81289E+16
183669,9.17101E+18,9,7,75,135,2017,10,21,7,3,4,3,0,1,0,0,0,2,0,5.7979E+20,5.35949E+21,1.00777E+16,4.83836E+16
183670,9.17101E+18,9,7,75,135,2017,10,7,7,3,5,3,1,1,0,0,0,0,1,5.741E+20,5.36038E+21,1.0001E+16,4.83922E+16
183671,9.17101E+18,9,7,75,111,2017,10,11,7,3,4,6,0,1,0,0,1,0,0,5.82785E+20,5.33768E+21,1.01138E+16,4.81869E+16
183672,9.17101E+18,9,7,77,151,2017,10,12,7,3,5,3,1,1,0,0,0,0,0,6.20954E+20,5.29275E+21,1.06145E+16,4.77767E+16
183673,9.17101E+18,9,7,76,116,2017,10,12,7,3,0,1,1,0,0,0,0,0,0,5.51405E+20,5.26626E+21,9.68317E+15,4.75477E+16
183674,9.17101E+18,9,7,62,0,2017,10,15,7,3,1,1,0,1,0,1,0,0,0,6.22073E+20,5.3045E+21,1.06328E+16,4.78823E+16
183675,9.17101E+18,9,7,62,0,2017,10,18,7,3,0,7,1,0,0,0,0,2,0,6.21339E+20,5.30621E+21,1.06234E+16,4.78978E+16
183676,9.17101E+18,9,7,72,200,2017,10,12,7,2,0,1,0,0,0,1,0,0,0,6.3007E+20,5.3375E+21,1.07497E+16,4.81774E+16
183677,9.17101E+18,9,7,72,207,2017,10,14,7,3,5,3,0,1,0,0,0,0,0,6.39979E+20,5.38129E+21,1.08975E+16,4.85691E+16
183678,9.17101E+18,9,7,71,130,2017,10,14,7,3,5,3,0,1,0,0,0,0,0,6.47364E+20,5.36051E+21,1.09902E+16,4.83805E+16
183679,9.17101E+18,9,7,61,0,2017,10,12,7,3,5,3,0,1,0,0,0,0,0,6.39196E+20,5.36166E+21,1.08804E+16,4.83927E+16
183680,9.17101E+18,9,7,61,0,2017,10,13,7,3,2,6,0,1,0,0,0,0,0,6.41761E+20,5.36175E+21,1.0915E+16,4.8393E+16
183681,9.17101E+18,9,6,63,0,2017,10,20,7,2,1,6,0,1,0,1,0,2,0,5.68046E+20,5.51266E+21,9.94483E+15,4.97626E+16
183682,9.17101E+18,9,6,63,0,2017,10,0,7,3,5,3,0,1,0,1,0,2,1,5.67497E+20,5.51506E+21,9.93764E+15,4.97842E+16
183683,9.17101E+18,9,5,62,0,2017,10,8,7,3,0,3,0,1,0,0,0,0,0,6.44629E+20,5.49302E+21,1.10004E+16,4.95725E+16
183684,9.17101E+18,9,5,74,138,2017,10,7,7,3,0,3,1,1,0,0,0,0,1,6.65012E+20,5.48639E+21,1.12794E+16,4.95077E+16
183685,9.17101E+18,9,5,76,126,2017,10,13,7,3,0,7,0,0,0,1,1,0,0,6.54392E+20,5.44477E+21,1.11167E+16,4.91363E+16
183686,9.17101E+18,9,5,64,0,2017,10,19,7,3,0,1,1,0,0,0,0,2,1,6.50993E+20,5.47919E+21,1.10831E+16,4.94466E+16
183687,9.17101E+18,9,5,73,127,2017,10,21,7,3,0,1,1,0,0,0,0,2,0,6.45989E+20,5.4748E+21,1.10125E+16,4.94084E+16
183688,9.17101E+18,9,5,71,137,2017,10,23,7,3,6,7,0,1,1,0,0,2,1,5.93553E+20,5.45643E+21,1.02856E+16,4.92535E+16
183689,9.17101E+18,9,5,71,174,2017,10,14,7,3,5,3,0,1,0,0,0,0,0,6.07396E+20,5.46297E+21,1.04775E+16,4.931E+16
183690,9.17101E+18,9,4,75,184,2017,10,11,7,2,8,7,0,1,0,0,0,0,1,7.06257E+20,5.56315E+21,1.18893E+16,5.01846E+16
183691,9.17101E+18,9,4,64,0,2017,10,17,7,3,2,6,0,1,0,0,0,1,1,7.07364E+20,5.57742E+21,1.19126E+16,5.03123E+16
183692,9.17101E+18,9,4,64,0,2017,10,23,7,2,4,2,0,1,0,0,0,2,1,7.07501E+20,5.57856E+21,1.19151E+16,5.03225E+16
183693,9.17101E+18,9,4,61,0,2017,10,12,7,3,0,7,1,0,0,0,0,0,0,6.34873E+20,5.52831E+21,1.08778E+16,4.9892E+16
183694,9.17101E+18,9,3,63,0,2017,10,10,7,3,2,2,0,1,0,0,0,0,1,7.27091E+20,5.5058E+21,1.21469E+16,4.96619E+16
183695,9.17101E+18,9,3,62,0,2017,10,20,7,3,5,3,0,1,0,0,0,2,0,7.26804E+20,5.43323E+21,1.21017E+16,4.90102E+16
183696,9.17101E+18,9,3,73,114,2017,10,23,7,3,6,7,0,1,1,0,0,2,1,6.72846E+20,5.45644E+21,1.13745E+16,4.92363E+16
183697,9.17101E+18,9,3,76,161,2017,10,17,7,3,5,3,1,1,0,0,0,0,0,7.24694E+20,5.46784E+21,1.20922E+16,4.93219E+16
183698,9.17101E+18,9,3,76,163,2017,10,19,7,3,5,3,0,1,0,0,0,2,0,7.27539E+20,5.47604E+21,1.2136E+16,4.93945E+16
183699,9.17101E+18,9,2,77,116,2017,10,18,7,3,2,6,0,1,0,1,0,2,0,7.77549E+20,5.36771E+21,1.27502E+16,4.84014E+16
183700,9.17101E+18,9,2,74,113,2017,10,17,7,3,0,1,1,0,0,0,0,0,0,7.26951E+20,5.3845E+21,1.20768E+16,4.85725E+16
183701,9.17101E+18,9,2,74,126,2017,10,11,7,2,5,3,0,1,0,0,0,0,0,7.33597E+20,5.38383E+21,1.21664E+16,4.8564E+16
183702,9.17101E+18,9,1,73,126,2017,10,11,7,3,5,3,0,1,0,0,0,0,0,6.84019E+20,5.30585E+21,1.14612E+16,4.78796E+16
183703,9.17101E+18,9,1,72,118,2017,10,14,7,3,3,2,1,1,0,0,0,0,0,7.96584E+20,5.3058E+21,1.29637E+16,4.78371E+16
183704,9.17101E+18,9,1,71,112,2017,10,17,7,3,4,2,1,1,0,0,0,0,0,7.82092E+20,5.33893E+21,1.27923E+16,4.8141E+16
183705,9.17101E+18,9,1,71,114,2017,10,12,7,2,0,7,1,0,0,0,0,0,0,7.79312E+20,5.34522E+21,1.27591E+16,4.81987E+16
183706,9.17101E+18,9,1,61,0,2017,10,14,7,2,0,6,0,1,0,0,1,0,0,6.82163E+20,5.40646E+21,1.14799E+16,4.87845E+16
183707,9.17101E+18,9,1,81,130,2017,10,12,7,3,6,7,0,1,1,0,0,0,0,6.41167E+20,5.32379E+21,1.08944E+16,4.80518E+16
183708,9.17101E+18,9,1,75,132,2017,10,15,7,3,5,3,1,1,0,0,0,0,0,7.07346E+20,5.33054E+21,1.17848E+16,4.80943E+16
183709,9.17101E+18,9,1,62,0,2017,10,9,6,3,5,2,0,1,0,0,0,0,0,6.87821E+20,5.33446E+21,1.15246E+16,4.81357E+16
183710,9.17101E+18,9,1,62,0,2017,10,12,6,3,5,3,1,1,0,0,0,0,0,6.8487E+20,5.33226E+21,1.1484E+16,4.81168E+16
183711,9.17101E+18,9,1,62,0,2017,10,17,6,3,2,7,0,1,0,0,0,0,1,6.8639E+20,5.33757E+21,1.15067E+16,4.81641E+16
183712,9.17101E+18,9,1,62,0,2017,10,13,6,3,5,2,1,1,0,0,0,0,0,6.86653E+20,5.33739E+21,1.15102E+16,4.81624E+16
183713,9.17101E+18,9,1,62,0,2017,10,13,6,3,5,3,1,1,0,0,0,0,0,6.91931E+20,5.33608E+21,1.15805E+16,4.8149E+16
183714,9.17101E+18,9,1,62,0,2017,10,23,6,2,5,6,1,1,0,0,0,2,0,6.87814E+20,5.33447E+21,1.15245E+16,4.81357E+16
183715,9.17101E+18,9,1,62,0,2017,10,13,6,3,4,6,1,0,0,0,0,0,0,6.89399E+20,5.33203E+21,1.15447E+16,4.81133E+16
183716,9.17101E+18,9,1,62,0,2017,10,13,6,2,2,6,1,0,0,0,0,0,0,6.91856E+20,5.33579E+21,1.15794E+16,4.81464E+16
183717,9.17101E+18,9,1,62,0,2017,10,16,6,2,3,7,0,1,0,0,1,0,1,6.94594E+20,5.33608E+21,1.16163E+16,4.81482E+16
183718,9.17101E+18,9,1,84,149,2017,10,14,6,3,0,3,0,1,0,0,1,0,1,6.91436E+20,5.35071E+21,1.15804E+16,4.82806E+16
183719,9.17101E+18,9,1,62,0,2017,10,11,6,3,6,7,1,0,1,0,0,0,0,6.82969E+20,5.33553E+21,1.14599E+16,4.81467E+16
183720,9.17101E+18,9,1,62,0,2017,10,14,6,3,6,4,0,1,1,0,0,0,0,6.82526E+20,5.33599E+21,1.14541E+16,4.81509E+16
183721,9.17101E+18,9,1,62,0,2017,10,12,6,3,5,2,0,1,0,1,0,0,0,6.83815E+20,5.33756E+21,1.14721E+16,4.81647E+16
183722,9.17101E+18,9,1,62,0,2017,10,14,6,3,6,4,0,1,1,0,0,0,1,6.87356E+20,5.33499E+21,1.15186E+16,4.81406E+16
183723,9.17101E+18,9,1,62,0,2017,10,11,6,3,2,6,0,1,0,0,0,0,0,6.86289E+20,5.33327E+21,1.15035E+16,4.81254E+16
183724,9.17101E+18,9,1,62,0,2017,10,8,6,2,5,3,1,1,0,0,0,0,0,6.99921E+20,5.33514E+21,1.16874E+16,4.8138E+16
183725,9.17101E+18,9,1,62,0,2017,10,15,6,3,1,1,1,1,0,0,0,0,1,6.9229E+20,5.33252E+21,1.15837E+16,4.81168E+16
183726,9.17101E+18,9,1,62,0,2017,10,15,6,3,6,4,1,0,1,0,0,0,1,6.91049E+20,5.3344E+21,1.15679E+16,4.81342E+16
183727,9.17101E+18,9,7,75,115,2017,10,15,6,3,8,1,0,0,0,1,0,0,1,5.80205E+20,5.34537E+21,1.00806E+16,4.82565E+16
183728,9.17101E+18,9,7,78,209,2017,10,15,6,3,0,7,1,0,0,0,0,0,1,6.17411E+20,5.32359E+21,1.05757E+16,4.80548E+16
183729,9.17101E+18,9,7,80,139,2017,10,11,6,3,5,3,1,1,0,0,0,0,0,5.96083E+20,5.26245E+21,1.0276E+16,4.75084E+16
183730,9.17101E+18,9,7,63,0,2017,10,13,6,3,2,6,0,1,0,0,0,0,1,5.98292E+20,5.28733E+21,1.03109E+16,4.77319E+16
183731,9.17101E+18,9,7,72,163,2017,10,16,6,3,0,1,1,0,0,0,0,0,1,6.39805E+20,5.34946E+21,1.08845E+16,4.82829E+16
183732,9.17101E+18,9,7,61,0,2017,10,14,6,2,4,6,0,1,0,0,1,0,1,6.43995E+20,5.35769E+21,1.09438E+16,4.83559E+16
183733,9.17101E+18,9,7,61,0,2017,10,17,6,3,5,3,0,1,0,0,0,0,0,6.42426E+20,5.36023E+21,1.09235E+16,4.83792E+16
183734,9.17101E+18,9,7,61,0,2017,10,12,6,3,3,6,1,1,0,0,0,0,1,6.40252E+20,5.3586E+21,1.08936E+16,4.8365E+16
183735,9.17101E+18,9,7,61,0,2017,10,22,6,3,5,3,0,1,0,0,0,2,1,6.39974E+20,5.35918E+21,1.089E+16,4.83702E+16
183736,9.17101E+18,9,6,76,145,2017,10,8,6,3,0,7,0,1,0,0,0,0,0,5.1066E+20,5.52106E+21,9.14826E+15,4.98419E+16
183737,9.17101E+18,9,5,62,0,2017,10,14,6,3,0,7,0,0,0,0,1,0,0,6.45163E+20,5.49442E+21,1.10083E+16,4.95849E+16
183738,9.17101E+18,9,5,62,0,2017,10,15,6,2,5,3,1,1,0,0,0,0,0,6.45316E+20,5.49518E+21,1.10107E+16,4.95917E+16
183739,9.17101E+18,9,5,62,0,2017,10,19,6,3,6,2,0,1,1,0,0,2,1,6.46939E+20,5.49521E+21,1.10332E+16,4.95916E+16
183740,9.17101E+18,9,5,62,0,2017,10,19,6,3,0,3,0,1,0,0,0,2,0,6.4463E+20,5.49302E+21,1.10005E+16,4.95725E+16
183741,9.17101E+18,9,5,65,0,2017,10,13,6,3,0,7,0,0,0,1,0,0,1,6.48633E+20,5.46712E+21,1.10461E+16,4.93387E+16
183742,9.17101E+18,9,5,63,0,2017,10,12,6,2,4,2,0,1,0,1,0,0,0,6.45155E+20,5.4825E+21,1.10038E+16,4.94778E+16