OBJECTID,UIDENTSTLA,ULAND,UREGBEZ,UKREIS,UGEMEINDE,UJAHR,UMONAT,USTUNDE,UWOCHENTAG,UKATEGORIE,UART,UTYP1,IstRad,IstPKW,IstFuss,IstKrad,IstSonstig,LICHT,STRZUSTAND,LINREFX,LINREFY,XGCSWGS84,YGCSWGS84
183743,9.17101E+18,9,5,64,0,2017,10,13,6,3,2,6,0,1,0,0,0,0,1,6.49871E+20,5.47837E+21,1.10673E+16,4.94395E+16
183744,9.17101E+18,9,5,64,0,2017,10,23,6,3,5,3,0,1,0,0,0,2,1,6.54706E+20,5.47672E+21,1.11334E+16,4.94235E+16
183745,9.17101E+18,9,5,77,177,2017,10,14,6,3,0,6,0,1,0,1,0,0,1,6.43067E+20,5.43317E+21,1.09574E+16,4.90348E+16
183746,9.17101E+18,9,5,71,194,2017,10,8,6,2,0,7,1,1,0,0,0,0,0,6.15224E+20,5.47342E+21,1.05882E+16,4.94026E+16
183747,9.17101E+18,9,5,61,0,2017,10,13,6,2,0,3,0,1,0,1,0,0,1,6.14699E+20,5.46209E+21,1.05777E+16,4.93008E+16
183748,9.17101E+18,9,4,73,138,2017,10,23,6,3,5,3,0,1,0,1,0,2,0,6.38089E+20,5.55467E+21,1.0932E+16,5.01282E+16
183749,9.17101E+18,9,4,61,0,2017,10,12,6,3,4,6,1,1,0,0,0,0,0,6.35088E+20,5.52611E+21,1.088E+16,4.98721E+16
183750,9.17101E+18,9,4,61,0,2017,10,10,6,3,0,4,0,0,1,0,1,0,0,6.35882E+20,5.52845E+21,1.08919E+16,4.9893E+16
183751,9.17101E+18,9,3,77,157,2017,10,6,6,3,5,3,0,1,0,0,0,1,0,7.1947E+20,5.54108E+21,1.20614E+16,4.99817E+16
183752,9.17101E+18,9,3,75,148,2017,10,12,6,3,5,3,0,1,0,0,0,0,0,7.04084E+20,5.43662E+21,1.17931E+16,4.90487E+16
183753,9.17101E+18,9,3,62,0,2017,10,9,6,2,3,2,1,0,0,0,1,0,0,7.26542E+20,5.43521E+21,1.20992E+16,4.90281E+16
183754,9.17101E+18,9,3,62,0,2017,10,7,6,3,4,2,0,1,0,0,0,0,0,7.26542E+20,5.43521E+21,1.20992E+16,4.90281E+16
183755,9.17101E+18,9,3,62,0,2017,10,13,6,3,0,1,1,0,0,0,0,0,1,7.27724E+20,5.43709E+21,1.21164E+16,4.90445E+16
183756,9.17101E+18,9,3,76,161,2017,10,5,6,3,5,2,1,1,0,0,0,2,0,7.25793E+20,5.46805E+21,1.21074E+16,4.93234E+16
183757,9.17101E+18,9,3,76,119,2017,10,19,6,3,2,7,0,1,0,0,0,2,1,7.22765E+20,5.45349E+21,1.20577E+16,4.91937E+16
183758,9.17101E+18,9,2,63,0,2017,10,9,6,3,5,3,1,1,0,0,0,0,0,7.62502E+20,5.42011E+21,1.25805E+16,4.88783E+16
183759,9.17101E+18,9,2,75,126,2017,10,12,6,3,9,1,0,1,0,0,0,0,0,8.39845E+20,5.3985E+21,1.36145E+16,4.8647E+16
183760,9.17101E+18,9,2,74,126,2017,10,19,6,3,5,3,0,1,0,1,0,2,1,7.33373E+20,5.38434E+21,1.21636E+16,4.85687E+16
183761,9.17101E+18,9,2,61,0,2017,10,14,6,3,2,6,0,1,0,0,0,0,0,7.32219E+20,5.37935E+21,1.21452E+16,4.85243E+16
183762,9.17101E+18,9,1,90,157,2017,10,14,6,3,5,3,0,1,0,0,0,0,0,6.60303E+20,5.30209E+21,1.11429E+16,4.78521E+16
183763,9.17101E+18,9,1,90,148,2017,10,17,6,3,5,3,1,1,0,0,0,1,1,6.4123E+20,5.29667E+21,1.08863E+16,4.78078E+16
183764,9.17101E+18,9,1,71,113,2017,10,9,6,3,4,2,0,1,0,0,0,0,0,7.77329E+20,5.3408E+21,1.27296E+16,4.81599E+16
183765,9.17101E+18,9,1,63,0,2017,10,15,6,3,5,3,1,1,0,0,0,0,0,7.32232E+20,5.30512E+21,1.21048E+16,4.78574E+16
183766,9.17101E+18,9,1,87,122,2017,10,13,6,3,0,1,1,0,0,0,0,0,0,7.2186E+20,5.3062E+21,1.19669E+16,4.78708E+16
183767,9.17101E+18,9,1,86,143,2017,10,17,6,2,0,7,0,0,0,1,0,0,1,6.85893E+20,5.38434E+21,1.15207E+16,4.85845E+16
183768,9.17101E+18,9,1,86,143,2017,10,23,6,3,8,1,0,1,0,0,0,2,1,6.85482E+20,5.37796E+21,1.15123E+16,4.85273E+16
183769,9.17101E+18,9,1,86,152,2017,10,2,6,3,0,1,0,0,0,1,0,2,1,6.90785E+20,5.37604E+21,1.15832E+16,4.85085E+16
183770,9.17101E+18,9,1,61,0,2017,10,13,6,3,0,1,1,0,0,0,0,0,0,6.74445E+20,5.40483E+21,1.13743E+16,4.8772E+16
183771,9.17101E+18,9,1,86,162,2017,10,16,6,3,2,6,0,1,0,1,0,0,0,6.93495E+20,5.38661E+21,1.16248E+16,4.86026E+16
183772,9.17101E+18,9,1,81,130,2017,10,22,6,3,5,3,0,1,0,0,0,2,1,6.3866E+20,5.32503E+21,1.08611E+16,4.80634E+16
183773,9.17101E+18,9,1,79,126,2017,10,7,6,3,6,4,0,1,1,0,0,0,1,6.76243E+20,5.34154E+21,1.1372E+16,4.82026E+16
183774,9.17101E+18,9,1,74,126,2017,10,7,6,3,0,6,1,0,0,0,0,0,0,6.83646E+20,5.34495E+21,1.14731E+16,4.82312E+16
183775,9.17101E+18,9,1,74,115,2017,10,21,6,3,2,6,0,1,0,0,0,2,1,6.82284E+20,5.34777E+21,1.14559E+16,4.82569E+16
183776,9.17101E+18,9,7,63,0,2017,10,8,5,3,2,6,0,1,0,1,0,0,0,5.9804E+20,5.288E+21,1.03077E+16,4.77379E+16
183777,9.17101E+18,9,1,62,0,2017,10,11,5,3,5,2,1,1,0,0,0,0,0,6.86222E+20,5.33334E+21,1.15026E+16,4.8126E+16
183778,9.17101E+18,9,7,75,135,2017,10,17,5,2,4,2,0,1,0,1,0,0,0,5.76051E+20,5.3618E+21,1.00276E+16,4.84048E+16
183779,9.17101E+18,9,7,80,115,2017,10,13,5,3,7,7,1,0,0,0,1,0,0,5.9378E+20,5.26469E+21,1.02459E+16,4.75289E+16
183780,9.17101E+18,9,1,62,0,2017,10,8,5,3,3,6,0,1,0,0,0,0,0,6.8623E+20,5.33284E+21,1.15025E+16,4.81216E+16
183781,9.17101E+18,9,1,84,134,2017,10,12,5,3,5,6,1,0,0,0,0,0,0,6.92369E+20,5.32238E+21,1.15802E+16,4.80257E+16
183782,9.17101E+18,9,1,62,0,2017,10,7,5,3,2,6,0,1,0,0,0,0,0,6.89231E+20,5.33343E+21,1.1543E+16,4.8126E+16
183783,9.17101E+18,9,1,79,142,2017,10,19,7,3,0,1,1,0,0,0,0,2,0,6.73276E+20,5.34366E+21,1.1333E+16,4.82225E+16
183784,9.17101E+18,9,1,74,113,2017,10,16,7,3,9,1,0,1,0,0,0,0,0,6.78263E+20,5.34538E+21,1.14008E+16,4.82365E+16
183785,9.17101E+18,9,1,74,113,2017,10,15,7,3,6,7,0,1,1,0,0,0,0,6.74749E+20,5.34539E+21,1.13535E+16,4.82376E+16
183786,9.17101E+18,9,1,78,124,2017,10,10,7,3,5,7,1,1,0,0,0,0,0,7.02288E+20,5.36295E+21,1.17324E+16,4.83872E+16
183787,9.17101E+18,9,1,77,139,2017,10,15,7,3,5,3,0,1,0,1,0,0,0,7.3146E+20,5.35948E+21,1.2124E+16,4.8346E+16
183788,9.17101E+18,9,1,62,0,2017,10,16,6,3,3,2,1,0,0,0,0,0,0,6.90701E+20,5.34028E+21,1.15659E+16,4.81871E+16
183789,9.17101E+18,9,1,62,0,2017,10,8,6,3,0,7,1,0,0,0,0,0,0,6.89049E+20,5.33751E+21,1.15424E+16,4.81627E+16
183790,9.17101E+18,9,1,62,0,2017,10,19,6,3,2,6,0,1,0,0,0,2,0,6.86755E+20,5.33708E+21,1.15114E+16,4.81595E+16
183791,9.17101E+18,9,1,62,0,2017,10,15,6,3,1,5,0,1,0,0,0,0,0,6.8626E+20,5.33165E+21,1.15024E+16,4.81108E+16
183792,9.17101E+18,9,1,62,0,2017,10,8,6,3,5,3,1,1,0,0,0,0,0,6.83357E+20,5.33484E+21,1.14648E+16,4.81404E+16
183793,9.17101E+18,9,1,62,0,2017,10,17,6,3,6,2,0,1,1,0,0,0,0,6.92003E+20,5.34126E+21,1.15838E+16,4.81955E+16
183794,9.17101E+18,9,1,62,0,2017,10,7,6,3,5,2,1,1,0,0,0,1,0,6.8745E+20,5.33604E+21,1.15203E+16,4.815E+16
183795,9.17101E+18,9,1,62,0,2017,10,20,6,3,5,3,0,1,0,0,0,2,0,6.86605E+20,5.33938E+21,1.15104E+16,4.81803E+16
183796,9.17101E+18,9,1,62,0,2017,10,15,6,3,3,7,0,1,0,0,0,0,0,6.90641E+20,5.33522E+21,1.15628E+16,4.81416E+16
183797,9.17101E+18,9,1,62,0,2017,10,7,6,3,6,4,0,1,1,0,0,0,0,6.8652E+20,5.33832E+21,1.15088E+16,4.81707E+16
183798,9.17101E+18,9,1,62,0,2017,10,14,6,3,6,7,0,0,1,0,1,0,0,6.88586E+20,5.33203E+21,1.15338E+16,4.81136E+16
183799,9.17101E+18,9,1,62,0,2017,10,16,6,3,3,7,0,1,0,0,1,0,0,6.90746E+20,5.33737E+21,1.15652E+16,4.81609E+16
183800,9.17101E+18,9,1,62,0,2017,10,2,6,3,5,3,1,0,0,0,1,2,0,6.8782E+20,5.33445E+21,1.15246E+16,4.81355E+16
183801,9.17101E+18,9,1,62,0,2017,10,6,6,3,6,7,0,1,1,0,0,2,0,6.88173E+20,5.33926E+21,1.15314E+16,4.81787E+16
183802,9.17101E+18,9,1,62,0,2017,10,15,6,3,6,4,1,0,1,0,0,0,0,6.84733E+20,5.33399E+21,1.14829E+16,4.81323E+16
183803,9.17101E+18,9,1,62,0,2017,10,19,6,3,6,7,1,0,1,0,0,2,0,6.90452E+20,5.33818E+21,1.15616E+16,4.81683E+16
183804,9.17101E+18,9,1,62,0,2017,10,8,6,3,4,2,1,1,0,0,0,0,0,6.89338E+20,5.33546E+21,1.15454E+16,4.81442E+16
183805,9.17101E+18,9,1,84,146,2017,10,8,6,3,5,3,1,1,0,0,0,0,0,6.97931E+20,5.32818E+21,1.16574E+16,4.80762E+16
183806,9.17101E+18,9,1,62,0,2017,10,16,6,3,0,7,1,0,0,0,0,0,0,6.94308E+20,5.33085E+21,1.161E+16,4.81012E+16
183807,9.17101E+18,9,1,62,0,2017,10,16,6,3,5,3,1,1,0,0,0,0,0,6.92052E+20,5.3301E+21,1.15794E+16,4.80952E+16
183808,9.17101E+18,9,1,62,0,2017,10,18,6,2,2,7,1,0,0,0,0,0,0,6.91376E+20,5.33447E+21,1.15723E+16,4.81347E+16
183809,9.17101E+18,9,1,62,0,2017,10,12,6,3,5,3,1,1,0,0,0,0,0,6.91813E+20,5.33465E+21,1.15783E+16,4.81362E+16
183810,9.17101E+18,9,7,75,135,2017,10,15,6,3,0,3,1,0,0,0,1,0,0,5.74282E+20,5.36048E+21,1.00035E+16,4.83931E+16
183811,9.17101E+18,9,7,75,135,2017,10,8,6,3,2,6,0,1,0,0,0,0,0,5.7369E+20,5.36052E+21,9.99546E+15,4.83935E+16
183812,9.17101E+18,9,7,75,115,2017,10,11,6,2,0,7,1,0,1,0,0,0,0,5.8016E+20,5.34555E+21,1.008E+16,4.82581E+16
183813,9.17101E+18,9,7,74,155,2017,10,7,6,3,4,2,1,1,0,0,0,0,0,5.90321E+20,5.36648E+21,1.02214E+16,4.8445E+16
183814,9.17101E+18,9,7,78,116,2017,10,16,6,3,0,6,1,1,0,0,0,0,0,6.197E+20,5.31931E+21,1.06052E+16,4.80158E+16
183815,9.17101E+18,9,7,80,120,2017,10,7,6,3,5,3,0,1,0,0,0,0,0,5.99484E+20,5.28352E+21,1.03259E+16,4.76974E+16
183816,9.17101E+18,9,7,80,139,2017,10,11,6,3,5,3,1,1,0,0,0,0,0,5.97479E+20,5.2637E+21,1.02948E+16,4.75195E+16
183817,9.17101E+18,9,7,77,151,2017,10,16,6,3,6,7,0,1,1,0,0,0,0,6.20714E+20,5.29429E+21,1.06118E+16,4.77906E+16
183818,9.17101E+18,9,7,77,168,2017,10,18,6,3,6,6,0,1,1,0,0,0,0,6.17342E+20,5.27923E+21,1.05627E+16,4.76558E+16
183819,9.17101E+18,9,7,79,194,2017,10,5,6,3,5,3,1,1,0,0,0,2,0,6.13737E+20,5.41669E+21,1.05517E+16,4.88927E+16
183820,9.17101E+18,9,7,79,169,2017,10,17,6,3,0,1,1,0,0,0,0,0,0,6.37127E+20,5.3992E+21,1.08648E+16,4.87307E+16
183821,9.17101E+18,9,7,72,147,2017,10,8,6,3,6,2,0,1,1,0,0,0,0,6.39046E+20,5.36376E+21,1.0879E+16,4.84117E+16
183822,9.17101E+18,9,7,72,163,2017,10,11,6,3,6,4,0,1,1,0,0,0,0,6.40938E+20,5.34839E+21,1.08994E+16,4.8273E+16
183823,9.17101E+18,9,7,72,202,2017,10,15,6,3,4,6,1,0,0,0,0,0,0,6.37201E+20,5.35836E+21,1.08524E+16,4.83635E+16
183824,9.17101E+18,9,7,61,0,2017,10,12,6,3,1,6,0,1,0,0,0,0,0,6.37487E+20,5.35947E+21,1.08566E+16,4.83734E+16
183825,9.17101E+18,9,7,61,0,2017,10,18,6,3,5,1,0,1,0,0,0,0,0,6.39095E+20,5.35511E+21,1.08768E+16,4.83339E+16
183826,9.17101E+18,9,7,61,0,2017,10,15,6,3,4,6,1,0,0,0,0,0,0,6.4104E+20,5.35783E+21,1.0904E+16,4.83579E+16
183827,9.17101E+18,9,7,61,0,2017,10,9,6,3,4,2,1,1,0,0,0,0,0,6.39837E+20,5.36002E+21,1.08885E+16,4.83779E+16
183828,9.17101E+18,9,7,61,0,2017,10,16,6,3,3,7,0,1,0,0,1,0,0,6.39656E+20,5.36005E+21,1.0886E+16,4.83781E+16
183829,9.17101E+18,9,7,71,113,2017,10,8,6,3,6,2,0,1,1,0,0,0,0,6.57689E+20,5.3695E+21,1.1133E+16,4.84588E+16
183830,9.17101E+18,9,6,63,0,2017,10,18,6,3,9,7,0,1,0,0,0,1,0,5.69528E+20,5.51757E+21,9.96628E+15,4.98065E+16
183831,9.17101E+18,9,6,63,0,2017,10,13,6,3,4,6,1,1,0,0,0,0,0,5.66949E+20,5.51533E+21,9.93006E+15,4.97867E+16
183832,9.17101E+18,9,6,63,0,2017,10,12,6,3,5,3,0,1,0,1,0,0,0,5.68531E+20,5.51546E+21,9.95207E+15,4.97877E+16
183833,9.17101E+18,9,6,63,0,2017,10,21,6,3,5,2,1,1,0,0,0,2,0,5.66066E+20,5.51613E+21,9.91794E+15,4.9794E+16
183834,9.17101E+18,9,6,63,0,2017,10,6,6,3,1,6,0,1,0,0,0,2,0,5.69851E+20,5.51512E+21,9.97033E+15,4.97844E+16
183835,9.17101E+18,9,6,77,157,2017,10,6,6,3,5,2,0,1,0,1,0,0,0,5.44282E+20,5.52194E+21,9.61595E+15,4.98483E+16
183836,9.17101E+18,9,6,72,127,2017,10,10,6,3,0,1,1,0,0,0,0,0,0,5.62751E+20,5.55237E+21,9.87778E+15,5.01202E+16
183837,9.17101E+18,9,6,62,0,2017,10,8,6,3,0,7,1,0,0,0,1,0,0,5.88076E+20,5.54222E+21,1.02296E+16,5.00257E+16
183838,9.17101E+18,9,6,71,124,2017,10,19,6,3,5,3,0,1,0,1,0,2,0,5.1382E+20,5.53449E+21,9.19268E+15,4.99626E+16
183839,9.17101E+18,9,5,76,143,2017,10,7,6,3,1,6,0,1,0,1,0,0,0,6.52086E+20,5.45641E+21,1.10895E+16,4.92415E+16
183840,9.17101E+18,9,5,74,141,2017,10,14,6,3,5,3,1,1,0,0,0,0,0,6.69168E+20,5.4888E+21,1.13378E+16,4.95282E+16
183841,9.17101E+18,9,5,64,0,2017,10,14,6,3,5,2,1,1,0,0,0,0,0,6.49946E+20,5.47985E+21,1.10689E+16,4.94528E+16
183842,9.17101E+18,9,5,64,0,2017,10,8,6,3,2,6,0,0,0,0,1,0,0,6.54692E+20,5.47468E+21,1.11324E+16,4.94051E+16
183843,9.17101E+18,9,5,64,0,2017,10,10,6,3,2,6,0,1,0,0,0,0,0,6.48438E+20,5.47864E+21,1.10477E+16,4.94423E+16
183844,9.17101E+18,9,5,64,0,2017,10,9,6,3,0,1,0,0,0,0,1,0,0,6.49623E+20,5.4746E+21,1.10625E+16,4.94057E+16
183845,9.17101E+18,9,5,64,0,2017,10,6,6,3,5,2,1,1,0,0,0,2,0,6.57401E+20,5.47535E+21,1.11699E+16,4.94105E+16
183846,9.17101E+18,9,4,79,136,2017,10,9,6,3,4,6,0,1,0,0,0,0,0,7.25111E+20,5.54528E+21,1.21425E+16,5.00172E+16
183847,9.17101E+18,9,4,75,162,2017,10,9,6,3,0,1,0,0,0,1,0,0,0,7.15967E+20,5.57051E+21,1.20293E+16,5.02472E+16
183848,9.17101E+18,9,4,64,0,2017,10,12,6,3,5,3,0,1,0,0,0,0,0,7.08329E+20,5.57788E+21,1.19264E+16,5.03161E+16
183849,9.17101E+18,9,4,73,159,2017,10,16,6,3,2,6,0,1,0,0,0,0,0,6.4361E+20,5.57246E+21,1.10159E+16,5.02868E+16
183850,9.17101E+18,9,4,62,0,2017,10,13,6,3,2,6,0,1,0,1,0,0,0,6.86307E+20,5.53514E+21,1.15965E+16,4.99395E+16
183851,9.17101E+18,9,4,71,207,2017,10,20,6,3,6,7,0,1,1,0,0,2,0,6.2512E+20,5.53247E+21,1.07434E+16,4.99315E+16
183852,9.17101E+18,9,4,71,165,2017,10,17,6,2,0,1,1,0,0,0,0,0,0,6.25905E+20,5.53417E+21,1.07549E+16,4.99466E+16
183853,9.17101E+18,9,4,61,0,2017,10,17,6,2,5,3,0,1,0,0,0,0,0,6.37085E+20,5.52911E+21,1.09089E+16,4.98987E+16
183854,9.17101E+18,9,3,62,0,2017,10,10,6,3,3,2,1,1,0,0,0,0,0,7.24033E+20,5.43505E+21,1.20649E+16,4.90276E+16
183855,9.17101E+18,9,3,62,0,2017,10,16,6,3,6,4,1,0,1,0,0,0,0,7.26787E+20,5.43393E+21,1.21019E+16,4.90165E+16
183856,9.17101E+18,9,3,62,0,2017,10,16,6,3,1,6,0,1,0,0,0,0,0,7.27315E+20,5.43027E+21,1.2107E+16,4.89835E+16
183857,9.17101E+18,9,3,73,112,2017,10,15,6,3,0,3,1,1,0,0,0,0,0,6.84036E+20,5.44105E+21,1.1521E+16,4.90948E+16
183858,9.17101E+18,9,3,76,144,2017,10,20,6,3,6,6,0,1,1,0,0,2,0,7.31502E+20,5.48272E+21,1.21944E+16,4.9453E+16
183859,9.17101E+18,9,2,72,127,2017,10,21,6,3,9,1,0,1,0,0,0,2,0,8.31933E+20,5.41946E+21,1.35242E+16,4.88393E+16
183860,9.17101E+18,9,2,77,116,2017,10,17,6,3,5,3,0,1,0,0,0,0,0,7.75541E+20,5.36738E+21,1.27229E+16,4.83993E+16
183861,9.17101E+18,9,2,61,0,2017,10,12,6,3,6,4,1,0,1,0,0,0,0,7.3125E+20,5.38255E+21,1.21339E+16,4.85534E+16
183862,9.17101E+18,9,2,74,128,2017,10,13,6,3,5,3,0,1,0,1,0,0,0,7.36279E+20,5.38641E+21,1.22041E+16,4.85862E+16
183863,9.17101E+18,9,2,73,111,2017,10,14,6,3,2,5,0,1,0,0,0,0,0,7.08549E+20,5.41113E+21,1.18411E+16,4.88181E+16
183864,9.17101E+18,9,2,73,137,2017,10,13,6,3,5,3,1,1,0,0,0,0,0,7.10556E+20,5.42249E+21,1.18742E+16,4.89195E+16
183865,9.17101E+18,9,1,80,128,2017,10,16,6,3,9,7,0,1,0,0,0,0,0,6.68758E+20,5.28684E+21,1.12499E+16,4.77128E+16
183866,9.17101E+18,9,1,73,147,2017,10,15,6,3,6,6,0,1,1,0,0,0,0,6.81448E+20,5.31019E+21,1.14287E+16,4.79193E+16
183867,9.17101E+18,9,1,90,154,2017,10,18,6,3,0,7,1,0,0,0,0,0,0,6.37712E+20,5.28511E+21,1.08357E+16,4.77047E+16
183868,9.17101E+18,9,1,73,126,2017,10,17,6,3,5,3,1,1,0,0,0,0,0,6.85305E+20,5.30218E+21,1.14769E+16,4.78462E+16
183869,9.17101E+18,9,1,73,126,2017,10,6,6,3,5,2,1,1,0,0,0,2,0,6.84705E+20,5.30559E+21,1.14703E+16,4.78771E+16
183870,9.17101E+18,9,1,83,113,2017,10,20,6,2,7,7,0,1,0,0,1,2,0,7.50276E+20,5.34356E+21,1.23681E+16,4.81959E+16
183871,9.17101E+18,9,1,83,148,2017,10,10,6,3,1,1,0,1,0,0,0,0,0,7.51978E+20,5.34521E+21,1.23919E+16,4.82101E+16
183872,9.17101E+18,9,1,89,162,2017,10,19,6,3,5,2,1,1,0,0,0,2,0,7.78878E+20,5.3159E+21,1.27342E+16,4.79356E+16
183873,9.17101E+18,9,1,72,114,2017,10,14,6,3,3,6,1,1,0,0,0,0,0,7.90359E+20,5.29226E+21,1.28717E+16,4.77183E+16
183874,9.17101E+18,9,1,63,0,2017,10,13,6,3,5,3,1,1,0,0,0,0,0,7.32741E+20,5.30387E+21,1.21109E+16,4.7846E+16
183875,9.17101E+18,9,1,82,131,2017,10,14,6,2,0,7,1,0,0,0,0,0,0,7.18242E+20,5.28266E+21,1.19068E+16,4.76605E+16
183876,9.17101E+18,9,1,61,0,2017,10,10,6,3,3,6,1,1,0,0,0,0,0,6.78358E+20,5.40537E+21,1.14277E+16,4.87757E+16
183877,9.17101E+18,9,1,61,0,2017,10,18,6,3,0,1,1,0,0,0,0,0,0,6.77304E+20,5.40388E+21,1.14127E+16,4.87627E+16
183878,9.17101E+18,9,1,88,139,2017,10,17,6,3,0,7,1,0,0,0,0,0,0,6.74732E+20,5.31871E+21,1.13424E+16,4.79978E+16
183879,9.17101E+18,9,1,79,142,2017,10,16,6,3,2,2,1,1,0,0,0,0,0,6.72465E+20,5.34276E+21,1.13217E+16,4.82146E+16
183880,9.17101E+18,9,1,81,128,2017,10,15,6,3,5,3,1,1,0,0,0,0,0,6.38302E+20,5.32726E+21,1.08571E+16,4.80836E+16
183881,9.17101E+18,9,1,79,121,2017,10,18,6,3,0,7,0,1,0,0,1,0,0,6.66402E+20,5.33859E+21,1.12385E+16,4.81788E+16
183882,9.17101E+18,9,1,79,121,2017,10,5,6,3,5,3,0,1,0,0,0,2,0,6.67073E+20,5.33851E+21,1.12475E+16,4.81779E+16
183883,9.17101E+18,9,1,74,113,2017,10,7,6,3,0,1,1,0,0,0,0,0,0,6.76894E+20,5.35012E+21,1.13844E+16,4.82795E+16
183884,9.17101E+18,9,1,74,115,2017,10,13,6,3,5,3,0,1,0,0,0,0,0,6.80525E+20,5.34813E+21,1.14324E+16,4.82606E+16
183885,9.17101E+18,9,1,74,115,2017,10,11,6,3,6,4,0,1,1,0,0,0,0,6.81227E+20,5.34784E+21,1.14417E+16,4.82578E+16
183886,9.17101E+18,9,1,75,132,2017,10,13,6,2,0,1,1,0,0,0,0,0,0,7.07924E+20,5.33171E+21,1.17931E+16,4.81047E+16
183887,9.17101E+18,9,1,78,145,2017,10,14,6,3,8,3,0,1,0,1,0,0,0,6.9768E+20,5.3539E+21,1.1666E+16,4.83074E+16
183888,9.17101E+18,9,1,78,124,2017,10,19,6,3,4,2,0,1,0,1,0,2,0,7.0301E+20,5.36387E+21,1.17426E+16,4.83953E+16
183889,9.17101E+18,9,1,62,0,2017,10,22,5,3,5,3,0,1,0,0,1,2,0,6.82673E+20,5.33759E+21,1.14568E+16,4.81653E+16
183890,9.17101E+18,9,1,62,0,2017,10,8,5,3,1,3,1,0,0,0,0,0,0,6.91436E+20,5.33279E+21,1.15724E+16,4.81196E+16
183891,9.17101E+18,9,1,62,0,2017,10,13,5,3,5,3,0,1,0,0,0,0,0,6.87789E+20,5.33931E+21,1.15263E+16,4.81793E+16
183892,9.17101E+18,9,1,62,0,2017,10,7,5,3,2,6,0,1,0,0,0,0,0,6.82711E+20,5.33756E+21,1.14573E+16,4.8165E+16
183893,9.17101E+18,9,1,84,145,2017,10,19,5,2,0,1,0,0,0,1,0,2,0,6.95732E+20,5.32413E+21,1.16261E+16,4.80404E+16
183894,9.17101E+18,9,1,84,131,2017,10,6,5,3,5,3,1,0,0,1,0,0,0,7.0382E+20,5.33932E+21,1.17417E+16,4.81744E+16
183895,9.17101E+18,9,1,62,0,2017,10,11,5,3,3,3,1,0,0,0,1,0,0,6.86814E+20,5.33485E+21,1.15112E+16,4.81395E+16
183896,9.17101E+18,9,1,84,149,2017,10,9,5,2,5,3,1,0,0,0,0,0,0,6.91753E+20,5.35042E+21,1.15846E+16,4.82779E+16
183897,9.17101E+18,9,1,62,0,2017,10,16,5,3,9,1,0,1,0,1,0,0,0,6.90352E+20,5.33602E+21,1.15593E+16,4.81489E+16
183898,9.17101E+18,9,1,84,136,2017,10,16,5,3,6,4,0,1,1,0,0,0,0,6.99704E+20,5.32679E+21,1.16805E+16,4.80631E+16
183899,9.17101E+18,9,1,84,123,2017,10,8,5,3,3,2,1,1,0,0,0,0,0,7.02604E+20,5.33144E+21,1.17216E+16,4.8104E+16
183900,9.17101E+18,9,1,62,0,2017,10,8,5,3,6,4,0,1,1,0,0,0,0,6.98428E+20,5.33309E+21,1.16663E+16,4.81201E+16
183901,9.17101E+18,9,1,62,0,2017,10,12,5,2,6,7,0,0,1,0,1,0,0,6.94476E+20,5.33368E+21,1.16136E+16,4.81266E+16
183902,9.17101E+18,9,1,62,0,2017,10,12,5,3,4,6,1,0,0,0,0,0,0,6.90937E+20,5.33507E+21,1.15667E+16,4.81402E+16
183903,9.17101E+18,9,7,75,135,2017,10,16,5,3,6,7,1,0,1,0,0,0,0,5.73846E+20,5.36074E+21,9.99761E+15,4.83955E+16
183904,9.17101E+18,9,7,64,0,2017,10,12,5,3,5,3,1,1,0,0,0,0,0,5.88378E+20,5.31413E+21,1.01842E+16,4.79744E+16
183905,9.17101E+18,9,7,63,0,2017,10,12,5,3,3,2,1,1,0,0,0,0,0,5.98097E+20,5.28631E+21,1.03081E+16,4.77227E+16
183906,9.17101E+18,9,7,80,133,2017,10,14,5,3,0,7,1,0,0,0,1,0,0,5.97861E+20,5.24962E+21,1.02968E+16,4.73927E+16
183907,9.17101E+18,9,1,81,131,2017,10,20,5,3,9,1,0,0,0,1,0,2,0,6.36091E+20,5.33385E+21,1.08295E+16,4.81433E+16
183908,9.17101E+18,9,7,61,0,2017,10,14,5,3,0,2,0,1,1,0,0,0,0,6.44071E+20,5.35743E+21,1.09447E+16,4.83536E+16
183909,9.17101E+18,9,7,61,0,2017,10,10,5,3,0,1,0,0,0,1,0,0,1,6.40067E+20,5.35991E+21,1.08915E+16,4.83768E+16
183910,9.17101E+18,9,7,61,0,2017,10,7,5,3,6,4,1,0,1,0,0,0,0,6.39458E+20,5.35977E+21,1.08833E+16,4.83757E+16
183911,9.17101E+18,9,6,74,147,2017,10,16,5,3,4,6,0,1,0,0,0,0,0,6.09427E+20,5.54351E+21,1.0528E+16,5.00338E+16
183912,9.17101E+18,9,6,71,111,2017,10,15,5,2,6,4,0,1,1,0,0,0,0,5.06966E+20,5.54994E+21,9.0974E+15,5.01017E+16