OBJECTID,UIDENTSTLA,ULAND,UREGBEZ,UKREIS,UGEMEINDE,UJAHR,UMONAT,USTUNDE,UWOCHENTAG,UKATEGORIE,UART,UTYP1,IstRad,IstPKW,IstFuss,IstKrad,IstSonstig,LICHT,STRZUSTAND,LINREFX,LINREFY,XGCSWGS84,YGCSWGS84
183913,9.17101E+18,9,5,62,0,2017,10,7,5,3,0,7,1,0,0,0,0,0,1,6.45826E+20,5.49457E+21,1.10176E+16,4.95861E+16
183914,9.17101E+18,9,5,72,154,2017,10,18,5,3,5,3,1,1,0,0,0,1,0,6.48469E+20,5.49631E+21,1.10548E+16,4.96011E+16
183915,9.17101E+18,9,5,63,0,2017,10,9,5,3,4,3,0,1,0,0,0,0,0,6.44411E+20,5.48416E+21,1.09942E+16,4.94929E+16
183916,9.17101E+18,9,5,64,0,2017,10,13,5,3,8,1,1,0,0,0,0,0,0,6.54728E+20,5.48102E+21,1.11353E+16,4.94621E+16
183917,9.17101E+18,9,5,64,0,2017,10,11,5,2,4,2,1,1,0,0,0,0,0,6.52463E+20,5.4834E+21,1.1105E+16,4.94841E+16
183918,9.17101E+18,9,5,64,0,2017,10,15,5,3,6,4,0,1,1,0,0,0,0,6.52166E+20,5.47915E+21,1.10993E+16,4.94459E+16
183919,9.17101E+18,9,5,64,0,2017,10,7,5,3,5,2,0,1,0,0,1,0,0,6.48714E+20,5.47276E+21,1.10493E+16,4.93894E+16
183920,9.17101E+18,9,5,64,0,2017,10,14,5,2,0,7,0,0,0,0,1,0,0,6.50001E+20,5.47999E+21,1.10698E+16,4.9454E+16
183921,9.17101E+18,9,5,64,0,2017,10,7,5,3,0,7,1,0,0,0,0,0,0,6.54375E+20,5.47914E+21,1.11297E+16,4.94453E+16
183922,9.17101E+18,9,5,64,0,2017,10,16,5,3,3,6,0,1,0,0,0,0,0,6.51531E+20,5.47849E+21,1.10903E+16,4.94402E+16
183923,9.17101E+18,9,5,73,134,2017,10,14,5,3,5,3,0,1,0,0,0,0,0,6.40274E+20,5.47475E+21,1.09338E+16,4.94092E+16
183924,9.17101E+18,9,5,75,118,2017,10,15,5,3,5,3,0,1,0,0,0,0,0,6.17957E+20,5.49424E+21,1.06321E+16,4.95892E+16
183925,9.17101E+18,9,4,75,112,2017,10,17,5,2,9,1,0,1,0,0,0,0,1,6.88496E+20,5.57843E+21,1.16484E+16,5.03278E+16
183926,9.17101E+18,9,4,62,0,2017,10,11,5,3,0,7,1,0,0,0,1,0,0,6.84957E+20,5.53314E+21,1.15768E+16,4.9922E+16
183927,9.17101E+18,9,4,71,120,2017,10,14,5,3,5,3,0,1,0,0,0,0,0,6.22158E+20,5.51943E+21,1.06981E+16,4.98149E+16
183928,9.17101E+18,9,4,61,0,2017,10,7,5,3,3,2,1,1,0,0,0,0,0,6.36324E+20,5.52835E+21,1.0898E+16,4.9892E+16
183929,9.17101E+18,9,3,75,118,2017,10,18,5,3,5,3,1,1,0,0,0,1,0,7.05333E+20,5.44167E+21,1.18127E+16,4.90936E+16
183930,9.17101E+18,9,3,62,0,2017,10,21,5,3,4,6,0,1,0,0,1,2,0,7.25029E+20,5.43433E+21,1.20781E+16,4.90208E+16
183931,9.17101E+18,9,3,62,0,2017,10,13,5,3,4,2,0,1,0,0,0,0,0,7.30793E+20,5.43184E+21,1.21554E+16,4.89963E+16
183932,9.17101E+18,9,3,62,0,2017,10,7,5,3,2,6,1,0,0,0,1,0,0,7.25889E+20,5.43357E+21,1.20894E+16,4.90136E+16
183933,9.17101E+18,9,3,73,147,2017,10,12,5,2,6,4,1,0,1,0,0,0,0,6.78092E+20,5.46227E+21,1.14491E+16,4.92872E+16
183934,9.17101E+18,9,3,72,116,2017,10,19,5,3,5,3,0,1,0,1,0,2,0,7.66644E+20,5.45638E+21,1.26607E+16,4.92022E+16
183935,9.17101E+18,9,3,72,116,2017,10,18,5,3,6,4,0,1,1,0,0,0,0,7.66301E+20,5.45879E+21,1.26576E+16,4.92239E+16
183936,9.17101E+18,9,2,71,119,2017,10,7,5,3,1,6,0,1,0,0,0,0,0,7.90406E+20,5.41812E+21,1.29588E+16,4.8848E+16
183937,9.17101E+18,9,2,72,151,2017,10,10,5,3,5,2,0,1,0,0,0,0,0,8.38683E+20,5.4082E+21,1.36067E+16,4.87346E+16
183938,9.17101E+18,9,2,77,116,2017,10,19,5,3,5,3,0,1,0,0,0,2,0,7.79382E+20,5.36824E+21,1.27753E+16,4.84053E+16
183939,9.17101E+18,9,1,89,155,2017,10,7,5,2,6,4,1,0,1,0,0,0,0,7.72103E+20,5.30838E+21,1.26389E+16,4.78711E+16
183940,9.17101E+18,9,1,83,130,2017,10,6,5,3,8,1,0,1,0,0,0,1,0,7.60317E+20,5.35651E+21,1.25109E+16,4.83081E+16
183941,9.17101E+18,9,1,63,0,2017,10,7,5,3,5,2,1,1,0,0,0,0,0,7.32684E+20,5.30486E+21,1.21107E+16,4.78549E+16
183942,9.17101E+18,9,1,61,0,2017,10,7,5,2,6,2,0,0,1,0,1,0,0,6.78245E+20,5.40386E+21,1.14255E+16,4.87622E+16
183943,9.17101E+18,9,1,61,0,2017,10,20,5,3,0,1,1,0,0,0,0,2,0,6.79524E+20,5.40044E+21,1.14414E+16,4.87311E+16
183944,9.17101E+18,9,1,61,0,2017,10,8,5,3,2,6,0,1,0,0,0,0,0,6.78669E+20,5.40456E+21,1.14316E+16,4.87684E+16
183945,9.17101E+18,9,1,74,126,2017,10,18,5,3,5,3,1,1,0,0,0,1,0,6.83744E+20,5.34417E+21,1.1474E+16,4.82241E+16
183946,9.17101E+18,9,1,74,115,2017,10,19,5,3,5,3,1,1,0,0,0,2,0,6.8291E+20,5.34842E+21,1.14646E+16,4.82625E+16
183947,9.17101E+18,9,1,78,145,2017,10,8,5,3,0,3,1,1,0,0,0,0,0,6.97835E+20,5.35465E+21,1.16685E+16,4.83141E+16
183948,9.17101E+18,9,1,77,117,2017,10,13,5,3,4,6,0,1,0,1,0,0,0,7.161E+20,5.35456E+21,1.19144E+16,4.83073E+16
183949,9.17101E+18,9,1,77,137,2017,10,12,5,3,5,3,0,1,0,1,0,0,0,7.34146E+20,5.34814E+21,1.21539E+16,4.82432E+16
183950,9.17101E+18,9,1,62,0,2017,10,9,4,3,5,3,1,1,0,0,0,0,0,6.86766E+20,5.33718E+21,1.15116E+16,4.81604E+16
183951,9.17101E+18,9,1,62,0,2017,10,10,4,3,3,6,0,1,0,0,0,0,0,6.94587E+20,5.34164E+21,1.16187E+16,4.81981E+16
183952,9.17101E+18,9,1,62,0,2017,10,12,4,3,1,6,0,1,0,0,1,0,0,6.89606E+20,5.34233E+21,1.1552E+16,4.82058E+16
183953,9.17101E+18,9,1,62,0,2017,10,22,4,3,1,5,0,1,0,0,0,2,0,6.90808E+20,5.33515E+21,1.1565E+16,4.81409E+16
183954,9.17101E+18,9,1,62,0,2017,10,19,4,3,3,6,0,1,0,0,1,1,0,6.92644E+20,5.33803E+21,1.1591E+16,4.81663E+16
183955,9.17101E+18,9,1,62,0,2017,10,18,4,3,3,7,0,1,0,1,0,0,0,6.90971E+20,5.33945E+21,1.15691E+16,4.81795E+16
183956,9.17101E+18,9,1,62,0,2017,10,19,4,3,1,7,1,1,0,0,0,2,0,6.93117E+20,5.33907E+21,1.15978E+16,4.81755E+16
183957,9.17101E+18,9,1,62,0,2017,10,17,4,3,3,2,1,1,0,0,0,0,0,6.93614E+20,5.33468E+21,1.16025E+16,4.81359E+16
183958,9.17101E+18,9,1,62,0,2017,10,7,4,3,3,2,0,1,0,1,0,0,0,6.8841E+20,5.3324E+21,1.15316E+16,4.81169E+16
183959,9.17101E+18,9,1,62,0,2017,10,11,4,2,6,4,0,1,1,0,0,0,0,6.90981E+20,5.34228E+21,1.15705E+16,4.8205E+16
183960,9.17101E+18,9,1,62,0,2017,10,16,4,3,3,6,1,0,0,0,1,0,0,6.91294E+20,5.33606E+21,1.15719E+16,4.8149E+16
183961,9.17101E+18,9,1,62,0,2017,10,18,4,3,5,3,1,1,0,0,0,1,0,6.88607E+20,5.33052E+21,1.15334E+16,4.81E+16
183962,9.17101E+18,9,1,62,0,2017,10,6,4,3,0,3,1,1,0,0,0,1,0,6.91573E+20,5.3354E+21,1.15754E+16,4.8143E+16
183963,9.17101E+18,9,1,62,0,2017,10,14,4,3,0,1,1,1,0,0,0,0,0,6.86551E+20,5.33932E+21,1.15096E+16,4.81797E+16
183964,9.17101E+18,9,1,62,0,2017,10,19,4,3,6,4,0,1,1,0,0,2,0,6.89917E+20,5.34218E+21,1.15562E+16,4.82044E+16
183965,9.17101E+18,9,1,62,0,2017,10,11,4,3,0,5,0,1,0,0,0,0,0,6.88585E+20,5.34178E+21,1.15381E+16,4.82012E+16
183966,9.17101E+18,9,1,62,0,2017,10,18,4,3,0,5,1,1,0,0,0,0,0,6.88017E+20,5.33044E+21,1.15254E+16,4.80995E+16
183967,9.17101E+18,9,1,62,0,2017,10,10,4,3,9,7,0,1,0,0,0,0,0,6.88987E+20,5.33451E+21,1.15403E+16,4.81358E+16
183968,9.17101E+18,9,1,62,0,2017,10,9,4,3,5,2,1,1,0,0,0,0,0,6.90688E+20,5.33621E+21,1.15639E+16,4.81505E+16
183969,9.17101E+18,9,1,62,0,2017,10,17,4,3,5,3,1,0,0,0,1,0,0,6.93054E+20,5.33822E+21,1.15965E+16,4.81679E+16
183970,9.17101E+18,9,1,62,0,2017,10,8,4,3,3,6,1,0,0,0,0,0,0,6.90742E+20,5.33568E+21,1.15643E+16,4.81458E+16
183971,9.17101E+18,9,7,75,135,2017,10,17,4,3,5,3,1,1,0,0,0,0,0,5.74516E+20,5.36086E+21,1.00067E+16,4.83965E+16
183972,9.17101E+18,9,7,78,136,2017,10,7,4,3,6,6,1,0,1,0,0,2,0,5.99276E+20,5.32086E+21,1.03317E+16,4.80333E+16
183973,9.17101E+18,9,7,64,0,2017,10,7,4,3,5,3,1,1,0,0,0,0,0,5.87177E+20,5.31569E+21,1.01684E+16,4.79886E+16
183974,9.17101E+18,9,7,78,144,2017,10,16,4,2,0,1,1,0,0,0,0,0,0,5.91362E+20,5.30371E+21,1.02219E+16,4.78802E+16
183975,9.17101E+18,9,7,74,185,2017,10,10,4,2,0,7,0,0,0,1,0,0,0,6.08737E+20,5.3489E+21,1.04658E+16,4.82839E+16
183976,9.17101E+18,9,7,63,0,2017,10,17,4,3,2,6,0,1,0,0,0,0,0,5.98621E+20,5.28552E+21,1.03149E+16,4.77155E+16
183977,9.17101E+18,9,7,80,132,2017,10,10,4,3,0,6,0,1,0,0,1,0,0,5.82516E+20,5.26778E+21,1.00968E+16,4.75582E+16
183978,9.17101E+18,9,7,77,159,2017,10,19,4,3,0,1,1,0,0,0,0,2,0,6.16317E+20,5.27146E+21,1.0547E+16,4.75861E+16
183979,9.17101E+18,9,7,73,144,2017,10,15,4,3,3,2,1,1,0,0,0,0,0,6.05777E+20,5.381E+21,1.0434E+16,4.85731E+16
183980,9.17101E+18,9,7,61,0,2017,10,16,4,3,6,2,0,1,1,0,0,0,0,6.36972E+20,5.36083E+21,1.08501E+16,4.83857E+16
183981,9.17101E+18,9,7,61,0,2017,10,9,4,3,0,6,1,0,0,0,1,0,0,6.39252E+20,5.36098E+21,1.08809E+16,4.83866E+16
183982,9.17101E+18,9,7,61,0,2017,10,16,4,3,5,3,1,1,0,0,0,0,0,6.396E+20,5.35884E+21,1.08849E+16,4.83673E+16
183983,9.17101E+18,9,7,61,0,2017,10,21,4,3,0,3,1,1,0,0,0,2,0,6.40103E+20,5.35905E+21,1.08917E+16,4.8369E+16
183984,9.17101E+18,9,7,61,0,2017,10,16,4,3,0,1,1,0,0,0,0,0,0,6.40657E+20,5.35931E+21,1.08993E+16,4.83713E+16
183985,9.17101E+18,9,6,77,157,2017,10,6,4,2,4,2,0,0,0,1,1,1,0,5.44169E+20,5.52193E+21,9.61437E+15,4.98481E+16
183986,9.17101E+18,9,6,61,0,2017,10,13,4,2,6,4,0,1,1,0,0,0,0,5.11507E+20,5.53631E+21,9.1605E+15,4.9979E+16
183987,9.17101E+18,9,5,65,0,2017,10,9,4,1,3,2,1,1,0,0,0,0,0,6.4704E+20,5.46558E+21,1.10236E+16,4.93252E+16
183988,9.17101E+18,9,5,62,0,2017,10,9,4,3,1,1,1,1,0,0,0,0,1,6.45774E+20,5.49736E+21,1.10179E+16,4.96112E+16
183989,9.17101E+18,9,5,62,0,2017,10,7,4,3,3,2,1,1,0,0,0,0,1,6.45845E+20,5.49578E+21,1.10183E+16,4.9597E+16
183990,9.17101E+18,9,5,62,0,2017,10,21,4,3,4,2,0,1,0,0,0,2,0,6.44448E+20,5.49706E+21,1.09994E+16,4.96088E+16
183991,9.17101E+18,9,5,74,132,2017,10,11,4,3,6,4,0,0,1,0,1,0,0,6.76549E+20,5.48618E+21,1.14385E+16,4.95025E+16
183992,9.17101E+18,9,5,63,0,2017,10,8,4,3,5,3,1,1,0,0,0,0,1,6.42896E+20,5.48174E+21,1.09724E+16,4.94715E+16
183993,9.17101E+18,9,5,64,0,2017,10,15,4,3,0,7,0,0,0,0,1,0,0,6.53336E+20,5.48306E+21,1.11169E+16,4.94808E+16
183994,9.17101E+18,9,5,64,0,2017,10,12,4,3,0,7,1,1,0,0,0,0,0,6.5104E+20,5.47852E+21,1.10835E+16,4.94406E+16
183995,9.17101E+18,9,5,64,0,2017,10,6,4,3,0,7,0,0,0,1,1,1,1,6.50833E+20,5.47753E+21,1.10803E+16,4.94317E+16
183996,9.17101E+18,9,5,64,0,2017,10,14,4,3,3,7,1,1,0,0,0,0,0,6.49128E+20,5.48043E+21,1.10579E+16,4.94582E+16
183997,9.17101E+18,9,5,64,0,2017,10,15,4,2,5,3,1,1,0,0,0,0,0,6.4893E+20,5.47848E+21,1.10544E+16,4.94407E+16
183998,9.17101E+18,9,5,77,177,2017,10,10,4,3,3,7,1,1,0,0,0,0,0,6.44295E+20,5.43281E+21,1.09741E+16,4.90313E+16
183999,9.17101E+18,9,4,64,0,2017,10,19,4,3,5,2,1,1,0,0,0,2,0,7.07838E+20,5.57675E+21,1.19189E+16,5.03062E+16
184000,9.17101E+18,9,4,62,0,2017,10,13,4,3,5,3,1,1,0,0,0,0,0,6.86245E+20,5.5375E+21,1.15968E+16,4.99608E+16
184001,9.17101E+18,9,4,62,0,2017,10,7,4,3,0,1,1,0,0,0,0,1,1,6.86976E+20,5.53639E+21,1.16064E+16,4.99506E+16
184002,9.17101E+18,9,4,61,0,2017,10,16,4,3,1,7,1,1,0,0,0,0,0,6.355E+20,5.52866E+21,1.08866E+16,4.9895E+16
184003,9.17101E+18,9,3,62,0,2017,10,9,4,2,0,7,0,1,0,0,1,0,0,7.27099E+20,5.43141E+21,1.21047E+16,4.89938E+16
184004,9.17101E+18,9,3,76,161,2017,10,16,4,3,5,3,0,1,0,1,0,1,0,7.24374E+20,5.46735E+21,1.20875E+16,4.93176E+16
184005,9.17101E+18,9,3,76,119,2017,10,9,4,2,5,3,0,1,0,1,0,0,0,7.21233E+20,5.45411E+21,1.20371E+16,4.91998E+16
184006,9.17101E+18,9,3,61,0,2017,10,18,4,2,4,2,1,1,0,0,0,0,0,7.06849E+20,5.47986E+21,1.18532E+16,4.94362E+16
184007,9.17101E+18,9,3,61,0,2017,10,15,4,3,1,4,0,1,1,0,0,0,0,7.07412E+20,5.48141E+21,1.18618E+16,4.94499E+16
184008,9.17101E+18,9,2,78,148,2017,10,12,4,3,0,7,1,0,0,0,0,0,0,7.3762E+20,5.40717E+21,1.22342E+16,4.87721E+16
184009,9.17101E+18,9,2,75,150,2017,10,12,4,2,0,7,1,0,0,0,0,0,0,8.35532E+20,5.39209E+21,1.35509E+16,4.85918E+16
184010,9.17101E+18,9,2,61,0,2017,10,16,4,3,5,3,1,1,0,0,0,0,0,7.35049E+20,5.38224E+21,1.21851E+16,4.85492E+16
184011,9.17101E+18,9,2,61,0,2017,10,12,4,3,5,3,1,1,0,0,0,0,0,7.31481E+20,5.38289E+21,1.21372E+16,4.85563E+16
184012,9.17101E+18,9,2,73,137,2017,10,16,4,3,5,3,1,1,0,0,0,0,0,7.10235E+20,5.42243E+21,1.18698E+16,4.89191E+16
184013,9.17101E+18,9,1,90,139,2017,10,6,4,2,4,2,0,1,0,1,0,2,1,6.54519E+20,5.29541E+21,1.10632E+16,4.77935E+16
184014,9.17101E+18,9,1,80,131,2017,10,11,4,3,1,6,1,0,0,0,1,0,0,6.63285E+20,5.27458E+21,1.11724E+16,4.7604E+16
184015,9.17101E+18,9,1,83,128,2017,10,16,4,3,0,7,1,0,0,0,0,0,0,7.61974E+20,5.34937E+21,1.25288E+16,4.82434E+16
184016,9.17101E+18,9,1,72,118,2017,10,12,4,2,2,6,0,1,0,0,0,0,0,7.97732E+20,5.30572E+21,1.2979E+16,4.78358E+16
184017,9.17101E+18,9,1,87,162,2017,10,13,4,3,6,4,0,1,1,0,0,0,0,7.50496E+20,5.30503E+21,1.23485E+16,4.78498E+16
184018,9.17101E+18,9,1,76,139,2017,10,7,4,3,4,2,1,1,0,0,0,0,1,6.84455E+20,5.40974E+21,1.15126E+16,4.88132E+16
184019,9.17101E+18,9,1,61,0,2017,10,22,4,3,1,5,0,1,0,1,0,2,0,6.77179E+20,5.40616E+21,1.1412E+16,4.87831E+16
184020,9.17101E+18,9,1,61,0,2017,10,8,4,3,2,6,0,1,0,0,0,0,0,6.78176E+20,5.40531E+21,1.14252E+16,4.87753E+16
184021,9.17101E+18,9,1,79,126,2017,10,11,4,3,5,3,0,1,0,0,1,0,0,6.77303E+20,5.3399E+21,1.13856E+16,4.81876E+16
184022,9.17101E+18,9,1,79,121,2017,10,21,4,2,5,3,0,1,0,0,1,2,0,6.6769E+20,5.33823E+21,1.12557E+16,4.81751E+16
184023,9.17101E+18,9,1,74,115,2017,10,22,4,2,4,1,0,1,0,0,0,2,0,6.81539E+20,5.34706E+21,1.14456E+16,4.82508E+16
184024,9.17101E+18,9,1,62,0,2017,10,15,3,3,4,6,1,1,0,0,0,0,0,6.80195E+20,5.33646E+21,1.1423E+16,4.81559E+16
184025,9.17101E+18,9,1,62,0,2017,10,17,3,3,6,4,0,1,1,0,0,0,0,6.85638E+20,5.32802E+21,1.14925E+16,4.80784E+16
184026,9.17101E+18,9,1,62,0,2017,10,18,3,3,1,5,1,1,0,0,0,0,0,6.91494E+20,5.33625E+21,1.15747E+16,4.81506E+16
184027,9.17101E+18,9,1,62,0,2017,10,10,3,3,2,6,1,1,0,0,0,0,0,6.83665E+20,5.33643E+21,1.14696E+16,4.81545E+16
184028,9.17101E+18,9,1,62,0,2017,10,15,3,3,2,6,0,1,0,1,0,0,0,6.90745E+20,5.34226E+21,1.15673E+16,4.82049E+16
184029,9.17101E+18,9,1,62,0,2017,10,14,3,3,3,6,0,1,0,1,0,0,0,6.89089E+20,5.33494E+21,1.15418E+16,4.81396E+16
184030,9.17101E+18,9,1,62,0,2017,10,16,3,3,6,4,0,1,1,0,0,0,0,6.97952E+20,5.33114E+21,1.16591E+16,4.81028E+16
184031,9.17101E+18,9,1,62,0,2017,10,14,3,3,1,5,1,1,0,0,0,0,0,6.91996E+20,5.33974E+21,1.1583E+16,4.81819E+16
184032,9.17101E+18,9,1,62,0,2017,10,9,3,2,6,4,0,1,1,0,0,0,0,6.89619E+20,5.34253E+21,1.15523E+16,4.82077E+16
184033,9.17101E+18,9,1,62,0,2017,10,13,3,3,2,6,0,1,0,0,0,0,0,6.88826E+20,5.33564E+21,1.15386E+16,4.81459E+16
184034,9.17101E+18,9,1,62,0,2017,10,9,3,3,1,2,0,1,0,0,1,0,0,6.93931E+20,5.33437E+21,1.16066E+16,4.8133E+16
184035,9.17101E+18,9,1,62,0,2017,10,18,3,3,4,2,0,1,0,1,0,0,0,6.90142E+20,5.33525E+21,1.15561E+16,4.81421E+16
184036,9.17101E+18,9,1,62,0,2017,10,13,3,3,5,4,1,0,1,0,0,0,0,6.92264E+20,5.33427E+21,1.15841E+16,4.81326E+16
184037,9.17101E+18,9,1,62,0,2017,10,9,3,3,3,2,0,1,0,0,1,0,0,6.90681E+20,5.33777E+21,1.15645E+16,4.81646E+16
184038,9.17102E+18,9,7,61,0,2017,10,15,3,3,5,3,0,1,0,0,0,0,0,6.38653E+20,5.3586E+21,1.0872E+16,4.83653E+16
184039,9.17102E+18,9,6,63,0,2017,10,19,3,3,0,1,1,0,0,0,0,2,0,5.6702E+20,5.51651E+21,9.93126E+15,4.97973E+16
184040,9.17102E+18,9,6,63,0,2017,10,16,3,3,6,7,0,1,1,0,0,0,0,5.67937E+20,5.51709E+21,9.9441E+15,4.98024E+16
184041,9.17102E+18,9,6,63,0,2017,10,9,3,3,1,6,0,1,0,0,0,0,0,5.66005E+20,5.51673E+21,9.91719E+15,4.97994E+16
184042,9.17102E+18,9,6,74,147,2017,10,13,3,3,5,3,0,1,0,0,0,0,0,6.10387E+20,5.5432E+21,1.05413E+16,5.00308E+16
184043,9.17102E+18,9,6,62,0,2017,10,15,3,2,4,2,0,1,0,0,0,0,0,5.88025E+20,5.54397E+21,1.02293E+16,5.00415E+16
184044,9.17102E+18,9,6,71,111,2017,10,16,3,2,7,7,1,0,0,0,1,0,0,5.04565E+20,5.54832E+21,9.06382E+15,5.00871E+16
184045,9.17102E+18,9,5,62,0,2017,10,13,3,3,3,2,1,1,0,0,0,0,0,6.45103E+20,5.4946E+21,1.10076E+16,4.95866E+16
184046,9.17102E+18,9,5,62,0,2017,10,11,3,3,4,2,1,1,0,0,0,0,0,6.44992E+20,5.49398E+21,1.10058E+16,4.9581E+16
184047,9.17102E+18,9,5,76,143,2017,10,15,3,2,6,7,1,0,1,0,0,0,0,6.49498E+20,5.45617E+21,1.10539E+16,4.924E+16
184048,9.17102E+18,9,5,74,146,2017,10,9,3,3,0,1,0,0,0,1,0,0,0,6.68803E+20,5.48752E+21,1.13322E+16,4.95168E+16
184049,9.17102E+18,9,5,64,0,2017,10,8,3,3,2,6,0,1,0,0,0,0,0,6.52412E+20,5.47788E+21,1.11022E+16,4.94344E+16
184050,9.17102E+18,9,5,64,0,2017,10,13,3,3,5,3,1,1,0,0,0,0,0,6.50398E+20,5.47946E+21,1.1075E+16,4.94491E+16
184051,9.17102E+18,9,5,64,0,2017,10,7,3,2,4,2,1,1,0,0,0,0,0,6.58929E+20,5.47607E+21,1.11913E+16,4.94165E+16
184052,9.17102E+18,9,5,64,0,2017,10,17,3,3,5,3,1,0,0,0,0,0,0,6.49954E+20,5.47892E+21,1.10687E+16,4.94445E+16
184053,9.17102E+18,9,5,64,0,2017,10,8,3,3,0,7,0,1,0,0,1,0,0,6.51154E+20,5.47927E+21,1.10854E+16,4.94473E+16
184054,9.17102E+18,9,5,77,177,2017,10,6,3,3,5,3,0,1,0,1,0,1,0,6.44019E+20,5.43366E+21,1.09706E+16,4.9039E+16
184055,9.17102E+18,9,5,61,0,2017,10,18,3,3,0,7,1,1,0,0,0,1,0,6.14399E+20,5.46243E+21,1.05737E+16,4.93039E+16
184056,9.17102E+18,9,4,75,156,2017,10,16,3,3,2,6,0,1,0,0,0,0,0,6.91459E+20,5.57784E+21,1.16897E+16,5.03215E+16
184057,9.17102E+18,9,4,64,0,2017,10,8,3,3,5,3,1,1,0,0,0,0,0,7.07411E+20,5.57823E+21,1.19137E+16,5.03197E+16
184058,9.17102E+18,9,4,63,0,2017,10,10,3,2,5,7,1,1,0,0,0,0,0,6.39538E+20,5.56979E+21,1.09578E+16,5.02638E+16
184059,9.17102E+18,9,4,77,128,2017,10,17,3,2,5,3,0,1,0,0,0,0,0,6.72954E+20,5.55234E+21,1.14183E+16,5.00981E+16
184060,9.17102E+18,9,4,62,0,2017,10,15,3,2,3,6,1,1,0,0,0,0,0,6.8523E+20,5.53484E+21,1.15814E+16,4.99372E+16
184061,9.17102E+18,9,7,72,147,2017,10,17,3,3,1,7,1,1,0,0,0,0,0,6.39019E+20,5.36512E+21,1.08791E+16,4.84239E+16
184062,9.17102E+18,9,4,71,195,2017,10,12,3,3,5,3,1,1,0,0,0,0,0,6.40808E+20,5.52316E+21,1.09585E+16,4.98443E+16
184063,9.17102E+18,9,4,61,0,2017,10,15,3,3,0,7,1,0,0,0,0,0,0,6.35147E+20,5.5285E+21,1.08817E+16,4.98936E+16
184064,9.17102E+18,9,4,61,0,2017,10,12,3,3,1,6,0,1,0,0,0,0,0,6.36406E+20,5.53116E+21,1.09001E+16,4.99172E+16
184065,9.17102E+18,9,3,63,0,2017,10,7,3,2,6,4,0,0,1,0,1,0,0,7.24931E+20,5.50855E+21,1.21186E+16,4.96875E+16
184066,9.17102E+18,9,3,77,141,2017,10,17,3,3,0,7,1,1,0,0,0,0,0,7.32474E+20,5.53821E+21,1.22408E+16,4.99509E+16
184067,9.17102E+18,9,3,72,171,2017,10,18,3,3,6,4,0,1,1,0,0,0,0,7.69038E+20,5.4761E+21,1.27068E+16,4.93781E+16
184068,9.17102E+18,9,3,75,175,2017,10,11,3,3,6,1,0,1,1,0,0,0,0,7.15845E+20,5.43436E+21,1.19526E+16,4.90243E+16
184069,9.17102E+18,9,3,75,165,2017,10,16,3,3,5,3,0,1,0,1,0,0,0,7.25841E+20,5.43769E+21,1.2091E+16,4.90506E+16
184070,9.17102E+18,9,3,62,0,2017,10,12,3,2,0,3,0,1,0,0,1,0,0,7.27562E+20,5.43444E+21,1.21127E+16,4.90208E+16
184071,9.17102E+18,9,3,62,0,2017,10,16,3,3,5,3,0,1,0,0,1,0,0,7.28805E+20,5.43915E+21,1.21324E+16,4.90627E+16
184072,9.17102E+18,9,3,76,161,2017,10,10,3,3,0,3,0,1,0,1,0,0,0,7.2794E+20,5.46786E+21,1.21368E+16,4.93208E+16
184073,9.17102E+18,9,2,62,0,2017,10,13,3,3,2,6,0,1,0,0,0,0,0,8.24638E+20,5.38951E+21,1.34016E+16,4.85745E+16
184074,9.17102E+18,9,2,74,184,2017,10,8,3,2,2,6,0,1,0,0,0,0,0,7.47982E+20,5.36921E+21,1.23524E+16,4.84272E+16
184075,9.17102E+18,9,2,74,132,2017,10,16,3,3,4,3,0,1,0,0,0,0,0,7.25826E+20,5.38614E+21,1.20625E+16,4.85876E+16
184076,9.17102E+18,9,2,61,0,2017,10,17,3,2,0,1,0,0,0,1,0,0,0,7.33044E+20,5.38105E+21,1.21573E+16,4.85393E+16
184077,9.17102E+18,9,2,61,0,2017,10,17,3,3,5,3,1,1,0,0,0,0,0,7.31895E+20,5.38054E+21,1.21415E+16,4.8535E+16
184078,9.17102E+18,9,2,61,0,2017,10,18,3,3,4,2,1,1,0,0,0,1,0,7.31686E+20,5.38189E+21,1.21394E+16,4.85473E+16
184079,9.17102E+18,9,2,61,0,2017,10,13,3,3,6,4,0,1,1,0,0,0,0,7.32514E+20,5.38065E+21,1.21499E+16,4.85358E+16
184080,9.17102E+18,9,1,90,140,2017,10,7,3,3,0,1,1,0,0,0,0,0,0,6.43874E+20,5.29531E+21,1.09212E+16,4.7795E+16
184081,9.17102E+18,9,1,80,126,2017,10,3,3,3,9,7,0,1,0,0,0,2,0,6.61176E+20,5.26991E+21,1.11427E+16,4.75626E+16
184082,9.17102E+18,9,1,73,124,2017,10,7,3,2,4,2,0,0,0,1,1,0,0,6.93066E+20,5.29021E+21,1.15752E+16,4.77364E+16
184083,9.17102E+18,9,1,83,148,2017,10,10,3,3,5,3,0,1,0,0,0,0,0,7.53044E+20,5.34488E+21,1.24061E+16,4.82067E+16