OBJECTID,UIDENTSTLA,ULAND,UREGBEZ,UKREIS,UGEMEINDE,UJAHR,UMONAT,USTUNDE,UWOCHENTAG,UKATEGORIE,UART,UTYP1,IstRad,IstPKW,IstFuss,IstKrad,IstSonstig,LICHT,STRZUSTAND,LINREFX,LINREFY,XGCSWGS84,YGCSWGS84
184084,9.17102E+18,9,1,83,112,2017,10,6,3,2,5,2,0,1,0,1,0,1,0,7.54408E+20,5.34981E+21,1.24274E+16,4.82504E+16
184085,9.17102E+18,9,1,71,111,2017,10,8,3,3,6,2,0,1,1,0,0,0,0,7.72649E+20,5.34796E+21,1.26714E+16,4.82262E+16
184086,9.17102E+18,9,1,63,0,2017,10,8,3,3,2,3,1,1,0,0,0,0,0,7.34567E+20,5.30487E+21,1.21359E+16,4.78544E+16
184087,9.17102E+18,9,1,61,0,2017,10,6,3,3,2,6,0,1,0,0,0,1,0,6.78377E+20,5.40536E+21,1.1428E+16,4.87757E+16
184088,9.17102E+18,9,1,61,0,2017,10,15,3,3,6,7,1,0,1,0,0,0,0,6.78892E+20,5.40364E+21,1.14342E+16,4.87601E+16
184089,9.17102E+18,9,1,88,121,2017,10,17,3,3,6,6,0,1,1,0,0,0,0,6.71179E+20,5.33005E+21,1.12993E+16,4.81007E+16
184090,9.17102E+18,9,1,79,121,2017,10,9,3,3,0,7,1,0,0,0,0,0,1,6.66826E+20,5.3384E+21,1.12442E+16,4.81769E+16
184091,9.17102E+18,9,1,74,115,2017,10,22,3,3,5,3,0,1,0,0,0,2,0,6.815E+20,5.34814E+21,1.14455E+16,4.82604E+16
184092,9.17102E+18,9,1,74,113,2017,10,17,3,3,5,2,0,1,0,0,0,0,0,6.77824E+20,5.34691E+21,1.13955E+16,4.82504E+16
184093,9.17102E+18,9,1,74,143,2017,10,12,3,3,1,1,0,1,0,1,0,0,0,6.7391E+20,5.35619E+21,1.13467E+16,4.83349E+16
184094,9.17102E+18,9,1,75,132,2017,10,6,3,3,4,5,0,1,0,0,1,2,0,7.0733E+20,5.33048E+21,1.17846E+16,4.80938E+16
184095,9.17102E+18,9,1,62,0,2017,10,15,2,3,6,4,0,1,1,0,0,0,0,6.9149E+20,5.33211E+21,1.15728E+16,4.81134E+16
184096,9.17102E+18,9,1,62,0,2017,10,8,2,3,6,4,0,1,1,0,0,0,0,6.89813E+20,5.3349E+21,1.15515E+16,4.8139E+16
184097,9.17102E+18,9,1,62,0,2017,10,6,2,3,6,3,0,1,1,0,0,1,0,6.90472E+20,5.34222E+21,1.15636E+16,4.82046E+16
184098,9.17102E+18,9,1,62,0,2017,10,14,2,3,3,6,1,1,0,0,0,0,0,6.94731E+20,5.33653E+21,1.16183E+16,4.81522E+16
184099,9.17102E+18,9,1,62,0,2017,10,20,2,2,0,5,1,1,0,0,0,2,0,6.84892E+20,5.32846E+21,1.14826E+16,4.80826E+16
184100,9.17102E+18,9,1,62,0,2017,10,18,2,3,1,5,1,1,0,0,0,0,0,6.90128E+20,5.33637E+21,1.15564E+16,4.81521E+16
184101,9.17102E+18,9,1,88,127,2017,10,15,2,3,3,6,1,1,0,0,0,0,0,6.80207E+20,5.32999E+21,1.14204E+16,4.80977E+16
184102,9.17102E+18,9,1,62,0,2017,10,10,2,2,0,7,0,0,0,0,1,0,0,6.92276E+20,5.3364E+21,1.15853E+16,4.81517E+16
184103,9.17102E+18,9,1,62,0,2017,10,12,2,3,0,7,0,1,0,1,1,0,0,6.91456E+20,5.33518E+21,1.15737E+16,4.8141E+16
184104,9.17102E+18,9,1,62,0,2017,10,14,2,3,0,7,0,1,0,0,1,0,0,6.90428E+20,5.33346E+21,1.15591E+16,4.81259E+16
184105,9.17102E+18,9,1,62,0,2017,10,20,2,3,5,2,1,1,0,0,0,2,0,6.91781E+20,5.34295E+21,1.15816E+16,4.82108E+16
184106,9.17102E+18,9,1,62,0,2017,10,15,2,3,5,3,0,1,0,0,0,0,0,6.83143E+20,5.33755E+21,1.14631E+16,4.81648E+16
184107,9.17102E+18,9,1,62,0,2017,10,15,2,3,0,1,1,0,0,0,0,0,0,6.83088E+20,5.33574E+21,1.14616E+16,4.81485E+16
184108,9.17102E+18,9,1,62,0,2017,10,8,2,3,0,5,1,1,0,0,0,0,0,6.89634E+20,5.34309E+21,1.15528E+16,4.82127E+16
184109,9.17102E+18,9,1,62,0,2017,10,12,2,3,0,7,1,0,0,0,0,0,1,6.86228E+20,5.34334E+21,1.15071E+16,4.82159E+16
184110,9.17102E+18,9,1,62,0,2017,10,16,2,3,3,6,0,1,0,1,0,0,0,6.88666E+20,5.33789E+21,1.15374E+16,4.81663E+16
184111,9.17102E+18,9,1,84,129,2017,10,8,2,3,0,3,1,1,0,0,0,0,0,6.99466E+20,5.32632E+21,1.16771E+16,4.8059E+16
184112,9.17102E+18,9,1,62,0,2017,10,16,2,3,6,4,0,1,1,0,0,0,0,6.94691E+20,5.33657E+21,1.16178E+16,4.81526E+16
184113,9.17102E+18,9,1,62,0,2017,10,14,2,3,0,7,1,0,0,0,0,0,0,6.96394E+20,5.3363E+21,1.16405E+16,4.81496E+16
184114,9.17102E+18,9,1,62,0,2017,10,18,2,3,0,4,1,0,1,0,0,0,0,6.92254E+20,5.3385E+21,1.15859E+16,4.81707E+16
184115,9.17102E+18,9,1,62,0,2017,10,15,2,3,2,6,0,1,0,1,0,0,0,6.90468E+20,5.33582E+21,1.15607E+16,4.81471E+16
184116,9.17102E+18,9,7,75,135,2017,10,17,2,3,4,6,1,1,0,0,0,0,0,5.74238E+20,5.3598E+21,1.00027E+16,4.8387E+16
184117,9.17102E+18,9,7,64,0,2017,10,19,2,2,5,3,1,1,0,0,0,2,0,5.86196E+20,5.31841E+21,1.01558E+16,4.80132E+16
184118,9.17102E+18,9,7,64,0,2017,10,18,2,3,2,6,0,1,0,1,0,1,0,5.87077E+20,5.31728E+21,1.01674E+16,4.80029E+16
184119,9.17102E+18,9,7,77,129,2017,10,20,2,3,2,3,1,1,0,0,0,2,0,6.27659E+20,5.26982E+21,1.06973E+16,4.75692E+16
184120,9.17102E+18,9,7,77,129,2017,10,16,2,2,0,6,1,0,0,0,0,0,0,6.28082E+20,5.26974E+21,1.07029E+16,4.75684E+16
184121,9.17102E+18,9,7,77,135,2017,10,14,2,3,8,1,1,0,0,0,0,0,0,6.22698E+20,5.27296E+21,1.06322E+16,4.75984E+16
184122,9.17102E+18,9,7,79,194,2017,10,17,2,3,6,4,0,1,1,0,0,0,0,6.10482E+20,5.41197E+21,1.0506E+16,4.88508E+16
184123,9.17102E+18,9,7,73,136,2017,10,17,2,3,5,3,0,1,0,1,0,0,0,6.02652E+20,5.37939E+21,1.03912E+16,4.85592E+16
184124,9.17102E+18,9,7,72,149,2017,10,19,2,3,1,6,0,1,0,0,1,2,0,6.35316E+20,5.33892E+21,1.08207E+16,4.81891E+16
184125,9.17102E+18,9,7,72,184,2017,10,15,2,3,0,7,1,0,0,0,1,0,0,6.34705E+20,5.36166E+21,1.08197E+16,4.83937E+16
184126,9.17102E+18,9,7,72,163,2017,10,13,2,3,1,6,0,1,0,0,0,0,0,6.40663E+20,5.35012E+21,1.08963E+16,4.82887E+16
184127,9.17102E+18,9,7,61,0,2017,10,13,2,3,2,6,0,1,0,0,1,0,0,6.39287E+20,5.36146E+21,1.08815E+16,4.83909E+16
184128,9.17102E+18,9,7,61,0,2017,10,19,2,3,4,6,1,0,0,0,0,1,0,6.40294E+20,5.35729E+21,1.08937E+16,4.83532E+16
184129,9.17102E+18,9,7,61,0,2017,10,16,2,2,0,1,1,0,0,0,0,0,1,6.41956E+20,5.35778E+21,1.09163E+16,4.83572E+16
184130,9.17102E+18,9,7,61,0,2017,10,16,2,2,2,3,1,1,0,0,0,0,0,6.42778E+20,5.35847E+21,1.09276E+16,4.83633E+16
184131,9.17102E+18,9,7,71,122,2017,10,15,2,2,9,1,0,1,0,0,0,0,0,6.5318E+20,5.36235E+21,1.10694E+16,4.83957E+16
184132,9.17102E+18,9,6,63,0,2017,10,18,2,3,5,3,0,1,0,0,0,0,0,5.70224E+20,5.51642E+21,9.97576E+15,4.97962E+16
184133,9.17102E+18,9,6,63,0,2017,10,10,2,3,0,3,0,1,0,1,0,0,0,5.67483E+20,5.51438E+21,9.93731E+15,4.97781E+16
184134,9.17102E+18,9,6,77,131,2017,10,19,2,2,0,7,0,0,0,1,0,2,0,5.46225E+20,5.54552E+21,9.6458E+15,5.00602E+16
184135,9.17102E+18,9,6,77,155,2017,10,16,2,3,5,3,1,1,0,0,0,0,0,5.41307E+20,5.53808E+21,9.5763E+15,4.99937E+16
184136,9.17102E+18,9,6,72,114,2017,10,10,2,3,0,7,1,0,0,0,0,0,0,5.77266E+20,5.55815E+21,1.0082E+16,5.01705E+16
184137,9.17102E+18,9,6,71,121,2017,10,7,2,3,8,1,0,0,0,1,0,0,0,5.12659E+20,5.53768E+21,9.1766E+15,4.99914E+16
184138,9.17102E+18,9,6,61,0,2017,10,13,2,3,2,6,0,1,0,1,0,0,0,5.11338E+20,5.53599E+21,9.15813E+15,4.99762E+16
184139,9.17102E+18,9,6,71,143,2017,10,15,2,2,8,1,0,1,0,0,0,0,0,5.1259E+20,5.54854E+21,9.176E+15,5.0089E+16
184140,9.17102E+18,9,5,63,0,2017,10,16,2,3,4,7,1,0,0,0,0,0,0,6.43151E+20,5.48279E+21,1.09763E+16,4.94809E+16
184141,9.17102E+18,9,5,64,0,2017,10,6,2,2,6,3,0,0,1,0,1,1,0,6.53471E+20,5.48023E+21,1.11177E+16,4.94553E+16
184142,9.17102E+18,9,5,64,0,2017,10,7,2,3,5,3,1,1,0,0,0,0,0,6.5017E+20,5.47986E+21,1.1072E+16,4.94529E+16
184143,9.17102E+18,9,5,75,144,2017,10,14,2,2,0,3,1,0,0,0,1,0,0,6.00969E+20,5.50167E+21,1.0399E+16,4.96591E+16
184144,9.17102E+18,9,4,64,0,2017,10,16,2,3,5,3,0,0,0,0,1,0,0,7.07623E+20,5.57744E+21,1.19162E+16,5.03125E+16
184145,9.17102E+18,9,4,64,0,2017,10,12,2,3,1,7,0,1,0,0,0,0,0,7.06584E+20,5.57918E+21,1.19026E+16,5.03284E+16
184146,9.17102E+18,9,4,63,0,2017,10,13,2,3,6,4,0,1,1,0,0,0,0,6.40203E+20,5.56812E+21,1.09665E+16,5.02486E+16
184147,9.17102E+18,9,4,62,0,2017,10,9,2,3,2,6,0,1,0,0,0,0,0,6.86564E+20,5.53843E+21,1.16017E+16,4.99691E+16
184148,9.17102E+18,9,4,74,126,2017,10,9,2,3,6,4,0,0,1,0,1,0,0,6.49788E+20,5.50932E+21,1.1078E+16,4.97178E+16
184149,9.17102E+18,9,4,61,0,2017,10,14,2,3,5,3,1,1,0,0,0,0,0,6.38172E+20,5.53057E+21,1.09245E+16,4.99115E+16
184150,9.17102E+18,9,4,61,0,2017,10,11,2,3,1,6,0,0,0,1,1,0,0,6.366E+20,5.5314E+21,1.09029E+16,4.99194E+16
184151,9.17102E+18,9,3,77,129,2017,10,17,2,2,8,7,0,1,0,0,0,0,0,7.10485E+20,5.52902E+21,1.19297E+16,4.98765E+16
184152,9.17102E+18,9,3,75,174,2017,10,18,2,3,5,2,0,1,0,0,0,2,0,7.33408E+20,5.42951E+21,1.21897E+16,4.89744E+16
184153,9.17102E+18,9,3,75,174,2017,10,14,2,3,5,3,0,1,0,0,0,0,0,7.33294E+20,5.43023E+21,1.21886E+16,4.89809E+16
184154,9.17102E+18,9,3,75,181,2017,10,14,2,3,8,1,0,0,0,1,0,0,0,7.20487E+20,5.43842E+21,1.20183E+16,4.90592E+16
184155,9.17102E+18,9,3,62,0,2017,10,12,2,3,1,7,0,1,0,0,0,0,0,7.29789E+20,5.43368E+21,1.21427E+16,4.90132E+16
184156,9.17102E+18,9,3,62,0,2017,10,16,2,3,5,3,0,1,0,1,0,0,0,7.25022E+20,5.43393E+21,1.20778E+16,4.90172E+16
184157,9.17102E+18,9,3,62,0,2017,10,14,2,3,1,4,0,0,1,0,1,0,0,7.26676E+20,5.43349E+21,1.21001E+16,4.90126E+16
184158,9.17102E+18,9,2,76,120,2017,10,14,2,2,0,1,1,0,0,0,0,0,0,7.93146E+20,5.44745E+21,1.30172E+16,4.91099E+16
184159,9.17102E+18,9,2,71,146,2017,10,13,2,3,6,6,0,0,1,0,1,0,0,7.83966E+20,5.40893E+21,1.28649E+16,4.87685E+16
184160,9.17102E+18,9,2,75,114,2017,10,7,2,3,3,2,0,1,0,1,0,0,1,7.95428E+20,5.39E+21,1.3007E+16,4.85933E+16
184161,9.17102E+18,9,2,75,150,2017,10,17,2,3,6,4,0,1,1,0,0,0,0,8.33453E+20,5.39462E+21,1.35248E+16,4.86156E+16
184162,9.17102E+18,9,2,73,119,2017,10,16,2,2,0,7,1,0,0,0,1,0,0,7.09115E+20,5.4067E+21,1.18465E+16,4.87781E+16
184163,9.17102E+18,9,1,90,148,2017,10,16,2,3,0,7,0,1,1,0,0,0,0,6.40465E+20,5.29663E+21,1.08761E+16,4.78077E+16
184164,9.17102E+18,9,1,80,124,2017,10,9,2,3,5,3,1,1,0,0,0,0,0,6.65362E+20,5.28227E+21,1.12029E+16,4.76727E+16
184165,9.17102E+18,9,1,72,118,2017,10,17,2,3,5,3,1,1,0,0,0,0,1,7.96467E+20,5.30736E+21,1.29632E+16,4.78511E+16
184166,9.17102E+18,9,1,72,118,2017,10,12,2,3,6,4,0,1,1,0,0,0,0,7.97417E+20,5.30579E+21,1.29748E+16,4.78366E+16
184167,9.17102E+18,9,1,63,0,2017,10,9,2,3,5,2,1,1,0,0,0,0,0,7.32355E+20,5.3046E+21,1.21062E+16,4.78527E+16
184168,9.17102E+18,9,1,82,129,2017,10,13,2,2,8,1,1,0,0,0,0,0,0,7.15226E+20,5.27923E+21,1.1865E+16,4.76307E+16
184169,9.17102E+18,9,1,61,0,2017,10,15,2,3,6,2,0,1,1,0,0,0,0,6.8065E+20,5.40542E+21,1.14589E+16,4.87756E+16
184170,9.17102E+18,9,1,76,126,2017,10,15,2,3,4,6,1,0,0,0,0,0,0,6.74564E+20,5.40774E+21,1.13771E+16,4.87982E+16
184171,9.17102E+18,9,1,61,0,2017,10,11,2,2,1,5,1,1,0,0,0,0,0,6.7652E+20,5.40423E+21,1.14022E+16,4.87661E+16
184172,9.17102E+18,9,1,61,0,2017,10,15,2,3,3,2,0,1,0,0,1,0,0,6.77122E+20,5.40372E+21,1.14102E+16,4.87612E+16
184173,9.17102E+18,9,1,85,158,2017,10,10,2,3,0,3,1,0,0,0,1,0,0,6.66977E+20,5.38121E+21,1.12632E+16,4.85617E+16
184174,9.17102E+18,9,1,86,152,2017,10,17,2,3,4,6,0,0,0,0,1,0,0,6.91591E+20,5.37851E+21,1.15952E+16,4.85304E+16
184175,9.17102E+18,9,1,79,126,2017,10,18,2,2,6,4,1,0,1,0,0,0,0,6.76356E+20,5.34082E+21,1.13732E+16,4.81961E+16
184176,9.17102E+18,9,1,79,121,2017,10,13,2,3,5,3,0,1,0,0,0,0,0,6.67746E+20,5.33898E+21,1.12568E+16,4.81819E+16
184177,9.17102E+18,9,1,78,124,2017,10,15,2,3,5,3,0,1,0,0,0,0,0,7.03628E+20,5.36419E+21,1.17511E+16,4.8398E+16
184178,9.17102E+18,9,1,78,124,2017,10,16,2,2,5,3,1,1,0,0,0,0,0,7.01087E+20,5.3641E+21,1.17168E+16,4.8398E+16
184179,9.17102E+18,9,1,78,124,2017,10,9,2,3,4,2,1,1,0,0,0,0,0,7.02426E+20,5.36553E+21,1.17355E+16,4.84104E+16
184180,9.17102E+18,9,1,75,115,2017,10,16,2,3,0,1,0,0,0,0,1,0,0,7.21152E+20,5.328E+21,1.19687E+16,4.80669E+16
184181,9.17102E+18,9,1,62,0,2017,10,11,1,3,8,7,0,1,0,0,0,0,0,6.88365E+20,5.33435E+21,1.15318E+16,4.81345E+16
184182,9.17102E+18,9,1,84,123,2017,10,23,1,3,9,1,0,1,0,0,0,2,0,7.04293E+20,5.33233E+21,1.17447E+16,4.81114E+16
184183,9.17102E+18,9,1,62,0,2017,10,17,1,3,7,1,1,0,0,0,0,0,0,6.96567E+20,5.33057E+21,1.16402E+16,4.80981E+16
184184,9.17102E+18,9,1,62,0,2017,10,10,1,3,4,6,0,1,0,1,0,0,0,6.9147E+20,5.33229E+21,1.15726E+16,4.81151E+16
184185,9.17102E+18,9,1,62,0,2017,10,17,1,3,3,6,1,1,0,0,0,0,0,6.9125E+20,5.3358E+21,1.15712E+16,4.81467E+16
184186,9.17102E+18,9,7,74,145,2017,10,16,1,3,0,1,1,0,0,0,0,0,0,6.01167E+20,5.3537E+21,1.03649E+16,4.83283E+16
184187,9.17102E+18,9,7,78,116,2017,10,11,1,3,0,7,1,0,0,0,0,0,0,6.20896E+20,5.31953E+21,1.06213E+16,4.80176E+16
184188,9.17102E+18,9,7,80,120,2017,10,20,1,2,0,7,0,0,0,1,0,2,0,6.01008E+20,5.28457E+21,1.03465E+16,4.77066E+16
184189,9.17102E+18,9,7,77,167,2017,10,15,1,3,0,7,1,0,0,0,0,0,0,6.16148E+20,5.29556E+21,1.05512E+16,4.78029E+16
184190,9.17102E+18,9,7,77,129,2017,10,9,1,3,5,3,0,1,0,0,0,0,0,6.27832E+20,5.27014E+21,1.06997E+16,4.75721E+16
184191,9.17102E+18,9,7,73,125,2017,10,16,1,3,0,3,1,1,0,0,0,0,0,6.09676E+20,5.38158E+21,1.0487E+16,4.85777E+16
184192,9.17102E+18,9,7,61,0,2017,10,14,1,3,0,7,1,0,0,0,0,0,0,6.36924E+20,5.35299E+21,1.08469E+16,4.83153E+16
184193,9.17102E+18,9,7,61,0,2017,10,15,1,3,0,1,1,0,0,0,0,0,0,6.39711E+20,5.35785E+21,1.0886E+16,4.83583E+16
184194,9.17102E+18,9,7,61,0,2017,10,12,1,3,5,1,0,1,0,0,0,0,0,6.41134E+20,5.35186E+21,1.09032E+16,4.83042E+16
184195,9.17102E+18,9,7,61,0,2017,10,15,1,3,2,6,0,1,0,0,0,0,0,6.41194E+20,5.35801E+21,1.09061E+16,4.83594E+16
184196,9.17102E+18,9,7,61,0,2017,10,14,1,3,0,7,1,0,0,0,0,0,0,6.41307E+20,5.35759E+21,1.09075E+16,4.83557E+16
184197,9.17102E+18,9,6,79,156,2017,10,0,1,3,6,4,0,1,1,0,0,2,0,5.74991E+20,5.52187E+21,1.0043E+16,4.98446E+16
184198,9.17102E+18,9,6,72,111,2017,10,13,1,3,1,7,0,1,0,1,0,0,0,5.71763E+20,5.55751E+21,1.00048E+16,5.01655E+16
184199,9.17102E+18,9,6,62,0,2017,10,3,1,3,0,7,1,0,0,0,0,2,1,5.88992E+20,5.5427E+21,1.02425E+16,5.00299E+16
184200,9.17102E+18,9,6,71,114,2017,10,17,1,3,2,6,1,1,0,0,0,0,0,5.02851E+20,5.54308E+21,9.03982E+15,5.004E+16
184201,9.17102E+18,9,6,71,114,2017,10,16,1,2,8,7,1,0,0,0,0,0,0,5.02209E+20,5.54328E+21,9.03086E+15,5.00418E+16
184202,9.17102E+18,9,6,71,111,2017,10,15,1,2,0,1,1,0,0,0,0,0,0,5.03691E+20,5.5477E+21,9.05159E+15,5.00815E+16
184203,9.17102E+18,9,5,64,0,2017,10,1,1,3,0,1,0,1,0,0,0,2,0,6.48442E+20,5.47987E+21,1.10482E+16,4.94533E+16
184204,9.17102E+18,9,5,64,0,2017,10,13,1,3,4,2,0,1,0,1,0,0,0,6.5092E+20,5.47851E+21,1.10819E+16,4.94405E+16
184205,9.17102E+18,9,5,77,173,2017,10,12,1,3,0,1,0,0,0,1,0,0,1,6.38936E+20,5.42214E+21,1.08972E+16,4.89365E+16
184206,9.17102E+18,9,5,75,153,2017,10,16,1,3,0,7,0,1,0,0,0,0,0,6.17838E+20,5.49195E+21,1.06297E+16,4.95687E+16
184207,9.17102E+18,9,4,79,169,2017,10,14,1,2,0,1,1,0,0,0,0,0,0,7.14728E+20,5.54615E+21,1.19982E+16,5.00289E+16
184208,9.17102E+18,9,4,78,139,2017,10,17,1,3,5,2,0,1,0,0,0,0,0,6.50052E+20,5.55903E+21,1.1101E+16,5.01644E+16
184209,9.17102E+18,9,4,78,145,2017,10,12,1,3,0,1,0,0,0,1,0,0,0,6.53164E+20,5.55964E+21,1.11448E+16,5.01691E+16
184210,9.17102E+18,9,4,77,156,2017,10,15,1,3,8,6,0,1,0,1,0,0,0,6.84022E+20,5.56297E+21,1.15781E+16,5.01903E+16
184211,9.17102E+18,9,4,62,0,2017,10,14,1,3,8,1,0,0,0,1,0,0,0,6.83358E+20,5.53827E+21,1.1557E+16,4.99685E+16
184212,9.17102E+18,9,4,74,126,2017,10,15,1,3,0,4,0,1,1,0,0,0,0,6.48498E+20,5.50928E+21,1.10601E+16,4.97177E+16
184213,9.17102E+18,9,4,74,126,2017,10,17,1,3,4,6,1,1,0,0,0,0,0,6.48109E+20,5.51072E+21,1.10552E+16,4.97307E+16
184214,9.17102E+18,9,4,74,147,2017,10,16,1,3,0,1,1,0,0,0,0,0,0,6.57845E+20,5.5075E+21,1.11889E+16,4.96993E+16
184215,9.17102E+18,9,3,75,210,2017,10,15,1,3,8,7,1,0,0,0,0,0,0,7.49532E+20,5.43334E+21,1.2412E+16,4.90025E+16
184216,9.17102E+18,9,3,62,0,2017,10,16,1,3,6,2,0,1,1,0,0,0,0,7.27936E+20,5.43537E+21,1.21184E+16,4.9029E+16
184217,9.17102E+18,9,3,76,161,2017,10,15,1,2,0,1,1,0,0,0,0,0,0,7.2368E+20,5.46885E+21,1.20788E+16,4.93313E+16
184218,9.17102E+18,9,3,76,161,2017,10,14,1,3,5,3,0,1,0,0,0,0,0,7.26609E+20,5.46786E+21,1.21185E+16,4.93213E+16
184219,9.17102E+18,9,3,76,117,2017,10,17,1,3,0,7,1,0,0,0,0,2,0,7.40725E+20,5.46048E+21,1.2308E+16,4.92497E+16
184220,9.17102E+18,9,2,77,116,2017,10,3,1,3,6,7,0,1,1,0,0,2,0,7.78117E+20,5.36893E+21,1.27587E+16,4.84121E+16
184221,9.17102E+18,9,2,77,153,2017,10,17,1,2,2,6,0,0,0,1,0,0,0,7.80549E+20,5.36061E+21,1.27859E+16,4.83363E+16
184222,9.17102E+18,9,2,61,0,2017,10,15,1,3,6,7,0,1,1,0,0,0,0,7.33181E+20,5.38003E+21,1.21586E+16,4.853E+16
184223,9.17102E+18,9,2,74,124,2017,10,14,1,2,8,1,0,0,0,1,1,0,1,7.25475E+20,5.37537E+21,1.20519E+16,4.84909E+16
184224,9.17102E+18,9,2,79,112,2017,10,15,1,3,0,5,0,0,0,1,1,0,0,7.57708E+20,5.39204E+21,1.24977E+16,4.86283E+16
184225,9.17102E+18,9,1,90,148,2017,10,19,1,2,0,3,1,1,0,0,0,2,0,6.41434E+20,5.29666E+21,1.0889E+16,4.78077E+16
184226,9.17102E+18,9,1,82,131,2017,10,15,1,3,0,7,1,0,0,0,0,0,0,7.16496E+20,5.286E+21,1.18852E+16,4.76911E+16
184227,9.17102E+18,9,1,76,160,2017,10,20,1,3,0,1,0,0,0,1,0,2,0,6.5416E+20,5.41831E+21,1.11035E+16,4.88985E+16
184228,9.17102E+18,9,1,88,113,2017,10,14,1,2,0,1,1,0,0,0,0,0,0,6.77231E+20,5.31768E+21,1.13754E+16,4.79879E+16
184229,9.17102E+18,9,1,79,137,2017,10,18,1,2,2,7,1,0,0,0,0,0,0,6.55465E+20,5.34691E+21,1.10945E+16,4.82563E+16
184230,9.17102E+18,9,1,81,114,2017,10,18,1,3,3,7,1,0,0,0,0,2,0,6.55208E+20,5.31183E+21,1.10783E+16,4.7941E+16
184231,9.17102E+18,9,1,74,115,2017,10,13,1,3,6,4,0,1,1,0,0,0,0,6.82285E+20,5.34824E+21,1.14562E+16,4.82611E+16
184232,9.17102E+18,9,1,78,116,2017,10,18,1,2,9,7,1,0,0,0,0,0,0,6.98586E+20,5.37901E+21,1.16901E+16,4.85327E+16
184233,9.17101E+18,9,1,62,0,2017,10,17,7,3,5,7,1,1,0,0,0,0,0,6.91013E+20,5.33388E+21,1.15672E+16,4.81295E+16
184234,9.17101E+18,9,1,62,0,2017,10,0,7,3,0,7,1,0,0,0,0,2,0,6.91949E+20,5.33613E+21,1.15808E+16,4.81494E+16
184235,9.17101E+18,9,1,84,129,2017,10,16,7,3,0,7,1,0,1,0,0,0,0,6.99242E+20,5.32574E+21,1.16738E+16,4.80538E+16
184236,9.17101E+18,9,1,62,0,2017,10,12,7,3,2,6,0,1,0,0,0,0,0,6.90372E+20,5.34313E+21,1.15627E+16,4.82128E+16
184237,9.17101E+18,9,1,62,0,2017,10,14,7,2,4,2,0,1,0,1,0,0,0,6.89024E+20,5.33221E+21,1.15397E+16,4.8115E+16
184238,9.17101E+18,9,1,62,0,2017,10,11,7,3,6,4,0,1,1,0,0,0,0,6.85942E+20,5.32988E+21,1.14973E+16,4.8095E+16
184239,9.17101E+18,9,7,75,143,2017,10,11,7,3,6,7,0,1,1,0,0,0,0,5.8572E+20,5.35675E+21,1.01572E+16,4.83581E+16
184240,9.17101E+18,9,7,78,115,2017,10,15,7,3,0,7,1,0,0,0,0,0,0,5.93881E+20,5.33292E+21,1.0262E+16,4.81426E+16
184241,9.17101E+18,9,7,64,0,2017,10,15,7,2,4,3,1,0,0,0,0,0,0,5.88341E+20,5.31742E+21,1.01844E+16,4.8004E+16
184242,9.17101E+18,9,7,80,139,2017,10,17,7,3,1,5,1,0,0,0,1,0,0,5.97553E+20,5.26302E+21,1.02956E+16,4.75132E+16
184243,9.17101E+18,9,7,77,144,2017,10,13,7,2,5,3,1,1,0,0,0,0,0,6.10645E+20,5.29292E+21,1.0477E+16,4.77802E+16
184244,9.17101E+18,9,7,72,177,2017,10,9,7,3,6,4,0,1,1,0,0,0,0,6.36761E+20,5.37816E+21,1.08529E+16,4.85417E+16
184245,9.17101E+18,9,7,61,0,2017,10,14,7,3,5,3,0,1,0,0,0,0,0,6.38755E+20,5.36033E+21,1.0874E+16,4.83809E+16
184246,9.17101E+18,9,7,61,0,2017,10,12,7,3,6,7,0,1,1,0,0,0,0,6.3815E+20,5.36174E+21,1.08663E+16,4.83937E+16
184247,9.17101E+18,9,7,61,0,2017,10,10,7,3,5,1,0,1,0,0,0,0,0,6.41305E+20,5.35138E+21,1.09054E+16,4.82998E+16
184248,9.17101E+18,9,7,61,0,2017,10,14,7,3,0,7,1,0,0,0,0,0,0,6.41487E+20,5.35581E+21,1.09093E+16,4.83396E+16
184249,9.17101E+18,9,7,61,0,2017,10,2,7,2,7,1,0,0,0,1,0,2,0,6.4174E+20,5.3584E+21,1.09136E+16,4.83628E+16
184250,9.17101E+18,9,6,77,155,2017,10,15,7,3,0,6,1,1,0,0,0,0,0,5.42713E+20,5.53372E+21,9.59544E+15,4.99543E+16
184251,9.17101E+18,9,6,76,141,2017,10,16,7,3,5,3,0,1,0,0,0,0,0,5.18924E+20,5.51541E+21,9.26292E+15,4.97908E+16
184252,9.17101E+18,9,6,71,155,2017,10,10,7,3,3,6,1,1,0,0,0,0,0,5.05309E+20,5.53502E+21,9.07402E+15,4.99675E+16
184253,9.17101E+18,9,5,72,135,2017,10,13,7,3,0,6,0,1,1,0,0,0,0,6.31805E+20,5.50895E+21,1.08285E+16,4.97186E+16