OBJECTID,UIDENTSTLA,ULAND,UREGBEZ,UKREIS,UGEMEINDE,UJAHR,UMONAT,USTUNDE,UWOCHENTAG,UKATEGORIE,UART,UTYP1,IstRad,IstPKW,IstFuss,IstKrad,IstSonstig,LICHT,STRZUSTAND,LINREFX,LINREFY,XGCSWGS84,YGCSWGS84
184254,9.17101E+18,9,5,72,149,2017,10,14,7,3,5,3,1,1,0,0,0,0,0,6.3889E+20,5.50282E+21,1.09246E+16,4.96619E+16
184255,9.17101E+18,9,5,62,0,2017,10,14,7,3,0,7,0,1,1,0,0,0,0,6.44994E+20,5.49501E+21,1.10062E+16,4.95903E+16
184256,9.17101E+18,9,5,72,121,2017,10,9,7,3,2,2,0,1,0,0,0,0,0,6.58832E+20,5.49362E+21,1.1197E+16,4.95743E+16
184257,9.17101E+18,9,5,76,122,2017,10,10,7,3,0,3,0,1,0,1,0,0,0,6.74627E+20,5.43657E+21,1.13903E+16,4.90572E+16
184258,9.17101E+18,9,5,63,0,2017,10,9,7,2,0,7,1,0,0,0,0,0,0,6.44263E+20,5.48107E+21,1.0991E+16,4.94651E+16
184259,9.17101E+18,9,5,64,0,2017,10,14,7,3,5,3,1,1,0,0,0,0,0,6.53147E+20,5.48213E+21,1.11139E+16,4.94725E+16
184260,9.17101E+18,9,5,64,0,2017,10,18,7,3,0,2,1,1,0,0,0,1,0,6.49838E+20,5.47911E+21,1.10672E+16,4.94461E+16
184261,9.17101E+18,9,5,64,0,2017,10,11,7,3,5,7,0,1,0,1,0,0,0,6.47159E+20,5.48659E+21,1.1033E+16,4.95141E+16
184262,9.17101E+18,9,5,75,152,2017,10,16,7,1,9,1,0,0,0,1,0,0,0,6.19237E+20,5.4773E+21,1.06447E+16,4.94367E+16
184263,9.17101E+18,9,5,71,226,2017,10,12,7,3,0,7,1,0,0,0,0,0,0,6.33768E+20,5.45674E+21,1.08381E+16,4.92488E+16
184264,9.17101E+18,9,5,75,115,2017,10,6,7,2,6,6,0,1,1,0,0,2,0,5.98735E+20,5.48228E+21,1.03632E+16,4.94851E+16
184265,9.17101E+18,9,4,63,0,2017,10,12,7,3,5,2,0,1,0,0,0,0,0,6.38619E+20,5.57031E+21,1.09451E+16,5.02687E+16
184266,9.17101E+18,9,4,62,0,2017,10,16,7,3,6,2,0,1,1,0,0,0,0,6.8614E+20,5.53516E+21,1.15942E+16,4.99397E+16
184267,9.17101E+18,9,4,71,195,2017,10,14,7,2,0,1,1,0,0,0,0,0,0,6.48425E+20,5.52715E+21,1.10659E+16,4.98784E+16
184268,9.17101E+18,9,4,61,0,2017,10,16,7,3,0,7,1,0,0,0,0,0,0,6.3715E+20,5.52716E+21,1.09091E+16,4.98811E+16
184269,9.17101E+18,9,3,75,174,2017,10,11,7,3,0,1,0,0,0,1,0,0,0,7.33583E+20,5.4311E+21,1.2193E+16,4.89886E+16
184270,9.17101E+18,9,3,75,181,2017,10,14,7,3,2,1,0,1,0,0,0,0,0,7.20824E+20,5.43738E+21,1.20223E+16,4.90497E+16
184271,9.17101E+18,9,3,75,165,2017,10,17,7,3,0,1,1,0,0,0,0,0,0,7.2253E+20,5.43766E+21,1.20458E+16,4.90516E+16
184272,9.17101E+18,9,3,62,0,2017,10,23,7,3,6,7,0,1,1,0,0,2,0,7.26122E+20,5.43406E+21,1.20928E+16,4.90179E+16
184273,9.17101E+18,9,3,62,0,2017,10,12,7,3,0,1,1,0,0,0,0,0,0,7.32703E+20,5.43295E+21,1.21821E+16,4.90055E+16
184274,9.17101E+18,9,2,76,143,2017,10,17,7,2,2,2,0,0,0,1,0,0,0,7.9264E+20,5.43818E+21,1.30036E+16,4.9027E+16
184275,9.17101E+18,9,2,62,0,2017,10,15,7,3,5,3,1,1,0,0,0,0,0,8.30487E+20,5.39099E+21,1.34818E+16,4.85847E+16
184276,9.17101E+18,9,2,77,116,2017,10,18,7,3,2,6,1,1,0,0,0,1,0,7.78303E+20,5.36812E+21,1.27607E+16,4.84047E+16
184277,9.17101E+18,9,2,77,116,2017,10,17,7,2,3,2,1,1,0,0,0,0,0,7.7769E+20,5.36792E+21,1.27523E+16,4.84032E+16
184278,9.17101E+18,9,2,73,137,2017,10,13,7,3,0,7,1,0,0,0,0,0,1,7.06063E+20,5.41869E+21,1.18111E+16,4.88869E+16
184279,9.17101E+18,9,1,89,145,2017,10,12,7,2,9,1,1,0,0,0,0,0,0,7.75836E+20,5.30218E+21,1.26848E+16,4.78137E+16
184280,9.17101E+18,9,1,71,132,2017,10,13,7,3,5,3,0,1,0,0,0,0,0,7.67051E+20,5.35187E+21,1.25986E+16,4.82637E+16
184281,9.17101E+18,9,1,87,182,2017,10,17,7,3,0,3,1,1,0,0,0,0,0,7.40446E+20,5.32825E+21,1.22274E+16,4.80622E+16
184282,9.17101E+18,9,1,87,177,2017,10,9,7,2,3,6,1,1,0,0,0,0,0,7.35731E+20,5.30561E+21,1.21518E+16,4.78606E+16
184283,9.17101E+18,9,1,87,163,2017,10,14,7,2,0,1,1,0,0,0,0,0,0,7.37363E+20,5.30989E+21,1.21759E+16,4.78984E+16
184284,9.17101E+18,9,1,63,0,2017,10,13,7,3,4,2,1,1,0,0,0,0,0,7.3278E+20,5.30302E+21,1.2111E+16,4.78384E+16
184285,9.17101E+18,9,1,82,125,2017,10,16,7,2,0,6,1,0,0,0,1,0,0,7.11859E+20,5.29582E+21,1.18283E+16,4.77809E+16
184286,9.17101E+18,9,1,82,123,2017,10,14,7,3,8,7,0,1,0,0,1,0,1,7.11968E+20,5.30198E+21,1.18327E+16,4.78362E+16
184287,9.17101E+18,9,1,87,165,2017,10,9,7,2,3,2,1,0,0,0,1,0,0,7.33189E+20,5.29809E+21,1.21138E+16,4.77939E+16
184288,9.17101E+18,9,1,87,165,2017,10,12,7,3,0,7,1,0,0,0,0,0,0,7.3336E+20,5.29955E+21,1.21169E+16,4.78069E+16
184289,9.17101E+18,9,1,76,126,2017,10,15,7,2,5,3,0,1,0,1,0,0,0,6.74739E+20,5.4103E+21,1.13806E+16,4.8821E+16
184290,9.17101E+18,9,1,86,143,2017,10,16,7,2,5,3,1,1,0,0,0,0,0,6.85093E+20,5.37842E+21,1.15072E+16,4.85316E+16
184291,9.17101E+18,9,1,86,158,2017,10,18,7,3,0,1,0,0,0,1,0,0,0,6.92423E+20,5.40551E+21,1.1619E+16,4.87728E+16
184292,9.17101E+18,9,1,86,122,2017,10,11,7,3,8,1,0,0,0,1,0,0,0,6.90891E+20,5.39251E+21,1.15922E+16,4.86565E+16
184293,9.17102E+18,9,3,63,0,2017,10,7,6,3,5,3,1,1,0,0,0,0,0,7.28383E+20,5.50786E+21,1.2166E+16,4.968E+16
184294,9.17102E+18,9,3,63,0,2017,10,17,6,3,5,1,1,1,0,0,0,0,0,7.25461E+20,5.50888E+21,1.21262E+16,4.96902E+16
184295,9.17102E+18,9,3,75,204,2017,10,10,6,2,0,7,1,0,0,0,0,0,0,7.31937E+20,5.43468E+21,1.21726E+16,4.90213E+16
184296,9.17102E+18,9,3,62,0,2017,10,16,6,3,1,7,0,1,0,0,1,0,0,7.28029E+20,5.43589E+21,1.21199E+16,4.90337E+16
184297,9.17102E+18,9,3,73,121,2017,10,15,6,3,1,7,0,1,0,0,0,0,0,6.89077E+20,5.43459E+21,1.1587E+16,4.90352E+16
184298,9.17102E+18,9,3,72,155,2017,10,6,6,3,9,1,0,1,0,0,0,2,0,7.73627E+20,5.45931E+21,1.27584E+16,4.92254E+16
184299,9.17102E+18,9,2,63,0,2017,10,16,6,3,0,6,1,1,0,0,0,0,0,7.63567E+20,5.42058E+21,1.25953E+16,4.88821E+16
184300,9.17102E+18,9,2,71,119,2017,10,13,6,3,2,6,0,1,0,1,0,0,0,7.89855E+20,5.41831E+21,1.29514E+16,4.885E+16
184301,9.17102E+18,9,2,77,116,2017,10,14,6,3,3,2,1,1,0,0,0,0,0,7.77909E+20,5.3676E+21,1.2755E+16,4.84002E+16
184302,9.17102E+18,9,2,74,128,2017,10,17,6,3,9,1,0,1,0,0,0,1,0,7.33658E+20,5.3879E+21,1.21695E+16,4.86005E+16
184303,9.17102E+18,9,2,79,112,2017,10,15,6,3,4,6,1,0,0,0,0,0,0,7.57385E+20,5.39334E+21,1.24941E+16,4.86401E+16
184304,9.17102E+18,9,2,79,127,2017,10,22,6,3,0,1,0,0,0,1,0,2,1,7.53199E+20,5.40165E+21,1.24425E+16,4.87164E+16
184305,9.17102E+18,9,1,73,120,2017,10,15,6,3,8,1,0,1,0,0,0,0,0,6.89635E+20,5.30892E+21,1.15376E+16,4.79055E+16
184306,9.17102E+18,9,1,90,139,2017,10,14,6,3,1,6,0,1,0,0,0,0,0,6.54459E+20,5.29521E+21,1.10624E+16,4.77917E+16
184307,9.17102E+18,9,1,73,126,2017,10,14,6,3,6,4,0,1,1,0,0,0,0,6.85127E+20,5.30534E+21,1.14758E+16,4.78747E+16
184308,9.17102E+18,9,1,83,113,2017,10,5,6,3,8,1,0,1,0,0,0,2,1,7.5104E+20,5.34292E+21,1.2378E+16,4.81898E+16
184309,9.17102E+18,9,1,89,154,2017,10,14,6,2,6,7,0,1,1,0,0,0,1,7.67888E+20,5.31837E+21,1.25889E+16,4.79625E+16
184310,9.17102E+18,9,1,72,114,2017,10,14,6,3,0,7,1,0,0,0,0,0,0,7.91324E+20,5.29387E+21,1.28856E+16,4.77324E+16
184311,9.17102E+18,9,1,87,162,2017,10,6,6,2,5,3,1,1,0,0,0,2,0,7.50366E+20,5.30574E+21,1.23472E+16,4.78562E+16
184312,9.17102E+18,9,1,82,119,2017,10,14,6,3,5,3,1,1,0,0,0,0,0,7.1304E+20,5.29222E+21,1.18422E+16,4.77481E+16
184313,9.17102E+18,9,5,64,0,2017,10,14,6,3,2,6,0,1,0,1,0,0,0,6.55337E+20,5.47534E+21,1.11415E+16,4.94109E+16
184314,9.17102E+18,9,1,82,127,2017,10,13,6,3,1,3,0,1,0,0,1,0,0,6.99696E+20,5.30923E+21,1.16723E+16,4.79053E+16
184315,9.17102E+18,9,1,85,158,2017,10,7,6,3,5,6,1,1,0,0,0,0,0,6.67427E+20,5.38061E+21,1.1269E+16,4.85562E+16
184316,9.17102E+18,9,1,86,149,2017,10,9,6,3,6,7,0,0,1,0,1,0,0,6.8841E+20,5.38686E+21,1.1556E+16,4.86065E+16
184317,9.17102E+18,9,5,64,0,2017,10,13,6,3,5,3,1,1,0,0,0,0,0,6.53397E+20,5.4822E+21,1.11174E+16,4.9473E+16
184318,9.17102E+18,9,5,73,122,2017,10,13,6,3,2,6,0,1,0,0,0,0,0,6.41886E+20,5.47643E+21,1.09566E+16,4.9424E+16
184319,9.17102E+18,9,5,77,138,2017,10,6,6,3,8,1,0,1,0,0,0,2,1,6.31326E+20,5.44447E+21,1.08005E+16,4.9139E+16
184320,9.17102E+18,9,5,77,136,2017,10,6,6,3,2,6,0,1,0,0,0,1,0,6.2868E+20,5.44061E+21,1.07631E+16,4.91049E+16
184321,9.17102E+18,9,5,71,199,2017,10,8,6,3,3,7,1,1,0,0,0,0,0,5.85834E+20,5.4503E+21,1.01782E+16,4.91995E+16
184322,9.17102E+18,9,1,81,128,2017,10,14,6,3,0,1,1,0,0,0,0,0,0,6.385E+20,5.32735E+21,1.08598E+16,4.80844E+16
184323,9.17102E+18,9,1,81,130,2017,10,11,6,2,0,7,0,0,0,1,0,0,0,6.38667E+20,5.32592E+21,1.08615E+16,4.80715E+16
184324,9.17102E+18,9,1,79,126,2017,10,15,6,3,5,3,0,1,0,1,0,0,0,6.75765E+20,5.34E+21,1.1365E+16,4.81889E+16
184325,9.17102E+18,9,1,88,121,2017,10,17,6,3,5,3,1,1,0,0,0,0,0,6.70617E+20,5.33062E+21,1.1292E+16,4.8106E+16
184326,9.17102E+18,9,1,79,119,2017,10,16,6,2,6,4,0,1,1,0,0,0,0,6.69433E+20,5.33971E+21,1.12797E+16,4.8188E+16
184327,9.17102E+18,9,1,79,119,2017,10,12,6,3,0,7,1,0,0,0,0,0,0,6.69438E+20,5.33998E+21,1.12799E+16,4.81904E+16
184328,9.17102E+18,9,1,74,126,2017,10,16,6,3,1,5,1,1,0,0,0,0,0,6.84418E+20,5.34436E+21,1.14832E+16,4.82256E+16
184329,9.17102E+18,9,1,74,131,2017,10,14,6,3,2,6,0,1,0,0,0,0,0,6.75647E+20,5.35774E+21,1.13707E+16,4.83484E+16
184330,9.17102E+18,9,1,74,115,2017,10,10,6,3,5,3,0,1,0,0,0,0,0,6.80381E+20,5.34874E+21,1.14307E+16,4.82662E+16
184331,9.17102E+18,9,1,74,115,2017,10,16,6,3,5,7,0,1,0,0,0,0,0,6.83595E+20,5.34834E+21,1.14738E+16,4.82616E+16
184332,9.17102E+18,9,1,77,117,2017,10,18,6,2,5,2,0,1,0,0,0,2,0,7.15079E+20,5.35293E+21,1.18999E+16,4.8293E+16
184333,9.17102E+18,9,1,77,116,2017,10,10,6,3,5,3,0,1,0,0,0,0,0,7.1422E+20,5.36007E+21,1.18919E+16,4.83574E+16
184334,9.17102E+18,9,1,75,115,2017,10,13,6,3,6,7,0,1,1,0,0,0,0,7.21013E+20,5.33049E+21,1.19681E+16,4.80893E+16
184335,9.17102E+18,9,1,84,138,2017,10,8,5,3,5,3,1,1,0,0,0,0,0,6.81347E+20,5.33072E+21,1.1436E+16,4.81039E+16
184336,9.17102E+18,9,1,62,0,2017,10,9,5,3,0,2,0,1,0,0,1,0,0,6.92143E+20,5.33682E+21,1.15837E+16,4.81556E+16
184337,9.17102E+18,9,1,62,0,2017,10,19,5,3,2,6,0,1,0,0,0,2,0,6.92159E+20,5.33534E+21,1.15832E+16,4.81423E+16
184338,9.17102E+18,9,1,62,0,2017,10,8,5,3,4,6,1,0,0,0,0,0,0,6.90455E+20,5.33028E+21,1.15581E+16,4.80973E+16
184339,9.17102E+18,9,1,62,0,2017,10,16,5,3,6,4,0,1,1,0,0,0,0,6.90523E+20,5.33495E+21,1.15611E+16,4.81393E+16
184340,9.17102E+18,9,1,62,0,2017,10,10,5,2,5,3,0,1,0,0,1,0,0,6.84481E+20,5.33297E+21,1.14791E+16,4.81233E+16
184341,9.17102E+18,9,1,62,0,2017,10,14,5,3,2,6,0,1,0,0,0,0,0,6.9362E+20,5.34032E+21,1.16051E+16,4.81866E+16
184342,9.17102E+18,9,1,62,0,2017,10,17,5,3,6,4,0,1,1,0,0,0,0,6.9226E+20,5.33444E+21,1.15842E+16,4.81342E+16
184343,9.17102E+18,9,1,62,0,2017,10,1,5,3,0,5,0,1,0,0,0,2,0,6.80002E+20,5.33524E+21,1.14199E+16,4.81449E+16
184344,9.17102E+18,9,1,62,0,2017,10,7,5,3,6,2,0,1,1,0,0,0,0,6.9646E+20,5.33174E+21,1.16393E+16,4.81086E+16
184345,9.17102E+18,9,1,62,0,2017,10,19,5,3,4,2,1,1,0,0,0,2,0,6.89069E+20,5.33335E+21,1.15408E+16,4.81253E+16
184346,9.17102E+18,9,1,62,0,2017,10,8,5,3,2,7,1,1,0,0,0,0,0,6.90162E+20,5.33397E+21,1.15558E+16,4.81305E+16
184347,9.17102E+18,9,1,84,138,2017,10,11,5,3,3,2,1,1,0,0,0,0,0,6.79996E+20,5.33119E+21,1.14181E+16,4.81085E+16
184348,9.17102E+18,9,1,62,0,2017,10,17,5,3,5,3,1,0,0,0,1,0,0,6.81629E+20,5.33577E+21,1.1442E+16,4.81492E+16
184349,9.17102E+18,9,1,62,0,2017,10,14,5,3,5,3,1,1,0,0,0,0,0,6.83457E+20,5.33621E+21,1.14667E+16,4.81527E+16
184350,9.17102E+18,9,1,62,0,2017,10,7,5,3,5,3,1,0,0,1,0,0,0,6.90832E+20,5.33942E+21,1.15672E+16,4.81793E+16
184351,9.17102E+18,9,1,62,0,2017,10,13,5,3,3,6,1,0,0,0,0,0,0,6.88357E+20,5.33665E+21,1.15327E+16,4.81552E+16
184352,9.17102E+18,9,1,62,0,2017,10,13,5,3,2,6,0,1,0,0,0,0,0,6.86762E+20,5.33664E+21,1.15113E+16,4.81556E+16
184353,9.17102E+18,9,1,62,0,2017,10,18,5,3,3,2,1,1,0,0,0,1,0,6.95903E+20,5.33834E+21,1.16349E+16,4.8168E+16
184354,9.17102E+18,9,1,62,0,2017,10,13,5,3,0,7,1,0,0,0,0,0,0,6.90005E+20,5.33141E+21,1.15525E+16,4.81076E+16
184355,9.17102E+18,9,1,62,0,2017,10,17,5,3,6,7,0,1,1,0,0,0,0,6.86652E+20,5.3319E+21,1.15078E+16,4.8113E+16
184356,9.17102E+18,9,1,62,0,2017,10,8,5,3,5,3,0,1,0,0,0,0,0,6.88001E+20,5.3322E+21,1.1526E+16,4.81153E+16
184357,9.17102E+18,9,1,62,0,2017,10,16,5,3,4,3,1,0,0,0,0,0,0,6.89633E+20,5.33482E+21,1.15491E+16,4.81383E+16
184358,9.17102E+18,9,1,62,0,2017,10,19,5,3,5,3,1,1,0,0,0,2,1,6.92336E+20,5.33778E+21,1.15867E+16,4.81642E+16
184359,9.17102E+18,9,7,75,164,2017,10,9,5,3,5,3,1,1,0,0,0,0,0,5.86315E+20,5.35159E+21,1.01641E+16,4.83116E+16
184360,9.17102E+18,9,7,78,171,2017,10,6,5,3,8,1,0,0,0,1,0,2,1,5.90479E+20,5.31471E+21,1.02124E+16,4.79793E+16
184361,9.17102E+18,9,7,77,151,2017,10,16,5,3,0,1,1,0,0,0,0,0,0,6.21044E+20,5.29361E+21,1.0616E+16,4.77845E+16
184362,9.17102E+18,9,7,62,0,2017,10,15,5,3,5,3,1,1,0,0,0,0,0,6.21823E+20,5.30793E+21,1.06304E+16,4.79131E+16
184363,9.17102E+18,9,7,80,124,2017,10,18,5,3,0,6,1,1,0,0,0,1,0,5.91052E+20,5.26801E+21,1.02103E+16,4.75591E+16
184364,9.17102E+18,9,7,79,131,2017,10,14,5,3,6,4,0,1,1,0,0,0,0,6.30775E+20,5.39833E+21,1.07782E+16,4.87243E+16
184365,9.17102E+18,9,7,72,179,2017,10,19,5,2,6,7,0,1,1,0,0,2,0,6.18632E+20,5.33708E+21,1.05958E+16,4.81759E+16
184366,9.17102E+18,9,7,72,184,2017,10,13,5,3,6,7,0,1,1,0,0,0,0,6.35779E+20,5.36206E+21,1.08344E+16,4.83971E+16
184367,9.17102E+18,9,7,72,177,2017,10,19,5,3,5,3,0,1,0,0,0,2,0,6.3678E+20,5.37817E+21,1.08532E+16,4.85417E+16
184368,9.17102E+18,9,7,72,147,2017,10,8,5,3,0,7,0,0,0,1,1,0,0,6.37802E+20,5.36507E+21,1.08627E+16,4.84237E+16
184369,9.17102E+18,9,7,72,163,2017,10,15,5,3,5,3,1,0,0,0,0,0,0,6.40121E+20,5.34737E+21,1.08881E+16,4.8264E+16
184370,9.17102E+18,9,7,61,0,2017,10,14,5,3,3,6,1,1,0,0,0,0,0,6.38655E+20,5.35851E+21,1.0872E+16,4.83646E+16
184371,9.17102E+18,9,7,61,0,2017,10,15,5,2,0,3,0,1,0,1,0,0,0,6.44232E+20,5.35708E+21,1.09468E+16,4.83504E+16
184372,9.17102E+18,9,7,61,0,2017,10,18,5,3,2,6,0,1,0,0,0,1,1,6.39404E+20,5.35869E+21,1.08822E+16,4.8366E+16
184373,9.17102E+18,9,7,61,0,2017,10,18,5,3,3,2,1,1,0,0,0,1,0,6.40786E+20,5.35924E+21,1.0901E+16,4.83706E+16
184374,9.17102E+18,9,6,73,114,2017,10,11,5,3,5,3,1,1,0,0,0,0,0,5.8586E+20,5.57569E+21,1.02063E+16,5.03271E+16
184375,9.17102E+18,9,6,62,0,2017,10,20,5,2,5,3,1,1,0,0,0,2,0,5.87653E+20,5.54404E+21,1.02241E+16,5.00422E+16
184376,9.17102E+18,9,6,62,0,2017,10,13,5,3,0,2,1,1,0,0,0,0,0,5.87718E+20,5.54436E+21,1.02251E+16,5.0045E+16
184377,9.17102E+18,9,6,78,178,2017,10,14,5,3,1,6,0,1,0,0,0,0,0,5.89295E+20,5.54326E+21,1.02469E+16,5.00349E+16
184378,9.17102E+18,9,6,76,121,2017,10,18,5,3,0,1,1,0,0,0,0,0,0,5.11264E+20,5.52036E+21,9.15664E+15,4.98356E+16
184379,9.17102E+18,9,5,62,0,2017,10,16,5,3,2,6,0,1,0,0,0,0,0,6.4551E+20,5.49518E+21,1.10134E+16,4.95916E+16
184380,9.17102E+18,9,5,62,0,2017,10,11,5,3,0,7,1,0,0,0,0,0,0,6.44724E+20,5.4932E+21,1.10018E+16,4.9574E+16
184381,9.17102E+18,9,5,74,152,2017,10,13,5,3,6,4,0,0,1,0,1,0,0,6.63278E+20,5.48326E+21,1.12542E+16,4.948E+16
184382,9.17102E+18,9,5,64,0,2017,10,15,5,3,0,1,1,0,0,0,0,0,0,6.47432E+20,5.47493E+21,1.10324E+16,4.94091E+16
184383,9.17102E+18,9,5,64,0,2017,10,6,5,3,2,6,0,1,0,0,1,2,1,6.48215E+20,5.47629E+21,1.10437E+16,4.94212E+16
184384,9.17102E+18,9,5,64,0,2017,10,15,5,3,3,2,0,1,0,0,1,0,0,6.49968E+20,5.47984E+21,1.10692E+16,4.94527E+16
184385,9.17102E+18,9,5,64,0,2017,10,7,5,3,5,7,1,1,0,0,0,0,0,6.49623E+20,5.47978E+21,1.10645E+16,4.94523E+16
184386,9.17102E+18,9,5,64,0,2017,10,8,5,3,4,2,1,1,0,0,0,0,0,6.50169E+20,5.47925E+21,1.10718E+16,4.94473E+16
184387,9.17102E+18,9,5,77,177,2017,10,15,5,3,2,6,1,0,0,0,0,0,0,6.43917E+20,5.43284E+21,1.09689E+16,4.90316E+16
184388,9.17102E+18,9,5,71,145,2017,10,16,5,1,0,1,1,0,0,0,0,0,0,5.93935E+20,5.44362E+21,1.02879E+16,4.91382E+16
184389,9.17102E+18,9,4,75,154,2017,10,8,5,2,6,4,0,1,1,0,0,0,0,6.99035E+20,5.56341E+21,1.17884E+16,5.01894E+16
184390,9.17102E+18,9,4,77,128,2017,10,16,5,3,5,3,0,1,0,0,0,0,0,6.74764E+20,5.55444E+21,1.14446E+16,5.01164E+16
184391,9.17102E+18,9,4,74,126,2017,10,8,5,3,5,3,0,1,0,0,0,0,0,6.49068E+20,5.5104E+21,1.10684E+16,4.97276E+16
184392,9.17102E+18,9,4,74,126,2017,10,17,5,3,0,1,1,0,0,0,0,0,0,6.48923E+20,5.50971E+21,1.10661E+16,4.97215E+16
184393,9.17102E+18,9,4,61,0,2017,10,17,5,3,2,6,0,1,0,0,1,0,0,6.36035E+20,5.5288E+21,1.08941E+16,4.98961E+16
184394,9.17102E+18,9,4,61,0,2017,10,7,5,3,5,3,0,1,0,0,1,1,0,6.35568E+20,5.52647E+21,1.08868E+16,4.98752E+16
184395,9.17102E+18,9,3,77,154,2017,10,12,5,3,5,3,0,1,0,1,0,0,0,7.38859E+20,5.53111E+21,1.23253E+16,4.98847E+16
184396,9.17102E+18,9,3,77,129,2017,10,18,5,2,6,2,0,0,1,0,1,1,0,7.07846E+20,5.52822E+21,1.18926E+16,4.98703E+16
184397,9.17102E+18,9,3,62,0,2017,10,17,5,3,5,3,1,1,0,0,0,0,0,7.23927E+20,5.43431E+21,1.2063E+16,4.9021E+16
184398,9.17102E+18,9,3,62,0,2017,10,18,5,3,4,2,0,1,0,0,0,2,1,7.26704E+20,5.43191E+21,1.20996E+16,4.89985E+16
184399,9.17102E+18,9,3,62,0,2017,10,16,5,2,5,3,1,1,0,0,0,0,0,7.27562E+20,5.43444E+21,1.21127E+16,4.90208E+16
184400,9.17102E+18,9,3,62,0,2017,10,17,5,3,5,3,1,1,0,0,0,0,0,7.23586E+20,5.43446E+21,1.20584E+16,4.90225E+16
184401,9.17102E+18,9,3,72,116,2017,10,16,5,3,5,3,0,1,0,1,0,0,0,7.67259E+20,5.4565E+21,1.26692E+16,4.9203E+16
184402,9.17102E+18,9,3,71,146,2017,10,20,5,2,9,1,0,1,0,0,0,2,1,7.12901E+20,5.4672E+21,1.19298E+16,4.93204E+16
184403,9.17102E+18,9,3,61,0,2017,10,7,5,3,0,1,0,1,0,0,0,2,1,7.01974E+20,5.48308E+21,1.17877E+16,4.94667E+16
184404,9.17102E+18,9,2,76,128,2017,10,13,5,3,0,7,0,0,0,0,1,0,0,7.83674E+20,5.43657E+21,1.28801E+16,4.90167E+16
184405,9.17102E+18,9,2,62,0,2017,10,16,5,3,2,6,0,1,0,0,0,0,0,8.28851E+20,5.38948E+21,1.34585E+16,4.8572E+16
184406,9.17102E+18,9,2,77,121,2017,10,12,5,2,0,7,1,0,0,0,0,0,0,7.58315E+20,5.37199E+21,1.24935E+16,4.8448E+16
184407,9.17102E+18,9,2,73,147,2017,10,19,5,3,5,2,1,0,0,1,0,2,1,7.04672E+20,5.39034E+21,1.1778E+16,4.86326E+16
184408,9.17102E+18,9,2,61,0,2017,10,5,5,3,0,1,1,0,0,0,0,2,1,7.31463E+20,5.38148E+21,1.21362E+16,4.85436E+16
184409,9.17102E+18,9,2,73,152,2017,10,14,5,3,5,2,0,1,0,1,0,0,0,7.04239E+20,5.41136E+21,1.17826E+16,4.88216E+16
184410,9.17102E+18,9,2,79,127,2017,10,13,5,3,0,7,1,1,0,0,0,0,0,7.5368E+20,5.40221E+21,1.24494E+16,4.87213E+16
184411,9.17102E+18,9,2,79,112,2017,10,13,5,3,5,2,1,1,0,0,0,0,0,7.58169E+20,5.39303E+21,1.25045E+16,4.8637E+16
184412,9.17102E+18,9,1,80,134,2017,10,16,5,3,1,5,0,1,0,0,1,0,0,6.6211E+20,5.28666E+21,1.11613E+16,4.7713E+16
184413,9.17102E+18,9,1,73,126,2017,10,15,5,3,5,3,1,1,0,0,0,0,0,6.83957E+20,5.30597E+21,1.14605E+16,4.78807E+16
184414,9.17102E+18,9,1,80,117,2017,10,12,5,2,4,2,0,1,0,1,0,0,0,6.58476E+20,5.26485E+21,1.1105E+16,4.75178E+16
184415,9.17102E+18,9,1,89,154,2017,10,15,5,3,5,7,1,1,0,0,0,0,0,7.68666E+20,5.31844E+21,1.25993E+16,4.79629E+16
184416,9.17102E+18,9,1,83,128,2017,10,13,5,3,5,3,1,1,0,0,0,0,0,7.61819E+20,5.34924E+21,1.25266E+16,4.82423E+16
184417,9.17102E+18,9,1,83,128,2017,10,18,5,2,1,5,1,1,0,0,0,1,0,7.62038E+20,5.34944E+21,1.25297E+16,4.8244E+16
184418,9.17102E+18,9,1,89,120,2017,10,17,5,3,1,3,1,1,0,0,0,0,0,7.55539E+20,5.29918E+21,1.24124E+16,4.77952E+16
184419,9.17102E+18,9,1,72,114,2017,10,15,5,2,3,2,1,1,0,0,0,0,0,7.91177E+20,5.29379E+21,1.28836E+16,4.77317E+16
184420,9.17102E+18,9,1,71,111,2017,10,8,5,2,0,1,1,0,0,0,0,0,1,7.73184E+20,5.34818E+21,1.26787E+16,4.82279E+16
184421,9.17102E+18,9,1,87,124,2017,10,19,5,3,5,3,0,1,0,0,0,2,0,7.36513E+20,5.32789E+21,1.21745E+16,4.80604E+16
184422,9.17102E+18,9,1,63,0,2017,10,19,5,2,4,6,1,1,0,0,0,2,0,7.33393E+20,5.30445E+21,1.212E+16,4.78509E+16
184423,9.17102E+18,9,1,63,0,2017,10,22,5,3,4,2,1,1,0,0,0,2,0,7.3398E+20,5.30532E+21,1.21283E+16,4.78586E+16