OBJECTID,UIDENTSTLA,ULAND,UREGBEZ,UKREIS,UGEMEINDE,UJAHR,UMONAT,USTUNDE,UWOCHENTAG,UKATEGORIE,UART,UTYP1,IstRad,IstPKW,IstFuss,IstKrad,IstSonstig,LICHT,STRZUSTAND,LINREFX,LINREFY,XGCSWGS84,YGCSWGS84
184424,9.17102E+18,9,1,63,0,2017,10,11,5,3,5,3,1,1,0,0,0,0,0,7.33803E+20,5.30508E+21,1.21258E+16,4.78564E+16
184425,9.17102E+18,9,1,63,0,2017,10,9,5,3,5,3,1,1,0,0,0,0,0,7.32453E+20,5.30438E+21,1.21074E+16,4.78506E+16
184426,9.17102E+18,9,1,82,136,2017,10,10,5,2,5,3,0,1,0,0,1,0,0,7.02843E+20,5.30065E+21,1.17103E+16,4.78272E+16
184427,9.17102E+18,9,1,82,124,2017,10,16,5,2,5,3,0,1,0,0,0,0,0,7.07265E+20,5.2839E+21,1.17613E+16,4.76752E+16
184428,9.17102E+18,9,1,61,0,2017,10,15,5,3,5,3,1,1,0,0,0,0,0,6.77786E+20,5.40526E+21,1.14199E+16,4.87749E+16
184429,9.17102E+18,9,1,79,123,2017,10,14,5,3,5,3,1,1,0,0,0,0,0,6.75659E+20,5.33319E+21,1.13607E+16,4.81277E+16
184430,9.17102E+18,9,1,79,123,2017,10,6,5,3,5,3,0,1,0,0,0,1,0,6.7533E+20,5.33333E+21,1.13564E+16,4.81291E+16
184431,9.17102E+18,9,1,79,123,2017,10,11,5,3,6,4,1,0,1,0,0,0,0,6.76007E+20,5.33315E+21,1.13654E+16,4.81273E+16
184432,9.17102E+18,9,1,75,132,2017,10,23,5,3,0,7,1,0,0,0,0,2,0,7.07529E+20,5.33118E+21,1.17876E+16,4.81E+16
184433,9.17102E+18,9,1,78,130,2017,10,8,5,3,1,5,0,1,0,0,0,0,0,7.02986E+20,5.35453E+21,1.17378E+16,4.83114E+16
184434,9.17102E+18,9,1,62,0,2017,10,17,4,3,3,5,0,1,0,0,0,0,0,6.88954E+20,5.3376E+21,1.15412E+16,4.81636E+16
184435,9.17102E+18,9,1,62,0,2017,10,10,4,3,5,2,1,1,0,0,0,0,0,6.86474E+20,5.33767E+21,1.15079E+16,4.81649E+16
184436,9.17102E+18,9,1,62,0,2017,10,10,4,3,4,7,1,1,0,0,0,0,0,6.80628E+20,5.33854E+21,1.14297E+16,4.81744E+16
184437,9.17102E+18,9,1,62,0,2017,10,15,4,3,6,4,1,0,1,0,0,0,0,6.97091E+20,5.33624E+21,1.16499E+16,4.81488E+16
184438,9.17102E+18,9,1,62,0,2017,10,7,4,3,5,2,0,1,0,0,1,1,0,6.88929E+20,5.33395E+21,1.15392E+16,4.81308E+16
184439,9.17102E+18,9,1,62,0,2017,10,19,4,2,4,2,0,1,0,1,0,2,0,6.93008E+20,5.33386E+21,1.1594E+16,4.81287E+16
184440,9.17102E+18,9,1,62,0,2017,10,13,4,3,3,2,1,1,0,0,0,0,0,6.90515E+20,5.33444E+21,1.15607E+16,4.81347E+16
184441,9.17102E+18,9,1,62,0,2017,10,16,4,2,3,7,1,0,0,0,0,0,0,6.89004E+20,5.33466E+21,1.15405E+16,4.81371E+16
184442,9.17102E+18,9,1,84,134,2017,10,7,4,3,0,6,1,1,0,0,0,0,0,6.93661E+20,5.32284E+21,1.15977E+16,4.80294E+16
184443,9.17102E+18,9,1,62,0,2017,10,8,4,3,5,3,1,1,0,0,0,0,0,6.83077E+20,5.33567E+21,1.14614E+16,4.81479E+16
184444,9.17102E+18,9,1,62,0,2017,10,19,4,3,5,2,0,1,0,0,0,2,0,6.88699E+20,5.33628E+21,1.15372E+16,4.81517E+16
184445,9.17102E+18,9,1,84,123,2017,10,16,4,3,0,1,1,0,0,0,0,0,0,7.02595E+20,5.33144E+21,1.17215E+16,4.8104E+16
184446,9.17102E+18,9,1,62,0,2017,10,7,4,3,5,3,1,0,0,0,0,0,0,6.90158E+20,5.33525E+21,1.15563E+16,4.81421E+16
184447,9.17102E+18,9,1,62,0,2017,10,16,4,3,5,3,1,1,0,0,0,0,0,6.88597E+20,5.33189E+21,1.15339E+16,4.81123E+16
184448,9.17102E+18,9,1,62,0,2017,10,15,4,2,3,6,1,0,0,0,0,0,0,6.89882E+20,5.33371E+21,1.15519E+16,4.81283E+16
184449,9.17102E+18,9,1,62,0,2017,10,9,4,3,3,6,1,1,0,0,0,0,0,6.90353E+20,5.33429E+21,1.15585E+16,4.81333E+16
184450,9.17102E+18,9,7,75,164,2017,10,7,4,3,0,1,1,0,0,0,0,0,0,5.85739E+20,5.3506E+21,1.01562E+16,4.83028E+16
184451,9.17102E+18,9,7,75,135,2017,10,16,4,3,5,2,1,0,0,0,0,0,0,5.75127E+20,5.36145E+21,1.0015E+16,4.84017E+16
184452,9.17102E+18,9,7,75,135,2017,10,13,4,3,2,6,0,1,0,0,0,0,0,5.7675E+20,5.36069E+21,1.00368E+16,4.83947E+16
184453,9.17102E+18,9,7,78,116,2017,10,16,4,3,5,3,0,1,0,0,0,0,0,6.20658E+20,5.318E+21,1.06176E+16,4.80039E+16
184454,9.17102E+18,9,7,78,116,2017,10,15,4,2,0,7,1,0,0,0,0,0,0,6.19672E+20,5.3193E+21,1.06048E+16,4.80158E+16
184455,9.17102E+18,9,7,80,133,2017,10,12,4,2,7,7,1,0,0,0,1,0,0,5.95787E+20,5.25093E+21,1.02696E+16,4.74048E+16
184456,9.17102E+18,9,7,76,111,2017,10,16,4,3,6,4,0,1,1,0,0,0,0,5.50285E+20,5.26803E+21,9.66849E+15,4.75638E+16
184457,9.17102E+18,9,7,77,129,2017,10,7,4,3,4,1,1,1,0,0,0,1,0,6.26889E+20,5.2704E+21,1.06872E+16,4.75746E+16
184458,9.17102E+18,9,7,79,194,2017,10,15,4,3,5,3,0,1,0,0,0,0,0,6.08677E+20,5.41261E+21,1.04816E+16,4.88569E+16
184459,9.17102E+18,9,7,73,144,2017,10,15,4,3,2,7,1,1,0,0,0,0,0,6.05383E+20,5.3805E+21,1.04285E+16,4.85687E+16
184460,9.17102E+18,9,7,73,140,2017,10,9,4,2,0,7,1,0,0,0,0,0,0,6.15152E+20,5.37567E+21,1.05596E+16,4.85236E+16
184461,9.17102E+18,9,7,72,184,2017,10,7,4,3,4,2,0,1,0,0,0,1,0,6.3606E+20,5.36414E+21,1.08388E+16,4.84157E+16
184462,9.17102E+18,9,7,61,0,2017,10,10,4,2,5,3,0,1,0,1,0,0,0,6.39399E+20,5.36122E+21,1.0883E+16,4.83887E+16
184463,9.17102E+18,9,7,61,0,2017,10,14,4,3,0,7,1,0,0,0,0,0,0,6.38104E+20,5.35539E+21,1.08636E+16,4.83366E+16
184464,9.17102E+18,9,7,61,0,2017,10,17,4,3,6,4,0,1,1,0,0,0,0,6.40737E+20,5.35796E+21,1.08999E+16,4.83591E+16
184465,9.17102E+18,9,6,63,0,2017,10,7,4,2,6,4,0,1,1,0,0,0,0,5.65572E+20,5.51656E+21,9.91115E+15,4.97979E+16
184466,9.17102E+18,9,6,63,0,2017,10,9,4,3,0,1,1,0,0,0,0,0,0,5.66843E+20,5.51605E+21,9.92871E+15,4.97932E+16
184467,9.17102E+18,9,6,75,174,2017,10,18,4,2,1,7,1,1,0,0,0,2,0,5.88196E+20,5.52396E+21,1.02271E+16,4.98616E+16
184468,9.17102E+18,9,6,76,145,2017,10,17,4,3,0,7,1,0,0,0,0,0,0,5.0806E+20,5.52013E+21,9.11208E+15,4.98336E+16
184469,9.17102E+18,9,6,61,0,2017,10,14,4,3,2,6,0,1,0,0,0,0,0,5.07975E+20,5.5364E+21,9.11124E+15,4.99798E+16
184470,9.17102E+18,9,5,62,0,2017,10,13,4,3,4,2,1,1,0,0,0,0,0,6.46011E+20,5.49366E+21,1.10198E+16,4.95779E+16
184471,9.17102E+18,9,5,72,142,2017,10,9,4,3,5,3,0,1,0,0,0,0,0,6.44484E+20,5.50122E+21,1.10015E+16,4.96463E+16
184472,9.17102E+18,9,5,64,0,2017,10,19,4,3,5,3,0,1,0,0,0,2,1,6.52338E+20,5.47918E+21,1.11017E+16,4.94462E+16
184473,9.17102E+18,9,5,64,0,2017,10,6,4,3,4,6,0,1,0,0,0,1,0,6.45224E+20,5.47951E+21,1.10037E+16,4.94509E+16
184474,9.17102E+18,9,5,64,0,2017,10,14,4,3,2,6,0,1,0,0,0,0,0,6.51653E+20,5.48092E+21,1.10929E+16,4.9462E+16
184475,9.17102E+18,9,5,64,0,2017,10,16,4,3,5,3,1,1,0,0,0,0,0,6.50126E+20,5.47768E+21,1.10706E+16,4.94332E+16
184476,9.17102E+18,9,5,63,0,2017,10,9,4,3,2,6,0,1,0,0,0,0,0,6.44387E+20,5.48429E+21,1.09939E+16,4.94941E+16
184477,9.17102E+18,9,5,77,158,2017,10,7,4,3,4,1,0,1,0,0,0,0,1,6.44695E+20,5.42222E+21,1.09758E+16,4.8936E+16
184478,9.17102E+18,9,5,71,193,2017,10,8,4,3,7,1,0,1,0,0,0,0,0,5.8546E+20,5.47135E+21,1.01776E+16,4.93889E+16
184479,9.17102E+18,9,5,71,193,2017,10,13,4,2,0,1,1,0,0,0,0,0,0,5.85702E+20,5.46994E+21,1.01806E+16,4.93761E+16
184480,9.17102E+18,9,5,71,214,2017,10,5,4,3,0,7,0,1,0,0,0,2,0,6.17729E+20,5.43438E+21,1.06113E+16,4.9051E+16
184481,9.17102E+18,9,4,78,165,2017,10,18,4,3,4,3,1,1,0,0,0,0,0,6.41883E+20,5.55198E+21,1.09841E+16,5.01031E+16
184482,9.17102E+18,9,4,78,116,2017,10,16,4,3,6,4,0,1,1,0,0,1,0,6.60546E+20,5.55655E+21,1.12468E+16,5.01394E+16
184483,9.17102E+18,9,4,72,119,2017,10,17,4,3,9,1,0,0,0,1,0,0,0,6.84485E+20,5.5402E+21,1.15736E+16,4.99856E+16
184484,9.17102E+18,9,4,62,0,2017,10,10,4,3,6,7,0,1,1,0,0,0,0,6.84352E+20,5.53564E+21,1.15695E+16,4.99447E+16
184485,9.17102E+18,9,4,62,0,2017,10,18,4,3,5,3,0,1,0,1,0,2,0,6.86201E+20,5.53691E+21,1.15959E+16,4.99555E+16
184486,9.17102E+18,9,4,71,140,2017,10,7,4,3,5,3,1,0,0,1,0,0,1,6.34833E+20,5.5326E+21,1.08787E+16,4.99305E+16
184487,9.17102E+18,9,4,61,0,2017,10,16,4,3,2,6,0,1,0,1,0,0,0,6.35356E+20,5.52652E+21,1.08839E+16,4.98758E+16
184488,9.17102E+18,9,4,61,0,2017,10,6,4,3,0,7,1,0,0,0,0,2,1,6.369E+20,5.52904E+21,1.09063E+16,4.98981E+16
184489,9.17102E+18,9,3,77,158,2017,10,17,4,3,5,2,0,1,0,0,0,0,1,7.37725E+20,5.54539E+21,1.23183E+16,5.00133E+16
184490,9.17102E+18,9,3,63,0,2017,10,17,4,3,5,3,1,1,0,0,0,0,0,7.28791E+20,5.50824E+21,1.21719E+16,4.96832E+16
184491,9.17102E+18,9,3,74,149,2017,10,17,4,3,6,7,0,1,1,0,0,0,0,7.12412E+20,5.51668E+21,1.19497E+16,4.9765E+16
184492,9.17102E+18,9,3,72,175,2017,10,16,4,3,5,3,1,1,0,0,0,0,0,7.67868E+20,5.46026E+21,1.26801E+16,4.92364E+16
184493,9.17102E+18,9,3,76,161,2017,10,15,4,2,5,2,1,1,0,0,0,0,0,7.2583E+20,5.46803E+21,1.21079E+16,4.93232E+16
184494,9.17102E+18,9,2,62,0,2017,10,11,4,3,5,3,1,1,0,0,0,0,0,8.29491E+20,5.38993E+21,1.34675E+16,4.85757E+16
184495,9.17102E+18,9,2,77,119,2017,10,17,4,3,0,7,1,0,0,0,0,0,0,7.77318E+20,5.37102E+21,1.27493E+16,4.84312E+16
184496,9.17102E+18,9,2,74,176,2017,10,17,4,1,4,6,0,0,0,1,1,0,0,7.22095E+20,5.4044E+21,1.20217E+16,4.87529E+16
184497,9.17102E+18,9,2,61,0,2017,10,16,4,3,5,3,1,1,0,0,0,0,0,7.31832E+20,5.38171E+21,1.21413E+16,4.85456E+16
184498,9.17102E+18,9,2,73,116,2017,10,16,4,3,7,7,1,0,0,0,0,0,0,7.22109E+20,5.42544E+21,1.20333E+16,4.8942E+16
184499,9.17102E+18,9,1,90,157,2017,10,17,4,3,4,2,1,1,0,0,0,0,0,6.60567E+20,5.30147E+21,1.11462E+16,4.78465E+16
184500,9.17102E+18,9,1,90,157,2017,10,12,4,3,4,2,0,1,0,0,0,0,0,6.59989E+20,5.29895E+21,1.11375E+16,4.7824E+16
184501,9.17102E+18,9,1,90,148,2017,10,16,4,3,1,6,0,1,0,0,0,0,0,6.40344E+20,5.29654E+21,1.08745E+16,4.78069E+16
184502,9.17102E+18,9,1,89,157,2017,10,15,4,3,5,7,1,1,0,0,0,0,0,7.64393E+20,5.32422E+21,1.25457E+16,4.80165E+16
184503,9.17102E+18,9,1,83,112,2017,10,9,4,3,5,3,0,1,0,0,0,0,0,7.53092E+20,5.34994E+21,1.24097E+16,4.82521E+16
184504,9.17102E+18,9,1,89,127,2017,10,19,4,2,8,1,1,0,0,0,0,2,0,7.87512E+20,5.31826E+21,1.28511E+16,4.79531E+16
184505,9.17102E+18,9,1,71,112,2017,10,21,4,3,0,1,1,0,0,0,0,2,0,7.84464E+20,5.34244E+21,1.28264E+16,4.81715E+16
184506,9.17102E+18,9,1,71,125,2017,10,11,4,3,1,6,0,1,0,0,0,0,0,7.74808E+20,5.349E+21,1.27011E+16,4.82346E+16
184507,9.17102E+18,9,1,63,0,2017,10,6,4,3,6,2,0,1,1,0,0,1,0,7.33979E+20,5.30533E+21,1.21282E+16,4.78586E+16
184508,9.17102E+18,9,1,82,111,2017,10,15,4,3,0,1,1,0,0,0,0,0,0,7.04654E+20,5.28781E+21,1.17284E+16,4.77112E+16
184509,9.17102E+18,9,1,87,150,2017,10,14,4,3,2,6,0,1,0,0,1,0,0,7.30042E+20,5.30409E+21,1.2075E+16,4.7849E+16
184510,9.17102E+18,9,1,61,0,2017,10,16,4,3,3,2,0,1,0,0,1,0,0,6.78543E+20,5.40362E+21,1.14295E+16,4.87599E+16
184511,9.17102E+18,9,1,76,148,2017,10,18,4,3,8,7,0,0,0,1,0,1,0,6.49973E+20,5.41406E+21,1.10448E+16,4.88614E+16
184512,9.17102E+18,9,1,79,142,2017,10,16,4,3,0,7,1,0,0,0,0,0,0,6.73227E+20,5.34209E+21,1.13317E+16,4.82084E+16
184513,9.17102E+18,9,1,79,142,2017,10,7,4,3,3,6,1,0,0,0,1,0,0,6.732E+20,5.34336E+21,1.13318E+16,4.82198E+16
184514,9.17102E+18,9,1,81,126,2017,10,20,4,2,6,6,1,0,1,0,0,2,0,6.35964E+20,5.33157E+21,1.08271E+16,4.81229E+16
184515,9.17102E+18,9,1,74,115,2017,10,19,4,3,0,1,1,0,0,0,0,2,0,6.81154E+20,5.34884E+21,1.14412E+16,4.82669E+16
184516,9.17102E+18,9,1,62,0,2017,10,19,3,3,5,3,1,0,0,1,0,1,0,6.92056E+20,5.33644E+21,1.15823E+16,4.81522E+16
184517,9.17102E+18,9,1,62,0,2017,10,14,3,3,3,2,0,1,0,1,0,0,0,6.91447E+20,5.3336E+21,1.15729E+16,4.81268E+16
184518,9.17102E+18,9,1,62,0,2017,10,8,3,3,2,6,1,1,0,0,0,0,0,6.91405E+20,5.33546E+21,1.15731E+16,4.81436E+16
184519,9.17102E+18,9,1,62,0,2017,10,16,3,3,6,3,0,1,1,0,0,0,0,6.90885E+20,5.33326E+21,1.15652E+16,4.81239E+16
184520,9.17102E+18,9,1,62,0,2017,10,14,3,3,0,1,1,0,0,0,0,0,0,6.87987E+20,5.33883E+21,1.15287E+16,4.81749E+16
184521,9.17102E+18,9,1,62,0,2017,10,16,3,3,0,7,0,0,0,1,0,0,0,6.8966E+20,5.33068E+21,1.15476E+16,4.81011E+16
184522,9.17102E+18,9,1,84,112,2017,10,9,3,3,5,3,0,0,0,1,1,0,0,7.02502E+20,5.33905E+21,1.17239E+16,4.81724E+16
184523,9.17102E+18,9,1,62,0,2017,10,11,3,3,3,7,0,1,0,0,1,0,0,6.93988E+20,5.33635E+21,1.16082E+16,4.81508E+16
184524,9.17102E+18,9,1,62,0,2017,10,18,3,3,6,4,0,1,1,0,0,1,0,6.95878E+20,5.33074E+21,1.1631E+16,4.80998E+16
184525,9.17102E+18,9,1,62,0,2017,10,20,3,3,0,7,1,0,0,0,1,2,0,6.91693E+20,5.33481E+21,1.15767E+16,4.81377E+16
184526,9.17102E+18,9,1,62,0,2017,10,7,3,3,0,7,1,0,0,0,0,0,0,6.90983E+20,5.33346E+21,1.15666E+16,4.81257E+16
184527,9.17102E+18,9,1,62,0,2017,10,10,3,3,1,3,0,1,0,0,0,0,0,6.92391E+20,5.34165E+21,1.15892E+16,4.81989E+16
184528,9.17102E+18,9,1,62,0,2017,10,16,3,2,3,2,1,1,0,0,0,0,0,6.9782E+20,5.33283E+21,1.16581E+16,4.8118E+16
184529,9.17102E+18,9,1,62,0,2017,10,17,3,3,5,2,1,1,0,0,0,0,0,6.89379E+20,5.33477E+21,1.15456E+16,4.8138E+16
184530,9.17102E+18,9,1,62,0,2017,10,18,3,3,0,2,0,1,0,0,1,1,0,6.92282E+20,5.33814E+21,1.15861E+16,4.81674E+16
184531,9.17102E+18,9,1,62,0,2017,10,18,3,3,6,4,0,1,1,0,0,0,0,6.92889E+20,5.34099E+21,1.15956E+16,4.81928E+16
184532,9.17102E+18,9,1,62,0,2017,10,15,3,3,3,6,1,0,0,0,0,0,0,6.82415E+20,5.33948E+21,1.14541E+16,4.81823E+16
184533,9.17102E+18,9,1,62,0,2017,10,6,3,3,0,3,0,0,0,1,1,1,1,6.90122E+20,5.34218E+21,1.15589E+16,4.82044E+16
184534,9.17102E+18,9,1,84,145,2017,10,12,3,3,5,7,1,1,0,0,0,0,0,6.94475E+20,5.32528E+21,1.16097E+16,4.80512E+16
184535,9.17102E+18,9,1,84,131,2017,10,6,3,3,5,3,1,1,0,0,0,1,0,7.04809E+20,5.33775E+21,1.17542E+16,4.816E+16
184536,9.17102E+18,9,1,62,0,2017,10,13,3,3,2,6,0,1,0,0,0,0,0,6.9444E+20,5.32956E+21,1.16112E+16,4.80896E+16
184537,9.17102E+18,9,1,62,0,2017,10,17,3,3,3,2,1,1,0,0,0,0,0,6.91296E+20,5.3319E+21,1.15701E+16,4.81116E+16
184538,9.17102E+18,9,1,62,0,2017,10,16,3,3,6,7,1,0,1,0,0,0,0,6.92594E+20,5.33454E+21,1.15887E+16,4.81349E+16
184539,9.17102E+18,9,1,62,0,2017,10,20,3,3,1,5,0,1,0,1,0,2,0,6.89797E+20,5.33342E+21,1.15506E+16,4.81257E+16
184540,9.17102E+18,9,1,62,0,2017,10,13,3,3,5,3,1,1,0,0,0,0,0,6.91834E+20,5.33567E+21,1.1579E+16,4.81453E+16
184541,9.17102E+18,9,1,62,0,2017,10,17,3,3,6,2,0,1,1,0,0,1,0,6.92091E+20,5.33438E+21,1.15819E+16,4.81337E+16
184542,9.17102E+18,9,7,75,152,2017,10,7,3,3,0,2,1,1,0,0,0,0,1,5.77135E+20,5.35324E+21,1.00407E+16,4.83277E+16
184543,9.17102E+18,9,7,64,0,2017,10,13,3,3,5,3,0,1,0,1,0,0,0,5.89006E+20,5.31426E+21,1.01926E+16,4.79755E+16
184544,9.17102E+18,9,7,78,171,2017,10,12,3,3,5,3,1,0,0,0,1,0,0,5.90571E+20,5.31594E+21,1.02139E+16,4.79904E+16
184545,9.17102E+18,9,7,74,150,2017,10,12,3,3,5,3,0,1,0,0,0,0,0,6.01225E+20,5.34392E+21,1.03633E+16,4.82404E+16
184546,9.17102E+18,9,7,74,198,2017,10,17,3,3,3,7,0,1,0,0,0,0,0,6.13463E+20,5.35001E+21,1.05297E+16,4.82931E+16
184547,9.17102E+18,9,7,78,203,2017,10,7,3,3,5,4,1,0,1,0,0,0,0,6.22402E+20,5.32432E+21,1.06428E+16,4.80604E+16
184548,9.17102E+18,9,7,63,0,2017,10,11,3,3,5,3,1,1,0,0,0,0,0,5.97891E+20,5.28797E+21,1.03057E+16,4.77376E+16
184549,9.17102E+18,9,7,77,112,2017,10,18,3,3,6,4,0,1,1,0,0,1,0,6.22634E+20,5.29935E+21,1.06388E+16,4.78358E+16
184550,9.17102E+18,9,7,62,0,2017,10,7,3,3,1,1,1,1,0,0,0,0,0,6.22478E+20,5.30794E+21,1.06392E+16,4.7913E+16
184551,9.17102E+18,9,7,62,0,2017,10,6,3,1,0,7,0,1,0,0,1,1,0,6.20934E+20,5.30438E+21,1.06175E+16,4.78814E+16
184552,9.17102E+18,9,7,73,136,2017,10,7,3,3,0,1,0,0,0,0,1,1,1,6.00621E+20,5.37495E+21,1.03626E+16,4.85196E+16
184553,9.17102E+18,9,5,71,145,2017,10,14,6,3,0,1,1,0,0,0,0,0,0,5.9368E+20,5.44523E+21,1.02847E+16,4.91527E+16
184554,9.17103E+18,9,1,83,128,2017,10,17,4,2,2,6,1,0,0,0,0,0,0,7.6199E+20,5.34939E+21,1.2529E+16,4.82435E+16
184555,9.17103E+18,9,1,89,127,2017,10,18,4,3,0,1,1,0,0,0,0,1,0,7.84622E+20,5.31662E+21,1.28114E+16,4.79396E+16
184556,9.17103E+18,9,1,87,165,2017,10,21,4,3,1,5,1,1,0,0,0,2,0,7.33129E+20,5.29858E+21,1.21133E+16,4.77984E+16
184557,9.17103E+18,9,1,87,117,2017,10,7,4,3,5,3,0,1,0,1,0,0,1,7.26407E+20,5.30564E+21,1.20273E+16,4.78642E+16
184558,9.17103E+18,9,1,85,158,2017,10,10,4,3,5,3,1,1,0,0,0,0,0,6.68829E+20,5.38153E+21,1.12884E+16,4.85641E+16
184559,9.17103E+18,9,1,76,123,2017,10,16,4,3,0,3,1,1,0,0,0,0,0,6.60621E+20,5.41746E+21,1.11912E+16,4.88892E+16
184560,9.17103E+18,9,1,76,114,2017,10,17,4,2,8,1,0,1,0,0,0,0,0,6.82397E+20,5.43486E+21,1.14958E+16,4.90396E+16
184561,9.17103E+18,9,1,79,118,2017,10,7,4,3,8,1,1,0,0,0,0,0,0,6.73418E+20,5.33758E+21,1.13324E+16,4.81678E+16
184562,9.17103E+18,9,1,79,118,2017,10,13,4,3,0,1,1,0,0,0,0,0,0,6.72621E+20,5.33816E+21,1.13219E+16,4.81732E+16
184563,9.17103E+18,9,1,88,132,2017,10,21,4,3,8,1,0,1,0,0,0,2,0,6.65712E+20,5.32304E+21,1.12232E+16,4.80391E+16
184564,9.17103E+18,9,1,75,122,2017,10,7,4,3,0,1,1,0,0,0,0,1,0,7.21258E+20,5.32583E+21,1.1969E+16,4.80473E+16
184565,9.17103E+18,9,1,77,115,2017,10,16,4,3,6,4,0,1,1,0,0,0,0,7.33974E+20,5.35164E+21,1.21535E+16,4.82747E+16
184566,9.17102E+18,9,1,62,0,2017,10,4,3,3,0,7,1,0,0,0,0,2,0,6.88724E+20,5.33655E+21,1.15376E+16,4.81542E+16
184567,9.17102E+18,9,1,62,0,2017,10,15,3,3,5,3,1,1,0,0,0,0,0,6.91573E+20,5.33454E+21,1.1575E+16,4.81353E+16
184568,9.17102E+18,9,1,84,149,2017,10,17,3,3,6,4,0,1,1,0,0,0,0,6.9135E+20,5.3518E+21,1.15798E+16,4.82905E+16
184569,9.17103E+18,9,2,74,153,2017,10,13,4,3,0,1,1,0,0,0,0,0,0,7.34719E+20,5.40177E+21,1.21917E+16,4.87247E+16
184570,9.17102E+18,9,1,62,0,2017,10,17,3,3,0,7,0,0,1,0,1,0,0,6.88548E+20,5.33461E+21,1.15344E+16,4.81368E+16
184571,9.17102E+18,9,1,62,0,2017,10,14,3,3,2,2,0,1,0,1,0,0,0,6.85672E+20,5.33479E+21,1.14959E+16,4.81392E+16
184572,9.17103E+18,9,2,61,0,2017,10,16,4,3,5,2,0,1,0,0,0,0,0,7.30975E+20,5.38229E+21,1.213E+16,4.85511E+16
184573,9.17103E+18,9,1,90,126,2017,10,17,4,3,0,6,1,1,0,0,0,0,0,6.71238E+20,5.28851E+21,1.12836E+16,4.77272E+16
184574,9.17102E+18,9,1,62,0,2017,10,18,3,3,1,5,1,1,0,0,0,2,0,6.87009E+20,5.33469E+21,1.15138E+16,4.8138E+16
184575,9.17102E+18,9,1,62,0,2017,10,19,3,3,2,6,0,1,0,0,0,2,0,6.86284E+20,5.33327E+21,1.15034E+16,4.81254E+16
184576,9.17102E+18,9,1,62,0,2017,10,16,3,3,3,2,1,1,0,0,0,0,0,6.87834E+20,5.33445E+21,1.15247E+16,4.81355E+16
184577,9.17102E+18,9,1,62,0,2017,10,18,3,3,4,2,1,1,0,0,0,2,1,6.93635E+20,5.33335E+21,1.16021E+16,4.81239E+16
184578,9.17102E+18,9,1,62,0,2017,10,13,3,3,2,6,0,1,0,0,1,0,0,6.90406E+20,5.33268E+21,1.15585E+16,4.81189E+16
184579,9.17102E+18,9,1,62,0,2017,10,14,3,3,0,1,1,0,0,0,0,0,0,6.88996E+20,5.33458E+21,1.15404E+16,4.81364E+16
184580,9.17102E+18,9,1,62,0,2017,10,18,3,3,0,3,0,1,0,1,0,2,0,6.91027E+20,5.3351E+21,1.15679E+16,4.81405E+16
184581,9.17102E+18,9,7,64,0,2017,10,19,3,3,0,6,0,1,0,0,0,1,0,5.87016E+20,5.31726E+21,1.01666E+16,4.80027E+16
184582,9.17102E+18,9,7,78,123,2017,10,18,3,3,4,2,1,1,0,0,0,0,0,5.84424E+20,5.31698E+21,1.01318E+16,4.80005E+16
184583,9.17102E+18,9,7,64,0,2017,10,7,3,3,0,1,0,0,0,1,0,1,1,5.84774E+20,5.31046E+21,1.01352E+16,4.79418E+16
184584,9.17102E+18,9,7,80,139,2017,10,10,3,3,0,1,0,0,0,1,0,0,1,5.96347E+20,5.26277E+21,1.02796E+16,4.75112E+16
184585,9.17102E+18,9,7,71,130,2017,10,17,3,3,3,6,0,1,0,1,1,0,0,6.4397E+20,5.36344E+21,1.09454E+16,4.84077E+16
184586,9.17102E+18,9,7,61,0,2017,10,16,3,3,0,7,1,1,0,0,0,1,1,6.41012E+20,5.35772E+21,1.09036E+16,4.83569E+16
184587,9.17102E+18,9,7,61,0,2017,10,16,3,3,0,1,1,0,0,0,0,0,0,6.39262E+20,5.35743E+21,1.08799E+16,4.83547E+16
184588,9.17102E+18,9,6,63,0,2017,10,11,3,3,0,3,1,1,0,0,0,0,0,5.68017E+20,5.51597E+21,9.94501E+15,4.97923E+16
184589,9.17102E+18,9,6,77,114,2017,10,22,3,3,1,1,0,1,0,0,0,2,0,5.66824E+20,5.53587E+21,9.93187E+15,4.99714E+16
184590,9.17102E+18,9,6,74,163,2017,10,18,3,3,2,6,0,1,0,0,0,2,0,6.11142E+20,5.53857E+21,1.05505E+16,4.99891E+16
184591,9.17102E+18,9,6,62,0,2017,10,11,3,3,3,2,0,1,0,0,0,0,0,5.88163E+20,5.54294E+21,1.0231E+16,5.00322E+16
184592,9.17102E+18,9,6,76,169,2017,10,20,3,3,5,3,0,1,0,0,0,2,0,5.11973E+20,5.51524E+21,9.16634E+15,4.97895E+16
184593,9.17102E+18,9,6,71,121,2017,10,9,3,3,5,3,0,1,0,0,0,0,1,5.13369E+20,5.53842E+21,9.18654E+15,4.9998E+16