OBJECTID,UIDENTSTLA,ULAND,UREGBEZ,UKREIS,UGEMEINDE,UJAHR,UMONAT,USTUNDE,UWOCHENTAG,UKATEGORIE,UART,UTYP1,IstRad,IstPKW,IstFuss,IstKrad,IstSonstig,LICHT,STRZUSTAND,LINREFX,LINREFY,XGCSWGS84,YGCSWGS84
184594,9.17102E+18,9,5,72,135,2017,10,13,3,3,5,2,1,1,0,0,0,0,0,6.30113E+20,5.50816E+21,1.08048E+16,4.97119E+16
184595,9.17102E+18,9,5,62,0,2017,10,8,3,3,1,2,1,1,0,0,0,0,1,6.42676E+20,5.49694E+21,1.09749E+16,4.96082E+16
184596,9.17102E+18,9,5,74,132,2017,10,20,3,3,2,6,0,1,0,0,0,2,1,6.76119E+20,5.48689E+21,1.14329E+16,4.95091E+16
184597,9.17102E+18,9,5,64,0,2017,10,13,3,3,2,6,0,1,0,1,0,0,0,6.50126E+20,5.47922E+21,1.10712E+16,4.94471E+16
184598,9.17102E+18,9,5,64,0,2017,10,13,3,3,0,1,0,0,0,1,0,0,1,6.49446E+20,5.47886E+21,1.10617E+16,4.9444E+16
184599,9.17102E+18,9,5,64,0,2017,10,6,3,3,6,2,0,1,1,0,0,0,1,6.51736E+20,5.47892E+21,1.10933E+16,4.94439E+16
184600,9.17102E+18,9,5,64,0,2017,10,5,3,3,2,6,0,1,0,0,0,2,1,6.51461E+20,5.47916E+21,1.10896E+16,4.94462E+16
184601,9.17102E+18,9,5,64,0,2017,10,11,3,3,5,2,1,1,0,0,0,0,1,6.55162E+20,5.47582E+21,1.11393E+16,4.94152E+16
184602,9.17102E+18,9,5,64,0,2017,10,15,3,3,5,3,0,1,0,0,0,0,1,6.46272E+20,5.48175E+21,1.1019E+16,4.94708E+16
184603,9.17102E+18,9,5,73,134,2017,10,15,3,3,0,1,1,0,0,0,0,0,0,6.42309E+20,5.47781E+21,1.09629E+16,4.94363E+16
184604,9.17102E+18,9,5,61,0,2017,10,16,3,2,5,3,0,1,0,1,0,0,1,6.13771E+20,5.46151E+21,1.05648E+16,4.92957E+16
184605,9.17102E+18,9,5,71,181,2017,10,7,3,3,5,3,1,1,0,0,0,2,1,5.89724E+20,5.47268E+21,1.02367E+16,4.94002E+16
184606,9.17102E+18,9,5,71,174,2017,10,13,3,3,5,3,0,1,0,0,0,0,0,6.00898E+20,5.4628E+21,1.03881E+16,4.93096E+16
184607,9.17102E+18,9,4,74,126,2017,10,8,3,3,1,7,1,0,0,0,1,0,1,6.48353E+20,5.51059E+21,1.10586E+16,4.97295E+16
184608,9.17102E+18,9,4,61,0,2017,10,7,3,3,3,7,1,1,0,0,0,0,0,6.37017E+20,5.52928E+21,1.0908E+16,4.99002E+16
184609,9.17102E+18,9,3,73,147,2017,10,20,3,3,4,2,0,1,0,0,0,2,0,6.80084E+20,5.45971E+21,1.14753E+16,4.92636E+16
184610,9.17102E+18,9,3,71,127,2017,10,14,3,3,0,7,1,0,0,0,0,0,0,7.12896E+20,5.4923E+21,1.19432E+16,4.95459E+16
184611,9.17102E+18,9,2,63,0,2017,10,13,3,3,6,2,0,1,1,0,0,0,0,7.61917E+20,5.4205E+21,1.25728E+16,4.8882E+16
184612,9.17102E+18,9,2,75,126,2017,10,23,3,3,9,1,0,1,0,0,0,2,1,8.38653E+20,5.39611E+21,1.35964E+16,4.86263E+16
184613,9.17102E+18,9,2,75,154,2017,10,19,3,3,0,6,0,1,0,1,0,2,0,8.08461E+20,5.39521E+21,1.31871E+16,4.86337E+16
184614,9.17102E+18,9,2,77,138,2017,10,12,3,3,0,1,1,0,0,0,0,0,1,7.90738E+20,5.371E+21,1.29303E+16,4.8425E+16
184615,9.17102E+18,9,2,77,138,2017,10,17,3,3,5,3,0,1,0,0,0,0,0,7.90894E+20,5.37158E+21,1.29328E+16,4.84301E+16
184616,9.17102E+18,9,2,62,0,2017,10,20,3,3,2,6,0,1,0,1,0,2,0,8.28284E+20,5.38943E+21,1.34508E+16,4.85718E+16
184617,9.17102E+18,9,2,75,141,2017,10,16,3,3,0,7,1,0,0,0,0,0,0,8.20049E+20,5.37029E+21,1.33248E+16,4.84044E+16
184618,9.17102E+18,9,2,72,127,2017,10,17,3,3,0,1,0,0,0,1,0,1,1,8.29005E+20,5.42102E+21,1.34857E+16,4.88547E+16
184619,9.17102E+18,9,1,90,151,2017,10,17,3,2,4,7,0,1,0,0,1,0,0,6.3737E+20,5.29982E+21,1.08358E+16,4.7837E+16
184620,9.17102E+18,9,1,90,114,2017,10,15,3,3,4,6,0,1,0,0,1,0,0,6.33376E+20,5.28874E+21,1.0779E+16,4.77382E+16
184621,9.17102E+18,9,1,83,119,2017,10,7,3,3,1,7,0,1,0,0,1,0,0,7.3682E+20,5.33922E+21,1.21849E+16,4.81621E+16
184622,9.17102E+18,9,1,89,161,2017,10,15,3,3,5,3,1,1,0,0,0,0,0,7.71138E+20,5.30439E+21,1.26235E+16,4.78357E+16
184623,9.17102E+18,9,1,72,118,2017,10,17,3,3,5,3,0,1,0,1,0,0,0,7.96628E+20,5.30708E+21,1.29652E+16,4.78485E+16
184624,9.17102E+18,9,1,63,0,2017,10,13,3,3,4,6,0,1,0,1,0,0,0,7.34002E+20,5.30579E+21,1.21288E+16,4.78628E+16
184625,9.17102E+18,9,1,63,0,2017,10,13,3,3,5,3,1,1,0,0,0,0,0,7.32702E+20,5.30404E+21,1.21105E+16,4.78475E+16
184626,9.17102E+18,9,1,63,0,2017,10,14,3,2,6,2,0,1,1,0,0,0,0,7.33894E+20,5.30559E+21,1.21273E+16,4.78611E+16
184627,9.17102E+18,9,1,82,116,2017,10,6,3,3,0,1,0,0,0,1,0,2,1,7.0548E+20,5.29268E+21,1.17417E+16,4.77547E+16
184628,9.17102E+18,9,1,87,117,2017,10,17,3,3,5,3,1,1,0,0,0,1,0,7.24781E+20,5.30497E+21,1.20053E+16,4.78587E+16
184629,9.17102E+18,9,1,87,117,2017,10,17,3,3,4,2,1,1,0,0,0,0,0,7.22224E+20,5.30614E+21,1.19717E+16,4.78701E+16
184630,9.17102E+18,9,1,86,132,2017,10,17,3,3,5,3,0,1,0,0,0,0,0,6.7898E+20,5.36737E+21,1.14198E+16,4.8434E+16
184631,9.17102E+18,9,1,85,149,2017,10,13,3,3,3,3,1,1,0,0,0,0,0,6.60495E+20,5.40028E+21,1.11828E+16,4.87349E+16
184632,9.17102E+18,9,1,79,142,2017,10,7,3,3,2,6,0,1,1,0,0,0,1,6.73281E+20,5.34344E+21,1.1333E+16,4.82205E+16
184633,9.17102E+18,9,1,79,142,2017,10,14,3,3,2,7,1,1,0,0,0,0,0,6.7387E+20,5.34271E+21,1.13406E+16,4.82137E+16
184634,9.17102E+18,9,1,81,130,2017,10,6,3,3,5,3,1,1,0,0,0,1,1,6.38383E+20,5.32602E+21,1.08577E+16,4.80724E+16
184635,9.17102E+18,9,1,79,121,2017,10,10,3,3,5,3,0,1,0,0,0,0,0,6.66321E+20,5.33784E+21,1.12371E+16,4.8172E+16
184636,9.17102E+18,9,1,77,117,2017,10,17,3,3,5,3,0,1,0,0,0,0,0,7.14797E+20,5.35381E+21,1.18965E+16,4.83009E+16
184637,9.17102E+18,9,1,62,0,2017,10,18,2,3,4,2,0,1,0,0,0,1,0,6.85685E+20,5.33487E+21,1.14961E+16,4.81399E+16
184638,9.17102E+18,9,1,62,0,2017,10,21,2,3,5,3,0,1,0,1,0,2,1,6.94437E+20,5.32955E+21,1.16112E+16,4.80895E+16
184639,9.17102E+18,9,1,62,0,2017,10,8,2,3,0,7,0,1,0,1,0,0,0,6.91128E+20,5.33333E+21,1.15685E+16,4.81245E+16
184640,9.17102E+18,9,1,62,0,2017,10,10,2,3,5,3,1,1,0,0,0,0,0,6.94397E+20,5.33479E+21,1.1613E+16,4.81367E+16
184641,9.17102E+18,9,1,62,0,2017,10,9,2,3,0,7,1,0,0,0,1,0,0,6.89082E+20,5.33563E+21,1.1542E+16,4.81458E+16
184642,9.17102E+18,9,1,84,119,2017,10,7,2,3,5,2,1,1,0,0,0,1,1,6.96986E+20,5.34796E+21,1.16539E+16,4.82542E+16
184643,9.17102E+18,9,1,62,0,2017,10,21,2,3,9,1,0,1,0,0,0,2,1,6.92924E+20,5.34132E+21,1.15962E+16,4.81958E+16
184644,9.17102E+18,9,1,62,0,2017,10,16,2,3,2,6,0,1,0,0,0,0,0,6.8845E+20,5.33816E+21,1.15347E+16,4.81687E+16
184645,9.17102E+18,9,1,62,0,2017,10,16,2,3,4,3,1,1,0,0,0,0,1,6.89007E+20,5.33212E+21,1.15395E+16,4.81142E+16
184646,9.17102E+18,9,7,74,155,2017,10,19,2,3,5,3,1,1,0,0,0,2,1,5.9117E+20,5.36682E+21,1.02329E+16,4.84479E+16
184647,9.17102E+18,9,7,74,121,2017,10,19,2,2,5,2,1,1,0,0,0,2,0,6.04254E+20,5.36426E+21,1.04092E+16,4.84229E+16
184648,9.17102E+18,9,7,76,117,2017,10,15,2,2,0,1,0,0,0,1,0,0,1,5.6679E+20,5.27251E+21,9.88856E+15,4.76025E+16
184649,9.17102E+18,9,7,61,0,2017,10,15,2,3,0,7,0,0,0,0,1,0,1,6.41434E+20,5.36029E+21,1.09101E+16,4.83799E+16
184650,9.17102E+18,9,7,61,0,2017,10,16,2,3,0,1,0,0,0,1,0,0,0,6.41009E+20,5.3579E+21,1.09036E+16,4.83585E+16
184651,9.17102E+18,9,6,63,0,2017,10,12,2,3,5,3,0,1,0,0,0,0,0,5.66864E+20,5.51692E+21,9.92915E+15,4.9801E+16
184652,9.17102E+18,9,6,63,0,2017,10,19,2,3,0,7,0,0,0,1,0,2,0,5.63815E+20,5.51772E+21,9.88693E+15,4.98085E+16
184653,9.17102E+18,9,6,63,0,2017,10,5,2,3,5,3,0,1,0,0,1,2,1,5.72042E+20,5.516E+21,1.00009E+16,4.97922E+16
184654,9.17102E+18,9,6,63,0,2017,10,7,2,2,6,4,0,1,1,0,0,2,1,5.69352E+20,5.516E+21,9.96356E+15,4.97925E+16
184655,9.17102E+18,9,6,77,154,2017,10,18,2,3,8,1,0,1,0,0,0,2,0,5.45447E+20,5.51667E+21,9.63153E+15,4.98008E+16
184656,9.17102E+18,9,6,61,0,2017,10,7,2,3,5,3,1,1,0,0,0,2,1,5.094E+20,5.53673E+21,9.13111E+15,4.99828E+16
184657,9.17102E+18,9,6,61,0,2017,10,14,2,3,5,3,0,1,0,1,0,0,1,5.10798E+20,5.53498E+21,9.15056E+15,4.99671E+16
184658,9.17102E+18,9,6,71,143,2017,10,18,2,3,5,3,0,1,0,0,0,2,1,5.10946E+20,5.54821E+21,9.153E+15,5.0086E+16
184659,9.17102E+18,9,5,76,151,2017,10,13,2,3,2,2,1,1,0,0,0,0,0,6.56416E+20,5.46872E+21,1.11538E+16,4.93511E+16
184660,9.17102E+18,9,5,64,0,2017,10,14,2,3,5,3,1,1,0,0,0,0,0,6.51419E+20,5.48032E+21,1.10894E+16,4.94567E+16
184661,9.17102E+18,9,5,64,0,2017,10,15,2,3,2,6,0,1,0,0,0,0,1,6.49044E+20,5.47905E+21,1.10562E+16,4.94458E+16
184662,9.17102E+18,9,5,64,0,2017,10,16,2,2,5,3,0,1,0,1,0,0,1,6.49684E+20,5.47012E+21,1.10617E+16,4.93654E+16
184663,9.17102E+18,9,5,64,0,2017,10,17,2,3,0,1,1,0,0,0,0,1,1,6.48908E+20,5.48081E+21,1.1055E+16,4.94617E+16
184664,9.17102E+18,9,5,64,0,2017,10,15,2,3,6,4,0,1,1,0,0,0,0,6.46964E+20,5.48163E+21,1.10285E+16,4.94695E+16
184665,9.17102E+18,9,5,64,0,2017,10,17,2,3,0,1,1,0,0,0,0,0,1,6.48687E+20,5.47764E+21,1.10508E+16,4.94333E+16
184666,9.17102E+18,9,5,64,0,2017,10,15,2,3,5,3,1,1,0,0,0,0,1,6.53096E+20,5.48143E+21,1.1113E+16,4.94662E+16
184667,9.17102E+18,9,5,73,129,2017,10,16,2,3,8,1,0,1,0,0,0,0,0,6.35346E+20,5.48927E+21,1.08708E+16,4.95409E+16
184668,9.17102E+18,9,5,75,143,2017,10,9,2,3,5,3,0,1,0,0,1,0,0,5.9854E+20,5.47719E+21,1.03592E+16,4.94394E+16
184669,9.17102E+18,9,4,78,116,2017,10,14,2,3,5,2,0,1,0,0,0,0,0,6.60295E+20,5.55628E+21,1.12431E+16,5.0137E+16
184670,9.17102E+18,9,4,76,145,2017,10,14,2,3,8,7,0,1,0,0,0,0,1,6.70899E+20,5.56578E+21,1.13957E+16,5.02195E+16
184671,9.17102E+18,9,4,63,0,2017,10,17,2,3,5,3,0,1,0,0,0,1,1,6.40012E+20,5.56834E+21,1.09639E+16,5.02506E+16
184672,9.17102E+18,9,4,72,116,2017,10,19,2,3,9,7,0,0,0,1,0,2,0,6.909E+20,5.54674E+21,1.16662E+16,5.00423E+16
184673,9.17102E+18,9,3,74,139,2017,10,17,2,3,5,3,0,1,0,0,0,0,0,7.29105E+20,5.51401E+21,1.21796E+16,4.97349E+16
184674,9.17102E+18,9,3,75,211,2017,10,15,2,2,9,6,0,1,0,0,1,0,0,7.18944E+20,5.44258E+21,1.19994E+16,4.90971E+16
184675,9.17102E+18,9,3,73,147,2017,10,7,2,3,5,3,0,1,0,0,0,0,0,6.80021E+20,5.45978E+21,1.14745E+16,4.92642E+16
184676,9.17102E+18,9,2,63,0,2017,10,17,2,3,0,1,1,0,0,0,0,0,0,7.65183E+20,5.42173E+21,1.26181E+16,4.88917E+16
184677,9.17102E+18,9,2,63,0,2017,10,19,2,3,6,2,0,1,1,0,0,2,0,7.63466E+20,5.42061E+21,1.2594E+16,4.88824E+16
184678,9.17102E+18,9,2,78,143,2017,10,14,2,3,8,7,0,1,0,0,0,0,1,7.72429E+20,5.44159E+21,1.273E+16,4.90668E+16
184679,9.17102E+18,9,2,75,120,2017,10,16,2,3,2,6,0,1,0,0,1,0,1,8.14684E+20,5.40375E+21,1.32778E+16,4.87073E+16
184680,9.17102E+18,9,2,77,126,2017,10,19,2,3,9,6,0,1,0,0,1,2,0,7.91719E+20,5.38279E+21,1.29517E+16,4.85303E+16
184681,9.17102E+18,9,2,61,0,2017,10,10,2,3,1,1,0,1,0,0,0,0,0,7.32285E+20,5.37994E+21,1.21465E+16,4.85296E+16
184682,9.17102E+18,9,2,73,164,2017,10,16,2,3,0,7,1,0,0,0,0,0,0,6.96519E+20,5.42688E+21,1.1685E+16,4.89636E+16
184683,9.17102E+18,9,1,90,148,2017,10,7,2,3,5,3,0,0,0,1,1,0,1,6.40468E+20,5.29669E+21,1.08762E+16,4.78082E+16
184684,9.17102E+18,9,1,71,111,2017,10,7,2,3,6,2,0,1,1,0,0,0,1,7.73301E+20,5.34771E+21,1.268E+16,4.82237E+16
184685,9.17102E+18,9,1,71,117,2017,10,14,2,3,5,3,0,1,0,0,0,0,1,7.66004E+20,5.33636E+21,1.25748E+16,4.81249E+16
184686,9.17102E+18,9,1,63,0,2017,10,7,2,2,6,2,0,1,1,0,0,1,1,7.33551E+20,5.30521E+21,1.21225E+16,4.78577E+16
184687,9.17102E+18,9,1,87,162,2017,10,16,2,3,5,3,1,1,0,0,0,0,1,7.5076E+20,5.30602E+21,1.23526E+16,4.78585E+16
184688,9.17102E+18,9,1,61,0,2017,10,7,2,3,5,3,0,1,0,0,0,2,0,6.7998E+20,5.4018E+21,1.14482E+16,4.87432E+16
184689,9.17102E+18,9,1,79,121,2017,10,8,2,2,4,7,1,0,0,1,0,0,1,6.66434E+20,5.33887E+21,1.12391E+16,4.81813E+16
184690,9.17102E+18,9,1,81,139,2017,10,7,2,3,6,7,0,1,1,0,0,0,0,6.56197E+20,5.32422E+21,1.10961E+16,4.80522E+16
184691,9.17102E+18,9,1,75,111,2017,10,7,2,3,0,7,1,0,0,0,0,0,0,7.12385E+20,5.33646E+21,1.18553E+16,4.81459E+16
184692,9.17102E+18,9,1,78,124,2017,10,13,2,3,5,3,1,1,0,0,0,0,0,7.01079E+20,5.36411E+21,1.17167E+16,4.8398E+16
184693,9.17102E+18,9,1,84,131,2017,10,19,1,3,5,3,0,1,0,0,0,2,1,7.04608E+20,5.33805E+21,1.17517E+16,4.81627E+16
184694,9.17102E+18,9,1,62,0,2017,10,17,1,3,1,5,0,1,0,0,0,0,0,6.93611E+20,5.33107E+21,1.16008E+16,4.81034E+16
184695,9.17102E+18,9,1,62,0,2017,10,14,1,3,5,3,0,1,0,0,0,0,0,6.90874E+20,5.33427E+21,1.15655E+16,4.8133E+16
184696,9.17102E+18,9,1,62,0,2017,10,21,1,2,6,4,0,1,1,0,0,2,1,6.93266E+20,5.33363E+21,1.15973E+16,4.81265E+16
184697,9.17102E+18,9,1,62,0,2017,10,1,1,3,6,4,0,1,1,0,0,2,1,6.95709E+20,5.3309E+21,1.16289E+16,4.81012E+16
184698,9.17102E+18,9,1,62,0,2017,10,12,1,3,6,7,0,1,1,0,0,0,0,6.91948E+20,5.33304E+21,1.15793E+16,4.81217E+16
184699,9.17102E+18,9,1,84,120,2017,10,15,1,3,3,2,1,1,0,0,0,0,0,6.81353E+20,5.33206E+21,1.14367E+16,4.8116E+16
184700,9.17102E+18,9,1,62,0,2017,10,22,1,3,5,3,0,1,0,0,0,2,1,6.90452E+20,5.33818E+21,1.15616E+16,4.81683E+16
184701,9.17102E+18,9,1,62,0,2017,10,18,1,3,6,4,0,1,1,0,0,2,0,6.89178E+20,5.33259E+21,1.1542E+16,4.81184E+16
184702,9.17102E+18,9,1,62,0,2017,10,18,1,3,6,4,0,1,1,0,0,1,0,6.92005E+20,5.33633E+21,1.15816E+16,4.81512E+16
184703,9.17102E+18,9,7,75,135,2017,10,17,1,3,0,7,1,0,0,0,0,0,0,5.75293E+20,5.36078E+21,1.00172E+16,4.83957E+16
184704,9.17102E+18,9,7,63,0,2017,10,17,1,3,6,7,0,1,1,0,0,0,1,5.9756E+20,5.28741E+21,1.03012E+16,4.77327E+16
184705,9.17102E+18,9,7,77,129,2017,10,0,1,2,0,6,1,0,0,0,0,2,0,6.28041E+20,5.27056E+21,1.07026E+16,4.75758E+16
184706,9.17102E+18,9,7,72,184,2017,10,16,1,3,5,3,0,1,0,0,0,0,1,6.34988E+20,5.35975E+21,1.08229E+16,4.83765E+16
184707,9.17102E+18,9,7,61,0,2017,10,2,1,3,0,1,1,0,0,0,0,2,1,6.3971E+20,5.35732E+21,1.08859E+16,4.83536E+16
184708,9.17102E+18,9,7,61,0,2017,10,15,1,3,5,2,0,1,0,0,0,0,0,6.4095E+20,5.35118E+21,1.09005E+16,4.82981E+16
184709,9.17102E+18,9,5,74,141,2017,10,15,1,3,0,1,1,0,0,0,0,0,0,6.69445E+20,5.48886E+21,1.13416E+16,4.95286E+16
184710,9.17102E+18,9,5,64,0,2017,10,20,1,3,5,3,0,1,0,0,0,2,1,6.47896E+20,5.47804E+21,1.104E+16,4.9437E+16
184711,9.17102E+18,9,4,63,0,2017,10,10,1,3,5,2,1,1,0,0,0,0,0,6.39913E+20,5.56884E+21,1.09627E+16,5.02551E+16
184712,9.17102E+18,9,4,61,0,2017,10,21,1,3,6,4,0,0,1,0,1,2,1,6.36329E+20,5.52927E+21,1.08984E+16,4.99003E+16
184713,9.17102E+18,9,4,61,0,2017,10,17,1,3,0,1,1,0,0,0,0,0,1,6.36256E+20,5.52825E+21,1.0897E+16,4.98912E+16
184714,9.17102E+18,9,3,62,0,2017,10,20,1,3,0,1,1,0,0,0,0,1,0,7.25392E+20,5.43425E+21,1.2083E+16,4.90199E+16
184715,9.17102E+18,9,3,62,0,2017,10,17,1,3,0,1,0,0,0,1,0,0,1,7.29267E+20,5.43507E+21,1.21364E+16,4.90258E+16
184716,9.17102E+18,9,3,76,161,2017,10,20,1,3,5,3,0,1,0,0,1,2,0,7.26146E+20,5.46786E+21,1.21122E+16,4.93215E+16
184717,9.17102E+18,9,2,76,142,2017,10,14,1,3,6,1,0,1,1,0,0,0,0,7.91444E+20,5.43296E+21,1.29835E+16,4.89807E+16
184718,9.17102E+18,9,2,77,145,2017,10,15,1,2,0,7,0,0,0,1,0,0,1,8.00838E+20,5.35899E+21,1.30579E+16,4.83125E+16
184719,9.17102E+18,9,1,73,147,2017,10,13,1,3,6,4,0,1,1,0,0,0,1,6.81407E+20,5.30818E+21,1.14273E+16,4.79013E+16
184720,9.17102E+18,9,1,87,162,2017,10,19,1,3,8,7,1,0,0,0,0,2,0,7.50375E+20,5.30575E+21,1.23473E+16,4.78562E+16
184721,9.17102E+18,9,1,85,149,2017,10,3,1,2,9,1,0,1,0,0,0,2,1,6.60609E+20,5.4006E+21,1.11845E+16,4.87377E+16
184722,9.17102E+18,9,1,81,134,2017,10,16,1,3,9,1,0,1,0,0,0,0,1,6.43645E+20,5.33636E+21,1.09318E+16,4.81642E+16
184723,9.17102E+18,9,1,62,0,2017,10,14,7,3,1,5,1,1,0,0,0,0,0,6.91582E+20,5.33455E+21,1.15751E+16,4.81353E+16
184724,9.17102E+18,9,1,62,0,2017,10,18,7,3,2,6,0,1,0,0,0,2,0,6.95507E+20,5.33765E+21,1.16292E+16,4.8162E+16
184725,9.17102E+18,9,1,62,0,2017,10,18,7,3,6,4,0,1,1,0,0,1,0,6.86952E+20,5.33928E+21,1.1515E+16,4.81792E+16
184726,9.17102E+18,9,1,62,0,2017,10,9,7,3,4,3,0,1,0,0,0,0,1,6.90436E+20,5.34024E+21,1.15623E+16,4.81868E+16
184727,9.17102E+18,9,1,62,0,2017,10,11,7,3,6,4,0,1,1,0,0,0,0,6.90353E+20,5.33731E+21,1.15598E+16,4.81605E+16
184728,9.17102E+18,9,1,62,0,2017,10,15,7,3,4,6,1,1,0,0,0,0,0,6.86704E+20,5.33456E+21,1.15096E+16,4.81369E+16
184729,9.17102E+18,9,1,84,113,2017,10,14,7,3,5,1,1,1,0,0,0,0,0,6.8528E+20,5.32261E+21,1.14853E+16,4.80299E+16
184730,9.17102E+18,9,1,62,0,2017,10,15,7,3,1,6,1,1,0,0,0,0,0,6.93752E+20,5.33465E+21,1.16043E+16,4.81356E+16
184731,9.17102E+18,9,1,62,0,2017,10,18,7,3,0,1,1,1,0,0,0,1,0,6.92634E+20,5.33813E+21,1.15909E+16,4.81672E+16
184732,9.17102E+18,9,7,78,187,2017,10,19,7,3,4,6,0,1,0,0,0,2,0,6.08827E+20,5.33003E+21,1.04621E+16,4.81143E+16
184733,9.17102E+18,9,7,74,185,2017,10,20,7,3,4,3,0,1,0,0,0,2,0,6.09003E+20,5.34816E+21,1.04692E+16,4.82772E+16
184734,9.17102E+18,9,7,63,0,2017,10,23,7,2,6,4,0,1,1,0,0,2,1,5.98146E+20,5.28773E+21,1.0309E+16,4.77355E+16
184735,9.17102E+18,9,7,76,116,2017,10,12,7,3,0,6,1,0,0,0,0,0,0,5.52066E+20,5.26653E+21,9.69198E+15,4.75501E+16
184736,9.17102E+18,9,7,77,165,2017,10,4,7,2,9,1,0,1,0,0,0,2,1,6.06024E+20,5.30514E+21,1.04183E+16,4.78908E+16
184737,9.17102E+18,9,7,62,0,2017,10,12,7,3,0,1,1,0,0,0,0,0,0,6.21018E+20,5.30504E+21,1.06188E+16,4.78873E+16
184738,9.17102E+18,9,7,72,170,2017,10,21,7,2,8,1,0,1,0,0,0,2,0,6.32737E+20,5.33493E+21,1.07848E+16,4.81538E+16
184739,9.17102E+18,9,7,72,177,2017,10,18,7,2,4,2,0,1,0,1,0,0,0,6.36567E+20,5.37974E+21,1.08508E+16,4.85559E+16
184740,9.17102E+18,9,6,77,155,2017,10,21,7,3,5,3,0,1,0,0,0,2,1,5.40826E+20,5.53804E+21,9.56959E+15,4.99933E+16
184741,9.17102E+18,9,6,78,134,2017,10,9,7,3,6,7,0,1,1,0,0,0,0,5.97406E+20,5.52938E+21,1.03566E+16,4.99089E+16
184742,9.17102E+18,9,5,62,0,2017,10,19,7,3,4,2,0,1,0,0,0,2,0,6.42518E+20,5.4976E+21,1.09729E+16,4.96141E+16
184743,9.17102E+18,9,5,65,0,2017,10,12,7,3,5,3,1,1,0,0,0,0,0,6.47172E+20,5.46542E+21,1.10253E+16,4.93238E+16
184744,9.17102E+18,9,5,64,0,2017,10,0,7,3,5,2,1,1,0,0,0,2,0,6.50441E+20,5.48076E+21,1.10761E+16,4.94608E+16
184745,9.17102E+18,9,5,64,0,2017,10,17,7,3,2,6,0,1,0,0,0,1,1,6.5153E+20,5.47849E+21,1.10903E+16,4.94402E+16
184746,9.17102E+18,9,5,61,0,2017,10,13,7,3,6,4,0,1,1,0,0,0,0,6.14421E+20,5.46211E+21,1.05739E+16,4.9301E+16
184747,9.17102E+18,9,4,75,162,2017,10,14,7,3,1,7,0,1,0,1,0,0,0,7.1623E+20,5.57054E+21,1.2033E+16,5.02474E+16
184748,9.17102E+18,9,4,63,0,2017,10,15,7,3,1,6,0,1,0,0,0,0,0,6.41309E+20,5.57242E+21,1.09836E+16,5.0287E+16
184749,9.17102E+18,9,4,77,142,2017,10,4,7,3,9,1,0,1,0,0,0,2,1,6.77929E+20,5.54721E+21,1.14855E+16,5.00505E+16
184750,9.17102E+18,9,4,71,145,2017,10,2,7,2,0,1,1,0,0,0,0,2,0,6.40493E+20,5.51925E+21,1.09527E+16,4.98092E+16
184751,9.17102E+18,9,4,61,0,2017,10,23,7,3,0,7,1,0,0,0,0,2,1,6.36117E+20,5.52828E+21,1.08951E+16,4.98915E+16
184752,9.17102E+18,9,3,75,117,2017,10,22,7,3,0,4,0,1,1,0,0,2,1,7.36494E+20,5.43401E+21,1.22345E+16,4.90136E+16
184753,9.17102E+18,9,3,62,0,2017,10,10,7,3,5,3,1,1,0,0,0,0,0,7.30095E+20,5.43375E+21,1.21469E+16,4.90137E+16
184754,9.17102E+18,9,3,62,0,2017,10,14,7,3,5,2,1,1,0,0,0,0,0,7.25647E+20,5.43261E+21,1.20856E+16,4.90051E+16
184755,9.17102E+18,9,3,62,0,2017,10,2,7,3,0,1,1,0,0,0,0,2,1,7.2771E+20,5.43364E+21,1.21143E+16,4.90136E+16
184756,9.17102E+18,9,3,76,170,2017,10,15,7,3,2,7,0,1,0,0,0,0,0,7.24991E+20,5.45674E+21,1.209E+16,4.92221E+16
184757,9.17102E+18,9,2,71,146,2017,10,11,7,3,0,1,1,0,0,0,0,0,0,7.8525E+20,5.40888E+21,1.28823E+16,4.87675E+16
184758,9.17102E+18,9,2,71,141,2017,10,8,7,3,0,1,0,1,0,0,0,0,0,7.95789E+20,5.40213E+21,1.30205E+16,4.8702E+16
184759,9.17102E+18,9,2,75,154,2017,10,9,7,3,5,3,0,1,0,0,0,0,1,8.03437E+20,5.39781E+21,1.3121E+16,4.86595E+16
184760,9.17102E+18,9,2,75,114,2017,10,16,7,2,0,7,1,0,0,0,0,0,0,7.98165E+20,5.39185E+21,1.30453E+16,4.86086E+16
184761,9.17102E+18,9,2,77,138,2017,10,21,7,3,5,3,0,1,0,0,0,2,0,7.91586E+20,5.37069E+21,1.29415E+16,4.84218E+16
184762,9.17102E+18,9,2,62,0,2017,10,13,7,3,5,3,0,1,0,0,1,0,0,8.26989E+20,5.38919E+21,1.34331E+16,4.85704E+16
184763,9.17102E+18,9,2,73,141,2017,10,18,7,3,0,7,1,0,0,0,0,1,0,7.23896E+20,5.41237E+21,1.20505E+16,4.88239E+16
184764,9.17102E+18,9,1,90,159,2017,10,18,7,3,0,1,1,0,0,0,0,0,0,6.62548E+20,5.30395E+21,1.11736E+16,4.78683E+16