OBJECTID,UIDENTSTLA,ULAND,UREGBEZ,UKREIS,UGEMEINDE,UJAHR,UMONAT,USTUNDE,UWOCHENTAG,UKATEGORIE,UART,UTYP1,IstRad,IstPKW,IstFuss,IstKrad,IstSonstig,LICHT,STRZUSTAND,LINREFX,LINREFY,XGCSWGS84,YGCSWGS84
184935,9.17103E+18,9,3,62,0,2017,10,12,6,3,4,2,0,1,0,0,0,0,0,7.25946E+20,5.43095E+21,1.20887E+16,4.89901E+16
184936,9.17103E+18,9,3,76,175,2017,10,14,6,3,2,6,0,1,0,0,0,0,0,7.33276E+20,5.46978E+21,1.22112E+16,4.93361E+16
184937,9.17103E+18,9,2,77,128,2017,10,6,6,3,6,4,1,0,1,0,0,2,1,7.95909E+20,5.35137E+21,1.29862E+16,4.82464E+16
184938,9.17103E+18,9,2,75,116,2017,10,8,6,3,0,1,0,0,0,1,0,0,1,8.20996E+20,5.364E+21,1.33328E+16,4.83475E+16
184939,9.17103E+18,9,2,61,0,2017,10,17,6,3,2,6,1,1,0,0,0,0,0,7.32515E+20,5.38032E+21,1.21498E+16,4.85328E+16
184940,9.17103E+18,9,2,61,0,2017,10,16,6,3,1,3,1,1,0,0,0,0,0,7.32676E+20,5.3818E+21,1.21528E+16,4.85461E+16
184941,9.17103E+18,9,2,61,0,2017,10,15,6,3,5,3,1,1,0,0,0,0,0,7.31659E+20,5.38045E+21,1.21383E+16,4.85343E+16
184942,9.17103E+18,9,2,79,113,2017,10,17,6,2,4,1,0,1,0,0,1,2,1,7.81641E+20,5.39359E+21,1.28228E+16,4.86318E+16
184943,9.17103E+18,9,1,90,157,2017,10,19,6,3,0,7,1,0,0,0,0,2,0,6.60189E+20,5.29988E+21,1.11406E+16,4.78323E+16
184944,9.17103E+18,9,1,90,157,2017,10,10,6,3,6,4,0,0,1,0,1,0,1,6.59979E+20,5.30024E+21,1.11379E+16,4.78356E+16
184945,9.17103E+18,9,1,73,126,2017,10,14,6,3,5,3,0,1,0,0,0,0,1,6.83854E+20,5.30625E+21,1.14592E+16,4.78832E+16
184946,9.17103E+18,9,1,72,118,2017,10,14,6,3,0,1,1,0,0,0,0,0,1,7.9792E+20,5.30669E+21,1.29822E+16,4.78444E+16
184947,9.17103E+18,9,1,82,120,2017,10,12,6,3,5,3,1,1,0,0,0,0,1,7.03106E+20,5.30635E+21,1.17165E+16,4.78783E+16
184948,9.17103E+18,9,1,63,0,2017,10,9,6,3,5,3,1,1,0,0,0,0,0,7.33864E+20,5.30475E+21,1.21264E+16,4.78535E+16
184949,9.17103E+18,9,1,61,0,2017,10,15,6,3,2,6,0,1,0,0,0,0,1,6.77448E+20,5.40526E+21,1.14153E+16,4.8775E+16
184950,9.17103E+18,9,1,88,121,2017,10,9,6,3,5,3,0,1,0,0,0,0,0,6.70619E+20,5.33025E+21,1.12919E+16,4.81027E+16
184951,9.17103E+18,9,1,75,127,2017,10,7,6,2,5,3,0,1,0,1,0,1,0,7.1166E+20,5.3413E+21,1.1848E+16,4.81896E+16
184952,9.17103E+18,9,1,62,0,2017,10,12,5,3,1,5,0,1,0,0,0,0,0,6.93743E+20,5.336E+21,1.16048E+16,4.81477E+16
184953,9.17103E+18,9,1,62,0,2017,10,12,5,3,5,3,0,1,0,0,0,0,0,6.87559E+20,5.32742E+21,1.1518E+16,4.80724E+16
184954,9.17103E+18,9,1,62,0,2017,10,17,5,3,2,6,0,1,1,1,0,0,0,6.95423E+20,5.33895E+21,1.16287E+16,4.81737E+16
184955,9.17103E+18,9,1,62,0,2017,10,18,5,2,5,2,1,1,0,0,0,2,0,6.88498E+20,5.33051E+21,1.15319E+16,4.80999E+16
184956,9.17103E+18,9,1,62,0,2017,10,11,5,3,5,3,0,1,0,0,0,0,0,7.00886E+20,5.33445E+21,1.17E+16,4.81315E+16
184957,9.17103E+18,9,1,62,0,2017,10,14,5,3,4,2,0,0,0,1,1,0,0,6.92303E+20,5.3379E+21,1.15863E+16,4.81652E+16
184958,9.17103E+18,9,1,62,0,2017,10,11,5,3,6,6,0,1,1,0,0,0,0,6.92307E+20,5.33739E+21,1.15861E+16,4.81606E+16
184959,9.17103E+18,9,1,62,0,2017,10,15,5,2,3,6,1,1,0,0,0,0,0,6.8965E+20,5.33091E+21,1.15476E+16,4.81032E+16
184960,9.17103E+18,9,1,62,0,2017,10,14,5,3,5,3,1,1,0,0,0,0,0,6.84312E+20,5.33661E+21,1.14784E+16,4.8156E+16
184961,9.17103E+18,9,1,62,0,2017,10,19,5,3,5,3,0,1,0,1,0,2,0,6.97222E+20,5.33221E+21,1.16498E+16,4.81126E+16
184962,9.17103E+18,9,1,62,0,2017,10,7,5,3,5,7,1,1,0,0,0,0,0,6.82719E+20,5.34039E+21,1.14586E+16,4.81905E+16
184963,9.17103E+18,9,1,62,0,2017,10,16,5,3,6,4,0,1,1,0,0,0,0,6.87457E+20,5.3389E+21,1.15216E+16,4.81757E+16
184964,9.17103E+18,9,1,62,0,2017,10,16,5,3,5,2,1,1,0,0,0,0,0,6.91205E+20,5.34035E+21,1.15727E+16,4.81876E+16
184965,9.17103E+18,9,1,62,0,2017,10,11,5,3,6,7,0,0,1,0,1,0,0,6.91723E+20,5.33167E+21,1.15757E+16,4.81094E+16
184966,9.17103E+18,9,1,62,0,2017,10,12,5,3,0,1,0,0,0,1,0,0,0,6.91418E+20,5.33292E+21,1.15722E+16,4.81208E+16
184967,9.17103E+18,9,1,62,0,2017,10,10,5,3,3,6,0,1,0,1,0,0,0,6.89686E+20,5.33484E+21,1.15498E+16,4.81386E+16
184968,9.17103E+18,9,1,62,0,2017,10,17,5,3,0,7,1,0,0,0,0,1,0,6.91581E+20,5.3362E+21,1.15758E+16,4.81501E+16
184969,9.17103E+18,9,1,62,0,2017,10,15,5,3,0,6,0,0,0,1,0,0,0,6.91408E+20,5.33575E+21,1.15733E+16,4.81462E+16
184970,9.17103E+18,9,1,62,0,2017,10,18,5,3,2,6,1,0,0,0,0,2,0,6.91861E+20,5.33584E+21,1.15794E+16,4.81468E+16
184971,9.17103E+18,9,1,62,0,2017,10,18,5,3,0,2,1,0,0,0,0,2,0,6.91909E+20,5.33389E+21,1.15792E+16,4.81294E+16
184972,9.17103E+18,9,1,62,0,2017,10,13,5,3,6,4,0,1,1,0,0,0,0,6.92017E+20,5.33458E+21,1.1581E+16,4.81355E+16
184973,9.17103E+18,9,7,64,0,2017,10,18,5,3,2,6,0,1,0,0,0,2,0,5.86929E+20,5.31592E+21,1.01651E+16,4.79906E+16
184974,9.17103E+18,9,7,64,0,2017,10,13,5,2,6,4,0,1,1,0,0,0,0,5.88052E+20,5.31583E+21,1.01802E+16,4.79897E+16
184975,9.17103E+18,9,7,80,123,2017,10,10,5,3,7,6,0,1,0,0,1,0,0,6.04265E+20,5.26186E+21,1.03845E+16,4.75018E+16
184976,9.17103E+18,9,7,62,0,2017,10,19,5,3,4,6,0,1,0,0,0,2,0,6.19302E+20,5.30519E+21,1.05959E+16,4.78889E+16
184977,9.17103E+18,9,7,62,0,2017,10,16,5,3,5,3,0,1,0,0,0,0,0,6.21889E+20,5.30777E+21,1.06312E+16,4.79116E+16
184978,9.17103E+18,9,7,80,132,2017,10,7,5,3,6,4,0,1,1,0,0,1,0,5.76957E+20,5.2674E+21,1.00229E+16,4.75555E+16
184979,9.17103E+18,9,7,73,125,2017,10,15,5,3,5,3,0,1,0,0,0,0,0,6.10793E+20,5.38074E+21,1.05019E+16,4.85699E+16
184980,9.17103E+18,9,7,72,163,2017,10,17,5,2,2,6,1,0,0,0,0,0,0,6.40204E+20,5.34835E+21,1.08895E+16,4.82728E+16
184981,9.17103E+18,9,7,61,0,2017,10,10,5,3,0,1,1,0,0,0,0,0,0,6.41403E+20,5.35332E+21,1.09074E+16,4.83173E+16
184982,9.17103E+18,9,7,61,0,2017,10,16,5,3,5,1,1,0,0,0,1,0,0,6.36611E+20,5.35293E+21,1.08426E+16,4.83148E+16
184983,9.17103E+18,9,7,61,0,2017,10,15,5,3,0,1,1,0,1,0,0,0,0,6.40585E+20,5.35904E+21,1.08982E+16,4.83689E+16
184984,9.17103E+18,9,6,79,175,2017,10,17,5,3,5,3,1,1,0,0,0,0,0,5.71232E+20,5.51259E+21,9.98905E+15,4.97615E+16
184985,9.17103E+18,9,6,63,0,2017,10,7,5,3,5,2,1,1,0,0,0,0,0,5.66288E+20,5.51659E+21,9.9211E+15,4.97981E+16
184986,9.17103E+18,9,6,63,0,2017,10,17,5,2,6,4,0,1,1,0,0,2,0,5.68601E+20,5.5157E+21,9.95308E+15,4.97899E+16
184987,9.17103E+18,9,5,62,0,2017,10,17,5,3,3,6,1,1,0,0,0,0,0,6.44994E+20,5.49575E+21,1.10065E+16,4.95969E+16
184988,9.17103E+18,9,5,74,112,2017,10,9,5,3,5,3,1,1,0,0,0,0,0,6.71041E+20,5.47313E+21,1.13569E+16,4.93868E+16
184989,9.17103E+18,9,5,63,0,2017,10,14,5,3,3,6,0,1,0,0,1,0,0,6.42977E+20,5.48018E+21,1.0973E+16,4.94575E+16
184990,9.17103E+18,9,5,63,0,2017,10,14,5,3,0,7,1,0,0,0,0,0,0,6.43435E+20,5.48586E+21,1.09813E+16,4.95084E+16
184991,9.17103E+18,9,5,64,0,2017,10,17,5,3,2,6,0,1,0,0,1,0,0,6.56414E+20,5.4745E+21,1.1156E+16,4.94031E+16
184992,9.17103E+18,9,5,64,0,2017,10,14,5,2,0,7,0,0,0,0,1,0,0,6.46676E+20,5.47771E+21,1.10231E+16,4.94343E+16
184993,9.17103E+18,9,5,64,0,2017,10,16,5,2,6,4,0,1,1,0,0,0,0,6.53045E+20,5.47857E+21,1.11112E+16,4.94405E+16
184994,9.17103E+18,9,5,64,0,2017,10,18,5,2,5,2,0,1,0,1,0,2,0,6.52465E+20,5.48353E+21,1.11051E+16,4.94852E+16
184995,9.17103E+18,9,5,64,0,2017,10,16,5,3,0,1,1,0,0,0,0,0,0,6.49078E+20,5.4791E+21,1.10567E+16,4.94463E+16
184996,9.17103E+18,9,5,64,0,2017,10,23,5,3,5,3,0,1,0,0,0,2,0,6.49949E+20,5.47797E+21,1.10683E+16,4.94359E+16
184997,9.17103E+18,9,5,64,0,2017,10,13,5,3,1,7,0,1,0,0,0,0,0,6.49619E+20,5.4789E+21,1.10641E+16,4.94444E+16
184998,9.17103E+18,9,5,64,0,2017,10,15,5,2,4,7,0,1,0,1,0,0,0,6.52809E+20,5.47592E+21,1.11069E+16,4.94168E+16
184999,9.17103E+18,9,5,77,177,2017,10,11,5,3,5,3,1,1,0,0,0,0,0,6.44944E+20,5.43304E+21,1.0983E+16,4.90332E+16
185000,9.17103E+18,9,5,61,0,2017,10,16,5,2,5,3,1,1,0,0,0,0,0,6.1652E+20,5.4577E+21,1.06015E+16,4.9261E+16
185001,9.17103E+18,9,4,62,0,2017,10,5,5,3,6,4,1,0,1,0,0,2,0,6.85343E+20,5.53554E+21,1.15833E+16,4.99434E+16
185002,9.17103E+18,9,4,62,0,2017,10,22,5,3,6,7,1,0,1,0,0,2,0,6.8465E+20,5.53581E+21,1.15738E+16,4.9946E+16
185003,9.17103E+18,9,4,61,0,2017,10,10,5,2,0,7,1,0,0,0,0,0,0,6.3623E+20,5.53089E+21,1.08976E+16,4.99148E+16
185004,9.17103E+18,9,4,61,0,2017,10,15,5,3,1,2,1,1,0,0,0,0,0,6.37227E+20,5.52933E+21,1.09109E+16,4.99006E+16
185005,9.17103E+18,9,4,61,0,2017,10,7,5,3,0,7,0,0,0,1,1,1,1,6.36313E+20,5.52855E+21,1.08979E+16,4.98938E+16
185006,9.17103E+18,9,3,74,158,2017,10,11,5,3,6,6,0,1,1,0,0,0,0,7.29332E+20,5.51543E+21,1.21836E+16,4.97475E+16
185007,9.17103E+18,9,3,62,0,2017,10,18,5,3,6,4,0,0,1,1,0,2,0,7.28383E+20,5.43591E+21,1.21248E+16,4.90337E+16
185008,9.17103E+18,9,3,75,174,2017,10,17,5,3,0,6,1,1,0,0,0,1,0,7.34766E+20,5.4311E+21,1.22092E+16,4.89881E+16
185009,9.17103E+18,9,3,72,116,2017,10,13,5,3,6,7,0,0,1,0,1,0,0,7.67103E+20,5.45878E+21,1.26686E+16,4.92235E+16
185010,9.17103E+18,9,3,61,0,2017,10,15,5,3,5,3,0,1,0,0,0,0,0,7.09224E+20,5.47966E+21,1.18858E+16,4.94336E+16
185011,9.17103E+18,9,2,76,138,2017,10,13,5,3,2,6,0,1,0,1,1,0,0,8.0052E+20,5.43254E+21,1.31069E+16,4.89726E+16
185012,9.17103E+18,9,2,71,113,2017,10,9,5,3,8,1,1,0,0,0,0,0,1,8.00586E+20,5.41633E+21,1.30959E+16,4.88271E+16
185013,9.17103E+18,9,2,73,147,2017,10,17,5,3,0,1,1,0,0,0,0,0,0,7.04216E+20,5.39231E+21,1.17728E+16,4.86505E+16
185014,9.17103E+18,9,1,89,155,2017,10,14,5,3,4,1,0,1,0,0,0,0,0,7.74405E+20,5.30621E+21,1.26682E+16,4.78505E+16
185015,9.17103E+18,9,1,89,154,2017,10,9,5,3,6,4,0,0,1,0,1,0,1,7.68088E+20,5.31899E+21,1.25919E+16,4.7968E+16
185016,9.17103E+18,9,1,89,159,2017,10,17,5,3,5,3,1,0,0,0,1,0,0,7.60716E+20,5.30349E+21,1.2484E+16,4.78318E+16
185017,9.17103E+18,9,1,87,162,2017,10,12,5,3,3,6,1,0,0,0,1,0,0,7.50425E+20,5.30577E+21,1.2348E+16,4.78564E+16
185018,9.17103E+18,9,1,61,0,2017,10,19,5,3,0,1,1,0,0,0,0,2,0,6.78383E+20,5.40393E+21,1.14274E+16,4.87628E+16
185019,9.17103E+18,9,1,61,0,2017,10,10,5,3,6,7,1,1,1,0,0,0,0,6.79196E+20,5.40583E+21,1.14393E+16,4.87797E+16
185020,9.17103E+18,9,1,85,149,2017,10,13,5,3,6,7,0,1,1,0,0,0,0,6.60496E+20,5.39898E+21,1.11823E+16,4.87231E+16
185021,9.17103E+18,9,1,88,141,2017,10,7,5,2,0,1,1,0,0,0,0,0,0,6.69386E+20,5.30778E+21,1.12665E+16,4.7901E+16
185022,9.17103E+18,9,1,88,126,2017,10,16,5,3,0,5,1,0,0,0,0,0,0,6.61087E+20,5.32509E+21,1.1162E+16,4.80587E+16
185023,9.17103E+18,9,1,88,120,2017,10,19,5,3,3,3,0,1,0,1,0,2,0,6.76999E+20,5.32752E+21,1.13764E+16,4.80764E+16
185024,9.17103E+18,9,1,74,131,2017,10,16,5,2,9,6,0,0,0,1,1,0,0,6.70254E+20,5.36104E+21,1.12994E+16,4.83795E+16
185025,9.17103E+18,9,1,78,124,2017,10,16,5,3,5,1,1,1,0,0,0,0,0,7.0501E+20,5.36395E+21,1.17696E+16,4.83953E+16
185026,9.17103E+18,9,1,77,134,2017,10,16,5,2,4,6,0,1,0,0,1,0,0,7.14155E+20,5.34442E+21,1.18831E+16,4.82168E+16
185027,9.17103E+18,9,1,77,117,2017,10,18,5,3,2,6,0,1,0,0,0,1,0,7.1563E+20,5.35399E+21,1.19078E+16,4.83023E+16
185028,9.17103E+18,9,6,77,114,2017,10,0,4,3,1,7,0,1,0,1,0,1,0,5.69426E+20,5.53698E+21,9.96836E+15,4.99811E+16
185029,9.17103E+18,9,1,62,0,2017,10,7,4,3,5,3,1,1,0,0,0,0,0,6.78963E+20,5.33884E+21,1.14075E+16,4.81775E+16
185030,9.17103E+18,9,1,62,0,2017,10,7,4,3,5,3,1,1,0,0,0,0,0,6.95649E+20,5.33891E+21,1.16317E+16,4.81732E+16
185031,9.17103E+18,9,1,84,146,2017,10,19,4,3,0,7,0,0,0,0,1,2,0,6.94498E+20,5.32847E+21,1.16115E+16,4.80798E+16
185032,9.17103E+18,9,1,62,0,2017,10,7,4,3,5,3,1,1,0,0,0,0,0,6.89377E+20,5.33094E+21,1.15439E+16,4.81036E+16
185033,9.17103E+18,9,1,62,0,2017,10,17,4,3,4,7,1,1,0,0,0,0,0,6.91714E+20,5.33844E+21,1.15786E+16,4.81702E+16
185034,9.17103E+18,9,1,62,0,2017,10,16,4,3,1,2,0,1,0,0,0,0,0,6.88564E+20,5.33942E+21,1.15368E+16,4.818E+16
185035,9.17103E+18,9,1,62,0,2017,10,9,4,3,3,5,1,1,0,0,0,0,0,6.91965E+20,5.33498E+21,1.15804E+16,4.8139E+16
185036,9.17103E+18,9,1,62,0,2017,10,18,4,2,1,5,1,1,0,0,0,2,0,6.87995E+20,5.33683E+21,1.1528E+16,4.81569E+16
185037,9.17103E+18,9,1,62,0,2017,10,7,4,3,2,2,1,0,0,1,0,0,0,6.83477E+20,5.34072E+21,1.14689E+16,4.81932E+16
185038,9.17103E+18,9,1,62,0,2017,10,17,4,3,0,4,0,1,1,0,0,0,0,6.95725E+20,5.3325E+21,1.16298E+16,4.81157E+16
185039,9.17103E+18,9,1,62,0,2017,10,7,4,3,4,2,1,1,0,0,0,0,0,6.97739E+20,5.33606E+21,1.16585E+16,4.8147E+16
185040,9.17103E+18,9,1,62,0,2017,10,11,4,3,8,1,1,0,0,0,0,0,0,6.92666E+20,5.33257E+21,1.15888E+16,4.81172E+16
185041,9.17103E+18,9,1,62,0,2017,10,9,4,3,6,4,1,0,1,0,0,0,0,6.92349E+20,5.33814E+21,1.1587E+16,4.81674E+16
185042,9.17103E+18,9,1,62,0,2017,10,18,4,3,3,2,1,1,0,0,0,2,0,6.90529E+20,5.33581E+21,1.15615E+16,4.8147E+16
185043,9.17103E+18,9,7,75,135,2017,10,16,4,3,0,3,1,1,0,0,0,0,0,5.74357E+20,5.36041E+21,1.00044E+16,4.83924E+16
185044,9.17103E+18,9,7,75,135,2017,10,6,4,3,4,2,0,1,0,1,0,1,1,5.76717E+20,5.36001E+21,1.00363E+16,4.83886E+16
185045,9.17103E+18,9,7,75,162,2017,10,17,4,3,1,1,1,1,0,0,0,0,0,5.81533E+20,5.3492E+21,1.00992E+16,4.82907E+16
185046,9.17103E+18,9,7,77,151,2017,10,14,4,3,5,3,0,1,0,0,0,0,0,6.20975E+20,5.29328E+21,1.0615E+16,4.77815E+16
185047,9.17103E+18,9,7,76,128,2017,10,7,4,2,5,2,1,1,0,0,0,1,0,5.4906E+20,5.26774E+21,9.65217E+15,4.75612E+16
185048,9.17103E+18,9,7,62,0,2017,10,10,4,3,5,3,0,1,0,0,0,0,0,6.22183E+20,5.30678E+21,1.06349E+16,4.79027E+16
185049,9.17103E+18,9,7,80,124,2017,10,13,4,3,4,2,0,1,0,1,0,0,0,5.91092E+20,5.26815E+21,1.02109E+16,4.75604E+16
185050,9.17103E+18,9,7,73,125,2017,10,21,4,2,4,6,0,1,0,0,0,2,0,6.10757E+20,5.38176E+21,1.05017E+16,4.85791E+16
185051,9.17103E+18,9,7,73,125,2017,10,12,4,3,1,5,0,1,0,0,0,0,0,6.10292E+20,5.38192E+21,1.04954E+16,4.85806E+16
185052,9.17103E+18,9,7,61,0,2017,10,16,4,2,5,7,1,0,0,0,1,0,0,6.42416E+20,5.35784E+21,1.09225E+16,4.83577E+16
185053,9.17103E+18,9,7,72,147,2017,10,17,4,2,0,7,0,0,0,0,1,0,0,6.38772E+20,5.36747E+21,1.08766E+16,4.8445E+16
185054,9.17103E+18,9,7,72,177,2017,10,15,4,3,0,7,1,0,0,0,0,0,0,6.36737E+20,5.37841E+21,1.08526E+16,4.85439E+16
185055,9.17103E+18,9,7,61,0,2017,10,6,4,3,5,3,0,1,0,1,0,1,0,6.37889E+20,5.35858E+21,1.08617E+16,4.83653E+16
185056,9.17103E+18,9,7,61,0,2017,10,19,4,3,6,7,1,0,1,0,0,0,0,6.38788E+20,5.36041E+21,1.08744E+16,4.83816E+16
185057,9.17103E+18,9,7,61,0,2017,10,10,4,3,0,1,0,0,0,1,0,0,0,6.39539E+20,5.35814E+21,1.08838E+16,4.8361E+16
185058,9.17103E+18,9,6,63,0,2017,10,14,4,3,4,2,0,1,0,0,0,0,0,5.67817E+20,5.51377E+21,9.94185E+15,4.97725E+16
185059,9.17103E+18,9,6,63,0,2017,10,16,4,3,0,1,1,0,0,0,0,0,0,5.6873E+20,5.51502E+21,9.95475E+15,4.97837E+16
185060,9.17103E+18,9,6,63,0,2017,10,13,4,3,4,7,0,1,0,0,0,0,0,5.67929E+20,5.51694E+21,9.94396E+15,4.9801E+16
185061,9.17103E+18,9,6,62,0,2017,10,8,4,3,2,6,0,1,0,0,0,0,1,5.87975E+20,5.54391E+21,1.02286E+16,5.0041E+16
185062,9.17103E+18,9,6,62,0,2017,10,11,4,3,7,1,0,1,0,0,0,0,1,5.86652E+20,5.54441E+21,1.02103E+16,5.00457E+16
185063,9.17103E+18,9,5,62,0,2017,10,7,4,3,3,2,1,1,0,0,0,1,1,6.45522E+20,5.49518E+21,1.10136E+16,4.95916E+16
185064,9.17103E+18,9,5,76,128,2017,10,15,4,3,0,7,1,0,0,0,0,0,0,6.43631E+20,5.46274E+21,1.09757E+16,4.93005E+16
185065,9.17103E+18,9,5,64,0,2017,10,15,4,3,2,6,0,1,0,0,0,0,0,6.49086E+20,5.47911E+21,1.10568E+16,4.94464E+16
185066,9.17103E+18,9,5,64,0,2017,10,18,4,3,9,1,1,0,0,0,0,2,0,6.49674E+20,5.47909E+21,1.10649E+16,4.9446E+16
185067,9.17103E+18,9,5,64,0,2017,10,8,4,3,5,7,1,1,0,0,0,0,0,6.54168E+20,5.48127E+21,1.11277E+16,4.94645E+16
185068,9.17103E+18,9,5,64,0,2017,10,18,4,3,5,3,1,1,0,0,0,1,0,6.44989E+20,5.47764E+21,1.09998E+16,4.94341E+16
185069,9.17103E+18,9,5,64,0,2017,10,12,4,3,2,6,0,1,0,0,1,0,0,6.53003E+20,5.47484E+21,1.11092E+16,4.9407E+16
185070,9.17103E+18,9,4,79,136,2017,10,7,4,3,0,2,1,1,0,0,0,0,1,7.22343E+20,5.54378E+21,1.2103E+16,5.00048E+16
185071,9.17103E+18,9,4,79,136,2017,10,15,4,3,0,7,0,1,0,1,0,0,1,7.21518E+20,5.54334E+21,1.20913E+16,5.00012E+16
185072,9.17103E+18,9,4,75,168,2017,10,18,4,3,0,1,0,0,0,1,0,2,1,7.09503E+20,5.56774E+21,1.19372E+16,5.02246E+16
185073,9.17103E+18,9,4,64,0,2017,10,18,4,3,8,1,1,0,0,0,0,2,0,7.08806E+20,5.57659E+21,1.19323E+16,5.03044E+16
185074,9.17103E+18,9,4,76,152,2017,10,15,4,3,3,3,0,1,0,0,1,0,0,6.69254E+20,5.59517E+21,1.13858E+16,5.04841E+16
185075,9.17103E+18,9,4,73,112,2017,10,17,4,3,8,1,0,1,0,0,0,0,1,6.38724E+20,5.56483E+21,1.09446E+16,5.02193E+16
185076,9.17103E+18,9,4,72,116,2017,10,5,4,3,8,7,0,1,0,0,0,2,1,6.86431E+20,5.54453E+21,1.16028E+16,5.00239E+16
185077,9.17103E+18,9,4,77,128,2017,10,13,4,3,2,6,0,1,0,0,0,0,0,6.74963E+20,5.55332E+21,1.14469E+16,5.01063E+16
185078,9.17103E+18,9,4,71,117,2017,10,15,4,3,0,1,1,0,0,0,0,0,0,6.3149E+20,5.53035E+21,1.08314E+16,4.99111E+16
185079,9.17103E+18,9,3,75,114,2017,10,15,4,3,8,1,0,0,0,0,1,0,0,7.40051E+20,5.44305E+21,1.22884E+16,4.90934E+16
185080,9.17103E+18,9,3,71,151,2017,10,7,4,2,0,7,0,1,0,0,0,0,1,7.00332E+20,5.48603E+21,1.17665E+16,4.94938E+16
185081,9.17103E+18,9,3,76,141,2017,10,7,4,2,0,6,1,1,0,0,0,0,0,7.25535E+20,5.45446E+21,1.20962E+16,4.92014E+16
185082,9.17103E+18,9,1,62,0,2017,10,12,1,3,5,6,1,1,0,0,0,0,1,6.91131E+20,5.33561E+21,1.15695E+16,4.8145E+16
185083,9.17111E+18,9,4,61,0,2017,11,9,2,3,5,3,1,1,0,0,0,0,0,6.36886E+20,5.52905E+21,1.09061E+16,4.98981E+16
185084,9.17111E+18,9,3,73,147,2017,11,11,2,2,5,3,1,0,0,0,1,0,0,6.80021E+20,5.45978E+21,1.14745E+16,4.92642E+16
185085,9.17111E+18,9,3,61,0,2017,11,15,2,3,5,3,0,1,0,0,0,0,0,7.06588E+20,5.48006E+21,1.18497E+16,4.94381E+16
185086,9.17111E+18,9,2,62,0,2017,11,14,2,3,6,7,1,0,1,0,0,0,1,8.29035E+20,5.38968E+21,1.34612E+16,4.85737E+16
185087,9.17111E+18,9,2,61,0,2017,11,11,2,3,5,3,1,1,0,0,0,0,0,7.31326E+20,5.38258E+21,1.2135E+16,4.85536E+16
185088,9.17111E+18,9,1,80,117,2017,11,16,2,2,1,5,1,1,0,0,0,1,1,6.57927E+20,5.26212E+21,1.10967E+16,4.74933E+16
185089,9.17111E+18,9,1,72,118,2017,11,10,2,2,0,1,1,0,0,0,0,0,1,7.97794E+20,5.30688E+21,1.29806E+16,4.78462E+16
185090,9.17111E+18,9,1,87,117,2017,11,6,2,3,5,3,1,1,0,0,0,2,1,7.24627E+20,5.30579E+21,1.20036E+16,4.78661E+16
185091,9.17111E+18,9,1,74,115,2017,11,7,2,3,5,3,0,1,0,1,0,1,1,6.82281E+20,5.34767E+21,1.14558E+16,4.8256E+16
185092,9.17111E+18,9,1,74,115,2017,11,20,2,3,2,6,1,1,0,0,0,2,1,6.81389E+20,5.34783E+21,1.14439E+16,4.82577E+16
185093,9.17111E+18,9,5,64,0,2017,11,18,2,3,5,2,1,1,0,0,0,1,0,6.48242E+20,5.48012E+21,1.10455E+16,4.94556E+16
185094,9.17111E+18,9,5,64,0,2017,11,14,2,3,6,7,1,0,1,0,0,0,0,6.49263E+20,5.48002E+21,1.10596E+16,4.94545E+16
185095,9.17111E+18,9,5,64,0,2017,11,16,2,3,0,7,0,1,0,0,0,2,0,6.50245E+20,5.47972E+21,1.1073E+16,4.94515E+16
185096,9.17111E+18,9,1,74,126,2017,11,15,2,3,5,2,1,1,0,0,0,0,0,6.83905E+20,5.34376E+21,1.1476E+16,4.82204E+16
185097,9.17111E+18,9,1,75,111,2017,11,18,2,3,5,2,0,1,0,0,1,2,1,7.12153E+20,5.33789E+21,1.18529E+16,4.81589E+16
185098,9.17111E+18,9,1,77,117,2017,11,5,2,3,5,3,0,1,0,0,0,2,1,7.15081E+20,5.35293E+21,1.18999E+16,4.8293E+16
185099,9.17111E+18,9,1,75,121,2017,11,7,2,3,5,3,0,1,0,0,0,0,1,7.1399E+20,5.31824E+21,1.18678E+16,4.79816E+16
185100,9.17111E+18,9,1,62,0,2017,11,22,1,3,4,2,0,1,0,0,0,2,1,6.87439E+20,5.33606E+21,1.15202E+16,4.81502E+16
185101,9.17111E+18,9,5,64,0,2017,11,7,2,3,2,6,0,1,0,1,0,0,0,6.497E+20,5.47937E+21,1.10654E+16,4.94486E+16
185102,9.17111E+18,9,5,77,136,2017,11,21,2,3,1,7,0,1,0,0,0,2,0,6.28467E+20,5.44134E+21,1.07604E+16,4.91114E+16
185103,9.17111E+18,9,4,79,150,2017,11,18,2,3,5,3,0,1,0,0,0,1,0,7.20259E+20,5.56509E+21,1.20863E+16,5.0197E+16
185104,9.17111E+18,9,4,62,0,2017,11,16,2,3,0,1,1,0,0,0,0,1,0,6.85156E+20,5.53543E+21,1.15806E+16,4.99425E+16
185105,9.17111E+18,9,1,62,0,2017,11,18,1,3,6,4,0,1,1,0,0,2,1,6.86404E+20,5.3397E+21,1.15078E+16,4.81832E+16