OBJECTID,UIDENTSTLA,ULAND,UREGBEZ,UKREIS,UGEMEINDE,UJAHR,UMONAT,USTUNDE,UWOCHENTAG,UKATEGORIE,UART,UTYP1,IstRad,IstPKW,IstFuss,IstKrad,IstSonstig,LICHT,STRZUSTAND,LINREFX,LINREFY,XGCSWGS84,YGCSWGS84
185278,9.1711E+18,9,1,85,131,2017,11,7,4,2,8,1,0,0,0,1,0,2,0,6.69814E+20,5.37272E+21,1.12982E+16,4.84846E+16
185279,9.17103E+18,9,1,62,0,2017,10,22,3,3,2,6,0,1,0,0,0,2,0,6.90482E+20,5.34269E+21,1.1564E+16,4.82088E+16
185280,9.17103E+18,9,1,62,0,2017,10,17,3,3,5,2,1,1,0,0,0,2,0,6.83458E+20,5.33755E+21,1.14673E+16,4.81647E+16
185281,9.17103E+18,9,1,62,0,2017,10,18,3,3,3,7,0,1,0,0,0,2,0,6.93954E+20,5.33302E+21,1.16063E+16,4.81208E+16
185282,9.17103E+18,9,1,62,0,2017,10,14,3,3,5,6,0,1,0,1,0,0,0,6.93152E+20,5.33272E+21,1.15954E+16,4.81184E+16
185283,9.17103E+18,9,7,75,135,2017,10,14,3,3,6,2,0,1,1,0,0,0,0,5.73853E+20,5.36065E+21,9.99768E+15,4.83947E+16
185284,9.17103E+18,9,7,80,120,2017,10,23,3,2,0,7,0,1,1,0,0,2,0,6.0103E+20,5.28357E+21,1.03465E+16,4.76976E+16
185285,9.17103E+18,9,7,62,0,2017,10,14,3,3,5,3,0,1,0,0,0,0,0,6.21876E+20,5.30386E+21,1.063E+16,4.78765E+16
185286,9.17103E+18,9,7,72,184,2017,10,5,3,3,1,5,0,1,0,0,0,2,0,6.35238E+20,5.35951E+21,1.08262E+16,4.83743E+16
185287,9.17103E+18,9,7,61,0,2017,10,18,3,3,0,1,0,1,1,0,0,2,0,6.41854E+20,5.3604E+21,1.09158E+16,4.83808E+16
185288,9.17103E+18,9,7,61,0,2017,10,23,3,3,3,2,1,1,0,0,0,2,0,6.40557E+20,5.35923E+21,1.08979E+16,4.83706E+16
185289,9.17103E+18,9,6,72,139,2017,10,10,3,3,4,6,0,1,0,1,0,0,0,5.65589E+20,5.55915E+21,9.91865E+15,5.01809E+16
185290,9.17103E+18,9,5,64,0,2017,10,9,3,3,2,6,0,1,0,0,0,0,0,6.56918E+20,5.47408E+21,1.11628E+16,4.93992E+16
185291,9.17103E+18,9,5,64,0,2017,10,10,3,2,6,7,0,0,1,0,1,0,0,6.49859E+20,5.47839E+21,1.10672E+16,4.94397E+16
185292,9.17103E+18,9,4,75,154,2017,10,20,3,3,8,1,0,1,0,0,0,2,0,6.97819E+20,5.56386E+21,1.17716E+16,5.01938E+16
185293,9.17103E+18,9,4,62,0,2017,10,19,3,3,2,6,0,1,0,0,0,0,0,6.85148E+20,5.53465E+21,1.15801E+16,4.99355E+16
185294,9.17103E+18,9,3,75,210,2017,10,15,3,3,4,1,0,1,0,0,0,0,0,7.46135E+20,5.43319E+21,1.23656E+16,4.90025E+16
185295,9.17103E+18,9,3,62,0,2017,10,20,3,3,5,3,1,1,0,0,0,2,0,7.24309E+20,5.43378E+21,1.20679E+16,4.90161E+16
185296,9.17103E+18,9,2,71,119,2017,10,17,3,3,2,6,0,1,0,0,0,2,1,7.90471E+20,5.41777E+21,1.29594E+16,4.88448E+16
185297,9.17103E+18,9,2,75,156,2017,10,7,3,3,6,7,0,0,1,0,1,0,0,8.47886E+20,5.39491E+21,1.37203E+16,4.86104E+16
185298,9.17103E+18,9,2,74,153,2017,10,14,3,2,7,1,1,0,0,0,1,0,0,7.2903E+20,5.40385E+21,1.21156E+16,4.87455E+16
185299,9.17103E+18,9,2,73,111,2017,10,12,3,3,0,1,0,0,0,1,0,0,0,7.07166E+20,5.413E+21,1.18232E+16,4.88354E+16
185300,9.17103E+18,9,1,73,120,2017,10,14,3,3,5,3,0,1,0,0,0,0,0,6.85439E+20,5.30968E+21,1.14819E+16,4.79136E+16
185301,9.17103E+18,9,1,74,131,2017,10,21,3,3,0,1,0,1,0,0,0,2,0,6.7618E+20,5.3591E+21,1.13785E+16,4.83604E+16
185302,9.17103E+18,9,1,62,0,2017,10,12,2,3,5,3,0,1,0,0,0,0,0,6.86453E+20,5.32981E+21,1.15042E+16,4.80943E+16
185303,9.17103E+18,9,1,62,0,2017,10,14,2,3,5,2,0,1,0,0,0,0,0,6.93275E+20,5.33464E+21,1.15979E+16,4.81357E+16
185304,9.17103E+18,9,1,62,0,2017,10,15,2,3,5,2,1,1,0,0,0,0,0,6.98252E+20,5.33318E+21,1.1664E+16,4.8121E+16
185305,9.17103E+18,9,1,62,0,2017,10,20,2,3,5,2,0,1,0,0,0,2,0,6.94339E+20,5.34165E+21,1.16154E+16,4.81984E+16
185306,9.17103E+18,9,1,62,0,2017,10,13,2,3,6,7,0,1,1,0,0,0,0,6.90866E+20,5.33448E+21,1.15655E+16,4.81349E+16
185307,9.17103E+18,9,1,84,112,2017,10,15,2,3,8,1,0,1,0,0,0,0,0,6.99259E+20,5.33686E+21,1.16793E+16,4.81537E+16
185308,9.17103E+18,9,7,75,135,2017,10,20,2,3,6,4,0,0,1,0,1,2,0,5.74312E+20,5.36043E+21,1.00038E+16,4.83926E+16
185309,9.17103E+18,9,7,64,0,2017,10,19,2,2,0,7,0,0,1,0,1,2,1,5.86531E+20,5.31474E+21,1.01596E+16,4.79801E+16
185310,9.17103E+18,9,7,78,186,2017,10,10,2,3,9,1,0,1,0,0,0,0,0,5.97687E+20,5.3115E+21,1.03083E+16,4.79494E+16
185311,9.17103E+18,9,7,64,0,2017,10,7,2,3,5,3,1,1,0,0,0,0,0,5.88035E+20,5.31605E+21,1.018E+16,4.79917E+16
185312,9.17103E+18,9,7,75,129,2017,10,18,2,3,5,3,0,1,0,0,0,2,0,5.81014E+20,5.34062E+21,1.00906E+16,4.82136E+16
185313,9.17103E+18,9,7,80,133,2017,10,14,2,3,1,1,0,1,0,1,0,0,0,5.96967E+20,5.25178E+21,1.02854E+16,4.74122E+16
185314,9.17103E+18,9,7,61,0,2017,10,12,2,3,6,4,1,0,1,0,0,0,0,6.41799E+20,5.36027E+21,1.0915E+16,4.83797E+16
185315,9.17103E+18,9,7,61,0,2017,10,20,2,3,5,3,0,1,0,0,0,2,0,6.44083E+20,5.35649E+21,1.09446E+16,4.83451E+16
185316,9.17103E+18,9,7,61,0,2017,10,17,2,3,3,6,0,1,0,1,0,2,1,6.39603E+20,5.35812E+21,1.08847E+16,4.83608E+16
185317,9.17103E+18,9,7,61,0,2017,10,13,2,3,6,7,1,0,1,0,0,0,0,6.40673E+20,5.35927E+21,1.08995E+16,4.83709E+16
185318,9.17103E+18,9,7,61,0,2017,10,16,2,3,4,2,0,1,0,1,0,2,0,6.40225E+20,5.35998E+21,1.08937E+16,4.83774E+16
185319,9.17103E+18,9,6,63,0,2017,10,14,2,3,5,3,0,1,0,0,0,0,0,5.71849E+20,5.51616E+21,9.99828E+15,4.97936E+16
185320,9.17103E+18,9,6,63,0,2017,10,14,2,3,5,3,0,1,0,1,0,0,0,5.70222E+20,5.51491E+21,9.97545E+15,4.97826E+16
185321,9.17103E+18,9,6,72,127,2017,10,16,2,3,5,3,0,1,0,1,0,0,0,5.632E+20,5.55238E+21,9.88407E+15,5.01203E+16
185322,9.17103E+18,9,6,78,160,2017,10,7,2,2,0,1,0,1,0,0,0,0,1,5.84606E+20,5.54641E+21,1.01821E+16,5.00639E+16
185323,9.17103E+18,9,6,71,111,2017,10,10,2,3,5,3,0,1,0,0,0,0,0,5.05394E+20,5.54627E+21,9.07537E+15,5.00686E+16
185324,9.17103E+18,9,5,72,132,2017,10,17,2,3,6,6,1,0,1,0,0,1,0,6.36081E+20,5.49236E+21,1.08821E+16,4.95685E+16
185325,9.17103E+18,9,5,62,0,2017,10,10,2,2,4,2,1,1,0,0,0,0,0,6.45839E+20,5.49576E+21,1.10182E+16,4.95968E+16
185326,9.17103E+18,9,5,76,143,2017,10,23,2,3,8,1,0,1,0,0,0,2,1,6.57112E+20,5.45516E+21,1.1158E+16,4.9229E+16
185327,9.17103E+18,9,5,64,0,2017,10,16,2,3,6,4,0,1,1,0,0,1,0,6.50198E+20,5.48156E+21,1.10731E+16,4.94681E+16
185328,9.17103E+18,9,5,64,0,2017,10,10,2,3,6,1,1,0,1,0,0,0,0,6.51222E+20,5.47857E+21,1.1086E+16,4.9441E+16
185329,9.17103E+18,9,5,64,0,2017,10,13,2,3,5,2,0,1,0,0,0,0,0,6.49441E+20,5.47785E+21,1.10612E+16,4.94349E+16
185330,9.17103E+18,9,5,73,127,2017,10,15,2,3,0,2,0,1,0,0,1,0,0,6.45858E+20,5.4744E+21,1.10106E+16,4.94048E+16
185331,9.17103E+18,9,5,61,0,2017,10,17,2,3,5,3,1,1,0,0,0,2,1,6.1336E+20,5.46198E+21,1.05593E+16,4.93001E+16
185332,9.17103E+18,9,4,78,139,2017,10,15,2,3,4,3,0,1,0,0,0,0,0,6.47885E+20,5.55615E+21,1.10696E+16,5.01391E+16
185333,9.17103E+18,9,4,73,134,2017,10,12,2,2,1,5,0,1,0,0,0,0,0,6.4455E+20,5.56567E+21,1.10265E+16,5.02255E+16
185334,9.17103E+18,9,4,62,0,2017,10,11,2,3,2,6,0,1,0,0,0,0,1,6.84854E+20,5.53661E+21,1.1577E+16,4.99532E+16
185335,9.17103E+18,9,4,61,0,2017,10,14,2,3,0,4,0,1,1,0,0,0,0,6.34906E+20,5.52822E+21,1.08782E+16,4.98911E+16
185336,9.17103E+18,9,4,61,0,2017,10,13,2,3,1,7,0,1,0,1,0,0,0,6.35854E+20,5.52862E+21,1.08916E+16,4.98945E+16
185337,9.17103E+18,9,4,61,0,2017,10,11,2,3,1,6,1,1,0,0,0,0,1,6.3602E+20,5.52804E+21,1.08937E+16,4.98893E+16
185338,9.17103E+18,9,3,74,160,2017,10,18,2,2,8,1,0,1,0,0,0,2,0,7.30333E+20,5.50887E+21,1.21936E+16,4.96883E+16
185339,9.17103E+18,9,3,73,147,2017,10,13,2,3,1,3,1,1,0,0,0,0,1,6.80084E+20,5.46329E+21,1.14769E+16,4.92958E+16
185340,9.17103E+18,9,3,72,174,2017,10,14,2,3,0,7,1,0,0,0,1,0,0,7.74135E+20,5.46319E+21,1.2768E+16,4.926E+16
185341,9.17103E+18,9,3,76,161,2017,10,11,2,2,0,3,0,1,0,1,0,0,1,7.28813E+20,5.46698E+21,1.21483E+16,4.93126E+16
185342,9.17103E+18,9,3,71,113,2017,10,16,2,3,6,7,0,1,1,0,0,0,0,6.89796E+20,5.50771E+21,1.16317E+16,4.96919E+16
185343,9.17103E+18,9,3,61,0,2017,10,18,2,3,6,4,0,1,1,0,0,2,0,7.05534E+20,5.48049E+21,1.18354E+16,4.94423E+16
185344,9.17103E+18,9,2,71,125,2017,10,16,2,3,0,1,0,0,0,0,1,0,0,7.9857E+20,5.41039E+21,1.30642E+16,4.87747E+16
185345,9.17103E+18,9,2,72,151,2017,10,9,2,3,1,6,0,1,0,0,0,0,0,8.38582E+20,5.40788E+21,1.3605E+16,4.87318E+16
185346,9.17103E+18,9,2,61,0,2017,10,13,2,3,1,7,0,1,0,0,0,0,0,7.33185E+20,5.38217E+21,1.21599E+16,4.85492E+16
185347,9.17103E+18,9,2,61,0,2017,10,23,2,3,6,4,0,1,1,0,0,2,0,7.32868E+20,5.38265E+21,1.21558E+16,4.85537E+16
185348,9.17103E+18,9,1,71,121,2017,10,12,2,1,8,1,0,1,0,0,0,0,1,7.70838E+20,5.34491E+21,1.26451E+16,4.81996E+16
185349,9.17103E+18,9,1,63,0,2017,10,14,2,3,3,6,0,1,0,1,0,0,0,7.32361E+20,5.3046E+21,1.21063E+16,4.78527E+16
185350,9.17103E+18,9,1,63,0,2017,10,14,2,3,3,2,1,1,0,0,0,0,0,7.32976E+20,5.30676E+21,1.21156E+16,4.78719E+16
185351,9.17103E+18,9,1,74,131,2017,10,14,2,2,9,1,0,1,0,0,0,0,1,6.69654E+20,5.36107E+21,1.12913E+16,4.838E+16
185352,9.17103E+18,9,1,74,115,2017,10,10,2,3,2,6,0,1,0,0,0,0,0,6.81756E+20,5.34631E+21,1.14482E+16,4.82439E+16
185353,9.17103E+18,9,1,77,133,2017,10,20,2,3,2,6,0,1,0,0,0,2,0,7.06324E+20,5.35946E+21,1.17852E+16,4.83546E+16
185354,9.17103E+18,9,1,77,117,2017,10,8,2,3,5,7,1,1,0,0,0,0,0,7.14803E+20,5.35371E+21,1.18965E+16,4.83E+16
185355,9.17111E+18,9,7,74,178,2017,11,19,6,3,7,7,0,0,0,1,0,2,1,6.08695E+20,5.3652E+21,1.04694E+16,4.84306E+16
185356,9.17111E+18,9,7,77,177,2017,11,6,6,3,9,1,0,1,0,0,0,1,1,6.34707E+20,5.32031E+21,1.08066E+16,4.80219E+16
185357,9.17111E+18,9,7,79,194,2017,11,9,6,3,2,2,0,1,0,0,0,0,0,6.09767E+20,5.41272E+21,1.04965E+16,4.88577E+16
185358,9.17111E+18,9,7,73,125,2017,11,17,6,2,5,2,0,1,0,1,0,2,1,6.11643E+20,5.38266E+21,1.05139E+16,4.85871E+16
185359,9.17111E+18,9,7,72,200,2017,11,13,6,3,4,6,1,0,0,0,0,0,0,6.31188E+20,5.33832E+21,1.0765E+16,4.81846E+16
185360,9.17111E+18,9,7,72,177,2017,11,12,6,3,4,2,0,1,0,1,0,0,1,6.36612E+20,5.37693E+21,1.08505E+16,4.85306E+16
185361,9.17111E+18,9,7,72,202,2017,11,20,6,3,2,6,1,1,0,0,0,2,1,6.3729E+20,5.35865E+21,1.08537E+16,4.83661E+16
185362,9.17111E+18,9,7,61,0,2017,11,15,6,3,6,2,0,1,1,0,0,0,0,6.41891E+20,5.36044E+21,1.09163E+16,4.83811E+16
185363,9.17111E+18,9,7,61,0,2017,11,11,6,2,6,2,0,0,1,0,1,0,0,6.41123E+20,5.35274E+21,1.09034E+16,4.83121E+16
185364,9.17111E+18,9,6,63,0,2017,11,19,6,2,2,6,0,1,0,1,0,2,1,5.68583E+20,5.51677E+21,9.95302E+15,4.97995E+16
185365,9.17111E+18,9,6,63,0,2017,11,13,6,3,5,7,1,0,0,0,0,0,0,5.66833E+20,5.51605E+21,9.92858E+15,4.97932E+16
185366,9.17111E+18,9,6,63,0,2017,11,10,6,3,5,3,0,1,0,0,0,0,1,5.65202E+20,5.5165E+21,9.90599E+15,4.97974E+16
185367,9.17111E+18,9,6,61,0,2017,11,21,6,3,5,3,0,1,0,0,0,2,2,5.1083E+20,5.53702E+21,9.15108E+15,4.99854E+16
185368,9.17111E+18,9,6,61,0,2017,11,13,6,3,2,6,0,1,0,0,1,0,1,5.10255E+20,5.53548E+21,9.143E+15,4.99716E+16
185369,9.17111E+18,9,5,62,0,2017,11,22,6,3,0,2,0,1,0,0,1,2,1,6.46884E+20,5.49006E+21,1.10305E+16,4.95453E+16
185370,9.17111E+18,9,5,74,155,2017,11,13,6,3,5,3,0,1,0,1,0,0,1,6.68936E+20,5.49199E+21,1.13359E+16,4.95569E+16
185371,9.17111E+18,9,5,64,0,2017,11,13,6,3,2,6,0,1,0,1,0,0,1,6.49066E+20,5.4817E+21,1.10575E+16,4.94697E+16
185372,9.17111E+18,9,5,64,0,2017,11,22,6,3,1,7,1,1,0,0,0,2,1,6.52208E+20,5.48051E+21,1.11004E+16,4.94581E+16
185373,9.17111E+18,9,5,64,0,2017,11,23,6,3,5,3,0,1,0,0,0,2,1,6.52385E+20,5.48068E+21,1.11029E+16,4.94597E+16
185374,9.17111E+18,9,5,64,0,2017,11,16,6,3,2,7,0,0,0,1,1,2,1,6.49468E+20,5.47729E+21,1.10614E+16,4.94299E+16
185375,9.17111E+18,9,5,64,0,2017,11,14,6,3,3,6,0,1,0,0,0,0,1,6.52045E+20,5.47929E+21,1.10977E+16,4.94473E+16
185376,9.17111E+18,9,5,64,0,2017,11,9,6,3,5,3,0,1,0,0,0,0,0,6.492E+20,5.47872E+21,1.10582E+16,4.94428E+16
185377,9.17111E+18,9,5,71,177,2017,11,21,6,2,8,1,0,1,0,0,0,2,1,6.22945E+20,5.45137E+21,1.06878E+16,4.92027E+16
185378,9.17111E+18,9,5,77,136,2017,11,13,6,3,2,6,0,1,0,0,1,0,0,6.28069E+20,5.44181E+21,1.07551E+16,4.91158E+16
185379,9.17111E+18,9,5,71,181,2017,11,14,6,3,2,2,0,1,0,1,0,0,1,5.88633E+20,5.47104E+21,1.02212E+16,4.93856E+16
185380,9.17111E+18,9,5,71,136,2017,11,17,6,3,5,2,0,1,0,0,0,2,1,5.9705E+20,5.43519E+21,1.03285E+16,4.90619E+16
185381,9.17111E+18,9,5,75,112,2017,11,12,6,3,0,7,1,0,0,0,0,0,1,6.02592E+20,5.48471E+21,1.04171E+16,4.95064E+16
185382,9.17111E+18,9,5,75,112,2017,11,5,6,2,9,7,0,1,0,0,0,2,1,6.00853E+20,5.49052E+21,1.03945E+16,4.95589E+16
185383,9.17111E+18,9,5,61,0,2017,11,14,6,3,5,3,1,1,0,0,0,0,1,6.14407E+20,5.46132E+21,1.05735E+16,4.92939E+16
185384,9.17111E+18,9,4,75,158,2017,11,7,6,3,6,7,0,1,1,0,0,0,0,7.08502E+20,5.57169E+21,1.19254E+16,5.02605E+16
185385,9.17111E+18,9,4,62,0,2017,11,14,6,3,5,3,1,1,0,0,0,0,1,6.8356E+20,5.53566E+21,1.15585E+16,4.99451E+16
185386,9.17111E+18,9,4,74,126,2017,11,21,6,3,0,3,1,0,0,0,0,2,0,6.48692E+20,5.5104E+21,1.10632E+16,4.97277E+16
185387,9.17111E+18,9,3,74,162,2017,11,16,6,2,6,4,0,1,1,0,0,2,1,7.41216E+20,5.50239E+21,1.23402E+16,4.96258E+16
185388,9.17111E+18,9,3,75,113,2017,11,8,6,3,0,7,0,1,0,1,1,0,1,7.34688E+20,5.42351E+21,1.22037E+16,4.892E+16
185389,9.17111E+18,9,3,62,0,2017,11,19,6,2,5,6,1,1,0,0,0,2,1,7.27072E+20,5.43318E+21,1.21053E+16,4.90097E+16
185390,9.17111E+18,9,3,62,0,2017,11,8,6,3,1,7,1,0,0,0,0,0,0,7.27435E+20,5.43364E+21,1.21105E+16,4.90137E+16
185391,9.17111E+18,9,3,62,0,2017,11,7,6,3,7,7,1,0,0,0,1,0,0,7.282E+20,5.43635E+21,1.21225E+16,4.90377E+16
185392,9.17111E+18,9,3,73,147,2017,11,12,6,3,2,6,0,1,0,0,0,0,1,6.80307E+20,5.45941E+21,1.14782E+16,4.92609E+16
185393,9.17111E+18,9,3,72,116,2017,11,14,6,3,6,4,0,1,1,0,0,0,1,7.67073E+20,5.45804E+21,1.26677E+16,4.92168E+16
185394,9.17111E+18,9,3,72,116,2017,11,12,6,2,5,3,0,0,0,1,1,0,0,7.65804E+20,5.45669E+21,1.26494E+16,4.92053E+16
185395,9.17111E+18,9,3,61,0,2017,11,11,6,3,4,2,0,1,0,1,0,0,0,7.06306E+20,5.48122E+21,1.18464E+16,4.94486E+16
185396,9.17111E+18,9,2,62,0,2017,11,12,6,3,2,6,0,1,0,0,0,0,0,8.2663E+20,5.38829E+21,1.34276E+16,4.85624E+16
185397,9.17111E+18,9,1,90,140,2017,11,13,6,3,4,6,0,1,0,1,0,0,0,6.43797E+20,5.29655E+21,1.09205E+16,4.78062E+16
185398,9.17111E+18,9,1,73,126,2017,11,16,6,3,4,2,0,1,0,0,0,0,1,6.86073E+20,5.30332E+21,1.14876E+16,4.78563E+16
185399,9.17111E+18,9,1,72,130,2017,11,13,6,3,1,5,1,0,0,0,1,0,0,7.93726E+20,5.30897E+21,1.29278E+16,4.78668E+16
185400,9.17111E+18,9,1,63,0,2017,11,18,6,3,5,3,1,1,0,0,0,2,1,7.32948E+20,5.30305E+21,1.21133E+16,4.78386E+16
185401,9.17111E+18,9,1,63,0,2017,11,9,6,3,2,7,0,1,0,0,1,0,0,7.31371E+20,5.30441E+21,1.2093E+16,4.78513E+16
185402,9.17111E+18,9,1,61,0,2017,11,12,6,3,2,1,0,1,0,0,0,0,1,6.74929E+20,5.40479E+21,1.13808E+16,4.87715E+16
185403,9.17111E+18,9,1,61,0,2017,11,18,6,2,6,2,0,1,1,0,0,1,1,6.7749E+20,5.40542E+21,1.14159E+16,4.87765E+16
185404,9.17111E+18,9,1,85,149,2017,11,17,6,3,0,7,0,1,0,1,0,2,1,6.60541E+20,5.40027E+21,1.11834E+16,4.87347E+16
185405,9.17111E+18,9,1,79,121,2017,11,13,6,3,0,7,1,0,0,0,0,0,0,6.66503E+20,5.33777E+21,1.12396E+16,4.81713E+16
185406,9.17111E+18,9,1,74,115,2017,11,20,6,3,0,1,1,0,0,0,0,2,1,6.81158E+20,5.3455E+21,1.14398E+16,4.82368E+16
185407,9.17111E+18,9,1,78,116,2017,11,14,6,2,6,4,0,1,1,0,0,0,1,7.02457E+20,5.38189E+21,1.17439E+16,4.85573E+16
185408,9.17111E+18,9,1,77,117,2017,11,11,6,3,4,2,0,1,0,0,0,0,0,7.15317E+20,5.35421E+21,1.19037E+16,4.83044E+16
185409,9.17111E+18,9,1,62,0,2017,11,13,5,3,0,5,1,1,0,0,0,0,0,6.87638E+20,5.33641E+21,1.1523E+16,4.81532E+16
185410,9.17111E+18,9,1,62,0,2017,11,16,5,3,3,7,0,1,0,0,1,0,0,6.89565E+20,5.33727E+21,1.15492E+16,4.81604E+16
185411,9.17111E+18,9,1,62,0,2017,11,9,5,3,2,1,0,1,0,1,0,0,0,6.90334E+20,5.33384E+21,1.1558E+16,4.81294E+16
185412,9.17111E+18,9,1,62,0,2017,11,13,5,3,5,3,1,1,0,0,0,0,0,6.82484E+20,5.34136E+21,1.14559E+16,4.81992E+16
185413,9.17111E+18,9,1,62,0,2017,11,7,5,3,0,7,0,1,0,1,0,0,1,6.94352E+20,5.34056E+21,1.16151E+16,4.81885E+16
185414,9.17111E+18,9,1,62,0,2017,11,14,5,3,5,3,1,0,0,0,1,0,0,6.90497E+20,5.3399E+21,1.15629E+16,4.81837E+16
185415,9.17111E+18,9,1,62,0,2017,11,23,5,3,0,7,0,0,0,1,0,2,0,6.90783E+20,5.33532E+21,1.15647E+16,4.81425E+16
185416,9.17111E+18,9,1,62,0,2017,11,12,5,3,3,6,0,1,0,0,0,0,0,6.92269E+20,5.33729E+21,1.15856E+16,4.81597E+16
185417,9.17111E+18,9,1,84,149,2017,11,19,5,3,4,2,0,1,0,0,0,2,0,6.91825E+20,5.34959E+21,1.15852E+16,4.82704E+16
185418,9.17111E+18,9,1,62,0,2017,11,7,5,3,3,2,1,1,0,0,0,0,0,6.9237E+20,5.33751E+21,1.1587E+16,4.81617E+16
185419,9.17111E+18,9,1,62,0,2017,11,16,5,2,6,4,0,1,1,0,0,1,0,6.92271E+20,5.33491E+21,1.15845E+16,4.81383E+16
185420,9.17111E+18,9,1,62,0,2017,11,7,5,1,8,7,0,1,0,0,0,0,1,6.9276E+20,5.32986E+21,1.15888E+16,4.80929E+16
185421,9.17111E+18,9,1,84,149,2017,11,9,5,3,5,3,0,1,0,0,0,0,0,6.90612E+20,5.3508E+21,1.15694E+16,4.82817E+16
185422,9.17111E+18,9,1,62,0,2017,11,7,5,3,4,3,0,1,0,0,0,0,1,6.907E+20,5.33815E+21,1.15649E+16,4.8168E+16
185423,9.17111E+18,9,1,84,118,2017,11,7,5,3,5,3,0,1,0,0,0,0,0,7.03858E+20,5.33644E+21,1.17408E+16,4.81485E+16
185424,9.17111E+18,9,1,62,0,2017,11,18,5,3,4,2,0,1,0,0,1,2,0,6.98572E+20,5.33529E+21,1.16693E+16,4.81399E+16
185425,9.17111E+18,9,1,62,0,2017,11,8,5,3,2,6,0,1,0,1,0,1,1,6.91902E+20,5.33706E+21,1.15805E+16,4.81578E+16
185426,9.17111E+18,9,7,75,135,2017,11,7,5,2,4,6,1,1,0,0,0,0,1,5.75941E+20,5.36122E+21,1.0026E+16,4.83995E+16
185427,9.17111E+18,9,7,78,115,2017,11,7,5,3,5,3,0,1,0,0,0,0,0,5.93242E+20,5.33281E+21,1.02534E+16,4.81417E+16
185428,9.17111E+18,9,7,74,143,2017,11,14,5,3,9,1,0,1,0,0,0,0,0,5.93606E+20,5.36032E+21,1.02644E+16,4.83891E+16
185429,9.17111E+18,9,7,63,0,2017,11,16,5,3,5,3,0,1,0,0,1,0,0,5.98015E+20,5.28656E+21,1.0307E+16,4.7725E+16
185430,9.17111E+18,9,7,63,0,2017,11,8,5,2,1,6,0,1,0,0,0,0,0,5.98674E+20,5.28985E+21,1.03166E+16,4.77545E+16
185431,9.17111E+18,9,7,77,159,2017,11,18,5,3,5,3,1,1,0,0,0,2,0,6.17071E+20,5.27194E+21,1.05571E+16,4.75903E+16
185432,9.17111E+18,9,7,61,0,2017,11,12,5,3,5,3,1,1,0,0,0,0,0,6.39388E+20,5.36005E+21,1.08824E+16,4.83782E+16
185433,9.17111E+18,9,7,72,149,2017,11,9,5,3,5,3,1,1,0,0,0,0,0,6.36631E+20,5.33851E+21,1.08382E+16,4.81852E+16
185434,9.17111E+18,9,7,71,130,2017,11,13,5,3,1,3,0,1,0,1,0,0,0,6.47775E+20,5.35716E+21,1.09946E+16,4.83503E+16
185435,9.17111E+18,9,7,72,125,2017,11,7,5,3,5,3,1,1,0,0,0,0,1,6.37617E+20,5.34937E+21,1.0855E+16,4.82826E+16
185436,9.17111E+18,9,7,61,0,2017,11,13,5,3,4,6,1,1,0,0,0,0,0,6.38804E+20,5.35898E+21,1.08742E+16,4.83687E+16
185437,9.17111E+18,9,7,61,0,2017,11,16,5,3,5,2,1,1,0,0,0,0,0,6.40873E+20,5.35721E+21,1.09015E+16,4.83523E+16
185438,9.17111E+18,9,7,61,0,2017,11,8,5,3,5,7,1,1,0,0,0,0,0,6.4062E+20,5.35724E+21,1.08981E+16,4.83527E+16
185439,9.17111E+18,9,7,61,0,2017,11,9,5,3,1,5,0,1,1,0,0,0,1,6.40577E+20,5.35911E+21,1.08982E+16,4.83695E+16
185440,9.17111E+18,9,6,63,0,2017,11,19,5,3,5,7,0,1,0,0,0,2,0,5.66875E+20,5.51492E+21,9.92897E+15,4.9783E+16
185441,9.17111E+18,9,6,63,0,2017,11,14,5,3,5,3,0,1,0,0,0,0,0,5.66924E+20,5.51521E+21,9.92969E+15,4.97856E+16
185442,9.17111E+18,9,6,63,0,2017,11,21,5,3,5,3,0,1,0,0,0,2,0,5.68299E+20,5.51514E+21,9.94878E+15,4.97849E+16
185443,9.17111E+18,9,6,77,157,2017,11,6,5,3,5,3,0,1,0,0,0,2,1,5.43956E+20,5.51979E+21,9.61118E+15,4.98289E+16
185444,9.17111E+18,9,6,62,0,2017,11,19,5,2,5,3,1,1,0,0,0,2,0,5.86547E+20,5.54366E+21,1.02086E+16,5.00389E+16
185445,9.17111E+18,9,6,72,127,2017,11,9,5,3,0,1,0,1,0,0,0,0,1,5.64141E+20,5.55182E+21,9.89714E+15,5.01152E+16
185446,9.17111E+18,9,6,74,130,2017,11,16,5,3,0,7,0,1,0,0,0,2,0,6.28289E+20,5.55067E+21,1.07936E+16,5.00944E+16
185447,9.17111E+18,9,6,76,169,2017,11,13,5,1,5,3,1,0,0,0,1,0,0,5.12191E+20,5.51513E+21,9.16937E+15,4.97885E+16