OBJECTID,UIDENTSTLA,ULAND,UREGBEZ,UKREIS,UGEMEINDE,UJAHR,UMONAT,USTUNDE,UWOCHENTAG,UKATEGORIE,UART,UTYP1,IstRad,IstPKW,IstFuss,IstKrad,IstSonstig,LICHT,STRZUSTAND,LINREFX,LINREFY,XGCSWGS84,YGCSWGS84
185448,9.17111E+18,9,5,72,132,2017,11,13,5,3,0,2,1,1,0,0,0,0,0,6.35408E+20,5.49274E+21,1.08729E+16,4.95721E+16
185449,9.17111E+18,9,5,72,154,2017,11,19,5,2,4,2,1,1,0,0,0,2,1,6.48462E+20,5.4961E+21,1.10546E+16,4.95993E+16
185450,9.17111E+18,9,5,64,0,2017,11,13,5,2,5,3,1,1,0,0,0,0,0,6.51389E+20,5.48021E+21,1.1089E+16,4.94557E+16
185451,9.17111E+18,9,5,64,0,2017,11,7,5,3,5,3,0,1,0,0,0,0,1,6.50239E+20,5.47683E+21,1.10718E+16,4.94256E+16
185452,9.17111E+18,9,5,64,0,2017,11,20,5,3,5,2,1,1,0,0,0,2,0,6.49143E+20,5.48064E+21,1.10582E+16,4.94601E+16
185453,9.17111E+18,9,5,64,0,2017,11,17,5,2,0,1,1,0,0,0,0,2,0,6.54134E+20,5.48111E+21,1.11272E+16,4.94631E+16
185454,9.17111E+18,9,5,64,0,2017,11,7,5,3,2,6,0,1,0,0,0,1,1,6.53444E+20,5.48024E+21,1.11173E+16,4.94554E+16
185455,9.17111E+18,9,5,64,0,2017,11,15,5,3,6,7,1,0,1,0,0,0,0,6.49671E+20,5.47841E+21,1.10646E+16,4.944E+16
185456,9.17111E+18,9,5,77,136,2017,11,7,5,3,2,6,0,1,0,1,0,0,1,6.2816E+20,5.44169E+21,1.07563E+16,4.91147E+16
185457,9.17111E+18,9,4,76,145,2017,11,16,5,3,2,6,0,1,0,0,0,0,0,6.65754E+20,5.56733E+21,1.13243E+16,5.02349E+16
185458,9.17111E+18,9,4,77,128,2017,11,20,5,3,5,3,0,1,0,0,0,2,1,6.75078E+20,5.55207E+21,1.14479E+16,5.0095E+16
185459,9.17111E+18,9,4,77,128,2017,11,12,5,3,2,6,0,1,0,0,1,0,0,6.74765E+20,5.55446E+21,1.14446E+16,5.01167E+16
185460,9.17111E+18,9,4,62,0,2017,11,15,5,3,5,3,1,1,0,0,0,0,0,6.83959E+20,5.53558E+21,1.1564E+16,4.99442E+16
185461,9.17111E+18,9,3,73,147,2017,11,9,5,3,9,1,0,1,0,0,0,0,1,6.76167E+20,5.46149E+21,1.14223E+16,4.92808E+16
185462,9.17111E+18,9,2,77,116,2017,11,9,5,3,5,3,0,1,0,1,0,0,0,7.78651E+20,5.3681E+21,1.27653E+16,4.84043E+16
185463,9.17111E+18,9,2,77,116,2017,11,16,5,3,6,4,0,1,1,0,0,0,0,7.77573E+20,5.36787E+21,1.27506E+16,4.84028E+16
185464,9.17111E+18,9,1,90,140,2017,11,6,5,2,8,1,0,0,0,1,0,1,1,6.44011E+20,5.29559E+21,1.09231E+16,4.77976E+16
185465,9.17111E+18,9,1,72,118,2017,11,18,5,3,1,5,1,1,0,0,0,2,0,7.97164E+20,5.30534E+21,1.29712E+16,4.78326E+16
185466,9.17111E+18,9,1,87,177,2017,11,7,5,3,2,6,0,1,0,0,0,0,0,7.3631E+20,5.30569E+21,1.21596E+16,4.78611E+16
185467,9.17111E+18,9,1,87,117,2017,11,17,5,3,5,3,1,1,0,0,0,2,0,7.2554E+20,5.30482E+21,1.20153E+16,4.78571E+16
185468,9.17111E+18,9,1,61,0,2017,11,10,5,3,5,3,0,1,0,0,1,0,0,6.7532E+20,5.40482E+21,1.13862E+16,4.87717E+16
185469,9.17111E+18,9,1,79,134,2017,11,17,5,3,5,3,0,1,0,0,0,2,0,6.71057E+20,5.34275E+21,1.13028E+16,4.82149E+16
185470,9.17111E+18,9,1,88,132,2017,11,5,5,3,2,7,0,1,0,0,0,2,1,6.66147E+20,5.32296E+21,1.1229E+16,4.80383E+16
185471,9.17111E+18,9,1,88,121,2017,11,17,5,3,5,3,1,1,0,0,0,2,0,6.70384E+20,5.33078E+21,1.12889E+16,4.81075E+16
185472,9.17111E+18,9,1,74,135,2017,11,17,5,3,4,6,0,1,0,0,0,2,0,6.62923E+20,5.35315E+21,1.11974E+16,4.83105E+16
185473,9.17111E+18,9,1,77,133,2017,11,10,5,3,3,6,0,1,0,0,0,0,0,7.06505E+20,5.35916E+21,1.17875E+16,4.83518E+16
185474,9.17111E+18,9,1,62,0,2017,11,22,4,3,5,2,1,1,0,0,0,2,1,6.89888E+20,5.33595E+21,1.1553E+16,4.81485E+16
185475,9.17111E+18,9,1,62,0,2017,11,8,4,3,5,3,1,1,0,0,0,0,0,6.88539E+20,5.33569E+21,1.15348E+16,4.81465E+16
185476,9.17111E+18,9,1,62,0,2017,11,11,4,3,5,3,1,1,0,0,0,0,0,6.9225E+20,5.33847E+21,1.15859E+16,4.81703E+16
185477,9.17111E+18,9,1,62,0,2017,11,23,4,3,8,1,0,1,0,0,0,2,1,6.95696E+20,5.3328E+21,1.16296E+16,4.81184E+16
185478,9.17111E+18,9,1,62,0,2017,11,16,4,3,1,6,0,1,0,1,0,2,0,6.89923E+20,5.3366E+21,1.15538E+16,4.81542E+16
185479,9.17111E+18,9,1,62,0,2017,11,21,4,2,6,2,0,1,1,0,0,2,0,6.89378E+20,5.33363E+21,1.15451E+16,4.81277E+16
185480,9.17111E+18,9,1,62,0,2017,11,8,4,3,0,7,0,1,0,0,1,0,0,6.9469E+20,5.33667E+21,1.16178E+16,4.81535E+16
185481,9.17111E+18,9,1,62,0,2017,11,8,4,3,0,7,0,1,0,0,1,0,0,6.94301E+20,5.33284E+21,1.16108E+16,4.81191E+16
185482,9.17111E+18,9,1,62,0,2017,11,8,4,3,5,3,1,1,0,0,0,0,0,6.7991E+20,5.33576E+21,1.14189E+16,4.81496E+16
185483,9.17111E+18,9,1,62,0,2017,11,18,4,2,0,5,1,1,0,0,0,1,0,6.87192E+20,5.33966E+21,1.15184E+16,4.81826E+16
185484,9.17111E+18,9,1,62,0,2017,11,8,4,3,4,6,1,0,0,0,0,0,0,6.87102E+20,5.33918E+21,1.1517E+16,4.81783E+16
185485,9.17111E+18,9,1,62,0,2017,11,13,4,3,6,4,1,0,1,0,0,0,0,6.89289E+20,5.33731E+21,1.15455E+16,4.81608E+16
185486,9.17111E+18,9,1,62,0,2017,11,12,4,3,3,6,0,1,0,1,0,0,0,6.89385E+20,5.33545E+21,1.1546E+16,4.81441E+16
185487,9.17111E+18,9,1,84,145,2017,11,13,4,3,0,1,1,0,0,0,0,0,0,6.95626E+20,5.32517E+21,1.16251E+16,4.80498E+16
185488,9.17111E+18,9,1,62,0,2017,11,6,4,3,5,2,1,1,0,0,0,1,1,6.97923E+20,5.33094E+21,1.16586E+16,4.81009E+16
185489,9.17111E+18,9,1,62,0,2017,11,7,4,3,5,3,1,1,0,0,0,0,0,6.95108E+20,5.33558E+21,1.16229E+16,4.81435E+16
185490,9.17111E+18,9,1,62,0,2017,11,14,4,3,0,1,1,0,0,0,0,0,0,6.93624E+20,5.33616E+21,1.16033E+16,4.81492E+16
185491,9.17111E+18,9,1,62,0,2017,11,14,4,3,1,1,1,1,0,0,0,0,0,6.91058E+20,5.33356E+21,1.15676E+16,4.81266E+16
185492,9.17111E+18,9,1,62,0,2017,11,10,4,3,5,2,1,1,0,0,0,0,0,6.92296E+20,5.33814E+21,1.15863E+16,4.81674E+16
185493,9.17111E+18,9,7,75,139,2017,11,8,4,3,2,6,0,1,0,0,0,0,0,5.80236E+20,5.36784E+21,1.00853E+16,4.84586E+16
185494,9.17111E+18,9,7,74,150,2017,11,18,4,3,0,7,0,0,0,1,0,1,0,6.01777E+20,5.34505E+21,1.0371E+16,4.82504E+16
185495,9.17111E+18,9,7,63,0,2017,11,10,4,3,6,7,0,1,1,0,0,0,0,5.9859E+20,5.2862E+21,1.03146E+16,4.77216E+16
185496,9.17111E+18,9,7,80,139,2017,11,7,4,3,5,3,0,1,0,0,0,0,1,5.96382E+20,5.26378E+21,1.02803E+16,4.75203E+16
185497,9.17111E+18,9,7,77,121,2017,11,19,4,3,3,2,0,1,0,1,0,2,0,6.28554E+20,5.32113E+21,1.07244E+16,4.80305E+16
185498,9.17111E+18,9,7,79,203,2017,11,8,4,3,4,1,0,1,0,0,0,0,0,6.11488E+20,5.41071E+21,1.05194E+16,4.88394E+16
185499,9.17111E+18,9,7,79,131,2017,11,17,4,3,1,6,0,1,0,0,1,2,1,6.30951E+20,5.39739E+21,1.07803E+16,4.87158E+16
185500,9.17111E+18,9,7,73,125,2017,11,13,4,2,5,3,1,1,0,0,0,0,0,6.10389E+20,5.3815E+21,1.04966E+16,4.85769E+16
185501,9.17111E+18,9,7,72,147,2017,11,16,4,3,2,1,0,1,0,0,0,0,0,6.3603E+20,5.3643E+21,1.08385E+16,4.84172E+16
185502,9.17111E+18,9,7,72,147,2017,11,13,4,3,1,2,1,1,0,0,0,0,0,6.39132E+20,5.36447E+21,1.08804E+16,4.8418E+16
185503,9.17111E+18,9,7,72,184,2017,11,6,4,3,5,3,1,1,0,0,0,2,0,6.36165E+20,5.36309E+21,1.08399E+16,4.84062E+16
185504,9.17111E+18,9,7,61,0,2017,11,19,4,3,5,3,1,1,0,0,0,2,1,6.39714E+20,5.3576E+21,1.0886E+16,4.83561E+16
185505,9.17111E+18,9,7,61,0,2017,11,7,4,3,0,7,1,0,0,0,0,0,1,6.40812E+20,5.35722E+21,1.09007E+16,4.83524E+16
185506,9.17111E+18,9,6,75,141,2017,11,14,4,3,0,1,1,0,0,0,0,0,0,5.80878E+20,5.5115E+21,1.01227E+16,4.97506E+16
185507,9.17111E+18,9,6,74,147,2017,11,7,4,3,6,4,0,0,1,1,0,0,0,6.08458E+20,5.54352E+21,1.05145E+16,5.00341E+16
185508,9.17111E+18,9,6,62,0,2017,11,7,4,3,0,7,1,0,0,0,0,0,0,5.86216E+20,5.54313E+21,1.02039E+16,5.00342E+16
185509,9.17111E+18,9,6,62,0,2017,11,9,4,3,1,6,0,1,0,0,1,0,0,5.88186E+20,5.5451E+21,1.02318E+16,5.00516E+16
185510,9.17111E+18,9,5,63,0,2017,11,16,4,3,5,3,1,1,0,0,0,1,0,6.43843E+20,5.48054E+21,1.0985E+16,4.94605E+16
185511,9.17111E+18,9,5,64,0,2017,11,11,4,3,0,3,1,1,0,0,0,0,0,6.51234E+20,5.47993E+21,1.10867E+16,4.94532E+16
185512,9.17111E+18,9,5,64,0,2017,11,19,4,3,5,3,0,1,0,0,0,2,1,6.50204E+20,5.47487E+21,1.10706E+16,4.9408E+16
185513,9.17111E+18,9,5,64,0,2017,11,8,4,3,5,7,0,1,0,0,0,0,0,6.45746E+20,5.48103E+21,1.10115E+16,4.94644E+16
185514,9.17111E+18,9,5,61,0,2017,11,9,4,3,6,2,0,1,1,0,0,0,0,6.14783E+20,5.46191E+21,1.05788E+16,4.92991E+16
185515,9.17111E+18,9,4,78,139,2017,11,16,4,3,4,6,0,1,0,0,0,0,0,6.47296E+20,5.55718E+21,1.10617E+16,5.01486E+16
185516,9.17111E+18,9,4,77,128,2017,11,13,4,3,0,1,1,0,0,0,0,0,0,6.76128E+20,5.55384E+21,1.14634E+16,5.01106E+16
185517,9.17111E+18,9,4,74,126,2017,11,11,4,3,6,4,0,1,1,0,0,0,0,6.48525E+20,5.50951E+21,1.10605E+16,4.97198E+16
185518,9.17111E+18,9,4,61,0,2017,11,11,4,3,5,3,1,1,0,0,0,0,1,6.36485E+20,5.52849E+21,1.09003E+16,4.98933E+16
185519,9.17111E+18,9,3,62,0,2017,11,19,4,2,6,4,0,1,1,0,0,2,1,7.28668E+20,5.43367E+21,1.21274E+16,4.90135E+16
185520,9.17111E+18,9,3,62,0,2017,11,19,4,3,5,3,0,1,0,0,0,2,1,7.25182E+20,5.434E+21,1.208E+16,4.90177E+16
185521,9.17111E+18,9,3,62,0,2017,11,21,4,2,6,2,0,1,1,0,0,2,1,7.24043E+20,5.43465E+21,1.20648E+16,4.9024E+16
185522,9.17111E+18,9,3,62,0,2017,11,18,4,3,5,2,0,1,0,0,0,2,1,7.25839E+20,5.43384E+21,1.20889E+16,4.90161E+16
185523,9.17111E+18,9,3,72,116,2017,11,10,4,3,6,7,0,1,1,0,0,0,0,7.66885E+20,5.45801E+21,1.26651E+16,4.92167E+16
185524,9.17111E+18,9,3,72,116,2017,11,17,4,3,5,3,0,1,0,1,0,2,1,7.66844E+20,5.45634E+21,1.26634E+16,4.92017E+16
185525,9.17111E+18,9,2,78,170,2017,11,17,4,3,0,2,0,1,0,1,0,1,1,7.63441E+20,5.42457E+21,1.25962E+16,4.8918E+16
185526,9.17111E+18,9,2,62,0,2017,11,11,4,3,1,7,0,1,0,0,0,0,1,8.27433E+20,5.38837E+21,1.34385E+16,4.85628E+16
185527,9.17111E+18,9,2,61,0,2017,11,17,4,3,6,4,0,1,1,0,0,2,0,7.31831E+20,5.38171E+21,1.21413E+16,4.85456E+16
185528,9.17111E+18,9,2,61,0,2017,11,17,4,2,6,4,0,0,1,1,0,2,1,7.31699E+20,5.38162E+21,1.21395E+16,4.85448E+16
185529,9.17111E+18,9,1,73,112,2017,11,13,4,3,5,7,1,1,0,0,0,0,0,6.92392E+20,5.29332E+21,1.15676E+16,4.77645E+16
185530,9.17111E+18,9,1,83,148,2017,11,18,4,3,6,4,0,0,1,1,0,2,1,7.52162E+20,5.34395E+21,1.23937E+16,4.81987E+16
185531,9.17111E+18,9,1,72,118,2017,11,14,4,2,5,3,1,1,0,0,0,0,0,7.97221E+20,5.30663E+21,1.29728E+16,4.78442E+16
185532,9.17111E+18,9,1,63,0,2017,11,11,4,2,5,3,1,1,0,0,0,0,0,7.33185E+20,5.30494E+21,1.21174E+16,4.78554E+16
185533,9.17111E+18,9,1,63,0,2017,11,11,4,3,5,3,0,1,0,0,0,0,0,7.33453E+20,5.30737E+21,1.21223E+16,4.78772E+16
185534,9.17111E+18,9,1,63,0,2017,11,10,4,3,1,3,0,1,0,0,1,0,0,7.34361E+20,5.30491E+21,1.21331E+16,4.78547E+16
185535,9.17111E+18,9,1,87,163,2017,11,7,4,3,6,4,0,0,1,0,1,1,0,7.37317E+20,5.30786E+21,1.21742E+16,4.78801E+16
185536,9.17111E+18,9,1,63,0,2017,11,15,4,3,3,6,1,1,0,0,0,0,0,7.32878E+20,5.3033E+21,1.21125E+16,4.78408E+16
185537,9.17111E+18,9,1,82,125,2017,11,18,4,3,0,7,1,0,0,0,0,2,0,7.12113E+20,5.29733E+21,1.18324E+16,4.77944E+16
185538,9.17111E+18,9,1,61,0,2017,11,14,4,3,0,7,1,0,0,0,0,0,0,6.78365E+20,5.40174E+21,1.14262E+16,4.87431E+16
185539,9.17111E+18,9,1,86,125,2017,11,17,4,3,6,6,0,1,1,0,0,2,1,6.77957E+20,5.37134E+21,1.14077E+16,4.847E+16
185540,9.17111E+18,9,1,76,138,2017,11,12,4,3,4,1,0,1,0,0,0,0,0,6.74873E+20,5.4196E+21,1.13864E+16,4.89047E+16
185541,9.17111E+18,9,1,74,141,2017,11,18,4,3,7,7,0,1,0,0,0,2,1,6.82746E+20,5.35771E+21,1.14665E+16,4.83461E+16
185542,9.17111E+18,9,1,78,124,2017,11,2,4,3,0,1,1,0,0,0,0,2,0,7.03431E+20,5.36458E+21,1.17486E+16,4.84015E+16
185543,9.17111E+18,9,1,77,117,2017,11,7,4,3,5,2,1,0,0,0,1,1,0,7.14947E+20,5.3508E+21,1.1897E+16,4.82739E+16
185544,9.17111E+18,9,1,75,123,2017,11,18,4,3,5,2,0,1,0,0,0,2,1,7.22325E+20,5.33799E+21,1.19896E+16,4.81563E+16
185545,9.17111E+18,9,1,62,0,2017,11,7,3,2,5,3,1,1,0,0,0,0,1,6.89571E+20,5.33354E+21,1.15477E+16,4.81268E+16
185546,9.17111E+18,9,1,62,0,2017,11,9,3,3,1,7,0,1,0,0,1,0,0,7.01829E+20,5.33177E+21,1.17114E+16,4.81072E+16
185547,9.17111E+18,9,1,62,0,2017,11,14,3,2,3,2,1,1,0,0,0,0,0,6.86478E+20,5.3363E+21,1.15073E+16,4.81526E+16
185548,9.17111E+18,9,1,62,0,2017,11,5,3,3,5,3,1,0,0,1,0,2,1,6.89008E+20,5.34164E+21,1.15437E+16,4.81999E+16
185549,9.17111E+18,9,1,62,0,2017,11,12,3,3,2,6,0,1,0,0,0,0,1,6.9136E+20,5.33296E+21,1.15714E+16,4.81211E+16
185550,9.17111E+18,9,1,62,0,2017,11,10,3,2,3,7,1,1,0,0,0,2,1,6.94267E+20,5.33427E+21,1.1611E+16,4.8132E+16
185551,9.17111E+18,9,1,62,0,2017,11,10,3,3,5,3,0,1,0,0,0,0,1,6.85657E+20,5.33442E+21,1.14955E+16,4.81359E+16
185552,9.17111E+18,9,1,62,0,2017,11,14,3,3,5,3,1,1,0,0,0,0,0,6.86478E+20,5.33952E+21,1.15088E+16,4.81815E+16
185553,9.17111E+18,9,1,62,0,2017,11,17,3,3,6,4,0,1,1,0,0,2,0,6.88299E+20,5.33056E+21,1.15293E+16,4.81004E+16
185554,9.17111E+18,9,1,62,0,2017,11,18,3,3,2,6,0,1,0,0,0,2,0,6.98069E+20,5.33303E+21,1.16615E+16,4.81197E+16
185555,9.17111E+18,9,1,62,0,2017,11,7,3,3,5,3,1,1,0,0,0,1,1,6.95689E+20,5.3299E+21,1.16281E+16,4.80923E+16
185556,9.17111E+18,9,1,62,0,2017,11,17,3,3,6,4,0,1,1,0,0,2,0,6.92567E+20,5.33506E+21,1.15886E+16,4.81397E+16
185557,9.17111E+18,9,7,75,135,2017,11,10,3,3,2,2,0,1,0,0,0,0,1,5.76229E+20,5.36098E+21,1.00298E+16,4.83974E+16
185558,9.17111E+18,9,7,75,135,2017,11,7,3,3,5,2,0,1,0,0,0,0,1,5.73795E+20,5.35971E+21,9.99673E+15,4.83862E+16
185559,9.17111E+18,9,7,64,0,2017,11,12,3,3,5,3,1,1,0,0,0,0,0,5.88171E+20,5.31508E+21,1.01816E+16,4.79829E+16
185560,9.17111E+18,9,7,64,0,2017,11,19,3,3,5,3,1,1,0,0,0,2,1,5.89117E+20,5.31572E+21,1.01944E+16,4.79886E+16
185561,9.17111E+18,9,7,79,131,2017,11,16,3,3,2,6,0,1,0,0,0,2,1,6.30755E+20,5.39904E+21,1.07781E+16,4.87306E+16
185562,9.17111E+18,9,7,72,217,2017,11,17,3,3,5,3,0,1,0,0,0,2,0,6.35858E+20,5.38125E+21,1.08417E+16,4.85696E+16
185563,9.17111E+18,9,7,61,0,2017,11,13,3,3,2,6,0,1,0,1,0,0,1,6.39925E+20,5.35922E+21,1.08894E+16,4.83706E+16
185564,9.17111E+18,9,6,63,0,2017,11,8,3,3,5,7,1,1,0,0,0,0,1,5.67879E+20,5.51659E+21,9.9432E+15,4.9798E+16
185565,9.17111E+18,9,6,72,127,2017,11,10,3,3,0,7,1,0,0,0,0,0,0,5.64345E+20,5.55226E+21,9.90007E+15,5.01191E+16
185566,9.17111E+18,9,6,61,0,2017,11,8,3,3,0,6,1,1,0,0,0,0,0,5.08384E+20,5.53569E+21,9.11692E+15,4.99735E+16
185567,9.17111E+18,9,6,71,134,2017,11,7,3,3,5,3,0,1,0,0,0,0,0,5.01103E+20,5.54739E+21,9.01542E+15,5.00788E+16
185568,9.17111E+18,9,5,65,0,2017,11,17,3,2,0,2,0,0,0,1,1,2,0,6.47535E+20,5.46445E+21,1.103E+16,4.93149E+16
185569,9.17111E+18,9,5,76,143,2017,11,6,3,3,5,3,0,1,0,1,0,2,1,6.52287E+20,5.45677E+21,1.10924E+16,4.92447E+16
185570,9.17111E+18,9,5,74,132,2017,11,12,3,3,6,2,0,1,1,0,0,0,0,6.76505E+20,5.48623E+21,1.14379E+16,4.9503E+16
185571,9.17111E+18,9,5,63,0,2017,11,17,3,3,5,3,1,1,0,0,0,2,1,6.41533E+20,5.48124E+21,1.09534E+16,4.94673E+16
185572,9.17111E+18,9,5,64,0,2017,11,6,3,2,5,2,1,1,0,0,0,2,0,6.52733E+20,5.47919E+21,1.11071E+16,4.94462E+16
185573,9.17111E+18,9,5,64,0,2017,11,16,3,3,5,3,1,1,0,0,0,1,0,6.49211E+20,5.48083E+21,1.10592E+16,4.94618E+16
185574,9.17111E+18,9,5,64,0,2017,11,13,3,3,5,3,1,1,0,0,0,0,0,6.5104E+20,5.47852E+21,1.10835E+16,4.94406E+16
185575,9.17111E+18,9,5,77,136,2017,11,14,3,2,0,3,0,1,0,1,0,0,0,6.28364E+20,5.44154E+21,1.0759E+16,4.91133E+16
185576,9.17111E+18,9,5,61,0,2017,11,8,3,3,3,7,0,1,0,1,0,0,0,6.14477E+20,5.46227E+21,1.05747E+16,4.93024E+16
185577,9.17111E+18,9,4,79,136,2017,11,7,3,3,1,6,0,1,0,0,0,0,0,7.20675E+20,5.5434E+21,1.20796E+16,5.0002E+16
185578,9.17111E+18,9,4,62,0,2017,11,15,3,3,5,3,1,1,0,0,0,0,0,6.85317E+20,5.53546E+21,1.15829E+16,4.99427E+16
185579,9.17111E+18,9,3,62,0,2017,11,16,3,3,3,2,1,1,0,0,0,1,0,7.27461E+20,5.43377E+21,1.2111E+16,4.90148E+16
185580,9.17111E+18,9,3,62,0,2017,11,17,3,3,5,3,1,1,0,0,0,2,0,7.26221E+20,5.43228E+21,1.20932E+16,4.90019E+16
185581,9.17111E+18,9,3,62,0,2017,11,17,3,3,3,2,1,1,0,0,0,1,0,7.26953E+20,5.43377E+21,1.2104E+16,4.9015E+16
185582,9.17111E+18,9,3,62,0,2017,11,12,3,3,5,3,1,1,0,0,0,0,1,7.26116E+20,5.43189E+21,1.20916E+16,4.89985E+16
185583,9.17111E+18,9,3,76,117,2017,11,18,3,3,0,7,0,1,0,0,0,2,0,7.40333E+20,5.46041E+21,1.23026E+16,4.92492E+16
185584,9.17111E+18,9,2,63,0,2017,11,14,3,3,5,3,1,1,0,0,0,0,0,7.66121E+20,5.42137E+21,1.26306E+16,4.88881E+16
185585,9.17111E+18,9,2,63,0,2017,11,9,3,3,4,2,0,1,0,1,0,0,0,7.62744E+20,5.41926E+21,1.25833E+16,4.88705E+16
185586,9.17111E+18,9,2,71,140,2017,11,15,3,3,5,3,1,1,0,0,0,0,0,7.85656E+20,5.41947E+21,1.28952E+16,4.88623E+16
185587,9.17111E+18,9,2,62,0,2017,11,17,3,3,4,2,0,1,0,0,0,2,1,8.25807E+20,5.38767E+21,1.3416E+16,4.85574E+16
185588,9.17111E+18,9,1,73,126,2017,11,7,3,2,3,2,1,1,0,0,0,0,1,6.85079E+20,5.30373E+21,1.14745E+16,4.78602E+16
185589,9.17111E+18,9,1,87,169,2017,11,23,3,3,0,7,1,0,0,0,0,2,0,7.3612E+20,5.30302E+21,1.21556E+16,4.78371E+16
185590,9.17111E+18,9,1,63,0,2017,11,16,3,3,3,6,1,0,0,0,1,0,0,7.33527E+20,5.30588E+21,1.21225E+16,4.78638E+16
185591,9.17111E+18,9,1,82,114,2017,11,7,3,1,3,6,1,0,0,0,1,0,1,7.21037E+20,5.29319E+21,1.19493E+16,4.77542E+16
185592,9.17111E+18,9,1,86,143,2017,11,15,3,3,5,7,1,1,0,0,0,0,0,6.85277E+20,5.37818E+21,1.15096E+16,4.85293E+16
185593,9.17111E+18,9,1,81,130,2017,11,21,3,3,0,1,1,0,0,0,0,2,0,6.39037E+20,5.32449E+21,1.0866E+16,4.80586E+16
185594,9.17111E+18,9,1,81,130,2017,11,17,3,3,2,6,0,1,0,0,0,2,1,6.391E+20,5.32479E+21,1.0867E+16,4.80612E+16
185595,9.17111E+18,9,1,74,113,2017,11,15,3,2,4,5,0,1,0,0,1,0,0,6.74159E+20,5.34545E+21,1.13456E+16,4.82383E+16
185596,9.17111E+18,9,1,62,0,2017,11,23,2,3,5,3,0,1,0,0,0,2,1,6.9233E+20,5.33425E+21,1.1585E+16,4.81324E+16
185597,9.17111E+18,9,1,62,0,2017,11,17,2,3,5,2,0,1,0,0,0,2,1,6.86204E+20,5.33485E+21,1.1503E+16,4.81396E+16
185598,9.17111E+18,9,1,62,0,2017,11,13,2,3,5,3,1,1,0,0,0,0,1,6.8749E+20,5.3409E+21,1.1523E+16,4.81936E+16
185599,9.17111E+18,9,1,62,0,2017,11,7,2,3,6,4,0,1,1,0,0,0,1,6.89413E+20,5.33718E+21,1.15472E+16,4.81596E+16
185600,9.17111E+18,9,1,62,0,2017,11,19,2,3,5,2,1,0,0,0,1,2,1,6.83463E+20,5.33667E+21,1.1467E+16,4.81568E+16
185601,9.17111E+18,9,1,62,0,2017,11,6,2,3,5,2,1,0,0,0,1,2,1,6.8268E+20,5.3355E+21,1.1456E+16,4.81465E+16
185602,9.17111E+18,9,1,62,0,2017,11,6,2,3,0,7,1,0,0,0,0,1,1,6.88228E+20,5.33608E+21,1.15308E+16,4.81501E+16
185603,9.17111E+18,9,1,62,0,2017,11,12,2,3,5,2,0,1,0,0,0,0,1,6.9343E+20,5.33349E+21,1.15994E+16,4.81253E+16
185604,9.17111E+18,9,1,62,0,2017,11,11,2,3,5,2,1,1,0,0,0,0,1,6.89567E+20,5.33354E+21,1.15476E+16,4.81269E+16
185605,9.17111E+18,9,1,62,0,2017,11,6,2,3,5,3,1,1,0,0,0,2,1,6.92244E+20,5.33555E+21,1.15845E+16,4.81442E+16
185606,9.17111E+18,9,7,80,139,2017,11,9,2,3,1,6,1,1,0,0,0,0,1,5.97013E+20,5.26318E+21,1.02885E+16,4.75148E+16
185607,9.17111E+18,9,7,76,117,2017,11,10,2,3,6,2,0,1,1,0,0,0,1,5.67474E+20,5.27269E+21,9.89769E+15,4.76041E+16
185608,9.17111E+18,9,7,63,0,2017,11,16,2,3,3,6,0,1,0,0,0,0,1,5.99464E+20,5.28726E+21,1.03265E+16,4.7731E+16
185609,9.17111E+18,9,7,62,0,2017,11,17,2,3,5,3,0,1,0,0,0,2,1,6.2323E+20,5.30779E+21,1.06492E+16,4.79116E+16
185610,9.17111E+18,9,7,77,129,2017,11,17,2,3,5,3,0,1,0,0,0,2,1,6.25499E+20,5.26975E+21,1.06686E+16,4.7569E+16
185611,9.17111E+18,9,7,79,131,2017,11,17,2,3,2,6,0,1,0,0,0,2,0,6.30773E+20,5.39876E+21,1.07783E+16,4.87281E+16
185612,9.17111E+18,9,7,71,130,2017,11,17,2,2,6,2,0,1,1,0,0,2,1,6.47055E+20,5.35721E+21,1.09849E+16,4.83509E+16
185613,9.17111E+18,9,7,61,0,2017,11,17,2,3,5,3,0,1,0,0,0,2,1,6.43198E+20,5.36216E+21,1.09346E+16,4.83963E+16
185614,9.17111E+18,9,7,61,0,2017,11,18,2,3,5,3,0,1,0,0,1,2,1,6.3946E+20,5.35975E+21,1.08833E+16,4.83755E+16
185615,9.17111E+18,9,6,63,0,2017,11,8,2,3,2,2,0,1,0,1,0,0,0,5.67467E+20,5.51305E+21,9.93686E+15,4.97661E+16
185616,9.17111E+18,9,6,72,112,2017,11,20,2,3,1,7,0,1,0,0,0,2,0,5.78221E+20,5.57089E+21,1.0098E+16,5.02849E+16
185617,9.17111E+18,9,5,62,0,2017,11,10,2,3,0,7,0,1,0,0,0,0,0,6.44664E+20,5.49615E+21,1.10021E+16,4.96006E+16
185618,9.17111E+18,9,5,64,0,2017,11,10,2,3,5,3,1,1,0,0,0,0,0,6.51641E+20,5.48172E+21,1.1093E+16,4.94692E+16