OBJECTID,UIDENTSTLA,ULAND,UREGBEZ,UKREIS,UGEMEINDE,UJAHR,UMONAT,USTUNDE,UWOCHENTAG,UKATEGORIE,UART,UTYP1,IstRad,IstPKW,IstFuss,IstKrad,IstSonstig,LICHT,STRZUSTAND,LINREFX,LINREFY,XGCSWGS84,YGCSWGS84
185960,9.17112E+18,9,2,63,0,2017,11,23,3,2,0,1,1,0,0,0,0,2,1,7.6171E+20,5.42048E+21,1.257E+16,4.8882E+16
185961,9.17112E+18,9,2,78,184,2017,11,11,3,3,5,3,0,1,0,0,0,0,1,7.80454E+20,5.43522E+21,1.28352E+16,4.90061E+16
185962,9.17112E+18,9,2,77,138,2017,11,12,3,3,0,1,1,0,0,0,0,0,0,7.91269E+20,5.37161E+21,1.29379E+16,4.84302E+16
185963,9.17112E+18,9,2,77,116,2017,11,9,3,3,6,4,0,1,1,0,0,0,0,7.78459E+20,5.36795E+21,1.27626E+16,4.84032E+16
185964,9.17112E+18,9,2,61,0,2017,11,14,3,3,2,6,1,1,0,0,0,0,1,7.31468E+20,5.38181E+21,1.21364E+16,4.85466E+16
185965,9.17112E+18,9,1,73,147,2017,11,13,3,3,2,6,0,1,0,0,0,0,1,6.81536E+20,5.30874E+21,1.14293E+16,4.79063E+16
185966,9.17112E+18,9,1,83,128,2017,11,6,3,3,5,3,0,1,0,1,0,1,1,7.6185E+20,5.35158E+21,1.25285E+16,4.82633E+16
185967,9.17112E+18,9,1,87,117,2017,11,16,3,3,5,3,1,1,0,0,0,1,0,7.24476E+20,5.30609E+21,1.20018E+16,4.78689E+16
185968,9.17112E+18,9,1,88,132,2017,11,8,3,3,4,6,0,1,0,0,1,0,1,6.64443E+20,5.32225E+21,1.12059E+16,4.80323E+16
185969,9.17112E+18,9,1,78,120,2017,11,18,3,2,6,1,0,1,1,0,0,2,0,6.94375E+20,5.35269E+21,1.16209E+16,4.82975E+16
185970,9.17112E+18,9,1,62,0,2017,11,19,2,3,5,2,1,1,0,0,0,2,1,6.87423E+20,5.33643E+21,1.15201E+16,4.81535E+16
185971,9.17112E+18,9,1,62,0,2017,11,19,2,3,5,7,0,1,0,1,0,2,1,6.91478E+20,5.33232E+21,1.15727E+16,4.81153E+16
185972,9.17112E+18,9,1,62,0,2017,11,17,2,3,6,4,1,0,1,0,0,1,0,6.92119E+20,5.33024E+21,1.15804E+16,4.80964E+16
185973,9.17112E+18,9,1,62,0,2017,11,22,2,3,5,3,1,1,0,0,0,2,1,6.90716E+20,5.33814E+21,1.15651E+16,4.81679E+16
185974,9.17112E+18,9,1,62,0,2017,11,20,2,3,5,3,0,1,0,0,0,2,1,6.87436E+20,5.3328E+21,1.15187E+16,4.81209E+16
185975,9.17112E+18,9,1,62,0,2017,11,17,2,3,1,5,1,0,0,0,1,1,0,6.83487E+20,5.33974E+21,1.14687E+16,4.81844E+16
185976,9.17112E+18,9,1,62,0,2017,11,14,2,3,1,5,1,1,0,0,0,0,0,6.82848E+20,5.33667E+21,1.14587E+16,4.81569E+16
185977,9.17112E+18,9,1,62,0,2017,11,13,2,3,4,7,0,1,0,0,0,0,0,6.93297E+20,5.33234E+21,1.15971E+16,4.8115E+16
185978,9.17112E+18,9,1,62,0,2017,11,13,2,3,5,3,1,1,0,0,0,0,0,6.91608E+20,5.33572E+21,1.1576E+16,4.81458E+16
185979,9.17112E+18,9,1,62,0,2017,11,0,2,3,5,3,0,1,0,0,1,2,0,6.9452E+20,5.33481E+21,1.16147E+16,4.81368E+16
185980,9.17112E+18,9,1,84,119,2017,11,18,2,3,5,3,1,1,0,0,0,2,1,6.95309E+20,5.34757E+21,1.16311E+16,4.82512E+16
185981,9.17112E+18,9,1,62,0,2017,11,13,2,3,2,6,0,1,0,0,0,0,0,6.80003E+20,5.33591E+21,1.14202E+16,4.81509E+16
185982,9.17112E+18,9,1,62,0,2017,11,7,2,3,2,6,0,1,0,0,0,0,0,6.8942E+20,5.34013E+21,1.15486E+16,4.81862E+16
185983,9.17112E+18,9,1,84,148,2017,11,11,2,3,5,3,0,1,0,0,0,0,0,6.94814E+20,5.32652E+21,1.16148E+16,4.80622E+16
185984,9.17112E+18,9,1,62,0,2017,11,19,2,3,5,2,1,1,0,0,0,2,0,6.99624E+20,5.33283E+21,1.16823E+16,4.81174E+16
185985,9.17112E+18,9,1,62,0,2017,11,11,2,3,5,3,0,1,0,0,0,0,0,6.96482E+20,5.33266E+21,1.164E+16,4.81169E+16
185986,9.17112E+18,9,1,62,0,2017,11,17,2,2,0,7,0,0,0,0,1,1,0,6.96374E+20,5.33594E+21,1.16401E+16,4.81464E+16
185987,9.17112E+18,9,1,62,0,2017,11,14,2,3,5,3,1,1,0,0,0,0,0,6.9273E+20,5.33332E+21,1.159E+16,4.81239E+16
185988,9.17112E+18,9,1,62,0,2017,11,19,2,3,3,2,1,1,0,0,0,2,1,6.91315E+20,5.3338E+21,1.15712E+16,4.81287E+16
185989,9.17112E+18,9,1,62,0,2017,11,11,2,3,0,1,1,0,0,0,0,0,0,6.89465E+20,5.33491E+21,1.15468E+16,4.81392E+16
185990,9.17112E+18,9,1,62,0,2017,11,18,2,3,0,5,1,1,0,0,0,2,1,6.88799E+20,5.33773E+21,1.15391E+16,4.81647E+16
185991,9.17112E+18,9,7,75,135,2017,11,21,2,3,4,2,0,1,0,0,0,2,1,5.75741E+20,5.3609E+21,1.00232E+16,4.83967E+16
185992,9.17112E+18,9,7,64,0,2017,11,11,2,3,0,7,1,0,0,0,0,0,0,5.8755E+20,5.31569E+21,1.01734E+16,4.79885E+16
185993,9.17112E+18,9,7,64,0,2017,11,7,2,3,5,3,0,1,0,0,0,1,1,5.87777E+20,5.3154E+21,1.01764E+16,4.79859E+16
185994,9.17112E+18,9,7,63,0,2017,11,6,2,3,0,6,0,1,0,0,1,1,0,6.00465E+20,5.28531E+21,1.03394E+16,4.77134E+16
185995,9.17112E+18,9,7,63,0,2017,11,17,2,3,2,6,0,1,0,0,0,2,0,5.99485E+20,5.28473E+21,1.03262E+16,4.77083E+16
185996,9.17112E+18,9,7,77,129,2017,11,13,2,2,5,3,1,1,0,0,0,0,0,6.2672E+20,5.2702E+21,1.06849E+16,4.75728E+16
185997,9.17112E+18,9,7,79,194,2017,11,17,2,3,0,2,1,0,0,0,1,2,0,6.12374E+20,5.41486E+21,1.05326E+16,4.88765E+16
185998,9.17112E+18,9,7,61,0,2017,11,13,2,3,2,6,0,1,0,0,1,0,0,6.38404E+20,5.36283E+21,1.08701E+16,4.84035E+16
185999,9.17112E+18,9,7,61,0,2017,11,11,2,3,6,4,0,1,1,0,0,0,0,6.39237E+20,5.36048E+21,1.08805E+16,4.83821E+16
186000,9.17112E+18,9,7,61,0,2017,11,19,2,3,0,7,0,0,0,1,0,2,1,6.41149E+20,5.35818E+21,1.09056E+16,4.8361E+16
186001,9.17112E+18,9,7,61,0,2017,11,8,2,3,3,6,1,0,0,0,1,0,0,6.39395E+20,5.36007E+21,1.08825E+16,4.83784E+16
186002,9.17112E+18,9,6,63,0,2017,11,11,2,3,4,2,0,1,0,0,0,0,0,5.6968E+20,5.51519E+21,9.96798E+15,4.97851E+16
186003,9.17112E+18,9,6,79,170,2017,11,21,2,3,0,7,0,1,0,0,1,2,1,5.75731E+20,5.50148E+21,1.00494E+16,4.96611E+16
186004,9.17112E+18,9,6,74,221,2017,11,18,2,3,4,3,0,1,0,0,1,2,1,6.1389E+20,5.54107E+21,1.05896E+16,5.00111E+16
186005,9.17112E+18,9,6,78,135,2017,11,17,2,3,5,3,0,1,0,1,0,2,1,5.91496E+20,5.54084E+21,1.0277E+16,5.00128E+16
186006,9.17112E+18,9,6,62,0,2017,11,17,2,3,5,2,0,1,0,1,0,2,1,5.88508E+20,5.54284E+21,1.02358E+16,5.00313E+16
186007,9.17112E+18,9,6,62,0,2017,11,16,2,3,6,2,0,1,1,0,0,2,1,5.87778E+20,5.5439E+21,1.02259E+16,5.00409E+16
186008,9.17112E+18,9,6,76,145,2017,11,16,2,3,6,4,0,1,1,0,0,2,0,5.10384E+20,5.52081E+21,9.14441E+15,4.98397E+16
186009,9.17112E+18,9,5,62,0,2017,11,17,2,2,6,2,0,1,1,0,0,2,1,6.45611E+20,5.49607E+21,1.10151E+16,4.95996E+16
186010,9.17112E+18,9,5,62,0,2017,11,18,2,2,4,2,1,0,0,0,0,2,1,6.44991E+20,5.4941E+21,1.10059E+16,4.95821E+16
186011,9.17112E+18,9,5,64,0,2017,11,17,2,3,5,3,1,1,0,0,0,2,1,6.50026E+20,5.47819E+21,1.10694E+16,4.94379E+16
186012,9.17112E+18,9,5,64,0,2017,11,12,2,3,5,7,0,1,0,0,1,0,0,6.52393E+20,5.48069E+21,1.1103E+16,4.94598E+16
186013,9.17112E+18,9,5,73,129,2017,11,15,2,2,8,1,0,1,0,0,0,0,1,6.34787E+20,5.48861E+21,1.08629E+16,4.95351E+16
186014,9.17112E+18,9,5,71,205,2017,11,6,2,2,9,7,0,1,0,0,0,2,1,5.8929E+20,5.47458E+21,1.02311E+16,4.94174E+16
186015,9.17112E+18,9,5,75,112,2017,11,16,2,3,6,4,0,1,1,0,0,2,1,6.02302E+20,5.48455E+21,1.0413E+16,4.95049E+16
186016,9.17112E+18,9,5,61,0,2017,11,17,2,3,5,3,1,1,0,0,0,2,1,6.16624E+20,5.46135E+21,1.0604E+16,4.92937E+16
186017,9.17112E+18,9,5,61,0,2017,11,19,2,3,5,3,0,1,0,0,0,2,1,6.16629E+20,5.46134E+21,1.0604E+16,4.92937E+16
186018,9.17112E+18,9,4,75,156,2017,11,5,2,3,5,3,0,1,0,0,0,2,1,6.92872E+20,5.57871E+21,1.17099E+16,5.03288E+16
186019,9.17112E+18,9,4,73,151,2017,11,16,2,3,5,3,1,1,0,0,0,2,1,6.52235E+20,5.57831E+21,1.11393E+16,5.03372E+16
186020,9.17112E+18,9,4,63,0,2017,11,17,2,3,2,6,0,1,0,0,0,2,1,6.40956E+20,5.57234E+21,1.09787E+16,5.02863E+16
186021,9.17112E+18,9,4,71,117,2017,11,11,2,3,2,6,0,1,0,1,0,0,1,6.31953E+20,5.53014E+21,1.08378E+16,4.99091E+16
186022,9.17112E+18,9,3,63,0,2017,11,18,2,3,1,5,0,1,0,1,0,2,2,7.25474E+20,5.50849E+21,1.21261E+16,4.96867E+16
186023,9.17112E+18,9,3,62,0,2017,11,16,2,3,5,3,0,1,0,1,0,2,1,7.26177E+20,5.43351E+21,1.20933E+16,4.9013E+16
186024,9.17112E+18,9,3,62,0,2017,11,18,2,3,0,7,1,0,0,0,0,2,1,7.27748E+20,5.43396E+21,1.2115E+16,4.90164E+16
186025,9.17112E+18,9,3,62,0,2017,11,17,2,3,2,6,0,1,0,0,0,1,1,7.28925E+20,5.43554E+21,1.2132E+16,4.90302E+16
186026,9.17112E+18,9,3,62,0,2017,11,6,2,3,5,3,0,1,0,0,0,2,1,7.28268E+20,5.43888E+21,1.21249E+16,4.90605E+16
186027,9.17112E+18,9,3,62,0,2017,11,17,2,3,0,1,1,0,0,0,0,1,0,7.28144E+20,5.43589E+21,1.21215E+16,4.90336E+16
186028,9.17112E+18,9,3,73,147,2017,11,16,2,2,6,4,0,1,1,0,0,1,1,6.79069E+20,5.46094E+21,1.14619E+16,4.9275E+16
186029,9.17112E+18,9,1,90,157,2017,11,12,2,2,1,2,1,0,0,0,0,0,0,6.60049E+20,5.30086E+21,1.1139E+16,4.78412E+16
186030,9.17112E+18,9,1,83,128,2017,11,22,2,2,4,2,0,1,0,1,0,2,1,7.61881E+20,5.35096E+21,1.25285E+16,4.82577E+16
186031,9.17112E+18,9,1,82,116,2017,11,8,2,3,5,7,1,1,0,0,0,0,1,7.0497E+20,5.29326E+21,1.17352E+16,4.77601E+16
186032,9.17112E+18,9,1,86,137,2017,11,13,2,3,0,1,1,0,0,0,0,0,0,6.8384E+20,5.39898E+21,1.14994E+16,4.87167E+16
186033,9.17112E+18,9,1,76,129,2017,11,16,2,3,5,3,0,1,0,0,1,1,1,6.83719E+20,5.40713E+21,1.15014E+16,4.879E+16
186034,9.17112E+18,9,1,85,158,2017,11,6,2,2,1,6,0,1,0,0,1,2,0,6.66219E+20,5.38202E+21,1.12532E+16,4.85692E+16
186035,9.17112E+18,9,1,86,122,2017,11,18,2,3,9,7,0,1,0,0,0,2,0,6.95407E+20,5.39405E+21,1.16542E+16,4.86689E+16
186036,9.17112E+18,9,1,86,139,2017,11,12,2,3,2,6,0,0,0,1,1,0,0,6.97609E+20,5.40397E+21,1.16888E+16,4.87573E+16
186037,9.17112E+18,9,1,79,126,2017,11,11,2,3,5,2,0,1,1,0,0,0,0,6.7703E+20,5.3395E+21,1.13818E+16,4.8184E+16
186038,9.17112E+18,9,1,78,124,2017,11,13,2,2,6,3,1,0,1,0,0,0,0,7.03263E+20,5.36482E+21,1.17465E+16,4.84038E+16
186039,9.17112E+18,9,1,62,0,2017,11,22,1,3,5,3,0,1,0,0,0,2,1,6.81147E+20,5.33592E+21,1.14356E+16,4.81507E+16
186040,9.17112E+18,9,1,62,0,2017,11,2,1,2,6,4,0,1,1,0,0,2,1,6.94477E+20,5.33374E+21,1.16136E+16,4.81272E+16
186041,9.17112E+18,9,1,62,0,2017,11,17,1,2,5,3,1,1,0,0,0,2,0,6.85627E+20,5.33386E+21,1.14948E+16,4.81309E+16
186042,9.17112E+18,9,1,62,0,2017,11,18,1,1,6,2,0,0,1,0,1,2,0,6.83077E+20,5.33554E+21,1.14613E+16,4.81468E+16
186043,9.17112E+18,9,1,62,0,2017,11,13,1,3,5,3,0,1,0,0,0,0,0,6.90432E+20,5.34269E+21,1.15633E+16,4.82088E+16
186044,9.17112E+18,9,7,78,165,2017,11,4,1,2,8,1,0,1,0,0,0,2,2,5.84668E+20,5.30145E+21,1.0132E+16,4.78608E+16
186045,9.17112E+18,9,7,72,170,2017,11,2,1,3,8,1,0,1,0,0,0,2,1,6.32373E+20,5.33187E+21,1.07789E+16,4.81263E+16
186046,9.17112E+18,9,7,61,0,2017,11,22,1,3,5,3,0,1,0,0,0,2,1,6.38158E+20,5.35781E+21,1.08651E+16,4.83584E+16
186047,9.17112E+18,9,7,61,0,2017,11,5,1,3,0,4,0,1,1,0,0,2,0,6.43909E+20,5.35748E+21,1.09426E+16,4.83541E+16
186048,9.17112E+18,9,7,61,0,2017,11,0,1,3,1,1,0,1,0,0,0,2,0,6.39249E+20,5.35862E+21,1.08801E+16,4.83654E+16
186049,9.17112E+18,9,6,77,151,2017,11,16,1,3,1,7,0,1,0,0,0,2,0,5.37265E+20,5.51285E+21,9.51748E+15,4.97669E+16
186050,9.17112E+18,9,5,62,0,2017,11,6,1,3,8,1,0,1,0,0,0,2,1,6.42535E+20,5.49778E+21,1.09732E+16,4.96157E+16
186051,9.17112E+18,9,5,64,0,2017,11,16,1,3,5,3,0,1,0,0,0,2,1,6.51036E+20,5.47854E+21,1.10835E+16,4.94407E+16
186052,9.17112E+18,9,5,64,0,2017,11,22,1,3,2,6,0,1,0,0,0,2,1,6.52058E+20,5.47914E+21,1.10978E+16,4.94459E+16
186053,9.17112E+18,9,5,64,0,2017,11,19,1,3,5,7,0,1,0,0,0,2,0,6.51634E+20,5.48088E+21,1.10926E+16,4.94616E+16
186054,9.17112E+18,9,5,64,0,2017,11,3,1,3,0,1,1,0,0,0,0,2,1,6.51321E+20,5.47927E+21,1.10877E+16,4.94473E+16
186055,9.17112E+18,9,5,61,0,2017,11,1,1,3,8,1,0,1,0,0,0,2,1,6.14747E+20,5.4633E+21,1.05787E+16,4.93116E+16
186056,9.17112E+18,9,3,62,0,2017,11,18,1,3,2,6,0,1,0,0,0,2,0,7.25823E+20,5.43324E+21,1.20883E+16,4.90107E+16
186057,9.17112E+18,9,2,71,140,2017,11,3,1,2,8,7,0,1,0,0,0,2,1,7.83332E+20,5.41933E+21,1.28634E+16,4.88621E+16
186058,9.17112E+18,9,2,75,145,2017,11,3,1,3,8,1,0,1,0,0,0,2,1,8.20128E+20,5.37486E+21,1.33294E+16,4.84453E+16
186059,9.17112E+18,9,1,87,117,2017,11,14,1,3,0,7,0,0,0,0,1,0,0,7.25017E+20,5.30532E+21,1.20086E+16,4.78618E+16
186060,9.17112E+18,9,1,61,0,2017,11,19,1,3,0,1,1,0,0,0,0,2,0,6.79599E+20,5.40317E+21,1.14436E+16,4.87556E+16
186061,9.17112E+18,9,1,81,130,2017,11,5,1,2,0,1,1,0,0,0,0,2,1,6.39721E+20,5.3242E+21,1.08751E+16,4.80557E+16
186062,9.17112E+18,9,1,62,0,2017,11,18,7,3,0,7,0,0,0,1,0,2,0,6.90432E+20,5.33532E+21,1.156E+16,4.81426E+16
186063,9.17112E+18,9,1,62,0,2017,11,2,7,3,3,6,1,0,0,0,0,2,0,6.9053E+20,5.33581E+21,1.15616E+16,4.8147E+16
186064,9.17112E+18,9,1,62,0,2017,11,10,7,3,5,3,1,1,0,0,0,0,0,6.91917E+20,5.33023E+21,1.15777E+16,4.80964E+16
186065,9.17112E+18,9,1,62,0,2017,11,19,7,3,0,7,0,1,1,0,0,2,0,6.88404E+20,5.34354E+21,1.15364E+16,4.82171E+16
186066,9.17112E+18,9,1,62,0,2017,11,22,7,3,4,2,0,1,0,0,0,2,0,6.88699E+20,5.33628E+21,1.15372E+16,4.81517E+16
186067,9.17112E+18,9,1,62,0,2017,11,9,7,2,3,2,0,1,0,0,0,0,1,6.90455E+20,5.34014E+21,1.15625E+16,4.81859E+16
186068,9.17112E+18,9,1,62,0,2017,11,12,7,3,5,3,1,1,0,0,0,0,1,6.89899E+20,5.34319E+21,1.15564E+16,4.82135E+16
186069,9.17112E+18,9,1,62,0,2017,11,18,7,2,6,4,0,0,1,0,1,2,0,6.86513E+20,5.33833E+21,1.15087E+16,4.81708E+16
186070,9.17112E+18,9,1,84,146,2017,11,17,7,3,1,7,1,1,0,0,0,2,1,6.9711E+20,5.32878E+21,1.16467E+16,4.80818E+16
186071,9.17112E+18,9,1,62,0,2017,11,13,7,3,2,6,0,1,0,0,0,0,0,6.90206E+20,5.33546E+21,1.1557E+16,4.81439E+16
186072,9.17112E+18,9,1,62,0,2017,11,20,7,3,3,6,0,1,0,0,0,2,0,6.92151E+20,5.33558E+21,1.15832E+16,4.81444E+16
186073,9.17112E+18,9,1,62,0,2017,11,13,7,3,5,3,1,1,0,0,0,0,0,6.92088E+20,5.33449E+21,1.15819E+16,4.81347E+16
186074,9.17112E+18,9,7,76,116,2017,11,13,7,3,0,1,1,0,0,0,0,0,0,5.51919E+20,5.26637E+21,9.69001E+15,4.75487E+16
186075,9.17112E+18,9,7,62,0,2017,11,10,7,3,4,2,1,1,0,0,0,0,0,6.22039E+20,5.30662E+21,1.06329E+16,4.79013E+16
186076,9.17112E+18,9,7,72,217,2017,11,10,7,2,4,6,0,1,0,0,0,0,0,6.35935E+20,5.38077E+21,1.08426E+16,4.85652E+16
186077,9.17112E+18,9,7,61,0,2017,11,22,7,3,4,2,0,1,0,0,0,2,1,6.39265E+20,5.36226E+21,1.08815E+16,4.83981E+16
186078,9.17112E+18,9,6,79,209,2017,11,9,7,2,6,2,0,1,1,0,0,0,1,5.62587E+20,5.5182E+21,9.86994E+15,4.9813E+16
186079,9.17112E+18,9,6,79,147,2017,11,10,7,3,5,3,0,1,0,0,1,0,1,5.63462E+20,5.51545E+21,9.88165E+15,4.97882E+16
186080,9.17112E+18,9,6,61,0,2017,11,17,7,2,7,7,1,0,0,0,1,2,0,5.08021E+20,5.53469E+21,9.11184E+15,4.99645E+16
186081,9.17112E+18,9,6,71,111,2017,11,19,7,3,6,7,1,0,1,0,0,2,0,5.04367E+20,5.54843E+21,9.06104E+15,5.00882E+16
186082,9.17112E+18,9,5,74,139,2017,11,12,7,2,9,7,1,0,0,0,0,0,0,6.68439E+20,5.48005E+21,1.1324E+16,4.94497E+16
186083,9.17112E+18,9,5,63,0,2017,11,11,7,3,5,3,0,1,0,1,0,0,0,6.44675E+20,5.48112E+21,1.09967E+16,4.94655E+16
186084,9.17112E+18,9,5,64,0,2017,11,21,7,3,5,7,0,1,0,0,0,2,0,6.47716E+20,5.47831E+21,1.10376E+16,4.94395E+16
186085,9.17112E+18,9,4,79,166,2017,11,17,7,3,5,3,0,1,0,0,0,2,0,7.06686E+20,5.55395E+21,1.18903E+16,5.01018E+16
186086,9.17112E+18,9,4,61,0,2017,11,13,7,3,5,3,0,1,0,0,0,0,0,6.36538E+20,5.52808E+21,1.09009E+16,4.98896E+16
186087,9.17112E+18,9,2,79,112,2017,11,12,7,3,6,7,0,1,1,0,0,0,0,7.57429E+20,5.39151E+21,1.24936E+16,4.86236E+16
186088,9.17112E+18,9,1,87,128,2017,11,9,7,2,0,1,1,0,0,0,0,0,0,7.46632E+20,5.31174E+21,1.23008E+16,4.79115E+16
186089,9.17112E+18,9,1,79,145,2017,11,23,7,3,1,7,0,1,0,0,1,2,0,6.76373E+20,5.33892E+21,1.13727E+16,4.8179E+16
186090,9.17112E+18,9,1,78,120,2017,11,14,7,3,6,4,0,1,1,0,0,0,1,6.9521E+20,5.35347E+21,1.16325E+16,4.83043E+16
186091,9.17112E+18,9,1,62,0,2017,11,16,6,3,6,2,0,1,1,0,0,1,0,6.95225E+20,5.33425E+21,1.16239E+16,4.81316E+16
186092,9.17112E+18,9,1,62,0,2017,11,8,6,3,2,6,0,1,0,0,0,0,0,6.92245E+20,5.33509E+21,1.15843E+16,4.814E+16
186093,9.17112E+18,9,1,62,0,2017,11,8,6,3,3,6,0,1,0,0,1,0,0,6.89265E+20,5.33493E+21,1.15442E+16,4.81395E+16
186094,9.17112E+18,9,1,62,0,2017,11,13,6,3,5,3,0,1,0,0,0,0,0,6.89707E+20,5.34335E+21,1.15539E+16,4.8215E+16
186095,9.17112E+18,9,1,62,0,2017,11,9,6,3,5,3,1,1,0,0,0,0,0,6.88018E+20,5.33914E+21,1.15293E+16,4.81776E+16
186096,9.17112E+18,9,1,62,0,2017,11,14,6,3,6,4,0,1,1,0,0,0,0,6.90821E+20,5.34E+21,1.15673E+16,4.81846E+16
186097,9.17112E+18,9,1,62,0,2017,11,19,6,3,3,5,0,1,0,0,0,2,1,6.91237E+20,5.33995E+21,1.15729E+16,4.8184E+16
186098,9.17112E+18,9,1,62,0,2017,11,17,6,3,3,2,1,1,0,0,0,2,0,6.87675E+20,5.3362E+21,1.15234E+16,4.81514E+16
186099,9.17112E+18,9,1,62,0,2017,11,18,6,3,5,2,1,1,0,0,0,1,1,6.89049E+20,5.33335E+21,1.15406E+16,4.81253E+16
186100,9.17112E+18,9,1,62,0,2017,11,15,6,3,5,3,0,1,0,1,0,0,0,6.91836E+20,5.33683E+21,1.15796E+16,4.81558E+16
186101,9.17112E+18,9,7,75,135,2017,11,18,6,3,5,2,1,1,0,0,0,2,0,5.75826E+20,5.36022E+21,1.00243E+16,4.83906E+16
186102,9.17112E+18,9,7,77,177,2017,11,14,6,2,9,1,1,0,0,0,0,0,0,6.34291E+20,5.31757E+21,1.08002E+16,4.79974E+16
186103,9.17112E+18,9,7,79,194,2017,11,6,6,3,5,3,0,1,0,0,0,0,0,6.06546E+20,5.41063E+21,1.0452E+16,4.88395E+16
186104,9.17112E+18,9,7,71,142,2017,11,11,6,3,6,2,0,1,1,0,0,0,0,6.46276E+20,5.35254E+21,1.09728E+16,4.83091E+16
186105,9.17112E+18,9,7,61,0,2017,11,6,6,3,6,3,0,1,1,0,0,2,1,6.38045E+20,5.35831E+21,1.08637E+16,4.83629E+16
186106,9.17112E+18,9,7,61,0,2017,11,13,6,3,2,2,0,1,0,0,0,0,0,6.42369E+20,5.36017E+21,1.09227E+16,4.83786E+16
186107,9.17112E+18,9,7,61,0,2017,11,16,6,3,0,1,1,0,0,0,0,1,1,6.41137E+20,5.35818E+21,1.09054E+16,4.8361E+16
186108,9.17112E+18,9,7,61,0,2017,11,7,6,3,6,7,1,0,1,0,0,0,0,6.40594E+20,5.35725E+21,1.08978E+16,4.83527E+16
186109,9.17112E+18,9,6,63,0,2017,11,8,6,2,4,7,1,0,0,0,0,0,0,5.67894E+20,5.51431E+21,9.94302E+15,4.97774E+16
186110,9.17112E+18,9,6,79,138,2017,11,15,6,2,6,4,0,1,1,0,0,0,1,5.68184E+20,5.50053E+21,9.94463E+15,4.96535E+16
186111,9.17112E+18,9,6,62,0,2017,11,12,6,3,5,3,0,1,0,0,0,0,0,5.88622E+20,5.54316E+21,1.02375E+16,5.00341E+16
186112,9.17112E+18,9,6,62,0,2017,11,7,6,3,6,4,0,1,1,0,0,1,0,5.8902E+20,5.54461E+21,1.02434E+16,5.00471E+16
186113,9.17112E+18,9,6,72,145,2017,11,14,6,3,8,6,0,1,0,1,0,0,1,5.60711E+20,5.5742E+21,9.85275E+15,5.03168E+16
186114,9.17112E+18,9,5,62,0,2017,11,11,6,3,6,4,0,1,1,0,0,0,1,6.44784E+20,5.49534E+21,1.10034E+16,4.95933E+16
186115,9.17112E+18,9,5,72,121,2017,11,7,6,3,5,3,0,1,0,1,0,2,1,6.57758E+20,5.49461E+21,1.11825E+16,4.95834E+16
186116,9.17112E+18,9,5,65,0,2017,11,5,6,2,5,3,0,0,0,1,1,1,1,6.47635E+20,5.46547E+21,1.10317E+16,4.93241E+16
186117,9.17112E+18,9,5,64,0,2017,11,13,6,3,6,1,0,0,1,0,1,0,0,6.50899E+20,5.47921E+21,1.10818E+16,4.94468E+16
186118,9.17112E+18,9,5,64,0,2017,11,17,6,3,0,1,0,0,0,1,0,1,1,6.49765E+20,5.47969E+21,1.10664E+16,4.94514E+16
186119,9.17112E+18,9,5,77,125,2017,11,4,6,3,9,1,0,1,0,0,0,2,0,6.43702E+20,5.43673E+21,1.09674E+16,4.90667E+16
186120,9.17112E+18,9,4,73,151,2017,11,13,6,3,5,3,0,1,0,0,0,0,1,6.51333E+20,5.57723E+21,1.11262E+16,5.03277E+16
186121,9.17112E+18,9,4,62,0,2017,11,6,6,3,2,6,0,1,0,0,0,2,1,6.86222E+20,5.53679E+21,1.15961E+16,4.99544E+16
186122,9.17112E+18,9,3,63,0,2017,11,12,6,3,5,3,0,1,0,0,0,0,1,7.29798E+20,5.50716E+21,1.21852E+16,4.96731E+16
186123,9.17112E+18,9,3,62,0,2017,11,14,6,3,1,6,0,1,0,0,0,0,1,7.29319E+20,5.4351E+21,1.21371E+16,4.90261E+16
186124,9.17112E+18,9,3,73,147,2017,11,14,6,3,1,6,0,1,0,0,0,0,0,6.78163E+20,5.46178E+21,1.14498E+16,4.92828E+16
186125,9.17112E+18,9,3,76,160,2017,11,6,6,3,7,7,0,1,0,0,0,1,1,7.56066E+20,5.48864E+21,1.25365E+16,4.94962E+16
186126,9.17112E+18,9,2,71,119,2017,11,7,6,3,6,7,0,1,1,0,0,2,0,7.90399E+20,5.41657E+21,1.29576E+16,4.88341E+16
186127,9.17112E+18,9,2,77,145,2017,11,6,6,3,0,7,0,0,0,1,0,2,1,8.00686E+20,5.35549E+21,1.30533E+16,4.82811E+16
186128,9.17112E+18,9,2,61,0,2017,11,8,6,3,0,2,1,1,0,0,0,1,0,7.31595E+20,5.38188E+21,1.21382E+16,4.85472E+16
186129,9.17112E+18,9,1,83,148,2017,11,11,6,3,8,1,0,1,0,0,0,0,0,7.53178E+20,5.34502E+21,1.24079E+16,4.82079E+16
186130,9.17112E+18,9,1,63,0,2017,11,15,6,3,2,7,1,1,0,0,0,0,0,7.34014E+20,5.30533E+21,1.21287E+16,4.78587E+16