OBJECTID,UIDENTSTLA,ULAND,UREGBEZ,UKREIS,UGEMEINDE,UJAHR,UMONAT,USTUNDE,UWOCHENTAG,UKATEGORIE,UART,UTYP1,IstRad,IstPKW,IstFuss,IstKrad,IstSonstig,LICHT,STRZUSTAND,LINREFX,LINREFY,XGCSWGS84,YGCSWGS84
186131,9.17112E+18,9,1,61,0,2017,11,11,6,3,5,3,0,1,0,0,0,0,0,6.75431E+20,5.40516E+21,1.13878E+16,4.87746E+16
186132,9.17112E+18,9,1,76,123,2017,11,19,6,3,0,7,1,0,0,0,0,2,0,6.59972E+20,5.41774E+21,1.11825E+16,4.88919E+16
186133,9.17112E+18,9,1,76,114,2017,11,12,6,3,2,6,0,1,0,0,0,0,1,6.7919E+20,5.43722E+21,1.1453E+16,4.90618E+16
186134,9.17112E+18,9,1,79,145,2017,11,15,6,3,0,1,1,1,0,0,0,0,1,6.74738E+20,5.33563E+21,1.13494E+16,4.81499E+16
186135,9.17112E+18,9,1,79,121,2017,11,21,6,3,0,7,1,0,0,0,0,2,1,6.65459E+20,5.33699E+21,1.12252E+16,4.81646E+16
186136,9.17112E+18,9,1,62,0,2017,11,19,5,3,5,2,0,1,0,1,0,2,0,6.90094E+20,5.33592E+21,1.15557E+16,4.81481E+16
186137,9.17112E+18,9,1,62,0,2017,11,18,5,3,6,7,1,0,0,0,1,2,0,6.93503E+20,5.33545E+21,1.16013E+16,4.81429E+16
186138,9.17112E+18,9,1,62,0,2017,11,9,5,3,3,2,1,0,0,0,1,0,0,6.90147E+20,5.33525E+21,1.15562E+16,4.81421E+16
186139,9.17112E+18,9,1,62,0,2017,11,9,5,3,3,2,1,1,0,0,0,0,0,6.90302E+20,5.336E+21,1.15586E+16,4.81488E+16
186140,9.17112E+18,9,1,62,0,2017,11,18,5,3,0,6,0,1,0,0,1,2,0,6.93765E+20,5.33602E+21,1.16051E+16,4.81479E+16
186141,9.17112E+18,9,1,62,0,2017,11,7,5,3,6,2,0,1,1,0,0,1,0,6.8508E+20,5.33924E+21,1.14898E+16,4.81794E+16
186142,9.17112E+18,9,1,62,0,2017,11,8,5,3,5,2,1,1,0,0,0,0,0,6.88124E+20,5.33687E+21,1.15297E+16,4.81572E+16
186143,9.17112E+18,9,3,76,153,2017,11,16,5,3,0,1,1,0,0,0,0,0,0,7.30339E+20,5.48679E+21,1.21807E+16,4.949E+16
186144,9.17112E+18,9,5,63,0,2017,11,9,5,3,5,3,0,1,0,0,0,0,0,6.42371E+20,5.48088E+21,1.09649E+16,4.94639E+16
186145,9.17112E+18,9,5,77,173,2017,11,15,5,2,9,1,0,1,0,0,0,0,0,6.40013E+20,5.42034E+21,1.09112E+16,4.89201E+16
186146,9.17112E+18,9,7,72,125,2017,11,9,5,3,5,3,0,1,0,0,0,0,0,6.36744E+20,5.34719E+21,1.08426E+16,4.82631E+16
186147,9.17112E+18,9,3,73,143,2017,11,18,5,3,4,6,0,1,0,0,1,2,1,7.00165E+20,5.44972E+21,1.1746E+16,4.91676E+16
186148,9.17112E+18,9,7,79,131,2017,11,15,5,3,5,3,0,1,0,0,0,0,0,6.30446E+20,5.39738E+21,1.07734E+16,4.87158E+16
186149,9.17112E+18,9,7,77,121,2017,11,13,5,3,5,3,0,1,0,0,1,0,0,6.28081E+20,5.32138E+21,1.07181E+16,4.80328E+16
186150,9.17113E+18,9,5,75,153,2017,11,18,2,3,5,3,0,1,0,1,0,2,1,6.18271E+20,5.4935E+21,1.06362E+16,4.95825E+16
186151,9.17113E+18,9,4,64,0,2017,11,15,2,3,5,3,0,1,0,0,0,1,1,7.08948E+20,5.57853E+21,1.19354E+16,5.03217E+16
186152,9.17113E+18,9,4,63,0,2017,11,16,2,3,5,3,1,1,0,0,0,1,1,6.3932E+20,5.57027E+21,1.09549E+16,5.02681E+16
186153,9.17113E+18,9,4,77,156,2017,11,21,2,3,9,1,0,1,0,0,0,2,2,6.82216E+20,5.56116E+21,1.15519E+16,5.01746E+16
186154,9.17113E+18,9,4,77,128,2017,11,16,2,2,6,4,0,1,1,0,0,2,1,6.76423E+20,5.55421E+21,1.14677E+16,5.01139E+16
186155,9.17113E+18,9,4,62,0,2017,11,12,2,3,3,6,0,1,0,0,0,0,0,6.8363E+20,5.53623E+21,1.15598E+16,4.99501E+16
186156,9.17113E+18,9,4,62,0,2017,11,18,2,2,5,3,0,1,0,0,0,2,1,6.83662E+20,5.536E+21,1.15601E+16,4.9948E+16
186157,9.17113E+18,9,4,74,126,2017,11,19,2,3,5,3,0,1,0,1,0,2,1,6.48643E+20,5.50763E+21,1.10615E+16,4.97028E+16
186158,9.17113E+18,9,4,71,140,2017,11,14,2,3,2,6,0,1,0,0,0,0,1,6.36273E+20,5.53194E+21,1.08985E+16,4.99242E+16
186159,9.17113E+18,9,4,61,0,2017,11,17,2,3,5,3,0,1,0,0,1,2,1,6.36598E+20,5.52839E+21,1.09018E+16,4.98923E+16
186160,9.17113E+18,9,3,74,124,2017,11,17,2,2,6,4,0,1,1,0,0,2,1,7.09282E+20,5.51113E+21,1.19034E+16,4.97163E+16
186161,9.17113E+18,9,3,72,167,2017,11,12,2,2,4,6,0,1,0,0,1,0,1,7.46869E+20,5.44566E+21,1.23832E+16,4.91142E+16
186162,9.17113E+18,9,3,73,147,2017,11,8,2,3,4,2,1,1,0,0,0,0,0,6.78916E+20,5.46184E+21,1.14602E+16,4.92831E+16
186163,9.17113E+18,9,3,73,147,2017,11,14,2,2,0,1,1,0,0,0,0,0,1,6.78957E+20,5.46241E+21,1.1461E+16,4.92883E+16
186164,9.17113E+18,9,3,71,151,2017,11,7,2,3,2,2,0,1,0,0,0,1,0,7.00151E+20,5.48536E+21,1.17637E+16,4.94879E+16
186165,9.17113E+18,9,2,71,125,2017,11,6,2,3,1,6,0,1,0,0,0,2,1,7.97244E+20,5.40977E+21,1.30457E+16,4.87698E+16
186166,9.17113E+18,9,1,82,119,2017,11,22,2,3,1,7,0,1,0,0,0,2,1,7.12784E+20,5.29248E+21,1.1839E+16,4.77505E+16
186167,9.17113E+18,9,1,87,150,2017,11,18,2,3,5,3,1,1,0,0,0,2,0,7.28606E+20,5.30337E+21,1.20555E+16,4.7843E+16
186168,9.17113E+18,9,5,74,138,2017,11,17,2,3,6,4,0,1,1,0,0,2,1,6.64495E+20,5.48649E+21,1.12723E+16,4.95087E+16
186169,9.17113E+18,9,5,64,0,2017,11,17,2,3,5,3,0,1,0,0,0,2,1,6.46056E+20,5.47866E+21,1.10149E+16,4.9443E+16
186170,9.17113E+18,9,5,64,0,2017,11,7,2,3,1,5,1,0,0,0,1,1,0,6.45761E+20,5.48036E+21,1.10114E+16,4.94583E+16
186171,9.17113E+18,9,5,64,0,2017,11,22,2,3,5,3,0,1,0,0,0,2,1,6.50395E+20,5.47821E+21,1.10745E+16,4.9438E+16
186172,9.17113E+18,9,5,64,0,2017,11,12,2,3,1,7,1,1,0,0,0,0,0,6.49914E+20,5.48106E+21,1.1069E+16,4.94637E+16
186173,9.17113E+18,9,5,64,0,2017,11,20,2,3,5,3,0,1,0,0,0,2,1,6.47923E+20,5.48221E+21,1.10419E+16,4.94745E+16
186174,9.17113E+18,9,1,85,149,2017,11,17,2,3,5,3,0,1,0,1,0,2,0,6.6056E+20,5.39968E+21,1.11834E+16,4.87294E+16
186175,9.17113E+18,9,1,61,0,2017,11,19,2,3,5,3,0,1,0,0,0,2,1,6.75412E+20,5.40516E+21,1.13876E+16,4.87747E+16
186176,9.17113E+18,9,1,79,123,2017,11,12,2,3,5,3,0,1,0,0,0,0,0,6.7579E+20,5.3332E+21,1.13625E+16,4.81278E+16
186177,9.17113E+18,9,1,79,123,2017,11,18,2,3,2,6,0,1,0,0,0,2,0,6.76033E+20,5.33325E+21,1.13658E+16,4.81282E+16
186178,9.17113E+18,9,1,88,127,2017,11,6,2,3,5,3,0,1,0,0,0,2,1,6.76533E+20,5.32973E+21,1.1371E+16,4.80963E+16
186179,9.17113E+18,9,1,79,140,2017,11,7,2,3,0,7,1,0,0,0,0,0,2,6.60631E+20,5.34486E+21,1.11633E+16,4.82366E+16
186180,9.17113E+18,9,1,81,114,2017,11,19,2,2,0,7,0,1,1,0,1,2,0,6.56831E+20,5.31539E+21,1.11014E+16,4.79726E+16
186181,9.17113E+18,9,1,62,0,2017,11,11,1,3,5,7,1,1,0,0,0,0,0,6.92152E+20,5.33682E+21,1.15838E+16,4.81556E+16
186182,9.17113E+18,9,1,62,0,2017,11,17,1,2,6,4,0,1,1,0,0,2,1,6.89055E+20,5.33337E+21,1.15407E+16,4.81254E+16
186183,9.17113E+18,9,7,74,119,2017,11,9,1,3,7,7,0,1,1,0,0,0,0,5.87689E+20,5.36318E+21,1.01851E+16,4.84156E+16
186184,9.17113E+18,9,7,63,0,2017,11,23,1,3,8,1,0,0,0,0,1,2,2,5.96562E+20,5.28664E+21,1.02877E+16,4.77259E+16
186185,9.17113E+18,9,7,77,138,2017,11,19,1,3,5,3,0,1,0,0,0,2,2,6.07037E+20,5.29856E+21,1.04303E+16,4.78315E+16
186186,9.17113E+18,9,7,61,0,2017,11,17,1,2,6,2,0,1,1,0,0,2,1,6.38806E+20,5.36059E+21,1.08748E+16,4.83832E+16
186187,9.17113E+18,9,6,63,0,2017,11,11,1,2,6,4,1,0,1,0,0,0,0,5.66993E+20,5.51695E+21,9.93095E+15,4.98012E+16
186188,9.17113E+18,9,6,63,0,2017,11,17,1,3,5,2,0,1,0,1,0,2,0,5.68615E+20,5.51587E+21,9.9533E+15,4.97913E+16
186189,9.17113E+18,9,6,63,0,2017,11,21,1,2,0,7,1,0,0,0,0,2,0,5.66552E+20,5.51529E+21,9.92454E+15,4.97864E+16
186190,9.17113E+18,9,6,63,0,2017,11,11,1,3,5,3,0,1,0,0,0,0,0,5.67615E+20,5.51432E+21,9.93914E+15,4.97776E+16
186191,9.17113E+18,9,6,63,0,2017,11,6,1,3,0,1,1,0,0,0,0,2,0,5.67219E+20,5.51667E+21,9.93405E+15,4.97987E+16
186192,9.17113E+18,9,5,64,0,2017,11,9,1,3,3,7,0,1,0,0,0,0,0,6.47593E+20,5.47932E+21,1.10363E+16,4.94486E+16
186193,9.17113E+18,9,5,64,0,2017,11,23,1,3,4,6,0,1,0,0,0,2,0,6.48183E+20,5.48306E+21,1.10458E+16,4.94821E+16
186194,9.17113E+18,9,5,77,177,2017,11,13,1,3,5,3,1,1,0,0,0,0,0,6.44719E+20,5.43196E+21,1.09796E+16,4.90235E+16
186195,9.17113E+18,9,3,62,0,2017,11,12,1,2,5,3,1,1,0,0,0,0,0,7.27655E+20,5.43595E+21,1.21148E+16,4.90344E+16
186196,9.17113E+18,9,2,74,141,2017,11,16,1,3,8,7,0,1,0,0,0,0,1,7.32686E+20,5.39423E+21,1.21599E+16,4.86578E+16
186197,9.17113E+18,9,1,90,140,2017,11,7,1,3,0,1,0,0,0,1,0,0,2,6.43792E+20,5.29611E+21,1.09203E+16,4.78023E+16
186198,9.17113E+18,9,1,90,140,2017,11,10,1,2,9,1,0,1,0,0,0,0,2,6.46428E+20,5.29624E+21,1.09556E+16,4.78028E+16
186199,9.17113E+18,9,1,86,162,2017,11,4,1,3,0,1,1,0,0,0,0,2,0,6.92752E+20,5.38667E+21,1.16147E+16,4.86034E+16
186200,9.17113E+18,9,1,79,123,2017,11,12,1,2,0,7,1,0,0,0,0,0,0,6.75299E+20,5.33273E+21,1.13557E+16,4.81237E+16
186201,9.17113E+18,9,1,77,133,2017,11,13,1,3,6,4,0,1,1,0,0,0,0,7.06398E+20,5.35926E+21,1.17861E+16,4.83527E+16
186202,9.17113E+18,9,1,75,115,2017,11,20,1,2,9,1,0,1,0,0,0,2,1,7.19275E+20,5.32839E+21,1.19437E+16,4.80711E+16
186203,9.17113E+18,9,1,62,0,2017,11,13,7,3,6,4,0,1,1,0,0,0,1,6.86671E+20,5.33946E+21,1.15113E+16,4.81809E+16
186204,9.17113E+18,9,1,62,0,2017,11,8,7,3,5,3,1,1,0,0,0,0,0,6.88686E+20,5.33325E+21,1.15357E+16,4.81245E+16
186205,9.17113E+18,9,1,62,0,2017,11,11,7,3,5,3,0,1,0,0,0,0,0,6.86222E+20,5.33352E+21,1.15027E+16,4.81277E+16
186206,9.17113E+18,9,1,62,0,2017,11,7,7,2,6,7,0,0,1,0,1,0,0,6.92213E+20,5.33904E+21,1.15856E+16,4.81755E+16
186207,9.17113E+18,9,1,62,0,2017,11,14,7,3,5,3,0,1,0,0,0,0,1,6.96949E+20,5.33324E+21,1.16466E+16,4.81219E+16
186208,9.17113E+18,9,1,62,0,2017,11,12,7,3,1,6,0,1,1,0,0,0,1,6.91285E+20,5.33189E+21,1.15699E+16,4.81115E+16
186209,9.17113E+18,9,7,80,119,2017,11,0,7,3,8,7,0,1,0,0,0,2,0,5.92901E+20,5.29752E+21,1.02412E+16,4.78243E+16
186210,9.17113E+18,9,7,80,143,2017,11,3,7,3,8,6,0,1,0,0,0,2,0,5.98078E+20,5.28168E+21,1.03068E+16,4.7681E+16
186211,9.17113E+18,9,7,61,0,2017,11,21,7,3,3,6,0,1,0,0,0,2,0,6.36707E+20,5.36087E+21,1.08465E+16,4.83861E+16
186212,9.17113E+18,9,7,61,0,2017,11,16,7,3,1,6,0,1,0,0,0,0,0,6.40269E+20,5.35915E+21,1.0894E+16,4.83699E+16
186213,9.17113E+18,9,6,63,0,2017,11,17,7,3,8,7,0,1,0,0,0,1,1,5.66766E+20,5.51562E+21,9.92757E+15,4.97893E+16
186214,9.17113E+18,9,6,63,0,2017,11,17,7,3,5,3,0,1,0,0,0,2,1,5.69735E+20,5.50828E+21,9.9675E+15,4.97229E+16
186215,9.17113E+18,9,6,63,0,2017,11,16,7,3,0,4,0,0,1,1,0,2,1,5.66656E+20,5.51663E+21,9.92622E+15,4.97984E+16
186216,9.17113E+18,9,6,71,140,2017,11,8,7,2,5,3,1,1,0,0,0,0,1,5.07032E+20,5.53636E+21,9.09808E+15,4.99795E+16
186217,9.17113E+18,9,5,62,0,2017,11,14,7,2,0,2,1,1,0,0,0,0,1,6.4663E+20,5.49563E+21,1.10291E+16,4.95954E+16
186218,9.17113E+18,9,5,63,0,2017,11,15,7,3,5,3,0,1,0,0,0,0,0,6.45203E+20,5.48294E+21,1.10047E+16,4.94817E+16
186219,9.17113E+18,9,5,64,0,2017,11,18,7,3,5,2,0,1,0,0,0,2,1,6.53163E+20,5.4839E+21,1.11149E+16,4.94884E+16
186220,9.17113E+18,9,5,64,0,2017,11,15,7,3,6,7,0,1,1,0,0,0,1,6.50155E+20,5.4795E+21,1.10717E+16,4.94496E+16
186221,9.17113E+18,9,4,64,0,2017,11,14,7,3,5,3,0,1,0,1,0,0,0,7.06326E+20,5.57927E+21,1.1899E+16,5.03294E+16
186222,9.17113E+18,9,4,64,0,2017,11,18,7,3,1,5,1,1,0,0,0,2,1,7.07674E+20,5.57471E+21,1.19154E+16,5.02879E+16
186223,9.17113E+18,9,3,77,145,2017,11,13,7,3,6,4,0,1,1,0,0,0,1,7.27288E+20,5.54027E+21,1.21698E+16,4.99714E+16
186224,9.17113E+18,9,1,76,138,2017,11,3,7,2,9,1,0,1,0,0,0,2,1,6.77346E+20,5.4257E+21,1.14228E+16,4.89588E+16
186225,9.17113E+18,9,1,61,0,2017,11,19,7,3,2,6,1,1,0,0,0,2,1,6.78394E+20,5.40393E+21,1.14276E+16,4.87628E+16
186226,9.17113E+18,9,1,85,131,2017,11,18,7,2,6,6,0,1,1,0,0,2,0,6.65358E+20,5.37787E+21,1.12399E+16,4.85322E+16
186227,9.17113E+18,9,1,81,130,2017,11,13,7,3,2,6,0,1,0,0,0,0,1,6.38653E+20,5.32506E+21,1.08611E+16,4.80637E+16
186228,9.17113E+18,9,1,79,145,2017,11,15,7,3,1,3,0,1,0,1,0,0,1,6.74802E+20,5.33806E+21,1.13512E+16,4.81718E+16
186229,9.17113E+18,9,1,79,145,2017,11,20,7,2,6,4,1,0,1,0,0,2,1,6.74402E+20,5.3378E+21,1.13457E+16,4.81695E+16
186230,9.17112E+18,9,1,62,0,2017,11,19,6,3,3,7,0,1,0,0,1,2,0,6.90331E+20,5.3352E+21,1.15586E+16,4.81416E+16
186231,9.17112E+18,9,1,62,0,2017,11,9,6,3,5,3,1,0,0,0,0,0,0,6.90469E+20,5.33566E+21,1.15607E+16,4.81456E+16
186232,9.17112E+18,9,1,62,0,2017,11,15,6,3,5,2,1,1,0,0,0,0,0,6.92633E+20,5.33476E+21,1.15893E+16,4.81369E+16
186233,9.17112E+18,9,1,62,0,2017,11,13,6,2,0,1,1,0,0,0,0,0,0,6.9132E+20,5.33923E+21,1.15737E+16,4.81775E+16
186234,9.17112E+18,9,1,62,0,2017,11,17,6,3,0,7,0,0,0,0,1,2,0,6.89035E+20,5.33225E+21,1.15399E+16,4.81155E+16
186235,9.17112E+18,9,1,62,0,2017,11,9,6,3,3,6,0,1,0,0,0,0,0,6.89303E+20,5.33729E+21,1.15457E+16,4.81607E+16
186236,9.17112E+18,9,1,62,0,2017,11,11,6,2,5,3,1,1,0,0,0,0,0,6.8347E+20,5.33898E+21,1.14681E+16,4.81776E+16
186237,9.17112E+18,9,1,62,0,2017,11,22,6,2,3,6,1,0,0,0,0,2,1,6.88997E+20,5.33558E+21,1.15409E+16,4.81454E+16
186238,9.17112E+18,9,1,62,0,2017,11,23,6,2,0,7,1,0,0,0,0,2,0,6.80699E+20,5.3412E+21,1.14318E+16,4.81983E+16
186239,9.17112E+18,9,1,62,0,2017,11,14,6,3,4,2,0,1,0,0,0,0,0,6.89041E+20,5.33555E+21,1.15414E+16,4.81451E+16
186240,9.17112E+18,9,1,62,0,2017,11,23,6,2,6,4,1,0,1,0,0,2,0,6.89159E+20,5.33691E+21,1.15436E+16,4.81573E+16
186241,9.17112E+18,9,1,62,0,2017,11,16,6,3,0,4,0,0,1,0,1,1,0,6.91968E+20,5.33229E+21,1.15793E+16,4.81149E+16
186242,9.17112E+18,9,1,62,0,2017,11,20,6,3,5,7,1,1,0,0,0,2,0,6.94256E+20,5.33347E+21,1.16105E+16,4.81248E+16
186243,9.17112E+18,9,1,62,0,2017,11,15,6,3,3,6,1,1,0,0,0,0,0,6.91928E+20,5.33833E+21,1.15815E+16,4.81692E+16
186244,9.17112E+18,9,1,62,0,2017,11,12,6,3,2,6,0,1,0,0,0,0,0,6.90207E+20,5.33547E+21,1.15571E+16,4.8144E+16
186245,9.17112E+18,9,7,75,135,2017,11,19,6,2,6,7,0,1,1,0,0,2,1,5.73737E+20,5.3597E+21,9.99596E+15,4.83861E+16
186246,9.17112E+18,9,7,64,0,2017,11,10,6,2,3,6,1,0,0,0,1,0,0,5.86926E+20,5.31274E+21,1.01645E+16,4.79621E+16
186247,9.17112E+18,9,7,61,0,2017,11,18,6,3,6,6,1,0,1,0,0,2,0,6.43502E+20,5.35759E+21,1.09371E+16,4.83551E+16
186248,9.17112E+18,9,7,72,209,2017,11,5,6,3,5,3,0,1,0,0,0,1,0,6.34983E+20,5.33623E+21,1.08154E+16,4.81649E+16
186249,9.17112E+18,9,7,61,0,2017,11,12,6,3,5,3,0,1,0,1,0,0,0,6.4185E+20,5.35941E+21,1.09154E+16,4.83719E+16
186250,9.17112E+18,9,7,61,0,2017,11,12,6,2,2,6,1,1,0,0,0,0,0,6.40006E+20,5.35624E+21,1.08895E+16,4.83438E+16
186251,9.17112E+18,9,7,61,0,2017,11,17,6,3,0,7,1,0,0,0,0,2,0,6.40368E+20,5.35865E+21,1.08952E+16,4.83654E+16
186252,9.17112E+18,9,7,71,113,2017,11,14,6,3,4,3,0,1,0,0,0,0,0,6.55611E+20,5.36665E+21,1.11038E+16,4.84337E+16
186253,9.17112E+18,9,6,63,0,2017,11,13,6,3,2,1,0,1,0,1,0,0,1,5.67677E+20,5.51729E+21,9.94052E+15,4.98042E+16
186254,9.17112E+18,9,6,63,0,2017,11,12,6,3,5,3,1,1,0,0,0,0,1,5.66916E+20,5.51521E+21,9.92959E+15,4.97856E+16
186255,9.17112E+18,9,6,61,0,2017,11,18,6,3,4,2,0,1,0,0,0,2,1,5.1143E+20,5.53622E+21,9.15941E+15,4.99782E+16
186256,9.17112E+18,9,5,72,132,2017,11,14,6,3,0,2,1,0,0,0,1,0,1,6.36235E+20,5.49193E+21,1.0884E+16,4.95646E+16
186257,9.17112E+18,9,5,63,0,2017,11,6,6,3,9,3,0,1,0,0,1,1,1,6.45367E+20,5.48048E+21,1.1006E+16,4.94595E+16
186258,9.17112E+18,9,5,64,0,2017,11,17,6,2,5,2,1,1,0,0,0,2,1,6.49135E+20,5.48003E+21,1.10578E+16,4.94546E+16
186259,9.17112E+18,9,5,64,0,2017,11,16,6,2,6,4,1,0,1,0,0,1,1,6.5092E+20,5.47851E+21,1.10819E+16,4.94405E+16
186260,9.17112E+18,9,5,64,0,2017,11,22,6,3,5,2,1,1,0,0,0,2,0,6.51632E+20,5.47808E+21,1.10915E+16,4.94365E+16
186261,9.17112E+18,9,5,77,136,2017,11,16,6,3,6,4,0,1,1,0,0,0,0,6.28855E+20,5.44219E+21,1.07659E+16,4.91191E+16
186262,9.17112E+18,9,4,75,113,2017,11,19,6,3,0,7,0,1,0,0,0,2,1,6.9715E+20,5.58334E+21,1.17724E+16,5.03691E+16
186263,9.17112E+18,9,4,64,0,2017,11,14,6,3,2,6,0,1,0,0,0,0,0,7.07921E+20,5.57742E+21,1.19204E+16,5.03122E+16
186264,9.17112E+18,9,4,63,0,2017,11,13,6,3,5,3,0,1,0,0,0,0,1,6.40011E+20,5.56803E+21,1.09638E+16,5.02479E+16
186265,9.17112E+18,9,4,72,199,2017,11,18,6,3,5,3,0,1,0,0,0,2,0,6.95707E+20,5.53565E+21,1.17276E+16,4.99411E+16
186266,9.17112E+18,9,3,62,0,2017,11,12,6,3,0,5,1,0,0,0,1,0,0,7.30703E+20,5.434E+21,1.21554E+16,4.90157E+16
186267,9.17112E+18,9,2,62,0,2017,11,18,6,3,5,3,0,1,0,0,0,2,1,8.24774E+20,5.38849E+21,1.34026E+16,4.85653E+16
186268,9.17112E+18,9,2,77,116,2017,11,11,6,3,2,6,0,1,0,1,0,0,0,7.78275E+20,5.36813E+21,1.27603E+16,4.84048E+16
186269,9.17112E+18,9,2,61,0,2017,11,7,6,3,4,2,1,1,0,0,0,1,0,7.30526E+20,5.38265E+21,1.21242E+16,4.85545E+16
186270,9.17112E+18,9,2,61,0,2017,11,7,6,3,6,4,0,1,1,0,0,0,0,7.32086E+20,5.3817E+21,1.21447E+16,4.85454E+16
186271,9.17112E+18,9,2,79,115,2017,11,19,6,2,4,6,0,1,0,0,0,2,1,7.61039E+20,5.37962E+21,1.2535E+16,4.85153E+16
186272,9.17112E+18,9,2,79,112,2017,11,20,6,3,0,7,1,0,0,0,0,2,1,7.5789E+20,5.39247E+21,1.25004E+16,4.86321E+16
186273,9.17112E+18,9,1,89,114,2017,11,12,6,3,4,2,1,0,0,0,0,0,0,7.64498E+20,5.3112E+21,1.25391E+16,4.78996E+16
186274,9.17112E+18,9,1,89,154,2017,11,15,6,1,5,3,1,1,0,0,0,0,0,7.68166E+20,5.31823E+21,1.25925E+16,4.79612E+16
186275,9.17112E+18,9,1,71,113,2017,11,19,6,2,0,1,1,0,0,0,0,2,0,7.77793E+20,5.34118E+21,1.27361E+16,4.81631E+16
186276,9.17112E+18,9,1,71,111,2017,11,9,6,3,3,5,0,1,0,0,0,0,1,7.72649E+20,5.34795E+21,1.26714E+16,4.82261E+16
186277,9.17112E+18,9,1,87,182,2017,11,16,6,3,4,6,0,1,0,0,0,2,1,7.36709E+20,5.32703E+21,1.21766E+16,4.80526E+16
186278,9.17112E+18,9,1,63,0,2017,11,17,6,3,0,1,1,0,0,0,0,2,0,7.34079E+20,5.30535E+21,1.21296E+16,4.78589E+16
186279,9.17112E+18,9,1,63,0,2017,11,16,6,3,5,7,1,1,0,0,0,2,0,7.34688E+20,5.30488E+21,1.21375E+16,4.78544E+16
186280,9.17112E+18,9,1,63,0,2017,11,10,6,2,3,6,1,0,0,0,1,0,0,7.32992E+20,5.30478E+21,1.21148E+16,4.78541E+16
186281,9.17112E+18,9,1,86,137,2017,11,8,6,3,0,3,0,1,0,1,0,0,0,6.80541E+20,5.39824E+21,1.14543E+16,4.8711E+16
186282,9.17112E+18,9,1,61,0,2017,11,20,6,2,5,3,1,1,0,0,0,2,0,6.7828E+20,5.40469E+21,1.14264E+16,4.87697E+16
186283,9.17112E+18,9,1,74,131,2017,11,14,6,3,5,3,0,1,0,0,0,0,0,6.76368E+20,5.35752E+21,1.13804E+16,4.83462E+16
186284,9.17112E+18,9,1,75,127,2017,11,17,6,3,5,2,1,1,0,0,0,2,0,7.13257E+20,5.3418E+21,1.18697E+16,4.81936E+16
186285,9.17112E+18,9,1,78,120,2017,11,10,6,3,5,3,1,1,0,0,0,0,0,6.96209E+20,5.35423E+21,1.16464E+16,4.83108E+16
186286,9.17112E+18,9,1,77,133,2017,11,12,6,3,9,1,0,1,0,0,0,0,0,7.07665E+20,5.35533E+21,1.18012E+16,4.8317E+16
186287,9.17112E+18,9,1,77,117,2017,11,12,6,3,0,1,1,0,0,0,0,0,0,7.15153E+20,5.35135E+21,1.19001E+16,4.82787E+16
186288,9.17112E+18,9,1,75,119,2017,11,13,6,2,5,3,0,1,0,0,1,0,0,7.26349E+20,5.32349E+21,1.20359E+16,4.80245E+16
186289,9.17112E+18,9,1,62,0,2017,11,16,5,3,1,5,0,1,0,0,0,1,0,6.92049E+20,5.3403E+21,1.1584E+16,4.81869E+16
186290,9.17112E+18,9,1,62,0,2017,11,6,5,3,5,3,0,1,0,1,0,1,0,6.8714E+20,5.33698E+21,1.15165E+16,4.81585E+16
186291,9.17112E+18,9,1,62,0,2017,11,17,5,3,2,6,1,1,0,0,0,2,0,6.91884E+20,5.32979E+21,1.1577E+16,4.80925E+16
186292,9.17112E+18,9,1,62,0,2017,11,19,5,3,0,7,0,0,1,0,1,2,0,6.91856E+20,5.33236E+21,1.15778E+16,4.81156E+16
186293,9.17112E+18,9,1,62,0,2017,11,15,5,3,3,2,1,1,0,0,0,0,0,6.89524E+20,5.33606E+21,1.15482E+16,4.81495E+16
186294,9.17112E+18,9,1,62,0,2017,11,13,5,3,5,2,1,1,0,0,0,0,0,6.84283E+20,5.33126E+21,1.14757E+16,4.81079E+16
186295,9.17112E+18,9,1,84,131,2017,11,2,5,3,1,7,1,1,0,0,0,2,0,7.04861E+20,5.33979E+21,1.17559E+16,4.81783E+16
186296,9.17112E+18,9,1,62,0,2017,11,10,5,3,5,2,0,1,0,0,0,0,0,6.90623E+20,5.33736E+21,1.15635E+16,4.81609E+16
186297,9.17112E+18,9,1,62,0,2017,11,9,5,3,1,6,0,1,0,0,1,0,0,6.92144E+20,5.33559E+21,1.15831E+16,4.81445E+16
186298,9.17112E+18,9,7,75,135,2017,11,8,5,3,5,3,0,1,0,0,0,0,0,5.74886E+20,5.36104E+21,1.00117E+16,4.83981E+16
186299,9.17112E+18,9,7,78,113,2017,11,6,5,3,0,1,0,1,0,0,0,2,0,6.08887E+20,5.31569E+21,1.04593E+16,4.79853E+16
186300,9.17112E+18,9,7,78,173,2017,11,14,5,3,5,3,0,1,0,0,0,0,0,6.11536E+20,5.32275E+21,1.04966E+16,4.80483E+16