OBJECTID,UIDENTSTLA,ULAND,UREGBEZ,UKREIS,UGEMEINDE,UJAHR,UMONAT,USTUNDE,UWOCHENTAG,UKATEGORIE,UART,UTYP1,IstRad,IstPKW,IstFuss,IstKrad,IstSonstig,LICHT,STRZUSTAND,LINREFX,LINREFY,XGCSWGS84,YGCSWGS84
186472,9.17113E+18,9,1,62,0,2017,11,18,5,3,4,7,0,1,0,0,0,2,2,6.91263E+20,5.32995E+21,1.15688E+16,4.80941E+16
186473,9.17113E+18,9,1,62,0,2017,11,8,5,3,6,3,0,1,1,0,0,0,1,6.87587E+20,5.34127E+21,1.15244E+16,4.8197E+16
186474,9.17113E+18,9,1,62,0,2017,11,20,5,3,5,3,1,1,0,0,0,2,1,6.92102E+20,5.33668E+21,1.15831E+16,4.81543E+16
186475,9.17113E+18,9,1,62,0,2017,11,21,5,3,0,5,1,1,0,0,0,2,1,6.91472E+20,5.33757E+21,1.1575E+16,4.81625E+16
186476,9.17113E+18,9,1,62,0,2017,11,18,5,3,6,4,0,1,1,0,0,2,1,6.93485E+20,5.3414E+21,1.16038E+16,4.81963E+16
186477,9.17113E+18,9,1,88,127,2017,11,19,5,3,0,1,0,1,0,0,0,2,2,6.78026E+20,5.33031E+21,1.13913E+16,4.81012E+16
186478,9.17113E+18,9,1,62,0,2017,11,6,5,3,5,3,1,1,0,0,0,2,1,6.80162E+20,5.33538E+21,1.14221E+16,4.81461E+16
186479,9.17113E+18,9,7,75,135,2017,11,12,5,3,1,7,0,1,0,0,0,0,1,5.74856E+20,5.35801E+21,1.00108E+16,4.83708E+16
186480,9.17113E+18,9,7,74,135,2017,11,21,5,3,4,1,0,1,0,0,0,2,1,5.9194E+20,5.36711E+21,1.02434E+16,4.84504E+16
186481,9.17113E+18,9,7,77,112,2017,11,16,5,3,4,6,0,1,0,0,0,1,2,6.21481E+20,5.29589E+21,1.06224E+16,4.78049E+16
186482,9.17113E+18,9,7,73,144,2017,11,16,5,3,2,6,0,1,0,0,1,1,1,6.05344E+20,5.38044E+21,1.0428E+16,4.85682E+16
186483,9.17113E+18,9,7,72,131,2017,11,16,5,3,4,2,0,1,0,1,0,0,0,6.19147E+20,5.35503E+21,1.06078E+16,4.83372E+16
186484,9.17113E+18,9,7,72,202,2017,11,7,5,3,6,6,1,0,1,0,0,0,1,6.35778E+20,5.35991E+21,1.08336E+16,4.83778E+16
186485,9.17113E+18,9,7,61,0,2017,11,9,5,3,0,7,1,0,0,0,0,0,1,6.41285E+20,5.35303E+21,1.09057E+16,4.83146E+16
186486,9.17113E+18,9,7,71,113,2017,11,15,5,2,6,4,0,1,1,0,0,1,1,6.57351E+20,5.36917E+21,1.11283E+16,4.8456E+16
186487,9.17113E+18,9,6,63,0,2017,11,17,5,3,5,3,0,1,0,1,0,2,0,5.6601E+20,5.51673E+21,9.91726E+15,4.97994E+16
186488,9.17113E+18,9,6,63,0,2017,11,12,5,2,5,2,1,1,0,0,0,0,1,5.67335E+20,5.51513E+21,9.93539E+15,4.97849E+16
186489,9.17113E+18,9,6,62,0,2017,11,16,5,3,2,6,0,1,0,0,1,1,1,5.88038E+20,5.54398E+21,1.02295E+16,5.00416E+16
186490,9.17113E+18,9,6,62,0,2017,11,11,5,3,6,7,0,0,1,0,1,0,0,5.88162E+20,5.54428E+21,1.02313E+16,5.00443E+16
186491,9.17113E+18,9,6,62,0,2017,11,7,5,3,9,7,0,1,0,0,0,0,1,5.87265E+20,5.54186E+21,1.02182E+16,5.00226E+16
186492,9.17113E+18,9,5,62,0,2017,11,19,5,3,0,7,1,0,0,0,0,2,1,6.44854E+20,5.49578E+21,1.10046E+16,4.95973E+16
186493,9.17113E+18,9,5,62,0,2017,11,5,5,3,6,4,0,1,1,0,0,2,0,6.45838E+20,5.49576E+21,1.10182E+16,4.95968E+16
186494,9.17113E+18,9,5,62,0,2017,11,21,5,2,6,4,0,1,1,0,0,2,2,6.43947E+20,5.49372E+21,1.09913E+16,4.95789E+16
186495,9.17113E+18,9,5,62,0,2017,11,12,5,3,0,7,0,0,0,1,0,0,2,6.46035E+20,5.48963E+21,1.10186E+16,4.95416E+16
186496,9.17113E+18,9,5,72,137,2017,11,22,5,3,4,1,0,1,0,0,0,2,2,6.53859E+20,5.49094E+21,1.11272E+16,4.95515E+16
186497,9.17113E+18,9,5,63,0,2017,11,7,5,3,2,6,0,1,0,0,0,0,1,6.42804E+20,5.48031E+21,1.09706E+16,4.94587E+16
186498,9.17113E+18,9,5,64,0,2017,11,7,5,3,3,6,1,0,0,0,1,0,1,6.54043E+20,5.47894E+21,1.11251E+16,4.94436E+16
186499,9.17113E+18,9,5,64,0,2017,11,10,5,3,5,3,1,1,0,0,0,0,1,6.50816E+20,5.47927E+21,1.10807E+16,4.94474E+16
186500,9.17113E+18,9,5,64,0,2017,11,17,5,2,6,2,0,1,1,0,0,2,0,6.50711E+20,5.48021E+21,1.10796E+16,4.94558E+16
186501,9.17113E+18,9,5,64,0,2017,11,15,5,3,5,3,0,1,0,0,0,0,1,6.49986E+20,5.47834E+21,1.10689E+16,4.94392E+16
186502,9.17113E+18,9,5,71,181,2017,11,9,5,2,5,3,1,1,0,0,0,0,1,5.90243E+20,5.47059E+21,1.02433E+16,4.93813E+16
186503,9.17113E+18,9,5,71,134,2017,11,6,5,3,9,1,0,1,0,0,0,1,2,5.85606E+20,5.46263E+21,1.01777E+16,4.93104E+16
186504,9.17113E+18,9,5,71,193,2017,11,7,5,3,4,1,0,1,0,0,0,1,2,5.86492E+20,5.46925E+21,1.01914E+16,4.93698E+16
186505,9.17113E+18,9,5,75,119,2017,11,14,5,3,5,3,0,1,0,0,0,0,1,6.11878E+20,5.49033E+21,1.05469E+16,4.95552E+16
186506,9.17113E+18,9,5,61,0,2017,11,17,5,3,6,2,0,1,1,0,0,2,1,6.1413E+20,5.4619E+21,1.05698E+16,4.92992E+16
186507,9.17113E+18,9,4,73,151,2017,11,7,5,3,6,4,0,1,1,0,0,1,1,6.51239E+20,5.57734E+21,1.11249E+16,5.03288E+16
186508,9.17113E+18,9,4,63,0,2017,11,14,5,3,5,2,0,1,0,0,0,0,1,6.39962E+20,5.56829E+21,1.09632E+16,5.02502E+16
186509,9.17113E+18,9,4,72,156,2017,11,15,5,2,8,1,0,0,0,0,1,0,2,6.99044E+20,5.53156E+21,1.1772E+16,4.99033E+16
186510,9.17113E+18,9,4,72,150,2017,11,16,5,3,6,4,0,1,1,0,0,2,1,6.79518E+20,5.54033E+21,1.15044E+16,4.99882E+16
186511,9.17113E+18,9,4,71,140,2017,11,21,5,3,5,3,0,1,0,0,0,2,1,6.36006E+20,5.53194E+21,1.08948E+16,4.99243E+16
186512,9.17113E+18,9,3,74,162,2017,11,15,5,3,4,6,0,1,0,0,0,0,2,7.41729E+20,5.50169E+21,1.23469E+16,4.96193E+16
186513,9.17113E+18,9,3,75,174,2017,11,17,5,3,6,2,0,1,1,0,0,2,1,7.33995E+20,5.43093E+21,1.21986E+16,4.89869E+16
186514,9.17113E+18,9,3,75,190,2017,11,8,5,3,0,1,1,0,0,0,0,0,1,7.28375E+20,5.44571E+21,1.21302E+16,4.91218E+16
186515,9.17113E+18,9,3,62,0,2017,11,14,5,3,5,2,0,1,0,0,0,0,1,7.28693E+20,5.43231E+21,1.2127E+16,4.90013E+16
186516,9.17113E+18,9,3,62,0,2017,11,4,5,3,9,1,1,0,0,0,0,2,0,7.26078E+20,5.43444E+21,1.20925E+16,4.90214E+16
186517,9.17113E+18,9,3,62,0,2017,11,13,5,3,5,3,0,1,0,0,0,0,1,7.24152E+20,5.43252E+21,1.20651E+16,4.90048E+16
186518,9.17113E+18,9,3,76,175,2017,11,5,5,3,2,6,0,1,0,0,0,2,0,7.34737E+20,5.46777E+21,1.22301E+16,4.93175E+16
186519,9.17113E+18,9,3,61,0,2017,11,0,5,3,5,3,1,1,0,0,0,2,0,7.07518E+20,5.48081E+21,1.18629E+16,4.94445E+16
186520,9.17113E+18,9,3,61,0,2017,11,13,5,3,6,4,0,1,1,0,0,0,1,7.06652E+20,5.48074E+21,1.18509E+16,4.94441E+16
186521,9.17113E+18,9,2,75,119,2017,11,15,5,2,8,1,0,0,0,0,1,0,2,8.31864E+20,5.40158E+21,1.35089E+16,4.8679E+16
186522,9.17113E+18,9,2,61,0,2017,11,16,5,3,0,1,0,0,0,1,0,1,1,7.32354E+20,5.38208E+21,1.21486E+16,4.85487E+16
186523,9.17113E+18,9,2,61,0,2017,11,19,5,3,0,1,1,0,0,0,0,2,1,7.31461E+20,5.38181E+21,1.21363E+16,4.85467E+16
186524,9.17113E+18,9,2,79,112,2017,11,14,5,3,4,2,0,1,0,0,0,0,0,7.57914E+20,5.39217E+21,1.25006E+16,4.86294E+16
186525,9.17113E+18,9,1,87,176,2017,11,20,5,3,9,1,0,1,0,0,0,2,1,7.38545E+20,5.32963E+21,1.22027E+16,4.80752E+16
186526,9.17113E+18,9,1,63,0,2017,11,16,5,3,5,2,0,1,0,0,0,1,0,7.32857E+20,5.30525E+21,1.21132E+16,4.78583E+16
186527,9.17113E+18,9,1,61,0,2017,11,11,5,3,5,3,0,1,0,0,0,0,1,6.79096E+20,5.40275E+21,1.14366E+16,4.8752E+16
186528,9.17113E+18,9,1,86,130,2017,11,8,5,3,0,1,1,0,0,0,0,0,2,6.85156E+20,5.37235E+21,1.15054E+16,4.8477E+16
186529,9.17113E+18,9,1,61,0,2017,11,17,5,3,0,6,1,0,0,0,0,2,1,6.77895E+20,5.40526E+21,1.14214E+16,4.87749E+16
186530,9.17113E+18,9,1,76,111,2017,11,19,5,2,1,5,1,0,0,0,1,2,1,6.62983E+20,5.41198E+21,1.12212E+16,4.88394E+16
186531,9.17113E+18,9,1,78,124,2017,11,16,5,2,6,4,0,1,1,0,0,2,2,7.02652E+20,5.36437E+21,1.1738E+16,4.83999E+16
186532,9.17113E+18,9,1,78,124,2017,11,7,5,3,5,3,1,1,0,0,0,0,1,7.03792E+20,5.36433E+21,1.17534E+16,4.83992E+16
186533,9.17113E+18,9,1,62,0,2017,11,22,4,3,1,1,0,1,0,0,0,2,1,6.87051E+20,5.33921E+21,1.15163E+16,4.81786E+16
186534,9.17113E+18,9,1,62,0,2017,11,8,4,2,6,4,0,1,1,0,0,0,0,6.90806E+20,5.34228E+21,1.15682E+16,4.8205E+16
186535,9.17113E+18,9,1,62,0,2017,11,13,4,2,5,3,0,1,0,0,0,0,1,6.95297E+20,5.33298E+21,1.16243E+16,4.81201E+16
186536,9.17113E+18,9,1,62,0,2017,11,9,4,2,0,7,0,0,0,0,1,0,0,6.8506E+20,5.33755E+21,1.14888E+16,4.81642E+16
186537,9.17113E+18,9,1,62,0,2017,11,15,4,3,2,2,0,1,0,0,0,1,1,6.91233E+20,5.33999E+21,1.15729E+16,4.81844E+16
186538,9.17113E+18,9,1,62,0,2017,11,5,4,3,5,3,1,1,0,0,0,2,1,6.91215E+20,5.34187E+21,1.15735E+16,4.82012E+16
186539,9.17113E+18,9,1,62,0,2017,11,17,4,3,0,7,0,0,0,0,1,1,1,6.83946E+20,5.33833E+21,1.14742E+16,4.81715E+16
186540,9.17113E+18,9,1,62,0,2017,11,8,4,2,0,1,0,1,0,1,0,0,1,6.9359E+20,5.33577E+21,1.16026E+16,4.81457E+16
186541,9.17113E+18,9,1,62,0,2017,11,20,4,3,5,2,1,1,0,0,0,2,0,6.9267E+20,5.3342E+21,1.15896E+16,4.81318E+16
186542,9.17113E+18,9,1,62,0,2017,11,20,4,3,5,3,0,1,0,0,0,2,1,6.93211E+20,5.33618E+21,1.15977E+16,4.81495E+16
186543,9.17113E+18,9,1,62,0,2017,11,13,4,3,3,6,0,1,0,0,0,0,1,6.90526E+20,5.3358E+21,1.15615E+16,4.81469E+16
186544,9.17113E+18,9,7,64,0,2017,11,6,4,3,5,3,1,1,0,0,0,2,1,5.86937E+20,5.31512E+21,1.01651E+16,4.79835E+16
186545,9.17113E+18,9,7,75,162,2017,11,11,4,3,5,3,1,1,0,0,0,0,0,5.80033E+20,5.34773E+21,1.00787E+16,4.82778E+16
186546,9.17113E+18,9,7,62,0,2017,11,11,4,3,5,3,0,1,0,0,0,0,0,6.21314E+20,5.30464E+21,1.06227E+16,4.78836E+16
186547,9.17113E+18,9,7,80,124,2017,11,14,4,3,5,3,1,1,0,0,0,0,1,5.91505E+20,5.26776E+21,1.02163E+16,4.75568E+16
186548,9.17113E+18,9,7,79,194,2017,11,17,4,2,6,4,0,1,1,0,0,2,1,6.08861E+20,5.41143E+21,1.04838E+16,4.88463E+16
186549,9.17113E+18,9,7,61,0,2017,11,6,4,3,6,4,1,0,1,0,0,2,1,6.41572E+20,5.36018E+21,1.09119E+16,4.83789E+16
186550,9.17113E+18,9,7,61,0,2017,11,12,4,3,1,3,1,1,0,0,0,0,0,6.39416E+20,5.35741E+21,1.08819E+16,4.83545E+16
186551,9.17113E+18,9,7,61,0,2017,11,14,4,3,2,6,0,1,0,0,0,0,0,6.39536E+20,5.35815E+21,1.08838E+16,4.83611E+16
186552,9.17113E+18,9,7,61,0,2017,11,17,4,2,1,5,1,1,0,0,0,2,1,6.41341E+20,5.35925E+21,1.09085E+16,4.83706E+16
186553,9.17113E+18,9,7,61,0,2017,11,13,4,3,2,6,0,1,0,0,0,0,1,6.41376E+20,5.35922E+21,1.0909E+16,4.83703E+16
186554,9.17113E+18,9,6,63,0,2017,11,18,4,3,5,3,1,1,0,0,0,2,0,5.67798E+20,5.51564E+21,9.9419E+15,4.97894E+16
186555,9.17113E+18,9,6,63,0,2017,11,17,4,3,2,6,0,1,0,0,0,2,0,5.63297E+20,5.51733E+21,9.87966E+15,4.9805E+16
186556,9.17113E+18,9,6,77,125,2017,11,7,4,3,1,7,0,1,0,0,0,2,1,5.45611E+20,5.51856E+21,9.63404E+15,4.98177E+16
186557,9.17113E+18,9,6,76,169,2017,11,6,4,3,5,3,0,1,0,1,0,2,1,5.11179E+20,5.51621E+21,9.15534E+15,4.97982E+16
186558,9.17113E+18,9,5,76,127,2017,11,15,4,2,0,7,1,0,0,0,0,0,0,6.59697E+20,5.45117E+21,1.11919E+16,4.91925E+16
186559,9.17113E+18,9,5,76,127,2017,11,15,4,3,1,7,0,1,0,0,0,0,0,6.5968E+20,5.45067E+21,1.11915E+16,4.91881E+16
186560,9.17113E+18,9,5,64,0,2017,11,10,4,3,5,3,1,1,0,0,0,0,1,6.52527E+20,5.483E+21,1.11057E+16,4.94805E+16
186561,9.17113E+18,9,5,64,0,2017,11,18,4,3,5,2,0,1,0,0,0,2,1,6.51053E+20,5.47805E+21,1.10835E+16,4.94364E+16
186562,9.17113E+18,9,5,64,0,2017,11,16,4,3,2,6,0,1,0,0,0,2,1,6.48921E+20,5.47963E+21,1.10547E+16,4.94511E+16
186563,9.17113E+18,9,5,64,0,2017,11,17,4,2,6,2,0,1,1,0,0,2,1,6.50821E+20,5.48188E+21,1.10818E+16,4.94708E+16
186564,9.17113E+18,9,5,64,0,2017,11,16,4,3,2,6,0,1,0,0,0,2,1,6.47454E+20,5.47668E+21,1.10334E+16,4.94249E+16
186565,9.17113E+18,9,5,64,0,2017,11,22,4,3,5,3,0,1,0,0,0,2,1,6.48708E+20,5.4782E+21,1.10513E+16,4.94383E+16
186566,9.17113E+18,9,5,64,0,2017,11,12,4,3,4,2,0,1,0,0,0,0,0,6.49924E+20,5.47774E+21,1.10678E+16,4.94338E+16
186567,9.17113E+18,9,5,64,0,2017,11,11,4,3,2,6,0,1,0,0,0,0,0,6.52034E+20,5.47959E+21,1.10976E+16,4.945E+16
186568,9.17113E+18,9,5,71,165,2017,11,13,4,3,0,7,1,0,0,0,0,0,0,6.29933E+20,5.46684E+21,1.07887E+16,4.93405E+16
186569,9.17113E+18,9,4,64,0,2017,11,6,4,3,6,4,0,0,1,0,1,2,1,7.08241E+20,5.57702E+21,1.19247E+16,5.03085E+16
186570,9.17113E+18,9,4,73,121,2017,11,17,4,3,6,4,0,1,1,0,0,2,1,6.48077E+20,5.56503E+21,1.10757E+16,5.02189E+16
186571,9.17113E+18,9,4,62,0,2017,11,10,4,3,5,3,1,1,0,0,0,0,1,6.85216E+20,5.53577E+21,1.15816E+16,4.99455E+16
186572,9.17113E+18,9,3,63,0,2017,11,9,4,3,3,2,0,1,0,0,0,0,0,7.27513E+20,5.50992E+21,1.21552E+16,4.96988E+16
186573,9.17113E+18,9,3,77,154,2017,11,12,4,3,5,3,0,1,0,0,0,0,0,7.40047E+20,5.53121E+21,1.23418E+16,4.98851E+16
186574,9.17113E+18,9,3,75,179,2017,11,18,4,2,5,3,0,1,0,1,0,2,1,7.30938E+20,5.42943E+21,1.2156E+16,4.89746E+16
186575,9.17113E+18,9,3,62,0,2017,11,17,4,3,5,2,0,1,0,1,0,2,0,7.27359E+20,5.43247E+21,1.21089E+16,4.90033E+16
186576,9.17113E+18,9,2,63,0,2017,11,22,4,3,2,6,0,1,0,0,0,2,0,7.6199E+20,5.42047E+21,1.25738E+16,4.88817E+16
186577,9.17113E+18,9,2,75,130,2017,11,11,4,3,6,7,0,1,1,0,0,0,0,8.15809E+20,5.3633E+21,1.32625E+16,4.83438E+16
186578,9.17113E+18,9,2,61,0,2017,11,12,4,3,2,6,0,1,0,0,0,0,0,7.31596E+20,5.38251E+21,1.21386E+16,4.85528E+16
186579,9.17113E+18,9,2,61,0,2017,11,16,4,3,5,3,0,1,0,0,1,2,1,7.3072E+20,5.38036E+21,1.21255E+16,4.85339E+16
186580,9.17113E+18,9,2,73,111,2017,11,15,4,3,5,3,0,1,0,1,0,0,1,7.1253E+20,5.41043E+21,1.18949E+16,4.88105E+16
186581,9.17113E+18,9,2,73,137,2017,11,7,4,2,0,1,1,0,0,0,0,1,1,7.10411E+20,5.42146E+21,1.18717E+16,4.89103E+16
186582,9.17113E+18,9,1,73,147,2017,11,12,4,2,0,7,1,1,0,0,0,0,1,6.81148E+20,5.3099E+21,1.14246E+16,4.79168E+16
186583,9.17113E+18,9,1,80,123,2017,11,18,4,2,5,2,1,1,0,0,0,2,2,6.70421E+20,5.25636E+21,1.12602E+16,4.74384E+16
186584,9.17113E+18,9,1,73,112,2017,11,18,4,3,6,7,0,1,1,0,0,2,1,6.90588E+20,5.29255E+21,1.15432E+16,4.77581E+16
186585,9.17113E+18,9,1,72,111,2017,11,17,4,3,6,7,1,0,1,0,0,1,0,7.9586E+20,5.30523E+21,1.29537E+16,4.78322E+16
186586,9.17113E+18,9,1,71,135,2017,11,10,4,2,5,3,1,1,0,0,0,0,1,7.6829E+20,5.34257E+21,1.26094E+16,4.81796E+16
186587,9.17113E+18,9,1,63,0,2017,11,18,4,2,6,2,0,1,1,0,0,2,1,7.34412E+20,5.30419E+21,1.21334E+16,4.78483E+16
186588,9.17113E+18,9,1,63,0,2017,11,23,4,3,0,1,1,0,0,0,0,2,2,7.33334E+20,5.30442E+21,1.21191E+16,4.78507E+16
186589,9.17113E+18,9,1,63,0,2017,11,13,4,3,6,4,0,1,1,0,0,0,1,7.33361E+20,5.3044E+21,1.21195E+16,4.78506E+16
186590,9.17113E+18,9,1,82,129,2017,11,19,4,3,8,1,0,1,0,0,0,2,1,7.0896E+20,5.28563E+21,1.17847E+16,4.76903E+16
186591,9.17113E+18,9,1,87,122,2017,11,17,4,3,5,3,0,1,0,0,0,2,1,7.21923E+20,5.30652E+21,1.19679E+16,4.78736E+16
186592,9.17113E+18,9,1,81,128,2017,11,15,4,3,8,1,0,1,0,0,0,0,1,6.39308E+20,5.33201E+21,1.08721E+16,4.81261E+16
186593,9.17113E+18,9,1,79,123,2017,11,7,4,3,6,3,1,0,1,0,0,1,0,6.75347E+20,5.3329E+21,1.13564E+16,4.81252E+16
186594,9.17113E+18,9,1,88,127,2017,11,19,4,3,1,6,0,1,0,0,0,2,1,6.76746E+20,5.33047E+21,1.13742E+16,4.8103E+16
186595,9.17113E+18,9,1,77,117,2017,11,13,4,3,0,1,1,0,0,0,0,0,1,7.14474E+20,5.35399E+21,1.18923E+16,4.83027E+16
186596,9.17113E+18,9,1,62,0,2017,11,21,3,3,1,5,1,1,0,0,0,2,0,6.92189E+20,5.33666E+21,1.15842E+16,4.81541E+16
186597,9.17113E+18,9,1,62,0,2017,11,7,3,3,5,3,1,0,0,0,0,0,0,6.91424E+20,5.33495E+21,1.15732E+16,4.8139E+16
186598,9.17113E+18,9,1,62,0,2017,11,21,3,3,3,7,0,1,0,0,0,2,0,6.92592E+20,5.33807E+21,1.15903E+16,4.81666E+16
186599,9.17113E+18,9,1,62,0,2017,11,12,3,3,5,4,0,1,1,0,0,0,0,6.9451E+20,5.32958E+21,1.16122E+16,4.80898E+16
186600,9.17113E+18,9,1,62,0,2017,11,17,3,3,5,3,1,1,0,0,0,2,0,6.96789E+20,5.3305E+21,1.16432E+16,4.80973E+16
186601,9.17113E+18,9,1,62,0,2017,11,17,3,3,6,4,0,1,1,0,0,2,0,6.83832E+20,5.34084E+21,1.14738E+16,4.81941E+16
186602,9.17113E+18,9,1,62,0,2017,11,11,3,3,6,7,0,1,1,0,0,0,0,6.96544E+20,5.3384E+21,1.16435E+16,4.81684E+16
186603,9.17113E+18,9,1,62,0,2017,11,16,3,3,5,3,1,0,0,0,0,0,0,6.92782E+20,5.33741E+21,1.15925E+16,4.81607E+16
186604,9.17113E+18,9,1,62,0,2017,11,9,3,3,1,7,0,1,0,0,0,0,0,6.92251E+20,5.33992E+21,1.15865E+16,4.81834E+16
186605,9.17113E+18,9,1,62,0,2017,11,6,3,3,5,3,1,1,0,0,0,2,0,6.8852E+20,5.33116E+21,1.15325E+16,4.81058E+16
186606,9.17113E+18,9,1,62,0,2017,11,8,3,3,1,6,0,1,0,1,0,0,0,6.887E+20,5.33342E+21,1.15359E+16,4.81261E+16
186607,9.17113E+18,9,1,62,0,2017,11,18,3,3,0,5,1,1,0,0,0,2,1,6.91596E+20,5.3362E+21,1.15761E+16,4.81502E+16
186608,9.17113E+18,9,7,75,135,2017,11,18,3,2,6,4,0,1,1,0,0,2,1,5.74236E+20,5.35997E+21,1.00027E+16,4.83885E+16
186609,9.17113E+18,9,7,62,0,2017,11,14,3,3,0,7,1,0,0,0,0,0,0,6.22438E+20,5.30429E+21,1.06376E+16,4.78802E+16
186610,9.17113E+18,9,7,79,131,2017,11,16,3,2,6,4,0,1,1,0,0,2,1,6.30729E+20,5.39797E+21,1.07775E+16,4.8721E+16
186611,9.17113E+18,9,7,73,125,2017,11,12,3,3,0,4,0,1,1,0,0,0,1,6.10189E+20,5.38181E+21,1.0494E+16,4.85797E+16
186612,9.17113E+18,9,7,61,0,2017,11,10,3,3,0,2,0,1,0,0,1,0,1,6.39289E+20,5.36166E+21,1.08816E+16,4.83927E+16
186613,9.17113E+18,9,7,61,0,2017,11,15,3,2,6,4,0,1,1,0,0,0,1,6.44049E+20,5.35755E+21,1.09445E+16,4.83547E+16
186614,9.17113E+18,9,7,61,0,2017,11,20,3,2,0,1,0,1,0,0,0,2,1,6.37404E+20,5.35295E+21,1.08533E+16,4.83148E+16
186615,9.17113E+18,9,6,79,202,2017,11,15,3,2,0,7,0,0,1,0,1,0,1,5.63659E+20,5.52053E+21,9.88522E+15,4.98338E+16
186616,9.17113E+18,9,6,63,0,2017,11,12,3,3,5,7,0,1,0,1,0,0,1,5.6718E+20,5.51689E+21,9.93354E+15,4.98007E+16
186617,9.17113E+18,9,6,63,0,2017,11,15,3,3,0,1,1,0,0,0,0,0,1,5.70367E+20,5.51784E+21,9.97799E+15,4.98089E+16
186618,9.17113E+18,9,6,77,157,2017,11,7,3,3,6,4,0,1,1,0,0,1,1,5.4336E+20,5.52165E+21,9.60309E+15,4.98457E+16
186619,9.17113E+18,9,6,72,114,2017,11,8,3,2,6,4,0,1,1,0,0,0,1,5.76955E+20,5.56152E+21,1.00783E+16,5.02008E+16
186620,9.17113E+18,9,6,62,0,2017,11,15,3,3,2,2,0,1,0,0,0,0,0,5.88226E+20,5.54416E+21,1.02322E+16,5.00432E+16
186621,9.17113E+18,9,5,62,0,2017,11,17,3,3,2,6,0,1,0,0,0,2,0,6.42233E+20,5.49325E+21,1.09674E+16,4.95751E+16
186622,9.17113E+18,9,5,63,0,2017,11,9,3,3,5,3,0,1,0,0,1,0,1,6.46376E+20,5.48486E+21,1.10216E+16,4.94987E+16
186623,9.17113E+18,9,5,64,0,2017,11,19,3,3,6,2,0,1,1,0,0,2,1,6.5018E+20,5.47933E+21,1.1072E+16,4.94481E+16
186624,9.17113E+18,9,5,64,0,2017,11,8,3,3,2,6,0,1,0,0,0,0,1,6.5127E+20,5.48218E+21,1.10881E+16,4.94734E+16
186625,9.17113E+18,9,5,61,0,2017,11,17,3,3,5,3,1,1,0,0,0,2,1,6.13341E+20,5.46336E+21,1.05594E+16,4.93125E+16
186626,9.17113E+18,9,4,79,152,2017,11,18,3,2,5,2,0,1,0,0,0,2,1,7.23668E+20,5.56327E+21,1.21329E+16,5.01794E+16
186627,9.17113E+18,9,4,78,139,2017,11,7,3,3,5,2,0,1,0,0,0,0,1,6.47267E+20,5.55695E+21,1.10612E+16,5.01465E+16
186628,9.17113E+18,9,4,72,119,2017,11,10,3,2,2,6,0,1,0,0,0,0,1,6.87047E+20,5.53939E+21,1.16089E+16,4.99775E+16
186629,9.17113E+18,9,4,62,0,2017,11,16,3,3,5,3,0,1,0,1,0,0,1,6.84995E+20,5.53641E+21,1.15789E+16,4.99514E+16
186630,9.17113E+18,9,4,61,0,2017,11,1,3,3,0,7,0,0,0,1,0,2,1,6.35457E+20,5.52807E+21,1.08858E+16,4.98897E+16
186631,9.17113E+18,9,4,61,0,2017,11,7,3,3,6,7,0,1,1,0,0,1,1,6.3673E+20,5.52991E+21,1.09042E+16,4.99059E+16
186632,9.17113E+18,9,3,63,0,2017,11,7,3,2,1,6,0,1,0,1,0,2,2,7.2753E+20,5.50842E+21,1.21545E+16,4.96853E+16
186633,9.17113E+18,9,3,75,156,2017,11,6,3,2,0,7,1,0,0,0,0,2,1,7.13717E+20,5.45223E+21,1.1933E+16,4.91856E+16
186634,9.17113E+18,9,3,62,0,2017,11,14,3,3,5,3,0,1,0,0,0,0,1,7.30689E+20,5.43112E+21,1.21535E+16,4.89899E+16
186635,9.17113E+18,9,3,62,0,2017,11,7,3,3,5,4,0,1,1,0,0,0,0,7.27702E+20,5.43385E+21,1.21143E+16,4.90155E+16
186636,9.17113E+18,9,3,62,0,2017,11,17,3,3,5,2,0,1,0,0,0,2,1,7.23594E+20,5.43353E+21,1.2058E+16,4.90141E+16
186637,9.17113E+18,9,3,76,161,2017,11,14,3,3,2,6,0,1,0,0,0,0,1,7.25854E+20,5.4684E+21,1.21085E+16,4.93265E+16
186638,9.17113E+18,9,2,75,126,2017,11,13,3,3,5,3,0,1,0,0,0,0,1,8.40245E+20,5.39936E+21,1.36206E+16,4.86545E+16
186639,9.17113E+18,9,2,61,0,2017,11,19,3,2,4,6,0,1,0,1,0,2,1,7.31379E+20,5.38316E+21,1.2136E+16,4.85588E+16
186640,9.17113E+18,9,2,73,141,2017,11,13,3,2,4,1,0,1,0,0,0,0,1,7.2386E+20,5.41302E+21,1.20504E+16,4.88298E+16
186641,9.17113E+18,9,1,73,126,2017,11,7,3,2,6,4,0,0,1,0,1,1,0,6.84703E+20,5.30557E+21,1.14703E+16,4.78769E+16
186642,9.17113E+18,9,1,63,0,2017,11,10,3,3,2,6,0,1,0,0,0,0,0,7.31045E+20,5.30407E+21,1.20884E+16,4.78484E+16