OBJECTID,UIDENTSTLA,ULAND,UREGBEZ,UKREIS,UGEMEINDE,UJAHR,UMONAT,USTUNDE,UWOCHENTAG,UKATEGORIE,UART,UTYP1,IstRad,IstPKW,IstFuss,IstKrad,IstSonstig,LICHT,STRZUSTAND,LINREFX,LINREFY,XGCSWGS84,YGCSWGS84
186643,9.17113E+18,9,1,87,162,2017,11,11,3,3,5,3,1,1,0,0,0,0,0,7.50333E+20,5.30545E+21,1.23466E+16,4.78536E+16
186644,9.17113E+18,9,1,86,147,2017,11,16,3,3,6,4,0,1,1,0,0,1,1,6.82285E+20,5.39182E+21,1.14751E+16,4.86528E+16
186645,9.17113E+18,9,1,74,122,2017,11,12,3,3,0,1,1,0,0,0,0,0,1,6.81464E+20,5.35157E+21,1.14465E+16,4.82913E+16
186646,9.17113E+18,9,1,77,117,2017,11,8,3,3,5,3,0,1,0,0,0,0,0,7.1476E+20,5.35504E+21,1.18966E+16,4.8312E+16
186647,9.17113E+18,9,1,62,0,2017,11,16,2,3,4,2,1,1,0,0,0,2,0,6.83508E+20,5.33749E+21,1.1468E+16,4.81642E+16
186648,9.17113E+18,9,1,62,0,2017,11,15,2,3,6,4,0,1,1,0,0,1,0,6.93136E+20,5.33374E+21,1.15956E+16,4.81276E+16
186649,9.17113E+18,9,1,62,0,2017,11,18,2,3,4,2,1,1,0,0,0,2,0,6.91575E+20,5.33541E+21,1.15754E+16,4.81431E+16
186650,9.17113E+18,9,1,62,0,2017,11,17,2,3,2,6,0,1,0,0,0,2,0,6.89413E+20,5.34013E+21,1.15485E+16,4.81862E+16
186651,9.17113E+18,9,1,62,0,2017,11,15,2,3,5,3,0,1,0,0,0,0,0,6.90015E+20,5.33575E+21,1.15546E+16,4.81466E+16
186652,9.17113E+18,9,1,62,0,2017,11,10,2,3,5,3,0,1,0,0,1,0,1,6.93136E+20,5.33272E+21,1.15952E+16,4.81184E+16
186653,9.17113E+18,9,1,62,0,2017,11,18,2,3,6,4,1,0,1,0,0,2,0,6.91653E+20,5.33401E+21,1.15758E+16,4.81305E+16
186654,9.17113E+18,9,1,62,0,2017,11,7,2,3,0,1,1,0,0,0,0,0,2,6.89427E+20,5.33415E+21,1.1546E+16,4.81324E+16
186655,9.17113E+18,9,7,63,0,2017,11,12,2,3,2,6,0,1,0,0,1,0,1,5.9826E+20,5.28643E+21,1.03103E+16,4.77237E+16
186656,9.17113E+18,9,7,80,133,2017,11,13,2,2,5,3,0,1,0,0,0,0,1,5.95674E+20,5.25144E+21,1.02682E+16,4.74094E+16
186657,9.17113E+18,9,7,73,125,2017,11,16,2,3,5,3,1,1,0,0,0,0,1,6.1036E+20,5.38186E+21,1.04963E+16,4.85801E+16
186658,9.17113E+18,9,7,72,163,2017,11,8,2,3,5,3,1,1,0,0,0,0,2,6.40215E+20,5.35037E+21,1.08904E+16,4.8291E+16
186659,9.17113E+18,9,7,61,0,2017,11,10,2,2,6,4,0,1,1,0,0,0,0,6.41792E+20,5.36025E+21,1.09149E+16,4.83794E+16
186660,9.17113E+18,9,7,61,0,2017,11,14,2,3,4,2,0,1,0,0,1,0,0,6.40545E+20,5.35923E+21,1.08978E+16,4.83706E+16
186661,9.17113E+18,9,6,79,185,2017,11,16,2,3,5,3,0,1,0,0,0,1,1,5.74608E+20,5.51582E+21,1.00365E+16,4.97902E+16
186662,9.17113E+18,9,6,63,0,2017,11,17,2,3,6,2,0,1,1,0,0,2,1,5.6773E+20,5.51544E+21,9.94093E+15,4.97876E+16
186663,9.17113E+18,9,6,63,0,2017,11,16,2,2,6,2,0,0,1,1,0,2,1,5.67906E+20,5.51656E+21,9.94357E+15,4.97977E+16
186664,9.17113E+18,9,6,77,155,2017,11,14,2,3,5,2,1,1,0,0,0,0,1,5.41808E+20,5.53874E+21,9.58337E+15,4.99995E+16
186665,9.17113E+18,9,6,62,0,2017,11,17,2,2,6,2,0,1,1,0,0,2,1,5.87782E+20,5.54449E+21,1.0226E+16,5.00463E+16
186666,9.17113E+18,9,6,62,0,2017,11,13,2,3,3,6,0,0,0,0,1,0,1,5.8687E+20,5.54335E+21,1.02131E+16,5.00361E+16
186667,9.17113E+18,9,5,62,0,2017,11,7,2,3,5,3,1,1,0,0,0,1,0,6.44106E+20,5.49364E+21,1.09934E+16,4.95782E+16
186668,9.1712E+18,9,1,72,118,2017,12,15,7,3,6,4,0,1,1,0,0,0,0,7.98052E+20,5.30688E+21,1.29841E+16,4.78461E+16
186669,9.17121E+18,9,3,62,0,2017,12,3,6,3,6,4,0,1,1,0,0,2,1,7.2567E+20,5.43317E+21,1.20862E+16,4.90101E+16
186670,9.17121E+18,9,3,62,0,2017,12,12,6,3,1,6,0,1,0,0,0,0,2,7.2759E+20,5.4344E+21,1.21131E+16,4.90204E+16
186671,9.17121E+18,9,3,73,147,2017,12,15,6,2,6,4,0,1,1,0,0,0,1,6.79051E+20,5.45968E+21,1.14611E+16,4.92636E+16
186672,9.17121E+18,9,3,72,137,2017,12,11,6,2,6,4,0,1,1,0,0,0,1,7.80954E+20,5.45404E+21,1.28551E+16,4.91748E+16
186673,9.17121E+18,9,2,63,0,2017,12,11,6,3,2,6,0,1,0,0,0,0,1,7.63396E+20,5.42003E+21,1.25926E+16,4.88772E+16
186674,9.17121E+18,9,2,76,138,2017,12,9,6,3,6,4,0,1,1,0,0,0,1,8.01999E+20,5.4323E+21,1.31269E+16,4.89697E+16
186675,9.17121E+18,9,2,77,138,2017,12,11,6,3,5,3,0,0,0,1,1,0,1,7.91561E+20,5.37068E+21,1.29412E+16,4.84217E+16
186676,9.17121E+18,9,2,79,113,2017,12,17,6,3,8,1,0,0,0,0,1,2,2,7.81485E+20,5.39882E+21,1.28243E+16,4.86789E+16
186677,9.17121E+18,9,5,71,193,2017,12,23,6,3,8,1,0,1,0,0,0,2,2,5.86834E+20,5.46904E+21,1.0196E+16,4.93679E+16
186678,9.17121E+18,9,5,61,0,2017,12,15,6,2,8,1,0,1,0,0,0,0,2,6.16964E+20,5.4579E+21,1.06076E+16,4.92627E+16
186679,9.17121E+18,9,5,61,0,2017,12,20,6,3,3,2,0,1,1,0,0,2,2,6.14461E+20,5.46212E+21,1.05744E+16,4.93011E+16
186680,9.17121E+18,9,4,72,179,2017,12,12,6,3,9,1,0,1,0,0,0,0,1,6.73668E+20,5.51153E+21,1.141E+16,4.97312E+16
186681,9.17121E+18,9,4,61,0,2017,12,15,6,3,5,3,0,1,0,0,0,0,0,6.37863E+20,5.52863E+21,1.09195E+16,4.98942E+16
186682,9.17121E+18,9,2,73,111,2017,12,18,6,3,6,4,0,1,1,0,0,2,1,7.08642E+20,5.41102E+21,1.18423E+16,4.88171E+16
186683,9.17121E+18,9,1,90,140,2017,12,7,6,3,5,3,0,1,0,0,0,1,1,6.45523E+20,5.2942E+21,1.09428E+16,4.77847E+16
186684,9.17121E+18,9,1,89,155,2017,12,7,6,3,2,6,0,1,0,0,0,0,2,7.71949E+20,5.30773E+21,1.26364E+16,4.78652E+16
186685,9.17121E+18,9,3,63,0,2017,12,7,6,3,2,6,0,1,0,0,1,2,1,7.28032E+20,5.50689E+21,1.21606E+16,4.96714E+16
186686,9.17121E+18,9,3,75,174,2017,12,14,6,3,0,2,0,1,0,1,0,0,0,7.32948E+20,5.43033E+21,1.21839E+16,4.89819E+16
186687,9.17121E+18,9,3,62,0,2017,12,13,6,3,5,3,0,1,0,0,0,0,0,7.27418E+20,5.43365E+21,1.21103E+16,4.90138E+16
186688,9.17121E+18,9,1,72,114,2017,12,8,6,2,6,7,0,0,1,0,1,0,2,7.91168E+20,5.2933E+21,1.28832E+16,4.77273E+16
186689,9.17121E+18,9,1,71,111,2017,12,12,6,3,2,2,0,1,0,0,1,0,1,7.74056E+20,5.34867E+21,1.26907E+16,4.82319E+16
186690,9.17121E+18,9,1,63,0,2017,12,15,6,3,6,2,0,1,1,0,0,0,0,7.33591E+20,5.30475E+21,1.21228E+16,4.78536E+16
186691,9.17121E+18,9,1,82,116,2017,12,15,6,3,4,1,0,1,0,0,0,0,2,7.03814E+20,5.29267E+21,1.17195E+16,4.77551E+16
186692,9.17121E+18,9,1,87,117,2017,12,21,6,3,5,3,0,1,0,0,1,2,2,7.24415E+20,5.30587E+21,1.20009E+16,4.78669E+16
186693,9.17121E+18,9,1,87,117,2017,12,7,6,3,0,3,1,1,0,0,0,0,0,7.25261E+20,5.30541E+21,1.20119E+16,4.78625E+16
186694,9.17121E+18,9,1,86,143,2017,12,6,6,3,5,3,1,1,0,0,0,2,1,6.84387E+20,5.37789E+21,1.14975E+16,4.8527E+16
186695,9.17121E+18,9,1,79,134,2017,12,16,6,3,8,1,0,1,0,0,0,2,2,6.6526E+20,5.34676E+21,1.12264E+16,4.82525E+16
186696,9.17121E+18,9,1,79,142,2017,12,9,6,3,5,3,0,1,0,0,0,0,1,6.73385E+20,5.34167E+21,1.13336E+16,4.82046E+16
186697,9.17121E+18,9,1,79,142,2017,12,7,6,3,1,7,1,1,0,0,0,0,1,6.71727E+20,5.3414E+21,1.13112E+16,4.82026E+16
186698,9.17121E+18,9,1,79,142,2017,12,13,6,3,2,6,0,1,0,0,1,0,0,6.72483E+20,5.34279E+21,1.1322E+16,4.82148E+16
186699,9.17121E+18,9,1,81,130,2017,12,12,6,3,6,2,0,1,1,0,0,0,1,6.3907E+20,5.32491E+21,1.08666E+16,4.80623E+16
186700,9.17121E+18,9,1,79,123,2017,12,7,6,3,5,3,0,1,0,0,0,0,0,6.75327E+20,5.33333E+21,1.13563E+16,4.81291E+16
186701,9.17121E+18,9,1,75,122,2017,12,17,6,3,1,5,1,1,0,0,0,2,1,7.21545E+20,5.3255E+21,1.19726E+16,4.80443E+16
186702,9.17121E+18,9,1,77,139,2017,12,7,6,3,6,4,0,1,1,0,0,1,1,7.31807E+20,5.35968E+21,1.21288E+16,4.83478E+16
186703,9.17121E+18,9,1,62,0,2017,12,14,5,3,2,6,1,1,0,0,0,0,0,6.91063E+20,5.33319E+21,1.15675E+16,4.81232E+16
186704,9.17121E+18,9,1,62,0,2017,12,23,5,3,0,7,1,0,0,0,0,2,0,6.84527E+20,5.33219E+21,1.14794E+16,4.81162E+16
186705,9.17121E+18,9,1,62,0,2017,12,11,5,3,6,7,0,1,1,0,0,0,0,6.90464E+20,5.33474E+21,1.15602E+16,4.81374E+16
186706,9.17121E+18,9,1,62,0,2017,12,11,5,3,2,6,0,1,0,0,1,0,0,6.90166E+20,5.33419E+21,1.15559E+16,4.81325E+16
186707,9.17121E+18,9,1,62,0,2017,12,13,5,3,5,3,1,1,0,0,0,0,0,6.89013E+20,5.33349E+21,1.15401E+16,4.81266E+16
186708,9.17121E+18,9,1,62,0,2017,12,10,5,3,5,2,1,1,0,0,0,0,0,6.94042E+20,5.34181E+21,1.16115E+16,4.81999E+16
186709,9.17121E+18,9,1,84,149,2017,12,13,5,3,5,3,1,1,0,0,0,0,0,6.91297E+20,5.35083E+21,1.15786E+16,4.82817E+16
186710,9.17121E+18,9,1,62,0,2017,12,10,5,2,0,7,1,1,0,0,0,0,0,6.98719E+20,5.33353E+21,1.16705E+16,4.8124E+16
186711,9.17121E+18,9,1,62,0,2017,12,17,5,1,6,7,0,0,1,0,1,2,0,6.88452E+20,5.33643E+21,1.15339E+16,4.81531E+16
186712,9.17121E+18,9,1,62,0,2017,12,19,5,2,3,6,1,0,0,0,1,2,0,6.91922E+20,5.33603E+21,1.15803E+16,4.81486E+16
186713,9.17121E+18,9,1,62,0,2017,12,9,5,3,5,3,0,1,0,0,0,0,0,6.87774E+20,5.33125E+21,1.15225E+16,4.81068E+16
186714,9.17121E+18,9,1,62,0,2017,12,8,5,3,1,5,1,1,0,0,0,0,0,6.85983E+20,5.33493E+21,1.15001E+16,4.81404E+16
186715,9.17121E+18,9,1,84,149,2017,12,17,5,3,5,2,1,1,0,0,0,2,0,6.9094E+20,5.35051E+21,1.15737E+16,4.82789E+16
186716,9.17121E+18,9,1,62,0,2017,12,17,5,3,5,2,1,0,0,0,1,1,0,6.8665E+20,5.33827E+21,1.15105E+16,4.81702E+16
186717,9.17121E+18,9,1,62,0,2017,12,22,5,2,3,6,1,1,0,0,0,2,0,6.8987E+20,5.33597E+21,1.15528E+16,4.81486E+16
186718,9.17121E+18,9,1,62,0,2017,12,18,5,2,0,4,0,0,1,0,1,2,0,6.92994E+20,5.33207E+21,1.15929E+16,4.81126E+16
186719,9.17121E+18,9,7,75,135,2017,12,15,5,3,0,7,1,0,0,0,0,0,0,5.75272E+20,5.35772E+21,1.00163E+16,4.83682E+16
186720,9.17121E+18,9,7,75,139,2017,12,13,5,3,0,7,1,0,0,0,0,0,0,5.77479E+20,5.36642E+21,1.00477E+16,4.84461E+16
186721,9.17121E+18,9,7,80,143,2017,12,18,5,3,6,2,0,1,1,0,0,2,0,5.9789E+20,5.28058E+21,1.0304E+16,4.76712E+16
186722,9.17121E+18,9,7,79,197,2017,12,18,5,2,0,7,1,0,0,0,0,2,0,6.17204E+20,5.42301E+21,1.06008E+16,4.89489E+16
186723,9.17121E+18,9,7,73,182,2017,12,12,5,3,2,6,0,1,0,0,0,0,0,6.24514E+20,5.38019E+21,1.06876E+16,4.85624E+16
186724,9.17121E+18,9,7,71,168,2017,12,9,5,3,5,2,0,1,0,0,0,0,0,6.48927E+20,5.34294E+21,1.10051E+16,4.82222E+16
186725,9.17121E+18,9,7,61,0,2017,12,19,5,3,0,7,1,0,0,0,0,2,0,6.37422E+20,5.35541E+21,1.08544E+16,4.83369E+16
186726,9.17121E+18,9,7,61,0,2017,12,12,5,3,5,3,0,1,0,0,0,0,0,6.41371E+20,5.35366E+21,1.0907E+16,4.83203E+16
186727,9.17121E+18,9,7,61,0,2017,12,15,5,3,1,7,0,1,0,0,0,0,0,6.40489E+20,5.36018E+21,1.08973E+16,4.83791E+16
186728,9.17121E+18,9,7,61,0,2017,12,7,5,3,3,6,0,1,0,1,0,0,0,6.39863E+20,5.36006E+21,1.08888E+16,4.83782E+16
186729,9.17121E+18,9,6,74,147,2017,12,17,5,2,6,4,0,1,1,0,0,2,1,6.08425E+20,5.5439E+21,1.05141E+16,5.00375E+16
186730,9.17121E+18,9,6,62,0,2017,12,16,5,3,2,6,0,1,0,0,0,0,0,5.88086E+20,5.54403E+21,1.02302E+16,5.00421E+16
186731,9.17121E+18,9,5,63,0,2017,12,21,5,3,3,1,0,1,0,0,0,2,0,6.45546E+20,5.4806E+21,1.10086E+16,4.94606E+16
186732,9.17121E+18,9,5,64,0,2017,12,7,5,3,5,3,0,1,0,0,0,0,0,6.50822E+20,5.47779E+21,1.10802E+16,4.9434E+16
186733,9.17121E+18,9,5,64,0,2017,12,11,5,3,1,7,1,1,0,0,1,0,0,6.52029E+20,5.47811E+21,1.1097E+16,4.94366E+16
186734,9.17121E+18,9,5,64,0,2017,12,10,5,3,0,1,0,0,0,1,0,0,0,6.51209E+20,5.47809E+21,1.10857E+16,4.94366E+16
186735,9.17121E+18,9,5,77,136,2017,12,14,5,3,5,3,0,1,0,0,0,0,0,6.28078E+20,5.44225E+21,1.07553E+16,4.91197E+16
186736,9.17121E+18,9,5,71,145,2017,12,17,5,3,5,3,0,1,0,0,0,2,1,5.96881E+20,5.44689E+21,1.0329E+16,4.91672E+16
186737,9.17121E+18,9,5,61,0,2017,12,19,5,3,5,3,0,1,0,0,0,2,1,6.17244E+20,5.4615E+21,1.06125E+16,4.9295E+16
186738,9.17121E+18,9,4,79,152,2017,12,15,5,3,4,2,1,1,0,0,0,0,1,7.24741E+20,5.56233E+21,1.21473E+16,5.01705E+16
186739,9.17121E+18,9,4,64,0,2017,12,20,5,3,1,7,0,1,0,0,0,2,1,7.07481E+20,5.57697E+21,1.1914E+16,5.03083E+16
186740,9.17121E+18,9,4,71,140,2017,12,10,5,3,5,3,0,1,0,1,0,0,0,6.34039E+20,5.53089E+21,1.08671E+16,4.99153E+16
186741,9.17121E+18,9,4,61,0,2017,12,7,5,3,0,7,1,0,0,0,0,1,0,6.35501E+20,5.5282E+21,1.08865E+16,4.98909E+16
186742,9.17121E+18,9,3,62,0,2017,12,1,5,3,1,1,0,1,0,1,0,2,0,7.2785E+20,5.43325E+21,1.2116E+16,4.901E+16
186743,9.17121E+18,9,3,62,0,2017,12,16,5,3,5,3,1,1,0,0,0,1,0,7.27607E+20,5.43362E+21,1.21129E+16,4.90134E+16
186744,9.17121E+18,9,3,62,0,2017,12,5,5,2,5,3,0,1,0,0,1,2,1,7.27327E+20,5.43283E+21,1.21086E+16,4.90064E+16
186745,9.17121E+18,9,3,62,0,2017,12,13,5,3,5,3,0,1,0,0,1,0,0,7.30208E+20,5.4321E+21,1.21475E+16,4.89988E+16
186746,9.17121E+18,9,3,73,147,2017,12,16,5,3,5,2,0,1,0,0,0,1,1,6.7898E+20,5.46107E+21,1.14608E+16,4.92762E+16
186747,9.17121E+18,9,2,74,113,2017,12,13,5,3,0,6,0,1,0,0,1,0,0,7.29249E+20,5.38294E+21,1.2107E+16,4.85576E+16
186748,9.17121E+18,9,2,73,111,2017,12,20,5,2,5,3,0,1,0,1,0,2,0,7.09072E+20,5.41099E+21,1.18481E+16,4.88167E+16
186749,9.17121E+18,9,2,73,111,2017,12,12,5,3,5,3,0,1,0,0,0,0,0,7.10089E+20,5.41128E+21,1.18621E+16,4.8819E+16
186750,9.17121E+18,9,1,73,126,2017,12,13,5,3,6,4,0,1,1,0,0,0,0,6.84519E+20,5.30535E+21,1.14677E+16,4.7875E+16
186751,9.17121E+18,9,1,83,148,2017,12,16,5,3,6,4,0,1,1,0,0,1,0,7.51725E+20,5.34407E+21,1.23879E+16,4.81999E+16
186752,9.17121E+18,9,1,71,132,2017,12,21,5,3,4,6,0,1,0,0,0,2,0,7.66504E+20,5.35087E+21,1.25906E+16,4.8255E+16
186753,9.17121E+18,9,1,63,0,2017,12,22,5,3,0,1,1,0,0,0,0,2,0,7.32683E+20,5.30498E+21,1.21108E+16,4.7856E+16
186754,9.17121E+18,9,1,61,0,2017,12,7,5,3,4,6,1,1,0,0,0,1,0,6.7688E+20,5.40496E+21,1.14074E+16,4.87725E+16
186755,9.17121E+18,9,1,86,143,2017,12,6,5,3,5,3,0,1,0,0,0,2,0,6.85254E+20,5.38008E+21,1.15102E+16,4.85464E+16
186756,9.17121E+18,9,1,85,149,2017,12,13,5,3,2,6,0,1,0,0,0,0,0,6.6059E+20,5.39944E+21,1.11837E+16,4.87273E+16
186757,9.17121E+18,9,1,61,0,2017,12,13,5,3,0,3,1,1,0,0,0,0,0,6.78324E+20,5.40378E+21,1.14266E+16,4.87615E+16
186758,9.17121E+18,9,1,88,120,2017,12,15,5,3,0,7,1,0,0,0,0,0,0,6.77369E+20,5.32738E+21,1.13813E+16,4.8075E+16
186759,9.17121E+18,9,1,75,139,2017,12,8,5,3,2,2,0,1,0,0,1,0,0,7.10367E+20,5.32915E+21,1.18246E+16,4.80808E+16
186760,9.17121E+18,9,1,62,0,2017,12,18,4,3,1,5,0,1,0,0,0,1,0,6.86286E+20,5.33353E+21,1.15036E+16,4.81277E+16
186761,9.17121E+18,9,1,62,0,2017,12,11,4,2,9,1,0,1,0,0,0,0,0,6.82832E+20,5.33619E+21,1.14583E+16,4.81527E+16
186762,9.17121E+18,9,1,62,0,2017,12,8,4,3,1,5,1,1,0,0,0,0,0,6.92118E+20,5.33703E+21,1.15834E+16,4.81575E+16
186763,9.17121E+18,9,1,62,0,2017,12,18,4,3,0,7,0,0,0,0,1,2,0,6.98182E+20,5.3337E+21,1.16633E+16,4.81257E+16
186764,9.17121E+18,9,1,62,0,2017,12,16,4,2,0,7,1,0,0,0,0,0,0,6.91301E+20,5.33413E+21,1.15712E+16,4.81317E+16
186765,9.17121E+18,9,1,62,0,2017,12,23,4,2,9,1,0,1,0,0,0,2,0,6.84416E+20,5.33259E+21,1.1478E+16,4.81199E+16
186766,9.17121E+18,9,1,62,0,2017,12,17,4,3,3,2,0,1,0,0,1,2,1,6.93208E+20,5.33617E+21,1.15977E+16,4.81495E+16
186767,9.17121E+18,9,1,62,0,2017,12,17,4,3,1,6,0,1,0,0,0,2,1,6.92915E+20,5.33993E+21,1.15955E+16,4.81833E+16
186768,9.17121E+18,9,1,84,138,2017,12,11,4,3,6,4,0,1,1,0,0,0,0,6.79972E+20,5.33079E+21,1.14176E+16,4.8105E+16
186769,9.17121E+18,9,1,62,0,2017,12,11,4,3,2,6,0,1,0,0,0,0,0,6.85977E+20,5.32974E+21,1.14978E+16,4.80938E+16
186770,9.17121E+18,9,1,62,0,2017,12,9,4,3,0,3,1,1,0,0,0,0,0,6.92187E+20,5.3313E+21,1.15818E+16,4.81059E+16
186771,9.17121E+18,9,1,62,0,2017,12,8,4,3,0,1,1,0,0,0,0,0,0,6.89766E+20,5.33455E+21,1.15507E+16,4.81358E+16
186772,9.17121E+18,9,7,75,135,2017,12,10,4,3,0,7,0,0,0,0,1,0,0,5.74096E+20,5.36067E+21,1.0001E+16,4.83949E+16
186773,9.17121E+18,9,7,75,135,2017,12,11,4,3,5,3,0,1,0,0,1,0,0,5.74873E+20,5.35846E+21,1.00111E+16,4.83749E+16
186774,9.17121E+18,9,7,64,0,2017,12,21,4,3,8,1,0,1,0,0,0,2,0,5.87829E+20,5.31417E+21,1.01768E+16,4.79748E+16
186775,9.17121E+18,9,7,74,122,2017,12,18,4,3,1,1,0,1,0,0,1,2,0,6.07896E+20,5.35588E+21,1.04562E+16,4.83469E+16
186776,9.17121E+18,9,7,80,128,2017,12,12,4,3,5,3,0,1,0,0,0,0,2,6.07681E+20,5.27727E+21,1.04336E+16,4.76398E+16
186777,9.17121E+18,9,7,61,0,2017,12,12,4,3,0,3,0,1,0,0,1,0,0,6.38653E+20,5.3586E+21,1.0872E+16,4.83653E+16
186778,9.17121E+18,9,7,61,0,2017,12,18,4,2,4,2,0,1,0,0,0,2,0,6.38509E+20,5.36233E+21,1.08713E+16,4.83989E+16
186779,9.17121E+18,9,6,63,0,2017,12,7,4,3,3,1,1,1,0,0,0,1,0,5.65757E+20,5.5162E+21,9.91365E+15,4.97946E+16
186780,9.17121E+18,9,6,62,0,2017,12,18,4,3,4,2,0,1,0,0,0,2,0,5.86714E+20,5.54341E+21,1.02109E+16,5.00367E+16
186781,9.17121E+18,9,5,62,0,2017,12,19,4,3,6,4,1,0,1,0,0,2,0,6.45619E+20,5.49591E+21,1.10152E+16,4.95982E+16
186782,9.17121E+18,9,5,62,0,2017,12,16,4,3,2,2,0,1,0,0,1,0,0,6.45006E+20,5.49502E+21,1.10064E+16,4.95903E+16
186783,9.17121E+18,9,5,74,132,2017,12,14,4,2,0,7,1,0,0,0,0,0,0,6.75591E+20,5.48678E+21,1.14255E+16,4.95082E+16
186784,9.17121E+18,9,5,64,0,2017,12,10,4,3,6,7,0,1,1,0,0,0,0,6.52948E+20,5.4818E+21,1.11111E+16,4.94696E+16
186785,9.17121E+18,9,5,64,0,2017,12,21,4,3,3,6,0,1,0,0,0,2,0,6.49037E+20,5.47875E+21,1.1056E+16,4.94431E+16
186786,9.17121E+18,9,5,64,0,2017,12,21,4,3,3,6,0,1,0,1,0,2,0,6.51077E+20,5.47854E+21,1.1084E+16,4.94407E+16
186787,9.17121E+18,9,5,64,0,2017,12,17,4,3,2,6,0,1,0,0,0,2,0,6.53567E+20,5.47891E+21,1.11185E+16,4.94434E+16
186788,9.17121E+18,9,5,77,177,2017,12,21,4,3,0,6,0,1,0,0,1,2,0,6.42889E+20,5.43009E+21,1.09539E+16,4.90072E+16
186789,9.17121E+18,9,4,73,151,2017,12,13,4,3,1,1,0,1,0,0,0,0,0,6.5051E+20,5.57828E+21,1.11151E+16,5.03374E+16
186790,9.17121E+18,9,4,73,158,2017,12,0,4,2,6,7,0,1,1,0,0,2,0,6.28601E+20,5.57972E+21,1.08078E+16,5.03555E+16
186791,9.17121E+18,9,4,62,0,2017,12,15,4,3,5,3,0,1,0,0,1,0,0,6.86004E+20,5.53364E+21,1.15916E+16,4.99261E+16
186792,9.17121E+18,9,4,62,0,2017,12,16,4,3,5,3,0,1,0,1,0,2,0,6.84983E+20,5.53651E+21,1.15787E+16,4.99523E+16
186793,9.17121E+18,9,4,74,154,2017,12,13,4,3,6,4,0,1,1,0,0,0,0,6.53748E+20,5.49747E+21,1.11282E+16,4.96103E+16
186794,9.17121E+18,9,3,72,126,2017,12,10,4,3,3,2,1,1,0,0,0,0,1,7.79039E+20,5.46895E+21,1.28393E+16,4.93095E+16
186795,9.17121E+18,9,3,62,0,2017,12,18,4,3,5,3,1,1,0,0,0,2,0,7.25208E+20,5.43434E+21,1.20805E+16,4.90208E+16
186796,9.17121E+18,9,3,73,147,2017,12,7,4,2,5,4,0,1,1,0,0,2,0,6.80021E+20,5.45978E+21,1.14745E+16,4.92642E+16
186797,9.17121E+18,9,3,76,119,2017,12,12,4,3,5,3,0,1,0,0,0,0,0,7.21767E+20,5.45398E+21,1.20443E+16,4.91984E+16
186798,9.17121E+18,9,2,71,119,2017,12,17,4,3,5,3,0,1,0,1,0,2,1,7.90254E+20,5.41975E+21,1.29579E+16,4.88627E+16
186799,9.17121E+18,9,2,75,126,2017,12,17,4,3,5,3,0,1,0,0,0,2,1,8.39881E+20,5.39869E+21,1.36151E+16,4.86487E+16
186800,9.17121E+18,9,2,73,111,2017,12,10,4,2,5,3,0,1,0,0,0,0,0,7.08336E+20,5.41138E+21,1.18383E+16,4.88204E+16
186801,9.17121E+18,9,1,80,117,2017,12,17,4,2,6,4,0,1,1,0,0,1,0,6.57738E+20,5.26233E+21,1.10943E+16,4.74953E+16
186802,9.17121E+18,9,1,83,148,2017,12,13,4,3,6,7,0,1,1,0,0,0,0,7.53678E+20,5.3447E+21,1.24145E+16,4.82048E+16
186803,9.17121E+18,9,1,83,148,2017,12,12,4,3,6,2,0,1,1,0,0,0,0,7.52949E+20,5.34479E+21,1.24047E+16,4.82058E+16
186804,9.17121E+18,9,1,87,150,2017,12,16,4,3,6,7,0,1,1,0,0,0,1,7.2826E+20,5.30292E+21,1.20506E+16,4.78391E+16
186805,9.17121E+18,9,1,61,0,2017,12,13,4,2,3,6,1,1,0,0,0,0,0,6.78013E+20,5.40437E+21,1.14226E+16,4.87669E+16
186806,9.17121E+18,9,1,86,137,2017,12,14,4,3,5,3,1,1,0,0,0,0,0,6.84037E+20,5.39898E+21,1.15021E+16,4.87166E+16
186807,9.17121E+18,9,1,79,142,2017,12,11,4,2,1,5,0,1,0,0,0,0,0,6.7248E+20,5.34278E+21,1.13219E+16,4.82148E+16
186808,9.17121E+18,9,1,79,121,2017,12,15,4,3,1,7,0,1,0,0,0,0,0,6.67964E+20,5.34036E+21,1.12602E+16,4.81943E+16
186809,9.17121E+18,9,1,77,117,2017,12,15,4,3,5,3,0,1,0,0,0,0,0,7.15003E+20,5.35471E+21,1.18998E+16,4.8309E+16
186810,9.17121E+18,9,1,62,0,2017,12,16,3,3,5,3,0,1,0,0,0,2,0,6.90086E+20,5.33313E+21,1.15544E+16,4.8123E+16
186811,9.17121E+18,9,1,62,0,2017,12,8,3,2,3,6,1,0,0,0,0,0,1,6.94286E+20,5.33648E+21,1.16123E+16,4.81519E+16
186812,9.17121E+18,9,1,62,0,2017,12,16,3,3,2,6,0,1,0,1,0,1,0,6.92011E+20,5.33496E+21,1.15811E+16,4.81389E+16