OBJECTID,UIDENTSTLA,ULAND,UREGBEZ,UKREIS,UGEMEINDE,UJAHR,UMONAT,USTUNDE,UWOCHENTAG,UKATEGORIE,UART,UTYP1,IstRad,IstPKW,IstFuss,IstKrad,IstSonstig,LICHT,STRZUSTAND,LINREFX,LINREFY,XGCSWGS84,YGCSWGS84
186984,9.17121E+18,9,2,72,118,2017,12,12,4,3,2,6,0,1,0,0,0,0,1,8.34399E+20,5.41651E+21,1.35554E+16,4.88115E+16
186985,9.17121E+18,9,2,73,147,2017,12,14,4,3,4,2,0,1,0,0,0,0,0,7.04269E+20,5.39014E+21,1.17725E+16,4.86309E+16
186986,9.17121E+18,9,2,61,0,2017,12,13,4,3,2,6,0,1,0,0,1,0,0,7.32597E+20,5.38286E+21,1.21523E+16,4.85556E+16
186987,9.17121E+18,9,2,73,116,2017,12,20,4,3,0,7,1,0,0,0,0,2,2,7.22906E+20,5.42396E+21,1.20434E+16,4.89284E+16
186988,9.17121E+18,9,1,90,140,2017,12,12,4,2,0,1,1,0,0,0,0,0,2,6.44072E+20,5.29506E+21,1.09237E+16,4.77928E+16
186989,9.17121E+18,9,1,90,148,2017,12,17,4,3,5,3,0,1,0,1,0,2,1,6.41435E+20,5.29665E+21,1.08891E+16,4.78077E+16
186990,9.17121E+18,9,1,73,126,2017,12,11,4,3,4,7,0,1,0,0,0,0,1,6.84831E+20,5.30496E+21,1.14717E+16,4.78713E+16
186991,9.17121E+18,9,1,80,117,2017,12,10,4,3,2,6,0,1,0,0,0,0,2,6.58054E+20,5.26253E+21,1.10985E+16,4.7497E+16
186992,9.17121E+18,9,1,89,155,2017,12,8,4,3,5,3,0,1,0,0,0,0,2,7.71756E+20,5.309E+21,1.26346E+16,4.78767E+16
186993,9.17121E+18,9,1,87,162,2017,12,6,4,3,0,7,0,0,1,0,1,2,2,7.50355E+20,5.30553E+21,1.23469E+16,4.78543E+16
186994,9.17121E+18,9,1,61,0,2017,12,13,4,3,4,6,1,1,0,0,0,0,0,6.78115E+20,5.40407E+21,1.14239E+16,4.87641E+16
186995,9.17121E+18,9,1,76,123,2017,12,18,4,3,5,3,1,1,0,0,0,2,1,6.60621E+20,5.41746E+21,1.11912E+16,4.88892E+16
186996,9.17121E+18,9,1,88,144,2017,12,7,4,3,5,3,1,0,0,0,1,0,1,6.67409E+20,5.32706E+21,1.12475E+16,4.80748E+16
186997,9.17121E+18,9,1,74,115,2017,12,14,4,3,2,6,0,1,0,0,0,0,0,6.83764E+20,5.34768E+21,1.14758E+16,4.82557E+16
186998,9.17121E+18,9,1,78,145,2017,12,10,4,3,6,1,0,1,1,0,0,0,0,6.97359E+20,5.35496E+21,1.16622E+16,4.8317E+16
186999,9.17121E+18,9,1,78,124,2017,12,8,4,3,2,6,0,1,0,0,0,0,0,7.03732E+20,5.3644E+21,1.17526E+16,4.83998E+16
187000,9.17121E+18,9,1,77,112,2017,12,7,4,3,8,1,0,1,0,0,0,1,2,7.15332E+20,5.36255E+21,1.19082E+16,4.83793E+16
187001,9.17121E+18,9,1,84,112,2017,12,6,3,3,5,3,0,1,0,0,1,2,1,7.02109E+20,5.33891E+21,1.17185E+16,4.81713E+16
187002,9.17121E+18,9,1,62,0,2017,12,18,3,3,6,4,0,0,1,0,1,2,1,6.91684E+20,5.33373E+21,1.15761E+16,4.8128E+16
187003,9.17121E+18,9,1,62,0,2017,12,22,3,2,6,4,0,1,1,0,0,2,0,6.89617E+20,5.33345E+21,1.15482E+16,4.81261E+16
187004,9.17121E+18,9,1,62,0,2017,12,15,3,3,3,1,0,1,0,0,1,0,1,6.9175E+20,5.34039E+21,1.158E+16,4.81878E+16
187005,9.17121E+18,9,1,62,0,2017,12,20,3,2,8,1,0,1,0,0,1,2,1,7.00115E+20,5.33513E+21,1.169E+16,4.81379E+16
187006,9.17121E+18,9,1,62,0,2017,12,22,3,3,6,7,1,0,1,0,0,2,0,6.901E+20,5.33493E+21,1.15554E+16,4.81392E+16
187007,9.17121E+18,9,1,62,0,2017,12,11,3,3,3,2,1,1,0,0,0,0,0,6.90384E+20,5.33388E+21,1.15587E+16,4.81297E+16
187008,9.17121E+18,9,1,62,0,2017,12,18,3,3,5,2,1,1,0,0,0,2,0,6.93524E+20,5.33517E+21,1.16015E+16,4.81403E+16
187009,9.17121E+18,9,1,84,139,2017,12,18,3,2,0,4,1,0,1,0,0,2,1,6.87851E+20,5.32585E+21,1.15212E+16,4.80582E+16
187010,9.17121E+18,9,1,62,0,2017,12,7,3,3,2,6,0,1,0,0,0,0,0,6.8664E+20,5.33032E+21,1.15069E+16,4.80988E+16
187011,9.17121E+18,9,1,84,118,2017,12,12,3,3,5,3,0,1,0,0,0,0,1,7.0325E+20,5.33659E+21,1.17327E+16,4.815E+16
187012,9.17121E+18,9,1,62,0,2017,12,13,3,3,1,6,0,1,0,0,0,0,1,6.92377E+20,5.33229E+21,1.15848E+16,4.81148E+16
187013,9.17121E+18,9,7,75,135,2017,12,20,3,3,5,3,0,1,0,0,0,2,0,5.73833E+20,5.35956E+21,9.99723E+15,4.83849E+16
187014,9.17121E+18,9,7,64,0,2017,12,6,3,2,6,4,0,1,1,0,0,1,0,5.88514E+20,5.31532E+21,1.01863E+16,4.7985E+16
187015,9.17121E+18,9,7,63,0,2017,12,8,3,3,0,1,0,0,0,1,0,0,2,5.98483E+20,5.28605E+21,1.03132E+16,4.77203E+16
187016,9.17121E+18,9,7,61,0,2017,12,7,3,1,5,3,1,1,0,0,0,0,0,6.44066E+20,5.35683E+21,1.09445E+16,4.83482E+16
187017,9.17121E+18,9,6,77,157,2017,12,17,3,3,5,3,0,1,0,0,0,2,1,5.43289E+20,5.52086E+21,9.60201E+15,4.98386E+16
187018,9.17121E+18,9,6,75,141,2017,12,17,3,3,5,3,0,1,0,0,0,2,0,5.83884E+20,5.51019E+21,1.01642E+16,4.97383E+16
187019,9.17121E+18,9,6,62,0,2017,12,22,3,3,6,2,0,1,1,0,0,2,0,5.8779E+20,5.54237E+21,1.02257E+16,5.00272E+16
187020,9.17121E+18,9,5,62,0,2017,12,15,3,3,5,3,1,1,0,0,0,1,0,6.47124E+20,5.49558E+21,1.10359E+16,4.95949E+16
187021,9.17121E+18,9,5,63,0,2017,12,17,3,3,6,4,0,1,1,0,0,0,0,6.44476E+20,5.48379E+21,1.09949E+16,4.94895E+16
187022,9.17121E+18,9,5,64,0,2017,12,14,3,3,6,3,1,0,1,0,0,0,0,6.50534E+20,5.47842E+21,1.10765E+16,4.94398E+16
187023,9.17121E+18,9,5,64,0,2017,12,18,3,3,1,7,0,1,0,0,0,2,1,6.49988E+20,5.47836E+21,1.1069E+16,4.94394E+16
187024,9.17121E+18,9,5,64,0,2017,12,18,3,3,5,3,0,1,0,0,0,2,1,6.50078E+20,5.48119E+21,1.10713E+16,4.94648E+16
187025,9.17121E+18,9,4,75,156,2017,12,15,3,2,0,1,0,0,0,1,0,0,1,6.92307E+20,5.57836E+21,1.17018E+16,5.03259E+16
187026,9.17121E+18,9,3,63,0,2017,12,17,3,3,1,5,1,1,0,0,0,1,1,7.28193E+20,5.50804E+21,1.21635E+16,4.96816E+16
187027,9.17121E+18,9,3,62,0,2017,12,6,3,2,3,6,0,1,0,0,1,2,1,7.29557E+20,5.43482E+21,1.21402E+16,4.90235E+16
187028,9.17121E+18,9,2,62,0,2017,12,11,3,3,5,3,0,1,0,0,1,0,1,8.28561E+20,5.38972E+21,1.34548E+16,4.85742E+16
187029,9.17121E+18,9,2,61,0,2017,12,7,3,3,0,1,1,0,0,0,0,0,1,7.3369E+20,5.38105E+21,1.21661E+16,4.8539E+16
187030,9.17121E+18,9,1,83,128,2017,12,10,3,3,2,6,0,1,0,0,0,0,1,7.60131E+20,5.3499E+21,1.25044E+16,4.82489E+16
187031,9.17121E+18,9,1,71,112,2017,12,17,3,3,4,7,1,1,0,0,0,2,1,7.84466E+20,5.34186E+21,1.28261E+16,4.81663E+16
187032,9.17121E+18,9,1,63,0,2017,12,7,3,3,3,2,1,1,0,0,0,1,1,7.334E+20,5.30505E+21,1.21204E+16,4.78563E+16
187033,9.17121E+18,9,1,63,0,2017,12,15,3,3,6,2,0,1,1,0,0,0,1,7.33509E+20,5.30471E+21,1.21216E+16,4.78533E+16
187034,9.17121E+18,9,1,63,0,2017,12,8,3,2,5,2,1,1,0,0,0,0,1,7.33891E+20,5.30559E+21,1.21272E+16,4.78611E+16
187035,9.17121E+18,9,1,63,0,2017,12,15,3,2,5,3,1,1,0,0,0,1,1,7.33327E+20,5.30527E+21,1.21195E+16,4.78584E+16
187036,9.17121E+18,9,1,79,111,2017,12,18,3,3,0,7,0,1,0,0,0,2,0,6.5733E+20,5.3389E+21,1.11167E+16,4.81839E+16
187037,9.17121E+18,9,1,77,117,2017,12,15,3,3,5,2,1,1,0,0,0,0,1,7.15053E+20,5.35397E+21,1.19E+16,4.83023E+16
187038,9.17121E+18,9,1,77,117,2017,12,16,3,2,5,3,0,1,0,0,0,1,0,7.14761E+20,5.35504E+21,1.18967E+16,4.8312E+16
187039,9.17121E+18,9,1,77,117,2017,12,6,3,3,5,3,0,1,0,0,0,2,1,7.16729E+20,5.35664E+21,1.1924E+16,4.83257E+16
187040,9.17121E+18,9,1,77,139,2017,12,5,3,3,5,3,0,1,0,0,0,2,1,7.3194E+20,5.35965E+21,1.21306E+16,4.83474E+16
187041,9.17121E+18,9,1,77,115,2017,12,7,3,3,5,3,1,1,0,0,0,1,0,7.34076E+20,5.3522E+21,1.21552E+16,4.82797E+16
187042,9.17121E+18,9,1,84,148,2017,12,23,2,3,0,7,0,1,0,0,0,2,1,6.94251E+20,5.3258E+21,1.1607E+16,4.80559E+16
187043,9.17121E+18,9,1,62,0,2017,12,19,2,3,5,2,0,1,0,0,0,2,0,6.90817E+20,5.33952E+21,1.15671E+16,4.81803E+16
187044,9.17121E+18,9,1,62,0,2017,12,17,2,3,6,2,0,1,1,0,0,2,0,6.92155E+20,5.33973E+21,1.15851E+16,4.81817E+16
187045,9.17121E+18,9,1,62,0,2017,12,15,2,3,4,6,1,1,0,0,0,0,0,6.91119E+20,5.33939E+21,1.15711E+16,4.81789E+16
187046,9.17121E+18,9,1,84,123,2017,12,16,2,3,5,3,1,1,0,0,0,1,0,7.02746E+20,5.33177E+21,1.17237E+16,4.81069E+16
187047,9.17121E+18,9,1,62,0,2017,12,17,2,3,5,3,0,1,0,0,1,2,1,6.91974E+20,5.33232E+21,1.15794E+16,4.81152E+16
187048,9.17121E+18,9,1,62,0,2017,12,15,2,3,0,6,0,1,0,0,1,0,0,6.90284E+20,5.33493E+21,1.15579E+16,4.81392E+16
187049,9.17121E+18,9,1,62,0,2017,12,15,2,3,6,4,0,1,1,0,0,0,0,6.94005E+20,5.33635E+21,1.16085E+16,4.81508E+16
187050,9.17121E+18,9,7,74,135,2017,12,16,2,3,2,6,0,1,0,0,0,2,1,5.94907E+20,5.36639E+21,1.02833E+16,4.84435E+16
187051,9.17121E+18,9,7,72,200,2017,12,8,2,3,0,1,1,0,0,0,1,0,2,6.3064E+20,5.33842E+21,1.07577E+16,4.81856E+16
187052,9.17121E+18,9,7,72,184,2017,12,19,2,3,8,1,0,1,0,0,0,2,1,6.36614E+20,5.36159E+21,1.08455E+16,4.83926E+16
187053,9.17121E+18,9,7,61,0,2017,12,8,2,3,2,2,0,1,0,1,0,0,1,6.43191E+20,5.3616E+21,1.09343E+16,4.83913E+16
187054,9.17121E+18,9,7,61,0,2017,12,15,2,3,4,6,1,1,0,0,0,0,0,6.444E+20,5.35801E+21,1.09494E+16,4.83587E+16
187055,9.17121E+18,9,7,61,0,2017,12,17,2,3,5,1,0,1,0,0,0,2,1,6.40587E+20,5.35705E+21,1.08976E+16,4.83509E+16
187056,9.17121E+18,9,7,61,0,2017,12,7,2,2,0,5,0,1,0,0,1,1,2,6.40964E+20,5.35882E+21,1.09033E+16,4.83668E+16
187057,9.17121E+18,9,7,71,113,2017,12,6,2,3,4,2,0,1,0,0,1,1,1,6.55849E+20,5.36693E+21,1.11071E+16,4.84363E+16
187058,9.17121E+18,9,7,71,113,2017,12,16,2,3,0,1,1,0,0,0,0,2,1,6.58278E+20,5.36805E+21,1.11404E+16,4.84456E+16
187059,9.17121E+18,9,6,63,0,2017,12,16,2,2,6,2,0,0,1,0,1,2,1,5.6991E+20,5.5164E+21,9.97139E+15,4.9796E+16
187060,9.17121E+18,9,6,63,0,2017,12,7,2,3,6,4,0,1,1,0,0,0,1,5.68164E+20,5.51561E+21,9.947E+15,4.97891E+16
187061,9.17121E+18,9,6,63,0,2017,12,12,2,3,6,4,0,1,1,0,0,0,0,5.66893E+20,5.51646E+21,9.92948E+15,4.97969E+16
187062,9.17121E+18,9,6,71,111,2017,12,15,2,2,8,7,0,1,0,0,0,0,1,5.05311E+20,5.54566E+21,9.0742E+15,5.00632E+16
187063,9.17121E+18,9,5,74,139,2017,12,5,2,2,6,4,0,1,1,0,0,2,1,6.65261E+20,5.48066E+21,1.12804E+16,4.94561E+16
187064,9.17121E+18,9,5,74,164,2017,12,15,2,3,9,1,0,1,0,0,0,0,2,6.66095E+20,5.47631E+21,1.12901E+16,4.94167E+16
187065,9.17121E+18,9,5,64,0,2017,12,15,2,3,5,2,1,1,0,0,0,0,1,6.46392E+20,5.47739E+21,1.1019E+16,4.94315E+16
187066,9.17121E+18,9,5,64,0,2017,12,13,2,3,5,3,1,0,0,0,1,0,1,6.53448E+20,5.48276E+21,1.11184E+16,4.94781E+16
187067,9.17121E+18,9,5,64,0,2017,12,18,2,3,0,1,1,0,0,0,0,0,0,6.45631E+20,5.48803E+21,1.10125E+16,4.95273E+16
187068,9.17121E+18,9,5,64,0,2017,12,7,2,3,4,2,0,1,0,0,0,1,1,6.45186E+20,5.47946E+21,1.10032E+16,4.94504E+16
187069,9.17121E+18,9,5,64,0,2017,12,12,2,3,4,2,0,1,0,0,0,0,1,6.48929E+20,5.47967E+21,1.10549E+16,4.94514E+16
187070,9.17121E+18,9,5,64,0,2017,12,6,2,3,5,7,1,1,0,0,0,2,1,6.50763E+20,5.48222E+21,1.10811E+16,4.94739E+16
187071,9.17121E+18,9,5,73,122,2017,12,11,2,3,0,7,0,1,0,0,1,0,1,6.4281E+20,5.47736E+21,1.09696E+16,4.94322E+16
187072,9.17121E+18,9,5,75,112,2017,12,12,2,1,6,1,0,0,1,0,1,0,1,6.02364E+20,5.4845E+21,1.04139E+16,4.95045E+16
187073,9.17121E+18,9,4,64,0,2017,12,14,2,3,5,3,0,1,0,0,0,0,1,7.08612E+20,5.57853E+21,1.19307E+16,5.03219E+16
187074,9.17121E+18,9,4,63,0,2017,12,13,2,3,1,1,0,1,0,0,0,0,1,6.4145E+20,5.57249E+21,1.09857E+16,5.02875E+16
187075,9.17121E+18,9,4,78,145,2017,12,11,2,3,5,3,0,1,0,0,0,0,1,6.50052E+20,5.55902E+21,1.1101E+16,5.01644E+16
187076,9.17121E+18,9,4,63,0,2017,12,17,2,3,6,4,0,1,1,0,0,2,0,6.40194E+20,5.56803E+21,1.09664E+16,5.02478E+16
187077,9.17121E+18,9,4,73,153,2017,12,13,2,3,5,3,0,1,0,0,0,0,1,6.41879E+20,5.56493E+21,1.09888E+16,5.02195E+16
187078,9.17121E+18,9,4,63,0,2017,12,18,2,3,4,2,0,1,0,0,0,1,1,6.39627E+20,5.56869E+21,1.09587E+16,5.02538E+16
187079,9.17121E+18,9,4,71,140,2017,12,14,2,3,2,7,0,1,0,0,1,0,1,6.33837E+20,5.53088E+21,1.08643E+16,4.99153E+16
187080,9.17121E+18,9,4,71,145,2017,12,17,2,3,5,2,1,1,0,0,0,0,1,6.42749E+20,5.51976E+21,1.09842E+16,4.98132E+16
187081,9.17121E+18,9,3,62,0,2017,12,7,2,3,1,7,0,0,0,1,1,2,2,7.27744E+20,5.43313E+21,1.21145E+16,4.9009E+16
187082,9.17121E+18,9,3,73,147,2017,12,8,2,3,5,2,1,0,0,0,1,0,1,6.79147E+20,5.46179E+21,1.14634E+16,4.92826E+16
187083,9.17121E+18,9,2,75,128,2017,12,8,2,3,0,7,0,1,0,0,0,0,2,8.28959E+20,5.40513E+21,1.34724E+16,4.87123E+16
187084,9.17121E+18,9,2,77,116,2017,12,16,2,3,0,1,0,0,0,1,0,1,1,7.78281E+20,5.36768E+21,1.27601E+16,4.84008E+16
187085,9.17121E+18,9,2,61,0,2017,12,18,2,3,6,2,0,1,1,0,0,0,1,7.32391E+20,5.38007E+21,1.2148E+16,4.85307E+16
187086,9.17121E+18,9,1,90,142,2017,12,7,2,2,0,1,1,0,0,0,0,2,1,6.6056E+20,5.29773E+21,1.11447E+16,4.78128E+16
187087,9.17121E+18,9,1,90,157,2017,12,13,2,3,2,6,0,1,0,0,0,0,0,6.60996E+20,5.30215E+21,1.11522E+16,4.78525E+16
187088,9.17121E+18,9,1,73,126,2017,12,5,2,2,5,3,0,1,0,1,0,2,1,6.8704E+20,5.30276E+21,1.15003E+16,4.7851E+16
187089,9.17121E+18,9,1,61,0,2017,12,10,2,3,3,6,0,1,0,0,1,0,1,6.8173E+20,5.40248E+21,1.14723E+16,4.87488E+16
187090,9.17121E+18,9,1,61,0,2017,12,12,2,3,2,6,0,1,0,0,0,0,1,6.79175E+20,5.40587E+21,1.1439E+16,4.878E+16
187091,9.17121E+18,9,1,85,158,2017,12,18,2,2,6,6,0,0,1,0,1,2,1,6.67282E+20,5.38118E+21,1.12673E+16,4.85613E+16
187092,9.17121E+18,9,1,79,142,2017,12,8,2,3,0,1,1,0,0,0,0,1,1,6.73844E+20,5.34241E+21,1.13401E+16,4.82111E+16
187093,9.17121E+18,9,1,81,130,2017,12,17,2,3,2,6,0,1,0,0,0,0,0,6.39218E+20,5.32434E+21,1.08684E+16,4.80572E+16
187094,9.17121E+18,9,1,79,147,2017,12,6,2,3,4,7,0,1,0,0,0,2,2,6.63658E+20,5.33444E+21,1.12E+16,4.81422E+16
187095,9.17121E+18,9,1,78,124,2017,12,17,2,3,0,7,1,1,0,0,0,1,0,7.01951E+20,5.3642E+21,1.17285E+16,4.83986E+16
187096,9.17121E+18,9,1,75,115,2017,12,8,2,3,5,3,1,1,0,0,0,0,0,7.20731E+20,5.32901E+21,1.19635E+16,4.80761E+16
187097,9.17121E+18,9,1,62,0,2017,12,17,1,3,5,3,1,1,0,0,0,2,1,6.91088E+20,5.33422E+21,1.15683E+16,4.81325E+16
187098,9.17121E+18,9,1,84,136,2017,12,13,1,3,4,7,1,1,0,0,0,0,1,6.99957E+20,5.32746E+21,1.16842E+16,4.80691E+16
187099,9.17121E+18,9,1,84,120,2017,12,6,1,3,5,3,0,1,0,0,0,2,0,6.81286E+20,5.33312E+21,1.14362E+16,4.81255E+16
187100,9.17121E+18,9,1,62,0,2017,12,11,1,3,0,7,1,0,0,0,0,0,0,6.8757E+20,5.33602E+21,1.15219E+16,4.81498E+16
187101,9.17121E+18,9,1,62,0,2017,12,13,1,3,4,6,0,1,0,0,0,0,2,6.87646E+20,5.33702E+21,1.15234E+16,4.81588E+16
187102,9.17121E+18,9,1,62,0,2017,12,8,1,3,5,3,0,1,0,0,0,0,2,6.87888E+20,5.33041E+21,1.15237E+16,4.80992E+16
187103,9.17121E+18,9,7,75,162,2017,12,11,1,2,0,1,1,0,0,0,0,0,2,5.80538E+20,5.34819E+21,1.00856E+16,4.82818E+16
187104,9.17121E+18,9,7,74,121,2017,12,12,1,3,4,1,0,1,0,0,0,1,2,6.01193E+20,5.3641E+21,1.03678E+16,4.84219E+16
187105,9.17121E+18,9,7,79,131,2017,12,13,1,2,4,1,0,1,0,0,0,0,2,6.31005E+20,5.39909E+21,1.07816E+16,4.87311E+16
187106,9.17121E+18,9,7,72,130,2017,12,14,1,3,0,1,0,0,0,1,0,0,2,6.31379E+20,5.35662E+21,1.07732E+16,4.83491E+16
187107,9.17121E+18,9,7,72,147,2017,12,15,1,3,5,3,0,1,0,0,0,0,2,6.38387E+20,5.36579E+21,1.08708E+16,4.843E+16
187108,9.17121E+18,9,7,61,0,2017,12,2,1,3,8,1,0,1,0,0,0,2,0,6.39283E+20,5.36135E+21,1.08814E+16,4.83899E+16
187109,9.17121E+18,9,7,61,0,2017,12,12,1,3,6,4,0,1,1,0,0,0,1,6.38767E+20,5.3604E+21,1.08742E+16,4.83815E+16
187110,9.17121E+18,9,7,61,0,2017,12,0,1,3,1,7,0,1,0,0,1,2,0,6.37962E+20,5.36092E+21,1.08635E+16,4.83863E+16
187111,9.17121E+18,9,6,63,0,2017,12,18,1,3,3,6,0,1,0,0,0,2,1,5.68044E+20,5.51269E+21,9.94481E+15,4.97628E+16
187112,9.17121E+18,9,6,78,160,2017,12,13,1,3,2,1,0,1,0,0,0,0,2,5.84029E+20,5.54632E+21,1.0174E+16,5.00633E+16
187113,9.17121E+18,9,6,62,0,2017,12,14,1,3,0,7,1,0,0,0,0,0,2,5.86392E+20,5.54246E+21,1.02062E+16,5.00281E+16
187114,9.17121E+18,9,5,62,0,2017,12,9,1,2,0,7,1,0,0,0,0,0,0,6.45503E+20,5.49515E+21,1.10133E+16,4.95914E+16
187115,9.17121E+18,9,5,64,0,2017,12,13,1,3,4,1,0,1,0,0,0,0,2,6.54185E+20,5.47503E+21,1.11255E+16,4.94084E+16
187116,9.17121E+18,9,5,73,122,2017,12,14,1,3,6,7,0,1,1,0,0,0,2,6.41812E+20,5.47716E+21,1.09558E+16,4.94306E+16
187117,9.17121E+18,9,5,61,0,2017,12,0,1,3,5,3,0,1,0,0,0,2,1,6.13847E+20,5.46156E+21,1.05658E+16,4.92962E+16
187118,9.17121E+18,9,4,73,158,2017,12,13,1,3,4,6,0,1,0,0,0,0,2,6.28522E+20,5.57992E+21,1.08068E+16,5.03573E+16
187119,9.17121E+18,9,3,63,0,2017,12,15,1,3,5,1,0,1,0,0,0,0,2,7.27385E+20,5.51009E+21,1.21535E+16,4.97003E+16
187120,9.17121E+18,9,3,72,144,2017,12,16,1,3,4,1,0,1,0,0,0,2,2,7.87909E+20,5.46361E+21,1.29572E+16,4.92574E+16
187121,9.17121E+18,9,1,83,148,2017,12,20,1,2,6,2,0,1,1,0,0,2,1,7.51882E+20,5.34419E+21,1.239E+16,4.82009E+16
187122,9.17121E+18,9,1,89,149,2017,12,3,1,3,9,1,0,1,0,0,0,2,2,7.63363E+20,5.33144E+21,1.25364E+16,4.80818E+16
187123,9.17121E+18,9,1,63,0,2017,12,14,1,3,0,7,1,1,0,0,0,0,0,7.30868E+20,5.30404E+21,1.2086E+16,4.78482E+16
187124,9.17121E+18,9,1,82,123,2017,12,19,1,2,1,7,0,1,0,0,0,2,1,7.18088E+20,5.30178E+21,1.19143E+16,4.78324E+16
187125,9.17121E+18,9,1,61,0,2017,12,0,1,3,8,1,0,1,0,0,0,2,1,6.77361E+20,5.40931E+21,1.14159E+16,4.88115E+16
187126,9.17121E+18,9,1,88,137,2017,12,13,1,3,2,6,0,1,0,0,0,0,2,6.7235E+20,5.31707E+21,1.13098E+16,4.79837E+16
187127,9.17121E+18,9,1,81,122,2017,12,18,1,2,0,1,0,0,0,1,0,2,2,6.50181E+20,5.33423E+21,1.10189E+16,4.81436E+16
187128,9.17121E+18,9,1,77,133,2017,12,15,1,3,3,6,0,1,0,0,0,0,1,7.06467E+20,5.3594E+21,1.17871E+16,4.8354E+16
187129,9.17121E+18,9,1,75,132,2017,12,16,1,3,6,4,0,1,1,0,0,2,2,7.07815E+20,5.33174E+21,1.17917E+16,4.8105E+16
187130,9.17121E+18,9,1,78,145,2017,12,16,1,3,4,3,0,1,0,0,0,2,2,6.97808E+20,5.35549E+21,1.16685E+16,4.83217E+16
187131,9.17121E+18,9,1,62,0,2017,12,17,7,3,2,1,0,1,0,0,0,2,1,6.9371E+20,5.33222E+21,1.16026E+16,4.81138E+16
187132,9.17121E+18,9,1,62,0,2017,12,12,7,3,0,6,0,1,0,0,1,0,0,6.91995E+20,5.33729E+21,1.15819E+16,4.81598E+16
187133,9.17121E+18,9,1,62,0,2017,12,12,7,3,6,4,0,1,1,0,0,0,0,6.86216E+20,5.33388E+21,1.15028E+16,4.81309E+16
187134,9.17121E+18,9,1,84,131,2017,12,1,7,3,1,5,1,1,0,0,0,2,1,7.04673E+20,5.3381E+21,1.17526E+16,4.81631E+16
187135,9.17121E+18,9,1,84,120,2017,12,23,7,3,0,1,1,0,0,0,0,2,1,6.80813E+20,5.33348E+21,1.14301E+16,4.81289E+16
187136,9.17121E+18,9,1,62,0,2017,12,22,7,3,0,5,1,1,0,0,0,2,0,6.91423E+20,5.33292E+21,1.15723E+16,4.81207E+16
187137,9.17121E+18,9,1,62,0,2017,12,19,7,3,4,2,0,1,0,0,0,2,0,6.86222E+20,5.33986E+21,1.15055E+16,4.81847E+16
187138,9.17121E+18,9,7,64,0,2017,12,12,7,3,2,6,0,1,0,0,1,0,1,5.87113E+20,5.31706E+21,1.01678E+16,4.80009E+16
187139,9.17121E+18,9,7,75,129,2017,12,14,7,3,4,1,0,1,0,0,0,0,2,5.83055E+20,5.34317E+21,1.01185E+16,4.82363E+16
187140,9.17121E+18,9,7,77,121,2017,12,16,7,3,4,6,0,1,0,0,0,0,2,6.28134E+20,5.32176E+21,1.07189E+16,4.80363E+16
187141,9.17121E+18,9,7,79,196,2017,12,11,7,3,5,3,0,1,0,0,0,0,0,6.37403E+20,5.39242E+21,1.08663E+16,4.86697E+16
187142,9.17121E+18,9,7,73,125,2017,12,18,7,2,1,5,0,1,0,0,0,2,0,6.10299E+20,5.38151E+21,1.04954E+16,4.8577E+16
187143,9.17121E+18,9,7,61,0,2017,12,8,7,3,0,3,1,1,0,0,0,0,1,6.37066E+20,5.36016E+21,1.08511E+16,4.83797E+16
187144,9.17121E+18,9,7,72,202,2017,12,18,7,3,5,3,0,1,0,0,0,2,1,6.36637E+20,5.35974E+21,1.08452E+16,4.83761E+16
187145,9.17121E+18,9,7,61,0,2017,12,13,7,3,0,1,1,1,0,0,0,0,0,6.4102E+20,5.35868E+21,1.0904E+16,4.83656E+16
187146,9.17121E+18,9,7,61,0,2017,12,16,7,3,5,3,0,1,0,0,0,2,0,6.39068E+20,5.35616E+21,1.08768E+16,4.83433E+16
187147,9.17121E+18,9,7,61,0,2017,12,21,7,3,0,1,1,0,0,0,0,2,1,6.4076E+20,5.35874E+21,1.09005E+16,4.83661E+16
187148,9.17121E+18,9,6,72,114,2017,12,0,7,3,8,1,0,1,0,0,0,2,2,5.69989E+20,5.56206E+21,9.9808E+15,5.02066E+16
187149,9.17121E+18,9,6,62,0,2017,12,5,7,3,5,3,0,1,0,1,0,2,2,5.87938E+20,5.54462E+21,1.02283E+16,5.00473E+16
187150,9.17121E+18,9,6,76,126,2017,12,12,7,3,7,7,1,0,0,0,0,0,0,5.10722E+20,5.52639E+21,9.14927E+15,4.98898E+16
187151,9.17121E+18,9,5,62,0,2017,12,18,7,3,1,5,1,1,0,0,0,2,1,6.46068E+20,5.49449E+21,1.10209E+16,4.95854E+16
187152,9.17121E+18,9,5,62,0,2017,12,0,7,3,0,7,1,0,0,0,0,2,1,6.45302E+20,5.49286E+21,1.10097E+16,4.95709E+16
187153,9.17121E+18,9,5,64,0,2017,12,18,7,3,6,1,0,0,1,0,1,2,1,6.49941E+20,5.47938E+21,1.10687E+16,4.94486E+16
187154,9.17121E+18,9,5,64,0,2017,12,14,7,3,5,3,0,1,0,0,0,0,0,6.5248E+20,5.47871E+21,1.11034E+16,4.94419E+16