OBJECTID,UIDENTSTLA,ULAND,UREGBEZ,UKREIS,UGEMEINDE,UJAHR,UMONAT,USTUNDE,UWOCHENTAG,UKATEGORIE,UART,UTYP1,IstRad,IstPKW,IstFuss,IstKrad,IstSonstig,LICHT,STRZUSTAND,LINREFX,LINREFY,XGCSWGS84,YGCSWGS84
187155,9.17121E+18,9,5,77,115,2017,12,13,7,3,0,7,1,0,0,0,0,0,2,6.56972E+20,5.43737E+21,1.11492E+16,4.90692E+16
187156,9.17121E+18,9,4,78,176,2017,12,0,7,3,9,1,0,1,0,0,0,2,2,6.63742E+20,5.54671E+21,1.12872E+16,5.00502E+16
187157,9.17121E+18,9,4,76,177,2017,12,7,7,3,0,3,0,1,0,0,0,1,2,6.75818E+20,5.57742E+21,1.147E+16,5.03226E+16
187158,9.17121E+18,9,4,63,0,2017,12,13,7,3,2,1,0,1,0,0,0,0,2,6.39505E+20,5.56847E+21,1.09569E+16,5.02519E+16
187159,9.17121E+18,9,4,63,0,2017,12,11,7,3,2,6,0,1,0,0,0,0,1,6.39906E+20,5.56873E+21,1.09626E+16,5.02541E+16
187160,9.17121E+18,9,4,62,0,2017,12,12,7,3,2,6,0,1,0,0,0,0,1,6.84138E+20,5.53658E+21,1.1567E+16,4.99531E+16
187161,9.17121E+18,9,3,75,165,2017,12,18,7,3,5,6,0,1,0,1,0,2,1,7.257E+20,5.43922E+21,1.209E+16,4.90644E+16
187162,9.17121E+18,9,3,73,147,2017,12,20,7,3,5,2,0,1,0,0,1,2,1,6.78849E+20,5.46299E+21,1.14598E+16,4.92935E+16
187163,9.17121E+18,9,3,76,161,2017,12,11,7,3,1,6,0,1,0,0,0,0,0,7.28864E+20,5.46734E+21,1.21492E+16,4.93159E+16
187164,9.17121E+18,9,2,76,144,2017,12,11,7,2,4,6,0,1,0,0,0,0,1,7.85308E+20,5.4442E+21,1.29078E+16,4.90844E+16
187165,9.17121E+18,9,2,62,0,2017,12,9,7,3,9,6,0,1,0,0,0,0,1,8.26822E+20,5.38915E+21,1.34308E+16,4.85701E+16
187166,9.17121E+18,9,2,72,151,2017,12,14,7,3,2,1,0,1,0,0,0,0,1,8.38222E+20,5.40763E+21,1.36E+16,4.87297E+16
187167,9.17121E+18,9,2,72,118,2017,12,5,7,3,6,4,0,1,1,0,0,2,2,8.33922E+20,5.41575E+21,1.35483E+16,4.88049E+16
187168,9.17121E+18,9,2,74,126,2017,12,16,7,3,5,3,0,1,0,0,0,0,0,7.34314E+20,5.38444E+21,1.21764E+16,4.85692E+16
187169,9.17121E+18,9,2,61,0,2017,12,14,7,3,5,3,0,1,0,0,0,0,0,7.32156E+20,5.38093E+21,1.21453E+16,4.85384E+16
187170,9.17121E+18,9,1,90,144,2017,12,15,7,3,4,5,0,1,0,0,0,0,2,6.57274E+20,5.30839E+21,1.11047E+16,4.79096E+16
187171,9.17121E+18,9,1,85,140,2017,12,15,7,3,5,3,0,1,0,0,0,0,0,6.78906E+20,5.39632E+21,1.14312E+16,4.86943E+16
187172,9.17121E+18,9,1,79,126,2017,12,9,7,3,0,7,1,0,0,0,0,0,2,6.76236E+20,5.34042E+21,1.13715E+16,4.81925E+16
187173,9.17121E+18,9,1,62,0,2017,12,10,6,3,0,7,0,0,0,0,1,0,0,6.92554E+20,5.33417E+21,1.1588E+16,4.81316E+16
187174,9.17121E+18,9,1,62,0,2017,12,21,6,3,5,3,0,1,0,0,0,2,1,6.90426E+20,5.34268E+21,1.15632E+16,4.82088E+16
187175,9.17121E+18,9,1,62,0,2017,12,12,6,3,6,4,0,1,1,0,0,0,1,6.88904E+20,5.33669E+21,1.15401E+16,4.81554E+16
187176,9.17121E+18,9,1,62,0,2017,12,13,6,3,3,6,0,1,0,1,0,0,1,6.84402E+20,5.33234E+21,1.14777E+16,4.81176E+16
187177,9.17121E+18,9,1,62,0,2017,12,9,6,3,5,3,1,1,0,0,0,0,1,6.87151E+20,5.33014E+21,1.15137E+16,4.8097E+16
187178,9.17121E+18,9,1,62,0,2017,12,11,6,3,4,2,0,1,0,0,0,0,1,6.7938E+20,5.33411E+21,1.14111E+16,4.81349E+16
187179,9.17121E+18,9,1,62,0,2017,12,12,6,3,2,6,0,1,0,0,0,0,1,6.91162E+20,5.33926E+21,1.15716E+16,4.81778E+16
187180,9.17121E+18,9,1,62,0,2017,12,10,6,2,7,7,1,0,0,0,1,0,1,6.88785E+20,5.33774E+21,1.1539E+16,4.81648E+16
187181,9.17121E+18,9,1,62,0,2017,12,7,6,3,6,4,0,1,1,0,0,1,1,6.92834E+20,5.33173E+21,1.15906E+16,4.81096E+16
187182,9.17121E+18,9,1,62,0,2017,12,21,6,3,4,6,1,0,0,0,0,2,0,6.90292E+20,5.33569E+21,1.15583E+16,4.8146E+16
187183,9.17121E+18,9,7,78,202,2017,12,10,6,3,5,3,0,1,0,0,0,0,1,5.90254E+20,5.31706E+21,1.02099E+16,4.80005E+16
187184,9.17121E+18,9,7,74,185,2017,12,18,6,3,2,7,0,1,0,0,0,2,1,6.08617E+20,5.3489E+21,1.04642E+16,4.8284E+16
187185,9.17121E+18,9,7,74,135,2017,12,6,6,3,6,2,0,1,1,0,0,2,1,5.93997E+20,5.36768E+21,1.02713E+16,4.84552E+16
187186,9.17121E+18,9,7,74,135,2017,12,7,6,3,2,6,0,1,0,0,0,2,1,5.95683E+20,5.36748E+21,1.02941E+16,4.84532E+16
187187,9.17121E+18,9,7,73,144,2017,12,14,6,3,0,7,1,0,0,0,0,0,1,6.05049E+20,5.38084E+21,1.04241E+16,4.85719E+16
187188,9.17121E+18,9,7,72,177,2017,12,13,6,3,5,3,1,1,0,0,0,0,1,6.37075E+20,5.38166E+21,1.08583E+16,4.8573E+16
187189,9.17121E+18,9,7,72,163,2017,12,5,6,3,5,2,1,1,0,0,0,2,1,6.40487E+20,5.35059E+21,1.08941E+16,4.82929E+16
187190,9.17121E+18,9,7,72,163,2017,12,16,6,2,9,1,0,1,0,0,0,0,1,6.39388E+20,5.34747E+21,1.08783E+16,4.82651E+16
187191,9.17121E+18,9,7,61,0,2017,12,22,6,3,5,3,0,1,0,0,0,2,2,6.40618E+20,5.35724E+21,1.08981E+16,4.83527E+16
187192,9.17121E+18,9,7,71,113,2017,12,12,6,3,2,2,1,1,0,0,0,0,0,6.58355E+20,5.36961E+21,1.1142E+16,4.84597E+16
187193,9.17121E+18,9,7,71,113,2017,12,15,6,3,4,1,0,1,0,0,1,1,1,6.56834E+20,5.36996E+21,1.11216E+16,4.84632E+16
187194,9.17121E+18,9,6,63,0,2017,12,11,6,3,5,3,0,1,0,1,0,0,1,5.69322E+20,5.51745E+21,9.9634E+15,4.98055E+16
187195,9.17121E+18,9,6,63,0,2017,12,13,6,3,5,3,0,1,0,0,0,0,0,5.67154E+20,5.51446E+21,9.93277E+15,4.97789E+16
187196,9.17121E+18,9,6,62,0,2017,12,7,6,3,2,2,0,1,0,0,0,0,1,5.87877E+20,5.5441E+21,1.02273E+16,5.00427E+16
187197,9.17121E+18,9,6,76,122,2017,12,13,6,3,0,7,0,0,0,1,0,0,0,5.11152E+20,5.51677E+21,9.15498E+15,4.98033E+16
187198,9.17121E+18,9,5,76,151,2017,12,15,6,3,4,1,0,1,0,0,0,0,2,6.57549E+20,5.47007E+21,1.11699E+16,4.9363E+16
187199,9.17121E+18,9,5,74,138,2017,12,15,6,3,4,2,0,1,0,0,0,0,1,6.64864E+20,5.48586E+21,1.12771E+16,4.9503E+16
187200,9.17121E+18,9,5,64,0,2017,12,18,6,3,6,2,0,1,1,0,0,2,1,6.51875E+20,5.47883E+21,1.10951E+16,4.94431E+16
187201,9.17121E+18,9,5,64,0,2017,12,11,6,3,5,3,0,1,0,0,0,0,1,6.49104E+20,5.48053E+21,1.10576E+16,4.94591E+16
187202,9.17122E+18,9,5,62,0,2017,12,3,3,3,1,1,0,1,0,0,0,2,0,6.45396E+20,5.49615E+21,1.10122E+16,4.96004E+16
187203,9.17122E+18,9,5,72,115,2017,12,7,3,2,5,3,1,1,0,0,0,1,0,6.46663E+20,5.50268E+21,1.10322E+16,4.96588E+16
187204,9.17122E+18,9,5,63,0,2017,12,11,3,3,6,4,0,0,1,0,1,0,0,6.44185E+20,5.48171E+21,1.09902E+16,4.94709E+16
187205,9.17122E+18,9,5,64,0,2017,12,7,3,3,6,4,0,0,1,0,1,1,0,6.49014E+20,5.48232E+21,1.1057E+16,4.94752E+16
187206,9.17122E+18,9,5,64,0,2017,12,13,3,3,6,2,0,0,1,0,1,0,0,6.51614E+20,5.47808E+21,1.10913E+16,4.94365E+16
187207,9.17122E+18,9,5,64,0,2017,12,17,3,3,5,1,1,1,0,0,0,2,1,6.51169E+20,5.4796E+21,1.10857E+16,4.94503E+16
187208,9.17122E+18,9,5,73,134,2017,12,15,3,3,6,4,0,1,1,0,0,0,0,6.41125E+20,5.47862E+21,1.09469E+16,4.94439E+16
187209,9.17122E+18,9,5,73,122,2017,12,18,3,2,6,4,0,1,1,0,0,2,0,6.43954E+20,5.47565E+21,1.09848E+16,4.94165E+16
187210,9.17122E+18,9,5,71,145,2017,12,15,3,3,5,3,0,1,0,0,0,0,1,5.95744E+20,5.44693E+21,1.03134E+16,4.91677E+16
187211,9.17122E+18,9,4,64,0,2017,12,16,3,3,5,2,1,1,0,0,0,2,2,7.06691E+20,5.5773E+21,1.19031E+16,5.03115E+16
187212,9.17122E+18,9,4,64,0,2017,12,21,3,3,4,6,0,1,0,0,0,2,2,7.09882E+20,5.57995E+21,1.19493E+16,5.03342E+16
187213,9.17122E+18,9,4,62,0,2017,12,16,3,3,6,2,0,1,1,0,0,1,1,6.82689E+20,5.53576E+21,1.15464E+16,4.99462E+16
187214,9.17122E+18,9,4,62,0,2017,12,19,3,2,6,2,0,1,1,0,0,2,1,6.82691E+20,5.53576E+21,1.15465E+16,4.99462E+16
187215,9.17122E+18,9,4,61,0,2017,12,13,3,2,0,4,0,0,1,0,1,0,0,6.35862E+20,5.52857E+21,1.08916E+16,4.98941E+16
187216,9.17122E+18,9,4,61,0,2017,12,18,3,2,6,2,0,1,1,0,0,2,1,6.36372E+20,5.52889E+21,1.08988E+16,4.98968E+16
187217,9.17122E+18,9,3,74,111,2017,12,23,3,3,6,4,0,1,1,0,0,2,2,7.27963E+20,5.5116E+21,1.21624E+16,4.97137E+16
187218,9.17122E+18,9,3,74,124,2017,12,13,3,3,5,3,0,1,0,0,1,0,1,7.08789E+20,5.51121E+21,1.18966E+16,4.97171E+16
187219,9.17122E+18,9,3,75,174,2017,12,8,3,3,8,1,0,1,0,0,0,0,2,7.33579E+20,5.4311E+21,1.2193E+16,4.89886E+16
187220,9.17122E+18,9,3,76,161,2017,12,15,3,3,9,1,0,1,0,0,0,1,1,7.27479E+20,5.46829E+21,1.21307E+16,4.93249E+16
187221,9.17122E+18,9,2,61,0,2017,12,6,3,3,5,3,1,1,0,0,0,2,0,7.32106E+20,5.38207E+21,1.21452E+16,4.85487E+16
187222,9.17122E+18,9,1,72,114,2017,12,16,3,3,2,6,0,1,0,0,0,2,1,7.91037E+20,5.2936E+21,1.28816E+16,4.77301E+16
187223,9.17122E+18,9,1,83,128,2017,12,17,3,3,1,6,0,1,0,0,0,2,1,7.60125E+20,5.34983E+21,1.25042E+16,4.82482E+16
187224,9.17122E+18,9,1,63,0,2017,12,12,3,3,2,6,1,1,0,0,0,0,0,7.32838E+20,5.30525E+21,1.2113E+16,4.78583E+16
187225,9.17122E+18,9,1,63,0,2017,12,14,3,3,3,6,0,1,0,0,0,0,0,7.31606E+20,5.30438E+21,1.20961E+16,4.7851E+16
187226,9.17122E+18,9,1,87,150,2017,12,16,3,3,2,6,0,1,0,0,0,2,0,7.29185E+20,5.30433E+21,1.20637E+16,4.78514E+16
187227,9.17122E+18,9,1,86,143,2017,12,14,3,3,2,6,0,1,0,0,1,0,0,6.85456E+20,5.37797E+21,1.1512E+16,4.85275E+16
187228,9.17122E+18,9,1,61,0,2017,12,19,3,3,5,3,1,1,0,0,0,2,0,6.77998E+20,5.40526E+21,1.14228E+16,4.87749E+16
187229,9.17122E+18,9,1,74,115,2017,12,17,3,3,4,6,1,1,0,0,0,2,0,6.81291E+20,5.34884E+21,1.1443E+16,4.82668E+16
187230,9.17122E+18,9,1,77,117,2017,12,13,3,3,6,4,0,1,1,0,0,0,0,7.15547E+20,5.35433E+21,1.19069E+16,4.83054E+16
187231,9.17122E+18,9,1,62,0,2017,12,14,2,3,2,6,0,1,0,0,0,0,0,6.84404E+20,5.33239E+21,1.14778E+16,4.8118E+16
187232,9.17122E+18,9,1,62,0,2017,12,11,2,3,6,4,0,1,1,0,0,0,1,6.83131E+20,5.33597E+21,1.14622E+16,4.81506E+16
187233,9.17122E+18,9,1,62,0,2017,12,17,2,3,2,6,0,1,0,0,0,2,1,6.90338E+20,5.33251E+21,1.15575E+16,4.81174E+16
187234,9.17122E+18,9,1,62,0,2017,12,17,2,3,2,7,0,1,0,0,0,2,0,6.8622E+20,5.33438E+21,1.1503E+16,4.81354E+16
187235,9.17122E+18,9,1,62,0,2017,12,19,2,3,6,4,0,1,1,0,0,2,0,6.98208E+20,5.33366E+21,1.16637E+16,4.81253E+16
187236,9.17122E+18,9,1,62,0,2017,12,21,2,3,0,7,0,1,0,0,1,2,0,6.86209E+20,5.33437E+21,1.15029E+16,4.81353E+16
187237,9.17122E+18,9,1,62,0,2017,12,17,2,3,2,6,0,1,0,0,0,2,0,6.90837E+20,5.33939E+21,1.15673E+16,4.8179E+16
187238,9.17122E+18,9,1,62,0,2017,12,14,2,3,5,3,0,1,0,0,0,0,1,6.96589E+20,5.33646E+21,1.16432E+16,4.8151E+16
187239,9.17122E+18,9,1,62,0,2017,12,18,2,3,5,3,0,1,0,0,0,2,0,6.90133E+20,5.33917E+21,1.15577E+16,4.81773E+16
187240,9.17122E+18,9,1,62,0,2017,12,9,2,3,0,3,1,1,0,0,0,0,2,6.88901E+20,5.33257E+21,1.15382E+16,4.81183E+16
187241,9.17122E+18,9,1,62,0,2017,12,23,2,3,6,4,0,1,1,0,0,2,0,7.0045E+20,5.33443E+21,1.16941E+16,4.81315E+16
187242,9.17122E+18,9,1,62,0,2017,12,11,2,3,6,4,0,1,1,0,0,0,0,6.8955E+20,5.34105E+21,1.15507E+16,4.81944E+16
187243,9.17122E+18,9,1,62,0,2017,12,8,2,3,3,2,1,1,0,0,0,0,2,6.88117E+20,5.33076E+21,1.15269E+16,4.81023E+16
187244,9.17122E+18,9,1,62,0,2017,12,8,2,3,0,7,0,0,0,0,1,0,1,6.93358E+20,5.33342E+21,1.15984E+16,4.81247E+16
187245,9.17122E+18,9,1,62,0,2017,12,19,2,3,1,6,0,1,0,0,0,2,0,6.9088E+20,5.33326E+21,1.15651E+16,4.8124E+16
187246,9.17122E+18,9,1,62,0,2017,12,7,2,3,6,4,0,0,1,0,1,1,0,6.92147E+20,5.3344E+21,1.15826E+16,4.81338E+16
187247,9.17122E+18,9,7,75,164,2017,12,18,2,3,5,3,0,1,0,0,0,2,1,5.84558E+20,5.35097E+21,1.01403E+16,4.83063E+16
187248,9.17122E+18,9,7,64,0,2017,12,17,2,3,2,6,0,1,0,0,0,2,1,5.85958E+20,5.31711E+21,1.01524E+16,4.80015E+16
187249,9.17122E+18,9,7,80,133,2017,12,12,2,3,4,6,0,1,0,0,0,0,2,5.93853E+20,5.2511E+21,1.0244E+16,4.74066E+16
187250,9.17122E+18,9,7,80,133,2017,12,8,2,3,1,6,0,1,0,0,0,0,1,5.9609E+20,5.25098E+21,1.02736E+16,4.74052E+16
187251,9.17122E+18,9,7,80,124,2017,12,13,2,3,6,7,0,1,1,0,0,0,1,5.91769E+20,5.26831E+21,1.02199E+16,4.75618E+16
187252,9.17122E+18,9,7,79,131,2017,12,8,2,3,5,3,1,1,0,0,0,0,0,6.30475E+20,5.3984E+21,1.07741E+16,4.87249E+16
187253,9.17122E+18,9,7,72,200,2017,12,8,2,3,5,3,1,1,0,0,0,0,0,6.30775E+20,5.33781E+21,1.07593E+16,4.81801E+16
187254,9.17122E+18,9,7,61,0,2017,12,14,2,3,5,3,1,1,0,0,0,0,1,6.37568E+20,5.36018E+21,1.08579E+16,4.83798E+16
187255,9.17122E+18,9,7,61,0,2017,12,19,2,3,2,6,0,1,0,0,0,2,1,6.36494E+20,5.36089E+21,1.08436E+16,4.83864E+16
187256,9.17122E+18,9,7,61,0,2017,12,10,2,3,5,3,1,1,0,0,0,0,0,6.39276E+20,5.36113E+21,1.08813E+16,4.83879E+16
187257,9.17122E+18,9,7,61,0,2017,12,16,2,3,5,3,1,1,0,0,0,2,0,6.44511E+20,5.35596E+21,1.09502E+16,4.83403E+16
187258,9.17122E+18,9,7,61,0,2017,12,6,2,3,5,3,0,1,0,0,0,1,0,6.38903E+20,5.35615E+21,1.08746E+16,4.83433E+16
187259,9.17122E+18,9,6,62,0,2017,12,7,2,3,7,7,1,0,0,0,0,1,1,5.88263E+20,5.54541E+21,1.0233E+16,5.00544E+16
187260,9.17122E+18,9,5,72,132,2017,12,9,2,2,1,7,0,1,0,0,1,0,0,6.35836E+20,5.49231E+21,1.08787E+16,4.95681E+16
187261,9.17122E+18,9,5,62,0,2017,12,8,2,2,5,3,1,1,0,0,0,1,0,6.46118E+20,5.49511E+21,1.10218E+16,4.95909E+16
187262,9.17122E+18,9,5,64,0,2017,12,16,2,3,5,2,1,1,0,0,0,1,0,6.52237E+20,5.47883E+21,1.11001E+16,4.9443E+16
187263,9.17122E+18,9,5,64,0,2017,12,16,2,3,2,6,0,1,0,0,0,2,0,6.47923E+20,5.47695E+21,1.104E+16,4.94272E+16
187264,9.17122E+18,9,5,75,153,2017,12,16,2,2,5,3,1,1,0,0,0,1,0,6.16227E+20,5.49382E+21,1.0608E+16,4.95858E+16
187265,9.17122E+18,9,4,79,136,2017,12,7,2,3,6,4,0,1,1,0,0,1,0,7.20937E+20,5.54333E+21,1.20832E+16,5.00013E+16
187266,9.17122E+18,9,4,64,0,2017,12,7,2,3,5,2,0,1,1,0,0,2,1,7.08303E+20,5.57729E+21,1.19257E+16,5.03109E+16
187267,9.17122E+18,9,4,73,151,2017,12,12,2,3,6,4,0,1,1,0,0,0,0,6.50528E+20,5.57844E+21,1.11154E+16,5.03388E+16
187268,9.17122E+18,9,4,61,0,2017,12,7,2,3,5,3,1,1,0,0,0,2,0,6.34479E+20,5.53045E+21,1.0873E+16,4.99113E+16
187269,9.17122E+18,9,4,61,0,2017,12,12,2,2,0,7,1,1,0,0,0,0,0,6.36995E+20,5.52932E+21,1.09077E+16,4.99006E+16
187270,9.17122E+18,9,3,77,141,2017,12,10,2,2,5,3,0,1,0,0,0,0,1,7.32971E+20,5.53802E+21,1.22476E+16,4.9949E+16
187271,9.17122E+18,9,3,62,0,2017,12,13,2,3,3,2,0,1,0,0,1,0,0,7.29125E+20,5.43146E+21,1.21324E+16,4.89935E+16
187272,9.17122E+18,9,3,71,120,2017,12,12,2,3,9,7,0,1,0,0,0,0,1,7.07875E+20,5.47178E+21,1.18631E+16,4.93633E+16
187273,9.17122E+18,9,2,61,0,2017,12,14,2,3,0,1,1,0,0,0,0,0,0,7.30697E+20,5.38061E+21,1.21254E+16,4.85362E+16
187274,9.17122E+18,9,1,73,145,2017,12,10,2,3,1,6,0,0,0,0,1,0,2,6.91595E+20,5.2881E+21,1.15546E+16,4.77178E+16
187275,9.17122E+18,9,1,71,135,2017,12,18,2,3,6,7,0,1,1,0,0,2,0,7.68896E+20,5.34124E+21,1.26167E+16,4.81674E+16
187276,9.17122E+18,9,1,71,117,2017,12,11,2,3,6,7,0,1,1,0,0,0,1,7.66353E+20,5.33729E+21,1.25801E+16,4.81331E+16
187277,9.17122E+18,9,1,71,121,2017,12,6,2,2,0,1,1,0,0,0,0,2,2,7.74721E+20,5.34457E+21,1.2697E+16,4.81948E+16
187278,9.17122E+18,9,1,87,186,2017,12,6,2,3,4,6,0,1,0,0,0,2,1,7.32127E+20,5.33163E+21,1.21177E+16,4.80956E+16
187279,9.17122E+18,9,1,87,130,2017,12,17,2,2,6,4,0,1,1,0,0,2,1,7.12651E+20,5.31021E+21,1.18459E+16,4.79099E+16
187280,9.17122E+18,9,1,61,0,2017,12,7,2,3,6,7,1,0,1,0,0,0,0,6.78066E+20,5.40527E+21,1.14237E+16,4.8775E+16
187281,9.17122E+18,9,1,81,144,2017,12,14,2,3,5,3,1,1,0,0,0,0,0,6.55238E+20,5.32117E+21,1.10821E+16,4.80249E+16
187282,9.17122E+18,9,1,75,135,2017,12,14,2,3,6,2,0,0,1,0,1,0,0,7.08584E+20,5.3391E+21,1.18056E+16,4.81709E+16
187283,9.17122E+18,9,1,78,145,2017,12,18,2,2,6,1,0,1,1,0,0,2,0,6.96879E+20,5.35484E+21,1.16557E+16,4.83161E+16
187284,9.17122E+18,9,1,77,117,2017,12,9,2,3,4,2,0,1,0,0,0,0,0,7.15081E+20,5.35293E+21,1.18999E+16,4.8293E+16
187285,9.17122E+18,9,1,62,0,2017,12,15,1,3,6,4,0,1,1,0,0,0,0,6.93186E+20,5.3362E+21,1.15974E+16,4.81497E+16
187286,9.17122E+18,9,1,62,0,2017,12,15,1,3,5,3,0,1,1,0,0,0,1,6.91591E+20,5.33674E+21,1.15762E+16,4.8155E+16
187287,9.17122E+18,9,1,62,0,2017,12,13,1,3,5,3,0,1,0,0,0,0,1,6.79501E+20,5.3344E+21,1.14128E+16,4.81375E+16
187288,9.17122E+18,9,1,62,0,2017,12,11,1,3,5,2,1,1,0,0,0,0,1,6.91067E+20,5.33436E+21,1.15681E+16,4.81338E+16
187289,9.17122E+18,9,7,78,118,2017,12,23,1,3,8,1,0,1,0,0,0,2,1,5.91254E+20,5.31282E+21,1.02224E+16,4.79622E+16
187290,9.17122E+18,9,7,63,0,2017,12,12,1,3,0,2,0,1,0,0,0,0,0,5.98095E+20,5.28632E+21,1.0308E+16,4.77228E+16
187291,9.17122E+18,9,7,71,146,2017,12,14,1,3,5,3,1,1,0,0,0,0,0,6.47459E+20,5.3482E+21,1.09872E+16,4.82698E+16
187292,9.17122E+18,9,7,61,0,2017,12,0,1,3,0,1,0,0,0,1,0,2,1,6.39426E+20,5.36176E+21,1.08835E+16,4.83936E+16
187293,9.17122E+18,9,6,79,185,2017,12,3,1,3,6,7,0,1,1,0,0,2,0,5.7383E+20,5.51609E+21,1.00258E+16,4.97927E+16
187294,9.17122E+18,9,6,63,0,2017,12,7,1,3,6,4,0,1,1,0,0,1,0,5.68447E+20,5.51508E+21,9.95083E+15,4.97843E+16
187295,9.17122E+18,9,5,72,131,2017,12,4,1,3,1,5,0,1,0,1,0,2,1,6.56063E+20,5.48893E+21,1.11569E+16,4.95328E+16
187296,9.17122E+18,9,4,64,0,2017,12,18,1,3,2,1,0,1,0,0,0,2,2,7.07231E+20,5.57727E+21,1.19106E+16,5.03111E+16
187297,9.17122E+18,9,4,63,0,2017,12,21,1,3,5,3,0,1,0,0,0,2,1,6.40049E+20,5.5698E+21,1.0965E+16,5.02637E+16
187298,9.17122E+18,9,4,62,0,2017,12,5,1,3,5,3,0,1,0,0,0,2,1,6.85155E+20,5.53465E+21,1.15802E+16,4.99355E+16
187299,9.17122E+18,9,4,74,123,2017,12,13,1,3,8,1,1,0,0,0,0,0,1,6.50039E+20,5.51237E+21,1.10826E+16,4.97451E+16
187300,9.17122E+18,9,3,75,114,2017,12,7,1,3,5,3,0,1,0,0,0,0,2,7.42693E+20,5.44492E+21,1.23256E+16,4.91091E+16
187301,9.17122E+18,9,2,72,120,2017,12,14,1,3,8,1,0,1,0,0,0,0,2,8.21809E+20,5.42298E+21,1.33895E+16,4.88761E+16
187302,9.17122E+18,9,1,61,0,2017,12,16,1,3,0,2,0,1,1,0,0,1,0,6.79477E+20,5.40297E+21,1.14419E+16,4.87539E+16
187303,9.17122E+18,9,1,76,123,2017,12,21,1,3,0,7,1,0,0,0,0,2,0,6.60485E+20,5.41751E+21,1.11894E+16,4.88898E+16
187304,9.17122E+18,9,1,77,117,2017,12,14,1,3,6,4,0,1,1,0,0,0,0,7.15579E+20,5.35442E+21,1.19074E+16,4.83062E+16
187305,9.17122E+18,9,1,62,0,2017,12,17,7,3,1,5,0,1,0,1,0,2,1,6.86811E+20,5.33952E+21,1.15132E+16,4.81814E+16
187306,9.17122E+18,9,1,62,0,2017,12,15,7,3,2,7,1,1,0,0,0,0,1,6.93522E+20,5.33519E+21,1.16015E+16,4.81405E+16
187307,9.17122E+18,9,1,62,0,2017,12,17,7,3,6,4,0,1,1,0,0,2,1,6.8541E+20,5.33769E+21,1.14936E+16,4.81654E+16
187308,9.17122E+18,9,1,62,0,2017,12,0,7,3,6,7,0,1,1,0,0,2,0,6.90567E+20,5.34E+21,1.15639E+16,4.81846E+16
187309,9.17122E+18,9,7,75,135,2017,12,9,7,3,5,3,0,1,0,0,0,0,1,5.7566E+20,5.36233E+21,1.00224E+16,4.84096E+16
187310,9.17122E+18,9,7,75,135,2017,12,23,7,3,6,4,0,1,1,0,0,2,1,5.7409E+20,5.35992E+21,1.00008E+16,4.8388E+16
187311,9.17122E+18,9,7,77,147,2017,12,16,7,3,4,1,0,1,0,0,0,2,2,6.35116E+20,5.28533E+21,1.08012E+16,4.77072E+16
187312,9.17122E+18,9,7,71,146,2017,12,14,7,3,1,6,0,1,0,0,0,0,0,6.47296E+20,5.34749E+21,1.09848E+16,4.82635E+16
187313,9.17122E+18,9,7,61,0,2017,12,18,7,3,2,6,0,1,0,0,0,2,2,6.3943E+20,5.35418E+21,1.0881E+16,4.83254E+16
187314,9.17122E+18,9,7,61,0,2017,12,21,7,2,0,1,1,0,0,0,0,2,2,6.39E+20,5.35528E+21,1.08756E+16,4.83354E+16
187315,9.17122E+18,9,6,63,0,2017,12,16,7,3,6,2,0,1,1,0,0,2,0,5.70353E+20,5.51806E+21,9.97784E+15,4.98109E+16
187316,9.17122E+18,9,6,63,0,2017,12,23,7,3,5,3,0,1,0,0,0,2,0,5.66632E+20,5.51674E+21,9.9259E+15,4.97995E+16
187317,9.17122E+18,9,6,63,0,2017,12,10,7,3,0,7,0,0,0,0,1,0,1,5.68843E+20,5.51654E+21,9.95659E+15,4.97973E+16
187318,9.17122E+18,9,6,63,0,2017,12,5,7,3,3,2,0,1,0,0,0,2,1,5.63356E+20,5.51737E+21,9.8805E+15,4.98055E+16
187319,9.17122E+18,9,6,77,148,2017,12,18,7,3,6,7,0,1,1,0,0,2,0,5.553E+20,5.53497E+21,9.77106E+15,4.99645E+16
187320,9.17122E+18,9,6,78,134,2017,12,1,7,3,1,7,0,1,0,1,0,2,0,5.97269E+20,5.52812E+21,1.03544E+16,4.98975E+16
187321,9.17122E+18,9,5,63,0,2017,12,7,7,3,5,3,0,1,0,0,0,2,1,6.41897E+20,5.4814E+21,1.09585E+16,4.94687E+16
187322,9.17122E+18,9,5,64,0,2017,12,14,7,3,5,2,0,1,0,0,0,0,0,6.5162E+20,5.47808E+21,1.10913E+16,4.94365E+16
187323,9.17122E+18,9,3,75,174,2017,12,16,7,3,5,6,1,1,0,0,0,1,0,7.33901E+20,5.43077E+21,1.21972E+16,4.89855E+16
187324,9.17122E+18,9,3,62,0,2017,12,16,7,3,4,3,0,1,0,0,0,2,0,7.27891E+20,5.43251E+21,1.21161E+16,4.90034E+16
187325,9.17122E+18,9,2,74,120,2017,12,1,7,2,9,1,0,1,0,0,0,2,2,7.57111E+20,5.37176E+21,1.24771E+16,4.84464E+16