OBJECTID,UIDENTSTLA,ULAND,UREGBEZ,UKREIS,UGEMEINDE,UJAHR,UMONAT,USTUNDE,UWOCHENTAG,UKATEGORIE,UART,UTYP1,IstRad,IstPKW,IstFuss,IstKrad,IstSonstig,LICHT,STRZUSTAND,LINREFX,LINREFY,XGCSWGS84,YGCSWGS84
187326,9.17122E+18,9,1,89,113,2017,12,17,7,3,5,3,0,1,0,0,0,2,2,7.6802E+20,5.3008E+21,1.25797E+16,4.78047E+16
187327,9.17122E+18,9,1,71,112,2017,12,16,7,2,6,2,0,0,1,0,1,2,1,7.84863E+20,5.34252E+21,1.28318E+16,4.8172E+16
187328,9.17122E+18,9,1,87,128,2017,12,10,7,3,1,6,0,1,0,0,0,0,0,7.47198E+20,5.31086E+21,1.23079E+16,4.79034E+16
187329,9.17122E+18,9,1,87,122,2017,12,12,7,3,5,3,0,1,0,0,1,0,1,7.16422E+20,5.30594E+21,1.18941E+16,4.78703E+16
187330,9.17122E+18,9,1,86,143,2017,12,20,7,3,5,7,0,1,0,0,0,2,0,6.85304E+20,5.37825E+21,1.151E+16,4.853E+16
187331,9.17122E+18,9,1,79,118,2017,12,20,7,3,5,3,1,1,0,0,0,2,1,6.72423E+20,5.33742E+21,1.1319E+16,4.81666E+16
187332,9.17122E+18,9,1,74,115,2017,12,10,7,3,0,1,1,0,0,0,0,0,1,6.81698E+20,5.34802E+21,1.14482E+16,4.82593E+16
187333,9.17122E+18,9,1,84,112,2017,12,14,6,3,5,3,0,1,0,0,1,0,0,6.99538E+20,5.33658E+21,1.16829E+16,4.81511E+16
187334,9.17122E+18,9,1,62,0,2017,12,3,6,3,6,4,0,1,1,0,0,2,1,6.92726E+20,5.34043E+21,1.15931E+16,4.81878E+16
187335,9.17122E+18,9,1,62,0,2017,12,16,6,3,5,3,0,1,0,0,0,1,0,6.85944E+20,5.33432E+21,1.14993E+16,4.81349E+16
187336,9.17122E+18,9,1,62,0,2017,12,13,6,3,6,3,0,1,1,0,0,0,0,6.88321E+20,5.33639E+21,1.15321E+16,4.81528E+16
187337,9.17122E+18,9,1,84,119,2017,12,15,6,2,5,3,1,0,0,0,1,0,0,6.95917E+20,5.34756E+21,1.16393E+16,4.82509E+16
187338,9.17122E+18,9,1,88,127,2017,12,15,6,3,0,1,1,0,0,0,0,0,2,6.79732E+20,5.32959E+21,1.14139E+16,4.80942E+16
187339,9.17122E+18,9,1,62,0,2017,12,11,6,3,5,2,0,1,0,0,0,0,1,7.00659E+20,5.33466E+21,1.1697E+16,4.81335E+16
187340,9.17122E+18,9,1,62,0,2017,12,12,6,3,2,6,0,1,0,0,0,0,0,6.94199E+20,5.33439E+21,1.16102E+16,4.81331E+16
187341,9.17122E+18,9,1,62,0,2017,12,12,6,3,2,6,0,1,0,0,0,0,0,6.90618E+20,5.33738E+21,1.15634E+16,4.81611E+16
187342,9.17122E+18,9,1,62,0,2017,12,14,6,3,1,5,1,1,0,0,0,0,0,6.90579E+20,5.33714E+21,1.15628E+16,4.8159E+16
187343,9.17122E+18,9,1,62,0,2017,12,8,6,3,0,6,0,1,0,0,0,2,0,6.91984E+20,5.33563E+21,1.1581E+16,4.81449E+16
187344,9.17122E+18,9,1,62,0,2017,12,14,6,3,5,2,1,1,0,0,0,0,0,6.90856E+20,5.33481E+21,1.15655E+16,4.81379E+16
187345,9.17122E+18,9,7,75,164,2017,12,7,6,3,5,3,0,1,0,0,0,0,1,5.86538E+20,5.35109E+21,1.01671E+16,4.83071E+16
187346,9.17122E+18,9,7,75,135,2017,12,9,6,3,1,1,0,1,0,0,0,0,2,5.74683E+20,5.36022E+21,1.00088E+16,4.83907E+16
187347,9.17122E+18,9,7,75,135,2017,12,10,6,2,0,7,1,0,0,0,0,0,2,5.73887E+20,5.36077E+21,9.99817E+15,4.83957E+16
187348,9.17122E+18,9,7,75,135,2017,12,8,6,3,0,7,1,0,0,0,0,0,2,5.77719E+20,5.36276E+21,1.00503E+16,4.84132E+16
187349,9.17122E+18,9,7,78,113,2017,12,12,6,2,0,1,1,0,0,0,0,0,2,6.10659E+20,5.31906E+21,1.04839E+16,4.80152E+16
187350,9.17122E+18,9,7,75,129,2017,12,15,6,3,5,3,0,1,0,0,1,0,0,5.82107E+20,5.34259E+21,1.01057E+16,4.82312E+16
187351,9.17122E+18,9,7,63,0,2017,12,15,6,2,6,4,0,1,1,0,0,0,0,5.9863E+20,5.28625E+21,1.03152E+16,4.77221E+16
187352,9.17122E+18,9,7,77,175,2017,12,13,6,3,5,3,0,1,0,0,0,0,1,6.14189E+20,5.28863E+21,1.05232E+16,4.77409E+16
187353,9.17122E+18,9,7,80,143,2017,12,17,6,3,4,1,0,1,0,0,0,2,2,5.97963E+20,5.27999E+21,1.03049E+16,4.76659E+16
187354,9.17122E+18,9,7,73,144,2017,12,22,6,3,8,1,0,1,0,0,0,2,0,6.06716E+20,5.38117E+21,1.04468E+16,4.85745E+16
187355,9.17122E+18,9,7,72,130,2017,12,7,6,3,0,1,1,0,0,0,0,0,2,6.31986E+20,5.35719E+21,1.07816E+16,4.83541E+16
187356,9.17122E+18,9,7,72,200,2017,12,8,6,2,0,1,1,0,0,0,0,0,2,6.3043E+20,5.33796E+21,1.07547E+16,4.81815E+16
187357,9.17122E+18,9,7,72,163,2017,12,9,6,3,0,1,1,0,0,0,0,0,2,6.4008E+20,5.34739E+21,1.08876E+16,4.82642E+16
187358,9.17122E+18,9,7,72,202,2017,12,9,6,3,5,3,1,1,0,0,0,0,0,6.36195E+20,5.35997E+21,1.08393E+16,4.83782E+16
187359,9.17122E+18,9,7,61,0,2017,12,12,6,3,1,6,0,1,0,0,1,0,0,6.37885E+20,5.35762E+21,1.08613E+16,4.83567E+16
187360,9.17122E+18,9,6,62,0,2017,12,7,6,3,3,6,0,1,0,1,0,0,0,5.86153E+20,5.54476E+21,1.02034E+16,5.00489E+16
187361,9.17122E+18,9,5,72,135,2017,12,16,6,2,6,4,0,1,1,0,0,2,1,6.30109E+20,5.50747E+21,1.08045E+16,4.97057E+16
187362,9.17122E+18,9,5,65,0,2017,12,14,6,2,0,7,1,0,0,0,0,0,0,6.46582E+20,5.46729E+21,1.10179E+16,4.93407E+16
187363,9.17122E+18,9,5,64,0,2017,12,13,6,3,2,6,0,1,0,1,0,0,0,6.52017E+20,5.47949E+21,1.10974E+16,4.9449E+16
187364,9.17122E+18,9,5,64,0,2017,12,17,6,3,6,2,0,1,1,0,0,2,1,6.49244E+20,5.47951E+21,1.10591E+16,4.94499E+16
187365,9.17122E+18,9,5,77,177,2017,12,14,6,3,5,3,0,1,0,0,0,0,0,6.43327E+20,5.43118E+21,1.09603E+16,4.90168E+16
187366,9.17122E+18,9,5,77,173,2017,12,7,6,3,4,1,0,1,0,0,1,0,2,6.40876E+20,5.42932E+21,1.09261E+16,4.90007E+16
187367,9.17122E+18,9,5,71,141,2017,12,12,6,3,6,7,0,0,1,0,1,0,1,6.13832E+20,5.44111E+21,1.05598E+16,4.91123E+16
187368,9.17122E+18,9,4,75,154,2017,12,6,6,3,8,1,0,0,0,0,1,2,2,6.92433E+20,5.56479E+21,1.16967E+16,5.0204E+16
187369,9.17122E+18,9,4,79,136,2017,12,17,6,2,6,4,0,1,1,0,0,2,1,7.21513E+20,5.5434E+21,1.20912E+16,5.00017E+16
187370,9.17122E+18,9,4,73,151,2017,12,12,6,3,5,3,0,1,0,0,1,0,1,6.50286E+20,5.57721E+21,1.11115E+16,5.03278E+16
187371,9.17122E+18,9,4,72,175,2017,12,5,6,3,9,1,0,1,0,0,0,2,2,6.84336E+20,5.51528E+21,1.15596E+16,4.97617E+16
187372,9.17122E+18,9,4,77,121,2017,12,6,6,3,9,1,0,1,0,0,0,2,2,6.89201E+20,5.54728E+21,1.16428E+16,5.00477E+16
187373,9.17122E+18,9,4,72,154,2017,12,9,6,3,5,3,0,1,0,0,0,0,1,6.65225E+20,5.53382E+21,1.13024E+16,4.99339E+16
187374,9.17122E+18,9,4,62,0,2017,12,18,6,3,2,3,0,1,0,0,0,2,1,6.83789E+20,5.53438E+21,1.15611E+16,4.99335E+16
187375,9.17122E+18,9,4,71,140,2017,12,16,6,2,6,4,0,1,1,0,0,2,1,6.34161E+20,5.53072E+21,1.08687E+16,4.99138E+16
187376,9.17122E+18,9,3,77,141,2017,12,19,6,3,4,6,0,1,0,0,0,2,2,7.31113E+20,5.53652E+21,1.22209E+16,4.99362E+16
187377,9.17122E+18,9,3,63,0,2017,12,13,6,3,4,2,0,1,0,0,0,0,1,7.2764E+20,5.50971E+21,1.21568E+16,4.96969E+16
187378,9.17122E+18,9,3,72,153,2017,12,13,6,3,6,4,0,1,1,0,0,0,0,7.56321E+20,5.45516E+21,1.25185E+16,4.91956E+16
187379,9.17122E+18,9,3,62,0,2017,12,11,6,3,2,6,0,1,0,0,0,0,0,7.29783E+20,5.43668E+21,1.21443E+16,4.90401E+16
187380,9.17122E+18,9,3,73,147,2017,12,20,6,3,5,3,0,1,0,0,0,2,1,6.78579E+20,5.46185E+21,1.14556E+16,4.92833E+16
187381,9.17122E+18,9,3,73,146,2017,12,12,6,3,5,7,1,1,0,0,0,0,0,6.78439E+20,5.44927E+21,1.14481E+16,4.91703E+16
187382,9.17122E+18,9,3,76,147,2017,12,14,6,3,1,5,0,1,0,0,0,0,1,7.45281E+20,5.47148E+21,1.23773E+16,4.93467E+16
187383,9.17122E+18,9,2,76,126,2017,12,14,6,3,0,6,0,1,0,0,0,0,1,8.03896E+20,5.42675E+21,1.31486E+16,4.8919E+16
187384,9.17122E+18,9,2,77,113,2017,12,14,6,3,4,6,1,1,0,0,0,0,0,8.02271E+20,5.37395E+21,1.30879E+16,4.8446E+16
187385,9.17122E+18,9,2,62,0,2017,12,20,6,3,1,6,0,1,0,0,0,2,0,8.28635E+20,5.38941E+21,1.34555E+16,4.85715E+16
187386,9.17122E+18,9,2,73,116,2017,12,11,6,3,9,7,0,1,0,0,0,0,0,7.24429E+20,5.42014E+21,1.20621E+16,4.88935E+16
187387,9.17122E+18,9,1,90,157,2017,12,14,6,2,0,1,1,0,0,0,0,0,2,6.61432E+20,5.3012E+21,1.11576E+16,4.78439E+16
187388,9.17122E+18,9,1,71,124,2017,12,16,6,2,0,1,1,0,0,0,0,1,1,7.8371E+20,5.34331E+21,1.28169E+16,4.81796E+16
187389,9.17122E+18,9,1,71,117,2017,12,17,6,3,4,1,0,1,0,0,0,2,1,7.65914E+20,5.33643E+21,1.25737E+16,4.81255E+16
187390,9.17122E+18,9,1,71,111,2017,12,7,6,3,0,3,0,1,0,0,0,0,0,7.7394E+20,5.34874E+21,1.26892E+16,4.82327E+16
187391,9.17122E+18,9,1,87,176,2017,12,9,6,3,9,1,0,1,0,0,0,0,1,7.36487E+20,5.33042E+21,1.21755E+16,4.80831E+16
187392,9.17122E+18,9,1,63,0,2017,12,22,6,3,3,6,1,1,0,0,0,2,1,7.33825E+20,5.30627E+21,1.21267E+16,4.78671E+16
187393,9.17122E+18,9,1,63,0,2017,12,13,6,3,1,5,1,1,0,0,0,0,0,7.33315E+20,5.30465E+21,1.2119E+16,4.78528E+16
187394,9.17122E+18,9,1,87,150,2017,12,15,6,3,6,2,1,0,1,0,0,0,1,7.28439E+20,5.3038E+21,1.20535E+16,4.78469E+16
187395,9.17122E+18,9,1,61,0,2017,12,12,6,3,5,3,0,1,0,0,0,0,0,6.75432E+20,5.40515E+21,1.13878E+16,4.87746E+16
187396,9.17122E+18,9,1,76,126,2017,12,7,6,2,0,1,1,0,0,0,1,1,1,6.74934E+20,5.40594E+21,1.13814E+16,4.87819E+16
187397,9.17122E+18,9,1,76,139,2017,12,15,6,3,2,6,0,1,0,0,0,0,0,6.82296E+20,5.40919E+21,1.1483E+16,4.88089E+16
187398,9.17122E+18,9,1,61,0,2017,12,10,6,3,5,3,1,1,0,0,0,0,0,6.78753E+20,5.40408E+21,1.14325E+16,4.87641E+16
187399,9.17122E+18,9,1,85,158,2017,12,8,6,3,4,7,0,1,0,0,0,0,0,6.67042E+20,5.38143E+21,1.12641E+16,4.85637E+16
187400,9.17122E+18,9,1,85,158,2017,12,12,6,3,6,3,0,1,1,0,0,0,0,6.67166E+20,5.38008E+21,1.12653E+16,4.85515E+16
187401,9.17122E+18,9,1,61,0,2017,12,7,6,3,6,4,0,1,1,0,0,1,1,6.78524E+20,5.40362E+21,1.14292E+16,4.876E+16
187402,9.17122E+18,9,1,81,130,2017,12,18,6,3,5,3,0,1,0,0,0,2,0,6.4116E+20,5.32397E+21,1.08943E+16,4.80534E+16
187403,9.17122E+18,9,1,79,123,2017,12,12,6,2,0,1,1,0,0,0,0,0,2,6.75026E+20,5.3317E+21,1.13516E+16,4.81145E+16
187404,9.17122E+18,9,1,79,123,2017,12,8,6,3,5,3,0,1,0,0,0,0,1,6.76681E+20,5.33255E+21,1.13742E+16,4.81217E+16
187405,9.17122E+18,9,1,79,121,2017,12,8,6,3,0,7,1,0,0,0,0,0,0,6.66503E+20,5.33777E+21,1.12396E+16,4.81714E+16
187406,9.17122E+18,9,1,81,123,2017,12,15,6,2,0,1,1,0,0,0,0,0,2,6.56675E+20,5.32707E+21,1.11035E+16,4.80776E+16
187407,9.17122E+18,9,1,81,144,2017,12,13,6,3,0,1,1,0,0,0,0,0,2,6.55399E+20,5.31963E+21,1.10837E+16,4.80111E+16
187408,9.17122E+18,9,1,75,132,2017,12,6,6,3,5,3,1,1,0,0,0,2,1,7.07427E+20,5.33084E+21,1.1786E+16,4.8097E+16
187409,9.17122E+18,9,1,78,124,2017,12,9,6,3,0,1,1,0,0,0,0,0,2,7.04673E+20,5.36752E+21,1.17668E+16,4.84275E+16
187410,9.17121E+18,9,1,62,0,2017,12,14,5,3,5,3,1,1,0,0,0,0,0,6.93392E+20,5.33282E+21,1.15986E+16,4.81193E+16
187411,9.17121E+18,9,1,62,0,2017,12,5,5,3,5,3,0,1,0,0,0,2,1,6.91315E+20,5.33641E+21,1.15724E+16,4.81521E+16
187412,9.17121E+18,9,1,62,0,2017,12,11,5,3,4,2,0,1,0,0,0,0,1,6.91207E+20,5.34033E+21,1.15727E+16,4.81874E+16
187413,9.17121E+18,9,1,62,0,2017,12,7,5,2,6,4,0,1,1,0,0,1,1,6.89004E+20,5.34267E+21,1.15441E+16,4.82091E+16
187414,9.17121E+18,9,1,62,0,2017,12,7,5,3,5,2,1,1,0,0,0,1,1,6.82683E+20,5.33622E+21,1.14563E+16,4.8153E+16
187415,9.17121E+18,9,1,62,0,2017,12,13,5,3,1,5,0,1,0,1,0,0,0,6.91795E+20,5.33237E+21,1.1577E+16,4.81157E+16
187416,9.17121E+18,9,1,62,0,2017,12,15,5,3,2,6,0,1,0,0,0,1,0,6.90668E+20,5.33409E+21,1.15626E+16,4.81315E+16
187417,9.17121E+18,9,1,62,0,2017,12,6,5,2,6,4,0,1,1,0,0,2,1,6.92507E+20,5.34194E+21,1.15909E+16,4.82015E+16
187418,9.17121E+18,9,1,84,145,2017,12,7,5,3,6,4,0,1,1,0,0,1,2,6.94678E+20,5.32476E+21,1.16122E+16,4.80464E+16
187419,9.17121E+18,9,1,62,0,2017,12,10,5,3,0,3,0,1,0,0,1,0,1,6.90292E+20,5.33616E+21,1.15585E+16,4.81502E+16
187420,9.17121E+18,9,1,62,0,2017,12,13,5,3,0,7,1,0,0,0,0,0,0,6.8923E+20,5.3363E+21,1.15443E+16,4.81517E+16
187421,9.17121E+18,9,1,62,0,2017,12,13,5,3,1,4,0,0,1,0,1,0,0,6.9199E+20,5.33232E+21,1.15796E+16,4.81152E+16
187422,9.17121E+18,9,1,62,0,2017,12,7,5,3,2,6,0,1,0,0,0,1,1,6.94458E+20,5.3342E+21,1.16136E+16,4.81314E+16
187423,9.17121E+18,9,1,62,0,2017,12,13,5,3,1,7,0,1,1,0,0,0,0,6.8909E+20,5.33301E+21,1.1541E+16,4.81222E+16
187424,9.17121E+18,9,1,62,0,2017,12,1,5,3,0,1,1,0,0,0,0,2,1,6.8855E+20,5.33472E+21,1.15345E+16,4.81377E+16
187425,9.17121E+18,9,1,62,0,2017,12,13,5,3,2,5,1,0,0,0,1,0,0,6.91738E+20,5.33537E+21,1.15776E+16,4.81426E+16
187426,9.17121E+18,9,7,75,135,2017,12,16,5,3,2,6,0,1,0,0,0,2,0,5.73488E+20,5.36021E+21,9.99268E+15,4.83907E+16
187427,9.17121E+18,9,7,63,0,2017,12,18,5,2,5,3,1,1,0,0,0,2,1,5.98898E+20,5.28702E+21,1.03189E+16,4.7729E+16
187428,9.17121E+18,9,7,77,114,2017,12,7,5,3,8,1,0,1,0,0,0,1,1,6.17086E+20,5.314E+21,1.05687E+16,4.79686E+16
187429,9.17121E+18,9,7,72,211,2017,12,7,5,3,8,1,0,1,0,0,0,1,1,6.20121E+20,5.35401E+21,1.06206E+16,4.83279E+16
187430,9.17121E+18,9,7,61,0,2017,12,18,5,3,4,2,0,1,0,0,0,2,0,6.37531E+20,5.36147E+21,1.08578E+16,4.83914E+16
187431,9.17121E+18,9,7,61,0,2017,12,18,5,3,0,7,0,0,0,0,1,2,0,6.41182E+20,5.35802E+21,1.0906E+16,4.83596E+16
187432,9.17121E+18,9,6,63,0,2017,12,9,5,3,5,3,1,1,0,0,0,0,0,5.66682E+20,5.51707E+21,9.92665E+15,4.98024E+16
187433,9.17121E+18,9,6,62,0,2017,12,14,5,3,3,6,1,0,0,0,0,0,0,5.87606E+20,5.54374E+21,1.02234E+16,5.00395E+16
187434,9.17121E+18,9,6,61,0,2017,12,14,5,2,0,7,0,1,1,0,0,0,0,5.10687E+20,5.53595E+21,9.14905E+15,4.99758E+16
187435,9.17121E+18,9,5,72,158,2017,12,8,5,3,2,6,1,1,0,0,0,0,2,6.49064E+20,5.49589E+21,1.10628E+16,4.95972E+16
187436,9.17121E+18,9,5,63,0,2017,12,11,5,3,1,7,1,1,0,0,0,0,0,6.4473E+20,5.48114E+21,1.09975E+16,4.94656E+16
187437,9.17121E+18,9,5,63,0,2017,12,13,5,3,0,7,1,0,0,0,0,0,0,6.41851E+20,5.48138E+21,1.09579E+16,4.94685E+16
187438,9.17121E+18,9,5,64,0,2017,12,19,5,3,0,2,0,1,0,0,1,2,0,6.51816E+20,5.48117E+21,1.10952E+16,4.94642E+16
187439,9.17121E+18,9,5,64,0,2017,12,16,5,2,6,2,0,1,1,0,0,2,0,6.47414E+20,5.47631E+21,1.10327E+16,4.94216E+16
187440,9.17121E+18,9,5,64,0,2017,12,8,5,3,3,2,0,1,0,0,1,0,0,6.49961E+20,5.47904E+21,1.10688E+16,4.94455E+16
187441,9.17121E+18,9,5,64,0,2017,12,16,5,3,2,6,0,1,0,0,0,1,0,6.49633E+20,5.47945E+21,1.10645E+16,4.94492E+16
187442,9.17121E+18,9,5,75,112,2017,12,16,5,3,1,7,0,1,0,0,0,0,0,6.03237E+20,5.48444E+21,1.04259E+16,4.95038E+16
187443,9.17121E+18,9,4,64,0,2017,12,0,5,3,1,1,0,1,0,0,0,2,2,7.07829E+20,5.57536E+21,1.1918E+16,5.02937E+16
187444,9.17121E+18,9,4,73,141,2017,12,16,5,2,5,3,0,1,1,0,0,0,1,6.40268E+20,5.57804E+21,1.09711E+16,5.03377E+16
187445,9.17121E+18,9,4,61,0,2017,12,8,5,3,5,7,0,1,0,1,0,0,0,6.35276E+20,5.52825E+21,1.08834E+16,4.98913E+16
187446,9.17121E+18,9,4,61,0,2017,12,15,5,3,5,3,1,0,0,0,1,0,1,6.35445E+20,5.52811E+21,1.08857E+16,4.989E+16
187447,9.17121E+18,9,3,74,166,2017,12,8,5,2,4,6,0,1,0,0,0,0,2,7.20459E+20,5.5016E+21,1.20528E+16,4.96267E+16
187448,9.17121E+18,9,3,74,166,2017,12,10,5,3,8,1,0,1,0,0,0,0,1,7.20964E+20,5.50208E+21,1.20601E+16,4.96308E+16
187449,9.17121E+18,9,3,75,118,2017,12,4,5,3,8,1,0,1,0,0,0,2,2,7.06045E+20,5.44795E+21,1.18257E+16,4.91497E+16
187450,9.17121E+18,9,3,62,0,2017,12,7,5,3,5,3,0,1,0,0,0,2,1,7.25681E+20,5.43094E+21,1.20851E+16,4.89901E+16
187451,9.17121E+18,9,3,62,0,2017,12,10,5,3,5,3,0,1,0,0,0,0,0,7.27723E+20,5.43747E+21,1.21166E+16,4.9048E+16
187452,9.17121E+18,9,1,76,114,2017,12,10,5,3,9,1,0,1,0,0,0,0,0,6.84028E+20,5.43451E+21,1.15179E+16,4.9036E+16
187453,9.17121E+18,9,2,63,0,2017,12,7,5,3,5,3,1,1,0,0,0,1,1,7.6293E+20,5.42108E+21,1.2587E+16,4.88868E+16
187454,9.17121E+18,9,2,71,141,2017,12,17,5,3,3,6,0,1,0,0,0,2,1,7.96328E+20,5.40055E+21,1.30267E+16,4.86876E+16
187455,9.17121E+18,9,2,74,184,2017,12,11,5,2,6,2,0,1,1,0,0,0,0,7.4702E+20,5.37193E+21,1.2341E+16,4.8452E+16
187456,9.17121E+18,9,2,73,137,2017,12,19,5,3,8,6,0,1,0,0,0,2,0,7.10188E+20,5.42266E+21,1.18693E+16,4.89212E+16
187457,9.17121E+18,9,1,90,148,2017,12,12,5,3,6,4,0,1,1,0,0,0,1,6.42144E+20,5.29782E+21,1.08989E+16,4.7818E+16
187458,9.17121E+18,9,1,73,127,2017,12,6,5,3,8,1,0,1,0,0,0,2,2,6.95473E+20,5.29443E+21,1.16091E+16,4.77735E+16
187459,9.17121E+18,9,1,83,148,2017,12,16,5,3,5,3,1,1,0,0,0,2,0,7.51791E+20,5.34497E+21,1.23893E+16,4.82079E+16
187460,9.17121E+18,9,1,63,0,2017,12,14,5,3,2,6,0,1,0,0,0,0,0,7.32776E+20,5.30524E+21,1.21122E+16,4.78583E+16
187461,9.17121E+18,9,1,63,0,2017,12,18,5,3,4,2,1,1,0,0,0,2,1,7.33695E+20,5.30336E+21,1.21234E+16,4.78411E+16
187462,9.17121E+18,9,1,74,115,2017,12,13,5,3,2,6,0,1,0,0,1,0,0,6.842E+20,5.34766E+21,1.14817E+16,4.82553E+16
187463,9.17121E+18,9,1,78,113,2017,12,14,5,3,5,3,0,1,0,0,0,0,0,6.92024E+20,5.36722E+21,1.15959E+16,4.84288E+16
187464,9.17121E+18,9,1,77,133,2017,12,7,5,3,5,3,0,1,0,0,0,0,1,7.09552E+20,5.35948E+21,1.18287E+16,4.83537E+16
187465,9.17121E+18,9,1,78,124,2017,12,7,5,3,6,4,0,1,1,0,0,1,1,7.02909E+20,5.36503E+21,1.17418E+16,4.84058E+16
187466,9.17121E+18,9,1,62,0,2017,12,12,4,3,0,6,0,1,0,1,0,0,0,6.91252E+20,5.33686E+21,1.15717E+16,4.81562E+16
187467,9.17123E+18,9,7,63,0,2017,12,17,4,3,5,3,0,1,0,0,0,2,1,5.98586E+20,5.28506E+21,1.03143E+16,4.77114E+16
187468,9.17123E+18,9,7,79,131,2017,12,17,4,2,6,4,0,1,1,0,0,2,1,6.30773E+20,5.39871E+21,1.07783E+16,4.87277E+16
187469,9.17123E+18,9,7,73,125,2017,12,13,4,3,0,3,1,1,0,0,0,0,0,6.1062E+20,5.38133E+21,1.04997E+16,4.85753E+16
187470,9.17123E+18,9,1,76,123,2017,12,18,5,3,5,3,0,1,0,0,1,2,0,6.61608E+20,5.41663E+21,1.12043E+16,4.88816E+16
187471,9.17123E+18,9,1,88,118,2017,12,19,5,3,4,6,0,1,0,0,0,2,2,6.71536E+20,5.31336E+21,1.12974E+16,4.79506E+16
187472,9.17123E+18,9,1,88,145,2017,12,20,5,3,1,5,0,1,0,0,0,2,2,6.63794E+20,5.32567E+21,1.11985E+16,4.80633E+16
187473,9.17123E+18,9,1,75,127,2017,12,21,5,3,5,1,0,1,0,0,0,2,2,7.11873E+20,5.34122E+21,1.18508E+16,4.81889E+16
187474,9.17123E+18,9,1,62,0,2017,12,9,4,3,5,3,0,1,0,0,0,0,0,6.90715E+20,5.34029E+21,1.15661E+16,4.81872E+16
187475,9.17123E+18,9,1,62,0,2017,12,5,4,3,5,3,0,1,0,0,0,2,0,6.89428E+20,5.33717E+21,1.15474E+16,4.81596E+16
187476,9.17123E+18,9,7,61,0,2017,12,19,4,3,5,3,0,1,0,0,0,2,1,6.41124E+20,5.35185E+21,1.09031E+16,4.83041E+16
187477,9.17123E+18,9,7,71,113,2017,12,19,4,3,9,1,0,1,0,0,0,2,2,6.54598E+20,5.36824E+21,1.10907E+16,4.84483E+16
187478,9.17123E+18,9,1,62,0,2017,12,18,4,3,2,6,0,1,0,0,0,2,0,6.88051E+20,5.33968E+21,1.153E+16,4.81825E+16
187479,9.17123E+18,9,7,71,122,2017,12,20,4,3,1,1,0,1,0,0,1,2,2,6.54567E+20,5.36311E+21,1.10884E+16,4.84022E+16
187480,9.17123E+18,9,6,63,0,2017,12,6,4,3,5,3,1,1,0,0,0,2,0,5.67437E+20,5.51552E+21,9.93688E+15,4.97883E+16
187481,9.17123E+18,9,6,63,0,2017,12,18,4,3,1,5,0,1,0,0,0,2,0,5.69776E+20,5.51783E+21,9.96979E+15,4.98089E+16
187482,9.17123E+18,9,5,74,138,2017,12,7,4,3,5,3,0,1,0,0,0,0,1,6.6722E+20,5.487E+21,1.13101E+16,4.95125E+16
187483,9.17123E+18,9,5,74,112,2017,12,8,4,3,0,1,1,0,0,0,0,0,2,6.7179E+20,5.47279E+21,1.1367E+16,4.93835E+16
187484,9.17123E+18,9,5,63,0,2017,12,11,4,3,6,7,0,0,1,0,1,0,0,6.44165E+20,5.48172E+21,1.09899E+16,4.9471E+16
187485,9.17123E+18,9,5,63,0,2017,12,9,4,3,0,7,1,0,0,0,0,0,2,6.39026E+20,5.48432E+21,1.09199E+16,4.94956E+16
187486,9.17123E+18,9,5,64,0,2017,12,14,4,2,6,4,1,0,1,0,0,0,0,6.5108E+20,5.47784E+21,1.10838E+16,4.94345E+16
187487,9.17123E+18,9,5,64,0,2017,12,13,4,3,5,3,0,1,0,0,0,0,0,6.4993E+20,5.47788E+21,1.1068E+16,4.94351E+16
187488,9.17123E+18,9,5,73,134,2017,12,13,4,3,0,7,0,1,0,0,0,0,0,6.37897E+20,5.47618E+21,1.09015E+16,4.94226E+16
187489,9.17123E+18,9,5,77,159,2017,12,4,4,3,8,7,0,1,0,0,0,2,1,6.34439E+20,5.44012E+21,1.08418E+16,4.90993E+16
187490,9.17123E+18,9,3,74,162,2017,12,17,4,2,6,4,0,1,1,0,0,2,1,7.40999E+20,5.50273E+21,1.23375E+16,4.9629E+16
187491,9.17123E+18,9,3,77,157,2017,12,14,4,3,5,3,0,1,0,0,0,0,0,7.19856E+20,5.5411E+21,1.20668E+16,4.99817E+16
187492,9.17123E+18,9,3,75,165,2017,12,16,4,3,9,7,0,1,0,0,0,2,1,7.25476E+20,5.43709E+21,1.20857E+16,4.90454E+16
187493,9.17123E+18,9,2,62,0,2017,12,16,4,2,6,4,0,1,1,0,0,2,0,8.26669E+20,5.38915E+21,1.34288E+16,4.85702E+16
187494,9.17123E+18,9,2,62,0,2017,12,7,4,3,5,3,0,1,0,0,1,0,0,8.25803E+20,5.38767E+21,1.34159E+16,4.85573E+16
187495,9.17123E+18,9,1,89,162,2017,12,9,4,3,8,1,0,0,0,0,1,0,1,7.79746E+20,5.31493E+21,1.27451E+16,4.79265E+16