OBJECTID,UIDENTSTLA,ULAND,UREGBEZ,UKREIS,UGEMEINDE,UJAHR,UMONAT,USTUNDE,UWOCHENTAG,UKATEGORIE,UART,UTYP1,IstRad,IstPKW,IstFuss,IstKrad,IstSonstig,LICHT,STRZUSTAND,LINREFX,LINREFY,XGCSWGS84,YGCSWGS84
187666,9.17122E+18,9,2,61,0,2017,12,17,5,3,4,3,0,1,0,0,0,2,1,7.34458E+20,5.38173E+21,1.21768E+16,4.85448E+16
187667,9.17122E+18,9,2,61,0,2017,12,18,5,3,1,6,0,1,0,0,0,2,1,7.31476E+20,5.38287E+21,1.21371E+16,4.85562E+16
187668,9.17122E+18,9,1,89,143,2017,12,17,5,3,5,3,0,1,0,0,0,2,1,7.58235E+20,5.31965E+21,1.24605E+16,4.7978E+16
187669,9.17122E+18,9,1,89,155,2017,12,9,5,3,2,6,0,1,0,0,0,0,2,7.7167E+20,5.30788E+21,1.26328E+16,4.78668E+16
187670,9.17122E+18,9,1,82,120,2017,12,17,5,3,2,6,0,1,0,0,0,1,1,7.02745E+20,5.30657E+21,1.17118E+16,4.78804E+16
187671,9.17122E+18,9,1,61,0,2017,12,18,5,3,0,1,1,0,0,0,0,2,0,6.77948E+20,5.40386E+21,1.14215E+16,4.87623E+16
187672,9.17122E+18,9,1,79,145,2017,12,17,5,3,4,2,1,1,0,0,0,2,1,6.74825E+20,5.33808E+21,1.13515E+16,4.81719E+16
187673,9.17122E+18,9,1,79,121,2017,12,17,5,3,6,4,0,1,1,0,0,2,1,6.65415E+20,5.33685E+21,1.12246E+16,4.81634E+16
187674,9.17122E+18,9,1,78,120,2017,12,16,5,3,0,1,1,0,0,0,0,2,1,6.94738E+20,5.35334E+21,1.16261E+16,4.83032E+16
187675,9.17122E+18,9,1,78,124,2017,12,8,5,2,4,2,1,1,0,0,0,0,1,7.02302E+20,5.36486E+21,1.17335E+16,4.84044E+16
187676,9.17122E+18,9,1,62,0,2017,12,12,4,3,5,3,0,1,0,0,0,0,1,6.91119E+20,5.33811E+21,1.15705E+16,4.81675E+16
187677,9.17122E+18,9,1,62,0,2017,12,9,4,3,5,3,0,1,0,0,0,0,0,6.94395E+20,5.33497E+21,1.16131E+16,4.81383E+16
187678,9.17122E+18,9,1,62,0,2017,12,17,4,3,4,2,0,1,0,0,0,2,0,6.98564E+20,5.33529E+21,1.16692E+16,4.81399E+16
187679,9.17122E+18,9,1,62,0,2017,12,19,4,3,1,5,0,1,0,1,0,2,0,6.90565E+20,5.33402E+21,1.15612E+16,4.81308E+16
187680,9.17122E+18,9,1,62,0,2017,12,17,4,3,2,6,0,1,0,0,0,2,0,6.90682E+20,5.33602E+21,1.15637E+16,4.81488E+16
187681,9.17122E+18,9,1,62,0,2017,12,10,4,3,2,6,0,1,0,0,1,0,1,6.8844E+20,5.33965E+21,1.15352E+16,4.81821E+16
187682,9.17122E+18,9,1,62,0,2017,12,18,4,3,5,2,1,1,0,0,0,2,0,6.91861E+20,5.33584E+21,1.15794E+16,4.81468E+16
187683,9.17122E+18,9,1,62,0,2017,12,16,4,3,4,1,0,0,0,1,1,2,1,6.8332E+20,5.33988E+21,1.14665E+16,4.81857E+16
187684,9.17122E+18,9,1,62,0,2017,12,16,4,3,6,4,0,1,1,0,0,1,0,6.89061E+20,5.33649E+21,1.15421E+16,4.81535E+16
187685,9.17122E+18,9,1,62,0,2017,12,8,4,3,5,3,1,1,0,0,0,0,1,6.92213E+20,5.33712E+21,1.15848E+16,4.81582E+16
187686,9.17122E+18,9,1,62,0,2017,12,17,4,3,2,6,0,1,0,0,0,1,0,6.92015E+20,5.33636E+21,1.15818E+16,4.81515E+16
187687,9.17122E+18,9,7,64,0,2017,12,10,4,3,5,3,1,1,0,0,0,0,0,5.87285E+20,5.31736E+21,1.01702E+16,4.80036E+16
187688,9.17122E+18,9,7,76,116,2017,12,11,4,3,0,1,1,0,0,0,0,0,1,5.53919E+20,5.26739E+21,9.71671E+15,4.75577E+16
187689,9.17122E+18,9,7,80,145,2017,12,16,4,2,6,1,0,1,1,0,0,0,0,6.04832E+20,5.27473E+21,1.03951E+16,4.76175E+16
187690,9.17122E+18,9,7,61,0,2017,12,13,4,3,4,2,0,1,0,0,0,0,0,6.40785E+20,5.35924E+21,1.0901E+16,4.83706E+16
187691,9.17122E+18,9,6,71,112,2017,12,19,4,3,9,1,0,0,0,1,0,2,1,5.18214E+20,5.53828E+21,9.25413E+15,4.99966E+16
187692,9.17122E+18,9,6,61,0,2017,12,7,4,3,2,6,0,1,0,0,0,2,1,5.11281E+20,5.53482E+21,9.1573E+15,4.99656E+16
187693,9.17122E+18,9,6,61,0,2017,12,16,4,3,6,2,0,1,1,0,0,2,1,5.10032E+20,5.53674E+21,9.13993E+15,4.9983E+16
187694,9.17122E+18,9,5,76,143,2017,12,6,4,3,0,6,1,1,0,0,0,1,1,6.52372E+20,5.45718E+21,1.10937E+16,4.92484E+16
187695,9.17122E+18,9,5,74,123,2017,12,17,4,3,1,7,0,1,0,0,0,2,1,6.60896E+20,5.47148E+21,1.12165E+16,4.93748E+16
187696,9.17122E+18,9,5,64,0,2017,12,13,4,3,2,6,1,1,0,0,0,0,0,6.50422E+20,5.48027E+21,1.10757E+16,4.94564E+16
187697,9.17122E+18,9,5,64,0,2017,12,15,4,3,3,6,0,1,0,0,1,0,0,6.55763E+20,5.47579E+21,1.11475E+16,4.94148E+16
187698,9.17122E+18,9,5,64,0,2017,12,7,4,3,5,3,1,1,0,0,0,2,1,6.50424E+20,5.48103E+21,1.1076E+16,4.94633E+16
187699,9.17122E+18,9,5,64,0,2017,12,13,4,3,2,7,0,1,0,0,1,0,0,6.50913E+20,5.48428E+21,1.1084E+16,4.94924E+16
187700,9.17122E+18,9,5,64,0,2017,12,19,4,3,6,2,0,1,1,0,0,2,1,6.51872E+20,5.48054E+21,1.10958E+16,4.94585E+16
187701,9.17122E+18,9,5,64,0,2017,12,7,4,3,6,2,0,1,1,0,0,1,1,6.544E+20,5.4796E+21,1.11303E+16,4.94494E+16
187702,9.17122E+18,9,5,64,0,2017,12,13,4,3,2,6,0,1,0,0,0,0,0,6.50998E+20,5.47958E+21,1.10833E+16,4.94501E+16
187703,9.17122E+18,9,5,73,134,2017,12,14,4,3,5,3,1,1,0,0,0,0,1,6.41401E+20,5.47815E+21,1.09505E+16,4.94395E+16
187704,9.17122E+18,9,4,73,120,2017,12,9,4,2,5,3,0,1,0,0,0,0,1,6.41868E+20,5.57212E+21,1.09914E+16,5.02841E+16
187705,9.17122E+18,9,4,78,176,2017,12,15,4,3,5,3,0,1,0,0,1,0,1,6.60267E+20,5.55103E+21,1.12405E+16,5.00899E+16
187706,9.17122E+18,9,4,62,0,2017,12,15,4,3,6,7,0,1,1,0,0,0,0,6.85019E+20,5.53629E+21,1.15791E+16,4.99502E+16
187707,9.17122E+18,9,4,61,0,2017,12,16,4,2,3,7,1,0,1,0,0,2,1,6.35426E+20,5.52816E+21,1.08854E+16,4.98905E+16
187708,9.17122E+18,9,3,62,0,2017,12,11,4,3,3,2,0,1,0,0,1,0,0,7.26145E+20,5.43204E+21,1.2092E+16,4.89998E+16
187709,9.17122E+18,9,3,62,0,2017,12,8,4,3,4,2,1,1,0,0,0,0,2,7.25947E+20,5.43094E+21,1.20887E+16,4.899E+16
187710,9.17122E+18,9,3,76,119,2017,12,12,4,3,0,7,0,1,0,0,0,0,1,7.1467E+20,5.45412E+21,1.19471E+16,4.92023E+16
187711,9.17122E+18,9,2,63,0,2017,12,6,4,3,5,3,0,1,0,0,0,2,1,7.63458E+20,5.42061E+21,1.25938E+16,4.88824E+16
187712,9.17122E+18,9,1,90,157,2017,12,12,4,3,5,7,1,1,0,0,0,0,0,6.6009E+20,5.30019E+21,1.11394E+16,4.78351E+16
187713,9.17122E+18,9,1,63,0,2017,12,19,4,3,5,3,1,1,0,0,0,2,0,7.32519E+20,5.30523E+21,1.21087E+16,4.78583E+16
187714,9.17122E+18,9,1,87,122,2017,12,7,4,3,2,6,0,1,0,0,0,1,0,7.17664E+20,5.30714E+21,1.19113E+16,4.78806E+16
187715,9.17122E+18,9,1,86,122,2017,12,10,4,3,6,4,0,1,1,0,0,0,0,6.92347E+20,5.39566E+21,1.16134E+16,4.86843E+16
187716,9.17122E+18,9,1,79,142,2017,12,20,4,3,8,7,0,1,0,0,0,2,1,6.76148E+20,5.34496E+21,1.13722E+16,4.82334E+16
187717,9.17122E+18,9,1,81,130,2017,12,15,4,3,9,1,0,1,0,0,0,0,0,6.41162E+20,5.32397E+21,1.08944E+16,4.80534E+16
187718,9.17122E+18,9,1,77,117,2017,12,16,4,3,2,6,0,1,0,0,0,1,0,7.15196E+20,5.35174E+21,1.19008E+16,4.82823E+16
187719,9.17122E+18,9,1,62,0,2017,12,20,3,3,2,6,0,1,0,0,0,2,1,6.943E+20,5.32949E+21,1.16093E+16,4.80891E+16
187720,9.17122E+18,9,1,62,0,2017,12,8,3,3,3,6,1,1,0,0,0,0,0,6.89643E+20,5.33566E+21,1.15496E+16,4.81459E+16
187721,9.17122E+18,9,1,62,0,2017,12,7,3,3,5,2,1,1,0,0,0,1,0,6.85342E+20,5.33445E+21,1.14913E+16,4.81363E+16
187722,9.17122E+18,9,1,62,0,2017,12,16,3,3,0,4,0,1,1,0,0,1,0,6.84756E+20,5.33117E+21,1.1482E+16,4.8107E+16
187723,9.17122E+18,9,1,62,0,2017,12,9,3,3,2,6,0,1,0,0,0,0,0,6.86284E+20,5.33327E+21,1.15034E+16,4.81254E+16
187724,9.17122E+18,9,1,62,0,2017,12,11,3,3,5,2,1,0,0,0,1,0,1,6.84871E+20,5.3345E+21,1.1485E+16,4.81369E+16
187725,9.17122E+18,9,1,62,0,2017,12,13,3,3,1,5,1,1,0,0,0,0,1,6.92143E+20,5.33256E+21,1.15818E+16,4.81173E+16
187726,9.17122E+18,9,1,62,0,2017,12,13,3,3,6,4,1,0,1,0,0,0,0,6.90434E+20,5.33308E+21,1.1559E+16,4.81225E+16
187727,9.17122E+18,9,7,75,135,2017,12,6,3,3,0,1,1,0,0,0,0,2,1,5.7507E+20,5.3587E+21,1.00138E+16,4.8377E+16
187728,9.17122E+18,9,7,75,135,2017,12,19,3,3,0,6,0,1,0,0,1,2,0,5.74312E+20,5.36044E+21,1.00038E+16,4.83928E+16
187729,9.17122E+18,9,7,64,0,2017,12,7,3,3,6,4,0,1,1,0,0,2,1,5.88845E+20,5.3159E+21,1.01908E+16,4.79902E+16
187730,9.17122E+18,9,7,79,131,2017,12,7,3,3,1,6,0,1,0,0,0,0,0,6.30769E+20,5.39869E+21,1.07782E+16,4.87275E+16
187731,9.17122E+18,9,7,72,200,2017,12,16,3,3,6,4,0,1,1,0,0,2,1,6.30322E+20,5.33917E+21,1.07536E+16,4.81924E+16
187732,9.17122E+18,9,7,72,163,2017,12,9,3,3,5,3,1,1,0,0,0,0,0,6.39552E+20,5.34946E+21,1.08811E+16,4.82829E+16
187733,9.17122E+18,9,7,61,0,2017,12,15,3,3,2,6,0,1,0,0,0,0,0,6.38967E+20,5.35884E+21,1.08763E+16,4.83674E+16
187734,9.17122E+18,9,7,61,0,2017,12,17,3,3,1,2,1,0,0,0,1,2,1,6.40073E+20,5.35814E+21,1.0891E+16,4.83609E+16
187735,9.17122E+18,9,6,77,157,2017,12,15,3,3,6,4,0,1,1,0,0,0,0,5.43926E+20,5.52139E+21,9.61094E+15,4.98434E+16
187736,9.17122E+18,9,6,76,121,2017,12,6,3,3,5,3,0,1,0,0,1,2,1,5.10947E+20,5.52039E+21,9.15223E+15,4.98358E+16
187737,9.17122E+18,9,5,72,135,2017,12,8,3,2,5,3,0,1,0,0,0,0,0,6.32333E+20,5.50743E+21,1.08353E+16,4.97049E+16
187738,7.17013E+18,7,1,34,10,2017,1,12,2,3,4,2,1,1,0,0,0,0,0,3.68314E+20,5.50151E+21,7.17562E+15,4.96517E+16
187739,7.17013E+18,7,2,11,0,2017,1,15,2,2,6,4,0,0,1,0,1,0,1,3.29968E+20,5.5137E+21,6.6395E+15,4.97517E+16
187740,7.17013E+18,7,1,43,67,2017,1,10,2,3,5,5,0,1,0,0,0,0,1,4.11925E+20,5.59815E+21,7.75735E+15,5.05287E+16
187741,7.17013E+18,7,3,36,99,2017,1,10,1,3,8,1,0,1,0,0,0,0,2,3.88268E+20,5.49351E+21,7.45423E+15,4.95839E+16
187742,7.17013E+18,7,3,14,0,2017,1,14,1,3,5,7,0,1,0,0,1,0,0,4.55272E+20,5.47789E+21,8.38288E+15,4.9452E+16
187743,7.17013E+18,7,1,37,68,2017,1,15,1,3,5,5,0,1,0,1,0,0,1,3.73814E+20,5.57536E+21,7.22755E+15,5.03168E+16
187744,7.17013E+18,7,3,14,0,2017,1,0,7,3,5,3,0,1,0,0,0,2,2,4.57001E+20,5.48542E+21,8.40591E+15,4.95199E+16
187745,7.17013E+18,7,1,43,81,2017,1,9,7,3,5,3,0,1,0,1,0,0,2,4.1413E+20,5.59223E+21,7.78981E+15,5.04758E+16
187746,7.17013E+18,7,1,38,12,2017,1,15,7,3,4,2,0,1,0,0,0,0,1,4.03756E+20,5.60035E+21,7.64156E+15,5.05472E+16
187747,7.17013E+18,7,1,11,0,2017,1,13,7,3,1,5,0,1,0,0,0,0,0,3.94179E+20,5.58062E+21,7.51201E+15,5.03682E+16
187748,7.17013E+18,7,3,14,0,2017,1,0,6,3,6,4,0,1,1,0,0,2,0,4.60232E+20,5.4807E+21,8.45102E+15,4.94777E+16
187749,7.17013E+18,7,1,33,6,2017,1,15,6,3,4,2,0,1,0,0,1,0,0,4.16773E+20,5.51814E+21,7.84324E+15,4.98099E+16
187750,7.17013E+18,7,3,19,0,2017,1,7,6,3,5,3,0,1,1,0,0,1,0,4.52647E+20,5.49926E+21,8.34409E+15,4.9644E+16
187751,7.17013E+18,7,2,35,68,2017,1,8,6,2,6,4,0,1,1,0,0,1,0,3.25027E+20,5.50734E+21,6.57382E+15,4.96932E+16
187752,7.17013E+18,7,3,12,0,2017,1,18,5,3,2,2,0,1,0,0,0,2,0,4.10434E+20,5.47758E+21,7.76442E+15,4.94442E+16
187753,7.17013E+18,7,3,35,15,2017,1,17,5,3,4,2,0,1,0,0,0,2,2,4.19468E+20,5.47736E+21,7.88907E+15,4.94435E+16
187754,7.17013E+18,7,1,33,6,2017,1,13,5,3,5,3,0,1,0,0,0,0,0,4.18422E+20,5.52207E+21,7.86533E+15,4.98455E+16
187755,7.17013E+18,7,3,15,0,2017,1,17,5,3,2,6,1,0,0,1,0,1,0,4.47332E+20,5.53898E+21,8.26509E+15,5.00008E+16
187756,7.17013E+18,7,3,15,0,2017,1,16,5,3,5,3,1,1,0,0,0,0,0,4.47387E+20,5.53923E+21,8.26583E+15,5.0003E+16
187757,7.17013E+18,7,1,38,45,2017,1,13,5,3,6,4,0,1,1,0,0,0,0,3.90682E+20,5.58729E+21,7.46091E+15,5.04274E+16
187758,7.17013E+18,7,3,12,0,2017,1,22,4,3,5,3,0,1,0,0,0,2,0,4.0864E+20,5.47684E+21,7.73984E+15,4.94373E+16
187759,7.17013E+18,7,3,14,0,2017,1,9,4,3,5,3,0,1,0,0,1,0,0,4.56486E+20,5.48537E+21,8.3988E+15,4.95194E+16
187760,7.17013E+18,7,1,33,6,2017,1,7,4,3,1,6,0,1,0,0,0,1,0,4.18369E+20,5.52254E+21,7.86449E+15,4.98497E+16
187761,7.17013E+18,7,3,15,0,2017,1,17,4,3,2,6,0,1,0,0,0,2,0,4.46294E+20,5.53414E+21,8.25128E+15,4.99572E+16
187762,7.17013E+18,7,2,11,0,2017,1,17,4,3,1,1,0,1,0,0,0,2,0,3.29554E+20,5.51282E+21,6.63414E+15,4.97437E+16
187763,7.17013E+18,7,1,11,0,2017,1,14,4,3,2,6,0,1,0,0,0,0,0,3.99704E+20,5.57902E+21,7.59011E+15,5.03547E+16
187764,7.17012E+18,7,3,34,7,2017,1,14,3,2,0,1,1,0,0,0,0,0,2,4.5334E+20,5.44921E+21,8.35958E+15,4.91939E+16
187765,7.17012E+18,7,3,18,0,2017,1,17,3,3,6,2,0,1,1,0,0,2,0,4.5882E+20,5.46282E+21,8.43338E+15,4.93167E+16
187766,7.17012E+18,7,3,14,0,2017,1,15,3,3,5,3,0,1,0,1,0,0,1,4.5991E+20,5.48084E+21,8.44657E+15,4.94789E+16
187767,7.17012E+18,7,1,33,6,2017,1,11,3,2,6,4,0,1,1,0,0,0,0,4.17935E+20,5.5216E+21,7.85865E+15,4.98412E+16
187768,7.17012E+18,7,2,11,0,2017,1,18,3,3,0,1,0,0,0,1,0,2,2,3.27492E+20,5.51222E+21,6.60581E+15,4.97377E+16
187769,7.17012E+18,7,2,11,0,2017,1,16,3,3,6,7,1,0,1,0,0,0,0,3.29739E+20,5.51397E+21,6.6362E+15,4.97541E+16
187770,7.17012E+18,7,1,11,0,2017,1,7,3,3,6,4,0,0,1,1,0,2,1,3.991E+20,5.58417E+21,7.58023E+15,5.04009E+16
187771,7.17012E+18,7,3,40,4,2017,1,20,2,3,1,5,0,1,0,0,0,2,0,4.10748E+20,5.44465E+21,7.7761E+15,4.91482E+16
187772,7.17012E+18,7,3,17,0,2017,1,7,2,2,6,4,0,1,1,0,0,1,1,3.98344E+20,5.45011E+21,7.60467E+15,4.91954E+16
187773,7.17012E+18,7,3,32,41,2017,1,21,2,3,6,6,0,1,1,0,0,2,0,4.4232E+20,5.49266E+21,8.20204E+15,4.95838E+16
187774,7.17012E+18,7,3,37,38,2017,1,10,2,2,4,6,0,1,0,0,0,0,0,4.43971E+20,5.44311E+21,8.23184E+15,4.91383E+16
187775,7.17012E+18,7,3,38,20,2017,1,16,2,3,5,2,1,1,0,0,0,1,0,4.58598E+20,5.47433E+21,8.42914E+15,4.94202E+16
187776,7.17012E+18,7,1,33,6,2017,1,7,2,3,2,6,0,1,0,0,0,0,0,4.18638E+20,5.52145E+21,7.86846E+15,4.984E+16
187777,7.17012E+18,7,3,39,42,2017,1,10,2,3,6,7,0,1,1,0,0,0,0,4.41595E+20,5.52923E+21,8.18652E+15,4.99126E+16
187778,7.17012E+18,7,1,38,45,2017,1,18,2,3,5,3,0,1,0,0,0,2,0,3.89995E+20,5.58929E+21,7.45066E+15,5.04453E+16
187779,7.17012E+18,7,1,37,86,2017,1,8,2,2,0,7,0,1,1,0,0,0,2,3.84791E+20,5.57875E+21,7.38063E+15,5.03496E+16
187780,7.17012E+18,7,3,12,0,2017,1,22,1,3,2,7,1,1,0,0,0,2,0,4.11071E+20,5.47766E+21,7.77319E+15,4.94451E+16
187781,7.17012E+18,7,3,34,25,2017,1,7,1,3,0,7,0,0,0,1,0,2,1,4.47948E+20,5.44482E+21,8.28614E+15,4.9154E+16
187782,7.17012E+18,7,3,15,0,2017,1,16,1,3,1,7,0,1,0,0,0,0,0,4.45273E+20,5.53614E+21,8.23676E+15,4.99751E+16
187783,7.17012E+18,7,2,11,0,2017,1,17,1,2,6,4,0,1,1,0,0,1,0,3.29815E+20,5.51377E+21,6.63734E+15,4.97523E+16
187784,7.17012E+18,7,1,38,45,2017,1,12,1,3,5,3,0,1,0,0,0,0,0,3.91398E+20,5.59188E+21,7.46966E+15,5.04688E+16
187785,7.17012E+18,7,3,36,75,2017,1,10,7,3,1,6,0,1,0,0,1,0,0,3.95336E+20,5.49714E+21,7.55101E+15,4.96178E+16
187786,7.17012E+18,7,3,32,2,2017,1,14,7,3,0,1,1,0,0,0,0,0,0,4.40186E+20,5.47934E+21,8.17453E+15,4.94638E+16
187787,7.17012E+18,7,3,34,7,2017,1,20,7,3,1,5,0,1,0,0,0,2,0,4.53384E+20,5.44906E+21,8.3602E+15,4.91926E+16
187788,7.17012E+18,7,3,11,0,2017,1,12,7,3,0,5,1,1,0,0,0,0,0,4.53408E+20,5.4872E+21,8.35606E+15,4.95356E+16
187789,7.17012E+18,7,1,33,6,2017,1,18,7,3,5,3,1,1,0,0,0,2,0,4.19371E+20,5.52216E+21,7.87851E+15,4.98464E+16
187790,7.17012E+18,7,3,31,32,2017,1,10,7,3,2,6,0,1,0,0,1,0,0,4.41578E+20,5.51531E+21,8.18839E+15,4.97874E+16
187791,7.17012E+18,7,3,19,0,2017,1,13,7,3,5,3,1,1,0,0,0,0,0,4.54106E+20,5.49841E+21,8.36439E+15,4.96365E+16
187792,7.17012E+18,7,3,15,0,2017,1,17,7,3,6,7,0,1,1,0,0,1,0,4.47378E+20,5.53819E+21,8.26583E+15,4.99937E+16
187793,7.17012E+18,7,1,43,62,2017,1,14,7,3,5,3,0,1,0,0,0,0,1,4.09534E+20,5.59116E+21,7.72532E+15,5.04654E+16
187794,7.17012E+18,7,1,38,45,2017,1,0,7,3,8,1,0,1,0,0,0,2,2,3.91155E+20,5.58761E+21,7.46748E+15,5.04304E+16
187795,7.17012E+18,7,1,11,0,2017,1,13,7,3,5,3,1,1,0,0,0,0,0,3.97738E+20,5.58053E+21,7.56206E+15,5.03679E+16
187796,7.17012E+18,7,3,32,7,2017,1,14,6,3,4,6,0,1,0,0,0,0,0,4.30407E+20,5.48378E+21,8.03882E+15,4.95026E+16
187797,7.17012E+18,7,1,33,40,2017,1,15,6,3,1,6,0,1,0,0,0,0,0,4.15614E+20,5.52323E+21,7.82602E+15,4.98556E+16
187798,7.17012E+18,7,1,33,6,2017,1,10,6,3,6,7,0,1,1,0,0,0,0,4.20092E+20,5.5223E+21,7.8885E+15,4.98478E+16
187799,7.17012E+18,7,2,33,29,2017,1,13,6,2,6,4,0,1,1,0,0,0,0,3.34195E+20,5.57393E+21,6.6721E+15,5.02942E+16
187800,7.17012E+18,7,2,31,8,2017,1,10,6,3,7,5,0,1,0,0,1,0,0,3.60836E+20,5.53227E+21,7.06108E+15,4.99266E+16
187801,7.17012E+18,7,1,34,45,2017,1,11,6,3,2,2,0,1,0,0,0,0,0,3.78237E+20,5.50756E+21,7.31115E+15,4.97083E+16
187802,7.17012E+18,7,1,38,12,2017,1,10,6,3,1,5,0,1,0,0,0,0,0,4.03756E+20,5.60035E+21,7.64156E+15,5.05472E+16
187803,7.17012E+18,7,1,11,0,2017,1,13,6,3,6,4,0,1,1,0,0,0,0,4.0063E+20,5.57975E+21,7.60292E+15,5.03614E+16
187804,7.17012E+18,7,3,40,38,2017,1,12,5,3,5,3,0,1,0,0,0,0,0,4.02098E+20,5.45462E+21,7.6551E+15,4.92365E+16
187805,7.17012E+18,7,3,13,0,2017,1,15,5,2,0,1,1,0,0,0,0,0,2,4.34996E+20,5.45234E+21,8.10731E+15,4.92204E+16
187806,7.17012E+18,7,3,38,19,2017,1,17,5,2,6,1,1,1,1,0,0,2,0,4.53379E+20,5.47745E+21,8.35681E+15,4.94479E+16
187807,7.17012E+18,7,3,39,9,2017,1,15,5,3,6,4,1,0,1,0,0,0,0,4.40018E+20,5.54136E+21,8.16267E+15,5.00215E+16
187808,7.17012E+18,7,1,43,81,2017,1,17,5,3,2,2,0,1,0,0,0,2,2,4.14624E+20,5.59172E+21,7.7969E+15,5.04713E+16
187809,7.17012E+18,7,1,37,68,2017,1,17,5,3,6,7,0,1,1,0,0,2,0,3.73926E+20,5.5768E+21,7.22864E+15,5.03298E+16
187810,7.17012E+18,7,1,37,3,2017,1,18,5,2,1,5,0,1,0,0,1,2,0,3.88124E+20,5.58871E+21,7.4245E+15,5.04397E+16
187811,7.17012E+18,7,3,32,2,2017,1,15,4,3,1,1,0,1,1,0,0,0,0,4.42181E+20,5.48004E+21,8.20196E+15,4.94703E+16
187812,7.17012E+18,7,3,16,0,2017,1,14,4,3,6,2,0,1,1,0,0,0,0,4.38708E+20,5.46662E+21,8.1561E+15,4.93492E+16
187813,7.17012E+18,7,3,37,58,2017,1,15,4,2,8,1,0,1,0,0,0,0,0,4.31147E+20,5.43875E+21,8.0568E+15,4.90978E+16
187814,7.17012E+18,7,3,14,0,2017,1,14,4,3,4,2,0,1,0,0,0,0,0,4.58569E+20,5.48093E+21,8.42805E+15,4.94796E+16
187815,7.17012E+18,7,2,33,501,2017,1,15,4,3,6,7,0,0,1,0,1,0,2,3.45169E+20,5.56258E+21,6.8307E+15,5.01952E+16
187816,7.17012E+18,7,1,37,69,2017,1,9,4,3,1,7,0,1,0,0,0,0,1,3.77179E+20,5.58164E+21,7.27274E+15,5.03739E+16
187817,7.17012E+18,7,1,11,0,2017,1,9,4,3,4,6,0,0,0,0,1,0,1,4.01429E+20,5.57935E+21,7.61426E+15,5.0358E+16
187818,7.17012E+18,7,3,12,0,2017,1,15,3,3,5,3,1,1,0,0,0,0,0,4.11043E+20,5.47757E+21,7.77282E+15,4.94443E+16
187819,7.17012E+18,7,3,32,24,2017,1,11,3,2,6,4,0,1,1,0,0,0,0,4.39568E+20,5.4906E+21,8.16428E+15,4.9565E+16
187820,7.17012E+18,7,3,39,27,2017,1,15,3,3,1,1,0,1,0,0,0,0,0,4.36188E+20,5.53838E+21,8.1097E+15,4.99943E+16
187821,7.17012E+18,7,1,43,48,2017,1,13,3,3,6,4,0,1,1,0,0,0,2,4.16893E+20,5.58758E+21,7.82979E+15,5.04344E+16
187822,7.17012E+18,7,1,32,117,2017,1,11,3,3,0,1,0,0,0,1,0,0,0,4.10413E+20,5.626E+21,7.72929E+15,5.07788E+16
187823,7.17012E+18,7,1,38,45,2017,1,17,3,3,1,6,0,1,0,0,0,2,0,3.91539E+20,5.58763E+21,7.47289E+15,5.04306E+16
187824,7.17012E+18,7,1,31,7,2017,1,17,3,3,6,4,0,0,1,0,1,2,0,3.66514E+20,5.60095E+21,7.11596E+15,5.05452E+16
187825,7.17012E+18,7,1,31,90,2017,1,13,3,3,5,3,1,1,0,0,0,0,0,3.66223E+20,5.60214E+21,7.11142E+15,5.05559E+16
187826,7.17012E+18,7,1,40,144,2017,1,17,3,3,6,6,0,1,1,0,0,1,0,3.94311E+20,5.53785E+21,7.52576E+15,4.99836E+16
187827,7.17012E+18,7,1,11,0,2017,1,17,3,3,6,4,0,1,1,0,0,2,0,3.96894E+20,5.57763E+21,7.55099E+15,5.03418E+16
187828,7.17012E+18,7,1,11,0,2017,1,8,3,3,5,3,0,1,0,1,0,0,1,4.007E+20,5.58156E+21,7.60342E+15,5.03778E+16
187829,7.17012E+18,7,1,11,0,2017,1,16,3,3,9,1,0,1,0,0,0,0,0,3.97941E+20,5.57668E+21,7.56597E+15,5.03333E+16
187830,7.17012E+18,7,3,20,0,2017,1,18,2,2,1,5,0,1,0,0,1,2,0,3.82642E+20,5.45693E+21,7.38724E+15,4.92539E+16
187831,7.17012E+18,7,3,12,0,2017,1,21,2,3,5,3,0,1,0,0,0,2,0,4.1148E+20,5.47786E+21,7.77878E+15,4.94469E+16
187832,7.17012E+18,7,1,33,6,2017,1,17,2,3,2,6,0,1,0,0,0,1,0,4.18256E+20,5.52117E+21,7.86322E+15,4.98373E+16
187833,7.17012E+18,7,3,19,0,2017,1,15,2,3,2,6,0,1,0,0,0,0,0,4.54075E+20,5.49819E+21,8.364E+15,4.96345E+16
187834,7.17012E+18,7,1,38,45,2017,1,10,2,3,4,6,0,1,0,0,0,0,2,3.88615E+20,5.59035E+21,7.43092E+15,5.04546E+16
187835,7.17012E+18,7,3,14,0,2017,1,12,1,3,6,4,0,1,1,0,0,0,0,4.59294E+20,5.48103E+21,8.43804E+15,4.94805E+16
187836,7.17012E+18,7,3,31,3,2017,1,4,1,3,5,5,0,1,0,0,0,2,1,4.37989E+20,5.51081E+21,8.13924E+15,4.97466E+16
187837,7.17012E+18,7,2,32,18,2017,1,19,1,2,6,4,0,1,1,0,0,2,1,3.22374E+20,5.53819E+21,6.52294E+15,4.99695E+16