OBJECTID,UIDENTSTLA,ULAND,UREGBEZ,UKREIS,UGEMEINDE,UJAHR,UMONAT,USTUNDE,UWOCHENTAG,UKATEGORIE,UART,UTYP1,IstRad,IstPKW,IstFuss,IstKrad,IstSonstig,LICHT,STRZUSTAND,LINREFX,LINREFY,XGCSWGS84,YGCSWGS84
188009,7.1703E+18,7,3,19,0,2017,3,16,5,3,0,6,0,1,0,0,0,0,0,4.53577E+20,5.49818E+21,8.3571E+15,4.96344E+16
188010,7.1703E+18,7,1,31,70,2017,3,10,5,3,2,6,0,1,0,0,0,0,0,3.75385E+20,5.60377E+21,7.24015E+15,5.05725E+16
188011,7.1703E+18,7,3,16,0,2017,3,14,4,3,1,2,0,1,0,0,1,0,1,4.37589E+20,5.46701E+21,8.14064E+15,4.93526E+16
188012,7.1703E+18,7,3,19,0,2017,3,12,4,3,1,5,0,1,0,0,1,0,0,4.53912E+20,5.49765E+21,8.3618E+15,4.96296E+16
188013,7.1703E+18,7,2,11,0,2017,3,10,4,2,5,3,1,1,0,0,0,0,1,3.33981E+20,5.51206E+21,6.69586E+15,4.97381E+16
188014,7.1703E+18,7,1,41,75,2017,3,12,4,2,6,2,0,1,1,0,0,0,0,4.02276E+20,5.57119E+21,7.62827E+15,5.02847E+16
188015,7.17023E+18,7,3,33,19,2017,2,6,3,3,5,3,1,1,0,0,0,2,1,4.33262E+20,5.49001E+21,8.07718E+15,4.9559E+16
188016,7.17023E+18,7,3,19,0,2017,2,10,3,3,5,6,0,1,0,0,0,0,0,4.54099E+20,5.49819E+21,8.36433E+15,4.96345E+16
188017,7.17023E+18,7,3,15,0,2017,2,17,3,3,0,1,1,0,0,0,0,0,1,4.46887E+20,5.53916E+21,8.25885E+15,5.00024E+16
188018,7.17023E+18,7,2,11,0,2017,2,23,3,3,6,7,0,1,1,0,0,2,1,3.33772E+20,5.51688E+21,6.6909E+15,4.97814E+16
188019,7.17023E+18,7,1,38,45,2017,2,0,3,2,8,1,0,1,0,0,0,2,1,3.91835E+20,5.5859E+21,7.47754E+15,5.04152E+16
188020,7.17023E+18,7,3,36,75,2017,2,10,2,2,6,2,0,1,1,0,0,0,0,3.95657E+20,5.49799E+21,7.55523E+15,4.96254E+16
188021,7.17023E+18,7,3,37,38,2017,2,9,2,2,4,2,0,1,0,1,0,0,0,4.44078E+20,5.4444E+21,8.23313E+15,4.91499E+16
188022,7.17023E+18,7,3,13,0,2017,2,7,2,3,1,5,1,1,0,0,0,0,0,4.36542E+20,5.44972E+21,8.12896E+15,4.9197E+16
188023,7.17023E+18,7,2,35,125,2017,2,16,2,3,6,6,0,1,1,0,0,0,0,3.38661E+20,5.52087E+21,6.75711E+15,4.98185E+16
188024,7.17023E+18,7,1,31,7,2017,2,18,2,3,6,6,0,1,1,0,0,2,0,3.64966E+20,5.60079E+21,7.09418E+15,5.05435E+16
188025,7.17023E+18,7,1,40,125,2017,2,21,2,3,9,1,0,1,0,0,0,2,1,4.04632E+20,5.54007E+21,7.66913E+15,5.00053E+16
188026,7.17023E+18,7,3,35,38,2017,2,16,1,3,6,4,0,1,1,0,0,0,0,3.9621E+20,5.47717E+21,7.56837E+15,4.94383E+16
188027,7.17023E+18,7,3,38,25,2017,2,16,1,2,3,2,1,1,0,0,0,0,0,4.55212E+20,5.46901E+21,8.38305E+15,4.93721E+16
188028,7.17023E+18,7,3,15,0,2017,2,17,1,2,6,4,0,0,1,0,1,0,0,4.41231E+20,5.53828E+21,8.18007E+15,4.9994E+16
188029,7.17023E+18,7,2,11,0,2017,2,17,1,3,6,4,0,1,1,0,0,1,0,3.33743E+20,5.51147E+21,6.69281E+15,4.97327E+16
188030,7.17023E+18,7,1,41,41,2017,2,22,1,3,6,4,0,1,1,0,0,2,0,4.06664E+20,5.57708E+21,7.6884E+15,5.03384E+16
188031,7.17023E+18,7,1,32,501,2017,2,11,1,3,2,6,0,1,0,0,0,0,0,4.04751E+20,5.61631E+21,7.65151E+15,5.06908E+16
188032,7.17023E+18,7,3,20,0,2017,2,8,7,3,9,1,0,1,0,0,0,0,0,3.82073E+20,5.45765E+21,7.37922E+15,4.92602E+16
188033,7.17023E+18,7,3,32,18,2017,2,5,7,2,9,7,0,1,0,0,0,2,0,4.3065E+20,5.46947E+21,8.04468E+15,4.9374E+16
188034,7.17023E+18,7,3,11,0,2017,2,13,7,2,0,1,0,1,0,1,0,0,0,4.53063E+20,5.48608E+21,8.35142E+15,4.95255E+16
188035,7.17023E+18,7,3,14,0,2017,2,19,7,3,2,6,0,1,0,1,0,2,0,4.59241E+20,5.4817E+21,8.43724E+15,4.94866E+16
188036,7.17023E+18,7,3,15,0,2017,2,15,7,3,6,4,0,0,1,0,1,0,0,4.46978E+20,5.5391E+21,8.26012E+15,5.00019E+16
188037,7.17023E+18,7,1,37,226,2017,2,12,7,3,1,7,0,1,0,0,0,0,0,4.01697E+20,5.58332E+21,7.61699E+15,5.03937E+16
188038,7.17022E+18,7,3,37,82,2017,2,12,6,2,5,3,1,1,0,0,0,0,0,4.36329E+20,5.45405E+21,8.12536E+15,4.92359E+16
188039,7.17022E+18,7,3,14,0,2017,2,9,6,3,5,3,1,1,0,0,0,0,0,4.57491E+20,5.48237E+21,8.41301E+15,4.94925E+16
188040,7.17022E+18,7,3,33,19,2017,2,19,6,2,2,2,1,0,0,0,0,2,1,4.32844E+20,5.4896E+21,8.07148E+15,4.95553E+16
188041,7.17022E+18,7,3,15,0,2017,2,13,6,3,5,3,0,1,0,0,1,0,0,4.43978E+20,5.54154E+21,8.21792E+15,5.00236E+16
188042,7.17022E+18,7,3,15,0,2017,2,7,6,3,0,7,0,0,0,1,1,0,1,4.46552E+20,5.53931E+21,8.25416E+15,5.00037E+16
188043,7.17022E+18,7,2,11,0,2017,2,7,6,2,5,3,1,1,0,0,0,0,1,3.31955E+20,5.51601E+21,6.66606E+15,4.9773E+16
188044,7.17022E+18,7,1,43,30,2017,2,11,6,3,6,7,0,0,1,0,1,0,0,4.06933E+20,5.58986E+21,7.68901E+15,5.04534E+16
188045,7.17022E+18,7,1,37,101,2017,2,20,6,3,6,6,0,1,1,0,0,2,0,3.77501E+20,5.57976E+21,7.27789E+15,5.03571E+16
188046,7.17022E+18,7,3,13,0,2017,2,11,5,3,1,7,0,1,0,0,0,0,0,4.35651E+20,5.44967E+21,8.11674E+15,4.91965E+16
188047,7.17022E+18,7,2,32,18,2017,2,19,5,2,6,4,0,1,1,0,0,2,1,3.22658E+20,5.53827E+21,6.52686E+15,4.99704E+16
188048,7.17022E+18,7,1,41,29,2017,2,13,5,3,1,3,1,1,0,0,0,0,0,4.29781E+20,5.58035E+21,8.01258E+15,5.0371E+16
188049,7.17022E+18,7,1,37,3,2017,2,9,5,3,1,6,0,1,0,0,0,0,0,3.87661E+20,5.58834E+21,7.41808E+15,5.04363E+16
188050,7.17022E+18,7,1,11,0,2017,2,19,5,3,6,7,1,0,1,0,0,2,1,4.00034E+20,5.57971E+21,7.59456E+15,5.03609E+16
188051,7.17022E+18,7,3,36,23,2017,2,20,4,3,8,1,0,1,0,0,0,2,1,3.96194E+20,5.49058E+21,7.56462E+15,4.95589E+16
188052,7.17022E+18,7,3,36,55,2017,2,18,4,2,1,5,0,1,0,1,0,2,1,3.84928E+20,5.48816E+21,7.40961E+15,4.95351E+16
188053,7.17022E+18,7,3,13,0,2017,2,16,4,3,3,2,1,0,0,0,0,0,1,4.35552E+20,5.44982E+21,8.11536E+15,4.91978E+16
188054,7.17022E+18,7,3,19,0,2017,2,17,4,3,5,3,0,1,0,1,0,0,0,4.54236E+20,5.49798E+21,8.36626E+15,4.96326E+16
188055,7.17022E+18,7,3,19,0,2017,2,17,4,3,5,3,0,1,0,0,0,2,0,4.53645E+20,5.49728E+21,8.35815E+15,4.96263E+16
188056,7.17022E+18,7,2,32,18,2017,2,12,4,3,5,5,0,1,0,0,0,0,1,3.22367E+20,5.5385E+21,6.52271E+15,4.99723E+16
188057,7.17022E+18,7,1,32,107,2017,2,6,4,3,6,6,0,1,1,0,0,1,1,4.17096E+20,5.6206E+21,7.82527E+15,5.07313E+16
188058,7.17022E+18,7,1,38,45,2017,2,13,4,3,6,6,0,0,1,0,1,0,1,3.91242E+20,5.58674E+21,7.46896E+15,5.04226E+16
188059,7.17022E+18,7,1,38,45,2017,2,7,4,3,6,4,0,1,1,0,0,0,0,3.91464E+20,5.58725E+21,7.47194E+15,5.04272E+16
188060,7.17022E+18,7,3,20,0,2017,2,11,3,3,5,3,0,1,0,0,0,0,1,3.82643E+20,5.4573E+21,7.38714E+15,4.92572E+16
188061,7.17022E+18,7,1,33,6,2017,2,16,3,3,6,7,0,1,1,0,0,0,0,4.18345E+20,5.5221E+21,7.86426E+15,4.98457E+16
188062,7.17022E+18,7,1,33,6,2017,2,8,3,2,0,1,1,0,0,0,0,0,1,4.18353E+20,5.52263E+21,7.86425E+15,4.98506E+16
188063,7.17022E+18,7,2,11,0,2017,2,7,3,3,4,2,0,1,0,0,0,1,1,3.28759E+20,5.51405E+21,6.62258E+15,4.97545E+16
188064,7.17022E+18,7,1,32,117,2017,2,15,3,3,6,7,0,1,1,0,0,0,0,4.1109E+20,5.62637E+21,7.7388E+15,5.07823E+16
188065,7.17022E+18,7,1,38,45,2017,2,8,3,3,5,3,0,1,0,1,0,0,1,3.91707E+20,5.58835E+21,7.47504E+15,5.04372E+16
188066,7.17022E+18,7,1,35,24,2017,2,12,3,3,8,6,0,1,0,0,1,0,1,3.68852E+20,5.55355E+21,7.16542E+15,5.01197E+16
188067,7.17022E+18,7,1,37,68,2017,2,19,3,3,2,6,0,1,0,1,0,2,1,3.74873E+20,5.57657E+21,7.24201E+15,5.03279E+16
188068,7.17022E+18,7,3,32,25,2017,2,13,2,3,5,3,1,1,0,0,0,0,0,4.4501E+20,5.4668E+21,8.24284E+15,4.93514E+16
188069,7.17022E+18,7,3,14,0,2017,2,17,2,2,3,2,1,1,0,0,0,1,1,4.60237E+20,5.48119E+21,8.45104E+15,4.9482E+16
188070,7.17022E+18,7,3,14,0,2017,2,16,2,3,3,1,0,1,0,0,1,0,1,4.58432E+20,5.47834E+21,8.42643E+15,4.94563E+16
188071,7.17022E+18,7,3,19,0,2017,2,12,2,3,5,2,1,1,0,0,0,0,0,4.53951E+20,5.49848E+21,8.36225E+15,4.96371E+16
188072,7.17022E+18,7,2,31,502,2017,2,18,2,2,1,5,1,1,0,0,0,2,1,3.66942E+20,5.5199E+21,7.15035E+15,4.98168E+16
188073,7.17022E+18,7,1,41,6,2017,2,15,2,3,5,3,0,1,0,0,0,0,1,4.07909E+20,5.57682E+21,7.70595E+15,5.03363E+16
188074,7.17022E+18,7,1,43,12,2017,2,16,2,3,1,7,0,1,0,0,0,0,1,4.12768E+20,5.59228E+21,7.77062E+15,5.0476E+16
188075,7.17022E+18,7,3,32,35,2017,2,11,1,3,4,1,1,1,0,0,0,0,0,4.45101E+20,5.47275E+21,8.24327E+15,4.94049E+16
188076,7.17022E+18,7,1,38,45,2017,2,18,1,3,6,4,0,1,1,0,0,2,1,3.91152E+20,5.58712E+21,7.46758E+15,5.0426E+16
188077,7.17022E+18,7,1,37,86,2017,2,1,1,2,6,1,0,1,1,0,0,2,0,3.85489E+20,5.57913E+21,7.39032E+15,5.03531E+16
188078,7.17022E+18,7,3,38,1,2017,2,20,7,2,8,1,0,1,0,0,0,2,0,4.63046E+20,5.47455E+21,8.49045E+15,4.94225E+16
188079,7.17022E+18,7,1,33,6,2017,2,12,7,2,9,3,0,1,0,0,0,0,0,4.19763E+20,5.51931E+21,7.88455E+15,4.98209E+16
188080,7.17022E+18,7,2,11,0,2017,2,18,7,3,6,1,0,1,1,0,0,2,0,3.30057E+20,5.51395E+21,6.64063E+15,4.9754E+16
188081,7.17022E+18,7,1,37,69,2017,2,6,7,2,5,3,0,1,0,0,1,2,1,3.78607E+20,5.58159E+21,7.29283E+15,5.03738E+16
188082,7.17022E+18,7,1,11,0,2017,2,12,7,3,5,3,1,1,0,0,0,0,0,3.99288E+20,5.57876E+21,7.58432E+15,5.03523E+16
188083,7.17022E+18,7,3,32,24,2017,2,15,6,3,6,7,0,1,1,0,0,0,0,4.39891E+20,5.49107E+21,8.16868E+15,4.95692E+16
188084,7.17022E+18,7,3,34,24,2017,2,13,6,3,2,6,0,1,0,0,0,0,0,4.47636E+20,5.44153E+21,8.28229E+15,4.91244E+16
188085,7.17022E+18,7,1,33,54,2017,2,6,6,3,6,2,0,1,1,0,0,2,0,4.20896E+20,5.52805E+21,7.89851E+15,4.98996E+16
188086,7.17022E+18,7,3,15,0,2017,2,8,6,3,0,5,1,1,0,0,0,0,0,4.46974E+20,5.53964E+21,8.26E+15,5.00067E+16
188087,7.17022E+18,7,2,33,26,2017,2,8,6,3,4,1,0,1,0,0,0,0,2,3.33252E+20,5.56571E+21,6.6625E+15,5.022E+16
188088,7.17022E+18,7,1,38,53,2017,2,13,6,3,5,3,0,1,0,0,0,0,1,3.95666E+20,5.60215E+21,7.52691E+15,5.0562E+16
188089,7.17022E+18,7,1,31,70,2017,2,23,6,3,0,7,1,0,0,0,0,2,1,3.74799E+20,5.60458E+21,7.23161E+15,5.05797E+16
188090,7.17022E+18,7,1,37,216,2017,2,18,6,3,2,6,0,1,0,1,0,1,1,3.95898E+20,5.58352E+21,7.53537E+15,5.03945E+16
188091,7.17022E+18,7,3,17,0,2017,2,12,5,3,5,3,0,1,0,0,0,0,0,3.98332E+20,5.44969E+21,7.60462E+15,4.91916E+16
188092,7.17022E+18,7,3,13,0,2017,2,18,5,3,5,3,0,1,0,0,1,2,1,4.3573E+20,5.45018E+21,8.11774E+15,4.9201E+16
188093,7.17022E+18,7,3,13,0,2017,2,6,5,3,0,7,1,1,0,0,0,2,0,4.36075E+20,5.44983E+21,8.12254E+15,4.91979E+16
188094,7.17022E+18,7,3,38,7,2017,2,13,5,3,5,3,1,1,0,0,0,0,0,4.56091E+20,5.46275E+21,8.39585E+15,4.93159E+16
188095,7.17022E+18,7,3,19,0,2017,2,17,5,2,6,4,0,1,1,0,0,0,0,4.52956E+20,5.50045E+21,8.34823E+15,4.96548E+16
188096,7.17022E+18,7,3,19,0,2017,2,11,5,2,6,4,0,0,1,0,1,0,0,4.53632E+20,5.49805E+21,8.35788E+15,4.96332E+16
188097,7.17022E+18,7,3,39,32,2017,2,12,5,3,1,6,0,1,0,0,1,0,0,4.44175E+20,5.53273E+21,8.22194E+15,4.99443E+16
188098,7.17022E+18,7,3,15,0,2017,2,4,5,3,3,6,0,1,0,0,1,2,0,4.46486E+20,5.53498E+21,8.25384E+15,4.99647E+16
188099,7.17022E+18,7,3,15,0,2017,2,15,5,3,5,3,0,1,0,0,0,0,0,4.47508E+20,5.53924E+21,8.26751E+15,5.00031E+16
188100,7.17022E+18,7,1,34,45,2017,2,15,5,3,5,5,0,1,0,0,0,0,1,3.80593E+20,5.50717E+21,7.34392E+15,4.97052E+16
188101,7.17022E+18,7,2,11,0,2017,2,15,5,3,1,6,0,1,0,0,0,0,1,3.28886E+20,5.51377E+21,6.62447E+15,4.9752E+16
188102,7.17022E+18,7,2,11,0,2017,2,14,5,3,5,3,0,1,0,0,0,0,1,3.33381E+20,5.51355E+21,6.6869E+15,4.97513E+16
188103,7.17022E+18,7,1,38,45,2017,2,15,5,3,6,2,0,1,1,0,0,0,1,3.90295E+20,5.58803E+21,7.45525E+15,5.0434E+16
188104,7.17022E+18,7,1,31,7,2017,2,16,5,3,0,3,0,1,0,0,0,1,1,3.66865E+20,5.60094E+21,7.12092E+15,5.05453E+16
188105,7.17022E+18,7,1,41,75,2017,2,11,5,3,9,7,0,1,0,0,1,0,0,4.00814E+20,5.5733E+21,7.60721E+15,5.03035E+16
188106,7.17022E+18,7,1,11,0,2017,2,8,5,3,5,3,0,1,0,1,0,0,0,4.01226E+20,5.57742E+21,7.61191E+15,5.03406E+16
188107,7.17022E+18,7,1,11,0,2017,2,12,5,3,6,4,0,0,1,0,1,0,0,3.99701E+20,5.57858E+21,7.59018E+15,5.03508E+16
188108,7.17022E+18,7,3,40,206,2017,2,12,4,3,5,3,0,1,0,0,0,0,0,3.85474E+20,5.45595E+21,7.42644E+15,4.92456E+16
188109,7.17022E+18,7,3,17,0,2017,2,14,4,2,6,4,1,0,1,0,0,0,0,3.98341E+20,5.45058E+21,7.60452E+15,4.91995E+16
188110,7.17022E+18,7,1,33,117,2017,2,7,4,3,6,6,0,1,1,0,0,0,0,4.14498E+20,5.5223E+21,7.81072E+15,4.9847E+16
188111,7.17022E+18,7,3,15,0,2017,2,14,4,3,1,5,0,1,0,0,0,0,0,4.43514E+20,5.53926E+21,8.21177E+15,5.0003E+16
188112,7.17022E+18,7,1,34,45,2017,2,13,4,3,2,6,0,1,0,0,0,0,0,3.76249E+20,5.50854E+21,7.28328E+15,4.97166E+16
188113,7.17022E+18,7,1,41,29,2017,2,13,4,3,2,6,0,1,0,0,0,0,0,4.32436E+20,5.58062E+21,8.04986E+15,5.03737E+16
188114,7.17022E+18,7,1,38,45,2017,2,16,4,3,6,4,0,1,1,0,0,0,0,3.90682E+20,5.58729E+21,7.46091E+15,5.04274E+16
188115,7.17021E+18,7,3,13,0,2017,2,18,3,3,2,6,0,1,0,0,0,2,0,4.36571E+20,5.45179E+21,8.12903E+15,4.92156E+16
188116,7.17021E+18,7,3,37,14,2017,2,16,3,2,5,2,1,1,0,0,0,0,0,4.39896E+20,5.45141E+21,8.17474E+15,4.92125E+16
188117,7.17021E+18,7,3,18,0,2017,2,5,3,3,5,3,1,1,0,0,0,2,0,4.57733E+20,5.46542E+21,8.41816E+15,4.934E+16
188118,7.17021E+18,7,3,38,25,2017,2,8,3,3,1,7,1,1,0,0,0,0,0,4.54586E+20,5.4698E+21,8.37434E+15,4.93792E+16
188119,7.17021E+18,7,3,11,0,2017,2,17,3,3,4,6,0,1,0,1,0,2,0,4.53341E+20,5.48571E+21,8.35531E+15,4.95222E+16
188120,7.17021E+18,7,3,14,0,2017,2,12,3,3,5,2,1,1,0,0,0,0,0,4.57818E+20,5.48205E+21,8.41755E+15,4.94896E+16
188121,7.17021E+18,7,3,14,0,2017,2,11,3,3,0,7,0,1,0,0,1,0,0,4.58583E+20,5.48232E+21,8.4281E+15,4.94921E+16
188122,7.17021E+18,7,3,15,0,2017,2,11,3,2,0,4,0,0,1,0,1,0,0,4.47024E+20,5.53905E+21,8.26079E+15,5.00014E+16
188123,7.17021E+18,7,2,35,122,2017,2,16,3,2,0,5,1,1,0,0,0,0,0,3.25169E+20,5.50097E+21,6.57863E+15,4.9636E+16
188124,7.17021E+18,7,2,11,0,2017,2,9,3,3,5,7,0,0,0,0,1,0,0,3.30173E+20,5.51451E+21,6.64199E+15,4.97591E+16
188125,7.17021E+18,7,1,43,308,2017,2,9,3,3,9,1,0,1,0,0,0,0,0,4.27028E+20,5.60174E+21,7.9697E+15,5.0563E+16
188126,7.17021E+18,7,1,38,75,2017,2,12,3,3,1,3,1,1,0,0,0,0,0,3.82586E+20,5.60869E+21,7.34025E+15,5.06182E+16
188127,7.17021E+18,7,1,38,45,2017,2,11,3,3,6,7,0,1,1,0,0,0,0,3.90868E+20,5.58741E+21,7.4635E+15,5.04286E+16
188128,7.17021E+18,7,1,37,3,2017,2,6,3,2,6,4,0,1,1,0,0,2,1,3.86169E+20,5.58844E+21,7.39706E+15,5.04369E+16
188129,7.17021E+18,7,1,37,3,2017,2,6,3,3,2,6,0,1,0,0,0,2,0,3.88313E+20,5.58801E+21,7.42737E+15,5.04334E+16
188130,7.17021E+18,7,1,11,0,2017,2,18,3,3,0,7,0,1,0,1,0,2,1,4.00506E+20,5.57978E+21,7.60117E+15,5.03617E+16
188131,7.17021E+18,7,3,35,22,2017,2,6,2,3,1,6,0,1,0,0,0,2,0,3.96393E+20,5.47418E+21,7.57166E+15,4.94115E+16
188132,7.17021E+18,7,3,12,0,2017,2,14,2,3,6,4,0,1,1,0,0,0,0,4.10948E+20,5.47707E+21,7.77162E+15,4.94398E+16
188133,7.17021E+18,7,3,38,17,2017,2,7,2,3,0,4,0,1,1,0,0,0,0,4.55635E+20,5.47414E+21,8.38831E+15,4.94183E+16
188134,7.17021E+18,7,3,14,0,2017,2,10,2,3,8,1,0,1,0,0,0,0,0,4.58068E+20,5.48293E+21,8.42092E+15,4.94976E+16
188135,7.17021E+18,7,3,14,0,2017,2,10,2,3,6,2,1,0,1,0,0,0,0,4.60733E+20,5.48038E+21,8.45798E+15,4.94748E+16
188136,7.17021E+18,7,3,15,0,2017,2,16,2,3,4,2,1,1,0,0,0,0,0,4.47914E+20,5.53625E+21,8.27357E+15,4.99763E+16
188137,7.17021E+18,7,2,11,0,2017,2,7,2,3,2,1,0,1,0,0,0,2,0,3.29811E+20,5.51492E+21,6.63679E+15,4.97627E+16
188138,7.17021E+18,7,1,38,45,2017,2,10,2,3,2,6,0,1,0,0,0,0,0,3.91074E+20,5.58823E+21,7.46617E+15,5.0436E+16
188139,7.17021E+18,7,1,37,216,2017,2,15,2,3,5,3,1,1,0,0,0,0,0,3.94268E+20,5.58373E+21,7.51239E+15,5.03961E+16
188140,7.17021E+18,7,3,31,41,2017,2,0,1,3,0,1,0,0,0,1,0,2,1,4.4377E+20,5.49649E+21,8.22155E+15,4.96184E+16
188141,7.17021E+18,7,3,15,0,2017,2,0,1,2,0,3,0,1,0,0,0,2,1,4.44787E+20,5.54125E+21,8.22925E+15,5.0021E+16
188142,7.17021E+18,7,3,12,0,2017,2,23,7,3,4,2,0,1,0,0,0,2,1,4.11802E+20,5.47791E+21,7.78321E+15,4.94474E+16
188143,7.17021E+18,7,3,13,0,2017,2,12,7,2,1,3,0,1,0,0,0,0,0,4.36683E+20,5.44908E+21,8.131E+15,4.91913E+16
188144,7.17021E+18,7,2,32,18,2017,2,5,7,3,8,1,0,0,0,0,1,2,2,3.22266E+20,5.53775E+21,6.52165E+15,4.99656E+16
188145,7.17021E+18,7,2,11,0,2017,2,17,7,3,0,1,0,0,0,1,0,2,1,3.3077E+20,5.51398E+21,6.6505E+15,4.97545E+16
188146,7.17021E+18,7,1,38,41,2017,2,7,7,3,9,1,0,1,0,0,0,2,2,3.78954E+20,5.60399E+21,7.29047E+15,5.05752E+16
188147,7.17021E+18,7,1,38,45,2017,2,10,7,2,6,4,0,1,1,0,0,0,1,3.95028E+20,5.59081E+21,7.5211E+15,5.04599E+16
188148,7.17021E+18,7,1,37,228,2017,2,12,7,3,6,7,0,1,1,0,0,0,0,3.89527E+20,5.58651E+21,7.44489E+15,5.04203E+16
188149,7.17021E+18,7,1,33,65,2017,2,13,6,3,0,4,0,1,1,0,0,0,0,4.04043E+20,5.50676E+21,7.66916E+15,4.97057E+16
188150,7.17021E+18,7,3,12,0,2017,2,9,6,2,6,4,0,1,1,0,0,0,0,4.08122E+20,5.47768E+21,7.7325E+15,4.94449E+16
188151,7.17021E+18,7,3,12,0,2017,2,14,6,3,5,2,1,1,0,0,0,0,0,4.11878E+20,5.47753E+21,7.78435E+15,4.94441E+16
188152,7.17021E+18,7,3,32,25,2017,2,13,6,3,0,1,1,1,0,0,0,0,0,4.45595E+20,5.46803E+21,8.25073E+15,4.93625E+16
188153,7.17021E+18,7,3,34,16,2017,2,10,6,3,5,3,0,1,0,0,1,0,0,4.52414E+20,5.4413E+21,8.34781E+15,4.91227E+16
188154,7.17021E+18,7,3,38,17,2017,2,18,6,3,4,5,1,1,0,0,0,2,0,4.56379E+20,5.47409E+21,8.39857E+15,4.94179E+16
188155,7.17021E+18,7,3,11,0,2017,2,15,6,2,4,6,1,0,0,0,0,0,0,4.52874E+20,5.48761E+21,8.34863E+15,4.95393E+16
188156,7.17021E+18,7,3,11,0,2017,2,6,6,3,0,7,1,0,0,0,0,1,0,4.52991E+20,5.48715E+21,8.35031E+15,4.95351E+16
188157,7.17021E+18,7,1,33,52,2017,2,15,6,3,1,6,0,1,0,0,1,0,0,3.87928E+20,5.51403E+21,7.44365E+15,4.97683E+16
188158,7.17021E+18,7,1,33,6,2017,2,11,6,3,2,7,0,1,0,0,1,0,0,4.18745E+20,5.52131E+21,7.86998E+15,4.98387E+16
188159,7.17021E+18,7,3,19,0,2017,2,11,6,3,0,7,0,1,0,0,0,0,0,4.53088E+20,5.49764E+21,8.35039E+15,4.96295E+16
188160,7.17021E+18,7,1,37,3,2017,2,13,6,3,5,2,0,0,1,1,0,0,0,3.86656E+20,5.5886E+21,7.40386E+15,5.04385E+16
188161,7.17021E+18,7,3,40,20,2017,2,7,5,2,4,6,0,1,0,0,0,1,0,4.09169E+20,5.44908E+21,7.75346E+15,4.91878E+16
188162,7.17021E+18,7,3,20,0,2017,2,13,5,3,2,2,0,1,0,0,0,0,1,3.80236E+20,5.45622E+21,7.35442E+15,4.9247E+16
188163,7.17021E+18,7,3,17,0,2017,2,8,5,3,2,2,0,1,0,0,0,0,0,3.98519E+20,5.45048E+21,7.60699E+15,4.91987E+16
188164,7.17021E+18,7,3,12,0,2017,2,7,5,2,6,2,0,1,1,0,0,0,0,4.08046E+20,5.47925E+21,7.7311E+15,4.94589E+16
188165,7.17021E+18,7,3,32,24,2017,2,12,5,3,6,3,0,1,1,0,0,0,0,4.39848E+20,5.49011E+21,8.16822E+15,4.95606E+16
188166,7.17021E+18,7,3,11,0,2017,2,12,5,3,1,6,0,1,0,1,0,0,0,4.52772E+20,5.48686E+21,8.34732E+15,4.95325E+16
188167,7.17021E+18,7,3,19,0,2017,2,15,5,3,5,3,0,1,0,1,0,0,0,4.51985E+20,5.49816E+21,8.33506E+15,4.9634E+16
188168,7.17021E+18,7,3,15,0,2017,2,16,5,3,6,7,0,0,1,0,1,0,0,4.43965E+20,5.53998E+21,8.21797E+15,5.00095E+16
188169,7.17021E+18,7,2,11,0,2017,2,20,5,3,1,6,0,1,0,0,0,2,0,3.29362E+20,5.51236E+21,6.63167E+15,4.97395E+16
188170,7.17021E+18,7,1,41,92,2017,2,11,5,3,6,4,0,1,1,0,0,0,0,4.18292E+20,5.5615E+21,7.85513E+15,5.02E+16
188171,7.17021E+18,7,1,43,48,2017,2,16,5,3,2,2,0,1,0,0,0,0,0,4.16029E+20,5.58686E+21,7.81778E+15,5.04277E+16
188172,7.17021E+18,7,1,37,203,2017,2,9,5,2,6,6,0,0,1,0,1,0,0,3.98371E+20,5.58618E+21,7.56944E+15,5.04188E+16
188173,7.17021E+18,7,3,40,4,2017,2,7,4,3,6,2,0,1,1,0,0,1,1,4.10791E+20,5.44473E+21,7.77668E+15,4.91489E+16
188174,7.17021E+18,7,3,34,25,2017,2,11,4,3,6,7,0,1,1,0,0,0,1,4.48939E+20,5.44448E+21,8.29977E+15,4.9151E+16
188175,7.17021E+18,7,3,14,0,2017,2,7,4,3,5,2,1,1,0,0,0,1,0,4.56518E+20,5.47911E+21,8.39994E+15,4.94631E+16
188176,7.17021E+18,7,3,19,0,2017,2,12,4,3,5,3,1,1,0,0,0,0,0,4.5397E+20,5.49931E+21,8.36241E+15,4.96446E+16
188177,7.17021E+18,7,3,19,0,2017,2,7,4,3,6,4,0,1,1,0,0,1,0,4.53889E+20,5.4982E+21,8.36141E+15,4.96346E+16
188178,7.17021E+18,7,3,15,0,2017,2,8,4,3,3,2,1,0,0,0,1,0,0,4.47413E+20,5.53808E+21,8.26634E+15,4.99927E+16
188179,7.17021E+18,7,2,35,68,2017,2,16,4,3,6,4,0,1,1,0,0,0,0,3.26672E+20,5.50929E+21,6.59574E+15,4.97111E+16
188180,7.17021E+18,7,1,38,45,2017,2,12,4,3,8,1,0,1,0,0,0,0,0,3.91001E+20,5.58814E+21,7.46516E+15,5.04352E+16
188181,7.17021E+18,7,1,11,0,2017,2,14,4,3,0,7,1,0,0,0,0,0,0,4.00012E+20,5.58055E+21,7.59402E+15,5.03685E+16