OBJECTID,UIDENTSTLA,ULAND,UREGBEZ,UKREIS,UGEMEINDE,UJAHR,UMONAT,USTUNDE,UWOCHENTAG,UKATEGORIE,UART,UTYP1,IstRad,IstPKW,IstFuss,IstKrad,IstSonstig,LICHT,STRZUSTAND,LINREFX,LINREFY,XGCSWGS84,YGCSWGS84
188528,7.17042E+18,7,2,32,18,2017,4,19,6,3,5,3,0,1,0,0,0,0,0,3.22855E+20,5.53648E+21,6.53043E+15,4.99543E+16
188529,7.17042E+18,7,2,31,134,2017,4,11,6,2,2,6,0,1,0,0,0,0,0,3.49159E+20,5.53939E+21,6.89571E+15,4.99878E+16
188530,7.17042E+18,7,2,35,68,2017,4,12,6,3,1,5,0,1,0,1,0,0,0,3.25597E+20,5.50859E+21,6.58115E+15,4.97045E+16
188531,7.17042E+18,7,2,11,0,2017,4,11,6,3,6,4,0,1,1,0,0,0,0,3.30055E+20,5.51359E+21,6.64075E+15,4.97508E+16
188532,7.17042E+18,7,1,38,45,2017,4,23,6,2,9,1,0,1,0,0,0,2,0,3.91396E+20,5.58613E+21,7.4713E+15,5.04171E+16
188533,7.17042E+18,7,1,40,67,2017,4,11,6,3,0,2,0,1,0,1,0,0,0,3.85768E+20,5.53436E+21,7.40767E+15,4.99506E+16
188534,7.17042E+18,7,1,37,3,2017,4,11,6,3,6,4,0,1,1,0,0,0,0,3.86453E+20,5.58856E+21,7.40102E+15,5.0438E+16
188535,7.17042E+18,7,1,41,75,2017,4,11,6,3,6,4,0,1,1,0,0,0,0,4.01745E+20,5.57218E+21,7.62056E+15,5.02936E+16
188536,7.17042E+18,7,1,40,36,2017,4,18,6,3,5,6,1,1,0,0,0,0,0,3.97135E+20,5.5571E+21,7.55996E+15,5.01571E+16
188537,7.17042E+18,7,3,13,0,2017,4,15,5,3,0,1,1,0,0,0,0,0,0,4.36048E+20,5.45054E+21,8.12205E+15,4.92043E+16
188538,7.17042E+18,7,3,11,0,2017,4,8,5,2,6,4,0,1,1,0,0,0,0,4.5348E+20,5.48833E+21,8.35692E+15,4.95458E+16
188539,7.17042E+18,7,3,14,0,2017,4,19,5,3,5,3,0,1,0,0,0,0,0,4.58233E+20,5.47895E+21,8.42361E+15,4.94618E+16
188540,7.17042E+18,7,3,14,0,2017,4,14,5,3,1,6,0,1,0,0,0,0,0,4.59187E+20,5.47922E+21,8.43676E+15,4.94642E+16
188541,7.17042E+18,7,3,15,0,2017,4,20,5,3,8,1,0,1,0,0,0,2,0,4.47037E+20,5.53436E+21,8.2616E+15,4.99592E+16
188542,7.17042E+18,7,2,35,68,2017,4,15,5,2,9,1,1,0,0,0,0,0,0,3.29829E+20,5.50576E+21,6.64103E+15,4.96803E+16
188543,7.17042E+18,7,2,11,0,2017,4,22,5,2,5,3,0,1,0,0,0,2,0,3.2991E+20,5.51475E+21,6.63823E+15,4.97612E+16
188544,7.17042E+18,7,2,11,0,2017,4,11,5,3,5,3,1,1,0,0,0,0,0,3.28861E+20,5.51054E+21,6.62553E+15,4.9723E+16
188545,7.17042E+18,7,2,11,0,2017,4,9,5,3,6,7,0,1,1,0,0,0,0,3.30912E+20,5.51436E+21,6.65231E+15,4.97579E+16
188546,7.17042E+18,7,1,43,32,2017,4,14,5,3,1,5,0,1,0,0,0,0,0,4.05393E+20,5.58779E+21,7.66784E+15,5.04345E+16
188547,7.17042E+18,7,1,43,81,2017,4,18,5,2,4,6,0,1,0,0,0,0,0,4.14906E+20,5.59211E+21,7.80079E+15,5.04748E+16
188548,7.17042E+18,7,1,31,47,2017,4,16,5,3,6,6,0,1,1,0,0,0,0,3.51803E+20,5.59619E+21,6.91035E+15,5.04989E+16
188549,7.17042E+18,7,1,37,89,2017,4,13,5,3,1,5,1,0,0,0,1,0,0,3.809E+20,5.57409E+21,7.32743E+15,5.03069E+16
188550,7.17042E+18,7,1,11,0,2017,4,15,5,2,8,1,0,1,0,0,0,0,0,4.00114E+20,5.57863E+21,7.59597E+15,5.03513E+16
188551,7.17042E+18,7,1,11,0,2017,4,10,5,3,6,4,0,1,1,0,0,0,0,3.99925E+20,5.57959E+21,7.59305E+15,5.03599E+16
188552,7.17042E+18,7,3,12,0,2017,4,17,4,3,6,4,0,1,1,0,0,0,0,4.11608E+20,5.47606E+21,7.78094E+15,4.94308E+16
188553,7.17042E+18,7,3,16,0,2017,4,18,4,3,6,4,0,1,1,0,0,0,0,4.36607E+20,5.46689E+21,8.12713E+15,4.93514E+16
188554,7.17042E+18,7,1,33,6,2017,4,14,4,3,0,7,0,1,0,0,0,0,0,4.17963E+20,5.52081E+21,7.85921E+15,4.98341E+16
188555,7.17042E+18,7,1,37,203,2017,4,15,4,3,5,3,1,1,0,0,0,0,0,3.98928E+20,5.58694E+21,7.57706E+15,5.04258E+16
188556,7.17042E+18,7,3,17,0,2017,4,17,3,3,1,5,1,1,0,0,0,0,0,3.98261E+20,5.45034E+21,7.60348E+15,4.91974E+16
188557,7.17042E+18,7,3,12,0,2017,4,11,3,3,5,3,0,1,0,1,0,0,0,4.07196E+20,5.47743E+21,7.7198E+15,4.94425E+16
188558,7.17042E+18,7,3,34,21,2017,4,14,3,3,3,5,0,1,0,0,0,0,0,4.44701E+20,5.42683E+21,8.24408E+15,4.89919E+16
188559,7.17042E+18,7,3,14,0,2017,4,17,3,3,6,4,0,1,1,0,0,0,0,4.58831E+20,5.48153E+21,8.43161E+15,4.9485E+16
188560,7.17042E+18,7,3,15,0,2017,4,9,3,3,4,5,0,1,0,1,0,0,0,4.47507E+20,5.53914E+21,8.2675E+15,5.00023E+16
188561,7.17042E+18,7,1,40,112,2017,4,4,3,2,8,1,0,1,0,0,0,2,1,4.09193E+20,5.55102E+21,7.73015E+15,5.01045E+16
188562,7.17042E+18,7,1,32,501,2017,4,6,1,1,8,1,0,1,0,0,0,0,0,4.03654E+20,5.61562E+21,7.63617E+15,5.06844E+16
188563,7.17042E+18,7,1,37,221,2017,4,17,1,3,8,1,0,1,0,0,0,0,0,4.01051E+20,5.57137E+21,7.61103E+15,5.02862E+16
188564,7.17042E+18,7,3,36,61,2017,4,11,7,3,5,2,0,1,0,0,0,0,0,3.9987E+20,5.50248E+21,7.6124E+15,4.96666E+16
188565,7.17042E+18,7,3,37,501,2017,4,11,7,3,6,2,0,1,1,0,0,0,0,4.24544E+20,5.4505E+21,7.96416E+15,4.92026E+16
188566,7.17042E+18,7,3,14,0,2017,4,12,7,3,6,4,0,0,1,1,0,0,0,4.59168E+20,5.48204E+21,8.4362E+15,4.94896E+16
188567,7.17042E+18,7,3,39,51,2017,4,17,7,3,5,3,1,1,0,0,0,0,0,4.34838E+20,5.53106E+21,8.09212E+15,4.99284E+16
188568,7.17042E+18,7,3,15,0,2017,4,16,7,3,1,6,0,1,0,0,0,0,1,4.48273E+20,5.5382E+21,8.27832E+15,4.99939E+16
188569,7.17042E+18,7,2,33,14,2017,4,23,7,3,6,6,0,1,1,0,0,2,0,3.4931E+20,5.56409E+21,6.88807E+15,5.02098E+16
188570,7.17042E+18,7,1,11,0,2017,4,17,7,3,8,7,0,1,0,0,0,0,0,4.02089E+20,5.57698E+21,7.62415E+15,5.03368E+16
188571,7.17041E+18,7,3,34,501,2017,4,10,6,3,1,5,0,1,0,1,0,0,0,4.47842E+20,5.43072E+21,8.2865E+15,4.90271E+16
188572,7.17041E+18,7,3,37,20,2017,4,16,6,2,5,3,1,1,0,0,0,0,0,4.3653E+20,5.45882E+21,8.12735E+15,4.92789E+16
188573,7.17041E+18,7,3,38,22,2017,4,1,6,3,1,5,0,1,0,1,0,2,0,4.45727E+20,5.47536E+21,8.25154E+15,4.94285E+16
188574,7.17041E+18,7,1,41,29,2017,4,20,6,3,3,2,0,1,0,1,0,0,0,4.31459E+20,5.58047E+21,8.03614E+15,5.03723E+16
188575,7.17041E+18,7,1,38,45,2017,4,2,6,2,1,1,0,1,0,1,0,2,0,3.96272E+20,5.58976E+21,7.5389E+15,5.04507E+16
188576,7.17041E+18,7,3,32,25,2017,4,14,5,3,5,3,1,1,0,0,0,0,0,4.46136E+20,5.46849E+21,8.25811E+15,4.93667E+16
188577,7.17041E+18,7,3,32,49,2017,4,13,5,3,6,6,0,0,1,0,1,0,0,4.39041E+20,5.48477E+21,8.15789E+15,4.95125E+16
188578,7.17041E+18,7,3,16,0,2017,4,13,5,3,0,1,1,0,0,0,0,0,0,4.38308E+20,5.46735E+21,8.15048E+15,4.93558E+16
188579,7.17041E+18,7,3,34,16,2017,4,14,5,3,0,7,1,0,0,0,1,0,0,4.52089E+20,5.44169E+21,8.3433E+15,4.91262E+16
188580,7.17041E+18,7,3,18,0,2017,4,21,5,3,0,1,1,0,0,0,0,1,0,4.59069E+20,5.46478E+21,8.4366E+15,4.93344E+16
188581,7.17041E+18,7,3,11,0,2017,4,20,5,3,6,6,0,1,1,0,0,1,0,4.53335E+20,5.48603E+21,8.35519E+15,4.95251E+16
188582,7.17041E+18,7,3,14,0,2017,4,20,5,3,1,5,1,1,0,0,0,2,0,4.54391E+20,5.48229E+21,8.37022E+15,4.94915E+16
188583,7.17041E+18,7,3,19,0,2017,4,16,5,3,5,3,1,1,0,0,0,0,0,4.56745E+20,5.50789E+21,8.3999E+15,4.97219E+16
188584,7.17041E+18,7,3,15,0,2017,4,18,5,2,6,4,0,1,1,1,0,0,0,4.47472E+20,5.53919E+21,8.26701E+15,5.00027E+16
188585,7.17041E+18,7,1,34,45,2017,4,17,5,3,4,6,0,1,0,0,0,0,0,3.75827E+20,5.50809E+21,7.27757E+15,4.97125E+16
188586,7.17041E+18,7,1,34,45,2017,4,7,5,3,3,2,1,1,0,0,0,0,0,3.79432E+20,5.50704E+21,7.32787E+15,4.97038E+16
188587,7.17041E+18,7,2,11,0,2017,4,13,5,2,8,1,0,0,0,1,0,0,0,3.33821E+20,5.51291E+21,6.69328E+15,4.97457E+16
188588,7.17041E+18,7,2,11,0,2017,4,12,5,2,1,5,0,1,0,1,0,0,0,3.3276E+20,5.51577E+21,6.67734E+15,4.97711E+16
188589,7.17041E+18,7,1,38,77,2017,4,10,5,3,1,7,0,1,0,0,1,0,0,3.83529E+20,5.61054E+21,7.35299E+15,5.0635E+16
188590,7.17041E+18,7,1,38,41,2017,4,16,5,3,1,5,0,1,0,0,0,0,0,3.78345E+20,5.60302E+21,7.28218E+15,5.05664E+16
188591,7.17041E+18,7,1,37,3,2017,4,23,5,3,9,1,0,1,0,0,0,2,0,3.86689E+20,5.58861E+21,7.40432E+15,5.04386E+16
188592,7.17041E+18,7,1,11,0,2017,4,1,5,3,8,1,0,1,0,0,0,2,0,3.98978E+20,5.58241E+21,7.57899E+15,5.03851E+16
188593,7.17041E+18,7,3,17,0,2017,4,14,4,3,5,3,0,1,0,0,1,0,0,3.98665E+20,5.44974E+21,7.60917E+15,4.91921E+16
188594,7.17041E+18,7,3,16,0,2017,4,9,4,3,5,2,1,1,0,0,0,0,0,4.38864E+20,5.46657E+21,8.15826E+15,4.93488E+16
188595,7.17041E+18,7,3,13,0,2017,4,19,4,2,1,5,1,1,0,0,0,0,0,4.36147E+20,5.44984E+21,8.12353E+15,4.9198E+16
188596,7.17041E+18,7,3,18,0,2017,4,19,4,3,4,5,1,1,0,0,0,0,0,4.58925E+20,5.46336E+21,8.43478E+15,4.93216E+16
188597,7.17041E+18,7,3,18,0,2017,4,15,4,3,1,7,0,1,0,0,0,0,0,4.592E+20,5.46473E+21,8.43841E+15,4.93339E+16
188598,7.17041E+18,7,3,38,1,2017,4,19,4,2,2,2,1,1,0,0,0,1,0,4.63003E+20,5.47504E+21,8.4898E+15,4.94269E+16
188599,7.17041E+18,7,3,38,18,2017,4,16,4,3,8,1,1,0,0,0,0,0,0,4.49043E+20,5.48163E+21,8.29645E+15,4.94852E+16
188600,7.17041E+18,7,3,11,0,2017,4,16,4,3,1,3,0,1,0,1,0,0,0,4.53027E+20,5.48705E+21,8.35082E+15,4.95343E+16
188601,7.17041E+18,7,1,33,6,2017,4,13,4,3,5,3,1,1,0,0,0,0,0,4.19051E+20,5.52142E+21,7.87421E+15,4.98398E+16
188602,7.17041E+18,7,1,33,6,2017,4,5,4,3,2,2,0,1,0,0,0,2,0,4.16567E+20,5.52244E+21,7.83945E+15,4.98486E+16
188603,7.17041E+18,7,3,31,11,2017,4,14,4,3,5,3,0,1,0,0,0,0,0,4.42378E+20,5.50842E+21,8.20052E+15,4.97255E+16
188604,7.17041E+18,7,3,19,0,2017,4,9,4,2,6,7,0,1,1,0,0,0,0,4.53912E+20,5.49765E+21,8.3618E+15,4.96296E+16
188605,7.17041E+18,7,1,34,45,2017,4,16,4,3,5,3,1,1,0,0,0,0,0,3.78784E+20,5.50703E+21,7.3189E+15,4.97036E+16
188606,7.17041E+18,7,1,41,108,2017,4,16,4,2,0,1,0,0,0,1,0,0,0,4.00785E+20,5.56697E+21,7.60846E+15,5.02465E+16
188607,7.17041E+18,7,1,43,67,2017,4,13,4,3,5,2,0,1,0,0,0,0,0,4.11955E+20,5.59949E+21,7.75746E+15,5.05407E+16
188608,7.17041E+18,7,1,40,125,2017,4,16,4,3,5,2,0,1,0,1,0,0,0,4.0497E+20,5.54007E+21,7.67384E+15,5.00053E+16
188609,7.17041E+18,7,1,37,3,2017,4,15,4,3,5,2,1,1,0,0,0,0,0,3.87149E+20,5.58816E+21,7.41094E+15,5.04346E+16
188610,7.17041E+18,7,1,37,211,2017,4,8,4,2,2,2,0,0,0,0,1,0,0,3.9171E+20,5.58456E+21,7.47618E+15,5.04031E+16
188611,7.17041E+18,7,3,40,51,2017,4,12,3,3,5,3,0,1,0,0,1,0,0,3.97292E+20,5.45795E+21,7.58824E+15,4.92657E+16
188612,7.17041E+18,7,3,12,0,2017,4,13,3,3,5,3,0,1,0,0,0,0,0,4.11011E+20,5.47696E+21,7.77251E+15,4.94388E+16
188613,7.17041E+18,7,3,38,4,2017,4,19,3,3,1,1,0,1,0,0,1,1,0,4.53906E+20,5.49381E+21,8.36217E+15,4.95951E+16
188614,7.17041E+18,7,1,33,6,2017,4,13,3,3,5,3,1,0,0,0,1,0,0,4.18273E+20,5.52208E+21,7.86325E+15,4.98455E+16
188615,7.17041E+18,7,3,15,0,2017,4,12,3,3,5,3,0,1,0,0,1,0,0,4.46518E+20,5.54058E+21,8.2535E+15,5.00151E+16
188616,7.17041E+18,7,2,31,10,2017,4,17,3,3,5,3,0,1,0,0,0,0,0,3.36283E+20,5.53757E+21,6.717E+15,4.9968E+16
188617,7.17041E+18,7,1,32,117,2017,4,13,3,3,1,6,0,1,0,0,0,0,0,4.10305E+20,5.62544E+21,7.72789E+15,5.07738E+16
188618,7.17041E+18,7,3,40,203,2017,4,14,2,2,0,1,1,0,0,0,0,0,0,3.84415E+20,5.46725E+21,7.40862E+15,4.9347E+16
188619,7.17041E+18,7,3,33,502,2017,4,18,2,3,0,1,1,0,0,0,0,0,0,4.15165E+20,5.49881E+21,7.8251E+15,4.96359E+16
188620,7.17041E+18,7,3,13,0,2017,4,17,2,3,1,1,1,1,0,0,0,0,0,4.35331E+20,5.44875E+21,8.11249E+15,4.91882E+16
188621,7.17041E+18,7,3,18,0,2017,4,12,2,2,6,4,0,0,1,0,1,0,0,4.58832E+20,5.46299E+21,8.43354E+15,4.93183E+16
188622,7.17041E+18,7,3,18,0,2017,4,10,2,3,0,5,1,1,0,0,0,0,0,4.59091E+20,5.46308E+21,8.43709E+15,4.93191E+16
188623,7.17041E+18,7,1,33,6,2017,4,13,2,2,0,7,0,1,0,0,0,0,0,4.19576E+20,5.52129E+21,7.88153E+15,4.98387E+16
188624,7.17041E+18,7,1,33,6,2017,4,9,2,3,1,5,0,1,0,0,0,0,0,4.17966E+20,5.52196E+21,7.85901E+15,4.98444E+16
188625,7.17041E+18,7,3,39,27,2017,4,17,2,3,8,7,0,0,0,1,0,0,0,4.37737E+20,5.53908E+21,8.1312E+15,5.00008E+16
188626,7.17041E+18,7,3,15,0,2017,4,11,2,3,4,6,0,1,0,0,0,0,0,4.49579E+20,5.53705E+21,8.2967E+15,4.99836E+16
188627,7.17041E+18,7,1,41,68,2017,4,18,2,3,5,7,0,1,0,1,0,0,0,4.26469E+20,5.56877E+21,7.96826E+15,5.02665E+16
188628,7.17041E+18,7,1,41,8,2017,4,17,2,3,0,6,0,1,1,0,0,0,0,4.0894E+20,5.57194E+21,7.7216E+15,5.02926E+16
188629,7.17041E+18,7,1,38,45,2017,4,11,2,2,5,2,0,1,0,0,0,0,0,3.97201E+20,5.58725E+21,7.55268E+15,5.04282E+16
188630,7.17041E+18,7,1,31,7,2017,4,19,2,3,1,6,0,1,0,1,0,0,0,3.66865E+20,5.60094E+21,7.12092E+15,5.05453E+16
188631,7.17041E+18,7,1,37,3,2017,4,18,2,3,1,5,0,1,0,0,0,0,0,3.86836E+20,5.58799E+21,7.40658E+15,5.0433E+16
188632,7.17041E+18,7,3,20,0,2017,4,17,1,3,1,7,1,1,0,0,0,0,0,3.80111E+20,5.45459E+21,7.35318E+15,4.92323E+16
188633,7.17041E+18,7,3,33,502,2017,4,18,1,2,0,1,0,1,0,1,0,0,0,4.14706E+20,5.49723E+21,7.81908E+15,4.96216E+16
188634,7.17041E+18,7,3,12,0,2017,4,14,1,3,1,2,0,1,0,0,0,0,0,4.06629E+20,5.4815E+21,7.71102E+15,4.94789E+16
188635,7.17041E+18,7,3,34,12,2017,4,12,1,2,5,3,1,1,0,0,0,0,0,4.46126E+20,5.43785E+21,8.26209E+15,4.90911E+16
188636,7.17041E+18,7,3,37,38,2017,4,17,1,3,0,1,0,0,0,1,0,0,0,4.4331E+20,5.44293E+21,8.22281E+15,4.91366E+16
188637,7.17041E+18,7,1,33,103,2017,4,14,1,3,7,1,0,0,0,1,0,0,0,4.13109E+20,5.53373E+21,7.78883E+15,4.99496E+16
188638,7.17041E+18,7,3,33,19,2017,4,19,1,3,2,6,0,1,0,0,0,0,0,4.33396E+20,5.49051E+21,8.07895E+15,4.95635E+16
188639,7.17041E+18,7,3,31,34,2017,4,13,1,3,0,3,1,1,0,0,0,0,0,4.55092E+20,5.51411E+21,8.37625E+15,4.97778E+16
188640,7.17041E+18,7,3,15,0,2017,4,13,1,3,6,1,0,1,1,0,0,0,0,4.45592E+20,5.5373E+21,8.24104E+15,4.99856E+16
188641,7.17041E+18,7,2,32,18,2017,4,13,1,3,1,5,0,1,0,0,0,0,0,3.22274E+20,5.53779E+21,6.52174E+15,4.99659E+16
188642,7.17041E+18,7,1,11,0,2017,4,14,1,3,0,6,0,1,0,0,1,0,0,3.99772E+20,5.57898E+21,7.59107E+15,5.03544E+16
188643,7.17041E+18,7,1,11,0,2017,4,13,1,3,3,2,0,1,0,1,0,0,0,4.01501E+20,5.57914E+21,7.61532E+15,5.03561E+16
188644,7.17041E+18,7,3,40,51,2017,4,16,7,3,0,7,0,1,0,0,0,0,0,3.96496E+20,5.45794E+21,7.57731E+15,4.92655E+16
188645,7.17041E+18,7,3,16,0,2017,4,18,7,3,6,5,0,1,1,0,0,0,0,4.35915E+20,5.46693E+21,8.1176E+15,4.93517E+16
188646,7.17041E+18,7,3,34,7,2017,4,15,7,3,1,6,0,1,0,0,0,0,0,4.54008E+20,5.45297E+21,8.36832E+15,4.92278E+16
188647,7.17041E+18,7,3,13,0,2017,4,13,7,3,0,5,0,1,0,0,1,0,0,4.35228E+20,5.44992E+21,8.1109E+15,4.91986E+16
188648,7.17041E+18,7,3,18,0,2017,4,10,7,3,2,6,0,1,0,0,0,0,0,4.59737E+20,5.46456E+21,8.44582E+15,4.93324E+16
188649,7.17041E+18,7,3,14,0,2017,4,12,7,3,0,3,0,1,0,0,1,0,0,4.60004E+20,5.48063E+21,8.44788E+15,4.9477E+16
188650,7.17041E+18,7,3,39,21,2017,4,11,7,3,0,7,0,1,1,0,0,0,0,4.22795E+20,5.52739E+21,7.92508E+15,4.98939E+16
188651,7.17041E+18,7,3,15,0,2017,4,1,7,3,1,5,1,1,0,0,0,2,0,4.46747E+20,5.53766E+21,8.25711E+15,4.99889E+16
188652,7.17041E+18,7,2,32,18,2017,4,14,7,3,2,7,0,1,0,0,0,0,0,3.22119E+20,5.53929E+21,6.51888E+15,4.99794E+16
188653,7.17041E+18,7,2,11,0,2017,4,17,7,3,2,6,0,1,0,0,0,0,0,3.3244E+20,5.51572E+21,6.67291E+15,4.97706E+16
188654,7.17041E+18,7,2,11,0,2017,4,10,7,3,1,5,1,1,0,0,0,0,0,3.29322E+20,5.5134E+21,6.63067E+15,4.97489E+16
188655,7.17041E+18,7,1,40,112,2017,4,16,7,3,1,7,0,1,0,0,0,0,0,4.09674E+20,5.55061E+21,7.73698E+15,5.01008E+16
188656,7.17041E+18,7,3,35,38,2017,4,10,6,3,1,7,0,1,0,0,1,0,0,3.95216E+20,5.4773E+21,7.55462E+15,4.94393E+16
188657,7.17041E+18,7,3,13,0,2017,4,12,6,3,6,6,0,1,1,0,0,0,0,4.36668E+20,5.45115E+21,8.13047E+15,4.92099E+16
188658,7.17041E+18,7,3,18,0,2017,4,14,6,3,5,3,1,1,0,0,0,0,0,4.58946E+20,5.4648E+21,8.43492E+15,4.93346E+16
188659,7.17041E+18,7,3,31,71,2017,4,20,6,2,0,1,1,0,0,0,0,1,0,4.4593E+20,5.50638E+21,8.25007E+15,4.97075E+16
188660,7.17041E+18,7,3,39,30,2017,4,14,6,3,1,6,0,1,0,0,1,0,0,4.3333E+20,5.53649E+21,8.07016E+15,4.99771E+16
188661,7.17041E+18,7,3,15,0,2017,4,18,6,3,1,5,0,1,0,1,0,0,0,4.47658E+20,5.53827E+21,8.26974E+15,4.99945E+16
188662,7.17041E+18,7,2,32,18,2017,4,17,6,3,5,3,0,1,0,1,0,0,0,3.22408E+20,5.53845E+21,6.52329E+15,4.99719E+16
188663,7.17041E+18,7,1,31,2,2017,4,8,6,3,0,3,0,1,0,0,1,0,0,3.56736E+20,5.59539E+21,6.98018E+15,5.04929E+16
188664,7.17041E+18,7,1,37,212,2017,4,11,6,3,6,4,0,0,1,0,1,0,0,3.90175E+20,5.5736E+21,7.45777E+15,5.03043E+16
188665,7.17041E+18,7,1,11,0,2017,4,17,6,2,5,3,0,1,0,1,0,0,0,3.97264E+20,5.58271E+21,7.5548E+15,5.03874E+16
188666,7.17041E+18,7,1,11,0,2017,4,11,6,3,2,2,0,1,0,0,0,0,0,3.97332E+20,5.58296E+21,7.5557E+15,5.03897E+16
188667,7.17041E+18,7,3,12,0,2017,4,18,5,3,5,2,1,1,0,0,0,0,0,4.10842E+20,5.47731E+21,7.7701E+15,4.94419E+16
188668,7.17041E+18,7,3,12,0,2017,4,17,5,2,5,3,0,1,0,1,0,0,0,4.09016E+20,5.4776E+21,7.74486E+15,4.94442E+16
188669,7.17041E+18,7,3,11,0,2017,4,17,5,3,0,1,1,0,0,0,0,0,0,4.53777E+20,5.48686E+21,8.3612E+15,4.95326E+16
188670,7.17041E+18,7,3,14,0,2017,4,18,5,3,0,1,1,1,0,0,0,0,0,4.57522E+20,5.4829E+21,8.41338E+15,4.94973E+16
188671,7.17041E+18,7,3,14,0,2017,4,9,5,3,6,7,1,0,1,0,0,0,0,4.58252E+20,5.48224E+21,8.42353E+15,4.94914E+16
188672,7.17041E+18,7,3,39,30,2017,4,17,5,3,5,3,1,1,0,0,0,0,0,4.32229E+20,5.53657E+21,8.05479E+15,4.99776E+16
188673,7.17041E+18,7,3,15,0,2017,4,8,5,3,1,7,0,1,0,1,0,0,0,4.47533E+20,5.53531E+21,8.2684E+15,4.99678E+16
188674,7.17041E+18,7,1,43,253,2017,4,18,5,3,1,1,0,1,0,0,0,0,0,4.25363E+20,5.61722E+21,7.94307E+15,5.0702E+16
188675,7.17041E+18,7,1,31,1,2017,4,14,5,3,6,4,0,1,1,0,0,0,0,3.52969E+20,5.58325E+21,6.93186E+15,5.03829E+16
188676,7.17041E+18,7,1,37,3,2017,4,17,5,3,3,5,0,1,0,1,0,0,0,3.86606E+20,5.58877E+21,7.40311E+15,5.044E+16
188677,7.17041E+18,7,3,35,16,2017,4,11,4,3,5,7,1,1,0,0,0,0,0,3.89419E+20,5.47517E+21,7.47528E+15,4.94191E+16
188678,7.17041E+18,7,3,35,22,2017,4,11,4,3,5,3,0,1,0,0,0,0,0,3.9674E+20,5.47483E+21,7.57629E+15,4.94173E+16
188679,7.17041E+18,7,3,12,0,2017,4,20,4,3,5,2,0,1,0,1,0,2,0,4.10581E+20,5.47715E+21,7.76654E+15,4.94404E+16
188680,7.17041E+18,7,3,32,24,2017,4,11,4,2,5,3,0,1,0,0,0,0,0,4.40437E+20,5.48996E+21,8.1764E+15,4.95593E+16
188681,7.17041E+18,7,3,37,20,2017,4,18,4,2,6,4,0,1,1,0,0,0,0,4.36409E+20,5.45899E+21,8.12567E+15,4.92804E+16
188682,7.17041E+18,7,3,14,0,2017,4,8,4,3,1,7,0,1,0,0,0,0,0,4.55765E+20,5.48209E+21,8.38921E+15,4.94898E+16
188683,7.17041E+18,7,3,14,0,2017,4,12,4,3,5,7,0,0,0,1,1,0,0,4.5623E+20,5.48634E+21,8.39515E+15,4.95281E+16
188684,7.17041E+18,7,1,33,6,2017,4,14,4,3,1,6,0,1,0,0,1,0,0,4.19781E+20,5.52352E+21,7.88393E+15,4.98587E+16
188685,7.17041E+18,7,1,33,6,2017,4,7,4,3,2,6,0,1,0,0,0,0,0,4.17106E+20,5.52245E+21,7.84694E+15,4.98487E+16
188686,7.17041E+18,7,3,15,0,2017,4,18,4,3,0,7,1,0,0,0,0,0,0,4.45266E+20,5.53777E+21,8.23644E+15,4.99897E+16
188687,7.17041E+18,7,2,11,0,2017,4,17,4,3,6,4,0,0,1,0,1,0,0,3.31899E+20,5.51584E+21,6.66535E+15,4.97715E+16
188688,7.17041E+18,7,1,32,63,2017,4,7,4,3,8,1,1,0,0,0,0,1,0,4.20174E+20,5.62958E+21,7.86692E+15,5.08125E+16
188689,7.17041E+18,7,1,37,219,2017,4,15,4,2,3,2,1,0,0,0,0,0,0,3.9427E+20,5.56753E+21,7.51696E+15,5.02505E+16
188690,7.1704E+18,7,3,20,0,2017,4,7,3,3,6,7,0,0,1,0,1,0,0,3.80997E+20,5.45628E+21,7.36484E+15,4.92477E+16
188691,7.1704E+18,7,3,34,501,2017,4,8,3,3,6,7,0,1,1,0,0,0,0,4.45175E+20,5.43336E+21,8.24968E+15,4.90507E+16
188692,7.1704E+18,7,3,34,17,2017,4,16,3,2,6,4,0,0,1,0,1,0,0,4.53279E+20,5.45395E+21,8.35818E+15,4.92366E+16
188693,7.1704E+18,7,3,38,25,2017,4,16,3,3,1,5,1,1,0,0,0,0,0,4.5535E+20,5.47102E+21,8.38472E+15,4.93902E+16
188694,7.1704E+18,7,3,38,17,2017,4,13,3,3,4,6,1,0,0,0,0,0,0,4.56658E+20,5.4746E+21,8.40235E+15,4.94225E+16
188695,7.1704E+18,7,3,11,0,2017,4,13,3,3,1,1,1,1,0,0,0,0,0,4.52585E+20,5.4869E+21,8.34473E+15,4.95328E+16
188696,7.1704E+18,7,3,11,0,2017,4,8,3,3,5,3,1,0,0,0,1,0,0,4.52675E+20,5.48869E+21,8.34575E+15,4.9549E+16
188697,7.1704E+18,7,3,14,0,2017,4,17,3,3,5,7,1,1,0,0,0,0,0,4.57713E+20,5.47963E+21,8.41637E+15,4.94678E+16
188698,7.1704E+18,7,1,33,6,2017,4,15,3,2,0,4,0,1,1,0,0,0,0,4.17119E+20,5.51844E+21,7.84798E+15,4.98127E+16
188699,7.1704E+18,7,3,19,0,2017,4,15,3,3,0,3,1,1,0,0,0,0,0,4.53393E+20,5.49682E+21,8.35472E+15,4.96222E+16
188700,7.1704E+18,7,3,15,0,2017,4,14,3,3,4,6,1,1,0,0,0,0,0,4.45463E+20,5.53661E+21,8.23934E+15,4.99794E+16