OBJECTID,UIDENTSTLA,ULAND,UREGBEZ,UKREIS,UGEMEINDE,UJAHR,UMONAT,USTUNDE,UWOCHENTAG,UKATEGORIE,UART,UTYP1,IstRad,IstPKW,IstFuss,IstKrad,IstSonstig,LICHT,STRZUSTAND,LINREFX,LINREFY,XGCSWGS84,YGCSWGS84
188701,7.1704E+18,7,3,15,0,2017,4,15,3,3,1,7,1,1,0,0,0,0,0,4.47777E+20,5.53846E+21,8.27136E+15,4.99962E+16
188702,7.1704E+18,7,2,31,134,2017,4,18,3,3,3,5,0,1,0,0,0,0,0,3.48735E+20,5.53925E+21,6.88986E+15,4.99863E+16
188703,7.1704E+18,7,2,31,134,2017,4,11,3,3,6,2,0,1,1,0,0,0,0,3.49625E+20,5.53947E+21,6.90217E+15,4.99886E+16
188704,7.1704E+18,7,1,34,45,2017,4,16,3,3,6,7,0,1,1,0,0,0,0,3.82422E+20,5.50815E+21,7.36899E+15,4.97144E+16
188705,7.1704E+18,7,1,11,0,2017,4,18,3,3,5,3,0,1,0,0,0,0,0,4.00591E+20,5.57583E+21,7.60341E+15,5.03262E+16
188706,7.1704E+18,7,1,11,0,2017,4,16,3,2,6,2,1,0,1,0,0,0,0,4.00098E+20,5.57949E+21,7.59552E+15,5.0359E+16
188707,7.1704E+18,7,3,20,0,2017,4,14,2,2,5,3,0,1,0,1,0,0,0,3.81021E+20,5.45678E+21,7.36503E+15,4.92522E+16
188708,7.1704E+18,7,3,20,0,2017,4,11,2,3,5,3,1,1,0,0,0,0,0,3.803E+20,5.45456E+21,7.35578E+15,4.92321E+16
188709,7.1704E+18,7,3,18,0,2017,4,10,2,3,1,5,0,1,0,0,0,0,0,4.58679E+20,5.46329E+21,8.4314E+15,4.9321E+16
188710,7.1704E+18,7,3,38,25,2017,4,20,2,3,1,5,0,1,0,0,1,1,0,4.54866E+20,5.47024E+21,8.37815E+15,4.93832E+16
188711,7.1704E+18,7,3,14,0,2017,4,19,2,2,6,4,0,1,1,0,0,0,0,4.56785E+20,5.4826E+21,8.40324E+15,4.94945E+16
188712,7.1704E+18,7,1,33,501,2017,4,18,2,3,0,3,1,0,0,1,0,1,0,4.03206E+20,5.51543E+21,7.6554E+15,4.97835E+16
188713,7.1704E+18,7,3,15,0,2017,4,17,2,2,6,6,1,0,1,0,0,0,0,4.46286E+20,5.53652E+21,8.25083E+15,4.99786E+16
188714,7.1704E+18,7,3,15,0,2017,4,17,2,3,0,1,1,0,0,0,0,0,0,4.47547E+20,5.53857E+21,8.26814E+15,4.99972E+16
188715,7.1704E+18,7,2,31,134,2017,4,16,2,2,3,2,0,1,0,1,0,0,0,3.4934E+20,5.53972E+21,6.89809E+15,4.99908E+16
188716,7.1704E+18,7,1,34,7,2017,4,18,2,2,8,7,0,0,0,1,0,0,0,3.73881E+20,5.49547E+21,7.25465E+15,4.95987E+16
188717,7.1704E+18,7,2,11,0,2017,4,17,2,3,2,6,0,1,0,0,0,0,0,3.29565E+20,5.51285E+21,6.63428E+15,4.97439E+16
188718,7.1704E+18,7,2,11,0,2017,4,9,2,3,6,4,0,1,1,0,0,0,0,3.29285E+20,5.5108E+21,6.6313E+15,4.97254E+16
188719,7.1704E+18,7,1,32,106,2017,4,21,2,3,0,1,1,0,0,0,0,2,1,4.07233E+20,5.61739E+21,7.68636E+15,5.07009E+16
188720,7.1704E+18,7,1,31,7,2017,4,16,2,3,1,3,1,1,0,0,0,0,0,3.66552E+20,5.60108E+21,7.11644E+15,5.05464E+16
188721,7.1704E+18,7,1,11,0,2017,4,7,2,3,2,2,0,1,0,1,0,0,0,3.99071E+20,5.57934E+21,7.58112E+15,5.03575E+16
188722,7.1704E+18,7,3,12,0,2017,4,10,1,3,0,5,0,1,0,0,0,0,0,4.08256E+20,5.47768E+21,7.73436E+15,4.94449E+16
188723,7.1704E+18,7,3,34,7,2017,4,17,1,2,0,1,1,0,0,0,0,0,0,4.54634E+20,5.45312E+21,8.37689E+15,4.92292E+16
188724,7.1704E+18,7,3,18,0,2017,4,19,1,3,0,7,0,0,0,1,0,0,0,4.59357E+20,5.46467E+21,8.44059E+15,4.93334E+16
188725,7.1704E+18,7,3,18,0,2017,4,16,1,2,1,5,0,1,0,1,0,0,0,4.58776E+20,5.46424E+21,8.43264E+15,4.93295E+16
188726,7.1704E+18,7,1,33,6,2017,4,14,1,3,2,6,0,1,0,0,0,0,0,4.18861E+20,5.52179E+21,7.87149E+15,4.9843E+16
188727,7.1704E+18,7,3,33,1,2017,4,5,1,3,8,1,0,1,0,0,0,2,0,4.34636E+20,5.49987E+21,8.09455E+15,4.96478E+16
188728,7.1704E+18,7,3,15,0,2017,4,18,1,3,0,4,0,1,1,0,0,0,0,4.40307E+20,5.53757E+21,8.16729E+15,4.99875E+16
188729,7.1704E+18,7,2,32,296,2017,4,12,1,3,5,7,0,1,0,1,0,0,0,3.16488E+20,5.56482E+21,6.42816E+15,5.02071E+16
188730,7.1704E+18,7,3,12,0,2017,4,13,7,3,2,6,0,1,0,0,0,0,0,4.10132E+20,5.47735E+21,7.7603E+15,4.94421E+16
188731,7.1704E+18,7,3,12,0,2017,4,9,7,3,5,3,0,0,0,1,1,0,0,4.07906E+20,5.47752E+21,7.72957E+15,4.94434E+16
188732,7.1704E+18,7,3,16,0,2017,4,18,7,3,3,2,1,1,0,0,0,0,0,4.39465E+20,5.46701E+21,8.16647E+15,4.93528E+16
188733,7.1704E+18,7,3,34,13,2017,4,15,7,2,0,7,0,1,0,0,0,0,0,4.42299E+20,5.43745E+21,8.20973E+15,4.90872E+16
188734,7.1704E+18,7,3,13,0,2017,4,9,7,3,0,5,0,1,0,0,0,0,0,4.34832E+20,5.44881E+21,8.10564E+15,4.91887E+16
188735,7.1704E+18,7,3,14,0,2017,4,17,7,3,1,5,0,1,0,1,0,0,0,4.55679E+20,5.48711E+21,8.38745E+15,4.9535E+16
188736,7.1704E+18,7,3,14,0,2017,4,11,7,2,5,3,1,1,0,0,0,0,0,4.56528E+20,5.47921E+21,8.40006E+15,4.9464E+16
188737,7.1704E+18,7,2,32,27,2017,4,14,7,3,5,3,1,1,0,0,0,0,0,3.30575E+20,5.53879E+21,6.63694E+15,4.99773E+16
188738,7.1704E+18,7,2,35,68,2017,4,14,7,3,0,6,1,1,0,1,0,0,0,3.23545E+20,5.50606E+21,6.55387E+15,4.96812E+16
188739,7.1704E+18,7,2,11,0,2017,4,19,7,3,4,2,0,1,0,1,0,0,0,3.29745E+20,5.51397E+21,6.63629E+15,4.97541E+16
188740,7.1704E+18,7,1,41,6,2017,4,11,7,3,0,1,1,0,0,0,0,0,0,4.07654E+20,5.57689E+21,7.70235E+15,5.03369E+16
188741,7.1704E+18,7,1,38,3,2017,4,17,7,2,0,1,1,0,0,0,0,0,0,3.88155E+20,5.61377E+21,7.41741E+15,5.0665E+16
188742,7.1704E+18,7,1,32,501,2017,4,16,7,3,0,7,0,0,0,1,0,0,0,4.03802E+20,5.61566E+21,7.63825E+15,5.06848E+16
188743,7.1704E+18,7,1,35,20,2017,4,18,7,3,6,6,0,1,1,0,0,0,0,3.68962E+20,5.55642E+21,7.16598E+15,5.01456E+16
188744,7.1704E+18,7,1,40,144,2017,4,15,7,3,0,7,0,1,0,0,0,0,0,3.94261E+20,5.53779E+21,7.52507E+15,4.9983E+16
188745,7.17033E+18,7,3,34,28,2017,3,21,6,2,5,3,0,1,0,1,0,1,0,4.51176E+20,5.45829E+21,8.32876E+15,4.92754E+16
188746,7.17033E+18,7,3,18,0,2017,3,22,6,3,5,3,0,1,0,0,0,2,0,4.57955E+20,5.46416E+21,8.42134E+15,4.93287E+16
188747,7.17033E+18,7,3,38,18,2017,3,15,6,3,1,5,1,1,0,0,0,0,0,4.49035E+20,5.48167E+21,8.29634E+15,4.94855E+16
188748,7.17033E+18,7,3,14,0,2017,3,19,6,3,5,3,1,1,0,0,0,0,0,4.54404E+20,5.47798E+21,8.37088E+15,4.94528E+16
188749,7.17033E+18,7,3,14,0,2017,3,13,6,3,5,3,0,1,0,1,0,0,0,4.59948E+20,5.47966E+21,8.4472E+15,4.94682E+16
188750,7.17033E+18,7,3,39,5,2017,3,12,6,3,6,7,0,0,1,0,1,0,0,4.20638E+20,5.53573E+21,7.89333E+15,4.99686E+16
188751,7.17033E+18,7,3,15,0,2017,3,12,6,3,5,3,0,1,0,0,0,0,0,4.44963E+20,5.53523E+21,8.23257E+15,4.99668E+16
188752,7.17033E+18,7,2,32,18,2017,3,15,6,2,5,7,1,1,0,0,0,0,0,3.23513E+20,5.53919E+21,6.53835E+15,4.99789E+16
188753,7.17033E+18,7,2,11,0,2017,3,18,6,2,1,1,1,1,0,0,0,0,0,3.33615E+20,5.51852E+21,6.68803E+15,4.97961E+16
188754,7.17033E+18,7,1,41,29,2017,3,19,6,2,6,4,0,1,1,0,0,0,0,4.29325E+20,5.58174E+21,8.00591E+15,5.03835E+16
188755,7.17033E+18,7,1,41,6,2017,3,17,6,2,6,2,0,1,1,0,0,0,0,4.08099E+20,5.57631E+21,7.70874E+15,5.03317E+16
188756,7.17042E+18,7,3,14,0,2017,4,16,2,3,6,6,0,1,1,0,0,0,0,4.54794E+20,5.48225E+21,8.37578E+15,4.94912E+16
188757,7.17033E+18,7,1,38,3,2017,3,9,6,3,1,7,0,1,0,1,0,0,0,3.88421E+20,5.6132E+21,7.42134E+15,5.066E+16
188758,7.17033E+18,7,1,38,45,2017,3,15,6,3,5,3,1,1,0,0,0,0,0,3.97214E+20,5.58749E+21,7.55279E+15,5.04305E+16
188759,7.17033E+18,7,1,37,49,2017,3,7,6,3,6,6,0,1,1,0,0,0,0,3.68661E+20,5.58171E+21,7.15299E+15,5.03728E+16
188760,7.17033E+18,7,1,37,3,2017,3,18,6,2,0,1,0,1,0,0,0,0,0,3.86789E+20,5.58878E+21,7.40568E+15,5.04401E+16
188761,7.17033E+18,7,1,41,75,2017,3,15,6,3,5,3,0,1,0,0,0,0,0,4.00545E+20,5.57422E+21,7.60319E+15,5.03117E+16
188762,7.17052E+18,7,1,33,6,2017,5,8,5,3,5,3,0,1,0,0,0,0,0,4.17752E+20,5.52382E+21,7.85564E+15,4.98612E+16
188763,7.17052E+18,7,3,34,501,2017,5,9,4,3,8,1,1,0,0,0,0,0,0,4.44858E+20,5.43347E+21,8.24532E+15,4.90517E+16
188764,7.17052E+18,7,3,34,7,2017,5,18,4,2,5,3,0,1,0,0,0,0,0,4.53422E+20,5.45154E+21,8.36043E+15,4.92149E+16
188765,7.17052E+18,7,3,37,1,2017,5,17,4,3,1,6,0,1,0,0,0,0,0,4.29367E+20,5.45205E+21,8.03008E+15,4.92172E+16
188766,7.17052E+18,7,3,13,0,2017,5,11,4,3,5,7,1,1,0,0,0,0,0,4.36692E+20,5.44924E+21,8.13109E+15,4.91927E+16
188767,7.17052E+18,7,1,33,6,2017,5,17,4,3,4,2,0,1,0,0,0,0,0,4.19437E+20,5.52147E+21,7.87956E+15,4.98403E+16
188768,7.17052E+18,7,1,33,6,2017,5,9,4,3,0,7,0,0,0,0,1,0,0,4.18301E+20,5.52146E+21,7.86378E+15,4.984E+16
188769,7.17052E+18,7,1,33,6,2017,5,7,4,3,0,1,0,1,0,0,0,0,0,4.17803E+20,5.52175E+21,7.85679E+15,4.98425E+16
188770,7.17052E+18,7,3,15,0,2017,5,16,4,3,0,6,1,1,0,0,0,0,0,4.42778E+20,5.53877E+21,8.20158E+15,4.99985E+16
188771,7.17052E+18,7,3,15,0,2017,5,6,4,3,0,7,1,0,0,0,0,0,0,4.45538E+20,5.54066E+21,8.23982E+15,5.00157E+16
188772,7.17052E+18,7,2,35,134,2017,5,12,4,2,0,7,0,1,0,0,0,0,0,3.45601E+20,5.52213E+21,6.853E+15,4.98317E+16
188773,7.17052E+18,7,1,41,129,2017,5,6,4,2,7,7,0,1,0,0,1,0,0,4.16447E+20,5.56975E+21,7.82746E+15,5.0274E+16
188774,7.17052E+18,7,1,38,41,2017,5,14,7,2,0,7,1,0,0,0,0,0,0,3.78713E+20,5.60327E+21,7.2873E+15,5.05687E+16
188775,7.17052E+18,7,1,38,45,2017,5,12,7,3,1,2,1,1,0,0,0,0,0,3.9668E+20,5.58662E+21,7.54551E+15,5.04225E+16
188776,7.17052E+18,7,1,11,0,2017,5,2,7,3,8,1,0,1,0,0,1,2,1,4.01219E+20,5.57622E+21,7.61213E+15,5.03298E+16
188777,7.17052E+18,7,1,37,203,2017,5,11,7,3,5,5,0,1,0,1,0,0,0,3.98153E+20,5.58696E+21,7.56616E+15,5.04258E+16
188778,7.17052E+18,7,3,17,0,2017,5,12,6,3,4,2,0,1,0,0,0,0,1,3.9888E+20,5.44966E+21,7.61215E+15,4.91914E+16
188779,7.17052E+18,7,3,35,38,2017,5,20,6,3,5,3,0,1,0,0,0,1,0,3.95424E+20,5.47823E+21,7.55725E+15,4.94477E+16
188780,7.17052E+18,7,3,16,0,2017,5,13,6,3,9,2,0,1,1,0,0,0,1,4.37599E+20,5.46693E+21,8.14079E+15,4.93519E+16
188781,7.17052E+18,7,3,13,0,2017,5,9,6,3,6,4,0,1,1,0,0,0,1,4.3578E+20,5.44947E+21,8.11855E+15,4.91946E+16
188782,7.17052E+18,7,3,11,0,2017,5,10,6,3,0,1,1,0,0,0,0,0,1,4.52673E+20,5.48765E+21,8.34585E+15,4.95397E+16
188783,7.17052E+18,7,3,14,0,2017,5,12,6,2,3,2,0,1,0,1,0,0,1,4.56819E+20,5.4806E+21,8.40393E+15,4.94765E+16
188784,7.17052E+18,7,1,43,48,2017,5,16,4,3,6,4,0,1,1,0,0,0,0,4.16993E+20,5.58832E+21,7.83103E+15,5.0441E+16
188785,7.17052E+18,7,1,32,6,2017,5,7,4,2,8,1,1,0,0,0,0,0,0,4.21341E+20,5.62801E+21,7.88383E+15,5.07985E+16
188786,7.17052E+18,7,1,31,6,2017,5,11,4,3,6,1,1,0,1,0,0,0,0,3.7947E+20,5.59689E+21,7.30004E+15,5.05116E+16
188787,7.17052E+18,7,1,33,6,2017,5,12,6,3,1,6,0,1,0,0,0,0,1,4.20426E+20,5.52269E+21,7.89307E+15,4.98514E+16
188788,7.17052E+18,7,3,19,0,2017,5,12,6,3,6,4,0,1,1,0,0,0,1,4.54433E+20,5.49794E+21,8.36899E+15,4.96323E+16
188789,7.17052E+18,7,3,15,0,2017,5,11,6,3,6,5,0,1,1,0,0,0,1,4.44786E+20,5.53537E+21,8.23008E+15,4.99681E+16
188790,7.17052E+18,7,3,15,0,2017,5,13,6,2,6,4,0,1,1,0,0,0,1,4.47853E+20,5.53878E+21,8.27238E+15,4.9999E+16
188791,7.17052E+18,7,3,15,0,2017,5,9,6,3,0,2,0,1,0,1,0,0,1,4.46782E+20,5.53777E+21,8.25758E+15,4.99899E+16
188792,7.17052E+18,7,1,35,92,2017,5,15,6,3,3,6,0,1,0,0,0,0,1,3.67553E+20,5.54456E+21,7.15037E+15,5.00386E+16
188793,7.17052E+18,7,2,11,0,2017,5,12,6,3,5,3,1,1,0,0,0,0,1,3.30179E+20,5.51392E+21,6.64232E+15,4.97538E+16
188794,7.17052E+18,7,1,41,29,2017,5,19,6,3,0,1,1,0,0,0,0,0,1,4.32004E+20,5.58067E+21,8.04378E+15,5.03741E+16
188795,7.17052E+18,7,1,37,68,2017,5,18,6,3,5,3,1,1,0,0,0,0,1,3.73912E+20,5.57666E+21,7.22849E+15,5.03286E+16
188796,7.17052E+18,7,3,35,25,2017,5,9,5,3,6,6,0,0,1,0,1,0,0,4.06927E+20,5.48603E+21,7.71406E+15,4.95198E+16
188797,7.17052E+18,7,3,32,39,2017,5,14,5,2,5,3,0,1,0,0,1,0,0,4.42647E+20,5.47391E+21,8.20928E+15,4.94152E+16
188798,7.17052E+18,7,3,34,501,2017,5,18,5,3,5,3,1,1,0,0,0,0,0,4.47973E+20,5.43197E+21,8.28814E+15,4.90384E+16
188799,7.17052E+18,7,1,37,3,2017,5,14,4,3,5,3,1,1,0,0,0,0,0,3.86394E+20,5.58815E+21,7.40031E+15,5.04344E+16
188800,7.17052E+18,7,1,11,0,2017,5,12,4,3,3,6,0,1,0,0,1,0,0,3.99866E+20,5.57921E+21,7.59233E+15,5.03564E+16
188801,7.17052E+18,7,1,11,0,2017,5,9,4,2,5,3,1,1,0,0,0,0,0,3.99659E+20,5.57885E+21,7.58952E+15,5.03532E+16
188802,7.17052E+18,7,3,20,0,2017,5,9,3,3,6,6,1,0,1,0,0,0,0,3.80692E+20,5.45644E+21,7.3606E+15,4.92491E+16
188803,7.17052E+18,7,3,40,38,2017,5,17,3,2,6,4,0,1,1,0,0,0,0,4.00286E+20,5.45512E+21,7.63008E+15,4.92408E+16
188804,7.17052E+18,7,3,34,36,2017,5,20,3,3,1,6,0,1,0,0,0,0,0,4.45117E+20,5.45369E+21,8.24611E+15,4.92336E+16
188805,7.17052E+18,7,3,38,18,2017,5,13,3,3,0,6,0,1,0,0,0,0,0,4.48317E+20,5.4813E+21,8.28648E+15,4.94821E+16
188806,7.17052E+18,7,3,11,0,2017,5,15,3,3,1,5,1,1,0,0,0,0,0,4.52618E+20,5.48629E+21,8.34525E+15,4.95274E+16
188807,7.17052E+18,7,3,14,0,2017,5,18,3,3,5,3,0,1,1,0,0,0,0,4.58865E+20,5.48201E+21,8.43202E+15,4.94893E+16
188808,7.17052E+18,7,1,33,6,2017,5,14,3,3,0,3,0,1,0,0,0,0,0,4.18462E+20,5.52207E+21,7.86588E+15,4.98455E+16
188809,7.17052E+18,7,3,33,19,2017,5,12,3,3,6,1,0,1,1,0,0,0,0,4.32752E+20,5.48985E+21,8.07016E+15,4.95575E+16
188810,7.17052E+18,7,3,31,3,2017,5,10,3,2,2,6,1,1,0,0,0,0,0,4.36796E+20,5.51037E+21,8.12276E+15,4.97425E+16
188811,7.17052E+18,7,3,31,55,2017,5,16,3,3,4,2,1,1,0,0,0,0,0,4.51829E+20,5.50573E+21,8.33197E+15,4.97022E+16
188812,7.17052E+18,7,2,35,45,2017,5,9,3,3,6,4,0,1,1,0,0,0,0,3.51729E+20,5.50245E+21,6.94565E+15,4.96563E+16
188813,7.17052E+18,7,2,35,68,2017,5,11,3,3,5,3,0,1,0,0,0,0,0,3.24225E+20,5.50687E+21,6.56292E+15,4.96886E+16
188814,7.17052E+18,7,2,11,0,2017,5,17,3,2,6,4,0,1,1,0,0,0,0,3.2944E+20,5.51379E+21,6.63214E+15,4.97524E+16
188815,7.17052E+18,7,1,43,29,2017,5,16,3,3,5,3,1,1,0,0,0,0,0,4.10605E+20,5.60286E+21,7.73761E+15,5.05708E+16
188816,7.17052E+18,7,1,11,0,2017,5,7,3,3,1,6,0,1,0,0,0,0,0,3.97836E+20,5.58203E+21,7.56303E+15,5.03814E+16
188817,7.17052E+18,7,1,11,0,2017,5,8,3,3,5,3,0,1,0,1,0,0,0,3.9874E+20,5.57958E+21,7.5764E+15,5.03595E+16
188818,7.17052E+18,7,3,32,46,2017,5,12,2,3,0,1,0,0,0,1,0,0,0,4.40453E+20,5.4771E+21,8.17856E+15,4.94437E+16
188819,7.17052E+18,7,3,34,501,2017,5,14,2,2,0,7,0,0,0,1,0,0,0,4.48156E+20,5.43221E+21,8.29061E+15,4.90406E+16
188820,7.17052E+18,7,3,11,0,2017,5,15,2,3,2,6,0,1,0,0,1,0,0,4.53205E+20,5.48675E+21,8.35332E+15,4.95315E+16
188821,7.17052E+18,7,3,19,0,2017,5,17,2,3,1,1,1,0,0,1,0,0,0,4.54578E+20,5.49833E+21,8.37094E+15,4.96358E+16
188822,7.17052E+18,7,3,39,35,2017,5,19,2,2,0,1,1,0,0,0,0,0,0,4.52726E+20,5.51851E+21,8.34286E+15,4.98172E+16
188823,7.17052E+18,7,3,15,0,2017,5,17,2,3,2,6,0,1,0,1,0,0,0,4.46263E+20,5.53463E+21,8.25078E+15,4.99616E+16
188824,7.17052E+18,7,3,15,0,2017,5,13,2,3,1,6,0,1,0,0,0,0,0,4.47572E+20,5.53767E+21,8.26861E+15,4.9989E+16
188825,7.17052E+18,7,3,15,0,2017,5,10,2,2,0,3,0,1,0,1,0,0,0,4.49213E+20,5.53635E+21,8.29168E+15,4.99773E+16
188826,7.17052E+18,7,2,33,65,2017,5,17,2,2,7,7,1,1,0,0,0,0,0,3.39657E+20,5.5552E+21,6.75664E+15,5.01274E+16
188827,7.17052E+18,7,1,41,29,2017,5,18,2,3,5,3,0,1,0,0,0,0,0,4.29581E+20,5.58067E+21,8.00971E+15,5.03738E+16
188828,7.17052E+18,7,1,37,68,2017,5,9,2,3,8,2,0,1,0,0,0,0,0,3.74837E+20,5.57658E+21,7.2415E+15,5.0328E+16
188829,7.17052E+18,7,1,37,3,2017,5,17,2,3,4,6,1,1,0,0,0,0,0,3.83987E+20,5.5901E+21,7.36582E+15,5.04515E+16
188830,7.17052E+18,7,1,11,0,2017,5,11,2,3,1,5,0,1,0,1,0,0,0,3.97049E+20,5.57987E+21,7.55256E+15,5.03619E+16
188831,7.17052E+18,7,1,11,0,2017,5,14,2,3,6,2,0,1,1,0,0,0,0,3.99904E+20,5.57875E+21,7.59299E+15,5.03523E+16
188832,7.17052E+18,7,1,11,0,2017,5,8,2,3,2,6,0,1,0,0,0,0,0,3.99949E+20,5.57896E+21,7.59356E+15,5.03542E+16
188833,7.17051E+18,7,3,12,0,2017,5,11,1,3,1,2,0,1,0,1,0,0,0,4.11084E+20,5.47752E+21,7.77339E+15,4.94438E+16
188834,7.17051E+18,7,3,37,5,2017,5,13,1,3,6,7,0,1,1,0,0,0,0,4.26335E+20,5.43891E+21,7.99086E+15,4.90987E+16
188835,7.17051E+18,7,3,37,38,2017,5,18,1,3,5,3,0,0,0,1,1,0,0,4.43916E+20,5.4431E+21,8.23109E+15,4.91381E+16
188836,7.17051E+18,7,3,38,19,2017,5,10,1,3,0,1,1,0,0,0,0,0,0,4.53755E+20,5.47483E+21,8.3623E+15,4.94244E+16
188837,7.17051E+18,7,3,14,0,2017,5,19,1,3,5,3,0,1,0,1,0,0,1,4.5822E+20,5.48306E+21,8.423E+15,4.94987E+16
188838,7.17051E+18,7,3,14,0,2017,5,17,1,3,0,3,1,1,0,0,0,0,0,4.58044E+20,5.4791E+21,8.42099E+15,4.94631E+16
188839,7.17051E+18,7,1,33,6,2017,5,4,1,3,0,7,1,0,0,0,0,2,0,4.18045E+20,5.52046E+21,7.86043E+15,4.98309E+16
188840,7.17051E+18,7,2,33,74,2017,5,5,1,3,6,7,0,1,1,0,0,1,0,3.48074E+20,5.55593E+21,6.87402E+15,5.01362E+16
188841,7.17051E+18,7,1,32,501,2017,5,1,1,3,5,3,0,1,0,0,0,2,1,4.04328E+20,5.61615E+21,7.64556E+15,5.06893E+16
188842,7.17051E+18,7,3,40,54,2017,5,12,7,3,0,1,1,0,0,0,0,0,0,4.00404E+20,5.45912E+21,7.63071E+15,4.92767E+16
188843,7.17051E+18,7,3,32,2,2017,5,11,7,3,5,3,0,1,0,1,0,0,0,4.41076E+20,5.47987E+21,8.18674E+15,4.94686E+16
188844,7.17051E+18,7,3,13,0,2017,5,17,7,3,0,5,1,1,0,0,0,0,0,4.36229E+20,5.44985E+21,8.12465E+15,4.91981E+16
188845,7.17051E+18,7,3,13,0,2017,5,16,7,2,5,3,1,1,0,0,0,0,0,4.36046E+20,5.45082E+21,8.12198E+15,4.92069E+16
188846,7.17051E+18,7,3,18,0,2017,5,16,7,3,3,2,1,1,0,0,0,0,0,4.59341E+20,5.46467E+21,8.44037E+15,4.93334E+16
188847,7.17051E+18,7,3,14,0,2017,5,6,7,3,8,1,0,1,0,0,0,0,0,4.56009E+20,5.48248E+21,8.39254E+15,4.94934E+16
188848,7.17051E+18,7,3,19,0,2017,5,3,7,3,6,1,0,1,1,0,0,2,0,4.55763E+20,5.49579E+21,8.38764E+15,4.9613E+16
188849,7.17051E+18,7,3,15,0,2017,5,19,7,3,1,7,1,1,0,0,0,0,0,4.40361E+20,5.53741E+21,8.16807E+15,4.99861E+16
188850,7.17051E+18,7,3,15,0,2017,5,8,7,3,1,1,1,1,0,0,0,2,0,4.46539E+20,5.53714E+21,8.25427E+15,4.99842E+16
188851,7.17051E+18,7,3,15,0,2017,5,21,7,3,1,5,0,1,0,0,0,2,0,4.47753E+20,5.53871E+21,8.27099E+15,4.99984E+16
188852,7.17051E+18,7,3,15,0,2017,5,12,7,3,0,1,1,0,0,0,0,0,0,4.47519E+20,5.53865E+21,8.26773E+15,4.99979E+16
188853,7.17051E+18,7,2,33,26,2017,5,17,7,2,8,1,1,0,0,0,0,0,1,3.3363E+20,5.56593E+21,6.66769E+15,5.02221E+16
188854,7.17051E+18,7,2,11,0,2017,5,8,7,3,5,3,1,1,0,0,0,0,0,3.30078E+20,5.51366E+21,6.64104E+15,4.97514E+16
188855,7.17051E+18,7,2,11,0,2017,5,3,7,2,5,3,1,0,0,0,1,2,0,3.30111E+20,5.51448E+21,6.64115E+15,4.97588E+16
188856,7.17051E+18,7,1,37,68,2017,5,19,7,3,5,2,0,1,0,1,0,0,0,3.74598E+20,5.5761E+21,7.23831E+15,5.03236E+16
188857,7.17051E+18,7,3,40,28,2017,5,16,6,2,0,7,0,1,0,0,0,0,0,4.01711E+20,5.44715E+21,7.6516E+15,4.91693E+16
188858,7.17051E+18,7,3,12,0,2017,5,14,6,3,5,3,1,1,0,0,0,0,0,4.10467E+20,5.48039E+21,7.76424E+15,4.94695E+16
188859,7.17051E+18,7,3,35,34,2017,5,7,6,3,0,3,0,1,0,1,0,0,1,4.08583E+20,5.48214E+21,7.73784E+15,4.9485E+16
188860,7.17051E+18,7,3,32,2,2017,5,16,6,3,5,3,1,1,0,0,0,0,0,4.39968E+20,5.47899E+21,8.17157E+15,4.94606E+16
188861,7.17051E+18,7,2,32,119,2017,5,18,6,3,6,6,0,1,1,0,0,0,0,3.21392E+20,5.54871E+21,6.50437E+15,5.00638E+16
188862,7.17051E+18,7,2,11,0,2017,5,18,6,3,6,4,0,1,1,0,0,0,0,3.29009E+20,5.5146E+21,6.62581E+15,4.97595E+16
188863,7.17051E+18,7,1,43,1,2017,5,17,6,3,0,1,0,0,0,1,0,0,0,4.05192E+20,5.59056E+21,7.66431E+15,5.04594E+16
188864,7.17051E+18,7,1,32,44,2017,5,14,6,3,5,3,0,1,0,1,0,0,0,4.06429E+20,5.62457E+21,7.67316E+15,5.07654E+16
188865,7.17051E+18,7,1,37,216,2017,5,11,6,2,6,2,0,1,1,0,0,0,0,3.94663E+20,5.5838E+21,7.51793E+15,5.03968E+16
188866,7.17051E+18,7,3,17,0,2017,5,19,5,3,6,4,0,1,1,0,0,0,1,3.98183E+20,5.45036E+21,7.60241E+15,4.91975E+16
188867,7.17051E+18,7,3,12,0,2017,5,18,5,3,2,6,0,1,0,0,0,0,0,4.10548E+20,5.47686E+21,7.76615E+15,4.94378E+16
188868,7.17051E+18,7,3,35,15,2017,5,9,5,3,1,7,1,1,0,0,0,0,1,4.19769E+20,5.47734E+21,7.89321E+15,4.94435E+16
188869,7.17051E+18,7,3,19,0,2017,5,17,5,3,0,3,1,0,0,0,0,0,0,4.53605E+20,5.49773E+21,8.35754E+15,4.96303E+16
188870,7.17051E+18,7,1,43,206,2017,5,16,5,2,0,1,0,0,0,1,0,0,0,4.25184E+20,5.61051E+21,7.94189E+15,5.06417E+16
188871,7.17051E+18,7,1,38,45,2017,5,17,5,3,5,3,1,1,0,0,0,0,0,3.87619E+20,5.58968E+21,7.41709E+15,5.04484E+16
188872,7.17051E+18,7,1,41,75,2017,5,7,5,3,5,3,0,1,0,0,0,0,0,4.01143E+20,5.57271E+21,7.61198E+15,5.02982E+16
188873,7.17051E+18,7,3,13,0,2017,5,16,4,3,5,3,1,1,0,0,0,0,0,4.35373E+20,5.44964E+21,8.11292E+15,4.91962E+16