OBJECTID,UIDENTSTLA,ULAND,UREGBEZ,UKREIS,UGEMEINDE,UJAHR,UMONAT,USTUNDE,UWOCHENTAG,UKATEGORIE,UART,UTYP1,IstRad,IstPKW,IstFuss,IstKrad,IstSonstig,LICHT,STRZUSTAND,LINREFX,LINREFY,XGCSWGS84,YGCSWGS84
188874,7.17051E+18,7,3,13,0,2017,5,11,4,3,5,3,1,1,0,0,0,0,0,4.35801E+20,5.45077E+21,8.11863E+15,4.92064E+16
188875,7.17051E+18,7,3,14,0,2017,5,16,4,3,0,1,1,0,0,0,0,0,0,4.5388E+20,5.48224E+21,8.36316E+15,4.9491E+16
188876,7.17051E+18,7,1,33,501,2017,5,16,4,3,5,1,0,1,0,1,0,0,0,4.03847E+20,5.51531E+21,7.66434E+15,4.97826E+16
188877,7.17051E+18,7,1,33,6,2017,5,7,4,3,4,2,0,1,0,0,0,0,0,4.19374E+20,5.52143E+21,7.8787E+15,4.98399E+16
188878,7.17051E+18,7,3,19,0,2017,5,15,4,3,2,6,0,1,0,0,0,0,0,4.54445E+20,5.49798E+21,8.36914E+15,4.96327E+16
188879,7.17051E+18,7,3,15,0,2017,5,15,4,3,6,7,0,0,1,0,1,0,0,4.44786E+20,5.53537E+21,8.23008E+15,4.99681E+16
188880,7.17051E+18,7,3,15,0,2017,5,11,4,3,2,6,0,1,0,0,0,0,0,4.45921E+20,5.53969E+21,8.2453E+15,5.00071E+16
188881,7.17051E+18,7,2,33,63,2017,5,16,4,3,4,6,1,1,0,0,0,0,0,3.4715E+20,5.55926E+21,6.85976E+15,5.01658E+16
188882,7.17051E+18,7,2,35,68,2017,5,15,4,3,0,1,1,0,0,0,0,0,0,3.26194E+20,5.50877E+21,6.58936E+15,4.97063E+16
188883,7.17051E+18,7,2,11,0,2017,5,18,4,3,2,6,0,1,0,0,0,0,0,3.29274E+20,5.51232E+21,6.63047E+15,4.97391E+16
188884,7.17051E+18,7,2,11,0,2017,5,14,4,3,0,1,0,0,0,1,0,0,0,3.28102E+20,5.51353E+21,6.61369E+15,4.97497E+16
188885,7.17051E+18,7,1,43,62,2017,5,19,4,2,8,7,0,1,0,1,0,0,0,4.09707E+20,5.5912E+21,7.72774E+15,5.04659E+16
188886,7.17051E+18,7,1,43,32,2017,5,13,4,3,6,4,0,1,1,0,0,0,0,4.05186E+20,5.5883E+21,7.66479E+15,5.04391E+16
188887,7.17051E+18,7,1,38,45,2017,5,17,4,2,5,2,0,1,0,1,0,0,0,3.92978E+20,5.58874E+21,7.49282E+15,5.04409E+16
188888,7.17051E+18,7,1,35,29,2017,5,17,4,2,5,3,0,1,0,0,0,0,0,3.6602E+20,5.55627E+21,7.12488E+15,5.01435E+16
188889,7.17051E+18,7,3,40,28,2017,5,18,3,3,1,5,0,1,0,0,0,0,0,4.01385E+20,5.44724E+21,7.64712E+15,4.91701E+16
188890,7.17051E+18,7,3,12,0,2017,5,17,3,3,2,6,0,1,0,0,0,0,0,4.06544E+20,5.47731E+21,7.71083E+15,4.94413E+16
188891,7.17051E+18,7,3,18,0,2017,5,16,3,3,6,7,0,1,1,0,0,0,0,4.58548E+20,5.46341E+21,8.42959E+15,4.9322E+16
188892,7.17051E+18,7,1,33,6,2017,5,13,3,3,2,6,0,1,0,1,0,0,0,4.18773E+20,5.52158E+21,7.87031E+15,4.98411E+16
188893,7.17051E+18,7,1,33,6,2017,5,10,3,2,6,4,0,1,1,0,0,0,0,4.20198E+20,5.52235E+21,7.88997E+15,4.98483E+16
188894,7.17051E+18,7,2,31,134,2017,5,7,3,3,2,6,0,1,0,0,0,0,0,3.49843E+20,5.53877E+21,6.90549E+15,4.99823E+16
188895,7.17051E+18,7,1,38,45,2017,5,8,3,3,4,2,0,1,0,1,1,0,0,3.89905E+20,5.58848E+21,7.44964E+15,5.0438E+16
188896,7.17051E+18,7,1,37,68,2017,5,15,3,3,5,3,0,1,0,1,1,0,0,3.73595E+20,5.57626E+21,7.22417E+15,5.03249E+16
188897,7.17051E+18,7,1,37,228,2017,5,16,3,2,7,4,0,1,1,0,0,0,0,3.89323E+20,5.5863E+21,7.44209E+15,5.04183E+16
188898,7.17051E+18,7,1,37,3,2017,5,8,3,2,1,5,0,1,0,0,0,0,0,3.86269E+20,5.58835E+21,7.39849E+15,5.04362E+16
188899,7.17051E+18,7,1,11,0,2017,5,12,3,3,1,5,0,1,0,0,0,0,0,3.99986E+20,5.58041E+21,7.59369E+15,5.03673E+16
188900,7.17051E+18,7,1,11,0,2017,5,11,3,3,6,4,0,1,1,0,0,0,0,3.99931E+20,5.58029E+21,7.59296E+15,5.03661E+16
188901,7.17051E+18,7,3,18,0,2017,5,16,2,3,0,7,1,0,0,0,0,0,1,4.58425E+20,5.46292E+21,8.42794E+15,4.93176E+16
188902,7.17051E+18,7,3,31,3,2017,5,10,2,3,5,7,0,1,0,0,0,0,0,4.35995E+20,5.5106E+21,8.11161E+15,4.97445E+16
188903,7.17051E+18,7,2,32,288,2017,5,14,2,3,5,3,0,1,0,0,1,0,0,3.16493E+20,5.57315E+21,6.4242E+15,5.02819E+16
188904,7.17051E+18,7,1,38,45,2017,5,10,2,3,0,7,0,0,0,0,1,0,0,3.90827E+20,5.58753E+21,7.46289E+15,5.04297E+16
188905,7.17051E+18,7,1,31,7,2017,5,17,2,3,0,1,1,0,0,0,0,0,0,3.6852E+20,5.60033E+21,7.14447E+15,5.05402E+16
188906,7.17051E+18,7,1,11,0,2017,5,14,2,3,6,7,1,0,1,0,0,0,0,3.99661E+20,5.57891E+21,7.58953E+15,5.03537E+16
188907,7.17051E+18,7,1,11,0,2017,5,13,2,3,5,3,0,1,0,0,0,0,0,3.99722E+20,5.57751E+21,7.59075E+15,5.03411E+16
188908,7.17051E+18,7,3,32,2,2017,5,12,1,2,0,6,1,1,0,0,0,0,0,4.40758E+20,5.48105E+21,8.18216E+15,4.94792E+16
188909,7.17051E+18,7,3,38,20,2017,5,0,1,3,8,1,1,0,0,0,1,2,0,4.58918E+20,5.47446E+21,8.43353E+15,4.94215E+16
188910,7.17051E+18,7,1,34,45,2017,5,2,1,3,6,4,0,1,1,0,0,2,1,3.79283E+20,5.50604E+21,7.32613E+15,4.96948E+16
188911,7.17051E+18,7,1,37,3,2017,5,17,1,3,0,1,1,0,0,0,0,0,1,3.88136E+20,5.58809E+21,7.42485E+15,5.04342E+16
188912,7.17051E+18,7,3,16,0,2017,5,13,7,2,5,3,1,1,0,0,0,0,0,4.38226E+20,5.46638E+21,8.1495E+15,4.9347E+16
188913,7.17051E+18,7,3,14,0,2017,5,12,7,3,4,5,0,1,0,1,0,0,0,4.55199E+20,5.48341E+21,8.38124E+15,4.95017E+16
188914,7.17051E+18,7,3,14,0,2017,5,9,7,3,9,1,0,1,0,0,0,0,0,4.5785E+20,5.47972E+21,8.41825E+15,4.94686E+16
188915,7.17051E+18,7,1,33,6,2017,5,15,7,3,5,3,0,1,0,0,0,0,0,4.18997E+20,5.52185E+21,7.87337E+15,4.98436E+16
188916,7.17051E+18,7,3,15,0,2017,5,10,7,2,6,2,0,1,1,0,0,0,0,4.46479E+20,5.54117E+21,8.25288E+15,5.00205E+16
188917,7.17051E+18,7,1,38,59,2017,5,18,7,2,3,6,0,1,0,1,0,0,0,4.02938E+20,5.60333E+21,7.62924E+15,5.05738E+16
188918,7.17051E+18,7,1,32,44,2017,5,12,7,3,5,3,1,1,0,0,0,0,0,4.06005E+20,5.62422E+21,7.66723E+15,5.07621E+16
188919,7.17051E+18,7,3,12,0,2017,5,19,6,3,4,2,1,1,0,0,0,0,0,4.10676E+20,5.47732E+21,7.76781E+15,4.9442E+16
188920,7.17051E+18,7,3,34,24,2017,5,17,6,3,5,3,0,1,0,0,0,0,0,4.47361E+20,5.44139E+21,8.27854E+15,4.91231E+16
188921,7.17051E+18,7,3,14,0,2017,5,12,6,3,0,5,1,1,0,0,0,0,0,4.57044E+20,5.47967E+21,8.40713E+15,4.94682E+16
188922,7.17051E+18,7,3,39,21,2017,5,9,6,3,5,3,0,1,0,0,0,0,0,4.22479E+20,5.52837E+21,7.92049E+15,4.99027E+16
188923,7.17051E+18,7,1,33,6,2017,5,12,6,3,2,6,0,1,0,0,0,0,0,4.18574E+20,5.52223E+21,7.86741E+15,4.9847E+16
188924,7.17051E+18,7,3,19,0,2017,5,17,6,3,1,5,1,1,0,0,0,0,0,4.52879E+20,5.49841E+21,8.3474E+15,4.96364E+16
188925,7.17051E+18,7,2,32,18,2017,5,13,6,3,5,3,0,1,0,0,1,0,0,3.22346E+20,5.53738E+21,6.52293E+15,4.99623E+16
188926,7.17051E+18,7,2,11,0,2017,5,18,6,3,5,5,1,1,0,0,0,0,0,3.27749E+20,5.51263E+21,6.6092E+15,4.97415E+16
188927,7.17051E+18,7,2,11,0,2017,5,15,6,3,0,3,0,1,0,0,0,0,0,3.32345E+20,5.51558E+21,6.67166E+15,4.97693E+16
188928,7.17051E+18,7,1,43,50,2017,5,7,6,3,5,3,0,1,0,0,0,0,0,4.02261E+20,5.59115E+21,7.62288E+15,5.04642E+16
188929,7.17051E+18,7,1,38,45,2017,5,12,6,2,6,2,0,1,1,0,0,0,0,3.9094E+20,5.58775E+21,7.46441E+15,5.04317E+16
188930,7.17051E+18,7,1,38,45,2017,5,8,6,3,1,6,0,1,0,1,0,0,0,3.9088E+20,5.58809E+21,7.46347E+15,5.04347E+16
188931,7.1705E+18,7,3,17,0,2017,5,13,5,3,6,7,0,1,1,0,0,0,0,3.98596E+20,5.45163E+21,7.60775E+15,4.92091E+16
188932,7.1705E+18,7,3,32,2,2017,5,12,5,3,5,2,0,1,0,0,1,0,0,4.39745E+20,5.47833E+21,8.1686E+15,4.94546E+16
188933,7.1705E+18,7,3,34,501,2017,5,19,5,3,4,6,1,0,0,0,0,0,1,4.46435E+20,5.43321E+21,8.26693E+15,4.90494E+16
188934,7.1705E+18,7,3,34,25,2017,5,11,5,3,8,6,1,1,0,0,0,0,0,4.48089E+20,5.44523E+21,8.28802E+15,4.91577E+16
188935,7.1705E+18,7,3,13,0,2017,5,4,5,3,6,4,0,1,1,0,0,2,0,4.35531E+20,5.45021E+21,8.11501E+15,4.92013E+16
188936,7.1705E+18,7,3,11,0,2017,5,16,5,3,3,6,0,1,0,1,0,0,0,4.53129E+20,5.4868E+21,8.35226E+15,4.9532E+16
188937,7.1705E+18,7,3,15,0,2017,5,19,5,3,2,6,0,1,0,0,0,0,1,4.47569E+20,5.53878E+21,8.26842E+15,4.9999E+16
188938,7.1705E+18,7,2,33,501,2017,5,12,5,3,6,4,0,1,1,0,0,0,1,3.45341E+20,5.56238E+21,6.83318E+15,5.01934E+16
188939,7.1705E+18,7,1,32,501,2017,5,14,5,3,0,1,0,0,0,1,0,0,0,4.03832E+20,5.61569E+21,7.63867E+15,5.06851E+16
188940,7.1705E+18,7,1,38,45,2017,5,19,5,3,2,6,0,1,0,0,0,0,0,3.9097E+20,5.5873E+21,7.46496E+15,5.04276E+16
188941,7.1705E+18,7,1,38,45,2017,5,8,5,3,1,5,1,1,0,0,0,1,1,3.93005E+20,5.59191E+21,7.4923E+15,5.04694E+16
188942,7.1705E+18,7,1,31,77,2017,5,10,5,3,5,2,0,1,0,1,0,0,1,3.77404E+20,5.60062E+21,7.26969E+15,5.05446E+16
188943,7.1705E+18,7,1,37,3,2017,5,18,5,3,5,7,1,1,0,0,0,0,0,3.87248E+20,5.58769E+21,7.41246E+15,5.04304E+16
188944,7.1705E+18,7,1,40,501,2017,5,16,5,3,0,7,0,1,0,0,0,0,0,4.004E+20,5.56391E+21,7.60386E+15,5.0219E+16
188945,7.1705E+18,7,1,11,0,2017,5,13,5,3,2,6,0,1,0,0,0,0,0,3.9679E+20,5.58045E+21,7.54876E+15,5.03671E+16
188946,7.1705E+18,7,3,12,0,2017,5,19,4,3,5,3,1,1,0,0,0,0,0,4.10212E+20,5.47745E+21,7.76138E+15,4.94431E+16
188947,7.1705E+18,7,3,12,0,2017,5,11,4,3,6,2,0,1,1,0,0,0,1,4.10073E+20,5.47869E+21,7.75919E+15,4.94542E+16
188948,7.1705E+18,7,3,16,0,2017,5,15,4,3,5,2,1,1,0,0,0,0,0,4.37594E+20,5.46711E+21,8.14069E+15,4.93535E+16
188949,7.1705E+18,7,3,11,0,2017,5,8,4,3,6,7,0,1,1,0,0,0,0,4.53454E+20,5.48617E+21,8.35682E+15,4.95264E+16
188950,7.1705E+18,7,3,14,0,2017,5,12,4,3,5,3,0,1,0,1,0,0,0,4.58208E+20,5.47866E+21,8.4233E+15,4.94591E+16
188951,7.1705E+18,7,3,15,0,2017,5,9,4,3,1,5,0,1,0,0,1,0,0,4.47813E+20,5.53888E+21,8.27181E+15,5E+16
188952,7.1705E+18,7,1,43,48,2017,5,12,4,3,0,3,0,1,0,0,1,0,0,4.16944E+20,5.58869E+21,7.83026E+15,5.04444E+16
188953,7.1705E+18,7,1,31,14,2017,5,9,4,3,7,7,1,0,0,0,1,0,1,3.78879E+20,5.5924E+21,7.29316E+15,5.04711E+16
188954,7.1705E+18,7,3,18,0,2017,5,17,3,3,2,2,0,1,0,1,0,0,0,4.57767E+20,5.4633E+21,8.41885E+15,4.9321E+16
188955,7.1705E+18,7,3,38,20,2017,5,8,3,3,0,6,0,0,0,1,0,0,1,4.57529E+20,5.47428E+21,8.4144E+15,4.94197E+16
188956,7.1705E+18,7,3,11,0,2017,5,13,3,3,2,6,0,1,0,0,0,0,1,4.53015E+20,5.48709E+21,8.35064E+15,4.95346E+16
188957,7.1705E+18,7,3,11,0,2017,5,8,3,3,2,6,0,1,0,0,0,0,1,4.53286E+20,5.48651E+21,8.35446E+15,4.95294E+16
188958,7.1705E+18,7,3,14,0,2017,5,20,3,3,4,2,0,1,0,0,0,2,0,4.5969E+20,5.47969E+21,8.44364E+15,4.94685E+16
188959,7.1705E+18,7,1,34,45,2017,5,6,3,3,8,1,0,1,0,0,0,1,0,3.80798E+20,5.50708E+21,7.3468E+15,4.97044E+16
188960,7.1705E+18,7,2,11,0,2017,5,17,3,3,6,6,0,1,1,0,0,0,0,3.2792E+20,5.5116E+21,6.61202E+15,4.97323E+16
188961,7.1705E+18,7,2,11,0,2017,5,15,3,3,2,2,0,1,0,0,0,0,0,3.31899E+20,5.51584E+21,6.66535E+15,4.97715E+16
188962,7.1705E+18,7,1,43,229,2017,5,12,3,3,5,3,0,1,0,1,0,0,1,4.16174E+20,5.61316E+21,7.81391E+15,5.06642E+16
188963,7.1705E+18,7,1,35,82,2017,5,11,3,3,6,2,0,1,1,0,0,0,0,3.78693E+20,5.55939E+21,7.30116E+15,5.01743E+16
188964,7.1705E+18,7,1,31,7,2017,5,17,3,3,1,5,1,1,0,0,0,0,1,3.69192E+20,5.6003E+21,7.15396E+15,5.054E+16
188965,7.1705E+18,7,1,37,68,2017,5,8,3,3,2,6,0,1,0,0,1,0,0,3.7402E+20,5.57669E+21,7.23E+15,5.03288E+16
188966,7.1705E+18,7,3,34,13,2017,5,16,2,2,5,3,1,1,0,0,0,0,0,4.41092E+20,5.43674E+21,8.19331E+15,4.90807E+16
188967,7.1705E+18,7,1,38,45,2017,5,13,2,3,8,7,0,1,0,0,1,0,1,3.90839E+20,5.58754E+21,7.46306E+15,5.04297E+16
188968,7.1705E+18,7,1,37,68,2017,5,16,2,3,8,1,0,1,0,0,0,0,0,3.7401E+20,5.57711E+21,7.22972E+15,5.03326E+16
188969,7.1705E+18,7,1,11,0,2017,5,15,2,2,0,1,0,0,0,1,0,0,1,4.00911E+20,5.58126E+21,7.60648E+15,5.03751E+16
188970,7.17043E+18,7,3,12,0,2017,4,17,1,3,1,6,0,1,0,1,0,0,0,4.09859E+20,5.47738E+21,7.75653E+15,4.94424E+16
188971,7.17043E+18,7,3,16,0,2017,4,14,1,3,5,3,0,1,0,0,0,0,0,4.37449E+20,5.46591E+21,8.13889E+15,4.93427E+16
188972,7.17043E+18,7,3,37,43,2017,4,19,1,2,6,4,0,1,1,0,0,0,0,4.35262E+20,5.44584E+21,8.11202E+15,4.9162E+16
188973,7.17043E+18,7,3,38,4,2017,4,14,1,3,5,3,0,1,0,0,0,0,0,4.53394E+20,5.49305E+21,8.35517E+15,4.95882E+16
188974,7.17043E+18,7,3,19,0,2017,4,19,1,3,8,1,0,1,0,0,0,0,0,4.53555E+20,5.49811E+21,8.35681E+15,4.96338E+16
188975,7.17043E+18,7,2,35,118,2017,4,14,1,3,5,2,0,1,0,1,0,0,0,3.22129E+20,5.49715E+21,6.5383E+15,4.96008E+16
188976,7.17043E+18,7,1,38,12,2017,4,18,1,3,4,2,1,1,0,0,0,0,0,4.04166E+20,5.60007E+21,7.64742E+15,5.05447E+16
188977,7.17043E+18,7,3,34,8,2017,4,13,7,3,0,7,1,0,0,0,0,0,0,4.44842E+20,5.42985E+21,8.24559E+15,4.90191E+16
188978,7.17043E+18,7,3,11,0,2017,4,11,7,3,0,1,1,0,0,0,0,0,0,4.52616E+20,5.48767E+21,8.34506E+15,4.95398E+16
188979,7.17043E+18,7,3,14,0,2017,4,23,7,3,2,6,0,1,0,1,0,2,0,4.59793E+20,5.47978E+21,8.44506E+15,4.94693E+16
188980,7.17043E+18,7,3,15,0,2017,4,14,7,2,0,7,0,1,0,1,0,0,0,4.43545E+20,5.53986E+21,8.21212E+15,5.00084E+16
188981,7.17043E+18,7,3,15,0,2017,4,19,7,2,5,3,0,1,0,1,0,0,0,4.51256E+20,5.53464E+21,8.32038E+15,4.99622E+16
188982,7.17043E+18,7,2,33,240,2017,4,1,7,3,9,1,0,0,0,0,1,2,0,3.24191E+20,5.58042E+21,6.52876E+15,5.03496E+16
188983,7.17043E+18,7,1,34,45,2017,4,13,7,3,6,6,0,1,1,0,0,0,0,3.84254E+20,5.51005E+21,7.39383E+15,4.97318E+16
188984,7.17043E+18,7,2,11,0,2017,4,18,7,3,0,6,1,0,0,0,0,0,0,3.30755E+20,5.5133E+21,6.65059E+15,4.97483E+16
188985,7.17043E+18,7,1,32,50,2017,4,11,7,3,9,1,0,1,0,0,1,0,0,4.24872E+20,5.62538E+21,7.93446E+15,5.07753E+16
188986,7.17043E+18,7,1,11,0,2017,4,11,7,3,1,6,0,1,0,0,0,0,0,3.99227E+20,5.57877E+21,7.58346E+15,5.03524E+16
188987,7.17043E+18,7,3,20,0,2017,4,13,6,2,5,2,0,0,0,1,1,0,0,3.77319E+20,5.45454E+21,7.31487E+15,4.92313E+16
188988,7.17043E+18,7,3,12,0,2017,4,22,6,3,4,2,0,1,0,0,0,2,0,4.09218E+20,5.47739E+21,7.74769E+15,4.94424E+16
188989,7.17043E+18,7,3,12,0,2017,4,17,6,3,1,6,0,1,0,0,0,0,0,4.07257E+20,5.4774E+21,7.72064E+15,4.94422E+16
188990,7.17043E+18,7,3,12,0,2017,4,14,6,3,0,7,0,1,0,0,1,0,0,4.1169E+20,5.47634E+21,7.78202E+15,4.94333E+16
188991,7.17043E+18,7,3,13,0,2017,4,10,6,3,5,3,0,1,0,1,0,0,0,4.35936E+20,5.45E+21,8.12059E+15,4.91995E+16
188992,7.17043E+18,7,3,18,0,2017,4,13,6,2,5,3,0,1,1,0,0,0,0,4.58343E+20,5.46648E+21,8.42644E+15,4.93496E+16
188993,7.17043E+18,7,3,38,25,2017,4,10,6,3,0,1,1,0,0,0,0,0,0,4.54685E+20,5.47046E+21,8.37562E+15,4.93852E+16
188994,7.17043E+18,7,3,14,0,2017,4,7,6,3,6,2,0,1,1,0,0,0,0,4.55765E+20,5.48209E+21,8.38921E+15,4.94898E+16
188995,7.17043E+18,7,3,14,0,2017,4,17,6,3,2,6,0,1,0,0,0,0,0,4.59296E+20,5.47932E+21,8.43824E+15,4.94652E+16
188996,7.17043E+18,7,3,39,21,2017,4,12,6,3,0,7,0,1,0,0,0,0,0,4.22888E+20,5.52833E+21,7.92619E+15,4.99024E+16
188997,7.17043E+18,7,1,33,6,2017,4,8,6,3,5,3,0,1,0,0,0,0,0,4.18954E+20,5.52222E+21,7.8727E+15,4.9847E+16
188998,7.17043E+18,7,3,31,73,2017,4,10,6,3,0,1,0,0,0,1,0,0,0,4.36192E+20,5.52173E+21,8.11252E+15,4.98446E+16
188999,7.17043E+18,7,3,39,49,2017,4,19,6,3,6,6,0,1,1,0,0,0,0,4.53482E+20,5.52187E+21,8.35296E+15,4.98474E+16
189000,7.17043E+18,7,3,39,54,2017,4,16,6,3,4,6,1,1,0,0,0,0,0,4.42566E+20,5.52621E+21,8.20049E+15,4.98856E+16
189001,7.17043E+18,7,2,32,18,2017,4,18,6,3,1,6,0,1,0,0,0,0,0,3.22665E+20,5.53822E+21,6.52699E+15,4.997E+16
189002,7.17043E+18,7,1,37,68,2017,4,12,6,3,0,7,0,1,0,0,0,0,0,3.75039E+20,5.57639E+21,7.24441E+15,5.03264E+16
189003,7.17043E+18,7,1,41,75,2017,4,16,6,3,6,7,0,1,1,0,0,0,0,4.00831E+20,5.5726E+21,7.60762E+15,5.02972E+16
189004,7.17043E+18,7,1,37,226,2017,4,16,6,3,6,4,0,1,1,0,0,0,0,4.02438E+20,5.58251E+21,7.62761E+15,5.03865E+16
189005,7.17043E+18,7,3,35,3,2017,4,16,5,3,5,2,1,1,0,0,0,0,0,3.87021E+20,5.47142E+21,7.4433E+15,4.9385E+16
189006,7.17043E+18,7,3,12,0,2017,4,9,5,3,5,3,0,1,0,0,0,0,0,4.08827E+20,5.47755E+21,7.74225E+15,4.94438E+16
189007,7.17043E+18,7,3,13,0,2017,4,20,5,3,5,3,1,1,0,0,0,0,0,4.35653E+20,5.44964E+21,8.11677E+15,4.91962E+16
189008,7.17043E+18,7,3,18,0,2017,4,9,5,2,5,2,0,1,0,1,0,0,0,4.57769E+20,5.46458E+21,8.41873E+15,4.93325E+16
189009,7.17043E+18,7,3,14,0,2017,4,15,5,3,1,5,1,1,0,0,0,0,0,4.56718E+20,5.4858E+21,8.40196E+15,4.95232E+16
189010,7.17043E+18,7,3,14,0,2017,4,11,5,3,0,1,0,0,0,1,0,0,0,4.57594E+20,5.48229E+21,8.41444E+15,4.94918E+16
189011,7.17043E+18,7,1,33,52,2017,4,19,5,3,1,5,1,1,0,0,0,0,0,3.90114E+20,5.51626E+21,7.47337E+15,4.97888E+16
189012,7.17043E+18,7,3,19,0,2017,4,20,5,3,5,3,1,1,0,0,0,1,0,4.54006E+20,5.49744E+21,8.36312E+15,4.96277E+16
189013,7.17043E+18,7,2,11,0,2017,4,15,5,3,2,6,0,1,0,0,0,0,0,3.3052E+20,5.5145E+21,6.64681E+15,4.9759E+16
189014,7.17043E+18,7,1,32,50,2017,4,16,5,2,5,3,1,1,0,0,0,0,0,4.25465E+20,5.62512E+21,7.94293E+15,5.07731E+16
189015,7.17043E+18,7,1,31,7,2017,4,14,5,2,6,6,1,0,1,0,0,0,0,3.69081E+20,5.60034E+21,7.15239E+15,5.05403E+16
189016,7.17043E+18,7,1,31,7,2017,4,7,5,3,1,6,0,1,0,0,0,0,1,3.68127E+20,5.60127E+21,7.13859E+15,5.05485E+16
189017,7.17043E+18,7,1,40,144,2017,4,15,5,2,0,7,0,0,0,0,1,0,0,3.95567E+20,5.53756E+21,7.54335E+15,4.99812E+16
189018,7.17043E+18,7,1,37,203,2017,4,19,5,3,2,6,0,1,0,0,0,0,0,3.98136E+20,5.5865E+21,7.56604E+15,5.04217E+16
189019,7.17043E+18,7,3,34,1,2017,4,13,4,3,1,7,0,1,0,0,1,0,0,4.49296E+20,5.4494E+21,8.30405E+15,4.91953E+16
189020,7.17043E+18,7,3,39,5,2017,4,14,4,3,5,3,1,1,0,0,0,0,0,4.21669E+20,5.53378E+21,7.90811E+15,4.99512E+16
189021,7.17043E+18,7,3,39,57,2017,4,16,4,3,5,3,1,1,0,0,0,0,0,4.37426E+20,5.52872E+21,8.12854E+15,4.99076E+16
189022,7.17043E+18,7,3,15,0,2017,4,17,4,2,4,6,1,0,0,0,0,0,0,4.4694E+20,5.53914E+21,8.25959E+15,5.00022E+16
189023,7.17043E+18,7,2,11,0,2017,4,17,4,3,0,1,1,0,0,0,0,0,0,3.30288E+20,5.51299E+21,6.64424E+15,4.97455E+16
189024,7.17043E+18,7,1,31,7,2017,4,17,4,3,8,1,0,1,0,0,0,0,0,3.66461E+20,5.60073E+21,7.11529E+15,5.05432E+16
189025,7.17043E+18,7,3,17,0,2017,4,18,3,3,1,7,0,1,0,0,0,0,0,3.99188E+20,5.44955E+21,7.6164E+15,4.91905E+16
189026,7.17043E+18,7,3,36,102,2017,4,11,3,3,1,5,0,1,0,0,1,0,0,3.79201E+20,5.4721E+21,7.33539E+15,4.93896E+16
189027,7.17043E+18,7,3,12,0,2017,4,17,3,3,5,3,1,1,0,0,0,0,0,4.0986E+20,5.47744E+21,7.75653E+15,4.9443E+16
189028,7.17043E+18,7,3,38,23,2017,4,8,3,3,6,6,0,1,0,0,1,0,0,4.56346E+20,5.45715E+21,8.39996E+15,4.92656E+16
189029,7.17043E+18,7,1,33,52,2017,4,7,3,3,8,1,0,0,0,1,1,0,0,3.8861E+20,5.51486E+21,7.45288E+15,4.97758E+16
189030,7.17043E+18,7,3,31,73,2017,4,12,3,3,1,6,0,1,0,1,0,0,0,4.36164E+20,5.52113E+21,8.11222E+15,4.98392E+16
189031,7.17043E+18,7,2,11,0,2017,4,15,3,3,2,2,0,1,0,0,0,0,0,3.27651E+20,5.51153E+21,6.60832E+15,4.97316E+16
189032,7.17043E+18,7,1,41,6,2017,4,11,3,3,5,3,1,1,0,0,0,0,0,4.08437E+20,5.57651E+21,7.71344E+15,5.03336E+16
189033,7.17043E+18,7,1,43,48,2017,4,9,3,3,0,1,0,0,0,1,0,0,1,4.16314E+20,5.58785E+21,7.82157E+15,5.04367E+16
189034,7.17043E+18,7,1,38,4,2017,4,9,3,3,1,5,0,1,0,0,0,0,1,3.80133E+20,5.59742E+21,7.30922E+15,5.05165E+16
189035,7.17043E+18,7,1,38,45,2017,4,20,3,2,0,7,1,0,0,0,0,0,0,3.92474E+20,5.58811E+21,7.4859E+15,5.04351E+16
189036,7.17052E+18,7,1,37,3,2017,5,11,7,3,6,4,0,1,1,0,0,0,0,3.86383E+20,5.58814E+21,7.40017E+15,5.04343E+16
189037,7.17043E+18,7,1,38,45,2017,4,14,3,3,2,6,0,1,0,0,0,0,0,3.92773E+20,5.58842E+21,7.49002E+15,5.0438E+16
189038,7.17043E+18,7,1,31,77,2017,4,13,3,2,2,6,0,1,0,0,0,0,0,3.74564E+20,5.59991E+21,7.22987E+15,5.05377E+16
189039,7.17043E+18,7,1,31,7,2017,4,13,3,3,2,1,0,1,0,0,1,0,0,3.66534E+20,5.60095E+21,7.11624E+15,5.05453E+16
189040,7.17061E+18,7,1,43,67,2017,6,15,2,3,4,6,1,1,0,0,0,0,0,4.11924E+20,5.59832E+21,7.7573E+15,5.05302E+16
189041,7.17061E+18,7,1,38,45,2017,6,16,2,3,6,4,0,1,1,0,0,0,0,3.91385E+20,5.58808E+21,7.47059E+15,5.04347E+16
189042,7.17061E+18,7,1,38,45,2017,6,9,2,3,6,4,0,1,1,0,0,0,0,3.90745E+20,5.587E+21,7.46189E+15,5.04248E+16
189043,7.17061E+18,7,1,31,7,2017,6,11,2,3,7,7,0,0,0,1,1,0,0,3.68348E+20,5.60043E+21,7.14202E+15,5.0541E+16
189044,7.17061E+18,7,1,11,0,2017,6,16,2,3,6,4,0,1,1,0,0,0,0,3.98295E+20,5.5777E+21,7.57065E+15,5.03426E+16
189045,7.17061E+18,7,3,35,3,2017,6,14,1,3,5,3,0,1,0,1,0,0,0,3.86531E+20,5.47498E+21,7.43553E+15,4.94169E+16
189046,7.17061E+18,7,3,35,49,2017,6,14,1,3,4,6,1,0,0,0,0,0,0,4.00566E+20,5.48163E+21,7.62731E+15,4.94791E+16