OBJECTID,UIDENTSTLA,ULAND,UREGBEZ,UKREIS,UGEMEINDE,UJAHR,UMONAT,USTUNDE,UWOCHENTAG,UKATEGORIE,UART,UTYP1,IstRad,IstPKW,IstFuss,IstKrad,IstSonstig,LICHT,STRZUSTAND,LINREFX,LINREFY,XGCSWGS84,YGCSWGS84
189220,7.17053E+18,7,3,15,0,2017,5,21,1,3,6,6,0,1,1,0,0,2,1,4.44475E+20,5.54068E+21,8.22498E+15,5.00159E+16
189221,7.17053E+18,7,1,41,29,2017,5,16,1,3,0,1,1,0,0,0,0,0,0,4.30628E+20,5.5802E+21,8.02452E+15,5.03698E+16
189222,7.17053E+18,7,3,14,0,2017,5,18,7,3,2,6,0,1,0,0,0,0,0,4.58092E+20,5.48166E+21,8.42139E+15,4.94861E+16
189223,7.17053E+18,7,3,14,0,2017,5,8,7,3,5,3,0,1,0,1,0,0,0,4.58563E+20,5.47889E+21,8.42817E+15,4.94612E+16
189224,7.17053E+18,7,3,33,19,2017,5,16,7,3,6,4,0,0,1,1,0,0,0,4.31816E+20,5.48963E+21,8.05725E+15,4.95554E+16
189225,7.17053E+18,7,3,19,0,2017,5,12,7,3,0,3,0,1,1,0,0,0,0,4.54129E+20,5.49816E+21,8.36475E+15,4.96343E+16
189226,7.17053E+18,7,2,33,214,2017,5,16,7,3,4,6,1,1,0,0,0,0,0,3.1815E+20,5.58135E+21,6.44348E+15,5.03561E+16
189227,7.17053E+18,7,1,41,29,2017,5,10,7,3,1,6,0,1,0,0,1,0,0,4.31789E+20,5.58068E+21,8.04075E+15,5.03742E+16
189228,7.17053E+18,7,1,32,72,2017,5,10,7,3,5,3,0,1,0,1,0,0,0,4.25931E+20,5.6311E+21,7.94833E+15,5.08269E+16
189229,7.17053E+18,7,1,41,75,2017,5,22,7,2,1,5,0,1,0,0,0,2,0,4.00643E+20,5.57295E+21,7.60489E+15,5.03003E+16
189230,7.17053E+18,7,3,36,92,2017,5,9,6,3,1,2,0,1,0,0,1,0,0,3.82523E+20,5.47431E+21,7.38049E+15,4.94101E+16
189231,7.17053E+18,7,3,35,26,2017,5,14,6,3,0,7,0,1,0,0,1,0,0,4.14689E+20,5.48105E+21,7.82235E+15,4.94761E+16
189232,7.17053E+18,7,3,12,0,2017,5,13,6,3,6,2,0,1,1,0,0,0,0,4.11871E+20,5.47758E+21,7.78424E+15,4.94445E+16
189233,7.17053E+18,7,3,32,29,2017,5,10,6,3,5,3,0,1,0,0,1,0,0,4.39139E+20,5.49521E+21,8.15764E+15,4.96064E+16
189234,7.17053E+18,7,3,38,19,2017,5,15,6,2,2,7,0,1,0,1,0,0,0,4.53445E+20,5.47729E+21,8.35774E+15,4.94465E+16
189235,7.17053E+18,7,3,38,5,2017,5,12,6,3,1,5,0,1,0,0,0,0,0,4.50051E+20,5.46765E+21,8.31213E+15,4.93596E+16
189236,7.17053E+18,7,3,11,0,2017,5,23,6,2,0,1,1,0,0,0,0,2,0,4.52857E+20,5.48718E+21,8.34845E+15,4.95354E+16
189237,7.17053E+18,7,3,14,0,2017,5,18,6,3,2,6,0,1,0,0,0,0,0,4.59792E+20,5.48092E+21,8.44493E+15,4.94795E+16
189238,7.17053E+18,7,1,33,501,2017,5,11,6,3,3,6,1,1,0,0,0,0,0,4.04298E+20,5.51536E+21,7.67058E+15,4.97831E+16
189239,7.17053E+18,7,3,39,30,2017,5,11,6,3,1,7,0,1,0,1,0,0,0,4.32714E+20,5.53492E+21,8.06185E+15,4.99628E+16
189240,7.17053E+18,7,2,35,118,2017,5,17,6,3,6,6,0,1,1,0,0,0,0,3.22929E+20,5.49796E+21,6.549E+15,4.96082E+16
189241,7.17053E+18,7,1,43,218,2017,5,17,6,3,0,7,1,1,0,0,0,0,0,4.36813E+20,5.60288E+21,8.10764E+15,5.05744E+16
189242,7.17053E+18,7,1,43,62,2017,5,18,6,2,4,2,0,1,0,1,0,0,0,4.09303E+20,5.59114E+21,7.72207E+15,5.04653E+16
189243,7.17053E+18,7,1,37,70,2017,5,15,6,2,5,3,0,1,0,1,0,0,0,3.79142E+20,5.57004E+21,7.30405E+15,5.02702E+16
189244,7.17053E+18,7,1,37,3,2017,5,11,6,2,6,4,1,0,1,0,0,0,0,3.86019E+20,5.58851E+21,7.39492E+15,5.04375E+16
189245,7.17053E+18,7,1,11,0,2017,5,15,6,3,6,4,0,1,1,0,0,0,0,4.00006E+20,5.57956E+21,7.5942E+15,5.03596E+16
189246,7.17053E+18,7,1,11,0,2017,5,10,6,2,0,1,0,0,0,1,0,0,0,4.01026E+20,5.57869E+21,7.60877E+15,5.0352E+16
189247,7.17053E+18,7,3,34,501,2017,5,16,5,3,0,7,1,0,0,0,1,0,0,4.48583E+20,5.43186E+21,8.2965E+15,4.90375E+16
189248,7.17053E+18,7,3,18,0,2017,5,12,5,3,0,3,0,1,0,1,0,0,0,4.59088E+20,5.46234E+21,8.43713E+15,4.93124E+16
189249,7.17053E+18,7,2,31,134,2017,5,3,5,3,8,7,0,1,0,0,0,2,0,3.52804E+20,5.53699E+21,6.94744E+15,4.99671E+16
189250,7.17053E+18,7,1,31,70,2017,5,0,5,3,1,5,1,1,0,0,0,2,0,3.76466E+20,5.60371E+21,7.25544E+15,5.05723E+16
189251,7.17053E+18,7,1,41,75,2017,5,15,5,3,0,1,1,0,0,0,0,0,0,4.01552E+20,5.57176E+21,7.61797E+15,5.02898E+16
189252,7.17053E+18,7,1,41,75,2017,5,15,5,3,0,1,1,0,0,0,0,0,0,4.01552E+20,5.57176E+21,7.61797E+15,5.02898E+16
189253,7.17052E+18,7,3,34,7,2017,5,18,4,3,0,1,1,0,0,0,0,0,0,4.53826E+20,5.45276E+21,8.36584E+15,4.92258E+16
189254,7.17052E+18,7,3,13,0,2017,5,8,4,2,4,6,0,1,0,0,0,0,0,4.35101E+20,5.45246E+21,8.10875E+15,4.92215E+16
189255,7.17052E+18,7,1,33,6,2017,5,16,4,3,5,3,0,1,0,0,0,0,0,4.21364E+20,5.52362E+21,7.90593E+15,4.98599E+16
189256,7.17052E+18,7,3,39,30,2017,5,18,4,3,1,6,0,1,0,0,0,0,0,4.32494E+20,5.53536E+21,8.0587E+15,4.99668E+16
189257,7.17052E+18,7,3,39,30,2017,5,11,4,3,7,6,0,1,0,0,0,0,0,4.32136E+20,5.53636E+21,8.05353E+15,4.99757E+16
189258,7.17052E+18,7,2,11,0,2017,5,22,4,2,7,1,1,0,0,0,0,2,0,3.31021E+20,5.51634E+21,6.65296E+15,4.97758E+16
189259,7.17052E+18,7,1,43,210,2017,5,14,4,3,0,1,1,0,0,0,0,0,0,4.25234E+20,5.5944E+21,7.94585E+15,5.04968E+16
189260,7.17052E+18,7,1,43,32,2017,5,12,4,3,5,3,0,1,0,0,0,0,0,4.06075E+20,5.58767E+21,7.67747E+15,5.04336E+16
189261,7.17052E+18,7,1,38,45,2017,5,17,4,3,5,3,1,1,0,0,0,0,0,3.93423E+20,5.59196E+21,7.49816E+15,5.047E+16
189262,7.17052E+18,7,1,38,45,2017,5,10,4,3,5,2,1,1,0,0,0,0,0,3.91327E+20,5.58843E+21,7.46967E+15,5.04378E+16
189263,7.17052E+18,7,1,37,216,2017,5,17,4,3,5,3,0,1,0,0,0,0,0,3.93824E+20,5.58378E+21,7.50613E+15,5.03964E+16
189264,7.17052E+18,7,1,41,75,2017,5,23,4,3,0,1,1,0,0,0,0,2,0,4.00838E+20,5.5739E+21,7.60738E+15,5.03089E+16
189265,7.17052E+18,7,1,40,501,2017,5,16,4,3,5,3,0,1,0,1,0,0,0,4.00845E+20,5.56305E+21,7.61033E+15,5.02113E+16
189266,7.17052E+18,7,3,32,19,2017,5,16,3,3,6,6,1,0,1,0,0,0,0,4.42953E+20,5.48412E+21,8.21202E+15,4.9507E+16
189267,7.17052E+18,7,3,18,0,2017,5,14,3,2,6,4,0,0,1,1,0,0,0,4.58393E+20,5.46336E+21,8.42746E+15,4.93215E+16
189268,7.17052E+18,7,3,18,0,2017,5,13,3,3,5,3,0,1,0,1,0,0,0,4.57424E+20,5.46271E+21,8.41419E+15,4.93157E+16
189269,7.17052E+18,7,3,11,0,2017,5,17,3,3,3,6,0,1,0,1,0,0,0,4.53069E+20,5.48574E+21,8.35155E+15,4.95225E+16
189270,7.17052E+18,7,3,11,0,2017,5,11,3,3,3,2,0,0,0,1,1,0,0,4.52681E+20,5.48809E+21,8.34591E+15,4.95435E+16
189271,7.17052E+18,7,3,14,0,2017,5,18,3,3,1,5,0,1,0,1,0,0,0,4.51578E+20,5.47999E+21,8.33165E+15,4.94706E+16
189272,7.17052E+18,7,3,14,0,2017,5,17,3,3,4,2,1,1,0,0,0,0,0,4.57634E+20,5.48048E+21,8.41519E+15,4.94755E+16
189273,7.17052E+18,7,3,14,0,2017,5,12,3,3,2,6,1,1,0,0,0,0,0,4.60061E+20,5.48104E+21,8.44863E+15,4.94806E+16
189274,7.17052E+18,7,3,15,0,2017,5,14,3,3,1,5,1,1,0,0,0,0,0,4.47635E+20,5.5378E+21,8.26948E+15,4.99902E+16
189275,7.17052E+18,7,3,15,0,2017,5,12,3,3,0,1,1,0,0,0,0,0,0,4.47448E+20,5.53916E+21,8.26668E+15,5.00025E+16
189276,7.17052E+18,7,2,31,503,2017,5,17,3,3,8,1,0,0,0,1,0,0,0,3.41001E+20,5.54015E+21,6.78168E+15,4.99925E+16
189277,7.17052E+18,7,2,35,21,2017,5,16,3,3,3,6,1,1,0,0,0,0,0,3.43513E+20,5.50934E+21,6.82915E+15,4.97162E+16
189278,7.17052E+18,7,2,11,0,2017,5,19,3,3,5,3,1,0,0,0,1,0,0,3.2971E+20,5.51505E+21,6.63534E+15,4.97638E+16
189279,7.17052E+18,7,2,11,0,2017,5,15,3,3,8,1,1,0,0,0,0,0,0,3.30533E+20,5.51559E+21,6.64651E+15,4.97688E+16
189280,7.17052E+18,7,1,43,48,2017,5,10,3,3,4,2,0,1,0,1,0,0,0,4.16687E+20,5.58782E+21,7.82683E+15,5.04365E+16
189281,7.17052E+18,7,1,38,61,2017,5,17,3,2,6,4,0,1,1,0,0,0,0,3.92806E+20,5.59571E+21,7.4884E+15,5.05036E+16
189282,7.17052E+18,7,1,38,73,2017,5,16,3,3,5,3,0,1,0,0,0,0,0,3.73943E+20,5.60647E+21,7.21889E+15,5.05965E+16
189283,7.17052E+18,7,1,38,45,2017,5,15,3,3,4,2,0,1,0,0,0,0,0,3.93456E+20,5.5886E+21,7.49958E+15,5.04397E+16
189284,7.17052E+18,7,1,37,3,2017,5,13,3,3,5,3,1,1,0,0,0,0,0,3.86433E+20,5.58826E+21,7.40082E+15,5.04354E+16
189285,7.17052E+18,7,1,11,0,2017,5,13,3,2,8,1,0,1,0,0,0,0,0,3.97339E+20,5.58279E+21,7.55584E+15,5.03882E+16
189286,7.17052E+18,7,1,11,0,2017,5,18,3,3,6,4,0,1,1,0,0,0,0,3.99867E+20,5.5788E+21,7.59245E+15,5.03527E+16
189287,7.17052E+18,7,1,11,0,2017,5,13,3,3,6,4,0,1,1,0,0,0,0,3.99661E+20,5.57891E+21,7.58953E+15,5.03537E+16
189288,7.17052E+18,7,3,12,0,2017,5,11,2,3,1,1,0,1,0,0,0,0,0,4.12007E+20,5.47793E+21,7.78603E+15,4.94476E+16
189289,7.17052E+18,7,3,32,25,2017,5,8,2,3,5,3,1,0,0,0,1,0,0,4.45857E+20,5.46889E+21,8.25421E+15,4.93703E+16
189290,7.17052E+18,7,3,34,17,2017,5,13,2,3,0,6,0,1,1,0,0,0,0,4.52012E+20,5.45582E+21,8.34055E+15,4.92533E+16
189291,7.17052E+18,7,3,14,0,2017,5,15,2,3,0,1,0,0,0,1,0,0,0,4.58109E+20,5.48166E+21,8.42161E+15,4.94861E+16
189292,7.17052E+18,7,1,33,6,2017,5,14,2,3,8,1,0,1,0,0,0,0,0,4.18325E+20,5.52287E+21,7.86382E+15,4.98526E+16
189293,7.17052E+18,7,1,33,6,2017,5,13,2,3,4,6,0,1,0,0,0,0,0,4.19157E+20,5.52288E+21,7.87538E+15,4.98529E+16
189294,7.17052E+18,7,3,31,73,2017,5,17,2,3,0,1,1,0,0,0,0,0,0,4.36404E+20,5.52121E+21,8.11555E+15,4.98399E+16
189295,7.17052E+18,7,3,15,0,2017,5,8,2,3,5,2,0,1,0,0,0,0,0,4.47375E+20,5.53464E+21,8.26628E+15,4.99618E+16
189296,7.17052E+18,7,3,15,0,2017,5,11,2,3,1,5,1,1,0,0,0,0,0,4.46815E+20,5.53966E+21,8.25778E+15,5.00069E+16
189297,7.17052E+18,7,3,15,0,2017,5,13,2,3,1,6,0,1,0,0,0,0,0,4.47622E+20,5.53876E+21,8.26916E+15,4.99989E+16
189298,7.17052E+18,7,2,35,51,2017,5,18,2,3,4,2,1,1,0,0,0,0,0,3.23242E+20,5.50907E+21,6.54831E+15,4.97082E+16
189299,7.17052E+18,7,2,11,0,2017,5,9,2,3,3,6,0,1,0,0,1,0,0,3.30213E+20,5.51459E+21,6.6425E+15,4.97598E+16
189300,7.17052E+18,7,1,38,4,2017,5,12,2,3,5,3,1,1,0,0,0,0,0,3.80135E+20,5.59693E+21,7.30941E+15,5.05121E+16
189301,7.17052E+18,7,1,35,45,2017,5,22,2,3,8,1,0,0,0,1,0,1,0,3.67525E+20,5.5662E+21,7.14246E+15,5.02331E+16
189302,7.17052E+18,7,1,31,77,2017,5,17,2,3,0,1,1,0,0,0,0,0,0,3.73723E+20,5.60146E+21,7.21748E+15,5.05514E+16
189303,7.17052E+18,7,1,11,0,2017,5,12,2,2,0,1,1,0,0,0,0,0,0,3.97749E+20,5.57794E+21,7.56293E+15,5.03447E+16
189304,7.17052E+18,7,3,16,0,2017,5,10,1,2,5,7,0,1,0,0,0,0,0,4.41741E+20,5.46416E+21,8.19822E+15,4.93274E+16
189305,7.17052E+18,7,3,34,501,2017,5,17,1,3,6,7,1,0,1,0,0,0,0,4.47428E+20,5.43149E+21,8.28075E+15,4.9034E+16
189306,7.17052E+18,7,3,37,5,2017,5,17,1,3,1,1,1,1,0,0,0,0,0,4.27411E+20,5.43957E+21,8.00548E+15,4.91047E+16
189307,7.17052E+18,7,3,14,0,2017,5,10,1,3,6,7,0,1,1,0,0,0,0,4.57209E+20,5.48272E+21,8.40907E+15,4.94956E+16
189308,7.17052E+18,7,3,15,0,2017,5,19,1,3,1,5,1,1,0,0,0,0,0,4.48263E+20,5.53516E+21,8.27859E+15,4.99666E+16
189309,7.17052E+18,7,3,15,0,2017,5,15,1,2,8,1,0,1,0,0,0,0,0,4.47522E+20,5.53757E+21,8.26792E+15,4.99882E+16
189310,7.17052E+18,7,1,38,45,2017,5,14,1,3,5,3,0,1,0,0,0,0,0,3.91167E+20,5.58781E+21,7.46759E+15,5.04322E+16
189311,7.17052E+18,7,1,31,7,2017,5,16,1,3,6,4,1,0,1,0,0,0,0,3.65399E+20,5.60028E+21,7.10046E+15,5.0539E+16
189312,7.17052E+18,7,1,11,0,2017,5,20,1,3,6,4,0,1,1,0,0,0,0,3.99903E+20,5.58119E+21,7.59233E+15,5.03743E+16
189313,7.17052E+18,7,3,11,0,2017,5,14,7,3,0,1,1,0,0,0,0,0,0,4.52991E+20,5.48715E+21,8.35031E+15,4.95351E+16
189314,7.17052E+18,7,3,19,0,2017,5,14,7,3,6,7,0,1,1,0,0,0,0,4.53961E+20,5.49733E+21,8.36252E+15,4.96268E+16
189315,7.17052E+18,7,3,15,0,2017,5,14,7,3,5,3,1,1,0,0,0,0,0,4.47504E+20,5.53941E+21,8.26743E+15,5.00047E+16
189316,7.17052E+18,7,2,35,125,2017,5,1,7,3,0,1,1,0,0,0,0,2,0,3.37208E+20,5.52098E+21,6.73688E+15,4.98191E+16
189317,7.1707E+18,7,3,19,0,2017,7,18,3,3,1,6,1,1,0,0,0,0,0,4.53519E+20,5.49707E+21,8.35643E+15,4.96244E+16
189318,7.1707E+18,7,3,19,0,2017,7,14,3,2,4,2,0,1,0,0,0,0,0,4.54457E+20,5.49802E+21,8.3693E+15,4.96331E+16
189319,7.1707E+18,7,1,35,25,2017,7,13,3,2,0,1,1,0,0,0,0,0,0,3.7346E+20,5.55322E+21,7.22997E+15,5.01177E+16
189320,7.1707E+18,7,1,37,86,2017,7,15,3,3,6,7,0,1,1,0,0,0,0,3.85939E+20,5.57908E+21,7.39666E+15,5.03527E+16
189321,7.1707E+18,7,1,11,0,2017,7,23,3,3,1,5,0,1,0,1,0,2,0,3.99114E+20,5.58413E+21,7.58044E+15,5.04005E+16
189322,7.17071E+18,7,1,38,45,2017,7,20,4,3,5,3,0,1,0,0,0,0,0,3.96651E+20,5.58667E+21,7.5451E+15,5.0423E+16
189323,7.1707E+18,7,3,12,0,2017,7,19,3,2,6,4,1,0,1,0,0,0,0,4.10111E+20,5.47619E+21,7.76028E+15,4.94317E+16
189324,7.1707E+18,7,3,12,0,2017,7,11,3,3,4,2,0,1,0,0,0,0,0,4.10061E+20,5.47682E+21,7.75944E+15,4.94374E+16
189325,7.1707E+18,7,3,12,0,2017,7,8,3,3,0,1,1,0,0,0,0,0,0,4.10367E+20,5.47757E+21,7.76349E+15,4.94442E+16
189326,7.1707E+18,7,3,12,0,2017,7,13,3,3,6,4,1,0,1,0,0,0,0,4.10684E+20,5.47771E+21,7.76784E+15,4.94455E+16
189327,7.1707E+18,7,3,12,0,2017,7,11,3,3,6,6,1,0,1,0,0,0,0,4.11683E+20,5.47797E+21,7.78155E+15,4.9448E+16
189328,7.1707E+18,7,3,13,0,2017,7,20,2,3,0,1,1,0,0,0,0,0,0,4.35076E+20,5.45077E+21,8.10867E+15,4.92063E+16
189329,7.1707E+18,7,3,18,0,2017,7,14,2,3,3,6,1,1,0,0,0,0,0,4.58796E+20,5.46339E+21,8.43299E+15,4.93218E+16
189330,7.1707E+18,7,3,38,25,2017,7,18,2,2,5,3,0,1,0,1,0,0,0,4.55787E+20,5.47027E+21,8.39083E+15,4.93836E+16
189331,7.1707E+18,7,3,14,0,2017,7,17,2,2,1,5,1,1,0,0,0,0,0,4.59239E+20,5.48194E+21,8.43719E+15,4.94887E+16
189332,7.1707E+18,7,3,14,0,2017,7,15,2,3,5,3,0,1,0,1,0,0,0,4.58049E+20,5.48055E+21,8.4209E+15,4.94761E+16
189333,7.1707E+18,7,3,15,0,2017,7,20,2,1,8,7,1,1,0,0,0,0,0,4.4788E+20,5.53434E+21,8.27336E+15,4.99592E+16
189334,7.1707E+18,7,3,15,0,2017,7,19,2,3,0,1,0,0,0,1,0,0,0,4.45253E+20,5.53766E+21,8.23626E+15,4.99888E+16
189335,7.1707E+18,7,3,15,0,2017,7,8,2,3,4,7,0,1,0,0,0,0,0,4.4683E+20,5.5399E+21,8.25795E+15,5.0009E+16
189336,7.1707E+18,7,3,15,0,2017,7,9,2,3,0,7,1,0,0,0,1,0,0,4.47324E+20,5.53887E+21,8.26499E+15,4.99999E+16
189337,7.1707E+18,7,3,15,0,2017,7,7,2,2,6,4,0,1,1,0,0,0,0,4.47659E+20,5.53871E+21,8.26968E+15,4.99984E+16
189338,7.1707E+18,7,2,11,0,2017,7,13,2,3,5,7,1,1,0,0,0,0,0,3.3276E+20,5.51577E+21,6.67734E+15,4.97711E+16
189339,7.1707E+18,7,1,43,48,2017,7,16,2,3,2,6,0,1,0,0,0,0,0,4.16653E+20,5.58797E+21,7.82632E+15,5.04378E+16
189340,7.1707E+18,7,1,38,59,2017,7,21,2,3,6,6,0,0,1,1,0,0,0,4.028E+20,5.60275E+21,7.62744E+15,5.05686E+16
189341,7.1707E+18,7,1,11,0,2017,7,16,2,2,2,6,1,0,0,0,0,0,0,3.996E+20,5.58076E+21,7.58817E+15,5.03703E+16
189342,7.1707E+18,7,3,12,0,2017,7,2,1,3,6,4,0,1,1,0,0,2,1,4.10884E+20,5.47781E+21,7.77057E+15,4.94464E+16
189343,7.1707E+18,7,3,38,23,2017,7,13,1,3,5,3,0,1,0,1,0,0,0,4.56899E+20,5.45981E+21,8.40729E+15,4.92896E+16
189344,7.1707E+18,7,3,39,9,2017,7,19,1,2,0,7,1,0,0,0,0,0,0,4.3962E+20,5.54109E+21,8.15716E+15,5.0019E+16
189345,7.1707E+18,7,1,37,3,2017,7,2,1,3,9,1,0,1,0,0,0,2,1,3.85951E+20,5.58903E+21,7.39381E+15,5.04422E+16
189346,7.1707E+18,7,3,32,25,2017,7,12,7,2,0,1,1,0,0,0,0,0,0,4.45107E+20,5.46636E+21,8.24423E+15,4.93475E+16
189347,7.1707E+18,7,3,14,0,2017,7,13,7,3,2,6,0,1,0,0,1,0,0,4.53139E+20,5.48148E+21,8.35302E+15,4.94842E+16
189348,7.1707E+18,7,3,14,0,2017,7,20,7,3,5,1,1,1,0,0,0,0,1,4.59745E+20,5.48098E+21,8.44427E+15,4.94801E+16
189349,7.1707E+18,7,3,15,0,2017,7,15,7,3,5,3,0,1,0,1,0,0,1,4.43854E+20,5.53951E+21,8.21648E+15,5.00052E+16
189350,7.1707E+18,7,2,35,81,2017,7,6,7,3,8,1,0,1,0,1,0,0,0,3.38282E+20,5.49727E+21,6.76161E+15,4.96063E+16
189351,7.1707E+18,7,1,43,308,2017,7,14,7,3,0,1,0,0,0,1,0,0,1,4.26817E+20,5.601E+21,7.96686E+15,5.05563E+16
189352,7.1707E+18,7,1,41,29,2017,7,20,7,2,9,1,1,0,0,0,0,0,1,4.29445E+20,5.57992E+21,8.00793E+15,5.03671E+16
189353,7.1707E+18,7,1,38,45,2017,7,11,7,3,5,3,0,1,0,0,0,0,1,3.9696E+20,5.58985E+21,7.54857E+15,5.04516E+16
189354,7.1707E+18,7,1,11,0,2017,7,15,7,2,0,1,0,0,0,1,0,0,1,3.97869E+20,5.57747E+21,7.56474E+15,5.03405E+16
189355,7.17063E+18,7,3,17,0,2017,6,7,6,3,5,3,0,1,0,1,0,0,0,3.97158E+20,5.44944E+21,7.58858E+15,4.91891E+16
189356,7.17063E+18,7,3,34,501,2017,6,23,6,3,2,6,0,1,0,0,0,2,0,4.46983E+20,5.43353E+21,8.2744E+15,4.90524E+16
189357,7.17063E+18,7,3,13,0,2017,6,20,6,3,5,3,0,1,0,0,0,0,0,4.36227E+20,5.44957E+21,8.12466E+15,4.91956E+16
189358,7.17063E+18,7,1,33,6,2017,6,17,6,3,3,2,1,1,0,0,0,0,0,4.19897E+20,5.52223E+21,7.88581E+15,4.98471E+16
189359,7.17063E+18,7,1,33,6,2017,6,12,6,3,1,6,0,1,0,1,0,0,0,4.17817E+20,5.52234E+21,7.85685E+15,4.98478E+16
189360,7.17063E+18,7,3,39,24,2017,6,14,6,3,7,6,1,0,0,0,0,0,0,4.52658E+20,5.51634E+21,8.34217E+15,4.97976E+16
189361,7.17063E+18,7,3,15,0,2017,6,15,6,3,5,7,1,1,0,0,0,0,0,4.44354E+20,5.53482E+21,8.22413E+15,4.99631E+16
189362,7.17063E+18,7,2,32,18,2017,6,11,6,3,2,6,0,1,0,0,0,0,0,3.22342E+20,5.53806E+21,6.52256E+15,4.99684E+16
189363,7.17063E+18,7,1,38,47,2017,6,17,6,3,1,5,1,1,0,0,0,0,0,3.8809E+20,5.59909E+21,7.42091E+15,5.0533E+16
189364,7.17063E+18,7,1,31,7,2017,6,9,6,3,3,6,1,0,0,1,0,0,0,3.68554E+20,5.60106E+21,7.1447E+15,5.05466E+16
189365,7.17063E+18,7,3,36,92,2017,6,19,5,2,6,7,0,1,1,0,0,0,0,3.82444E+20,5.47405E+21,7.37947E+15,4.94078E+16
189366,7.17063E+18,7,3,12,0,2017,6,15,5,2,5,2,0,1,0,0,1,0,0,4.06813E+20,5.47737E+21,7.71453E+15,4.94418E+16
189367,7.17063E+18,7,3,12,0,2017,6,19,5,3,5,3,0,1,0,1,0,0,0,4.11631E+20,5.47747E+21,7.78095E+15,4.94435E+16
189368,7.17063E+18,7,3,16,0,2017,6,19,5,3,0,1,1,0,0,0,0,0,0,4.42209E+20,5.46488E+21,8.20455E+15,4.93339E+16
189369,7.17063E+18,7,3,16,0,2017,6,16,5,3,0,7,0,0,0,1,1,0,1,4.36797E+20,5.46422E+21,8.13017E+15,4.93274E+16
189370,7.17063E+18,7,3,34,13,2017,6,11,5,3,5,3,0,1,0,0,1,0,1,4.39958E+20,5.43875E+21,8.17748E+15,4.90987E+16
189371,7.17063E+18,7,3,18,0,2017,6,12,5,2,6,7,0,1,1,0,0,0,0,4.58741E+20,5.46135E+21,8.43246E+15,4.93035E+16
189372,7.17063E+18,7,3,15,0,2017,6,19,5,3,0,1,1,0,0,0,0,0,0,4.47536E+20,5.53853E+21,8.26799E+15,4.99968E+16
189373,7.17063E+18,7,2,11,0,2017,6,12,5,3,0,1,0,0,0,1,0,0,0,3.30129E+20,5.51382E+21,6.64168E+15,4.97528E+16
189374,7.17063E+18,7,1,11,0,2017,6,7,5,3,3,6,1,1,0,0,0,0,0,4.0076E+20,5.57837E+21,7.60511E+15,5.0349E+16
189375,7.17063E+18,7,3,12,0,2017,6,10,4,3,2,6,0,1,0,0,1,0,0,4.06136E+20,5.47739E+21,7.70518E+15,4.9442E+16
189376,7.17063E+18,7,3,16,0,2017,6,16,4,3,1,5,1,1,0,0,0,0,0,4.38621E+20,5.46695E+21,8.15485E+15,4.93522E+16
189377,7.17063E+18,7,3,18,0,2017,6,7,4,3,1,5,1,1,0,0,0,0,0,4.58127E+20,5.46334E+21,8.4238E+15,4.93214E+16
189378,7.17063E+18,7,3,14,0,2017,6,7,4,2,4,2,1,1,0,0,0,0,1,4.57555E+20,5.48282E+21,8.41384E+15,4.94966E+16
189379,7.17063E+18,7,1,33,6,2017,6,13,4,3,1,6,0,1,0,1,0,0,0,4.20397E+20,5.52268E+21,7.89267E+15,4.98512E+16
189380,7.17063E+18,7,2,11,0,2017,6,9,4,3,6,4,0,1,1,0,0,0,1,3.32375E+20,5.51398E+21,6.67277E+15,4.97549E+16
189381,7.17063E+18,7,1,43,30,2017,6,17,4,3,4,3,0,1,0,0,0,0,0,4.06304E+20,5.58941E+21,7.68027E+15,5.04492E+16
189382,7.17063E+18,7,1,32,117,2017,6,11,4,3,0,1,1,0,0,0,0,0,1,4.10217E+20,5.62611E+21,7.72649E+15,5.07797E+16
189383,7.17063E+18,7,3,32,2,2017,6,8,3,3,1,1,1,1,0,0,0,0,0,4.40892E+20,5.47944E+21,8.18426E+15,4.94647E+16
189384,7.17063E+18,7,3,38,25,2017,6,18,3,3,5,3,0,1,0,0,0,0,0,4.55225E+20,5.46999E+21,8.38312E+15,4.9381E+16
189385,7.17063E+18,7,3,14,0,2017,6,6,3,3,6,7,1,0,1,0,0,0,0,4.58655E+20,5.47912E+21,8.42943E+15,4.94633E+16
189386,7.17063E+18,7,1,33,6,2017,6,18,3,2,5,3,0,1,0,0,0,0,0,4.19399E+20,5.52197E+21,7.87894E+15,4.98447E+16
189387,7.17063E+18,7,3,19,0,2017,6,13,3,3,0,5,1,0,0,0,1,0,0,4.53092E+20,5.50157E+21,8.34998E+15,4.96648E+16
189388,7.17063E+18,7,3,15,0,2017,6,10,3,3,1,6,0,1,0,0,0,0,0,4.47501E+20,5.53754E+21,8.26765E+15,4.99879E+16
189389,7.17063E+18,7,1,34,45,2017,6,14,3,3,4,6,0,1,0,0,0,0,0,3.78654E+20,5.50958E+21,7.3163E+15,4.97264E+16
189390,7.17063E+18,7,1,38,45,2017,6,17,3,3,5,3,0,1,0,0,0,0,0,3.91056E+20,5.58668E+21,7.46636E+15,5.0422E+16
189391,7.17063E+18,7,3,17,0,2017,6,22,2,3,1,1,0,1,0,0,0,1,0,3.98839E+20,5.44919E+21,7.6117E+15,4.91871E+16
189392,7.17063E+18,7,3,17,0,2017,6,11,2,3,1,7,0,1,0,1,0,0,0,3.97457E+20,5.45009E+21,7.59251E+15,4.9195E+16