OBJECTID,UIDENTSTLA,ULAND,UREGBEZ,UKREIS,UGEMEINDE,UJAHR,UMONAT,USTUNDE,UWOCHENTAG,UKATEGORIE,UART,UTYP1,IstRad,IstPKW,IstFuss,IstKrad,IstSonstig,LICHT,STRZUSTAND,LINREFX,LINREFY,XGCSWGS84,YGCSWGS84
189565,7.17061E+18,7,1,33,6,2017,6,13,4,3,5,3,0,1,0,0,0,0,0,4.20448E+20,5.52246E+21,7.89342E+15,4.98493E+16
189566,7.17061E+18,7,3,19,0,2017,6,17,4,3,2,6,0,1,0,0,1,0,0,4.54468E+20,5.49805E+21,8.36945E+15,4.96333E+16
189567,7.17061E+18,7,3,39,30,2017,6,18,4,2,3,1,1,1,0,0,0,0,0,4.32518E+20,5.537E+21,8.05875E+15,4.99815E+16
189568,7.17061E+18,7,3,15,0,2017,6,7,4,2,6,4,1,0,1,0,0,0,0,4.45764E+20,5.54003E+21,8.24307E+15,5.00101E+16
189569,7.17061E+18,7,3,15,0,2017,6,22,4,3,0,1,1,0,0,0,0,2,0,4.47493E+20,5.53828E+21,8.26743E+15,4.99945E+16
189570,7.17061E+18,7,2,33,215,2017,6,18,4,2,2,6,0,1,0,1,0,0,1,3.57661E+20,5.56704E+21,7.00393E+15,5.02384E+16
189571,7.17061E+18,7,1,38,12,2017,6,17,4,3,5,2,0,1,0,1,0,0,0,4.03766E+20,5.60035E+21,7.6417E+15,5.05472E+16
189572,7.17061E+18,7,1,37,3,2017,6,18,4,3,6,4,0,1,1,0,0,0,0,3.87222E+20,5.58429E+21,7.41312E+15,5.03998E+16
189573,7.17061E+18,7,3,40,14,2017,6,14,3,3,1,5,1,1,0,0,0,0,0,4.1675E+20,5.4499E+21,7.85731E+15,4.91962E+16
189574,7.17061E+18,7,3,17,0,2017,6,20,3,3,6,4,0,0,1,0,1,0,0,3.97575E+20,5.45149E+21,7.59378E+15,4.92076E+16
189575,7.17061E+18,7,3,36,48,2017,6,10,3,3,1,6,0,0,0,0,1,0,0,3.97081E+20,5.48724E+21,7.57776E+15,4.9529E+16
189576,7.17061E+18,7,3,12,0,2017,6,7,3,3,5,3,1,1,0,0,0,0,0,4.10461E+20,5.47702E+21,7.76492E+15,4.94392E+16
189577,7.17061E+18,7,3,13,0,2017,6,10,3,3,1,7,0,1,0,0,0,0,0,4.3563E+20,5.44997E+21,8.11641E+15,4.91992E+16
189578,7.17061E+18,7,3,18,0,2017,6,18,3,3,1,5,1,1,0,0,0,0,0,4.5914E+20,5.46308E+21,8.43776E+15,4.93191E+16
189579,7.17061E+18,7,3,38,1,2017,6,21,3,3,1,5,1,1,0,0,0,1,0,4.63538E+20,5.4756E+21,8.49713E+15,4.94319E+16
189580,7.17061E+18,7,3,38,5,2017,6,19,3,3,0,1,1,0,0,0,0,0,0,4.4943E+20,5.46992E+21,8.30329E+15,4.93799E+16
189581,7.17061E+18,7,3,11,0,2017,6,17,3,3,0,7,1,0,0,0,0,0,0,4.52805E+20,5.48823E+21,8.3476E+15,4.95448E+16
189582,7.17061E+18,7,3,14,0,2017,6,17,3,3,0,1,0,0,0,1,0,0,0,4.59882E+20,5.4808E+21,8.44618E+15,4.94785E+16
189583,7.17061E+18,7,3,14,0,2017,6,8,3,3,5,3,0,1,0,0,0,0,0,4.60352E+20,5.48067E+21,8.45268E+15,4.94774E+16
189584,7.17061E+18,7,2,32,201,2017,6,10,3,2,5,5,1,1,0,0,0,0,0,3.05134E+20,5.55206E+21,6.27575E+15,5.00888E+16
189585,7.17061E+18,7,2,35,114,2017,6,9,3,2,5,3,1,1,0,0,0,0,0,3.46988E+20,5.50491E+21,6.87905E+15,4.96773E+16
189586,7.17061E+18,7,1,43,249,2017,6,18,3,3,5,3,1,1,0,0,0,0,0,4.23981E+20,5.60028E+21,7.92698E+15,5.05495E+16
189587,7.17061E+18,7,1,32,47,2017,6,7,3,2,7,7,1,0,0,0,1,0,0,4.02504E+20,5.61702E+21,7.61952E+15,5.06968E+16
189588,7.17061E+18,7,1,31,7,2017,6,12,3,3,2,6,0,1,0,0,0,0,0,3.70463E+20,5.6007E+21,7.17176E+15,5.05439E+16
189589,7.17061E+18,7,1,11,0,2017,6,8,3,3,5,3,1,0,0,0,0,0,0,4.00047E+20,5.58052E+21,7.59453E+15,5.03683E+16
189590,7.17061E+18,7,3,12,0,2017,6,16,2,3,5,3,0,1,0,0,0,0,0,4.09862E+20,5.4775E+21,7.75655E+15,4.94434E+16
189591,7.17061E+18,7,3,34,501,2017,6,15,2,3,5,3,0,1,0,0,0,0,0,4.47092E+20,5.43114E+21,8.27619E+15,4.90309E+16
189592,7.17061E+18,7,3,37,5,2017,6,16,2,3,5,3,0,1,0,1,0,0,0,4.26997E+20,5.43867E+21,7.99996E+15,4.90965E+16
189593,7.17061E+18,7,3,37,14,2017,6,21,2,3,5,3,0,1,0,0,0,1,0,4.39151E+20,5.45234E+21,8.16437E+15,4.92208E+16
189594,7.17061E+18,7,3,11,0,2017,6,12,2,3,2,2,0,1,0,1,0,0,0,4.53254E+20,5.48771E+21,8.35387E+15,4.95402E+16
189595,7.17061E+18,7,3,14,0,2017,6,15,2,3,0,1,1,0,0,0,1,0,0,4.5754E+20,5.48549E+21,8.41335E+15,4.95206E+16
189596,7.17061E+18,7,2,11,0,2017,6,10,2,3,1,5,0,1,0,0,0,0,0,3.31408E+20,5.51552E+21,6.65868E+15,4.97685E+16
189597,7.17061E+18,7,2,11,0,2017,6,9,2,2,0,1,1,0,0,0,0,0,0,3.30447E+20,5.51468E+21,6.64571E+15,4.97607E+16
189598,7.1707E+18,7,3,13,0,2017,7,16,3,3,8,1,0,0,0,1,1,0,1,4.35075E+20,5.45016E+21,8.10875E+15,4.92008E+16
189599,7.17061E+18,7,1,43,32,2017,6,13,2,3,6,4,0,1,1,0,0,0,0,4.0564E+20,5.58759E+21,7.67137E+15,5.04328E+16
189600,7.17081E+18,7,1,43,29,2017,8,9,7,3,1,6,0,1,0,0,1,0,0,4.09196E+20,5.60251E+21,7.7178E+15,5.05675E+16
189601,7.17081E+18,7,1,38,45,2017,8,10,7,3,5,3,0,1,0,0,0,0,0,3.9696E+20,5.58985E+21,7.54857E+15,5.04516E+16
189602,7.17081E+18,7,1,38,45,2017,8,13,1,3,5,3,1,1,0,0,0,0,0,3.92965E+20,5.59083E+21,7.49203E+15,5.04597E+16
189603,7.17081E+18,7,3,19,0,2017,8,19,7,3,6,7,0,0,1,1,0,0,0,4.53737E+20,5.49806E+21,8.35933E+15,4.96333E+16
189604,7.1708E+18,7,3,20,0,2017,8,4,6,3,0,1,0,0,0,1,0,2,0,3.79581E+20,5.45515E+21,7.34574E+15,4.92372E+16
189605,7.1708E+18,7,3,37,5,2017,8,11,6,3,2,2,1,0,0,1,0,0,0,4.27771E+20,5.43935E+21,8.01044E+15,4.91028E+16
189606,7.1708E+18,7,3,11,0,2017,8,14,6,3,5,3,1,1,0,0,0,0,0,4.53448E+20,5.48693E+21,8.35665E+15,4.95332E+16
189607,7.17081E+18,7,3,39,30,2017,8,11,7,3,1,5,1,0,0,0,1,0,0,4.30292E+20,5.53786E+21,8.02755E+15,4.9989E+16
189608,7.1708E+18,7,1,33,6,2017,8,16,6,3,6,4,0,1,1,0,0,0,0,4.19095E+20,5.52205E+21,7.87469E+15,4.98454E+16
189609,7.1708E+18,7,1,43,48,2017,8,13,6,3,5,3,0,1,0,0,0,0,0,4.16245E+20,5.58789E+21,7.82059E+15,5.04371E+16
189610,7.1708E+18,7,1,37,3,2017,8,9,6,3,5,3,1,1,0,0,0,0,0,3.87178E+20,5.5847E+21,7.41238E+15,5.04035E+16
189611,7.1708E+18,7,1,41,75,2017,8,16,6,2,5,3,0,1,0,1,0,0,0,4.00924E+20,5.57369E+21,7.60865E+15,5.0307E+16
189612,7.1708E+18,7,1,37,226,2017,8,19,6,3,0,1,1,0,0,0,0,0,0,4.0201E+20,5.58438E+21,7.62112E+15,5.04032E+16
189613,7.1708E+18,7,1,11,0,2017,8,15,6,3,7,1,1,0,0,0,0,0,0,3.98945E+20,5.58026E+21,7.5791E+15,5.03657E+16
189614,7.1708E+18,7,3,12,0,2017,8,17,5,3,1,7,0,1,0,1,0,0,0,4.10845E+20,5.4773E+21,7.77016E+15,4.94418E+16
189615,7.1708E+18,7,3,12,0,2017,8,15,5,3,3,2,1,1,0,0,0,0,0,4.08318E+20,5.4776E+21,7.73523E+15,4.94442E+16
189616,7.1708E+18,7,3,12,0,2017,8,13,5,3,6,4,0,1,1,0,0,0,0,4.10019E+20,5.47752E+21,7.75871E+15,4.94437E+16
189617,7.1708E+18,7,3,16,0,2017,8,16,5,3,6,6,0,1,1,0,0,0,0,4.37406E+20,5.46705E+21,8.1381E+15,4.93529E+16
189618,7.1708E+18,7,3,16,0,2017,8,13,5,2,2,7,1,0,0,0,1,0,0,4.38269E+20,5.46683E+21,8.15002E+15,4.9351E+16
189619,7.1708E+18,7,3,38,7,2017,8,11,5,3,1,3,0,1,0,1,0,0,0,4.55237E+20,5.46285E+21,8.38408E+15,4.93167E+16
189620,7.1708E+18,7,1,43,32,2017,8,14,5,3,1,2,0,1,0,1,0,0,0,4.05579E+20,5.58811E+21,7.67039E+15,5.04374E+16
189621,7.1708E+18,7,1,31,502,2017,8,17,5,3,4,1,0,1,0,1,0,0,0,3.6644E+20,5.58686E+21,7.11994E+15,5.04186E+16
189622,7.1708E+18,7,1,11,0,2017,8,9,5,3,5,3,0,1,0,0,0,0,1,3.99817E+20,5.57852E+21,7.59182E+15,5.03502E+16
189623,7.1708E+18,7,3,33,502,2017,8,16,4,3,8,1,1,0,0,0,0,0,0,4.14917E+20,5.49874E+21,7.82168E+15,4.96352E+16
189624,7.1708E+18,7,3,35,24,2017,8,13,4,3,4,6,0,1,0,0,0,0,0,3.97241E+20,5.48133E+21,7.58149E+15,4.94759E+16
189625,7.1708E+18,7,3,16,0,2017,8,7,4,3,0,5,0,1,0,0,0,0,0,4.38017E+20,5.46619E+21,8.14665E+15,4.93453E+16
189626,7.1708E+18,7,3,34,25,2017,8,18,4,3,4,6,1,0,0,0,0,0,0,4.48978E+20,5.44451E+21,8.3003E+15,4.91513E+16
189627,7.1708E+18,7,3,18,0,2017,8,15,4,3,7,7,1,0,0,0,1,0,0,4.58651E+20,5.46552E+21,8.43078E+15,4.9341E+16
189628,7.1708E+18,7,3,18,0,2017,8,10,4,3,6,7,0,1,1,0,0,0,0,4.59398E+20,5.46326E+21,8.44129E+15,4.93207E+16
189629,7.1708E+18,7,3,11,0,2017,8,15,4,3,6,7,0,1,1,0,0,0,0,4.53379E+20,5.4872E+21,8.35566E+15,4.95356E+16
189630,7.1708E+18,7,3,39,30,2017,8,15,4,3,1,5,1,1,0,0,0,0,0,4.31999E+20,5.53621E+21,8.05166E+15,4.99744E+16
189631,7.1708E+18,7,1,34,45,2017,8,15,4,2,6,4,0,1,1,0,0,0,0,3.77972E+20,5.50953E+21,7.30686E+15,4.97258E+16
189632,7.1708E+18,7,1,43,6,2017,8,17,4,3,5,3,1,1,0,0,0,0,0,4.07358E+20,5.59508E+21,7.6937E+15,5.05004E+16
189633,7.1708E+18,7,1,43,27,2017,8,11,4,3,5,3,0,1,0,0,1,0,0,4.19612E+20,5.58943E+21,7.86767E+15,5.04514E+16
189634,7.1708E+18,7,1,32,501,2017,8,16,4,3,5,7,0,1,0,1,0,0,0,4.03832E+20,5.61569E+21,7.63867E+15,5.06851E+16
189635,7.1708E+18,7,1,37,3,2017,8,12,4,3,0,1,1,0,0,0,0,0,0,3.87276E+20,5.58876E+21,7.41254E+15,5.044E+16
189636,7.1708E+18,7,3,20,0,2017,8,14,3,3,0,1,0,1,0,0,0,0,1,3.81941E+20,5.45348E+21,7.37863E+15,4.92227E+16
189637,7.1708E+18,7,3,20,0,2017,8,2,3,3,6,4,0,1,1,0,0,2,0,3.8069E+20,5.45531E+21,7.36091E+15,4.9239E+16
189638,7.1708E+18,7,3,13,0,2017,8,17,3,3,2,6,0,1,0,0,0,0,0,4.35161E+20,5.44963E+21,8.11002E+15,4.9196E+16
189639,7.1708E+18,7,3,11,0,2017,8,18,3,3,5,3,1,0,0,0,0,0,0,4.53504E+20,5.48599E+21,8.35754E+15,4.95247E+16
189640,7.1708E+18,7,3,14,0,2017,8,16,3,3,1,7,0,1,0,0,1,0,1,4.53062E+20,5.4822E+21,8.35188E+15,4.94906E+16
189641,7.1708E+18,7,2,11,0,2017,8,17,3,3,5,3,1,1,0,0,0,0,0,3.29672E+20,5.51369E+21,6.63539E+15,4.97515E+16
189642,7.1708E+18,7,1,41,29,2017,8,16,3,3,2,2,1,1,0,0,0,0,1,4.3093E+20,5.58001E+21,8.02879E+15,5.03681E+16
189643,7.1708E+18,7,1,41,75,2017,8,14,3,3,5,3,0,1,0,0,0,0,1,4.01226E+20,5.5729E+21,7.61309E+15,5.02999E+16
189644,7.17073E+18,7,3,12,0,2017,7,8,2,3,2,6,0,1,1,0,0,0,0,4.10241E+20,5.47693E+21,7.7619E+15,4.94384E+16
189645,7.17073E+18,7,3,14,0,2017,7,16,2,3,5,3,0,1,0,0,1,0,1,4.54625E+20,5.48177E+21,8.3735E+15,4.94869E+16
189646,7.17073E+18,7,3,14,0,2017,7,13,2,3,0,1,0,0,0,1,0,0,0,4.60174E+20,5.48102E+21,8.45019E+15,4.94805E+16
189647,7.17073E+18,7,3,39,5,2017,7,7,2,2,3,6,1,1,0,0,0,0,0,4.23246E+20,5.53052E+21,7.93074E+15,4.99221E+16
189648,7.17073E+18,7,3,19,0,2017,7,19,2,3,5,3,0,1,0,0,0,0,0,4.53504E+20,5.49792E+21,8.35612E+15,4.96321E+16
189649,7.17073E+18,7,2,35,125,2017,7,11,2,3,0,1,1,0,0,0,0,0,0,3.37093E+20,5.52079E+21,6.73536E+15,4.98174E+16
189650,7.17073E+18,7,1,38,45,2017,7,4,2,3,0,3,1,1,0,0,0,2,0,3.91999E+20,5.58757E+21,7.47937E+15,5.04302E+16
189651,7.17073E+18,7,1,43,229,2017,7,17,1,2,0,1,0,0,0,1,0,0,0,4.15992E+20,5.61189E+21,7.81162E+15,5.06528E+16
189652,7.17073E+18,7,1,38,73,2017,7,15,1,3,7,1,1,1,0,0,0,0,0,3.74224E+20,5.60797E+21,7.22235E+15,5.061E+16
189653,7.17073E+18,7,1,31,7,2017,7,20,1,3,5,3,1,1,0,0,0,0,0,3.65319E+20,5.60073E+21,7.09917E+15,5.0543E+16
189654,7.17073E+18,7,1,11,0,2017,7,13,1,3,5,3,1,1,0,0,0,0,0,3.99152E+20,5.57879E+21,7.5824E+15,5.03525E+16
189655,7.17073E+18,7,3,40,32,2017,7,11,7,3,6,7,0,1,1,0,0,0,0,4.05552E+20,5.4527E+21,7.70298E+15,4.92198E+16
189656,7.17073E+18,7,3,34,7,2017,7,14,7,3,5,3,0,1,0,1,0,0,0,4.54797E+20,5.45151E+21,8.37932E+15,4.92147E+16
189657,7.17073E+18,7,3,38,20,2017,7,11,7,3,0,1,1,0,0,0,0,0,0,4.577E+20,5.47404E+21,8.41679E+15,4.94176E+16
189658,7.17073E+18,7,3,11,0,2017,7,13,7,3,0,1,1,0,0,0,0,0,0,4.52803E+20,5.48763E+21,8.34764E+15,4.95394E+16
189659,7.17073E+18,7,3,11,0,2017,7,13,7,3,5,3,0,1,0,1,0,0,0,4.53334E+20,5.48735E+21,8.35503E+15,4.95369E+16
189660,7.17073E+18,7,2,31,92,2017,7,20,7,3,0,7,0,0,0,0,1,1,0,3.49818E+20,5.52483E+21,6.91056E+15,4.9857E+16
189661,7.17073E+18,7,1,34,45,2017,7,16,7,3,8,1,0,0,0,1,0,0,0,3.77008E+20,5.5092E+21,7.2936E+15,4.97227E+16
189662,7.17073E+18,7,1,43,48,2017,7,11,7,3,1,7,0,1,0,0,0,0,0,4.16895E+20,5.58749E+21,7.82983E+15,5.04336E+16
189663,7.17073E+18,7,1,38,45,2017,7,14,7,2,0,7,1,0,0,0,0,0,0,3.8942E+20,5.589E+21,7.44265E+15,5.04426E+16
189664,7.17073E+18,7,1,37,80,2017,7,20,7,3,0,7,1,0,0,0,0,0,0,3.80124E+20,5.5681E+21,7.31844E+15,5.02529E+16
189665,7.17073E+18,7,1,41,75,2017,7,11,7,2,1,1,1,1,0,0,0,0,0,4.00236E+20,5.57523E+21,7.59858E+15,5.03207E+16
189666,7.17073E+18,7,1,40,501,2017,7,15,7,3,5,3,1,1,0,0,0,0,0,3.99754E+20,5.56547E+21,7.5944E+15,5.02329E+16
189667,7.17073E+18,7,3,40,9,2017,7,14,6,2,5,2,1,1,0,0,0,0,0,4.13411E+20,5.44572E+21,7.81238E+15,4.91582E+16
189668,7.17073E+18,7,3,12,0,2017,7,23,6,2,9,1,0,1,0,0,0,2,0,4.08122E+20,5.47768E+21,7.7325E+15,4.94449E+16
189669,7.17073E+18,7,3,13,0,2017,7,8,6,3,2,6,0,1,0,0,0,0,0,4.35625E+20,5.45092E+21,8.11618E+15,4.92077E+16
189670,7.17073E+18,7,3,11,0,2017,7,12,6,2,6,7,0,1,1,0,0,0,0,4.53476E+20,5.48694E+21,8.35703E+15,4.95333E+16
189671,7.17073E+18,7,2,11,0,2017,7,16,6,3,0,2,0,1,0,1,0,0,0,3.27077E+20,5.51098E+21,6.6006E+15,4.97265E+16
189672,7.17073E+18,7,1,32,18,2017,7,18,6,2,0,1,1,0,0,0,0,0,0,4.27226E+20,5.62104E+21,7.96871E+15,5.07365E+16
189673,7.17073E+18,7,1,38,45,2017,7,14,6,3,5,3,1,1,0,0,0,0,0,3.90585E+20,5.58721E+21,7.45958E+15,5.04267E+16
189674,7.17073E+18,7,1,11,0,2017,7,14,6,3,0,6,1,0,0,0,1,0,0,3.99866E+20,5.57961E+21,7.59222E+15,5.036E+16
189675,7.17073E+18,7,1,11,0,2017,7,8,6,3,5,3,1,1,0,0,0,0,0,3.98146E+20,5.57959E+21,7.56806E+15,5.03596E+16
189676,7.17073E+18,7,3,34,8,2017,7,8,5,3,8,1,0,1,0,0,0,0,1,4.45848E+20,5.43023E+21,8.2593E+15,4.90226E+16
189677,7.17073E+18,7,3,34,7,2017,7,9,5,3,0,5,1,1,0,0,0,0,0,4.54384E+20,5.4518E+21,8.37361E+15,4.92173E+16
189678,7.17073E+18,7,3,18,0,2017,7,11,5,2,1,7,0,1,0,1,0,0,0,4.58315E+20,5.46379E+21,8.42634E+15,4.93254E+16
189679,7.17073E+18,7,3,38,17,2017,7,8,5,3,2,5,0,1,0,0,0,0,1,4.56053E+20,5.47451E+21,8.39403E+15,4.94217E+16
189680,7.17073E+18,7,3,11,0,2017,7,18,5,3,5,3,1,1,0,0,0,0,0,4.52716E+20,5.48765E+21,8.34644E+15,4.95396E+16
189681,7.17073E+18,7,3,11,0,2017,7,12,5,3,1,5,1,1,0,0,0,0,0,4.53118E+20,5.48699E+21,8.35209E+15,4.95337E+16
189682,7.17073E+18,7,1,33,6,2017,7,12,5,2,5,3,1,1,0,0,0,0,0,4.17632E+20,5.52401E+21,7.85393E+15,4.98628E+16
189683,7.17073E+18,7,3,19,0,2017,7,18,5,3,5,2,1,1,0,0,0,0,0,4.54486E+20,5.49815E+21,8.36969E+15,4.96342E+16
189684,7.17073E+18,7,3,15,0,2017,7,15,5,2,2,6,0,1,0,0,0,0,0,4.46028E+20,5.53953E+21,8.24681E+15,5.00056E+16
189685,7.17073E+18,7,1,41,6,2017,7,10,5,3,0,1,0,0,0,1,0,0,1,4.10128E+20,5.57691E+21,7.7371E+15,5.03374E+16
189686,7.17073E+18,7,1,40,144,2017,7,22,5,3,2,2,1,1,0,0,0,2,1,3.95352E+20,5.53858E+21,7.54007E+15,4.99903E+16
189687,7.17073E+18,7,1,37,3,2017,7,7,5,3,0,1,0,0,0,1,0,0,1,3.8661E+20,5.5888E+21,7.40315E+15,5.04402E+16
189688,7.17073E+18,7,3,17,0,2017,7,15,4,1,2,6,0,1,0,0,0,0,0,3.98392E+20,5.45091E+21,7.60514E+15,4.92026E+16
189689,7.17073E+18,7,3,33,19,2017,7,21,4,3,5,3,1,1,0,0,0,1,0,4.32799E+20,5.49012E+21,8.07076E+15,4.95599E+16
189690,7.17073E+18,7,1,37,68,2017,7,22,4,3,3,6,0,1,0,1,0,2,0,3.7374E+20,5.57673E+21,7.22605E+15,5.03291E+16
189691,7.17073E+18,7,1,40,144,2017,7,16,4,3,2,2,0,1,0,0,0,0,0,3.95593E+20,5.53842E+21,7.54347E+15,4.9989E+16
189692,7.17073E+18,7,1,37,221,2017,7,18,4,3,4,6,1,0,0,1,0,0,0,4.01689E+20,5.57091E+21,7.62011E+15,5.02821E+16
189693,7.17073E+18,7,1,11,0,2017,7,19,4,3,6,6,0,1,1,0,0,0,1,4.00708E+20,5.58031E+21,7.60387E+15,5.03664E+16
189694,7.17073E+18,7,3,34,7,2017,7,13,3,2,4,6,0,1,0,0,1,0,1,4.54229E+20,5.45251E+21,8.3714E+15,4.92236E+16
189695,7.17073E+18,7,2,11,0,2017,7,22,3,3,2,3,1,1,0,0,0,2,0,3.30437E+20,5.51467E+21,6.64558E+15,4.97606E+16
189696,7.17073E+18,7,2,11,0,2017,7,21,3,3,2,6,1,1,0,0,0,2,1,3.30374E+20,5.5146E+21,6.64474E+15,4.97599E+16
189697,7.17073E+18,7,1,43,272,2017,7,9,3,3,4,7,0,1,0,0,0,0,1,4.32246E+20,5.60895E+21,8.04205E+15,5.06285E+16
189698,7.17073E+18,7,1,41,29,2017,7,12,3,3,5,2,0,1,0,0,1,0,1,4.31683E+20,5.58024E+21,8.03933E+15,5.03702E+16
189699,7.17073E+18,7,1,31,6,2017,7,22,3,2,1,1,1,1,0,0,0,2,1,3.79459E+20,5.59637E+21,7.30005E+15,5.05069E+16
189700,7.17073E+18,7,1,37,3,2017,7,15,3,3,2,6,0,1,0,0,0,0,1,3.85916E+20,5.58837E+21,7.39351E+15,5.04362E+16
189701,7.17072E+18,7,3,36,95,2017,7,12,2,3,5,5,0,1,0,0,0,0,0,3.9073E+20,5.49522E+21,7.48781E+15,4.95997E+16
189702,7.17072E+18,7,3,12,0,2017,7,15,2,3,0,1,1,0,0,0,0,0,1,4.1117E+20,5.47761E+21,7.77457E+15,4.94446E+16
189703,7.17072E+18,7,3,39,56,2017,7,17,2,3,5,3,0,1,0,0,0,0,1,4.27448E+20,5.52378E+21,7.99053E+15,4.9862E+16
189704,7.17072E+18,7,3,39,5,2017,7,14,2,3,3,6,0,1,0,0,0,0,0,4.23267E+20,5.53361E+21,7.93042E+15,4.99499E+16
189705,7.17072E+18,7,3,19,0,2017,7,16,2,3,0,7,1,0,0,0,0,0,0,4.47943E+20,5.49848E+21,8.27904E+15,4.96366E+16
189706,7.17072E+18,7,2,31,134,2017,7,13,2,3,1,6,0,1,0,0,0,0,1,3.49055E+20,5.53937E+21,6.89426E+15,4.99876E+16
189707,7.17072E+18,7,1,38,4,2017,7,11,2,3,5,3,0,1,0,0,0,0,1,3.80194E+20,5.59698E+21,7.31022E+15,5.05125E+16
189708,7.17072E+18,7,1,40,125,2017,7,19,2,3,9,1,0,1,0,0,0,0,1,4.04022E+20,5.53924E+21,7.66082E+15,4.99978E+16
189709,7.17072E+18,7,1,11,0,2017,7,16,2,3,5,3,0,1,0,0,0,0,0,4.01417E+20,5.57847E+21,7.61431E+15,5.03501E+16
189710,7.17072E+18,7,1,11,0,2017,7,5,2,2,6,4,0,1,1,0,0,1,1,4.00138E+20,5.57887E+21,7.59625E+15,5.03534E+16
189711,7.17072E+18,7,3,34,13,2017,7,10,1,3,6,4,0,1,1,0,0,0,0,4.41199E+20,5.43714E+21,8.19472E+15,4.90843E+16
189712,7.17072E+18,7,3,34,17,2017,7,16,1,2,0,1,1,0,0,0,0,0,0,4.52261E+20,5.45479E+21,8.34411E+15,4.9244E+16
189713,7.17072E+18,7,3,18,0,2017,7,18,1,3,3,5,1,1,0,0,0,0,0,4.58949E+20,5.46352E+21,8.43509E+15,4.9323E+16
189714,7.17072E+18,7,1,33,6,2017,7,10,1,2,5,3,0,1,0,0,0,0,0,4.18729E+20,5.52069E+21,7.86988E+15,4.98331E+16
189715,7.17072E+18,7,2,11,0,2017,7,6,1,3,8,1,0,1,0,0,0,1,0,3.26467E+20,5.511E+21,6.59214E+15,4.97264E+16
189716,7.17072E+18,7,1,37,3,2017,7,0,1,3,9,1,0,1,0,0,0,2,1,3.88648E+20,5.58781E+21,7.43214E+15,5.04318E+16
189717,7.17072E+18,7,1,11,0,2017,7,2,1,3,0,1,1,0,0,0,0,2,1,4.00056E+20,5.57934E+21,7.59497E+15,5.03577E+16
189718,7.17072E+18,7,3,32,46,2017,7,11,7,3,0,1,1,0,0,0,0,0,0,4.40668E+20,5.47696E+21,8.18153E+15,4.94424E+16
189719,7.17072E+18,7,3,38,25,2017,7,16,7,3,0,1,1,0,0,0,0,0,0,4.55801E+20,5.47026E+21,8.39102E+15,4.93834E+16
189720,7.17072E+18,7,3,15,0,2017,7,14,7,3,8,7,0,0,0,1,0,0,0,4.47847E+20,5.53625E+21,8.27265E+15,4.99763E+16
189721,7.17072E+18,7,2,31,134,2017,7,11,7,2,0,1,0,1,0,1,0,0,0,3.47838E+20,5.53784E+21,6.8779E+15,4.99735E+16
189722,7.17072E+18,7,2,11,0,2017,7,13,7,3,0,6,0,0,0,1,1,0,0,3.30213E+20,5.51459E+21,6.6425E+15,4.97598E+16
189723,7.17072E+18,7,1,31,7,2017,7,16,7,3,8,1,0,1,0,0,0,0,0,3.68026E+20,5.6011E+21,7.13724E+15,5.05469E+16
189724,7.17072E+18,7,3,17,0,2017,7,12,6,3,9,1,0,1,0,0,0,0,0,3.97925E+20,5.45103E+21,7.59869E+15,4.92035E+16
189725,7.17072E+18,7,3,38,25,2017,7,17,6,3,4,5,1,1,0,0,0,0,0,4.54832E+20,5.47026E+21,8.37767E+15,4.93834E+16
189726,7.17072E+18,7,3,14,0,2017,7,17,6,3,4,6,1,1,0,0,0,0,0,4.57799E+20,5.47699E+21,8.41783E+15,4.94441E+16
189727,7.17072E+18,7,3,14,0,2017,7,9,6,3,4,2,1,1,0,0,0,0,0,4.58852E+20,5.47847E+21,8.43221E+15,4.94575E+16
189728,7.17072E+18,7,3,15,0,2017,7,18,6,3,0,7,0,0,0,1,0,0,0,4.46477E+20,5.53489E+21,8.25372E+15,4.9964E+16
189729,7.17072E+18,7,2,31,134,2017,7,12,6,3,2,6,1,1,0,0,0,0,0,3.49963E+20,5.53855E+21,6.90724E+15,4.99804E+16
189730,7.17072E+18,7,2,11,0,2017,7,15,6,3,5,3,1,1,0,0,0,0,0,3.31408E+20,5.51552E+21,6.65868E+15,4.97685E+16
189731,7.17072E+18,7,2,11,0,2017,7,12,6,3,2,7,0,1,0,0,1,0,0,3.26401E+20,5.51028E+21,6.59155E+15,4.972E+16
189732,7.17072E+18,7,1,43,286,2017,7,18,6,3,5,3,1,1,0,0,0,0,0,4.33791E+20,5.60582E+21,8.06444E+15,5.06005E+16
189733,7.17072E+18,7,1,43,62,2017,7,10,6,3,4,2,0,1,0,0,0,0,0,4.09439E+20,5.59096E+21,7.72403E+15,5.04637E+16
189734,7.17072E+18,7,1,38,45,2017,7,10,6,3,2,6,0,1,0,0,0,0,0,3.90979E+20,5.58729E+21,7.4651E+15,5.04275E+16
189735,7.17072E+18,7,1,41,75,2017,7,14,6,3,1,5,0,1,0,0,0,0,0,4.00906E+20,5.57347E+21,7.60845E+15,5.0305E+16
189736,7.17072E+18,7,1,37,230,2017,7,11,6,3,1,3,0,1,0,0,1,0,0,3.94558E+20,5.57455E+21,7.51904E+15,5.03137E+16
189737,7.17072E+18,7,3,12,0,2017,7,11,5,3,0,1,0,0,0,1,0,0,1,4.0655E+20,5.48144E+21,7.70994E+15,4.94784E+16