OBJECTID,UIDENTSTLA,ULAND,UREGBEZ,UKREIS,UGEMEINDE,UJAHR,UMONAT,USTUNDE,UWOCHENTAG,UKATEGORIE,UART,UTYP1,IstRad,IstPKW,IstFuss,IstKrad,IstSonstig,LICHT,STRZUSTAND,LINREFX,LINREFY,XGCSWGS84,YGCSWGS84
189738,7.17072E+18,7,3,32,9,2017,7,18,5,3,6,1,0,1,1,0,0,0,0,4.41074E+20,5.47314E+21,8.18771E+15,4.94081E+16
189739,7.17072E+18,7,3,34,7,2017,7,13,5,3,0,1,0,0,0,1,0,0,1,4.5417E+20,5.45246E+21,8.37059E+15,4.92232E+16
189740,7.17072E+18,7,3,14,0,2017,7,11,5,3,0,7,0,1,0,0,1,0,1,4.5817E+20,5.48217E+21,8.4224E+15,4.94907E+16
189741,7.17072E+18,7,1,33,96,2017,7,9,5,3,5,3,0,1,0,0,0,0,1,3.93816E+20,5.51827E+21,7.52422E+15,4.98075E+16
189742,7.17072E+18,7,1,33,54,2017,7,19,5,3,1,5,1,1,0,0,0,0,0,4.21107E+20,5.52707E+21,7.90164E+15,4.98908E+16
189743,7.17072E+18,7,1,33,6,2017,7,18,5,3,0,7,1,0,0,0,0,0,0,4.20089E+20,5.52233E+21,7.88845E+15,4.98481E+16
189744,7.17072E+18,7,3,19,0,2017,7,19,5,3,1,5,1,1,0,0,0,0,0,4.54002E+20,5.49745E+21,8.36307E+15,4.96279E+16
189745,7.17072E+18,7,3,39,32,2017,7,16,5,2,0,1,1,0,0,0,0,0,0,4.43207E+20,5.53238E+21,8.20851E+15,4.9941E+16
189746,7.17072E+18,7,3,15,0,2017,7,22,5,3,1,1,1,1,0,0,0,2,0,4.48395E+20,5.53872E+21,8.27995E+15,4.99986E+16
189747,7.17072E+18,7,3,15,0,2017,7,11,5,3,0,1,0,0,0,1,0,0,1,4.4775E+20,5.53856E+21,8.27098E+15,4.99971E+16
189748,7.17072E+18,7,2,35,83,2017,7,14,5,3,1,5,0,1,0,0,1,0,0,3.4358E+20,5.51826E+21,6.82649E+15,4.97964E+16
189749,7.17072E+18,7,1,43,62,2017,7,22,5,3,2,6,0,1,0,0,0,2,0,4.0938E+20,5.59053E+21,7.72331E+15,5.04598E+16
189750,7.17072E+18,7,1,43,27,2017,7,1,5,3,5,2,0,1,0,0,0,2,0,4.18055E+20,5.58919E+21,7.84579E+15,5.0449E+16
189751,7.17072E+18,7,1,38,45,2017,7,10,5,3,4,1,0,1,0,0,0,0,1,3.91433E+20,5.58861E+21,7.4711E+15,5.04394E+16
189752,7.17072E+18,7,1,37,216,2017,7,14,5,3,0,1,1,0,0,0,0,0,0,3.92774E+20,5.58266E+21,7.49168E+15,5.03862E+16
189753,7.17072E+18,7,1,11,0,2017,7,8,5,3,2,3,0,1,0,0,0,0,1,3.97895E+20,5.582E+21,7.56387E+15,5.03812E+16
189754,7.17072E+18,7,3,12,0,2017,7,18,4,3,5,3,1,1,0,0,0,0,0,4.11538E+20,5.47712E+21,7.77974E+15,4.94403E+16
189755,7.17072E+18,7,3,37,42,2017,7,21,4,3,0,5,1,0,0,0,0,1,1,4.31185E+20,5.44811E+21,8.05571E+15,4.91819E+16
189756,7.17072E+18,7,3,38,25,2017,7,10,4,3,5,5,1,1,0,0,0,0,0,4.55307E+20,5.47079E+21,8.38416E+15,4.93882E+16
189757,7.17072E+18,7,3,14,0,2017,7,9,4,3,1,6,0,1,0,0,0,0,0,4.60261E+20,5.48106E+21,8.45139E+15,4.94809E+16
189758,7.17072E+18,7,3,39,26,2017,7,16,4,3,1,7,0,1,0,0,0,0,0,4.47893E+20,5.52824E+21,8.27437E+15,4.99043E+16
189759,7.17072E+18,7,3,15,0,2017,7,13,4,3,5,3,0,1,0,0,0,0,0,4.45991E+20,5.5368E+21,8.24669E+15,4.99811E+16
189760,7.17072E+18,7,3,35,38,2017,7,19,3,3,3,3,1,1,0,0,0,0,0,3.96221E+20,5.47719E+21,7.5685E+15,4.94386E+16
189761,7.17072E+18,7,3,13,0,2017,7,13,3,3,5,3,1,1,0,0,0,0,0,4.3622E+20,5.451E+21,8.12434E+15,4.92085E+16
189762,7.17072E+18,7,3,14,0,2017,7,10,3,3,5,3,0,1,0,0,0,0,0,4.56633E+20,5.48199E+21,8.40121E+15,4.9489E+16
189763,7.17072E+18,7,3,15,0,2017,7,8,3,3,0,6,0,1,0,1,1,0,0,4.47494E+20,5.53884E+21,8.26737E+15,4.99996E+16
189764,7.17072E+18,7,2,35,33,2017,7,6,3,3,6,6,0,1,1,0,0,0,0,3.32381E+20,5.49257E+21,6.68201E+15,4.95625E+16
189765,7.17072E+18,7,2,11,0,2017,7,19,3,3,5,3,0,1,0,1,0,0,0,3.30811E+20,5.51378E+21,6.65115E+15,4.97527E+16
189766,7.17072E+18,7,2,11,0,2017,7,18,3,3,8,1,1,0,0,0,0,0,0,3.29213E+20,5.51374E+21,6.629E+15,4.97519E+16
189767,7.17072E+18,7,2,11,0,2017,7,10,3,3,0,7,1,1,0,0,0,0,0,3.32537E+20,5.51327E+21,6.67531E+15,4.97486E+16
189768,7.17072E+18,7,1,43,65,2017,7,8,3,2,5,3,1,1,0,0,0,0,0,4.19741E+20,5.59065E+21,7.86921E+15,5.04623E+16
189769,7.17072E+18,7,1,38,12,2017,7,15,3,3,0,7,1,0,1,0,0,0,0,4.04847E+20,5.59939E+21,7.6572E+15,5.05387E+16
189770,7.17072E+18,7,1,38,45,2017,7,19,3,3,5,3,1,1,0,0,0,0,0,3.87406E+20,5.58945E+21,7.41416E+15,5.04462E+16
189771,7.17072E+18,7,1,37,216,2017,7,11,3,3,5,3,0,1,0,0,0,0,0,3.94501E+20,5.58384E+21,7.51564E+15,5.03971E+16
189772,7.17072E+18,7,1,37,96,2017,7,7,3,3,1,5,0,1,0,0,0,0,0,3.87283E+20,5.58237E+21,7.41456E+15,5.03826E+16
189773,7.17072E+18,7,1,37,226,2017,7,18,3,3,1,5,1,1,0,0,0,0,0,4.01921E+20,5.58431E+21,7.61988E+15,5.04027E+16
189774,7.17072E+18,7,3,32,2,2017,7,21,2,3,5,3,0,1,0,0,0,2,0,4.39448E+20,5.47924E+21,8.16436E+15,4.94628E+16
189775,7.17072E+18,7,3,38,17,2017,7,7,2,3,1,5,0,1,0,0,0,0,0,4.55687E+20,5.47479E+21,8.38895E+15,4.94242E+16
189776,7.17072E+18,7,3,39,5,2017,7,22,2,3,7,7,0,0,0,1,0,2,0,4.19615E+20,5.53508E+21,7.8792E+15,4.99626E+16
189777,7.17072E+18,7,3,15,0,2017,7,0,2,3,9,1,0,0,0,1,0,2,0,4.45292E+20,5.53525E+21,8.23716E+15,4.99671E+16
189778,7.17072E+18,7,2,31,502,2017,7,19,2,2,9,1,1,0,0,0,0,0,0,3.67147E+20,5.51974E+21,7.15326E+15,4.98153E+16
189779,7.17072E+18,7,2,35,207,2017,7,12,2,3,5,3,1,1,0,0,0,0,0,3.48785E+20,5.52145E+21,6.89752E+15,4.98264E+16
189780,7.17072E+18,7,1,38,12,2017,7,19,2,3,8,1,1,0,0,0,0,0,0,4.04189E+20,5.60183E+21,7.64729E+15,5.05606E+16
189781,7.17072E+18,7,1,38,45,2017,7,1,2,1,8,1,0,1,0,0,1,2,0,3.92114E+20,5.58702E+21,7.48114E+15,5.04253E+16
189782,7.17072E+18,7,1,31,90,2017,7,13,2,3,5,3,0,1,0,0,0,0,0,3.64685E+20,5.6038E+21,7.08912E+15,5.05704E+16
189783,7.17072E+18,7,1,31,7,2017,7,11,2,3,2,2,1,1,0,0,0,0,0,3.67246E+20,5.6009E+21,7.1263E+15,5.0545E+16
189784,7.17072E+18,7,1,40,64,2017,7,11,2,3,9,7,0,1,0,0,0,0,0,3.88626E+20,5.54787E+21,7.44357E+15,5.00727E+16
189785,7.17072E+18,7,3,32,20,2017,7,15,1,3,1,6,1,1,0,0,0,0,0,4.43466E+20,5.47726E+21,8.2201E+15,4.94454E+16
189786,7.17072E+18,7,3,14,0,2017,7,10,1,2,5,2,0,1,0,1,0,0,0,4.55979E+20,5.48267E+21,8.39209E+15,4.94951E+16
189787,7.17072E+18,7,3,39,39,2017,7,8,1,2,9,1,0,1,0,0,0,0,0,4.52565E+20,5.52893E+21,8.33933E+15,4.99109E+16
189788,7.17072E+18,7,3,15,0,2017,7,21,1,3,1,6,1,1,0,0,0,0,0,4.48295E+20,5.53838E+21,8.27861E+15,4.99955E+16
189789,7.17072E+18,7,3,12,0,2017,7,0,7,3,8,1,0,1,0,0,0,2,1,4.10504E+20,5.47759E+21,7.76538E+15,4.94444E+16
189790,7.17072E+18,7,3,12,0,2017,7,10,7,2,6,2,0,1,1,0,0,0,0,4.1234E+20,5.47808E+21,7.7906E+15,4.94491E+16
189791,7.17072E+18,7,3,34,1,2017,7,23,7,3,5,3,0,1,0,0,0,2,0,4.47534E+20,5.4495E+21,8.27986E+15,4.91961E+16
189792,7.17072E+18,7,3,38,4,2017,7,11,7,3,1,7,0,1,0,0,0,0,0,4.54338E+20,5.49199E+21,8.36836E+15,4.95787E+16
189793,7.17072E+18,7,3,31,58,2017,7,0,7,3,9,1,0,1,0,0,0,2,0,4.38804E+20,5.52482E+21,8.14836E+15,4.98727E+16
189794,7.17072E+18,7,2,35,67,2017,7,10,7,3,0,1,1,0,0,0,0,0,0,3.47078E+20,5.5231E+21,6.87315E+15,4.98408E+16
189795,7.17072E+18,7,1,31,70,2017,7,19,7,3,8,1,0,0,0,0,1,0,0,3.74508E+20,5.60445E+21,7.22754E+15,5.05784E+16
189796,7.17072E+18,7,1,31,77,2017,7,11,7,3,1,5,0,1,0,1,0,0,0,3.74941E+20,5.60093E+21,7.23484E+15,5.05469E+16
189797,7.17072E+18,7,1,41,75,2017,7,9,7,3,6,5,0,1,1,0,0,0,0,4.00171E+20,5.57542E+21,7.59762E+15,5.03224E+16
189798,7.17072E+18,7,1,37,203,2017,7,15,7,2,0,6,0,1,0,1,0,0,0,3.98131E+20,5.58649E+21,7.56597E+15,5.04216E+16
189799,7.17071E+18,7,3,34,7,2017,7,23,6,3,0,1,1,0,0,0,0,2,1,4.53947E+20,5.45165E+21,8.36763E+15,4.92159E+16
189800,7.17071E+18,7,3,34,7,2017,7,18,6,3,0,7,1,1,0,0,0,0,0,4.54734E+20,5.45209E+21,8.37838E+15,4.92199E+16
189801,7.17071E+18,7,3,18,0,2017,7,11,6,3,6,7,0,1,1,0,0,0,0,4.58541E+20,5.46316E+21,8.42951E+15,4.93198E+16
189802,7.17071E+18,7,3,14,0,2017,7,23,6,3,1,5,0,1,0,0,0,2,0,4.51573E+20,5.4807E+21,8.3315E+15,4.9477E+16
189803,7.17071E+18,7,3,14,0,2017,7,13,6,3,5,3,1,0,0,0,0,0,0,4.57754E+20,5.47844E+21,8.41706E+15,4.94572E+16
189804,7.17071E+18,7,3,15,0,2017,7,20,6,3,0,1,0,0,0,1,0,1,1,4.47029E+20,5.53975E+21,8.26075E+15,5.00077E+16
189805,7.17071E+18,7,2,33,501,2017,7,11,6,3,6,6,0,1,1,0,0,0,0,3.45306E+20,5.56244E+21,6.83266E+15,5.0194E+16
189806,7.17071E+18,7,2,33,35,2017,7,9,6,3,8,1,0,1,0,0,0,0,0,3.2775E+20,5.57975E+21,6.57904E+15,5.03446E+16
189807,7.17071E+18,7,2,32,18,2017,7,11,6,3,0,1,1,0,0,0,0,0,0,3.22786E+20,5.53844E+21,6.52857E+15,4.9972E+16
189808,7.17071E+18,7,1,34,10,2017,7,8,6,3,2,6,0,1,0,0,0,0,0,3.67738E+20,5.50086E+21,7.16787E+15,4.96458E+16
189809,7.17071E+18,7,2,35,118,2017,7,3,6,2,2,7,1,1,0,0,0,2,0,3.29632E+20,5.5137E+21,6.63484E+15,4.97516E+16
189810,7.17071E+18,7,2,11,0,2017,7,7,6,3,4,6,1,1,0,0,0,0,1,3.28648E+20,5.51541E+21,6.62044E+15,4.97667E+16
189811,7.17071E+18,7,3,12,0,2017,7,10,5,3,5,3,1,1,0,0,0,0,0,4.09162E+20,5.47562E+21,7.74732E+15,4.94265E+16
189812,7.17071E+18,7,3,35,4,2017,7,18,5,3,5,3,0,1,0,0,0,0,0,4.20141E+20,5.48219E+21,7.89736E+15,4.94871E+16
189813,7.17071E+18,7,3,16,0,2017,7,12,5,2,1,5,1,1,0,0,0,0,0,4.38619E+20,5.46763E+21,8.15471E+15,4.93583E+16
189814,7.17071E+18,7,3,34,7,2017,7,8,5,3,0,7,0,0,0,1,1,0,1,4.54741E+20,5.45201E+21,8.37849E+15,4.92192E+16
189815,7.17071E+18,7,3,38,25,2017,7,6,5,2,5,3,1,1,0,0,0,0,0,4.54274E+20,5.47057E+21,8.36996E+15,4.93861E+16
189816,7.17071E+18,7,3,15,0,2017,7,22,5,3,5,3,0,1,0,0,0,2,0,4.47889E+20,5.53749E+21,8.27305E+15,4.99875E+16
189817,7.17071E+18,7,2,33,501,2017,7,17,5,2,6,7,0,1,1,0,0,0,0,3.45414E+20,5.56253E+21,6.83415E+15,5.01947E+16
189818,7.17071E+18,7,1,32,39,2017,7,23,5,3,6,7,0,1,1,0,0,2,0,4.17122E+20,5.62254E+21,7.82521E+15,5.07487E+16
189819,7.17071E+18,7,1,38,45,2017,7,16,5,3,0,7,0,0,0,0,1,0,0,3.96441E+20,5.58822E+21,7.54171E+15,5.04368E+16
189820,7.17071E+18,7,1,37,96,2017,7,15,5,3,4,2,0,1,0,0,0,0,0,3.87369E+20,5.58207E+21,7.41586E+15,5.03799E+16
189821,7.17071E+18,7,3,36,22,2017,7,17,4,3,6,4,0,0,1,0,1,0,0,3.87329E+20,5.49239E+21,7.44157E+15,4.95736E+16
189822,7.17071E+18,7,3,13,0,2017,7,14,4,3,6,2,0,1,1,0,0,0,1,4.35645E+20,5.44962E+21,8.11667E+15,4.9196E+16
189823,7.17071E+18,7,2,32,18,2017,7,16,4,3,3,6,1,1,0,0,0,0,0,3.22358E+20,5.53812E+21,6.52275E+15,4.9969E+16
189824,7.17071E+18,7,2,11,0,2017,7,7,4,3,5,3,0,1,0,1,0,0,1,3.30619E+20,5.51538E+21,6.6478E+15,4.9767E+16
189825,7.17071E+18,7,1,11,0,2017,7,16,4,3,5,3,1,1,0,0,0,0,0,3.99716E+20,5.57898E+21,7.59029E+15,5.03543E+16
189826,7.17071E+18,7,3,12,0,2017,7,18,3,3,5,3,0,1,0,0,0,0,1,4.11793E+20,5.47731E+21,7.78322E+15,4.9442E+16
189827,7.17071E+18,7,3,13,0,2017,7,13,3,3,6,4,1,0,1,0,0,0,0,4.35651E+20,5.44932E+21,8.11679E+15,4.91933E+16
189828,7.17071E+18,7,3,15,0,2017,7,9,3,2,3,6,0,1,0,1,0,0,0,4.4775E+20,5.53856E+21,8.27098E+15,4.99971E+16
189829,7.17071E+18,7,1,43,206,2017,7,14,3,3,1,7,0,1,0,0,1,0,0,4.25973E+20,5.61108E+21,7.95294E+15,5.06468E+16
189830,7.17071E+18,7,1,41,68,2017,7,17,3,3,1,6,0,1,0,0,0,0,1,4.26858E+20,5.56932E+21,7.97362E+15,5.02715E+16
189831,7.17071E+18,7,1,38,45,2017,7,16,3,3,2,6,0,1,0,1,0,0,0,3.91034E+20,5.5882E+21,7.4656E+15,5.04357E+16
189832,7.17071E+18,7,3,12,0,2017,7,19,2,3,1,5,1,1,0,0,0,0,0,4.05656E+20,5.4748E+21,7.69918E+15,4.94186E+16
189833,7.17071E+18,7,3,32,25,2017,7,13,2,3,5,5,0,1,0,0,0,0,0,4.45483E+20,5.46837E+21,8.24913E+15,4.93656E+16
189834,7.17071E+18,7,3,18,0,2017,7,7,2,3,5,2,1,1,0,0,0,0,1,4.58618E+20,5.46395E+21,8.43049E+15,4.93269E+16
189835,7.17071E+18,7,3,38,25,2017,7,23,2,3,0,1,1,0,0,0,0,2,0,4.54982E+20,5.47023E+21,8.37974E+15,4.93831E+16
189836,7.17071E+18,7,1,33,6,2017,7,15,2,3,0,1,1,0,0,0,0,0,0,4.195E+20,5.52206E+21,7.88031E+15,4.98455E+16
189837,7.17071E+18,7,3,33,39,2017,7,14,2,3,6,4,0,1,1,0,0,0,0,4.29295E+20,5.50173E+21,8.02022E+15,4.96639E+16
189838,7.17071E+18,7,3,19,0,2017,7,11,2,3,1,5,0,1,0,0,0,0,0,4.5325E+20,5.49846E+21,8.35254E+15,4.96368E+16
189839,7.17071E+18,7,3,15,0,2017,7,7,2,3,1,5,1,1,0,0,0,0,0,4.46427E+20,5.54028E+21,8.25228E+15,5.00124E+16
189840,7.17071E+18,7,3,15,0,2017,7,11,2,3,3,6,0,1,0,0,0,0,0,4.47171E+20,5.53891E+21,8.26284E+15,5.00002E+16
189841,7.17071E+18,7,2,32,18,2017,7,16,2,3,2,2,0,1,0,0,1,0,0,3.22148E+20,5.53829E+21,6.51975E+15,4.99704E+16
189842,7.17071E+18,7,2,32,123,2017,7,16,2,3,6,7,0,1,1,0,0,0,0,3.30172E+20,5.53416E+21,6.63337E+15,4.99356E+16
189843,7.17071E+18,7,1,40,64,2017,7,15,2,3,0,7,0,0,0,0,1,0,1,3.88645E+20,5.54695E+21,7.44411E+15,5.00644E+16
189844,7.17071E+18,7,1,11,0,2017,7,13,2,3,6,7,0,1,1,0,0,0,0,3.97504E+20,5.58275E+21,7.55817E+15,5.03879E+16
189845,7.17071E+18,7,1,11,0,2017,7,17,2,3,2,6,0,1,0,0,0,0,1,4.00331E+20,5.57918E+21,7.59888E+15,5.03562E+16
189846,7.17071E+18,7,3,18,0,2017,7,0,1,3,5,3,1,1,0,0,0,2,0,4.59048E+20,5.46306E+21,8.4365E+15,4.93189E+16
189847,7.17071E+18,7,3,39,5,2017,7,10,1,3,4,6,1,1,0,0,0,0,0,4.25071E+20,5.53547E+21,7.95519E+15,4.99669E+16
189848,7.17071E+18,7,3,19,0,2017,7,22,1,2,9,1,0,1,0,0,0,2,0,4.5411E+20,5.49828E+21,8.36447E+15,4.96354E+16
189849,7.17071E+18,7,2,33,501,2017,7,4,1,2,0,7,1,0,0,0,0,2,0,3.46141E+20,5.56554E+21,6.84311E+15,5.0222E+16
189850,7.17071E+18,7,1,34,45,2017,7,10,1,3,5,3,0,1,0,0,0,0,0,3.78222E+20,5.50813E+21,7.31076E+15,4.97134E+16
189851,7.17071E+18,7,2,11,0,2017,7,19,1,3,6,7,1,0,1,0,0,0,0,3.30663E+20,5.51309E+21,6.6494E+15,4.97465E+16
189852,7.17071E+18,7,1,43,71,2017,7,17,1,3,0,7,0,0,0,1,1,0,1,4.06001E+20,5.58283E+21,7.67764E+15,5.039E+16
189853,7.17071E+18,7,3,12,0,2017,7,11,7,3,5,3,1,1,0,0,0,0,0,4.09201E+20,5.47838E+21,7.74723E+15,4.94513E+16
189854,7.17071E+18,7,3,35,4,2017,7,1,7,2,9,1,0,1,0,0,0,2,0,4.19834E+20,5.48156E+21,7.89326E+15,4.94814E+16
189855,7.17071E+18,7,3,32,2,2017,7,13,7,2,9,1,1,0,0,0,0,0,0,4.40924E+20,5.48052E+21,8.18454E+15,4.94744E+16
189856,7.17071E+18,7,3,18,0,2017,7,11,7,3,0,1,1,0,0,0,0,0,0,4.5879E+20,5.46308E+21,8.43295E+15,4.93191E+16
189857,7.17071E+18,7,3,31,29,2017,7,21,7,2,8,1,0,1,0,0,0,1,0,4.40526E+20,5.5198E+21,8.17308E+15,4.98277E+16
189858,7.17071E+18,7,2,33,501,2017,7,20,7,3,6,6,0,1,1,0,0,0,0,3.45273E+20,5.56072E+21,6.83291E+15,5.01784E+16
189859,7.17071E+18,7,2,11,0,2017,7,5,7,3,8,1,0,0,0,1,0,0,0,3.30179E+20,5.5133E+21,6.6426E+15,4.97482E+16
189860,7.17071E+18,7,1,37,3,2017,7,22,7,2,0,7,0,0,0,0,1,2,0,3.82479E+20,5.58686E+21,7.34561E+15,5.0422E+16
189861,7.17071E+18,7,1,11,0,2017,7,18,7,3,6,4,0,1,1,0,0,0,0,4.00582E+20,5.57952E+21,7.60232E+15,5.03593E+16
189862,7.17071E+18,7,3,40,11,2017,7,11,6,2,5,3,1,1,0,0,0,0,0,4.05923E+20,5.43801E+21,7.7115E+15,4.90877E+16
189863,7.17071E+18,7,3,34,8,2017,7,11,6,2,4,6,0,1,0,0,0,0,0,4.45506E+20,5.4298E+21,8.25468E+15,4.90187E+16
189864,7.17071E+18,7,3,34,7,2017,7,20,6,3,4,3,0,1,0,0,0,0,0,4.53506E+20,5.45197E+21,8.36153E+15,4.92187E+16
189865,7.17071E+18,7,3,18,0,2017,7,16,6,3,5,3,1,1,0,0,0,0,0,4.5873E+20,5.46483E+21,8.43195E+15,4.93348E+16
189866,7.17071E+18,7,3,38,23,2017,7,15,6,3,7,7,0,0,0,0,1,0,0,4.56467E+20,5.45917E+21,8.40141E+15,4.92838E+16
189867,7.17071E+18,7,3,14,0,2017,7,12,6,3,3,6,1,0,0,0,1,0,0,4.59821E+20,5.48128E+21,8.44529E+15,4.94828E+16
189868,7.17071E+18,7,2,31,134,2017,7,18,6,3,2,2,0,1,0,0,0,0,0,3.48972E+20,5.5387E+21,6.89338E+15,4.99815E+16
189869,7.17071E+18,7,2,11,0,2017,7,11,6,3,5,2,1,1,0,0,0,0,0,3.29658E+20,5.51312E+21,6.63546E+15,4.97464E+16
189870,7.17071E+18,7,2,11,0,2017,7,8,6,3,4,2,1,1,0,0,0,0,0,3.30658E+20,5.51383E+21,6.64902E+15,4.97531E+16
189871,7.17071E+18,7,1,41,20,2017,7,15,6,3,2,6,1,1,0,0,0,0,0,4.34229E+20,5.57081E+21,8.07678E+15,5.02858E+16
189872,7.17071E+18,7,1,38,45,2017,7,11,6,2,1,5,0,1,0,0,0,0,0,3.90696E+20,5.58672E+21,7.46128E+15,5.04223E+16
189873,7.17071E+18,7,1,40,501,2017,7,15,6,2,8,1,0,0,0,1,0,0,0,4.01667E+20,5.56321E+21,7.6218E+15,5.02129E+16
189874,7.17071E+18,7,3,17,0,2017,7,8,5,3,3,7,0,1,0,0,1,0,0,3.98402E+20,5.45085E+21,7.60529E+15,4.9202E+16
189875,7.17071E+18,7,3,12,0,2017,7,13,5,3,5,3,1,1,0,0,0,0,0,4.08292E+20,5.47604E+21,7.73524E+15,4.94301E+16
189876,7.17071E+18,7,3,12,0,2017,7,13,5,3,3,6,0,1,0,0,0,0,0,4.11406E+20,5.4775E+21,7.77784E+15,4.94437E+16
189877,7.17071E+18,7,3,12,0,2017,7,13,5,2,5,3,0,1,0,0,0,0,0,4.11108E+20,5.47734E+21,7.77376E+15,4.94422E+16
189878,7.17071E+18,7,1,33,6,2017,7,14,5,3,2,6,0,1,0,0,1,0,0,4.21447E+20,5.52366E+21,7.90708E+15,4.98602E+16
189879,7.17071E+18,7,3,15,0,2017,7,23,5,2,0,1,1,0,0,0,0,2,1,4.48454E+20,5.53476E+21,8.28131E+15,4.99629E+16
189880,7.17071E+18,7,1,41,92,2017,7,15,5,3,5,3,1,1,0,0,0,0,0,4.17976E+20,5.56164E+21,7.85067E+15,5.02013E+16
189881,7.17071E+18,7,1,31,70,2017,7,15,5,3,2,6,0,1,0,0,0,0,0,3.75367E+20,5.60425E+21,7.23974E+15,5.05769E+16
189882,7.17071E+18,7,1,40,145,2017,7,21,5,2,0,1,1,0,0,0,0,2,0,3.78025E+20,5.53192E+21,7.30056E+15,4.99272E+16
189883,7.17071E+18,7,3,32,25,2017,7,9,4,3,5,3,1,1,0,0,0,0,0,4.4603E+20,5.46788E+21,8.25673E+15,4.93613E+16
189884,7.17071E+18,7,3,34,12,2017,7,15,4,3,5,2,1,1,0,0,0,0,0,4.46206E+20,5.43816E+21,8.26314E+15,4.90939E+16
189885,7.17071E+18,7,3,39,49,2017,7,12,4,2,1,3,0,1,0,1,0,0,0,4.54605E+20,5.52271E+21,8.36848E+15,4.98551E+16
189886,7.17071E+18,7,2,31,134,2017,7,18,4,3,0,2,0,1,0,1,0,0,0,3.48389E+20,5.53959E+21,6.88489E+15,4.99893E+16
189887,7.17071E+18,7,2,11,0,2017,7,14,4,3,1,6,1,0,0,0,0,0,0,3.30217E+20,5.51416E+21,6.64275E+15,4.97559E+16
189888,7.1708E+18,7,3,32,2,2017,8,17,6,3,5,3,0,1,0,0,0,0,0,4.42108E+20,5.48019E+21,8.20092E+15,4.94716E+16
189889,7.17083E+18,7,1,38,45,2017,8,16,5,3,6,7,0,1,1,0,0,0,0,3.92711E+20,5.58836E+21,7.48917E+15,5.04374E+16
189890,7.17083E+18,7,3,19,0,2017,8,13,4,2,6,4,0,1,1,0,0,0,0,4.54327E+20,5.49765E+21,8.36754E+15,4.96297E+16
189891,7.17083E+18,7,1,38,45,2017,8,8,5,3,6,4,0,1,1,0,0,0,1,3.93391E+20,5.58903E+21,7.49855E+15,5.04435E+16
189892,7.17083E+18,7,1,31,77,2017,8,7,5,3,8,1,0,1,0,0,0,1,1,3.76751E+20,5.60113E+21,7.26032E+15,5.05491E+16
189893,7.17083E+18,7,1,31,7,2017,8,7,5,3,0,1,0,0,0,1,0,1,1,3.67191E+20,5.6009E+21,7.12552E+15,5.0545E+16
189894,7.17083E+18,7,1,41,75,2017,8,13,5,3,2,2,0,1,0,1,0,0,0,4.01731E+20,5.57221E+21,7.62037E+15,5.02939E+16
189895,7.17083E+18,7,1,43,29,2017,8,18,4,3,4,6,0,1,0,0,0,0,0,4.10505E+20,5.6031E+21,7.73614E+15,5.05729E+16
189896,7.17083E+18,7,3,12,0,2017,8,11,4,3,0,7,1,0,0,0,0,0,0,4.10652E+20,5.47766E+21,7.76741E+15,4.9445E+16
189897,7.17083E+18,7,3,35,35,2017,8,16,4,3,0,7,0,1,0,0,0,0,0,4.11278E+20,5.48375E+21,7.77467E+15,4.94999E+16
189898,7.17083E+18,7,3,34,7,2017,8,17,4,3,0,1,1,0,0,0,0,0,0,4.5426E+20,5.45173E+21,8.37191E+15,4.92167E+16
189899,7.17083E+18,7,3,39,5,2017,8,14,4,3,1,6,0,1,0,0,0,0,0,4.22226E+20,5.53585E+21,7.91546E+15,4.99699E+16
189900,7.17083E+18,7,1,32,80,2017,8,18,4,2,4,6,1,1,0,0,0,0,0,4.15955E+20,5.62923E+21,7.80714E+15,5.08087E+16
189901,7.17083E+18,7,1,40,144,2017,8,11,4,3,0,3,0,1,0,1,0,0,0,3.93525E+20,5.53796E+21,7.51476E+15,4.99844E+16
189902,7.17083E+18,7,1,37,227,2017,8,17,4,3,5,2,1,1,0,0,0,0,0,3.96194E+20,5.57066E+21,7.54308E+15,5.0279E+16
189903,7.17083E+18,7,3,33,502,2017,8,16,3,2,5,3,0,1,0,0,0,0,0,4.14792E+20,5.49785E+21,7.82014E+15,4.96272E+16
189904,7.17083E+18,7,3,12,0,2017,8,14,3,3,2,2,0,1,0,0,0,0,0,4.0753E+20,5.47746E+21,7.7244E+15,4.94428E+16
189905,7.17083E+18,7,3,32,2,2017,8,19,3,2,5,3,0,1,0,1,0,0,0,4.39908E+20,5.47968E+21,8.17064E+15,4.94668E+16
189906,7.17083E+18,7,3,34,7,2017,8,10,3,3,2,6,0,1,0,0,0,0,0,4.54236E+20,5.45272E+21,8.37147E+15,4.92256E+16
189907,7.17083E+18,7,3,37,5,2017,8,20,3,3,1,5,0,1,0,0,0,2,0,4.27765E+20,5.43975E+21,8.01029E+15,4.91063E+16
189908,7.17083E+18,7,3,18,0,2017,8,10,3,3,1,5,1,1,0,0,0,0,0,4.59208E+20,5.46326E+21,8.43868E+15,4.93207E+16
189909,7.17083E+18,7,3,14,0,2017,8,21,3,3,5,3,0,1,0,0,0,2,0,4.54064E+20,5.48207E+21,8.36572E+15,4.94895E+16
189910,7.17083E+18,7,3,19,0,2017,8,13,3,3,1,5,0,1,0,1,0,0,0,4.52636E+20,5.49792E+21,8.3441E+15,4.9632E+16