OBJECTID,UIDENTSTLA,ULAND,UREGBEZ,UKREIS,UGEMEINDE,UJAHR,UMONAT,USTUNDE,UWOCHENTAG,UKATEGORIE,UART,UTYP1,IstRad,IstPKW,IstFuss,IstKrad,IstSonstig,LICHT,STRZUSTAND,LINREFX,LINREFY,XGCSWGS84,YGCSWGS84
189911,7.17083E+18,7,3,15,0,2017,8,16,3,3,5,3,1,1,0,0,0,0,0,4.45948E+20,5.53685E+21,8.24607E+15,4.99816E+16
189912,7.17083E+18,7,2,35,68,2017,8,17,3,3,3,4,0,1,1,0,0,0,0,3.26881E+20,5.50831E+21,6.59908E+15,4.97024E+16
189913,7.17083E+18,7,1,43,308,2017,8,14,3,2,0,1,0,0,0,1,0,0,0,4.26918E+20,5.60135E+21,7.96822E+15,5.05595E+16
189914,7.17083E+18,7,1,43,48,2017,8,8,3,3,2,6,0,1,0,0,0,0,0,4.16561E+20,5.58818E+21,7.82498E+15,5.04397E+16
189915,7.17083E+18,7,1,43,48,2017,8,7,3,3,4,6,1,1,0,0,0,0,0,4.15823E+20,5.58771E+21,7.81468E+15,5.04354E+16
189916,7.17083E+18,7,1,32,117,2017,8,9,3,3,4,2,0,1,0,0,0,0,0,4.0987E+20,5.62565E+21,7.72167E+15,5.07756E+16
189917,7.17083E+18,7,1,38,45,2017,8,17,3,3,2,6,1,1,0,0,0,0,0,3.92154E+20,5.58785E+21,7.48148E+15,5.04328E+16
189918,7.17083E+18,7,1,38,45,2017,8,17,3,2,5,2,0,1,0,1,0,0,0,3.91197E+20,5.58754E+21,7.46809E+15,5.04298E+16
189919,7.17083E+18,7,3,20,0,2017,8,15,2,3,5,3,0,1,0,1,0,0,0,3.80839E+20,5.45673E+21,7.36254E+15,4.92517E+16
189920,7.17083E+18,7,3,12,0,2017,8,16,2,3,9,1,0,1,0,0,0,0,0,4.06581E+20,5.47716E+21,7.71138E+15,4.94399E+16
189921,7.17083E+18,7,3,32,43,2017,8,17,2,2,6,6,1,0,1,0,0,0,0,4.41655E+20,5.4721E+21,8.19587E+15,4.93988E+16
189922,7.17083E+18,7,3,14,0,2017,8,14,2,3,1,5,0,1,0,0,1,0,0,4.60087E+20,5.48018E+21,8.44908E+15,4.9473E+16
189923,7.17083E+18,7,3,19,0,2017,8,7,2,3,2,6,0,1,0,1,0,0,0,4.52975E+20,5.49879E+21,8.3487E+15,4.96398E+16
189924,7.17083E+18,7,3,15,0,2017,8,6,2,3,1,5,0,1,0,1,0,0,0,4.46568E+20,5.5348E+21,8.25501E+15,4.99632E+16
189925,7.17083E+18,7,2,35,68,2017,8,16,2,2,0,2,0,1,1,0,0,0,0,3.25127E+20,5.50817E+21,6.57483E+15,4.97006E+16
189926,7.17083E+18,7,1,43,229,2017,8,16,2,3,5,2,0,1,0,1,0,0,0,4.16444E+20,5.61291E+21,7.81778E+15,5.0662E+16
189927,7.17083E+18,7,1,32,117,2017,8,15,2,2,9,1,1,1,0,0,0,0,0,4.10822E+20,5.62595E+21,7.7351E+15,5.07784E+16
189928,7.17083E+18,7,1,38,45,2017,8,7,2,3,1,3,1,1,0,0,0,0,0,3.90774E+20,5.5875E+21,7.46215E+15,5.04293E+16
189929,7.17083E+18,7,1,37,203,2017,8,12,2,3,5,3,0,1,0,0,0,0,0,3.9865E+20,5.58646E+21,7.57328E+15,5.04214E+16
189930,7.17083E+18,7,1,11,0,2017,8,16,2,3,1,7,1,1,0,0,0,0,0,3.99299E+20,5.57735E+21,7.58486E+15,5.03396E+16
189931,7.17083E+18,7,3,20,0,2017,8,19,1,2,9,1,1,0,0,0,0,0,0,3.81096E+20,5.45668E+21,7.36608E+15,4.92513E+16
189932,7.17083E+18,7,3,12,0,2017,8,14,1,3,0,1,0,1,0,0,0,0,0,4.08986E+20,5.47546E+21,7.74493E+15,4.9425E+16
189933,7.17083E+18,7,3,32,2,2017,8,14,1,2,5,2,0,1,0,1,0,0,0,4.40964E+20,5.48027E+21,8.18513E+15,4.94722E+16
189934,7.17083E+18,7,3,16,0,2017,8,20,1,3,1,5,1,1,0,0,0,1,0,4.36797E+20,5.46388E+21,8.13022E+15,4.93244E+16
189935,7.17083E+18,7,3,38,6,2017,8,15,1,3,6,4,0,1,1,0,0,0,0,4.50588E+20,5.47489E+21,8.31863E+15,4.94247E+16
189936,7.17083E+18,7,3,14,0,2017,8,20,1,3,5,3,1,1,0,0,0,0,0,4.58645E+20,5.47901E+21,8.4293E+15,4.94623E+16
189937,7.17083E+18,7,1,41,68,2017,8,15,1,3,5,3,0,1,0,1,0,0,0,4.26766E+20,5.56887E+21,7.97241E+15,5.02674E+16
189938,7.17083E+18,7,1,38,45,2017,8,16,1,3,2,6,1,1,0,0,0,0,0,3.9632E+20,5.5869E+21,7.54038E+15,5.04249E+16
189939,7.17083E+18,7,1,31,6,2017,8,12,1,2,2,2,0,0,0,1,0,0,0,3.80112E+20,5.59567E+21,7.30948E+15,5.05007E+16
189940,7.17083E+18,7,1,37,3,2017,8,9,1,3,5,3,0,1,0,0,0,0,0,3.86249E+20,5.58849E+21,7.39817E+15,5.04374E+16
189941,7.17083E+18,7,3,20,0,2017,8,10,7,3,0,7,0,1,0,1,0,0,0,3.81021E+20,5.45661E+21,7.36508E+15,4.92507E+16
189942,7.17083E+18,7,3,34,2,2017,8,16,7,3,6,7,0,1,1,0,0,0,0,4.40294E+20,5.42573E+21,8.18399E+15,4.89816E+16
189943,7.17083E+18,7,3,37,33,2017,8,16,7,3,7,1,1,0,0,0,0,0,0,4.21468E+20,5.44582E+21,7.92285E+15,4.91602E+16
189944,7.17083E+18,7,3,14,0,2017,8,12,7,3,1,7,0,1,0,0,0,0,0,4.53057E+20,5.4818E+21,8.35185E+15,4.9487E+16
189945,7.17083E+18,7,3,14,0,2017,8,7,7,3,4,2,1,1,0,0,0,0,0,4.56092E+20,5.48755E+21,8.39311E+15,4.9539E+16
189946,7.17083E+18,7,3,14,0,2017,8,11,7,3,6,4,0,1,1,0,0,0,0,4.58655E+20,5.47912E+21,8.42943E+15,4.94633E+16
189947,7.17083E+18,7,1,38,45,2017,8,18,7,2,4,2,0,1,0,0,0,0,0,3.93332E+20,5.58871E+21,7.49781E+15,5.04407E+16
189948,7.17083E+18,7,1,37,57,2017,8,6,7,2,9,7,0,1,0,0,0,0,1,3.81905E+20,5.58262E+21,7.33886E+15,5.03838E+16
189949,7.17083E+18,7,3,20,0,2017,8,13,6,3,5,3,0,1,0,0,0,0,0,3.79887E+20,5.45631E+21,7.34959E+15,4.92477E+16
189950,7.17083E+18,7,3,12,0,2017,8,21,6,3,6,4,0,1,1,0,0,2,0,4.10746E+20,5.47773E+21,7.76868E+15,4.94457E+16
189951,7.17083E+18,7,3,18,0,2017,8,17,6,3,5,3,1,1,0,0,0,0,0,4.58866E+20,5.46324E+21,8.43398E+15,4.93205E+16
189952,7.17083E+18,7,3,38,23,2017,8,11,6,3,6,4,1,1,1,0,0,0,0,4.56536E+20,5.45702E+21,8.40259E+15,4.92644E+16
189953,7.17083E+18,7,3,11,0,2017,8,13,6,3,5,3,0,1,0,0,0,0,0,4.5387E+20,5.48786E+21,8.36237E+15,4.95416E+16
189954,7.17083E+18,7,3,19,0,2017,8,7,6,3,4,6,1,1,0,0,0,0,0,4.47226E+20,5.49518E+21,8.26956E+15,4.96069E+16
189955,7.17083E+18,7,3,39,30,2017,8,15,6,3,1,5,1,1,0,0,0,0,0,4.30482E+20,5.53644E+21,8.03045E+15,4.99762E+16
189956,7.17083E+18,7,2,31,134,2017,8,12,6,3,3,1,1,1,0,0,0,0,0,3.52149E+20,5.53722E+21,6.93822E+15,4.9969E+16
189957,7.17083E+18,7,2,11,0,2017,8,15,6,2,6,4,0,1,1,0,0,0,0,3.29834E+20,5.51494E+21,6.6371E+15,4.97628E+16
189958,7.17083E+18,7,2,11,0,2017,8,14,6,3,5,3,1,0,0,0,0,0,0,3.28265E+20,5.51289E+21,6.61624E+15,4.9744E+16
189959,7.17083E+18,7,1,43,47,2017,8,19,6,3,0,1,0,0,0,1,0,0,1,4.12043E+20,5.59401E+21,7.76E+15,5.04915E+16
189960,7.17083E+18,7,1,38,45,2017,8,15,6,2,5,3,1,1,0,0,0,0,0,3.91728E+20,5.58833E+21,7.47534E+15,5.0437E+16
189961,7.17083E+18,7,1,37,216,2017,8,16,6,3,1,6,0,1,0,0,0,0,0,3.94708E+20,5.58379E+21,7.51856E+15,5.03967E+16
189962,7.17083E+18,7,1,37,3,2017,8,7,6,3,1,6,0,1,0,1,0,0,0,3.85953E+20,5.58842E+21,7.39402E+15,5.04367E+16
189963,7.17082E+18,7,3,12,0,2017,8,11,5,3,1,1,0,1,0,0,0,0,0,4.09189E+20,5.47828E+21,7.74709E+15,4.94504E+16
189964,7.17082E+18,7,3,12,0,2017,8,22,5,3,6,2,0,1,1,0,0,2,0,4.10908E+20,5.4773E+21,7.77102E+15,4.94419E+16
189965,7.17082E+18,7,3,38,21,2017,8,20,5,3,1,5,1,1,0,0,0,1,0,4.60069E+20,5.46866E+21,8.44998E+15,4.93694E+16
189966,7.17082E+18,7,3,11,0,2017,8,13,5,3,6,6,0,1,1,0,0,0,0,4.53392E+20,5.4889E+21,8.35564E+15,4.95509E+16
189967,7.17082E+18,7,3,14,0,2017,8,19,5,2,5,7,1,0,0,0,0,0,0,4.59429E+20,5.48127E+21,8.43988E+15,4.94827E+16
189968,7.17082E+18,7,1,33,6,2017,8,16,5,3,5,3,0,1,0,0,0,0,0,4.18585E+20,5.52074E+21,7.86787E+15,4.98336E+16
189969,7.17082E+18,7,3,39,9,2017,8,12,5,3,0,5,0,1,0,0,1,0,0,4.40717E+20,5.54146E+21,8.17241E+15,5.00225E+16
189970,7.17082E+18,7,3,39,30,2017,8,11,5,3,6,6,1,0,1,0,0,0,0,4.32135E+20,5.53637E+21,8.05352E+15,4.99758E+16
189971,7.17082E+18,7,3,39,27,2017,8,10,5,3,6,7,0,0,1,0,1,0,0,4.35936E+20,5.5382E+21,8.10622E+15,4.99927E+16
189972,7.17082E+18,7,1,38,45,2017,8,17,5,3,1,5,1,1,0,0,0,0,0,3.91611E+20,5.58765E+21,7.47388E+15,5.04309E+16
189973,7.17082E+18,7,1,11,0,2017,8,15,5,3,2,2,1,1,0,0,0,0,0,4.00041E+20,5.58034E+21,7.59449E+15,5.03666E+16
189974,7.17082E+18,7,3,12,0,2017,8,20,4,3,5,3,1,1,0,0,0,0,0,4.08949E+20,5.47737E+21,7.74398E+15,4.94421E+16
189975,7.17082E+18,7,3,34,28,2017,8,18,4,3,4,6,1,0,0,0,0,0,0,4.50709E+20,5.45748E+21,8.32244E+15,4.92681E+16
189976,7.17082E+18,7,3,14,0,2017,8,13,4,3,1,2,0,1,0,0,0,0,0,4.53059E+20,5.48204E+21,8.35185E+15,4.94892E+16
189977,7.17082E+18,7,3,14,0,2017,8,8,4,3,1,5,1,1,0,0,0,0,0,4.57129E+20,5.48566E+21,8.40766E+15,4.9522E+16
189978,7.17082E+18,7,3,14,0,2017,8,14,4,3,4,2,0,1,0,0,0,0,0,4.60126E+20,5.48013E+21,8.44962E+15,4.94725E+16
189979,7.17082E+18,7,3,39,5,2017,8,10,4,3,0,7,0,1,0,0,1,0,0,4.20591E+20,5.53526E+21,7.89278E+15,4.99644E+16
189980,7.17082E+18,7,1,33,6,2017,8,17,4,3,6,4,0,1,1,0,0,0,0,4.17536E+20,5.52241E+21,7.85293E+15,4.98484E+16
189981,7.17082E+18,7,1,33,37,2017,8,11,4,3,2,2,0,1,0,0,0,0,0,4.20303E+20,5.51976E+21,7.89197E+15,4.9825E+16
189982,7.17082E+18,7,3,19,0,2017,8,14,4,3,4,2,0,1,0,0,0,0,0,4.54457E+20,5.49802E+21,8.3693E+15,4.96331E+16
189983,7.17082E+18,7,3,15,0,2017,8,18,4,3,5,2,1,0,0,1,0,0,0,4.47301E+20,5.54036E+21,8.26446E+15,5.00132E+16
189984,7.17082E+18,7,2,33,50,2017,8,13,4,3,2,6,0,0,0,1,0,0,0,3.38919E+20,5.56288E+21,6.74307E+15,5.01962E+16
189985,7.17082E+18,7,2,31,103,2017,8,11,4,2,5,3,0,1,0,0,1,0,0,3.53002E+20,5.53106E+21,6.95246E+15,4.99138E+16
189986,7.17082E+18,7,2,31,134,2017,8,11,4,3,6,6,0,1,1,0,0,0,0,3.51697E+20,5.53789E+21,6.93166E+15,4.99749E+16
189987,7.17082E+18,7,1,38,45,2017,8,11,4,3,2,6,1,1,0,0,0,0,0,3.91212E+20,5.58794E+21,7.46819E+15,5.04334E+16
189988,7.17082E+18,7,1,31,7,2017,8,13,4,3,0,7,1,0,1,0,0,0,0,3.68045E+20,5.60043E+21,7.13774E+15,5.05409E+16
189989,7.17082E+18,7,1,37,68,2017,8,15,4,3,5,3,1,1,0,0,0,0,0,3.73635E+20,5.5762E+21,7.22475E+15,5.03243E+16
189990,7.17082E+18,7,1,37,3,2017,8,15,4,2,4,2,0,1,0,1,0,0,0,3.88169E+20,5.58808E+21,7.42531E+15,5.04341E+16
189991,7.17082E+18,7,1,11,0,2017,8,19,4,3,3,5,0,1,0,1,0,0,0,3.99782E+20,5.57842E+21,7.59137E+15,5.03493E+16
189992,7.17082E+18,7,1,11,0,2017,8,15,4,3,6,4,0,1,1,0,0,0,0,3.99937E+20,5.57852E+21,7.59351E+15,5.03502E+16
189993,7.17082E+18,7,3,12,0,2017,8,16,3,3,6,7,0,0,1,1,0,0,0,4.09508E+20,5.47743E+21,7.75168E+15,4.94428E+16
189994,7.17082E+18,7,3,32,24,2017,8,10,3,3,1,2,0,1,0,0,1,0,0,4.40917E+20,5.49036E+21,8.18296E+15,4.95629E+16
189995,7.17082E+18,7,3,13,0,2017,8,16,3,2,6,6,1,0,1,0,0,0,0,4.36268E+20,5.44985E+21,8.12518E+15,4.91981E+16
189996,7.17082E+18,7,3,13,0,2017,8,14,3,3,3,5,1,1,0,0,0,0,0,4.35626E+20,5.44962E+21,8.11641E+15,4.9196E+16
189997,7.17082E+18,7,3,38,12,2017,8,15,3,3,0,2,1,1,0,0,0,0,0,4.50052E+20,5.48805E+21,8.30957E+15,4.9543E+16
189998,7.17082E+18,7,3,14,0,2017,8,16,3,3,5,3,1,1,0,0,0,0,0,4.60231E+20,5.48073E+21,8.45101E+15,4.94779E+16
189999,7.17082E+18,7,3,39,5,2017,8,20,3,2,1,5,1,1,0,0,0,1,0,4.25355E+20,5.53542E+21,7.95917E+15,4.99664E+16
190000,7.17082E+18,7,3,33,19,2017,8,7,3,3,1,5,0,1,0,1,0,0,0,4.32858E+20,5.48997E+21,8.0716E+15,4.95586E+16
190001,7.17082E+18,7,3,19,0,2017,8,18,3,3,5,3,0,1,0,0,0,0,0,4.52095E+20,5.49815E+21,8.33658E+15,4.9634E+16
190002,7.17082E+18,7,3,19,0,2017,8,15,3,3,2,2,0,1,0,1,0,0,0,4.53961E+20,5.49733E+21,8.36252E+15,4.96268E+16
190003,7.17082E+18,7,3,39,12,2017,8,21,3,3,7,1,0,0,0,1,0,2,0,4.53213E+20,5.5209E+21,8.34933E+15,4.98387E+16
190004,7.17082E+18,7,2,31,105,2017,8,10,3,3,5,3,0,1,0,0,1,0,0,3.51019E+20,5.52756E+21,6.92621E+15,4.98818E+16
190005,7.17082E+18,7,1,38,80,2017,8,16,3,2,0,1,1,0,0,0,0,0,0,3.84991E+20,5.61897E+21,7.37104E+15,5.07111E+16
190006,7.17082E+18,7,1,32,50,2017,8,18,3,3,4,6,0,1,0,0,0,0,0,4.26071E+20,5.62559E+21,7.95142E+15,5.07773E+16
190007,7.17082E+18,7,1,31,7,2017,8,15,3,3,5,3,0,1,0,0,0,0,0,3.64834E+20,5.59963E+21,7.09274E+15,5.0533E+16
190008,7.17082E+18,7,1,31,7,2017,8,7,3,3,3,2,1,1,0,0,0,0,0,3.64517E+20,5.60027E+21,7.08804E+15,5.05386E+16
190009,7.17082E+18,7,1,37,211,2017,8,19,3,3,5,3,0,1,0,1,0,0,0,3.9031E+20,5.58379E+21,7.4567E+15,5.03959E+16
190010,7.17082E+18,7,1,11,0,2017,8,15,3,3,5,3,0,1,0,1,0,0,0,3.97494E+20,5.58276E+21,7.55802E+15,5.0388E+16
190011,7.17082E+18,7,3,17,0,2017,8,8,2,3,1,7,0,1,0,0,0,0,0,3.97902E+20,5.45105E+21,7.59837E+15,4.92038E+16
190012,7.17082E+18,7,3,35,22,2017,8,7,2,3,6,6,0,1,1,0,0,0,0,3.96039E+20,5.47419E+21,7.56679E+15,4.94115E+16
190013,7.17082E+18,7,3,12,0,2017,8,7,2,3,1,2,1,1,0,0,0,0,0,4.09745E+20,5.47794E+21,7.75484E+15,4.94474E+16
190014,7.17082E+18,7,3,32,20,2017,8,18,2,3,1,7,0,1,0,1,0,0,0,4.4361E+20,5.47725E+21,8.22207E+15,4.94453E+16
190015,7.17082E+18,7,3,32,32,2017,8,19,2,3,0,1,0,1,0,1,0,0,0,4.35141E+20,5.46829E+21,8.10672E+15,4.93639E+16
190016,7.17082E+18,7,3,18,0,2017,8,13,2,3,2,2,0,1,0,1,0,0,0,4.58341E+20,5.46778E+21,8.42627E+15,4.93613E+16
190017,7.17082E+18,7,3,38,17,2017,8,18,2,3,2,6,0,1,0,1,0,0,0,4.56234E+20,5.47418E+21,8.39655E+15,4.94187E+16
190018,7.17082E+18,7,3,38,17,2017,8,13,2,3,5,3,1,1,0,0,0,0,0,4.55566E+20,5.47411E+21,8.38736E+15,4.94181E+16
190019,7.17082E+18,7,3,11,0,2017,8,17,2,3,5,3,1,1,0,0,0,0,0,4.53027E+20,5.48705E+21,8.35082E+15,4.95343E+16
190020,7.17082E+18,7,3,11,0,2017,8,13,2,3,1,5,1,1,0,0,0,0,0,4.53712E+20,5.48813E+21,8.36016E+15,4.9544E+16
190021,7.17082E+18,7,3,14,0,2017,8,15,2,3,3,7,0,1,0,0,1,0,0,4.58248E+20,5.48025E+21,8.42368E+15,4.94735E+16
190022,7.17082E+18,7,3,14,0,2017,8,13,2,3,4,2,1,1,0,0,0,0,0,4.59659E+20,5.48083E+21,8.4431E+15,4.94787E+16
190023,7.17082E+18,7,3,14,0,2017,8,13,2,2,6,6,1,0,1,0,0,0,0,4.59876E+20,5.48128E+21,8.44605E+15,4.94828E+16
190024,7.17082E+18,7,3,39,51,2017,8,18,2,2,5,3,0,1,0,1,0,0,0,4.35243E+20,5.53102E+21,8.09775E+15,4.99281E+16
190025,7.17082E+18,7,2,35,68,2017,8,16,2,3,1,6,0,1,0,0,0,0,0,3.25309E+20,5.5083E+21,6.57729E+15,4.97019E+16
190026,7.17082E+18,7,2,35,125,2017,8,9,2,3,1,6,0,1,0,0,0,0,0,3.38488E+20,5.52109E+21,6.75461E+15,4.98205E+16
190027,7.17082E+18,7,2,11,0,2017,8,17,2,3,2,6,0,1,0,0,0,0,0,3.30888E+20,5.51113E+21,6.65337E+15,4.97289E+16
190028,7.17082E+18,7,1,31,7,2017,8,13,2,3,3,1,0,1,0,1,0,0,0,3.64526E+20,5.60027E+21,7.08816E+15,5.05387E+16
190029,7.17082E+18,7,1,11,0,2017,8,18,2,3,2,2,0,1,0,0,0,0,0,3.99709E+20,5.58054E+21,7.58977E+15,5.03684E+16
190030,7.17082E+18,7,3,17,0,2017,8,4,1,3,1,5,0,1,0,1,0,2,0,3.98677E+20,5.45032E+21,7.6092E+15,4.91973E+16
190031,7.17082E+18,7,3,13,0,2017,8,11,1,3,1,1,1,1,0,0,0,0,0,4.37679E+20,5.4509E+21,8.14438E+15,4.92077E+16
190032,7.17082E+18,7,3,38,19,2017,8,17,1,3,1,5,0,1,0,0,0,0,0,4.53831E+20,5.47598E+21,8.36322E+15,4.94347E+16
190033,7.17082E+18,7,3,38,26,2017,8,10,1,3,4,6,1,1,0,0,1,0,0,4.5902E+20,5.47152E+21,8.43525E+15,4.9395E+16
190034,7.17082E+18,7,3,39,19,2017,8,13,1,2,6,7,0,1,1,0,0,0,0,4.29784E+20,5.53384E+21,8.0212E+15,4.99528E+16
190035,7.17082E+18,7,2,31,134,2017,8,19,1,3,1,7,0,1,0,0,0,0,0,3.48095E+20,5.53823E+21,6.88134E+15,4.9977E+16
190036,7.17082E+18,7,1,34,45,2017,8,15,1,3,8,1,0,1,0,0,0,0,0,3.76951E+20,5.50559E+21,7.29394E+15,4.96902E+16
190037,7.17082E+18,7,1,38,45,2017,8,11,1,3,5,3,1,1,0,0,0,0,0,3.9035E+20,5.58747E+21,7.4562E+15,5.0429E+16
190038,7.17082E+18,7,1,35,20,2017,8,12,1,3,1,6,0,1,0,1,0,0,0,3.67813E+20,5.55738E+21,7.14957E+15,5.01539E+16
190039,7.17082E+18,7,3,17,0,2017,8,16,7,3,5,3,0,1,0,0,0,0,0,3.9766E+20,5.4512E+21,7.59502E+15,4.92051E+16
190040,7.17082E+18,7,3,12,0,2017,8,18,7,3,5,3,0,1,0,0,0,0,0,4.05223E+20,5.48006E+21,7.69196E+15,4.94658E+16
190041,7.17082E+18,7,3,12,0,2017,8,10,7,3,3,6,0,1,0,1,0,0,0,4.09736E+20,5.47748E+21,7.75482E+15,4.94433E+16
190042,7.17082E+18,7,3,32,25,2017,8,9,7,3,0,1,1,0,0,0,0,0,0,4.46161E+20,5.46722E+21,8.25862E+15,4.93553E+16
190043,7.17082E+18,7,3,38,25,2017,8,14,7,3,8,1,1,0,0,0,0,0,0,4.54567E+20,5.47226E+21,8.3738E+15,4.94013E+16
190044,7.17082E+18,7,3,11,0,2017,8,17,7,3,0,1,1,0,0,0,0,0,0,4.52246E+20,5.48774E+21,8.33993E+15,4.95404E+16
190045,7.17082E+18,7,3,39,5,2017,8,16,7,3,5,3,0,1,0,1,0,0,0,4.23622E+20,5.53081E+21,7.93591E+15,4.99248E+16
190046,7.17082E+18,7,1,33,6,2017,8,0,7,3,0,7,0,1,1,0,0,2,0,4.18859E+20,5.52231E+21,7.87135E+15,4.98477E+16
190047,7.17082E+18,7,3,15,0,2017,8,18,7,3,2,2,1,0,0,0,0,0,0,4.47053E+20,5.5351E+21,8.26172E+15,4.99659E+16
190048,7.17082E+18,7,3,15,0,2017,8,9,7,3,1,5,1,1,0,0,0,0,0,4.47752E+20,5.53954E+21,8.27087E+15,5.00059E+16
190049,7.17082E+18,7,3,17,0,2017,8,8,6,3,5,3,1,1,0,0,0,0,0,3.98052E+20,5.45079E+21,7.6005E+15,4.92014E+16
190050,7.17082E+18,7,3,35,3,2017,8,7,6,3,8,1,0,1,0,0,0,0,0,3.86083E+20,5.47358E+21,7.42976E+15,4.94042E+16
190051,7.17082E+18,7,3,12,0,2017,8,15,6,3,5,3,0,1,0,0,0,0,1,4.12589E+20,5.4787E+21,7.79389E+15,4.94546E+16
190052,7.17082E+18,7,3,12,0,2017,8,6,6,3,3,2,0,0,0,1,1,0,0,4.10934E+20,5.47608E+21,7.77165E+15,4.94309E+16
190053,7.17082E+18,7,3,18,0,2017,8,21,6,3,2,2,0,1,1,0,0,2,0,4.57557E+20,5.46502E+21,8.41578E+15,4.93364E+16
190054,7.17082E+18,7,3,11,0,2017,8,14,6,3,0,7,1,0,0,0,0,0,0,4.53869E+20,5.48719E+21,8.36243E+15,4.95356E+16
190055,7.17082E+18,7,3,11,0,2017,8,12,6,3,5,2,1,1,0,0,0,0,0,4.52857E+20,5.48718E+21,8.34845E+15,4.95354E+16
190056,7.17082E+18,7,3,14,0,2017,8,3,6,3,3,6,1,0,0,0,0,2,0,4.58596E+20,5.4823E+21,8.42828E+15,4.9492E+16
190057,7.17082E+18,7,3,14,0,2017,8,18,6,3,4,1,1,1,0,0,0,0,0,4.57163E+20,5.4803E+21,8.4087E+15,4.94738E+16
190058,7.17082E+18,7,3,39,30,2017,8,14,6,3,5,3,0,1,0,0,0,0,0,4.30728E+20,5.53801E+21,8.03361E+15,4.99904E+16
190059,7.17082E+18,7,1,34,5,2017,8,21,6,3,1,2,0,1,0,0,0,2,1,3.77685E+20,5.49761E+21,7.30661E+15,4.96187E+16
190060,7.17082E+18,7,1,38,45,2017,8,16,6,3,1,6,1,1,0,0,0,0,0,3.90744E+20,5.58747E+21,7.46173E+15,5.04291E+16
190061,7.17082E+18,7,1,38,45,2017,8,13,6,3,5,3,0,1,0,0,0,0,1,3.93248E+20,5.58903E+21,7.49654E+15,5.04436E+16
190062,7.17082E+18,7,1,37,228,2017,8,16,6,3,5,3,0,1,0,0,0,0,1,3.89603E+20,5.58611E+21,7.44608E+15,5.04166E+16
190063,7.17082E+18,7,1,40,501,2017,8,8,6,3,6,3,0,1,1,0,0,0,0,4.02357E+20,5.56236E+21,7.63169E+15,5.02053E+16
190064,7.17082E+18,7,1,11,0,2017,8,8,6,3,3,6,0,1,0,0,0,0,0,3.99114E+20,5.57739E+21,7.58225E+15,5.03399E+16
190065,7.17082E+18,7,3,32,25,2017,8,13,5,3,5,3,1,1,0,0,0,0,0,4.46062E+20,5.46891E+21,8.25703E+15,4.93705E+16
190066,7.17082E+18,7,3,32,2,2017,8,9,5,3,6,7,0,1,1,0,0,0,0,4.3982E+20,5.47874E+21,8.16957E+15,4.94583E+16
190067,7.17082E+18,7,3,18,0,2017,8,9,5,3,2,6,0,1,0,0,0,0,0,4.59805E+20,5.46454E+21,8.44676E+15,4.93323E+16
190068,7.17082E+18,7,3,14,0,2017,8,21,5,3,8,6,0,1,0,0,0,2,0,4.60123E+20,5.48135E+21,8.44945E+15,4.94834E+16
190069,7.17082E+18,7,3,19,0,2017,8,17,5,3,5,2,1,0,0,0,1,0,0,4.53569E+20,5.49815E+21,8.35699E+15,4.96342E+16
190070,7.17082E+18,7,3,15,0,2017,8,18,5,3,0,7,1,1,0,0,0,0,0,4.4735E+20,5.53924E+21,8.2653E+15,5.00032E+16
190071,7.17082E+18,7,1,34,45,2017,8,8,5,3,5,3,0,1,0,0,1,0,0,3.83991E+20,5.50871E+21,7.39059E+15,4.97197E+16
190072,7.17082E+18,7,1,41,29,2017,8,19,5,3,9,1,1,0,0,0,0,0,0,4.29851E+20,5.58016E+21,8.0136E+15,5.03693E+16
190073,7.17082E+18,7,1,38,41,2017,8,18,5,3,5,6,1,1,0,0,0,0,0,3.78516E+20,5.6032E+21,7.28454E+15,5.05681E+16
190074,7.17082E+18,7,1,31,7,2017,8,11,5,3,1,7,0,1,0,0,0,0,0,3.65972E+20,5.6009E+21,7.10833E+15,5.05447E+16
190075,7.17082E+18,7,1,11,0,2017,8,17,5,3,5,3,0,1,0,0,1,0,0,4.00191E+20,5.58188E+21,7.59618E+15,5.03805E+16
190076,7.17082E+18,7,3,32,2,2017,8,8,4,3,5,2,0,1,0,0,0,0,0,4.42808E+20,5.48025E+21,8.21059E+15,4.94722E+16
190077,7.17082E+18,7,3,37,5,2017,8,7,4,3,5,3,0,1,0,0,0,0,0,4.26972E+20,5.43898E+21,7.99957E+15,4.90993E+16
190078,7.17082E+18,7,3,11,0,2017,8,18,4,3,0,2,0,1,0,1,0,0,0,4.53005E+20,5.48735E+21,8.35048E+15,4.95369E+16
190079,7.17082E+18,7,1,33,6,2017,8,14,4,3,1,7,0,1,0,0,0,0,0,4.18381E+20,5.52198E+21,7.86478E+15,4.98447E+16
190080,7.17082E+18,7,1,33,6,2017,8,13,4,3,0,6,1,1,0,0,0,0,0,4.17528E+20,5.52133E+21,7.85306E+15,4.98387E+16
190081,7.17082E+18,7,3,31,73,2017,8,14,4,3,5,3,1,1,0,0,0,0,0,4.36192E+20,5.52173E+21,8.11252E+15,4.98446E+16
190082,7.17082E+18,7,3,39,47,2017,8,19,4,3,5,3,0,1,0,0,0,0,0,4.41837E+20,5.53197E+21,8.18947E+15,4.99373E+16