OBJECTID,UIDENTSTLA,ULAND,UREGBEZ,UKREIS,UGEMEINDE,UJAHR,UMONAT,USTUNDE,UWOCHENTAG,UKATEGORIE,UART,UTYP1,IstRad,IstPKW,IstFuss,IstKrad,IstSonstig,LICHT,STRZUSTAND,LINREFX,LINREFY,XGCSWGS84,YGCSWGS84
190429,7.17091E+18,7,2,31,134,2017,9,7,3,3,5,3,0,1,0,1,0,0,0,3.49865E+20,5.53879E+21,6.90578E+15,4.99825E+16
190430,7.17091E+18,7,1,34,45,2017,9,10,3,3,1,5,0,1,0,0,0,0,0,3.84248E+20,5.50942E+21,7.39393E+15,4.97261E+16
190431,7.17091E+18,7,2,11,0,2017,9,15,3,3,5,3,1,1,0,0,0,0,0,3.30406E+20,5.51372E+21,6.64557E+15,4.9752E+16
190432,7.17091E+18,7,1,31,77,2017,9,16,3,3,0,7,0,1,0,0,0,0,0,3.75913E+20,5.6016E+21,7.24833E+15,5.05531E+16
190433,7.17091E+18,7,1,31,7,2017,9,12,3,3,5,2,1,1,0,0,0,0,0,3.69978E+20,5.60113E+21,7.16476E+15,5.05476E+16
190434,7.17091E+18,7,1,37,3,2017,9,17,3,3,3,2,0,1,1,0,0,0,0,3.8715E+20,5.58817E+21,7.41094E+15,5.04347E+16
190435,7.1709E+18,7,3,17,0,2017,9,16,2,3,6,6,0,1,1,0,0,0,0,3.98547E+20,5.4516E+21,7.60709E+15,4.92088E+16
190436,7.1709E+18,7,3,13,0,2017,9,20,2,2,4,6,1,0,1,0,0,2,0,4.34017E+20,5.44974E+21,8.0943E+15,4.91969E+16
190437,7.1709E+18,7,3,13,0,2017,9,13,2,2,6,4,0,1,1,0,0,0,0,4.37737E+20,5.45035E+21,8.14526E+15,4.92027E+16
190438,7.1709E+18,7,3,14,0,2017,9,12,2,3,0,7,0,0,0,1,0,0,0,4.57669E+20,5.48101E+21,8.41561E+15,4.94803E+16
190439,7.1709E+18,7,3,14,0,2017,9,6,2,3,5,3,0,1,0,1,0,0,0,4.56486E+20,5.48495E+21,8.39885E+15,4.95157E+16
190440,7.1709E+18,7,3,14,0,2017,9,5,2,2,0,7,1,0,0,0,0,2,0,4.56003E+20,5.48747E+21,8.3919E+15,4.95383E+16
190441,7.1709E+18,7,3,19,0,2017,9,20,2,2,5,3,0,1,0,0,0,2,0,4.52574E+20,5.50049E+21,8.34293E+15,4.96551E+16
190442,7.1709E+18,7,3,39,30,2017,9,21,2,3,5,3,1,1,0,0,0,2,0,4.33619E+20,5.53716E+21,8.07408E+15,4.99831E+16
190443,7.1709E+18,7,3,15,0,2017,9,14,2,3,0,7,1,1,0,0,0,0,0,4.48268E+20,5.53661E+21,8.27846E+15,4.99796E+16
190444,7.1709E+18,7,2,35,143,2017,9,17,2,3,9,1,0,0,0,1,0,0,1,3.21787E+20,5.5093E+21,6.52804E+15,4.97098E+16
190445,7.1709E+18,7,2,35,68,2017,9,8,2,3,5,3,0,1,0,1,0,0,0,3.25431E+20,5.50844E+21,6.57893E+15,4.97031E+16
190446,7.1709E+18,7,2,11,0,2017,9,16,2,2,5,3,0,1,0,0,0,0,1,3.30343E+20,5.51258E+21,6.64519E+15,4.97418E+16
190447,7.1709E+18,7,1,43,48,2017,9,8,2,3,8,1,0,1,0,0,0,0,0,4.14409E+20,5.5885E+21,7.7946E+15,5.04423E+16
190448,7.1709E+18,7,1,38,45,2017,9,10,2,2,6,4,0,1,1,0,0,0,0,3.91603E+20,5.58875E+21,7.47345E+15,5.04408E+16
190449,7.1709E+18,7,1,37,88,2017,9,14,2,3,9,1,0,1,0,0,0,0,0,3.85982E+20,5.58255E+21,7.39621E+15,5.03839E+16
190450,7.1709E+18,7,3,33,502,2017,9,14,1,3,0,1,0,0,0,1,0,0,0,4.14663E+20,5.49773E+21,7.81838E+15,4.96261E+16
190451,7.1709E+18,7,3,39,30,2017,9,1,1,2,1,5,1,1,0,0,0,2,0,4.33149E+20,5.53626E+21,8.06768E+15,4.9975E+16
190452,7.1709E+18,7,2,11,0,2017,9,5,1,3,0,1,1,0,0,0,0,0,0,3.29359E+20,5.51236E+21,6.63163E+15,4.97395E+16
190453,7.1709E+18,7,1,38,73,2017,9,18,1,3,6,7,0,1,1,0,0,0,0,3.73617E+20,5.60665E+21,7.21421E+15,5.05981E+16
190454,7.1709E+18,7,3,17,0,2017,9,1,7,3,5,3,0,1,0,0,0,2,0,3.98752E+20,5.44982E+21,7.61035E+15,4.91928E+16
190455,7.1709E+18,7,3,12,0,2017,9,10,7,2,3,2,0,1,0,1,0,0,0,4.09635E+20,5.47729E+21,7.75346E+15,4.94415E+16
190456,7.1709E+18,7,3,34,501,2017,9,18,7,3,0,1,0,0,0,1,0,0,1,4.48424E+20,5.43206E+21,8.29429E+15,4.90393E+16
190457,7.1709E+18,7,3,13,0,2017,9,17,7,3,6,7,0,1,1,0,0,0,0,4.35538E+20,5.44963E+21,8.11519E+15,4.91961E+16
190458,7.1709E+18,7,3,11,0,2017,9,21,7,3,0,1,1,0,0,0,0,2,1,4.53137E+20,5.48651E+21,8.3524E+15,4.95294E+16
190459,7.1709E+18,7,3,14,0,2017,9,11,7,3,6,4,1,0,1,0,0,0,0,4.60112E+20,5.48097E+21,8.44934E+15,4.94801E+16
190460,7.1709E+18,7,3,39,42,2017,9,12,7,3,5,7,1,1,0,0,0,0,0,4.42643E+20,5.52823E+21,8.20126E+15,4.99037E+16
190461,7.1709E+18,7,3,15,0,2017,9,17,7,3,5,3,0,1,0,0,0,0,1,4.46865E+20,5.53763E+21,8.25876E+15,4.99886E+16
190462,7.1709E+18,7,3,15,0,2017,9,9,7,3,6,4,0,1,1,0,0,0,0,4.47751E+20,5.53914E+21,8.27091E+15,5.00023E+16
190463,7.1709E+18,7,1,38,45,2017,9,19,7,2,6,4,0,1,1,0,0,0,0,3.9111E+20,5.58768E+21,7.46682E+15,5.04311E+16
190464,7.1709E+18,7,1,31,7,2017,9,13,7,2,8,1,1,0,0,0,0,0,0,3.67772E+20,5.60067E+21,7.13381E+15,5.0543E+16
190465,7.1709E+18,7,3,12,0,2017,9,23,6,3,5,3,0,1,0,0,0,2,0,4.11478E+20,5.4774E+21,7.77886E+15,4.94428E+16
190466,7.1709E+18,7,3,16,0,2017,9,23,6,3,5,3,0,1,0,0,0,2,0,4.4328E+20,5.46498E+21,8.21927E+15,4.93349E+16
190467,7.1709E+18,7,3,16,0,2017,9,13,6,3,5,3,1,1,0,0,0,0,0,4.4036E+20,5.46563E+21,8.17899E+15,4.93404E+16
190468,7.1709E+18,7,3,38,19,2017,9,21,6,3,5,3,0,1,0,0,0,2,0,4.52824E+20,5.47706E+21,8.3492E+15,4.94444E+16
190469,7.1709E+18,7,3,14,0,2017,9,17,6,3,2,6,0,1,0,0,0,0,0,4.56189E+20,5.4821E+21,8.39506E+15,4.94899E+16
190470,7.1709E+18,7,1,33,6,2017,9,14,6,3,0,1,1,0,0,0,0,0,0,4.18368E+20,5.52361E+21,7.86425E+15,4.98593E+16
190471,7.1709E+18,7,2,32,18,2017,9,1,6,3,5,3,0,1,0,0,0,0,0,3.23509E+20,5.53802E+21,6.53883E+15,4.99684E+16
190472,7.1709E+18,7,2,11,0,2017,9,18,6,3,4,2,0,1,0,0,0,0,0,3.29346E+20,5.51233E+21,6.63146E+15,4.97393E+16
190473,7.1709E+18,7,2,11,0,2017,9,10,6,3,0,2,0,0,0,1,1,0,0,3.30241E+20,5.51397E+21,6.64317E+15,4.97543E+16
190474,7.1709E+18,7,1,43,293,2017,9,13,6,3,0,6,0,0,0,1,1,0,0,4.27801E+20,5.60559E+21,7.97986E+15,5.05977E+16
190475,7.1709E+18,7,1,32,63,2017,9,20,6,3,5,3,0,1,0,1,0,1,0,4.21264E+20,5.62873E+21,7.88258E+15,5.0805E+16
190476,7.1709E+18,7,1,38,45,2017,9,17,6,3,1,7,0,1,0,1,0,0,0,3.91631E+20,5.58765E+21,7.47417E+15,5.04308E+16
190477,7.17083E+18,7,3,17,0,2017,8,17,5,3,8,1,0,1,0,0,0,0,0,3.98582E+20,5.45098E+21,7.60773E+15,4.92033E+16
190478,7.17083E+18,7,3,34,24,2017,8,19,5,2,0,1,1,0,0,0,0,0,0,4.46931E+20,5.44049E+21,8.27277E+15,4.91149E+16
190479,7.17083E+18,7,3,34,7,2017,8,10,5,2,6,7,0,1,1,0,0,0,1,4.5356E+20,5.45081E+21,8.36241E+15,4.92083E+16
190480,7.17083E+18,7,3,18,0,2017,8,16,5,3,1,6,0,1,0,0,0,0,0,4.58761E+20,5.46343E+21,8.43251E+15,4.93222E+16
190481,7.17083E+18,7,3,14,0,2017,8,10,5,2,0,1,1,0,0,0,0,0,1,4.56932E+20,5.48541E+21,8.40496E+15,4.95198E+16
190482,7.17083E+18,7,3,14,0,2017,8,17,5,3,2,6,0,1,0,0,1,0,0,4.57562E+20,5.48178E+21,8.41405E+15,4.94872E+16
190483,7.17083E+18,7,1,33,6,2017,8,8,5,2,6,4,0,1,1,0,0,0,0,4.19034E+20,5.52511E+21,7.8732E+15,4.98729E+16
190484,7.17083E+18,7,2,32,18,2017,8,7,5,3,2,6,0,1,0,0,0,0,1,3.22944E+20,5.5362E+21,6.5318E+15,4.99519E+16
190485,7.17083E+18,7,2,31,134,2017,8,18,5,3,5,2,1,1,0,0,0,0,0,3.48456E+20,5.5391E+21,6.88602E+15,4.9985E+16
190486,7.17093E+18,7,3,19,0,2017,9,9,3,3,5,3,1,1,0,0,0,0,0,4.54444E+20,5.49739E+21,8.36919E+15,4.96274E+16
190487,7.17103E+18,7,3,38,19,2017,10,10,5,2,0,7,1,0,0,0,0,0,0,4.53088E+20,5.47608E+21,8.35296E+15,4.94356E+16
190488,7.17103E+18,7,3,14,0,2017,10,15,5,3,2,6,0,1,0,1,0,0,0,4.54056E+20,5.48208E+21,8.36562E+15,4.94896E+16
190489,7.17103E+18,7,2,32,18,2017,10,18,5,3,2,7,1,1,0,0,0,2,0,3.22538E+20,5.53885E+21,6.52493E+15,4.99756E+16
190490,7.17103E+18,7,2,31,8,2017,10,7,5,3,6,7,0,0,1,0,1,1,0,3.61035E+20,5.53207E+21,7.06392E+15,4.99248E+16
190491,7.17103E+18,7,1,11,0,2017,10,15,6,3,5,3,1,1,0,0,0,0,0,3.97351E+20,5.57983E+21,7.55682E+15,5.03616E+16
190492,7.17103E+18,7,3,35,22,2017,10,11,5,3,8,7,0,1,0,0,0,0,0,3.96334E+20,5.47424E+21,7.57083E+15,4.9412E+16
190493,7.17103E+18,7,3,35,38,2017,10,6,5,3,0,1,0,0,0,1,0,2,1,3.96541E+20,5.4774E+21,7.57287E+15,4.94404E+16
190494,7.17103E+18,7,3,12,0,2017,10,17,5,3,5,3,0,1,0,0,0,0,0,4.11108E+20,5.47734E+21,7.77377E+15,4.94423E+16
190495,7.17103E+18,7,3,13,0,2017,10,22,5,3,0,1,1,0,0,0,0,2,0,4.36037E+20,5.44982E+21,8.12201E+15,4.91979E+16
190496,7.17103E+18,7,3,18,0,2017,10,11,5,3,1,6,0,1,0,0,0,0,0,4.59737E+20,5.46456E+21,8.44582E+15,4.93324E+16
190497,7.17103E+18,7,1,43,206,2017,10,11,5,3,1,7,0,1,0,0,1,0,0,4.26353E+20,5.61214E+21,7.95811E+15,5.06564E+16
190498,7.17103E+18,7,1,32,117,2017,10,11,5,2,0,1,1,0,0,0,0,0,0,4.11244E+20,5.62633E+21,7.74099E+15,5.07819E+16
190499,7.17103E+18,7,3,34,13,2017,10,10,4,2,6,4,0,1,1,0,0,0,0,4.41296E+20,5.43718E+21,8.19604E+15,4.90847E+16
190500,7.17103E+18,7,3,13,0,2017,10,19,4,3,4,2,1,1,0,0,0,2,1,4.3504E+20,5.45022E+21,8.10827E+15,4.92014E+16
190501,7.17103E+18,7,3,11,0,2017,10,17,4,3,5,2,1,1,0,0,0,0,0,4.53246E+20,5.48801E+21,8.35373E+15,4.95429E+16
190502,7.17103E+18,7,3,19,0,2017,10,7,4,2,2,2,1,0,0,0,1,1,0,4.53964E+20,5.49734E+21,8.36256E+15,4.96269E+16
190503,7.17103E+18,7,3,19,0,2017,10,7,4,2,5,3,0,1,0,1,0,1,0,4.53673E+20,5.49794E+21,8.35846E+15,4.96322E+16
190504,7.17103E+18,7,3,15,0,2017,10,19,4,3,4,6,0,1,0,0,0,2,0,4.46914E+20,5.5333E+21,8.26004E+15,4.99497E+16
190505,7.17103E+18,7,1,34,10,2017,10,20,4,2,1,1,0,1,0,1,0,2,0,3.67021E+20,5.5015E+21,7.15772E+15,4.96514E+16
190506,7.17103E+18,7,2,35,83,2017,10,7,4,3,9,1,0,1,0,0,0,2,1,3.43267E+20,5.51819E+21,6.82217E+15,4.97957E+16
190507,7.17103E+18,7,1,43,62,2017,10,20,4,3,6,7,0,1,1,0,0,2,0,4.09598E+20,5.59124E+21,7.7262E+15,5.04662E+16
190508,7.17103E+18,7,1,38,61,2017,10,16,4,2,4,6,0,1,0,0,0,0,0,3.93007E+20,5.59597E+21,7.49116E+15,5.05059E+16
190509,7.17103E+18,7,1,38,4,2017,10,16,4,2,6,4,1,0,1,0,0,0,0,3.80235E+20,5.59749E+21,7.31063E+15,5.05171E+16
190510,7.17103E+18,7,1,32,501,2017,10,16,4,3,5,3,1,1,0,0,0,0,0,4.03944E+20,5.61604E+21,7.64015E+15,5.06883E+16
190511,7.17103E+18,7,1,11,0,2017,10,7,4,3,3,2,1,1,0,0,0,2,0,3.99922E+20,5.57976E+21,7.59297E+15,5.03614E+16
190512,7.17102E+18,7,1,33,65,2017,10,11,3,3,5,3,0,1,0,0,0,0,0,4.03828E+20,5.50765E+21,7.66596E+15,4.97137E+16
190513,7.17102E+18,7,3,35,49,2017,10,10,3,3,5,3,0,1,0,0,0,0,1,4.01616E+20,5.4821E+21,7.64168E+15,4.94836E+16
190514,7.17102E+18,7,3,12,0,2017,10,16,3,3,5,3,0,1,0,0,0,0,0,4.11197E+20,5.47827E+21,7.77479E+15,4.94506E+16
190515,7.17102E+18,7,3,32,6,2017,10,23,3,3,0,7,0,1,1,0,0,2,0,4.41299E+20,5.49525E+21,8.18753E+15,4.9607E+16
190516,7.17102E+18,7,3,34,501,2017,10,8,3,3,4,6,1,1,0,0,0,0,0,4.46706E+20,5.43354E+21,8.2706E+15,4.90525E+16
190517,7.17102E+18,7,3,37,5,2017,10,15,3,3,5,3,0,1,1,0,0,0,0,4.27771E+20,5.43935E+21,8.01044E+15,4.91028E+16
190518,7.17102E+18,7,3,13,0,2017,10,15,3,3,5,3,0,1,0,1,0,0,0,4.36683E+20,5.44908E+21,8.131E+15,4.91913E+16
190519,7.17102E+18,7,3,31,32,2017,10,12,3,3,6,6,0,1,1,0,0,0,1,4.41775E+20,5.51485E+21,8.19119E+15,4.97833E+16
190520,7.17102E+18,7,3,19,0,2017,10,6,3,3,5,3,1,1,0,0,0,2,0,4.53592E+20,5.49797E+21,8.35733E+15,4.96325E+16
190521,7.17102E+18,7,3,15,0,2017,10,15,3,3,2,5,0,1,0,0,0,0,0,4.47387E+20,5.53997E+21,8.26572E+15,5.00097E+16
190522,7.17102E+18,7,2,32,18,2017,10,10,3,2,5,3,1,1,0,0,0,0,1,3.22673E+20,5.53752E+21,6.52741E+15,4.99637E+16
190523,7.17102E+18,7,1,34,5,2017,10,13,3,3,0,1,1,0,0,0,0,0,1,3.79706E+20,5.49713E+21,7.33472E+15,4.96147E+16
190524,7.17102E+18,7,2,11,0,2017,10,13,3,3,1,5,1,1,0,0,0,0,1,3.2943E+20,5.51315E+21,6.63228E+15,4.97466E+16
190525,7.17102E+18,7,3,12,0,2017,10,12,2,3,8,1,1,0,0,0,0,0,0,4.08645E+20,5.47766E+21,7.73973E+15,4.94447E+16
190526,7.17102E+18,7,3,32,25,2017,10,10,2,3,7,1,1,0,0,0,0,0,0,4.45933E+20,5.46767E+21,8.25543E+15,4.93594E+16
190527,7.17102E+18,7,3,16,0,2017,10,15,2,2,6,2,0,1,1,0,0,0,0,4.37673E+20,5.46694E+21,8.1418E+15,4.9352E+16
190528,7.17102E+18,7,3,13,0,2017,10,22,2,3,0,7,1,0,0,0,0,2,0,4.37001E+20,5.44971E+21,8.13527E+15,4.91969E+16
190529,7.17102E+18,7,3,13,0,2017,10,15,2,3,5,3,1,1,0,0,0,0,0,4.35335E+20,5.44937E+21,8.11245E+15,4.91937E+16
190530,7.17102E+18,7,3,38,23,2017,10,14,2,3,3,6,1,1,0,0,0,0,0,4.56602E+20,5.4575E+21,8.40345E+15,4.92688E+16
190531,7.17102E+18,7,1,35,92,2017,10,20,2,3,6,4,0,1,1,0,0,2,0,3.69803E+20,5.54288E+21,7.18234E+15,5.0024E+16
190532,7.17102E+18,7,1,37,89,2017,10,6,2,2,5,3,0,1,0,1,0,2,0,3.80101E+20,5.57417E+21,7.31619E+15,5.03074E+16
190533,7.17102E+18,7,1,11,0,2017,10,6,2,3,0,5,1,1,0,0,0,1,0,3.99021E+20,5.57934E+21,7.58042E+15,5.03574E+16
190534,7.17102E+18,7,1,43,206,2017,10,17,1,3,9,1,0,1,0,0,0,0,1,4.25255E+20,5.61036E+21,7.94293E+15,5.06403E+16
190535,7.17102E+18,7,1,43,48,2017,10,19,1,3,6,7,0,1,1,0,0,2,0,4.16764E+20,5.58804E+21,7.82786E+15,5.04384E+16
190536,7.17102E+18,7,1,38,76,2017,10,13,1,3,5,3,0,1,0,0,0,0,1,3.86607E+20,5.60147E+21,7.39927E+15,5.05541E+16
190537,7.17102E+18,7,1,38,45,2017,10,11,1,2,8,1,0,0,0,1,1,0,1,3.90169E+20,5.58828E+21,7.45342E+15,5.04363E+16
190538,7.17102E+18,7,3,17,0,2017,10,21,7,3,6,2,0,1,1,0,0,2,1,3.98288E+20,5.45044E+21,7.60383E+15,4.91983E+16
190539,7.17102E+18,7,3,34,501,2017,10,11,7,3,0,2,0,0,0,1,0,0,1,4.45013E+20,5.43344E+21,8.24744E+15,4.90514E+16
190540,7.17102E+18,7,3,14,0,2017,10,18,7,3,6,4,0,1,1,0,0,0,0,4.59338E+20,5.4815E+21,8.43861E+15,4.94847E+16
190541,7.17102E+18,7,3,39,21,2017,10,14,7,3,5,3,0,1,0,0,0,0,1,4.22479E+20,5.52837E+21,7.92049E+15,4.99027E+16
190542,7.17102E+18,7,3,31,34,2017,10,20,7,3,9,1,0,1,0,0,0,2,1,4.55198E+20,5.51415E+21,8.37771E+15,4.97781E+16
190543,7.17102E+18,7,3,19,0,2017,10,16,7,3,5,6,0,1,1,0,0,0,0,4.53579E+20,5.49708E+21,8.35726E+15,4.96245E+16
190544,7.17102E+18,7,3,39,27,2017,10,14,7,3,6,6,0,1,1,0,0,0,0,4.35763E+20,5.53815E+21,8.10381E+15,4.99922E+16
190545,7.17102E+18,7,3,15,0,2017,10,15,7,3,1,5,0,1,0,0,1,0,1,4.49186E+20,5.53773E+21,8.29112E+15,4.99897E+16
190546,7.17102E+18,7,3,15,0,2017,10,14,7,3,0,6,0,1,0,0,1,0,1,4.47934E+20,5.53897E+21,8.27349E+15,5.00008E+16
190547,7.17102E+18,7,1,35,20,2017,10,12,7,3,6,4,0,1,1,0,0,0,1,3.69487E+20,5.55746E+21,7.17296E+15,5.0155E+16
190548,7.17102E+18,7,1,11,0,2017,10,18,7,3,0,1,0,0,0,1,0,2,1,4.00239E+20,5.5804E+21,7.59726E+15,5.03672E+16
190549,7.17102E+18,7,3,35,22,2017,10,13,6,3,0,7,0,1,1,0,0,0,0,3.95911E+20,5.47413E+21,7.56504E+15,4.94109E+16
190550,7.17102E+18,7,3,12,0,2017,10,15,6,3,5,3,1,1,0,0,0,0,1,4.10631E+20,5.47697E+21,7.76727E+15,4.94389E+16
190551,7.17102E+18,7,3,12,0,2017,10,8,6,3,5,3,0,1,0,0,0,0,0,4.12668E+20,5.47779E+21,7.79518E+15,4.94465E+16
190552,7.17102E+18,7,3,16,0,2017,10,9,6,3,1,3,0,1,0,1,0,0,0,4.39824E+20,5.46681E+21,8.17144E+15,4.9351E+16
190553,7.17102E+18,7,3,34,8,2017,10,11,6,3,7,7,0,1,0,0,0,0,1,4.45195E+20,5.43049E+21,8.25033E+15,4.90249E+16
190554,7.17102E+18,7,3,18,0,2017,10,8,6,3,4,6,1,1,0,0,0,0,0,4.59237E+20,5.46256E+21,8.43915E+15,4.93144E+16
190555,7.17102E+18,7,3,14,0,2017,10,13,6,3,0,7,1,0,0,0,0,0,1,4.59446E+20,5.47974E+21,8.44027E+15,4.9469E+16
190556,7.17102E+18,7,1,33,6,2017,10,13,6,3,5,7,0,1,0,0,0,0,1,4.19371E+20,5.52216E+21,7.87851E+15,4.98464E+16
190557,7.17102E+18,7,2,35,111,2017,10,16,6,3,4,2,0,1,0,0,0,0,0,3.22112E+20,5.52124E+21,6.52709E+15,4.98172E+16
190558,7.17102E+18,7,2,11,0,2017,10,15,6,3,2,6,0,1,0,0,0,0,0,3.29554E+20,5.51282E+21,6.63414E+15,4.97437E+16
190559,7.17102E+18,7,1,40,144,2017,10,8,6,3,5,3,0,0,0,1,1,0,1,3.94031E+20,5.53741E+21,7.52197E+15,4.99796E+16
190560,7.17102E+18,7,1,37,3,2017,10,7,6,2,6,4,0,1,1,0,0,2,1,3.86452E+20,5.58814E+21,7.40113E+15,5.04343E+16
190561,7.17102E+18,7,3,33,502,2017,10,15,5,3,5,3,1,1,0,0,0,0,0,4.15305E+20,5.49959E+21,7.82687E+15,4.96429E+16
190562,7.17102E+18,7,3,12,0,2017,10,16,5,3,5,2,0,1,0,0,0,0,0,4.09983E+20,5.47733E+21,7.75826E+15,4.94419E+16
190563,7.17102E+18,7,3,12,0,2017,10,12,5,3,1,5,0,1,0,1,0,0,0,4.06492E+20,5.47732E+21,7.71011E+15,4.94414E+16
190564,7.17102E+18,7,3,16,0,2017,10,15,5,3,5,2,0,1,0,1,0,0,0,4.3759E+20,5.46711E+21,8.14063E+15,4.93535E+16
190565,7.17102E+18,7,3,13,0,2017,10,21,5,2,4,2,0,1,0,1,0,2,0,4.3622E+20,5.45044E+21,8.12442E+15,4.92034E+16
190566,7.17102E+18,7,3,13,0,2017,10,12,5,3,5,2,1,1,0,0,0,0,0,4.35011E+20,5.44959E+21,8.10797E+15,4.91957E+16
190567,7.17102E+18,7,3,13,0,2017,10,8,5,3,0,7,1,0,0,0,0,0,0,4.36185E+20,5.44896E+21,8.12418E+15,4.91901E+16
190568,7.17102E+18,7,3,18,0,2017,10,18,5,3,1,6,0,1,0,0,0,0,0,4.58318E+20,5.46412E+21,8.42634E+15,4.93284E+16
190569,7.17102E+18,7,3,18,0,2017,10,14,5,3,5,3,1,1,0,0,0,0,0,4.59364E+20,5.4628E+21,8.44087E+15,4.93166E+16
190570,7.17102E+18,7,3,38,16,2017,10,10,5,3,8,1,0,1,0,0,0,0,0,4.4847E+20,5.48493E+21,8.28812E+15,4.95148E+16
190571,7.17102E+18,7,3,11,0,2017,10,7,5,3,4,2,0,1,0,0,0,2,0,4.53442E+20,5.48697E+21,8.35657E+15,4.95335E+16
190572,7.17102E+18,7,3,14,0,2017,10,16,5,3,5,2,1,1,0,0,0,0,0,4.58233E+20,5.47895E+21,8.42361E+15,4.94618E+16
190573,7.17102E+18,7,3,14,0,2017,10,12,5,3,1,7,1,1,0,0,0,0,0,4.59597E+20,5.4814E+21,8.44219E+15,4.94839E+16
190574,7.17102E+18,7,3,14,0,2017,10,8,5,3,6,2,0,1,1,0,0,0,0,4.60201E+20,5.48032E+21,8.45064E+15,4.94742E+16
190575,7.17102E+18,7,1,33,6,2017,10,14,5,3,5,3,0,1,0,1,0,0,0,4.19238E+20,5.52195E+21,7.8767E+15,4.98445E+16
190576,7.17102E+18,7,3,33,39,2017,10,16,5,3,5,1,0,1,0,1,0,0,0,4.28966E+20,5.50128E+21,8.01576E+15,4.96599E+16
190577,7.17102E+18,7,3,19,0,2017,10,13,5,3,9,1,0,0,0,1,0,0,0,4.53571E+20,5.49714E+21,8.35714E+15,4.9625E+16
190578,7.17102E+18,7,3,39,42,2017,10,7,5,3,6,7,0,1,1,0,0,0,0,4.42462E+20,5.52836E+21,8.19873E+15,4.99049E+16
190579,7.17102E+18,7,3,15,0,2017,10,7,5,3,7,7,0,1,0,0,0,1,0,4.43798E+20,5.54074E+21,8.21552E+15,5.00163E+16
190580,7.17102E+18,7,2,32,296,2017,10,14,5,2,5,2,0,1,0,1,0,0,0,3.1637E+20,5.56473E+21,6.42655E+15,5.02062E+16
190581,7.17102E+18,7,1,34,45,2017,10,19,5,2,7,1,0,0,0,1,0,2,0,3.84278E+20,5.50986E+21,7.39423E+15,4.97301E+16
190582,7.17102E+18,7,1,43,286,2017,10,15,5,2,5,3,0,1,0,0,0,0,0,4.33859E+20,5.60596E+21,8.06538E+15,5.06018E+16
190583,7.17102E+18,7,1,32,72,2017,10,8,5,2,0,1,1,0,0,0,0,0,0,4.2683E+20,5.63216E+21,7.96088E+15,5.08365E+16
190584,7.17102E+18,7,1,32,99,2017,10,17,5,2,6,4,0,1,1,0,0,0,0,4.01016E+20,5.61359E+21,7.59938E+15,5.06657E+16
190585,7.17102E+18,7,1,37,68,2017,10,13,5,3,1,6,0,1,0,0,0,0,0,3.75356E+20,5.57645E+21,7.24884E+15,5.03269E+16
190586,7.17102E+18,7,3,35,205,2017,10,4,4,3,9,1,0,1,0,0,0,2,0,4.17468E+20,5.48468E+21,7.85995E+15,4.95091E+16
190587,7.17102E+18,7,3,16,0,2017,10,11,4,3,2,1,0,1,0,0,0,0,0,4.35886E+20,5.4671E+21,8.11718E+15,4.93532E+16
190588,7.17102E+18,7,3,13,0,2017,10,14,4,3,4,1,1,1,0,1,0,0,0,4.3653E+20,5.44958E+21,8.12882E+15,4.91957E+16
190589,7.17102E+18,7,3,38,18,2017,10,5,4,3,0,3,1,1,0,0,0,2,1,4.48048E+20,5.48042E+21,8.28287E+15,4.94742E+16
190590,7.17102E+18,7,3,38,4,2017,10,17,4,3,5,3,1,1,0,0,0,0,0,4.53315E+20,5.49246E+21,8.35416E+15,4.95829E+16
190591,7.17102E+18,7,1,34,10,2017,10,7,4,3,2,6,1,1,0,0,0,1,1,3.67865E+20,5.50167E+21,7.16935E+15,4.96531E+16
190592,7.17102E+18,7,1,31,7,2017,10,11,4,3,2,6,0,1,0,0,0,0,0,3.68419E+20,5.60109E+21,7.14278E+15,5.05469E+16
190593,7.17102E+18,7,1,11,0,2017,10,11,4,3,0,1,1,0,0,0,0,0,0,4.00192E+20,5.57949E+21,7.59683E+15,5.0359E+16
190594,7.17102E+18,7,3,38,25,2017,10,19,3,2,0,1,1,0,0,0,0,2,1,4.5436E+20,5.47059E+21,8.37114E+15,4.93863E+16
190595,7.17102E+18,7,3,14,0,2017,10,12,3,3,3,6,1,0,0,0,0,0,0,4.56569E+20,5.48244E+21,8.40027E+15,4.9493E+16
190596,7.17102E+18,7,1,33,6,2017,10,14,3,3,3,6,0,1,0,1,0,0,0,4.18266E+20,5.52127E+21,7.86332E+15,4.98383E+16
190597,7.17102E+18,7,3,39,30,2017,10,17,3,2,3,6,0,1,0,0,0,0,0,4.30441E+20,5.53692E+21,8.0298E+15,4.99806E+16
190598,7.17102E+18,7,3,15,0,2017,10,14,3,3,1,5,0,1,0,1,0,0,0,4.45633E+20,5.53944E+21,8.24131E+15,5.00048E+16
190599,7.17102E+18,7,2,33,501,2017,10,16,3,3,6,7,0,1,1,0,0,0,0,3.44781E+20,5.56305E+21,6.82508E+15,5.01993E+16
190600,7.17102E+18,7,1,31,70,2017,10,12,3,3,0,2,0,1,0,0,0,0,0,3.76089E+20,5.60398E+21,7.25002E+15,5.05746E+16