OBJECTID,UIDENTSTLA,ULAND,UREGBEZ,UKREIS,UGEMEINDE,UJAHR,UMONAT,USTUNDE,UWOCHENTAG,UKATEGORIE,UART,UTYP1,IstRad,IstPKW,IstFuss,IstKrad,IstSonstig,LICHT,STRZUSTAND,LINREFX,LINREFY,XGCSWGS84,YGCSWGS84
190601,7.17102E+18,7,3,35,22,2017,10,18,2,3,6,7,0,1,1,0,0,0,0,3.9632E+20,5.47351E+21,7.57084E+15,4.94054E+16
190602,7.17102E+18,7,3,12,0,2017,10,7,2,3,6,4,0,1,1,0,0,0,0,4.12812E+20,5.47824E+21,7.79707E+15,4.94505E+16
190603,7.17102E+18,7,3,16,0,2017,10,20,2,3,1,6,1,0,0,0,1,2,0,4.37094E+20,5.46575E+21,8.13402E+15,4.93412E+16
190604,7.17102E+18,7,3,37,82,2017,10,8,2,3,0,1,1,0,0,0,0,0,0,4.36204E+20,5.45395E+21,8.12365E+15,4.9235E+16
190605,7.17102E+18,7,3,14,0,2017,10,13,2,3,5,2,0,1,0,1,0,0,0,4.58658E+20,5.4822E+21,8.42914E+15,4.9491E+16
190606,7.17102E+18,7,3,14,0,2017,10,9,2,3,1,6,0,1,0,1,0,0,0,4.55955E+20,5.4876E+21,8.39122E+15,4.95394E+16
190607,7.17102E+18,7,3,14,0,2017,10,6,2,3,5,3,1,1,0,0,0,2,0,4.58679E+20,5.47915E+21,8.42975E+15,4.94636E+16
190608,7.17102E+18,7,3,39,21,2017,10,1,2,3,9,7,0,1,0,0,0,2,0,4.22793E+20,5.52828E+21,7.92487E+15,4.9902E+16
190609,7.17102E+18,7,1,33,6,2017,10,15,2,3,5,3,0,1,0,1,0,0,0,4.20516E+20,5.52273E+21,7.89431E+15,4.98517E+16
190610,7.17102E+18,7,3,39,10,2017,10,16,2,3,4,6,1,1,0,0,0,0,0,4.49402E+20,5.51948E+21,8.29652E+15,4.98256E+16
190611,7.17102E+18,7,2,35,68,2017,10,16,2,2,0,3,0,1,0,0,0,0,0,3.24137E+20,5.50715E+21,6.56158E+15,4.96912E+16
190612,7.17102E+18,7,1,43,308,2017,10,14,2,3,1,3,1,1,0,0,0,0,0,4.27221E+20,5.60191E+21,7.97239E+15,5.05646E+16
190613,7.17102E+18,7,1,43,206,2017,10,10,2,2,9,7,0,1,0,0,0,0,0,4.25939E+20,5.6118E+21,7.95232E+15,5.06534E+16
190614,7.17102E+18,7,1,38,45,2017,10,10,2,3,5,7,0,1,0,0,0,0,0,3.87262E+20,5.59006E+21,7.41195E+15,5.04517E+16
190615,7.17102E+18,7,1,38,45,2017,10,7,2,2,2,6,1,1,0,0,0,0,1,3.9198E+20,5.58743E+21,7.47914E+15,5.04289E+16
190616,7.17102E+18,7,1,37,68,2017,10,7,2,3,5,3,1,1,0,0,0,0,0,3.74229E+20,5.57668E+21,7.23294E+15,5.03288E+16
190617,7.17102E+18,7,1,37,216,2017,10,16,2,3,2,6,0,1,0,0,0,0,0,3.92767E+20,5.58308E+21,7.49146E+15,5.039E+16
190618,7.17102E+18,7,1,37,3,2017,10,13,2,3,1,6,0,1,0,0,0,0,0,3.89066E+20,5.58739E+21,7.43815E+15,5.04281E+16
190619,7.17102E+18,7,3,12,0,2017,10,18,1,3,2,6,0,1,0,1,0,0,0,4.0864E+20,5.47684E+21,7.73984E+15,4.94373E+16
190620,7.17102E+18,7,3,13,0,2017,10,0,1,3,5,3,0,1,0,0,0,2,0,4.35731E+20,5.45017E+21,8.11776E+15,4.9201E+16
190621,7.17102E+18,7,3,38,18,2017,10,19,1,3,0,1,1,0,0,0,0,2,0,4.48089E+20,5.48164E+21,8.28328E+15,4.94852E+16
190622,7.17102E+18,7,3,39,6,2017,10,11,1,2,7,7,0,0,0,1,1,0,0,4.5025E+20,5.53104E+21,8.30682E+15,4.99297E+16
190623,7.17102E+18,7,2,11,0,2017,10,18,1,3,5,3,0,1,0,1,0,0,0,3.33452E+20,5.51981E+21,6.68521E+15,4.98076E+16
190624,7.17102E+18,7,1,32,6,2017,10,0,1,3,1,1,0,1,0,1,0,2,0,4.20603E+20,5.6279E+21,7.87339E+15,5.07974E+16
190625,7.17101E+18,7,3,20,0,2017,10,21,7,3,5,3,0,1,0,0,0,2,0,3.80581E+20,5.45635E+21,7.35911E+15,4.92482E+16
190626,7.17101E+18,7,3,20,0,2017,10,2,7,3,6,7,0,1,1,0,0,2,0,3.81043E+20,5.45625E+21,7.36548E+15,4.92474E+16
190627,7.17101E+18,7,3,12,0,2017,10,14,7,3,2,6,0,1,0,0,0,0,0,4.06492E+20,5.47732E+21,7.71011E+15,4.94414E+16
190628,7.17101E+18,7,3,32,25,2017,10,21,7,3,6,4,0,1,1,0,0,2,0,4.45958E+20,5.46805E+21,8.25572E+15,4.93627E+16
190629,7.17101E+18,7,3,34,8,2017,10,10,7,3,5,3,1,1,0,0,0,0,0,4.455E+20,5.43053E+21,8.2545E+15,4.90253E+16
190630,7.17101E+18,7,3,34,501,2017,10,9,7,3,5,3,1,1,0,0,0,0,0,4.32883E+20,5.43435E+21,8.0813E+15,4.90584E+16
190631,7.17101E+18,7,3,11,0,2017,10,11,7,3,0,5,1,1,0,0,0,0,0,4.5349E+20,5.48716E+21,8.35719E+15,4.95352E+16
190632,7.17101E+18,7,1,33,6,2017,10,12,7,3,3,6,0,1,0,1,0,0,0,4.18167E+20,5.52198E+21,7.86181E+15,4.98447E+16
190633,7.17101E+18,7,1,33,6,2017,10,9,7,3,2,2,0,1,0,0,0,0,0,4.18422E+20,5.52207E+21,7.86533E+15,4.98455E+16
190634,7.17101E+18,7,3,39,48,2017,10,14,7,2,5,3,1,0,0,1,0,0,0,4.26227E+20,5.53276E+21,7.97183E+15,4.99427E+16
190635,7.17101E+18,7,3,15,0,2017,10,11,7,3,5,7,0,1,0,0,0,0,0,4.46448E+20,5.53299E+21,8.25359E+15,4.99469E+16
190636,7.17101E+18,7,2,31,69,2017,10,16,7,3,5,3,1,1,0,0,0,0,0,3.47765E+20,5.53044E+21,6.87981E+15,4.9907E+16
190637,7.17101E+18,7,1,41,29,2017,10,16,7,3,5,2,1,1,0,0,0,0,0,4.29843E+20,5.58032E+21,8.01345E+15,5.03707E+16
190638,7.17101E+18,7,3,12,0,2017,10,16,6,3,3,2,1,1,0,0,0,0,0,4.10939E+20,5.47712E+21,7.77149E+15,4.94402E+16
190639,7.17101E+18,7,3,16,0,2017,10,10,6,3,1,5,1,1,0,0,0,0,0,4.43129E+20,5.46496E+21,8.2172E+15,4.93347E+16
190640,7.17101E+18,7,3,34,13,2017,10,15,6,3,0,7,1,1,0,0,0,0,0,4.41531E+20,5.43703E+21,8.19927E+15,4.90834E+16
190641,7.17101E+18,7,3,18,0,2017,10,19,6,3,0,1,1,0,0,0,0,0,0,4.58746E+20,5.46355E+21,8.43229E+15,4.93233E+16
190642,7.17101E+18,7,3,39,5,2017,10,13,6,3,5,3,0,1,0,1,0,0,0,4.21512E+20,5.53388E+21,7.9059E+15,4.99521E+16
190643,7.17101E+18,7,2,35,119,2017,10,19,6,3,0,1,0,0,0,1,0,2,0,3.39806E+20,5.50018E+21,6.78151E+15,4.96329E+16
190644,7.17101E+18,7,2,11,0,2017,10,16,6,3,1,6,0,1,0,0,0,0,0,3.29491E+20,5.5145E+21,6.63253E+15,4.97588E+16
190645,7.17101E+18,7,2,11,0,2017,10,13,6,3,6,4,0,1,1,0,0,0,0,3.30425E+20,5.51466E+21,6.64542E+15,4.97604E+16
190646,7.17101E+18,7,1,31,7,2017,10,10,6,3,5,3,0,1,0,0,0,0,0,3.65706E+20,5.60078E+21,7.10462E+15,5.05436E+16
190647,7.17101E+18,7,1,11,0,2017,10,13,6,3,1,7,1,1,0,0,0,0,0,4.00287E+20,5.5809E+21,7.5978E+15,5.03717E+16
190648,7.17101E+18,7,3,35,22,2017,10,14,5,3,5,3,1,0,0,0,1,0,0,3.9673E+20,5.47499E+21,7.57611E+15,4.94188E+16
190649,7.17101E+18,7,3,12,0,2017,10,11,5,3,1,5,0,1,0,0,1,0,0,4.10899E+20,5.47735E+21,7.77088E+15,4.94423E+16
190650,7.17101E+18,7,3,16,0,2017,10,13,5,3,6,7,0,0,1,0,1,0,0,4.37067E+20,5.46698E+21,8.13346E+15,4.93523E+16
190651,7.17101E+18,7,3,18,0,2017,10,13,5,3,5,3,0,1,0,0,0,0,0,4.58788E+20,5.46537E+21,8.43268E+15,4.93397E+16
190652,7.17101E+18,7,3,38,17,2017,10,12,5,3,1,2,0,1,0,1,0,0,0,4.55156E+20,5.47511E+21,8.38159E+15,4.9427E+16
190653,7.17101E+18,7,3,19,0,2017,10,18,5,3,5,7,1,1,0,0,0,0,0,4.52868E+20,5.5044E+21,8.34653E+15,4.96903E+16
190654,7.17101E+18,7,3,19,0,2017,10,10,5,2,1,6,0,1,0,0,1,0,0,4.5326E+20,5.50123E+21,8.35235E+15,4.96618E+16
190655,7.17101E+18,7,3,15,0,2017,10,10,5,3,6,7,0,1,1,0,0,0,0,4.47621E+20,5.53872E+21,8.26915E+15,4.99985E+16
190656,7.17101E+18,7,2,11,0,2017,10,18,5,3,1,2,0,1,0,1,0,1,0,3.30967E+20,5.51467E+21,6.65294E+15,4.97608E+16
190657,7.17101E+18,7,1,41,5,2017,10,15,5,3,5,3,0,1,0,1,0,0,0,4.29124E+20,5.58207E+21,8.00302E+15,5.03864E+16
190658,7.17101E+18,7,1,38,45,2017,10,11,5,3,6,4,0,1,1,0,0,0,0,3.90934E+20,5.58775E+21,7.46434E+15,5.04316E+16
190659,7.17101E+18,7,1,40,144,2017,10,13,5,3,5,3,0,1,0,1,0,0,0,3.9512E+20,5.53771E+21,7.53707E+15,4.99825E+16
190660,7.17101E+18,7,1,11,0,2017,10,16,5,2,5,3,1,1,0,0,0,0,0,4.00756E+20,5.58215E+21,7.60406E+15,5.0383E+16
190661,7.17101E+18,7,1,11,0,2017,10,20,5,3,1,5,0,1,0,0,0,2,0,4.00032E+20,5.57955E+21,7.59457E+15,5.03595E+16
190662,7.17101E+18,7,1,11,0,2017,10,14,5,3,2,6,0,1,0,0,0,0,0,4.00054E+20,5.57954E+21,7.59488E+15,5.03594E+16
190663,7.17101E+18,7,3,33,51,2017,10,11,4,2,6,7,0,0,1,0,1,0,0,4.13216E+20,5.50983E+21,7.79567E+15,4.97347E+16
190664,7.17101E+18,7,3,35,24,2017,10,11,4,3,5,3,0,1,0,1,0,0,0,3.97559E+20,5.48059E+21,7.58608E+15,4.94693E+16
190665,7.17101E+18,7,3,12,0,2017,10,23,4,3,5,3,0,1,0,0,0,2,0,4.10908E+20,5.4773E+21,7.77101E+15,4.94418E+16
190666,7.17101E+18,7,3,34,501,2017,10,17,4,3,8,1,0,1,0,0,0,1,0,4.47183E+20,5.43352E+21,8.27713E+15,4.90523E+16
190667,7.17101E+18,7,3,34,501,2017,10,16,4,3,1,7,0,1,0,0,0,0,0,4.32884E+20,5.43435E+21,8.08132E+15,4.90583E+16
190668,7.17101E+18,7,3,38,17,2017,10,18,4,3,4,6,1,0,1,0,0,0,0,4.55984E+20,5.47467E+21,8.39305E+15,4.94231E+16
190669,7.17101E+18,7,3,14,0,2017,10,11,4,3,3,6,1,1,0,0,0,0,0,4.55193E+20,5.4823E+21,8.38128E+15,4.94917E+16
190670,7.17101E+18,7,3,15,0,2017,10,19,4,3,5,7,0,1,0,0,0,2,0,4.5118E+20,5.53506E+21,8.31927E+15,4.99659E+16
190671,7.17101E+18,7,1,31,3,2017,10,11,4,3,0,1,1,0,0,0,0,0,0,3.57311E+20,5.59799E+21,6.98728E+15,5.05164E+16
190672,7.17101E+18,7,3,15,0,2017,10,19,3,3,6,7,1,0,1,0,0,0,0,4.46275E+20,5.54053E+21,8.25012E+15,5.00146E+16
190673,7.17101E+18,7,1,43,29,2017,10,10,3,1,5,3,1,0,0,0,1,0,1,4.10009E+20,5.60277E+21,7.72922E+15,5.05699E+16
190674,7.17101E+18,7,1,41,75,2017,10,10,3,3,0,7,0,0,0,1,1,0,1,4.00171E+20,5.57542E+21,7.59762E+15,5.03224E+16
190675,7.17101E+18,7,3,17,0,2017,10,15,2,3,5,3,0,1,0,0,1,0,0,3.97741E+20,5.45126E+21,7.59611E+15,4.92056E+16
190676,7.17101E+18,7,3,35,15,2017,10,12,2,2,5,3,1,1,0,0,0,0,0,4.19901E+20,5.47674E+21,7.89516E+15,4.9438E+16
190677,7.17101E+18,7,3,38,10,2017,10,12,2,3,1,5,0,0,0,0,1,0,0,4.52277E+20,5.46272E+21,8.34337E+15,4.93153E+16
190678,7.17101E+18,7,3,14,0,2017,10,8,2,3,0,1,1,0,0,0,0,0,1,4.59392E+20,5.48131E+21,8.43937E+15,4.9483E+16
190679,7.17101E+18,7,3,15,0,2017,10,14,2,3,3,5,1,1,0,0,0,0,0,4.46805E+20,5.53964E+21,8.25765E+15,5.00067E+16
190680,7.17101E+18,7,1,43,48,2017,10,13,2,3,5,3,1,1,0,0,0,0,0,4.16309E+20,5.58788E+21,7.82149E+15,5.0437E+16
190681,7.17101E+18,7,1,32,63,2017,10,12,2,2,6,2,0,0,1,0,1,0,1,4.20972E+20,5.62898E+21,7.87839E+15,5.08071E+16
190682,7.17101E+18,7,1,38,45,2017,10,17,2,3,5,3,0,1,0,0,0,0,1,3.93044E+20,5.58839E+21,7.49385E+15,5.04378E+16
190683,7.17101E+18,7,1,40,165,2017,10,22,2,2,8,1,0,0,0,0,1,2,1,3.7831E+20,5.53722E+21,7.30285E+15,4.99749E+16
190684,7.17101E+18,7,1,37,226,2017,10,16,2,2,0,1,0,0,0,1,0,0,1,4.01689E+20,5.58377E+21,7.61676E+15,5.03977E+16
190685,7.17101E+18,7,3,17,0,2017,10,20,1,3,1,5,0,1,0,0,0,2,0,3.98538E+20,5.45045E+21,7.60725E+15,4.91984E+16
190686,7.17101E+18,7,3,15,0,2017,10,20,1,3,1,6,0,1,0,0,1,2,1,4.47036E+20,5.53311E+21,8.26176E+15,4.9948E+16
190687,7.17101E+18,7,1,32,111,2017,10,1,1,1,6,6,0,1,1,0,0,2,1,4.17527E+20,5.62789E+21,7.82975E+15,5.07969E+16
190688,7.17101E+18,7,1,38,45,2017,10,19,1,3,6,6,0,1,1,0,0,2,1,3.90207E+20,5.58938E+21,7.45362E+15,5.04461E+16
190689,7.17101E+18,7,3,37,42,2017,10,16,7,2,0,1,1,0,0,0,0,0,0,4.31173E+20,5.44802E+21,8.05557E+15,4.91811E+16
190690,7.17101E+18,7,2,11,0,2017,10,19,7,3,5,2,0,1,0,1,0,2,1,3.29762E+20,5.51203E+21,6.63737E+15,4.97366E+16
190691,7.17101E+18,7,1,31,6,2017,10,12,7,3,0,7,0,0,0,1,0,0,0,3.78804E+20,5.59593E+21,7.29096E+15,5.05027E+16
190692,7.17101E+18,7,3,17,0,2017,10,17,6,3,6,4,0,1,1,0,0,0,0,3.98413E+20,5.45168E+21,7.60523E+15,4.92095E+16
190693,7.17101E+18,7,3,37,38,2017,10,16,6,3,5,3,0,1,0,1,0,0,1,4.42153E+20,5.44477E+21,8.20668E+15,4.9153E+16
190694,7.17101E+18,7,3,11,0,2017,10,19,6,3,6,4,0,1,1,0,0,0,0,4.53698E+20,5.48726E+21,8.36006E+15,4.95362E+16
190695,7.17101E+18,7,2,11,0,2017,10,16,6,3,4,6,1,1,1,0,0,0,0,3.29595E+20,5.51294E+21,6.63465E+15,4.97448E+16
190696,7.17101E+18,7,1,38,45,2017,10,10,6,3,8,1,0,1,0,0,0,0,1,3.90874E+20,5.59072E+21,7.46263E+15,5.04583E+16
190697,7.17101E+18,7,1,31,7,2017,10,11,6,3,4,1,0,1,0,0,0,0,1,3.65258E+20,5.60088E+21,7.09826E+15,5.05443E+16
190698,7.17101E+18,7,1,37,3,2017,10,20,6,3,5,3,0,1,0,0,0,2,0,3.86467E+20,5.58838E+21,7.40127E+15,5.04365E+16
190699,7.17101E+18,7,3,12,0,2017,10,18,5,3,2,6,0,1,0,0,0,0,1,4.10619E+20,5.47788E+21,7.76691E+15,4.9447E+16
190700,7.17101E+18,7,3,32,2,2017,10,15,5,3,2,2,0,1,0,0,0,0,0,4.40731E+20,5.47927E+21,8.18207E+15,4.94632E+16
190701,7.17101E+18,7,3,18,0,2017,10,14,5,3,3,6,0,1,0,1,0,0,0,4.58761E+20,5.46343E+21,8.43251E+15,4.93222E+16
190702,7.17101E+18,7,3,38,26,2017,10,12,5,3,4,2,1,1,0,0,0,0,0,4.59282E+20,5.47132E+21,8.43887E+15,4.93932E+16
190703,7.17101E+18,7,3,14,0,2017,10,17,5,3,1,6,0,1,0,0,0,0,1,4.57811E+20,5.48172E+21,8.41749E+15,4.94867E+16
190704,7.17101E+18,7,3,14,0,2017,10,16,5,3,5,3,0,1,0,0,0,0,1,4.58346E+20,5.48175E+21,8.42488E+15,4.9487E+16
190705,7.17101E+18,7,3,15,0,2017,10,8,5,3,2,2,0,1,0,0,0,0,0,4.47311E+20,5.53899E+21,8.2648E+15,5.00009E+16
190706,7.17101E+18,7,2,11,0,2017,10,8,5,3,5,3,1,1,0,0,0,0,0,3.29788E+20,5.5141E+21,6.63682E+15,4.97553E+16
190707,7.171E+18,7,3,13,0,2017,10,5,4,3,5,3,0,1,0,0,0,2,0,4.35108E+20,5.44962E+21,8.10929E+15,4.91959E+16
190708,7.171E+18,7,3,14,0,2017,10,10,4,3,4,2,0,1,0,0,0,0,0,4.59692E+20,5.47968E+21,8.44367E+15,4.94685E+16
190709,7.171E+18,7,1,33,6,2017,10,19,4,3,2,6,0,1,0,0,0,1,0,4.184E+20,5.52215E+21,7.86501E+15,4.98462E+16
190710,7.171E+18,7,2,32,18,2017,10,16,4,3,6,4,0,1,1,0,0,0,0,3.22661E+20,5.53824E+21,6.52692E+15,4.99701E+16
190711,7.171E+18,7,2,11,0,2017,10,12,4,3,5,3,1,0,0,0,1,0,0,3.28926E+20,5.51447E+21,6.62471E+15,4.97584E+16
190712,7.171E+18,7,1,40,501,2017,10,9,4,2,0,1,1,0,0,0,0,0,0,3.95782E+20,5.56375E+21,7.53919E+15,5.02167E+16
190713,7.171E+18,7,1,11,0,2017,10,10,4,3,6,7,0,1,1,0,1,0,0,3.95117E+20,5.5806E+21,7.5252E+15,5.03681E+16
190714,7.171E+18,7,3,32,2,2017,10,19,3,3,3,2,0,1,0,1,0,1,0,4.42169E+20,5.47995E+21,8.20181E+15,4.94694E+16
190715,7.171E+18,7,3,19,0,2017,10,19,3,3,0,1,0,0,0,1,0,1,0,4.53473E+20,5.4981E+21,8.35567E+15,4.96336E+16
190716,7.171E+18,7,3,31,55,2017,10,18,3,2,6,4,0,0,1,0,1,0,0,4.5007E+20,5.50611E+21,8.30752E+15,4.97054E+16
190717,7.171E+18,7,1,34,45,2017,10,18,3,3,4,6,0,1,0,0,0,1,0,3.76708E+20,5.50932E+21,7.2894E+15,4.97237E+16
190718,7.171E+18,7,1,43,48,2017,10,19,3,3,0,1,1,0,0,0,0,1,1,4.17612E+20,5.58852E+21,7.83969E+15,5.04429E+16
190719,7.171E+18,7,3,12,0,2017,10,17,2,3,5,3,0,1,0,0,0,0,0,4.0598E+20,5.47735E+21,7.70304E+15,4.94415E+16
190720,7.171E+18,7,3,12,0,2017,10,16,2,3,0,3,0,1,0,1,0,0,1,4.11203E+20,5.47748E+21,7.77505E+15,4.94435E+16
190721,7.171E+18,7,3,12,0,2017,10,10,2,3,5,3,1,1,0,0,0,0,1,4.11293E+20,5.47717E+21,7.77636E+15,4.94407E+16
190722,7.171E+18,7,3,14,0,2017,10,7,2,3,2,5,1,1,0,0,0,0,0,4.59299E+20,5.48161E+21,8.43805E+15,4.94858E+16
190723,7.171E+18,7,3,14,0,2017,10,11,2,3,2,2,0,1,0,0,0,0,0,4.56747E+20,5.47855E+21,8.40315E+15,4.94581E+16
190724,7.171E+18,7,3,39,5,2017,10,14,2,3,6,4,0,1,1,0,0,0,1,4.21025E+20,5.53568E+21,7.89874E+15,4.99683E+16
190725,7.171E+18,7,1,33,6,2017,10,20,2,3,4,5,0,1,0,0,0,2,0,4.16264E+20,5.52234E+21,7.83526E+15,4.98476E+16
190726,7.171E+18,7,3,39,9,2017,10,9,2,2,6,7,0,1,1,0,0,0,0,4.40778E+20,5.54165E+21,8.17323E+15,5.00242E+16
190727,7.171E+18,7,2,35,118,2017,10,12,2,3,5,3,0,1,0,0,1,0,1,3.23669E+20,5.49721E+21,6.55956E+15,4.96017E+16
190728,7.171E+18,7,1,38,45,2017,10,13,2,3,1,1,0,1,0,0,0,0,0,3.90946E+20,5.58734E+21,7.46462E+15,5.04279E+16
190729,7.171E+18,7,1,37,3,2017,10,11,2,3,4,2,0,1,0,0,0,0,0,3.87503E+20,5.58842E+21,7.41584E+15,5.0437E+16
190730,7.171E+18,7,1,11,0,2017,10,7,2,3,5,3,0,1,0,0,0,0,1,3.97902E+20,5.57687E+21,7.56537E+15,5.03351E+16
190731,7.171E+18,7,3,40,20,2017,10,11,1,2,5,3,1,1,0,0,0,0,0,4.09513E+20,5.44981E+21,7.75801E+15,4.91944E+16
190732,7.171E+18,7,3,34,28,2017,10,16,1,3,5,3,0,0,0,1,0,0,0,4.51693E+20,5.45779E+21,8.33594E+15,4.92709E+16
190733,7.171E+18,7,1,33,6,2017,10,16,1,2,5,3,1,1,0,0,0,0,0,4.1979E+20,5.52198E+21,7.88437E+15,4.98449E+16
190734,7.171E+18,7,3,15,0,2017,10,15,1,2,6,4,0,1,1,0,0,0,0,4.46294E+20,5.54038E+21,8.25041E+15,5.00133E+16
190735,7.171E+18,7,2,31,123,2017,10,13,1,3,1,7,0,1,0,0,0,0,0,3.56505E+20,5.5128E+21,7.00797E+15,4.97506E+16
190736,7.171E+18,7,1,38,3,2017,10,15,1,3,5,3,1,0,0,0,1,0,0,3.88483E+20,5.6142E+21,7.42192E+15,5.06689E+16
190737,7.171E+18,7,1,31,7,2017,10,9,1,3,5,3,0,1,0,0,0,0,0,3.67903E+20,5.60108E+21,7.1355E+15,5.05467E+16
190738,7.171E+18,7,1,37,68,2017,10,2,1,3,9,1,0,1,0,0,0,2,1,3.7291E+20,5.57672E+21,7.21439E+15,5.03288E+16
190739,7.17093E+18,7,3,20,0,2017,9,23,7,3,6,4,0,1,1,0,0,2,1,3.82515E+20,5.45595E+21,7.38579E+15,4.92451E+16
190740,7.17093E+18,7,3,17,0,2017,9,20,7,3,6,2,0,1,1,0,0,2,1,3.98057E+20,5.44997E+21,7.60078E+15,4.9194E+16
190741,7.17093E+18,7,3,12,0,2017,9,15,7,3,6,5,0,1,1,0,0,0,1,4.10966E+20,5.47771E+21,7.77173E+15,4.94455E+16
190742,7.17093E+18,7,3,16,0,2017,9,19,7,3,0,5,1,1,0,0,0,2,1,4.38949E+20,5.46655E+21,8.15943E+15,4.93486E+16
190743,7.17093E+18,7,3,34,32,2017,9,14,7,3,1,5,1,1,0,0,1,0,0,4.48136E+20,5.45653E+21,8.28721E+15,4.92593E+16
190744,7.17093E+18,7,3,11,0,2017,9,23,7,3,1,5,0,1,0,1,0,2,1,4.54952E+20,5.48728E+21,8.37739E+15,4.95364E+16
190745,7.17093E+18,7,3,14,0,2017,9,8,7,3,5,3,0,1,0,0,0,0,0,4.59307E+20,5.48146E+21,8.43817E+15,4.94844E+16
190746,7.17093E+18,7,3,33,19,2017,9,21,7,3,5,3,0,1,0,0,0,2,1,4.32787E+20,5.49034E+21,8.07055E+15,4.95619E+16
190747,7.17093E+18,7,3,39,37,2017,9,11,7,3,7,6,0,1,0,0,0,0,0,4.47562E+20,5.52604E+21,8.27006E+15,4.98845E+16
190748,7.17093E+18,7,3,15,0,2017,9,13,7,3,5,4,0,1,1,0,0,0,0,4.48169E+20,5.53827E+21,8.27686E+15,4.99945E+16
190749,7.17093E+18,7,1,32,72,2017,9,0,7,3,8,1,0,1,0,0,0,2,0,4.26701E+20,5.63211E+21,7.95906E+15,5.0836E+16
190750,7.17093E+18,7,1,38,45,2017,9,19,7,3,5,3,0,1,0,0,0,2,1,3.90558E+20,5.58706E+21,7.45925E+15,5.04253E+16
190751,7.17093E+18,7,1,38,45,2017,9,17,7,3,2,6,0,1,0,0,1,0,1,3.90611E+20,5.58786E+21,7.45976E+15,5.04326E+16
190752,7.17093E+18,7,3,12,0,2017,9,16,6,3,6,4,0,0,1,1,0,0,0,4.11468E+20,5.47792E+21,7.7786E+15,4.94475E+16
190753,7.17093E+18,7,3,32,25,2017,9,15,6,3,0,1,1,0,0,0,0,0,0,4.45951E+20,5.46762E+21,8.25569E+15,4.93589E+16
190754,7.17093E+18,7,3,32,2,2017,9,7,6,3,1,1,1,1,0,0,0,0,0,4.38978E+20,5.47869E+21,8.15796E+15,4.94578E+16
190755,7.17093E+18,7,3,34,501,2017,9,12,6,3,0,3,0,1,0,1,0,0,0,4.45183E+20,5.43343E+21,8.24977E+15,4.90513E+16
190756,7.17093E+18,7,3,34,7,2017,9,14,6,2,1,5,1,1,0,0,0,0,0,4.53189E+20,5.44968E+21,8.35745E+15,4.91982E+16
190757,7.17093E+18,7,3,18,0,2017,9,8,6,3,0,7,1,1,0,0,0,0,0,4.57704E+20,5.46462E+21,8.41785E+15,4.93328E+16
190758,7.17093E+18,7,3,38,5,2017,9,12,6,2,6,7,0,1,1,0,0,0,0,4.49633E+20,5.46932E+21,8.30617E+15,4.93745E+16
190759,7.17093E+18,7,3,14,0,2017,9,17,6,3,6,6,0,1,1,0,0,0,0,4.54625E+20,5.48203E+21,8.37348E+15,4.94892E+16
190760,7.17093E+18,7,1,33,6,2017,9,15,6,3,5,3,0,1,0,0,0,0,0,4.20355E+20,5.52242E+21,7.89213E+15,4.98489E+16
190761,7.17093E+18,7,1,33,6,2017,9,14,6,3,4,6,0,1,0,1,0,0,0,4.17047E+20,5.51869E+21,7.84694E+15,4.98149E+16
190762,7.17093E+18,7,3,15,0,2017,9,7,6,3,6,4,0,1,1,0,0,0,0,4.46531E+20,5.54005E+21,8.25376E+15,5.00104E+16
190763,7.17093E+18,7,2,33,26,2017,9,14,6,3,5,3,0,1,0,0,0,0,0,3.3207E+20,5.56611E+21,6.64576E+15,5.02233E+16
190764,7.17093E+18,7,1,41,29,2017,9,23,6,3,4,1,1,1,0,0,0,2,0,4.29683E+20,5.5804E+21,8.01119E+15,5.03715E+16
190765,7.17093E+18,7,1,38,57,2017,9,16,6,3,5,3,1,1,0,0,0,0,0,4.01265E+20,5.60613E+21,7.60489E+15,5.05987E+16
190766,7.17093E+18,7,1,31,77,2017,9,7,6,3,0,5,0,1,0,0,1,0,0,3.76059E+20,5.601E+21,7.25059E+15,5.05478E+16
190767,7.17093E+18,7,1,37,68,2017,9,18,6,3,2,5,0,1,0,0,0,1,0,3.73925E+20,5.5768E+21,7.22863E+15,5.03298E+16
190768,7.17093E+18,7,3,12,0,2017,9,16,5,2,2,2,0,0,0,1,0,0,0,4.09695E+20,5.47742E+21,7.75426E+15,4.94427E+16
190769,7.17093E+18,7,3,34,7,2017,9,17,5,3,5,3,1,1,0,0,0,0,0,4.54418E+20,5.45229E+21,8.37402E+15,4.92217E+16
190770,7.17093E+18,7,3,37,70,2017,9,22,5,3,0,3,1,1,0,0,0,2,0,4.34943E+20,5.46125E+21,8.10514E+15,4.93005E+16
190771,7.17093E+18,7,3,38,6,2017,9,18,5,3,5,3,0,1,0,0,0,1,0,4.50088E+20,5.47516E+21,8.3117E+15,4.94271E+16
190772,7.17093E+18,7,3,38,6,2017,9,14,5,3,1,7,0,1,0,0,1,0,0,4.50174E+20,5.47472E+21,8.31295E+15,4.94232E+16