OBJECTID,UIDENTSTLA,ULAND,UREGBEZ,UKREIS,UGEMEINDE,UJAHR,UMONAT,USTUNDE,UWOCHENTAG,UKATEGORIE,UART,UTYP1,IstRad,IstPKW,IstFuss,IstKrad,IstSonstig,LICHT,STRZUSTAND,LINREFX,LINREFY,XGCSWGS84,YGCSWGS84
191116,7.17121E+18,7,3,19,0,2017,12,14,5,3,6,4,0,1,1,0,0,0,1,4.53647E+20,5.50048E+21,8.3578E+15,4.96551E+16
191117,7.17121E+18,7,2,32,123,2017,12,16,5,2,6,4,0,1,1,0,0,1,0,3.30625E+20,5.53349E+21,6.63996E+15,4.99298E+16
191118,7.17121E+18,7,1,34,10,2017,12,17,5,3,6,2,0,1,1,0,0,2,1,3.68145E+20,5.50145E+21,7.1733E+15,4.96512E+16
191119,7.17121E+18,7,2,11,0,2017,12,9,5,3,2,2,0,1,0,0,0,0,0,3.2869E+20,5.51375E+21,6.62175E+15,4.97518E+16
191120,7.17121E+18,7,1,11,0,2017,12,13,5,3,9,5,1,1,0,0,0,0,1,4.00101E+20,5.57893E+21,7.59571E+15,5.0354E+16
191121,7.17121E+18,7,3,32,24,2017,12,7,4,3,6,2,0,1,1,0,0,2,2,4.39786E+20,5.48963E+21,8.16745E+15,4.95562E+16
191122,7.17121E+18,7,3,13,0,2017,12,17,4,3,6,4,0,0,1,0,1,2,1,4.35206E+20,5.45076E+21,8.11045E+15,4.92062E+16
191123,7.17121E+18,7,3,13,0,2017,12,7,4,2,0,1,1,0,0,0,0,1,2,4.33859E+20,5.44962E+21,8.09215E+15,4.91959E+16
191124,7.17121E+18,7,3,38,25,2017,12,13,4,3,5,3,1,1,0,0,0,0,0,4.55749E+20,5.47048E+21,8.39028E+15,4.93854E+16
191125,7.17121E+18,7,3,11,0,2017,12,7,4,3,5,3,1,1,0,0,0,1,0,4.52815E+20,5.48763E+21,8.34782E+15,4.95394E+16
191126,7.17121E+18,7,3,14,0,2017,12,9,4,3,6,7,0,1,1,0,0,0,0,4.59624E+20,5.48137E+21,8.44256E+15,4.94836E+16
191127,7.17121E+18,7,1,33,6,2017,12,9,4,3,0,7,1,0,0,0,0,0,0,4.18685E+20,5.52417E+21,7.86854E+15,4.98644E+16
191128,7.17121E+18,7,2,31,134,2017,12,17,4,3,6,4,0,0,1,0,1,2,1,3.48885E+20,5.53854E+21,6.89222E+15,4.998E+16
191129,7.17121E+18,7,1,32,117,2017,12,17,4,3,6,4,0,1,1,0,0,2,1,4.10914E+20,5.62632E+21,7.73632E+15,5.07818E+16
191130,7.17121E+18,7,3,13,0,2017,12,12,3,2,4,2,1,1,0,0,0,0,0,4.35559E+20,5.45047E+21,8.11535E+15,4.92036E+16
191131,7.17121E+18,7,3,38,10,2017,12,13,3,3,5,3,1,1,0,0,0,0,1,4.52926E+20,5.46291E+21,8.35228E+15,4.93171E+16
191132,7.17121E+18,7,3,14,0,2017,12,8,3,3,6,4,0,1,1,0,0,0,0,4.53615E+20,5.48255E+21,8.35947E+15,4.94938E+16
191133,7.17121E+18,7,1,33,6,2017,12,7,3,3,5,2,1,1,0,0,0,2,1,4.18574E+20,5.52118E+21,7.86763E+15,4.98376E+16
191134,7.17121E+18,7,3,19,0,2017,12,17,3,3,5,3,1,1,0,0,0,1,0,4.54129E+20,5.49816E+21,8.36475E+15,4.96343E+16
191135,7.17121E+18,7,3,15,0,2017,12,10,3,2,0,6,0,1,0,1,0,0,0,4.46922E+20,5.53936E+21,8.25931E+15,5.00042E+16
191136,7.17121E+18,7,1,38,45,2017,12,17,3,3,6,3,0,1,1,0,0,1,0,3.91064E+20,5.58766E+21,7.46618E+15,5.04309E+16
191137,7.17121E+18,7,1,31,90,2017,12,16,3,3,2,2,0,1,0,0,0,1,1,3.60676E+20,5.60505E+21,7.03208E+15,5.05807E+16
191138,7.17121E+18,7,1,31,7,2017,12,9,3,3,1,7,1,0,0,0,1,0,0,3.65032E+20,5.60046E+21,7.09523E+15,5.05405E+16
191139,7.17121E+18,7,1,11,0,2017,12,17,3,3,5,3,0,1,0,0,0,2,0,3.98716E+20,5.58129E+21,7.57561E+15,5.03749E+16
191140,7.17121E+18,7,3,32,25,2017,12,8,2,2,5,3,1,1,0,0,0,0,1,4.45941E+20,5.46786E+21,8.25551E+15,4.93611E+16
191141,7.17121E+18,7,3,34,13,2017,12,7,2,3,1,6,0,1,0,0,0,2,1,4.40505E+20,5.43883E+21,8.18496E+15,4.90994E+16
191142,7.17121E+18,7,3,13,0,2017,12,16,2,3,3,3,1,1,0,0,0,1,1,4.35741E+20,5.44925E+21,8.11804E+15,4.91927E+16
191143,7.17121E+18,7,3,38,17,2017,12,7,2,2,6,4,0,1,1,0,0,2,1,4.56072E+20,5.47458E+21,8.39428E+15,4.94223E+16
191144,7.17121E+18,7,3,14,0,2017,12,14,2,3,5,3,1,1,0,0,0,0,1,4.55678E+20,5.48181E+21,8.38804E+15,4.94874E+16
191145,7.17121E+18,7,1,33,6,2017,12,17,2,3,6,4,0,1,1,0,0,2,1,4.19955E+20,5.52225E+21,7.8866E+15,4.98474E+16
191146,7.17121E+18,7,3,31,66,2017,12,19,2,3,6,2,0,1,1,0,0,2,1,4.39834E+20,5.49868E+21,8.16672E+15,4.96377E+16
191147,7.17121E+18,7,2,11,0,2017,12,7,2,3,6,4,0,1,1,0,0,2,1,3.33946E+20,5.52045E+21,6.69179E+15,4.98135E+16
191148,7.17121E+18,7,1,43,73,2017,12,16,2,3,2,6,0,1,0,0,0,2,1,4.16574E+20,5.59107E+21,7.82452E+15,5.04657E+16
191149,7.17121E+18,7,1,38,45,2017,12,8,2,3,6,4,0,1,1,0,0,2,1,3.9074E+20,5.58769E+21,7.46161E+15,5.0431E+16
191150,7.17121E+18,7,3,38,17,2017,12,12,1,3,4,1,0,1,0,0,0,0,2,4.55846E+20,5.47506E+21,8.39111E+15,4.94266E+16
191151,7.17121E+18,7,3,19,0,2017,12,15,1,2,2,2,0,1,0,0,0,0,2,4.53789E+20,5.49758E+21,8.36011E+15,4.9629E+16
191152,7.17121E+18,7,1,38,45,2017,12,21,1,3,1,1,0,1,0,0,0,2,2,3.93445E+20,5.58861E+21,7.49942E+15,5.04398E+16
191153,7.17121E+18,7,1,41,501,2017,12,12,1,2,8,7,0,1,0,0,0,0,2,4.08613E+20,5.56983E+21,7.71753E+15,5.02735E+16
191154,7.17121E+18,7,3,12,0,2017,12,10,7,3,2,2,0,1,0,0,0,0,2,4.04468E+20,5.47632E+21,7.68245E+15,4.94321E+16
191155,7.17121E+18,7,3,18,0,2017,12,19,7,3,0,2,0,1,0,0,0,2,0,4.57742E+20,5.46345E+21,8.41849E+15,4.93223E+16
191156,7.17121E+18,7,3,18,0,2017,12,11,7,3,5,3,0,1,0,0,0,0,1,4.58514E+20,5.46207E+21,8.42925E+15,4.931E+16
191157,7.17121E+18,7,3,14,0,2017,12,12,7,2,5,3,1,1,0,0,0,0,0,4.56912E+20,5.47932E+21,8.40535E+15,4.9465E+16
191158,7.17121E+18,7,3,39,30,2017,12,16,7,3,5,3,0,1,0,0,1,1,0,4.33018E+20,5.53715E+21,8.06569E+15,4.99829E+16
191159,7.17121E+18,7,1,43,32,2017,12,12,7,3,6,6,0,1,1,0,0,0,2,4.06578E+20,5.58736E+21,7.68462E+15,5.04309E+16
191160,7.17121E+18,7,3,36,105,2017,12,18,6,3,4,6,0,1,0,1,0,2,1,3.99152E+20,5.49448E+21,7.60451E+15,4.95945E+16
191161,7.17121E+18,7,3,12,0,2017,12,14,6,3,4,6,0,1,0,0,0,0,1,4.08893E+20,5.47914E+21,7.74281E+15,4.94581E+16
191162,7.17121E+18,7,3,12,0,2017,12,12,6,3,2,6,0,1,0,0,0,0,2,4.10248E+20,5.47694E+21,7.762E+15,4.94385E+16
191163,7.17121E+18,7,3,16,0,2017,12,18,6,3,6,4,0,1,1,0,0,2,1,4.38981E+20,5.46767E+21,8.15969E+15,4.93587E+16
191164,7.17121E+18,7,3,18,0,2017,12,14,6,3,6,7,0,1,1,0,0,0,0,4.57662E+20,5.4655E+21,8.41716E+15,4.93408E+16
191165,7.17121E+18,7,3,14,0,2017,12,16,6,3,2,6,0,1,0,1,0,0,0,4.55305E+20,5.48236E+21,8.38282E+15,4.94922E+16
191166,7.17121E+18,7,3,14,0,2017,12,16,6,3,6,4,0,1,1,0,0,1,1,4.59299E+20,5.48153E+21,8.43807E+15,4.9485E+16
191167,7.17121E+18,7,3,31,3,2017,12,13,6,3,2,6,0,1,0,0,0,0,0,4.35673E+20,5.5102E+21,8.1072E+15,4.97408E+16
191168,7.17121E+18,7,3,31,48,2017,12,11,6,3,6,6,0,1,1,0,0,0,1,4.42726E+20,5.49847E+21,8.2068E+15,4.96361E+16
191169,7.17121E+18,7,3,19,0,2017,12,7,6,3,6,4,0,1,1,0,0,2,0,4.53625E+20,5.49821E+21,8.35776E+15,4.96347E+16
191170,7.17121E+18,7,3,15,0,2017,12,9,6,3,1,6,0,1,0,0,1,0,0,4.46449E+20,5.53492E+21,8.25333E+15,4.99642E+16
191171,7.17121E+18,7,3,15,0,2017,12,11,6,3,5,3,0,1,0,0,0,0,0,4.47847E+20,5.53514E+21,8.27279E+15,4.99663E+16
191172,7.17121E+18,7,2,32,304,2017,12,18,6,3,4,6,0,1,0,0,0,2,2,3.19348E+20,5.55906E+21,6.47094E+15,5.01562E+16
191173,7.17121E+18,7,2,31,134,2017,12,6,6,3,0,3,0,0,0,1,1,2,1,3.48857E+20,5.53895E+21,6.89166E+15,4.99837E+16
191174,7.17121E+18,7,1,34,45,2017,12,13,6,3,2,6,0,1,0,0,0,0,2,3.8317E+20,5.50916E+21,7.37907E+15,4.97236E+16
191175,7.17121E+18,7,1,34,45,2017,12,10,6,3,1,6,0,1,0,0,0,0,1,3.75627E+20,5.50813E+21,7.27479E+15,4.97128E+16
191176,7.17121E+18,7,1,37,88,2017,12,10,6,3,5,3,0,1,0,0,0,0,0,3.85058E+20,5.58303E+21,7.38307E+15,5.03881E+16
191177,7.17121E+18,7,3,36,58,2017,12,15,5,3,4,6,1,1,0,0,0,0,0,3.98139E+20,5.50089E+21,7.58883E+15,4.96519E+16
191178,7.17121E+18,7,3,35,22,2017,12,15,5,3,2,6,0,1,0,0,0,0,0,3.96105E+20,5.47423E+21,7.56769E+15,4.94118E+16
191179,7.17121E+18,7,3,32,24,2017,12,9,5,2,6,4,0,1,1,0,0,0,0,4.39681E+20,5.48995E+21,8.16594E+15,4.95592E+16
191180,7.17121E+18,7,3,18,0,2017,12,19,5,3,6,7,0,1,1,0,0,2,0,4.59108E+20,5.46277E+21,8.43735E+15,4.93163E+16
191181,7.17121E+18,7,3,18,0,2017,12,14,5,3,5,3,1,1,0,0,0,0,0,4.59038E+20,5.46306E+21,8.43636E+15,4.93189E+16
191182,7.17121E+18,7,3,18,0,2017,12,11,5,3,4,6,1,1,0,0,0,0,0,4.59382E+20,5.46199E+21,8.4412E+15,4.93093E+16
191183,7.17121E+18,7,3,11,0,2017,12,5,5,3,8,1,0,1,0,0,0,2,0,4.53951E+20,5.48625E+21,8.36367E+15,4.95271E+16
191184,7.17121E+18,7,3,14,0,2017,12,14,5,3,5,3,0,1,0,1,0,0,0,4.55632E+20,5.48268E+21,8.3873E+15,4.94951E+16
191185,7.17121E+18,7,3,14,0,2017,12,13,5,3,6,4,0,1,1,0,0,0,0,4.5798E+20,5.48194E+21,8.41981E+15,4.94886E+16
191186,7.17121E+18,7,1,33,52,2017,12,18,5,3,6,4,0,1,1,0,0,2,1,3.88943E+20,5.51603E+21,7.45716E+15,4.97865E+16
191187,7.17121E+18,7,2,11,0,2017,12,18,5,2,6,4,0,1,1,0,0,2,1,3.30083E+20,5.51368E+21,6.6411E+15,4.97516E+16
191188,7.17121E+18,7,1,43,62,2017,12,17,5,3,6,2,0,1,1,0,0,2,0,4.1001E+20,5.59148E+21,7.73195E+15,5.04684E+16
191189,7.17121E+18,7,1,32,501,2017,12,17,5,3,4,7,0,1,0,0,0,2,0,4.04732E+20,5.61629E+21,7.65124E+15,5.06906E+16
191190,7.17121E+18,7,1,11,0,2017,12,11,5,3,5,3,0,1,0,0,0,0,0,4.00009E+20,5.58166E+21,7.59368E+15,5.03785E+16
191191,7.17121E+18,7,3,12,0,2017,12,17,4,3,2,6,0,1,0,0,0,2,0,4.07257E+20,5.4774E+21,7.72064E+15,4.94422E+16
191192,7.17121E+18,7,3,13,0,2017,12,20,4,2,6,7,0,1,1,0,0,2,0,4.37642E+20,5.45106E+21,8.14386E+15,4.92092E+16
191193,7.17121E+18,7,3,38,4,2017,12,19,4,3,5,3,1,1,0,0,0,2,0,4.53285E+20,5.49315E+21,8.35366E+15,4.95891E+16
191194,7.17121E+18,7,3,14,0,2017,12,12,4,3,3,5,1,0,0,0,1,0,0,4.5989E+20,5.48144E+21,8.44623E+15,4.94843E+16
191195,7.17121E+18,7,3,15,0,2017,12,15,4,2,6,4,1,0,1,0,0,0,0,4.47666E+20,5.53866E+21,8.26979E+15,4.99979E+16
191196,7.17121E+18,7,1,34,45,2017,12,9,4,3,2,2,0,1,0,0,0,0,1,3.79738E+20,5.50696E+21,7.33214E+15,4.97031E+16
191197,7.17121E+18,7,1,37,93,2017,12,18,4,2,6,7,0,1,1,0,0,2,0,3.70311E+20,5.58413E+21,7.17535E+15,5.03949E+16
191198,7.17121E+18,7,1,11,0,2017,12,7,4,3,6,4,1,0,1,0,0,0,0,3.97598E+20,5.57839E+21,7.56068E+15,5.03487E+16
191199,7.17121E+18,7,3,35,38,2017,12,14,3,2,5,3,1,0,0,0,1,0,0,3.9508E+20,5.47859E+21,7.55241E+15,4.94509E+16
191200,7.17121E+18,7,3,35,38,2017,12,10,3,3,1,7,0,1,0,0,1,0,0,3.95501E+20,5.47785E+21,7.55841E+15,4.94443E+16
191201,7.17121E+18,7,3,12,0,2017,12,8,3,3,5,3,1,1,0,0,0,1,0,4.1066E+20,5.4769E+21,7.76768E+15,4.94382E+16
191202,7.17121E+18,7,3,34,18,2017,12,16,3,3,6,7,0,1,1,0,0,2,0,4.46467E+20,5.45484E+21,8.2645E+15,4.9244E+16
191203,7.17121E+18,7,3,13,0,2017,12,9,3,3,5,3,0,1,0,1,0,0,1,4.35067E+20,5.45042E+21,8.1086E+15,4.92031E+16
191204,7.17121E+18,7,3,14,0,2017,12,17,3,3,6,4,0,1,1,0,0,1,1,4.60222E+20,5.48086E+21,8.45087E+15,4.94791E+16
191205,7.17121E+18,7,1,35,92,2017,12,13,3,3,6,4,0,1,1,0,0,0,1,3.69112E+20,5.54394E+21,7.17234E+15,5.00334E+16
191206,7.17121E+18,7,2,33,29,2017,12,14,3,3,2,6,0,1,0,0,0,1,0,3.34165E+20,5.57371E+21,6.67178E+15,5.02922E+16
191207,7.17121E+18,7,1,43,67,2017,12,16,3,3,7,4,0,1,1,0,0,2,0,4.11695E+20,5.59838E+21,7.75406E+15,5.05307E+16
191208,7.17121E+18,7,1,38,73,2017,12,17,3,3,8,1,0,0,0,1,0,1,1,3.73835E+20,5.60712E+21,7.21714E+15,5.06023E+16
191209,7.17121E+18,7,1,32,72,2017,12,13,3,3,5,3,0,1,0,0,0,0,1,4.27171E+20,5.63277E+21,7.9656E+15,5.0842E+16
191210,7.17121E+18,7,1,31,7,2017,12,9,3,3,8,7,0,1,0,0,1,0,0,3.64937E+20,5.6006E+21,7.09384E+15,5.05418E+16
191211,7.17121E+18,7,1,37,3,2017,12,19,3,3,2,6,0,1,0,0,0,2,0,3.86816E+20,5.58801E+21,7.40629E+15,5.04332E+16
191212,7.1712E+18,7,3,14,0,2017,12,18,2,3,2,6,0,1,0,0,1,2,0,4.60233E+20,5.48067E+21,8.45104E+15,4.94773E+16
191213,7.1712E+18,7,3,14,0,2017,12,17,2,3,6,2,0,1,1,0,0,2,1,4.59945E+20,5.48072E+21,8.44707E+15,4.94778E+16
191214,7.1712E+18,7,1,33,6,2017,12,16,2,3,5,3,1,1,0,0,0,0,0,4.20494E+20,5.52248E+21,7.89406E+15,4.98495E+16
191215,7.1712E+18,7,3,39,30,2017,12,15,2,3,4,5,0,1,0,0,0,0,0,4.30289E+20,5.53605E+21,8.02783E+15,4.99727E+16
191216,7.1712E+18,7,1,38,45,2017,12,16,2,3,5,2,0,1,0,1,0,2,1,3.92597E+20,5.58841E+21,7.48754E+15,5.04379E+16
191217,7.1712E+18,7,1,38,45,2017,12,14,2,2,6,5,0,1,1,0,0,0,0,3.91343E+20,5.58959E+21,7.46955E+15,5.04483E+16
191218,7.1712E+18,7,1,31,70,2017,12,12,2,3,5,3,1,1,0,0,0,0,1,3.75769E+20,5.60331E+21,7.24574E+15,5.05684E+16
191219,7.1712E+18,7,1,37,3,2017,12,17,2,3,6,2,0,1,1,0,0,2,1,3.86818E+20,5.58714E+21,7.40659E+15,5.04254E+16
191220,7.1712E+18,7,3,39,42,2017,12,17,1,2,6,4,0,1,1,0,0,2,2,4.42894E+20,5.52834E+21,8.20474E+15,4.99047E+16
191221,7.1712E+18,7,1,40,64,2017,12,1,1,3,9,1,0,1,0,0,0,2,1,3.88252E+20,5.5481E+21,7.43828E+15,5.00746E+16
191222,7.1712E+18,7,3,40,12,2017,12,15,7,3,4,1,0,1,0,0,0,0,0,4.04994E+20,5.46465E+21,7.69248E+15,4.93272E+16
191223,7.1712E+18,7,3,35,22,2017,12,13,7,3,0,4,0,1,1,0,0,0,0,3.94903E+20,5.47431E+21,7.5511E+15,4.94123E+16
191224,7.1712E+18,7,2,11,0,2017,12,22,7,3,0,7,1,0,0,0,0,2,0,3.30109E+20,5.51437E+21,6.64116E+15,4.97578E+16
191225,7.1712E+18,7,1,11,0,2017,12,23,7,3,6,6,0,1,1,0,0,2,0,4.00236E+20,5.57945E+21,7.59746E+15,5.03587E+16
191226,7.1712E+18,7,3,18,0,2017,12,14,6,3,1,5,1,1,0,0,0,0,1,4.57633E+20,5.46275E+21,8.41706E+15,4.9316E+16
191227,7.1712E+18,7,3,19,0,2017,12,15,6,2,5,3,0,1,0,0,1,1,0,4.53449E+20,5.49633E+21,8.35555E+15,4.96177E+16
191228,7.1712E+18,7,3,19,0,2017,12,7,6,2,6,4,0,1,1,0,0,1,1,4.52739E+20,5.49823E+21,8.34549E+15,4.96348E+16
191229,7.1712E+18,7,3,15,0,2017,12,12,6,3,6,4,0,1,1,0,0,0,0,4.44608E+20,5.53938E+21,8.22702E+15,5.00041E+16
191230,7.1712E+18,7,3,15,0,2017,12,13,6,3,6,7,0,1,1,0,0,0,0,4.47623E+20,5.53874E+21,8.26918E+15,4.99987E+16
191231,7.1712E+18,7,2,35,136,2017,12,11,6,3,7,2,0,1,1,0,0,0,1,3.21042E+20,5.4944E+21,6.52451E+15,4.95757E+16
191232,7.1712E+18,7,1,41,6,2017,12,5,6,3,0,1,0,1,0,0,0,2,1,4.09174E+20,5.57699E+21,7.72368E+15,5.0338E+16
191233,7.1712E+18,7,1,31,7,2017,12,9,6,1,5,3,1,1,0,0,0,0,1,3.64708E+20,5.6005E+21,7.09064E+15,5.05408E+16
191234,7.1712E+18,7,1,11,0,2017,12,18,6,2,5,3,0,1,0,0,0,2,0,3.97895E+20,5.582E+21,7.56387E+15,5.03812E+16
191235,7.1712E+18,7,1,11,0,2017,12,15,6,3,5,3,0,1,0,0,0,0,0,4.01687E+20,5.57806E+21,7.61822E+15,5.03464E+16
191236,7.1712E+18,7,1,11,0,2017,12,11,6,3,1,5,1,1,0,0,0,0,0,3.99656E+20,5.5788E+21,7.58948E+15,5.03528E+16
191237,7.17113E+18,7,3,12,0,2017,11,15,5,3,5,3,0,1,0,1,0,0,1,4.11795E+20,5.47726E+21,7.78325E+15,4.94416E+16
191238,7.17113E+18,7,3,13,0,2017,11,21,5,3,6,7,0,1,1,0,0,2,0,4.36219E+20,5.4502E+21,8.12445E+15,4.92013E+16
191239,7.17113E+18,7,3,13,0,2017,11,12,5,3,1,3,1,0,0,0,0,0,1,4.36515E+20,5.44958E+21,8.12861E+15,4.91957E+16
191240,7.17113E+18,7,3,38,6,2017,11,19,5,3,1,7,0,1,0,0,0,2,0,4.50475E+20,5.4759E+21,8.31694E+15,4.94338E+16
191241,7.17113E+18,7,3,19,0,2017,11,18,5,3,2,6,0,1,0,1,0,2,1,4.53405E+20,5.49727E+21,8.35483E+15,4.96262E+16
191242,7.17113E+18,7,3,19,0,2017,11,17,5,2,6,4,0,1,1,0,0,2,1,4.53404E+20,5.49723E+21,8.35482E+15,4.96259E+16
191243,7.17113E+18,7,3,39,6,2017,11,16,5,3,5,3,0,1,0,0,0,2,1,4.51218E+20,5.53053E+21,8.32038E+15,4.99252E+16
191244,7.17113E+18,7,3,39,30,2017,11,8,5,3,0,1,1,0,0,0,0,0,1,4.32321E+20,5.53604E+21,8.05617E+15,4.99728E+16
191245,7.17113E+18,7,3,15,0,2017,11,20,5,3,2,6,0,1,0,1,0,2,1,4.4262E+20,5.53443E+21,8.20003E+15,4.99594E+16
191246,7.17113E+18,7,2,35,125,2017,11,17,5,3,6,4,0,1,1,0,0,2,1,3.383E+20,5.52101E+21,6.75203E+15,4.98198E+16
191247,7.17113E+18,7,2,11,0,2017,11,17,5,3,2,6,0,1,0,0,0,2,1,3.30179E+20,5.51392E+21,6.64232E+15,4.97538E+16
191248,7.17113E+18,7,2,11,0,2017,11,8,5,3,5,3,1,1,0,0,0,1,1,3.30424E+20,5.51421E+21,6.64561E+15,4.97564E+16
191249,7.17113E+18,7,1,37,3,2017,11,15,5,3,5,3,0,1,0,0,1,0,1,3.86425E+20,5.58826E+21,7.40071E+15,5.04353E+16
191250,7.17113E+18,7,1,11,0,2017,11,13,5,3,5,3,1,0,0,0,1,0,1,4.00195E+20,5.5793E+21,7.59693E+15,5.03573E+16
191251,7.17113E+18,7,3,17,0,2017,11,11,4,3,4,2,0,1,0,0,0,0,1,3.98615E+20,5.45095E+21,7.60818E+15,4.92029E+16
191252,7.17113E+18,7,3,12,0,2017,11,15,4,3,5,3,0,1,0,0,0,0,0,4.11406E+20,5.4775E+21,7.77784E+15,4.94437E+16
191253,7.17113E+18,7,3,11,0,2017,11,6,4,3,6,4,0,0,1,1,0,1,1,4.53606E+20,5.4875E+21,8.35876E+15,4.95383E+16
191254,7.17113E+18,7,3,14,0,2017,11,16,4,3,5,3,1,1,0,0,0,1,0,4.58192E+20,5.48164E+21,8.42277E+15,4.94859E+16
191255,7.17113E+18,7,2,32,287,2017,11,10,4,2,6,4,0,1,1,0,0,0,1,3.01352E+20,5.54973E+21,6.22416E+15,5.00667E+16
191256,7.17113E+18,7,1,43,241,2017,11,12,4,3,9,7,0,0,0,0,1,0,1,4.10869E+20,5.60981E+21,7.73966E+15,5.06333E+16
191257,7.17113E+18,7,1,38,45,2017,11,7,4,2,6,4,0,1,1,0,0,2,0,3.91105E+20,5.58765E+21,7.46676E+15,5.04308E+16
191258,7.17113E+18,7,1,35,20,2017,11,9,4,3,6,4,0,1,1,0,0,0,0,3.68938E+20,5.55683E+21,7.1655E+15,5.01492E+16
191259,7.17113E+18,7,1,11,0,2017,11,7,4,3,5,3,1,1,0,0,0,2,1,3.99694E+20,5.57748E+21,7.59037E+15,5.03409E+16
191260,7.17113E+18,7,3,17,0,2017,11,9,3,2,0,4,0,1,1,0,0,0,1,3.98484E+20,5.4506E+21,7.60647E+15,4.91998E+16
191261,7.17113E+18,7,3,32,2,2017,11,17,3,3,5,3,0,1,0,0,1,1,1,4.41107E+20,5.47929E+21,8.18725E+15,4.94634E+16
191262,7.17113E+18,7,1,33,6,2017,11,7,3,3,0,7,1,0,0,0,0,2,1,4.19437E+20,5.52147E+21,7.87956E+15,4.98403E+16
191263,7.17113E+18,7,3,39,42,2017,11,11,3,2,6,2,0,1,1,0,0,0,1,4.429E+20,5.52849E+21,8.2048E+15,4.99061E+16
191264,7.17113E+18,7,3,15,0,2017,11,11,3,2,0,1,1,0,0,0,0,0,1,4.48397E+20,5.53484E+21,8.2805E+15,4.99637E+16
191265,7.17113E+18,7,3,39,42,2017,11,8,3,3,6,6,0,1,1,0,0,0,0,4.42949E+20,5.52681E+21,8.20574E+15,4.9891E+16
191266,7.17113E+18,7,2,32,296,2017,11,8,3,3,6,7,0,1,1,0,0,0,1,3.15997E+20,5.56473E+21,6.42133E+15,5.02061E+16
191267,7.17113E+18,7,2,11,0,2017,11,10,3,2,5,2,1,1,0,0,0,0,1,3.30244E+20,5.51398E+21,6.64321E+15,4.97543E+16
191268,7.17113E+18,7,2,11,0,2017,11,7,3,3,6,4,0,1,1,0,0,1,1,3.28717E+20,5.51385E+21,6.62208E+15,4.97527E+16
191269,7.17113E+18,7,1,37,55,2017,11,21,3,3,8,1,0,1,0,0,0,2,1,3.76129E+20,5.57846E+21,7.25903E+15,5.03452E+16
191270,7.17113E+18,7,1,40,64,2017,11,20,3,3,1,6,0,1,0,0,0,2,0,3.89459E+20,5.54858E+21,7.455E+15,5.00792E+16
191271,7.17113E+18,7,1,37,3,2017,11,7,3,3,2,2,0,1,0,0,0,2,1,3.8621E+20,5.58734E+21,7.39797E+15,5.04271E+16
191272,7.17113E+18,7,3,12,0,2017,11,7,2,3,1,6,0,1,0,0,1,0,0,4.07129E+20,5.47745E+21,7.71886E+15,4.94427E+16
191273,7.17113E+18,7,3,13,0,2017,11,13,2,3,1,1,0,1,0,1,0,0,1,4.35466E+20,5.44833E+21,8.11442E+15,4.91844E+16
191274,7.17113E+18,7,3,15,0,2017,11,16,2,3,1,6,0,1,0,0,0,2,1,4.48031E+20,5.53838E+21,8.27492E+15,4.99955E+16
191275,7.17113E+18,7,2,32,18,2017,11,16,2,3,8,1,0,1,0,0,0,2,1,3.22289E+20,5.53785E+21,6.52192E+15,4.99665E+16
191276,7.17113E+18,7,1,34,45,2017,11,13,2,3,6,4,0,1,1,0,0,0,1,3.79989E+20,5.50681E+21,7.33567E+15,4.97019E+16
191277,7.17113E+18,7,2,11,0,2017,11,18,2,3,6,4,0,1,1,0,0,2,1,3.29728E+20,5.51296E+21,6.63649E+15,4.9745E+16
191278,7.17113E+18,7,1,43,48,2017,11,15,2,3,5,3,0,1,0,1,0,0,1,4.15764E+20,5.58813E+21,7.81376E+15,5.04391E+16
191279,7.17113E+18,7,1,31,7,2017,11,18,2,3,5,3,1,1,0,0,0,2,1,3.66285E+20,5.60095E+21,7.11273E+15,5.05452E+16
191280,7.17113E+18,7,3,13,0,2017,11,19,7,3,0,7,1,0,0,0,0,2,1,4.35015E+20,5.44959E+21,8.10803E+15,4.91957E+16
191281,7.17113E+18,7,3,14,0,2017,11,13,7,3,4,2,1,1,0,0,0,0,0,4.5314E+20,5.48148E+21,8.35304E+15,4.94841E+16
191282,7.17113E+18,7,3,14,0,2017,11,23,7,3,4,2,0,1,0,0,0,2,0,4.6001E+20,5.4811E+21,8.44792E+15,4.94813E+16
191283,7.17113E+18,7,3,15,0,2017,11,21,7,3,4,5,0,1,0,1,0,2,0,4.48948E+20,5.5362E+21,8.288E+15,4.99759E+16
191284,7.17113E+18,7,2,11,0,2017,11,15,7,3,1,6,0,1,0,0,0,0,1,3.29379E+20,5.51188E+21,6.63213E+15,4.97352E+16
191285,7.17113E+18,7,1,32,501,2017,11,15,7,3,2,2,0,1,0,0,0,0,1,4.0418E+20,5.61594E+21,7.64352E+15,5.06873E+16
191286,7.17113E+18,7,1,40,67,2017,11,18,7,2,6,4,0,1,1,0,0,2,1,3.85598E+20,5.53354E+21,7.40555E+15,4.99432E+16