OBJECTID,UIDENTSTLA,ULAND,UREGBEZ,UKREIS,UGEMEINDE,UJAHR,UMONAT,USTUNDE,UWOCHENTAG,UKATEGORIE,UART,UTYP1,IstRad,IstPKW,IstFuss,IstKrad,IstSonstig,LICHT,STRZUSTAND,LINREFX,LINREFY,XGCSWGS84,YGCSWGS84
191287,7.17113E+18,7,1,37,228,2017,11,23,7,3,0,1,0,1,0,0,0,2,0,3.89797E+20,5.58636E+21,7.44874E+15,5.04189E+16
191288,7.17113E+18,7,1,11,0,2017,11,12,7,3,1,5,1,1,0,0,0,0,1,3.99021E+20,5.57934E+21,7.58042E+15,5.03574E+16
191289,7.17112E+18,7,3,12,0,2017,11,16,6,3,3,6,1,1,0,0,0,1,0,4.10588E+20,5.47733E+21,7.7666E+15,4.94421E+16
191290,7.17112E+18,7,3,12,0,2017,11,15,6,2,0,3,0,1,1,0,0,0,0,4.11428E+20,5.47676E+21,7.77831E+15,4.9437E+16
191291,7.17112E+18,7,3,32,24,2017,11,14,6,3,2,7,0,1,0,0,0,0,0,4.39626E+20,5.49051E+21,8.16509E+15,4.95642E+16
191292,7.17112E+18,7,3,13,0,2017,11,7,6,3,8,1,1,0,0,0,0,0,0,4.35094E+20,5.45112E+21,8.10887E+15,4.92094E+16
191293,7.17112E+18,7,3,11,0,2017,11,18,6,3,0,1,1,0,0,0,0,2,0,4.53896E+20,5.4859E+21,8.36296E+15,4.9524E+16
191294,7.17112E+18,7,3,14,0,2017,11,23,6,3,1,1,0,1,0,0,0,2,1,4.58486E+20,5.47908E+21,8.42709E+15,4.9463E+16
191295,7.17112E+18,7,3,15,0,2017,11,14,6,3,0,7,0,1,0,0,1,0,1,4.47791E+20,5.53877E+21,8.27152E+15,4.9999E+16
191296,7.17112E+18,7,2,33,501,2017,11,13,6,3,5,2,1,1,0,0,0,0,1,3.45068E+20,5.56305E+21,6.8291E+15,5.01993E+16
191297,7.17112E+18,7,1,34,45,2017,11,10,6,3,4,6,0,1,0,0,0,0,1,3.77492E+20,5.50846E+21,7.30054E+15,4.97161E+16
191298,7.17112E+18,7,2,11,0,2017,11,19,6,3,6,4,0,1,1,0,0,2,1,3.29821E+20,5.51359E+21,6.63751E+15,4.97507E+16
191299,7.17112E+18,7,1,41,25,2017,11,21,6,3,9,1,0,1,0,0,0,2,0,4.11623E+20,5.57595E+21,7.75832E+15,5.0329E+16
191300,7.17112E+18,7,1,37,68,2017,11,12,6,3,0,7,0,0,0,1,0,0,1,3.75525E+20,5.57639E+21,7.25123E+15,5.03265E+16
191301,7.17112E+18,7,1,41,75,2017,11,7,6,3,5,3,0,1,0,1,0,1,1,4.00351E+20,5.57422E+21,7.60047E+15,5.03117E+16
191302,7.17112E+18,7,1,11,0,2017,11,18,6,3,5,3,0,1,0,1,0,2,1,3.97107E+20,5.58281E+21,7.55258E+15,5.03883E+16
191303,7.17112E+18,7,1,11,0,2017,11,12,6,3,4,6,0,1,0,1,0,0,1,3.99838E+20,5.5793E+21,7.59191E+15,5.03573E+16
191304,7.17112E+18,7,3,36,10,2017,11,19,5,3,6,2,0,1,1,0,0,2,0,3.74294E+20,5.47708E+21,7.26622E+15,4.94334E+16
191305,7.17112E+18,7,3,14,0,2017,11,7,5,3,4,5,1,1,0,0,0,0,0,4.54108E+20,5.48187E+21,8.36635E+15,4.94878E+16
191306,,12,0,73,532,2017,2,9,6,3,5,3,1,1,0,0,0,0,0,8.53367E+20,5.89178E+21,1.42746E+16,5.30584E+16
191307,,12,0,54,0,2017,2,11,5,3,5,3,1,1,0,0,0,0,0,7.75728E+20,5.81318E+21,1.30534E+16,5.23992E+16
191308,,12,0,51,0,2017,2,18,5,3,8,7,0,1,0,0,0,2,0,7.33452E+20,5.80925E+21,1.24305E+16,5.23836E+16
191309,,12,0,68,320,2017,2,10,5,3,3,6,1,1,0,0,0,0,0,7.5559E+20,5.86973E+21,1.28019E+16,5.29163E+16
191310,,12,0,72,17,2017,2,17,4,3,6,4,0,1,1,0,0,0,0,8.00779E+20,5.80777E+21,1.34157E+16,5.23376E+16
191311,,12,0,63,252,2017,2,12,4,3,3,6,1,1,0,0,0,0,0,7.26577E+20,5.83334E+21,1.23461E+16,5.26027E+16
191312,,12,0,54,0,2017,2,13,4,2,0,7,0,0,0,0,1,0,0,7.81327E+20,5.81021E+21,1.3133E+16,5.23698E+16
191313,,12,0,60,269,2017,2,11,4,3,1,1,0,1,0,0,0,0,0,7.99562E+20,5.84985E+21,1.34358E+16,5.27154E+16
191314,,12,0,64,472,2017,2,11,4,3,6,7,0,1,1,0,0,0,0,8.30012E+20,5.83407E+21,1.38692E+16,5.25564E+16
191315,,12,0,53,0,2017,2,15,4,3,3,6,0,1,0,0,1,0,0,8.75347E+20,5.81406E+21,1.45125E+16,5.2348E+16
191316,,12,0,69,304,2017,2,5,3,3,5,3,1,1,0,0,0,2,0,7.86164E+20,5.8138E+21,1.32069E+16,5.23995E+16
191317,,12,0,61,260,2017,2,16,3,3,5,2,0,1,0,0,0,0,0,8.15484E+20,5.80401E+21,1.36273E+16,5.22956E+16
191318,,12,0,63,252,2017,2,10,2,3,5,7,1,0,0,1,0,0,1,7.24732E+20,5.83365E+21,1.23191E+16,5.26063E+16
191319,,12,0,54,0,2017,2,6,2,3,4,2,1,1,0,0,0,2,1,7.75614E+20,5.81436E+21,1.30527E+16,5.24099E+16
191320,,12,0,52,0,2017,2,13,2,3,5,3,1,1,0,0,0,0,1,8.67845E+20,5.74824E+21,1.4332E+16,5.17639E+16
191321,,12,0,67,24,2017,2,2,1,2,0,7,1,0,0,0,0,2,1,8.441E+20,5.80546E+21,1.40468E+16,5.22914E+16
191322,,12,0,67,144,2017,2,14,1,2,0,1,0,0,0,1,0,0,2,8.43492E+20,5.81188E+21,1.40445E+16,5.23493E+16
191323,,12,0,60,52,2017,2,9,6,2,5,3,0,1,0,0,1,0,1,8.21368E+20,5.86635E+21,1.37737E+16,5.28507E+16
191324,,12,0,60,181,2017,2,14,6,3,6,7,0,1,1,0,0,0,1,8.06543E+20,5.84232E+21,1.35318E+16,5.2644E+16
191325,,12,0,64,472,2017,2,11,6,3,4,2,0,1,0,0,0,0,0,8.29928E+20,5.83514E+21,1.38691E+16,5.25661E+16
191326,,12,0,68,320,2017,2,18,6,3,4,2,0,1,0,0,0,1,0,7.55553E+20,5.86953E+21,1.28012E+16,5.29145E+16
191327,,12,0,51,0,2017,2,10,5,3,6,4,1,0,1,0,0,0,0,7.42123E+20,5.8126E+21,1.25601E+16,5.241E+16
191328,,12,0,61,164,2017,2,15,5,2,8,1,0,1,0,0,0,0,2,8.20675E+20,5.76514E+21,1.36666E+16,5.19443E+16
191329,,12,0,53,0,2017,2,15,5,3,5,3,0,1,0,0,0,0,1,8.77103E+20,5.81536E+21,1.45396E+16,5.23584E+16
191330,,12,0,53,0,2017,2,12,5,3,6,4,0,0,1,0,1,0,0,8.76015E+20,5.81582E+21,1.45242E+16,5.23633E+16
191331,,12,0,67,481,2017,2,15,5,3,5,3,0,1,0,0,1,0,0,8.37103E+20,5.80047E+21,1.39396E+16,5.22511E+16
191332,,12,0,70,416,2017,2,9,5,3,2,6,0,1,0,0,0,0,0,6.86297E+20,5.87834E+21,1.17777E+16,5.30221E+16
191333,,12,0,68,320,2017,2,9,5,3,1,5,0,1,0,0,1,0,0,7.52142E+20,5.8641E+21,1.27464E+16,5.28675E+16
191334,,12,0,54,0,2017,2,18,4,3,2,6,0,1,0,0,0,2,0,7.81176E+20,5.81085E+21,1.31313E+16,5.23756E+16
191335,,12,0,69,397,2017,2,15,4,3,2,6,1,1,0,0,0,0,1,7.76919E+20,5.80289E+21,1.30624E+16,5.23064E+16
191336,,12,0,71,372,2017,2,14,4,3,4,2,0,1,0,0,0,0,2,8.71795E+20,5.72712E+21,1.43666E+16,5.15722E+16
191337,,12,0,65,332,2017,2,16,4,3,5,3,0,1,0,0,0,0,1,7.81897E+20,5.84612E+21,1.31718E+16,5.26915E+16
191338,,12,0,54,0,2017,1,19,3,3,4,6,1,0,0,0,0,2,0,7.78419E+20,5.81072E+21,1.30908E+16,5.23758E+16
191339,,12,0,66,304,2017,1,13,3,3,5,3,1,1,0,0,0,0,2,8.47105E+20,5.71976E+21,1.40044E+16,5.1522E+16
191340,,12,0,62,124,2017,1,13,3,2,5,2,0,1,0,0,0,0,2,8.1532E+20,5.71119E+21,1.35402E+16,5.14638E+16
191341,,12,0,64,44,2017,1,14,3,3,0,1,0,1,0,0,0,0,2,8.46036E+20,5.87005E+21,1.41425E+16,5.28686E+16
191342,,12,0,67,144,2017,1,11,3,2,5,2,0,1,0,0,1,0,1,8.45605E+20,5.81526E+21,1.40789E+16,5.23783E+16
191343,,12,0,72,477,2017,1,21,2,3,9,1,0,1,0,0,0,2,2,8.00471E+20,5.79751E+21,1.3402E+16,5.22458E+16
191344,,12,0,63,56,2017,1,19,2,3,2,6,0,1,0,0,0,2,1,7.75432E+20,5.82899E+21,1.30621E+16,5.25412E+16
191345,,12,0,69,616,2017,1,17,2,3,5,3,0,1,0,0,0,1,1,7.889E+20,5.81385E+21,1.32471E+16,5.23985E+16
191346,,12,0,54,0,2017,1,10,2,3,6,4,0,1,1,0,0,0,0,7.80493E+20,5.81221E+21,1.31225E+16,5.23881E+16
191347,,12,0,51,0,2017,1,16,2,2,6,4,0,1,1,0,0,0,1,7.4237E+20,5.81246E+21,1.25636E+16,5.24086E+16
191348,,12,0,61,316,2017,1,14,2,3,5,2,1,1,0,0,0,0,1,8.35716E+20,5.76518E+21,1.38847E+16,5.19358E+16
191349,,12,0,71,160,2017,1,20,2,2,1,3,1,1,0,0,0,2,1,8.91748E+20,5.7707E+21,1.47021E+16,5.19486E+16
191350,,12,0,64,380,2017,1,11,2,2,5,3,1,1,0,0,0,0,2,8.25917E+20,5.83076E+21,1.38058E+16,5.25292E+16
191351,,12,0,65,356,2017,1,13,2,2,5,3,0,1,0,1,0,0,1,7.90713E+20,5.87893E+21,1.33311E+16,5.2981E+16
191352,,12,0,63,357,2017,1,19,1,2,8,7,0,1,0,0,0,2,0,7.71344E+20,5.82823E+21,1.30014E+16,5.25365E+16
191353,,12,0,61,433,2017,1,11,7,3,1,5,0,1,0,0,1,0,0,8.06036E+20,5.81403E+21,1.34983E+16,5.23908E+16
191354,,12,0,66,304,2017,1,6,7,3,1,1,0,1,0,0,0,1,0,8.4581E+20,5.71954E+21,1.39856E+16,5.15208E+16
191355,,12,0,65,136,2017,1,10,7,3,5,3,0,1,0,0,0,0,1,7.84175E+20,5.84085E+21,1.32009E+16,5.26431E+16
191356,,12,0,70,296,2017,1,9,7,3,4,3,1,1,0,0,0,0,0,6.91213E+20,5.88421E+21,1.18544E+16,5.30731E+16
191357,,12,0,63,56,2017,1,17,6,3,0,7,0,1,0,0,0,2,0,7.7693E+20,5.82804E+21,1.30834E+16,5.25319E+16
191358,,12,0,63,36,2017,1,21,6,3,1,5,0,1,0,0,0,2,0,7.69997E+20,5.83475E+21,1.29869E+16,5.25955E+16
191359,,12,0,61,112,2017,1,15,6,2,5,3,0,1,0,0,0,0,0,8.14565E+20,5.81212E+21,1.36215E+16,5.23689E+16
191360,,12,0,52,0,2017,1,7,6,3,6,2,0,1,1,0,0,1,2,8.67391E+20,5.74659E+21,1.43237E+16,5.17495E+16
191361,,12,0,64,472,2017,1,21,6,2,5,3,0,1,0,0,0,2,0,8.32597E+20,5.83772E+21,1.39109E+16,5.25875E+16
191362,,12,0,67,120,2017,1,18,6,3,4,3,0,1,0,0,0,0,0,8.86585E+20,5.7926E+21,1.46521E+16,5.21482E+16
191363,,12,0,65,256,2017,1,8,6,3,2,6,0,1,0,0,0,0,0,7.86198E+20,5.85391E+21,1.32421E+16,5.27591E+16
191364,,12,0,70,296,2017,1,9,6,3,2,6,0,1,0,0,0,0,2,6.91943E+20,5.88442E+21,1.18654E+16,5.30748E+16
191365,,12,0,63,80,2017,1,5,5,2,5,3,1,1,0,0,0,2,1,7.77126E+20,5.83014E+21,1.3088E+16,5.25506E+16
191366,,12,0,54,0,2017,1,15,5,2,5,3,1,1,0,0,0,0,0,7.79193E+20,5.81203E+21,1.31033E+16,5.23872E+16
191367,,12,0,54,0,2017,1,13,5,3,2,6,1,0,0,0,0,0,0,7.75356E+20,5.81326E+21,1.3048E+16,5.24002E+16
191368,,12,0,63,80,2017,1,19,4,3,5,3,0,1,0,0,0,2,0,7.76826E+20,5.83193E+21,1.30851E+16,5.25669E+16
191369,,12,0,54,0,2017,1,17,4,3,6,4,0,1,1,0,0,2,0,7.80833E+20,5.81153E+21,1.31269E+16,5.23818E+16
191370,,12,0,69,20,2017,1,13,4,2,6,2,0,1,1,0,0,0,0,7.45849E+20,5.78287E+21,1.25931E+16,5.21415E+16
191371,,12,0,62,140,2017,1,13,4,2,5,3,1,0,0,0,1,0,1,8.25948E+20,5.72926E+21,1.37094E+16,5.16198E+16
191372,,12,0,71,76,2017,1,15,4,3,5,2,1,1,0,0,0,0,1,8.89908E+20,5.74729E+21,1.46492E+16,5.17405E+16
191373,,12,0,73,386,2017,1,15,4,2,4,6,0,1,0,0,0,0,1,8.42776E+20,5.89502E+21,1.41207E+16,5.30942E+16
191374,,12,0,64,29,2017,1,8,4,3,5,3,0,0,0,0,1,0,1,8.23516E+20,5.83285E+21,1.37726E+16,5.25494E+16
191375,,12,0,67,544,2017,1,12,4,3,0,1,0,0,0,1,0,0,2,8.2291E+20,5.82203E+21,1.37532E+16,5.24528E+16
191376,,12,0,72,232,2017,1,7,3,3,0,1,1,0,0,0,0,1,2,7.84286E+20,5.78026E+21,1.31512E+16,5.20997E+16
191377,,12,0,63,208,2017,1,8,3,3,8,1,0,1,0,0,0,0,2,7.53143E+20,5.83224E+21,1.27367E+16,5.25812E+16
191378,,12,0,69,656,2017,1,16,3,3,1,5,0,1,0,0,0,1,0,7.67054E+20,5.8098E+21,1.29235E+16,5.23733E+16
191379,,12,0,54,0,2017,1,13,3,2,5,2,1,0,0,0,1,0,1,7.80135E+20,5.81101E+21,1.31162E+16,5.23776E+16
191380,,12,0,54,0,2017,1,7,3,2,0,1,1,0,0,0,0,1,2,7.77879E+20,5.81248E+21,1.30844E+16,5.23919E+16
191381,,12,0,71,76,2017,1,16,3,3,0,7,0,0,0,1,0,0,2,8.88106E+20,5.74578E+21,1.46215E+16,5.17283E+16
191382,,12,0,60,198,2017,1,9,3,3,9,1,0,1,0,0,0,0,2,8.0888E+20,5.87172E+21,1.3594E+16,5.29062E+16
191383,,12,0,60,198,2017,1,16,3,2,9,1,0,1,0,0,0,1,2,8.02981E+20,5.87332E+21,1.3508E+16,5.29239E+16
191384,,12,0,64,448,2017,1,13,3,3,1,5,0,1,0,0,1,0,1,8.65565E+20,5.8339E+21,1.43912E+16,5.25322E+16
191385,,12,0,67,544,2017,1,18,3,3,5,3,0,1,0,0,0,2,1,8.22923E+20,5.82184E+21,1.37532E+16,5.24511E+16
191386,,12,0,67,426,2017,1,12,3,3,9,7,0,1,0,0,0,0,1,8.52015E+20,5.79973E+21,1.41564E+16,5.22351E+16
191387,,12,0,72,53,2017,1,13,2,3,6,7,0,0,1,0,1,0,0,8.04743E+20,5.7561E+21,1.34275E+16,5.18722E+16
191388,,12,0,54,0,2017,1,10,2,3,1,7,0,1,0,0,0,0,0,7.78849E+20,5.80952E+21,1.30961E+16,5.23649E+16
191389,,12,0,51,0,2017,1,19,2,3,5,3,0,1,0,0,0,2,1,7.32032E+20,5.80971E+21,1.241E+16,5.23884E+16
191390,,12,0,60,198,2017,1,20,2,2,8,1,0,1,0,0,0,2,2,8.10338E+20,5.87118E+21,1.36151E+16,5.29005E+16
191391,,12,0,64,428,2017,1,16,2,3,2,2,0,1,0,0,1,1,1,8.24767E+20,5.82424E+21,1.37826E+16,5.24714E+16
191392,,12,0,53,0,2017,1,16,2,3,0,7,0,0,0,0,1,2,0,8.78013E+20,5.81369E+21,1.4551E+16,5.23429E+16
191393,,12,0,67,144,2017,1,7,2,3,6,4,0,1,1,0,0,2,0,8.44809E+20,5.81369E+21,1.40656E+16,5.23647E+16
191394,,12,0,69,270,2017,1,18,7,3,9,1,0,0,0,0,1,2,1,7.34978E+20,5.82233E+21,1.24621E+16,5.25004E+16
191395,,12,0,70,424,2017,1,11,7,3,5,3,1,1,0,0,0,0,1,6.82778E+20,5.87505E+21,1.17234E+16,5.29938E+16
191396,,12,0,69,304,2017,1,12,6,3,5,2,0,1,0,0,0,0,0,7.86014E+20,5.8152E+21,1.32059E+16,5.24121E+16
191397,,12,0,69,17,2017,1,12,6,3,5,3,1,1,0,0,0,0,0,7.71606E+20,5.79443E+21,1.29778E+16,5.22331E+16
191398,,12,0,66,176,2017,1,9,6,2,4,1,0,1,0,0,0,0,0,8.29925E+20,5.71676E+21,1.37549E+16,5.15054E+16
191399,,12,0,60,280,2017,1,20,6,3,5,3,0,1,0,0,0,2,1,8.22134E+20,5.84088E+21,1.37601E+16,5.26221E+16
191400,,12,0,60,181,2017,1,13,6,3,8,1,0,1,0,0,0,0,1,8.0667E+20,5.84147E+21,1.35329E+16,5.26363E+16
191401,,12,0,60,181,2017,1,14,6,3,2,6,0,1,0,0,0,0,1,8.06914E+20,5.84366E+21,1.35385E+16,5.26559E+16
191402,,12,0,68,320,2017,1,9,6,2,5,3,1,1,0,0,0,0,1,7.55593E+20,5.86925E+21,1.28016E+16,5.2912E+16
191403,,12,0,72,17,2017,1,6,5,2,1,5,0,1,0,0,1,2,1,7.99749E+20,5.81037E+21,1.34029E+16,5.23614E+16
191404,,12,0,63,252,2017,1,7,5,3,6,2,0,1,1,0,0,2,0,7.27297E+20,5.83361E+21,1.23569E+16,5.26048E+16
191405,,12,0,54,0,2017,1,8,5,3,5,3,0,1,0,0,1,0,0,7.7601E+20,5.81347E+21,1.30578E+16,5.24017E+16
191406,,12,0,51,0,2017,1,7,5,3,6,2,0,1,1,0,0,0,0,7.42327E+20,5.81247E+21,1.2563E+16,5.24087E+16
191407,,12,0,51,0,2017,1,8,5,3,4,2,1,1,0,0,0,0,0,7.40375E+20,5.81394E+21,1.25354E+16,5.24227E+16
191408,,12,0,73,532,2017,1,7,5,3,5,3,1,1,0,0,0,1,2,8.5469E+20,5.89207E+21,1.42946E+16,5.30601E+16
191409,,12,0,67,120,2017,1,17,5,3,0,6,0,1,0,0,0,1,0,8.85205E+20,5.79222E+21,1.46316E+16,5.21458E+16
191410,,12,0,68,320,2017,1,12,5,3,1,5,0,1,0,0,0,0,0,7.5599E+20,5.87019E+21,1.28082E+16,5.29202E+16
191411,,12,0,61,320,2017,1,12,4,3,2,6,0,1,0,0,0,0,0,8.22966E+20,5.75512E+21,1.36904E+16,5.18532E+16
191412,,12,0,62,341,2017,1,13,4,3,5,2,0,1,0,0,1,0,2,7.93695E+20,5.70635E+21,1.32257E+16,5.14321E+16
191413,,12,0,68,468,2017,1,14,4,3,0,7,1,1,0,0,0,0,2,7.32679E+20,5.89605E+21,1.24808E+16,5.31629E+16
191414,,12,0,68,320,2017,1,11,4,3,1,5,0,1,0,0,1,0,2,7.56347E+20,5.87103E+21,1.28142E+16,5.29276E+16
191415,,12,0,63,252,2017,1,16,3,3,2,6,0,1,0,0,0,2,1,7.26612E+20,5.83353E+21,1.23467E+16,5.26044E+16
191416,,12,0,51,0,2017,1,17,3,3,0,7,0,0,0,0,1,0,0,7.41195E+20,5.81533E+21,1.25484E+16,5.24348E+16
191417,,12,0,51,0,2017,1,16,3,3,5,3,1,1,0,0,0,0,0,7.38404E+20,5.8143E+21,1.25067E+16,5.24268E+16
191418,,12,0,64,274,2017,1,15,3,3,8,1,0,1,0,0,0,0,2,8.64949E+20,5.8465E+21,1.43961E+16,5.26454E+16
191419,,12,0,64,380,2017,1,10,3,3,5,3,0,1,0,0,0,0,1,8.26963E+20,5.83201E+21,1.38224E+16,5.25398E+16
191420,,12,0,63,80,2017,1,14,2,2,5,3,1,1,0,0,0,0,1,7.79451E+20,5.83036E+21,1.31224E+16,5.25514E+16
191421,,12,0,63,80,2017,1,15,2,3,2,6,0,1,0,0,0,0,2,7.80739E+20,5.83224E+21,1.31429E+16,5.25677E+16
191422,,12,0,54,0,2017,1,6,2,3,6,4,0,1,1,0,0,1,0,7.81775E+20,5.81146E+21,1.31406E+16,5.23807E+16
191423,,12,0,54,0,2017,1,8,2,3,1,5,1,1,0,0,0,0,1,7.76008E+20,5.81358E+21,1.30579E+16,5.24027E+16
191424,,12,0,61,433,2017,1,7,2,3,5,2,0,1,0,0,1,2,1,8.04689E+20,5.81181E+21,1.34766E+16,5.23716E+16
191425,,12,0,61,260,2017,1,9,2,3,0,7,0,0,1,0,1,0,2,8.1636E+20,5.80275E+21,1.36389E+16,5.22838E+16
191426,,12,0,61,260,2017,1,11,2,3,2,6,0,1,0,0,0,0,2,8.14671E+20,5.80272E+21,1.36142E+16,5.22845E+16
191427,,12,0,52,0,2017,1,11,2,3,2,6,0,1,0,0,1,0,1,8.68614E+20,5.74469E+21,1.43394E+16,5.17316E+16
191428,,12,0,60,5,2017,1,7,2,3,4,1,0,1,0,0,0,1,2,8.06564E+20,5.83666E+21,1.35269E+16,5.25933E+16
191429,,12,0,64,317,2017,1,9,2,3,4,6,0,1,0,0,0,0,2,8.48699E+20,5.83017E+21,1.41397E+16,5.25098E+16
191430,,12,0,53,0,2017,1,9,2,3,5,3,0,1,0,0,0,0,1,8.78027E+20,5.81357E+21,1.45511E+16,5.23418E+16
191431,,12,0,65,332,2017,1,6,2,3,5,3,0,1,0,0,0,2,1,7.82118E+20,5.84577E+21,1.31748E+16,5.26882E+16
191432,,12,0,65,136,2017,1,10,2,2,5,3,1,1,0,0,0,0,0,7.84148E+20,5.8405E+21,1.32002E+16,5.26399E+16
191433,,12,0,51,0,2017,1,20,1,2,6,7,0,1,1,0,0,2,2,7.47667E+20,5.81347E+21,1.26421E+16,5.24153E+16
191434,,12,0,71,76,2017,1,17,1,3,4,6,0,1,0,0,0,2,2,8.89221E+20,5.74637E+21,1.46382E+16,5.17327E+16
191435,,12,0,68,320,2017,1,19,1,2,8,1,0,1,0,0,0,2,1,7.55529E+20,5.86973E+21,1.2801E+16,5.29164E+16
191436,,12,0,69,616,2017,1,15,7,3,2,6,0,1,0,0,0,0,1,7.9063E+20,5.81415E+21,1.32727E+16,5.24002E+16
191437,,12,0,54,0,2017,1,0,7,3,0,7,1,0,0,0,0,2,2,7.78996E+20,5.81284E+21,1.3101E+16,5.23945E+16
191438,,12,0,61,433,2017,1,13,7,3,6,4,0,1,1,0,0,0,0,8.03832E+20,5.81542E+21,1.34673E+16,5.24045E+16
191439,,12,0,73,532,2017,1,13,7,3,4,2,0,1,0,0,0,0,1,8.53496E+20,5.89152E+21,1.42763E+16,5.30559E+16
191440,,12,0,73,579,2017,1,15,7,3,8,1,0,1,0,0,0,0,2,8.12485E+20,5.93226E+21,1.37065E+16,5.34465E+16
191441,,12,0,72,17,2017,1,7,6,3,5,3,0,1,0,0,1,1,1,8.01919E+20,5.81041E+21,1.34347E+16,5.23606E+16
191442,,12,0,69,590,2017,1,7,6,3,6,4,0,0,1,0,1,0,0,7.71947E+20,5.8071E+21,1.2993E+16,5.23466E+16
191443,,12,0,54,0,2017,1,23,6,3,9,1,0,1,0,0,0,2,2,7.81404E+20,5.80976E+21,1.31337E+16,5.23657E+16
191444,,12,0,54,0,2017,1,9,6,3,3,5,0,1,0,0,0,0,1,7.78129E+20,5.81228E+21,1.30879E+16,5.239E+16
191445,,12,0,54,0,2017,1,0,6,3,4,1,0,1,0,0,0,2,1,7.72926E+20,5.81247E+21,1.30118E+16,5.23943E+16
191446,,12,0,72,340,2017,1,8,5,3,8,7,0,1,0,0,0,0,1,8.02266E+20,5.80308E+21,1.34332E+16,5.22948E+16
191447,,12,0,63,357,2017,1,7,5,3,5,2,0,1,0,0,0,0,1,7.69669E+20,5.82853E+21,1.2977E+16,5.254E+16
191448,,12,0,63,80,2017,1,8,5,3,6,4,0,1,1,0,0,0,2,7.76292E+20,5.8329E+21,1.3078E+16,5.25758E+16
191449,,12,0,53,0,2017,1,6,5,3,6,4,0,1,1,0,0,2,2,8.77121E+20,5.81535E+21,1.45399E+16,5.23583E+16
191450,,12,0,65,332,2017,1,12,5,3,5,3,0,1,0,0,0,0,1,7.82325E+20,5.84563E+21,1.31777E+16,5.26868E+16
191451,,12,0,65,256,2017,1,21,5,2,4,6,0,1,0,0,1,2,1,7.8798E+20,5.855E+21,1.32693E+16,5.27678E+16
191452,,12,0,72,232,2017,1,3,4,3,7,7,0,1,0,0,0,2,2,7.82652E+20,5.77986E+21,1.3127E+16,5.20969E+16
191453,,12,0,63,252,2017,1,15,4,3,1,2,0,1,0,0,0,0,2,7.26373E+20,5.83205E+21,1.23422E+16,5.25912E+16
191454,,12,0,63,252,2017,1,17,4,2,5,3,1,1,0,0,0,2,1,7.263E+20,5.83363E+21,1.23422E+16,5.26055E+16
191455,,12,0,54,0,2017,1,14,4,3,4,1,0,1,0,0,0,0,2,7.78648E+20,5.81021E+21,1.30938E+16,5.23711E+16
191456,,12,0,54,0,2017,1,8,4,3,5,3,1,0,0,0,1,1,0,7.72037E+20,5.81366E+21,1.29997E+16,5.24055E+16
191457,,12,0,52,0,2017,1,21,4,3,4,1,0,1,0,0,0,2,2,8.68751E+20,5.74438E+21,1.4341E+16,5.17288E+16
191458,,12,0,52,0,2017,1,10,4,3,5,3,0,1,0,0,0,0,1,8.68836E+20,5.75092E+21,1.43492E+16,5.17873E+16
191459,,12,0,73,396,2017,1,14,4,3,9,1,0,1,0,0,0,0,1,8.0755E+20,5.89514E+21,1.35965E+16,5.31168E+16
191460,,12,0,73,572,2017,1,14,4,3,4,6,0,1,0,0,1,0,2,8.01741E+20,5.89533E+21,1.35102E+16,5.31218E+16
191461,,12,0,64,448,2017,1,10,4,2,0,1,0,0,0,1,0,0,1,8.6496E+20,5.83406E+21,1.43825E+16,5.2534E+16
191462,,12,0,63,80,2017,1,14,3,3,5,3,0,1,0,0,0,0,2,7.77549E+20,5.83013E+21,1.30942E+16,5.25504E+16
191463,,12,0,69,656,2017,1,9,3,3,5,2,1,1,0,0,0,0,1,7.67599E+20,5.81011E+21,1.29318E+16,5.23757E+16
191464,,12,0,69,17,2017,1,17,3,3,5,3,0,1,0,0,0,2,2,7.71542E+20,5.79444E+21,1.29769E+16,5.22333E+16
191465,,12,0,52,0,2017,1,10,3,3,4,2,1,1,0,0,0,0,1,8.68015E+20,5.74715E+21,1.43333E+16,5.1754E+16
191466,,12,0,73,396,2017,1,14,3,3,8,6,0,1,0,0,1,0,2,8.16643E+20,5.89098E+21,1.37278E+16,5.30742E+16
191467,,12,0,64,472,2017,1,16,3,2,5,3,1,1,0,0,0,1,2,8.30822E+20,5.83571E+21,1.38828E+16,5.25706E+16
191468,,12,0,53,0,2017,1,12,3,3,8,1,0,1,0,0,0,0,2,8.78233E+20,5.81325E+21,1.45538E+16,5.23388E+16
191469,,12,0,65,332,2017,1,9,3,3,5,2,0,1,0,0,0,0,1,7.82328E+20,5.84561E+21,1.31777E+16,5.26867E+16
191470,,12,0,70,424,2017,1,14,3,2,5,3,0,1,0,1,0,0,1,6.84076E+20,5.87656E+21,1.17436E+16,5.30069E+16
191471,,12,0,63,208,2017,1,14,2,3,2,6,0,1,0,0,0,0,1,7.62247E+20,5.83545E+21,1.28733E+16,5.26057E+16
191472,,12,0,63,273,2017,1,19,2,3,5,3,1,1,0,0,0,2,1,7.79371E+20,5.8364E+21,1.31263E+16,5.26057E+16
191473,,12,0,63,80,2017,1,7,2,2,6,4,0,1,1,0,0,1,2,7.76329E+20,5.83129E+21,1.30772E+16,5.25614E+16