OBJECTID,UIDENTSTLA,ULAND,UREGBEZ,UKREIS,UGEMEINDE,UJAHR,UMONAT,USTUNDE,UWOCHENTAG,UKATEGORIE,UART,UTYP1,IstRad,IstPKW,IstFuss,IstKrad,IstSonstig,LICHT,STRZUSTAND,LINREFX,LINREFY,XGCSWGS84,YGCSWGS84
191474,,12,0,69,616,2017,1,13,2,3,5,3,1,1,0,0,0,0,1,7.90358E+20,5.81447E+21,1.3269E+16,5.24032E+16
191475,,12,0,53,0,2017,1,16,2,2,2,6,0,1,0,0,0,2,1,8.75886E+20,5.8117E+21,1.45177E+16,5.23265E+16
191476,,12,0,63,80,2017,1,14,1,3,5,3,0,1,0,0,0,0,1,7.7782E+20,5.83131E+21,1.30992E+16,5.25608E+16
191477,,12,0,61,433,2017,1,11,1,3,5,2,0,1,0,0,1,0,2,8.02481E+20,5.81629E+21,1.34483E+16,5.2413E+16
191478,,12,0,61,320,2017,1,15,1,3,9,1,0,1,0,0,0,0,2,8.24717E+20,5.75489E+21,1.37155E+16,5.18502E+16
191479,,12,0,72,240,2017,1,13,7,3,1,6,1,1,0,0,0,0,0,7.89718E+20,5.80348E+21,1.32501E+16,5.23051E+16
191480,,12,0,66,196,2017,1,16,7,3,2,6,0,1,0,0,0,1,2,8.40185E+20,5.75706E+21,1.39414E+16,5.18604E+16
191481,,12,0,60,5,2017,1,20,7,3,8,1,0,1,0,0,0,2,2,8.08829E+20,5.83619E+21,1.35598E+16,5.25878E+16
191482,,12,0,63,36,2017,1,7,6,3,2,6,1,1,0,0,0,1,2,7.70141E+20,5.83373E+21,1.29882E+16,5.25864E+16
191483,,12,0,54,0,2017,1,15,6,3,2,6,0,1,0,0,0,0,0,7.7656E+20,5.81313E+21,1.30656E+16,5.23984E+16
191484,,12,0,54,0,2017,1,10,6,3,4,6,0,1,0,0,0,0,2,7.69744E+20,5.82387E+21,1.29743E+16,5.24981E+16
191485,,12,0,61,316,2017,1,5,6,2,5,3,0,1,0,0,0,2,2,8.35559E+20,5.7685E+21,1.38856E+16,5.19657E+16
191486,,12,0,60,52,2017,1,15,6,3,6,4,0,1,1,0,0,0,2,8.24391E+20,5.86517E+21,1.38173E+16,5.28384E+16
191487,,12,0,64,428,2017,1,8,6,3,4,1,0,1,0,0,1,0,2,8.24973E+20,5.82365E+21,1.3785E+16,5.24661E+16
191488,,12,0,53,0,2017,1,14,6,2,6,4,0,1,1,0,0,0,0,8.76599E+20,5.81237E+21,1.45289E+16,5.23321E+16
191489,,12,0,67,36,2017,1,7,6,2,6,4,0,1,1,0,0,1,2,8.58431E+20,5.79302E+21,1.42429E+16,5.2171E+16
191490,,12,0,65,256,2017,1,7,6,3,5,2,1,1,0,0,0,1,0,7.87075E+20,5.8542E+21,1.32553E+16,5.27612E+16
191491,,12,0,70,424,2017,1,12,6,3,2,6,0,1,0,0,1,0,1,6.84896E+20,5.87515E+21,1.1755E+16,5.29939E+16
191492,,12,0,70,149,2017,1,15,6,3,2,1,0,1,0,0,0,0,2,7.18033E+20,5.87384E+21,1.22471E+16,5.29698E+16
191493,,12,0,68,468,2017,1,21,6,3,6,7,0,1,1,0,0,2,1,7.33006E+20,5.896E+21,1.24857E+16,5.31623E+16
191494,,12,0,63,252,2017,1,7,5,3,0,7,1,1,0,0,0,0,2,7.26931E+20,5.83406E+21,1.23518E+16,5.26091E+16
191495,,12,0,69,632,2017,1,14,5,3,1,7,0,1,0,0,1,0,2,7.65303E+20,5.77769E+21,1.28727E+16,5.20861E+16
191496,,12,0,69,18,2017,1,10,5,3,8,1,0,1,0,0,0,0,2,7.41945E+20,5.81954E+21,1.25625E+16,5.24723E+16
191497,,12,0,61,219,2017,1,11,5,3,9,6,0,1,0,0,0,0,2,8.1523E+20,5.75843E+21,1.35815E+16,5.18873E+16
191498,,12,0,61,260,2017,1,7,5,3,2,6,0,1,0,0,0,2,2,8.13752E+20,5.80467E+21,1.36026E+16,5.23026E+16
191499,,12,0,71,408,2017,1,9,5,3,9,1,0,1,0,0,0,0,2,8.57242E+20,5.7252E+21,1.41555E+16,5.15644E+16
191500,,12,0,64,29,2017,1,7,5,3,9,1,0,0,0,0,1,1,2,8.21587E+20,5.83579E+21,1.37471E+16,5.25768E+16
191501,,12,0,67,124,2017,1,14,5,3,0,7,1,0,0,0,0,0,2,8.23825E+20,5.81621E+21,1.3761E+16,5.24001E+16
191502,,12,0,67,144,2017,1,14,5,3,1,5,0,1,0,0,0,0,1,8.46365E+20,5.8117E+21,1.40863E+16,5.23459E+16
191503,,12,0,65,356,2017,1,11,5,3,5,3,1,1,0,0,0,0,1,7.90721E+20,5.87802E+21,1.33304E+16,5.29728E+16
191504,,12,0,63,208,2017,1,8,4,3,5,3,1,1,0,0,0,0,1,7.62312E+20,5.83541E+21,1.28742E+16,5.26053E+16
191505,,12,0,66,52,2017,1,15,4,3,6,4,0,1,1,0,0,0,1,8.41667E+20,5.74427E+21,1.39503E+16,5.17449E+16
191506,,12,0,71,57,2017,1,9,4,3,4,1,0,1,0,0,0,0,2,8.64082E+20,5.73286E+21,1.42617E+16,5.16286E+16
191507,,12,0,52,0,2017,1,21,4,3,5,3,1,1,0,0,0,2,2,8.67492E+20,5.74534E+21,1.43239E+16,5.17382E+16
191508,,12,0,73,532,2017,1,5,4,2,9,1,0,1,0,0,0,2,2,8.55413E+20,5.89477E+21,1.43083E+16,5.30838E+16
191509,,12,0,60,181,2017,1,18,4,3,1,6,0,1,0,0,0,2,0,8.07667E+20,5.84285E+21,1.35489E+16,5.26481E+16
191510,,12,0,64,428,2017,1,11,4,3,2,6,0,1,0,0,0,0,1,8.2875E+20,5.82804E+21,1.38447E+16,5.25031E+16
191511,,12,0,70,296,2017,1,15,4,2,6,4,0,1,1,0,0,0,1,6.91294E+20,5.88456E+21,1.18558E+16,5.30762E+16
191512,,12,0,54,0,2017,1,14,3,3,2,6,0,1,0,0,0,0,1,7.7854E+20,5.81182E+21,1.30935E+16,5.23856E+16
191513,,12,0,54,0,2017,1,10,3,3,8,1,0,1,0,0,0,0,1,7.78623E+20,5.81151E+21,1.30945E+16,5.23829E+16
191514,,12,0,51,0,2017,1,14,3,3,5,3,0,1,0,1,0,0,1,7.39831E+20,5.81592E+21,1.25288E+16,5.24407E+16
191515,,12,0,61,433,2017,1,17,3,3,2,2,0,1,0,0,0,2,1,8.10154E+20,5.81123E+21,1.35561E+16,5.23633E+16
191516,,12,0,71,160,2017,1,18,3,3,6,7,0,1,1,0,0,2,1,8.91869E+20,5.76958E+21,1.47026E+16,5.19385E+16
191517,,12,0,60,52,2017,1,16,3,2,4,6,0,1,0,0,0,2,1,8.21345E+20,5.86341E+21,1.37705E+16,5.28245E+16
191518,,12,0,64,227,2017,1,17,3,2,6,4,0,1,1,0,0,1,1,8.15177E+20,5.83127E+21,1.36485E+16,5.25401E+16
191519,,12,0,65,136,2017,1,18,3,2,6,2,0,1,1,0,0,2,1,7.84171E+20,5.84068E+21,1.32007E+16,5.26415E+16
191520,,12,0,65,256,2017,1,18,3,3,2,6,0,1,0,0,0,2,1,7.86158E+20,5.85383E+21,1.32414E+16,5.27584E+16
191521,,12,0,72,120,2017,1,13,2,3,3,6,0,1,0,0,1,0,1,7.92857E+20,5.81184E+21,1.33033E+16,5.23783E+16
191522,,12,0,63,252,2017,1,16,2,3,9,1,0,1,0,0,0,2,1,7.28924E+20,5.8331E+21,1.23805E+16,5.25996E+16
191523,,12,0,54,0,2017,1,17,2,3,5,3,1,1,0,0,0,2,1,7.79529E+20,5.81193E+21,1.31081E+16,5.23861E+16
191524,,12,0,54,0,2017,1,8,2,3,2,2,0,1,0,0,0,0,1,7.79283E+20,5.81239E+21,1.31049E+16,5.23904E+16
191525,,12,0,52,0,2017,1,17,2,3,5,3,1,1,0,0,0,2,1,8.68461E+20,5.74262E+21,1.4335E+16,5.17132E+16
191526,,12,0,60,52,2017,1,16,2,3,5,3,1,1,0,0,0,2,1,8.1907E+20,5.86467E+21,1.37381E+16,5.28371E+16
191527,,12,0,64,472,2017,1,12,2,3,5,3,0,1,0,0,0,0,1,8.30327E+20,5.83482E+21,1.38746E+16,5.25629E+16
191528,,12,0,67,440,2017,1,18,1,3,0,3,1,0,0,0,1,2,0,8.20108E+20,5.82352E+21,1.37135E+16,5.24678E+16
191529,,12,0,65,225,2017,1,6,1,3,0,7,1,0,0,0,0,2,0,7.95923E+20,5.84078E+21,1.33739E+16,5.26362E+16
191530,7.17123E+18,7,3,12,0,2017,12,18,7,3,6,4,0,1,1,0,0,2,1,4.09606E+20,5.47729E+21,7.75306E+15,4.94415E+16
191531,7.17123E+18,7,3,12,0,2017,12,20,7,3,6,2,0,1,1,0,0,2,1,4.11389E+20,5.47822E+21,7.77745E+15,4.94502E+16
191532,7.17123E+18,7,3,14,0,2017,12,16,7,3,6,4,0,1,1,0,0,2,1,4.58192E+20,5.48164E+21,8.42277E+15,4.94859E+16
191533,7.17123E+18,7,1,33,6,2017,12,15,7,3,1,5,0,1,0,0,0,0,0,4.18474E+20,5.52182E+21,7.86611E+15,4.98432E+16
191534,7.17123E+18,7,3,33,39,2017,12,14,7,3,0,7,1,0,0,0,0,0,1,4.29172E+20,5.50127E+21,8.01861E+15,4.96598E+16
191535,7.17123E+18,7,3,39,17,2017,12,12,7,3,6,7,0,1,1,0,0,0,0,4.39038E+20,5.531E+21,8.15063E+15,4.99283E+16
191536,7.17123E+18,7,2,11,0,2017,12,13,7,3,5,2,0,1,0,0,0,0,0,3.28681E+20,5.5141E+21,6.62146E+15,4.9755E+16
191537,7.17123E+18,7,2,11,0,2017,12,10,7,2,6,4,0,1,1,0,0,0,1,3.30196E+20,5.51264E+21,6.64313E+15,4.97422E+16
191538,7.17123E+18,7,1,31,7,2017,12,19,7,3,2,6,0,1,0,0,0,2,0,3.66506E+20,5.60095E+21,7.11585E+15,5.05452E+16
191539,7.17123E+18,7,3,12,0,2017,12,11,6,2,3,6,0,1,0,1,0,0,0,4.09985E+20,5.47752E+21,7.75824E+15,4.94436E+16
191540,7.17123E+18,7,3,14,0,2017,12,14,6,3,1,5,1,1,0,0,0,0,0,4.56436E+20,5.4851E+21,8.39814E+15,4.9517E+16
191541,7.17123E+18,7,1,34,45,2017,12,6,6,3,4,7,0,1,0,1,0,2,1,3.77248E+20,5.50788E+21,7.29734E+15,4.97109E+16
191542,7.17123E+18,7,1,38,45,2017,12,11,6,3,4,6,1,1,0,0,0,0,0,3.96641E+20,5.59035E+21,7.54394E+15,5.0456E+16
191543,7.17123E+18,7,3,12,0,2017,12,11,5,3,3,6,0,1,0,0,1,0,1,4.09858E+20,5.47691E+21,7.75662E+15,4.94382E+16
191544,7.17123E+18,7,3,14,0,2017,12,12,5,3,0,1,0,1,0,0,0,0,0,4.57614E+20,5.48287E+21,8.41465E+15,4.9497E+16
191545,7.17123E+18,7,3,39,30,2017,12,12,5,3,6,4,1,0,1,0,0,0,0,4.32235E+20,5.53613E+21,8.05496E+15,4.99736E+16
191546,7.17123E+18,7,1,41,51,2017,12,0,5,3,1,7,0,1,0,1,0,2,1,4.33109E+20,5.57225E+21,8.0608E+15,5.02986E+16
191547,7.17123E+18,7,3,12,0,2017,12,16,4,3,2,6,0,1,0,0,0,0,1,4.067E+20,5.47734E+21,7.71298E+15,4.94416E+16
191548,7.17123E+18,7,3,34,7,2017,12,17,4,3,8,1,0,1,0,0,0,2,1,4.53242E+20,5.45345E+21,8.35773E+15,4.9232E+16
191549,7.17123E+18,7,1,33,6,2017,12,18,4,2,6,2,0,1,1,0,0,2,1,4.18467E+20,5.52134E+21,7.86611E+15,4.98389E+16
191550,7.17123E+18,7,3,15,0,2017,12,1,4,3,5,3,1,1,0,0,0,2,0,4.47422E+20,5.53879E+21,8.26636E+15,4.99991E+16
191551,7.17123E+18,7,2,32,18,2017,12,15,4,2,4,6,0,1,0,0,0,0,1,3.23918E+20,5.53904E+21,6.54407E+15,4.99777E+16
191552,7.17123E+18,7,1,43,32,2017,12,14,4,2,0,1,1,0,0,0,0,1,1,4.05645E+20,5.58808E+21,7.67131E+15,5.04372E+16
191553,7.17123E+18,7,1,37,3,2017,12,16,4,3,2,2,0,1,0,0,0,1,1,3.87718E+20,5.58831E+21,7.4189E+15,5.0436E+16
191554,7.17123E+18,7,3,14,0,2017,12,13,3,3,1,5,0,1,0,0,0,0,1,4.58467E+20,5.48273E+21,8.42645E+15,4.94958E+16
191555,7.17123E+18,7,2,31,503,2017,12,18,3,2,6,6,0,1,1,0,0,2,1,3.40253E+20,5.53928E+21,6.77161E+15,4.99844E+16
191556,7.17123E+18,7,1,31,7,2017,12,12,2,3,4,7,0,1,0,1,0,0,0,3.64694E+20,5.60053E+21,7.09044E+15,5.05411E+16
191557,7.17122E+18,7,3,17,0,2017,12,22,1,3,9,1,0,1,0,0,0,2,1,3.99098E+20,5.4523E+21,7.61447E+15,4.92152E+16
191558,7.17122E+18,7,3,13,0,2017,12,19,1,3,5,3,0,0,0,1,1,2,0,4.36573E+20,5.45043E+21,8.12927E+15,4.92034E+16
191559,7.17122E+18,7,3,38,25,2017,12,10,1,3,5,3,0,1,0,0,0,0,0,4.55363E+20,5.47057E+21,8.38496E+15,4.93862E+16
191560,7.17122E+18,7,1,33,6,2017,12,14,1,3,6,6,0,1,1,0,0,0,0,4.1754E+20,5.52076E+21,7.85334E+15,4.98336E+16
191561,7.17122E+18,7,3,19,0,2017,12,14,1,3,0,7,0,1,0,0,0,0,0,4.53577E+20,5.49818E+21,8.3571E+15,4.96344E+16
191562,7.17122E+18,7,3,15,0,2017,12,17,7,3,5,3,1,1,0,0,0,2,0,4.48472E+20,5.53775E+21,8.28115E+15,4.99898E+16
191563,,12,0,65,256,2017,3,15,4,3,2,6,0,1,0,0,0,0,0,7.85931E+20,5.85283E+21,1.32372E+16,5.27495E+16
191564,,12,0,70,424,2017,3,14,4,3,2,2,0,1,0,1,0,0,0,6.84966E+20,5.87631E+21,1.17567E+16,5.30044E+16
191565,,12,0,72,232,2017,3,2,3,2,9,1,0,1,0,0,0,2,0,7.82645E+20,5.77985E+21,1.31269E+16,5.20969E+16
191566,,12,0,52,0,2017,3,17,4,3,5,2,0,1,0,0,0,0,0,8.66564E+20,5.74605E+21,1.43112E+16,5.17452E+16
191567,,12,0,64,136,2017,3,18,4,3,5,3,0,1,0,0,0,0,0,8.23417E+20,5.82816E+21,1.37665E+16,5.25074E+16
191568,,12,0,64,428,2017,3,14,4,2,9,3,0,1,0,0,0,0,0,8.24426E+20,5.82379E+21,1.37771E+16,5.24677E+16
191569,,12,0,54,0,2017,3,2,3,3,0,1,1,0,0,0,0,2,0,7.81102E+20,5.81145E+21,1.31307E+16,5.2381E+16
191570,,12,0,66,304,2017,3,15,3,3,0,1,0,1,0,0,0,0,1,8.47003E+20,5.71917E+21,1.40024E+16,5.15168E+16
191571,,12,0,61,320,2017,3,12,3,3,8,6,1,0,0,0,1,0,1,8.23773E+20,5.75464E+21,1.37016E+16,5.18484E+16
191572,,12,0,67,120,2017,3,16,3,3,5,3,1,1,0,0,0,0,1,8.85064E+20,5.79393E+21,1.46315E+16,5.21612E+16
191573,,12,0,67,440,2017,3,12,3,3,5,3,0,1,0,0,0,0,0,8.19201E+20,5.82431E+21,1.37009E+16,5.24753E+16
191574,,12,0,65,256,2017,3,16,3,2,6,4,0,1,1,0,0,0,1,7.87186E+20,5.85304E+21,1.32559E+16,5.27507E+16
191575,,12,0,68,468,2017,3,7,3,2,9,7,0,1,0,0,0,0,0,7.31159E+20,5.88661E+21,1.24513E+16,5.30788E+16
191576,,12,0,51,0,2017,3,10,2,2,5,3,0,1,0,0,0,0,1,7.41751E+20,5.81205E+21,1.25542E+16,5.24052E+16
191577,,12,0,62,469,2017,3,17,2,2,8,1,0,1,0,0,0,0,0,8.19818E+20,5.7393E+21,1.36303E+16,5.17133E+16
191578,,12,0,52,0,2017,3,7,2,3,2,6,0,1,0,0,0,0,1,8.67481E+20,5.7454E+21,1.43238E+16,5.17387E+16
191579,,12,0,60,181,2017,3,16,2,3,5,3,0,1,0,0,0,0,1,8.03705E+20,5.84397E+21,1.34915E+16,5.26604E+16
191580,,12,0,65,144,2017,3,12,2,3,3,2,1,1,0,0,0,0,0,7.8943E+20,5.84448E+21,1.32815E+16,5.26728E+16
191581,,12,0,65,136,2017,3,9,2,3,5,3,0,1,0,0,0,0,1,7.84159E+20,5.84068E+21,1.32005E+16,5.26415E+16
191582,,12,0,70,296,2017,3,13,2,3,5,3,0,1,0,0,1,0,1,6.91033E+20,5.8849E+21,1.18521E+16,5.30794E+16
191583,,12,0,69,454,2017,3,0,1,3,8,1,0,1,0,0,0,2,0,7.7931E+20,5.808E+21,1.31016E+16,5.2351E+16
191584,,12,0,54,0,2017,3,12,1,3,6,4,0,1,1,0,0,0,1,7.78336E+20,5.81134E+21,1.30901E+16,5.23815E+16
191585,,12,0,60,5,2017,3,10,1,3,5,3,0,1,0,0,0,0,0,8.07933E+20,5.8367E+21,1.35471E+16,5.25929E+16
191586,,12,0,70,424,2017,3,17,1,3,5,3,0,1,0,0,1,0,1,6.83405E+20,5.87652E+21,1.17336E+16,5.30067E+16
191587,,12,0,72,340,2017,3,13,7,2,5,3,0,1,0,0,0,0,1,8.04041E+20,5.80373E+21,1.34598E+16,5.22996E+16
191588,,12,0,51,0,2017,3,11,7,3,5,2,0,1,0,0,0,0,1,7.40005E+20,5.81486E+21,1.25306E+16,5.24312E+16
191589,,12,0,61,316,2017,3,11,7,2,0,1,1,0,0,0,0,0,1,8.37011E+20,5.76592E+21,1.39041E+16,5.19417E+16
191590,,12,0,52,0,2017,3,8,7,3,6,6,1,0,1,0,0,0,1,8.67174E+20,5.74709E+21,1.43211E+16,5.17541E+16
191591,,12,0,61,217,2017,3,10,7,2,8,1,0,1,0,0,0,0,1,8.27078E+20,5.80087E+21,1.37937E+16,5.22607E+16
191592,,12,0,63,252,2017,3,11,6,3,5,3,1,1,0,0,0,0,0,7.26134E+20,5.83302E+21,1.23393E+16,5.26001E+16
191593,,12,0,63,80,2017,3,11,6,3,5,3,1,1,0,0,0,0,0,7.77612E+20,5.83158E+21,1.30963E+16,5.25633E+16
191594,,12,0,54,0,2017,3,14,6,3,6,4,0,1,1,0,0,0,0,7.73141E+20,5.8171E+21,1.30187E+16,5.24357E+16
191595,,12,0,52,0,2017,3,9,6,3,2,6,0,1,0,0,0,0,0,8.67801E+20,5.74417E+21,1.43271E+16,5.17275E+16
191596,,12,0,60,181,2017,3,10,6,3,4,6,0,1,0,0,1,0,0,8.07534E+20,5.84293E+21,1.3547E+16,5.2649E+16
191597,,12,0,67,144,2017,3,14,6,2,0,7,1,0,0,0,0,0,0,8.46168E+20,5.81127E+21,1.4083E+16,5.23422E+16
191598,,12,0,65,332,2017,3,8,6,3,5,3,0,1,0,0,0,0,0,7.82169E+20,5.84556E+21,1.31753E+16,5.26863E+16
191599,,12,0,68,320,2017,3,10,6,3,5,3,1,1,0,0,0,0,0,7.54619E+20,5.8699E+21,1.27876E+16,5.29183E+16
191600,,12,0,72,120,2017,3,13,5,2,1,5,0,1,0,0,1,0,0,7.92367E+20,5.81012E+21,1.32946E+16,5.23632E+16
191601,,12,0,54,0,2017,3,18,5,3,5,2,1,1,0,0,0,1,0,7.81551E+20,5.81146E+21,1.31373E+16,5.23808E+16
191602,,12,0,61,260,2017,3,15,5,3,5,3,0,1,0,0,0,0,0,8.15914E+20,5.80212E+21,1.36318E+16,5.22785E+16
191603,,12,0,64,136,2017,3,17,5,3,5,3,0,1,0,0,0,0,0,8.23417E+20,5.82816E+21,1.37666E+16,5.25074E+16
191604,,12,0,67,469,2017,3,16,5,2,4,6,1,0,0,1,0,0,0,8.28954E+20,5.8109E+21,1.38309E+16,5.23495E+16
191605,,12,0,67,473,2017,3,10,5,2,5,3,0,1,0,0,0,0,0,8.44259E+20,5.82391E+21,1.40681E+16,5.24566E+16
191606,,12,0,67,144,2017,3,14,5,3,5,7,1,0,0,0,0,0,0,8.44481E+20,5.81342E+21,1.40605E+16,5.23625E+16
191607,,12,0,65,198,2017,3,16,5,3,5,3,0,1,0,0,0,0,0,7.79264E+20,5.86896E+21,1.31524E+16,5.28977E+16
191608,,12,0,68,320,2017,3,18,5,3,6,7,0,1,1,0,0,0,0,7.55549E+20,5.86959E+21,1.28012E+16,5.29151E+16
191609,,12,0,63,252,2017,3,17,4,3,1,6,0,1,0,0,0,1,0,7.26982E+20,5.83396E+21,1.23525E+16,5.26081E+16
191610,,12,0,54,0,2017,3,9,4,3,1,7,1,0,0,0,1,0,0,7.79218E+20,5.81174E+21,1.31034E+16,5.23846E+16
191611,,12,0,62,128,2017,3,15,4,3,1,5,1,1,0,0,0,0,0,7.93836E+20,5.72317E+21,1.32417E+16,5.15828E+16
191612,,12,0,71,160,2017,3,12,4,3,5,3,0,1,0,0,0,0,0,8.92931E+20,5.77099E+21,1.47196E+16,5.19504E+16
191613,,12,0,52,0,2017,3,18,4,3,5,3,0,1,0,0,0,2,0,8.67245E+20,5.74423E+21,1.43192E+16,5.17284E+16
191614,,12,0,73,386,2017,3,19,4,2,9,1,0,0,0,1,0,2,0,8.4373E+20,5.89416E+21,1.4134E+16,5.3086E+16
191615,,12,0,64,472,2017,3,15,4,3,5,3,1,1,0,0,0,0,0,8.30826E+20,5.8372E+21,1.38843E+16,5.2584E+16
191616,,12,0,65,256,2017,3,13,4,3,2,2,0,1,0,0,0,0,0,7.868E+20,5.85029E+21,1.32478E+16,5.27263E+16
191617,,12,0,54,0,2017,3,13,3,3,5,3,0,1,0,0,0,0,0,7.81104E+20,5.81146E+21,1.31308E+16,5.23811E+16
191618,,12,0,54,0,2017,3,10,3,3,5,3,1,1,0,0,0,0,0,7.79902E+20,5.81054E+21,1.31124E+16,5.23735E+16
191619,,12,0,54,0,2017,3,8,3,3,1,6,1,1,0,0,0,0,0,7.79084E+20,5.81205E+21,1.31017E+16,5.23875E+16
191620,,12,0,66,296,2017,3,7,3,3,5,3,1,1,0,0,0,1,0,8.37511E+20,5.71389E+21,1.38611E+16,5.14752E+16
191621,,12,0,66,176,2017,3,9,3,2,5,3,1,1,0,0,0,0,0,8.30213E+20,5.71275E+21,1.37553E+16,5.14694E+16
191622,,12,0,61,316,2017,3,18,3,3,5,3,1,1,0,0,0,2,0,8.35711E+20,5.76519E+21,1.38846E+16,5.19359E+16
191623,,12,0,71,160,2017,3,9,3,3,0,6,0,0,0,0,1,0,0,8.91361E+20,5.77177E+21,1.46978E+16,5.19585E+16
191624,,12,0,73,452,2017,3,17,3,3,5,3,1,1,0,0,0,0,0,8.24301E+20,5.91877E+21,1.38699E+16,5.33185E+16
191625,,12,0,53,0,2017,3,11,3,2,6,7,0,0,1,0,1,0,0,8.77811E+20,5.81357E+21,1.45479E+16,5.23419E+16
191626,,12,0,65,256,2017,3,14,3,3,1,5,1,1,0,0,0,0,0,7.88029E+20,5.85204E+21,1.32675E+16,5.27413E+16
191627,,12,0,68,320,2017,3,7,3,3,3,6,1,0,0,0,1,0,0,7.55481E+20,5.86952E+21,1.28001E+16,5.29145E+16
191628,,12,0,72,17,2017,3,7,2,2,6,2,0,0,1,0,1,0,0,8.00626E+20,5.80966E+21,1.34151E+16,5.23546E+16
191629,,12,0,61,260,2017,3,16,2,3,2,6,0,1,0,0,0,0,0,8.15266E+20,5.80438E+21,1.36245E+16,5.22991E+16
191630,,12,0,52,0,2017,3,8,2,3,5,3,1,1,0,0,0,0,0,8.68849E+20,5.74555E+21,1.43437E+16,5.17392E+16
191631,,12,0,52,0,2017,3,8,2,3,5,3,0,1,0,0,0,0,0,8.69071E+20,5.75024E+21,1.43518E+16,5.1781E+16
191632,,12,0,60,198,2017,3,6,2,2,9,1,0,1,0,0,0,0,0,8.07565E+20,5.87195E+21,1.35747E+16,5.2909E+16
191633,,12,0,67,473,2017,3,7,2,2,9,1,0,1,0,0,0,0,0,8.46781E+20,5.82128E+21,1.41023E+16,5.24314E+16
191634,,12,0,65,36,2017,3,9,2,2,5,3,0,1,0,1,0,0,0,7.90236E+20,5.84633E+21,1.3295E+16,5.2689E+16
191635,,12,0,65,256,2017,3,18,2,3,6,7,1,0,1,0,0,2,0,7.86883E+20,5.85365E+21,1.32519E+16,5.27564E+16
191636,,12,0,71,372,2017,3,12,1,2,6,7,0,1,1,0,0,0,0,8.69747E+20,5.72122E+21,1.43309E+16,5.15208E+16
191637,,12,0,52,0,2017,3,17,1,3,5,3,0,1,0,0,0,0,0,8.6776E+20,5.7435E+21,1.43258E+16,5.17215E+16
191638,,12,0,65,256,2017,3,10,1,3,6,4,0,1,1,0,0,0,0,7.86988E+20,5.85452E+21,1.32543E+16,5.27641E+16
191639,,12,0,66,320,2017,3,18,7,3,5,3,0,1,0,0,0,2,0,8.50713E+20,5.74867E+21,1.40852E+16,5.17787E+16
191640,,12,0,52,0,2017,3,15,7,2,5,3,0,1,0,0,0,0,0,8.67327E+20,5.7479E+21,1.43242E+16,5.17612E+16
191641,,12,0,72,17,2017,3,8,6,3,5,3,0,1,0,0,0,0,0,8.01874E+20,5.81006E+21,1.34338E+16,5.23575E+16
191642,,12,0,54,0,2017,3,9,6,3,1,5,1,1,0,0,0,0,1,7.71932E+20,5.81366E+21,1.29981E+16,5.24054E+16
191643,,12,0,61,260,2017,3,14,6,3,2,6,0,1,0,0,0,0,1,8.17805E+20,5.80602E+21,1.36631E+16,5.23123E+16
191644,,12,0,52,0,2017,3,7,6,3,5,2,1,1,0,0,0,0,1,8.67651E+20,5.74913E+21,1.43302E+16,5.1772E+16
191645,,12,0,64,472,2017,3,10,6,2,5,3,1,1,0,0,0,0,0,8.29791E+20,5.83467E+21,1.38666E+16,5.25619E+16
191646,,12,0,65,256,2017,3,20,6,3,0,7,1,0,0,0,0,2,0,7.8602E+20,5.85226E+21,1.3238E+16,5.27444E+16
191647,,12,0,65,256,2017,3,15,6,3,2,6,0,1,0,0,0,0,0,7.85878E+20,5.85326E+21,1.32368E+16,5.27534E+16
191648,,12,0,63,252,2017,3,13,5,3,1,6,0,1,0,0,0,0,0,7.24993E+20,5.83375E+21,1.2323E+16,5.2607E+16
191649,,12,0,69,616,2017,3,14,5,3,5,3,0,1,0,0,0,0,0,7.90292E+20,5.81422E+21,1.32678E+16,5.24011E+16
191650,,12,0,61,320,2017,3,12,5,3,5,3,0,1,0,1,0,0,0,8.24778E+20,5.75507E+21,1.37166E+16,5.18517E+16
191651,,12,0,71,160,2017,3,11,5,3,4,3,0,1,0,1,0,0,0,8.90623E+20,5.77161E+21,1.46869E+16,5.19575E+16
191652,,12,0,52,0,2017,3,18,5,3,4,6,1,0,0,0,0,1,0,8.68015E+20,5.74662E+21,1.43328E+16,5.17492E+16
191653,,12,0,52,0,2017,3,5,5,3,5,3,0,1,0,0,0,2,1,8.6784E+20,5.74709E+21,1.43307E+16,5.17536E+16
191654,,12,0,52,0,2017,3,11,5,3,5,3,1,1,0,0,0,0,0,8.68054E+20,5.75069E+21,1.43376E+16,5.17857E+16
191655,,12,0,52,0,2017,3,10,5,3,5,3,1,1,0,0,0,0,0,8.6689E+20,5.74756E+21,1.43175E+16,5.17584E+16
191656,,12,0,60,181,2017,3,16,5,3,2,6,0,1,0,0,0,0,0,8.06397E+20,5.84066E+21,1.35281E+16,5.26293E+16
191657,,12,0,69,604,2017,3,17,4,3,3,6,1,1,0,0,0,2,0,7.85577E+20,5.81162E+21,1.31965E+16,5.23803E+16
191658,,12,0,69,304,2017,3,8,4,3,5,2,1,1,0,0,0,0,0,7.87279E+20,5.81616E+21,1.32253E+16,5.24201E+16