OBJECTID,UIDENTSTLA,ULAND,UREGBEZ,UKREIS,UGEMEINDE,UJAHR,UMONAT,USTUNDE,UWOCHENTAG,UKATEGORIE,UART,UTYP1,IstRad,IstPKW,IstFuss,IstKrad,IstSonstig,LICHT,STRZUSTAND,LINREFX,LINREFY,XGCSWGS84,YGCSWGS84
191848,,12,0,66,304,2017,4,11,6,3,1,7,1,1,0,0,0,0,0,8.45877E+20,5.71891E+21,1.3986E+16,5.15152E+16
191849,,12,0,61,316,2017,4,13,6,3,6,7,0,1,1,0,0,0,0,8.35171E+20,5.76578E+21,1.38773E+16,5.19416E+16
191850,,12,0,61,260,2017,4,12,6,3,6,4,0,1,1,0,0,0,0,8.15595E+20,5.80398E+21,1.36289E+16,5.22953E+16
191851,,12,0,71,76,2017,4,14,6,3,5,3,0,1,0,0,0,0,0,8.90112E+20,5.7475E+21,1.46523E+16,5.17423E+16
191852,,12,0,64,136,2017,4,16,6,3,5,3,1,1,0,0,0,0,0,8.22427E+20,5.82868E+21,1.37525E+16,5.25127E+16
191853,,12,0,65,144,2017,4,9,6,3,5,3,0,1,0,0,0,0,0,7.88399E+20,5.84913E+21,1.32704E+16,5.2715E+16
191854,,12,0,68,320,2017,4,11,6,3,5,3,1,1,0,0,0,0,0,7.5518E+20,5.86943E+21,1.27956E+16,5.29138E+16
191855,,12,0,63,273,2017,4,17,5,3,5,3,0,1,0,0,0,0,0,7.77932E+20,5.83545E+21,1.31043E+16,5.25979E+16
191856,,12,0,69,616,2017,4,11,5,3,6,4,0,1,1,0,0,0,0,7.88886E+20,5.81393E+21,1.32469E+16,5.23992E+16
191857,,12,0,54,0,2017,4,17,5,3,2,6,0,1,0,0,0,0,0,7.78461E+20,5.80989E+21,1.30908E+16,5.23684E+16
191858,,12,0,69,397,2017,4,15,5,3,5,2,0,1,0,0,0,0,0,7.74232E+20,5.80344E+21,1.30235E+16,5.23126E+16
191859,,12,0,66,196,2017,4,11,5,2,5,6,1,1,0,0,0,0,0,8.40159E+20,5.75746E+21,1.39414E+16,5.1864E+16
191860,,12,0,60,52,2017,4,13,5,3,6,7,0,1,1,0,0,0,0,8.23802E+20,5.86436E+21,1.38077E+16,5.28315E+16
191861,,12,0,67,440,2017,4,6,5,3,5,3,0,1,0,0,0,0,0,8.20961E+20,5.82323E+21,1.37257E+16,5.24647E+16
191862,,12,0,65,136,2017,4,14,5,3,5,7,0,1,0,0,0,0,0,7.84177E+20,5.84089E+21,1.32009E+16,5.26434E+16
191863,,12,0,65,356,2017,4,6,5,3,9,7,0,1,0,0,0,0,0,7.98061E+20,5.87838E+21,1.34397E+16,5.2972E+16
191864,,12,0,70,424,2017,4,12,5,3,5,3,0,1,0,0,0,0,0,6.85133E+20,5.87532E+21,1.17586E+16,5.29954E+16
191865,,12,0,63,80,2017,4,16,4,3,4,1,0,1,0,1,0,0,0,7.7842E+20,5.83056E+21,1.31074E+16,5.25538E+16
191866,,12,0,69,656,2017,4,10,4,3,5,3,0,1,0,0,0,0,0,7.6625E+20,5.81257E+21,1.2914E+16,5.23985E+16
191867,,12,0,54,0,2017,4,18,4,3,6,4,1,0,1,0,0,0,0,7.76777E+20,5.81363E+21,1.30692E+16,5.24027E+16
191868,,12,0,61,435,2017,4,17,4,3,8,1,0,1,0,0,0,0,0,8.25459E+20,5.76938E+21,1.374E+16,5.19795E+16
191869,,12,0,61,316,2017,4,14,4,2,5,3,0,1,0,0,0,0,0,8.35114E+20,5.76572E+21,1.38765E+16,5.1941E+16
191870,,12,0,52,0,2017,4,12,4,3,0,7,0,1,0,0,0,0,0,8.67786E+20,5.74879E+21,1.43318E+16,5.17689E+16
191871,,12,0,60,181,2017,4,9,4,3,5,3,1,0,0,0,1,0,0,8.05321E+20,5.83994E+21,1.35116E+16,5.26234E+16
191872,,12,0,60,181,2017,4,7,4,3,4,2,1,1,0,0,0,0,0,8.07239E+20,5.84309E+21,1.35428E+16,5.26505E+16
191873,,12,0,64,380,2017,4,16,4,3,3,2,1,1,0,0,0,0,0,8.2666E+20,5.83192E+21,1.38179E+16,5.25391E+16
191874,,12,0,64,336,2017,4,11,4,3,9,1,0,1,0,0,0,0,0,8.17003E+20,5.82955E+21,1.36737E+16,5.25236E+16
191875,,12,0,72,240,2017,4,9,3,3,1,5,1,1,0,0,0,0,1,7.90557E+20,5.80279E+21,1.32618E+16,5.22984E+16
191876,,12,0,69,616,2017,4,7,3,3,5,3,0,1,0,1,0,0,0,7.91369E+20,5.81302E+21,1.32825E+16,5.23898E+16
191877,,12,0,54,0,2017,4,10,3,3,1,5,1,1,0,0,0,0,1,7.76178E+20,5.81372E+21,1.30605E+16,5.24039E+16
191878,,12,0,54,0,2017,4,17,3,3,4,6,1,1,0,0,0,0,0,7.72805E+20,5.81539E+21,1.30124E+16,5.24206E+16
191879,,12,0,69,28,2017,4,13,3,2,1,5,0,1,0,0,0,0,0,7.29436E+20,5.81158E+21,1.23732E+16,5.24063E+16
191880,,12,0,51,0,2017,4,16,3,3,3,6,0,1,0,0,0,0,0,7.39762E+20,5.81414E+21,1.25265E+16,5.24248E+16
191881,,12,0,51,0,2017,4,22,3,3,6,4,0,1,1,0,0,2,0,7.42012E+20,5.81218E+21,1.25581E+16,5.24063E+16
191882,,12,0,68,264,2017,4,5,3,3,5,3,1,1,0,0,0,2,1,7.28217E+20,5.87088E+21,1.23964E+16,5.2939E+16
191883,,12,0,63,252,2017,4,10,2,3,5,3,0,1,0,0,1,0,0,7.26452E+20,5.83358E+21,1.23444E+16,5.2605E+16
191884,,12,0,54,0,2017,4,12,2,3,6,4,1,0,1,0,0,0,0,7.7601E+20,5.81389E+21,1.30581E+16,5.24055E+16
191885,,12,0,54,0,2017,4,7,2,3,5,3,1,0,0,1,0,0,0,7.74595E+20,5.81254E+21,1.30363E+16,5.23941E+16
191886,,12,0,66,196,2017,4,11,2,2,3,6,1,1,0,0,0,0,0,8.36765E+20,5.7502E+21,1.38853E+16,5.1801E+16
191887,,12,0,71,372,2017,4,10,2,2,9,1,0,0,0,1,0,0,0,8.74382E+20,5.73076E+21,1.44076E+16,5.16031E+16
191888,,12,0,52,0,2017,4,7,2,3,5,3,1,1,0,0,0,0,0,8.68603E+20,5.75087E+21,1.43458E+16,5.17869E+16
191889,,12,0,60,20,2017,4,17,2,3,9,1,0,1,0,0,0,0,0,8.10073E+20,5.8466E+21,1.35878E+16,5.26804E+16
191890,,12,0,64,448,2017,4,14,2,3,9,1,0,1,0,0,0,0,0,8.64283E+20,5.8337E+21,1.43722E+16,5.25313E+16
191891,,12,0,68,320,2017,4,15,2,3,6,4,0,1,1,0,0,0,0,7.54664E+20,5.86969E+21,1.27882E+16,5.29164E+16
191892,,12,0,53,0,2017,4,13,1,3,0,5,0,1,0,0,1,0,1,8.77816E+20,5.81306E+21,1.45475E+16,5.23373E+16
191893,,12,0,61,244,2017,4,9,7,2,1,5,1,1,0,0,0,0,0,8.26045E+20,5.76494E+21,1.37442E+16,5.19394E+16
191894,,12,0,61,20,2017,4,11,7,3,5,3,0,1,0,0,0,0,0,8.16533E+20,5.79762E+21,1.36366E+16,5.22377E+16
191895,,12,0,65,332,2017,4,8,7,3,6,4,0,1,1,0,0,0,0,7.81701E+20,5.84467E+21,1.31677E+16,5.26785E+16
191896,,12,0,70,424,2017,4,9,7,3,1,5,0,1,0,0,0,0,0,6.84778E+20,5.87524E+21,1.17533E+16,5.29948E+16
191897,,12,0,70,296,2017,4,11,7,3,7,7,1,0,0,0,0,0,0,6.90358E+20,5.8833E+21,1.18411E+16,5.30652E+16
191898,,12,0,70,296,2017,4,11,7,3,6,7,0,1,1,0,0,0,0,6.9014E+20,5.88288E+21,1.18376E+16,5.30616E+16
191899,,12,0,64,136,2017,4,11,6,2,9,1,0,1,0,0,0,0,0,8.21609E+20,5.82846E+21,1.37403E+16,5.25111E+16
191900,,12,0,70,424,2017,4,11,6,3,2,6,0,1,0,0,0,0,0,6.83684E+20,5.87543E+21,1.17371E+16,5.29969E+16
191901,,12,0,72,232,2017,4,21,5,2,6,6,0,0,1,0,1,2,0,7.85623E+20,5.78032E+21,1.31707E+16,5.20995E+16
191902,,12,0,54,0,2017,4,8,5,3,2,6,0,1,0,0,0,0,0,7.76709E+20,5.81385E+21,1.30683E+16,5.24048E+16
191903,,12,0,64,472,2017,4,13,5,3,0,7,0,0,0,0,1,0,0,8.30782E+20,5.83639E+21,1.38829E+16,5.25767E+16
191904,,12,0,53,0,2017,4,14,5,2,6,7,0,1,1,0,0,0,0,8.7639E+20,5.81485E+21,1.45286E+16,5.23544E+16
191905,,12,0,63,252,2017,4,10,4,3,5,3,1,1,0,0,0,0,0,7.26175E+20,5.83369E+21,1.23404E+16,5.26061E+16
191906,,12,0,62,140,2017,4,8,4,3,5,3,0,1,0,0,0,0,0,8.25124E+20,5.73132E+21,1.36994E+16,5.16387E+16
191907,,12,0,71,76,2017,4,16,4,3,5,2,0,1,0,1,0,0,0,8.89095E+20,5.74931E+21,1.46397E+16,5.17591E+16
191908,,12,0,60,5,2017,4,8,4,3,0,1,1,0,0,0,0,0,0,8.09968E+20,5.83553E+21,1.35759E+16,5.25813E+16
191909,,12,0,72,232,2017,4,16,3,3,5,3,0,1,0,0,0,0,0,7.85424E+20,5.77865E+21,1.31664E+16,5.20847E+16
191910,,12,0,63,252,2017,4,0,2,3,1,5,1,1,0,0,0,2,0,7.2697E+20,5.83398E+21,1.23523E+16,5.26083E+16
191911,,12,0,71,372,2017,4,10,2,3,5,3,0,1,0,0,0,0,1,8.71374E+20,5.72677E+21,1.43601E+16,5.15693E+16
191912,,12,0,64,472,2017,4,21,2,2,6,4,0,1,1,0,0,2,0,8.30973E+20,5.83663E+21,1.38859E+16,5.25788E+16
191913,,12,0,65,136,2017,4,15,2,3,6,4,0,1,1,0,0,0,0,7.83903E+20,5.84218E+21,1.3198E+16,5.26551E+16
191914,,12,0,63,80,2017,4,14,1,3,5,3,0,1,0,0,1,0,1,7.76578E+20,5.83272E+21,1.30821E+16,5.25741E+16
191915,,12,0,67,144,2017,4,21,1,2,5,3,0,1,0,0,0,2,1,8.44989E+20,5.8132E+21,1.40677E+16,5.23602E+16
191916,,12,0,72,232,2017,4,17,7,2,9,1,0,1,0,0,0,0,0,7.84884E+20,5.77858E+21,1.31585E+16,5.20844E+16
191917,,12,0,63,80,2017,4,14,7,3,5,3,1,1,0,0,0,0,1,7.77201E+20,5.8309E+21,1.30897E+16,5.25575E+16
191918,,12,0,69,596,2017,4,9,7,2,4,3,1,1,0,0,0,0,1,7.72156E+20,5.80052E+21,1.29908E+16,5.22875E+16
191919,,12,0,71,57,2017,4,11,7,2,1,6,1,0,0,0,0,0,0,8.60955E+20,5.73238E+21,1.42162E+16,5.16264E+16
191920,,12,0,52,0,2017,4,0,7,1,6,4,0,1,1,0,0,2,0,8.67745E+20,5.74793E+21,1.43303E+16,5.17612E+16
191921,,12,0,72,120,2017,4,4,6,2,8,1,0,1,0,0,0,2,0,7.95157E+20,5.81346E+21,1.33384E+16,5.23916E+16
191922,,12,0,54,0,2017,4,13,6,3,5,3,1,1,0,0,0,0,0,7.72922E+20,5.81246E+21,1.30117E+16,5.23942E+16
191923,,12,0,54,0,2017,4,13,6,3,6,4,0,1,1,0,0,0,0,7.71607E+20,5.81432E+21,1.29939E+16,5.24115E+16
191924,,12,0,63,273,2017,4,8,5,3,5,3,1,1,0,0,0,0,0,7.79383E+20,5.83642E+21,1.31265E+16,5.26058E+16
191925,,12,0,51,0,2017,4,17,5,3,1,5,1,1,0,0,0,0,0,7.33024E+20,5.80833E+21,1.24236E+16,5.23756E+16
191926,,12,0,65,136,2017,4,9,5,3,5,3,0,1,0,1,0,0,0,7.84005E+20,5.84128E+21,1.31987E+16,5.2647E+16
191927,,12,0,63,80,2017,4,10,4,3,6,2,0,1,1,0,0,0,0,7.76737E+20,5.83216E+21,1.3084E+16,5.2569E+16
191928,,12,0,69,616,2017,4,8,4,3,5,3,0,1,0,0,0,0,0,7.91825E+20,5.81479E+21,1.32908E+16,5.24054E+16
191929,,12,0,51,0,2017,4,16,4,3,5,3,1,1,0,0,0,0,0,7.38726E+20,5.81425E+21,1.25114E+16,5.24262E+16
191930,,12,0,62,24,2017,4,12,4,3,2,6,0,1,0,1,0,0,0,8.04869E+20,5.71639E+21,1.33946E+16,5.15162E+16
191931,,12,0,71,301,2017,4,11,4,3,1,5,1,1,0,0,0,0,0,8.74154E+20,5.73816E+21,1.44122E+16,5.16695E+16
191932,,12,0,53,0,2017,4,8,4,2,6,4,0,1,1,0,0,0,0,8.75554E+20,5.81397E+21,1.45154E+16,5.23471E+16
191933,,12,0,65,144,2017,4,16,4,3,1,7,0,1,0,0,0,0,1,7.89479E+20,5.84316E+21,1.32811E+16,5.2661E+16
191934,,12,0,54,0,2017,4,11,3,2,5,3,0,1,0,1,0,0,0,7.81501E+20,5.8086E+21,1.31342E+16,5.23553E+16
191935,,12,0,54,0,2017,4,19,3,3,5,3,0,1,0,0,1,1,0,7.8189E+20,5.81036E+21,1.31414E+16,5.23709E+16
191936,,12,0,61,260,2017,4,6,3,3,6,4,0,1,1,0,0,0,0,8.15529E+20,5.8048E+21,1.36287E+16,5.23027E+16
191937,,12,0,52,0,2017,4,16,3,3,5,2,1,1,0,0,0,0,0,8.6762E+20,5.74301E+21,1.43233E+16,5.17172E+16
191938,,12,0,52,0,2017,4,19,3,3,5,3,1,1,0,0,0,1,0,8.65974E+20,5.74737E+21,1.43041E+16,5.17573E+16
191939,,12,0,73,452,2017,4,15,3,3,1,3,0,1,0,0,0,0,0,8.24293E+20,5.91938E+21,1.38704E+16,5.3324E+16
191940,,12,0,68,477,2017,4,18,3,3,3,6,1,1,0,0,0,0,0,7.32739E+20,5.86629E+21,1.24603E+16,5.28958E+16
191941,,12,0,66,320,2017,4,18,2,3,5,3,1,1,0,0,0,0,0,8.49925E+20,5.74911E+21,1.40743E+16,5.17832E+16
191942,,12,0,61,260,2017,4,12,2,3,1,5,0,1,0,0,0,0,0,8.14551E+20,5.80302E+21,1.36128E+16,5.22873E+16
191943,,12,0,61,260,2017,4,17,2,3,5,3,1,1,0,0,0,0,0,8.14937E+20,5.80307E+21,1.36184E+16,5.22875E+16
191944,,12,0,60,5,2017,4,14,2,2,8,1,0,0,0,1,0,0,0,8.06718E+20,5.83772E+21,1.35301E+16,5.26028E+16
191945,,12,0,53,0,2017,4,16,2,3,6,4,0,0,1,0,1,0,0,8.78175E+20,5.81308E+21,1.45527E+16,5.23373E+16
191946,,12,0,67,120,2017,4,15,2,3,5,3,1,0,0,0,1,0,0,8.85103E+20,5.79196E+21,1.46299E+16,5.21435E+16
191947,,12,0,65,256,2017,4,9,2,3,5,3,1,1,0,0,0,0,0,7.85248E+20,5.85328E+21,1.32275E+16,5.27539E+16
191948,,12,0,54,0,2017,4,16,1,3,5,2,0,1,0,0,1,0,0,7.76651E+20,5.81327E+21,1.3067E+16,5.23996E+16
191949,,12,0,66,296,2017,4,17,1,3,0,1,0,0,0,1,0,0,0,8.37283E+20,5.71403E+21,1.38579E+16,5.14766E+16
191950,,12,0,66,112,2017,4,14,1,2,0,7,0,0,0,1,0,0,0,8.45269E+20,5.72594E+21,1.39841E+16,5.15785E+16
191951,,12,0,61,217,2017,4,10,7,3,5,1,1,1,0,0,0,0,0,8.2373E+20,5.8034E+21,1.37472E+16,5.22854E+16
191952,,12,0,73,532,2017,4,12,7,3,2,3,1,1,0,0,0,0,0,8.53351E+20,5.89185E+21,1.42745E+16,5.3059E+16
191953,,12,0,67,36,2017,4,12,7,3,6,7,0,1,1,0,0,0,0,8.58579E+20,5.79371E+21,1.42458E+16,5.2177E+16
191954,,12,0,63,80,2017,4,11,6,3,5,3,0,1,0,0,1,0,0,7.73293E+20,5.83144E+21,1.30327E+16,5.25642E+16
191955,,12,0,61,260,2017,4,14,6,3,5,7,0,1,0,0,1,0,0,8.17836E+20,5.80594E+21,1.36635E+16,5.23116E+16
191956,,12,0,71,76,2017,4,8,6,2,5,3,1,1,0,0,0,0,1,8.8958E+20,5.75021E+21,1.46477E+16,5.17668E+16
191957,,12,0,71,76,2017,4,11,6,3,5,3,1,1,0,0,0,0,0,8.89397E+20,5.74732E+21,1.46418E+16,5.17411E+16
191958,,12,0,52,0,2017,4,9,6,3,5,7,1,1,0,0,0,0,1,8.65573E+20,5.74615E+21,1.42971E+16,5.17467E+16
191959,,12,0,60,5,2017,4,13,6,3,5,3,0,1,0,0,0,0,1,8.0627E+20,5.83794E+21,1.35237E+16,5.2605E+16
191960,,12,0,64,408,2017,4,12,6,3,5,3,1,1,0,0,0,0,1,8.32711E+20,5.8319E+21,1.39067E+16,5.25353E+16
191961,,12,0,72,340,2017,4,16,5,3,2,6,0,1,0,0,1,0,0,8.03037E+20,5.80357E+21,1.3445E+16,5.22987E+16
191962,,12,0,69,616,2017,4,14,5,3,5,3,0,1,0,0,0,0,0,7.88685E+20,5.81404E+21,1.32441E+16,5.24003E+16
191963,,12,0,54,0,2017,4,15,5,3,8,1,1,0,0,0,0,0,0,7.76009E+20,5.81386E+21,1.30581E+16,5.24052E+16
191964,,12,0,51,0,2017,4,17,5,3,5,2,1,1,0,0,0,0,0,7.40243E+20,5.81485E+21,1.25341E+16,5.2431E+16
191965,,12,0,51,0,2017,4,11,5,2,6,4,1,0,1,0,0,0,0,7.42237E+20,5.81255E+21,1.25617E+16,5.24094E+16
191966,,12,0,61,433,2017,4,15,5,3,5,2,0,1,0,0,0,0,0,8.06041E+20,5.81395E+21,1.34983E+16,5.23901E+16
191967,,12,0,66,320,2017,4,10,5,3,6,6,0,1,1,0,0,0,0,8.50234E+20,5.74958E+21,1.40792E+16,5.17872E+16
191968,,12,0,61,316,2017,4,16,5,3,4,5,0,1,0,0,1,0,0,8.35582E+20,5.76527E+21,1.38828E+16,5.19367E+16
191969,,12,0,61,316,2017,4,11,5,3,5,3,1,1,0,0,0,0,0,8.35806E+20,5.76617E+21,1.38869E+16,5.19446E+16
191970,,12,0,61,217,2017,4,17,5,3,6,4,0,1,1,0,0,0,0,8.27115E+20,5.80539E+21,1.37986E+16,5.23013E+16
191971,,12,0,71,301,2017,4,20,5,3,1,5,0,1,0,0,0,2,0,8.7032E+20,5.73965E+21,1.43586E+16,5.16853E+16
191972,,12,0,52,0,2017,4,12,5,3,5,3,1,1,0,0,0,0,0,8.68635E+20,5.74912E+21,1.43444E+16,5.17712E+16
191973,,12,0,73,532,2017,4,12,5,3,1,6,0,1,0,0,0,0,0,8.54679E+20,5.892E+21,1.42944E+16,5.30594E+16
191974,,12,0,64,29,2017,4,11,5,3,5,3,1,1,0,0,0,0,0,8.20788E+20,5.83444E+21,1.3734E+16,5.25652E+16
191975,,12,0,64,428,2017,4,17,5,3,0,4,0,1,1,0,0,0,0,8.30036E+20,5.82549E+21,1.38611E+16,5.24795E+16
191976,,12,0,64,428,2017,4,7,5,3,6,7,0,1,1,0,0,0,0,8.25637E+20,5.82373E+21,1.37948E+16,5.24664E+16
191977,,12,0,53,0,2017,4,5,5,2,5,3,1,1,0,0,0,2,1,8.76082E+20,5.8123E+21,1.45213E+16,5.23318E+16
191978,,12,0,67,408,2017,4,17,5,2,2,6,1,1,0,0,0,0,0,8.43114E+20,5.81001E+21,1.40371E+16,5.23328E+16
191979,,12,0,70,424,2017,4,16,5,3,5,3,1,0,0,0,1,0,0,6.84788E+20,5.87541E+21,1.17535E+16,5.29963E+16
191980,,12,0,54,0,2017,4,12,4,2,5,3,1,1,0,0,0,0,0,7.78591E+20,5.80962E+21,1.30924E+16,5.23659E+16
191981,,12,0,51,0,2017,4,15,4,2,5,3,0,1,0,0,0,0,0,7.40239E+20,5.81485E+21,1.25341E+16,5.2431E+16
191982,,12,0,51,0,2017,4,17,4,3,5,2,0,1,0,0,0,0,0,7.38901E+20,5.81421E+21,1.2514E+16,5.24258E+16
191983,,12,0,61,260,2017,4,17,4,3,2,2,0,1,0,0,0,0,0,8.15879E+20,5.80232E+21,1.36315E+16,5.22803E+16
191984,,12,0,62,224,2017,4,14,4,3,5,3,0,1,0,0,1,0,0,7.92351E+20,5.73515E+21,1.32304E+16,5.1691E+16
191985,,12,0,71,76,2017,4,10,4,3,5,3,1,1,0,0,0,0,0,8.89637E+20,5.74798E+21,1.4646E+16,5.17468E+16
191986,,12,0,52,0,2017,4,15,4,2,5,3,1,1,0,0,0,0,0,8.71203E+20,5.74849E+21,1.43807E+16,5.17639E+16
191987,,12,0,65,256,2017,4,12,4,3,3,7,0,1,0,0,0,0,0,7.87215E+20,5.85249E+21,1.32558E+16,5.27458E+16
191988,,12,0,60,52,2017,4,15,3,2,2,6,0,1,0,0,0,0,0,8.24127E+20,5.86541E+21,1.38136E+16,5.28407E+16
191989,,12,0,67,124,2017,4,10,3,3,6,7,0,0,1,0,1,0,0,8.22887E+20,5.82029E+21,1.37511E+16,5.24372E+16
191990,,12,0,67,144,2017,4,17,3,3,5,3,1,1,0,0,0,0,0,8.44443E+20,5.8147E+21,1.40613E+16,5.2374E+16
191991,,12,0,65,256,2017,4,7,3,3,5,3,1,1,0,0,0,0,0,7.85936E+20,5.85278E+21,1.32372E+16,5.27491E+16
191992,,12,0,70,424,2017,4,15,3,3,5,3,1,1,0,0,0,0,0,6.84964E+20,5.87624E+21,1.17566E+16,5.30038E+16
191993,,12,0,70,296,2017,4,7,3,3,5,3,1,1,0,0,0,0,0,6.91895E+20,5.88446E+21,1.18647E+16,5.30751E+16
191994,,12,0,72,17,2017,4,7,2,3,0,7,1,0,0,0,0,0,0,8.00958E+20,5.80932E+21,1.34197E+16,5.23514E+16
191995,,12,0,54,0,2017,4,16,2,3,5,3,1,0,0,0,1,0,0,7.80994E+20,5.81026E+21,1.31282E+16,5.23704E+16
191996,,12,0,54,0,2017,4,8,2,3,1,6,0,1,0,0,0,0,0,7.71779E+20,5.81363E+21,1.29959E+16,5.24053E+16
191997,,12,0,61,444,2017,4,18,2,3,5,2,0,1,0,1,0,0,0,8.1296E+20,5.81294E+21,1.35987E+16,5.23771E+16
191998,,12,0,65,144,2017,4,12,2,3,5,3,1,1,0,0,0,0,0,7.88977E+20,5.84379E+21,1.32742E+16,5.26669E+16
191999,,12,0,65,136,2017,4,20,2,3,2,6,1,0,0,0,0,2,0,7.84357E+20,5.83984E+21,1.32027E+16,5.26339E+16
192000,,12,0,69,397,2017,4,11,1,3,7,7,1,0,0,0,1,0,0,7.78638E+20,5.796E+21,1.30818E+16,5.22437E+16
192001,,12,0,52,0,2017,4,15,1,3,5,3,1,1,0,0,0,0,0,8.66596E+20,5.74775E+21,1.43135E+16,5.17603E+16
192002,,12,0,52,0,2017,4,18,1,3,2,6,1,0,0,0,0,0,0,8.68669E+20,5.74925E+21,1.4345E+16,5.17724E+16
192003,,12,0,52,0,2017,4,12,1,2,5,3,1,1,0,0,0,0,0,8.68827E+20,5.7491E+21,1.43471E+16,5.1771E+16
192004,,12,0,60,198,2017,4,14,1,3,2,7,0,1,0,1,0,0,0,8.17733E+20,5.86785E+21,1.37214E+16,5.28663E+16
192005,,12,0,60,198,2017,4,14,1,3,4,1,0,1,0,0,0,0,0,8.17723E+20,5.86784E+21,1.37212E+16,5.28663E+16
192006,,12,0,64,428,2017,4,14,1,2,5,3,0,1,0,0,1,0,0,8.25409E+20,5.82397E+21,1.37917E+16,5.24687E+16
192007,,12,0,65,225,2017,4,12,1,3,5,3,1,1,0,0,0,0,0,7.9617E+20,5.8443E+21,1.33807E+16,5.26675E+16
192008,,12,0,72,17,2017,4,11,7,3,5,3,0,1,0,0,0,0,0,8.01874E+20,5.81006E+21,1.34338E+16,5.23575E+16
192009,,12,0,72,232,2017,4,15,7,3,5,3,0,1,0,1,0,0,0,7.85847E+20,5.77943E+21,1.31732E+16,5.20914E+16
192010,,12,0,63,252,2017,4,18,7,2,5,3,1,1,0,0,0,0,0,7.26326E+20,5.83316E+21,1.23422E+16,5.26012E+16
192011,,12,0,63,208,2017,4,18,7,3,5,3,1,1,0,0,0,0,0,7.62381E+20,5.83571E+21,1.28755E+16,5.26079E+16
192012,,12,0,63,80,2017,4,10,7,3,4,2,0,1,0,0,0,0,0,7.77307E+20,5.8312E+21,1.30916E+16,5.25601E+16
192013,,12,0,54,0,2017,4,15,7,3,3,6,0,1,0,1,0,0,0,7.76777E+20,5.81363E+21,1.30692E+16,5.24027E+16
192014,,12,0,54,0,2017,4,14,7,3,6,4,1,0,1,0,0,0,0,7.76455E+20,5.81248E+21,1.30635E+16,5.23927E+16
192015,,12,0,54,0,2017,4,10,7,3,3,6,0,1,0,0,0,0,0,7.76291E+20,5.81262E+21,1.30612E+16,5.2394E+16
192016,,12,0,71,160,2017,4,12,7,3,5,3,0,1,0,1,0,0,0,8.92477E+20,5.77127E+21,1.47134E+16,5.19532E+16
192017,,12,0,71,76,2017,4,13,7,3,0,3,1,0,0,0,1,0,0,8.88716E+20,5.74568E+21,1.46302E+16,5.17269E+16
192018,,12,0,71,32,2017,4,14,7,2,2,2,1,1,0,0,0,0,0,8.54618E+20,5.75534E+21,1.41484E+16,5.1836E+16
192019,,12,0,52,0,2017,4,15,7,2,0,7,1,0,0,0,0,0,0,8.67359E+20,5.74388E+21,1.43204E+16,5.17252E+16
192020,,12,0,60,100,2017,4,16,7,3,6,7,1,0,1,0,0,0,0,8.18435E+20,5.88035E+21,1.3744E+16,5.29779E+16
192021,,12,0,60,269,2017,4,10,7,3,0,3,1,1,0,0,0,0,0,8.01053E+20,5.85302E+21,1.34607E+16,5.2743E+16
192022,,12,0,64,428,2017,4,19,7,3,8,3,0,1,0,1,0,0,0,8.30531E+20,5.82645E+21,1.38693E+16,5.24878E+16
192023,,12,0,67,469,2017,4,12,7,3,4,1,0,1,0,1,0,0,0,8.36131E+20,5.81067E+21,1.39356E+16,5.23431E+16
192024,,12,0,65,332,2017,4,12,7,3,5,3,0,1,0,1,0,0,0,7.82505E+20,5.84462E+21,1.31795E+16,5.26778E+16
192025,,12,0,65,256,2017,4,9,7,3,5,2,1,1,0,0,0,0,0,7.85955E+20,5.8525E+21,1.32372E+16,5.27465E+16
192026,,12,0,63,252,2017,3,14,6,3,5,3,0,1,0,0,0,0,0,7.26918E+20,5.83406E+21,1.23516E+16,5.2609E+16
192027,,12,0,63,80,2017,3,17,6,3,3,2,0,1,0,0,1,0,0,7.74357E+20,5.83314E+21,1.30497E+16,5.25789E+16
192028,,12,0,54,0,2017,3,15,6,3,5,3,0,1,0,1,0,0,0,7.79348E+20,5.81198E+21,1.31055E+16,5.23866E+16
192029,,12,0,54,0,2017,3,18,6,3,5,2,0,1,0,0,1,0,0,7.76135E+20,5.8127E+21,1.3059E+16,5.23947E+16
192030,,12,0,66,320,2017,3,10,6,3,5,2,1,0,0,0,1,0,0,8.50255E+20,5.74942E+21,1.40794E+16,5.17857E+16
192031,,12,0,71,76,2017,3,15,6,2,5,3,0,1,0,1,0,0,0,8.89219E+20,5.74572E+21,1.46375E+16,5.17269E+16
192032,,12,0,73,189,2017,3,7,6,3,5,3,0,1,0,0,0,0,0,8.59987E+20,5.90913E+21,1.43925E+16,5.32092E+16
192033,,12,0,73,532,2017,3,13,6,3,4,3,1,1,0,0,0,0,0,8.5472E+20,5.89274E+21,1.42958E+16,5.30661E+16
192034,,12,0,60,185,2017,3,16,6,2,8,1,0,0,0,1,0,0,0,8.38419E+20,5.87584E+21,1.40358E+16,5.29253E+16
192035,,12,0,65,256,2017,3,18,6,3,1,5,1,1,0,0,0,0,0,7.87815E+20,5.85251E+21,1.32647E+16,5.27456E+16
192036,,12,0,70,296,2017,3,16,6,3,9,1,0,0,0,1,0,0,0,6.90573E+20,5.88369E+21,1.18445E+16,5.30686E+16