OBJECTID,UIDENTSTLA,ULAND,UREGBEZ,UKREIS,UGEMEINDE,UJAHR,UMONAT,USTUNDE,UWOCHENTAG,UKATEGORIE,UART,UTYP1,IstRad,IstPKW,IstFuss,IstKrad,IstSonstig,LICHT,STRZUSTAND,LINREFX,LINREFY,XGCSWGS84,YGCSWGS84
192225,,12,0,60,198,2017,5,7,6,3,5,2,1,1,0,0,0,0,0,8.1556E+20,5.8648E+21,1.36862E+16,5.28403E+16
192226,,12,0,60,52,2017,5,12,6,2,5,3,1,1,0,0,0,0,0,8.24403E+20,5.86478E+21,1.38171E+16,5.28349E+16
192227,,12,0,60,52,2017,5,16,6,2,5,3,0,1,0,0,0,0,0,8.24402E+20,5.86531E+21,1.38176E+16,5.28396E+16
192228,,12,0,60,269,2017,5,12,6,3,2,7,1,1,0,0,0,0,0,7.99916E+20,5.85373E+21,1.34446E+16,5.275E+16
192229,,12,0,64,512,2017,5,20,6,3,4,1,0,0,0,1,1,1,0,8.44679E+20,5.8583E+21,1.411E+16,5.27642E+16
192230,,12,0,64,472,2017,5,8,6,3,5,3,1,1,0,0,0,0,0,8.29791E+20,5.83467E+21,1.38666E+16,5.25619E+16
192231,,12,0,67,144,2017,5,12,6,3,6,4,0,1,1,0,0,0,0,8.44443E+20,5.81397E+21,1.40605E+16,5.23674E+16
192232,,12,0,65,144,2017,5,12,6,3,1,7,1,1,0,0,0,0,0,7.88263E+20,5.84843E+21,1.32677E+16,5.27088E+16
192233,,12,0,68,353,2017,5,7,6,3,4,6,1,1,0,0,0,0,0,7.614E+20,5.88803E+21,1.29029E+16,5.30777E+16
192234,,12,0,68,320,2017,5,12,6,3,4,3,0,1,0,0,0,0,0,7.55468E+20,5.87016E+21,1.28004E+16,5.29203E+16
192235,,12,0,63,80,2017,5,11,5,2,2,6,0,1,0,1,1,0,0,7.77181E+20,5.83082E+21,1.30894E+16,5.25567E+16
192236,,12,0,63,80,2017,5,16,5,2,4,6,1,0,0,0,0,0,0,7.76425E+20,5.83301E+21,1.30801E+16,5.25767E+16
192237,,12,0,54,0,2017,5,22,5,3,0,1,1,0,0,0,0,2,0,7.74983E+20,5.811E+21,1.30407E+16,5.23801E+16
192238,,12,0,51,0,2017,5,5,5,3,5,3,1,0,0,0,0,0,0,7.41808E+20,5.8128E+21,1.25556E+16,5.24119E+16
192239,,12,0,61,433,2017,5,22,5,3,2,6,0,1,0,0,0,2,0,8.10386E+20,5.80619E+21,1.35548E+16,5.23181E+16
192240,,12,0,61,260,2017,5,8,5,2,5,2,1,1,0,0,0,0,0,8.15484E+20,5.80401E+21,1.36273E+16,5.22956E+16
192241,,12,0,52,0,2017,5,16,5,2,5,3,1,1,0,0,0,0,0,8.67754E+20,5.74351E+21,1.43257E+16,5.17216E+16
192242,,12,0,52,0,2017,5,16,5,3,2,6,0,1,0,0,0,0,0,8.68386E+20,5.74519E+21,1.43366E+16,5.17362E+16
192243,,12,0,52,0,2017,5,17,5,3,5,3,0,1,0,0,0,0,0,8.69304E+20,5.74818E+21,1.4353E+16,5.17624E+16
192244,,12,0,73,572,2017,5,15,5,3,3,2,1,1,0,0,0,0,0,8.01855E+20,5.89464E+21,1.35112E+16,5.31156E+16
192245,,12,0,60,20,2017,5,7,5,3,4,6,1,1,0,0,0,0,0,8.0656E+20,5.84586E+21,1.35354E+16,5.26758E+16
192246,,12,0,67,120,2017,5,9,5,3,5,3,1,1,0,0,0,0,0,8.86718E+20,5.7919E+21,1.46533E+16,5.21418E+16
192247,,12,0,65,256,2017,5,8,5,3,5,3,0,1,0,0,0,0,0,7.87185E+20,5.85305E+21,1.32559E+16,5.27508E+16
192248,,12,0,68,320,2017,5,12,5,3,5,3,1,1,0,0,0,0,0,7.5296E+20,5.86975E+21,1.27629E+16,5.29178E+16
192249,,12,0,68,320,2017,5,16,5,3,5,2,1,1,0,0,0,0,0,7.55714E+20,5.87032E+21,1.28042E+16,5.29216E+16
192250,,12,0,69,304,2017,5,18,4,3,2,6,1,0,0,0,0,0,0,7.8709E+20,5.81543E+21,1.32219E+16,5.24136E+16
192251,,12,0,54,0,2017,5,19,4,3,1,6,1,1,0,0,0,0,0,7.81399E+20,5.81115E+21,1.31348E+16,5.23782E+16
192252,,12,0,54,0,2017,5,15,4,3,1,3,1,1,0,0,0,0,0,7.79992E+20,5.81255E+21,1.31154E+16,5.23915E+16
192253,,12,0,69,20,2017,5,12,4,3,9,6,1,0,0,0,1,0,0,7.45506E+20,5.78261E+21,1.25879E+16,5.21394E+16
192254,,12,0,61,260,2017,5,11,4,3,2,6,0,1,0,0,1,0,0,8.18911E+20,5.80496E+21,1.36783E+16,5.23022E+16
192255,,12,0,61,572,2017,5,8,4,3,5,3,0,1,0,0,0,0,0,8.14625E+20,5.80985E+21,1.36202E+16,5.23485E+16
192256,,12,0,62,140,2017,5,21,4,3,1,5,1,1,0,0,0,2,0,8.25454E+20,5.7307E+21,1.37036E+16,5.1633E+16
192257,,12,0,52,0,2017,5,10,4,3,5,3,0,1,0,0,0,0,0,8.68624E+20,5.74909E+21,1.43442E+16,5.1771E+16
192258,,12,0,64,393,2017,5,20,4,2,8,1,0,1,0,0,0,1,0,8.38736E+20,5.84907E+21,1.40128E+16,5.26853E+16
192259,,12,0,67,357,2017,5,14,4,2,6,4,0,1,1,0,0,0,0,8.87133E+20,5.7859E+21,1.46525E+16,5.20879E+16
192260,,12,0,69,304,2017,5,14,3,3,5,3,1,1,0,0,0,0,0,7.87014E+20,5.81554E+21,1.32209E+16,5.24147E+16
192261,,12,0,69,616,2017,5,17,3,3,5,3,0,1,0,0,0,0,0,7.88687E+20,5.81404E+21,1.32441E+16,5.24003E+16
192262,,12,0,54,0,2017,5,13,3,3,5,3,1,1,0,0,0,0,0,7.81028E+20,5.81116E+21,1.31294E+16,5.23785E+16
192263,,12,0,54,0,2017,5,7,3,3,5,3,0,1,0,0,0,0,0,7.78709E+20,5.82026E+21,1.3103E+16,5.24612E+16
192264,,12,0,66,196,2017,5,15,3,3,0,3,1,1,0,0,0,0,0,8.42209E+20,5.75806E+21,1.39717E+16,5.18681E+16
192265,,12,0,61,112,2017,5,7,3,3,5,2,1,1,0,0,0,0,0,8.14201E+20,5.81303E+21,1.3617E+16,5.23772E+16
192266,,12,0,52,0,2017,5,14,3,3,5,3,1,1,0,0,0,0,0,8.67738E+20,5.74382E+21,1.43258E+16,5.17244E+16
192267,,12,0,52,0,2017,5,14,3,3,5,3,1,1,0,0,0,0,0,8.68013E+20,5.74677E+21,1.43329E+16,5.17506E+16
192268,,12,0,60,52,2017,5,10,3,2,6,4,0,0,1,0,1,0,0,8.24627E+20,5.86467E+21,1.38203E+16,5.28338E+16
192269,,12,0,67,144,2017,5,18,3,3,5,3,1,1,0,0,0,0,0,8.45465E+20,5.81488E+21,1.40764E+16,5.23749E+16
192270,,12,0,67,144,2017,5,11,3,3,5,3,1,1,0,0,0,0,0,8.44994E+20,5.81497E+21,1.40696E+16,5.23761E+16
192271,,12,0,65,332,2017,5,13,3,3,0,4,0,0,1,0,1,0,1,7.81992E+20,5.84543E+21,1.31726E+16,5.26853E+16
192272,,12,0,65,165,2017,5,16,3,3,6,7,1,0,1,0,0,0,0,7.71699E+20,5.85314E+21,1.30271E+16,5.27597E+16
192273,,12,0,70,296,2017,5,18,3,3,9,1,1,0,0,0,0,0,1,6.9118E+20,5.88422E+21,1.18539E+16,5.30732E+16
192274,,12,0,68,320,2017,5,13,3,3,5,2,1,1,0,0,0,0,1,7.5498E+20,5.87092E+21,1.27938E+16,5.29273E+16
192275,,12,0,69,304,2017,5,19,2,2,5,3,1,1,0,0,0,0,0,7.85643E+20,5.81429E+21,1.31997E+16,5.24041E+16
192276,,12,0,54,0,2017,5,22,2,3,1,5,1,1,0,0,0,2,0,7.78661E+20,5.81099E+21,1.30946E+16,5.23782E+16
192277,,12,0,54,0,2017,5,12,2,3,5,3,1,1,0,0,0,0,0,7.78169E+20,5.81227E+21,1.30884E+16,5.23898E+16
192278,,12,0,53,0,2017,5,15,2,3,5,2,1,1,0,0,0,0,0,8.78137E+20,5.81328E+21,1.45524E+16,5.23391E+16
192279,,12,0,53,0,2017,5,11,2,3,5,3,1,1,0,0,0,0,0,8.77402E+20,5.81359E+21,1.4542E+16,5.23424E+16
192280,,12,0,65,144,2017,5,18,2,3,5,3,1,1,0,0,0,0,0,7.8977E+20,5.84419E+21,1.32863E+16,5.267E+16
192281,,12,0,65,256,2017,5,8,2,3,5,3,0,1,0,0,0,0,0,7.82669E+20,5.85221E+21,1.31884E+16,5.27457E+16
192282,,12,0,70,424,2017,5,17,2,2,0,1,1,0,0,0,0,0,0,6.85047E+20,5.87673E+21,1.17582E+16,5.30081E+16
192283,,12,0,70,296,2017,5,13,2,3,0,1,1,0,0,0,0,0,0,6.9191E+20,5.88417E+21,1.18647E+16,5.30725E+16
192284,,12,0,52,0,2017,5,16,1,3,1,7,0,1,0,0,0,0,0,8.68189E+20,5.75036E+21,1.43392E+16,5.17827E+16
192285,,12,0,60,5,2017,5,16,1,3,5,2,1,1,0,0,0,0,1,8.12663E+20,5.83812E+21,1.3618E+16,5.26029E+16
192286,,12,0,72,477,2017,5,18,7,3,1,5,0,1,0,0,0,0,1,8.0591E+20,5.78769E+21,1.34726E+16,5.21548E+16
192287,,12,0,72,240,2017,5,15,7,3,1,7,0,1,0,0,0,0,0,7.88651E+20,5.80397E+21,1.32349E+16,5.231E+16
192288,,12,0,54,0,2017,5,16,7,3,5,3,0,1,0,0,0,0,0,7.75164E+20,5.81399E+21,1.30458E+16,5.24068E+16
192289,,12,0,71,337,2017,5,21,7,2,6,6,0,1,1,0,0,2,1,8.79416E+20,5.77244E+21,1.45255E+16,5.19727E+16
192290,,12,0,71,32,2017,5,3,7,2,8,1,0,1,0,0,0,2,0,8.51663E+20,5.75705E+21,1.41074E+16,5.18531E+16
192291,,12,0,73,532,2017,5,18,7,1,8,1,0,1,0,0,0,0,0,8.52564E+20,5.88995E+21,1.42607E+16,5.30426E+16
192292,,12,0,67,124,2017,5,12,7,3,5,3,1,1,0,0,0,0,1,8.2301E+20,5.8185E+21,1.37512E+16,5.24211E+16
192293,,12,0,72,240,2017,5,0,6,3,8,1,0,1,0,0,0,2,0,7.9257E+20,5.80529E+21,1.32934E+16,5.23198E+16
192294,,12,0,54,0,2017,5,16,6,3,5,2,1,1,0,0,0,0,0,7.76363E+20,5.81309E+21,1.30626E+16,5.23981E+16
192295,,12,0,66,296,2017,5,7,6,3,2,6,0,1,0,0,0,0,0,8.34605E+20,5.71556E+21,1.38209E+16,5.14919E+16
192296,,12,0,61,260,2017,5,15,6,3,5,2,1,1,0,0,0,0,0,8.15868E+20,5.80232E+21,1.36313E+16,5.22803E+16
192297,,12,0,60,52,2017,5,12,6,3,1,6,0,1,0,0,1,0,0,8.25417E+20,5.86501E+21,1.38323E+16,5.28364E+16
192298,,12,0,72,17,2017,5,14,5,3,5,3,0,1,0,0,0,0,0,8.01016E+20,5.81008E+21,1.34212E+16,5.23582E+16
192299,,12,0,72,232,2017,5,13,5,3,7,7,1,0,0,0,1,0,0,7.85927E+20,5.77856E+21,1.31736E+16,5.20836E+16
192300,,12,0,63,80,2017,5,16,5,3,6,4,0,1,1,0,0,0,0,7.75617E+20,5.83116E+21,1.30667E+16,5.25606E+16
192301,,12,0,54,0,2017,5,15,5,3,5,3,1,1,0,0,0,0,0,7.82171E+20,5.81142E+21,1.31464E+16,5.23802E+16
192302,,12,0,54,0,2017,5,16,5,3,5,2,0,1,0,1,0,0,0,7.80137E+20,5.81175E+21,1.31169E+16,5.23842E+16
192303,,12,0,54,0,2017,5,12,5,3,4,6,1,0,0,0,1,0,0,7.75709E+20,5.81617E+21,1.30556E+16,5.24261E+16
192304,,12,0,51,0,2017,5,17,5,3,6,7,0,0,1,0,1,0,0,7.40023E+20,5.81508E+21,1.2531E+16,5.24331E+16
192305,,12,0,51,0,2017,5,9,5,3,5,3,0,1,0,0,1,0,0,7.40622E+20,5.813E+21,1.25383E+16,5.24142E+16
192306,,12,0,61,316,2017,5,14,5,2,1,1,0,1,1,0,0,0,0,8.35092E+20,5.7659E+21,1.38763E+16,5.19427E+16
192307,,12,0,62,124,2017,5,8,5,1,5,3,1,1,0,0,0,0,0,8.14135E+20,5.71047E+21,1.35225E+16,5.14581E+16
192308,,12,0,71,160,2017,5,6,5,3,5,3,1,1,0,0,0,0,0,8.89959E+20,5.7711E+21,1.46767E+16,5.19534E+16
192309,,12,0,52,0,2017,5,16,5,3,1,5,1,1,0,0,0,0,0,8.67894E+20,5.7481E+21,1.43326E+16,5.17626E+16
192310,,12,0,73,532,2017,5,16,5,2,5,3,1,1,0,0,0,0,0,8.52417E+20,5.89188E+21,1.42606E+16,5.30598E+16
192311,,12,0,68,320,2017,5,15,5,2,5,3,1,1,0,0,0,0,0,7.54525E+20,5.87106E+21,1.27872E+16,5.29287E+16
192312,,12,0,72,340,2017,5,17,4,3,6,4,0,1,1,0,0,0,0,8.02399E+20,5.80225E+21,1.34345E+16,5.22872E+16
192313,,12,0,72,232,2017,5,15,4,3,5,3,0,1,0,0,0,0,0,7.82344E+20,5.78051E+21,1.31231E+16,5.21029E+16
192314,,12,0,69,616,2017,5,16,4,3,5,3,1,1,0,0,0,0,0,7.88525E+20,5.81393E+21,1.32416E+16,5.23994E+16
192315,,12,0,69,590,2017,5,11,4,2,5,2,1,1,0,0,0,0,0,7.72028E+20,5.80724E+21,1.29943E+16,5.23478E+16
192316,,12,0,54,0,2017,5,13,4,3,5,2,1,1,0,0,0,0,0,7.7584E+20,5.81363E+21,1.30554E+16,5.24033E+16
192317,,12,0,51,0,2017,5,14,4,3,1,5,1,0,0,0,1,0,0,7.31618E+20,5.81288E+21,1.24061E+16,5.24171E+16
192318,,12,0,51,0,2017,5,8,4,3,5,3,1,1,0,0,0,0,0,7.41851E+20,5.81156E+21,1.25553E+16,5.24007E+16
192319,,12,0,66,304,2017,5,8,4,3,1,5,1,1,0,0,0,0,0,8.46805E+20,5.71946E+21,1.39998E+16,5.15195E+16
192320,,12,0,71,160,2017,5,16,4,2,5,3,1,1,0,0,0,0,0,8.92128E+20,5.77112E+21,1.47081E+16,5.19521E+16
192321,,12,0,60,176,2017,5,7,4,3,1,5,0,1,0,1,0,0,1,8.4004E+20,5.87043E+21,1.40542E+16,5.28758E+16
192322,,12,0,64,9,2017,5,20,4,2,9,1,0,1,0,0,0,0,0,8.76338E+20,5.83182E+21,1.4547E+16,5.25063E+16
192323,,12,0,64,222,2017,5,16,4,3,6,4,0,1,1,0,0,0,1,8.30101E+20,5.84894E+21,1.38854E+16,5.26895E+16
192324,,12,0,68,353,2017,5,12,4,3,1,7,0,0,0,0,1,0,0,7.60446E+20,5.89073E+21,1.28909E+16,5.31023E+16
192325,,12,0,68,320,2017,5,17,4,3,2,6,0,1,0,0,0,0,0,7.55591E+20,5.86909E+21,1.28014E+16,5.29105E+16
192326,,12,0,72,232,2017,5,11,3,3,5,3,0,1,0,0,1,0,0,7.84582E+20,5.77799E+21,1.31536E+16,5.20792E+16
192327,,12,0,63,56,2017,5,15,3,3,0,3,0,1,0,1,0,0,1,7.75504E+20,5.82949E+21,1.30636E+16,5.25456E+16
192328,,12,0,54,0,2017,5,9,3,3,3,6,1,1,0,0,0,0,0,7.8198E+20,5.81133E+21,1.31435E+16,5.23795E+16
192329,,12,0,51,0,2017,5,15,3,3,5,3,1,1,0,0,0,0,0,7.4148E+20,5.81279E+21,1.25508E+16,5.2412E+16
192330,,12,0,61,112,2017,5,13,3,3,5,3,0,1,0,0,0,0,1,8.14457E+20,5.81236E+21,1.36201E+16,5.23711E+16
192331,,12,0,52,0,2017,5,19,3,3,5,3,0,1,0,0,0,0,0,8.69623E+20,5.74711E+21,1.43565E+16,5.17526E+16
192332,,12,0,52,0,2017,5,10,3,3,5,3,1,1,0,0,0,0,0,8.67989E+20,5.74914E+21,1.43351E+16,5.17719E+16
192333,,12,0,73,532,2017,5,15,3,3,2,2,0,1,0,0,1,0,0,8.5422E+20,5.8948E+21,1.42906E+16,5.30849E+16
192334,,12,0,73,532,2017,5,10,3,3,5,3,1,1,0,0,0,0,0,8.53794E+20,5.89322E+21,1.42826E+16,5.30709E+16
192335,,12,0,64,288,2017,5,17,3,3,0,7,0,0,0,1,0,0,0,8.62495E+20,5.8266E+21,1.43382E+16,5.24689E+16
192336,,12,0,63,208,2017,5,8,2,3,6,4,0,0,1,0,1,0,1,7.62985E+20,5.83625E+21,1.28848E+16,5.26124E+16
192337,,12,0,54,0,2017,5,15,2,3,1,7,0,1,0,0,0,0,1,7.76943E+20,5.81251E+21,1.30707E+16,5.23926E+16
192338,,12,0,54,0,2017,5,9,2,3,5,2,0,1,0,0,0,0,1,7.80658E+20,5.81285E+21,1.31254E+16,5.23938E+16
192339,,12,0,54,0,2017,5,15,2,3,2,6,0,1,0,0,0,0,1,7.75324E+20,5.81442E+21,1.30485E+16,5.24106E+16
192340,,12,0,71,244,2017,5,19,2,2,8,7,0,0,0,1,0,0,1,8.62638E+20,5.74655E+21,1.42551E+16,5.17522E+16
192341,,12,0,67,120,2017,5,14,2,3,1,5,1,1,0,0,0,0,1,8.84924E+20,5.7926E+21,1.4628E+16,5.21493E+16
192342,,12,0,67,144,2017,5,16,2,3,6,7,0,1,1,0,0,0,1,8.44459E+20,5.81495E+21,1.40618E+16,5.23762E+16
192343,,12,0,67,144,2017,5,9,2,3,5,3,1,1,0,0,0,0,0,8.44999E+20,5.81352E+21,1.40682E+16,5.23631E+16
192344,,12,0,67,144,2017,5,12,1,3,5,3,0,1,0,0,0,0,0,8.45376E+20,5.81083E+21,1.4071E+16,5.23388E+16
192345,,12,0,63,357,2017,5,6,7,3,9,7,0,1,0,0,0,0,1,7.71133E+20,5.82763E+21,1.29978E+16,5.25312E+16
192346,,12,0,69,616,2017,5,13,7,3,5,3,0,1,0,0,0,0,0,7.90129E+20,5.81081E+21,1.32625E+16,5.23705E+16
192347,,12,0,69,397,2017,5,13,7,3,5,3,0,1,0,0,0,0,0,7.74787E+20,5.80387E+21,1.3032E+16,5.23162E+16
192348,,12,0,71,76,2017,5,9,7,2,5,3,1,1,0,0,0,0,0,8.89618E+20,5.748E+21,1.46458E+16,5.1747E+16
192349,,12,0,67,144,2017,5,17,7,3,5,3,0,1,0,0,0,0,0,8.45374E+20,5.81083E+21,1.40709E+16,5.23388E+16
192350,,12,0,65,356,2017,5,22,7,2,9,1,0,1,0,0,0,2,0,7.88382E+20,5.88487E+21,1.33018E+16,5.30355E+16
192351,,12,0,72,240,2017,5,18,6,2,2,6,1,1,0,0,0,0,0,7.90842E+20,5.80321E+21,1.32663E+16,5.2302E+16
192352,,12,0,69,616,2017,5,17,6,3,6,4,0,1,1,0,0,0,0,7.89115E+20,5.81433E+21,1.32506E+16,5.24027E+16
192353,,12,0,69,656,2017,5,17,6,3,0,7,1,0,0,0,1,0,0,7.66928E+20,5.81245E+21,1.29238E+16,5.23971E+16
192354,,12,0,54,0,2017,5,8,6,3,2,6,0,1,0,1,0,0,1,7.81343E+20,5.81146E+21,1.31343E+16,5.23809E+16
192355,,12,0,54,0,2017,5,5,6,2,7,1,0,1,0,0,0,2,1,7.789E+20,5.81435E+21,1.31009E+16,5.24082E+16
192356,,12,0,51,0,2017,5,9,6,2,5,3,1,1,0,0,0,0,1,7.3915E+20,5.81417E+21,1.25176E+16,5.24253E+16
192357,,12,0,66,320,2017,5,20,6,3,5,3,1,1,0,0,0,1,0,8.49875E+20,5.7492E+21,1.40737E+16,5.1784E+16
192358,,12,0,52,0,2017,5,11,6,3,1,6,0,1,0,0,0,0,0,8.67731E+20,5.74655E+21,1.43286E+16,5.17488E+16
192359,,12,0,73,532,2017,5,9,6,3,5,6,1,1,0,0,0,0,0,8.53371E+20,5.89178E+21,1.42747E+16,5.30584E+16
192360,,12,0,60,52,2017,5,18,6,3,0,1,1,0,0,0,1,0,0,8.19731E+20,5.86468E+21,1.37478E+16,5.28367E+16
192361,,12,0,69,616,2017,5,8,5,3,5,3,1,1,0,0,0,0,1,7.92469E+20,5.81304E+21,1.32987E+16,5.23894E+16
192362,,12,0,54,0,2017,5,21,5,3,6,4,1,0,1,0,0,2,1,7.75639E+20,5.81327E+21,1.30522E+16,5.24001E+16
192363,,12,0,69,20,2017,5,7,5,2,9,6,0,1,0,0,0,0,1,7.47378E+20,5.78342E+21,1.26158E+16,5.21458E+16
192364,,12,0,66,320,2017,5,5,5,3,5,3,1,1,0,0,0,1,0,8.50173E+20,5.74941E+21,1.40782E+16,5.17857E+16
192365,,12,0,52,0,2017,5,12,5,3,4,2,1,1,0,0,0,0,0,8.67735E+20,5.74417E+21,1.43261E+16,5.17275E+16
192366,,12,0,67,144,2017,5,9,5,3,2,6,0,1,0,1,0,0,1,8.45041E+20,5.81388E+21,1.40692E+16,5.23663E+16
192367,,12,0,70,316,2017,5,10,5,3,9,1,0,1,1,0,0,0,1,7.12162E+20,5.89457E+21,1.21734E+16,5.31582E+16
192368,,12,0,72,17,2017,5,19,4,3,5,3,0,1,0,1,0,0,0,7.99501E+20,5.80628E+21,1.33957E+16,5.23249E+16
192369,,12,0,63,208,2017,5,10,4,2,2,6,0,1,0,0,0,0,0,7.62442E+20,5.83539E+21,1.28761E+16,5.2605E+16
192370,,12,0,54,0,2017,5,12,4,3,0,1,0,0,0,1,0,0,0,7.75745E+20,5.81359E+21,1.3054E+16,5.24029E+16
192371,,12,0,54,0,2017,5,15,4,3,6,4,0,1,1,0,0,0,0,7.75893E+20,5.81335E+21,1.3056E+16,5.24007E+16
192372,,12,0,51,0,2017,5,8,4,3,5,3,1,1,0,0,0,0,0,7.41678E+20,5.81211E+21,1.25532E+16,5.24058E+16
192373,,12,0,52,0,2017,6,5,5,3,5,3,0,1,0,0,0,0,0,8.67468E+20,5.74787E+21,1.43262E+16,5.17608E+16
192374,,12,0,52,0,2017,6,21,5,3,5,3,1,1,0,0,0,1,0,8.66514E+20,5.74828E+21,1.43129E+16,5.17651E+16
192375,,12,0,64,428,2017,6,14,5,3,5,3,0,1,0,1,0,0,1,8.2476E+20,5.82424E+21,1.37824E+16,5.24715E+16
192376,,12,0,65,36,2017,6,17,5,3,5,3,1,1,0,0,0,0,0,7.89477E+20,5.84637E+21,1.32839E+16,5.26897E+16
192377,,12,0,68,264,2017,6,13,5,2,6,4,0,1,1,0,0,0,1,7.27096E+20,5.87219E+21,1.23806E+16,5.29512E+16
192378,,12,0,72,477,2017,6,13,4,3,1,5,1,0,0,0,1,0,0,8.09701E+20,5.78335E+21,1.35239E+16,5.21137E+16
192379,,12,0,63,56,2017,6,8,4,3,5,7,1,1,0,0,0,0,0,7.7444E+20,5.82919E+21,1.30477E+16,5.25435E+16
192380,,12,0,69,656,2017,6,11,4,3,1,3,0,1,0,1,0,0,0,7.66283E+20,5.8112E+21,1.29133E+16,5.23861E+16
192381,,12,0,54,0,2017,6,6,4,3,5,3,1,1,0,0,0,0,0,7.72838E+20,5.81538E+21,1.30128E+16,5.24204E+16
192382,,12,0,66,196,2017,6,17,4,3,5,3,1,1,0,0,0,0,0,8.43183E+20,5.75503E+21,1.39828E+16,5.18404E+16
192383,,12,0,52,0,2017,6,9,4,3,5,2,1,1,0,0,0,0,0,8.67776E+20,5.74416E+21,1.43267E+16,5.17274E+16
192384,,12,0,73,8,2017,6,19,4,3,5,3,0,0,0,0,1,0,0,8.30416E+20,5.89249E+21,1.39342E+16,5.30794E+16
192385,,12,0,60,198,2017,6,20,4,2,9,1,0,0,0,1,0,0,0,8.09316E+20,5.8716E+21,1.36003E+16,5.29048E+16
192386,,12,0,60,52,2017,6,18,4,2,6,4,0,1,1,0,0,0,0,8.20552E+20,5.86392E+21,1.37592E+16,5.28295E+16
192387,,12,0,60,52,2017,6,10,4,3,5,3,0,1,0,0,1,0,0,8.20034E+20,5.86417E+21,1.37518E+16,5.2832E+16
192388,,12,0,53,0,2017,6,12,4,3,5,3,0,1,0,0,0,0,0,8.77101E+20,5.81536E+21,1.45396E+16,5.23584E+16
192389,,12,0,67,201,2017,6,10,4,3,8,7,0,1,0,0,0,0,0,8.33301E+20,5.81636E+21,1.38999E+16,5.23958E+16
192390,,12,0,63,80,2017,6,7,3,3,5,3,1,1,0,0,0,0,0,7.7703E+20,5.83327E+21,1.30892E+16,5.25788E+16
192391,,12,0,69,616,2017,6,15,3,3,5,3,0,1,0,0,0,0,0,7.88591E+20,5.8138E+21,1.32425E+16,5.23982E+16
192392,,12,0,54,0,2017,6,15,3,3,5,2,0,1,0,0,0,0,0,7.80977E+20,5.81043E+21,1.31281E+16,5.2372E+16
192393,,12,0,54,0,2017,6,9,3,3,5,3,1,0,0,0,1,0,0,7.72923E+20,5.81246E+21,1.30117E+16,5.23942E+16
192394,,12,0,51,0,2017,6,11,3,3,2,6,0,1,0,0,0,0,0,7.38436E+20,5.81429E+21,1.25072E+16,5.24267E+16
192395,,12,0,61,260,2017,6,9,3,3,0,3,1,1,0,0,0,0,0,8.16553E+20,5.80198E+21,1.3641E+16,5.22768E+16
192396,,12,0,61,260,2017,6,7,3,3,0,7,1,1,0,0,0,0,0,8.15846E+20,5.80416E+21,1.36327E+16,5.22967E+16
192397,,12,0,71,301,2017,6,13,3,3,0,7,1,0,0,0,1,0,0,8.7444E+20,5.74634E+21,1.44251E+16,5.17426E+16
192398,,12,0,52,0,2017,6,8,3,3,1,5,1,1,0,0,0,0,0,8.68824E+20,5.74396E+21,1.43416E+16,5.17249E+16
192399,,12,0,60,52,2017,6,6,3,3,0,6,1,0,0,0,1,0,0,8.2389E+20,5.86362E+21,1.38083E+16,5.28248E+16
192400,,12,0,60,52,2017,6,14,3,3,6,4,0,1,1,0,0,0,0,8.24198E+20,5.86423E+21,1.38135E+16,5.283E+16
192401,,12,0,67,180,2017,6,14,3,3,5,3,0,1,0,1,0,0,0,8.78537E+20,5.80256E+21,1.45462E+16,5.22429E+16
192402,,12,0,69,616,2017,6,8,2,3,5,2,1,1,0,0,0,0,0,7.88512E+20,5.81391E+21,1.32414E+16,5.23992E+16
192403,,12,0,54,0,2017,6,14,2,3,3,6,1,1,0,0,0,0,0,7.79953E+20,5.8106E+21,1.31132E+16,5.2374E+16
192404,,12,0,54,0,2017,6,8,2,3,0,1,1,0,0,0,0,0,0,7.76605E+20,5.81396E+21,1.30669E+16,5.24058E+16
192405,,12,0,54,0,2017,6,17,2,2,4,4,0,1,1,0,0,0,0,7.74656E+20,5.81491E+21,1.30391E+16,5.24153E+16
192406,,12,0,51,0,2017,6,7,2,3,1,7,1,1,0,0,0,0,0,7.3768E+20,5.81392E+21,1.24958E+16,5.24238E+16
192407,,12,0,52,0,2017,6,9,2,2,5,3,0,1,0,0,0,0,0,8.67277E+20,5.74305E+21,1.43184E+16,5.17178E+16
192408,,12,0,52,0,2017,6,16,2,3,2,6,0,1,0,1,0,0,0,8.70749E+20,5.74934E+21,1.43751E+16,5.17718E+16
192409,,12,0,64,472,2017,6,8,2,3,1,7,0,1,0,0,0,0,0,8.27798E+20,5.83131E+21,1.3834E+16,5.2533E+16
192410,,12,0,67,440,2017,6,11,2,3,0,7,1,1,0,0,0,0,0,8.19838E+20,5.82376E+21,1.37098E+16,5.24701E+16
192411,,12,0,67,144,2017,6,18,2,3,5,3,1,1,0,0,0,0,0,8.45616E+20,5.81434E+21,1.40781E+16,5.237E+16
192412,,12,0,70,424,2017,6,19,2,3,3,6,0,1,0,1,0,0,0,6.83494E+20,5.87682E+21,1.17351E+16,5.30094E+16
192413,,12,0,72,340,2017,6,14,1,3,5,3,0,1,0,0,0,0,0,8.02782E+20,5.80151E+21,1.34394E+16,5.22804E+16