OBJECTID,UIDENTSTLA,ULAND,UREGBEZ,UKREIS,UGEMEINDE,UJAHR,UMONAT,USTUNDE,UWOCHENTAG,UKATEGORIE,UART,UTYP1,IstRad,IstPKW,IstFuss,IstKrad,IstSonstig,LICHT,STRZUSTAND,LINREFX,LINREFY,XGCSWGS84,YGCSWGS84
192414,,12,0,72,17,2017,6,13,1,3,4,6,1,0,0,0,0,0,0,8.01429E+20,5.81061E+21,1.34278E+16,5.23627E+16
192415,,12,0,63,244,2017,6,17,1,3,5,3,1,1,0,0,0,0,0,7.2672E+20,5.82508E+21,1.23425E+16,5.25286E+16
192416,,12,0,63,208,2017,6,7,1,3,5,3,1,1,0,0,0,0,0,7.62315E+20,5.8354E+21,1.28742E+16,5.26052E+16
192417,,12,0,63,80,2017,6,17,1,2,5,3,0,1,0,0,0,0,0,7.76463E+20,5.83035E+21,1.30784E+16,5.25529E+16
192418,,12,0,52,0,2017,6,17,1,3,5,3,1,1,0,0,0,0,0,8.67346E+20,5.74791E+21,1.43245E+16,5.17612E+16
192419,,12,0,64,227,2017,6,10,1,3,8,1,0,1,0,0,0,0,0,8.17022E+20,5.82568E+21,1.36703E+16,5.24889E+16
192420,,12,0,65,256,2017,6,11,1,3,5,2,0,1,0,1,0,0,0,7.86642E+20,5.8534E+21,1.32482E+16,5.27543E+16
192421,,12,0,63,80,2017,6,19,7,3,5,3,1,1,0,0,0,0,0,7.77276E+20,5.83241E+21,1.30921E+16,5.25709E+16
192422,,12,0,63,80,2017,6,12,7,3,6,7,0,0,1,0,1,0,0,7.75463E+20,5.83282E+21,1.30658E+16,5.25755E+16
192423,,12,0,61,260,2017,6,14,7,1,8,1,0,0,0,1,0,0,0,8.13115E+20,5.80466E+21,1.35933E+16,5.23029E+16
192424,,12,0,71,372,2017,6,9,7,3,5,3,0,1,0,0,1,0,0,8.73456E+20,5.72771E+21,1.43911E+16,5.15764E+16
192425,,12,0,71,304,2017,6,13,7,3,0,7,1,0,0,0,0,0,0,8.74125E+20,5.7581E+21,1.44333E+16,5.1848E+16
192426,,12,0,52,0,2017,6,15,7,3,2,2,0,1,0,0,0,0,0,8.67525E+20,5.74522E+21,1.43242E+16,5.17371E+16
192427,,12,0,73,8,2017,6,14,7,3,5,3,0,1,0,1,0,0,0,8.35161E+20,5.88658E+21,1.39986E+16,5.30235E+16
192428,,12,0,60,280,2017,6,15,7,3,0,7,0,1,0,0,0,0,0,8.20336E+20,5.84233E+21,1.3735E+16,5.26361E+16
192429,,12,0,65,256,2017,6,13,7,3,5,2,1,1,0,0,0,0,0,7.85891E+20,5.85316E+21,1.32369E+16,5.27525E+16
192430,,12,0,69,616,2017,6,19,6,3,5,3,1,1,0,0,0,0,0,7.88646E+20,5.81402E+21,1.32435E+16,5.24001E+16
192431,,12,0,69,590,2017,6,12,6,3,6,4,0,0,1,0,1,0,1,7.71143E+20,5.8064E+21,1.29807E+16,5.23407E+16
192432,,12,0,54,0,2017,6,12,6,3,5,3,0,1,0,1,0,0,0,7.74048E+20,5.81216E+21,1.3028E+16,5.2391E+16
192433,,12,0,61,20,2017,6,15,6,2,5,3,0,1,0,1,0,0,1,8.17662E+20,5.7987E+21,1.36542E+16,5.22468E+16
192434,,12,0,64,227,2017,6,7,6,3,5,2,0,1,0,1,0,0,0,8.14702E+20,5.83117E+21,1.36414E+16,5.25395E+16
192435,,12,0,53,0,2017,6,13,6,3,6,4,0,1,1,0,0,0,0,8.77222E+20,5.81364E+21,1.45394E+16,5.23429E+16
192436,,12,0,67,40,2017,6,16,6,3,0,6,1,1,0,0,0,0,0,8.50549E+20,5.81247E+21,1.41483E+16,5.23502E+16
192437,,12,0,65,100,2017,6,13,6,3,5,3,1,1,0,0,0,0,0,7.78538E+20,5.88112E+21,1.31521E+16,5.30071E+16
192438,,12,0,70,424,2017,6,17,6,3,8,1,0,0,0,1,0,0,0,6.83502E+20,5.87556E+21,1.17345E+16,5.29981E+16
192439,,12,0,70,424,2017,6,11,6,3,3,2,1,1,0,0,0,0,1,6.8408E+20,5.8754E+21,1.1743E+16,5.29965E+16
192440,,12,0,70,296,2017,6,8,6,3,6,4,0,0,1,0,1,0,0,6.91694E+20,5.88456E+21,1.18618E+16,5.3076E+16
192441,,12,0,68,468,2017,6,10,6,3,5,3,1,1,0,0,0,0,1,7.32404E+20,5.89587E+21,1.24766E+16,5.31614E+16
192442,,12,0,72,17,2017,6,8,5,3,1,5,1,1,0,0,0,0,0,8.01007E+20,5.8067E+21,1.34181E+16,5.23279E+16
192443,,12,0,63,80,2017,6,7,5,3,5,3,1,0,0,0,0,0,0,7.76801E+20,5.8305E+21,1.30835E+16,5.2554E+16
192444,,12,0,54,0,2017,6,12,5,3,5,3,1,1,0,0,0,0,0,7.81038E+20,5.8101E+21,1.31287E+16,5.23689E+16
192445,,12,0,54,0,2017,6,17,5,3,1,2,0,1,0,0,0,0,0,7.80372E+20,5.81296E+21,1.31213E+16,5.23949E+16
192446,,12,0,54,0,2017,6,7,5,3,1,5,1,1,0,0,0,0,0,7.75326E+20,5.81484E+21,1.30489E+16,5.24143E+16
192447,,12,0,51,0,2017,6,7,5,2,0,7,1,0,0,0,0,0,0,7.39256E+20,5.81541E+21,1.252E+16,5.24364E+16
192448,,12,0,51,0,2017,6,16,5,3,5,3,1,1,0,0,0,0,0,7.39493E+20,5.81249E+21,1.25214E+16,5.24101E+16
192449,,12,0,66,196,2017,6,12,5,3,5,3,1,1,0,0,0,0,0,8.40164E+20,5.75747E+21,1.39415E+16,5.1864E+16
192450,,12,0,66,304,2017,6,2,5,2,8,1,0,1,0,0,0,2,0,8.52239E+20,5.71911E+21,1.40775E+16,5.15131E+16
192451,,12,0,61,540,2017,6,13,5,3,5,3,1,0,0,1,0,0,0,8.15899E+20,5.80653E+21,1.36357E+16,5.2318E+16
192452,,12,0,61,260,2017,6,9,5,3,0,6,1,0,0,0,1,0,0,8.15029E+20,5.80363E+21,1.36203E+16,5.22925E+16
192453,,12,0,61,540,2017,6,7,5,3,4,6,1,1,0,0,0,0,0,8.14865E+20,5.80719E+21,1.36212E+16,5.23245E+16
192454,,12,0,67,544,2017,6,9,5,3,5,3,1,0,0,0,1,0,0,8.22577E+20,5.82193E+21,1.37482E+16,5.24521E+16
192455,,12,0,67,24,2017,6,11,5,2,5,3,1,1,0,0,0,0,0,8.43947E+20,5.80156E+21,1.40406E+16,5.22566E+16
192456,,12,0,72,232,2017,6,13,4,3,5,3,1,1,0,0,0,0,0,7.84351E+20,5.78008E+21,1.3152E+16,5.20981E+16
192457,,12,0,63,80,2017,6,16,4,3,2,6,1,1,0,0,0,0,0,7.74631E+20,5.83069E+21,1.30518E+16,5.25569E+16
192458,,12,0,69,304,2017,6,7,4,3,3,2,1,1,0,0,0,0,0,7.87131E+20,5.81545E+21,1.32225E+16,5.24138E+16
192459,,12,0,54,0,2017,6,19,4,3,6,4,1,0,1,0,0,0,0,7.7505E+20,5.81327E+21,1.30436E+16,5.24004E+16
192460,,12,0,61,540,2017,6,15,4,2,5,7,1,1,0,0,0,0,0,8.1376E+20,5.80619E+21,1.36041E+16,5.23161E+16
192461,,12,0,71,76,2017,6,11,4,3,5,2,1,1,0,0,0,0,0,8.89538E+20,5.74831E+21,1.4645E+16,5.17499E+16
192462,,12,0,52,0,2017,6,7,4,2,5,3,1,1,0,0,0,0,0,8.67488E+20,5.74572E+21,1.43242E+16,5.17416E+16
192463,,12,0,73,532,2017,6,6,4,2,0,1,1,0,0,0,0,0,0,8.53627E+20,5.89265E+21,1.42795E+16,5.3066E+16
192464,,12,0,60,52,2017,6,10,4,3,6,4,0,1,1,0,0,0,0,8.24569E+20,5.86465E+21,1.38194E+16,5.28336E+16
192465,,12,0,60,52,2017,6,8,4,2,5,3,1,1,0,0,0,0,0,8.19074E+20,5.86414E+21,1.37376E+16,5.28323E+16
192466,,12,0,60,20,2017,6,7,4,3,1,5,1,1,0,0,0,0,0,8.09492E+20,5.84655E+21,1.35792E+16,5.26803E+16
192467,,12,0,60,20,2017,6,15,4,3,5,3,1,1,0,0,0,0,0,8.0345E+20,5.85178E+21,1.3495E+16,5.27306E+16
192468,,12,0,70,296,2017,6,17,4,3,2,2,0,1,0,0,0,0,0,6.91477E+20,5.88525E+21,1.18589E+16,5.30823E+16
192469,,12,0,68,117,2017,6,16,4,2,5,3,1,1,0,0,0,0,0,7.53716E+20,5.85792E+21,1.27649E+16,5.28113E+16
192470,,12,0,63,357,2017,6,16,3,2,8,7,0,1,0,0,0,0,0,7.70963E+20,5.82862E+21,1.29961E+16,5.25402E+16
192471,,12,0,54,0,2017,6,17,3,3,8,7,0,1,0,0,0,0,0,7.79828E+20,5.81058E+21,1.31114E+16,5.23739E+16
192472,,12,0,69,397,2017,6,18,3,3,8,6,1,0,0,0,1,0,0,7.74777E+20,5.80382E+21,1.30318E+16,5.23158E+16
192473,,12,0,66,196,2017,6,10,3,3,1,5,1,1,0,0,0,0,0,8.3995E+20,5.75674E+21,1.39377E+16,5.18576E+16
192474,,12,0,71,160,2017,6,13,3,3,5,2,1,1,0,0,0,0,0,8.90972E+20,5.77049E+21,1.46907E+16,5.19473E+16
192475,,12,0,52,0,2017,6,15,3,3,5,3,1,1,0,0,0,0,0,8.68855E+20,5.74809E+21,1.43464E+16,5.17619E+16
192476,,12,0,65,225,2017,6,15,3,3,5,3,0,1,0,0,0,0,0,7.96503E+20,5.85075E+21,1.33915E+16,5.27252E+16
192477,,12,0,65,144,2017,6,15,3,3,5,3,1,0,0,0,1,0,0,7.893E+20,5.84441E+21,1.32795E+16,5.26722E+16
192478,,12,0,65,36,2017,6,15,3,3,5,3,1,1,0,0,0,0,0,7.90134E+20,5.84661E+21,1.32938E+16,5.26915E+16
192479,,12,0,65,332,2017,6,19,3,3,5,3,0,1,0,0,0,0,0,7.81499E+20,5.84558E+21,1.31655E+16,5.26869E+16
192480,,12,0,65,256,2017,6,15,3,3,5,7,1,1,0,0,0,0,0,7.86006E+20,5.85223E+21,1.32377E+16,5.27441E+16
192481,,12,0,54,0,2017,6,18,2,3,5,2,1,1,0,0,0,0,0,7.8193E+20,5.81145E+21,1.31429E+16,5.23806E+16
192482,,12,0,54,0,2017,6,13,2,3,0,1,1,0,0,0,0,0,0,7.76008E+20,5.81358E+21,1.30579E+16,5.24027E+16
192483,,12,0,66,176,2017,6,16,2,3,5,3,1,1,0,0,0,0,0,8.30622E+20,5.71659E+21,1.37647E+16,5.15035E+16
192484,,12,0,61,320,2017,6,7,2,3,8,7,0,1,0,0,0,0,0,8.23911E+20,5.75539E+21,1.37043E+16,5.18551E+16
192485,,12,0,61,260,2017,6,11,2,3,5,3,1,0,0,0,1,0,0,8.17049E+20,5.80473E+21,1.36509E+16,5.23012E+16
192486,,12,0,62,140,2017,6,7,2,2,5,3,0,1,0,0,0,0,0,8.25951E+20,5.7309E+21,1.37109E+16,5.16345E+16
192487,,12,0,71,76,2017,6,19,2,2,4,1,1,1,0,0,0,0,0,8.8998E+20,5.74836E+21,1.46514E+16,5.17501E+16
192488,,12,0,52,0,2017,6,15,2,2,5,3,1,1,0,0,0,0,0,8.67288E+20,5.74366E+21,1.43192E+16,5.17232E+16
192489,,12,0,73,384,2017,6,18,2,3,5,3,1,1,0,0,0,0,0,7.88271E+20,5.90428E+21,1.33175E+16,5.32095E+16
192490,,12,0,73,572,2017,6,14,2,3,5,3,0,1,0,0,0,0,0,8.09103E+20,5.88806E+21,1.36129E+16,5.30525E+16
192491,,12,0,64,9,2017,6,16,2,3,4,2,0,1,0,0,0,0,0,8.72579E+20,5.83561E+21,1.44961E+16,5.25427E+16
192492,,12,0,64,274,2017,6,10,2,3,6,7,0,1,1,0,0,0,0,8.62293E+20,5.84576E+21,1.43562E+16,5.26405E+16
192493,,12,0,64,472,2017,6,7,2,3,2,6,0,1,0,0,0,0,0,8.32111E+20,5.83598E+21,1.3902E+16,5.25722E+16
192494,,12,0,53,0,2017,6,10,2,3,2,2,0,1,0,0,0,0,0,8.76347E+20,5.81296E+21,1.45259E+16,5.23375E+16
192495,,12,0,67,144,2017,6,14,2,3,5,3,1,1,0,0,0,0,0,8.44178E+20,5.81217E+21,1.40548E+16,5.23516E+16
192496,,12,0,54,0,2017,6,9,1,3,5,2,1,1,0,0,0,0,0,7.76328E+20,5.81366E+21,1.30626E+16,5.24033E+16
192497,,12,0,54,0,2017,6,5,1,3,9,1,1,0,0,0,0,0,0,7.76281E+20,5.81261E+21,1.3061E+16,5.23939E+16
192498,,12,0,54,0,2017,6,9,1,3,0,7,1,0,0,0,0,0,0,7.70469E+20,5.82274E+21,1.2984E+16,5.24876E+16
192499,,12,0,51,0,2017,6,12,1,3,0,7,1,0,0,0,0,0,0,7.41922E+20,5.81273E+21,1.25572E+16,5.24112E+16
192500,,12,0,52,0,2017,6,16,1,2,5,3,1,1,0,0,0,0,0,8.6769E+20,5.74662E+21,1.43281E+16,5.17495E+16
192501,,12,0,64,448,2017,6,9,1,3,4,7,1,1,0,0,0,0,0,8.65215E+20,5.83334E+21,1.43855E+16,5.25274E+16
192502,,12,0,64,380,2017,6,12,1,3,0,2,0,1,1,0,0,0,0,8.252E+20,5.83066E+21,1.37952E+16,5.25287E+16
192503,,12,0,65,256,2017,6,22,1,3,8,1,0,1,0,0,0,2,1,7.83666E+20,5.85139E+21,1.32025E+16,5.27378E+16
192504,,12,0,65,256,2017,6,14,1,3,5,3,1,1,0,0,0,0,0,7.83669E+20,5.85139E+21,1.32025E+16,5.27378E+16
192505,,12,0,63,80,2017,6,17,7,3,5,3,1,0,0,0,1,0,0,7.77419E+20,5.83065E+21,1.30927E+16,5.25551E+16
192506,,12,0,63,80,2017,6,12,7,3,0,3,1,1,0,0,0,0,0,7.77924E+20,5.83124E+21,1.31007E+16,5.25601E+16
192507,,12,0,54,0,2017,6,14,7,3,5,2,1,1,0,0,0,0,0,7.80982E+20,5.81042E+21,1.31281E+16,5.23719E+16
192508,,12,0,54,0,2017,6,5,7,3,5,3,0,1,0,0,0,0,0,7.788E+20,5.80913E+21,1.30951E+16,5.23614E+16
192509,,12,0,51,0,2017,6,12,7,3,5,3,1,1,0,0,0,0,0,7.41481E+20,5.81279E+21,1.25508E+16,5.2412E+16
192510,,12,0,67,36,2017,6,12,7,3,0,7,1,0,0,0,0,0,0,8.58977E+20,5.79462E+21,1.42525E+16,5.21849E+16
192511,,12,0,68,320,2017,6,13,7,2,6,6,0,0,1,0,1,0,0,7.6121E+20,5.86615E+21,1.28824E+16,5.28815E+16
192512,,12,0,72,232,2017,6,10,6,3,5,3,1,1,0,0,0,0,0,7.85934E+20,5.77929E+21,1.31744E+16,5.20902E+16
192513,,12,0,63,80,2017,6,9,6,3,5,3,0,1,0,1,0,0,0,7.74639E+20,5.83214E+21,1.30531E+16,5.25699E+16
192514,,12,0,69,304,2017,6,7,6,3,0,1,1,0,0,0,0,0,0,7.87329E+20,5.81448E+21,1.32246E+16,5.2405E+16
192515,,12,0,69,17,2017,6,21,6,3,5,3,0,1,0,0,0,0,0,7.71324E+20,5.79487E+21,1.29741E+16,5.22372E+16
192516,,12,0,61,260,2017,6,8,6,3,1,5,1,1,0,0,0,0,0,8.1924E+20,5.80391E+21,1.36821E+16,5.22925E+16
192517,,12,0,62,224,2017,6,14,6,3,5,3,1,1,0,0,0,0,0,7.92162E+20,5.73544E+21,1.32279E+16,5.16938E+16
192518,,12,0,62,24,2017,6,21,6,3,1,5,1,0,0,0,1,1,0,8.06149E+20,5.7167E+21,1.34133E+16,5.15182E+16
192519,,12,0,62,92,2017,6,6,6,2,5,3,1,1,0,0,0,0,0,8.03705E+20,5.73093E+21,1.33905E+16,5.16471E+16
192520,,12,0,52,0,2017,6,15,6,3,5,3,1,1,0,0,0,0,0,8.67375E+20,5.7453E+21,1.43222E+16,5.17379E+16
192521,,12,0,65,180,2017,6,8,6,3,1,5,1,1,0,0,0,0,0,7.83488E+20,5.84965E+21,1.31983E+16,5.27223E+16
192522,,12,0,72,17,2017,6,14,5,2,1,5,1,0,0,0,1,0,0,7.99628E+20,5.80739E+21,1.33985E+16,5.23349E+16
192523,,12,0,72,240,2017,6,10,5,3,0,1,0,0,0,1,0,0,0,7.93175E+20,5.80531E+21,1.33023E+16,5.23196E+16
192524,,12,0,72,169,2017,6,14,5,3,6,4,1,0,1,0,0,0,0,7.79917E+20,5.76809E+21,1.30776E+16,5.19928E+16
192525,,12,0,63,80,2017,6,7,5,2,5,3,1,0,0,0,0,0,0,7.78848E+20,5.83063E+21,1.31137E+16,5.25541E+16
192526,,12,0,69,304,2017,6,15,5,3,5,3,0,1,0,0,1,0,0,7.84733E+20,5.81426E+21,1.31863E+16,5.24044E+16
192527,,12,0,54,0,2017,6,17,5,3,0,1,1,0,0,0,0,0,0,7.81028E+20,5.80961E+21,1.31281E+16,5.23646E+16
192528,,12,0,54,0,2017,6,14,5,3,6,4,0,1,1,0,0,0,0,7.75837E+20,5.8136E+21,1.30553E+16,5.24029E+16
192529,,12,0,69,397,2017,6,9,5,3,1,2,0,1,0,0,0,0,0,7.74557E+20,5.80304E+21,1.3028E+16,5.23089E+16
192530,,12,0,51,0,2017,6,15,5,3,5,3,1,1,0,0,0,0,0,7.39789E+20,5.81445E+21,1.25272E+16,5.24276E+16
192531,,12,0,51,0,2017,6,7,5,3,5,3,1,1,0,0,0,0,0,7.39244E+20,5.81487E+21,1.25195E+16,5.24316E+16
192532,,12,0,66,304,2017,6,11,5,3,5,3,0,1,0,0,0,0,0,8.47017E+20,5.71912E+21,1.40025E+16,5.15163E+16
192533,,12,0,71,160,2017,6,10,5,3,6,3,1,0,1,0,0,0,0,8.90941E+20,5.77048E+21,1.46902E+16,5.19473E+16
192534,,12,0,60,5,2017,6,18,5,3,5,3,1,1,0,0,0,0,0,8.09484E+20,5.83552E+21,1.35688E+16,5.25814E+16
192535,,12,0,60,20,2017,6,16,5,3,8,1,0,1,1,0,0,0,0,8.10222E+20,5.84634E+21,1.35898E+16,5.2678E+16
192536,,12,0,64,317,2017,6,11,5,3,2,6,0,1,0,0,1,0,0,8.49132E+20,5.82938E+21,1.41452E+16,5.25024E+16
192537,,12,0,64,472,2017,6,11,5,3,6,6,0,1,1,0,0,0,0,8.29575E+20,5.83299E+21,1.38617E+16,5.2547E+16
192538,,12,0,67,201,2017,6,13,5,3,5,3,0,1,0,1,0,0,0,8.26613E+20,5.81452E+21,1.38001E+16,5.23833E+16
192539,,12,0,65,198,2017,6,5,5,2,5,3,0,1,0,0,1,0,0,7.81781E+20,5.87052E+21,1.31911E+16,5.29103E+16
192540,,12,0,72,120,2017,6,16,4,3,2,5,0,1,0,0,0,0,0,7.92999E+20,5.80893E+21,1.33029E+16,5.23522E+16
192541,,12,0,63,80,2017,6,8,4,2,5,3,0,1,0,0,0,0,0,7.76807E+20,5.83023E+21,1.30834E+16,5.25516E+16
192542,,12,0,69,656,2017,6,9,4,3,3,6,1,0,0,0,0,0,0,7.67438E+20,5.81003E+21,1.29293E+16,5.23751E+16
192543,,12,0,54,0,2017,6,16,4,3,6,4,0,0,1,0,1,0,0,7.80609E+20,5.81108E+21,1.31232E+16,5.2378E+16
192544,,12,0,54,0,2017,6,17,4,2,5,3,1,1,0,0,0,0,0,7.80262E+20,5.81128E+21,1.31183E+16,5.23799E+16
192545,,12,0,66,304,2017,6,9,4,2,6,4,0,1,1,0,0,0,0,8.47133E+20,5.72002E+21,1.40051E+16,5.15244E+16
192546,,12,0,61,316,2017,6,7,4,3,5,2,1,1,0,0,0,0,0,8.37604E+20,5.76578E+21,1.39126E+16,5.19401E+16
192547,,12,0,61,332,2017,6,14,4,3,0,4,0,0,1,1,0,0,0,8.14196E+20,5.79994E+21,1.36047E+16,5.22599E+16
192548,,12,0,73,532,2017,6,7,4,3,5,3,1,1,0,0,0,0,0,8.54717E+20,5.89275E+21,1.42958E+16,5.30661E+16
192549,,12,0,67,76,2017,6,17,4,3,4,6,0,1,0,0,0,0,0,8.80127E+20,5.80383E+21,1.45708E+16,5.22531E+16
192550,,12,0,67,144,2017,6,18,4,3,4,2,1,1,0,0,0,0,0,8.45773E+20,5.81072E+21,1.40767E+16,5.23375E+16
192551,,12,0,65,356,2017,6,15,4,2,0,7,1,0,0,0,0,0,0,7.90991E+20,5.8788E+21,1.33351E+16,5.29796E+16
192552,,12,0,65,256,2017,6,11,4,3,5,3,1,1,0,0,0,0,1,7.82671E+20,5.85221E+21,1.31885E+16,5.27457E+16
192553,,12,0,63,80,2017,6,11,3,3,6,7,1,0,1,0,0,0,0,7.78568E+20,5.83185E+21,1.31107E+16,5.25653E+16
192554,,12,0,54,0,2017,6,17,3,3,3,6,0,1,0,1,0,0,1,7.8072E+20,5.81159E+21,1.31253E+16,5.23825E+16
192555,,12,0,54,0,2017,6,5,3,3,5,3,1,1,0,0,0,0,0,7.7816E+20,5.81227E+21,1.30883E+16,5.23899E+16
192556,,12,0,54,0,2017,6,16,3,3,3,6,1,1,0,0,0,0,0,7.7542E+20,5.81273E+21,1.30485E+16,5.23954E+16
192557,,12,0,54,0,2017,6,14,3,3,1,3,0,1,0,0,1,0,0,7.75397E+20,5.81283E+21,1.30483E+16,5.23963E+16
192558,,12,0,54,0,2017,6,9,3,3,5,3,1,1,0,0,0,0,0,7.71513E+20,5.81431E+21,1.29925E+16,5.24115E+16
192559,,12,0,69,17,2017,6,15,3,3,6,4,0,1,1,0,0,0,0,7.7152E+20,5.79517E+21,1.29772E+16,5.22398E+16
192560,,12,0,51,0,2017,6,8,3,2,4,2,1,1,0,0,0,0,0,7.41011E+20,5.81231E+21,1.25436E+16,5.24079E+16
192561,,12,0,62,128,2017,6,16,3,3,5,3,1,1,0,0,0,0,0,7.93011E+20,5.72096E+21,1.3228E+16,5.15634E+16
192562,,12,0,52,0,2017,6,10,3,3,1,5,1,1,0,0,0,0,0,8.68811E+20,5.74816E+21,1.43459E+16,5.17626E+16
192563,,12,0,52,0,2017,6,13,3,3,5,3,1,1,0,0,0,0,0,8.67494E+20,5.74712E+21,1.43258E+16,5.17541E+16
192564,,12,0,73,8,2017,6,17,3,3,5,3,0,1,0,0,0,0,1,8.34715E+20,5.88584E+21,1.39913E+16,5.30172E+16
192565,,12,0,64,288,2017,6,16,3,3,5,3,0,1,0,0,0,0,1,8.62336E+20,5.82803E+21,1.43374E+16,5.24818E+16
192566,,12,0,64,472,2017,6,9,3,3,2,2,0,1,0,0,0,0,0,8.30382E+20,5.83581E+21,1.38764E+16,5.25718E+16
192567,,12,0,67,120,2017,6,18,3,3,1,5,0,1,0,0,0,0,0,8.8418E+20,5.79225E+21,1.46168E+16,5.21468E+16
192568,,12,0,67,120,2017,6,14,3,3,4,6,1,0,0,0,0,0,0,8.85068E+20,5.7923E+21,1.46297E+16,5.21466E+16
192569,,12,0,65,144,2017,6,19,3,3,5,2,1,1,0,0,0,0,1,7.88105E+20,5.84426E+21,1.32618E+16,5.26715E+16
192570,,12,0,65,256,2017,6,16,3,3,5,2,0,1,0,0,0,0,0,7.8436E+20,5.85351E+21,1.32145E+16,5.27564E+16
192571,,12,0,70,424,2017,6,7,3,3,5,3,0,1,0,0,0,0,0,6.85029E+20,5.87545E+21,1.17572E+16,5.29966E+16
192572,,12,0,72,17,2017,6,20,2,3,5,3,0,1,0,0,0,1,1,8.0188E+20,5.80852E+21,1.34325E+16,5.23437E+16
192573,,12,0,71,372,2017,6,17,2,3,3,6,1,0,0,1,0,0,0,8.72289E+20,5.72718E+21,1.43737E+16,5.15725E+16
192574,,12,0,53,0,2017,6,18,2,3,1,5,0,1,0,1,0,0,0,8.75973E+20,5.81395E+21,1.45215E+16,5.23466E+16
192575,,12,0,68,320,2017,6,9,2,3,2,6,0,1,0,0,0,0,0,7.59045E+20,5.87342E+21,1.28561E+16,5.29477E+16
192576,,12,0,72,169,2017,6,15,1,3,4,1,0,1,0,0,0,0,1,7.80992E+20,5.76995E+21,1.30947E+16,5.20089E+16
192577,,12,0,69,616,2017,6,11,1,3,5,3,0,1,0,0,0,0,1,7.88997E+20,5.81392E+21,1.32486E+16,5.23991E+16
192578,,12,0,65,100,2017,6,17,1,3,3,7,1,0,0,0,0,0,1,7.82961E+20,5.88685E+21,1.32229E+16,5.30561E+16
192579,,12,0,63,252,2017,6,8,7,2,5,3,1,1,0,0,0,0,0,7.26616E+20,5.83353E+21,1.23468E+16,5.26044E+16
192580,,12,0,69,304,2017,6,11,7,3,2,6,0,1,0,0,0,0,0,7.87281E+20,5.8162E+21,1.32253E+16,5.24204E+16
192581,,12,0,69,616,2017,6,10,7,3,0,1,1,0,0,0,0,0,0,7.90244E+20,5.81416E+21,1.3267E+16,5.24005E+16
192582,,12,0,54,0,2017,6,6,7,3,5,3,0,1,0,0,1,0,0,7.78624E+20,5.81219E+21,1.3095E+16,5.23889E+16
192583,,12,0,54,0,2017,6,13,7,3,0,1,1,0,0,0,0,0,1,7.76007E+20,5.8144E+21,1.30585E+16,5.241E+16
192584,,12,0,66,112,2017,6,23,7,3,3,6,1,1,0,0,0,2,0,8.47217E+20,5.72709E+21,1.40133E+16,5.15877E+16
192585,,12,0,60,20,2017,6,16,7,3,5,2,0,1,0,1,0,0,1,8.10183E+20,5.84614E+21,1.3589E+16,5.26763E+16
192586,,12,0,72,426,2017,6,8,6,2,6,7,0,1,1,0,0,0,0,7.87778E+20,5.79431E+21,1.32139E+16,5.22239E+16
192587,,12,0,63,80,2017,6,19,6,2,0,7,1,0,0,0,0,0,0,7.7757E+20,5.83126E+21,1.30955E+16,5.25604E+16
192588,,12,0,63,80,2017,6,7,6,3,5,3,1,1,0,0,0,0,0,7.77423E+20,5.83249E+21,1.30943E+16,5.25716E+16
192589,,12,0,63,80,2017,6,10,6,3,1,2,0,1,0,0,0,0,0,7.75174E+20,5.83288E+21,1.30616E+16,5.25763E+16
192590,,12,0,69,304,2017,6,16,6,3,4,2,0,1,0,0,0,0,0,7.84725E+20,5.81409E+21,1.31861E+16,5.24028E+16
192591,,12,0,69,304,2017,6,15,6,3,0,1,0,0,0,1,0,0,0,7.85337E+20,5.81388E+21,1.31949E+16,5.24006E+16
192592,,12,0,69,656,2017,6,13,6,3,4,1,0,1,0,1,0,0,0,7.68159E+20,5.80889E+21,1.2939E+16,5.23645E+16
192593,,12,0,54,0,2017,6,8,6,3,5,3,1,1,0,0,0,0,0,7.78937E+20,5.81448E+21,1.31015E+16,5.24093E+16
192594,,12,0,54,0,2017,6,17,6,3,5,3,1,0,0,1,0,0,0,7.76681E+20,5.81391E+21,1.3068E+16,5.24053E+16
192595,,12,0,62,140,2017,6,14,6,3,2,6,1,1,0,0,0,0,0,8.25794E+20,5.73057E+21,1.37084E+16,5.16316E+16
192596,,12,0,71,44,2017,6,8,6,3,6,4,0,1,1,0,0,0,0,8.87651E+20,5.73298E+21,1.46007E+16,5.1614E+16
192597,,12,0,52,0,2017,6,17,6,3,5,3,1,1,0,0,0,0,0,8.67611E+20,5.74445E+21,1.43247E+16,5.17301E+16
192598,,12,0,60,52,2017,6,0,6,3,6,7,0,1,1,0,0,2,0,8.20262E+20,5.86402E+21,1.37551E+16,5.28306E+16
192599,,12,0,60,269,2017,6,15,6,3,5,3,0,1,0,0,1,0,0,7.98754E+20,5.85381E+21,1.34275E+16,5.27514E+16
192600,,12,0,65,193,2017,6,17,6,3,6,7,0,1,1,0,0,0,0,7.96255E+20,5.86677E+21,1.34023E+16,5.2869E+16
192601,,12,0,65,256,2017,6,19,6,1,5,3,1,1,0,0,0,0,0,7.86401E+20,5.8513E+21,1.32428E+16,5.27355E+16
192602,,12,0,70,316,2017,6,15,6,3,3,6,0,1,0,0,0,0,0,7.12313E+20,5.89318E+21,1.21748E+16,5.31456E+16