OBJECTID,UIDENTSTLA,ULAND,UREGBEZ,UKREIS,UGEMEINDE,UJAHR,UMONAT,USTUNDE,UWOCHENTAG,UKATEGORIE,UART,UTYP1,IstRad,IstPKW,IstFuss,IstKrad,IstSonstig,LICHT,STRZUSTAND,LINREFX,LINREFY,XGCSWGS84,YGCSWGS84
192603,,12,0,70,424,2017,6,15,6,3,9,1,0,1,0,0,0,0,0,6.8453E+20,5.87576E+21,1.17499E+16,5.29996E+16
192604,,12,0,63,208,2017,6,15,5,2,5,3,0,1,0,0,1,0,0,7.58558E+20,5.83284E+21,1.28169E+16,5.2584E+16
192605,,12,0,63,80,2017,6,17,5,3,5,3,1,1,0,0,0,0,0,7.77405E+20,5.83135E+21,1.30931E+16,5.25614E+16
192606,,12,0,63,80,2017,6,10,5,3,5,3,1,1,0,0,0,0,0,7.77365E+20,5.83129E+21,1.30925E+16,5.25609E+16
192607,,12,0,69,656,2017,6,16,5,3,0,6,0,1,0,1,0,0,0,7.64319E+20,5.80755E+21,1.28817E+16,5.23544E+16
192608,,12,0,69,656,2017,6,19,5,3,1,5,1,0,0,0,1,0,0,7.67521E+20,5.81125E+21,1.29315E+16,5.2386E+16
192609,,12,0,54,0,2017,6,20,5,3,5,3,1,1,0,0,0,0,0,7.77826E+20,5.81231E+21,1.30834E+16,5.23904E+16
192610,,12,0,54,0,2017,6,13,5,3,0,7,1,0,0,0,0,0,0,7.75826E+20,5.8132E+21,1.30549E+16,5.23994E+16
192611,,12,0,54,0,2017,6,18,5,3,4,6,1,0,0,0,0,0,0,7.7483E+20,5.81266E+21,1.30398E+16,5.23951E+16
192612,,12,0,54,0,2017,6,14,5,3,5,3,1,1,0,0,0,0,0,7.75909E+20,5.81446E+21,1.30571E+16,5.24107E+16
192613,,12,0,66,52,2017,6,23,5,3,0,1,1,0,0,0,0,2,0,8.42357E+20,5.74409E+21,1.396E+16,5.17428E+16
192614,,12,0,73,189,2017,6,9,5,3,1,7,0,1,0,0,0,0,0,8.60164E+20,5.90907E+21,1.4395E+16,5.32085E+16
192615,,12,0,64,136,2017,6,17,5,3,3,6,1,1,0,0,0,0,0,8.22469E+20,5.83059E+21,1.3755E+16,5.25298E+16
192616,,12,0,53,0,2017,6,15,5,3,2,6,0,1,0,0,0,0,0,8.77758E+20,5.81357E+21,1.45472E+16,5.23419E+16
192617,,12,0,67,144,2017,6,18,5,3,5,3,1,1,0,0,0,0,0,8.44653E+20,5.81423E+21,1.40639E+16,5.23696E+16
192618,,12,0,65,144,2017,6,12,5,2,5,3,1,1,0,0,0,0,0,7.89744E+20,5.84454E+21,1.32862E+16,5.26732E+16
192619,,12,0,65,256,2017,6,16,5,3,0,6,1,1,0,0,0,0,0,7.86557E+20,5.85436E+21,1.32477E+16,5.27629E+16
192620,,12,0,72,232,2017,5,5,4,3,5,2,0,1,0,1,0,0,1,7.83696E+20,5.77803E+21,1.31407E+16,5.208E+16
192621,,12,0,63,252,2017,5,17,4,3,5,3,1,1,0,0,0,0,0,7.26049E+20,5.83272E+21,1.23378E+16,5.25974E+16
192622,,12,0,63,80,2017,5,17,4,3,1,5,0,1,0,1,0,0,0,7.80234E+20,5.83115E+21,1.31346E+16,5.25581E+16
192623,,12,0,54,0,2017,5,9,4,3,5,3,0,1,0,0,0,0,0,7.79607E+20,5.80936E+21,1.31071E+16,5.23631E+16
192624,,12,0,54,0,2017,5,14,4,3,5,3,1,1,0,0,0,0,0,7.74616E+20,5.8146E+21,1.30383E+16,5.24126E+16
192625,,12,0,61,112,2017,5,16,4,3,5,3,1,1,0,0,0,0,0,8.14181E+20,5.81251E+21,1.36162E+16,5.23726E+16
192626,,12,0,62,124,2017,5,8,4,3,5,3,1,1,0,0,0,0,0,8.12643E+20,5.7119E+21,1.35024E+16,5.14717E+16
192627,,12,0,53,0,2017,5,10,4,3,6,6,0,0,1,0,1,0,0,8.7803E+20,5.81257E+21,1.455E+16,5.23328E+16
192628,,12,0,65,225,2017,5,7,4,2,5,2,1,0,0,0,0,0,0,7.96141E+20,5.8436E+21,1.33797E+16,5.26613E+16
192629,,12,0,65,136,2017,5,7,4,3,6,6,1,0,1,0,0,0,0,7.84536E+20,5.83962E+21,1.32051E+16,5.26318E+16
192630,,12,0,65,84,2017,5,10,4,3,5,3,0,1,0,0,0,0,0,7.77401E+20,5.9002E+21,1.31517E+16,5.31787E+16
192631,,12,0,65,256,2017,5,7,4,3,3,6,1,1,0,0,0,0,0,7.85623E+20,5.85304E+21,1.32328E+16,5.27516E+16
192632,,12,0,70,424,2017,5,16,4,3,5,3,0,1,0,0,0,0,0,6.85128E+20,5.87533E+21,1.17586E+16,5.29955E+16
192633,,12,0,72,477,2017,5,7,3,3,1,5,0,1,0,0,0,0,0,8.03907E+20,5.79435E+21,1.34494E+16,5.22156E+16
192634,,12,0,72,477,2017,5,11,3,3,6,6,1,1,1,0,0,0,0,8.02741E+20,5.79691E+21,1.34347E+16,5.22392E+16
192635,,12,0,72,120,2017,5,11,3,3,0,7,0,0,0,0,1,0,0,7.92495E+20,5.81087E+21,1.32972E+16,5.23698E+16
192636,,12,0,54,0,2017,5,14,3,3,4,6,1,0,0,0,1,0,0,7.78506E+20,5.81248E+21,1.30936E+16,5.23916E+16
192637,,12,0,54,0,2017,5,7,3,3,1,5,0,1,0,1,0,0,0,7.78442E+20,5.81277E+21,1.30929E+16,5.23942E+16
192638,,12,0,54,0,2017,5,16,3,3,2,6,0,1,0,0,0,0,0,7.73299E+20,5.81467E+21,1.3019E+16,5.24139E+16
192639,,12,0,52,0,2017,5,7,3,3,8,1,1,1,0,0,0,0,0,8.67857E+20,5.74384E+21,1.43276E+16,5.17245E+16
192640,,12,0,73,8,2017,5,18,3,2,5,3,1,1,0,0,0,0,0,8.35259E+20,5.88562E+21,1.39991E+16,5.30149E+16
192641,,12,0,73,532,2017,5,16,3,3,2,6,0,1,0,0,0,0,0,8.54925E+20,5.89304E+21,1.42992E+16,5.30686E+16
192642,,12,0,73,532,2017,5,12,3,3,5,3,1,1,0,0,0,0,0,8.53427E+20,5.89159E+21,1.42753E+16,5.30566E+16
192643,,12,0,53,0,2017,5,22,3,2,1,7,0,1,0,0,0,2,1,8.77711E+20,5.81221E+21,1.4545E+16,5.23299E+16
192644,,12,0,53,0,2017,5,7,3,3,5,3,0,0,0,0,1,0,1,8.75447E+20,5.81176E+21,1.45114E+16,5.23273E+16
192645,,12,0,65,332,2017,5,15,3,3,5,3,1,1,0,0,0,0,0,7.82564E+20,5.84611E+21,1.31816E+16,5.26911E+16
192646,,12,0,65,136,2017,5,12,3,3,1,5,0,1,0,0,0,0,0,7.84333E+20,5.84048E+21,1.32029E+16,5.26396E+16
192647,,12,0,70,424,2017,5,10,3,3,5,3,1,1,0,0,0,0,1,6.83963E+20,5.87574E+21,1.17415E+16,5.29996E+16
192648,,12,0,72,17,2017,5,14,2,3,0,7,1,0,0,0,0,0,0,8.02049E+20,5.80826E+21,1.34347E+16,5.23413E+16
192649,,12,0,63,208,2017,5,14,2,3,8,6,1,0,0,0,0,0,0,7.61032E+20,5.83485E+21,1.28549E+16,5.26009E+16
192650,,12,0,69,616,2017,5,17,2,3,2,6,0,1,0,0,0,0,0,7.89381E+20,5.81452E+21,1.32547E+16,5.24042E+16
192651,,12,0,54,0,2017,5,19,2,3,5,3,1,1,0,0,0,0,0,7.76609E+20,5.81375E+21,1.30668E+16,5.24039E+16
192652,,12,0,54,0,2017,5,13,2,3,3,6,1,1,0,0,0,0,0,7.728E+20,5.81374E+21,1.30109E+16,5.24057E+16
192653,,12,0,54,0,2017,5,10,2,3,5,3,1,1,0,0,0,0,0,7.69666E+20,5.81408E+21,1.29653E+16,5.24104E+16
192654,,12,0,51,0,2017,5,20,2,3,1,5,0,1,0,0,0,0,0,7.39941E+20,5.81464E+21,1.25295E+16,5.24292E+16
192655,,12,0,62,140,2017,5,15,2,3,5,3,0,1,0,0,0,0,0,8.25626E+20,5.73077E+21,1.37061E+16,5.16335E+16
192656,,12,0,71,372,2017,5,9,2,3,5,3,1,1,0,0,0,0,0,8.72505E+20,5.72676E+21,1.43764E+16,5.15686E+16
192657,,12,0,54,0,2017,7,17,6,3,2,6,1,0,0,0,0,0,0,7.78808E+20,5.81712E+21,1.31019E+16,5.2433E+16
192658,,12,0,73,532,2017,7,19,6,2,5,3,1,1,0,0,0,0,0,8.52328E+20,5.88967E+21,1.42569E+16,5.30401E+16
192659,,12,0,60,52,2017,7,12,6,3,5,3,1,1,0,0,0,0,0,8.24877E+20,5.86461E+21,1.38239E+16,5.28331E+16
192660,,12,0,60,52,2017,7,14,6,3,2,6,0,1,0,0,0,0,0,8.2417E+20,5.86463E+21,1.38135E+16,5.28337E+16
192661,,12,0,64,472,2017,7,10,6,3,5,3,1,1,0,0,0,0,0,8.31504E+20,5.83755E+21,1.38946E+16,5.25866E+16
192662,,12,0,65,144,2017,7,17,6,2,1,5,0,1,0,0,0,0,0,7.90167E+20,5.84465E+21,1.32925E+16,5.2674E+16
192663,,12,0,65,256,2017,7,13,6,3,3,2,0,1,0,1,0,0,0,7.85664E+20,5.85603E+21,1.3236E+16,5.27783E+16
192664,,12,0,65,256,2017,7,15,6,2,5,3,1,1,0,0,0,0,0,7.87193E+20,5.85305E+21,1.3256E+16,5.27508E+16
192665,,12,0,68,468,2017,7,17,6,3,5,3,0,1,0,1,0,0,0,7.28276E+20,5.9046E+21,1.24212E+16,5.32415E+16
192666,,12,0,72,232,2017,7,8,5,3,5,5,0,1,0,0,1,0,0,7.85852E+20,5.77897E+21,1.31729E+16,5.20874E+16
192667,,12,0,63,80,2017,7,14,5,3,0,6,1,0,0,0,0,0,0,7.77263E+20,5.8326E+21,1.30921E+16,5.25726E+16
192668,,12,0,54,0,2017,7,7,5,3,5,3,1,0,0,0,1,0,1,7.80505E+20,5.81271E+21,1.31231E+16,5.23927E+16
192669,,12,0,66,112,2017,7,16,5,3,0,3,1,0,0,0,1,0,0,8.46186E+20,5.7273E+21,1.39987E+16,5.15902E+16
192670,,12,0,52,0,2017,7,14,5,3,3,6,1,0,0,0,0,0,0,8.68022E+20,5.74708E+21,1.43334E+16,5.17534E+16
192671,,12,0,64,227,2017,7,7,5,3,5,3,1,1,0,0,0,0,0,8.13894E+20,5.83071E+21,1.36291E+16,5.25358E+16
192672,,12,0,68,320,2017,7,15,5,3,5,2,1,1,0,0,0,0,0,7.55457E+20,5.87027E+21,1.28004E+16,5.29212E+16
192673,,12,0,63,208,2017,7,7,4,3,6,4,0,1,1,0,0,0,0,7.62313E+20,5.83541E+21,1.28742E+16,5.26053E+16
192674,,12,0,63,36,2017,7,13,4,3,6,7,1,0,1,0,0,0,0,7.70292E+20,5.83448E+21,1.2991E+16,5.2593E+16
192675,,12,0,69,616,2017,7,11,4,3,0,1,1,0,0,0,0,0,0,7.90339E+20,5.81445E+21,1.32687E+16,5.24031E+16
192676,,12,0,54,0,2017,7,11,4,3,1,2,0,1,0,0,0,0,0,7.81887E+20,5.81043E+21,1.31414E+16,5.23715E+16
192677,,12,0,54,0,2017,7,10,4,3,3,2,1,1,0,0,0,0,0,7.80989E+20,5.81082E+21,1.31286E+16,5.23754E+16
192678,,12,0,54,0,2017,7,17,4,3,2,2,0,1,0,0,0,0,0,7.80192E+20,5.8111E+21,1.31171E+16,5.23784E+16
192679,,12,0,54,0,2017,7,12,4,3,9,6,0,0,0,1,0,0,0,7.7247E+20,5.81368E+21,1.30061E+16,5.24054E+16
192680,,12,0,51,0,2017,7,14,4,3,3,6,1,0,0,0,0,0,0,7.41316E+20,5.81372E+21,1.25491E+16,5.24204E+16
192681,,12,0,51,0,2017,7,15,4,3,5,7,1,0,0,0,0,0,0,7.3965E+20,5.81447E+21,1.25251E+16,5.24278E+16
192682,,12,0,61,260,2017,7,11,4,3,8,1,1,0,0,0,0,0,0,8.20549E+20,5.80508E+21,1.37023E+16,5.23023E+16
192683,,12,0,71,372,2017,7,9,4,3,0,6,1,1,0,0,0,0,0,8.73268E+20,5.72667E+21,1.43872E+16,5.15672E+16
192684,,12,0,52,0,2017,7,15,4,3,5,3,1,1,0,0,0,0,0,8.68518E+20,5.74631E+21,1.43397E+16,5.17462E+16
192685,,12,0,64,227,2017,7,5,4,3,4,6,0,1,0,1,0,0,0,8.173E+20,5.8264E+21,1.3675E+16,5.24952E+16
192686,,12,0,65,256,2017,7,21,4,3,5,3,1,1,0,0,0,1,0,7.85906E+20,5.85303E+21,1.3237E+16,5.27513E+16
192687,,12,0,70,424,2017,7,13,4,3,5,2,0,1,0,1,0,0,0,6.84015E+20,5.87539E+21,1.1742E+16,5.29964E+16
192688,,12,0,68,320,2017,7,13,4,3,5,2,1,0,0,0,0,0,0,7.55262E+20,5.87036E+21,1.27975E+16,5.29221E+16
192689,,12,0,72,240,2017,7,6,3,3,8,3,0,1,0,0,0,0,0,7.90741E+20,5.80317E+21,1.32648E+16,5.23018E+16
192690,,12,0,63,252,2017,7,11,3,3,5,3,1,1,0,0,0,0,0,7.26616E+20,5.83353E+21,1.23468E+16,5.26044E+16
192691,,12,0,54,0,2017,7,18,3,3,0,1,0,0,0,1,0,0,0,7.8097E+20,5.81058E+21,1.31281E+16,5.23733E+16
192692,,12,0,54,0,2017,7,20,3,3,3,6,1,1,0,0,0,0,0,7.78406E+20,5.80986E+21,1.30899E+16,5.23681E+16
192693,,12,0,61,433,2017,7,17,3,3,0,7,1,1,0,0,0,0,0,8.07168E+20,5.81415E+21,1.3515E+16,5.23912E+16
192694,,12,0,61,572,2017,7,14,3,3,2,2,0,1,0,0,0,0,0,8.1493E+20,5.81085E+21,1.36256E+16,5.23573E+16
192695,,12,0,60,198,2017,7,19,3,2,0,1,0,0,0,1,0,0,0,8.11132E+20,5.87086E+21,1.36265E+16,5.28972E+16
192696,,12,0,67,120,2017,7,11,3,3,5,3,1,0,0,0,0,0,0,8.85585E+20,5.79213E+21,1.46371E+16,5.21447E+16
192697,,12,0,67,144,2017,7,15,3,3,5,2,0,1,0,1,0,0,0,8.45393E+20,5.81095E+21,1.40713E+16,5.23398E+16
192698,,12,0,65,256,2017,7,21,3,3,5,3,1,1,0,0,0,0,0,7.85997E+20,5.85311E+21,1.32384E+16,5.2752E+16
192699,,12,0,70,424,2017,7,16,3,3,5,2,1,1,0,0,0,0,0,6.83897E+20,5.87665E+21,1.1741E+16,5.30078E+16
192700,,12,0,63,252,2017,7,15,2,2,5,3,1,1,0,0,0,0,0,7.26867E+20,5.83348E+21,1.23504E+16,5.26039E+16
192701,,12,0,69,304,2017,7,14,2,3,5,3,0,1,0,0,0,0,0,7.86047E+20,5.81435E+21,1.32057E+16,5.24044E+16
192702,,12,0,54,0,2017,7,15,2,3,3,6,1,0,0,0,1,0,0,7.76445E+20,5.81402E+21,1.30646E+16,5.24064E+16
192703,,12,0,62,124,2017,7,17,2,3,1,7,0,1,0,1,0,0,0,8.14033E+20,5.71076E+21,1.35213E+16,5.14607E+16
192704,,12,0,64,380,2017,7,15,2,3,5,3,1,1,0,0,0,0,0,8.23715E+20,5.83023E+21,1.37729E+16,5.25258E+16
192705,,12,0,64,29,2017,7,17,2,2,5,3,0,1,0,0,1,0,0,8.23839E+20,5.83289E+21,1.37773E+16,5.25495E+16
192706,,12,0,70,424,2017,7,11,2,3,5,3,0,1,0,0,0,0,0,6.83399E+20,5.87508E+21,1.17327E+16,5.29938E+16
192707,,12,0,72,120,2017,7,15,1,2,4,1,0,0,0,1,1,0,0,7.9121E+20,5.80778E+21,1.32757E+16,5.23429E+16
192708,,12,0,54,0,2017,7,2,1,3,6,4,1,0,1,0,0,2,0,7.76743E+20,5.81344E+21,1.30685E+16,5.24011E+16
192709,,12,0,71,160,2017,7,20,1,3,6,4,0,1,1,0,0,0,0,8.92886E+20,5.77136E+21,1.47194E+16,5.19538E+16
192710,,12,0,72,17,2017,7,18,7,3,5,3,1,0,0,0,1,0,1,8.00979E+20,5.80932E+21,1.342E+16,5.23514E+16
192711,,12,0,72,240,2017,7,12,7,3,5,3,0,1,0,0,1,0,0,7.90601E+20,5.80472E+21,1.32641E+16,5.23157E+16
192712,,12,0,72,232,2017,7,21,7,3,5,3,0,1,0,0,0,0,0,7.85261E+20,5.77906E+21,1.31644E+16,5.20885E+16
192713,,12,0,54,0,2017,7,10,7,3,1,7,0,1,1,0,0,0,0,7.76588E+20,5.81306E+21,1.30659E+16,5.23977E+16
192714,,12,0,66,304,2017,7,8,7,3,4,7,0,1,0,0,0,0,0,8.46602E+20,5.71942E+21,1.39969E+16,5.15193E+16
192715,,12,0,73,452,2017,7,15,7,3,0,7,1,1,0,0,1,0,0,8.24131E+20,5.91897E+21,1.38676E+16,5.33204E+16
192716,,12,0,60,192,2017,7,11,7,3,0,1,1,0,0,0,0,0,0,8.14537E+20,5.85319E+21,1.366E+16,5.27368E+16
192717,,12,0,64,380,2017,7,13,7,3,2,7,1,1,0,0,0,0,0,8.23643E+20,5.83047E+21,1.37721E+16,5.2528E+16
192718,,12,0,64,472,2017,7,22,7,2,9,6,0,1,0,0,0,2,0,8.29831E+20,5.83414E+21,1.38666E+16,5.25571E+16
192719,,12,0,68,353,2017,7,23,7,3,0,7,1,0,0,0,0,2,0,7.60657E+20,5.8918E+21,1.28949E+16,5.31119E+16
192720,,12,0,69,616,2017,7,12,6,3,5,3,1,1,0,0,0,0,0,7.8835E+20,5.81345E+21,1.32387E+16,5.23952E+16
192721,,12,0,69,656,2017,7,18,6,3,5,3,1,1,0,0,0,0,0,7.67217E+20,5.8099E+21,1.2926E+16,5.23741E+16
192722,,12,0,69,20,2017,7,13,6,2,5,3,1,1,0,0,0,0,0,7.46075E+20,5.7829E+21,1.25964E+16,5.21417E+16
192723,,12,0,51,0,2017,7,13,6,3,2,5,1,1,0,0,0,0,0,7.39978E+20,5.81509E+21,1.25304E+16,5.24332E+16
192724,,12,0,65,356,2017,7,9,6,2,5,2,0,1,0,1,0,0,0,7.92008E+20,5.87908E+21,1.33505E+16,5.29816E+16
192725,,12,0,70,424,2017,7,6,6,3,5,7,1,1,0,0,0,0,0,6.83702E+20,5.87612E+21,1.17378E+16,5.30031E+16
192726,,12,0,68,468,2017,7,13,6,3,1,7,1,1,0,0,0,0,0,7.33023E+20,5.89572E+21,1.24857E+16,5.31598E+16
192727,,12,0,68,468,2017,7,16,6,3,5,3,1,0,0,0,0,0,0,7.33221E+20,5.89616E+21,1.2489E+16,5.31636E+16
192728,,12,0,63,36,2017,7,7,5,3,4,6,0,1,0,0,1,0,0,7.6939E+20,5.83389E+21,1.29772E+16,5.25882E+16
192729,,12,0,61,320,2017,7,16,5,3,5,3,1,1,0,0,0,0,0,8.24128E+20,5.75554E+21,1.37076E+16,5.18563E+16
192730,,12,0,60,20,2017,7,8,5,3,3,6,1,0,0,0,0,0,0,8.09863E+20,5.84659E+21,1.35847E+16,5.26805E+16
192731,,12,0,70,424,2017,7,17,5,2,6,7,1,0,1,0,0,0,0,6.8466E+20,5.87513E+21,1.17515E+16,5.29938E+16
192732,,12,0,70,424,2017,7,16,5,3,4,6,0,1,0,0,0,0,0,6.83716E+20,5.8751E+21,1.17374E+16,5.2994E+16
192733,,12,0,54,0,2017,7,15,4,3,5,2,1,0,0,0,1,0,1,7.78531E+20,5.8118E+21,1.30934E+16,5.23855E+16
192734,,12,0,61,433,2017,7,8,4,3,3,5,0,1,0,0,0,0,0,8.06015E+20,5.81388E+21,1.34979E+16,5.23894E+16
192735,,12,0,66,296,2017,7,17,4,3,5,3,1,1,0,0,0,0,0,8.37159E+20,5.71409E+21,1.38562E+16,5.14773E+16
192736,,12,0,52,0,2017,7,18,4,3,5,3,1,1,0,0,0,0,1,8.683E+20,5.74733E+21,1.43376E+16,5.17555E+16
192737,,12,0,73,532,2017,7,9,4,3,4,6,1,1,0,0,0,0,0,8.53479E+20,5.89157E+21,1.42761E+16,5.30564E+16
192738,,12,0,60,269,2017,7,12,4,3,3,6,1,1,0,0,0,0,0,8.02312E+20,5.8588E+21,1.34846E+16,5.27941E+16
192739,,12,0,53,0,2017,7,10,4,3,6,2,0,1,1,0,0,0,0,8.78191E+20,5.81358E+21,1.45535E+16,5.23417E+16
192740,,12,0,67,36,2017,7,9,4,3,6,4,0,1,1,0,0,0,0,8.5853E+20,5.79284E+21,1.42441E+16,5.21693E+16
192741,,12,0,54,0,2017,7,18,3,3,2,6,0,1,0,0,0,0,0,7.76578E+20,5.81226E+21,1.30651E+16,5.23906E+16
192742,,12,0,54,0,2017,7,15,3,2,0,1,0,0,0,1,0,0,1,7.76014E+20,5.81402E+21,1.30583E+16,5.24067E+16
192743,,12,0,61,433,2017,7,15,3,3,5,3,1,1,0,0,0,0,0,8.02722E+20,5.81459E+21,1.34503E+16,5.23976E+16
192744,,12,0,66,52,2017,7,12,3,2,5,3,0,1,0,1,0,0,0,8.4059E+20,5.74435E+21,1.39348E+16,5.17462E+16
192745,,12,0,60,20,2017,7,8,3,3,5,3,1,1,0,0,0,0,0,8.10301E+20,5.84664E+21,1.35912E+16,5.26806E+16
192746,,12,0,64,336,2017,7,7,3,3,5,3,1,1,0,0,0,0,0,8.17811E+20,5.82944E+21,1.36855E+16,5.25222E+16
192747,,12,0,67,36,2017,7,15,3,3,0,3,1,1,0,0,0,0,0,8.58773E+20,5.79341E+21,1.42483E+16,5.21742E+16
192748,,12,0,70,424,2017,7,17,3,2,2,6,0,1,0,0,0,0,0,6.84891E+20,5.87591E+21,1.17554E+16,5.30008E+16
192749,,12,0,68,320,2017,7,7,3,3,5,3,0,1,0,0,0,0,0,7.55478E+20,5.87029E+21,1.28007E+16,5.29214E+16
192750,,12,0,72,169,2017,7,17,2,3,5,3,0,1,0,0,0,0,1,7.80071E+20,5.76864E+21,1.30803E+16,5.19976E+16
192751,,12,0,69,616,2017,7,6,2,3,2,6,0,1,0,0,1,0,0,7.89342E+20,5.81449E+21,1.32541E+16,5.2404E+16
192752,,12,0,54,0,2017,7,17,2,3,5,3,1,1,0,0,0,0,1,7.80399E+20,5.81154E+21,1.31205E+16,5.23822E+16
192753,,12,0,54,0,2017,7,17,2,3,5,2,1,1,0,0,0,0,0,7.7647E+20,5.81359E+21,1.30646E+16,5.24026E+16
192754,,12,0,54,0,2017,7,12,2,1,0,1,1,0,0,0,0,0,1,7.75567E+20,5.81313E+21,1.3051E+16,5.23989E+16
192755,,12,0,54,0,2017,7,15,2,3,6,4,0,1,1,0,0,0,1,7.77682E+20,5.81685E+21,1.30851E+16,5.24312E+16
192756,,12,0,69,688,2017,7,17,2,2,4,6,0,1,0,0,0,0,1,7.30292E+20,5.80795E+21,1.23833E+16,5.23733E+16
192757,,12,0,51,0,2017,7,13,2,2,5,3,1,0,0,0,0,0,0,7.4259E+20,5.81265E+21,1.2567E+16,5.24102E+16
192758,,12,0,51,0,2017,7,18,2,3,3,6,1,0,0,0,0,0,1,7.40653E+20,5.81438E+21,1.25398E+16,5.24266E+16
192759,,12,0,66,196,2017,7,9,2,3,5,7,1,1,0,0,0,0,1,8.40377E+20,5.75706E+21,1.39442E+16,5.18602E+16
192760,,12,0,66,304,2017,7,10,2,2,0,5,1,1,0,0,0,0,1,8.46967E+20,5.71895E+21,1.40017E+16,5.15148E+16
192761,,12,0,62,140,2017,7,8,2,2,0,7,1,0,0,0,0,0,0,8.26206E+20,5.72991E+21,1.37137E+16,5.16254E+16
192762,,12,0,52,0,2017,7,11,2,3,1,6,0,1,0,0,0,0,0,8.68351E+20,5.74526E+21,1.43362E+16,5.17369E+16
192763,,12,0,52,0,2017,7,16,2,2,6,6,1,0,1,0,0,0,0,8.66388E+20,5.7477E+21,1.43104E+16,5.176E+16
192764,,12,0,73,532,2017,7,8,2,2,5,3,1,1,0,0,0,0,0,8.53814E+20,5.89152E+21,1.4281E+16,5.30558E+16
192765,,12,0,60,20,2017,7,10,2,3,1,1,1,1,0,0,0,0,0,8.09621E+20,5.84647E+21,1.35811E+16,5.26795E+16
192766,,12,0,72,312,2017,7,19,1,2,8,1,0,0,0,1,0,0,0,7.8176E+20,5.78925E+21,1.31218E+16,5.21816E+16
192767,,12,0,63,80,2017,7,19,1,3,8,1,0,0,0,1,0,0,0,7.7702E+20,5.83096E+21,1.30871E+16,5.2558E+16
192768,,12,0,54,0,2017,7,18,1,3,8,6,1,1,0,0,0,0,0,7.73069E+20,5.81158E+21,1.30131E+16,5.23863E+16
192769,,12,0,62,24,2017,7,1,1,1,9,1,1,0,0,0,0,2,0,8.05728E+20,5.71844E+21,1.34088E+16,5.15341E+16
192770,,12,0,71,372,2017,7,18,1,2,0,7,1,0,0,0,0,0,0,8.71699E+20,5.7268E+21,1.43648E+16,5.15694E+16
192771,,12,0,52,0,2017,7,12,1,2,6,4,0,0,1,0,1,0,0,8.67731E+20,5.74653E+21,1.43286E+16,5.17487E+16
192772,,12,0,67,24,2017,7,9,7,3,4,6,1,1,0,0,0,0,0,8.45181E+20,5.80558E+21,1.40627E+16,5.22919E+16
192773,,12,0,65,256,2017,7,9,7,3,5,3,1,0,0,0,0,0,0,7.85692E+20,5.85392E+21,1.32346E+16,5.27594E+16
192774,,12,0,63,244,2017,7,7,6,3,7,7,1,0,0,0,0,0,1,7.25945E+20,5.82566E+21,1.23315E+16,5.25341E+16
192775,,12,0,63,36,2017,7,17,6,3,8,7,0,1,0,0,0,0,0,7.67767E+20,5.83257E+21,1.29523E+16,5.25771E+16
192776,,12,0,69,616,2017,7,14,6,3,5,2,1,1,0,0,0,0,0,7.90105E+20,5.8142E+21,1.3265E+16,5.2401E+16
192777,,12,0,69,616,2017,7,15,6,2,5,3,1,1,0,0,0,0,0,7.88837E+20,5.81381E+21,1.32461E+16,5.23981E+16
192778,,12,0,51,0,2017,7,18,6,2,8,1,0,0,0,1,0,0,0,7.38192E+20,5.81433E+21,1.25036E+16,5.24272E+16
192779,,12,0,61,450,2017,7,20,6,2,1,1,0,1,0,0,1,0,1,8.54719E+20,5.77601E+21,1.41712E+16,5.2021E+16
192780,,12,0,61,112,2017,7,13,6,3,5,2,1,1,0,0,0,0,0,8.14602E+20,5.81243E+21,1.36223E+16,5.23716E+16
192781,,12,0,61,112,2017,7,13,6,3,5,3,0,1,0,0,0,0,0,8.14597E+20,5.81243E+21,1.36222E+16,5.23716E+16
192782,,12,0,71,392,2017,7,10,6,2,9,1,0,1,0,0,0,0,0,8.89014E+20,5.72984E+21,1.46169E+16,5.15849E+16
192783,,12,0,73,532,2017,7,17,6,2,5,3,1,1,0,0,0,0,0,8.53341E+20,5.89087E+21,1.42733E+16,5.30502E+16
192784,,12,0,64,227,2017,7,14,6,3,6,7,0,1,1,0,0,0,0,8.15287E+20,5.82739E+21,1.36464E+16,5.25052E+16
192785,,12,0,65,256,2017,7,5,6,3,5,2,1,1,0,0,0,0,0,7.8645E+20,5.85344E+21,1.32454E+16,5.27547E+16
192786,,12,0,70,424,2017,7,16,6,3,2,6,0,1,0,0,0,0,0,6.8481E+20,5.87576E+21,1.17541E+16,5.29995E+16
192787,,12,0,72,477,2017,7,16,5,2,9,7,0,1,0,0,0,0,0,8.07403E+20,5.78632E+21,1.34931E+16,5.21417E+16
192788,,12,0,69,304,2017,7,19,5,3,6,4,0,1,1,0,0,0,0,7.86452E+20,5.81437E+21,1.32116E+16,5.24044E+16
192789,,12,0,69,304,2017,7,18,5,3,5,3,1,1,0,0,0,0,0,7.87034E+20,5.81443E+21,1.32202E+16,5.24047E+16
192790,,12,0,54,0,2017,7,8,5,3,1,7,0,1,0,0,0,0,0,7.77332E+20,5.81217E+21,1.30761E+16,5.23894E+16
192791,,12,0,54,0,2017,7,8,5,3,0,7,0,0,0,1,1,0,1,7.78669E+20,5.81177E+21,1.30953E+16,5.23851E+16