OBJECTID,UIDENTSTLA,ULAND,UREGBEZ,UKREIS,UGEMEINDE,UJAHR,UMONAT,USTUNDE,UWOCHENTAG,UKATEGORIE,UART,UTYP1,IstRad,IstPKW,IstFuss,IstKrad,IstSonstig,LICHT,STRZUSTAND,LINREFX,LINREFY,XGCSWGS84,YGCSWGS84
192981,,12,0,73,384,2017,8,18,4,3,6,7,0,1,1,0,0,0,0,7.87993E+20,5.90428E+21,1.33134E+16,5.32097E+16
192982,,12,0,67,144,2017,8,13,4,3,0,7,0,0,0,1,0,0,0,8.45407E+20,5.81475E+21,1.40754E+16,5.23739E+16
192983,,12,0,54,0,2017,8,9,3,3,3,6,1,1,0,0,0,0,0,7.80977E+20,5.81048E+21,1.31281E+16,5.23724E+16
192984,,12,0,54,0,2017,8,8,3,2,3,2,1,0,0,1,0,0,0,7.7914E+20,5.81204E+21,1.31025E+16,5.23873E+16
192985,,12,0,69,632,2017,8,16,3,3,5,7,1,1,0,0,0,0,0,7.65205E+20,5.77862E+21,1.2872E+16,5.20945E+16
192986,,12,0,66,304,2017,8,12,3,2,3,6,1,0,0,0,0,0,0,8.46689E+20,5.71991E+21,1.39986E+16,5.15236E+16
192987,,12,0,62,24,2017,8,9,3,3,5,3,1,1,0,0,0,0,0,8.05291E+20,5.71574E+21,1.34002E+16,5.15101E+16
192988,,12,0,62,140,2017,8,11,3,3,5,3,1,1,0,0,0,0,0,8.26245E+20,5.72998E+21,1.37143E+16,5.16261E+16
192989,,12,0,67,36,2017,8,15,3,3,1,5,1,1,0,0,0,0,0,8.58554E+20,5.79465E+21,1.42464E+16,5.21855E+16
192990,,12,0,63,208,2017,8,11,2,3,6,4,0,1,1,0,0,0,0,7.62313E+20,5.83542E+21,1.28742E+16,5.26053E+16
192991,,12,0,54,0,2017,8,17,2,3,1,5,1,1,0,0,0,0,0,7.76011E+20,5.81343E+21,1.30578E+16,5.24014E+16
192992,,12,0,69,632,2017,8,16,2,3,2,6,1,0,0,0,1,0,0,7.64389E+20,5.77833E+21,1.28599E+16,5.20923E+16
192993,,12,0,51,0,2017,8,14,2,3,5,2,1,1,0,0,0,0,0,7.32055E+20,5.80997E+21,1.24105E+16,5.23907E+16
192994,,12,0,66,196,2017,8,14,2,3,6,7,1,1,1,0,0,0,0,8.40233E+20,5.75706E+21,1.39421E+16,5.18603E+16
192995,,12,0,62,140,2017,8,12,2,3,5,3,1,1,0,0,0,0,0,8.25316E+20,5.73123E+21,1.37021E+16,5.16378E+16
192996,,12,0,60,52,2017,8,16,2,2,6,4,1,0,1,0,0,0,0,8.23814E+20,5.86497E+21,1.38085E+16,5.28369E+16
192997,,12,0,60,20,2017,8,8,2,3,8,1,0,0,0,0,1,0,0,8.07656E+20,5.84768E+21,1.35532E+16,5.26915E+16
192998,,12,0,65,256,2017,8,17,2,3,4,2,0,1,0,0,1,0,0,7.8598E+20,5.85232E+21,1.32374E+16,5.27449E+16
192999,,12,0,68,353,2017,8,8,2,2,6,4,0,0,1,0,1,0,0,7.60587E+20,5.89057E+21,1.28929E+16,5.31009E+16
193000,,12,0,72,340,2017,8,17,1,3,1,5,0,1,0,1,0,0,0,8.02249E+20,5.80314E+21,1.3433E+16,5.22953E+16
193001,,12,0,61,216,2017,8,15,1,3,6,7,0,0,1,1,1,0,0,8.18135E+20,5.77869E+21,1.36423E+16,5.20672E+16
193002,,12,0,61,260,2017,8,16,1,3,1,5,1,1,0,0,0,0,0,8.18992E+20,5.80418E+21,1.36787E+16,5.22952E+16
193003,,12,0,60,52,2017,8,13,1,2,4,6,1,0,0,0,0,0,0,8.22417E+20,5.86525E+21,1.37881E+16,5.28403E+16
193004,,12,0,64,317,2017,8,1,1,3,0,7,0,0,1,1,0,2,0,8.47193E+20,5.82775E+21,1.41151E+16,5.24891E+16
193005,,12,0,67,440,2017,8,8,1,3,8,1,0,1,0,0,0,0,0,8.17853E+20,5.82348E+21,1.36804E+16,5.24688E+16
193006,,12,0,65,136,2017,8,14,1,3,1,5,1,1,0,0,0,0,0,7.84287E+20,5.83694E+21,1.31992E+16,5.26079E+16
193007,,12,0,65,100,2017,8,18,1,3,5,3,1,1,0,0,0,0,1,7.78239E+20,5.88013E+21,1.31468E+16,5.29983E+16
193008,,12,0,68,320,2017,8,16,1,3,0,6,1,1,0,0,0,0,0,7.59416E+20,5.87073E+21,1.28595E+16,5.29235E+16
193009,,12,0,72,340,2017,8,9,7,3,5,7,0,1,0,0,0,0,0,8.03924E+20,5.80334E+21,1.34577E+16,5.22961E+16
193010,,12,0,72,426,2017,8,17,7,3,0,7,1,0,0,0,0,0,0,7.87721E+20,5.79318E+21,1.32121E+16,5.22138E+16
193011,,12,0,66,272,2017,8,18,7,3,5,3,0,1,0,1,0,0,0,8.38087E+20,5.71233E+21,1.38678E+16,5.14609E+16
193012,,12,0,70,316,2017,8,9,7,2,8,1,0,1,0,0,0,0,0,7.13353E+20,5.8943E+21,1.21911E+16,5.31553E+16
193013,,12,0,63,80,2017,8,23,6,3,5,3,0,1,0,0,0,2,1,7.74215E+20,5.83071E+21,1.30457E+16,5.25572E+16
193014,,12,0,69,454,2017,8,11,6,3,5,2,0,1,0,1,0,0,0,7.79158E+20,5.80669E+21,1.30983E+16,5.23393E+16
193015,,12,0,54,0,2017,8,16,6,3,6,4,0,1,1,0,0,0,0,7.73156E+20,5.81248E+21,1.30151E+16,5.23943E+16
193016,,12,0,66,304,2017,8,12,6,3,5,3,1,1,0,0,0,0,0,8.46895E+20,5.71945E+21,1.40011E+16,5.15194E+16
193017,,12,0,71,372,2017,8,14,6,3,1,7,1,1,0,0,0,0,0,8.72398E+20,5.727E+21,1.43751E+16,5.15707E+16
193018,,12,0,52,0,2017,8,20,6,3,0,1,0,0,0,1,0,2,1,8.68024E+20,5.7468E+21,1.43331E+16,5.17509E+16
193019,,12,0,73,532,2017,8,16,6,2,5,2,1,1,0,0,0,0,0,8.54742E+20,5.89226E+21,1.42956E+16,5.30618E+16
193020,,12,0,64,472,2017,8,19,6,3,6,7,0,0,1,0,1,0,0,8.29872E+20,5.83411E+21,1.38672E+16,5.25569E+16
193021,,12,0,68,320,2017,8,16,6,3,1,6,0,1,0,0,0,0,0,7.5557E+20,5.86944E+21,1.28014E+16,5.29137E+16
193022,,12,0,72,120,2017,8,9,5,3,0,4,0,0,0,0,1,0,0,7.93298E+20,5.81176E+21,1.33097E+16,5.23774E+16
193023,,12,0,63,80,2017,8,9,5,2,5,3,0,1,0,0,0,0,0,7.7599E+20,5.83035E+21,1.30715E+16,5.25531E+16
193024,,12,0,54,0,2017,8,16,5,3,2,6,0,1,0,1,0,0,0,7.81495E+20,5.81146E+21,1.31365E+16,5.23809E+16
193025,,12,0,54,0,2017,8,8,5,2,5,2,1,1,0,0,0,0,0,7.75315E+20,5.81443E+21,1.30484E+16,5.24107E+16
193026,,12,0,53,0,2017,8,15,5,3,9,1,0,0,0,1,0,0,0,8.78967E+20,5.80941E+21,1.45602E+16,5.23039E+16
193027,,12,0,68,280,2017,8,18,5,3,5,3,1,1,0,0,0,0,0,7.67321E+20,5.87574E+21,1.29809E+16,5.29645E+16
193028,,12,0,68,320,2017,8,12,5,2,8,1,0,1,0,0,0,0,0,7.55136E+20,5.87229E+21,1.27972E+16,5.29395E+16
193029,,12,0,72,232,2017,8,19,4,3,5,3,0,1,0,0,0,0,0,7.82338E+20,5.78058E+21,1.31231E+16,5.21036E+16
193030,,12,0,72,232,2017,8,9,4,3,5,3,1,1,0,0,0,0,1,7.85618E+20,5.78031E+21,1.31706E+16,5.20995E+16
193031,,12,0,63,80,2017,8,18,4,3,2,2,0,1,0,0,0,0,0,7.74486E+20,5.83196E+21,1.30507E+16,5.25683E+16
193032,,12,0,54,0,2017,8,22,4,3,5,3,1,1,0,0,0,2,0,7.78332E+20,5.81245E+21,1.3091E+16,5.23914E+16
193033,,12,0,54,0,2017,8,1,4,3,0,1,1,0,0,0,0,2,0,7.75715E+20,5.81307E+21,1.30531E+16,5.23983E+16
193034,,12,0,54,0,2017,8,9,4,3,1,5,1,1,0,0,0,0,1,7.74543E+20,5.8125E+21,1.30355E+16,5.23938E+16
193035,,12,0,54,0,2017,8,13,4,3,1,7,0,1,0,0,0,0,0,7.69663E+20,5.81377E+21,1.2965E+16,5.24076E+16
193036,,12,0,62,24,2017,8,10,4,3,0,7,1,1,0,0,0,0,1,8.05283E+20,5.71719E+21,1.34013E+16,5.15231E+16
193037,,12,0,52,0,2017,8,6,4,2,5,3,0,1,0,0,0,0,0,8.70585E+20,5.74904E+21,1.43724E+16,5.17692E+16
193038,,12,0,65,256,2017,8,11,4,3,5,3,0,1,0,1,0,0,1,7.85202E+20,5.85215E+21,1.32258E+16,5.27438E+16
193039,,12,0,72,17,2017,8,14,3,3,5,3,1,0,0,0,1,0,0,7.99222E+20,5.8079E+21,1.3393E+16,5.23396E+16
193040,,12,0,62,140,2017,8,10,3,3,3,6,1,1,0,0,0,0,0,8.26E+20,5.73042E+21,1.37112E+16,5.16302E+16
193041,,12,0,52,0,2017,8,13,3,3,0,7,1,0,0,0,0,0,0,8.67992E+20,5.74868E+21,1.43346E+16,5.17677E+16
193042,,12,0,68,468,2017,8,15,3,3,5,2,1,1,0,0,0,0,0,7.32815E+20,5.89568E+21,1.24826E+16,5.31595E+16
193043,,12,0,72,169,2017,8,9,2,3,5,3,1,1,0,0,0,0,0,7.79957E+20,5.76811E+21,1.30782E+16,5.1993E+16
193044,,12,0,72,232,2017,8,9,2,2,6,4,0,1,1,0,0,0,0,7.85894E+20,5.77948E+21,1.31739E+16,5.20919E+16
193045,,12,0,63,252,2017,8,14,2,3,3,6,1,0,0,0,0,0,0,7.26319E+20,5.83242E+21,1.23416E+16,5.25946E+16
193046,,12,0,63,208,2017,8,8,2,3,6,7,0,1,1,0,0,0,0,7.62998E+20,5.83635E+21,1.28851E+16,5.26134E+16
193047,,12,0,69,304,2017,8,13,2,3,2,6,0,1,0,0,1,0,0,7.87666E+20,5.81451E+21,1.32295E+16,5.24051E+16
193048,,12,0,69,656,2017,8,10,2,3,1,5,1,0,0,0,1,0,0,7.67372E+20,5.81169E+21,1.29297E+16,5.23901E+16
193049,,12,0,54,0,2017,8,11,2,3,1,1,0,1,0,0,0,0,0,7.79349E+20,5.81198E+21,1.31055E+16,5.23866E+16
193050,,12,0,54,0,2017,8,6,2,3,5,3,1,1,0,0,0,0,0,7.76692E+20,5.81391E+21,1.30682E+16,5.24053E+16
193051,,12,0,51,0,2017,8,16,2,3,8,6,0,0,0,1,1,0,0,7.3273E+20,5.81245E+21,1.24221E+16,5.24127E+16
193052,,12,0,61,433,2017,8,12,2,3,2,2,1,0,0,0,1,0,0,8.02868E+20,5.81636E+21,1.3454E+16,5.24134E+16
193053,,12,0,66,285,2017,8,19,2,2,8,1,0,0,0,1,0,0,0,8.37053E+20,5.72035E+21,1.38607E+16,5.15334E+16
193054,,12,0,71,76,2017,8,11,2,3,4,6,0,1,0,0,0,0,0,8.88384E+20,5.7462E+21,1.4626E+16,5.17318E+16
193055,,12,0,52,0,2017,8,11,2,3,3,6,0,1,0,0,1,0,0,8.67722E+20,5.74642E+21,1.43283E+16,5.17477E+16
193056,,12,0,60,181,2017,8,17,2,3,6,6,0,0,1,0,1,0,0,8.08385E+20,5.84338E+21,1.356E+16,5.26525E+16
193057,,12,0,67,120,2017,8,10,2,2,0,3,1,0,0,0,0,0,0,8.86954E+20,5.79263E+21,1.46575E+16,5.21482E+16
193058,,12,0,67,473,2017,8,6,2,3,8,1,1,0,0,0,0,0,0,8.50459E+20,5.81869E+21,1.41535E+16,5.24059E+16
193059,,12,0,65,144,2017,8,9,2,3,6,7,0,0,1,0,1,0,0,7.89659E+20,5.84534E+21,1.32856E+16,5.26804E+16
193060,,12,0,70,296,2017,8,16,2,3,5,2,0,1,0,1,0,0,0,6.91409E+20,5.88445E+21,1.18575E+16,5.30752E+16
193061,,12,0,70,296,2017,8,8,2,3,5,3,1,1,0,0,0,0,0,6.92205E+20,5.88402E+21,1.1869E+16,5.3071E+16
193062,,12,0,72,312,2017,8,20,1,1,8,1,0,0,0,1,0,0,0,7.82309E+20,5.79016E+21,1.31306E+16,5.21895E+16
193063,,12,0,69,656,2017,8,18,1,3,1,5,1,1,0,0,0,0,0,7.63174E+20,5.80579E+21,1.28635E+16,5.23391E+16
193064,,12,0,54,0,2017,8,17,1,3,5,2,1,1,0,0,0,0,0,7.7893E+20,5.81448E+21,1.31014E+16,5.24093E+16
193065,,12,0,60,5,2017,8,11,1,3,2,6,1,1,0,0,0,0,0,8.13334E+20,5.83438E+21,1.36243E+16,5.2569E+16
193066,,12,0,65,144,2017,8,16,1,2,0,7,1,0,0,0,0,0,0,7.88403E+20,5.84913E+21,1.32704E+16,5.27151E+16
193067,,12,0,63,80,2017,8,9,7,3,5,3,0,1,0,0,0,0,1,7.77358E+20,5.8313E+21,1.30924E+16,5.25609E+16
193068,,12,0,66,196,2017,8,21,7,3,5,3,1,0,0,1,0,2,0,8.42679E+20,5.7581E+21,1.39785E+16,5.18682E+16
193069,,12,0,61,260,2017,8,10,7,3,2,5,0,1,0,0,0,0,0,8.1511E+20,5.80453E+21,1.36223E+16,5.23005E+16
193070,,12,0,60,20,2017,8,19,7,2,0,1,1,0,0,0,0,0,0,8.10252E+20,5.84628E+21,1.35902E+16,5.26774E+16
193071,,12,0,63,252,2017,8,12,6,2,0,1,1,0,0,0,0,0,1,7.26211E+20,5.83366E+21,1.23409E+16,5.26058E+16
193072,,12,0,54,0,2017,8,9,6,3,0,1,1,0,0,0,0,0,1,7.76013E+20,5.81333E+21,1.30577E+16,5.24005E+16
193073,,12,0,61,20,2017,8,8,6,3,4,6,0,1,0,0,0,0,0,8.16559E+20,5.79698E+21,1.36364E+16,5.2232E+16
193074,,12,0,62,140,2017,8,16,6,3,1,5,1,1,0,0,0,0,1,8.2704E+20,5.72763E+21,1.37236E+16,5.16046E+16
193075,,12,0,52,0,2017,8,16,6,2,5,3,1,1,0,0,0,0,1,8.66885E+20,5.74755E+21,1.43174E+16,5.17583E+16
193076,,12,0,60,5,2017,8,12,6,2,9,1,0,0,0,0,1,0,0,8.0724E+20,5.83783E+21,1.35379E+16,5.26034E+16
193077,,12,0,53,0,2017,8,18,6,2,0,1,1,0,0,0,0,0,1,8.74869E+20,5.81109E+21,1.45022E+16,5.23218E+16
193078,,12,0,67,120,2017,8,8,6,3,5,3,1,1,0,0,0,0,0,8.87722E+20,5.79258E+21,1.46687E+16,5.21472E+16
193079,,12,0,65,136,2017,8,10,6,1,0,7,1,0,1,0,0,0,0,7.84107E+20,5.84016E+21,1.31993E+16,5.26369E+16
193080,,12,0,72,477,2017,8,10,5,2,6,4,0,1,1,0,0,0,0,8.04082E+20,5.79428E+21,1.34519E+16,5.22149E+16
193081,,12,0,72,232,2017,8,19,5,3,5,7,1,1,0,0,0,0,0,7.85791E+20,5.7792E+21,1.31722E+16,5.20894E+16
193082,,12,0,63,148,2017,8,13,5,3,0,6,1,1,0,0,0,0,0,7.61284E+20,5.82469E+21,1.28506E+16,5.25096E+16
193083,,12,0,69,304,2017,8,19,5,3,5,2,1,0,0,1,0,0,0,7.86497E+20,5.81515E+21,1.3213E+16,5.24114E+16
193084,,12,0,61,433,2017,8,14,5,3,0,2,0,0,0,1,0,0,0,8.07619E+20,5.81516E+21,1.35226E+16,5.24001E+16
193085,,12,0,61,260,2017,8,12,5,3,5,3,1,1,0,0,0,0,0,8.1593E+20,5.80202E+21,1.3632E+16,5.22775E+16
193086,,12,0,71,408,2017,8,2,5,2,9,1,0,1,0,0,0,2,1,8.58359E+20,5.72668E+21,1.4173E+16,5.1577E+16
193087,,12,0,73,532,2017,8,18,5,2,5,3,1,0,0,0,0,0,0,8.54143E+20,5.89182E+21,1.42862E+16,5.30582E+16
193088,,12,0,60,24,2017,8,20,5,2,8,1,0,1,0,0,0,0,0,8.12916E+20,5.85684E+21,1.36395E+16,5.27705E+16
193089,,12,0,67,144,2017,8,9,5,2,2,6,0,1,0,0,1,0,0,8.4507E+20,5.81393E+21,1.40697E+16,5.23667E+16
193090,,12,0,65,136,2017,8,5,5,3,0,7,1,1,0,0,0,0,0,7.83969E+20,5.83928E+21,1.31965E+16,5.26291E+16
193091,,12,0,68,320,2017,8,10,5,2,5,2,1,1,0,0,0,0,0,7.55552E+20,5.86957E+21,1.28012E+16,5.29149E+16
193092,,12,0,68,320,2017,8,9,5,3,5,3,1,1,0,0,0,0,0,7.55814E+20,5.87168E+21,1.28068E+16,5.29337E+16
193093,,12,0,72,17,2017,8,7,4,3,1,5,1,1,0,0,0,0,0,8.0061E+20,5.80738E+21,1.34129E+16,5.23342E+16
193094,,12,0,72,240,2017,8,15,4,3,8,5,0,1,0,0,0,0,0,7.89051E+20,5.80344E+21,1.32403E+16,5.23051E+16
193095,,12,0,54,0,2017,8,10,4,3,5,3,1,1,0,0,0,0,0,7.78871E+20,5.80917E+21,1.30962E+16,5.23617E+16
193096,,12,0,54,0,2017,8,19,4,3,0,1,0,0,0,1,1,0,0,7.7588E+20,5.81945E+21,1.30608E+16,5.24554E+16
193097,,12,0,54,0,2017,8,20,4,3,0,1,1,0,0,0,0,1,0,7.7068E+20,5.8216E+21,1.29862E+16,5.24773E+16
193098,,12,0,61,260,2017,8,16,4,3,2,6,0,1,0,1,0,0,0,8.17048E+20,5.80428E+21,1.36504E+16,5.22971E+16
193099,,12,0,52,0,2017,8,10,4,3,5,2,1,1,0,0,0,0,0,8.68479E+20,5.74275E+21,1.43354E+16,5.17144E+16
193100,,12,0,73,452,2017,8,16,4,2,6,4,0,1,1,0,0,0,0,8.23664E+20,5.91833E+21,1.386E+16,5.3315E+16
193101,,12,0,54,0,2017,8,19,3,3,2,6,1,1,0,0,0,0,0,7.77884E+20,5.81661E+21,1.30879E+16,5.2429E+16
193102,,12,0,73,532,2017,8,18,3,2,0,1,0,0,0,1,0,0,0,8.47754E+20,5.90173E+21,1.4202E+16,5.31511E+16
193103,,12,0,67,120,2017,8,13,3,3,0,7,1,0,0,0,0,0,0,8.86061E+20,5.79269E+21,1.46446E+16,5.21494E+16
193104,,12,0,67,24,2017,8,19,3,3,8,1,0,1,0,0,0,0,0,8.44019E+20,5.80219E+21,1.40423E+16,5.22622E+16
193105,,12,0,68,468,2017,8,18,3,3,5,3,0,1,0,0,0,0,0,7.32733E+20,5.89661E+21,1.2482E+16,5.31679E+16
193106,,12,0,73,572,2017,8,16,2,2,4,6,1,0,0,0,1,0,0,8.01742E+20,5.89483E+21,1.35097E+16,5.31173E+16
193107,,12,0,67,144,2017,8,14,2,3,5,3,1,1,0,0,0,0,0,8.4544E+20,5.81324E+21,1.40744E+16,5.23603E+16
193108,,12,0,67,144,2017,8,15,2,3,2,6,0,1,0,0,0,0,0,8.47316E+20,5.81252E+21,1.41011E+16,5.23527E+16
193109,,12,0,65,144,2017,8,9,2,3,5,3,0,1,0,0,0,0,0,7.88983E+20,5.84503E+21,1.32754E+16,5.2678E+16
193110,,12,0,65,100,2017,8,14,2,3,0,3,1,0,0,0,0,0,0,7.81256E+20,5.87785E+21,1.31897E+16,5.29763E+16
193111,,12,0,65,310,2017,8,10,2,3,8,7,0,0,0,0,1,0,0,7.74346E+20,5.89554E+21,1.31021E+16,5.31385E+16
193112,,12,0,68,468,2017,8,16,2,3,2,6,0,1,0,0,0,0,0,7.32846E+20,5.89573E+21,1.24831E+16,5.31599E+16
193113,,12,0,68,320,2017,8,10,2,3,1,5,0,1,0,0,0,0,0,7.5551E+20,5.86987E+21,1.28008E+16,5.29176E+16
193114,,12,0,72,232,2017,8,14,1,3,5,3,1,0,0,0,0,0,0,7.84922E+20,5.77785E+21,1.31584E+16,5.20778E+16
193115,,12,0,63,80,2017,8,20,1,3,5,2,1,1,0,0,0,0,0,7.76738E+20,5.83105E+21,1.30831E+16,5.2559E+16
193116,,12,0,63,36,2017,8,20,1,3,0,7,1,0,0,0,0,1,0,7.70092E+20,5.83336E+21,1.29871E+16,5.25831E+16
193117,,12,0,54,0,2017,8,12,1,3,2,6,0,1,0,0,0,0,0,7.76725E+20,5.8138E+21,1.30685E+16,5.24043E+16
193118,,12,0,52,0,2017,8,0,1,3,6,4,0,0,1,0,1,2,0,8.67573E+20,5.74663E+21,1.43264E+16,5.17497E+16
193119,,12,0,67,36,2017,8,17,1,2,6,4,0,1,1,0,0,0,0,8.58294E+20,5.79392E+21,1.42419E+16,5.21791E+16
193120,,12,0,68,320,2017,8,10,1,3,0,7,1,0,1,0,0,0,0,7.60372E+20,5.86475E+21,1.28689E+16,5.28694E+16
193121,,12,0,63,208,2017,8,1,7,3,9,1,0,1,0,0,0,2,0,7.55301E+20,5.82712E+21,1.27645E+16,5.25342E+16
193122,,12,0,66,304,2017,8,21,7,3,1,5,1,1,0,0,0,2,0,8.48718E+20,5.71255E+21,1.40205E+16,5.14564E+16
193123,,12,0,66,304,2017,8,16,7,3,1,6,0,1,0,0,0,0,0,8.46138E+20,5.71893E+21,1.39897E+16,5.15152E+16
193124,,12,0,65,256,2017,8,16,7,3,5,3,0,1,0,0,0,0,1,7.86517E+20,5.85103E+21,1.32443E+16,5.2733E+16
193125,,12,0,68,320,2017,8,14,7,3,0,1,1,0,0,0,0,0,1,7.55985E+20,5.87008E+21,1.28081E+16,5.29192E+16
193126,,12,0,72,232,2017,8,17,6,3,7,7,1,0,0,0,0,0,0,7.85961E+20,5.7791E+21,1.31746E+16,5.20885E+16
193127,,12,0,72,232,2017,8,9,6,2,5,2,0,1,0,1,0,0,0,7.85868E+20,5.77899E+21,1.31731E+16,5.20875E+16
193128,,12,0,72,232,2017,8,11,6,3,5,3,1,0,0,0,1,0,0,7.85552E+20,5.77964E+21,1.31691E+16,5.20935E+16
193129,,12,0,63,252,2017,8,19,6,3,6,7,1,0,1,0,0,0,0,7.26487E+20,5.83323E+21,1.23446E+16,5.26018E+16
193130,,12,0,63,80,2017,8,15,6,3,5,2,1,1,0,0,0,0,0,7.76574E+20,5.83112E+21,1.30807E+16,5.25597E+16
193131,,12,0,61,433,2017,8,19,6,3,8,1,0,0,0,1,0,0,0,8.08206E+20,5.81156E+21,1.35278E+16,5.23674E+16
193132,,12,0,65,256,2017,8,16,6,3,5,3,1,0,0,1,0,0,0,7.87183E+20,5.85306E+21,1.32559E+16,5.27509E+16
193133,,12,0,68,264,2017,8,13,6,2,5,3,0,1,0,0,0,0,0,7.28131E+20,5.87124E+21,1.23954E+16,5.29422E+16
193134,,12,0,69,17,2017,8,12,5,2,1,7,1,0,0,0,1,0,0,7.71406E+20,5.79504E+21,1.29754E+16,5.22388E+16
193135,,12,0,71,160,2017,8,18,5,3,0,3,1,1,0,0,0,0,0,8.91006E+20,5.77076E+21,1.46915E+16,5.19497E+16
193136,,12,0,52,0,2017,8,19,5,3,6,4,0,1,1,0,0,0,0,8.67662E+20,5.74427E+21,1.43252E+16,5.17285E+16
193137,,12,0,73,645,2017,8,7,5,3,4,6,0,1,0,0,0,0,0,8.36575E+20,5.90425E+21,1.40381E+16,5.31809E+16
193138,,12,0,60,181,2017,8,9,5,3,2,6,0,1,0,0,0,0,0,8.06551E+20,5.84398E+21,1.35335E+16,5.26589E+16
193139,,12,0,53,0,2017,8,10,5,3,5,3,0,1,0,0,0,0,0,8.77691E+20,5.81372E+21,1.45464E+16,5.23433E+16
193140,,12,0,67,144,2017,8,12,5,2,3,6,1,0,0,0,1,0,0,8.45578E+20,5.81522E+21,1.40784E+16,5.23779E+16
193141,,12,0,72,232,2017,8,10,4,2,5,3,1,1,0,0,0,0,0,7.85404E+20,5.77869E+21,1.31661E+16,5.20851E+16
193142,,12,0,63,252,2017,8,16,4,3,5,3,1,1,0,0,0,0,0,7.26259E+20,5.83392E+21,1.23418E+16,5.26081E+16
193143,,12,0,63,80,2017,8,17,4,3,5,3,0,1,0,0,1,0,0,7.76356E+20,5.83066E+21,1.30771E+16,5.25557E+16
193144,,12,0,63,80,2017,8,11,4,3,5,3,1,1,0,0,0,0,0,7.77406E+20,5.83135E+21,1.30931E+16,5.25614E+16
193145,,12,0,54,0,2017,8,10,4,3,5,2,1,1,0,0,0,0,0,7.78296E+20,5.8114E+21,1.30896E+16,5.2382E+16
193146,,12,0,54,0,2017,8,9,4,3,1,7,1,1,0,0,0,0,0,7.80589E+20,5.81081E+21,1.31227E+16,5.23756E+16
193147,,12,0,51,0,2017,8,7,4,3,2,2,0,1,0,0,0,0,0,7.4164E+20,5.81302E+21,1.25533E+16,5.2414E+16
193148,,12,0,65,256,2017,8,13,4,3,5,3,0,1,0,0,0,0,0,7.86517E+20,5.85103E+21,1.32442E+16,5.2733E+16
193149,,12,0,72,232,2017,8,9,3,3,0,1,0,0,0,1,0,0,1,7.8542E+20,5.7797E+21,1.31672E+16,5.20941E+16
193150,,12,0,54,0,2017,8,7,3,3,6,4,0,1,1,0,0,0,0,7.73092E+20,5.82057E+21,1.30208E+16,5.24669E+16
193151,,12,0,61,308,2017,8,12,3,2,6,4,0,1,1,0,0,0,0,8.64319E+20,5.77332E+21,1.43076E+16,5.19908E+16
193152,,12,0,62,128,2017,8,13,3,3,5,3,0,1,0,1,0,0,0,7.93885E+20,5.72466E+21,1.32437E+16,5.15962E+16
193153,,12,0,60,269,2017,8,15,3,2,6,6,1,0,1,0,0,0,0,7.99455E+20,5.8499E+21,1.34343E+16,5.27159E+16
193154,,12,0,64,380,2017,8,18,3,3,5,3,0,1,0,0,0,0,0,8.24598E+20,5.83166E+21,1.37873E+16,5.25381E+16
193155,,12,0,53,0,2017,8,10,3,3,5,2,0,1,0,0,0,0,0,8.75803E+20,5.81435E+21,1.45195E+16,5.23503E+16
193156,,12,0,67,520,2017,8,11,3,3,3,6,1,0,0,0,1,0,0,8.44624E+20,5.79797E+21,1.40468E+16,5.22241E+16
193157,,12,0,67,144,2017,8,18,3,2,3,6,1,1,0,0,0,0,0,8.44458E+20,5.81417E+21,1.4061E+16,5.23692E+16
193158,,12,0,63,293,2017,7,11,2,3,5,3,0,1,0,0,0,0,0,7.34025E+20,5.83678E+21,1.24583E+16,5.26304E+16
193159,,12,0,63,80,2017,7,5,2,3,0,7,1,0,0,0,0,1,0,7.76801E+20,5.83192E+21,1.30847E+16,5.25668E+16
193160,,12,0,69,632,2017,7,16,2,3,5,3,0,1,0,0,0,0,0,7.63628E+20,5.77785E+21,1.28484E+16,5.20883E+16
193161,,12,0,61,192,2017,7,12,2,3,5,3,1,1,0,0,0,0,0,8.18422E+20,5.79031E+21,1.36574E+16,5.21712E+16
193162,,12,0,71,244,2017,7,18,2,3,5,3,0,1,0,1,0,0,0,8.62083E+20,5.74739E+21,1.4248E+16,5.17601E+16
193163,,12,0,52,0,2017,7,19,2,3,0,1,1,0,0,0,0,0,0,8.69898E+20,5.7438E+21,1.43569E+16,5.17228E+16
193164,,12,0,52,0,2017,7,20,2,3,6,4,0,1,1,0,0,1,0,8.6874E+20,5.74817E+21,1.43449E+16,5.17627E+16
193165,,12,0,73,452,2017,7,10,2,3,4,2,0,1,0,1,0,0,1,8.24177E+20,5.9191E+21,1.38684E+16,5.33216E+16
193166,,12,0,60,52,2017,7,19,2,3,8,1,0,1,0,0,0,0,0,8.19683E+20,5.8644E+21,1.37469E+16,5.28342E+16
193167,,12,0,60,20,2017,7,16,2,3,6,4,0,0,1,1,0,0,0,8.10409E+20,5.84722E+21,1.35934E+16,5.26858E+16
193168,,12,0,70,424,2017,7,13,2,3,2,6,0,1,0,1,0,0,0,6.86255E+20,5.87367E+21,1.17744E+16,5.29802E+16