OBJECTID,UIDENTSTLA,ULAND,UREGBEZ,UKREIS,UGEMEINDE,UJAHR,UMONAT,USTUNDE,UWOCHENTAG,UKATEGORIE,UART,UTYP1,IstRad,IstPKW,IstFuss,IstKrad,IstSonstig,LICHT,STRZUSTAND,LINREFX,LINREFY,XGCSWGS84,YGCSWGS84
193358,,12,0,62,24,2017,9,11,2,3,5,3,0,1,0,0,0,0,0,8.04678E+20,5.71785E+21,1.33932E+16,5.15294E+16
193359,,12,0,60,52,2017,9,9,2,3,2,6,0,1,0,0,0,0,0,8.19696E+20,5.86587E+21,1.37485E+16,5.28474E+16
193360,,12,0,67,473,2017,9,18,2,3,5,2,0,1,0,1,0,0,0,8.4083E+20,5.82111E+21,1.40149E+16,5.24337E+16
193361,,12,0,67,144,2017,9,11,2,3,5,2,0,1,0,0,0,0,0,8.45403E+20,5.81476E+21,1.40754E+16,5.23739E+16
193362,,12,0,72,240,2017,9,16,1,3,9,7,0,1,0,0,0,0,0,7.90238E+20,5.80302E+21,1.32573E+16,5.23007E+16
193363,,12,0,72,240,2017,9,17,1,3,2,6,1,0,0,0,0,0,0,7.88034E+20,5.80394E+21,1.32259E+16,5.231E+16
193364,,12,0,63,56,2017,9,2,1,2,1,5,0,0,0,1,1,2,0,7.75335E+20,5.82859E+21,1.30604E+16,5.25377E+16
193365,,12,0,69,616,2017,9,18,1,3,5,3,1,1,0,0,0,0,0,7.90373E+20,5.81444E+21,1.32692E+16,5.2403E+16
193366,,12,0,54,0,2017,9,16,1,3,6,4,1,0,1,0,0,0,0,7.791E+20,5.8126E+21,1.31024E+16,5.23924E+16
193367,,12,0,54,0,2017,9,15,1,3,1,5,1,1,0,0,0,0,0,7.76356E+20,5.8133E+21,1.30627E+16,5.24E+16
193368,,12,0,52,0,2017,9,10,1,3,5,3,1,1,0,0,0,0,0,8.68015E+20,5.74707E+21,1.43332E+16,5.17533E+16
193369,,12,0,73,532,2017,9,12,1,3,0,1,1,0,0,0,0,0,0,8.54772E+20,5.89248E+21,1.42963E+16,5.30637E+16
193370,,12,0,70,424,2017,9,14,1,2,5,2,1,0,0,0,1,0,0,6.84324E+20,5.87584E+21,1.17469E+16,5.30004E+16
193371,,12,0,69,28,2017,9,16,7,2,8,1,0,0,0,1,0,0,0,7.2947E+20,5.81039E+21,1.23729E+16,5.23956E+16
193372,,12,0,61,405,2017,9,18,7,3,4,6,0,1,0,0,0,0,0,8.24501E+20,5.77486E+21,1.37312E+16,5.20292E+16
193373,,12,0,61,260,2017,9,16,7,3,5,3,1,1,0,0,0,0,1,8.15662E+20,5.80322E+21,1.36292E+16,5.22885E+16
193374,,12,0,62,140,2017,9,16,7,3,5,2,1,1,0,0,0,0,1,8.25883E+20,5.7303E+21,1.37094E+16,5.16291E+16
193375,,12,0,73,430,2017,9,15,7,3,8,7,0,0,0,1,0,0,0,8.21515E+20,5.90823E+21,1.38176E+16,5.32258E+16
193376,,12,0,60,5,2017,9,13,7,3,0,1,0,0,0,1,0,0,1,8.06312E+20,5.83771E+21,1.35241E+16,5.26029E+16
193377,,12,0,60,20,2017,9,11,7,3,5,3,0,1,0,0,0,0,1,8.0635E+20,5.84519E+21,1.35316E+16,5.26699E+16
193378,,12,0,68,320,2017,9,18,7,3,5,3,1,1,0,0,0,0,0,7.54986E+20,5.87092E+21,1.27939E+16,5.29272E+16
193379,,12,0,72,17,2017,9,12,6,3,5,3,1,1,0,0,0,0,0,8.00296E+20,5.80674E+21,1.34077E+16,5.23286E+16
193380,,12,0,72,169,2017,9,14,6,3,3,6,1,1,0,0,0,0,0,7.80309E+20,5.76863E+21,1.30837E+16,5.19974E+16
193381,,12,0,63,80,2017,9,10,6,3,0,7,1,0,0,0,0,0,0,7.75336E+20,5.83088E+21,1.30623E+16,5.25582E+16
193382,,12,0,63,80,2017,9,23,6,3,5,3,0,1,0,0,1,2,0,7.77085E+20,5.8304E+21,1.30876E+16,5.2553E+16
193383,,12,0,69,304,2017,9,7,6,3,8,6,1,1,0,0,0,0,0,7.85258E+20,5.81458E+21,1.31943E+16,5.24069E+16
193384,,12,0,54,0,2017,9,12,6,3,0,7,0,1,0,0,1,0,0,7.78215E+20,5.81257E+21,1.30894E+16,5.23926E+16
193385,,12,0,51,0,2017,9,19,6,2,6,2,0,1,1,0,0,2,1,7.39983E+20,5.81487E+21,1.25303E+16,5.24312E+16
193386,,12,0,62,464,2017,9,18,6,3,5,3,0,1,0,0,0,0,0,8.26322E+20,5.70757E+21,1.36947E+16,5.14252E+16
193387,,12,0,62,140,2017,9,9,6,2,5,3,1,1,0,0,0,0,0,8.24476E+20,5.73056E+21,1.36894E+16,5.16323E+16
193388,,12,0,73,572,2017,9,10,6,2,3,6,1,0,0,0,1,0,0,8.02462E+20,5.89383E+21,1.35195E+16,5.3108E+16
193389,,12,0,60,52,2017,9,14,6,3,2,2,0,1,0,1,0,0,0,8.24654E+20,5.86469E+21,1.38207E+16,5.28339E+16
193390,,12,0,67,124,2017,9,7,6,3,1,5,1,1,0,0,0,0,1,8.23265E+20,5.81964E+21,1.37561E+16,5.24312E+16
193391,,12,0,67,144,2017,9,9,6,3,5,3,0,1,0,0,1,0,0,8.45255E+20,5.81436E+21,1.40728E+16,5.23705E+16
193392,,12,0,65,165,2017,9,15,6,3,0,7,0,0,0,0,1,0,1,7.79717E+20,5.85896E+21,1.31506E+16,5.28077E+16
193393,,12,0,65,256,2017,9,17,6,2,6,4,0,1,1,0,0,0,1,7.85968E+20,5.85619E+21,1.32406E+16,5.27796E+16
193394,,12,0,70,424,2017,9,10,6,3,2,6,0,1,0,0,0,0,1,6.8496E+20,5.87628E+21,1.17566E+16,5.30041E+16
193395,,12,0,68,320,2017,9,7,6,3,5,3,1,1,0,0,0,0,0,7.56012E+20,5.86993E+21,1.28083E+16,5.29179E+16
193396,,12,0,72,120,2017,9,7,6,3,9,1,0,1,0,0,0,0,1,7.95112E+20,5.81345E+21,1.33378E+16,5.23915E+16
193397,,12,0,63,252,2017,9,15,5,3,0,7,1,0,0,0,0,0,1,7.26143E+20,5.83368E+21,1.23399E+16,5.2606E+16
193398,,12,0,69,616,2017,9,7,5,3,6,4,0,0,1,0,1,0,0,7.90975E+20,5.81443E+21,1.3278E+16,5.24026E+16
193399,,12,0,51,0,2017,9,17,5,3,6,4,0,1,1,0,0,0,0,7.40621E+20,5.81215E+21,1.25377E+16,5.24066E+16
193400,,12,0,61,540,2017,9,18,5,3,9,1,0,1,0,0,0,0,1,8.15654E+20,5.80594E+21,1.36316E+16,5.23128E+16
193401,,12,0,52,0,2017,9,19,5,3,5,3,0,1,0,0,0,0,0,8.67316E+20,5.7479E+21,1.4324E+16,5.17612E+16
193402,,12,0,60,20,2017,9,7,5,3,5,3,1,1,0,0,0,0,0,8.10283E+20,5.84619E+21,1.35906E+16,5.26766E+16
193403,,12,0,63,80,2017,9,16,4,3,5,3,0,1,0,0,0,0,1,7.78128E+20,5.83244E+21,1.31047E+16,5.25707E+16
193404,,12,0,54,0,2017,9,15,4,3,0,1,1,0,0,0,0,0,0,7.74513E+20,5.81513E+21,1.30372E+16,5.24174E+16
193405,,12,0,71,76,2017,9,17,4,2,5,3,0,1,0,0,0,0,0,8.89586E+20,5.75021E+21,1.46478E+16,5.17668E+16
193406,,12,0,52,0,2017,9,12,4,3,4,1,0,1,0,0,0,0,0,8.6727E+20,5.7507E+21,1.43263E+16,5.17863E+16
193407,,12,0,64,380,2017,9,7,4,3,6,4,0,1,1,0,0,0,0,8.26655E+20,5.83191E+21,1.38178E+16,5.25391E+16
193408,,12,0,67,481,2017,9,22,4,2,8,1,0,1,0,0,0,2,0,8.37996E+20,5.79996E+21,1.39522E+16,5.2246E+16
193409,,12,0,67,144,2017,9,5,4,3,5,3,1,0,0,0,1,0,0,8.45049E+20,5.81386E+21,1.40693E+16,5.23661E+16
193410,,12,0,54,0,2017,9,15,3,3,1,5,0,1,0,0,0,0,0,7.80196E+20,5.81165E+21,1.31176E+16,5.23832E+16
193411,,12,0,66,196,2017,9,16,3,2,0,6,0,1,0,1,0,0,0,8.40412E+20,5.75706E+21,1.39447E+16,5.18602E+16
193412,,12,0,52,0,2017,9,15,3,3,0,7,1,1,0,0,0,0,0,8.67203E+20,5.742E+21,1.43162E+16,5.17084E+16
193413,,12,0,52,0,2017,9,8,3,3,2,6,0,1,0,0,0,0,0,8.67986E+20,5.74749E+21,1.43333E+16,5.17571E+16
193414,,12,0,60,52,2017,9,16,3,3,5,3,1,1,0,0,0,0,0,8.1907E+20,5.86467E+21,1.37381E+16,5.28371E+16
193415,,12,0,60,5,2017,9,7,3,3,5,3,1,1,0,0,0,0,0,8.12666E+20,5.83813E+21,1.36181E+16,5.2603E+16
193416,,12,0,60,5,2017,9,8,3,2,5,2,1,1,0,0,0,0,0,8.10017E+20,5.83493E+21,1.35761E+16,5.25758E+16
193417,,12,0,64,336,2017,9,8,3,3,5,3,0,1,0,1,0,0,0,8.19691E+20,5.82886E+21,1.37125E+16,5.25159E+16
193418,,12,0,67,120,2017,9,16,3,3,6,6,0,1,1,0,0,0,0,8.8671E+20,5.79043E+21,1.46515E+16,5.21287E+16
193419,,12,0,65,136,2017,9,5,3,3,5,3,0,1,0,0,1,0,0,7.83683E+20,5.83971E+21,1.31927E+16,5.26331E+16
193420,,12,0,65,356,2017,9,20,3,1,6,6,0,0,1,0,1,2,0,7.87995E+20,5.8768E+21,1.32888E+16,5.29633E+16
193421,,12,0,65,256,2017,9,7,3,3,5,2,1,1,0,0,0,0,0,7.86262E+20,5.85247E+21,1.32417E+16,5.27461E+16
193422,,12,0,54,0,2017,9,20,2,3,1,5,1,0,0,0,1,1,0,7.78628E+20,5.80904E+21,1.30925E+16,5.23607E+16
193423,,12,0,51,0,2017,9,17,2,3,5,2,1,0,0,0,0,0,0,7.32551E+20,5.81206E+21,1.24192E+16,5.24093E+16
193424,,12,0,61,320,2017,9,8,2,3,2,2,0,1,0,0,0,0,0,8.24377E+20,5.755E+21,1.37107E+16,5.18513E+16
193425,,12,0,62,140,2017,9,16,2,3,0,4,1,0,1,0,0,0,0,8.25798E+20,5.73055E+21,1.37084E+16,5.16314E+16
193426,,12,0,71,372,2017,9,18,2,3,5,3,1,1,0,0,0,0,0,8.723E+20,5.72665E+21,1.43733E+16,5.15677E+16
193427,,12,0,60,198,2017,9,16,2,3,2,6,1,1,0,0,0,1,0,8.16216E+20,5.86515E+21,1.36963E+16,5.28431E+16
193428,,12,0,68,320,2017,9,19,2,3,5,3,1,1,0,0,0,1,0,7.55535E+20,5.8711E+21,1.28022E+16,5.29286E+16
193429,,12,0,69,604,2017,9,21,1,3,8,7,0,1,0,0,0,2,0,7.887E+20,5.81094E+21,1.32416E+16,5.23725E+16
193430,,12,0,69,304,2017,9,16,1,3,5,2,1,1,0,0,0,0,0,7.86145E+20,5.81379E+21,1.32066E+16,5.23994E+16
193431,,12,0,61,433,2017,9,17,1,3,5,3,0,1,0,1,0,0,0,8.02617E+20,5.81449E+21,1.34486E+16,5.23968E+16
193432,,12,0,73,532,2017,9,18,1,3,6,4,0,1,1,0,0,0,0,8.53828E+20,5.89223E+21,1.4282E+16,5.30621E+16
193433,,12,0,65,100,2017,9,9,1,3,3,6,1,1,0,0,0,0,0,7.78489E+20,5.8811E+21,1.31514E+16,5.30069E+16
193434,,12,0,54,0,2017,9,11,7,3,5,3,1,0,0,0,0,0,0,7.75053E+20,5.81595E+21,1.30458E+16,5.24244E+16
193435,,12,0,61,260,2017,9,6,7,2,1,7,0,1,0,0,0,0,0,8.14862E+20,5.80274E+21,1.3617E+16,5.22846E+16
193436,,12,0,62,24,2017,9,9,7,3,5,3,1,1,0,0,0,0,0,8.05405E+20,5.71733E+21,1.34032E+16,5.15244E+16
193437,,12,0,60,181,2017,9,17,7,3,5,3,0,1,0,0,0,0,1,8.05879E+20,5.84127E+21,1.35211E+16,5.26351E+16
193438,,12,0,64,227,2017,9,16,7,3,6,4,0,1,1,0,0,0,0,8.15438E+20,5.83112E+21,1.36522E+16,5.25386E+16
193439,,12,0,65,356,2017,9,16,7,2,5,3,1,1,0,0,0,0,0,7.9183E+20,5.88035E+21,1.3349E+16,5.2993E+16
193440,,12,0,65,193,2017,9,10,7,2,7,7,0,0,0,1,0,0,0,7.98915E+20,5.86915E+21,1.34439E+16,5.28888E+16
193441,,12,0,72,232,2017,9,23,6,3,1,5,1,1,0,0,0,2,0,7.84922E+20,5.7793E+21,1.31596E+16,5.20908E+16
193442,,12,0,54,0,2017,9,13,6,3,5,3,1,1,0,0,0,0,0,7.78415E+20,5.81099E+21,1.3091E+16,5.23783E+16
193443,,12,0,54,0,2017,9,12,6,3,3,6,1,1,0,0,0,0,0,7.7611E+20,5.81431E+21,1.306E+16,5.24092E+16
193444,,12,0,62,92,2017,9,9,6,3,5,3,1,1,0,0,0,0,1,8.15742E+20,5.73031E+21,1.35634E+16,5.1635E+16
193445,,12,0,60,20,2017,9,20,6,3,5,3,1,1,0,0,0,2,0,8.10047E+20,5.84609E+21,1.3587E+16,5.26758E+16
193446,,12,0,53,0,2017,9,16,6,3,5,3,1,1,0,0,0,0,1,8.77106E+20,5.81536E+21,1.45397E+16,5.23584E+16
193447,,12,0,67,201,2017,9,5,6,3,2,2,0,1,0,0,0,1,0,8.26501E+20,5.81509E+21,1.37991E+16,5.23885E+16
193448,,12,0,65,256,2017,9,6,6,3,5,7,0,1,0,0,0,0,0,7.85203E+20,5.84962E+21,1.32236E+16,5.27211E+16
193449,,12,0,69,590,2017,8,15,5,3,6,4,0,1,1,0,0,0,1,7.73331E+20,5.80775E+21,1.30138E+16,5.23518E+16
193450,,12,0,61,316,2017,8,10,5,3,5,7,1,1,0,0,0,0,0,8.37491E+20,5.76606E+21,1.39112E+16,5.19426E+16
193451,,12,0,73,386,2017,8,22,5,2,7,7,0,0,0,1,0,2,0,8.43861E+20,5.89405E+21,1.41358E+16,5.30849E+16
193452,,12,0,60,198,2017,8,6,5,3,5,3,0,1,0,0,0,0,0,8.05583E+20,5.87328E+21,1.35466E+16,5.29221E+16
193453,,12,0,60,269,2017,8,19,5,3,0,1,1,0,0,0,0,1,1,8.01124E+20,5.85525E+21,1.34638E+16,5.27629E+16
193454,,12,0,67,144,2017,8,16,5,3,5,2,1,1,0,0,0,0,0,8.44706E+20,5.81347E+21,1.40639E+16,5.23629E+16
193455,,12,0,67,144,2017,8,11,5,3,6,4,0,1,1,0,0,0,0,8.46253E+20,5.81126E+21,1.40842E+16,5.23421E+16
193456,,12,0,63,80,2017,8,10,4,3,2,6,0,1,0,0,1,0,0,7.78651E+20,5.83048E+21,1.31107E+16,5.25529E+16
193457,,12,0,54,0,2017,8,14,4,3,0,7,1,0,0,0,0,0,0,7.75632E+20,5.81315E+21,1.3052E+16,5.23991E+16
193458,,12,0,54,0,2017,8,18,4,3,5,3,1,1,0,0,0,0,0,7.77683E+20,5.81494E+21,1.30835E+16,5.24141E+16
193459,,12,0,54,0,2017,8,12,4,2,8,7,1,0,0,0,0,0,0,7.7578E+20,5.81972E+21,1.30596E+16,5.24579E+16
193460,,12,0,54,0,2017,8,7,4,3,5,6,1,1,0,0,0,0,0,7.76782E+20,5.81201E+21,1.30679E+16,5.23883E+16
193461,,12,0,51,0,2017,8,17,4,3,2,6,0,1,0,0,0,0,0,7.40426E+20,5.81484E+21,1.25368E+16,5.24308E+16
193462,,12,0,66,112,2017,8,10,4,3,0,7,1,0,0,0,1,0,0,8.46703E+20,5.72845E+21,1.40072E+16,5.16001E+16
193463,,12,0,66,304,2017,8,21,4,3,7,7,0,0,0,1,0,2,0,8.4552E+20,5.71828E+21,1.39802E+16,5.15098E+16
193464,,12,0,61,260,2017,8,9,4,3,5,3,1,0,0,0,0,0,0,8.15069E+20,5.80369E+21,1.3621E+16,5.2293E+16
193465,,12,0,52,0,2017,8,9,4,3,5,2,1,1,0,0,0,0,0,8.67774E+20,5.74416E+21,1.43267E+16,5.17274E+16
193466,,12,0,60,52,2017,8,10,4,3,2,2,0,1,0,0,1,0,0,8.23771E+20,5.86488E+21,1.38078E+16,5.28362E+16
193467,,12,0,60,181,2017,8,8,4,3,3,2,0,1,0,1,0,0,0,8.0633E+20,5.8436E+21,1.35299E+16,5.26557E+16
193468,,12,0,60,20,2017,8,6,4,3,5,3,1,1,0,0,0,0,0,8.06673E+20,5.84566E+21,1.35368E+16,5.26739E+16
193469,,12,0,67,124,2017,8,17,4,3,0,7,1,0,0,0,0,0,0,8.22983E+20,5.8185E+21,1.37508E+16,5.24211E+16
193470,,12,0,67,144,2017,8,11,4,3,5,3,0,1,0,0,0,0,0,8.45374E+20,5.81083E+21,1.40709E+16,5.23388E+16
193471,,12,0,65,256,2017,8,18,4,3,5,3,1,1,0,0,0,0,0,7.86081E+20,5.85211E+21,1.32388E+16,5.2743E+16
193472,,12,0,68,372,2017,8,17,4,3,6,4,0,0,1,0,1,0,0,7.69437E+20,5.86595E+21,1.30042E+16,5.28756E+16
193473,,12,0,68,353,2017,8,15,4,2,5,3,1,1,0,0,0,0,0,7.51857E+20,5.8967E+21,1.27676E+16,5.316E+16
193474,,12,0,54,0,2017,8,8,3,3,3,6,1,1,0,0,0,0,0,7.73514E+20,5.81247E+21,1.30204E+16,5.2394E+16
193475,,12,0,51,0,2017,8,14,3,3,5,3,0,1,0,0,0,0,0,7.32041E+20,5.80971E+21,1.24101E+16,5.23884E+16
193476,,12,0,51,0,2017,8,10,3,3,5,7,1,1,0,0,0,0,0,7.41408E+20,5.81265E+21,1.25496E+16,5.24107E+16
193477,,12,0,66,320,2017,8,8,3,2,0,7,1,0,0,0,0,0,0,8.50951E+20,5.74946E+21,1.40894E+16,5.17857E+16
193478,,12,0,61,540,2017,8,12,3,3,2,2,0,1,0,0,0,0,0,8.12733E+20,5.80659E+21,1.35895E+16,5.23204E+16
193479,,12,0,62,24,2017,8,13,3,3,5,3,1,1,0,0,0,0,0,8.04946E+20,5.71642E+21,1.33958E+16,5.15164E+16
193480,,12,0,62,124,2017,8,6,3,3,8,1,0,1,0,0,0,0,0,8.15208E+20,5.71118E+21,1.35385E+16,5.14638E+16
193481,,12,0,52,0,2017,8,10,3,3,2,2,0,1,0,0,0,0,0,8.67831E+20,5.74792E+21,1.43315E+16,5.17611E+16
193482,,12,0,68,320,2017,8,12,3,3,5,3,0,1,0,0,0,0,0,7.55509E+20,5.8706E+21,1.28014E+16,5.29241E+16
193483,,12,0,64,227,2017,8,12,1,3,5,3,1,1,0,0,0,0,0,8.15385E+20,5.83115E+21,1.36514E+16,5.25389E+16
193484,,12,0,66,304,2017,8,17,2,2,5,3,0,1,0,0,0,0,0,8.46806E+20,5.71907E+21,1.39995E+16,5.1516E+16
193485,,12,0,68,320,2017,8,5,1,3,0,7,1,0,0,0,0,2,0,7.55415E+20,5.86962E+21,1.27992E+16,5.29154E+16
193486,,12,0,65,225,2017,8,18,3,3,5,3,0,1,0,1,0,0,0,7.92312E+20,5.84145E+21,1.33213E+16,5.26441E+16
193487,,12,0,60,269,2017,8,15,2,3,0,7,1,1,0,0,0,0,0,8.02405E+20,5.85882E+21,1.3486E+16,5.27942E+16
193488,,12,0,60,181,2017,8,7,2,3,3,6,0,1,0,1,0,0,0,8.05662E+20,5.83956E+21,1.35163E+16,5.26198E+16
193489,,12,0,65,256,2017,8,10,2,2,6,4,0,1,1,0,0,0,0,7.85894E+20,5.85229E+21,1.32362E+16,5.27447E+16
193490,,12,0,64,472,2017,8,19,3,3,1,5,1,1,0,0,0,0,0,8.30641E+20,5.83638E+21,1.38808E+16,5.25767E+16
193491,,12,0,53,0,2017,10,11,6,3,2,6,0,1,0,0,0,0,0,8.76683E+20,5.81245E+21,1.45302E+16,5.23327E+16
193492,,12,0,65,144,2017,10,19,6,3,5,3,0,1,0,1,0,2,1,7.88667E+20,5.84469E+21,1.32704E+16,5.26751E+16
193493,,12,0,70,316,2017,10,19,6,3,5,3,0,1,0,0,0,2,1,7.11924E+20,5.89413E+21,1.21696E+16,5.31543E+16
193494,,12,0,70,424,2017,10,7,6,3,5,3,1,1,0,0,0,0,0,6.84065E+20,5.87656E+21,1.17435E+16,5.30069E+16
193495,,12,0,70,149,2017,10,13,6,3,9,1,0,1,0,0,0,0,1,7.22264E+20,5.87634E+21,1.23117E+16,5.29905E+16
193496,,12,0,72,477,2017,10,13,5,2,0,7,1,0,0,0,0,0,0,8.06027E+20,5.78928E+21,1.34757E+16,5.21689E+16
193497,,12,0,72,240,2017,10,7,5,3,5,3,1,1,0,0,0,2,1,7.89744E+20,5.80347E+21,1.32505E+16,5.2305E+16
193498,,12,0,69,616,2017,10,20,5,3,1,6,0,1,0,0,0,2,0,7.89228E+20,5.81411E+21,1.32521E+16,5.24006E+16
193499,,12,0,66,304,2017,10,13,5,3,5,2,1,1,0,0,0,0,0,8.47116E+20,5.71958E+21,1.40044E+16,5.15204E+16
193500,,12,0,62,140,2017,10,16,5,3,0,1,0,0,0,1,0,0,0,8.27885E+20,5.72716E+21,1.37353E+16,5.15998E+16
193501,,12,0,71,372,2017,10,13,5,3,8,1,1,0,0,1,0,0,0,8.72248E+20,5.72686E+21,1.43728E+16,5.15696E+16
193502,,12,0,52,0,2017,10,12,5,3,0,7,1,0,0,0,0,0,0,8.68025E+20,5.74684E+21,1.43331E+16,5.17513E+16
193503,,12,0,64,29,2017,10,15,5,3,5,3,0,1,0,0,1,0,0,8.20528E+20,5.83517E+21,1.37309E+16,5.2572E+16
193504,,12,0,64,336,2017,10,17,5,2,4,6,1,0,0,0,0,1,0,8.17984E+20,5.82916E+21,1.36877E+16,5.25196E+16
193505,,12,0,52,0,2017,10,12,7,3,5,3,0,1,0,0,1,0,0,8.70496E+20,5.74916E+21,1.43712E+16,5.17704E+16
193506,,12,0,70,424,2017,10,12,7,3,0,1,1,0,0,0,0,0,1,6.84301E+20,5.87658E+21,1.1747E+16,5.3007E+16
193507,,12,0,72,232,2017,10,21,6,3,8,7,1,0,0,0,0,2,1,7.84396E+20,5.7801E+21,1.31526E+16,5.20982E+16
193508,,12,0,53,0,2017,10,17,5,3,2,2,0,1,0,0,0,0,0,8.78019E+20,5.81355E+21,1.4551E+16,5.23416E+16
193509,,12,0,69,304,2017,10,8,6,3,6,4,0,1,1,0,0,0,0,7.85991E+20,5.81381E+21,1.32044E+16,5.23996E+16
193510,,12,0,54,0,2017,10,13,6,3,5,3,1,1,0,0,0,0,0,7.78798E+20,5.81086E+21,1.30965E+16,5.23769E+16
193511,,12,0,54,0,2017,10,13,6,3,1,5,1,1,0,0,0,0,0,7.78386E+20,5.8126E+21,1.30919E+16,5.23927E+16
193512,,12,0,51,0,2017,10,21,6,3,5,3,1,1,0,0,0,2,0,7.42696E+20,5.81222E+21,1.25682E+16,5.24063E+16
193513,,12,0,61,572,2017,10,10,6,2,5,3,1,1,0,0,0,0,0,8.14979E+20,5.81077E+21,1.36263E+16,5.23565E+16
193514,,12,0,71,372,2017,10,11,6,3,3,3,1,0,0,1,0,0,0,8.71852E+20,5.72681E+21,1.43671E+16,5.15694E+16
193515,,12,0,71,160,2017,10,18,6,3,5,3,1,1,0,0,0,1,0,8.91598E+20,5.77053E+21,1.46998E+16,5.19473E+16
193516,,12,0,52,0,2017,10,11,6,3,2,6,0,1,0,0,0,0,0,8.68726E+20,5.74444E+21,1.43407E+16,5.17293E+16
193517,,12,0,52,0,2017,10,20,6,3,0,6,1,1,0,0,0,2,1,8.67262E+20,5.74961E+21,1.43251E+16,5.17765E+16
193518,,12,0,73,532,2017,10,18,6,3,5,2,1,0,0,0,1,0,0,8.53634E+20,5.89136E+21,1.42782E+16,5.30545E+16
193519,,12,0,60,52,2017,10,9,6,3,0,2,1,0,0,0,1,0,0,8.24646E+20,5.86663E+21,1.38225E+16,5.28513E+16
193520,,12,0,67,144,2017,10,17,5,2,5,3,1,1,0,0,0,0,0,8.45563E+20,5.81425E+21,1.40772E+16,5.23693E+16
193521,,12,0,72,17,2017,10,11,4,3,0,7,0,1,1,0,0,0,0,8.00953E+20,5.80608E+21,1.34167E+16,5.23223E+16
193522,,12,0,63,80,2017,10,19,4,3,9,5,0,1,0,1,0,2,0,7.76423E+20,5.83085E+21,1.30783E+16,5.25573E+16
193523,,12,0,63,80,2017,10,7,4,3,5,3,1,1,0,0,0,1,1,7.77363E+20,5.8313E+21,1.30925E+16,5.25609E+16
193524,,12,0,54,0,2017,10,16,4,3,3,6,0,1,0,0,1,0,0,7.78318E+20,5.81145E+21,1.309E+16,5.23825E+16
193525,,12,0,54,0,2017,10,9,4,3,0,1,1,0,0,0,0,0,1,7.7411E+20,5.81457E+21,1.30308E+16,5.24126E+16
193526,,12,0,61,260,2017,10,11,4,3,5,3,1,0,0,0,0,0,0,8.15526E+20,5.80353E+21,1.36275E+16,5.22913E+16
193527,,12,0,52,0,2017,10,14,4,3,4,2,0,1,0,0,0,0,0,8.66824E+20,5.75054E+21,1.43197E+16,5.17851E+16
193528,,12,0,73,452,2017,10,18,4,3,4,6,0,1,0,1,0,2,0,8.24464E+20,5.91886E+21,1.38725E+16,5.33192E+16
193529,,12,0,60,52,2017,10,14,4,3,3,2,1,1,0,0,0,0,0,8.1894E+20,5.86486E+21,1.37363E+16,5.28388E+16
193530,,12,0,65,193,2017,10,17,4,3,8,1,0,0,0,1,0,1,1,7.98046E+20,5.86524E+21,1.34274E+16,5.28542E+16
193531,,12,0,72,169,2017,10,17,3,2,5,3,1,1,0,0,0,0,0,7.80425E+20,5.76804E+21,1.30849E+16,5.19921E+16
193532,,12,0,63,208,2017,10,11,3,2,5,2,1,1,0,0,0,0,0,7.6249E+20,5.83555E+21,1.28769E+16,5.26064E+16
193533,,12,0,63,56,2017,10,7,3,2,5,2,0,1,0,1,0,0,0,7.7533E+20,5.82843E+21,1.30602E+16,5.25362E+16
193534,,12,0,54,0,2017,10,16,3,3,6,4,0,0,1,0,1,0,0,7.78303E+20,5.81659E+21,1.3094E+16,5.24285E+16
193535,,12,0,54,0,2017,10,13,3,3,6,4,0,1,1,0,0,0,0,7.76378E+20,5.81308E+21,1.30629E+16,5.23981E+16
193536,,12,0,66,176,2017,10,18,3,1,4,6,1,0,0,1,0,1,0,8.29859E+20,5.71573E+21,1.3753E+16,5.14963E+16
193537,,12,0,66,304,2017,10,21,3,3,0,3,1,1,0,0,0,2,0,8.47155E+20,5.71958E+21,1.4005E+16,5.15204E+16
193538,,12,0,61,316,2017,10,16,3,2,0,4,1,0,1,0,0,0,0,8.35986E+20,5.76541E+21,1.38888E+16,5.19378E+16
193539,,12,0,61,260,2017,10,10,3,3,2,7,1,0,0,0,1,0,0,8.1622E+20,5.80152E+21,1.36357E+16,5.22729E+16
193540,,12,0,62,124,2017,10,9,3,3,6,6,1,0,1,0,0,0,0,8.13642E+20,5.71138E+21,1.35162E+16,5.14665E+16
193541,,12,0,52,0,2017,10,16,3,3,6,4,0,1,1,0,0,0,0,8.69218E+20,5.74392E+21,1.43473E+16,5.17244E+16
193542,,12,0,73,532,2017,10,18,3,2,0,1,1,0,0,0,0,2,0,8.54524E+20,5.89614E+21,1.42966E+16,5.30967E+16
193543,,12,0,64,472,2017,10,7,3,3,5,3,1,1,0,0,0,0,0,8.31225E+20,5.83587E+21,1.38889E+16,5.25718E+16
193544,,12,0,65,256,2017,10,10,3,3,2,7,0,1,0,0,1,0,0,7.85304E+20,5.85309E+21,1.32281E+16,5.27522E+16
193545,,12,0,63,252,2017,10,7,2,2,6,4,0,1,1,0,0,1,0,7.24432E+20,5.83346E+21,1.23145E+16,5.26047E+16