OBJECTID,UIDENTSTLA,ULAND,UREGBEZ,UKREIS,UGEMEINDE,UJAHR,UMONAT,USTUNDE,UWOCHENTAG,UKATEGORIE,UART,UTYP1,IstRad,IstPKW,IstFuss,IstKrad,IstSonstig,LICHT,STRZUSTAND,LINREFX,LINREFY,XGCSWGS84,YGCSWGS84
193734,,12,0,64,472,2017,9,16,3,3,3,6,1,1,0,0,0,0,0,8.30816E+20,5.83673E+21,1.38837E+16,5.25797E+16
193735,,12,0,63,252,2017,9,17,2,3,0,7,0,1,1,0,0,0,0,7.24283E+20,5.83354E+21,1.23124E+16,5.26055E+16
193736,,12,0,63,80,2017,9,6,2,3,5,2,0,1,0,0,0,1,0,7.78002E+20,5.83191E+21,1.31024E+16,5.25661E+16
193737,,12,0,54,0,2017,9,15,2,3,5,3,1,1,0,0,0,0,1,7.78788E+20,5.80939E+21,1.30951E+16,5.23638E+16
193738,,12,0,51,0,2017,9,15,2,3,1,6,0,1,0,0,0,0,0,7.42418E+20,5.81268E+21,1.25645E+16,5.24105E+16
193739,,12,0,66,176,2017,9,10,2,3,0,7,1,0,0,0,0,0,1,8.3387E+20,5.716E+21,1.38108E+16,5.14963E+16
193740,,12,0,61,260,2017,9,17,2,3,1,7,0,1,0,0,0,0,1,8.14889E+20,5.80418E+21,1.36188E+16,5.22975E+16
193741,,12,0,52,0,2017,9,18,2,3,5,2,0,0,0,1,1,1,1,8.68595E+20,5.74838E+21,1.4343E+16,5.17647E+16
193742,,12,0,60,20,2017,9,19,2,3,5,3,1,0,0,0,1,0,0,8.09681E+20,5.84814E+21,1.35835E+16,5.26945E+16
193743,,12,0,64,336,2017,9,18,2,3,5,3,1,1,0,0,0,1,0,8.19653E+20,5.82891E+21,1.3712E+16,5.25163E+16
193744,,12,0,65,36,2017,9,19,2,3,0,7,0,1,0,0,0,2,1,7.90517E+20,5.84693E+21,1.32997E+16,5.26942E+16
193745,,12,0,68,320,2017,9,7,2,3,0,7,1,0,0,0,0,0,0,7.55818E+20,5.86934E+21,1.2805E+16,5.29127E+16
193746,,12,0,66,196,2017,9,20,1,2,4,6,1,1,0,0,0,2,1,8.41179E+20,5.75794E+21,1.39567E+16,5.18677E+16
193747,,12,0,73,572,2017,9,23,1,3,2,2,0,1,0,0,0,2,0,8.01243E+20,5.89587E+21,1.35033E+16,5.31269E+16
193748,,12,0,65,256,2017,9,10,1,2,0,1,1,0,0,0,0,0,1,7.87297E+20,5.85369E+21,1.32581E+16,5.27566E+16
193749,,12,0,64,136,2017,10,14,6,3,5,3,1,0,0,0,1,0,0,8.2199E+20,5.82869E+21,1.37461E+16,5.2513E+16
193750,,12,0,72,232,2017,9,13,7,3,6,7,1,0,1,0,0,0,0,7.85573E+20,5.77593E+21,1.31663E+16,5.20603E+16
193751,,12,0,54,0,2017,9,18,7,3,0,1,1,0,0,0,0,1,0,7.73602E+20,5.81167E+21,1.3021E+16,5.23868E+16
193752,,12,0,54,0,2017,9,11,7,2,8,1,0,0,0,1,0,0,0,7.73644E+20,5.81363E+21,1.30232E+16,5.24043E+16
193753,,12,0,62,224,2017,9,11,7,3,5,2,1,1,0,0,0,0,0,7.91928E+20,5.7344E+21,1.32236E+16,5.16845E+16
193754,,12,0,64,380,2017,9,18,7,3,4,6,0,1,0,0,0,1,1,8.24229E+20,5.83191E+21,1.37821E+16,5.25406E+16
193755,,12,0,64,336,2017,9,11,7,3,5,3,1,0,0,0,1,0,0,8.18268E+20,5.83042E+21,1.36931E+16,5.25307E+16
193756,,12,0,65,198,2017,9,18,7,3,8,6,0,1,0,0,0,1,1,7.79085E+20,5.86121E+21,1.31431E+16,5.28282E+16
193757,,12,0,63,80,2017,9,11,6,3,4,6,1,0,0,0,0,0,0,7.76382E+20,5.83153E+21,1.30782E+16,5.25635E+16
193758,,12,0,63,252,2017,11,10,1,3,6,4,0,1,1,0,0,0,1,7.23704E+20,5.83316E+21,1.23036E+16,5.26023E+16
193759,,12,0,52,0,2017,11,18,1,3,5,3,1,1,0,0,0,2,0,8.70749E+20,5.74371E+21,1.43691E+16,5.17214E+16
193760,,12,0,60,5,2017,11,9,1,3,3,2,1,1,0,0,0,0,0,8.08427E+20,5.83761E+21,1.35552E+16,5.26008E+16
193761,,12,0,67,24,2017,11,4,1,3,9,1,0,1,0,0,0,2,1,8.45231E+20,5.80815E+21,1.40661E+16,5.23148E+16
193762,,12,0,54,0,2017,11,14,7,3,5,3,1,1,0,0,0,0,1,7.81117E+20,5.80983E+21,1.31296E+16,5.23665E+16
193763,,12,0,65,144,2017,11,8,7,3,8,1,0,1,0,0,0,0,1,7.88807E+20,5.84853E+21,1.32759E+16,5.27094E+16
193764,,12,0,63,80,2017,11,14,6,3,5,3,1,1,0,0,0,0,1,7.76893E+20,5.83048E+21,1.30849E+16,5.25538E+16
193765,,12,0,69,304,2017,11,18,6,2,5,2,0,1,0,1,0,2,1,7.86959E+20,5.81508E+21,1.32197E+16,5.24106E+16
193766,,12,0,54,0,2017,11,15,6,2,5,3,1,1,0,0,0,0,1,7.76593E+20,5.81224E+21,1.30653E+16,5.23904E+16
193767,,12,0,54,0,2017,11,12,6,3,1,5,0,1,0,0,0,0,0,7.77303E+20,5.81209E+21,1.30756E+16,5.23887E+16
193768,,12,0,61,260,2017,11,17,6,2,6,4,0,1,1,0,0,2,1,8.14995E+20,5.8046E+21,1.36207E+16,5.23012E+16
193769,,12,0,52,0,2017,11,7,6,3,5,2,1,1,0,0,0,0,0,8.67762E+20,5.74659E+21,1.43291E+16,5.17492E+16
193770,,12,0,52,0,2017,11,10,6,3,5,3,1,1,0,0,0,0,0,8.67654E+20,5.74731E+21,1.43283E+16,5.17557E+16
193771,,12,0,60,52,2017,11,14,6,3,6,2,0,1,1,0,0,0,0,8.23572E+20,5.86484E+21,1.38048E+16,5.28359E+16
193772,,12,0,66,304,2017,11,14,2,2,6,4,0,1,1,0,0,0,1,8.45688E+20,5.71896E+21,1.39833E+16,5.15157E+16
193773,,12,0,62,140,2017,11,12,2,3,5,3,1,1,0,0,0,0,0,8.25533E+20,5.73029E+21,1.37043E+16,5.16293E+16
193774,,12,0,60,52,2017,11,14,2,3,6,4,0,1,1,0,0,0,1,8.22969E+20,5.86484E+21,1.37959E+16,5.28363E+16
193775,,12,0,64,136,2017,11,13,2,3,3,6,1,1,0,0,0,0,0,8.21842E+20,5.83129E+21,1.37465E+16,5.25364E+16
193776,,12,0,67,440,2017,11,7,2,3,0,3,0,1,0,1,0,1,1,8.19442E+20,5.8223E+21,1.37026E+16,5.24572E+16
193777,,12,0,67,24,2017,11,7,2,3,5,3,0,1,0,0,0,0,0,8.44627E+20,5.80577E+21,1.40548E+16,5.22939E+16
193778,,12,0,65,256,2017,11,7,2,3,5,2,1,1,0,0,0,0,1,7.85072E+20,5.85334E+21,1.32249E+16,5.27545E+16
193779,,12,0,64,136,2017,11,16,6,3,9,1,0,1,0,0,0,2,1,8.21634E+20,5.82889E+21,1.37411E+16,5.2515E+16
193780,,12,0,70,316,2017,11,13,6,3,2,2,0,1,0,0,0,0,1,7.12158E+20,5.89442E+21,1.21733E+16,5.31568E+16
193781,,12,0,68,320,2017,11,12,6,3,0,7,1,0,0,0,0,0,1,7.56012E+20,5.87103E+21,1.28092E+16,5.29277E+16
193782,,12,0,72,17,2017,11,16,5,2,5,3,1,1,0,0,0,1,1,7.99426E+20,5.8106E+21,1.33984E+16,5.23637E+16
193783,,12,0,54,0,2017,11,14,5,3,2,6,0,1,0,0,0,0,0,7.80979E+20,5.81065E+21,1.31283E+16,5.23739E+16
193784,,12,0,51,0,2017,11,11,5,3,1,5,1,1,0,0,0,0,0,7.31462E+20,5.81008E+21,1.24019E+16,5.2392E+16
193785,,12,0,51,0,2017,11,12,5,3,5,3,1,0,0,0,1,0,0,7.39813E+20,5.81417E+21,1.25273E+16,5.24251E+16
193786,,12,0,61,320,2017,11,19,5,3,5,3,0,1,0,0,0,2,0,8.25073E+20,5.75557E+21,1.37213E+16,5.1856E+16
193787,,12,0,61,316,2017,11,17,5,3,5,3,1,1,0,0,0,2,0,8.35712E+20,5.76519E+21,1.38846E+16,5.19359E+16
193788,,12,0,62,124,2017,11,17,5,3,3,2,1,1,0,0,0,2,0,8.12898E+20,5.71066E+21,1.35049E+16,5.14604E+16
193789,,12,0,73,189,2017,11,7,5,3,4,6,1,1,0,0,0,0,1,8.59629E+20,5.90904E+21,1.4387E+16,5.32086E+16
193790,,12,0,73,532,2017,11,7,5,3,5,3,1,1,0,0,0,0,0,8.53456E+20,5.89219E+21,1.42764E+16,5.3062E+16
193791,,12,0,73,532,2017,11,9,5,3,5,2,1,1,0,0,0,0,1,8.5437E+20,5.8922E+21,1.429E+16,5.30614E+16
193792,,12,0,60,269,2017,11,17,5,3,3,2,1,1,0,0,0,2,1,8.00094E+20,5.84586E+21,1.344E+16,5.26793E+16
193793,,12,0,64,380,2017,11,7,5,3,2,6,0,1,0,0,1,2,0,8.24065E+20,5.83144E+21,1.37793E+16,5.25364E+16
193794,,12,0,72,169,2017,11,15,4,3,6,4,0,1,1,0,0,0,0,7.79823E+20,5.76804E+21,1.30762E+16,5.19924E+16
193795,,12,0,63,244,2017,11,11,4,1,5,3,1,0,0,0,1,0,0,7.26779E+20,5.82618E+21,1.23441E+16,5.25384E+16
193796,,12,0,53,0,2017,11,15,4,3,2,6,0,1,0,0,1,0,1,8.78033E+20,5.81339E+21,1.4551E+16,5.23401E+16
193797,,12,0,63,252,2017,11,19,3,3,5,3,1,0,0,0,1,2,1,7.27111E+20,5.8336E+21,1.23541E+16,5.26049E+16
193798,,12,0,51,0,2017,11,9,3,3,6,4,0,1,1,0,0,0,1,7.41592E+20,5.81288E+21,1.25525E+16,5.24127E+16
193799,,12,0,66,304,2017,11,16,3,2,0,3,1,1,0,0,0,2,1,8.44768E+20,5.71751E+21,1.39687E+16,5.15033E+16
193800,,12,0,60,181,2017,11,8,3,3,5,3,1,1,0,0,0,1,1,8.0704E+20,5.84362E+21,1.35404E+16,5.26554E+16
193801,,12,0,60,20,2017,11,14,3,3,6,7,1,0,1,0,0,0,0,8.09995E+20,5.84651E+21,1.35866E+16,5.26796E+16
193802,,12,0,64,136,2017,11,10,3,3,9,1,0,1,0,0,0,0,1,8.2161E+20,5.82889E+21,1.37407E+16,5.2515E+16
193803,,12,0,53,0,2017,11,8,3,3,8,1,0,1,0,0,0,0,1,8.75485E+20,5.81455E+21,1.45151E+16,5.23523E+16
193804,,12,0,63,252,2017,11,15,2,3,5,3,0,1,0,0,0,0,1,7.25951E+20,5.83215E+21,1.2336E+16,5.25923E+16
193805,,12,0,54,0,2017,11,16,2,3,6,4,0,1,1,0,0,2,1,7.77631E+20,5.81257E+21,1.30808E+16,5.23928E+16
193806,,12,0,66,296,2017,11,15,2,3,5,3,1,1,0,0,0,0,1,8.3749E+20,5.7139E+21,1.38608E+16,5.14753E+16
193807,,12,0,66,304,2017,11,14,2,3,0,3,1,0,0,0,0,0,1,8.46215E+20,5.71947E+21,1.39914E+16,5.152E+16
193808,,12,0,71,160,2017,11,17,2,3,5,3,0,1,0,0,0,2,1,8.91965E+20,5.7709E+21,1.47055E+16,5.19503E+16
193809,,12,0,71,160,2017,11,11,2,3,1,5,0,1,0,0,0,0,1,8.92554E+20,5.77031E+21,1.47134E+16,5.19446E+16
193810,,12,0,52,0,2017,11,6,2,3,2,6,0,1,0,0,0,1,1,8.67732E+20,5.74648E+21,1.43285E+16,5.17482E+16
193811,,12,0,73,532,2017,11,17,2,3,6,2,0,0,1,0,1,2,1,8.52454E+20,5.89199E+21,1.42613E+16,5.30609E+16
193812,,12,0,60,52,2017,11,6,2,3,0,7,0,1,0,0,0,2,1,8.24345E+20,5.86506E+21,1.38165E+16,5.28374E+16
193813,,12,0,70,424,2017,11,18,2,3,1,5,0,1,0,0,0,2,1,6.84982E+20,5.87551E+21,1.17565E+16,5.29971E+16
193814,,12,0,70,296,2017,11,13,2,2,6,7,0,1,1,0,0,0,0,6.91481E+20,5.88466E+21,1.18586E+16,5.3077E+16
193815,,12,0,70,296,2017,11,10,2,3,5,3,0,1,0,0,0,0,0,6.92222E+20,5.88505E+21,1.18699E+16,5.30803E+16
193816,,12,0,68,501,2017,11,21,2,2,8,1,0,0,0,0,1,2,1,7.24596E+20,5.8658E+21,1.23391E+16,5.28949E+16
193817,,12,0,72,240,2017,11,16,1,2,5,3,0,1,0,0,0,2,1,7.90273E+20,5.80374E+21,1.32585E+16,5.23071E+16
193818,,12,0,60,52,2017,11,14,1,3,2,2,0,1,0,0,0,0,1,8.24535E+20,5.86529E+21,1.38195E+16,5.28393E+16
193819,,12,0,51,0,2017,11,18,7,3,3,3,1,1,0,0,0,2,1,7.42401E+20,5.81254E+21,1.25641E+16,5.24092E+16
193820,,12,0,62,24,2017,11,13,7,3,5,2,1,1,0,0,0,0,0,8.04833E+20,5.71623E+21,1.3394E+16,5.15147E+16
193821,,12,0,63,56,2017,11,21,6,2,8,7,0,1,0,0,0,2,0,7.74236E+20,5.82873E+21,1.30443E+16,5.25394E+16
193822,,12,0,63,80,2017,11,16,6,3,5,2,1,1,0,0,0,2,1,7.76554E+20,5.8306E+21,1.308E+16,5.2555E+16
193823,,12,0,54,0,2017,11,14,6,2,5,2,1,0,0,0,1,0,0,7.78359E+20,5.81252E+21,1.30914E+16,5.2392E+16
193824,,12,0,51,0,2017,11,16,6,3,5,3,1,1,0,0,0,0,0,7.40243E+20,5.81485E+21,1.25341E+16,5.2431E+16
193825,,12,0,61,433,2017,11,13,6,3,5,3,0,1,0,0,0,0,0,8.07433E+20,5.81407E+21,1.35188E+16,5.23904E+16
193826,,12,0,66,176,2017,11,14,6,3,2,6,1,1,0,0,0,0,0,8.33167E+20,5.71757E+21,1.38022E+16,5.15108E+16
193827,,12,0,66,304,2017,11,6,6,3,5,2,1,1,0,0,0,1,1,8.4545E+20,5.7197E+21,1.39806E+16,5.15225E+16
193828,,12,0,66,304,2017,11,0,6,3,6,4,0,1,1,0,0,2,0,8.47157E+20,5.71891E+21,1.40044E+16,5.15144E+16
193829,,12,0,61,572,2017,11,16,6,3,5,3,1,1,0,0,0,1,1,8.13999E+20,5.80891E+21,1.36102E+16,5.23404E+16
193830,,12,0,61,572,2017,11,17,6,2,5,2,1,1,0,0,0,2,1,8.14985E+20,5.81078E+21,1.36263E+16,5.23566E+16
193831,,12,0,62,92,2017,11,17,6,2,6,7,0,1,1,0,0,2,0,8.15768E+20,5.72975E+21,1.35632E+16,5.16299E+16
193832,,12,0,71,76,2017,11,8,6,3,6,2,0,1,1,0,0,0,0,8.89384E+20,5.74732E+21,1.46416E+16,5.17411E+16
193833,,12,0,52,0,2017,11,22,6,3,6,7,0,1,1,0,0,2,0,8.67514E+20,5.74572E+21,1.43246E+16,5.17415E+16
193834,,12,0,52,0,2017,11,15,6,3,9,1,0,1,0,0,0,0,0,8.66394E+20,5.74737E+21,1.43102E+16,5.17571E+16
193835,,12,0,60,280,2017,11,14,6,3,1,7,0,1,0,0,0,0,0,8.20114E+20,5.84174E+21,1.37312E+16,5.2631E+16
193836,,12,0,60,181,2017,11,7,6,3,5,3,0,1,0,0,0,0,1,8.08023E+20,5.8428E+21,1.35541E+16,5.26475E+16
193837,,12,0,53,0,2017,11,17,6,2,6,2,0,1,1,0,0,2,0,8.77461E+20,5.8142E+21,1.45435E+16,5.23478E+16
193838,,12,0,65,136,2017,11,8,6,2,5,3,1,1,0,0,0,0,1,7.8436E+20,5.83984E+21,1.32027E+16,5.26339E+16
193839,,12,0,65,251,2017,11,7,6,3,5,3,1,0,0,0,1,2,1,7.80171E+20,5.84276E+21,1.31435E+16,5.26623E+16
193840,,12,0,65,256,2017,11,9,6,3,5,3,1,1,0,0,0,0,1,7.86625E+20,5.85204E+21,1.32467E+16,5.27421E+16
193841,,12,0,72,232,2017,11,7,5,3,1,5,1,1,0,0,0,1,1,7.86168E+20,5.78045E+21,1.31787E+16,5.21004E+16
193842,,12,0,63,357,2017,11,21,5,3,6,4,0,1,1,0,0,2,1,7.69706E+20,5.82864E+21,1.29776E+16,5.25409E+16
193843,,12,0,54,0,2017,11,19,5,3,3,2,1,1,0,0,0,2,0,7.79233E+20,5.81201E+21,1.31038E+16,5.2387E+16
193844,,12,0,54,0,2017,11,9,5,3,5,3,1,1,0,0,0,0,1,7.76007E+20,5.81347E+21,1.30577E+16,5.24017E+16
193845,,12,0,51,0,2017,11,11,5,3,5,3,1,1,0,0,0,0,0,7.38982E+20,5.8126E+21,1.2514E+16,5.24114E+16
193846,,12,0,61,260,2017,11,10,5,3,0,3,0,1,0,1,0,0,0,8.13659E+20,5.80466E+21,1.36012E+16,5.23025E+16
193847,,12,0,62,445,2017,11,11,5,2,5,3,0,0,0,0,1,0,0,8.02363E+20,5.73883E+21,1.3378E+16,5.17187E+16
193848,,12,0,65,36,2017,11,7,5,3,0,6,1,1,0,0,0,2,1,7.89871E+20,5.84703E+21,1.32903E+16,5.26954E+16
193849,,12,0,65,136,2017,11,11,5,3,9,7,0,0,0,0,1,0,0,7.84828E+20,5.84137E+21,1.3211E+16,5.26474E+16
193850,,12,0,68,468,2017,11,7,5,3,5,3,1,1,0,0,0,1,1,7.33064E+20,5.8959E+21,1.24865E+16,5.31614E+16
193851,,12,0,68,117,2017,11,10,5,2,8,1,0,1,0,0,0,0,1,7.54833E+20,5.8568E+21,1.27806E+16,5.28007E+16
193852,,12,0,63,357,2017,11,17,4,3,5,3,0,1,0,1,0,2,1,7.69709E+20,5.82861E+21,1.29776E+16,5.25406E+16
193853,,12,0,54,0,2017,11,12,4,3,1,5,1,1,0,0,0,0,1,7.76794E+20,5.812E+21,1.30681E+16,5.23882E+16
193854,,12,0,54,0,2017,11,17,4,3,5,3,0,1,0,0,1,2,1,7.76015E+20,5.81326E+21,1.30577E+16,5.23998E+16
193855,,12,0,54,0,2017,11,16,4,3,6,4,0,1,1,0,0,2,1,7.75884E+20,5.81344E+21,1.30559E+16,5.24015E+16
193856,,12,0,51,0,2017,11,8,4,2,5,3,1,1,0,0,0,0,0,7.41461E+20,5.81287E+21,1.25506E+16,5.24127E+16
193857,,12,0,52,0,2017,11,15,4,2,4,2,1,1,0,0,0,0,0,8.67653E+20,5.74731E+21,1.43283E+16,5.17557E+16
193858,,12,0,52,0,2017,11,8,4,3,2,6,0,1,0,0,0,0,0,8.67969E+20,5.74962E+21,1.43353E+16,5.17761E+16
193859,,12,0,64,428,2017,11,16,4,3,1,5,0,1,0,0,1,2,1,8.25928E+20,5.82392E+21,1.37993E+16,5.2468E+16
193860,,12,0,67,144,2017,11,9,4,3,5,3,1,1,0,0,0,0,1,8.44722E+20,5.81469E+21,1.40654E+16,5.23737E+16
193861,,12,0,72,232,2017,11,20,3,3,1,1,0,1,0,1,0,2,0,7.85724E+20,5.77879E+21,1.31709E+16,5.20858E+16
193862,,12,0,63,36,2017,11,8,3,3,9,7,0,1,0,0,0,0,0,7.70189E+20,5.83441E+21,1.29894E+16,5.25924E+16
193863,,12,0,63,80,2017,11,9,3,3,7,7,0,1,0,0,0,0,0,7.77949E+20,5.83276E+21,1.31023E+16,5.25737E+16
193864,,12,0,54,0,2017,11,13,3,3,6,4,0,0,1,0,1,0,0,7.75731E+20,5.81359E+21,1.30538E+16,5.24029E+16
193865,,12,0,51,0,2017,11,19,3,3,5,3,1,1,0,0,0,2,1,7.41601E+20,5.81217E+21,1.25521E+16,5.24063E+16
193866,,12,0,64,136,2017,11,13,3,3,6,4,0,1,1,0,0,0,0,8.22029E+20,5.83079E+21,1.37487E+16,5.25318E+16
193867,,12,0,53,0,2017,11,15,3,3,5,2,1,1,0,0,0,0,0,8.76405E+20,5.81181E+21,1.45254E+16,5.23271E+16
193868,,12,0,67,440,2017,11,16,3,3,5,3,0,1,0,0,0,0,0,8.20006E+20,5.82417E+21,1.37126E+16,5.24736E+16
193869,,12,0,70,424,2017,11,16,3,3,6,4,0,1,1,0,0,2,1,6.83998E+20,5.87568E+21,1.1742E+16,5.2999E+16
193870,,12,0,72,17,2017,11,6,2,3,5,3,0,1,0,0,0,2,1,8.00563E+20,5.8076E+21,1.34124E+16,5.23362E+16
193871,,12,0,54,0,2017,11,7,2,3,5,3,0,1,0,0,1,0,0,7.81128E+20,5.80974E+21,1.31297E+16,5.23656E+16
193872,,12,0,54,0,2017,11,9,2,3,1,7,0,1,0,0,0,0,1,7.81666E+20,5.8106E+21,1.31383E+16,5.23731E+16
193873,,12,0,54,0,2017,11,19,2,3,0,7,1,1,0,0,0,2,0,7.76008E+20,5.81358E+21,1.30578E+16,5.24027E+16
193874,,12,0,51,0,2017,11,14,2,3,4,2,1,1,0,0,0,0,0,7.42421E+20,5.8127E+21,1.25645E+16,5.24107E+16
193875,,12,0,61,433,2017,11,14,2,3,8,7,0,1,0,0,0,0,0,8.04111E+20,5.81223E+21,1.34685E+16,5.23757E+16
193876,,12,0,61,260,2017,11,6,2,3,5,2,1,1,0,0,0,2,0,8.14677E+20,5.80272E+21,1.36143E+16,5.22845E+16
193877,,12,0,52,0,2017,11,14,2,3,5,3,1,1,0,0,0,0,0,8.67572E+20,5.74851E+21,1.43284E+16,5.17665E+16
193878,,12,0,65,256,2017,11,18,2,3,6,4,0,1,1,0,0,2,1,7.87156E+20,5.85323E+21,1.32556E+16,5.27525E+16
193879,,12,0,51,0,2017,11,13,1,3,5,3,0,1,0,0,0,0,0,7.38374E+20,5.81279E+21,1.25052E+16,5.24133E+16
193880,,12,0,60,269,2017,11,9,1,3,5,3,0,1,0,0,0,0,0,8.00088E+20,5.84586E+21,1.34399E+16,5.26793E+16
193881,,12,0,63,252,2017,11,0,7,3,8,1,0,1,0,0,0,2,1,7.24505E+20,5.83351E+21,1.23156E+16,5.26051E+16
193882,,12,0,73,532,2017,11,11,7,3,5,3,1,1,0,0,0,0,0,8.54227E+20,5.89213E+21,1.42878E+16,5.30609E+16
193883,,12,0,64,428,2017,11,14,7,3,2,2,0,1,0,0,0,0,1,8.25402E+20,5.82396E+21,1.37916E+16,5.24686E+16
193884,,12,0,67,120,2017,11,4,7,3,8,1,0,1,0,0,0,2,0,8.87821E+20,5.7922E+21,1.46697E+16,5.21437E+16
193885,,12,0,70,424,2017,11,9,7,3,5,3,1,1,0,0,0,0,1,6.82779E+20,5.87504E+21,1.17234E+16,5.29937E+16
193886,,12,0,68,468,2017,11,4,7,3,2,6,0,1,0,0,0,2,1,7.327E+20,5.89599E+21,1.24811E+16,5.31623E+16
193887,,12,0,72,240,2017,11,11,6,3,4,6,1,0,0,0,1,0,1,7.90254E+20,5.8036E+21,1.32581E+16,5.23059E+16
193888,,12,0,63,252,2017,11,16,6,3,5,3,0,1,0,1,0,1,1,7.27012E+20,5.83303E+21,1.23523E+16,5.25998E+16
193889,,12,0,54,0,2017,11,12,6,3,6,4,0,0,1,0,1,0,1,7.76096E+20,5.81339E+21,1.3059E+16,5.2401E+16
193890,,12,0,61,433,2017,11,14,6,3,5,3,0,1,0,0,1,0,1,8.06287E+20,5.81423E+21,1.35022E+16,5.23924E+16
193891,,12,0,52,0,2017,11,14,6,3,5,3,1,1,0,0,0,0,1,8.6773E+20,5.75086E+21,1.43331E+16,5.17874E+16
193892,,12,0,64,448,2017,11,12,6,3,4,2,0,1,0,0,0,0,1,8.63922E+20,5.83333E+21,1.43665E+16,5.25282E+16
193893,,12,0,67,24,2017,11,18,6,3,5,3,1,1,0,0,0,2,1,8.45039E+20,5.80405E+21,1.40591E+16,5.22783E+16
193894,,12,0,72,17,2017,11,11,5,3,1,5,0,1,0,0,0,0,0,8.01893E+20,5.81037E+21,1.34343E+16,5.23603E+16
193895,,12,0,63,252,2017,11,12,5,3,2,2,0,1,0,0,0,0,0,7.26679E+20,5.83351E+21,1.23477E+16,5.26042E+16
193896,,12,0,54,0,2017,11,8,5,3,6,4,1,0,1,0,0,0,0,7.76586E+20,5.81307E+21,1.30659E+16,5.23978E+16
193897,,12,0,66,296,2017,11,6,5,2,5,3,1,1,0,0,0,1,1,8.35579E+20,5.71496E+21,1.38344E+16,5.1486E+16
193898,,12,0,61,260,2017,11,21,5,2,4,2,1,1,0,0,0,2,0,8.15549E+20,5.80326E+21,1.36276E+16,5.22889E+16
193899,,12,0,62,128,2017,11,17,5,2,9,1,0,0,0,0,1,2,0,7.93352E+20,5.72333E+21,1.32349E+16,5.15846E+16
193900,,12,0,52,0,2017,11,11,5,2,5,3,1,1,0,0,0,0,0,8.67603E+20,5.74766E+21,1.43279E+16,5.17589E+16
193901,,12,0,60,52,2017,11,12,5,3,5,3,1,1,0,0,0,0,0,8.18231E+20,5.86469E+21,1.37257E+16,5.28377E+16
193902,,12,0,69,590,2017,11,7,4,3,6,4,0,1,1,0,0,0,0,7.70377E+20,5.80906E+21,1.29716E+16,5.2365E+16
193903,,12,0,54,0,2017,11,9,4,3,5,2,1,1,0,0,0,0,0,7.78932E+20,5.81449E+21,1.31015E+16,5.24094E+16
193904,,12,0,66,196,2017,11,10,4,3,5,3,1,1,0,0,0,0,0,8.40163E+20,5.75747E+21,1.39415E+16,5.1864E+16
193905,,12,0,65,144,2017,11,15,4,3,5,3,0,1,0,0,0,0,0,7.88796E+20,5.84388E+21,1.32716E+16,5.26677E+16
193906,,12,0,54,0,2017,11,16,3,2,3,6,0,1,0,0,0,2,0,7.75674E+20,5.8142E+21,1.30535E+16,5.24084E+16
193907,,12,0,62,124,2017,11,6,3,3,5,3,0,1,0,1,0,1,1,8.13605E+20,5.71143E+21,1.35158E+16,5.14669E+16
193908,,12,0,52,0,2017,11,17,3,3,6,7,1,0,1,0,0,2,0,8.67962E+20,5.74759E+21,1.4333E+16,5.1758E+16
193909,,12,0,60,52,2017,11,14,3,3,6,4,0,1,1,0,0,0,0,8.24587E+20,5.86466E+21,1.38197E+16,5.28336E+16
193910,,12,0,60,269,2017,11,15,3,3,5,3,0,1,0,0,0,0,0,8.0226E+20,5.85879E+21,1.34838E+16,5.2794E+16
193911,,12,0,67,144,2017,11,17,3,2,6,2,0,1,1,0,0,2,0,8.45249E+20,5.81134E+21,1.40696E+16,5.23434E+16
193912,,12,0,68,320,2017,11,17,3,2,5,3,0,1,0,0,0,2,0,7.55012E+20,5.86931E+21,1.2793E+16,5.29128E+16
193913,,12,0,72,169,2017,11,18,2,2,8,1,0,0,0,0,1,2,1,7.81633E+20,5.76897E+21,1.31033E+16,5.19998E+16
193914,,12,0,63,252,2017,11,10,2,2,6,4,0,1,1,0,0,0,0,7.26352E+20,5.83361E+21,1.23429E+16,5.26053E+16
193915,,12,0,54,0,2017,11,7,2,3,5,2,1,1,0,0,0,1,1,7.79103E+20,5.8098E+21,1.31001E+16,5.23673E+16
193916,,12,0,54,0,2017,11,10,2,3,1,5,1,1,0,0,0,0,0,7.76267E+20,5.81298E+21,1.30611E+16,5.23972E+16
193917,,12,0,51,0,2017,11,14,2,3,5,7,1,1,0,0,0,0,0,7.39351E+20,5.81519E+21,1.25213E+16,5.24344E+16
193918,,12,0,61,320,2017,11,16,2,3,2,6,0,1,0,0,0,2,0,8.23952E+20,5.75517E+21,1.37047E+16,5.18531E+16
193919,,12,0,61,320,2017,11,11,2,2,5,3,0,1,0,1,0,0,0,8.23836E+20,5.75505E+21,1.37029E+16,5.18521E+16
193920,,12,0,61,332,2017,11,10,2,2,6,6,0,0,1,0,1,0,0,8.09521E+20,5.80006E+21,1.35365E+16,5.22637E+16