OBJECTID,UIDENTSTLA,ULAND,UREGBEZ,UKREIS,UGEMEINDE,UJAHR,UMONAT,USTUNDE,UWOCHENTAG,UKATEGORIE,UART,UTYP1,IstRad,IstPKW,IstFuss,IstKrad,IstSonstig,LICHT,STRZUSTAND,LINREFX,LINREFY,XGCSWGS84,YGCSWGS84
194295,,12,0,64,227,2017,11,7,4,3,5,3,1,1,0,0,0,2,1,8.14351E+20,5.82759E+21,1.36329E+16,5.25076E+16
194296,,12,0,72,120,2017,11,0,3,3,1,5,0,1,0,0,1,2,1,7.93428E+20,5.81168E+21,1.33115E+16,5.23766E+16
194297,,12,0,72,240,2017,11,18,3,3,5,2,1,1,0,0,0,2,0,7.90608E+20,5.80472E+21,1.32642E+16,5.23157E+16
194298,,12,0,63,252,2017,11,19,3,3,6,7,0,1,1,0,0,2,1,7.2621E+20,5.83381E+21,1.2341E+16,5.26071E+16
194299,,12,0,63,208,2017,11,9,3,3,5,3,0,1,0,0,0,0,0,7.62029E+20,5.83546E+21,1.28701E+16,5.26059E+16
194300,,12,0,52,0,2017,11,16,3,3,5,2,1,1,0,0,0,2,1,8.67516E+20,5.74524E+21,1.43241E+16,5.17372E+16
194301,,12,0,53,0,2017,11,14,3,3,6,4,0,1,1,0,0,0,0,8.75489E+20,5.81176E+21,1.4512E+16,5.23274E+16
194302,,12,0,70,316,2017,11,11,3,2,2,2,0,1,0,0,1,0,0,7.12125E+20,5.89425E+21,1.21727E+16,5.31553E+16
194303,,12,0,70,424,2017,11,6,3,3,6,2,0,1,1,0,0,2,0,6.8494E+20,5.87614E+21,1.17562E+16,5.30028E+16
194304,,12,0,72,169,2017,11,18,2,2,6,4,0,1,1,0,0,2,1,7.7836E+20,5.76842E+21,1.30552E+16,5.19966E+16
194305,,12,0,63,252,2017,11,16,2,3,5,3,1,1,0,0,0,1,1,7.25615E+20,5.83385E+21,1.23322E+16,5.26077E+16
194306,,12,0,63,252,2017,11,16,2,3,1,5,1,1,0,0,0,1,1,7.26516E+20,5.83369E+21,1.23454E+16,5.26059E+16
194307,,12,0,63,357,2017,11,7,2,3,0,7,0,0,0,0,1,0,1,7.69701E+20,5.82875E+21,1.29776E+16,5.25419E+16
194308,,12,0,63,36,2017,11,7,2,3,1,5,0,1,0,0,0,1,1,7.70036E+20,5.83322E+21,1.29862E+16,5.25818E+16
194309,,12,0,69,304,2017,11,16,2,2,5,2,0,1,0,0,0,2,1,7.84897E+20,5.81399E+21,1.31885E+16,5.24018E+16
194310,,12,0,54,0,2017,11,15,2,3,6,4,0,1,1,0,0,0,1,7.8083E+20,5.81117E+21,1.31265E+16,5.23787E+16
194311,,12,0,54,0,2017,11,17,2,3,5,2,1,1,0,0,0,2,1,7.80105E+20,5.81176E+21,1.31164E+16,5.23843E+16
194312,,12,0,66,320,2017,11,16,2,3,2,6,0,0,0,1,1,1,1,8.50802E+20,5.74913E+21,1.4087E+16,5.17828E+16
194313,,10,0,41,100,2017,5,16,6,3,0,6,1,0,1,0,0,0,0,3.53841E+20,5.45572E+21,6.99213E+15,4.92368E+16
194314,,10,0,41,100,2017,5,12,6,3,5,3,0,1,0,0,1,0,1,3.54861E+20,5.45338E+21,7.00697E+15,4.9216E+16
194315,,10,0,43,114,2017,5,5,5,3,1,5,0,1,0,0,0,1,0,3.68883E+20,5.468E+21,7.19463E+15,4.93506E+16
194316,,10,0,45,117,2017,5,20,4,3,8,1,1,0,0,0,0,0,0,3.6236E+20,5.46031E+21,7.10752E+15,4.928E+16
194317,,10,0,42,111,2017,5,18,4,3,5,3,0,1,0,0,0,0,0,3.31165E+20,5.47389E+21,6.67319E+15,4.93942E+16
194318,,10,0,41,519,2017,5,17,4,3,1,5,1,1,0,0,0,0,0,3.42694E+20,5.45721E+21,6.83852E+15,4.92474E+16
194319,,10,0,42,116,2017,5,17,3,3,5,3,1,1,0,0,0,0,0,3.43419E+20,5.48379E+21,6.83802E+15,4.94865E+16
194320,,10,0,44,118,2017,5,9,3,3,3,5,0,1,0,1,0,0,0,3.40949E+20,5.46316E+21,6.8122E+15,4.93004E+16
194321,,10,0,44,115,2017,5,15,3,3,0,7,1,0,0,0,0,0,0,3.36313E+20,5.46582E+21,6.74738E+15,4.93231E+16
194322,,10,0,44,115,2017,5,11,3,3,0,7,1,0,0,0,1,0,0,3.36422E+20,5.46668E+21,6.74854E+15,4.93309E+16
194323,,10,0,45,114,2017,5,13,2,3,4,6,1,1,0,0,0,0,0,3.79167E+20,5.46689E+21,7.3365E+15,4.93427E+16
194324,,10,0,46,114,2017,5,16,2,1,0,1,1,0,0,0,0,0,0,3.58715E+20,5.49257E+21,7.04594E+15,4.95692E+16
194325,,10,0,42,115,2017,5,7,2,3,5,3,0,1,0,0,0,0,0,3.10854E+20,5.48314E+21,6.38914E+15,4.94714E+16
194326,,10,0,44,119,2017,5,12,2,3,9,1,0,1,0,0,0,0,0,3.33147E+20,5.45673E+21,6.70764E+15,4.92406E+16
194327,,10,0,41,100,2017,5,6,2,3,8,6,0,1,0,0,0,1,0,3.49844E+20,5.45583E+21,6.93721E+15,4.92368E+16
194328,,10,0,41,518,2017,5,12,1,3,3,3,0,1,0,0,0,0,1,3.59704E+20,5.46098E+21,7.07078E+15,4.92855E+16
194329,,10,0,46,117,2017,5,17,6,2,2,7,1,0,0,0,0,0,0,3.66998E+20,5.48103E+21,7.16433E+15,4.94673E+16
194330,,10,0,45,116,2017,5,17,4,3,9,1,1,1,0,0,0,0,0,3.67847E+20,5.45062E+21,7.1861E+15,4.91942E+16
194331,,10,0,42,113,2017,5,16,4,3,5,7,1,1,0,0,0,0,0,3.28854E+20,5.47916E+21,6.63909E+15,4.9441E+16
194332,,10,0,41,100,2017,5,7,4,2,6,4,0,1,1,0,0,0,0,3.58034E+20,5.45515E+21,7.04989E+15,4.92327E+16
194333,,10,0,45,114,2017,5,13,3,3,1,7,1,1,0,0,0,0,0,3.79035E+20,5.46436E+21,7.33546E+15,4.93199E+16
194334,,10,0,42,116,2017,5,18,3,3,5,3,1,1,0,0,0,0,0,3.45107E+20,5.49213E+21,6.85804E+15,4.95619E+16
194335,,10,0,42,115,2017,5,17,3,3,5,3,0,1,0,0,0,0,0,3.10541E+20,5.48321E+21,6.38479E+15,4.9472E+16
194336,,10,0,41,519,2017,5,13,3,2,6,4,0,1,1,0,0,0,0,3.44067E+20,5.45806E+21,6.85704E+15,4.92555E+16
194337,,10,0,41,515,2017,5,17,2,3,0,7,1,1,0,0,0,0,0,3.46398E+20,5.46135E+21,6.88779E+15,4.92856E+16
194338,,10,0,41,100,2017,5,19,1,3,8,1,0,1,0,0,0,0,1,3.49214E+20,5.4557E+21,6.92861E+15,4.92355E+16
194339,,10,0,41,100,2017,5,2,1,3,2,6,0,1,0,0,0,2,0,3.5368E+20,5.45598E+21,6.98982E+15,4.92391E+16
194340,,10,0,44,111,2017,5,23,7,3,9,1,0,1,0,0,0,2,1,3.34861E+20,5.46885E+21,6.72617E+15,4.935E+16
194341,,10,0,41,100,2017,5,12,7,3,5,7,0,1,0,1,0,0,0,3.54777E+20,5.45412E+21,7.00556E+15,4.92226E+16
194342,,10,0,43,114,2017,5,7,6,3,0,1,0,0,0,1,0,1,1,3.67676E+20,5.46744E+21,7.17821E+15,4.93453E+16
194343,,10,0,44,116,2017,5,6,6,3,7,7,0,1,0,0,0,0,1,3.38618E+20,5.46931E+21,6.77767E+15,4.93551E+16
194344,,10,0,41,100,2017,5,18,6,3,4,7,0,1,0,0,0,0,0,3.53076E+20,5.45675E+21,6.98125E+15,4.92459E+16
194345,,10,0,41,100,2017,5,13,6,3,2,6,0,1,0,0,1,0,0,3.52108E+20,5.45586E+21,6.96828E+15,4.92376E+16
194346,,10,0,41,100,2017,5,12,6,3,1,6,1,1,0,0,0,0,0,3.49298E+20,5.45584E+21,6.92971E+15,4.92368E+16
194347,,10,0,41,100,2017,5,7,6,3,5,7,0,1,0,0,1,0,0,3.52065E+20,5.4531E+21,6.96871E+15,4.92128E+16
194348,,10,0,41,100,2017,5,18,6,3,1,5,1,1,0,0,0,0,0,3.53855E+20,5.45508E+21,6.99255E+15,4.9231E+16
194349,,10,0,41,100,2017,5,7,6,2,0,1,1,1,0,0,0,0,0,3.55044E+20,5.45641E+21,7.00839E+15,4.92433E+16
194350,,10,0,45,114,2017,5,19,5,3,5,3,0,1,0,0,0,0,1,3.79011E+20,5.4663E+21,7.33453E+15,4.93374E+16
194351,,10,0,46,117,2017,5,13,4,3,1,2,0,1,0,0,0,0,0,3.66883E+20,5.48073E+21,7.16283E+15,4.94646E+16
194352,,10,0,41,100,2017,5,9,4,3,5,3,0,1,0,0,0,0,0,3.54922E+20,5.45705E+21,7.00649E+15,4.9249E+16
194353,,10,0,45,117,2017,5,11,3,3,6,2,0,1,1,0,0,0,0,3.62833E+20,5.46E+21,7.11412E+15,4.92773E+16
194354,,10,0,44,121,2017,5,18,3,3,6,7,0,1,1,0,0,0,0,3.29245E+20,5.46261E+21,6.65158E+15,4.92924E+16
194355,,10,0,41,100,2017,5,18,3,2,6,4,1,0,1,0,0,0,0,3.52493E+20,5.4566E+21,6.9733E+15,4.92444E+16
194356,,10,0,41,100,2017,5,20,2,3,3,6,0,1,0,0,0,0,0,3.51488E+20,5.4562E+21,6.95965E+15,4.92405E+16
194357,,10,0,46,112,2017,4,15,1,3,5,3,1,1,0,0,0,0,0,3.58927E+20,5.47915E+21,7.05366E+15,4.94487E+16
194358,,10,0,43,114,2017,4,16,7,3,4,6,0,1,0,0,0,0,0,3.67872E+20,5.46859E+21,7.18051E+15,4.93557E+16
194359,,10,0,43,114,2017,4,7,7,3,1,5,0,1,0,0,0,0,0,3.671E+20,5.47004E+21,7.16941E+15,4.93686E+16
194360,,10,0,41,100,2017,4,0,7,3,0,7,0,1,1,0,0,2,0,3.52939E+20,5.45523E+21,6.97992E+15,4.92322E+16
194361,,10,0,41,100,2017,4,17,7,3,5,3,0,1,0,0,0,0,0,3.52417E+20,5.45528E+21,6.97274E+15,4.92325E+16
194362,,10,0,44,116,2017,4,14,6,3,8,1,0,0,0,1,0,0,0,3.40542E+20,5.46894E+21,6.80429E+15,4.93523E+16
194363,,10,0,41,517,2017,4,20,6,2,0,7,0,0,0,1,0,1,1,3.48105E+20,5.46537E+21,6.90971E+15,4.93222E+16
194364,,10,0,41,514,2017,4,13,6,3,6,4,0,1,1,0,0,0,0,3.56713E+20,5.44679E+21,7.03473E+15,4.91572E+16
194365,,10,0,45,115,2017,4,13,5,3,5,3,0,1,0,0,0,0,0,3.73858E+20,5.46393E+21,7.26439E+15,4.93151E+16
194366,,10,0,42,115,2017,4,7,5,3,9,2,1,0,0,0,0,0,0,3.10576E+20,5.48325E+21,6.38526E+15,4.94723E+16
194367,,10,0,43,116,2017,4,18,5,3,8,1,0,0,0,1,0,0,0,3.64666E+20,5.46901E+21,7.13625E+15,4.93588E+16
194368,,10,0,41,519,2017,4,17,4,3,0,1,1,0,0,0,0,0,0,3.43711E+20,5.45786E+21,6.85224E+15,4.92535E+16
194369,,10,0,41,100,2017,4,16,4,3,0,1,1,0,0,0,0,0,0,3.54368E+20,5.45433E+21,6.99986E+15,4.92244E+16
194370,,10,0,41,100,2017,4,8,4,2,0,1,0,0,0,1,0,0,0,3.56537E+20,5.45541E+21,7.02925E+15,4.92347E+16
194371,,10,0,45,111,2017,4,10,3,3,0,7,0,0,0,1,0,0,0,3.73439E+20,5.46718E+21,7.25759E+15,4.93442E+16
194372,,10,0,42,113,2017,4,17,3,3,2,6,0,1,0,0,0,0,0,3.29479E+20,5.47939E+21,6.6476E+15,4.94433E+16
194373,,10,0,41,100,2017,4,18,3,3,2,6,0,1,0,0,0,0,0,3.54584E+20,5.455E+21,7.00259E+15,4.92305E+16
194374,,10,0,45,114,2017,4,13,2,3,0,3,1,1,0,0,0,0,0,3.8002E+20,5.46681E+21,7.34827E+15,4.93422E+16
194375,,10,0,45,114,2017,4,7,2,3,0,2,1,1,0,0,0,0,0,3.7878E+20,5.46663E+21,7.33126E+15,4.93404E+16
194376,,10,0,44,112,2017,4,20,2,3,6,6,0,1,1,0,0,0,0,3.47585E+20,5.47427E+21,6.89916E+15,4.9402E+16
194377,,10,0,44,115,2017,4,17,1,2,0,1,1,0,0,0,0,0,0,3.36743E+20,5.46736E+21,6.75266E+15,4.93371E+16
194378,,10,0,46,115,2017,4,18,7,2,0,7,1,0,0,0,1,0,0,3.55187E+20,5.49633E+21,6.99579E+15,4.96022E+16
194379,,10,0,43,114,2017,4,18,6,2,0,7,0,0,0,1,0,0,0,3.67644E+20,5.46746E+21,7.17776E+15,4.93455E+16
194380,,10,0,41,517,2017,4,10,6,3,8,1,0,1,0,0,0,0,0,3.49734E+20,5.46334E+21,6.93288E+15,4.93043E+16
194381,,10,0,44,112,2017,4,15,5,3,1,2,0,1,0,0,0,0,0,3.47183E+20,5.4772E+21,6.8925E+15,4.94282E+16
194382,,10,0,46,111,2017,4,21,3,2,5,2,1,1,0,0,0,2,0,3.74061E+20,5.48732E+21,7.25975E+15,4.95254E+16
194383,,10,0,43,114,2017,4,12,3,3,0,7,0,0,0,1,0,0,0,3.66849E+20,5.46752E+21,7.16679E+15,4.93458E+16
194384,,10,0,44,119,2017,4,19,3,3,6,1,0,1,1,0,0,0,0,3.31988E+20,5.45942E+21,6.69061E+15,4.92644E+16
194385,,10,0,44,115,2017,4,1,1,3,8,1,0,1,0,0,0,2,1,3.36527E+20,5.46505E+21,6.75065E+15,4.93163E+16
194386,,10,0,46,111,2017,4,9,7,2,6,2,0,1,1,0,0,0,0,3.7329E+20,5.49027E+21,7.24815E+15,4.95518E+16
194387,,10,0,44,115,2017,4,13,7,3,5,3,0,1,0,0,0,0,0,3.39412E+20,5.46692E+21,6.78956E+15,4.93339E+16
194388,,10,0,41,519,2017,4,11,7,3,8,1,0,1,0,0,0,0,0,3.43797E+20,5.45752E+21,6.85355E+15,4.92505E+16
194389,,10,0,45,114,2017,4,17,5,3,0,1,1,0,0,0,0,0,0,3.79228E+20,5.46451E+21,7.33805E+15,4.93214E+16
194390,,10,0,42,116,2017,4,18,5,2,0,1,0,0,0,1,0,0,0,3.47858E+20,5.49189E+21,6.89614E+15,4.95605E+16
194391,,10,0,44,112,2017,4,11,5,2,6,7,0,1,1,0,0,0,0,3.48315E+20,5.47505E+21,6.90892E+15,4.94092E+16
194392,,10,0,44,122,2017,4,16,5,3,3,6,1,1,0,0,0,0,0,3.39296E+20,5.46091E+21,6.79039E+15,4.92798E+16
194393,,10,0,44,115,2017,4,19,4,3,1,5,0,1,0,0,0,0,0,3.36801E+20,5.46474E+21,6.75454E+15,4.93135E+16
194394,,10,0,41,519,2017,4,14,4,3,0,7,1,1,0,0,0,0,0,3.4403E+20,5.45753E+21,6.85674E+15,4.92507E+16
194395,,10,0,45,114,2017,4,14,3,3,0,7,0,0,1,0,1,0,0,3.79154E+20,5.46445E+21,7.33706E+15,4.93208E+16
194396,,10,0,44,115,2017,4,12,3,3,0,7,1,0,0,0,0,0,0,3.37695E+20,5.46608E+21,6.76628E+15,4.93258E+16
194397,,10,0,41,100,2017,4,16,3,3,6,6,1,0,1,0,0,0,0,3.53858E+20,5.45558E+21,6.99241E+15,4.92356E+16
194398,,10,0,43,111,2017,4,18,2,3,6,7,0,1,1,0,0,0,0,3.54379E+20,5.47277E+21,6.9933E+15,4.93902E+16
194399,,10,0,45,112,2017,4,18,1,3,0,6,0,1,1,0,0,0,0,3.69338E+20,5.45665E+21,7.20459E+15,4.92487E+16
194400,,10,0,41,100,2017,4,17,1,2,7,7,1,0,0,0,0,0,0,3.58772E+20,5.4551E+21,7.06005E+15,4.92324E+16
194401,,10,0,41,100,2017,4,20,7,2,1,5,1,1,0,0,0,2,0,3.50972E+20,5.45664E+21,6.9524E+15,4.92443E+16
194402,,10,0,45,111,2017,4,9,6,3,0,7,0,0,0,0,1,0,0,3.72749E+20,5.46822E+21,7.24777E+15,4.93534E+16
194403,,10,0,43,114,2017,4,10,6,3,3,1,0,1,0,0,0,0,0,3.68668E+20,5.46697E+21,7.19201E+15,4.93413E+16
194404,,10,0,41,100,2017,4,18,6,3,6,4,1,0,1,0,0,0,0,3.52246E+20,5.45599E+21,6.97013E+15,4.92388E+16
194405,,10,0,42,117,2017,4,14,5,3,6,4,0,0,1,0,1,0,0,3.39941E+20,5.49132E+21,6.78698E+15,4.95533E+16
194406,,10,0,44,115,2017,4,10,5,3,1,2,0,1,0,0,0,0,0,3.36439E+20,5.46605E+21,6.74902E+15,4.93252E+16
194407,,10,0,41,519,2017,4,16,5,3,6,4,0,1,1,0,0,0,0,3.44056E+20,5.45787E+21,6.85696E+15,4.92537E+16
194408,,10,0,42,112,2017,4,12,4,3,2,6,0,1,0,0,0,0,0,3.37416E+20,5.48673E+21,6.75399E+15,4.95114E+16
194409,,10,0,45,117,2017,4,13,3,3,5,3,0,1,0,1,0,0,0,3.62771E+20,5.45868E+21,7.11372E+15,4.92655E+16
194410,,10,0,46,111,2017,4,17,2,2,0,5,0,1,0,1,0,0,0,3.73668E+20,5.48968E+21,7.25356E+15,4.95465E+16
194411,,10,0,41,519,2017,4,14,2,3,5,3,1,1,0,0,0,0,0,3.4416E+20,5.45745E+21,6.85855E+15,4.925E+16
194412,,10,0,41,100,2017,4,12,2,3,5,2,0,1,0,0,0,0,0,3.54169E+20,5.45592E+21,6.99656E+15,4.92386E+16
194413,,10,0,41,100,2017,4,10,2,3,6,4,0,1,1,0,0,0,0,3.55157E+20,5.45471E+21,7.01056E+15,4.9228E+16
194414,,10,0,43,114,2017,4,0,1,3,8,5,0,1,0,0,0,2,0,3.71416E+20,5.46795E+21,7.2295E+15,4.93507E+16
194415,,10,0,41,519,2017,4,15,1,2,5,3,0,1,0,1,0,0,0,3.43566E+20,5.45797E+21,6.8502E+15,4.92545E+16
194416,,10,0,41,100,2017,4,4,1,3,0,4,0,1,1,0,0,2,0,3.52933E+20,5.4555E+21,6.97975E+15,4.92346E+16
194417,,10,0,41,100,2017,4,14,7,3,2,6,0,1,0,1,0,0,0,3.50362E+20,5.456E+21,6.94427E+15,4.92385E+16
194418,,10,0,45,117,2017,3,17,6,2,5,3,0,1,0,1,0,0,0,3.62275E+20,5.46061E+21,7.10623E+15,4.92827E+16
194419,,10,0,41,100,2017,3,17,6,3,1,6,0,1,0,0,0,0,0,3.52225E+20,5.4553E+21,6.9701E+15,4.92326E+16
194420,,10,0,45,112,2017,3,16,5,3,1,1,1,1,0,0,0,0,0,3.69412E+20,5.45382E+21,7.20654E+15,4.92232E+16
194421,,10,0,42,113,2017,3,21,5,3,9,1,1,0,0,0,0,2,0,3.31487E+20,5.48156E+21,6.67436E+15,4.94633E+16
194422,,10,0,43,112,2017,3,17,5,2,5,3,1,1,0,0,0,0,0,3.57963E+20,5.46997E+21,7.04366E+15,4.93658E+16
194423,,10,0,43,114,2017,3,11,5,3,5,3,1,1,0,0,0,0,0,3.72005E+20,5.46464E+21,7.23867E+15,4.9321E+16
194424,,10,0,44,119,2017,3,18,5,3,8,1,0,0,0,1,0,0,0,3.32161E+20,5.45864E+21,6.69331E+15,4.92575E+16
194425,,10,0,41,518,2017,3,14,5,3,2,2,0,1,0,0,0,0,0,3.59055E+20,5.46404E+21,7.06079E+15,4.93128E+16
194426,,10,0,41,100,2017,3,21,5,2,6,4,0,1,1,0,0,2,0,3.54854E+20,5.45595E+21,7.00595E+15,4.92391E+16
194427,,10,0,45,117,2017,3,17,4,3,0,7,0,1,0,1,0,0,0,3.62204E+20,5.4592E+21,7.10575E+15,4.92701E+16
194428,,10,0,41,100,2017,3,13,4,3,2,6,0,1,0,0,0,0,0,3.53256E+20,5.45624E+21,6.98391E+15,4.92413E+16
194429,,10,0,46,113,2017,3,12,3,3,0,7,1,0,0,0,0,0,0,3.69143E+20,5.48593E+21,7.19229E+15,4.95119E+16
194430,,10,0,45,114,2017,3,10,3,3,1,2,0,1,0,0,0,0,0,3.79025E+20,5.4646E+21,7.33524E+15,4.93221E+16
194431,,10,0,42,112,2017,3,17,3,2,6,4,0,1,1,0,0,0,0,3.3668E+20,5.48657E+21,6.74389E+15,4.95098E+16
194432,,10,0,41,517,2017,3,9,3,3,2,6,0,1,0,0,0,0,0,3.49776E+20,5.46401E+21,6.93321E+15,4.93103E+16
194433,,10,0,44,111,2017,3,7,2,3,6,4,0,1,1,0,0,0,0,3.34254E+20,5.46958E+21,6.71752E+15,4.93564E+16
194434,,10,0,44,113,2017,3,7,2,3,4,1,0,1,0,0,0,0,0,3.43241E+20,5.47298E+21,6.83984E+15,4.93893E+16
194435,,10,0,41,516,2017,3,16,2,2,6,7,0,0,1,0,1,0,0,3.5665E+20,5.46348E+21,7.02792E+15,4.93072E+16
194436,,10,0,41,100,2017,3,6,2,3,4,2,1,1,0,0,0,2,0,3.53555E+20,5.45416E+21,6.98877E+15,4.92227E+16
194437,,10,0,46,118,2017,3,8,1,2,9,1,0,1,0,0,0,0,0,3.57752E+20,5.48157E+21,7.0366E+15,4.94701E+16
194438,,10,0,45,114,2017,3,16,6,3,5,3,0,1,0,0,1,0,0,3.78896E+20,5.4657E+21,7.33314E+15,4.9332E+16
194439,,10,0,43,113,2017,3,16,6,3,5,3,1,1,0,0,0,0,0,3.61196E+20,5.47026E+21,7.08806E+15,4.93692E+16
194440,,10,0,44,115,2017,3,18,6,3,3,6,0,1,0,1,0,0,0,3.38418E+20,5.46549E+21,6.77646E+15,4.93207E+16
194441,,10,0,45,117,2017,3,21,4,3,6,7,1,0,1,0,0,2,0,3.62862E+20,5.46045E+21,7.11436E+15,4.92814E+16
194442,,10,0,45,117,2017,3,15,4,3,6,7,0,1,1,0,0,0,0,3.62805E+20,5.45982E+21,7.1138E+15,4.92757E+16
194443,,10,0,43,114,2017,3,12,4,3,5,3,0,1,0,1,0,0,0,3.68287E+20,5.46784E+21,7.18648E+15,4.93491E+16
194444,,10,0,44,120,2017,3,7,3,3,2,6,0,1,0,0,0,0,1,3.3789E+20,5.45687E+21,6.77271E+15,4.92431E+16
194445,,10,0,41,100,2017,3,12,3,3,5,3,0,1,0,0,0,0,1,3.57585E+20,5.45212E+21,7.0448E+15,4.92053E+16
194446,,10,0,45,117,2017,3,11,2,3,6,4,0,1,1,0,0,0,0,3.6276E+20,5.46023E+21,7.11304E+15,4.92794E+16
194447,,10,0,41,100,2017,3,15,2,2,6,4,0,1,1,0,0,0,0,3.52357E+20,5.45602E+21,6.97164E+15,4.92392E+16
194448,,10,0,44,115,2017,3,0,1,2,2,6,0,1,0,0,0,2,1,3.36638E+20,5.46455E+21,6.75238E+15,4.93118E+16
194449,,10,0,45,114,2017,3,20,7,3,5,2,0,1,0,0,0,2,1,3.78453E+20,5.46572E+21,7.32703E+15,4.93321E+16
194450,,10,0,42,116,2017,3,17,6,3,0,3,1,1,0,0,0,0,0,3.43543E+20,5.48386E+21,6.83971E+15,4.94872E+16
194451,,10,0,42,113,2017,3,14,6,3,5,3,1,1,0,0,0,0,0,3.28474E+20,5.47921E+21,6.63383E+15,4.94414E+16
194452,,10,0,43,114,2017,3,7,6,3,6,7,0,1,1,0,0,1,0,3.67633E+20,5.46833E+21,7.17731E+15,4.93533E+16
194453,,10,0,44,111,2017,3,10,6,3,5,2,1,1,0,0,0,0,0,3.34292E+20,5.46959E+21,6.71804E+15,4.93564E+16
194454,,10,0,44,115,2017,3,13,6,3,2,6,0,1,0,0,0,0,0,3.36058E+20,5.46486E+21,6.74427E+15,4.93145E+16
194455,,10,0,44,115,2017,3,9,6,3,6,4,1,0,1,0,0,0,0,3.36357E+20,5.46666E+21,6.74764E+15,4.93307E+16
194456,,10,0,46,117,2017,3,17,5,3,0,1,1,0,0,0,0,0,0,3.66347E+20,5.47923E+21,7.15595E+15,4.9451E+16
194457,,10,0,45,117,2017,3,5,5,3,1,7,0,1,0,0,0,2,0,3.63469E+20,5.45912E+21,7.12315E+15,4.92696E+16
194458,,10,0,42,117,2017,3,17,5,3,1,5,0,1,0,0,0,0,0,3.43257E+20,5.49123E+21,6.83283E+15,4.95533E+16
194459,,10,0,42,116,2017,3,15,4,3,6,4,0,1,1,0,0,0,0,3.50361E+20,5.49337E+21,6.93017E+15,4.95744E+16
194460,,10,0,42,114,2017,3,18,3,3,0,1,1,0,0,0,0,0,0,3.25535E+20,5.48499E+21,6.59078E+15,4.94925E+16
194461,,10,0,43,114,2017,3,22,3,3,8,1,0,1,0,0,0,2,0,3.68134E+20,5.47057E+21,7.18346E+15,4.93736E+16
194462,,10,0,44,120,2017,3,17,3,3,9,7,0,1,0,0,0,0,0,3.40963E+20,5.45861E+21,6.81419E+15,4.92596E+16
194463,,10,0,44,122,2017,3,18,2,3,7,7,0,1,0,0,0,0,0,3.38983E+20,5.46137E+21,6.7859E+15,4.92839E+16
194464,,10,0,44,115,2017,3,20,2,3,1,5,0,1,0,1,0,2,0,3.34836E+20,5.46155E+21,6.72884E+15,4.92843E+16
194465,,10,0,41,100,2017,3,23,2,3,6,7,0,1,1,0,0,2,0,3.53801E+20,5.45613E+21,6.99142E+15,4.92405E+16
194466,,10,0,43,114,2017,3,17,7,3,4,6,0,1,0,0,0,0,0,3.68553E+20,5.46834E+21,7.18998E+15,4.93536E+16
194467,,10,0,41,519,2017,3,14,7,3,2,2,0,1,1,0,1,0,0,3.40253E+20,5.45428E+21,6.80618E+15,4.92205E+16
194468,,10,0,45,116,2017,3,10,6,3,0,7,0,1,0,0,0,0,0,3.64754E+20,5.45112E+21,7.14351E+15,4.91979E+16
194469,,10,0,42,115,2017,3,8,6,3,2,6,0,1,0,0,0,0,0,3.14099E+20,5.48557E+21,6.43274E+15,4.94943E+16
194470,,10,0,41,100,2017,3,12,6,3,6,2,0,1,1,0,0,0,0,3.52132E+20,5.45677E+21,6.96828E+15,4.92459E+16
194471,,10,0,45,114,2017,3,14,5,3,2,6,0,1,0,0,0,0,0,3.78258E+20,5.46547E+21,7.32443E+15,4.93298E+16
194472,,10,0,42,115,2017,3,17,5,2,8,7,0,1,0,0,0,0,0,3.14183E+20,5.48664E+21,6.4334E+15,4.95039E+16
194473,,10,0,44,115,2017,3,16,4,3,6,7,0,1,1,0,0,0,0,3.37842E+20,5.4662E+21,6.76825E+15,4.9327E+16
194474,,10,0,42,116,2017,3,17,2,3,8,1,0,0,0,1,0,0,0,3.45658E+20,5.48476E+21,6.86853E+15,4.94958E+16
194475,,10,0,41,516,2017,3,13,2,2,4,1,0,1,0,0,0,0,1,3.57589E+20,5.46755E+21,7.03937E+15,4.9344E+16
194476,,10,0,45,111,2017,3,14,1,3,6,7,0,1,1,0,0,0,0,3.73608E+20,5.46851E+21,7.25949E+15,4.93562E+16
194477,,10,0,41,519,2017,3,20,1,2,8,1,0,1,0,0,0,2,1,3.47814E+20,5.45746E+21,6.90873E+15,4.9251E+16
194478,,10,0,46,112,2017,3,9,7,3,6,5,0,1,1,0,0,0,0,3.59747E+20,5.48004E+21,7.06465E+15,4.94568E+16
194479,,10,0,41,100,2017,3,17,7,2,3,6,0,1,0,1,0,1,1,3.54157E+20,5.45593E+21,6.99639E+15,4.92388E+16
194480,,10,0,41,100,2017,3,21,6,3,2,6,0,1,0,0,0,2,0,3.52311E+20,5.45374E+21,6.97185E+15,4.92186E+16
194481,,10,0,41,100,2017,3,12,6,3,2,6,0,1,0,0,0,0,0,3.52322E+20,5.45529E+21,6.97144E+15,4.92326E+16
194482,,10,0,43,114,2017,3,15,5,3,6,4,0,1,1,0,0,0,0,3.67546E+20,5.46797E+21,7.17624E+15,4.93501E+16