OBJECTID,UIDENTSTLA,ULAND,UREGBEZ,UKREIS,UGEMEINDE,UJAHR,UMONAT,USTUNDE,UWOCHENTAG,UKATEGORIE,UART,UTYP1,IstRad,IstPKW,IstFuss,IstKrad,IstSonstig,LICHT,STRZUSTAND,LINREFX,LINREFY,XGCSWGS84,YGCSWGS84
194670,,10,0,44,115,2017,7,19,7,2,0,1,1,0,0,0,0,1,0,3.35975E+20,5.46503E+21,6.74306E+15,4.9316E+16
194671,,10,0,41,100,2017,7,5,7,3,9,1,0,1,0,0,0,1,1,3.57743E+20,5.45217E+21,7.04695E+15,4.92058E+16
194672,,10,0,43,112,2017,7,18,6,3,0,7,1,0,0,0,0,0,0,3.60068E+20,5.47212E+21,7.07187E+15,4.93857E+16
194673,,10,0,44,113,2017,7,15,6,3,1,5,0,1,0,1,0,0,0,3.433E+20,5.4733E+21,6.84052E+15,4.93922E+16
194674,,10,0,44,121,2017,7,20,6,2,8,1,0,1,0,0,0,0,0,3.33178E+20,5.46618E+21,6.70414E+15,4.93255E+16
194675,,10,0,44,115,2017,7,8,6,3,0,7,0,0,0,1,0,0,0,3.37008E+20,5.4676E+21,6.75621E+15,4.93393E+16
194676,,10,0,41,515,2017,7,15,6,3,5,3,1,1,0,0,0,0,0,3.46183E+20,5.46172E+21,6.88469E+15,4.92888E+16
194677,,10,0,41,100,2017,7,10,6,2,0,5,0,1,0,1,0,0,0,3.55544E+20,5.4535E+21,7.01631E+15,4.92172E+16
194678,,10,0,44,118,2017,7,21,5,2,1,5,0,1,0,1,0,1,0,3.42539E+20,5.46188E+21,6.83456E+15,4.92894E+16
194679,,10,0,46,114,2017,7,17,4,3,0,7,0,1,0,0,1,0,0,3.60097E+20,5.49282E+21,7.06495E+15,4.95718E+16
194680,,10,0,42,111,2017,7,20,4,2,8,1,0,0,0,1,0,0,0,3.36381E+20,5.47785E+21,6.74337E+15,4.94313E+16
194681,,10,0,43,117,2017,7,16,4,3,8,1,1,0,0,0,0,0,0,3.65628E+20,5.46405E+21,7.15116E+15,4.93144E+16
194682,,10,0,41,513,2017,7,19,4,3,3,3,1,1,0,0,0,0,0,3.48994E+20,5.46733E+21,6.9212E+15,4.934E+16
194683,,10,0,42,112,2017,7,19,3,2,0,1,1,0,0,0,0,0,0,3.37859E+20,5.49142E+21,6.75817E+15,4.95537E+16
194684,,10,0,46,115,2017,7,16,3,3,0,1,1,0,0,0,0,0,0,3.57016E+20,5.49162E+21,7.0228E+15,4.95603E+16
194685,,10,0,41,100,2017,7,20,3,3,0,1,1,0,0,0,0,0,0,3.56689E+20,5.45185E+21,7.03261E+15,4.92027E+16
194686,,10,0,41,100,2017,7,11,3,3,5,3,0,1,0,0,0,0,0,3.58664E+20,5.4565E+21,7.05807E+15,4.9245E+16
194687,,10,0,41,517,2017,7,14,2,3,0,1,0,0,0,1,0,0,0,3.49661E+20,5.46282E+21,6.93208E+15,4.92996E+16
194688,,10,0,41,519,2017,7,10,2,3,1,5,0,1,0,1,0,0,0,3.40432E+20,5.45418E+21,6.80866E+15,4.92196E+16
194689,,10,0,41,519,2017,7,7,2,3,2,6,0,0,0,1,1,0,0,3.44273E+20,5.45745E+21,6.86011E+15,4.925E+16
194690,,10,0,41,100,2017,7,14,2,3,6,7,0,1,1,0,0,0,0,3.53834E+20,5.45511E+21,6.99226E+15,4.92313E+16
194691,,10,0,41,516,2017,7,12,1,3,9,1,0,0,0,1,0,0,0,3.56317E+20,5.46878E+21,7.02142E+15,4.93548E+16
194692,,10,0,44,119,2017,7,13,7,1,9,1,0,0,0,1,0,0,0,3.323E+20,5.45912E+21,6.69502E+15,4.92619E+16
194693,,10,0,45,114,2017,7,10,6,3,2,6,0,1,0,0,1,0,0,3.79682E+20,5.46341E+21,7.34463E+15,4.93116E+16
194694,,10,0,43,114,2017,7,22,6,3,0,3,0,1,0,1,0,2,1,3.67625E+20,5.46798E+21,7.17732E+15,4.93501E+16
194695,,10,0,41,100,2017,7,19,6,3,6,7,0,1,1,0,0,0,0,3.50803E+20,5.4562E+21,6.95024E+15,4.92404E+16
194696,,10,0,41,100,2017,7,13,6,3,6,7,0,1,1,0,0,0,0,3.53933E+20,5.45601E+21,6.99329E+15,4.92394E+16
194697,,10,0,44,111,2017,7,11,5,3,0,1,1,0,0,0,0,0,0,3.34304E+20,5.46987E+21,6.71807E+15,4.9359E+16
194698,,10,0,43,114,2017,7,16,4,3,5,3,1,1,0,0,0,0,1,3.67708E+20,5.46775E+21,7.17854E+15,4.93481E+16
194699,,10,0,41,100,2017,7,19,4,3,0,7,1,0,0,1,0,0,0,3.56362E+20,5.45951E+21,7.02538E+15,4.92714E+16
194700,,10,0,41,100,2017,7,11,4,2,0,7,1,1,0,0,0,0,1,3.54083E+20,5.45582E+21,6.99542E+15,4.92378E+16
194701,,10,0,41,100,2017,7,9,4,3,5,7,1,1,0,0,0,0,0,3.55107E+20,5.4548E+21,7.00985E+15,4.92288E+16
194702,,10,0,45,112,2017,7,22,3,3,0,1,1,0,0,0,0,1,1,3.73246E+20,5.45515E+21,7.25875E+15,4.9236E+16
194703,,10,0,44,111,2017,7,9,3,2,1,3,1,1,0,0,0,0,0,3.34308E+20,5.46859E+21,6.71867E+15,4.93475E+16
194704,,10,0,44,115,2017,7,18,3,3,1,1,0,1,0,0,0,0,1,3.36837E+20,5.46516E+21,6.75487E+15,4.93173E+16
194705,,10,0,41,100,2017,7,15,3,3,2,2,0,1,0,0,1,0,0,3.56861E+20,5.4521E+21,7.03488E+15,4.9205E+16
194706,,10,0,41,100,2017,7,20,3,2,0,7,1,0,0,0,0,0,1,3.52404E+20,5.45651E+21,6.9721E+15,4.92436E+16
194707,,10,0,46,117,2017,7,16,2,3,2,6,0,1,0,0,0,0,0,3.66348E+20,5.47923E+21,7.15596E+15,4.9451E+16
194708,,10,0,46,117,2017,7,9,2,3,2,7,0,1,0,0,0,0,1,3.65058E+20,5.4811E+21,7.13753E+15,4.94676E+16
194709,,10,0,45,117,2017,7,11,2,2,5,3,1,1,0,0,0,0,0,3.64427E+20,5.45909E+21,7.13632E+15,4.92695E+16
194710,,10,0,43,114,2017,7,11,2,3,6,4,0,1,1,0,0,0,0,3.68039E+20,5.46655E+21,7.18348E+15,4.93374E+16
194711,,10,0,41,100,2017,7,18,2,3,1,5,0,1,0,0,0,0,0,3.585E+20,5.45946E+21,7.05477E+15,4.92715E+16
194712,,10,0,46,112,2017,7,17,1,2,0,1,0,0,0,1,0,0,1,3.6082E+20,5.47689E+21,7.08055E+15,4.94288E+16
194713,,10,0,41,511,2017,7,5,1,2,6,4,0,1,1,0,0,1,0,3.62452E+20,5.4666E+21,7.10661E+15,4.93366E+16
194714,,10,0,41,514,2017,7,9,7,3,1,6,0,1,0,0,0,0,0,3.5676E+20,5.44663E+21,7.03544E+15,4.91558E+16
194715,,10,0,41,514,2017,7,15,6,3,5,2,0,1,0,0,0,0,0,3.58745E+20,5.44212E+21,7.06424E+15,4.91156E+16
194716,,10,0,41,100,2017,7,23,6,3,1,5,0,1,0,0,0,2,0,3.55214E+20,5.45542E+21,7.01108E+15,4.92344E+16
194717,,10,0,41,100,2017,7,12,6,2,0,1,1,0,0,0,0,0,0,3.56122E+20,5.45528E+21,7.0236E+15,4.92333E+16
194718,,10,0,45,117,2017,7,17,5,3,1,6,0,1,0,1,0,0,0,3.63792E+20,5.46099E+21,7.12696E+15,4.92865E+16
194719,,10,0,41,518,2017,7,18,5,3,1,7,0,1,0,1,0,0,0,3.60432E+20,5.46432E+21,7.07961E+15,4.93157E+16
194720,,10,0,42,116,2017,7,15,4,3,0,1,1,0,0,1,0,0,0,3.50352E+20,5.49334E+21,6.93005E+15,4.95741E+16
194721,,10,0,43,111,2017,7,6,4,2,1,5,0,0,0,1,1,0,0,3.53117E+20,5.47503E+21,6.97509E+15,4.94102E+16
194722,,10,0,43,117,2017,7,13,4,3,5,3,0,1,0,1,0,0,0,3.6376E+20,5.46414E+21,7.12544E+15,4.93148E+16
194723,,10,0,43,114,2017,7,0,4,3,8,3,0,1,0,1,0,2,0,3.67956E+20,5.46825E+21,7.18179E+15,4.93527E+16
194724,,10,0,44,111,2017,7,14,4,3,3,2,1,1,0,0,0,0,0,3.35273E+20,5.46879E+21,6.73186E+15,4.93495E+16
194725,,10,0,44,111,2017,7,11,4,3,1,5,0,1,0,0,1,0,0,3.34126E+20,5.46905E+21,6.71597E+15,4.93516E+16
194726,,10,0,45,117,2017,7,7,3,3,0,4,0,1,1,0,0,0,0,3.66648E+20,5.45848E+21,7.16705E+15,4.92645E+16
194727,,10,0,43,114,2017,7,19,3,3,6,4,0,1,1,0,0,0,0,3.68164E+20,5.46635E+21,7.18528E+15,4.93356E+16
194728,,10,0,43,114,2017,7,12,3,2,9,1,0,1,0,0,0,0,0,3.71405E+20,5.46511E+21,7.23027E+15,4.93251E+16
194729,,10,0,43,114,2017,7,12,3,3,5,3,0,1,0,1,0,0,0,3.67318E+20,5.46733E+21,7.17331E+15,4.93442E+16
194730,,10,0,42,112,2017,7,18,2,2,4,5,0,1,0,1,0,0,0,3.39516E+20,5.48431E+21,6.78396E+15,4.94901E+16
194731,,10,0,45,117,2017,7,14,1,3,0,1,0,0,0,1,0,0,0,3.63424E+20,5.45938E+21,7.12245E+15,4.92719E+16
194732,,10,0,41,511,2017,7,6,1,2,8,1,0,1,0,0,0,0,1,3.596E+20,5.46502E+21,7.06793E+15,4.93217E+16
194733,,10,0,41,100,2017,7,3,1,3,6,4,0,1,1,0,0,2,1,3.53321E+20,5.45715E+21,6.98447E+15,4.92495E+16
194734,,10,0,43,114,2017,7,17,7,3,1,5,0,1,0,0,1,0,1,3.68983E+20,5.46802E+21,7.196E+15,4.93508E+16
194735,,10,0,45,117,2017,6,14,6,3,5,3,0,1,0,0,0,0,0,3.61974E+20,5.45841E+21,7.10286E+15,4.92629E+16
194736,,10,0,44,117,2017,6,14,5,3,0,7,1,0,0,0,1,0,0,3.43907E+20,5.47927E+21,6.84653E+15,4.9446E+16
194737,,10,0,41,519,2017,6,14,5,3,6,4,0,1,1,0,0,0,0,3.44066E+20,5.45755E+21,6.85723E+15,4.92508E+16
194738,,10,0,41,515,2017,6,14,4,3,4,6,0,1,0,0,1,0,1,3.46013E+20,5.46522E+21,6.881E+15,4.93203E+16
194739,,10,0,41,100,2017,6,17,4,3,5,3,1,1,0,0,0,0,0,3.50452E+20,5.45614E+21,6.94545E+15,4.92397E+16
194740,,10,0,44,117,2017,6,10,3,3,4,6,0,1,0,0,0,0,0,3.40104E+20,5.47847E+21,6.79443E+15,4.94378E+16
194741,,10,0,41,519,2017,6,7,3,3,0,1,1,0,0,0,0,0,1,3.44874E+20,5.45794E+21,6.86817E+15,4.92546E+16
194742,,10,0,45,114,2017,6,22,2,3,8,1,0,1,0,0,0,2,0,3.77963E+20,5.4664E+21,7.32008E+15,4.93381E+16
194743,,10,0,46,114,2017,6,14,2,3,1,5,0,1,0,0,0,0,0,3.60968E+20,5.49424E+21,7.07649E+15,4.95847E+16
194744,,10,0,41,100,2017,6,13,2,3,0,4,0,0,1,0,1,0,0,3.5769E+20,5.45781E+21,7.04422E+15,4.92565E+16
194745,,10,0,46,114,2017,6,15,1,2,0,1,1,0,0,0,0,0,0,3.57808E+20,5.49326E+21,7.03314E+15,4.95752E+16
194746,,10,0,43,114,2017,6,13,1,3,8,1,0,0,0,1,0,0,0,3.65082E+20,5.46586E+21,7.14304E+15,4.93306E+16
194747,,10,0,43,114,2017,6,19,7,3,0,1,1,0,0,0,0,0,0,3.6801E+20,5.46754E+21,7.18277E+15,4.93463E+16
194748,,10,0,44,118,2017,6,12,7,3,1,5,0,1,0,0,0,0,0,3.41417E+20,5.46358E+21,6.81846E+15,4.93044E+16
194749,,10,0,41,516,2017,6,14,7,3,6,7,0,1,1,0,0,0,0,3.5855E+20,5.46625E+21,7.05305E+15,4.93326E+16
194750,,10,0,45,114,2017,6,18,6,3,4,2,0,1,0,0,0,0,0,3.79112E+20,5.46591E+21,7.33604E+15,4.93339E+16
194751,,10,0,41,100,2017,6,16,6,3,8,1,0,1,0,0,0,0,0,3.50933E+20,5.45643E+21,6.95194E+15,4.92425E+16
194752,,10,0,41,100,2017,6,18,6,3,3,2,0,1,0,1,0,0,0,3.54445E+20,5.45438E+21,7.00091E+15,4.92249E+16
194753,,10,0,41,100,2017,6,7,6,3,6,6,0,1,1,0,0,0,0,3.551E+20,5.45686E+21,7.009E+15,4.92473E+16
194754,,10,0,43,117,2017,6,14,5,2,1,5,0,1,0,0,0,0,1,3.63771E+20,5.46415E+21,7.12559E+15,4.93149E+16
194755,,10,0,43,117,2017,6,13,5,3,1,1,1,1,0,0,0,0,0,3.64792E+20,5.46448E+21,7.13951E+15,4.93181E+16
194756,,10,0,41,100,2017,6,13,5,3,5,2,0,1,0,0,0,0,0,3.50771E+20,5.45654E+21,6.94967E+15,4.92434E+16
194757,,10,0,45,114,2017,6,8,4,3,5,3,1,1,0,0,0,0,0,3.80401E+20,5.46708E+21,7.35342E+15,4.93447E+16
194758,,10,0,42,115,2017,6,15,4,3,0,5,1,0,0,0,1,0,0,3.10604E+20,5.48331E+21,6.38562E+15,4.94728E+16
194759,,10,0,44,118,2017,6,11,4,3,5,5,0,1,0,0,0,0,0,3.41282E+20,5.46493E+21,6.81607E+15,4.93165E+16
194760,,10,0,41,100,2017,6,18,4,3,0,7,1,0,0,0,0,0,0,3.54757E+20,5.45581E+21,7.00466E+15,4.92378E+16
194761,,10,0,41,100,2017,6,16,4,3,0,7,1,1,0,0,0,0,0,3.54212E+20,5.45613E+21,6.99708E+15,4.92406E+16
194762,,10,0,45,112,2017,6,13,3,3,1,3,1,1,0,0,0,0,0,3.73821E+20,5.45519E+21,7.26662E+15,4.92365E+16
194763,,10,0,44,115,2017,6,17,3,3,4,2,0,1,0,1,0,0,0,3.3896E+20,5.46728E+21,6.7832E+15,4.9337E+16
194764,,10,0,41,517,2017,6,15,3,3,4,2,0,1,0,1,0,0,0,3.50461E+20,5.463E+21,6.94301E+15,4.93014E+16
194765,,10,0,41,519,2017,6,17,3,3,4,6,1,0,0,0,0,0,0,3.42795E+20,5.45788E+21,6.83964E+15,4.92535E+16
194766,,10,0,42,113,2017,6,21,2,3,8,7,0,1,0,0,0,2,0,3.30406E+20,5.48184E+21,6.65933E+15,4.94655E+16
194767,,10,0,42,113,2017,6,6,2,2,1,5,0,1,0,1,0,0,0,3.30464E+20,5.48028E+21,6.6608E+15,4.94515E+16
194768,,10,0,43,112,2017,6,16,2,3,4,6,1,1,0,0,0,0,0,3.61529E+20,5.47335E+21,7.09157E+15,4.9397E+16
194769,,10,0,41,100,2017,6,11,2,3,5,3,1,1,0,0,0,0,0,3.58101E+20,5.4524E+21,7.05179E+15,4.92079E+16
194770,,10,0,41,100,2017,6,15,2,3,0,6,1,1,0,0,0,0,0,3.54806E+20,5.45538E+21,7.0055E+15,4.92339E+16
194771,,10,0,45,117,2017,6,18,1,3,1,6,0,1,0,0,0,0,0,3.62706E+20,5.45989E+21,7.11241E+15,4.92763E+16
194772,,10,0,44,115,2017,6,17,1,3,2,6,1,0,0,0,1,0,0,3.36068E+20,5.46443E+21,6.74459E+15,4.93106E+16
194773,,10,0,46,118,2017,6,16,7,2,0,7,0,1,0,0,1,0,0,3.58026E+20,5.48275E+21,7.03995E+15,4.94808E+16
194774,,10,0,46,112,2017,6,15,7,3,0,1,1,0,0,0,0,0,0,3.60356E+20,5.48129E+21,7.07261E+15,4.94682E+16
194775,,10,0,46,117,2017,6,11,7,3,1,5,0,1,0,0,0,0,0,3.65591E+20,5.48079E+21,7.145E+15,4.94648E+16
194776,,10,0,45,112,2017,6,2,7,3,8,1,0,1,0,0,0,2,0,3.69365E+20,5.45287E+21,7.20621E+15,4.92147E+16
194777,,10,0,43,114,2017,6,15,7,3,9,1,1,0,0,0,0,0,0,3.67554E+20,5.46928E+21,7.17591E+15,4.93618E+16
194778,,10,0,41,100,2017,6,20,7,3,0,1,0,0,0,1,0,0,0,3.50446E+20,5.45619E+21,6.94534E+15,4.92402E+16
194779,,10,0,45,111,2017,6,16,6,3,4,2,1,1,0,0,0,0,0,3.73638E+20,5.4694E+21,7.25962E+15,4.93642E+16
194780,,10,0,44,111,2017,6,12,6,2,6,4,0,1,1,0,0,0,0,3.35598E+20,5.47E+21,6.73583E+15,4.93605E+16
194781,,10,0,44,118,2017,6,13,5,3,0,1,1,0,0,0,0,0,0,3.40822E+20,5.46428E+21,6.81001E+15,4.93105E+16
194782,,10,0,41,519,2017,6,22,4,3,0,5,0,1,0,0,0,2,0,3.44192E+20,5.45745E+21,6.859E+15,4.925E+16
194783,,10,0,44,115,2017,6,12,3,3,1,2,0,1,0,0,0,0,0,3.36414E+20,5.46605E+21,6.74868E+15,4.93253E+16
194784,,10,0,45,117,2017,6,19,2,3,1,6,0,1,0,1,0,0,0,3.621E+20,5.45887E+21,7.10444E+15,4.92671E+16
194785,,10,0,43,114,2017,6,12,2,3,6,7,0,1,1,0,0,0,0,3.67686E+20,5.46778E+21,7.17822E+15,4.93484E+16
194786,,10,0,41,517,2017,6,11,1,3,1,5,0,1,0,0,0,0,0,3.49779E+20,5.46269E+21,6.93374E+15,4.92985E+16
194787,,10,0,43,114,2017,6,11,7,3,1,5,0,1,0,0,0,0,0,3.68799E+20,5.468E+21,7.19347E+15,4.93506E+16
194788,,10,0,41,100,2017,6,5,7,3,9,1,0,1,0,0,1,0,0,3.48896E+20,5.45538E+21,6.92437E+15,4.92326E+16
194789,,10,0,43,116,2017,6,17,6,3,4,1,0,1,0,0,0,0,1,3.62951E+20,5.46924E+21,7.11257E+15,4.93604E+16
194790,,10,0,41,100,2017,6,19,6,3,4,1,0,1,0,0,0,0,0,3.52367E+20,5.45797E+21,6.97106E+15,4.92566E+16
194791,,10,0,41,100,2017,6,13,6,3,1,7,1,1,0,0,0,0,1,3.55261E+20,5.4536E+21,7.01239E+15,4.92181E+16
194792,,10,0,45,114,2017,6,21,5,3,6,4,0,1,1,0,0,1,0,3.78301E+20,5.46546E+21,7.32502E+15,4.93297E+16
194793,,10,0,42,116,2017,6,18,5,3,2,6,0,1,0,0,0,0,0,3.47696E+20,5.48903E+21,6.89501E+15,4.95347E+16
194794,,10,0,43,117,2017,6,17,5,3,5,2,0,1,0,0,0,0,0,3.64774E+20,5.46376E+21,7.13952E+15,4.93116E+16
194795,,10,0,41,100,2017,6,15,5,3,1,5,0,1,0,1,0,0,0,3.57245E+20,5.4528E+21,7.03991E+15,4.92113E+16
194796,,10,0,44,115,2017,6,16,4,3,2,5,0,1,0,0,0,0,0,3.3667E+20,5.46637E+21,6.75207E+15,4.93282E+16
194797,,10,0,41,514,2017,6,18,4,3,0,1,1,1,0,0,0,0,0,3.584E+20,5.44202E+21,7.05954E+15,4.91147E+16
194798,,10,0,41,100,2017,6,16,3,3,0,5,1,1,0,0,0,0,0,3.55738E+20,5.45652E+21,7.01788E+15,4.92444E+16
194799,,10,0,41,100,2017,6,12,3,2,0,1,1,0,0,0,0,0,0,3.54765E+20,5.45582E+21,7.00478E+15,4.92379E+16
194800,,10,0,41,100,2017,6,12,3,2,4,6,0,1,0,0,1,0,0,3.55764E+20,5.45426E+21,7.01906E+15,4.92241E+16
194801,,10,0,42,113,2017,6,0,2,2,0,7,1,0,0,0,0,2,0,3.29054E+20,5.48E+21,6.64148E+15,4.94486E+16
194802,,10,0,41,513,2017,6,11,2,3,1,1,0,1,1,0,0,0,0,3.48731E+20,5.46691E+21,6.91775E+15,4.93361E+16
194803,,10,0,41,100,2017,6,13,2,2,5,2,0,1,0,1,0,0,0,3.55925E+20,5.4525E+21,7.0219E+15,4.92083E+16
194804,,10,0,41,100,2017,6,19,1,3,7,1,0,1,0,0,0,0,0,3.56751E+20,5.45495E+21,7.03235E+15,4.92306E+16
194805,,10,0,45,114,2017,6,13,7,2,1,5,0,1,0,1,0,0,0,3.78465E+20,5.46611E+21,7.32707E+15,4.93356E+16
194806,,10,0,41,100,2017,6,23,7,3,6,7,0,1,1,0,0,2,0,3.54373E+20,5.45528E+21,6.9996E+15,4.9233E+16
194807,,10,0,45,117,2017,6,8,6,3,6,2,0,1,1,0,0,0,0,3.63819E+20,5.45969E+21,7.12778E+15,4.92748E+16
194808,,10,0,42,113,2017,6,21,6,3,2,6,0,1,0,1,0,0,0,3.2871E+20,5.47995E+21,6.63676E+15,4.9448E+16
194809,,10,0,44,115,2017,6,15,6,2,1,6,0,1,0,0,0,0,0,3.38089E+20,5.46599E+21,6.77174E+15,4.93251E+16
194810,,10,0,41,515,2017,6,15,6,3,1,5,0,1,0,0,0,0,1,3.48238E+20,5.46066E+21,6.91334E+15,4.92798E+16
194811,,10,0,41,511,2017,6,14,6,3,5,3,0,1,0,0,0,0,0,3.61614E+20,5.46492E+21,7.09566E+15,4.93213E+16
194812,,10,0,41,512,2017,6,18,6,2,9,7,0,1,0,0,0,0,0,3.4268E+20,5.45183E+21,6.84044E+15,4.91991E+16
194813,,10,0,45,117,2017,6,18,5,3,1,7,1,1,0,0,0,0,0,3.62829E+20,5.46019E+21,7.114E+15,4.92791E+16
194814,,10,0,43,111,2017,6,7,5,3,4,5,0,1,0,0,0,0,0,3.51098E+20,5.4746E+21,6.94742E+15,4.94058E+16
194815,,10,0,41,519,2017,6,13,5,2,6,4,0,1,1,0,0,0,0,3.4416E+20,5.45745E+21,6.85855E+15,4.925E+16
194816,,10,0,45,114,2017,5,16,4,2,6,4,0,1,1,0,0,0,0,3.78834E+20,5.4674E+21,7.33176E+15,4.93473E+16
194817,,10,0,42,116,2017,5,12,4,3,1,6,1,1,0,0,0,0,0,3.4352E+20,5.4837E+21,6.83945E+15,4.94858E+16
194818,,10,0,44,115,2017,5,6,4,3,0,7,0,0,0,0,1,0,0,3.3664E+20,5.46456E+21,6.7524E+15,4.93119E+16
194819,,10,0,41,100,2017,5,9,4,2,5,3,1,1,0,0,0,0,0,3.57126E+20,5.45762E+21,7.03655E+15,4.92547E+16
194820,,10,0,41,100,2017,5,12,4,3,0,1,1,0,0,0,0,0,0,3.51787E+20,5.45806E+21,6.96307E+15,4.92573E+16
194821,,10,0,42,115,2017,5,10,3,2,5,3,0,1,0,0,1,0,0,3.1048E+20,5.48313E+21,6.38399E+15,4.94712E+16
194822,,10,0,44,117,2017,5,17,3,3,5,3,0,1,0,0,0,0,0,3.44644E+20,5.47856E+21,6.85697E+15,4.94398E+16
194823,,10,0,44,115,2017,5,15,3,3,0,7,1,0,0,0,0,0,0,3.36147E+20,5.46352E+21,6.74605E+15,4.93024E+16
194824,,10,0,44,115,2017,5,10,3,3,0,7,0,0,0,0,1,0,0,3.36244E+20,5.46482E+21,6.74684E+15,4.93141E+16
194825,,10,0,41,519,2017,5,9,3,3,0,7,0,0,1,0,1,0,0,3.43805E+20,5.45757E+21,6.85364E+15,4.9251E+16
194826,,10,0,41,100,2017,5,13,3,2,6,4,0,1,1,0,0,0,0,3.50513E+20,5.45619E+21,6.94627E+15,4.92402E+16
194827,,10,0,44,112,2017,5,9,2,3,2,7,0,1,0,0,0,0,0,3.48363E+20,5.47504E+21,6.90958E+15,4.94091E+16
194828,,10,0,44,112,2017,5,7,2,3,6,4,0,1,1,0,0,0,0,3.48389E+20,5.47516E+21,6.90989E+15,4.94102E+16
194829,,10,0,44,116,2017,5,6,2,2,4,2,0,1,0,1,0,1,0,3.38705E+20,5.47042E+21,6.77841E+15,4.93652E+16
194830,,10,0,42,116,2017,5,19,1,3,1,7,0,1,0,0,0,0,0,3.4709E+20,5.48938E+21,6.8865E+15,4.95377E+16
194831,,10,0,41,516,2017,5,4,1,3,8,1,0,1,0,0,0,2,0,3.58333E+20,5.4647E+21,7.05062E+15,4.93186E+16
194832,,10,0,41,100,2017,5,18,1,3,4,6,0,1,0,0,0,0,0,3.53547E+20,5.4547E+21,6.98847E+15,4.92276E+16
194833,,10,0,42,113,2017,5,20,7,2,5,3,1,1,0,0,0,0,0,3.28712E+20,5.47982E+21,6.63685E+15,4.94468E+16
194834,,10,0,41,519,2017,5,20,7,2,9,1,0,0,0,1,0,0,0,3.40976E+20,5.45472E+21,6.81592E+15,4.92246E+16
194835,,10,0,46,116,2017,5,12,6,3,5,3,0,1,0,0,0,0,0,3.61494E+20,5.48641E+21,7.08652E+15,4.95145E+16
194836,,10,0,44,115,2017,5,23,6,2,5,3,0,1,0,1,0,2,0,3.35204E+20,5.4643E+21,6.73276E+15,4.93092E+16
194837,,10,0,44,121,2017,5,20,6,3,9,5,0,1,0,0,0,0,0,3.34167E+20,5.46622E+21,6.71771E+15,4.93261E+16
194838,,10,0,41,100,2017,5,8,6,3,3,6,0,1,0,1,0,0,0,3.53717E+20,5.45541E+21,6.99053E+15,4.9234E+16
194839,,10,0,45,117,2017,5,15,5,3,0,1,1,0,0,0,0,0,0,3.63106E+20,5.46029E+21,7.11776E+15,4.92801E+16
194840,,10,0,44,114,2017,5,22,5,3,2,2,1,1,0,0,0,2,0,3.31596E+20,5.47214E+21,6.67986E+15,4.93787E+16
194841,,10,0,42,117,2017,5,17,4,2,0,1,0,0,0,1,0,0,0,3.42837E+20,5.48896E+21,6.82794E+15,4.95328E+16
194842,,10,0,42,113,2017,5,16,4,3,1,6,1,1,0,0,0,0,0,3.28982E+20,5.47959E+21,6.64067E+15,4.94449E+16
194843,,10,0,41,100,2017,5,11,4,3,2,6,0,1,0,0,0,0,0,3.54747E+20,5.45625E+21,7.00437E+15,4.92417E+16
194844,,10,0,45,114,2017,5,13,3,2,6,4,0,1,1,0,0,0,0,3.79128E+20,5.46429E+21,7.33675E+15,4.93193E+16
194845,,10,0,44,115,2017,5,15,3,2,0,7,1,0,0,0,0,0,0,3.36496E+20,5.46475E+21,6.75035E+15,4.93136E+16
194846,,10,0,43,112,2017,5,17,2,3,1,2,0,1,0,1,0,0,0,3.58238E+20,5.47079E+21,7.04715E+15,4.93733E+16
194847,,10,0,43,111,2017,5,16,1,3,1,7,0,1,1,0,0,0,0,3.53443E+20,5.47066E+21,6.98118E+15,4.9371E+16
194848,,10,0,44,123,2017,5,12,1,3,7,1,0,0,0,1,0,0,0,3.38503E+20,5.46418E+21,6.77816E+15,4.9309E+16
194849,,10,0,41,100,2017,5,17,1,3,0,1,1,0,0,0,0,0,0,3.49556E+20,5.45652E+21,6.933E+15,4.92429E+16
194850,,10,0,41,100,2017,5,11,1,3,2,6,0,1,0,0,0,0,0,3.55392E+20,5.45379E+21,7.01411E+15,4.92198E+16
194851,,10,0,41,100,2017,5,20,1,3,6,4,0,1,1,0,0,0,0,3.54017E+20,5.45558E+21,6.9946E+15,4.92356E+16
194852,,10,0,41,100,2017,5,12,7,2,5,3,0,1,0,1,0,0,0,3.55178E+20,5.45355E+21,7.01126E+15,4.92176E+16
194853,,10,0,45,117,2017,5,9,6,3,5,3,0,1,0,0,1,0,1,3.63925E+20,5.45943E+21,7.12932E+15,4.92725E+16
194854,,10,0,45,114,2017,5,18,6,3,5,3,0,1,0,1,0,0,1,3.78895E+20,5.46329E+21,7.33384E+15,4.93104E+16
194855,,10,0,44,123,2017,5,12,6,3,0,1,0,0,0,1,0,0,1,3.38815E+20,5.46163E+21,6.78348E+15,4.92861E+16
194856,,10,0,41,100,2017,8,17,4,3,1,7,0,0,0,1,1,0,0,3.54787E+20,5.45596E+21,7.00503E+15,4.92391E+16
194857,,10,0,45,117,2017,11,23,4,2,0,1,1,0,0,0,0,2,0,3.62932E+20,5.46048E+21,7.11531E+15,4.92817E+16